TITLE = "2D Linear Advection"
VARIABLES = "x" "y" "u"
ZONE I=102, J=102, F=POINT
4.901961e-03 4.901961e-03 3.332053e-11
1.470588e-02 4.901961e-03 -4.471554e-11
2.450980e-02 4.901961e-03 -2.664128e-11
3.431373e-02 4.901961e-03 4.759217e-11
4.411765e-02 4.901961e-03 3.589515e-11
5.392157e-02 4.901961e-03 -4.086836e-11
6.372549e-02 4.901961e-03 -4.602673e-11
7.352941e-02 4.901961e-03 2.868168e-11
8.333333e-02 4.901961e-03 5.688876e-11
9.313725e-02 4.901961e-03 -7.212702e-12
1.029412e-01 4.901961e-03 -6.141268e-11
1.127451e-01 4.901961e-03 -2.260401e-11
1.225490e-01 4.901961e-03 5.080566e-11
1.323529e-01 4.901961e-03 5.310537e-11
1.421569e-01 4.901961e-03 -1.824247e-11
1.519608e-01 4.901961e-03 -6.714305e-11
1.617647e-01 4.901961e-03 -3.088931e-11
1.715686e-01 4.901961e-03 4.470632e-11
1.813725e-01 4.901961e-03 6.939068e-11
1.911765e-01 4.901961e-03 1.573633e-11
2.009804e-01 4.901961e-03 -5.679046e-11
2.107843e-01 4.901961e-03 -7.262806e-11
2.205882e-01 4.901961e-03 -1.706896e-11
2.303922e-01 4.901961e-03 5.650388e-11
2.401961e-01 4.901961e-03 8.245098e-11
2.500000e-01 4.901961e-03 4.009927e-11
2.598039e-01 4.901961e-03 -3.559399e-11
2.696078e-01 4.901961e-03 -8.805059e-11
2.794118e-01 4.901961e-03 -8.206120e-11
2.892157e-01 4.901961e-03 -2.341983e-11
2.990196e-01 4.901961e-03 5.169001e-11
3.088235e-01 4.901961e-03 1.026975e-10
3.186275e-01 4.901961e-03 1.064543e-10
3.284314e-01 4.901961e-03 6.422127e-11
3.382353e-01 4.901961e-03 -4.968371e-12
3.480392e-01 4.901961e-03 -7.670887e-11
3.578431e-01 4.901961e-03 -1.316164e-10
3.676471e-01 4.901961e-03 -1.599459e-10
3.774510e-01 4.901961e-03 -1.610153e-10
3.872549e-01 4.901961e-03 -1.407084e-10
3.970588e-01 4.901961e-03 -1.108599e-10
4.068627e-01 4.901961e-03 -9.258987e-11
4.166667e-01 4.901961e-03 -1.210051e-10
4.264706e-01 4.901961e-03 -2.399393e-10
4.362745e-01 4.901961e-03 -4.624015e-10
4.460784e-01 4.901961e-03 -6.575268e-10
4.558824e-01 4.901961e-03 -3.156488e-10
4.656863e-01 4.901961e-03 1.851055e-09
4.754902e-01 4.901961e-03 8.479778e-09
4.852941e-01 4.901961e-03 2.424628e-08
4.950980e-01 4.901961e-03 5.652174e-08
5.049020e-01 4.901961e-03 1.157771e-07
5.147059e-01 4.901961e-03 2.154305e-07
5.245098e-01 4.901961e-03 3.709337e-07
5.343137e-01 4.901961e-03 5.978806e-07
5.441176e-01 4.901961e-03 9.094042e-07
5.539216e-01 4.901961e-03 1.312906e-06
5.637255e-01 4.901961e-03 1.807248e-06
5.735294e-01 4.901961e-03 2.380203e-06
5.833333e-01 4.901961e-03 3.008266e-06
5.931373e-01 4.901961e-03 3.657020e-06
6.029412e-01 4.901961e-03 4.285303e-06
6.127451e-01 4.901961e-03 4.848373e-06
6.225490e-01 4.901961e-03 5.305015e-06
6.323529e-01 4.901961e-03 5.620829e-06
6.421569e-01 4.901961e-03 5.774275e-06
6.519608e-01 4.901961e-03 5.757453e-06
6.617647e-01 4.901961e-03 5.577384e-06
6.715686e-01 4.901961e-03 5.254152e-06
6.813725e-01 4.901961e-03 4.816997e-06
6.911765e-01 4.901961e-03 4.301423e-06
7.009804e-01 4.901961e-03 3.743655e-06
7.107843e-01 4.901961e-03 3.177640e-06
7.205882e-01 4.901961e-03 2.632313e-06
7.303922e-01 4.901961e-03 2.129091e-06
7.401961e-01 4.901961e-03 1.682421e-06
7.500000e-01 4.901961e-03 1.299587e-06
7.598039e-01 4.901961e-03 9.815837e-07
7.696078e-01 4.901961e-03 7.254043e-07
7.794118e-01 4.901961e-03 5.247735e-07
7.892157e-01 4.901961e-03 3.716177e-07
7.990196e-01 4.901961e-03 2.578314e-07
8.088235e-01 4.901961e-03 1.753536e-07
8.186275e-01 4.901961e-03 1.168061e-07
8.284314e-01 4.901961e-03 7.632394e-08
8.382353e-01 4.901961e-03 4.899468e-08
8.480392e-01 4.901961e-03 3.077976e-08
8.578431e-01 4.901961e-03 1.896366e-08
8.676471e-01 4.901961e-03 1.155818e-08
8.774510e-01 4.901961e-03 6.881251e-09
8.872549e-01 4.901961e-03 3.960777e-09
8.970588e-01 4.901961e-03 2.306343e-09
9.068627e-01 4.901961e-03 1.351029e-09
9.166667e-01 4.901961e-03 7.002997e-10
9.264706e-01 4.901961e-03 3.516444e-10
9.362745e-01 4.901961e-03 2.472819e-10
9.460784e-01 4.901961e-03 1.461490e-10
9.558824e-01 4.901961e-03 1.479017e-11
9.656863e-01 4.901961e-03 1.583841e-12
9.754902e-01 4.901961e-03 6.213374e-11
9.852941e-01 4.901961e-03 3.332053e-11
9.950980e-01 4.901961e-03 -4.471554e-11
4.901961e-03 1.470588e-02 -4.471554e-11
1.470588e-02 1.470588e-02 6.132130e-11
2.450980e-02 1.470588e-02 3.584543e-11
3.431373e-02 1.470588e-02 -6.517396e-11
4.411765e-02 1.470588e-02 -4.844040e-11
5.392157e-02 1.470588e-02 5.611453e-11
6.372549e-02 1.470588e-02 6.234391e-11
7.352941e-02 1.470588e-02 -3.959671e-11
8.333333e-02 1.470588e-02 -7.729307e-11
9.313725e-02 1.470588e-02 1.041597e-11
1.029412e-01 1.470588e-02 8.367803e-11
1.127451e-01 1.470588e-02 3.021475e-11
1.225490e-01 1.470588e-02 -6.949092e-11
1.323529e-01 1.470588e-02 -7.190830e-11
1.421569e-01 1.470588e-02 2.536349e-11
1.519608e-01 1.470588e-02 9.132744e-11
1.617647e-01 1.470588e-02 4.147758e-11
1.715686e-01 1.470588e-02 -6.116104e-11
1.813725e-01 1.470588e-02 -9.409723e-11
1.911765e-01 1.470588e-02 -2.084085e-11
2.009804e-01 1.470588e-02 7.739712e-11
2.107843e-01 1.470588e-02 9.833535e-11
2.205882e-01 1.470588e-02 2.265642e-11
2.303922e-01 1.470588e-02 -7.690622e-11
2.401961e-01 1.470588e-02 -1.115919e-10
2.500000e-01 1.470588e-02 -5.388420e-11
2.598039e-01 1.470588e-02 4.854978e-11
2.696078e-01 1.470588e-02 1.191831e-10
2.794118e-01 1.470588e-02 1.107056e-10
2.892157e-01 1.470588e-02 3.127567e-11
2.990196e-01 1.470588e-02 -7.008154e-11
3.088235e-01 1.470588e-02 -1.386655e-10
3.186275e-01 1.470588e-02 -1.434442e-10
3.284314e-01 1.470588e-02 -8.632081e-11
3.382353e-01 1.470588e-02 6.936325e-12
3.480392e-01 1.470588e-02 1.034432e-10
3.578431e-01 1.470588e-02 1.771710e-10
3.676471e-01 1.470588e-02 2.150961e-10
3.774510e-01 1.470588e-02 2.163570e-10
3.872549e-01 1.470588e-02 1.888467e-10
3.970588e-01 1.470588e-02 1.483779e-10
4.068627e-01 1.470588e-02 1.232413e-10
4.166667e-01 1.470588e-02 1.607387e-10
4.264706e-01 1.470588e-02 3.205226e-10
4.362745e-01 1.470588e-02 6.220500e-10
4.460784e-01 1.470588e-02 8.933657e-10
4.558824e-01 1.470588e-02 4.559701e-10
4.656863e-01 1.470588e-02 -2.411742e-09
4.754902e-01 1.470588e-02 -1.124279e-08
4.852941e-01 1.470588e-02 -3.230946e-08
4.950980e-01 1.470588e-02 -7.550837e-08
5.049020e-01 1.470588e-02 -1.549066e-07
5.147059e-01 1.470588e-02 -2.885385e-07
5.245098e-01 1.470588e-02 -4.971785e-07
5.343137e-01 1.470588e-02 -8.017973e-07
5.441176e-01 1.470588e-02 -1.220060e-06
5.539216e-01 1.470588e-02 -1.761927e-06
5.637255e-01 1.470588e-02 -2.425873e-06
5.735294e-01 1.470588e-02 -3.195463e-06
5.833333e-01 1.470588e-02 -4.039096e-06
5.931373e-01 1.470588e-02 -4.910503e-06
6.029412e-01 1.470588e-02 -5.754350e-06
6.127451e-01 1.470588e-02 -6.510504e-06
6.225490e-01 1.470588e-02 -7.123589e-06
6.323529e-01 1.470588e-02 -7.547400e-06
6.421569e-01 1.470588e-02 -7.753035e-06
6.519608e-01 1.470588e-02 -7.729927e-06
6.617647e-01 1.470588e-02 -7.487566e-06
6.715686e-01 1.470588e-02 -7.052986e-06
6.813725e-01 1.470588e-02 -6.465512e-06
6.911765e-01 1.470588e-02 -5.772863e-06
7.009804e-01 1.470588e-02 -5.023707e-06
7.107843e-01 1.470588e-02 -4.263636e-06
7.205882e-01 1.470588e-02 -3.531489e-06
7.303922e-01 1.470588e-02 -2.855996e-06
7.401961e-01 1.470588e-02 -2.256522e-06
7.500000e-01 1.470588e-02 -1.742814e-06
7.598039e-01 1.470588e-02 -1.316172e-06
7.696078e-01 1.470588e-02 -9.725344e-07
7.794118e-01 1.470588e-02 -7.034551e-07
7.892157e-01 1.470588e-02 -4.980800e-07
7.990196e-01 1.470588e-02 -3.455246e-07
8.088235e-01 1.470588e-02 -2.349632e-07
8.186275e-01 1.470588e-02 -1.564905e-07
8.284314e-01 1.470588e-02 -1.022415e-07
8.382353e-01 1.470588e-02 -6.562462e-08
8.480392e-01 1.470588e-02 -4.122067e-08
8.578431e-01 1.470588e-02 -2.539297e-08
8.676471e-01 1.470588e-02 -1.547652e-08
8.774510e-01 1.470588e-02 -9.212438e-09
8.872549e-01 1.470588e-02 -5.300760e-09
8.970588e-01 1.470588e-02 -3.087571e-09
9.068627e-01 1.470588e-02 -1.809206e-09
9.166667e-01 1.470588e-02 -9.361694e-10
9.264706e-01 1.470588e-02 -4.698283e-10
9.362745e-01 1.470588e-02 -3.321499e-10
9.460784e-01 1.470588e-02 -1.959687e-10
9.558824e-01 1.470588e-02 -1.838187e-11
9.656863e-01 1.470588e-02 -1.900780e-12
9.754902e-01 1.470588e-02 -8.459271e-11
9.852941e-01 1.470588e-02 -4.471554e-11
9.950980e-01 1.470588e-02 6.132130e-11
4.901961e-03 2.450980e-02 -2.664128e-11
1.470588e-02 2.450980e-02 3.584543e-11
2.450980e-02 2.450980e-02 2.125372e-11
3.431373e-02 2.450980e-02 -3.817664e-11
4.411765e-02 2.450980e-02 -2.868227e-11
5.392157e-02 2.450980e-02 3.280218e-11
6.372549e-02 2.450980e-02 3.681281e-11
7.352941e-02 2.450980e-02 -2.305970e-11
8.333333e-02 2.450980e-02 -4.554503e-11
9.313725e-02 2.450980e-02 5.872771e-12
1.029412e-01 2.450980e-02 4.921484e-11
1.127451e-01 2.450980e-02 1.802258e-11
1.225490e-01 2.450980e-02 -4.076818e-11
1.323529e-01 2.450980e-02 -4.250114e-11
1.421569e-01 2.450980e-02 1.471097e-11
1.519608e-01 2.450980e-02 5.382021e-11
1.617647e-01 2.450980e-02 2.467438e-11
1.715686e-01 2.450980e-02 -3.590841e-11
1.813725e-01 2.450980e-02 -5.560469e-11
1.911765e-01 2.450980e-02 -1.252631e-11
2.009804e-01 2.450980e-02 4.559492e-11
2.107843e-01 2.450980e-02 5.821010e-11
2.205882e-01 2.450980e-02 1.360181e-11
2.303922e-01 2.450980e-02 -4.538230e-11
2.401961e-01 2.450980e-02 -6.612399e-11
2.500000e-01 2.450980e-02 -3.209429e-11
2.598039e-01 2.450980e-02 2.863374e-11
2.696078e-01 2.450980e-02 7.067728e-11
2.794118e-01 2.450980e-02 6.581582e-11
2.892157e-01 2.450980e-02 1.872351e-11
2.990196e-01 2.450980e-02 -4.155600e-11
3.088235e-01 2.450980e-02 -8.247028e-11
3.186275e-01 2.450980e-02 -8.545144e-11
3.284314e-01 2.450980e-02 -5.151807e-11
3.382353e-01 2.450980e-02 4.050361e-12
3.480392e-01 2.450980e-02 6.166259e-11
3.578431e-01 2.450980e-02 1.057567e-10
3.676471e-01 2.450980e-02 1.285060e-10
3.774510e-01 2.450980e-02 1.293600e-10
3.872549e-01 2.450980e-02 1.130474e-10
3.970588e-01 2.450980e-02 8.909168e-11
4.068627e-01 2.450980e-02 7.449667e-11
4.166667e-01 2.450980e-02 9.751213e-11
4.264706e-01 2.450980e-02 1.933604e-10
4.362745e-01 2.450980e-02 3.723524e-10
4.460784e-01 2.450980e-02 5.288738e-10
4.558824e-01 2.450980e-02 2.523800e-10
4.656863e-01 2.450980e-02 -1.493746e-09
4.754902e-01 2.450980e-02 -6.831353e-09
4.852941e-01 2.450980e-02 -1.952130e-08
4.950980e-01 2.450980e-02 -4.549093e-08
5.049020e-01 2.450980e-02 -9.315836e-08
5.147059e-01 2.450980e-02 -1.733089e-07
5.245098e-01 2.450980e-02 -2.983601e-07
5.343137e-01 2.450980e-02 -4.808408e-07
5.441176e-01 2.450980e-02 -7.312991e-07
5.539216e-01 2.450980e-02 -1.055675e-06
5.637255e-01 2.450980e-02 -1.453043e-06
5.735294e-01 2.450980e-02 -1.913568e-06
5.833333e-01 2.450980e-02 -2.418353e-06
5.931373e-01 2.450980e-02 -2.939736e-06
6.029412e-01 2.450980e-02 -3.444637e-06
6.127451e-01 2.450980e-02 -3.897103e-06
6.225490e-01 2.450980e-02 -4.264021e-06
6.323529e-01 2.450980e-02 -4.517754e-06
6.421569e-01 2.450980e-02 -4.641001e-06
6.519608e-01 2.450980e-02 -4.627418e-06
6.617647e-01 2.450980e-02 -4.482655e-06
6.715686e-01 2.450980e-02 -4.222850e-06
6.813725e-01 2.450980e-02 -3.871505e-06
6.911765e-01 2.450980e-02 -3.457146e-06
7.009804e-01 2.450980e-02 -3.008883e-06
7.107843e-01 2.450980e-02 -2.553994e-06
7.205882e-01 2.450980e-02 -2.115729e-06
7.303922e-01 2.450980e-02 -1.711298e-06
7.401961e-01 2.450980e-02 -1.352311e-06
7.500000e-01 2.450980e-02 -1.044622e-06
7.598039e-01 2.450980e-02 -7.890321e-07
7.696078e-01 2.450980e-02 -5.831261e-07
7.794118e-01 2.450980e-02 -4.218620e-07
7.892157e-01 2.450980e-02 -2.987533e-07
7.990196e-01 2.450980e-02 -2.072867e-07
8.088235e-01 2.450980e-02 -1.409842e-07
8.186275e-01 2.450980e-02 -9.391686e-08
8.284314e-01 2.450980e-02 -6.137093e-08
8.382353e-01 2.450980e-02 -3.939790e-08
8.480392e-01 2.450980e-02 -2.475231e-08
8.578431e-01 2.450980e-02 -1.525124e-08
8.676471e-01 2.450980e-02 -9.295938e-09
8.774510e-01 2.450980e-02 -5.534685e-09
8.872549e-01 2.450980e-02 -3.186156e-09
8.970588e-01 2.450980e-02 -1.855409e-09
9.068627e-01 2.450980e-02 -1.086731e-09
9.166667e-01 2.450980e-02 -5.634483e-10
9.264706e-01 2.450980e-02 -2.831473e-10
9.362745e-01 2.450980e-02 -1.989215e-10
9.460784e-01 2.450980e-02 -1.174246e-10
9.558824e-01 2.450980e-02 -1.202058e-11
9.656863e-01 2.450980e-02 -1.459612e-12
9.754902e-01 2.450980e-02 -4.987206e-11
9.852941e-01 2.450980e-02 -2.664128e-11
9.950980e-01 2.450980e-02 3.584543e-11
4.901961e-03 3.431373e-02 4.759217e-11
1.470588e-02 3.431373e-02 -6.517396e-11
2.450980e-02 3.431373e-02 -3.817664e-11
3.431373e-02 3.431373e-02 6.925556e-11
4.411765e-02 3.431373e-02 5.155954e-11
5.392157e-02 3.431373e-02 -5.961354e-11
6.372549e-02 3.431373e-02 -6.633119e-11
7.352941e-02 3.431373e-02 4.203725e-11
8.333333e-02 3.431373e-02 8.220277e-11
9.313725e-02 3.431373e-02 -1.100200e-11
1.029412e-01 3.431373e-02 -8.895855e-11
1.127451e-01 3.431373e-02 -3.219189e-11
1.225490e-01 3.431373e-02 7.383703e-11
1.323529e-01 3.431373e-02 7.649162e-11
1.421569e-01 3.431373e-02 -2.689563e-11
1.519608e-01 3.431373e-02 -9.708663e-11
1.617647e-01 3.431373e-02 -4.415895e-11
1.715686e-01 3.431373e-02 6.496487e-11
1.813725e-01 3.431373e-02 1.000491e-10
1.911765e-01 3.431373e-02 2.222269e-11
2.009804e-01 3.431373e-02 -8.223012e-11
2.107843e-01 3.431373e-02 -1.045527e-10
2.205882e-01 3.431373e-02 -2.414816e-11
2.303922e-01 3.431373e-02 8.170049e-11
2.401961e-01 3.431373e-02 1.186237e-10
2.500000e-01 3.431373e-02 5.732880e-11
2.598039e-01 3.431373e-02 -5.154601e-11
2.696078e-01 3.431373e-02 -1.266553e-10
2.794118e-01 3.431373e-02 -1.176886e-10
2.892157e-01 3.431373e-02 -3.329314e-11
2.990196e-01 3.431373e-02 7.443298e-11
3.088235e-01 3.431373e-02 1.473463e-10
3.186275e-01 3.431373e-02 1.524537e-10
3.284314e-01 3.431373e-02 9.176805e-11
3.382353e-01 3.431373e-02 -7.327812e-12
3.480392e-01 3.431373e-02 -1.098847e-10
3.578431e-01 3.431373e-02 -1.882381e-10
3.676471e-01 3.431373e-02 -2.285466e-10
3.774510e-01 3.431373e-02 -2.298944e-10
3.872549e-01 3.431373e-02 -2.006675e-10
3.970588e-01 3.431373e-02 -1.576609e-10
4.068627e-01 3.431373e-02 -1.309163e-10
4.166667e-01 3.431373e-02 -1.706649e-10
4.264706e-01 3.431373e-02 -3.402688e-10
4.362745e-01 3.431373e-02 -6.604375e-10
4.460784e-01 3.431373e-02 -9.486470e-10
4.558824e-01 3.431373e-02 -4.844356e-10
4.656863e-01 3.431373e-02 2.560549e-09
4.754902e-01 3.431373e-02 1.193877e-08
4.852941e-01 3.431373e-02 3.431259e-08
4.950980e-01 3.431373e-02 8.019484e-08
5.049020e-01 3.431373e-02 1.645293e-07
5.147059e-01 3.431373e-02 3.064756e-07
5.245098e-01 3.431373e-02 5.281056e-07
5.343137e-01 3.431373e-02 8.517012e-07
5.441176e-01 3.431373e-02 1.296034e-06
5.539216e-01 3.431373e-02 1.871692e-06
5.637255e-01 3.431373e-02 2.577060e-06
5.735294e-01 3.431373e-02 3.394682e-06
5.833333e-01 3.431373e-02 4.290989e-06
5.931373e-01 3.431373e-02 5.216823e-06
6.029412e-01 3.431373e-02 6.113398e-06
6.127451e-01 3.431373e-02 6.916820e-06
6.225490e-01 3.431373e-02 7.568249e-06
6.323529e-01 3.431373e-02 8.018589e-06
6.421569e-01 3.431373e-02 8.237126e-06
6.519608e-01 3.431373e-02 8.212628e-06
6.617647e-01 3.431373e-02 7.955172e-06
6.715686e-01 3.431373e-02 7.493480e-06
6.813725e-01 3.431373e-02 6.869332e-06
6.911765e-01 3.431373e-02 6.133430e-06
7.009804e-01 3.431373e-02 5.337482e-06
7.107843e-01 3.431373e-02 4.529933e-06
7.205882e-01 3.431373e-02 3.752048e-06
7.303922e-01 3.431373e-02 3.034357e-06
7.401961e-01 3.431373e-02 2.397433e-06
7.500000e-01 3.431373e-02 1.851636e-06
7.598039e-01 3.431373e-02 1.398344e-06
7.696078e-01 3.431373e-02 1.033244e-06
7.794118e-01 3.431373e-02 7.473613e-07
7.892157e-01 3.431373e-02 5.291622e-07
7.990196e-01 3.431373e-02 3.670826e-07
8.088235e-01 3.431373e-02 2.496200e-07
8.186275e-01 3.431373e-02 1.662501e-07
8.284314e-01 3.431373e-02 1.086161e-07
8.382353e-01 3.431373e-02 6.971522e-08
8.480392e-01 3.431373e-02 4.378939e-08
8.578431e-01 3.431373e-02 2.697478e-08
8.676471e-01 3.431373e-02 1.644034e-08
8.774510e-01 3.431373e-02 9.786037e-09
8.872549e-01 3.431373e-02 5.630584e-09
8.970588e-01 3.431373e-02 3.279589e-09
9.068627e-01 3.431373e-02 1.921796e-09
9.166667e-01 3.431373e-02 9.943834e-10
9.264706e-01 3.431373e-02 4.989182e-10
9.362745e-01 3.431373e-02 3.527860e-10
9.460784e-01 3.431373e-02 2.082376e-10
9.558824e-01 3.431373e-02 1.948866e-11
9.656863e-01 3.431373e-02 1.913727e-12
9.754902e-01 3.431373e-02 8.988529e-11
9.852941e-01 3.431373e-02 4.759217e-11
9.950980e-01 3.431373e-02 -6.517396e-11
4.901961e-03 4.411765e-02 3.589515e-11
1.470588e-02 4.411765e-02 -4.844040e-11
2.450980e-02 4.411765e-02 -2.868227e-11
3.431373e-02 4.411765e-02 5.155954e-11
4.411765e-02 4.411765e-02 3.869906e-11
5.392157e-02 4.411765e-02 -4.431157e-11
6.372549e-02 4.411765e-02 -4.968206e-11
7.352941e-02 4.411765e-02 3.115842e-11
8.333333e-02 4.411765e-02 6.147445e-11
9.313725e-02 4.411765e-02 -7.958044e-12
1.029412e-01 4.411765e-02 -6.643301e-11
1.127451e-01 4.411765e-02 -2.429761e-11
1.225490e-01 4.411765e-02 5.503729e-11
1.323529e-01 4.411765e-02 5.733768e-11
1.421569e-01 4.411765e-02 -1.987610e-11
1.519608e-01 4.411765e-02 -7.261637e-11
1.617647e-01 4.411765e-02 -3.326427e-11
1.715686e-01 4.411765e-02 4.845561e-11
1.813725e-01 4.411765e-02 7.499032e-11
1.911765e-01 4.411765e-02 1.687102e-11
2.009804e-01 4.411765e-02 -6.149345e-11
2.107843e-01 4.411765e-02 -7.847307e-11
2.205882e-01 4.411765e-02 -1.831778e-11
2.303922e-01 4.411765e-02 6.117951e-11
2.401961e-01 4.411765e-02 8.910781e-11
2.500000e-01 4.411765e-02 4.323202e-11
2.598039e-01 4.411765e-02 -3.858672e-11
2.696078e-01 4.411765e-02 -9.520418e-11
2.794118e-01 4.411765e-02 -8.863352e-11
2.892157e-01 4.411765e-02 -2.520473e-11
2.990196e-01 4.411765e-02 5.595187e-11
3.088235e-01 4.411765e-02 1.110120e-10
3.186275e-01 4.411765e-02 1.150026e-10
3.284314e-01 4.411765e-02 6.932239e-11
3.382353e-01 4.411765e-02 -5.447268e-12
3.480392e-01 4.411765e-02 -8.294085e-11
3.578431e-01 4.411765e-02 -1.422304e-10
3.676471e-01 4.411765e-02 -1.728021e-10
3.774510e-01 4.411765e-02 -1.739260e-10
3.872549e-01 4.411765e-02 -1.519569e-10
3.970588e-01 4.411765e-02 -1.196750e-10
4.068627e-01 4.411765e-02 -9.990458e-11
4.166667e-01 4.411765e-02 -1.306193e-10
4.264706e-01 4.411765e-02 -2.592921e-10
4.362745e-01 4.411765e-02 -5.001936e-10
4.460784e-01 4.411765e-02 -7.122567e-10
4.558824e-01 4.411765e-02 -3.452170e-10
4.656863e-01 4.411765e-02 1.991959e-09
4.754902e-01 4.411765e-02 9.148378e-09
4.852941e-01 4.411765e-02 2.617601e-08
4.950980e-01 4.411765e-02 6.103944e-08
5.049020e-01 4.411765e-02 1.250527e-07
5.147059e-01 4.411765e-02 2.327140e-07
5.245098e-01 4.411765e-02 4.007184e-07
5.343137e-01 4.411765e-02 6.459134e-07
5.441176e-01 4.411765e-02 9.824858e-07
5.539216e-01 4.411765e-02 1.418429e-06
5.637255e-01 4.411765e-02 1.952506e-06
5.735294e-01 4.411765e-02 2.571501e-06
5.833333e-01 4.411765e-02 3.250013e-06
5.931373e-01 4.411765e-02 3.950853e-06
6.029412e-01 4.411765e-02 4.629548e-06
6.127451e-01 4.411765e-02 5.237763e-06
6.225490e-01 4.411765e-02 5.730976e-06
6.323529e-01 4.411765e-02 6.072033e-06
6.421569e-01 4.411765e-02 6.237676e-06
6.519608e-01 4.411765e-02 6.219380e-06
6.617647e-01 4.411765e-02 6.024745e-06
6.715686e-01 4.411765e-02 5.675475e-06
6.813725e-01 4.411765e-02 5.203165e-06
6.911765e-01 4.411765e-02 4.646172e-06
7.009804e-01 4.411765e-02 4.043627e-06
7.107843e-01 4.411765e-02 3.432200e-06
7.205882e-01 4.411765e-02 2.843141e-06
7.303922e-01 4.411765e-02 2.299580e-06
7.401961e-01 4.411765e-02 1.817117e-06
7.500000e-01 4.411765e-02 1.403615e-06
7.598039e-01 4.411765e-02 1.060145e-06
7.696078e-01 4.411765e-02 7.834547e-07
7.794118e-01 4.411765e-02 5.667638e-07
7.892157e-01 4.411765e-02 4.013503e-07
7.990196e-01 4.411765e-02 2.784590e-07
8.088235e-01 4.411765e-02 1.893821e-07
8.186275e-01 4.411765e-02 1.261505e-07
8.284314e-01 4.411765e-02 8.243002e-08
8.382353e-01 4.411765e-02 5.291458e-08
8.480392e-01 4.411765e-02 3.324235e-08
8.578431e-01 4.411765e-02 2.048112e-08
8.676471e-01 4.411765e-02 1.248332e-08
8.774510e-01 4.411765e-02 7.431972e-09
8.872549e-01 4.411765e-02 4.277786e-09
8.970588e-01 4.411765e-02 2.491171e-09
9.068627e-01 4.411765e-02 1.459284e-09
9.166667e-01 4.411765e-02 7.562582e-10
9.264706e-01 4.411765e-02 3.798541e-10
9.362745e-01 4.411765e-02 2.672634e-10
9.460784e-01 4.411765e-02 1.578080e-10
9.558824e-01 4.411765e-02 1.583663e-11
9.656863e-01 4.411765e-02 1.803210e-12
9.754902e-01 4.411765e-02 6.725673e-11
9.852941e-01 4.411765e-02 3.589515e-11
9.950980e-01 4.411765e-02 -4.844040e-11
4.901961e-03 5.392157e-02 -4.086836e-11
1.470588e-02 5.392157e-02 5.611453e-11
2.450980e-02 5.392157e-02 3.280218e-11
3.431373e-02 5.392157e-02 -5.961354e-11
4.411765e-02 5.392157e-02 -4.431157e-11
5.392157e-02 5.392157e-02 5.132898e-11
6.372549e-02 5.392157e-02 5.702950e-11
7.352941e-02 5.392157e-02 -3.621511e-11
8.333333e-02 5.392157e-02 -7.069742e-11
9.313725e-02 5.392157e-02 9.522097e-12
1.029412e-01 5.392157e-02 7.652888e-11
1.127451e-01 5.392157e-02 2.763723e-11
1.225490e-01 5.392157e-02 -6.354406e-11
1.323529e-01 5.392157e-02 -6.575771e-11
1.421569e-01 5.392157e-02 2.318475e-11
1.519608e-01 5.392157e-02 8.349928e-11
1.617647e-01 5.392157e-02 3.792678e-11
1.715686e-01 5.392157e-02 -5.590378e-11
1.813725e-01 5.392157e-02 -8.601422e-11
1.911765e-01 5.392157e-02 -1.905810e-11
2.009804e-01 5.392157e-02 7.072752e-11
2.107843e-01 5.392157e-02 8.986523e-11
2.205882e-01 5.392157e-02 2.071338e-11
2.303922e-01 5.392157e-02 -7.025619e-11
2.401961e-01 5.392157e-02 -1.019467e-10
2.500000e-01 5.392157e-02 -4.923267e-11
2.598039e-01 5.392157e-02 4.432979e-11
2.696078e-01 5.392157e-02 1.088392e-10
2.794118e-01 5.392157e-02 1.010979e-10
2.892157e-01 5.392157e-02 2.857154e-11
2.990196e-01 5.392157e-02 -6.396468e-11
3.088235e-01 5.392157e-02 -1.265704e-10
3.186275e-01 5.392157e-02 -1.309282e-10
3.284314e-01 5.392157e-02 -7.879095e-11
3.382353e-01 5.392157e-02 6.310354e-12
3.480392e-01 5.392157e-02 9.436203e-11
3.578431e-01 5.392157e-02 1.616173e-10
3.676471e-01 5.392157e-02 1.962028e-10
3.774510e-01 5.392157e-02 1.973396e-10
3.872549e-01 5.392157e-02 1.722239e-10
3.970588e-01 5.392157e-02 1.352578e-10
4.068627e-01 5.392157e-02 1.122104e-10
4.166667e-01 5.392157e-02 1.462076e-10
4.264706e-01 5.392157e-02 2.917323e-10
4.362745e-01 5.392157e-02 5.668374e-10
4.460784e-01 5.392157e-02 8.154267e-10
4.558824e-01 5.392157e-02 4.200676e-10
4.656863e-01 5.392157e-02 -2.187188e-09
4.754902e-01 5.392157e-02 -1.022549e-08
4.852941e-01 5.392157e-02 -2.941158e-08
4.950980e-01 5.392157e-02 -6.876757e-08
5.049020e-01 5.392157e-02 -1.411196e-07
5.147059e-01 5.392157e-02 -2.629137e-07
5.245098e-01 5.392157e-02 -4.530970e-07
5.343137e-01 5.392157e-02 -7.307984e-07
5.441176e-01 5.392157e-02 -1.112134e-06
5.539216e-01 5.392157e-02 -1.606196e-06
5.637255e-01 5.392157e-02 -2.211600e-06
5.735294e-01 5.392157e-02 -2.913365e-06
5.833333e-01 5.392157e-02 -3.682675e-06
5.931373e-01 5.392157e-02 -4.477334e-06
6.029412e-01 5.392157e-02 -5.246878e-06
6.127451e-01 5.392157e-02 -5.936461e-06
6.225490e-01 5.392157e-02 -6.495575e-06
6.323529e-01 5.392157e-02 -6.882081e-06
6.421569e-01 5.392157e-02 -7.069616e-06
6.519608e-01 5.392157e-02 -7.048543e-06
6.617647e-01 5.392157e-02 -6.827519e-06
6.715686e-01 5.392157e-02 -6.431201e-06
6.813725e-01 5.392157e-02 -5.895457e-06
6.911765e-01 5.392157e-02 -5.263809e-06
7.009804e-01 5.392157e-02 -4.580642e-06
7.107843e-01 5.392157e-02 -3.887534e-06
7.205882e-01 5.392157e-02 -3.219905e-06
7.303922e-01 5.392157e-02 -2.603952e-06
7.401961e-01 5.392157e-02 -2.057331e-06
7.500000e-01 5.392157e-02 -1.588928e-06
7.598039e-01 5.392157e-02 -1.199924e-06
7.696078e-01 5.392157e-02 -8.866113e-07
7.794118e-01 5.392157e-02 -6.412854e-07
7.892157e-01 5.392157e-02 -4.540459e-07
7.990196e-01 5.392157e-02 -3.149671e-07
8.088235e-01 5.392157e-02 -2.141762e-07
8.186275e-01 5.392157e-02 -1.426407e-07
8.284314e-01 5.392157e-02 -9.318932e-08
8.382353e-01 5.392157e-02 -5.981240e-08
8.480392e-01 5.392157e-02 -3.756826e-08
8.578431e-01 5.392157e-02 -2.314192e-08
8.676471e-01 5.392157e-02 -1.410425e-08
8.774510e-01 5.392157e-02 -8.395255e-09
8.872549e-01 5.392157e-02 -4.830079e-09
8.970588e-01 5.392157e-02 -2.813433e-09
9.068627e-01 5.392157e-02 -1.648731e-09
9.166667e-01 5.392157e-02 -8.528675e-10
9.264706e-01 5.392157e-02 -4.278478e-10
9.362745e-01 5.392157e-02 -3.027853e-10
9.460784e-01 5.392157e-02 -1.787050e-10
9.558824e-01 5.392157e-02 -1.652129e-11
9.656863e-01 5.392157e-02 -1.584437e-12
9.754902e-01 5.392157e-02 -7.730575e-11
9.852941e-01 5.392157e-02 -4.086836e-11
9.950980e-01 5.392157e-02 5.611453e-11
4.901961e-03 6.372549e-02 -4.602673e-11
1.470588e-02 6.372549e-02 6.234391e-11
2.450980e-02 6.372549e-02 3.681281e-11
3.431373e-02 6.372549e-02 -6.633119e-11
4.411765e-02 6.372549e-02 -4.968206e-11
5.392157e-02 6.372549e-02 5.702950e-11
6.372549e-02 6.372549e-02 6.381646e-11
7.352941e-02 6.372549e-02 -4.013080e-11
8.333333e-02 6.372549e-02 -7.899524e-11
9.313725e-02 6.372549e-02 1.031505e-11
1.029412e-01 6.372549e-02 8.539818e-11
1.127451e-01 6.372549e-02 3.114914e-11
1.225490e-01 6.372549e-02 -7.078325e-11
1.323529e-01 6.372549e-02 -7.363585e-11
1.421569e-01 6.372549e-02 2.561924e-11
1.519608e-01 6.372549e-02 9.330999e-11
1.617647e-01 6.372549e-02 4.266653e-11
1.715686e-01 6.372549e-02 -6.230871e-11
1.813725e-01 6.372549e-02 -9.630900e-11
1.911765e-01 6.372549e-02 -2.159719e-11
2.009804e-01 6.372549e-02 7.902133e-11
2.107843e-01 6.372549e-02 1.007474e-10
2.205882e-01 6.372549e-02 2.345464e-11
2.303922e-01 6.372549e-02 -7.859118e-11
2.401961e-01 6.372549e-02 -1.143775e-10
2.500000e-01 6.372549e-02 -5.543800e-11
2.598039e-01 6.372549e-02 4.957225e-11
2.696078e-01 6.372549e-02 1.221824e-10
2.794118e-01 6.372549e-02 1.136956e-10
2.892157e-01 6.372549e-02 3.229017e-11
2.990196e-01 6.372549e-02 -7.180558e-11
3.088235e-01 6.372549e-02 -1.423874e-10
3.186275e-01 6.372549e-02 -1.474612e-10
3.284314e-01 6.372549e-02 -8.885789e-11
3.382353e-01 6.372549e-02 7.008642e-12
3.480392e-01 6.372549e-02 1.063322e-10
3.578431e-01 6.372549e-02 1.822970e-10
3.676471e-01 6.372549e-02 2.214453e-10
3.774510e-01 6.372549e-02 2.228529e-10
3.872549e-01 6.372549e-02 1.946583e-10
3.970588e-01 6.372549e-02 1.532132e-10
4.068627e-01 6.372549e-02 1.277318e-10
4.166667e-01 6.372549e-02 1.668805e-10
4.264706e-01 6.372549e-02 3.316395e-10
4.362745e-01 6.372549e-02 6.407506e-10
4.460784e-01 6.372549e-02 9.144355e-10
4.558824e-01 6.372549e-02 4.493319e-10
4.656863e-01 6.372549e-02 -2.534360e-09
4.754902e-01 6.372549e-02 -1.168390e-08
4.852941e-01 6.372549e-02 -3.346864e-08
4.950980e-01 6.372549e-02 -7.809003e-08
5.049020e-01 6.372549e-02 -1.600421e-07
5.147059e-01 6.372549e-02 -2.979005e-07
5.245098e-01 6.372549e-02 -5.130579e-07
5.343137e-01 6.372549e-02 -8.271043e-07
5.441176e-01 6.372549e-02 -1.258222e-06
5.539216e-01 6.372549e-02 -1.816659e-06
5.637255e-01 6.372549e-02 -2.500837e-06
5.735294e-01 6.372549e-02 -3.293824e-06
5.833333e-01 6.372549e-02 -4.163075e-06
5.931373e-01 6.372549e-02 -5.060940e-06
6.029412e-01 6.372549e-02 -5.930436e-06
6.127451e-01 6.372549e-02 -6.709627e-06
6.225490e-01 6.372549e-02 -7.341472e-06
6.323529e-01 6.372549e-02 -7.778365e-06
6.421569e-01 6.372549e-02 -7.990514e-06
6.519608e-01 6.372549e-02 -7.967003e-06
6.617647e-01 6.372549e-02 -7.717576e-06
6.715686e-01 6.372549e-02 -7.270051e-06
6.813725e-01 6.372549e-02 -6.664917e-06
6.911765e-01 6.372549e-02 -5.951318e-06
7.009804e-01 6.372549e-02 -5.179392e-06
7.107843e-01 6.372549e-02 -4.396116e-06
7.205882e-01 6.372549e-02 -3.641524e-06
7.303922e-01 6.372549e-02 -2.945242e-06
7.401961e-01 6.372549e-02 -2.327245e-06
7.500000e-01 6.372549e-02 -1.797603e-06
7.598039e-01 6.372549e-02 -1.357679e-06
7.696078e-01 6.372549e-02 -1.003301e-06
7.794118e-01 6.372549e-02 -7.257800e-07
7.892157e-01 6.372549e-02 -5.139387e-07
7.990196e-01 6.372549e-02 -3.565611e-07
8.088235e-01 6.372549e-02 -2.424917e-07
8.186275e-01 6.372549e-02 -1.615216e-07
8.284314e-01 6.372549e-02 -1.055387e-07
8.382353e-01 6.372549e-02 -6.774674e-08
8.480392e-01 6.372549e-02 -4.255855e-08
8.578431e-01 6.372549e-02 -2.621993e-08
8.676471e-01 6.372549e-02 -1.598095e-08
8.774510e-01 6.372549e-02 -9.513888e-09
8.872549e-01 6.372549e-02 -5.475608e-09
8.970588e-01 6.372549e-02 -3.188878e-09
9.068627e-01 6.372549e-02 -1.868150e-09
9.166667e-01 6.372549e-02 -9.677741e-10
9.264706e-01 6.372549e-02 -4.859685e-10
9.362745e-01 6.372549e-02 -3.423444e-10
9.460784e-01 6.372549e-02 -2.021213e-10
9.558824e-01 6.372549e-02 -1.994615e-11
9.656863e-01 6.372549e-02 -2.200800e-12
9.754902e-01 6.372549e-02 -8.641637e-11
9.852941e-01 6.372549e-02 -4.602673e-11
9.950980e-01 6.372549e-02 6.234391e-11
4.901961e-03 7.352941e-02 2.868168e-11
1.470588e-02 7.352941e-02 -3.959671e-11
2.450980e-02 7.352941e-02 -2.305970e-11
3.431373e-02 7.352941e-02 4.203725e-11
4.411765e-02 7.352941e-02 3.115842e-11
5.392157e-02 7.352941e-02 -3.621511e-11
6.372549e-02 7.352941e-02 -4.013080e-11
7.352941e-02 7.352941e-02 2.557573e-11
8.333333e-02 7.352941e-02 4.977440e-11
9.313725e-02 7.352941e-02 -6.779530e-12
1.029412e-01 7.352941e-02 -5.390478e-11
1.127451e-01 7.352941e-02 -1.939481e-11
1.225490e-01 7.352941e-02 4.478576e-11
1.323529e-01 7.352941e-02 4.625584e-11
1.421569e-01 7.352941e-02 -1.638747e-11
1.519608e-01 7.352941e-02 -5.877739e-11
1.617647e-01 7.352941e-02 -2.663207e-11
1.715686e-01 7.352941e-02 3.938738e-11
1.813725e-01 7.352941e-02 6.049933e-11
1.911765e-01 7.352941e-02 1.334593e-11
2.009804e-01 7.352941e-02 -4.978254e-11
2.107843e-01 7.352941e-02 -6.317331e-11
2.205882e-01 7.352941e-02 -1.450860e-11
2.303922e-01 7.352941e-02 4.942298e-11
2.401961e-01 7.352941e-02 7.163884e-11
2.500000e-01 7.352941e-02 3.455050e-11
2.598039e-01 7.352941e-02 -3.118321e-11
2.696078e-01 7.352941e-02 -7.645560e-11
2.794118e-01 7.352941e-02 -7.097051e-11
2.892157e-01 7.352941e-02 -2.002298e-11
2.990196e-01 7.352941e-02 4.492457e-11
3.088235e-01 7.352941e-02 8.882704e-11
3.186275e-01 7.352941e-02 9.184523e-11
3.284314e-01 7.352941e-02 5.524509e-11
3.382353e-01 7.352941e-02 -4.443815e-12
3.480392e-01 7.352941e-02 -6.616786e-11
3.578431e-01 7.352941e-02 -1.132878e-10
3.676471e-01 7.352941e-02 -1.374977e-10
3.774510e-01 7.352941e-02 -1.382632e-10
3.872549e-01 7.352941e-02 -1.206224e-10
3.970588e-01 7.352941e-02 -9.464059e-11
4.068627e-01 7.352941e-02 -7.833765e-11
4.166667e-01 7.352941e-02 -1.019316e-10
4.264706e-01 7.352941e-02 -2.037381e-10
4.362745e-01 7.352941e-02 -3.968577e-10
4.460784e-01 7.352941e-02 -5.729103e-10
4.558824e-01 7.352941e-02 -3.010532e-10
4.656863e-01 7.352941e-02 1.514601e-09
4.754902e-01 7.352941e-02 7.125945e-09
4.852941e-01 7.352941e-02 2.053420e-08
4.950980e-01 7.352941e-02 4.805645e-08
5.049020e-01 7.352941e-02 9.867589e-08
5.147059e-01 7.352941e-02 1.839136e-07
5.245098e-01 7.352941e-02 3.170452e-07
5.343137e-01 7.352941e-02 5.114762e-07
5.441176e-01 7.352941e-02 7.785034e-07
5.539216e-01 7.352941e-02 1.124503e-06
5.637255e-01 7.352941e-02 1.548511e-06
5.735294e-01 7.352941e-02 2.040036e-06
5.833333e-01 7.352941e-02 2.578892e-06
5.931373e-01 7.352941e-02 3.135516e-06
6.029412e-01 7.352941e-02 3.674551e-06
6.127451e-01 7.352941e-02 4.157570e-06
6.225490e-01 7.352941e-02 4.549189e-06
6.323529e-01 7.352941e-02 4.819884e-06
6.421569e-01 7.352941e-02 4.951192e-06
6.519608e-01 7.352941e-02 4.936367e-06
6.617647e-01 7.352941e-02 4.781482e-06
6.715686e-01 7.352941e-02 4.503819e-06
6.813725e-01 7.352941e-02 4.128510e-06
6.911765e-01 7.352941e-02 3.686051e-06
7.009804e-01 7.352941e-02 3.207532e-06
7.107843e-01 7.352941e-02 2.722081e-06
7.205882e-01 7.352941e-02 2.254502e-06
7.303922e-01 7.352941e-02 1.823140e-06
7.401961e-01 7.352941e-02 1.440356e-06
7.500000e-01 7.352941e-02 1.112366e-06
7.598039e-01 7.352941e-02 8.399890e-07
7.696078e-01 7.352941e-02 6.206251e-07
7.794118e-01 7.352941e-02 4.488726e-07
7.892157e-01 7.352941e-02 3.177942e-07
7.990196e-01 7.352941e-02 2.204378e-07
8.088235e-01 7.352941e-02 1.498881e-07
8.186275e-01 7.352941e-02 9.981868e-08
8.284314e-01 7.352941e-02 6.520915e-08
8.382353e-01 7.352941e-02 4.185147e-08
8.480392e-01 7.352941e-02 2.628512e-08
8.578431e-01 7.352941e-02 1.619042e-08
8.676471e-01 7.352941e-02 9.867321e-09
8.774510e-01 7.352941e-02 5.872893e-09
8.872549e-01 7.352941e-02 3.378331e-09
8.970588e-01 7.352941e-02 1.967960e-09
9.068627e-01 7.352941e-02 1.153444e-09
9.166667e-01 7.352941e-02 5.962786e-10
9.264706e-01 7.352941e-02 2.989813e-10
9.362745e-01 7.352941e-02 2.120223e-10
9.460784e-01 7.352941e-02 1.251329e-10
9.558824e-01 7.352941e-02 1.122298e-11
9.656863e-01 7.352941e-02 9.832636e-13
9.754902e-01 7.352941e-02 5.440507e-11
9.852941e-01 7.352941e-02 2.868168e-11
9.950980e-01 7.352941e-02 -3.959671e-11
4.901961e-03 8.333333e-02 5.688876e-11
1.470588e-02 8.333333e-02 -7.729307e-11
2.450980e-02 8.333333e-02 -4.554503e-11
3.431373e-02 8.333333e-02 8.220277e-11
4.411765e-02 8.333333e-02 6.147445e-11
5.392157e-02 8.333333e-02 -7.069742e-11
6.372549e-02 8.333333e-02 -7.899524e-11
7.352941e-02 8.333333e-02 4.977440e-11
8.333333e-02 8.333333e-02 9.781179e-11
9.313725e-02 8.333333e-02 -1.285324e-11
1.029412e-01 8.333333e-02 -1.057660e-10
1.127451e-01 8.333333e-02 -3.850077e-11
1.225490e-01 8.333333e-02 8.769405e-11
1.323529e-01 8.333333e-02 9.113043e-11
1.421569e-01 8.333333e-02 -3.178980e-11
1.519608e-01 8.333333e-02 -1.155226e-10
1.617647e-01 8.333333e-02 -5.275304e-11
1.715686e-01 8.333333e-02 7.717782e-11
1.813725e-01 8.333333e-02 1.191823e-10
1.911765e-01 8.333333e-02 2.666391e-11
2.009804e-01 8.333333e-02 -9.782486e-11
2.107843e-01 8.333333e-02 -1.246352e-10
2.205882e-01 8.333333e-02 -2.896065e-11
2.303922e-01 8.333333e-02 9.726008e-11
2.401961e-01 8.333333e-02 1.414650e-10
2.500000e-01 8.333333e-02 6.851914e-11
2.598039e-01 8.333333e-02 -6.134421e-11
2.696078e-01 8.333333e-02 -1.510856e-10
2.794118e-01 8.333333e-02 -1.405415e-10
2.892157e-01 8.333333e-02 -3.987986e-11
2.990196e-01 8.333333e-02 8.877914e-11
3.088235e-01 8.333333e-02 1.759751e-10
3.186275e-01 8.333333e-02 1.822031e-10
3.284314e-01 8.333333e-02 1.097659e-10
3.382353e-01 8.333333e-02 -8.674608e-12
3.480392e-01 8.333333e-02 -1.313489e-10
3.578431e-01 8.333333e-02 -2.251447e-10
3.676471e-01 8.333333e-02 -2.734584e-10
3.774510e-01 8.333333e-02 -2.751625e-10
3.872549e-01 8.333333e-02 -2.403010e-10
3.970588e-01 8.333333e-02 -1.890344e-10
4.068627e-01 8.333333e-02 -1.573943e-10
4.166667e-01 8.333333e-02 -2.054742e-10
4.264706e-01 8.333333e-02 -4.087328e-10
4.362745e-01 8.333333e-02 -7.908322e-10
4.460784e-01 8.333333e-02 -1.130935e-09
4.558824e-01 8.333333e-02 -5.626104e-10
4.656863e-01 8.333333e-02 3.108599e-09
4.754902e-01 8.333333e-02 1.438191e-08
4.852941e-01 8.333333e-02 4.124033e-08
4.950980e-01 8.333333e-02 9.627500e-08
5.049020e-01 8.333333e-02 1.973781e-07
5.147059e-01 8.333333e-02 3.674836e-07
5.245098e-01 8.333333e-02 6.330061e-07
5.343137e-01 8.333333e-02 1.020607e-06
5.441176e-01 8.333333e-02 1.552743e-06
5.539216e-01 8.333333e-02 2.242074e-06
5.637255e-01 8.333333e-02 3.086657e-06
5.735294e-01 8.333333e-02 4.065596e-06
5.833333e-01 8.333333e-02 5.138709e-06
5.931373e-01 8.333333e-02 6.247162e-06
6.029412e-01 8.333333e-02 7.320599e-06
6.127451e-01 8.333333e-02 8.282546e-06
6.225490e-01 8.333333e-02 9.062573e-06
6.323529e-01 8.333333e-02 9.601905e-06
6.421569e-01 8.333333e-02 9.863762e-06
6.519608e-01 8.333333e-02 9.834673e-06
6.617647e-01 8.333333e-02 9.526676e-06
6.715686e-01 8.333333e-02 8.974126e-06
6.813725e-01 8.333333e-02 8.227017e-06
6.911765e-01 8.333333e-02 7.346031e-06
7.009804e-01 8.333333e-02 6.393067e-06
7.107843e-01 8.333333e-02 5.426124e-06
7.205882e-01 8.333333e-02 4.494620e-06
7.303922e-01 8.333333e-02 3.635125e-06
7.401961e-01 8.333333e-02 2.872291e-06
7.500000e-01 8.333333e-02 2.218542e-06
7.598039e-01 8.333333e-02 1.675551e-06
7.696078e-01 8.333333e-02 1.238165e-06
7.794118e-01 8.333333e-02 8.956503e-07
7.892157e-01 8.333333e-02 6.342060e-07
7.990196e-01 8.333333e-02 4.399858e-07
8.088235e-01 8.333333e-02 2.992178e-07
8.186275e-01 8.333333e-02 1.992992e-07
8.284314e-01 8.333333e-02 1.302183e-07
8.382353e-01 8.333333e-02 8.358636e-08
8.480392e-01 8.333333e-02 5.250691e-08
8.578431e-01 8.333333e-02 3.234774e-08
8.676471e-01 8.333333e-02 1.971558e-08
8.774510e-01 8.333333e-02 1.173673e-08
8.872549e-01 8.333333e-02 6.754318e-09
8.970588e-01 8.333333e-02 3.933726e-09
9.068627e-01 8.333333e-02 2.304708e-09
9.166667e-01 8.333333e-02 1.193499e-09
9.264706e-01 8.333333e-02 5.991458e-10
9.362745e-01 8.333333e-02 4.225605e-10
9.460784e-01 8.333333e-02 2.494825e-10
9.558824e-01 8.333333e-02 2.423160e-11
9.656863e-01 8.333333e-02 2.569652e-12
9.754902e-01 8.333333e-02 1.069710e-10
9.852941e-01 8.333333e-02 5.688876e-11
9.950980e-01 8.333333e-02 -7.729307e-11
4.901961e-03 9.313725e-02 -7.212702e-12
1.470588e-02 9.313725e-02 1.041597e-11
2.450980e-02 9.313725e-02 5.872771e-12
3.431373e-02 9.313725e-02 -1.100200e-11
4.411765e-02 9.313725e-02 -7.958044e-12
5.392157e-02 9.313725e-02 9.522097e-12
6.372549e-02 9.313725e-02 1.031505e-11
7.352941e-02 9.313725e-02 -6.779530e-12
8.333333e-02 9.313725e-02 -1.285324e-11
9.313725e-02 9.313725e-02 1.919985e-12
1.029412e-01 9.313725e-02 1.397742e-11
1.127451e-01 9.313725e-02 4.867871e-12
1.225490e-01 9.313725e-02 -1.167649e-11
1.323529e-01 9.313725e-02 -1.185820e-11
1.421569e-01 9.313725e-02 4.379109e-12
1.519608e-01 9.313725e-02 1.516643e-11
1.617647e-01 9.313725e-02 6.724280e-12
1.715686e-01 9.313725e-02 -1.024597e-11
1.813725e-01 9.313725e-02 -1.550884e-11
1.911765e-01 9.313725e-02 -3.287340e-12
2.009804e-01 9.313725e-02 1.284724e-11
2.107843e-01 9.313725e-02 1.612374e-11
2.205882e-01 9.313725e-02 3.582999e-12
2.303922e-01 9.313725e-02 -1.269974e-11
2.401961e-01 9.313725e-02 -1.823401e-11
2.500000e-01 9.313725e-02 -8.689517e-12
2.598039e-01 9.313725e-02 8.017560e-12
2.696078e-01 9.313725e-02 1.941437e-11
2.794118e-01 9.313725e-02 1.791550e-11
2.892157e-01 9.313725e-02 4.973978e-12
2.990196e-01 9.313725e-02 -1.140154e-11
3.088235e-01 9.313725e-02 -2.238822e-11
3.186275e-01 9.313725e-02 -2.305922e-11
3.284314e-01 9.313725e-02 -1.380966e-11
3.382353e-01 9.313725e-02 1.162710e-12
3.480392e-01 9.313725e-02 1.657367e-11
3.578431e-01 9.313725e-02 2.828417e-11
3.676471e-01 9.313725e-02 3.425588e-11
3.774510e-01 9.313725e-02 3.438036e-11
3.872549e-01 9.313725e-02 2.990328e-11
3.970588e-01 9.313725e-02 2.327729e-11
4.068627e-01 9.313725e-02 1.891610e-11
4.166667e-01 9.313725e-02 2.434539e-11
4.264706e-01 9.313725e-02 4.938543e-11
4.362745e-01 9.313725e-02 9.819806e-11
4.460784e-01 9.313725e-02 1.457824e-10
4.558824e-01 9.313725e-02 8.843477e-11
4.656863e-01 9.313725e-02 -3.411689e-10
4.754902e-01 9.313725e-02 -1.696165e-09
4.852941e-01 9.313725e-02 -4.963676e-09
4.950980e-01 9.313725e-02 -1.170690e-08
5.049020e-01 9.313725e-02 -2.415376e-08
5.147059e-01 9.313725e-02 -4.516659e-08
5.245098e-01 9.313725e-02 -7.804838e-08
5.343137e-01 9.313725e-02 -1.261390e-07
5.441176e-01 9.313725e-02 -1.922571e-07
5.539216e-01 9.313725e-02 -2.779999e-07
5.637255e-01 9.313725e-02 -3.831379e-07
5.735294e-01 9.313725e-02 -5.050705e-07
5.833333e-01 9.313725e-02 -6.387813e-07
5.931373e-01 9.313725e-02 -7.769203e-07
6.029412e-01 9.313725e-02 -9.106941e-07
6.127451e-01 9.313725e-02 -1.030548e-06
6.225490e-01 9.313725e-02 -1.127685e-06
6.323529e-01 9.313725e-02 -1.194773e-06
6.421569e-01 9.313725e-02 -1.227233e-06
6.519608e-01 9.313725e-02 -1.223403e-06
6.617647e-01 9.313725e-02 -1.184810e-06
6.715686e-01 9.313725e-02 -1.115766e-06
6.813725e-01 9.313725e-02 -1.022527e-06
6.911765e-01 9.313725e-02 -9.126782e-07
7.009804e-01 9.313725e-02 -7.939428e-07
7.107843e-01 9.313725e-02 -6.735489e-07
7.205882e-01 9.313725e-02 -5.576465e-07
7.303922e-01 9.313725e-02 -4.507738e-07
7.401961e-01 9.313725e-02 -3.559844e-07
7.500000e-01 9.313725e-02 -2.748051e-07
7.598039e-01 9.313725e-02 -2.074239e-07
7.696078e-01 9.313725e-02 -1.531859e-07
7.794118e-01 9.313725e-02 -1.107423e-07
7.892157e-01 9.313725e-02 -7.836619e-08
7.990196e-01 9.313725e-02 -5.433290e-08
8.088235e-01 9.313725e-02 -3.692666e-08
8.186275e-01 9.313725e-02 -2.457890e-08
8.284314e-01 9.313725e-02 -1.604902e-08
8.382353e-01 9.313725e-02 -1.029594e-08
8.480392e-01 9.313725e-02 -6.462752e-09
8.578431e-01 9.313725e-02 -3.978546e-09
8.676471e-01 9.313725e-02 -2.424339e-09
8.774510e-01 9.313725e-02 -1.442084e-09
8.872549e-01 9.313725e-02 -8.284671e-10
8.970588e-01 9.313725e-02 -4.829121e-10
9.068627e-01 9.313725e-02 -2.833863e-10
9.166667e-01 9.313725e-02 -1.457217e-10
9.264706e-01 9.313725e-02 -7.279106e-11
9.362745e-01 9.313725e-02 -5.249690e-11
9.460784e-01 9.313725e-02 -3.095661e-11
9.558824e-01 9.313725e-02 -2.078076e-12
9.656863e-01 9.313725e-02 -6.486925e-15
9.754902e-01 9.313725e-02 -1.402049e-11
9.852941e-01 9.313725e-02 -7.212702e-12
9.950980e-01 9.313725e-02 1.041597e-11
4.901961e-03 1.029412e-01 -6.141268e-11
1.470588e-02 1.029412e-01 8.367803e-11
2.450980e-02 1.029412e-01 4.921484e-11
3.431373e-02 1.029412e-01 -8.895855e-11
4.411765e-02 1.029412e-01 -6.643301e-11
5.392157e-02 1.029412e-01 7.652888e-11
6.372549e-02 1.029412e-01 8.539818e-11
7.352941e-02 1.029412e-01 -5.390478e-11
8.333333e-02 1.029412e-01 -1.057660e-10
9.313725e-02 1.029412e-01 1.397742e-11
1.029412e-01 1.029412e-01 1.143916e-10
1.127451e-01 1.029412e-01 4.156510e-11
1.225490e-01 1.029412e-01 -9.487263e-11
1.323529e-01 1.029412e-01 -9.849533e-11
1.421569e-01 1.029412e-01 3.444006e-11
1.519608e-01 1.029412e-01 1.248992e-10
1.617647e-01 1.029412e-01 5.696689e-11
1.715686e-01 1.029412e-01 -8.347617e-11
1.813725e-01 1.029412e-01 -1.288017e-10
1.911765e-01 1.029412e-01 -2.875621e-11
2.009804e-01 1.029412e-01 1.057530e-10
2.107843e-01 1.029412e-01 1.346539e-10
2.205882e-01 1.029412e-01 3.123586e-11
2.303922e-01 1.029412e-01 -1.051083e-10
2.401961e-01 1.029412e-01 -1.528005e-10
2.500000e-01 1.029412e-01 -7.396392e-11
2.598039e-01 1.029412e-01 6.628721e-11
2.696078e-01 1.029412e-01 1.631550e-10
2.794118e-01 1.029412e-01 1.517207e-10
2.892157e-01 1.029412e-01 4.302007e-11
2.990196e-01 1.029412e-01 -9.585381e-11
3.088235e-01 1.029412e-01 -1.899322e-10
3.186275e-01 1.029412e-01 -1.966131e-10
3.284314e-01 1.029412e-01 -1.184218e-10
3.382353e-01 1.029412e-01 9.371202e-12
3.480392e-01 1.029412e-01 1.416946e-10
3.578431e-01 1.029412e-01 2.428395e-10
3.676471e-01 1.029412e-01 2.949156e-10
3.774510e-01 1.029412e-01 2.967195e-10
3.872549e-01 1.029412e-01 2.590773e-10
3.970588e-01 1.029412e-01 2.036976e-10
4.068627e-01 1.029412e-01 1.693906e-10
4.166667e-01 1.029412e-01 2.209569e-10
4.264706e-01 1.029412e-01 4.399328e-10
4.362745e-01 1.029412e-01 8.523751e-10
4.460784e-01 1.029412e-01 1.221343e-09
4.558824e-01 1.029412e-01 6.146806e-10
4.656863e-01 1.029412e-01 -3.330670e-09
4.754902e-01 1.029412e-01 -1.546192e-08
4.852941e-01 1.029412e-01 -4.438223e-08
4.950980e-01 1.029412e-01 -1.036637e-07
5.049020e-01 1.029412e-01 -2.125959e-07
5.147059e-01 1.029412e-01 -3.959070e-07
5.245098e-01 1.029412e-01 -6.820815e-07
5.343137e-01 1.029412e-01 -1.099873e-06
5.441176e-01 1.029412e-01 -1.673504e-06
5.539216e-01 1.029412e-01 -2.416634e-06
5.637255e-01 1.029412e-01 -3.327177e-06
5.735294e-01 1.029412e-01 -4.382606e-06
5.833333e-01 1.029412e-01 -5.539597e-06
5.931373e-01 1.029412e-01 -6.734712e-06
6.029412e-01 1.029412e-01 -7.892081e-06
6.127451e-01 1.029412e-01 -8.929241e-06
6.225490e-01 1.029412e-01 -9.770247e-06
6.323529e-01 1.029412e-01 -1.035172e-05
6.421569e-01 1.029412e-01 -1.063401e-05
6.519608e-01 1.029412e-01 -1.060259e-05
6.617647e-01 1.029412e-01 -1.027045e-05
6.715686e-01 1.029412e-01 -9.674647e-06
6.813725e-01 1.029412e-01 -8.869088e-06
6.911765e-01 1.029412e-01 -7.919210e-06
7.009804e-01 1.029412e-01 -6.891757e-06
7.107843e-01 1.029412e-01 -5.849263e-06
7.205882e-01 1.029412e-01 -4.845007e-06
7.303922e-01 1.029412e-01 -3.918411e-06
7.401961e-01 1.029412e-01 -3.096049e-06
7.500000e-01 1.029412e-01 -2.391307e-06
7.598039e-01 1.029412e-01 -1.805979e-06
7.696078e-01 1.029412e-01 -1.334507e-06
7.794118e-01 1.029412e-01 -9.653125e-07
7.892157e-01 1.029412e-01 -6.835121e-07
7.990196e-01 1.029412e-01 -4.741775e-07
8.088235e-01 1.029412e-01 -3.224603e-07
8.186275e-01 1.029412e-01 -2.147730e-07
8.284314e-01 1.029412e-01 -1.403240e-07
8.382353e-01 1.029412e-01 -9.007062e-08
8.480392e-01 1.029412e-01 -5.657801e-08
8.578431e-01 1.029412e-01 -3.485448e-08
8.676471e-01 1.029412e-01 -2.124316e-08
8.774510e-01 1.029412e-01 -1.264563e-08
8.872549e-01 1.029412e-01 -7.276728e-09
8.970588e-01 1.029412e-01 -4.238139e-09
9.068627e-01 1.029412e-01 -2.483277e-09
9.166667e-01 1.029412e-01 -1.285526e-09
9.264706e-01 1.029412e-01 -6.451611e-10
9.362745e-01 1.029412e-01 -4.555241e-10
9.460784e-01 1.029412e-01 -2.689523e-10
9.558824e-01 1.029412e-01 -2.571826e-11
9.656863e-01 1.029412e-01 -2.612173e-12
9.754902e-01 1.029412e-01 -1.156352e-10
9.852941e-01 1.029412e-01 -6.141268e-11
9.950980e-01 1.029412e-01 8.367803e-11
4.901961e-03 1.127451e-01 -2.260401e-11
1.470588e-02 1.127451e-01 3.021475e-11
2.450980e-02 1.127451e-01 1.802258e-11
3.431373e-02 1.127451e-01 -3.219189e-11
4.411765e-02 1.127451e-01 -2.429761e-11
5.392157e-02 1.127451e-01 2.763723e-11
6.372549e-02 1.127451e-01 3.114914e-11
7.352941e-02 1.127451e-01 -1.939481e-11
8.333333e-02 1.127451e-01 -3.850077e-11
9.313725e-02 1.127451e-01 4.867871e-12
1.029412e-01 1.127451e-01 4.156510e-11
1.127451e-01 1.127451e-01 1.531301e-11
1.225490e-01 1.127451e-01 -3.438934e-11
1.323529e-01 1.127451e-01 -3.596522e-11
1.421569e-01 1.127451e-01 1.234404e-11
1.519608e-01 1.127451e-01 4.547818e-11
1.617647e-01 1.127451e-01 2.093470e-11
1.715686e-01 1.127451e-01 -3.028610e-11
1.813725e-01 1.127451e-01 -4.703025e-11
1.911765e-01 1.127451e-01 -1.067401e-11
2.009804e-01 1.127451e-01 3.850119e-11
2.107843e-01 1.127451e-01 4.925619e-11
2.205882e-01 1.127451e-01 1.158268e-11
2.303922e-01 1.127451e-01 -3.833520e-11
2.401961e-01 1.127451e-01 -5.595716e-11
2.500000e-01 1.127451e-01 -2.722244e-11
2.598039e-01 1.127451e-01 2.416828e-11
2.696078e-01 1.127451e-01 5.980377e-11
2.794118e-01 1.127451e-01 5.575041e-11
2.892157e-01 1.127451e-01 1.591359e-11
2.990196e-01 1.127451e-01 -3.513909e-11
3.088235e-01 1.127451e-01 -6.983022e-11
3.186275e-01 1.127451e-01 -7.240264e-11
3.284314e-01 1.127451e-01 -4.368789e-11
3.382353e-01 1.127451e-01 3.386994e-12
3.480392e-01 1.127451e-01 5.222246e-11
3.578431e-01 1.127451e-01 8.961965e-11
3.676471e-01 1.127451e-01 1.089313e-10
3.774510e-01 1.127451e-01 1.096818e-10
3.872549e-01 1.127451e-01 9.588136e-11
3.970588e-01 1.127451e-01 7.561693e-11
4.068627e-01 1.127451e-01 6.331849e-11
4.166667e-01 1.127451e-01 8.292542e-11
4.264706e-01 1.127451e-01 1.642142e-10
4.362745e-01 1.127451e-01 3.156949e-10
4.460784e-01 1.127451e-01 4.473674e-10
4.558824e-01 1.127451e-01 2.104189e-10
4.656863e-01 1.127451e-01 -1.275046e-09
4.754902e-01 1.127451e-01 -5.809188e-09
4.852941e-01 1.127451e-01 -1.658174e-08
4.950980e-01 1.127451e-01 -3.861891e-08
5.049020e-01 1.127451e-01 -7.905808e-08
5.147059e-01 1.127451e-01 -1.470428e-07
5.245098e-01 1.127451e-01 -2.530999e-07
5.343137e-01 1.127451e-01 -4.078501e-07
5.441176e-01 1.127451e-01 -6.202350e-07
5.539216e-01 1.127451e-01 -8.952900e-07
5.637255e-01 1.127451e-01 -1.232232e-06
5.735294e-01 1.127451e-01 -1.622724e-06
5.833333e-01 1.127451e-01 -2.050748e-06
5.931373e-01 1.127451e-01 -2.492855e-06
6.029412e-01 1.127451e-01 -2.921000e-06
6.127451e-01 1.127451e-01 -3.304703e-06
6.225490e-01 1.127451e-01 -3.615887e-06
6.323529e-01 1.127451e-01 -3.831113e-06
6.421569e-01 1.127451e-01 -3.935707e-06
6.519608e-01 1.127451e-01 -3.924282e-06
6.617647e-01 1.127451e-01 -3.801616e-06
6.715686e-01 1.127451e-01 -3.581387e-06
6.813725e-01 1.127451e-01 -3.283514e-06
6.911765e-01 1.127451e-01 -2.932183e-06
7.009804e-01 1.127451e-01 -2.552076e-06
7.107843e-01 1.127451e-01 -2.166325e-06
7.205882e-01 1.127451e-01 -1.794649e-06
7.303922e-01 1.127451e-01 -1.451648e-06
7.401961e-01 1.127451e-01 -1.147171e-06
7.500000e-01 1.127451e-01 -8.861908e-07
7.598039e-01 1.127451e-01 -6.693901e-07
7.696078e-01 1.127451e-01 -4.947243e-07
7.794118e-01 1.127451e-01 -3.579210e-07
7.892157e-01 1.127451e-01 -2.534811e-07
7.990196e-01 1.127451e-01 -1.758813e-07
8.088235e-01 1.127451e-01 -1.196281e-07
8.186275e-01 1.127451e-01 -7.969337e-08
8.284314e-01 1.127451e-01 -5.207808e-08
8.382353e-01 1.127451e-01 -3.343311e-08
8.480392e-01 1.127451e-01 -2.100565e-08
8.578431e-01 1.127451e-01 -1.294311e-08
8.676471e-01 1.127451e-01 -7.889075e-09
8.774510e-01 1.127451e-01 -4.697263e-09
8.872549e-01 1.127451e-01 -2.704307e-09
8.970588e-01 1.127451e-01 -1.574656e-09
9.068627e-01 1.127451e-01 -9.222168e-10
9.166667e-01 1.127451e-01 -4.783783e-10
9.264706e-01 1.127451e-01 -2.404192e-10
9.362745e-01 1.127451e-01 -1.686567e-10
9.460784e-01 1.127451e-01 -9.961760e-11
9.558824e-01 1.127451e-01 -1.040135e-11
9.656863e-01 1.127451e-01 -1.258667e-12
9.754902e-01 1.127451e-01 -4.212447e-11
9.852941e-01 1.127451e-01 -2.260401e-11
9.950980e-01 1.127451e-01 3.021475e-11
4.901961e-03 1.225490e-01 5.080566e-11
1.470588e-02 1.225490e-01 -6.949092e-11
2.450980e-02 1.225490e-01 -4.076818e-11
3.431373e-02 1.225490e-01 7.383703e-11
4.411765e-02 1.225490e-01 5.503729e-11
5.392157e-02 1.225490e-01 -6.354406e-11
6.372549e-02 1.225490e-01 -7.078325e-11
7.352941e-02 1.225490e-01 4.478576e-11
8.333333e-02 1.225490e-01 8.769405e-11
9.313725e-02 1.225490e-01 -1.167649e-11
1.029412e-01 1.225490e-01 -9.487263e-11
1.127451e-01 1.225490e-01 -3.438934e-11
1.225490e-01 1.225490e-01 7.871381e-11
1.323529e-01 1.225490e-01 8.161406e-11
1.421569e-01 1.225490e-01 -2.862677e-11
1.519608e-01 1.225490e-01 -1.035372e-10
1.617647e-01 1.225490e-01 -4.714811e-11
1.715686e-01 1.225490e-01 6.923566e-11
1.813725e-01 1.225490e-01 1.067116e-10
1.911765e-01 1.225490e-01 2.375794e-11
2.009804e-01 1.225490e-01 -8.765098e-11
2.107843e-01 1.225490e-01 -1.115133e-10
2.205882e-01 1.225490e-01 -2.580980e-11
2.303922e-01 1.225490e-01 8.707764e-11
2.401961e-01 1.225490e-01 1.265010e-10
2.500000e-01 1.225490e-01 6.118282e-11
2.598039e-01 1.225490e-01 -5.490820e-11
2.696078e-01 1.225490e-01 -1.350305e-10
2.794118e-01 1.225490e-01 -1.255142e-10
2.892157e-01 1.225490e-01 -3.555395e-11
2.990196e-01 1.225490e-01 7.931090e-11
3.088235e-01 1.225490e-01 1.570792e-10
3.186275e-01 1.225490e-01 1.625587e-10
3.284314e-01 1.225490e-01 9.788260e-11
3.382353e-01 1.225490e-01 -7.759841e-12
3.480392e-01 1.225490e-01 -1.171053e-10
3.578431e-01 1.225490e-01 -2.006540e-10
3.676471e-01 1.225490e-01 -2.436447e-10
3.774510e-01 1.225490e-01 -2.450978e-10
3.872549e-01 1.225490e-01 -2.139502e-10
3.970588e-01 1.225490e-01 -1.680979e-10
4.068627e-01 1.225490e-01 -1.395486e-10
4.166667e-01 1.225490e-01 -1.818238e-10
4.264706e-01 1.225490e-01 -3.624528e-10
4.362745e-01 1.225490e-01 -7.035513e-10
4.460784e-01 1.225490e-01 -1.010721e-09
4.558824e-01 1.225490e-01 -5.163641e-10
4.656863e-01 1.225490e-01 2.727774e-09
4.754902e-01 1.225490e-01 1.272062e-08
4.852941e-01 1.225490e-01 3.656269e-08
4.950980e-01 1.225490e-01 8.545888e-08
5.049020e-01 1.225490e-01 1.753378e-07
5.147059e-01 1.225490e-01 3.266226e-07
5.245098e-01 1.225490e-01 5.628428e-07
5.343137e-01 1.225490e-01 9.077533e-07
5.441176e-01 1.225490e-01 1.381370e-06
5.539216e-01 1.225490e-01 1.994984e-06
5.637255e-01 1.225490e-01 2.746883e-06
5.735294e-01 1.225490e-01 3.618466e-06
5.833333e-01 1.225490e-01 4.573954e-06
5.931373e-01 1.225490e-01 5.560947e-06
6.029412e-01 1.225490e-01 6.516778e-06
6.127451e-01 1.225490e-01 7.373332e-06
6.225490e-01 1.225490e-01 8.067878e-06
6.323529e-01 1.225490e-01 8.548068e-06
6.421569e-01 1.225490e-01 8.781151e-06
6.519608e-01 1.225490e-01 8.755141e-06
6.617647e-01 1.225490e-01 8.480775e-06
6.715686e-01 1.225490e-01 7.988663e-06
6.813725e-01 1.225490e-01 7.323342e-06
6.911765e-01 1.225490e-01 6.538862e-06
7.009804e-01 1.225490e-01 5.690350e-06
7.107843e-01 1.225490e-01 4.829450e-06
7.205882e-01 1.225490e-01 4.000162e-06
7.303922e-01 1.225490e-01 3.235033e-06
7.401961e-01 1.225490e-01 2.556003e-06
7.500000e-01 1.225490e-01 1.974117e-06
7.598039e-01 1.225490e-01 1.490850e-06
7.696078e-01 1.225490e-01 1.101603e-06
7.794118e-01 1.225490e-01 7.968097e-07
7.892157e-01 1.225490e-01 5.641761e-07
7.990196e-01 1.225490e-01 3.913734e-07
8.088235e-01 1.225490e-01 2.661390e-07
8.186275e-01 1.225490e-01 1.772525e-07
8.284314e-01 1.225490e-01 1.158046e-07
8.382353e-01 1.225490e-01 7.432942e-08
8.480392e-01 1.225490e-01 4.668779e-08
8.578431e-01 1.225490e-01 2.876023e-08
8.676471e-01 1.225490e-01 1.752857e-08
8.774510e-01 1.225490e-01 1.043388e-08
8.872549e-01 1.225490e-01 6.003295e-09
8.970588e-01 1.225490e-01 3.496646e-09
9.068627e-01 1.225490e-01 2.049058e-09
9.166667e-01 1.225490e-01 1.060245e-09
9.264706e-01 1.225490e-01 5.318951e-10
9.362745e-01 1.225490e-01 3.761246e-10
9.460784e-01 1.225490e-01 2.220828e-10
9.558824e-01 1.225490e-01 2.078377e-11
9.656863e-01 1.225490e-01 1.979177e-12
9.754902e-01 1.225490e-01 9.583788e-11
9.852941e-01 1.225490e-01 5.080566e-11
9.950980e-01 1.225490e-01 -6.949092e-11
4.901961e-03 1.323529e-01 5.310537e-11
1.470588e-02 1.323529e-01 -7.190830e-11
2.450980e-02 1.323529e-01 -4.250114e-11
3.431373e-02 1.323529e-01 7.649162e-11
4.411765e-02 1.323529e-01 5.733768e-11
5.392157e-02 1.323529e-01 -6.575771e-11
6.372549e-02 1.323529e-01 -7.363585e-11
7.352941e-02 1.323529e-01 4.625584e-11
8.333333e-02 1.323529e-01 9.113043e-11
9.313725e-02 1.323529e-01 -1.185820e-11
1.029412e-01 1.323529e-01 -9.849533e-11
1.127451e-01 1.323529e-01 -3.596522e-11
1.225490e-01 1.323529e-01 8.161406e-11
1.323529e-01 1.323529e-01 8.495089e-11
1.421569e-01 1.323529e-01 -2.950640e-11
1.519608e-01 1.323529e-01 -1.076083e-10
1.617647e-01 1.323529e-01 -4.924292e-11
1.715686e-01 1.323529e-01 7.182084e-11
1.813725e-01 1.323529e-01 1.110704e-10
1.911765e-01 1.323529e-01 2.494720e-11
2.009804e-01 1.323529e-01 -9.108826e-11
2.107843e-01 1.323529e-01 -1.161792e-10
2.205882e-01 1.323529e-01 -2.708686e-11
2.303922e-01 1.323529e-01 9.057746e-11
2.401961e-01 1.323529e-01 1.318706e-10
2.500000e-01 1.323529e-01 6.395136e-11
2.598039e-01 1.323529e-01 -5.710304e-11
2.696078e-01 1.323529e-01 -1.408284e-10
2.794118e-01 1.323529e-01 -1.310764e-10
2.892157e-01 1.323529e-01 -3.726339e-11
2.990196e-01 1.323529e-01 8.271851e-11
3.088235e-01 1.323529e-01 1.640846e-10
3.186275e-01 1.323529e-01 1.699544e-10
3.284314e-01 1.323529e-01 1.024356e-10
3.382353e-01 1.323529e-01 -8.029861e-12
3.480392e-01 1.323529e-01 -1.224820e-10
3.578431e-01 1.323529e-01 -2.100185e-10
3.676471e-01 1.323529e-01 -2.551318e-10
3.774510e-01 1.323529e-01 -2.567578e-10
3.872549e-01 1.323529e-01 -2.242690e-10
3.970588e-01 1.323529e-01 -1.764898e-10
4.068627e-01 1.323529e-01 -1.470540e-10
4.166667e-01 1.323529e-01 -1.920152e-10
4.264706e-01 1.323529e-01 -3.816724e-10
4.362745e-01 1.323529e-01 -7.378219e-10
4.460784e-01 1.323529e-01 -1.053863e-09
4.558824e-01 1.323529e-01 -5.204910e-10
4.656863e-01 1.323529e-01 2.911048e-09
4.754902e-01 1.323529e-01 1.344018e-08
4.852941e-01 1.323529e-01 3.851689e-08
4.950980e-01 1.323529e-01 8.989044e-08
5.049020e-01 1.323529e-01 1.842557e-07
5.147059e-01 1.323529e-01 3.430110e-07
5.245098e-01 1.323529e-01 5.908017e-07
5.343137e-01 1.323529e-01 9.525034e-07
5.441176e-01 1.323529e-01 1.449069e-06
5.539216e-01 1.323529e-01 2.092311e-06
5.637255e-01 1.323529e-01 2.880419e-06
5.735294e-01 1.323529e-01 3.793899e-06
5.833333e-01 1.323529e-01 4.795264e-06
5.931373e-01 1.323529e-01 5.829621e-06
6.029412e-01 1.323529e-01 6.831327e-06
6.127451e-01 1.323529e-01 7.729025e-06
6.225490e-01 1.323529e-01 8.456995e-06
6.323529e-01 1.323529e-01 8.960386e-06
6.421569e-01 1.323529e-01 9.204869e-06
6.519608e-01 1.323529e-01 9.177861e-06
6.617647e-01 1.323529e-01 8.890581e-06
6.715686e-01 1.323529e-01 8.375076e-06
6.813725e-01 1.323529e-01 7.677986e-06
6.911765e-01 1.323529e-01 6.855930e-06
7.009804e-01 1.323529e-01 5.966670e-06
7.107843e-01 1.323529e-01 5.064329e-06
7.205882e-01 1.323529e-01 4.195029e-06
7.303922e-01 1.323529e-01 3.392901e-06
7.401961e-01 1.323529e-01 2.680960e-06
7.500000e-01 1.323529e-01 2.070808e-06
7.598039e-01 1.323529e-01 1.564012e-06
7.696078e-01 1.323529e-01 1.155769e-06
7.794118e-01 1.323529e-01 8.360673e-07
7.892157e-01 1.323529e-01 5.920298e-07
7.990196e-01 1.323529e-01 4.107352e-07
8.088235e-01 1.323529e-01 2.793318e-07
8.186275e-01 1.323529e-01 1.860583e-07
8.284314e-01 1.323529e-01 1.215696e-07
8.382353e-01 1.323529e-01 7.803630e-08
8.480392e-01 1.323529e-01 4.902177e-08
8.578431e-01 1.323529e-01 3.020133e-08
8.676471e-01 1.323529e-01 1.840746e-08
8.774510e-01 1.323529e-01 1.095833e-08
8.872549e-01 1.323529e-01 6.306693e-09
8.970588e-01 1.323529e-01 3.672861e-09
9.068627e-01 1.323529e-01 2.151789e-09
9.166667e-01 1.323529e-01 1.114603e-09
9.264706e-01 1.323529e-01 5.595772e-10
9.362745e-01 1.323529e-01 3.943436e-10
9.460784e-01 1.323529e-01 2.328926e-10
9.558824e-01 1.323529e-01 2.287877e-11
9.656863e-01 1.323529e-01 2.431124e-12
9.754902e-01 1.323529e-01 9.962720e-11
9.852941e-01 1.323529e-01 5.310537e-11
9.950980e-01 1.323529e-01 -7.190830e-11
4.901961e-03 1.421569e-01 -1.824247e-11
1.470588e-02 1.421569e-01 2.536349e-11
2.450980e-02 1.421569e-01 1.471097e-11
3.431373e-02 1.421569e-01 -2.689563e-11
4.411765e-02 1.421569e-01 -1.987610e-11
5.392157e-02 1.421569e-01 2.318475e-11
6.372549e-02 1.421569e-01 2.561924e-11
7.352941e-02 1.421569e-01 -1.638747e-11
8.333333e-02 1.421569e-01 -3.178980e-11
9.313725e-02 1.421569e-01 4.379109e-12
1.029412e-01 1.421569e-01 3.444006e-11
1.127451e-01 1.421569e-01 1.234404e-11
1.225490e-01 1.421569e-01 -2.862677e-11
1.323529e-01 1.421569e-01 -2.950640e-11
1.421569e-01 1.421569e-01 1.050190e-11
1.519608e-01 1.421569e-01 3.751291e-11
1.617647e-01 1.421569e-01 1.695527e-11
1.715686e-01 1.421569e-01 -2.515293e-11
1.813725e-01 1.421569e-01 -3.856942e-11
1.911765e-01 1.421569e-01 -8.473007e-12
2.009804e-01 1.421569e-01 3.174850e-11
2.107843e-01 1.421569e-01 4.023733e-11
2.205882e-01 1.421569e-01 9.211432e-12
2.303922e-01 1.421569e-01 -3.148678e-11
2.401961e-01 1.421569e-01 -4.559216e-11
2.500000e-01 1.421569e-01 -2.196257e-11
2.598039e-01 1.421569e-01 1.985212e-11
2.696078e-01 1.421569e-01 4.861518e-11
2.794118e-01 1.421569e-01 4.509782e-11
2.892157e-01 1.421569e-01 1.270862e-11
2.990196e-01 1.421569e-01 -2.853903e-11
3.088235e-01 1.421569e-01 -5.639254e-11
3.186275e-01 1.421569e-01 -5.828209e-11
3.284314e-01 1.421569e-01 -3.504289e-11
3.382353e-01 1.421569e-01 2.816162e-12
3.480392e-01 1.421569e-01 4.193728e-11
3.578431e-01 1.421569e-01 7.178001e-11
3.676471e-01 1.421569e-01 8.709565e-11
3.774510e-01 1.421569e-01 8.755710e-11
3.872549e-01 1.421569e-01 7.634962e-11
3.970588e-01 1.421569e-01 5.981656e-11
4.068627e-01 1.421569e-01 4.932205e-11
4.166667e-01 1.421569e-01 6.398299e-11
4.264706e-01 1.421569e-01 1.281771e-10
4.362745e-01 1.421569e-01 2.506329e-10
4.460784e-01 1.421569e-01 3.637311e-10
4.558824e-01 1.421569e-01 1.965250e-10
4.656863e-01 1.421569e-01 -9.419686e-10
4.754902e-01 1.421569e-01 -4.473626e-09
4.852941e-01 1.421569e-01 -1.292719e-08
4.950980e-01 1.421569e-01 -3.029767e-08
5.049020e-01 1.421569e-01 -6.226904e-08
5.147059e-01 1.421569e-01 -1.161341e-07
5.245098e-01 1.421569e-01 -2.002993e-07
5.343137e-01 1.421569e-01 -3.232567e-07
5.441176e-01 1.421569e-01 -4.921656e-07
5.539216e-01 1.421569e-01 -7.110716e-07
5.637255e-01 1.421569e-01 -9.793738e-07
5.735294e-01 1.421569e-01 -1.290437e-06
5.833333e-01 1.421569e-01 -1.631484e-06
5.931373e-01 1.421569e-01 -1.983801e-06
6.029412e-01 1.421569e-01 -2.324999e-06
6.127451e-01 1.421569e-01 -2.630748e-06
6.225490e-01 1.421569e-01 -2.878640e-06
6.323529e-01 1.421569e-01 -3.049982e-06
6.421569e-01 1.421569e-01 -3.133085e-06
6.519608e-01 1.421569e-01 -3.123680e-06
6.617647e-01 1.421569e-01 -3.025617e-06
6.715686e-01 1.421569e-01 -2.849841e-06
6.813725e-01 1.421569e-01 -2.612269e-06
6.911765e-01 1.421569e-01 -2.332208e-06
7.009804e-01 1.421569e-01 -2.029345e-06
7.107843e-01 1.421569e-01 -1.722114e-06
7.205882e-01 1.421569e-01 -1.426216e-06
7.303922e-01 1.421569e-01 -1.153259e-06
7.401961e-01 1.421569e-01 -9.110590e-07
7.500000e-01 1.421569e-01 -7.035466e-07
7.598039e-01 1.421569e-01 -5.312338e-07
7.696078e-01 1.421569e-01 -3.924707e-07
7.794118e-01 1.421569e-01 -2.838352e-07
7.892157e-01 1.421569e-01 -2.009336e-07
7.990196e-01 1.421569e-01 -1.393657e-07
8.088235e-01 1.421569e-01 -9.475477e-08
8.186275e-01 1.421569e-01 -6.309661e-08
8.284314e-01 1.421569e-01 -4.121590e-08
8.382353e-01 1.421569e-01 -2.645055e-08
8.480392e-01 1.421569e-01 -1.661076e-08
8.578431e-01 1.421569e-01 -1.023040e-08
8.676471e-01 1.421569e-01 -6.234810e-09
8.774510e-01 1.421569e-01 -3.710512e-09
8.872549e-01 1.421569e-01 -2.133892e-09
8.970588e-01 1.421569e-01 -1.243185e-09
9.068627e-01 1.421569e-01 -7.288605e-10
9.166667e-01 1.421569e-01 -3.764124e-10
9.264706e-01 1.421569e-01 -1.885628e-10
9.362745e-01 1.421569e-01 -1.341673e-10
9.460784e-01 1.421569e-01 -7.921088e-11
9.558824e-01 1.421569e-01 -6.757809e-12
9.656863e-01 1.421569e-01 -4.698439e-13
9.754902e-01 1.421569e-01 -3.470409e-11
9.852941e-01 1.421569e-01 -1.824247e-11
9.950980e-01 1.421569e-01 2.536349e-11
4.901961e-03 1.519608e-01 -6.714305e-11
1.470588e-02 1.519608e-01 9.132744e-11
2.450980e-02 1.519608e-01 5.382021e-11
3.431373e-02 1.519608e-01 -9.708663e-11
4.411765e-02 1.519608e-01 -7.261637e-11
5.392157e-02 1.519608e-01 8.349928e-11
6.372549e-02 1.519608e-01 9.330999e-11
7.352941e-02 1.519608e-01 -5.877739e-11
8.333333e-02 1.519608e-01 -1.155226e-10
9.313725e-02 1.519608e-01 1.516643e-11
1.029412e-01 1.519608e-01 1.248992e-10
1.127451e-01 1.519608e-01 4.547818e-11
1.225490e-01 1.519608e-01 -1.035372e-10
1.323529e-01 1.519608e-01 -1.076083e-10
1.421569e-01 1.519608e-01 3.751291e-11
1.519608e-01 1.519608e-01 1.363760e-10
1.617647e-01 1.519608e-01 6.229173e-11
1.715686e-01 1.519608e-01 -9.107707e-11
1.813725e-01 1.519608e-01 -1.406686e-10
1.911765e-01 1.519608e-01 -3.149390e-11
2.009804e-01 1.519608e-01 1.154142e-10
2.107843e-01 1.519608e-01 1.470657e-10
2.205882e-01 1.519608e-01 3.419942e-11
2.303922e-01 1.519608e-01 -1.147058e-10
2.401961e-01 1.519608e-01 -1.668640e-10
2.500000e-01 1.519608e-01 -8.084435e-11
2.598039e-01 1.519608e-01 7.230025e-11
2.696078e-01 1.519608e-01 1.781302e-10
2.794118e-01 1.519608e-01 1.657141e-10
2.892157e-01 1.519608e-01 4.705710e-11
2.990196e-01 1.519608e-01 -1.045958e-10
3.088235e-01 1.519608e-01 -2.073693e-10
3.186275e-01 1.519608e-01 -2.147173e-10
3.284314e-01 1.519608e-01 -1.293727e-10
3.382353e-01 1.519608e-01 1.016126e-11
3.480392e-01 1.519608e-01 1.546653e-10
3.578431e-01 1.519608e-01 2.651368e-10
3.676471e-01 1.519608e-01 3.220303e-10
3.774510e-01 1.519608e-01 3.240253e-10
3.872549e-01 1.519608e-01 2.829409e-10
3.970588e-01 1.519608e-01 2.224774e-10
4.068627e-01 1.519608e-01 1.849992e-10
4.166667e-01 1.519608e-01 2.412335e-10
4.264706e-01 1.519608e-01 4.801694e-10
4.362745e-01 1.519608e-01 9.302324e-10
4.460784e-01 1.519608e-01 1.332754e-09
4.558824e-01 1.519608e-01 6.701331e-10
4.656863e-01 1.519608e-01 -3.637347e-09
4.754902e-01 1.519608e-01 -1.688146e-08
4.852941e-01 1.519608e-01 -4.845467e-08
4.950980e-01 1.519608e-01 -1.131749e-07
5.049020e-01 1.519608e-01 -2.321027e-07
5.147059e-01 1.519608e-01 -4.322381e-07
5.245098e-01 1.519608e-01 -7.446837e-07
5.343137e-01 1.519608e-01 -1.200838e-06
5.441176e-01 1.519608e-01 -1.827154e-06
5.539216e-01 1.519608e-01 -2.638554e-06
5.637255e-01 1.519608e-01 -3.632769e-06
5.735294e-01 1.519608e-01 -4.785209e-06
5.833333e-01 1.519608e-01 -6.048576e-06
5.931373e-01 1.519608e-01 -7.353605e-06
6.029412e-01 1.519608e-01 -8.617454e-06
6.127451e-01 1.519608e-01 -9.750076e-06
6.225490e-01 1.519608e-01 -1.066854e-05
6.323529e-01 1.519608e-01 -1.130362e-05
6.421569e-01 1.519608e-01 -1.161201e-05
6.519608e-01 1.519608e-01 -1.157784e-05
6.617647e-01 1.519608e-01 -1.121529e-05
6.715686e-01 1.519608e-01 -1.056479e-05
6.813725e-01 1.519608e-01 -9.685216e-06
6.911765e-01 1.519608e-01 -8.648021e-06
7.009804e-01 1.519608e-01 -7.526086e-06
7.107843e-01 1.519608e-01 -6.387699e-06
7.205882e-01 1.519608e-01 -5.291048e-06
7.303922e-01 1.519608e-01 -4.279185e-06
7.401961e-01 1.519608e-01 -3.381135e-06
7.500000e-01 1.519608e-01 -2.611519e-06
7.598039e-01 1.519608e-01 -1.972305e-06
7.696078e-01 1.519608e-01 -1.457421e-06
7.794118e-01 1.519608e-01 -1.054229e-06
7.892157e-01 1.519608e-01 -7.464759e-07
7.990196e-01 1.519608e-01 -5.178605e-07
8.088235e-01 1.519608e-01 -3.521683e-07
8.186275e-01 1.519608e-01 -2.345610e-07
8.284314e-01 1.519608e-01 -1.532532e-07
8.382353e-01 1.519608e-01 -9.836991e-08
8.480392e-01 1.519608e-01 -6.179151e-08
8.578431e-01 1.519608e-01 -3.806625e-08
8.676471e-01 1.519608e-01 -2.320067e-08
8.774510e-01 1.519608e-01 -1.381101e-08
8.872549e-01 1.519608e-01 -7.947337e-09
8.970588e-01 1.519608e-01 -4.628618e-09
9.068627e-01 1.519608e-01 -2.712123e-09
9.166667e-01 1.519608e-01 -1.404075e-09
9.264706e-01 1.519608e-01 -7.045801e-10
9.362745e-01 1.519608e-01 -4.974247e-10
9.460784e-01 1.519608e-01 -2.937899e-10
9.558824e-01 1.519608e-01 -2.815429e-11
9.656863e-01 1.519608e-01 -2.785717e-12
9.754902e-01 1.519608e-01 -1.262296e-10
9.852941e-01 1.519608e-01 -6.714305e-11
9.950980e-01 1.519608e-01 9.132744e-11
4.901961e-03 1.617647e-01 -3.088931e-11
1.470588e-02 1.617647e-01 4.147758e-11
2.450980e-02 1.617647e-01 2.467438e-11
3.431373e-02 1.617647e-01 -4.415895e-11
4.411765e-02 1.617647e-01 -3.326427e-11
5.392157e-02 1.617647e-01 3.792678e-11
6.372549e-02 1.617647e-01 4.266653e-11
7.352941e-02 1.617647e-01 -2.663207e-11
8.333333e-02 1.617647e-01 -5.275304e-11
9.313725e-02 1.617647e-01 6.724280e-12
1.029412e-01 1.617647e-01 5.696689e-11
1.127451e-01 1.617647e-01 2.093470e-11
1.225490e-01 1.617647e-01 -4.714811e-11
1.323529e-01 1.617647e-01 -4.924292e-11
1.421569e-01 1.617647e-01 1.695527e-11
1.519608e-01 1.617647e-01 6.229173e-11
1.617647e-01 1.617647e-01 2.862807e-11
1.715686e-01 1.617647e-01 -4.150238e-11
1.813725e-01 1.617647e-01 -6.437487e-11
1.911765e-01 1.617647e-01 -1.457134e-11
2.009804e-01 1.617647e-01 5.271633e-11
2.107843e-01 1.617647e-01 6.738677e-11
2.205882e-01 1.617647e-01 1.581301e-11
2.303922e-01 1.617647e-01 -5.245825e-11
2.401961e-01 1.617647e-01 -7.651981e-11
2.500000e-01 1.617647e-01 -3.719732e-11
2.598039e-01 1.617647e-01 3.305963e-11
2.696078e-01 1.617647e-01 8.174064e-11
2.794118e-01 1.617647e-01 7.616921e-11
2.892157e-01 1.617647e-01 2.172536e-11
2.990196e-01 1.617647e-01 -4.800360e-11
3.088235e-01 1.617647e-01 -9.535636e-11
3.186275e-01 1.617647e-01 -9.884162e-11
3.284314e-01 1.617647e-01 -5.962711e-11
3.382353e-01 1.617647e-01 4.619628e-12
3.480392e-01 1.617647e-01 7.124003e-11
3.578431e-01 1.617647e-01 1.222336e-10
3.676471e-01 1.617647e-01 1.485473e-10
3.774510e-01 1.617647e-01 1.495432e-10
3.872549e-01 1.617647e-01 1.306843e-10
3.970588e-01 1.617647e-01 1.029678e-10
4.068627e-01 1.617647e-01 8.602910e-11
4.166667e-01 1.617647e-01 1.125106e-10
4.264706e-01 1.617647e-01 2.231704e-10
4.362745e-01 1.617647e-01 4.301244e-10
4.460784e-01 1.617647e-01 6.118006e-10
4.558824e-01 1.617647e-01 2.946716e-10
4.656863e-01 1.617647e-01 -1.717745e-09
4.754902e-01 1.617647e-01 -7.875496e-09
4.852941e-01 1.617647e-01 -2.252235e-08
4.950980e-01 1.617647e-01 -5.250580e-08
5.049020e-01 1.617647e-01 -1.075525e-07
5.147059e-01 1.617647e-01 -2.001265e-07
5.245098e-01 1.617647e-01 -3.445802e-07
5.343137e-01 1.617647e-01 -5.553975e-07
5.441176e-01 1.617647e-01 -8.447760e-07
5.539216e-01 1.617647e-01 -1.219589e-06
5.637255e-01 1.617647e-01 -1.678779e-06
5.735294e-01 1.617647e-01 -2.210988e-06
5.833333e-01 1.617647e-01 -2.794382e-06
5.931373e-01 1.617647e-01 -3.396993e-06
6.029412e-01 1.617647e-01 -3.980590e-06
6.127451e-01 1.617647e-01 -4.503614e-06
6.225490e-01 1.617647e-01 -4.927786e-06
6.323529e-01 1.617647e-01 -5.221151e-06
6.421569e-01 1.617647e-01 -5.363704e-06
6.519608e-01 1.617647e-01 -5.348103e-06
6.617647e-01 1.617647e-01 -5.180868e-06
6.715686e-01 1.617647e-01 -4.880653e-06
6.813725e-01 1.617647e-01 -4.474614e-06
6.911765e-01 1.617647e-01 -3.995727e-06
7.009804e-01 1.617647e-01 -3.477639e-06
7.107843e-01 1.617647e-01 -2.951882e-06
7.205882e-01 1.617647e-01 -2.445332e-06
7.303922e-01 1.617647e-01 -1.977886e-06
7.401961e-01 1.617647e-01 -1.562963e-06
7.500000e-01 1.617647e-01 -1.207333e-06
7.598039e-01 1.617647e-01 -9.119212e-07
7.696078e-01 1.617647e-01 -6.739362e-07
7.794118e-01 1.617647e-01 -4.875504e-07
7.892157e-01 1.617647e-01 -3.452658e-07
7.990196e-01 1.617647e-01 -2.395537e-07
8.088235e-01 1.617647e-01 -1.629266e-07
8.186275e-01 1.617647e-01 -1.085310e-07
8.284314e-01 1.617647e-01 -7.091865e-08
8.382353e-01 1.617647e-01 -4.552596e-08
8.480392e-01 1.617647e-01 -2.860144e-08
8.578431e-01 1.617647e-01 -1.762217e-08
8.676471e-01 1.617647e-01 -1.074077e-08
8.774510e-01 1.617647e-01 -6.394752e-09
8.872549e-01 1.617647e-01 -3.680986e-09
8.970588e-01 1.617647e-01 -2.143465e-09
9.068627e-01 1.617647e-01 -1.255541e-09
9.166667e-01 1.617647e-01 -6.508945e-10
9.264706e-01 1.617647e-01 -3.269414e-10
9.362745e-01 1.617647e-01 -2.297958e-10
9.460784e-01 1.617647e-01 -1.357532e-10
9.558824e-01 1.617647e-01 -1.382234e-11
9.656863e-01 1.617647e-01 -1.560849e-12
9.754902e-01 1.617647e-01 -5.767256e-11
9.852941e-01 1.617647e-01 -3.088931e-11
9.950980e-01 1.617647e-01 4.147758e-11
4.901961e-03 1.715686e-01 4.470632e-11
1.470588e-02 1.715686e-01 -6.116104e-11
2.450980e-02 1.715686e-01 -3.590841e-11
3.431373e-02 1.715686e-01 6.496487e-11
4.411765e-02 1.715686e-01 4.845561e-11
5.392157e-02 1.715686e-01 -5.590378e-11
6.372549e-02 1.715686e-01 -6.230871e-11
7.352941e-02 1.715686e-01 3.938738e-11
8.333333e-02 1.715686e-01 7.717782e-11
9.313725e-02 1.715686e-01 -1.024597e-11
1.029412e-01 1.715686e-01 -8.347617e-11
1.127451e-01 1.715686e-01 -3.028610e-11
1.225490e-01 1.715686e-01 6.923566e-11
1.323529e-01 1.715686e-01 7.182084e-11
1.421569e-01 1.715686e-01 -2.515293e-11
1.519608e-01 1.715686e-01 -9.107707e-11
1.617647e-01 1.715686e-01 -4.150238e-11
1.715686e-01 1.715686e-01 6.087074e-11
1.813725e-01 1.715686e-01 9.386175e-11
1.911765e-01 1.715686e-01 2.092846e-11
2.009804e-01 1.715686e-01 -7.705376e-11
2.107843e-01 1.715686e-01 -9.806590e-11
2.205882e-01 1.715686e-01 -2.272978e-11
2.303922e-01 1.715686e-01 7.652700e-11
2.401961e-01 1.715686e-01 1.112105e-10
2.500000e-01 1.715686e-01 5.381494e-11
2.598039e-01 1.715686e-01 -4.822275e-11
2.696078e-01 1.715686e-01 -1.186582e-10
2.794118e-01 1.715686e-01 -1.103179e-10
2.892157e-01 1.715686e-01 -3.128117e-11
2.990196e-01 1.715686e-01 6.964525e-11
3.088235e-01 1.715686e-01 1.379818e-10
3.186275e-01 1.715686e-01 1.428102e-10
3.284314e-01 1.715686e-01 8.600997e-11
3.382353e-01 1.715686e-01 -6.772386e-12
3.480392e-01 1.715686e-01 -1.028038e-10
3.578431e-01 1.715686e-01 -1.761759e-10
3.676471e-01 1.715686e-01 -2.139287e-10
3.774510e-01 1.715686e-01 -2.152059e-10
3.872549e-01 1.715686e-01 -1.878495e-10
3.970588e-01 1.715686e-01 -1.475509e-10
4.068627e-01 1.715686e-01 -1.223728e-10
4.166667e-01 1.715686e-01 -1.592710e-10
4.264706e-01 1.715686e-01 -3.175657e-10
4.362745e-01 1.715686e-01 -6.168976e-10
4.460784e-01 1.715686e-01 -8.871992e-10
4.558824e-01 1.715686e-01 -4.557777e-10
4.656863e-01 1.715686e-01 2.385787e-09
4.754902e-01 1.715686e-01 1.114538e-08
4.852941e-01 1.715686e-01 3.205311e-08
4.950980e-01 1.715686e-01 7.494221e-08
5.049020e-01 1.715686e-01 1.537934e-07
5.147059e-01 1.715686e-01 2.865350e-07
5.245098e-01 1.715686e-01 4.938243e-07
5.343137e-01 1.715686e-01 7.965201e-07
5.441176e-01 1.715686e-01 1.212201e-06
5.539216e-01 1.715686e-01 1.750789e-06
5.637255e-01 1.715686e-01 2.410791e-06
5.735294e-01 1.715686e-01 3.175887e-06
5.833333e-01 1.715686e-01 4.014671e-06
5.931373e-01 1.715686e-01 4.881146e-06
6.029412e-01 1.715686e-01 5.720295e-06
6.127451e-01 1.715686e-01 6.472313e-06
6.225490e-01 1.715686e-01 7.082122e-06
6.323529e-01 1.715686e-01 7.503757e-06
6.421569e-01 1.715686e-01 7.708457e-06
6.519608e-01 1.715686e-01 7.685692e-06
6.617647e-01 1.715686e-01 7.444884e-06
6.715686e-01 1.715686e-01 7.012906e-06
6.813725e-01 1.715686e-01 6.428857e-06
6.911765e-01 1.715686e-01 5.740189e-06
7.009804e-01 1.715686e-01 4.995302e-06
7.107843e-01 1.715686e-01 4.239537e-06
7.205882e-01 1.715686e-01 3.511523e-06
7.303922e-01 1.715686e-01 2.839837e-06
7.401961e-01 1.715686e-01 2.243738e-06
7.500000e-01 1.715686e-01 1.732923e-06
7.598039e-01 1.715686e-01 1.308685e-06
7.696078e-01 1.715686e-01 9.669873e-07
7.794118e-01 1.715686e-01 6.994306e-07
7.892157e-01 1.715686e-01 4.952203e-07
7.990196e-01 1.715686e-01 3.435330e-07
8.088235e-01 1.715686e-01 2.336035e-07
8.186275e-01 1.715686e-01 1.555807e-07
8.284314e-01 1.715686e-01 1.016440e-07
8.382353e-01 1.715686e-01 6.523950e-08
8.480392e-01 1.715686e-01 4.097743e-08
8.578431e-01 1.715686e-01 2.524199e-08
8.676471e-01 1.715686e-01 1.538423e-08
8.774510e-01 1.715686e-01 9.157330e-09
8.872549e-01 1.715686e-01 5.268494e-09
8.970588e-01 1.715686e-01 3.068689e-09
9.068627e-01 1.715686e-01 1.798437e-09
9.166667e-01 1.715686e-01 9.303899e-10
9.264706e-01 1.715686e-01 4.665999e-10
9.362745e-01 1.715686e-01 3.301905e-10
9.460784e-01 1.715686e-01 1.950370e-10
9.558824e-01 1.715686e-01 1.808052e-11
9.656863e-01 1.715686e-01 1.605468e-12
9.754902e-01 1.715686e-01 8.427581e-11
9.852941e-01 1.715686e-01 4.470632e-11
9.950980e-01 1.715686e-01 -6.116104e-11
4.901961e-03 1.813725e-01 6.939068e-11
1.470588e-02 1.813725e-01 -9.409723e-11
2.450980e-02 1.813725e-01 -5.560469e-11
3.431373e-02 1.813725e-01 1.000491e-10
4.411765e-02 1.813725e-01 7.499032e-11
5.392157e-02 1.813725e-01 -8.601422e-11
6.372549e-02 1.813725e-01 -9.630900e-11
7.352941e-02 1.813725e-01 6.049933e-11
8.333333e-02 1.813725e-01 1.191823e-10
9.313725e-02 1.813725e-01 -1.550884e-11
1.029412e-01 1.813725e-01 -1.288017e-10
1.127451e-01 1.813725e-01 -4.703025e-11
1.225490e-01 1.813725e-01 1.067116e-10
1.323529e-01 1.813725e-01 1.110704e-10
1.421569e-01 1.813725e-01 -3.856942e-11
1.519608e-01 1.813725e-01 -1.406686e-10
1.617647e-01 1.813725e-01 -6.437487e-11
1.715686e-01 1.813725e-01 9.386175e-11
1.813725e-01 1.813725e-01 1.451590e-10
1.911765e-01 1.813725e-01 3.261455e-11
2.009804e-01 1.813725e-01 -1.190063e-10
2.107843e-01 1.813725e-01 -1.517916e-10
2.205882e-01 1.813725e-01 -3.540537e-11
2.303922e-01 1.813725e-01 1.182932e-10
2.401961e-01 1.813725e-01 1.722303e-10
2.500000e-01 1.813725e-01 8.353737e-11
2.598039e-01 1.813725e-01 -7.453098e-11
2.696078e-01 1.813725e-01 -1.838467e-10
2.794118e-01 1.813725e-01 -1.711212e-10
2.892157e-01 1.813725e-01 -4.867350e-11
2.990196e-01 1.813725e-01 1.079136e-10
3.088235e-01 1.813725e-01 2.140903e-10
3.186275e-01 1.813725e-01 2.217494e-10
3.284314e-01 1.813725e-01 1.336666e-10
3.382353e-01 1.813725e-01 -1.042280e-11
3.480392e-01 1.813725e-01 -1.596886e-10
3.578431e-01 1.813725e-01 -2.738318e-10
3.676471e-01 1.813725e-01 -3.326436e-10
3.774510e-01 1.813725e-01 -3.347466e-10
3.872549e-01 1.813725e-01 -2.923507e-10
3.970588e-01 1.813725e-01 -2.299553e-10
4.068627e-01 1.813725e-01 -1.913411e-10
4.166667e-01 1.813725e-01 -2.495506e-10
4.264706e-01 1.813725e-01 -4.963845e-10
4.362745e-01 1.813725e-01 -9.608725e-10
4.460784e-01 1.813725e-01 -1.375152e-09
4.558824e-01 1.813725e-01 -6.869640e-10
4.656863e-01 1.813725e-01 3.770050e-09
4.754902e-01 1.813725e-01 1.746414e-08
4.852941e-01 1.813725e-01 5.009967e-08
4.950980e-01 1.813725e-01 1.169852e-07
5.049020e-01 1.813725e-01 2.398777e-07
5.147059e-01 1.813725e-01 4.466684e-07
5.245098e-01 1.813725e-01 7.694864e-07
5.343137e-01 1.813725e-01 1.240766e-06
5.441176e-01 1.813725e-01 1.887833e-06
5.539216e-01 1.813725e-01 2.726103e-06
5.637255e-01 1.813725e-01 3.753235e-06
5.735294e-01 1.813725e-01 4.943830e-06
5.833333e-01 1.813725e-01 6.249033e-06
5.931373e-01 1.813725e-01 7.597294e-06
6.029412e-01 1.813725e-01 8.903039e-06
6.127451e-01 1.813725e-01 1.007324e-05
6.225490e-01 1.813725e-01 1.102223e-05
6.323529e-01 1.813725e-01 1.167848e-05
6.421569e-01 1.813725e-01 1.199723e-05
6.519608e-01 1.813725e-01 1.196209e-05
6.617647e-01 1.813725e-01 1.158767e-05
6.715686e-01 1.813725e-01 1.091574e-05
6.813725e-01 1.813725e-01 1.000712e-05
6.911765e-01 1.813725e-01 8.935614e-06
7.009804e-01 1.813725e-01 7.776513e-06
7.107843e-01 1.813725e-01 6.600375e-06
7.205882e-01 1.813725e-01 5.467319e-06
7.303922e-01 1.813725e-01 4.421835e-06
7.401961e-01 1.813725e-01 3.493919e-06
7.500000e-01 1.813725e-01 2.698687e-06
7.598039e-01 1.813725e-01 2.038179e-06
7.696078e-01 1.813725e-01 1.506130e-06
7.794118e-01 1.813725e-01 1.089485e-06
7.892157e-01 1.813725e-01 7.714563e-07
7.990196e-01 1.813725e-01 5.352013e-07
8.088235e-01 1.813725e-01 3.639680e-07
8.186275e-01 1.813725e-01 2.424254e-07
8.284314e-01 1.813725e-01 1.583945e-07
8.382353e-01 1.813725e-01 1.016717e-07
8.480392e-01 1.813725e-01 6.386700e-08
8.578431e-01 1.813725e-01 3.934560e-08
8.676471e-01 1.813725e-01 2.398051e-08
8.774510e-01 1.813725e-01 1.427561e-08
8.872549e-01 1.813725e-01 8.215066e-09
8.970588e-01 1.813725e-01 4.784347e-09
9.068627e-01 1.813725e-01 2.803275e-09
9.166667e-01 1.813725e-01 1.451607e-09
9.264706e-01 1.813725e-01 7.284746e-10
9.362745e-01 1.813725e-01 5.139309e-10
9.460784e-01 1.813725e-01 3.036215e-10
9.558824e-01 1.813725e-01 2.939834e-11
9.656863e-01 1.813725e-01 2.915276e-12
9.754902e-01 1.813725e-01 1.301838e-10
9.852941e-01 1.813725e-01 6.939068e-11
9.950980e-01 1.813725e-01 -9.409723e-11
4.901961e-03 1.911765e-01 1.573633e-11
1.470588e-02 1.911765e-01 -2.084085e-11
2.450980e-02 1.911765e-01 -1.252631e-11
3.431373e-02 1.911765e-01 2.222269e-11
4.411765e-02 1.911765e-01 1.687102e-11
5.392157e-02 1.911765e-01 -1.905810e-11
6.372549e-02 1.911765e-01 -2.159719e-11
7.352941e-02 1.911765e-01 1.334593e-11
8.333333e-02 1.911765e-01 2.666391e-11
9.313725e-02 1.911765e-01 -3.287340e-12
1.029412e-01 1.911765e-01 -2.875621e-11
1.127451e-01 1.911765e-01 -1.067401e-11
1.225490e-01 1.911765e-01 2.375794e-11
1.323529e-01 1.911765e-01 2.494720e-11
1.421569e-01 1.911765e-01 -8.473007e-12
1.519608e-01 1.911765e-01 -3.149390e-11
1.617647e-01 1.911765e-01 -1.457134e-11
1.715686e-01 1.911765e-01 2.092846e-11
1.813725e-01 1.911765e-01 3.261455e-11
1.911765e-01 1.911765e-01 7.470346e-12
2.009804e-01 1.911765e-01 -2.665135e-11
2.107843e-01 1.911765e-01 -3.418677e-11
2.205882e-01 1.911765e-01 -8.101593e-12
2.303922e-01 1.911765e-01 2.655641e-11
2.401961e-01 1.911765e-01 3.885309e-11
2.500000e-01 1.911765e-01 1.895601e-11
2.598039e-01 1.911765e-01 -1.673180e-11
2.696078e-01 1.911765e-01 -4.153179e-11
2.794118e-01 1.911765e-01 -3.877136e-11
2.892157e-01 1.911765e-01 -1.111272e-11
2.990196e-01 1.911765e-01 2.439116e-11
3.088235e-01 1.911765e-01 4.855573e-11
3.186275e-01 1.911765e-01 5.038991e-11
3.284314e-01 1.911765e-01 3.043919e-11
3.382353e-01 1.911765e-01 -2.319953e-12
3.480392e-01 1.911765e-01 -3.633510e-11
3.578431e-01 1.911765e-01 -6.240530e-11
3.676471e-01 1.911765e-01 -7.588554e-11
3.774510e-01 1.911765e-01 -7.643384e-11
3.872549e-01 1.911765e-01 -6.684623e-11
3.970588e-01 1.911765e-01 -5.277553e-11
4.068627e-01 1.911765e-01 -4.430470e-11
4.166667e-01 1.911765e-01 -5.812741e-11
4.264706e-01 1.911765e-01 -1.149324e-10
4.362745e-01 1.911765e-01 -2.204258e-10
4.460784e-01 1.911765e-01 -3.113891e-10
4.558824e-01 1.911765e-01 -1.438629e-10
4.656863e-01 1.911765e-01 8.966400e-10
4.754902e-01 1.911765e-01 4.066280e-09
4.852941e-01 1.911765e-01 1.158972e-08
4.950980e-01 1.911765e-01 2.697122e-08
5.049020e-01 1.911765e-01 5.518566e-08
5.147059e-01 1.911765e-01 1.026050e-07
5.245098e-01 1.911765e-01 1.765642e-07
5.343137e-01 1.911765e-01 2.844627e-07
5.441176e-01 1.911765e-01 4.325294e-07
5.539216e-01 1.911765e-01 6.242716e-07
5.637255e-01 1.911765e-01 8.591427e-07
5.735294e-01 1.911765e-01 1.131333e-06
5.833333e-01 1.911765e-01 1.429683e-06
5.931373e-01 1.911765e-01 1.737852e-06
6.029412e-01 1.911765e-01 2.036300e-06
6.127451e-01 1.911765e-01 2.303786e-06
6.225490e-01 1.911765e-01 2.520741e-06
6.323529e-01 1.911765e-01 2.670828e-06
6.421569e-01 1.911765e-01 2.743813e-06
6.519608e-01 1.911765e-01 2.735934e-06
6.617647e-01 1.911765e-01 2.650512e-06
6.715686e-01 1.911765e-01 2.497072e-06
6.813725e-01 1.911765e-01 2.289491e-06
6.911765e-01 1.911765e-01 2.044621e-06
7.009804e-01 1.911765e-01 1.779666e-06
7.107843e-01 1.911765e-01 1.510750e-06
7.205882e-01 1.911765e-01 1.251623e-06
7.303922e-01 1.911765e-01 1.012468e-06
7.401961e-01 1.911765e-01 8.001564e-07
7.500000e-01 1.911765e-01 6.181595e-07
7.598039e-01 1.911765e-01 4.669602e-07
7.696078e-01 1.911765e-01 3.451365e-07
7.794118e-01 1.911765e-01 2.497133e-07
7.892157e-01 1.911765e-01 1.768592e-07
7.990196e-01 1.911765e-01 1.227236e-07
8.088235e-01 1.911765e-01 8.347701e-08
8.186275e-01 1.911765e-01 5.561386e-08
8.284314e-01 1.911765e-01 3.634461e-08
8.382353e-01 1.911765e-01 2.333360e-08
8.480392e-01 1.911765e-01 1.466121e-08
8.578431e-01 1.911765e-01 9.034373e-09
8.676471e-01 1.911765e-01 5.506613e-09
8.774510e-01 1.911765e-01 3.278937e-09
8.872549e-01 1.911765e-01 1.888056e-09
8.970588e-01 1.911765e-01 1.099208e-09
9.068627e-01 1.911765e-01 6.436406e-10
9.166667e-01 1.911765e-01 3.341420e-10
9.264706e-01 1.911765e-01 1.679955e-10
9.362745e-01 1.911765e-01 1.175423e-10
9.460784e-01 1.911765e-01 6.945886e-11
9.558824e-01 1.911765e-01 7.499295e-12
9.656863e-01 1.911765e-01 9.374564e-13
9.754902e-01 1.911765e-01 2.916149e-11
9.852941e-01 1.911765e-01 1.573633e-11
9.950980e-01 1.911765e-01 -2.084085e-11
4.901961e-03 2.009804e-01 -5.679046e-11
1.470588e-02 2.009804e-01 7.739712e-11
2.450980e-02 2.009804e-01 4.559492e-11
3.431373e-02 2.009804e-01 -8.223012e-11
4.411765e-02 2.009804e-01 -6.149345e-11
5.392157e-02 2.009804e-01 7.072752e-11
6.372549e-02 2.009804e-01 7.902133e-11
7.352941e-02 2.009804e-01 -4.978254e-11
8.333333e-02 2.009804e-01 -9.782486e-11
9.313725e-02 2.009804e-01 1.284724e-11
1.029412e-01 2.009804e-01 1.057530e-10
1.127451e-01 2.009804e-01 3.850119e-11
1.225490e-01 2.009804e-01 -8.765098e-11
1.323529e-01 2.009804e-01 -9.108826e-11
1.421569e-01 2.009804e-01 3.174850e-11
1.519608e-01 2.009804e-01 1.154142e-10
1.617647e-01 2.009804e-01 5.271633e-11
1.715686e-01 2.009804e-01 -7.705376e-11
1.813725e-01 2.009804e-01 -1.190063e-10
1.911765e-01 2.009804e-01 -2.665135e-11
2.009804e-01 2.009804e-01 9.760280e-11
2.107843e-01 2.009804e-01 1.243687e-10
2.205882e-01 2.009804e-01 2.893395e-11
2.303922e-01 2.009804e-01 -9.695390e-11
2.401961e-01 2.009804e-01 -1.410436e-10
2.500000e-01 2.009804e-01 -6.834456e-11
2.598039e-01 2.009804e-01 6.106477e-11
2.696078e-01 2.009804e-01 1.504782e-10
2.794118e-01 2.009804e-01 1.399908e-10
2.892157e-01 2.009804e-01 3.977552e-11
2.990196e-01 2.009804e-01 -8.828473e-11
3.088235e-01 2.009804e-01 -1.750530e-10
3.186275e-01 2.009804e-01 -1.812519e-10
3.284314e-01 2.009804e-01 -1.092183e-10
3.382353e-01 2.009804e-01 8.526834e-12
3.480392e-01 2.009804e-01 1.304396e-10
3.578431e-01 2.009804e-01 2.236183e-10
3.676471e-01 2.009804e-01 2.715910e-10
3.774510e-01 2.009804e-01 2.732564e-10
3.872549e-01 2.009804e-01 2.385727e-10
3.970588e-01 2.009804e-01 1.874792e-10
4.068627e-01 2.009804e-01 1.556222e-10
4.166667e-01 2.009804e-01 2.025910e-10
4.264706e-01 2.009804e-01 4.035492e-10
4.362745e-01 2.009804e-01 7.830425e-10
4.460784e-01 2.009804e-01 1.124388e-09
4.558824e-01 2.009804e-01 5.722792e-10
4.656863e-01 2.009804e-01 -3.044077e-09
4.754902e-01 2.009804e-01 -1.418050e-08
4.852941e-01 2.009804e-01 -4.074912e-08
4.950980e-01 2.009804e-01 -9.523637e-08
5.049020e-01 2.009804e-01 -1.953938e-07
5.147059e-01 2.009804e-01 -3.639840e-07
5.245098e-01 2.009804e-01 -6.272334e-07
5.343137e-01 2.009804e-01 -1.011624e-06
5.441176e-01 2.009804e-01 -1.539473e-06
5.539216e-01 2.009804e-01 -2.223378e-06
5.637255e-01 2.009804e-01 -3.061445e-06
5.735294e-01 2.009804e-01 -4.032954e-06
5.833333e-01 2.009804e-01 -5.098038e-06
5.931373e-01 2.009804e-01 -6.198299e-06
6.029412e-01 2.009804e-01 -7.263885e-06
6.127451e-01 2.009804e-01 -8.218865e-06
6.225490e-01 2.009804e-01 -8.993300e-06
6.323529e-01 2.009804e-01 -9.528821e-06
6.421569e-01 2.009804e-01 -9.788897e-06
6.519608e-01 2.009804e-01 -9.760145e-06
6.617647e-01 2.009804e-01 -9.454511e-06
6.715686e-01 2.009804e-01 -8.906103e-06
6.813725e-01 2.009804e-01 -8.164558e-06
6.911765e-01 2.009804e-01 -7.290125e-06
7.009804e-01 2.009804e-01 -6.344257e-06
7.107843e-01 2.009804e-01 -5.384535e-06
7.205882e-01 2.009804e-01 -4.460016e-06
7.303922e-01 2.009804e-01 -3.606996e-06
7.401961e-01 2.009804e-01 -2.849941e-06
7.500000e-01 2.009804e-01 -2.201176e-06
7.598039e-01 2.009804e-01 -1.662351e-06
7.696078e-01 2.009804e-01 -1.228345e-06
7.794118e-01 2.009804e-01 -8.884975e-07
7.892157e-01 2.009804e-01 -6.291037e-07
7.990196e-01 2.009804e-01 -4.364196e-07
8.088235e-01 2.009804e-01 -2.967747e-07
8.186275e-01 2.009804e-01 -1.976587e-07
8.284314e-01 2.009804e-01 -1.291378e-07
8.382353e-01 2.009804e-01 -8.288813e-08
8.480392e-01 2.009804e-01 -5.206431e-08
8.578431e-01 2.009804e-01 -3.207235e-08
8.676471e-01 2.009804e-01 -1.954728e-08
8.774510e-01 2.009804e-01 -1.163577e-08
8.872549e-01 2.009804e-01 -6.694842e-09
8.970588e-01 2.009804e-01 -3.899285e-09
9.068627e-01 2.009804e-01 -2.285116e-09
9.166667e-01 2.009804e-01 -1.182528e-09
9.264706e-01 2.009804e-01 -5.931030e-10
9.362745e-01 2.009804e-01 -4.193280e-10
9.460784e-01 2.009804e-01 -2.477705e-10
9.558824e-01 2.009804e-01 -2.328762e-11
9.656863e-01 2.009804e-01 -2.083851e-12
9.754902e-01 2.009804e-01 -1.067801e-10
9.852941e-01 2.009804e-01 -5.679046e-11
9.950980e-01 2.009804e-01 7.739712e-11
4.901961e-03 2.107843e-01 -7.262806e-11
1.470588e-02 2.107843e-01 9.833535e-11
2.450980e-02 2.107843e-01 5.821010e-11
3.431373e-02 2.107843e-01 -1.045527e-10
4.411765e-02 2.107843e-01 -7.847307e-11
5.392157e-02 2.107843e-01 8.986523e-11
6.372549e-02 2.107843e-01 1.007474e-10
7.352941e-02 2.107843e-01 -6.317331e-11
8.333333e-02 2.107843e-01 -1.246352e-10
9.313725e-02 2.107843e-01 1.612374e-11
1.029412e-01 2.107843e-01 1.346539e-10
1.127451e-01 2.107843e-01 4.925619e-11
1.225490e-01 2.107843e-01 -1.115133e-10
1.323529e-01 2.107843e-01 -1.161792e-10
1.421569e-01 2.107843e-01 4.023733e-11
1.519608e-01 2.107843e-01 1.470657e-10
1.617647e-01 2.107843e-01 6.738677e-11
1.715686e-01 2.107843e-01 -9.806590e-11
1.813725e-01 2.107843e-01 -1.517916e-10
1.911765e-01 2.107843e-01 -3.418677e-11
2.009804e-01 2.107843e-01 1.243687e-10
2.107843e-01 2.107843e-01 1.587342e-10
2.205882e-01 2.107843e-01 3.710287e-11
2.303922e-01 2.107843e-01 -1.236211e-10
2.401961e-01 2.107843e-01 -1.800910e-10
2.500000e-01 2.107843e-01 -8.741709e-11
2.598039e-01 2.107843e-01 7.785275e-11
2.696078e-01 2.107843e-01 1.922024e-10
2.794118e-01 2.107843e-01 1.789610e-10
2.892157e-01 2.107843e-01 5.096642e-11
2.990196e-01 2.107843e-01 -1.127690e-10
3.088235e-01 2.107843e-01 -2.238289e-10
3.186275e-01 2.107843e-01 -2.318855e-10
3.284314e-01 2.107843e-01 -1.398186e-10
3.382353e-01 2.107843e-01 1.083424e-11
3.480392e-01 2.107843e-01 1.669216e-10
3.578431e-01 2.107843e-01 2.862964e-10
3.676471e-01 2.107843e-01 3.478175e-10
3.774510e-01 2.107843e-01 3.500390e-10
3.872549e-01 2.107843e-01 3.057262e-10
3.970588e-01 2.107843e-01 2.404943e-10
4.068627e-01 2.107843e-01 2.001117e-10
4.166667e-01 2.107843e-01 2.609288e-10
4.264706e-01 2.107843e-01 5.188956e-10
4.362745e-01 2.107843e-01 1.004332e-09
4.460784e-01 2.107843e-01 1.437175e-09
4.558824e-01 2.107843e-01 7.173265e-10
4.656863e-01 2.107843e-01 -3.942776e-09
4.754902e-01 2.107843e-01 -1.826001e-08
4.852941e-01 2.107843e-01 -5.238017e-08
4.950980e-01 2.107843e-01 -1.223085e-07
5.049020e-01 2.107843e-01 -2.507925e-07
5.147059e-01 2.107843e-01 -4.669944e-07
5.245098e-01 2.107843e-01 -8.045082e-07
5.343137e-01 2.107843e-01 -1.297249e-06
5.441176e-01 2.107843e-01 -1.973792e-06
5.539216e-01 2.107843e-01 -2.850261e-06
5.637255e-01 2.107843e-01 -3.924216e-06
5.735294e-01 2.107843e-01 -5.169106e-06
5.833333e-01 2.107843e-01 -6.533856e-06
5.931373e-01 2.107843e-01 -7.943658e-06
6.029412e-01 2.107843e-01 -9.309033e-06
6.127451e-01 2.107843e-01 -1.053271e-05
6.225490e-01 2.107843e-01 -1.152510e-05
6.323529e-01 2.107843e-01 -1.221142e-05
6.421569e-01 2.107843e-01 -1.254485e-05
6.519608e-01 2.107843e-01 -1.250822e-05
6.617647e-01 2.107843e-01 -1.211682e-05
6.715686e-01 2.107843e-01 -1.141432e-05
6.813725e-01 2.107843e-01 -1.046429e-05
6.911765e-01 2.107843e-01 -9.343911e-06
7.009804e-01 2.107843e-01 -8.131913e-06
7.107843e-01 2.107843e-01 -6.902077e-06
7.205882e-01 2.107843e-01 -5.717272e-06
7.303922e-01 2.107843e-01 -4.624023e-06
7.401961e-01 2.107843e-01 -3.653703e-06
7.500000e-01 2.107843e-01 -2.822121e-06
7.598039e-01 2.107843e-01 -2.131415e-06
7.696078e-01 2.107843e-01 -1.575036e-06
7.794118e-01 2.107843e-01 -1.139335e-06
7.892157e-01 2.107843e-01 -8.067586e-07
7.990196e-01 2.107843e-01 -5.596947e-07
8.088235e-01 2.107843e-01 -3.806263e-07
8.186275e-01 2.107843e-01 -2.535217e-07
8.284314e-01 2.107843e-01 -1.656449e-07
8.382353e-01 2.107843e-01 -1.063259e-07
8.480392e-01 2.107843e-01 -6.679082e-08
8.578431e-01 2.107843e-01 -4.114683e-08
8.676471e-01 2.107843e-01 -2.507828e-08
8.774510e-01 2.107843e-01 -1.492921e-08
8.872549e-01 2.107843e-01 -8.591194e-09
8.970588e-01 2.107843e-01 -5.003291e-09
9.068627e-01 2.107843e-01 -2.931593e-09
9.166667e-01 2.107843e-01 -1.518137e-09
9.264706e-01 2.107843e-01 -7.617950e-10
9.362745e-01 2.107843e-01 -5.373733e-10
9.460784e-01 2.107843e-01 -3.175608e-10
9.558824e-01 2.107843e-01 -3.081484e-11
9.656863e-01 2.107843e-01 -2.990814e-12
9.754902e-01 2.107843e-01 -1.360735e-10
9.852941e-01 2.107843e-01 -7.262806e-11
9.950980e-01 2.107843e-01 9.833535e-11
4.901961e-03 2.205882e-01 -1.706896e-11
1.470588e-02 2.205882e-01 2.265642e-11
2.450980e-02 2.205882e-01 1.360181e-11
3.431373e-02 2.205882e-01 -2.414816e-11
4.411765e-02 2.205882e-01 -1.831778e-11
5.392157e-02 2.205882e-01 2.071338e-11
6.372549e-02 2.205882e-01 2.345464e-11
7.352941e-02 2.205882e-01 -1.450860e-11
8.333333e-02 2.205882e-01 -2.896065e-11
9.313725e-02 2.205882e-01 3.582999e-12
1.029412e-01 2.205882e-01 3.123586e-11
1.127451e-01 2.205882e-01 1.158268e-11
1.225490e-01 2.205882e-01 -2.580980e-11
1.323529e-01 2.205882e-01 -2.708686e-11
1.421569e-01 2.205882e-01 9.211432e-12
1.519608e-01 2.205882e-01 3.419942e-11
1.617647e-01 2.205882e-01 1.581301e-11
1.715686e-01 2.205882e-01 -2.272978e-11
1.813725e-01 2.205882e-01 -3.540537e-11
1.911765e-01 2.205882e-01 -8.101593e-12
2.009804e-01 2.205882e-01 2.893395e-11
2.107843e-01 2.205882e-01 3.710287e-11
2.205882e-01 2.205882e-01 8.785990e-12
2.303922e-01 2.205882e-01 -2.882190e-11
2.401961e-01 2.205882e-01 -4.215638e-11
2.500000e-01 2.205882e-01 -2.056266e-11
2.598039e-01 2.205882e-01 1.815397e-11
2.696078e-01 2.205882e-01 4.505032e-11
2.794118e-01 2.205882e-01 4.204969e-11
2.892157e-01 2.205882e-01 1.205069e-11
2.990196e-01 2.205882e-01 -2.644766e-11
3.088235e-01 2.205882e-01 -5.264315e-11
3.186275e-01 2.205882e-01 -5.462618e-11
3.284314e-01 2.205882e-01 -3.299651e-11
3.382353e-01 2.205882e-01 2.509547e-12
3.480392e-01 2.205882e-01 3.936930e-11
3.578431e-01 2.205882e-01 6.761347e-11
3.676471e-01 2.205882e-01 8.221246e-11
3.774510e-01 2.205882e-01 8.279821e-11
3.872549e-01 2.205882e-01 7.239805e-11
3.970588e-01 2.205882e-01 5.712738e-11
4.068627e-01 2.205882e-01 4.789893e-11
4.166667e-01 2.205882e-01 6.280279e-11
4.264706e-01 2.205882e-01 1.243116e-10
4.362745e-01 2.205882e-01 2.387879e-10
4.460784e-01 2.205882e-01 3.381396e-10
4.558824e-01 2.205882e-01 1.587886e-10
4.656863e-01 2.205882e-01 -9.638452e-10
4.754902e-01 2.205882e-01 -4.389061e-09
4.852941e-01 2.205882e-01 -1.252502e-08
4.950980e-01 2.205882e-01 -2.916596e-08
5.049020e-01 2.205882e-01 -5.969944e-08
5.147059e-01 2.205882e-01 -1.110271e-07
5.245098e-01 2.205882e-01 -1.910947e-07
5.343137e-01 2.205882e-01 -3.079188e-07
5.441176e-01 2.205882e-01 -4.682493e-07
5.539216e-01 2.205882e-01 -6.758886e-07
5.637255e-01 2.205882e-01 -9.302477e-07
5.735294e-01 2.205882e-01 -1.225037e-06
5.833333e-01 2.205882e-01 -1.548169e-06
5.931373e-01 2.205882e-01 -1.881945e-06
6.029412e-01 2.205882e-01 -2.205199e-06
6.127451e-01 2.205882e-01 -2.494921e-06
6.225490e-01 2.205882e-01 -2.729913e-06
6.323529e-01 2.205882e-01 -2.892479e-06
6.421569e-01 2.205882e-01 -2.971531e-06
6.519608e-01 2.205882e-01 -2.962994e-06
6.617647e-01 2.205882e-01 -2.870469e-06
6.715686e-01 2.205882e-01 -2.704273e-06
6.813725e-01 2.205882e-01 -2.479439e-06
6.911765e-01 2.205882e-01 -2.214221e-06
7.009804e-01 2.205882e-01 -1.927255e-06
7.107843e-01 2.205882e-01 -1.636006e-06
7.205882e-01 2.205882e-01 -1.355366e-06
7.303922e-01 2.205882e-01 -1.096362e-06
7.401961e-01 2.205882e-01 -8.664357e-07
7.500000e-01 2.205882e-01 -6.693452e-07
7.598039e-01 2.205882e-01 -5.056113e-07
7.696078e-01 2.205882e-01 -3.736927e-07
7.794118e-01 2.205882e-01 -2.703658e-07
7.892157e-01 2.205882e-01 -1.914798e-07
7.990196e-01 2.205882e-01 -1.328644e-07
8.088235e-01 2.205882e-01 -9.037168e-08
8.186275e-01 2.205882e-01 -6.020492e-08
8.284314e-01 2.205882e-01 -3.934347e-08
8.382353e-01 2.205882e-01 -2.525802e-08
8.480392e-01 2.205882e-01 -1.586969e-08
8.578431e-01 2.205882e-01 -9.778605e-09
8.676471e-01 2.205882e-01 -5.960107e-09
8.774510e-01 2.205882e-01 -3.548815e-09
8.872549e-01 2.205882e-01 -2.043259e-09
8.970588e-01 2.205882e-01 -1.189584e-09
9.068627e-01 2.205882e-01 -6.966148e-10
9.166667e-01 2.205882e-01 -3.615262e-10
9.264706e-01 2.205882e-01 -1.817036e-10
9.362745e-01 2.205882e-01 -1.272637e-10
9.460784e-01 2.205882e-01 -7.521458e-11
9.558824e-01 2.205882e-01 -8.016013e-12
9.656863e-01 2.205882e-01 -9.646433e-13
9.754902e-01 2.205882e-01 -3.165512e-11
9.852941e-01 2.205882e-01 -1.706896e-11
9.950980e-01 2.205882e-01 2.265642e-11
4.901961e-03 2.303922e-01 5.650388e-11
1.470588e-02 2.303922e-01 -7.690622e-11
2.450980e-02 2.303922e-01 -4.538230e-11
3.431373e-02 2.303922e-01 8.170049e-11
4.411765e-02 2.303922e-01 6.117951e-11
5.392157e-02 2.303922e-01 -7.025619e-11
6.372549e-02 2.303922e-01 -7.859118e-11
7.352941e-02 2.303922e-01 4.942298e-11
8.333333e-02 2.303922e-01 9.726008e-11
9.313725e-02 2.303922e-01 -1.269974e-11
1.029412e-01 2.303922e-01 -1.051083e-10
1.127451e-01 2.303922e-01 -3.833520e-11
1.225490e-01 2.303922e-01 8.707764e-11
1.323529e-01 2.303922e-01 9.057746e-11
1.421569e-01 2.303922e-01 -3.148678e-11
1.519608e-01 2.303922e-01 -1.147058e-10
1.617647e-01 2.303922e-01 -5.245825e-11
1.715686e-01 2.303922e-01 7.652700e-11
1.813725e-01 2.303922e-01 1.182932e-10
1.911765e-01 2.303922e-01 2.655641e-11
2.009804e-01 2.303922e-01 -9.695390e-11
2.107843e-01 2.303922e-01 -1.236211e-10
2.205882e-01 2.303922e-01 -2.882190e-11
2.303922e-01 2.303922e-01 9.630000e-11
2.401961e-01 2.303922e-01 1.401719e-10
2.500000e-01 2.303922e-01 6.797517e-11
2.598039e-01 2.303922e-01 -6.061971e-11
2.696078e-01 2.303922e-01 -1.495088e-10
2.794118e-01 2.303922e-01 -1.391360e-10
2.892157e-01 2.303922e-01 -3.958320e-11
2.990196e-01 2.303922e-01 8.766909e-11
3.088235e-01 2.303922e-01 1.739144e-10
3.186275e-01 2.303922e-01 1.801090e-10
3.284314e-01 2.303922e-01 1.085615e-10
3.382353e-01 2.303922e-01 -8.419625e-12
3.480392e-01 2.303922e-01 -1.295545e-10
3.578431e-01 2.303922e-01 -2.221475e-10
3.676471e-01 2.303922e-01 -2.698279e-10
3.774510e-01 2.303922e-01 -2.714992e-10
3.872549e-01 2.303922e-01 -2.370532e-10
3.970588e-01 2.303922e-01 -1.862912e-10
4.068627e-01 2.303922e-01 -1.546054e-10
4.166667e-01 2.303922e-01 -2.011570e-10
4.264706e-01 2.303922e-01 -4.005736e-10
4.362745e-01 2.303922e-01 -7.772274e-10
4.460784e-01 2.303922e-01 -1.115944e-09
4.558824e-01 2.303922e-01 -5.673175e-10
4.656863e-01 2.303922e-01 3.024598e-09
4.754902e-01 2.303922e-01 1.408539e-08
4.852941e-01 2.303922e-01 4.047391e-08
4.950980e-01 2.303922e-01 9.459312e-08
5.049020e-01 2.303922e-01 1.940767e-07
5.147059e-01 2.303922e-01 3.615373e-07
5.245098e-01 2.303922e-01 6.230300e-07
5.343137e-01 2.303922e-01 1.004865e-06
5.441176e-01 2.303922e-01 1.529218e-06
5.539216e-01 2.303922e-01 2.208611e-06
5.637255e-01 2.303922e-01 3.041167e-06
5.735294e-01 2.303922e-01 4.006311e-06
5.833333e-01 2.303922e-01 5.064441e-06
5.931373e-01 2.303922e-01 6.157545e-06
6.029412e-01 2.303922e-01 7.216228e-06
6.127451e-01 2.303922e-01 8.165051e-06
6.225490e-01 2.303922e-01 8.934527e-06
6.323529e-01 2.303922e-01 9.466658e-06
6.421569e-01 2.303922e-01 9.725142e-06
6.519608e-01 2.303922e-01 9.696674e-06
6.617647e-01 2.303922e-01 9.393115e-06
6.715686e-01 2.303922e-01 8.848344e-06
6.813725e-01 2.303922e-01 8.111672e-06
6.911765e-01 2.303922e-01 7.242955e-06
7.009804e-01 2.303922e-01 6.303250e-06
7.107843e-01 2.303922e-01 5.349763e-06
7.205882e-01 2.303922e-01 4.431238e-06
7.303922e-01 2.303922e-01 3.583740e-06
7.401961e-01 2.303922e-01 2.831579e-06
7.500000e-01 2.303922e-01 2.187002e-06
7.598039e-01 2.303922e-01 1.651652e-06
7.696078e-01 2.303922e-01 1.220443e-06
7.794118e-01 2.303922e-01 8.827842e-07
7.892157e-01 2.303922e-01 6.250597e-07
7.990196e-01 2.303922e-01 4.336149e-07
8.088235e-01 2.303922e-01 2.948679e-07
8.186275e-01 2.303922e-01 1.963889e-07
8.284314e-01 2.303922e-01 1.283082e-07
8.382353e-01 2.303922e-01 8.235573e-08
8.480392e-01 2.303922e-01 5.172993e-08
8.578431e-01 2.303922e-01 3.186628e-08
8.676471e-01 2.303922e-01 1.942169e-08
8.774510e-01 2.303922e-01 1.156107e-08
8.872549e-01 2.303922e-01 6.651796e-09
8.970588e-01 2.303922e-01 3.874166e-09
9.068627e-01 2.303922e-01 2.270476e-09
9.166667e-01 2.303922e-01 1.174961e-09
9.264706e-01 2.303922e-01 5.892196e-10
9.362745e-01 2.303922e-01 4.166121e-10
9.460784e-01 2.303922e-01 2.462507e-10
9.558824e-01 2.303922e-01 2.313945e-11
9.656863e-01 2.303922e-01 1.992482e-12
9.754902e-01 2.303922e-01 1.060991e-10
9.852941e-01 2.303922e-01 5.650388e-11
9.950980e-01 2.303922e-01 -7.690622e-11
4.901961e-03 2.401961e-01 8.245098e-11
1.470588e-02 2.401961e-01 -1.115919e-10
2.450980e-02 2.401961e-01 -6.612399e-11
3.431373e-02 2.401961e-01 1.186237e-10
4.411765e-02 2.401961e-01 8.910781e-11
5.392157e-02 2.401961e-01 -1.019467e-10
6.372549e-02 2.401961e-01 -1.143775e-10
7.352941e-02 2.401961e-01 7.163884e-11
8.333333e-02 2.401961e-01 1.414650e-10
9.313725e-02 2.401961e-01 -1.823401e-11
1.029412e-01 2.401961e-01 -1.528005e-10
1.127451e-01 2.401961e-01 -5.595716e-11
1.225490e-01 2.401961e-01 1.265010e-10
1.323529e-01 2.401961e-01 1.318706e-10
1.421569e-01 2.401961e-01 -4.559216e-11
1.519608e-01 2.401961e-01 -1.668640e-10
1.617647e-01 2.401961e-01 -7.651981e-11
1.715686e-01 2.401961e-01 1.112105e-10
1.813725e-01 2.401961e-01 1.722303e-10
1.911765e-01 2.401961e-01 3.885309e-11
2.009804e-01 2.401961e-01 -1.410436e-10
2.107843e-01 2.401961e-01 -1.800910e-10
2.205882e-01 2.401961e-01 -4.215638e-11
2.303922e-01 2.401961e-01 1.401719e-10
2.401961e-01 2.401961e-01 2.042779e-10
2.500000e-01 2.401961e-01 9.921036e-11
2.598039e-01 2.401961e-01 -8.823038e-11
2.696078e-01 2.401961e-01 -2.179517e-10
2.794118e-01 2.401961e-01 -2.029815e-10
2.892157e-01 2.401961e-01 -5.786188e-11
2.990196e-01 2.401961e-01 1.278095e-10
3.088235e-01 2.401961e-01 2.537656e-10
3.186275e-01 2.401961e-01 2.629320e-10
3.284314e-01 2.401961e-01 1.585720e-10
3.382353e-01 2.401961e-01 -1.221749e-11
3.480392e-01 2.401961e-01 -1.891719e-10
3.578431e-01 2.401961e-01 -3.245063e-10
3.676471e-01 2.401961e-01 -3.942552e-10
3.774510e-01 2.401961e-01 -3.967816e-10
3.872549e-01 2.401961e-01 -3.465499e-10
3.970588e-01 2.401961e-01 -2.725727e-10
4.068627e-01 2.401961e-01 -2.266846e-10
4.166667e-01 2.401961e-01 -2.953828e-10
4.264706e-01 2.401961e-01 -5.874414e-10
4.362745e-01 2.401961e-01 -1.137440e-09
4.460784e-01 2.401961e-01 -1.628559e-09
4.558824e-01 2.401961e-01 -8.151847e-10
4.656863e-01 2.401961e-01 4.460023e-09
4.754902e-01 2.401961e-01 2.067356e-08
4.852941e-01 2.401961e-01 5.932088e-08
4.950980e-01 2.401961e-01 1.385383e-07
5.049020e-01 2.401961e-01 2.841047e-07
5.147059e-01 2.401961e-01 5.290707e-07
5.245098e-01 2.401961e-01 9.115132e-07
5.343137e-01 2.401961e-01 1.469876e-06
5.441176e-01 2.401961e-01 2.236556e-06
5.539216e-01 2.401961e-01 3.229838e-06
5.637255e-01 2.401961e-01 4.446968e-06
5.735294e-01 2.401961e-01 5.857866e-06
5.833333e-01 2.401961e-01 7.404652e-06
5.931373e-01 2.401961e-01 9.002541e-06
6.029412e-01 2.401961e-01 1.055012e-05
6.127451e-01 2.401961e-01 1.193713e-05
6.225490e-01 2.401961e-01 1.306202e-05
6.323529e-01 2.401961e-01 1.384002e-05
6.421569e-01 2.401961e-01 1.421804e-05
6.519608e-01 2.401961e-01 1.417664e-05
6.617647e-01 2.401961e-01 1.373311e-05
6.715686e-01 2.401961e-01 1.293695e-05
6.813725e-01 2.401961e-01 1.186022e-05
6.911765e-01 2.401961e-01 1.059040e-05
7.009804e-01 2.401961e-01 9.216719e-06
7.107843e-01 2.401961e-01 7.822814e-06
7.205882e-01 2.401961e-01 6.479942e-06
7.303922e-01 2.401961e-01 5.240841e-06
7.401961e-01 2.401961e-01 4.141069e-06
7.500000e-01 2.401961e-01 3.198548e-06
7.598039e-01 2.401961e-01 2.415699e-06
7.696078e-01 2.401961e-01 1.785100e-06
7.794118e-01 2.401961e-01 1.291280e-06
7.892157e-01 2.401961e-01 9.143428e-07
7.990196e-01 2.401961e-01 6.343266e-07
8.088235e-01 2.401961e-01 4.313769e-07
8.186275e-01 2.401961e-01 2.873220e-07
8.284314e-01 2.401961e-01 1.877272e-07
8.382353e-01 2.401961e-01 1.204993e-07
8.480392e-01 2.401961e-01 7.569325e-08
8.578431e-01 2.401961e-01 4.663052e-08
8.676471e-01 2.401961e-01 2.842035e-08
8.774510e-01 2.401961e-01 1.691863e-08
8.872549e-01 2.401961e-01 9.735678e-09
8.970588e-01 2.401961e-01 5.669788e-09
9.068627e-01 2.401961e-01 3.322293e-09
9.166667e-01 2.401961e-01 1.720307e-09
9.264706e-01 2.401961e-01 8.630570e-10
9.362745e-01 2.401961e-01 6.090280e-10
9.460784e-01 2.401961e-01 3.600193e-10
9.558824e-01 2.401961e-01 3.477825e-11
9.656863e-01 2.401961e-01 3.228070e-12
9.754902e-01 2.401961e-01 1.543482e-10
9.852941e-01 2.401961e-01 8.245098e-11
9.950980e-01 2.401961e-01 -1.115919e-10
4.901961e-03 2.500000e-01 4.009927e-11
1.470588e-02 2.500000e-01 -5.388420e-11
2.450980e-02 2.500000e-01 -3.209429e-11
3.431373e-02 2.500000e-01 5.732880e-11
4.411765e-02 2.500000e-01 4.323202e-11
5.392157e-02 2.500000e-01 -4.923267e-11
6.372549e-02 2.500000e-01 -5.543800e-11
7.352941e-02 2.500000e-01 3.455050e-11
8.333333e-02 2.500000e-01 6.851914e-11
9.313725e-02 2.500000e-01 -8.689517e-12
1.029412e-01 2.500000e-01 -7.396392e-11
1.127451e-01 2.500000e-01 -2.722244e-11
1.225490e-01 2.500000e-01 6.118282e-11
1.323529e-01 2.500000e-01 6.395136e-11
1.421569e-01 2.500000e-01 -2.196257e-11
1.519608e-01 2.500000e-01 -8.084435e-11
1.617647e-01 2.500000e-01 -3.719732e-11
1.715686e-01 2.500000e-01 5.381494e-11
1.813725e-01 2.500000e-01 8.353737e-11
1.911765e-01 2.500000e-01 1.895601e-11
2.009804e-01 2.500000e-01 -6.834456e-11
2.107843e-01 2.500000e-01 -8.741709e-11
2.205882e-01 2.500000e-01 -2.056266e-11
2.303922e-01 2.500000e-01 6.797517e-11
2.401961e-01 2.500000e-01 9.921036e-11
2.500000e-01 2.500000e-01 4.827018e-11
2.598039e-01 2.500000e-01 -4.278719e-11
2.696078e-01 2.500000e-01 -1.059000e-10
2.794118e-01 2.500000e-01 -9.871648e-11
2.892157e-01 2.500000e-01 -2.820735e-11
2.990196e-01 2.500000e-01 6.211111e-11
3.088235e-01 2.500000e-01 1.234536e-10
3.186275e-01 2.500000e-01 1.279909e-10
3.284314e-01 2.500000e-01 7.724282e-11
3.382353e-01 2.500000e-01 -5.905871e-12
3.480392e-01 2.500000e-01 -9.211815e-11
3.578431e-01 2.500000e-01 -1.580992e-10
3.676471e-01 2.500000e-01 -1.921410e-10
3.774510e-01 2.500000e-01 -1.934225e-10
3.872549e-01 2.500000e-01 -1.690010e-10
3.970588e-01 2.500000e-01 -1.330677e-10
4.068627e-01 2.500000e-01 -1.109684e-10
4.166667e-01 2.500000e-01 -1.449066e-10
4.264706e-01 2.500000e-01 -2.877490e-10
4.362745e-01 2.500000e-01 -5.557292e-10
4.460784e-01 2.500000e-01 -7.929496e-10
4.558824e-01 2.500000e-01 -3.895217e-10
4.656863e-01 2.500000e-01 2.197864e-09
4.754902e-01 2.500000e-01 1.013202e-08
4.852941e-01 2.500000e-01 2.902340e-08
4.950980e-01 2.500000e-01 6.771986e-08
5.049020e-01 2.500000e-01 1.387936e-07
5.147059e-01 2.500000e-01 2.583591e-07
5.245098e-01 2.500000e-01 4.449776e-07
5.343137e-01 2.500000e-01 7.173854e-07
5.441176e-01 2.500000e-01 1.091368e-06
5.539216e-01 2.500000e-01 1.575830e-06
5.637255e-01 2.500000e-01 2.169419e-06
5.735294e-01 2.500000e-01 2.857466e-06
5.833333e-01 2.500000e-01 3.611750e-06
5.931373e-01 2.500000e-01 4.390939e-06
6.029412e-01 2.500000e-01 5.145592e-06
6.127451e-01 2.500000e-01 5.821964e-06
6.225490e-01 2.500000e-01 6.370542e-06
6.323529e-01 2.500000e-01 6.749993e-06
6.421569e-01 2.500000e-01 6.934434e-06
6.519608e-01 2.500000e-01 6.914363e-06
6.617647e-01 2.500000e-01 6.698206e-06
6.715686e-01 2.500000e-01 6.310080e-06
6.813725e-01 2.500000e-01 5.785106e-06
6.911765e-01 2.500000e-01 5.165927e-06
7.009804e-01 2.500000e-01 4.496056e-06
7.107843e-01 2.500000e-01 3.816271e-06
7.205882e-01 2.500000e-01 3.161327e-06
7.303922e-01 2.500000e-01 2.556953e-06
7.401961e-01 2.500000e-01 2.020498e-06
7.500000e-01 2.500000e-01 1.560716e-06
7.598039e-01 2.500000e-01 1.178799e-06
7.696078e-01 2.500000e-01 8.711349e-07
7.794118e-01 2.500000e-01 6.301873e-07
7.892157e-01 2.500000e-01 4.462576e-07
7.990196e-01 2.500000e-01 3.096108e-07
8.088235e-01 2.500000e-01 2.105649e-07
8.186275e-01 2.500000e-01 1.402576e-07
8.284314e-01 2.500000e-01 9.164544e-08
8.382353e-01 2.500000e-01 5.882876e-08
8.480392e-01 2.500000e-01 3.695670e-08
8.578431e-01 2.500000e-01 2.276857e-08
8.676471e-01 2.500000e-01 1.387708e-08
8.774510e-01 2.500000e-01 8.261593e-09
8.872549e-01 2.500000e-01 4.754911e-09
8.970588e-01 2.500000e-01 2.768803e-09
9.068627e-01 2.500000e-01 1.622073e-09
9.166667e-01 2.500000e-01 8.405726e-10
9.264706e-01 2.500000e-01 4.219415e-10
9.362745e-01 2.500000e-01 2.969806e-10
9.460784e-01 2.500000e-01 1.755668e-10
9.558824e-01 2.500000e-01 1.756259e-11
9.656863e-01 2.500000e-01 1.784176e-12
9.754902e-01 2.500000e-01 7.478415e-11
9.852941e-01 2.500000e-01 4.009927e-11
9.950980e-01 2.500000e-01 -5.388420e-11
4.901961e-03 2.598039e-01 -3.559399e-11
1.470588e-02 2.598039e-01 4.854978e-11
2.450980e-02 2.598039e-01 2.863374e-11
3.431373e-02 2.598039e-01 -5.154601e-11
4.411765e-02 2.598039e-01 -3.858672e-11
5.392157e-02 2.598039e-01 4.432979e-11
6.372549e-02 2.598039e-01 4.957225e-11
7.352941e-02 2.598039e-01 -3.118321e-11
8.333333e-02 2.598039e-01 -6.134421e-11
9.313725e-02 2.598039e-01 8.017560e-12
1.029412e-01 2.598039e-01 6.628721e-11
1.127451e-01 2.598039e-01 2.416828e-11
1.225490e-01 2.598039e-01 -5.490820e-11
1.323529e-01 2.598039e-01 -5.710304e-11
1.421569e-01 2.598039e-01 1.985212e-11
1.519608e-01 2.598039e-01 7.230025e-11
1.617647e-01 2.598039e-01 3.305963e-11
1.715686e-01 2.598039e-01 -4.822275e-11
1.813725e-01 2.598039e-01 -7.453098e-11
1.911765e-01 2.598039e-01 -1.673180e-11
2.009804e-01 2.598039e-01 6.106477e-11
2.107843e-01 2.598039e-01 7.785275e-11
2.205882e-01 2.598039e-01 1.815397e-11
2.303922e-01 2.598039e-01 -6.061971e-11
2.401961e-01 2.598039e-01 -8.823038e-11
2.500000e-01 2.598039e-01 -4.278719e-11
2.598039e-01 2.598039e-01 3.813155e-11
2.696078e-01 2.598039e-01 9.405131e-11
2.794118e-01 2.598039e-01 8.752060e-11
2.892157e-01 2.598039e-01 2.490698e-11
2.990196e-01 2.598039e-01 -5.510750e-11
3.088235e-01 2.598039e-01 -1.093216e-10
3.186275e-01 2.598039e-01 -1.132064e-10
3.284314e-01 2.598039e-01 -6.823516e-11
3.382353e-01 2.598039e-01 5.270498e-12
3.480392e-01 2.598039e-01 8.136652e-11
3.578431e-01 2.598039e-01 1.395173e-10
3.676471e-01 2.598039e-01 1.694517e-10
3.774510e-01 2.598039e-01 1.704907e-10
3.872549e-01 2.598039e-01 1.488415e-10
3.970588e-01 2.598039e-01 1.169075e-10
4.068627e-01 2.598039e-01 9.685355e-11
4.166667e-01 2.598039e-01 1.257695e-10
4.264706e-01 2.598039e-01 2.505382e-10
4.362745e-01 2.598039e-01 4.867256e-10
4.460784e-01 2.598039e-01 6.999622e-10
4.558824e-01 2.598039e-01 3.584068e-10
4.656863e-01 2.598039e-01 -1.889138e-09
4.754902e-01 2.598039e-01 -8.817855e-09
4.852941e-01 2.598039e-01 -2.535771e-08
4.950980e-01 2.598039e-01 -5.929152e-08
5.049020e-01 2.598039e-01 -1.216869e-07
5.147059e-01 2.598039e-01 -2.267391e-07
5.245098e-01 2.598039e-01 -3.908077e-07
5.343137e-01 2.598039e-01 -6.304155e-07
5.441176e-01 2.598039e-01 -9.594922e-07
5.539216e-01 2.598039e-01 -1.385908e-06
5.637255e-01 2.598039e-01 -1.908496e-06
5.735294e-01 2.598039e-01 -2.514345e-06
5.833333e-01 2.598039e-01 -3.178597e-06
5.931373e-01 2.598039e-01 -3.864833e-06
6.029412e-01 2.598039e-01 -4.529481e-06
6.127451e-01 2.598039e-01 -5.125175e-06
6.225490e-01 2.598039e-01 -5.608281e-06
6.323529e-01 2.598039e-01 -5.942382e-06
6.421569e-01 2.598039e-01 -6.104682e-06
6.519608e-01 2.598039e-01 -6.086826e-06
6.617647e-01 2.598039e-01 -5.896262e-06
6.715686e-01 2.598039e-01 -5.554262e-06
6.813725e-01 2.598039e-01 -5.091789e-06
6.911765e-01 2.598039e-01 -4.546425e-06
7.009804e-01 2.598039e-01 -3.956505e-06
7.107843e-01 2.598039e-01 -3.357945e-06
7.205882e-01 2.598039e-01 -2.781346e-06
7.303922e-01 2.598039e-01 -2.249345e-06
7.401961e-01 2.598039e-01 -1.777205e-06
7.500000e-01 2.598039e-01 -1.372608e-06
7.598039e-01 2.598039e-01 -1.036582e-06
7.696078e-01 2.598039e-01 -7.659312e-07
7.794118e-01 2.598039e-01 -5.540052e-07
7.892157e-01 2.598039e-01 -3.922537e-07
7.990196e-01 2.598039e-01 -2.721047e-07
8.088235e-01 2.598039e-01 -1.850317e-07
8.186275e-01 2.598039e-01 -1.232312e-07
8.284314e-01 2.598039e-01 -8.050891e-08
8.382353e-01 2.598039e-01 -5.167403e-08
8.480392e-01 2.598039e-01 -3.245668e-08
8.578431e-01 2.598039e-01 -1.999291e-08
8.676471e-01 2.598039e-01 -1.218514e-08
8.774510e-01 2.598039e-01 -7.253184e-09
8.872549e-01 2.598039e-01 -4.172739e-09
8.970588e-01 2.598039e-01 -2.430424e-09
9.068627e-01 2.598039e-01 -1.424602e-09
9.166667e-01 2.598039e-01 -7.369169e-10
9.264706e-01 2.598039e-01 -3.693616e-10
9.362745e-01 2.598039e-01 -2.615581e-10
9.460784e-01 2.598039e-01 -1.546678e-10
9.558824e-01 2.598039e-01 -1.423721e-11
9.656863e-01 2.598039e-01 -1.084151e-12
9.754902e-01 2.598039e-01 -6.685339e-11
9.852941e-01 2.598039e-01 -3.559399e-11
9.950980e-01 2.598039e-01 4.854978e-11
4.901961e-03 2.696078e-01 -8.805059e-11
1.470588e-02 2.696078e-01 1.191831e-10
2.450980e-02 2.696078e-01 7.067728e-11
3.431373e-02 2.696078e-01 -1.266553e-10
4.411765e-02 2.696078e-01 -9.520418e-11
5.392157e-02 2.696078e-01 1.088392e-10
6.372549e-02 2.696078e-01 1.221824e-10
7.352941e-02 2.696078e-01 -7.645560e-11
8.333333e-02 2.696078e-01 -1.510856e-10
9.313725e-02 2.696078e-01 1.941437e-11
1.029412e-01 2.696078e-01 1.631550e-10
1.127451e-01 2.696078e-01 5.980377e-11
1.225490e-01 2.696078e-01 -1.350305e-10
1.323529e-01 2.696078e-01 -1.408284e-10
1.421569e-01 2.696078e-01 4.861518e-11
1.519608e-01 2.696078e-01 1.781302e-10
1.617647e-01 2.696078e-01 8.174064e-11
1.715686e-01 2.696078e-01 -1.186582e-10
1.813725e-01 2.696078e-01 -1.838467e-10
1.911765e-01 2.696078e-01 -4.153179e-11
2.009804e-01 2.696078e-01 1.504782e-10
2.107843e-01 2.696078e-01 1.922024e-10
2.205882e-01 2.696078e-01 4.505032e-11
2.303922e-01 2.696078e-01 -1.495088e-10
2.401961e-01 2.696078e-01 -2.179517e-10
2.500000e-01 2.696078e-01 -1.059000e-10
2.598039e-01 2.696078e-01 9.405131e-11
2.696078e-01 2.696078e-01 2.324516e-10
2.794118e-01 2.696078e-01 2.165230e-10
2.892157e-01 2.696078e-01 6.177552e-11
2.990196e-01 2.696078e-01 -1.362286e-10
3.088235e-01 2.696078e-01 -2.705588e-10
3.186275e-01 2.696078e-01 -2.803563e-10
3.284314e-01 2.696078e-01 -1.691090e-10
3.382353e-01 2.696078e-01 1.295709e-11
3.480392e-01 2.696078e-01 2.015869e-10
3.578431e-01 2.696078e-01 3.458427e-10
3.676471e-01 2.696078e-01 4.201869e-10
3.774510e-01 2.696078e-01 4.228817e-10
3.872549e-01 2.696078e-01 3.693365e-10
3.970588e-01 2.696078e-01 2.904338e-10
4.068627e-01 2.696078e-01 2.413431e-10
4.166667e-01 2.696078e-01 3.141674e-10
4.264706e-01 2.696078e-01 6.248394e-10
4.362745e-01 2.696078e-01 1.210510e-09
4.460784e-01 2.696078e-01 1.734447e-09
4.558824e-01 2.696078e-01 8.710990e-10
4.656863e-01 2.696078e-01 -4.741024e-09
4.754902e-01 2.696078e-01 -2.199905e-08
4.852941e-01 2.696078e-01 -6.314734e-08
4.950980e-01 2.696078e-01 -1.475067e-07
5.049020e-01 2.696078e-01 -3.025427e-07
5.147059e-01 2.696078e-01 -5.634730e-07
5.245098e-01 2.696078e-01 -9.708745e-07
5.343137e-01 2.696078e-01 -1.565721e-06
5.441176e-01 2.696078e-01 -2.382545e-06
5.539216e-01 2.696078e-01 -3.440847e-06
5.637255e-01 2.696078e-01 -4.737708e-06
5.735294e-01 2.696078e-01 -6.241089e-06
5.833333e-01 2.696078e-01 -7.889320e-06
5.931373e-01 2.696078e-01 -9.592058e-06
6.029412e-01 2.696078e-01 -1.124123e-05
6.127451e-01 2.696078e-01 -1.271934e-05
6.225490e-01 2.696078e-01 -1.391815e-05
6.323529e-01 2.696078e-01 -1.474731e-05
6.421569e-01 2.696078e-01 -1.515025e-05
6.519608e-01 2.696078e-01 -1.510623e-05
6.617647e-01 2.696078e-01 -1.463367e-05
6.715686e-01 2.696078e-01 -1.378533e-05
6.813725e-01 2.696078e-01 -1.263799e-05
6.911765e-01 2.696078e-01 -1.128487e-05
7.009804e-01 2.696078e-01 -9.821080e-06
7.107843e-01 2.696078e-01 -8.335731e-06
7.205882e-01 2.696078e-01 -6.904767e-06
7.303922e-01 2.696078e-01 -5.584387e-06
7.401961e-01 2.696078e-01 -4.412484e-06
7.500000e-01 2.696078e-01 -3.408154e-06
7.598039e-01 2.696078e-01 -2.573975e-06
7.696078e-01 2.696078e-01 -1.902037e-06
7.794118e-01 2.696078e-01 -1.375851e-06
7.892157e-01 2.696078e-01 -9.742136e-07
7.990196e-01 2.696078e-01 -6.758527e-07
8.088235e-01 2.696078e-01 -4.596106e-07
8.186275e-01 2.696078e-01 -3.061225e-07
8.284314e-01 2.696078e-01 -2.000077e-07
8.382353e-01 2.696078e-01 -1.283803e-07
8.480392e-01 2.696078e-01 -8.064236e-08
8.578431e-01 2.696078e-01 -4.967833e-08
8.676471e-01 2.696078e-01 -3.027779e-08
8.774510e-01 2.696078e-01 -1.802413e-08
8.872549e-01 2.696078e-01 -1.037127e-08
8.970588e-01 2.696078e-01 -6.039983e-09
9.068627e-01 2.696078e-01 -3.539508e-09
9.166667e-01 2.696078e-01 -1.832476e-09
9.264706e-01 2.696078e-01 -9.190588e-10
9.362745e-01 2.696078e-01 -6.489642e-10
9.460784e-01 2.696078e-01 -3.837696e-10
9.558824e-01 2.696078e-01 -3.677192e-11
9.656863e-01 2.696078e-01 -3.200718e-12
9.754902e-01 2.696078e-01 -1.647178e-10
9.852941e-01 2.696078e-01 -8.805059e-11
9.950980e-01 2.696078e-01 1.191831e-10
4.901961e-03 2.794118e-01 -8.206120e-11
1.470588e-02 2.794118e-01 1.107056e-10
2.450980e-02 2.794118e-01 6.581582e-11
3.431373e-02 2.794118e-01 -1.176886e-10
4.411765e-02 2.794118e-01 -8.863352e-11
5.392157e-02 2.794118e-01 1.010979e-10
6.372549e-02 2.794118e-01 1.136956e-10
7.352941e-02 2.794118e-01 -7.097051e-11
8.333333e-02 2.794118e-01 -1.405415e-10
9.313725e-02 2.794118e-01 1.791550e-11
1.029412e-01 2.794118e-01 1.517207e-10
1.127451e-01 2.794118e-01 5.575041e-11
1.225490e-01 2.794118e-01 -1.255142e-10
1.323529e-01 2.794118e-01 -1.310764e-10
1.421569e-01 2.794118e-01 4.509782e-11
1.519608e-01 2.794118e-01 1.657141e-10
1.617647e-01 2.794118e-01 7.616921e-11
1.715686e-01 2.794118e-01 -1.103179e-10
1.813725e-01 2.794118e-01 -1.711212e-10
1.911765e-01 2.794118e-01 -3.877136e-11
2.009804e-01 2.794118e-01 1.399908e-10
2.107843e-01 2.794118e-01 1.789610e-10
2.205882e-01 2.794118e-01 4.204969e-11
2.303922e-01 2.794118e-01 -1.391360e-10
2.401961e-01 2.794118e-01 -2.029815e-10
2.500000e-01 2.794118e-01 -9.871648e-11
2.598039e-01 2.794118e-01 8.752060e-11
2.696078e-01 2.794118e-01 2.165230e-10
2.794118e-01 2.794118e-01 2.017779e-10
2.892157e-01 2.794118e-01 5.764091e-11
2.990196e-01 2.794118e-01 -1.268933e-10
3.088235e-01 2.794118e-01 -2.521557e-10
3.186275e-01 2.794118e-01 -2.613656e-10
3.284314e-01 2.794118e-01 -1.577096e-10
3.382353e-01 2.794118e-01 1.202867e-11
3.480392e-01 2.794118e-01 1.879459e-10
3.578431e-01 2.794118e-01 3.225224e-10
3.676471e-01 2.794118e-01 3.919121e-10
3.774510e-01 2.794118e-01 3.944724e-10
3.872549e-01 2.794118e-01 3.445818e-10
3.970588e-01 2.794118e-01 2.710915e-10
4.068627e-01 2.794118e-01 2.255363e-10
4.166667e-01 2.794118e-01 2.938726e-10
4.264706e-01 2.794118e-01 5.841256e-10
4.362745e-01 2.794118e-01 1.130445e-09
4.460784e-01 2.794118e-01 1.617524e-09
4.558824e-01 2.794118e-01 8.066547e-10
4.656863e-01 2.794118e-01 -4.441261e-09
4.754902e-01 2.794118e-01 -2.056462e-08
4.852941e-01 2.794118e-01 -5.899061e-08
4.950980e-01 2.794118e-01 -1.377474e-07
5.049020e-01 2.794118e-01 -2.824600e-07
5.147059e-01 2.794118e-01 -5.259819e-07
5.245098e-01 2.794118e-01 -9.061637e-07
5.343137e-01 2.794118e-01 -1.461222e-06
5.441176e-01 2.794118e-01 -2.223366e-06
5.539216e-01 2.794118e-01 -3.210777e-06
5.637255e-01 2.794118e-01 -4.420728e-06
5.735294e-01 2.794118e-01 -5.823325e-06
5.833333e-01 2.794118e-01 -7.361042e-06
5.931373e-01 2.794118e-01 -8.949603e-06
6.029412e-01 2.794118e-01 -1.048820e-05
6.127451e-01 2.794118e-01 -1.186721e-05
6.225490e-01 2.794118e-01 -1.298569e-05
6.323529e-01 2.794118e-01 -1.375934e-05
6.421569e-01 2.794118e-01 -1.413538e-05
6.519608e-01 2.794118e-01 -1.409443e-05
6.617647e-01 2.794118e-01 -1.365369e-05
6.715686e-01 2.794118e-01 -1.286235e-05
6.813725e-01 2.794118e-01 -1.179202e-05
6.911765e-01 2.794118e-01 -1.052967e-05
7.009804e-01 2.794118e-01 -9.164022e-06
7.107843e-01 2.794118e-01 -7.778212e-06
7.205882e-01 2.794118e-01 -6.443100e-06
7.303922e-01 2.794118e-01 -5.211126e-06
7.401961e-01 2.794118e-01 -4.117652e-06
7.500000e-01 2.794118e-01 -3.180508e-06
7.598039e-01 2.794118e-01 -2.402109e-06
7.696078e-01 2.794118e-01 -1.775082e-06
7.794118e-01 2.794118e-01 -1.284050e-06
7.892157e-01 2.794118e-01 -9.092349e-07
7.990196e-01 2.794118e-01 -6.307902e-07
8.088235e-01 2.794118e-01 -4.289765e-07
8.186275e-01 2.794118e-01 -2.857263e-07
8.284314e-01 2.794118e-01 -1.866862e-07
8.382353e-01 2.794118e-01 -1.198318e-07
8.480392e-01 2.794118e-01 -7.527480e-08
8.578431e-01 2.794118e-01 -4.637296e-08
8.676471e-01 2.794118e-01 -2.826323e-08
8.774510e-01 2.794118e-01 -1.682535e-08
8.872549e-01 2.794118e-01 -9.682190e-09
8.970588e-01 2.794118e-01 -5.638353e-09
9.068627e-01 2.794118e-01 -3.303836e-09
9.166667e-01 2.794118e-01 -1.711048e-09
9.264706e-01 2.794118e-01 -8.583480e-10
9.362745e-01 2.794118e-01 -6.054043e-10
9.460784e-01 2.794118e-01 -3.580362e-10
9.558824e-01 2.794118e-01 -3.484779e-11
9.656863e-01 2.794118e-01 -3.157681e-12
9.754902e-01 2.794118e-01 -1.532284e-10
9.852941e-01 2.794118e-01 -8.206120e-11
9.950980e-01 2.794118e-01 1.107056e-10
4.901961e-03 2.892157e-01 -2.341983e-11
1.470588e-02 2.892157e-01 3.127567e-11
2.450980e-02 2.892157e-01 1.872351e-11
3.431373e-02 2.892157e-01 -3.329314e-11
4.411765e-02 2.892157e-01 -2.520473e-11
5.392157e-02 2.892157e-01 2.857154e-11
6.372549e-02 2.892157e-01 3.229017e-11
7.352941e-02 2.892157e-01 -2.002298e-11
8.333333e-02 2.892157e-01 -3.987986e-11
9.313725e-02 2.892157e-01 4.973978e-12
1.029412e-01 2.892157e-01 4.302007e-11
1.127451e-01 2.892157e-01 1.591359e-11
1.225490e-01 2.892157e-01 -3.555395e-11
1.323529e-01 2.892157e-01 -3.726339e-11
1.421569e-01 2.892157e-01 1.270862e-11
1.519608e-01 2.892157e-01 4.705710e-11
1.617647e-01 2.892157e-01 2.172536e-11
1.715686e-01 2.892157e-01 -3.128117e-11
1.813725e-01 2.892157e-01 -4.867350e-11
1.911765e-01 2.892157e-01 -1.111272e-11
2.009804e-01 2.892157e-01 3.977552e-11
2.107843e-01 2.892157e-01 5.096642e-11
2.205882e-01 2.892157e-01 1.205069e-11
2.303922e-01 2.892157e-01 -3.958320e-11
2.401961e-01 2.892157e-01 -5.786188e-11
2.500000e-01 2.892157e-01 -2.820735e-11
2.598039e-01 2.892157e-01 2.490698e-11
2.696078e-01 2.892157e-01 6.177552e-11
2.794118e-01 2.892157e-01 5.764091e-11
2.892157e-01 2.892157e-01 1.651666e-11
2.990196e-01 2.892157e-01 -3.622127e-11
3.088235e-01 2.892157e-01 -7.208061e-11
3.186275e-01 2.892157e-01 -7.477679e-11
3.284314e-01 2.892157e-01 -4.516366e-11
3.382353e-01 2.892157e-01 3.410437e-12
3.480392e-01 2.892157e-01 5.380633e-11
3.578431e-01 2.892157e-01 9.239835e-11
3.676471e-01 2.892157e-01 1.123263e-10
3.774510e-01 2.892157e-01 1.130981e-10
3.872549e-01 2.892157e-01 9.884173e-11
3.970588e-01 2.892157e-01 7.787584e-11
4.068627e-01 2.892157e-01 6.505784e-11
4.166667e-01 2.892157e-01 8.510125e-11
4.264706e-01 2.892157e-01 1.689054e-10
4.362745e-01 2.892157e-01 3.258189e-10
4.460784e-01 2.892157e-01 4.643006e-10
4.558824e-01 2.892157e-01 2.269978e-10
4.656863e-01 2.892157e-01 -1.289656e-09
4.754902e-01 2.892157e-01 -5.936573e-09
4.852941e-01 2.892157e-01 -1.699609e-08
4.950980e-01 2.892157e-01 -3.964344e-08
5.049020e-01 2.892157e-01 -8.123111e-08
5.147059e-01 2.892157e-01 -1.511822e-07
5.245098e-01 2.892157e-01 -2.603493e-07
5.343137e-01 2.892157e-01 -4.196869e-07
5.441176e-01 2.892157e-01 -6.384235e-07
5.539216e-01 2.892157e-01 -9.217645e-07
5.637255e-01 2.892157e-01 -1.268919e-06
5.735294e-01 2.892157e-01 -1.671310e-06
5.833333e-01 2.892157e-01 -2.112437e-06
5.931373e-01 2.892157e-01 -2.568133e-06
6.029412e-01 2.892157e-01 -3.009492e-06
6.127451e-01 2.892157e-01 -3.405085e-06
6.225490e-01 2.892157e-01 -3.725959e-06
6.323529e-01 2.892157e-01 -3.947940e-06
6.421569e-01 2.892157e-01 -4.055887e-06
6.519608e-01 2.892157e-01 -4.044234e-06
6.617647e-01 2.892157e-01 -3.917899e-06
6.715686e-01 2.892157e-01 -3.690979e-06
6.813725e-01 2.892157e-01 -3.384006e-06
6.911765e-01 2.892157e-01 -3.021913e-06
7.009804e-01 2.892157e-01 -2.630147e-06
7.107843e-01 2.892157e-01 -2.232558e-06
7.205882e-01 2.892157e-01 -1.849476e-06
7.303922e-01 2.892157e-01 -1.495953e-06
7.401961e-01 2.892157e-01 -1.182142e-06
7.500000e-01 2.892157e-01 -9.131689e-07
7.598039e-01 2.892157e-01 -6.897364e-07
7.696078e-01 2.892157e-01 -5.097353e-07
7.794118e-01 2.892157e-01 -3.687605e-07
7.892157e-01 2.892157e-01 -2.611414e-07
7.990196e-01 2.892157e-01 -1.811843e-07
8.088235e-01 2.892157e-01 -1.232264e-07
8.186275e-01 2.892157e-01 -8.208400e-08
8.284314e-01 2.892157e-01 -5.363582e-08
8.382353e-01 2.892157e-01 -3.443040e-08
8.480392e-01 2.892157e-01 -2.163018e-08
8.578431e-01 2.892157e-01 -1.332645e-08
8.676471e-01 2.892157e-01 -8.122114e-09
8.774510e-01 2.892157e-01 -4.835577e-09
8.872549e-01 2.892157e-01 -2.783362e-09
8.970588e-01 2.892157e-01 -1.620563e-09
9.068627e-01 2.892157e-01 -9.492371e-10
9.166667e-01 2.892157e-01 -4.921712e-10
9.264706e-01 2.892157e-01 -2.471200e-10
9.362745e-01 2.892157e-01 -1.736092e-10
9.460784e-01 2.892157e-01 -1.026612e-10
9.558824e-01 2.892157e-01 -1.052288e-11
9.656863e-01 2.892157e-01 -1.106382e-12
9.754902e-01 2.892157e-01 -4.351265e-11
9.852941e-01 2.892157e-01 -2.341983e-11
9.950980e-01 2.892157e-01 3.127567e-11
4.901961e-03 2.990196e-01 5.169001e-11
1.470588e-02 2.990196e-01 -7.008154e-11
2.450980e-02 2.990196e-01 -4.155600e-11
3.431373e-02 2.990196e-01 7.443298e-11
4.411765e-02 2.990196e-01 5.595187e-11
5.392157e-02 2.990196e-01 -6.396468e-11
6.372549e-02 2.990196e-01 -7.180558e-11
7.352941e-02 2.990196e-01 4.492457e-11
8.333333e-02 2.990196e-01 8.877914e-11
9.313725e-02 2.990196e-01 -1.140154e-11
1.029412e-01 2.990196e-01 -9.585381e-11
1.127451e-01 2.990196e-01 -3.513909e-11
1.225490e-01 2.990196e-01 7.931090e-11
1.323529e-01 2.990196e-01 8.271851e-11
1.421569e-01 2.990196e-01 -2.853903e-11
1.519608e-01 2.990196e-01 -1.045958e-10
1.617647e-01 2.990196e-01 -4.800360e-11
1.715686e-01 2.990196e-01 6.964525e-11
1.813725e-01 2.990196e-01 1.079136e-10
1.911765e-01 2.990196e-01 2.439116e-11
2.009804e-01 2.990196e-01 -8.828473e-11
2.107843e-01 2.990196e-01 -1.127690e-10
2.205882e-01 2.990196e-01 -2.644766e-11
2.303922e-01 2.990196e-01 8.766909e-11
2.401961e-01 2.990196e-01 1.278095e-10
2.500000e-01 2.990196e-01 6.211111e-11
2.598039e-01 2.990196e-01 -5.510750e-11
2.696078e-01 2.990196e-01 -1.362286e-10
2.794118e-01 2.990196e-01 -1.268933e-10
2.892157e-01 2.990196e-01 -3.622127e-11
2.990196e-01 2.990196e-01 7.977370e-11
3.088235e-01 2.990196e-01 1.584491e-10
3.186275e-01 2.990196e-01 1.641787e-10
3.284314e-01 2.990196e-01 9.903313e-11
3.382353e-01 2.990196e-01 -7.555651e-12
3.480392e-01 2.990196e-01 -1.179618e-10
3.578431e-01 2.990196e-01 -2.023753e-10
3.676471e-01 2.990196e-01 -2.458670e-10
3.774510e-01 2.990196e-01 -2.474338e-10
3.872549e-01 2.990196e-01 -2.160864e-10
3.970588e-01 2.990196e-01 -1.698510e-10
4.068627e-01 2.990196e-01 -1.409172e-10
4.166667e-01 2.990196e-01 -1.830676e-10
4.264706e-01 2.990196e-01 -3.641073e-10
4.362745e-01 2.990196e-01 -7.060308e-10
4.460784e-01 2.990196e-01 -1.012685e-09
4.558824e-01 2.990196e-01 -5.103919e-10
4.656863e-01 2.990196e-01 2.764308e-09
4.754902e-01 2.990196e-01 1.284187e-08
4.852941e-01 2.990196e-01 3.687980e-08
4.950980e-01 2.990196e-01 8.617499e-08
5.049020e-01 2.990196e-01 1.767899e-07
5.147059e-01 2.990196e-01 3.293241e-07
5.245098e-01 2.990196e-01 5.675160e-07
5.343137e-01 2.990196e-01 9.153399e-07
5.441176e-01 2.990196e-01 1.393007e-06
5.539216e-01 2.990196e-01 2.011937e-06
5.637255e-01 2.990196e-01 2.770435e-06
5.735294e-01 2.990196e-01 3.649769e-06
5.833333e-01 2.990196e-01 4.613870e-06
5.931373e-01 2.990196e-01 5.609891e-06
6.029412e-01 2.990196e-01 6.574608e-06
6.127451e-01 2.990196e-01 7.439280e-06
6.225490e-01 2.990196e-01 8.140582e-06
6.323529e-01 2.990196e-01 8.625654e-06
6.421569e-01 2.990196e-01 8.861396e-06
6.519608e-01 2.990196e-01 8.835667e-06
6.617647e-01 2.990196e-01 8.559255e-06
6.715686e-01 2.990196e-01 8.063017e-06
6.813725e-01 2.990196e-01 7.391877e-06
6.911765e-01 2.990196e-01 6.600370e-06
7.009804e-01 2.990196e-01 5.744136e-06
7.107843e-01 2.990196e-01 4.875306e-06
7.205882e-01 2.990196e-01 4.038305e-06
7.303922e-01 2.990196e-01 3.266004e-06
7.401961e-01 2.990196e-01 2.580564e-06
7.500000e-01 2.990196e-01 1.993152e-06
7.598039e-01 2.990196e-01 1.505271e-06
7.696078e-01 2.990196e-01 1.112290e-06
7.794118e-01 2.990196e-01 8.045616e-07
7.892157e-01 2.990196e-01 5.696787e-07
7.990196e-01 2.990196e-01 3.951990e-07
8.088235e-01 2.990196e-01 2.687462e-07
8.186275e-01 2.990196e-01 1.789924e-07
8.284314e-01 2.990196e-01 1.169428e-07
8.382353e-01 2.990196e-01 7.506125e-08
8.480392e-01 2.990196e-01 4.714838e-08
8.578431e-01 2.990196e-01 2.904390e-08
8.676471e-01 2.990196e-01 1.770159e-08
8.774510e-01 2.990196e-01 1.053737e-08
8.872549e-01 2.990196e-01 6.062690e-09
8.970588e-01 2.990196e-01 3.530931e-09
9.068627e-01 2.990196e-01 2.069516e-09
9.166667e-01 2.990196e-01 1.071025e-09
9.264706e-01 2.990196e-01 5.368921e-10
9.362745e-01 2.990196e-01 3.796498e-10
9.460784e-01 2.990196e-01 2.246179e-10
9.558824e-01 2.990196e-01 2.112547e-11
9.656863e-01 2.990196e-01 1.631638e-12
9.754902e-01 2.990196e-01 9.668807e-11
9.852941e-01 2.990196e-01 5.169001e-11
9.950980e-01 2.990196e-01 -7.008154e-11
4.901961e-03 3.088235e-01 1.026975e-10
1.470588e-02 3.088235e-01 -1.386655e-10
2.450980e-02 3.088235e-01 -8.247028e-11
3.431373e-02 3.088235e-01 1.473463e-10
4.411765e-02 3.088235e-01 1.110120e-10
5.392157e-02 3.088235e-01 -1.265704e-10
6.372549e-02 3.088235e-01 -1.423874e-10
7.352941e-02 3.088235e-01 8.882704e-11
8.333333e-02 3.088235e-01 1.759751e-10
9.313725e-02 3.088235e-01 -2.238822e-11
1.029412e-01 3.088235e-01 -1.899322e-10
1.127451e-01 3.088235e-01 -6.983022e-11
1.225490e-01 3.088235e-01 1.570792e-10
1.323529e-01 3.088235e-01 1.640846e-10
1.421569e-01 3.088235e-01 -5.639254e-11
1.519608e-01 3.088235e-01 -2.073693e-10
1.617647e-01 3.088235e-01 -9.535636e-11
1.715686e-01 3.088235e-01 1.379818e-10
1.813725e-01 3.088235e-01 2.140903e-10
1.911765e-01 3.088235e-01 4.855573e-11
2.009804e-01 3.088235e-01 -1.750530e-10
2.107843e-01 3.088235e-01 -2.238289e-10
2.205882e-01 3.088235e-01 -5.264315e-11
2.303922e-01 3.088235e-01 1.739144e-10
2.401961e-01 3.088235e-01 2.537656e-10
2.500000e-01 3.088235e-01 1.234536e-10
2.598039e-01 3.088235e-01 -1.093216e-10
2.696078e-01 3.088235e-01 -2.705588e-10
2.794118e-01 3.088235e-01 -2.521557e-10
2.892157e-01 3.088235e-01 -7.208061e-11
2.990196e-01 3.088235e-01 1.584491e-10
3.088235e-01 3.088235e-01 3.149195e-10
3.186275e-01 3.088235e-01 3.264263e-10
3.284314e-01 3.088235e-01 1.969851e-10
3.382353e-01 3.088235e-01 -1.495163e-11
3.480392e-01 3.088235e-01 -2.345726e-10
3.578431e-01 3.088235e-01 -4.025574e-10
3.676471e-01 3.088235e-01 -4.891583e-10
3.774510e-01 3.088235e-01 -4.923436e-10
3.872549e-01 3.088235e-01 -4.300515e-10
3.970588e-01 3.088235e-01 -3.382254e-10
4.068627e-01 3.088235e-01 -2.810512e-10
4.166667e-01 3.088235e-01 -3.656525e-10
4.264706e-01 3.088235e-01 -7.268242e-10
4.362745e-01 3.088235e-01 -1.407608e-09
4.460784e-01 3.088235e-01 -2.015862e-09
4.558824e-01 3.088235e-01 -1.008601e-09
4.656863e-01 3.088235e-01 5.526688e-09
4.754902e-01 3.088235e-01 2.561757e-08
4.852941e-01 3.088235e-01 7.351540e-08
4.950980e-01 3.088235e-01 1.717084e-07
5.049020e-01 3.088235e-01 3.521659e-07
5.147059e-01 3.088235e-01 6.558819e-07
5.245098e-01 3.088235e-01 1.130091e-06
5.343137e-01 3.088235e-01 1.822494e-06
5.441176e-01 3.088235e-01 2.773297e-06
5.539216e-01 3.088235e-01 4.005211e-06
5.637255e-01 3.088235e-01 5.514852e-06
5.735294e-01 3.088235e-01 7.264938e-06
5.833333e-01 3.088235e-01 9.183694e-06
5.931373e-01 3.088235e-01 1.116596e-05
6.029412e-01 3.088235e-01 1.308592e-05
6.127451e-01 3.088235e-01 1.480681e-05
6.225490e-01 3.088235e-01 1.620260e-05
6.323529e-01 3.088235e-01 1.716809e-05
6.421569e-01 3.088235e-01 1.763742e-05
6.519608e-01 3.088235e-01 1.758640e-05
6.617647e-01 3.088235e-01 1.703648e-05
6.715686e-01 3.088235e-01 1.604904e-05
6.813725e-01 3.088235e-01 1.471346e-05
6.911765e-01 3.088235e-01 1.313827e-05
7.009804e-01 3.088235e-01 1.143419e-05
7.107843e-01 3.088235e-01 9.704962e-06
7.205882e-01 3.088235e-01 8.039021e-06
7.303922e-01 3.088235e-01 6.501796e-06
7.401961e-01 3.088235e-01 5.137411e-06
7.500000e-01 3.088235e-01 3.968108e-06
7.598039e-01 3.088235e-01 2.996894e-06
7.696078e-01 3.088235e-01 2.214565e-06
7.794118e-01 3.088235e-01 1.601929e-06
7.892157e-01 3.088235e-01 1.134300e-06
7.990196e-01 3.088235e-01 7.869140e-07
8.088235e-01 3.088235e-01 5.351390e-07
8.186275e-01 3.088235e-01 3.564289e-07
8.284314e-01 3.088235e-01 2.328759e-07
8.382353e-01 3.088235e-01 1.494778e-07
8.480392e-01 3.088235e-01 9.389500e-08
8.578431e-01 3.088235e-01 5.784217e-08
8.676471e-01 3.088235e-01 3.525333e-08
8.774510e-01 3.088235e-01 2.098621e-08
8.872549e-01 3.088235e-01 1.207559e-08
8.970588e-01 3.088235e-01 7.032310e-09
9.068627e-01 3.088235e-01 4.121153e-09
9.166667e-01 3.088235e-01 2.133743e-09
9.264706e-01 3.088235e-01 1.069956e-09
9.362745e-01 3.088235e-01 7.554444e-10
9.460784e-01 3.088235e-01 4.469678e-10
9.558824e-01 3.088235e-01 4.292498e-11
9.656863e-01 3.088235e-01 3.552409e-12
9.754902e-01 3.088235e-01 1.916795e-10
9.852941e-01 3.088235e-01 1.026975e-10
9.950980e-01 3.088235e-01 -1.386655e-10
4.901961e-03 3.186275e-01 1.064543e-10
1.470588e-02 3.186275e-01 -1.434442e-10
2.450980e-02 3.186275e-01 -8.545144e-11
3.431373e-02 3.186275e-01 1.524537e-10
4.411765e-02 3.186275e-01 1.150026e-10
5.392157e-02 3.186275e-01 -1.309282e-10
6.372549e-02 3.186275e-01 -1.474612e-10
7.352941e-02 3.186275e-01 9.184523e-11
8.333333e-02 3.186275e-01 1.822031e-10
9.313725e-02 3.186275e-01 -2.305922e-11
1.029412e-01 3.186275e-01 -1.966131e-10
1.127451e-01 3.186275e-01 -7.240264e-11
1.225490e-01 3.186275e-01 1.625587e-10
1.323529e-01 3.186275e-01 1.699544e-10
1.421569e-01 3.186275e-01 -5.828209e-11
1.519608e-01 3.186275e-01 -2.147173e-10
1.617647e-01 3.186275e-01 -9.884162e-11
1.715686e-01 3.186275e-01 1.428102e-10
1.813725e-01 3.186275e-01 2.217494e-10
1.911765e-01 3.186275e-01 5.038991e-11
2.009804e-01 3.186275e-01 -1.812519e-10
2.107843e-01 3.186275e-01 -2.318855e-10
2.205882e-01 3.186275e-01 -5.462618e-11
2.303922e-01 3.186275e-01 1.801090e-10
2.401961e-01 3.186275e-01 2.629320e-10
2.500000e-01 3.186275e-01 1.279909e-10
2.598039e-01 3.186275e-01 -1.132064e-10
2.696078e-01 3.186275e-01 -2.803563e-10
2.794118e-01 3.186275e-01 -2.613656e-10
2.892157e-01 3.186275e-01 -7.477679e-11
2.990196e-01 3.186275e-01 1.641787e-10
3.088235e-01 3.186275e-01 3.264263e-10
3.186275e-01 3.186275e-01 3.384207e-10
3.284314e-01 3.186275e-01 2.042717e-10
3.382353e-01 3.186275e-01 -1.545087e-11
3.480392e-01 3.186275e-01 -2.431872e-10
3.578431e-01 3.186275e-01 -4.174127e-10
3.676471e-01 3.186275e-01 -5.072564e-10
3.774510e-01 3.186275e-01 -5.105944e-10
3.872549e-01 3.186275e-01 -4.460313e-10
3.970588e-01 3.186275e-01 -3.508772e-10
4.068627e-01 3.186275e-01 -2.917555e-10
4.166667e-01 3.186275e-01 -3.798091e-10
4.264706e-01 3.186275e-01 -7.547828e-10
4.362745e-01 3.186275e-01 -1.461025e-09
4.460784e-01 3.186275e-01 -2.091123e-09
4.558824e-01 3.186275e-01 -1.043511e-09
4.656863e-01 3.186275e-01 5.741539e-09
4.754902e-01 3.186275e-01 2.659210e-08
4.852941e-01 3.186275e-01 7.629125e-08
4.950980e-01 3.186275e-01 1.781642e-07
5.049020e-01 3.186275e-01 3.653680e-07
5.147059e-01 3.186275e-01 6.804176e-07
5.245098e-01 3.186275e-01 1.172299e-06
5.343137e-01 3.186275e-01 1.890476e-06
5.441176e-01 3.186275e-01 2.876645e-06
5.539216e-01 3.186275e-01 4.154354e-06
5.637255e-01 3.186275e-01 5.720091e-06
5.735294e-01 3.186275e-01 7.535191e-06
5.833333e-01 3.186275e-01 9.525216e-06
5.931373e-01 3.186275e-01 1.158111e-05
6.029412e-01 3.186275e-01 1.357240e-05
6.127451e-01 3.186275e-01 1.535724e-05
6.225490e-01 3.186275e-01 1.680492e-05
6.323529e-01 3.186275e-01 1.780636e-05
6.421569e-01 3.186275e-01 1.829322e-05
6.519608e-01 3.186275e-01 1.824042e-05
6.617647e-01 3.186275e-01 1.767018e-05
6.715686e-01 3.186275e-01 1.664615e-05
6.813725e-01 3.186275e-01 1.526103e-05
6.911765e-01 3.186275e-01 1.362736e-05
7.009804e-01 3.186275e-01 1.185998e-05
7.107843e-01 3.186275e-01 1.006648e-05
7.205882e-01 3.186275e-01 8.338582e-06
7.303922e-01 3.186275e-01 6.744161e-06
7.401961e-01 3.186275e-01 5.328985e-06
7.500000e-01 3.186275e-01 4.116132e-06
7.598039e-01 3.186275e-01 3.108730e-06
7.696078e-01 3.186275e-01 2.297236e-06
7.794118e-01 3.186275e-01 1.661751e-06
7.892157e-01 3.186275e-01 1.176675e-06
7.990196e-01 3.186275e-01 8.163211e-07
8.088235e-01 3.186275e-01 5.551436e-07
8.186275e-01 3.186275e-01 3.697576e-07
8.284314e-01 3.186275e-01 2.415870e-07
8.382353e-01 3.186275e-01 1.550704e-07
8.480392e-01 3.186275e-01 9.740928e-08
8.578431e-01 3.186275e-01 6.000775e-08
8.676471e-01 3.186275e-01 3.657303e-08
8.774510e-01 3.186275e-01 2.177209e-08
8.872549e-01 3.186275e-01 1.252825e-08
8.970588e-01 3.186275e-01 7.295629e-09
9.068627e-01 3.186275e-01 4.275225e-09
9.166667e-01 3.186275e-01 2.213939e-09
9.264706e-01 3.186275e-01 1.110288e-09
9.362745e-01 3.186275e-01 7.834069e-10
9.460784e-01 3.186275e-01 4.635459e-10
9.558824e-01 3.186275e-01 4.491753e-11
9.656863e-01 3.186275e-01 3.794926e-12
9.754902e-01 3.186275e-01 1.984519e-10
9.852941e-01 3.186275e-01 1.064543e-10
9.950980e-01 3.186275e-01 -1.434442e-10
4.901961e-03 3.284314e-01 6.422127e-11
1.470588e-02 3.284314e-01 -8.632081e-11
2.450980e-02 3.284314e-01 -5.151807e-11
3.431373e-02 3.284314e-01 9.176805e-11
4.411765e-02 3.284314e-01 6.932239e-11
5.392157e-02 3.284314e-01 -7.879095e-11
6.372549e-02 3.284314e-01 -8.885789e-11
7.352941e-02 3.284314e-01 5.524509e-11
8.333333e-02 3.284314e-01 1.097659e-10
9.313725e-02 3.284314e-01 -1.380966e-11
1.029412e-01 3.284314e-01 -1.184218e-10
1.127451e-01 3.284314e-01 -4.368789e-11
1.225490e-01 3.284314e-01 9.788260e-11
1.323529e-01 3.284314e-01 1.024356e-10
1.421569e-01 3.284314e-01 -3.504289e-11
1.519608e-01 3.284314e-01 -1.293727e-10
1.617647e-01 3.284314e-01 -5.962711e-11
1.715686e-01 3.284314e-01 8.600997e-11
1.813725e-01 3.284314e-01 1.336666e-10
1.911765e-01 3.284314e-01 3.043919e-11
2.009804e-01 3.284314e-01 -1.092183e-10
2.107843e-01 3.284314e-01 -1.398186e-10
2.205882e-01 3.284314e-01 -3.299651e-11
2.303922e-01 3.284314e-01 1.085615e-10
2.401961e-01 3.284314e-01 1.585720e-10
2.500000e-01 3.284314e-01 7.724282e-11
2.598039e-01 3.284314e-01 -6.823516e-11
2.696078e-01 3.284314e-01 -1.691090e-10
2.794118e-01 3.284314e-01 -1.577096e-10
2.892157e-01 3.284314e-01 -4.516366e-11
2.990196e-01 3.284314e-01 9.903313e-11
3.088235e-01 3.284314e-01 1.969851e-10
3.186275e-01 3.284314e-01 2.042717e-10
3.284314e-01 3.284314e-01 1.233348e-10
3.382353e-01 3.284314e-01 -9.292233e-12
3.480392e-01 3.284314e-01 -1.467922e-10
3.578431e-01 3.284314e-01 -2.520098e-10
3.676471e-01 3.284314e-01 -3.062873e-10
3.774510e-01 3.284314e-01 -3.083259e-10
3.872549e-01 3.284314e-01 -2.693636e-10
3.970588e-01 3.284314e-01 -2.119591e-10
4.068627e-01 3.284314e-01 -1.764016e-10
4.166667e-01 3.284314e-01 -2.298693e-10
4.264706e-01 3.284314e-01 -4.567566e-10
4.362745e-01 3.284314e-01 -8.836799e-10
4.460784e-01 3.284314e-01 -1.264115e-09
4.558824e-01 3.284314e-01 -6.299019e-10
4.656863e-01 3.284314e-01 3.472184e-09
4.754902e-01 3.284314e-01 1.607356e-08
4.852941e-01 3.284314e-01 4.610412e-08
4.950980e-01 3.284314e-01 1.076521e-07
5.049020e-01 3.284314e-01 2.207426e-07
5.147059e-01 3.284314e-01 4.110503e-07
5.245098e-01 3.284314e-01 7.081560e-07
5.343137e-01 3.284314e-01 1.141929e-06
5.441176e-01 3.284314e-01 1.737544e-06
5.539216e-01 3.284314e-01 2.509218e-06
5.637255e-01 3.284314e-01 3.454829e-06
5.735294e-01 3.284314e-01 4.551024e-06
5.833333e-01 3.284314e-01 5.752854e-06
5.931373e-01 3.284314e-01 6.994461e-06
6.029412e-01 3.284314e-01 8.197059e-06
6.127451e-01 3.284314e-01 9.274985e-06
6.225490e-01 3.284314e-01 1.014932e-05
6.323529e-01 3.284314e-01 1.075417e-05
6.421569e-01 3.284314e-01 1.104826e-05
6.519608e-01 3.284314e-01 1.101645e-05
6.617647e-01 3.284314e-01 1.067215e-05
6.715686e-01 3.284314e-01 1.005378e-05
6.813725e-01 3.284314e-01 9.217317e-06
6.911765e-01 3.284314e-01 8.230725e-06
7.009804e-01 3.284314e-01 7.163349e-06
7.107843e-01 3.284314e-01 6.080178e-06
7.205882e-01 3.284314e-01 5.036602e-06
7.303922e-01 3.284314e-01 4.073617e-06
7.401961e-01 3.284314e-01 3.218873e-06
7.500000e-01 3.284314e-01 2.486312e-06
7.598039e-01 3.284314e-01 1.877831e-06
7.696078e-01 3.284314e-01 1.387670e-06
7.794118e-01 3.284314e-01 1.003814e-06
7.892157e-01 3.284314e-01 7.108054e-07
7.990196e-01 3.284314e-01 4.931304e-07
8.088235e-01 3.284314e-01 3.353607e-07
8.186275e-01 3.284314e-01 2.233729e-07
8.284314e-01 3.284314e-01 1.459460e-07
8.382353e-01 3.284314e-01 9.368099e-08
8.480392e-01 3.284314e-01 5.884770e-08
8.578431e-01 3.284314e-01 3.625286e-08
8.676471e-01 3.284314e-01 2.209490e-08
8.774510e-01 3.284314e-01 1.315336e-08
8.872549e-01 3.284314e-01 7.569174e-09
8.970588e-01 3.284314e-01 4.407547e-09
9.068627e-01 3.284314e-01 2.582592e-09
9.166667e-01 3.284314e-01 1.337743e-09
9.264706e-01 3.284314e-01 6.709903e-10
9.362745e-01 3.284314e-01 4.730166e-10
9.460784e-01 3.284314e-01 2.798933e-10
9.558824e-01 3.284314e-01 2.744759e-11
9.656863e-01 3.284314e-01 2.398683e-12
9.754902e-01 3.284314e-01 1.195587e-10
9.852941e-01 3.284314e-01 6.422127e-11
9.950980e-01 3.284314e-01 -8.632081e-11
4.901961e-03 3.382353e-01 -4.968371e-12
1.470588e-02 3.382353e-01 6.936325e-12
2.450980e-02 3.382353e-01 4.050361e-12
3.431373e-02 3.382353e-01 -7.327812e-12
4.411765e-02 3.382353e-01 -5.447268e-12
5.392157e-02 3.382353e-01 6.310354e-12
6.372549e-02 3.382353e-01 7.008642e-12
7.352941e-02 3.382353e-01 -4.443815e-12
8.333333e-02 3.382353e-01 -8.674608e-12
9.313725e-02 3.382353e-01 1.162710e-12
1.029412e-01 3.382353e-01 9.371202e-12
1.127451e-01 3.382353e-01 3.386994e-12
1.225490e-01 3.382353e-01 -7.759841e-12
1.323529e-01 3.382353e-01 -8.029861e-12
1.421569e-01 3.382353e-01 2.816162e-12
1.519608e-01 3.382353e-01 1.016126e-11
1.617647e-01 3.382353e-01 4.619628e-12
1.715686e-01 3.382353e-01 -6.772386e-12
1.813725e-01 3.382353e-01 -1.042280e-11
1.911765e-01 3.382353e-01 -2.319953e-12
2.009804e-01 3.382353e-01 8.526834e-12
2.107843e-01 3.382353e-01 1.083424e-11
2.205882e-01 3.382353e-01 2.509547e-12
2.303922e-01 3.382353e-01 -8.419625e-12
2.401961e-01 3.382353e-01 -1.221749e-11
2.500000e-01 3.382353e-01 -5.905871e-12
2.598039e-01 3.382353e-01 5.270498e-12
2.696078e-01 3.382353e-01 1.295709e-11
2.794118e-01 3.382353e-01 1.202867e-11
2.892157e-01 3.382353e-01 3.410437e-12
2.990196e-01 3.382353e-01 -7.555651e-12
3.088235e-01 3.382353e-01 -1.495163e-11
3.186275e-01 3.382353e-01 -1.545087e-11
3.284314e-01 3.382353e-01 -9.292233e-12
3.382353e-01 3.382353e-01 7.266958e-13
3.480392e-01 3.382353e-01 1.106364e-11
3.578431e-01 3.382353e-01 1.893845e-11
3.676471e-01 3.382353e-01 2.297719e-11
3.774510e-01 3.382353e-01 2.310433e-11
3.872549e-01 3.382353e-01 2.015987e-11
3.970588e-01 3.382353e-01 1.578165e-11
4.068627e-01 3.382353e-01 1.287877e-11
4.166667e-01 3.382353e-01 1.634043e-11
4.264706e-01 3.382353e-01 3.240378e-11
4.362745e-01 3.382353e-01 6.322807e-11
4.460784e-01 3.382353e-01 9.106380e-11
4.558824e-01 3.382353e-01 4.503395e-11
4.656863e-01 3.382353e-01 -2.557066e-10
4.754902e-01 3.382353e-01 -1.183681e-09
4.852941e-01 3.382353e-01 -3.402143e-09
4.950980e-01 3.382353e-01 -7.960039e-09
5.049020e-01 3.382353e-01 -1.635127e-08
5.147059e-01 3.382353e-01 -3.049439e-08
5.245098e-01 3.382353e-01 -5.260302e-08
5.343137e-01 3.382353e-01 -8.491558e-08
5.441176e-01 3.382353e-01 -1.293220e-07
5.539216e-01 3.382353e-01 -1.868939e-07
5.637255e-01 3.382353e-01 -2.574800e-07
5.735294e-01 3.382353e-01 -3.393397e-07
5.833333e-01 3.382353e-01 -4.291126e-07
5.931373e-01 3.382353e-01 -5.218722e-07
6.029412e-01 3.382353e-01 -6.117219e-07
6.127451e-01 3.382353e-01 -6.922504e-07
6.225490e-01 3.382353e-01 -7.575523e-07
6.323529e-01 3.382353e-01 -8.026994e-07
6.421569e-01 3.382353e-01 -8.246094e-07
6.519608e-01 3.382353e-01 -8.221553e-07
6.617647e-01 3.382353e-01 -7.963501e-07
6.715686e-01 3.382353e-01 -7.500777e-07
6.813725e-01 3.382353e-01 -6.875308e-07
6.911765e-01 3.382353e-01 -6.137969e-07
7.009804e-01 3.382353e-01 -5.340615e-07
7.107843e-01 3.382353e-01 -4.531803e-07
7.205882e-01 3.382353e-01 -3.752885e-07
7.303922e-01 3.382353e-01 -3.034410e-07
7.401961e-01 3.382353e-01 -2.396956e-07
7.500000e-01 3.382353e-01 -1.850853e-07
7.598039e-01 3.382353e-01 -1.397427e-07
7.696078e-01 3.382353e-01 -1.032324e-07
7.794118e-01 3.382353e-01 -7.465224e-08
7.892157e-01 3.382353e-01 -5.284404e-08
7.990196e-01 3.382353e-01 -3.664974e-08
8.088235e-01 3.382353e-01 -2.491698e-08
8.186275e-01 3.382353e-01 -1.659106e-08
8.284314e-01 3.382353e-01 -1.083714e-08
8.382353e-01 3.382353e-01 -6.954946e-09
8.480392e-01 3.382353e-01 -4.367480e-09
8.578431e-01 3.382353e-01 -2.689711e-09
8.676471e-01 3.382353e-01 -1.639568e-09
8.774510e-01 3.382353e-01 -9.758349e-10
8.872549e-01 3.382353e-01 -5.609125e-10
8.970588e-01 3.382353e-01 -3.269541e-10
9.068627e-01 3.382353e-01 -1.919865e-10
9.166667e-01 3.382353e-01 -9.892413e-11
9.264706e-01 3.382353e-01 -4.937292e-11
9.362745e-01 3.382353e-01 -3.549160e-11
9.460784e-01 3.382353e-01 -2.105669e-11
9.558824e-01 3.382353e-01 -1.553075e-12
9.656863e-01 3.382353e-01 4.831117e-14
9.754902e-01 3.382353e-01 -9.391990e-12
9.852941e-01 3.382353e-01 -4.968371e-12
9.950980e-01 3.382353e-01 6.936325e-12
4.901961e-03 3.480392e-01 -7.670887e-11
1.470588e-02 3.480392e-01 1.034432e-10
2.450980e-02 3.480392e-01 6.166259e-11
3.431373e-02 3.480392e-01 -1.098847e-10
4.411765e-02 3.480392e-01 -8.294085e-11
5.392157e-02 3.480392e-01 9.436203e-11
6.372549e-02 3.480392e-01 1.063322e-10
7.352941e-02 3.480392e-01 -6.616786e-11
8.333333e-02 3.480392e-01 -1.313489e-10
9.313725e-02 3.480392e-01 1.657367e-11
1.029412e-01 3.480392e-01 1.416946e-10
1.127451e-01 3.480392e-01 5.222246e-11
1.225490e-01 3.480392e-01 -1.171053e-10
1.323529e-01 3.480392e-01 -1.224820e-10
1.421569e-01 3.480392e-01 4.193728e-11
1.519608e-01 3.480392e-01 1.546653e-10
1.617647e-01 3.480392e-01 7.124003e-11
1.715686e-01 3.480392e-01 -1.028038e-10
1.813725e-01 3.480392e-01 -1.596886e-10
1.911765e-01 3.480392e-01 -3.633510e-11
2.009804e-01 3.480392e-01 1.304396e-10
2.107843e-01 3.480392e-01 1.669216e-10
2.205882e-01 3.480392e-01 3.936930e-11
2.303922e-01 3.480392e-01 -1.295545e-10
2.401961e-01 3.480392e-01 -1.891719e-10
2.500000e-01 3.480392e-01 -9.211815e-11
2.598039e-01 3.480392e-01 8.136652e-11
2.696078e-01 3.480392e-01 2.015869e-10
2.794118e-01 3.480392e-01 1.879459e-10
2.892157e-01 3.480392e-01 5.380633e-11
2.990196e-01 3.480392e-01 -1.179618e-10
3.088235e-01 3.480392e-01 -2.345726e-10
3.186275e-01 3.480392e-01 -2.431872e-10
3.284314e-01 3.480392e-01 -1.467922e-10
3.382353e-01 3.480392e-01 1.106364e-11
3.480392e-01 3.480392e-01 1.746473e-10
3.578431e-01 3.480392e-01 2.997701e-10
3.676471e-01 3.480392e-01 3.642809e-10
3.774510e-01 3.480392e-01 3.666757e-10
3.872549e-01 3.480392e-01 3.203108e-10
3.970588e-01 3.480392e-01 2.519218e-10
4.068627e-01 3.480392e-01 2.092149e-10
4.166667e-01 3.480392e-01 2.717929e-10
4.264706e-01 3.480392e-01 5.398040e-10
4.362745e-01 3.480392e-01 1.045103e-09
4.460784e-01 3.480392e-01 1.495713e-09
4.558824e-01 3.480392e-01 7.432108e-10
4.656863e-01 3.480392e-01 -4.124399e-09
4.754902e-01 3.480392e-01 -1.908217e-08
4.852941e-01 3.480392e-01 -5.473839e-08
4.950980e-01 3.480392e-01 -1.278339e-07
5.049020e-01 3.480392e-01 -2.621692e-07
5.147059e-01 3.480392e-01 -4.882660e-07
5.245098e-01 3.480392e-01 -8.412955e-07
5.343137e-01 3.480392e-01 -1.356778e-06
5.441176e-01 3.480392e-01 -2.064659e-06
5.539216e-01 3.480392e-01 -2.981860e-06
5.637255e-01 3.480392e-01 -4.105872e-06
5.735294e-01 3.480392e-01 -5.408947e-06
5.833333e-01 3.480392e-01 -6.837648e-06
5.931373e-01 3.480392e-01 -8.313678e-06
6.029412e-01 3.480392e-01 -9.743358e-06
6.127451e-01 3.480392e-01 -1.102483e-05
6.225490e-01 3.480392e-01 -1.206426e-05
6.323529e-01 3.480392e-01 -1.278329e-05
6.421569e-01 3.480392e-01 -1.313287e-05
6.519608e-01 3.480392e-01 -1.309497e-05
6.617647e-01 3.480392e-01 -1.268557e-05
6.715686e-01 3.480392e-01 -1.195036e-05
6.813725e-01 3.480392e-01 -1.095590e-05
6.911765e-01 3.480392e-01 -9.782998e-06
7.009804e-01 3.480392e-01 -8.514107e-06
7.107843e-01 3.480392e-01 -7.226489e-06
7.205882e-01 3.480392e-01 -5.985988e-06
7.303922e-01 3.480392e-01 -4.841330e-06
7.401961e-01 3.480392e-01 -3.825375e-06
7.500000e-01 3.480392e-01 -2.954685e-06
7.598039e-01 3.480392e-01 -2.231499e-06
7.696078e-01 3.480392e-01 -1.648964e-06
7.794118e-01 3.480392e-01 -1.192788e-06
7.892157e-01 3.480392e-01 -8.445876e-07
7.990196e-01 3.480392e-01 -5.859232e-07
8.088235e-01 3.480392e-01 -3.984528e-07
8.186275e-01 3.480392e-01 -2.653869e-07
8.284314e-01 3.480392e-01 -1.733913e-07
8.382353e-01 3.480392e-01 -1.112953e-07
8.480392e-01 3.480392e-01 -6.990991e-08
8.578431e-01 3.480392e-01 -4.306600e-08
8.676471e-01 3.480392e-01 -2.624767e-08
8.774510e-01 3.480392e-01 -1.562518e-08
8.872549e-01 3.480392e-01 -8.990422e-09
8.970588e-01 3.480392e-01 -5.235636e-09
9.068627e-01 3.480392e-01 -3.068563e-09
9.166667e-01 3.480392e-01 -1.588591e-09
9.264706e-01 3.480392e-01 -7.963065e-10
9.362745e-01 3.480392e-01 -5.625417e-10
9.460784e-01 3.480392e-01 -3.330441e-10
9.558824e-01 3.480392e-01 -3.179015e-11
9.656863e-01 3.480392e-01 -2.389224e-12
9.754902e-01 3.480392e-01 -1.429065e-10
9.852941e-01 3.480392e-01 -7.670887e-11
9.950980e-01 3.480392e-01 1.034432e-10
4.901961e-03 3.578431e-01 -1.316164e-10
1.470588e-02 3.578431e-01 1.771710e-10
2.450980e-02 3.578431e-01 1.057567e-10
3.431373e-02 3.578431e-01 -1.882381e-10
4.411765e-02 3.578431e-01 -1.422304e-10
5.392157e-02 3.578431e-01 1.616173e-10
6.372549e-02 3.578431e-01 1.822970e-10
7.352941e-02 3.578431e-01 -1.132878e-10
8.333333e-02 3.578431e-01 -2.251447e-10
9.313725e-02 3.578431e-01 2.828417e-11
1.029412e-01 3.578431e-01 2.428395e-10
1.127451e-01 3.578431e-01 8.961965e-11
1.225490e-01 3.578431e-01 -2.006540e-10
1.323529e-01 3.578431e-01 -2.100185e-10
1.421569e-01 3.578431e-01 7.178001e-11
1.519608e-01 3.578431e-01 2.651368e-10
1.617647e-01 3.578431e-01 1.222336e-10
1.715686e-01 3.578431e-01 -1.761759e-10
1.813725e-01 3.578431e-01 -2.738318e-10
1.911765e-01 3.578431e-01 -6.240530e-11
2.009804e-01 3.578431e-01 2.236183e-10
2.107843e-01 3.578431e-01 2.862964e-10
2.205882e-01 3.578431e-01 6.761347e-11
2.303922e-01 3.578431e-01 -2.221475e-10
2.401961e-01 3.578431e-01 -3.245063e-10
2.500000e-01 3.578431e-01 -1.580992e-10
2.598039e-01 3.578431e-01 1.395173e-10
2.696078e-01 3.578431e-01 3.458427e-10
2.794118e-01 3.578431e-01 3.225224e-10
2.892157e-01 3.578431e-01 9.239835e-11
2.990196e-01 3.578431e-01 -2.023753e-10
3.088235e-01 3.578431e-01 -4.025574e-10
3.186275e-01 3.578431e-01 -4.174127e-10
3.284314e-01 3.578431e-01 -2.520098e-10
3.382353e-01 3.578431e-01 1.893845e-11
3.480392e-01 3.578431e-01 2.997701e-10
3.578431e-01 3.578431e-01 5.146117e-10
3.676471e-01 3.578431e-01 6.254058e-10
3.774510e-01 3.578431e-01 6.295482e-10
3.872549e-01 3.578431e-01 5.499763e-10
3.970588e-01 3.578431e-01 4.326338e-10
4.068627e-01 3.578431e-01 3.595144e-10
4.166667e-01 3.578431e-01 4.673880e-10
4.264706e-01 3.578431e-01 9.282299e-10
4.362745e-01 3.578431e-01 1.796533e-09
4.460784e-01 3.578431e-01 2.570331e-09
4.558824e-01 3.578431e-01 1.276488e-09
4.656863e-01 3.578431e-01 -7.086976e-09
4.754902e-01 3.578431e-01 -3.278204e-08
4.852941e-01 3.578431e-01 -9.402631e-08
4.950980e-01 3.578431e-01 -2.195666e-07
5.049020e-01 3.578431e-01 -4.502704e-07
5.147059e-01 3.578431e-01 -8.385430e-07
5.245098e-01 3.578431e-01 -1.444771e-06
5.343137e-01 3.578431e-01 -2.329938e-06
5.441176e-01 3.578431e-01 -3.545456e-06
5.539216e-01 3.578431e-01 -5.120371e-06
5.637255e-01 3.578431e-01 -7.050374e-06
5.735294e-01 3.578431e-01 -9.287819e-06
5.833333e-01 3.578431e-01 -1.174096e-05
5.931373e-01 3.578431e-01 -1.427536e-05
6.029412e-01 3.578431e-01 -1.673019e-05
6.127451e-01 3.578431e-01 -1.893056e-05
6.225490e-01 3.578431e-01 -2.071535e-05
6.323529e-01 3.578431e-01 -2.195003e-05
6.421569e-01 3.578431e-01 -2.255037e-05
6.519608e-01 3.578431e-01 -2.248541e-05
6.617647e-01 3.578431e-01 -2.178255e-05
6.715686e-01 3.578431e-01 -2.052026e-05
6.813725e-01 3.578431e-01 -1.881279e-05
6.911765e-01 3.578431e-01 -1.679891e-05
7.009804e-01 3.578431e-01 -1.462016e-05
7.107843e-01 3.578431e-01 -1.240922e-05
7.205882e-01 3.578431e-01 -1.027915e-05
7.303922e-01 3.578431e-01 -8.313629e-06
7.401961e-01 3.578431e-01 -6.569077e-06
7.500000e-01 3.578431e-01 -5.073948e-06
7.598039e-01 3.578431e-01 -3.832093e-06
7.696078e-01 3.578431e-01 -2.831749e-06
7.794118e-01 3.578431e-01 -2.048382e-06
7.892157e-01 3.578431e-01 -1.450430e-06
7.990196e-01 3.578431e-01 -1.006228e-06
8.088235e-01 3.578431e-01 -6.842837e-07
8.186275e-01 3.578431e-01 -4.557667e-07
8.284314e-01 3.578431e-01 -2.977784e-07
8.382353e-01 3.578431e-01 -1.911369e-07
8.480392e-01 3.578431e-01 -1.200632e-07
8.578431e-01 3.578431e-01 -7.396202e-08
8.676471e-01 3.578431e-01 -4.507765e-08
8.774510e-01 3.578431e-01 -2.683480e-08
8.872549e-01 3.578431e-01 -1.544069e-08
8.970588e-01 3.578431e-01 -8.991622e-09
9.068627e-01 3.578431e-01 -5.269592e-09
9.166667e-01 3.578431e-01 -2.728534e-09
9.264706e-01 3.578431e-01 -1.367866e-09
9.362745e-01 3.578431e-01 -9.657097e-10
9.460784e-01 3.578431e-01 -5.717519e-10
9.558824e-01 3.578431e-01 -5.503458e-11
9.656863e-01 3.578431e-01 -4.242548e-12
9.754902e-01 3.578431e-01 -2.449506e-10
9.852941e-01 3.578431e-01 -1.316164e-10
9.950980e-01 3.578431e-01 1.771710e-10
4.901961e-03 3.676471e-01 -1.599459e-10
1.470588e-02 3.676471e-01 2.150961e-10
2.450980e-02 3.676471e-01 1.285060e-10
3.431373e-02 3.676471e-01 -2.285466e-10
4.411765e-02 3.676471e-01 -1.728021e-10
5.392157e-02 3.676471e-01 1.962028e-10
6.372549e-02 3.676471e-01 2.214453e-10
7.352941e-02 3.676471e-01 -1.374977e-10
8.333333e-02 3.676471e-01 -2.734584e-10
9.313725e-02 3.676471e-01 3.425588e-11
1.029412e-01 3.676471e-01 2.949156e-10
1.127451e-01 3.676471e-01 1.089313e-10
1.225490e-01 3.676471e-01 -2.436447e-10
1.323529e-01 3.676471e-01 -2.551318e-10
1.421569e-01 3.676471e-01 8.709565e-11
1.519608e-01 3.676471e-01 3.220303e-10
1.617647e-01 3.676471e-01 1.485473e-10
1.715686e-01 3.676471e-01 -2.139287e-10
1.813725e-01 3.676471e-01 -3.326436e-10
1.911765e-01 3.676471e-01 -7.588554e-11
2.009804e-01 3.676471e-01 2.715910e-10
2.107843e-01 3.676471e-01 3.478175e-10
2.205882e-01 3.676471e-01 8.221246e-11
2.303922e-01 3.676471e-01 -2.698279e-10
2.401961e-01 3.676471e-01 -3.942552e-10
2.500000e-01 3.676471e-01 -1.921410e-10
2.598039e-01 3.676471e-01 1.694517e-10
2.696078e-01 3.676471e-01 4.201869e-10
2.794118e-01 3.676471e-01 3.919121e-10
2.892157e-01 3.676471e-01 1.123263e-10
2.990196e-01 3.676471e-01 -2.458670e-10
3.088235e-01 3.676471e-01 -4.891583e-10
3.186275e-01 3.676471e-01 -5.072564e-10
3.284314e-01 3.676471e-01 -3.062873e-10
3.382353e-01 3.676471e-01 2.297719e-11
3.480392e-01 3.676471e-01 3.642809e-10
3.578431e-01 3.676471e-01 6.254058e-10
3.676471e-01 3.676471e-01 7.600835e-10
3.774510e-01 3.676471e-01 7.651375e-10
3.872549e-01 3.676471e-01 6.684479e-10
3.970588e-01 3.676471e-01 5.258772e-10
4.068627e-01 3.676471e-01 4.371158e-10
4.166667e-01 3.676471e-01 5.684262e-10
4.264706e-01 3.676471e-01 1.128807e-09
4.362745e-01 3.676471e-01 2.184337e-09
4.460784e-01 3.676471e-01 3.124544e-09
4.558824e-01 3.676471e-01 1.550574e-09
4.656863e-01 3.676471e-01 -8.618041e-09
4.754902e-01 3.676471e-01 -3.985502e-08
4.852941e-01 3.676471e-01 -1.143034e-07
4.950980e-01 3.676471e-01 -2.669030e-07
5.049020e-01 3.676471e-01 -5.473244e-07
5.147059e-01 3.676471e-01 -1.019260e-06
5.245098e-01 3.676471e-01 -1.756102e-06
5.343137e-01 3.676471e-01 -2.831967e-06
5.441176e-01 3.676471e-01 -4.309336e-06
5.539216e-01 3.676471e-01 -6.223511e-06
5.637255e-01 3.676471e-01 -8.569254e-06
5.735294e-01 3.676471e-01 -1.128866e-05
5.833333e-01 3.676471e-01 -1.427021e-05
5.931373e-01 3.676471e-01 -1.735054e-05
6.029412e-01 3.676471e-01 -2.033415e-05
6.127451e-01 3.676471e-01 -2.300850e-05
6.225490e-01 3.676471e-01 -2.517777e-05
6.323529e-01 3.676471e-01 -2.667846e-05
6.421569e-01 3.676471e-01 -2.740817e-05
6.519608e-01 3.676471e-01 -2.732928e-05
6.617647e-01 3.676471e-01 -2.647508e-05
6.715686e-01 3.676471e-01 -2.494093e-05
6.813725e-01 3.676471e-01 -2.286571e-05
6.911765e-01 3.676471e-01 -2.041803e-05
7.009804e-01 3.676471e-01 -1.776997e-05
7.107843e-01 3.676471e-01 -1.508275e-05
7.205882e-01 3.676471e-01 -1.249382e-05
7.303922e-01 3.676471e-01 -1.010486e-05
7.401961e-01 3.676471e-01 -7.984459e-06
7.500000e-01 3.676471e-01 -6.167210e-06
7.598039e-01 3.676471e-01 -4.657795e-06
7.696078e-01 3.676471e-01 -3.441918e-06
7.794118e-01 3.676471e-01 -2.489763e-06
7.892157e-01 3.676471e-01 -1.762971e-06
7.990196e-01 3.676471e-01 -1.223055e-06
8.088235e-01 3.676471e-01 -8.317380e-07
8.186275e-01 3.676471e-01 -5.539797e-07
8.284314e-01 3.676471e-01 -3.619471e-07
8.382353e-01 3.676471e-01 -2.323252e-07
8.480392e-01 3.676471e-01 -1.459361e-07
8.578431e-01 3.676471e-01 -8.990038e-08
8.676471e-01 3.676471e-01 -5.479129e-08
8.774510e-01 3.676471e-01 -3.261740e-08
8.872549e-01 3.676471e-01 -1.876816e-08
8.970588e-01 3.676471e-01 -1.092907e-08
9.068627e-01 3.676471e-01 -6.404896e-09
9.166667e-01 3.676471e-01 -3.316625e-09
9.264706e-01 3.676471e-01 -1.662719e-09
9.362745e-01 3.676471e-01 -1.173569e-09
9.460784e-01 3.676471e-01 -6.948625e-10
9.558824e-01 3.676471e-01 -6.712090e-11
9.656863e-01 3.676471e-01 -5.192582e-12
9.754902e-01 3.676471e-01 -2.974809e-10
9.852941e-01 3.676471e-01 -1.599459e-10
9.950980e-01 3.676471e-01 2.150961e-10
4.901961e-03 3.774510e-01 -1.610153e-10
1.470588e-02 3.774510e-01 2.163570e-10
2.450980e-02 3.774510e-01 1.293600e-10
3.431373e-02 3.774510e-01 -2.298944e-10
4.411765e-02 3.774510e-01 -1.739260e-10
5.392157e-02 3.774510e-01 1.973396e-10
6.372549e-02 3.774510e-01 2.228529e-10
7.352941e-02 3.774510e-01 -1.382632e-10
8.333333e-02 3.774510e-01 -2.751625e-10
9.313725e-02 3.774510e-01 3.438036e-11
1.029412e-01 3.774510e-01 2.967195e-10
1.127451e-01 3.774510e-01 1.096818e-10
1.225490e-01 3.774510e-01 -2.450978e-10
1.323529e-01 3.774510e-01 -2.567578e-10
1.421569e-01 3.774510e-01 8.755710e-11
1.519608e-01 3.774510e-01 3.240253e-10
1.617647e-01 3.774510e-01 1.495432e-10
1.715686e-01 3.774510e-01 -2.152059e-10
1.813725e-01 3.774510e-01 -3.347466e-10
1.911765e-01 3.774510e-01 -7.643384e-11
2.009804e-01 3.774510e-01 2.732564e-10
2.107843e-01 3.774510e-01 3.500390e-10
2.205882e-01 3.774510e-01 8.279821e-11
2.303922e-01 3.774510e-01 -2.714992e-10
2.401961e-01 3.774510e-01 -3.967816e-10
2.500000e-01 3.774510e-01 -1.934225e-10
2.598039e-01 3.774510e-01 1.704907e-10
2.696078e-01 3.774510e-01 4.228817e-10
2.794118e-01 3.774510e-01 3.944724e-10
2.892157e-01 3.774510e-01 1.130981e-10
2.990196e-01 3.774510e-01 -2.474338e-10
3.088235e-01 3.774510e-01 -4.923436e-10
3.186275e-01 3.774510e-01 -5.105944e-10
3.284314e-01 3.774510e-01 -3.083259e-10
3.382353e-01 3.774510e-01 2.310433e-11
3.480392e-01 3.774510e-01 3.666757e-10
3.578431e-01 3.774510e-01 6.295482e-10
3.676471e-01 3.774510e-01 7.651375e-10
3.774510e-01 3.774510e-01 7.702395e-10
3.872549e-01 3.774510e-01 6.729243e-10
3.970588e-01 3.774510e-01 5.294434e-10
4.068627e-01 3.774510e-01 4.401753e-10
4.166667e-01 3.774510e-01 5.724962e-10
4.264706e-01 3.774510e-01 1.136737e-09
4.362745e-01 3.774510e-01 2.199213e-09
4.460784e-01 3.774510e-01 3.144931e-09
4.558824e-01 3.774510e-01 1.558252e-09
4.656863e-01 3.774510e-01 -8.683000e-09
4.754902e-01 3.774510e-01 -4.013722e-08
4.852941e-01 3.774510e-01 -1.150967e-07
4.950980e-01 3.774510e-01 -2.687357e-07
5.049020e-01 3.774510e-01 -5.510569e-07
5.147059e-01 3.774510e-01 -1.026178e-06
5.245098e-01 3.774510e-01 -1.767978e-06
5.343137e-01 3.774510e-01 -2.851067e-06
5.441176e-01 3.774510e-01 -4.338339e-06
5.539216e-01 3.774510e-01 -6.265330e-06
5.637255e-01 3.774510e-01 -8.626762e-06
5.735294e-01 3.774510e-01 -1.136434e-05
5.833333e-01 3.774510e-01 -1.436582e-05
5.931373e-01 3.774510e-01 -1.746672e-05
6.029412e-01 3.774510e-01 -2.047027e-05
6.127451e-01 3.774510e-01 -2.316249e-05
6.225490e-01 3.774510e-01 -2.534625e-05
6.323529e-01 3.774510e-01 -2.685698e-05
6.421569e-01 3.774510e-01 -2.759158e-05
6.519608e-01 3.774510e-01 -2.751218e-05
6.617647e-01 3.774510e-01 -2.665230e-05
6.715686e-01 3.774510e-01 -2.510792e-05
6.813725e-01 3.774510e-01 -2.301884e-05
6.911765e-01 3.774510e-01 -2.055481e-05
7.009804e-01 3.774510e-01 -1.788904e-05
7.107843e-01 3.774510e-01 -1.518385e-05
7.205882e-01 3.774510e-01 -1.257758e-05
7.303922e-01 3.774510e-01 -1.017263e-05
7.401961e-01 3.774510e-01 -8.038024e-06
7.500000e-01 3.774510e-01 -6.208594e-06
7.598039e-01 3.774510e-01 -4.689059e-06
7.696078e-01 3.774510e-01 -3.465026e-06
7.794118e-01 3.774510e-01 -2.506482e-06
7.892157e-01 3.774510e-01 -1.774811e-06
7.990196e-01 3.774510e-01 -1.231270e-06
8.088235e-01 3.774510e-01 -8.373249e-07
8.186275e-01 3.774510e-01 -5.577011e-07
8.284314e-01 3.774510e-01 -3.643784e-07
8.382353e-01 3.774510e-01 -2.338855e-07
8.480392e-01 3.774510e-01 -1.469162e-07
8.578431e-01 3.774510e-01 -9.050406e-08
8.676471e-01 3.774510e-01 -5.515892e-08
8.774510e-01 3.774510e-01 -3.283625e-08
8.872549e-01 3.774510e-01 -1.889418e-08
8.970588e-01 3.774510e-01 -1.100225e-08
9.068627e-01 3.774510e-01 -6.447684e-09
9.166667e-01 3.774510e-01 -3.338955e-09
9.264706e-01 3.774510e-01 -1.673911e-09
9.362745e-01 3.774510e-01 -1.181255e-09
9.460784e-01 3.774510e-01 -6.994687e-10
9.558824e-01 3.774510e-01 -6.773336e-11
9.656863e-01 3.774510e-01 -5.231505e-12
9.754902e-01 3.774510e-01 -2.992925e-10
9.852941e-01 3.774510e-01 -1.610153e-10
9.950980e-01 3.774510e-01 2.163570e-10
4.901961e-03 3.872549e-01 -1.407084e-10
1.470588e-02 3.872549e-01 1.888467e-10
2.450980e-02 3.872549e-01 1.130474e-10
3.431373e-02 3.872549e-01 -2.006675e-10
4.411765e-02 3.872549e-01 -1.519569e-10
5.392157e-02 3.872549e-01 1.722239e-10
6.372549e-02 3.872549e-01 1.946583e-10
7.352941e-02 3.872549e-01 -1.206224e-10
8.333333e-02 3.872549e-01 -2.403010e-10
9.313725e-02 3.872549e-01 2.990328e-11
1.029412e-01 3.872549e-01 2.590773e-10
1.127451e-01 3.872549e-01 9.588136e-11
1.225490e-01 3.872549e-01 -2.139502e-10
1.323529e-01 3.872549e-01 -2.242690e-10
1.421569e-01 3.872549e-01 7.634962e-11
1.519608e-01 3.872549e-01 2.829409e-10
1.617647e-01 3.872549e-01 1.306843e-10
1.715686e-01 3.872549e-01 -1.878495e-10
1.813725e-01 3.872549e-01 -2.923507e-10
1.911765e-01 3.872549e-01 -6.684623e-11
2.009804e-01 3.872549e-01 2.385727e-10
2.107843e-01 3.872549e-01 3.057262e-10
2.205882e-01 3.872549e-01 7.239805e-11
2.303922e-01 3.872549e-01 -2.370532e-10
2.401961e-01 3.872549e-01 -3.465499e-10
2.500000e-01 3.872549e-01 -1.690010e-10
2.598039e-01 3.872549e-01 1.488415e-10
2.696078e-01 3.872549e-01 3.693365e-10
2.794118e-01 3.872549e-01 3.445818e-10
2.892157e-01 3.872549e-01 9.884173e-11
2.990196e-01 3.872549e-01 -2.160864e-10
3.088235e-01 3.872549e-01 -4.300515e-10
3.186275e-01 3.872549e-01 -4.460313e-10
3.284314e-01 3.872549e-01 -2.693636e-10
3.382353e-01 3.872549e-01 2.015987e-11
3.480392e-01 3.872549e-01 3.203108e-10
3.578431e-01 3.872549e-01 5.499763e-10
3.676471e-01 3.872549e-01 6.684479e-10
3.774510e-01 3.872549e-01 6.729243e-10
3.872549e-01 3.872549e-01 5.879356e-10
3.970588e-01 3.872549e-01 4.626411e-10
4.068627e-01 3.872549e-01 3.847447e-10
4.166667e-01 3.872549e-01 5.004346e-10
4.264706e-01 3.872549e-01 9.933034e-10
4.362745e-01 3.872549e-01 1.920890e-09
4.460784e-01 3.872549e-01 2.745155e-09
4.558824e-01 3.872549e-01 1.354468e-09
4.656863e-01 3.872549e-01 -7.601496e-09
4.754902e-01 3.872549e-01 -3.509641e-08
4.852941e-01 3.872549e-01 -1.006080e-07
4.950980e-01 3.872549e-01 -2.348681e-07
5.049020e-01 3.872549e-01 -4.815620e-07
5.147059e-01 3.872549e-01 -8.967055e-07
5.245098e-01 3.872549e-01 -1.544842e-06
5.343137e-01 3.872549e-01 -2.491149e-06
5.441176e-01 3.872549e-01 -3.790572e-06
5.539216e-01 3.872549e-01 -5.474150e-06
5.637255e-01 3.872549e-01 -7.537271e-06
5.735294e-01 3.872549e-01 -9.929004e-06
5.833333e-01 3.872549e-01 -1.255128e-05
5.931373e-01 3.872549e-01 -1.526041e-05
6.029412e-01 3.872549e-01 -1.788447e-05
6.127451e-01 3.872549e-01 -2.023655e-05
6.225490e-01 3.872549e-01 -2.214441e-05
6.323529e-01 3.872549e-01 -2.346427e-05
6.421569e-01 3.872549e-01 -2.410606e-05
6.519608e-01 3.872549e-01 -2.403670e-05
6.617647e-01 3.872549e-01 -2.328546e-05
6.715686e-01 3.872549e-01 -2.193619e-05
6.813725e-01 3.872549e-01 -2.011104e-05
6.911765e-01 3.872549e-01 -1.795831e-05
7.009804e-01 3.872549e-01 -1.562931e-05
7.107843e-01 3.872549e-01 -1.326587e-05
7.205882e-01 3.872549e-01 -1.098884e-05
7.303922e-01 3.872549e-01 -8.887684e-06
7.401961e-01 3.872549e-01 -7.022725e-06
7.500000e-01 3.872549e-01 -5.424385e-06
7.598039e-01 3.872549e-01 -4.096790e-06
7.696078e-01 3.872549e-01 -3.027368e-06
7.794118e-01 3.872549e-01 -2.189898e-06
7.892157e-01 3.872549e-01 -1.550644e-06
7.990196e-01 3.872549e-01 -1.075755e-06
8.088235e-01 3.872549e-01 -7.315675e-07
8.186275e-01 3.872549e-01 -4.872616e-07
8.284314e-01 3.872549e-01 -3.183560e-07
8.382353e-01 3.872549e-01 -2.043446e-07
8.480392e-01 3.872549e-01 -1.283600e-07
8.578431e-01 3.872549e-01 -7.907285e-08
8.676471e-01 3.872549e-01 -4.819173e-08
8.774510e-01 3.872549e-01 -2.868871e-08
8.872549e-01 3.872549e-01 -1.650772e-08
8.970588e-01 3.872549e-01 -9.612374e-09
9.068627e-01 3.872549e-01 -5.633112e-09
9.166667e-01 3.872549e-01 -2.917308e-09
9.264706e-01 3.872549e-01 -1.462489e-09
9.362745e-01 3.872549e-01 -1.031853e-09
9.460784e-01 3.872549e-01 -6.110958e-10
9.558824e-01 3.872549e-01 -5.934464e-11
9.656863e-01 3.872549e-01 -4.541747e-12
9.754902e-01 3.872549e-01 -2.613047e-10
9.852941e-01 3.872549e-01 -1.407084e-10
9.950980e-01 3.872549e-01 1.888467e-10
4.901961e-03 3.970588e-01 -1.108599e-10
1.470588e-02 3.970588e-01 1.483779e-10
2.450980e-02 3.970588e-01 8.909168e-11
3.431373e-02 3.970588e-01 -1.576609e-10
4.411765e-02 3.970588e-01 -1.196750e-10
5.392157e-02 3.970588e-01 1.352578e-10
6.372549e-02 3.970588e-01 1.532132e-10
7.352941e-02 3.970588e-01 -9.464059e-11
8.333333e-02 3.970588e-01 -1.890344e-10
9.313725e-02 3.970588e-01 2.327729e-11
1.029412e-01 3.970588e-01 2.036976e-10
1.127451e-01 3.970588e-01 7.561693e-11
1.225490e-01 3.970588e-01 -1.680979e-10
1.323529e-01 3.970588e-01 -1.764898e-10
1.421569e-01 3.970588e-01 5.981656e-11
1.519608e-01 3.970588e-01 2.224774e-10
1.617647e-01 3.970588e-01 1.029678e-10
1.715686e-01 3.970588e-01 -1.475509e-10
1.813725e-01 3.970588e-01 -2.299553e-10
1.911765e-01 3.970588e-01 -5.277553e-11
2.009804e-01 3.970588e-01 1.874792e-10
2.107843e-01 3.970588e-01 2.404943e-10
2.205882e-01 3.970588e-01 5.712738e-11
2.303922e-01 3.970588e-01 -1.862912e-10
2.401961e-01 3.970588e-01 -2.725727e-10
2.500000e-01 3.970588e-01 -1.330677e-10
2.598039e-01 3.970588e-01 1.169075e-10
2.696078e-01 3.970588e-01 2.904338e-10
2.794118e-01 3.970588e-01 2.710915e-10
2.892157e-01 3.970588e-01 7.787584e-11
2.990196e-01 3.970588e-01 -1.698510e-10
3.088235e-01 3.970588e-01 -3.382254e-10
3.186275e-01 3.970588e-01 -3.508772e-10
3.284314e-01 3.970588e-01 -2.119591e-10
3.382353e-01 3.970588e-01 1.578165e-11
3.480392e-01 3.970588e-01 2.519218e-10
3.578431e-01 3.970588e-01 4.326338e-10
3.676471e-01 3.970588e-01 5.258772e-10
3.774510e-01 3.970588e-01 5.294434e-10
3.872549e-01 3.970588e-01 4.626411e-10
3.970588e-01 3.970588e-01 3.641549e-10
4.068627e-01 3.970588e-01 3.029566e-10
4.166667e-01 3.970588e-01 3.939189e-10
4.264706e-01 3.970588e-01 7.811247e-10
4.362745e-01 3.970588e-01 1.509144e-09
4.460784e-01 3.970588e-01 2.153534e-09
4.558824e-01 3.970588e-01 1.051401e-09
4.656863e-01 3.970588e-01 -6.008456e-09
4.754902e-01 3.970588e-01 -2.766128e-08
4.852941e-01 3.970588e-01 -7.923223e-08
4.950980e-01 3.970588e-01 -1.848992e-07
5.049020e-01 3.970588e-01 -3.790297e-07
5.147059e-01 3.970588e-01 -7.056900e-07
5.245098e-01 3.970588e-01 -1.215654e-06
5.343137e-01 3.970588e-01 -1.960196e-06
5.441176e-01 3.970588e-01 -2.982537e-06
5.539216e-01 3.970588e-01 -4.307097e-06
5.637255e-01 3.970588e-01 -5.930246e-06
5.735294e-01 3.970588e-01 -7.811920e-06
5.833333e-01 3.970588e-01 -9.874973e-06
5.931373e-01 3.970588e-01 -1.200636e-05
6.029412e-01 3.970588e-01 -1.407085e-05
6.127451e-01 3.970588e-01 -1.592136e-05
6.225490e-01 3.970588e-01 -1.742241e-05
6.323529e-01 3.970588e-01 -1.846088e-05
6.421569e-01 3.970588e-01 -1.896589e-05
6.519608e-01 3.970588e-01 -1.891140e-05
6.617647e-01 3.970588e-01 -1.832044e-05
6.715686e-01 3.970588e-01 -1.725897e-05
6.813725e-01 3.970588e-01 -1.582307e-05
6.911765e-01 3.970588e-01 -1.412942e-05
7.009804e-01 3.970588e-01 -1.229706e-05
7.107843e-01 3.970588e-01 -1.043758e-05
7.205882e-01 3.970588e-01 -8.646067e-06
7.303922e-01 3.970588e-01 -6.992909e-06
7.401961e-01 3.970588e-01 -5.525574e-06
7.500000e-01 3.970588e-01 -4.268001e-06
7.598039e-01 3.970588e-01 -3.223442e-06
7.696078e-01 3.970588e-01 -2.382008e-06
7.794118e-01 3.970588e-01 -1.723073e-06
7.892157e-01 3.970588e-01 -1.220094e-06
7.990196e-01 3.970588e-01 -8.464399e-07
8.088235e-01 3.970588e-01 -5.756229e-07
8.186275e-01 3.970588e-01 -3.833953e-07
8.284314e-01 3.970588e-01 -2.504943e-07
8.382353e-01 3.970588e-01 -1.607859e-07
8.480392e-01 3.970588e-01 -1.009986e-07
8.578431e-01 3.970588e-01 -6.221741e-08
8.676471e-01 3.970588e-01 -3.791875e-08
8.774510e-01 3.970588e-01 -2.257335e-08
8.872549e-01 3.970588e-01 -1.298891e-08
8.970588e-01 3.970588e-01 -7.563071e-09
9.068627e-01 3.970588e-01 -4.432212e-09
9.166667e-01 3.970588e-01 -2.295622e-09
9.264706e-01 3.970588e-01 -1.150668e-09
9.362745e-01 3.970588e-01 -8.116400e-10
9.460784e-01 3.970588e-01 -4.809091e-10
9.558824e-01 3.970588e-01 -4.690368e-11
9.656863e-01 3.970588e-01 -3.434548e-12
9.754902e-01 3.970588e-01 -2.053883e-10
9.852941e-01 3.970588e-01 -1.108599e-10
9.950980e-01 3.970588e-01 1.483779e-10
4.901961e-03 4.068627e-01 -9.258987e-11
1.470588e-02 4.068627e-01 1.232413e-10
2.450980e-02 4.068627e-01 7.449667e-11
3.431373e-02 4.068627e-01 -1.309163e-10
4.411765e-02 4.068627e-01 -9.990458e-11
5.392157e-02 4.068627e-01 1.122104e-10
6.372549e-02 4.068627e-01 1.277318e-10
7.352941e-02 4.068627e-01 -7.833765e-11
8.333333e-02 4.068627e-01 -1.573943e-10
9.313725e-02 4.068627e-01 1.891610e-11
1.029412e-01 4.068627e-01 1.693906e-10
1.127451e-01 4.068627e-01 6.331849e-11
1.225490e-01 4.068627e-01 -1.395486e-10
1.323529e-01 4.068627e-01 -1.470540e-10
1.421569e-01 4.068627e-01 4.932205e-11
1.519608e-01 4.068627e-01 1.849992e-10
1.617647e-01 4.068627e-01 8.602910e-11
1.715686e-01 4.068627e-01 -1.223728e-10
1.813725e-01 4.068627e-01 -1.913411e-10
1.911765e-01 4.068627e-01 -4.430470e-11
2.009804e-01 4.068627e-01 1.556222e-10
2.107843e-01 4.068627e-01 2.001117e-10
2.205882e-01 4.068627e-01 4.789893e-11
2.303922e-01 4.068627e-01 -1.546054e-10
2.401961e-01 4.068627e-01 -2.266846e-10
2.500000e-01 4.068627e-01 -1.109684e-10
2.598039e-01 4.068627e-01 9.685355e-11
2.696078e-01 4.068627e-01 2.413431e-10
2.794118e-01 4.068627e-01 2.255363e-10
2.892157e-01 4.068627e-01 6.505784e-11
2.990196e-01 4.068627e-01 -1.409172e-10
3.088235e-01 4.068627e-01 -2.810512e-10
3.186275e-01 4.068627e-01 -2.917555e-10
3.284314e-01 4.068627e-01 -1.764016e-10
3.382353e-01 4.068627e-01 1.287877e-11
3.480392e-01 4.068627e-01 2.092149e-10
3.578431e-01 4.068627e-01 3.595144e-10
3.676471e-01 4.068627e-01 4.371158e-10
3.774510e-01 4.068627e-01 4.401753e-10
3.872549e-01 4.068627e-01 3.847447e-10
3.970588e-01 4.068627e-01 3.029566e-10
4.068627e-01 4.068627e-01 2.520272e-10
4.166667e-01 4.068627e-01 3.271583e-10
4.264706e-01 4.068627e-01 6.476011e-10
4.362745e-01 4.068627e-01 1.249685e-09
4.460784e-01 4.068627e-01 1.779886e-09
4.558824e-01 4.068627e-01 8.556829e-10
4.656863e-01 4.068627e-01 -5.022529e-09
4.754902e-01 4.068627e-01 -2.302979e-08
4.852941e-01 4.068627e-01 -6.589936e-08
4.950980e-01 4.068627e-01 -1.537204e-07
5.049020e-01 4.068627e-01 -3.150498e-07
5.147059e-01 4.068627e-01 -5.865064e-07
5.245098e-01 4.068627e-01 -1.010287e-06
5.343137e-01 4.068627e-01 -1.629009e-06
5.441176e-01 4.068627e-01 -2.478605e-06
5.539216e-01 4.068627e-01 -3.579391e-06
5.637255e-01 4.068627e-01 -4.928373e-06
5.735294e-01 4.068627e-01 -6.492279e-06
5.833333e-01 4.068627e-01 -8.207016e-06
5.931373e-01 4.068627e-01 -9.978647e-06
6.029412e-01 4.068627e-01 -1.169477e-05
6.127451e-01 4.068627e-01 -1.323315e-05
6.225490e-01 4.068627e-01 -1.448114e-05
6.323529e-01 4.068627e-01 -1.534469e-05
6.421569e-01 4.068627e-01 -1.576486e-05
6.519608e-01 4.068627e-01 -1.571996e-05
6.617647e-01 4.068627e-01 -1.522909e-05
6.715686e-01 4.068627e-01 -1.434705e-05
6.813725e-01 4.068627e-01 -1.315370e-05
6.911765e-01 4.068627e-01 -1.174600e-05
7.009804e-01 4.068627e-01 -1.022293e-05
7.107843e-01 4.068627e-01 -8.677238e-06
7.205882e-01 4.068627e-01 -7.187989e-06
7.303922e-01 4.068627e-01 -5.813709e-06
7.401961e-01 4.068627e-01 -4.593870e-06
7.500000e-01 4.068627e-01 -3.548388e-06
7.598039e-01 4.068627e-01 -2.679978e-06
7.696078e-01 4.068627e-01 -1.980427e-06
7.794118e-01 4.068627e-01 -1.432593e-06
7.892157e-01 4.068627e-01 -1.014415e-06
7.990196e-01 4.068627e-01 -7.037534e-07
8.088235e-01 4.068627e-01 -4.785910e-07
8.186275e-01 4.068627e-01 -3.187681e-07
8.284314e-01 4.068627e-01 -2.082695e-07
8.382353e-01 4.068627e-01 -1.336831e-07
8.480392e-01 4.068627e-01 -8.397407e-08
8.578431e-01 4.068627e-01 -5.172937e-08
8.676471e-01 4.068627e-01 -3.152658e-08
8.774510e-01 4.068627e-01 -1.876842e-08
8.872549e-01 4.068627e-01 -1.079926e-08
8.970588e-01 4.068627e-01 -6.287680e-09
9.068627e-01 4.068627e-01 -3.685150e-09
9.166667e-01 4.068627e-01 -1.908894e-09
9.264706e-01 4.068627e-01 -9.563565e-10
9.362745e-01 4.068627e-01 -6.745518e-10
9.460784e-01 4.068627e-01 -4.001863e-10
9.558824e-01 4.068627e-01 -3.915041e-11
9.656863e-01 4.068627e-01 -2.444021e-12
9.754902e-01 4.068627e-01 -1.706345e-10
9.852941e-01 4.068627e-01 -9.258987e-11
9.950980e-01 4.068627e-01 1.232413e-10
4.901961e-03 4.166667e-01 -1.210051e-10
1.470588e-02 4.166667e-01 1.607387e-10
2.450980e-02 4.166667e-01 9.751213e-11
3.431373e-02 4.166667e-01 -1.706649e-10
4.411765e-02 4.166667e-01 -1.306193e-10
5.392157e-02 4.166667e-01 1.462076e-10
6.372549e-02 4.166667e-01 1.668805e-10
7.352941e-02 4.166667e-01 -1.019316e-10
8.333333e-02 4.166667e-01 -2.054742e-10
9.313725e-02 4.166667e-01 2.434539e-11
1.029412e-01 4.166667e-01 2.209569e-10
1.127451e-01 4.166667e-01 8.292542e-11
1.225490e-01 4.166667e-01 -1.818238e-10
1.323529e-01 4.166667e-01 -1.920152e-10
1.421569e-01 4.166667e-01 6.398299e-11
1.519608e-01 4.166667e-01 2.412335e-10
1.617647e-01 4.166667e-01 1.125106e-10
1.715686e-01 4.166667e-01 -1.592710e-10
1.813725e-01 4.166667e-01 -2.495506e-10
1.911765e-01 4.166667e-01 -5.812741e-11
2.009804e-01 4.166667e-01 2.025910e-10
2.107843e-01 4.166667e-01 2.609288e-10
2.205882e-01 4.166667e-01 6.280279e-11
2.303922e-01 4.166667e-01 -2.011570e-10
2.401961e-01 4.166667e-01 -2.953828e-10
2.500000e-01 4.166667e-01 -1.449066e-10
2.598039e-01 4.166667e-01 1.257695e-10
2.696078e-01 4.166667e-01 3.141674e-10
2.794118e-01 4.166667e-01 2.938726e-10
2.892157e-01 4.166667e-01 8.510125e-11
2.990196e-01 4.166667e-01 -1.830676e-10
3.088235e-01 4.166667e-01 -3.656525e-10
3.186275e-01 4.166667e-01 -3.798091e-10
3.284314e-01 4.166667e-01 -2.298693e-10
3.382353e-01 4.166667e-01 1.634043e-11
3.480392e-01 4.166667e-01 2.717929e-10
3.578431e-01 4.166667e-01 4.673880e-10
3.676471e-01 4.166667e-01 5.684262e-10
3.774510e-01 4.166667e-01 5.724962e-10
3.872549e-01 4.166667e-01 5.004346e-10
3.970588e-01 4.166667e-01 3.939189e-10
4.068627e-01 4.166667e-01 3.271583e-10
4.166667e-01 4.166667e-01 4.237623e-10
4.264706e-01 4.166667e-01 8.389378e-10
4.362745e-01 4.166667e-01 1.621055e-09
4.460784e-01 4.166667e-01 2.313615e-09
4.558824e-01 4.166667e-01 1.125572e-09
4.656863e-01 4.166667e-01 -6.482095e-09
4.754902e-01 4.166667e-01 -2.982185e-08
4.852941e-01 4.166667e-01 -8.542811e-08
4.950980e-01 4.166667e-01 -1.993971e-07
5.049020e-01 4.166667e-01 -4.088368e-07
5.147059e-01 4.166667e-01 -7.613452e-07
5.245098e-01 4.166667e-01 -1.311787e-06
5.343137e-01 4.166667e-01 -2.115595e-06
5.441176e-01 4.166667e-01 -3.219531e-06
5.539216e-01 4.166667e-01 -4.650069e-06
5.637255e-01 4.166667e-01 -6.403390e-06
5.735294e-01 4.166667e-01 -8.436310e-06
5.833333e-01 4.166667e-01 -1.066556e-05
5.931373e-01 4.166667e-01 -1.296903e-05
6.029412e-01 4.166667e-01 -1.520061e-05
6.127451e-01 4.166667e-01 -1.720132e-05
6.225490e-01 4.166667e-01 -1.882467e-05
6.323529e-01 4.166667e-01 -1.994829e-05
6.421569e-01 4.166667e-01 -2.049547e-05
6.519608e-01 4.166667e-01 -2.043793e-05
6.617647e-01 4.166667e-01 -1.980045e-05
6.715686e-01 4.166667e-01 -1.865424e-05
6.813725e-01 4.166667e-01 -1.710309e-05
6.911765e-01 4.166667e-01 -1.527309e-05
7.009804e-01 4.166667e-01 -1.329294e-05
7.107843e-01 4.166667e-01 -1.128325e-05
7.205882e-01 4.166667e-01 -9.346871e-06
7.303922e-01 4.166667e-01 -7.559916e-06
7.401961e-01 4.166667e-01 -5.973738e-06
7.500000e-01 4.166667e-01 -4.614254e-06
7.598039e-01 4.166667e-01 -3.485006e-06
7.696078e-01 4.166667e-01 -2.575325e-06
7.794118e-01 4.166667e-01 -1.862931e-06
7.892157e-01 4.166667e-01 -1.319134e-06
7.990196e-01 4.166667e-01 -9.151511e-07
8.088235e-01 4.166667e-01 -6.223517e-07
8.186275e-01 4.166667e-01 -4.145185e-07
8.284314e-01 4.166667e-01 -2.708268e-07
8.382353e-01 4.166667e-01 -1.738368e-07
8.480392e-01 4.166667e-01 -1.091961e-07
8.578431e-01 4.166667e-01 -6.726530e-08
8.676471e-01 4.166667e-01 -4.099526e-08
8.774510e-01 4.166667e-01 -2.440548e-08
8.872549e-01 4.166667e-01 -1.404185e-08
8.970588e-01 4.166667e-01 -8.175614e-09
9.068627e-01 4.166667e-01 -4.792446e-09
9.166667e-01 4.166667e-01 -2.482070e-09
9.264706e-01 4.166667e-01 -1.242808e-09
9.362745e-01 4.166667e-01 -8.773396e-10
9.460784e-01 4.166667e-01 -5.210148e-10
9.558824e-01 4.166667e-01 -5.050402e-11
9.656863e-01 4.166667e-01 -2.547402e-12
9.754902e-01 4.166667e-01 -2.223457e-10
9.852941e-01 4.166667e-01 -1.210051e-10
9.950980e-01 4.166667e-01 1.607387e-10
4.901961e-03 4.264706e-01 -2.399393e-10
1.470588e-02 4.264706e-01 3.205226e-10
2.450980e-02 4.264706e-01 1.933604e-10
3.431373e-02 4.264706e-01 -3.402688e-10
4.411765e-02 4.264706e-01 -2.592921e-10
5.392157e-02 4.264706e-01 2.917323e-10
6.372549e-02 4.264706e-01 3.316395e-10
7.352941e-02 4.264706e-01 -2.037381e-10
8.333333e-02 4.264706e-01 -4.087328e-10
9.313725e-02 4.264706e-01 4.938543e-11
1.029412e-01 4.264706e-01 4.399328e-10
1.127451e-01 4.264706e-01 1.642142e-10
1.225490e-01 4.264706e-01 -3.624528e-10
1.323529e-01 4.264706e-01 -3.816724e-10
1.421569e-01 4.264706e-01 1.281771e-10
1.519608e-01 4.264706e-01 4.801694e-10
1.617647e-01 4.264706e-01 2.231704e-10
1.715686e-01 4.264706e-01 -3.175657e-10
1.813725e-01 4.264706e-01 -4.963845e-10
1.911765e-01 4.264706e-01 -1.149324e-10
2.009804e-01 4.264706e-01 4.035492e-10
2.107843e-01 4.264706e-01 5.188956e-10
2.205882e-01 4.264706e-01 1.243116e-10
2.303922e-01 4.264706e-01 -4.005736e-10
2.401961e-01 4.264706e-01 -5.874414e-10
2.500000e-01 4.264706e-01 -2.877490e-10
2.598039e-01 4.264706e-01 2.505382e-10
2.696078e-01 4.264706e-01 6.248394e-10
2.794118e-01 4.264706e-01 5.841256e-10
2.892157e-01 4.264706e-01 1.689054e-10
2.990196e-01 4.264706e-01 -3.641073e-10
3.088235e-01 4.264706e-01 -7.268242e-10
3.186275e-01 4.264706e-01 -7.547828e-10
3.284314e-01 4.264706e-01 -4.567566e-10
3.382353e-01 4.264706e-01 3.240378e-11
3.480392e-01 4.264706e-01 5.398040e-10
3.578431e-01 4.264706e-01 9.282299e-10
3.676471e-01 4.264706e-01 1.128807e-09
3.774510e-01 4.264706e-01 1.136737e-09
3.872549e-01 4.264706e-01 9.933034e-10
3.970588e-01 4.264706e-01 7.811247e-10
4.068627e-01 4.264706e-01 6.476011e-10
4.166667e-01 4.264706e-01 8.389378e-10
4.264706e-01 4.264706e-01 1.665771e-09
4.362745e-01 4.264706e-01 3.229709e-09
4.460784e-01 4.264706e-01 4.634668e-09
4.558824e-01 4.264706e-01 2.340910e-09
4.656863e-01 4.264706e-01 -1.264096e-08
4.754902e-01 4.264706e-01 -5.877304e-08
4.852941e-01 4.264706e-01 -1.688554e-07
4.950980e-01 4.264706e-01 -3.946779e-07
5.049020e-01 4.264706e-01 -8.099068e-07
5.147059e-01 4.264706e-01 -1.509055e-06
5.245098e-01 4.264706e-01 -2.601089e-06
5.343137e-01 4.264706e-01 -4.196122e-06
5.441176e-01 4.264706e-01 -6.387075e-06
5.539216e-01 4.264706e-01 -9.226590e-06
5.637255e-01 4.264706e-01 -1.270717e-05
5.735294e-01 4.264706e-01 -1.674311e-05
5.833333e-01 4.264706e-01 -2.116912e-05
5.931373e-01 4.264706e-01 -2.574276e-05
6.029412e-01 4.264706e-01 -3.017385e-05
6.127451e-01 4.264706e-01 -3.414674e-05
6.225490e-01 4.264706e-01 -3.737047e-05
6.323529e-01 4.264706e-01 -3.960201e-05
6.421569e-01 4.264706e-01 -4.068899e-05
6.519608e-01 4.264706e-01 -4.057527e-05
6.617647e-01 4.264706e-01 -3.930998e-05
6.715686e-01 4.264706e-01 -3.703455e-05
6.813725e-01 4.264706e-01 -3.395506e-05
6.911765e-01 4.264706e-01 -3.032188e-05
7.009804e-01 4.264706e-01 -2.639056e-05
7.107843e-01 4.264706e-01 -2.240059e-05
7.205882e-01 4.264706e-01 -1.855617e-05
7.303922e-01 4.264706e-01 -1.500843e-05
7.401961e-01 4.264706e-01 -1.185934e-05
7.500000e-01 4.264706e-01 -9.160340e-06
7.598039e-01 4.264706e-01 -6.918453e-06
7.696078e-01 4.264706e-01 -5.112495e-06
7.794118e-01 4.264706e-01 -3.698221e-06
7.892157e-01 4.264706e-01 -2.618667e-06
7.990196e-01 4.264706e-01 -1.816685e-06
8.088235e-01 4.264706e-01 -1.235431e-06
8.186275e-01 4.264706e-01 -8.228511e-07
8.284314e-01 4.264706e-01 -5.376075e-07
8.382353e-01 4.264706e-01 -3.450745e-07
8.480392e-01 4.264706e-01 -2.167564e-07
8.578431e-01 4.264706e-01 -1.335220e-07
8.676471e-01 4.264706e-01 -8.137684e-08
8.774510e-01 4.264706e-01 -4.844447e-08
8.872549e-01 4.264706e-01 -2.787172e-08
8.970588e-01 4.264706e-01 -1.622923e-08
9.068627e-01 4.264706e-01 -9.513700e-09
9.166667e-01 4.264706e-01 -4.925666e-09
9.264706e-01 4.264706e-01 -2.466547e-09
9.362745e-01 4.264706e-01 -1.742866e-09
9.460784e-01 4.264706e-01 -1.034269e-09
9.558824e-01 4.264706e-01 -9.884086e-11
9.656863e-01 4.264706e-01 -5.229513e-12
9.754902e-01 4.264706e-01 -4.427890e-10
9.852941e-01 4.264706e-01 -2.399393e-10
9.950980e-01 4.264706e-01 3.205226e-10
4.901961e-03 4.362745e-01 -4.624015e-10
1.470588e-02 4.362745e-01 6.220500e-10
2.450980e-02 4.362745e-01 3.723524e-10
3.431373e-02 4.362745e-01 -6.604375e-10
4.411765e-02 4.362745e-01 -5.001936e-10
5.392157e-02 4.362745e-01 5.668374e-10
6.372549e-02 4.362745e-01 6.407506e-10
7.352941e-02 4.362745e-01 -3.968577e-10
8.333333e-02 4.362745e-01 -7.908322e-10
9.313725e-02 4.362745e-01 9.819806e-11
1.029412e-01 4.362745e-01 8.523751e-10
1.127451e-01 4.362745e-01 3.156949e-10
1.225490e-01 4.362745e-01 -7.035513e-10
1.323529e-01 4.362745e-01 -7.378219e-10
1.421569e-01 4.362745e-01 2.506329e-10
1.519608e-01 4.362745e-01 9.302324e-10
1.617647e-01 4.362745e-01 4.301244e-10
1.715686e-01 4.362745e-01 -6.168976e-10
1.813725e-01 4.362745e-01 -9.608725e-10
1.911765e-01 4.362745e-01 -2.204258e-10
2.009804e-01 4.362745e-01 7.830425e-10
2.107843e-01 4.362745e-01 1.004332e-09
2.205882e-01 4.362745e-01 2.387879e-10
2.303922e-01 4.362745e-01 -7.772274e-10
2.401961e-01 4.362745e-01 -1.137440e-09
2.500000e-01 4.362745e-01 -5.557292e-10
2.598039e-01 4.362745e-01 4.867256e-10
2.696078e-01 4.362745e-01 1.210510e-09
2.794118e-01 4.362745e-01 1.130445e-09
2.892157e-01 4.362745e-01 3.258189e-10
2.990196e-01 4.362745e-01 -7.060308e-10
3.088235e-01 4.362745e-01 -1.407608e-09
3.186275e-01 4.362745e-01 -1.461025e-09
3.284314e-01 4.362745e-01 -8.836799e-10
3.382353e-01 4.362745e-01 6.322807e-11
3.480392e-01 4.362745e-01 1.045103e-09
3.578431e-01 4.362745e-01 1.796533e-09
3.676471e-01 4.362745e-01 2.184337e-09
3.774510e-01 4.362745e-01 2.199213e-09
3.872549e-01 4.362745e-01 1.920890e-09
3.970588e-01 4.362745e-01 1.509144e-09
4.068627e-01 4.362745e-01 1.249685e-09
4.166667e-01 4.362745e-01 1.621055e-09
4.264706e-01 4.362745e-01 3.229709e-09
4.362745e-01 4.362745e-01 6.282889e-09
4.460784e-01 4.362745e-01 9.064432e-09
4.558824e-01 4.362745e-01 4.750712e-09
4.656863e-01 4.362745e-01 -2.402015e-08
4.754902e-01 4.362745e-01 -1.129368e-07
4.852941e-01 4.362745e-01 -3.254357e-07
4.950980e-01 4.362745e-01 -7.617111e-07
5.049020e-01 4.362745e-01 -1.564309e-06
5.147059e-01 4.362745e-01 -2.916139e-06
5.245098e-01 4.362745e-01 -5.028103e-06
5.343137e-01 4.362745e-01 -8.113346e-06
5.441176e-01 4.362745e-01 -1.235175e-05
5.539216e-01 4.362745e-01 -1.784524e-05
5.637255e-01 4.362745e-01 -2.457935e-05
5.735294e-01 4.362745e-01 -3.238829e-05
5.833333e-01 4.362745e-01 -4.095216e-05
5.931373e-01 4.362745e-01 -4.980183e-05
6.029412e-01 4.362745e-01 -5.837575e-05
6.127451e-01 4.362745e-01 -6.606305e-05
6.225490e-01 4.362745e-01 -7.230073e-05
6.323529e-01 4.362745e-01 -7.661852e-05
6.421569e-01 4.362745e-01 -7.872164e-05
6.519608e-01 4.362745e-01 -7.850144e-05
6.617647e-01 4.362745e-01 -7.605312e-05
6.715686e-01 4.362745e-01 -7.165033e-05
6.813725e-01 4.362745e-01 -6.569192e-05
6.911765e-01 4.362745e-01 -5.866234e-05
7.009804e-01 4.362745e-01 -5.105603e-05
7.107843e-01 4.362745e-01 -4.333642e-05
7.205882e-01 4.362745e-01 -3.589854e-05
7.303922e-01 4.362745e-01 -2.903478e-05
7.401961e-01 4.362745e-01 -2.294239e-05
7.500000e-01 4.362745e-01 -1.772085e-05
7.598039e-01 4.362745e-01 -1.338372e-05
7.696078e-01 4.362745e-01 -9.889993e-06
7.794118e-01 4.362745e-01 -7.154038e-06
7.892157e-01 4.362745e-01 -5.065637e-06
7.990196e-01 4.362745e-01 -3.514226e-06
8.088235e-01 4.362745e-01 -2.389817e-06
8.186275e-01 4.362745e-01 -1.591709e-06
8.284314e-01 4.362745e-01 -1.039933e-06
8.382353e-01 4.362745e-01 -6.674994e-07
8.480392e-01 4.362745e-01 -4.192807e-07
8.578431e-01 4.362745e-01 -2.582774e-07
8.676471e-01 4.362745e-01 -1.574122e-07
8.774510e-01 4.362745e-01 -9.370630e-08
8.872549e-01 4.362745e-01 -5.391184e-08
8.970588e-01 4.362745e-01 -3.139489e-08
9.068627e-01 4.362745e-01 -1.840300e-08
9.166667e-01 4.362745e-01 -9.525512e-09
9.264706e-01 4.362745e-01 -4.771715e-09
9.362745e-01 4.362745e-01 -3.373640e-09
9.460784e-01 4.362745e-01 -1.999464e-09
9.558824e-01 4.362745e-01 -1.890683e-10
9.656863e-01 4.362745e-01 -1.169926e-11
9.754902e-01 4.362745e-01 -8.585383e-10
9.852941e-01 4.362745e-01 -4.624015e-10
9.950980e-01 4.362745e-01 6.220500e-10
4.901961e-03 4.460784e-01 -6.575268e-10
1.470588e-02 4.460784e-01 8.933657e-10
2.450980e-02 4.460784e-01 5.288738e-10
3.431373e-02 4.460784e-01 -9.486470e-10
4.411765e-02 4.460784e-01 -7.122567e-10
5.392157e-02 4.460784e-01 8.154267e-10
6.372549e-02 4.460784e-01 9.144355e-10
7.352941e-02 4.460784e-01 -5.729103e-10
8.333333e-02 4.460784e-01 -1.130935e-09
9.313725e-02 4.460784e-01 1.457824e-10
1.029412e-01 4.460784e-01 1.221343e-09
1.127451e-01 4.460784e-01 4.473674e-10
1.225490e-01 4.460784e-01 -1.010721e-09
1.323529e-01 4.460784e-01 -1.053863e-09
1.421569e-01 4.460784e-01 3.637311e-10
1.519608e-01 4.460784e-01 1.332754e-09
1.617647e-01 4.460784e-01 6.118006e-10
1.715686e-01 4.460784e-01 -8.871992e-10
1.813725e-01 4.460784e-01 -1.375152e-09
1.911765e-01 4.460784e-01 -3.113891e-10
2.009804e-01 4.460784e-01 1.124388e-09
2.107843e-01 4.460784e-01 1.437175e-09
2.205882e-01 4.460784e-01 3.381396e-10
2.303922e-01 4.460784e-01 -1.115944e-09
2.401961e-01 4.460784e-01 -1.628559e-09
2.500000e-01 4.460784e-01 -7.929496e-10
2.598039e-01 4.460784e-01 6.999622e-10
2.696078e-01 4.460784e-01 1.734447e-09
2.794118e-01 4.460784e-01 1.617524e-09
2.892157e-01 4.460784e-01 4.643006e-10
2.990196e-01 4.460784e-01 -1.012685e-09
3.088235e-01 4.460784e-01 -2.015862e-09
3.186275e-01 4.460784e-01 -2.091123e-09
3.284314e-01 4.460784e-01 -1.264115e-09
3.382353e-01 4.460784e-01 9.106380e-11
3.480392e-01 4.460784e-01 1.495713e-09
3.578431e-01 4.460784e-01 2.570331e-09
3.676471e-01 4.460784e-01 3.124544e-09
3.774510e-01 4.460784e-01 3.144931e-09
3.872549e-01 4.460784e-01 2.745155e-09
3.970588e-01 4.460784e-01 2.153534e-09
4.068627e-01 4.460784e-01 1.779886e-09
4.166667e-01 4.460784e-01 2.313615e-09
4.264706e-01 4.460784e-01 4.634668e-09
4.362745e-01 4.460784e-01 9.064432e-09
4.460784e-01 4.460784e-01 1.319044e-08
4.558824e-01 4.460784e-01 7.314820e-09
4.656863e-01 4.460784e-01 -3.331527e-08
4.754902e-01 4.460784e-01 -1.596561e-07
4.852941e-01 4.460784e-01 -4.623585e-07
4.950980e-01 4.460784e-01 -1.084675e-06
5.049020e-01 4.460784e-01 -2.230483e-06
5.147059e-01 4.460784e-01 -4.161459e-06
5.245098e-01 4.460784e-01 -7.179386e-06
5.343137e-01 4.460784e-01 -1.158931e-05
5.441176e-01 4.460784e-01 -1.764875e-05
5.539216e-01 4.460784e-01 -2.550369e-05
5.637255e-01 4.460784e-01 -3.513364e-05
5.735294e-01 4.460784e-01 -4.630154e-05
5.833333e-01 4.460784e-01 -5.854987e-05
5.931373e-01 4.460784e-01 -7.120756e-05
6.029412e-01 4.460784e-01 -8.347129e-05
6.127451e-01 4.460784e-01 -9.446718e-05
6.225490e-01 4.460784e-01 -1.033898e-04
6.323529e-01 4.460784e-01 -1.095665e-04
6.421569e-01 4.460784e-01 -1.125755e-04
6.519608e-01 4.460784e-01 -1.122614e-04
6.617647e-01 4.460784e-01 -1.087604e-04
6.715686e-01 4.460784e-01 -1.024641e-04
6.813725e-01 4.460784e-01 -9.394279e-05
6.911765e-01 4.460784e-01 -8.388958e-05
7.009804e-01 4.460784e-01 -7.301163e-05
7.107843e-01 4.460784e-01 -6.197175e-05
7.205882e-01 4.460784e-01 -5.133491e-05
7.303922e-01 4.460784e-01 -4.151926e-05
7.401961e-01 4.460784e-01 -3.280685e-05
7.500000e-01 4.460784e-01 -2.533992e-05
7.598039e-01 4.460784e-01 -1.913781e-05
7.696078e-01 4.460784e-01 -1.414185e-05
7.794118e-01 4.460784e-01 -1.022955e-05
7.892157e-01 4.460784e-01 -7.243268e-06
7.990196e-01 4.460784e-01 -5.024883e-06
8.088235e-01 4.460784e-01 -3.417093e-06
8.186275e-01 4.460784e-01 -2.275889e-06
8.284314e-01 4.460784e-01 -1.486931e-06
8.382353e-01 4.460784e-01 -9.544068e-07
8.480392e-01 4.460784e-01 -5.994888e-07
8.578431e-01 4.460784e-01 -3.692867e-07
8.676471e-01 4.460784e-01 -2.250717e-07
8.774510e-01 4.460784e-01 -1.339779e-07
8.872549e-01 4.460784e-01 -7.708031e-08
8.970588e-01 4.460784e-01 -4.489251e-08
9.068627e-01 4.460784e-01 -2.631294e-08
9.166667e-01 4.460784e-01 -1.361475e-08
9.264706e-01 4.460784e-01 -6.823878e-09
9.362745e-01 4.460784e-01 -4.828199e-09
9.460784e-01 4.460784e-01 -2.856299e-09
9.558824e-01 4.460784e-01 -2.661829e-10
9.656863e-01 4.460784e-01 -2.004813e-11
9.754902e-01 4.460784e-01 -1.231456e-09
9.852941e-01 4.460784e-01 -6.575268e-10
9.950980e-01 4.460784e-01 8.933657e-10
4.901961e-03 4.558824e-01 -3.156488e-10
1.470588e-02 4.558824e-01 4.559701e-10
2.450980e-02 4.558824e-01 2.523800e-10
3.431373e-02 4.558824e-01 -4.844356e-10
4.411765e-02 4.558824e-01 -3.452170e-10
5.392157e-02 4.558824e-01 4.200676e-10
6.372549e-02 4.558824e-01 4.493319e-10
7.352941e-02 4.558824e-01 -3.010532e-10
8.333333e-02 4.558824e-01 -5.626104e-10
9.313725e-02 4.558824e-01 8.843477e-11
1.029412e-01 4.558824e-01 6.146806e-10
1.127451e-01 4.558824e-01 2.104189e-10
1.225490e-01 4.558824e-01 -5.163641e-10
1.323529e-01 4.558824e-01 -5.204910e-10
1.421569e-01 4.558824e-01 1.965250e-10
1.519608e-01 4.558824e-01 6.701331e-10
1.617647e-01 4.558824e-01 2.946716e-10
1.715686e-01 4.558824e-01 -4.557777e-10
1.813725e-01 4.558824e-01 -6.869640e-10
1.911765e-01 4.558824e-01 -1.438629e-10
2.009804e-01 4.558824e-01 5.722792e-10
2.107843e-01 4.558824e-01 7.173265e-10
2.205882e-01 4.558824e-01 1.587886e-10
2.303922e-01 4.558824e-01 -5.673175e-10
2.401961e-01 4.558824e-01 -8.151847e-10
2.500000e-01 4.558824e-01 -3.895217e-10
2.598039e-01 4.558824e-01 3.584068e-10
2.696078e-01 4.558824e-01 8.710990e-10
2.794118e-01 4.558824e-01 8.066547e-10
2.892157e-01 4.558824e-01 2.269978e-10
2.990196e-01 4.558824e-01 -5.103919e-10
3.088235e-01 4.558824e-01 -1.008601e-09
3.186275e-01 4.558824e-01 -1.043511e-09
3.284314e-01 4.558824e-01 -6.299019e-10
3.382353e-01 4.558824e-01 4.503395e-11
3.480392e-01 4.558824e-01 7.432108e-10
3.578431e-01 4.558824e-01 1.276488e-09
3.676471e-01 4.558824e-01 1.550574e-09
3.774510e-01 4.558824e-01 1.558252e-09
3.872549e-01 4.558824e-01 1.354468e-09
3.970588e-01 4.558824e-01 1.051401e-09
4.068627e-01 4.558824e-01 8.556829e-10
4.166667e-01 4.558824e-01 1.125572e-09
4.264706e-01 4.558824e-01 2.340910e-09
4.362745e-01 4.558824e-01 4.750712e-09
4.460784e-01 4.558824e-01 7.314820e-09
4.558824e-01 4.558824e-01 5.461420e-09
4.656863e-01 4.558824e-01 -1.276666e-08
4.754902e-01 4.558824e-01 -7.226580e-08
4.852941e-01 4.558824e-01 -2.176166e-07
4.950980e-01 4.558824e-01 -5.195652e-07
5.049020e-01 4.558824e-01 -1.079095e-06
5.147059e-01 4.558824e-01 -2.026105e-06
5.245098e-01 4.558824e-01 -3.510686e-06
5.343137e-01 4.558824e-01 -5.684838e-06
5.441176e-01 4.558824e-01 -8.677191e-06
5.539216e-01 4.558824e-01 -1.256117e-05
5.637255e-01 4.558824e-01 -1.732755e-05
5.735294e-01 4.558824e-01 -2.285948e-05
5.833333e-01 4.558824e-01 -2.893046e-05
5.931373e-01 4.558824e-01 -3.520768e-05
6.029412e-01 4.558824e-01 -4.129242e-05
6.127451e-01 4.558824e-01 -4.675071e-05
6.225490e-01 4.558824e-01 -5.118239e-05
6.323529e-01 4.558824e-01 -5.425314e-05
6.421569e-01 4.558824e-01 -5.575321e-05
6.519608e-01 4.558824e-01 -5.560510e-05
6.617647e-01 4.558824e-01 -5.387609e-05
6.715686e-01 4.558824e-01 -5.076025e-05
6.813725e-01 4.558824e-01 -4.654048e-05
6.911765e-01 4.558824e-01 -4.156056e-05
7.009804e-01 4.558824e-01 -3.617125e-05
7.107843e-01 4.558824e-01 -3.070133e-05
7.205882e-01 4.558824e-01 -2.543099e-05
7.303922e-01 4.558824e-01 -2.056756e-05
7.401961e-01 4.558824e-01 -1.625091e-05
7.500000e-01 4.558824e-01 -1.255152e-05
7.598039e-01 4.558824e-01 -9.478925e-06
7.696078e-01 4.558824e-01 -7.004048e-06
7.794118e-01 4.558824e-01 -5.066108e-06
7.892157e-01 4.558824e-01 -3.586951e-06
7.990196e-01 4.558824e-01 -2.488252e-06
8.088235e-01 4.558824e-01 -1.692004e-06
8.186275e-01 4.558824e-01 -1.126852e-06
8.284314e-01 4.558824e-01 -7.361935e-07
8.382353e-01 4.558824e-01 -4.725194e-07
8.480392e-01 4.558824e-01 -2.967724e-07
8.578431e-01 4.558824e-01 -1.828125e-07
8.676471e-01 4.558824e-01 -1.114293e-07
8.774510e-01 4.558824e-01 -6.631288e-08
8.872549e-01 4.558824e-01 -3.814571e-08
8.970588e-01 4.558824e-01 -2.223447e-08
9.068627e-01 4.558824e-01 -1.302780e-08
9.166667e-01 4.558824e-01 -6.723944e-09
9.264706e-01 4.558824e-01 -3.379870e-09
9.362745e-01 4.558824e-01 -2.404884e-09
9.460784e-01 4.558824e-01 -1.407535e-09
9.558824e-01 4.558824e-01 -1.176060e-10
9.656863e-01 4.558824e-01 -1.873524e-11
9.754902e-01 4.558824e-01 -6.231277e-10
9.852941e-01 4.558824e-01 -3.156488e-10
9.950980e-01 4.558824e-01 4.559701e-10
4.901961e-03 4.656863e-01 1.851055e-09
1.470588e-02 4.656863e-01 -2.411742e-09
2.450980e-02 4.656863e-01 -1.493746e-09
3.431373e-02 4.656863e-01 2.560549e-09
4.411765e-02 4.656863e-01 1.991959e-09
5.392157e-02 4.656863e-01 -2.187188e-09
6.372549e-02 4.656863e-01 -2.534360e-09
7.352941e-02 4.656863e-01 1.514601e-09
8.333333e-02 4.656863e-01 3.108599e-09
9.313725e-02 4.656863e-01 -3.411689e-10
1.029412e-01 4.656863e-01 -3.330670e-09
1.127451e-01 4.656863e-01 -1.275046e-09
1.225490e-01 4.656863e-01 2.727774e-09
1.323529e-01 4.656863e-01 2.911048e-09
1.421569e-01 4.656863e-01 -9.419686e-10
1.519608e-01 4.656863e-01 -3.637347e-09
1.617647e-01 4.656863e-01 -1.717745e-09
1.715686e-01 4.656863e-01 2.385787e-09
1.813725e-01 4.656863e-01 3.770050e-09
1.911765e-01 4.656863e-01 8.966400e-10
2.009804e-01 4.656863e-01 -3.044077e-09
2.107843e-01 4.656863e-01 -3.942776e-09
2.205882e-01 4.656863e-01 -9.638452e-10
2.303922e-01 4.656863e-01 3.024598e-09
2.401961e-01 4.656863e-01 4.460023e-09
2.500000e-01 4.656863e-01 2.197864e-09
2.598039e-01 4.656863e-01 -1.889138e-09
2.696078e-01 4.656863e-01 -4.741024e-09
2.794118e-01 4.656863e-01 -4.441261e-09
2.892157e-01 4.656863e-01 -1.289656e-09
2.990196e-01 4.656863e-01 2.764308e-09
3.088235e-01 4.656863e-01 5.526688e-09
3.186275e-01 4.656863e-01 5.741539e-09
3.284314e-01 4.656863e-01 3.472184e-09
3.382353e-01 4.656863e-01 -2.557066e-10
3.480392e-01 4.656863e-01 -4.124399e-09
3.578431e-01 4.656863e-01 -7.086976e-09
3.676471e-01 4.656863e-01 -8.618041e-09
3.774510e-01 4.656863e-01 -8.683000e-09
3.872549e-01 4.656863e-01 -7.601496e-09
3.970588e-01 4.656863e-01 -6.008456e-09
4.068627e-01 4.656863e-01 -5.022529e-09
4.166667e-01 4.656863e-01 -6.482095e-09
4.264706e-01 4.656863e-01 -1.264096e-08
4.362745e-01 4.656863e-01 -2.402015e-08
4.460784e-01 4.656863e-01 -3.331527e-08
4.558824e-01 4.656863e-01 -1.276666e-08
4.656863e-01 4.656863e-01 1.072906e-07
4.754902e-01 4.656863e-01 4.690993e-07
4.852941e-01 4.656863e-01 1.324490e-06
4.950980e-01 4.656863e-01 3.070164e-06
5.049020e-01 4.656863e-01 6.269430e-06
5.147059e-01 4.656863e-01 1.164403e-05
5.245098e-01 4.656863e-01 2.002508e-05
5.343137e-01 4.656863e-01 3.225138e-05
5.441176e-01 4.656863e-01 4.902952e-05
5.539216e-01 4.656863e-01 7.075785e-05
5.637255e-01 4.656863e-01 9.737539e-05
5.735294e-01 4.656863e-01 1.282245e-04
5.833333e-01 4.656863e-01 1.620404e-04
5.931373e-01 4.656863e-01 1.969708e-04
6.029412e-01 4.656863e-01 2.308002e-04
6.127451e-01 4.656863e-01 2.611193e-04
6.225490e-01 4.656863e-01 2.857090e-04
6.323529e-01 4.656863e-01 3.027162e-04
6.421569e-01 4.656863e-01 3.109803e-04
6.519608e-01 4.656863e-01 3.100750e-04
6.617647e-01 4.656863e-01 3.003778e-04
6.715686e-01 4.656863e-01 2.829698e-04
6.813725e-01 4.656863e-01 2.594256e-04
6.911765e-01 4.656863e-01 2.316572e-04
7.009804e-01 4.656863e-01 2.016158e-04
7.107843e-01 4.656863e-01 1.711300e-04
7.205882e-01 4.656863e-01 1.417586e-04
7.303922e-01 4.656863e-01 1.146552e-04
7.401961e-01 4.656863e-01 9.059810e-05
7.500000e-01 4.656863e-01 6.997972e-05
7.598039e-01 4.656863e-01 5.285351e-05
7.696078e-01 4.656863e-01 3.905736e-05
7.794118e-01 4.656863e-01 2.825330e-05
7.892157e-01 4.656863e-01 2.000621e-05
7.990196e-01 4.656863e-01 1.387943e-05
8.088235e-01 4.656863e-01 9.438837e-06
8.186275e-01 4.656863e-01 6.286851e-06
8.284314e-01 4.656863e-01 4.107561e-06
8.382353e-01 4.656863e-01 2.636558e-06
8.480392e-01 4.656863e-01 1.656215e-06
8.578431e-01 4.656863e-01 1.020241e-06
8.676471e-01 4.656863e-01 6.217757e-07
8.774510e-01 4.656863e-01 3.701898e-07
8.872549e-01 4.656863e-01 2.130058e-07
8.970588e-01 4.656863e-01 1.239877e-07
9.068627e-01 4.656863e-01 7.268585e-08
9.166667e-01 4.656863e-01 3.767705e-08
9.264706e-01 4.656863e-01 1.885093e-08
9.362745e-01 4.656863e-01 1.328076e-08
9.460784e-01 4.656863e-01 7.912351e-09
9.558824e-01 4.656863e-01 7.931008e-10
9.656863e-01 4.656863e-01 2.518457e-11
9.754902e-01 4.656863e-01 3.346787e-09
9.852941e-01 4.656863e-01 1.851055e-09
9.950980e-01 4.656863e-01 -2.411742e-09
4.901961e-03 4.754902e-01 8.479778e-09
1.470588e-02 4.754902e-01 -1.124279e-08
2.450980e-02 4.754902e-01 -6.831353e-09
3.431373e-02 4.754902e-01 1.193877e-08
4.411765e-02 4.754902e-01 9.148378e-09
5.392157e-02 4.754902e-01 -1.022549e-08
6.372549e-02 4.754902e-01 -1.168390e-08
7.352941e-02 4.754902e-01 7.125945e-09
8.333333e-02 4.754902e-01 1.438191e-08
9.313725e-02 4.754902e-01 -1.696165e-09
1.029412e-01 4.754902e-01 -1.546192e-08
1.127451e-01 4.754902e-01 -5.809188e-09
1.225490e-01 4.754902e-01 1.272062e-08
1.323529e-01 4.754902e-01 1.344018e-08
1.421569e-01 4.754902e-01 -4.473626e-09
1.519608e-01 4.754902e-01 -1.688146e-08
1.617647e-01 4.754902e-01 -7.875496e-09
1.715686e-01 4.754902e-01 1.114538e-08
1.813725e-01 4.754902e-01 1.746414e-08
1.911765e-01 4.754902e-01 4.066280e-09
2.009804e-01 4.754902e-01 -1.418050e-08
2.107843e-01 4.754902e-01 -1.826001e-08
2.205882e-01 4.754902e-01 -4.389061e-09
2.303922e-01 4.754902e-01 1.408539e-08
2.401961e-01 4.754902e-01 2.067356e-08
2.500000e-01 4.754902e-01 1.013202e-08
2.598039e-01 4.754902e-01 -8.817855e-09
2.696078e-01 4.754902e-01 -2.199905e-08
2.794118e-01 4.754902e-01 -2.056462e-08
2.892157e-01 4.754902e-01 -5.936573e-09
2.990196e-01 4.754902e-01 1.284187e-08
3.088235e-01 4.754902e-01 2.561757e-08
3.186275e-01 4.754902e-01 2.659210e-08
3.284314e-01 4.754902e-01 1.607356e-08
3.382353e-01 4.754902e-01 -1.183681e-09
3.480392e-01 4.754902e-01 -1.908217e-08
3.578431e-01 4.754902e-01 -3.278204e-08
3.676471e-01 4.754902e-01 -3.985502e-08
3.774510e-01 4.754902e-01 -4.013722e-08
3.872549e-01 4.754902e-01 -3.509641e-08
3.970588e-01 4.754902e-01 -2.766128e-08
4.068627e-01 4.754902e-01 -2.302979e-08
4.166667e-01 4.754902e-01 -2.982185e-08
4.264706e-01 4.754902e-01 -5.877304e-08
4.362745e-01 4.754902e-01 -1.129368e-07
4.460784e-01 4.754902e-01 -1.596561e-07
4.558824e-01 4.754902e-01 -7.226580e-08
4.656863e-01 4.754902e-01 4.690993e-07
4.754902e-01 4.754902e-01 2.119513e-06
4.852941e-01 4.754902e-01 6.040778e-06
4.950980e-01 4.754902e-01 1.406513e-05
5.049020e-01 4.754902e-01 2.879641e-05
5.147059e-01 4.754902e-01 5.357279e-05
5.245098e-01 4.754902e-01 9.224027e-05
5.343137e-01 4.754902e-01 1.486824e-04
5.441176e-01 4.754902e-01 2.261728e-04
5.539216e-01 4.754902e-01 3.265605e-04
5.637255e-01 4.754902e-01 4.495698e-04
5.735294e-01 4.754902e-01 5.921647e-04
5.833333e-01 4.754902e-01 7.484999e-04
5.931373e-01 4.754902e-01 9.100105e-04
6.029412e-01 4.754902e-01 1.066449e-03
6.127451e-01 4.754902e-01 1.206673e-03
6.225490e-01 4.754902e-01 1.320415e-03
6.323529e-01 4.754902e-01 1.399103e-03
6.421569e-01 4.754902e-01 1.437367e-03
6.519608e-01 4.754902e-01 1.433232e-03
6.617647e-01 4.754902e-01 1.388442e-03
6.715686e-01 4.754902e-01 1.307996e-03
6.813725e-01 4.754902e-01 1.199175e-03
6.911765e-01 4.754902e-01 1.070820e-03
7.009804e-01 4.754902e-01 9.319530e-04
7.107843e-01 4.754902e-01 7.910298e-04
7.205882e-01 4.754902e-01 6.552573e-04
7.303922e-01 4.754902e-01 5.299699e-04
7.401961e-01 4.754902e-01 4.187651e-04
7.500000e-01 4.754902e-01 3.234575e-04
7.598039e-01 4.754902e-01 2.442934e-04
7.696078e-01 4.754902e-01 1.805236e-04
7.794118e-01 4.754902e-01 1.305850e-04
7.892157e-01 4.754902e-01 9.246587e-05
7.990196e-01 4.754902e-01 6.414782e-05
8.088235e-01 4.754902e-01 4.362368e-05
8.186275e-01 4.754902e-01 2.905555e-05
8.284314e-01 4.754902e-01 1.898349e-05
8.382353e-01 4.754902e-01 1.218500e-05
8.480392e-01 4.754902e-01 7.654075e-06
8.578431e-01 4.754902e-01 4.714978e-06
8.676471e-01 4.754902e-01 2.873563e-06
8.774510e-01 4.754902e-01 1.710721e-06
8.872549e-01 4.754902e-01 9.843079e-07
8.970588e-01 4.754902e-01 5.730827e-07
9.068627e-01 4.754902e-01 3.359236e-07
9.166667e-01 4.754902e-01 1.740073e-07
9.264706e-01 4.754902e-01 8.713545e-08
9.362745e-01 4.754902e-01 6.148223e-08
9.460784e-01 4.754902e-01 3.651628e-08
9.558824e-01 4.754902e-01 3.564549e-09
9.656863e-01 4.754902e-01 1.837273e-10
9.754902e-01 4.754902e-01 1.556264e-08
9.852941e-01 4.754902e-01 8.479778e-09
9.950980e-01 4.754902e-01 -1.124279e-08
4.901961e-03 4.852941e-01 2.424628e-08
1.470588e-02 4.852941e-01 -3.230946e-08
2.450980e-02 4.852941e-01 -1.952130e-08
3.431373e-02 4.852941e-01 3.431259e-08
4.411765e-02 4.852941e-01 2.617601e-08
5.392157e-02 4.852941e-01 -2.941158e-08
6.372549e-02 4.852941e-01 -3.346864e-08
7.352941e-02 4.852941e-01 2.053420e-08
8.333333e-02 4.852941e-01 4.124033e-08
9.313725e-02 4.852941e-01 -4.963676e-09
1.029412e-01 4.852941e-01 -4.438223e-08
1.127451e-01 4.852941e-01 -1.658174e-08
1.225490e-01 4.852941e-01 3.656269e-08
1.323529e-01 4.852941e-01 3.851689e-08
1.421569e-01 4.852941e-01 -1.292719e-08
1.519608e-01 4.852941e-01 -4.845467e-08
1.617647e-01 4.852941e-01 -2.252235e-08
1.715686e-01 4.852941e-01 3.205311e-08
1.813725e-01 4.852941e-01 5.009967e-08
1.911765e-01 4.852941e-01 1.158972e-08
2.009804e-01 4.852941e-01 -4.074912e-08
2.107843e-01 4.852941e-01 -5.238017e-08
2.205882e-01 4.852941e-01 -1.252502e-08
2.303922e-01 4.852941e-01 4.047391e-08
2.401961e-01 4.852941e-01 5.932088e-08
2.500000e-01 4.852941e-01 2.902340e-08
2.598039e-01 4.852941e-01 -2.535771e-08
2.696078e-01 4.852941e-01 -6.314734e-08
2.794118e-01 4.852941e-01 -5.899061e-08
2.892157e-01 4.852941e-01 -1.699609e-08
2.990196e-01 4.852941e-01 3.687980e-08
3.088235e-01 4.852941e-01 7.351540e-08
3.186275e-01 4.852941e-01 7.629125e-08
3.284314e-01 4.852941e-01 4.610412e-08
3.382353e-01 4.852941e-01 -3.402143e-09
3.480392e-01 4.852941e-01 -5.473839e-08
3.578431e-01 4.852941e-01 -9.402631e-08
3.676471e-01 4.852941e-01 -1.143034e-07
3.774510e-01 4.852941e-01 -1.150967e-07
3.872549e-01 4.852941e-01 -1.006080e-07
3.970588e-01 4.852941e-01 -7.923223e-08
4.068627e-01 4.852941e-01 -6.589936e-08
4.166667e-01 4.852941e-01 -8.542811e-08
4.264706e-01 4.852941e-01 -1.688554e-07
4.362745e-01 4.852941e-01 -3.254357e-07
4.460784e-01 4.852941e-01 -4.623585e-07
4.558824e-01 4.852941e-01 -2.176166e-07
4.656863e-01 4.852941e-01 1.324490e-06
4.754902e-01 4.852941e-01 6.040778e-06
4.852941e-01 4.852941e-01 1.726138e-05
4.950980e-01 4.852941e-01 4.023966e-05
5.049020e-01 4.852941e-01 8.244277e-05
5.147059e-01 4.852941e-01 1.534452e-04
5.245098e-01 4.852941e-01 2.642792e-04
5.343137e-01 4.852941e-01 4.260862e-04
5.441176e-01 4.852941e-01 6.482589e-04
5.539216e-01 4.852941e-01 9.361047e-04
5.637255e-01 4.852941e-01 1.288837e-03
5.735294e-01 4.852941e-01 1.697752e-03
5.833333e-01 4.852941e-01 2.146087e-03
5.931373e-01 4.852941e-01 2.609278e-03
6.029412e-01 4.852941e-01 3.057935e-03
6.127451e-01 4.852941e-01 3.460098e-03
6.225490e-01 4.852941e-01 3.786320e-03
6.323529e-01 4.852941e-01 4.012014e-03
6.421569e-01 4.852941e-01 4.121777e-03
6.519608e-01 4.852941e-01 4.109946e-03
6.617647e-01 4.852941e-01 3.981522e-03
6.715686e-01 4.852941e-01 3.750841e-03
6.813725e-01 4.852941e-01 3.438783e-03
6.911765e-01 4.852941e-01 3.070704e-03
7.009804e-01 4.852941e-01 2.672480e-03
7.107843e-01 4.852941e-01 2.268360e-03
7.205882e-01 4.852941e-01 1.879011e-03
7.303922e-01 4.852941e-01 1.519731e-03
7.401961e-01 4.852941e-01 1.200837e-03
7.500000e-01 4.852941e-01 9.275318e-04
7.598039e-01 4.852941e-01 7.005212e-04
7.696078e-01 4.852941e-01 5.176564e-04
7.794118e-01 4.852941e-01 3.744543e-04
7.892157e-01 4.852941e-01 2.651459e-04
7.990196e-01 4.852941e-01 1.839432e-04
8.088235e-01 4.852941e-01 1.250900e-04
8.186275e-01 4.852941e-01 8.331577e-05
8.284314e-01 4.852941e-01 5.443441e-05
8.382353e-01 4.852941e-01 3.493990e-05
8.480392e-01 4.852941e-01 2.194755e-05
8.578431e-01 4.852941e-01 1.351991e-05
8.676471e-01 4.852941e-01 8.239817e-06
8.774510e-01 4.852941e-01 4.905316e-06
8.872549e-01 4.852941e-01 2.822388e-06
8.970588e-01 4.852941e-01 1.643354e-06
9.068627e-01 4.852941e-01 9.632431e-07
9.166667e-01 4.852941e-01 4.988657e-07
9.264706e-01 4.852941e-01 2.498811e-07
9.362745e-01 4.852941e-01 1.763798e-07
9.460784e-01 4.852941e-01 1.046589e-07
9.558824e-01 4.852941e-01 1.014579e-08
9.656863e-01 4.852941e-01 5.902706e-10
9.754902e-01 4.852941e-01 4.469559e-08
9.852941e-01 4.852941e-01 2.424628e-08
9.950980e-01 4.852941e-01 -3.230946e-08
4.901961e-03 4.950980e-01 5.652174e-08
1.470588e-02 4.950980e-01 -7.550837e-08
2.450980e-02 4.950980e-01 -4.549093e-08
3.431373e-02 4.950980e-01 8.019484e-08
4.411765e-02 4.950980e-01 6.103944e-08
5.392157e-02 4.950980e-01 -6.876757e-08
6.372549e-02 4.950980e-01 -7.809003e-08
7.352941e-02 4.950980e-01 4.805645e-08
8.333333e-02 4.950980e-01 9.627500e-08
9.313725e-02 4.950980e-01 -1.170690e-08
1.029412e-01 4.950980e-01 -1.036637e-07
1.127451e-01 4.950980e-01 -3.861891e-08
1.225490e-01 4.950980e-01 8.545888e-08
1.323529e-01 4.950980e-01 8.989044e-08
1.421569e-01 4.950980e-01 -3.029767e-08
1.519608e-01 4.950980e-01 -1.131749e-07
1.617647e-01 4.950980e-01 -5.250580e-08
1.715686e-01 4.950980e-01 7.494221e-08
1.813725e-01 4.950980e-01 1.169852e-07
1.911765e-01 4.950980e-01 2.697122e-08
2.009804e-01 4.950980e-01 -9.523637e-08
2.107843e-01 4.950980e-01 -1.223085e-07
2.205882e-01 4.950980e-01 -2.916596e-08
2.303922e-01 4.950980e-01 9.459312e-08
2.401961e-01 4.950980e-01 1.385383e-07
2.500000e-01 4.950980e-01 6.771986e-08
2.598039e-01 4.950980e-01 -5.929152e-08
2.696078e-01 4.950980e-01 -1.475067e-07
2.794118e-01 4.950980e-01 -1.377474e-07
2.892157e-01 4.950980e-01 -3.964344e-08
2.990196e-01 4.950980e-01 8.617499e-08
3.088235e-01 4.950980e-01 1.717084e-07
3.186275e-01 4.950980e-01 1.781642e-07
3.284314e-01 4.950980e-01 1.076521e-07
3.382353e-01 4.950980e-01 -7.960039e-09
3.480392e-01 4.950980e-01 -1.278339e-07
3.578431e-01 4.950980e-01 -2.195666e-07
3.676471e-01 4.950980e-01 -2.669030e-07
3.774510e-01 4.950980e-01 -2.687357e-07
3.872549e-01 4.950980e-01 -2.348681e-07
3.970588e-01 4.950980e-01 -1.848992e-07
4.068627e-01 4.950980e-01 -1.537204e-07
4.166667e-01 4.950980e-01 -1.993971e-07
4.264706e-01 4.950980e-01 -3.946779e-07
4.362745e-01 4.950980e-01 -7.617111e-07
4.460784e-01 4.950980e-01 -1.084675e-06
4.558824e-01 4.950980e-01 -5.195652e-07
4.656863e-01 4.950980e-01 3.070164e-06
4.754902e-01 4.950980e-01 1.406513e-05
4.852941e-01 4.950980e-01 4.023966e-05
4.950980e-01 4.950980e-01 9.385945e-05
5.049020e-01 4.950980e-01 1.923605e-04
5.147059e-01 4.950980e-01 3.581007e-04
5.245098e-01 4.950980e-01 6.168433e-04
5.343137e-01 4.950980e-01 9.946076e-04
5.441176e-01 4.950980e-01 1.513330e-03
5.539216e-01 4.950980e-01 2.185407e-03
5.637255e-01 4.950980e-01 3.009007e-03
5.735294e-01 4.950980e-01 3.963805e-03
5.833333e-01 4.950980e-01 5.010661e-03
5.931373e-01 4.950980e-01 6.092218e-03
6.029412e-01 4.950980e-01 7.139844e-03
6.127451e-01 4.950980e-01 8.078913e-03
6.225490e-01 4.950980e-01 8.840662e-03
6.323529e-01 4.950980e-01 9.367676e-03
6.421569e-01 4.950980e-01 9.623989e-03
6.519608e-01 4.950980e-01 9.596379e-03
6.617647e-01 4.950980e-01 9.296524e-03
6.715686e-01 4.950980e-01 8.757900e-03
6.813725e-01 4.950980e-01 8.029262e-03
6.911765e-01 4.950980e-01 7.169819e-03
7.009804e-01 4.950980e-01 6.239990e-03
7.107843e-01 4.950980e-01 5.296396e-03
7.205882e-01 4.950980e-01 4.387295e-03
7.303922e-01 4.950980e-01 3.548406e-03
7.401961e-01 4.950980e-01 2.803816e-03
7.500000e-01 4.950980e-01 2.165674e-03
7.598039e-01 4.950980e-01 1.635628e-03
7.696078e-01 4.950980e-01 1.208659e-03
7.794118e-01 4.950980e-01 8.742995e-04
7.892157e-01 4.950980e-01 6.190781e-04
7.990196e-01 4.950980e-01 4.294806e-04
8.088235e-01 4.950980e-01 2.920664e-04
8.186275e-01 4.950980e-01 1.945295e-04
8.284314e-01 4.950980e-01 1.270959e-04
8.382353e-01 4.950980e-01 8.157921e-05
8.480392e-01 4.950980e-01 5.124395e-05
8.578431e-01 4.950980e-01 3.156685e-05
8.676471e-01 4.950980e-01 1.923872e-05
8.774510e-01 4.950980e-01 1.145305e-05
8.872549e-01 4.950980e-01 6.589785e-06
8.970588e-01 4.950980e-01 3.837066e-06
9.068627e-01 4.950980e-01 2.249015e-06
9.166667e-01 4.950980e-01 1.164675e-06
9.264706e-01 4.950980e-01 5.834778e-07
9.362745e-01 4.950980e-01 4.119092e-07
9.460784e-01 4.950980e-01 2.442943e-07
9.558824e-01 4.950980e-01 2.361216e-08
9.656863e-01 4.950980e-01 1.462093e-09
9.754902e-01 4.950980e-01 1.044276e-07
9.852941e-01 4.950980e-01 5.652174e-08
9.950980e-01 4.950980e-01 -7.550837e-08
4.901961e-03 5.049020e-01 1.157771e-07
1.470588e-02 5.049020e-01 -1.549066e-07
2.450980e-02 5.049020e-01 -9.315836e-08
3.431373e-02 5.049020e-01 1.645293e-07
4.411765e-02 5.049020e-01 1.250527e-07
5.392157e-02 5.049020e-01 -1.411196e-07
6.372549e-02 5.049020e-01 -1.600421e-07
7.352941e-02 5.049020e-01 9.867589e-08
8.333333e-02 5.049020e-01 1.973781e-07
9.313725e-02 5.049020e-01 -2.415376e-08
1.029412e-01 5.049020e-01 -2.125959e-07
1.127451e-01 5.049020e-01 -7.905808e-08
1.225490e-01 5.049020e-01 1.753378e-07
1.323529e-01 5.049020e-01 1.842557e-07
1.421569e-01 5.049020e-01 -6.226904e-08
1.519608e-01 5.049020e-01 -2.321027e-07
1.617647e-01 5.049020e-01 -1.075525e-07
1.715686e-01 5.049020e-01 1.537934e-07
1.813725e-01 5.049020e-01 2.398777e-07
1.911765e-01 5.049020e-01 5.518566e-08
2.009804e-01 5.049020e-01 -1.953938e-07
2.107843e-01 5.049020e-01 -2.507925e-07
2.205882e-01 5.049020e-01 -5.969944e-08
2.303922e-01 5.049020e-01 1.940767e-07
2.401961e-01 5.049020e-01 2.841047e-07
2.500000e-01 5.049020e-01 1.387936e-07
2.598039e-01 5.049020e-01 -1.216869e-07
2.696078e-01 5.049020e-01 -3.025427e-07
2.794118e-01 5.049020e-01 -2.824600e-07
2.892157e-01 5.049020e-01 -8.123111e-08
2.990196e-01 5.049020e-01 1.767899e-07
3.088235e-01 5.049020e-01 3.521659e-07
3.186275e-01 5.049020e-01 3.653680e-07
3.284314e-01 5.049020e-01 2.207426e-07
3.382353e-01 5.049020e-01 -1.635127e-08
3.480392e-01 5.049020e-01 -2.621692e-07
3.578431e-01 5.049020e-01 -4.502704e-07
3.676471e-01 5.049020e-01 -5.473244e-07
3.774510e-01 5.049020e-01 -5.510569e-07
3.872549e-01 5.049020e-01 -4.815620e-07
3.970588e-01 5.049020e-01 -3.790297e-07
4.068627e-01 5.049020e-01 -3.150498e-07
4.166667e-01 5.049020e-01 -4.088368e-07
4.264706e-01 5.049020e-01 -8.099068e-07
4.362745e-01 5.049020e-01 -1.564309e-06
4.460784e-01 5.049020e-01 -2.230483e-06
4.558824e-01 5.049020e-01 -1.079095e-06
4.656863e-01 5.049020e-01 6.269430e-06
4.754902e-01 5.049020e-01 2.879641e-05
4.852941e-01 5.049020e-01 8.244277e-05
4.950980e-01 5.049020e-01 1.923605e-04
5.049020e-01 5.049020e-01 3.943050e-04
5.147059e-01 5.049020e-01 7.341266e-04
5.245098e-01 5.049020e-01 1.264660e-03
5.343137e-01 5.049020e-01 2.039265e-03
5.441176e-01 5.049020e-01 3.102930e-03
5.539216e-01 5.049020e-01 4.481082e-03
5.637255e-01 5.049020e-01 6.169962e-03
5.735294e-01 5.049020e-01 8.127896e-03
5.833333e-01 5.049020e-01 1.027462e-02
5.931373e-01 5.049020e-01 1.249251e-02
6.029412e-01 5.049020e-01 1.464082e-02
6.127451e-01 5.049020e-01 1.656652e-02
6.225490e-01 5.049020e-01 1.812860e-02
6.323529e-01 5.049020e-01 1.920932e-02
6.421569e-01 5.049020e-01 1.973493e-02
6.519608e-01 5.049020e-01 1.967831e-02
6.617647e-01 5.049020e-01 1.906342e-02
6.715686e-01 5.049020e-01 1.795890e-02
6.813725e-01 5.049020e-01 1.646474e-02
6.911765e-01 5.049020e-01 1.470236e-02
7.009804e-01 5.049020e-01 1.279564e-02
7.107843e-01 5.049020e-01 1.086070e-02
7.205882e-01 5.049020e-01 8.996501e-03
7.303922e-01 5.049020e-01 7.276281e-03
7.401961e-01 5.049020e-01 5.749434e-03
7.500000e-01 5.049020e-01 4.440870e-03
7.598039e-01 5.049020e-01 3.353968e-03
7.696078e-01 5.049020e-01 2.478436e-03
7.794118e-01 5.049020e-01 1.792807e-03
7.892157e-01 5.049020e-01 1.269458e-03
7.990196e-01 5.049020e-01 8.806759e-04
8.088235e-01 5.049020e-01 5.988992e-04
8.186275e-01 5.049020e-01 3.988939e-04
8.284314e-01 5.049020e-01 2.606175e-04
8.382353e-01 5.049020e-01 1.672828e-04
8.480392e-01 5.049020e-01 1.050785e-04
8.578431e-01 5.049020e-01 6.472963e-05
8.676471e-01 5.049020e-01 3.945017e-05
8.774510e-01 5.049020e-01 2.348504e-05
8.872549e-01 5.049020e-01 1.351271e-05
8.970588e-01 5.049020e-01 7.868256e-06
9.068627e-01 5.049020e-01 4.611716e-06
9.166667e-01 5.049020e-01 2.388122e-06
9.264706e-01 5.049020e-01 1.196531e-06
9.362745e-01 5.049020e-01 8.447477e-07
9.460784e-01 5.049020e-01 5.008413e-07
9.558824e-01 5.049020e-01 4.833696e-08
9.656863e-01 5.049020e-01 3.116160e-09
9.754902e-01 5.049020e-01 2.142073e-07
9.852941e-01 5.049020e-01 1.157771e-07
9.950980e-01 5.049020e-01 -1.549066e-07
4.901961e-03 5.147059e-01 2.154305e-07
1.470588e-02 5.147059e-01 -2.885385e-07
2.450980e-02 5.147059e-01 -1.733089e-07
3.431373e-02 5.147059e-01 3.064756e-07
4.411765e-02 5.147059e-01 2.327140e-07
5.392157e-02 5.147059e-01 -2.629137e-07
6.372549e-02 5.147059e-01 -2.979005e-07
7.352941e-02 5.147059e-01 1.839136e-07
8.333333e-02 5.147059e-01 3.674836e-07
9.313725e-02 5.147059e-01 -4.516659e-08
1.029412e-01 5.147059e-01 -3.959070e-07
1.127451e-01 5.147059e-01 -1.470428e-07
1.225490e-01 5.147059e-01 3.266226e-07
1.323529e-01 5.147059e-01 3.430110e-07
1.421569e-01 5.147059e-01 -1.161341e-07
1.519608e-01 5.147059e-01 -4.322381e-07
1.617647e-01 5.147059e-01 -2.001265e-07
1.715686e-01 5.147059e-01 2.865350e-07
1.813725e-01 5.147059e-01 4.466684e-07
1.911765e-01 5.147059e-01 1.026050e-07
2.009804e-01 5.147059e-01 -3.639840e-07
2.107843e-01 5.147059e-01 -4.669944e-07
2.205882e-01 5.147059e-01 -1.110271e-07
2.303922e-01 5.147059e-01 3.615373e-07
2.401961e-01 5.147059e-01 5.290707e-07
2.500000e-01 5.147059e-01 2.583591e-07
2.598039e-01 5.147059e-01 -2.267391e-07
2.696078e-01 5.147059e-01 -5.634730e-07
2.794118e-01 5.147059e-01 -5.259819e-07
2.892157e-01 5.147059e-01 -1.511822e-07
2.990196e-01 5.147059e-01 3.293241e-07
3.088235e-01 5.147059e-01 6.558819e-07
3.186275e-01 5.147059e-01 6.804176e-07
3.284314e-01 5.147059e-01 4.110503e-07
3.382353e-01 5.147059e-01 -3.049439e-08
3.480392e-01 5.147059e-01 -4.882660e-07
3.578431e-01 5.147059e-01 -8.385430e-07
3.676471e-01 5.147059e-01 -1.019260e-06
3.774510e-01 5.147059e-01 -1.026178e-06
3.872549e-01 5.147059e-01 -8.967055e-07
3.970588e-01 5.147059e-01 -7.056900e-07
4.068627e-01 5.147059e-01 -5.865064e-07
4.166667e-01 5.147059e-01 -7.613452e-07
4.264706e-01 5.147059e-01 -1.509055e-06
4.362745e-01 5.147059e-01 -2.916139e-06
4.460784e-01 5.147059e-01 -4.161459e-06
4.558824e-01 5.147059e-01 -2.026105e-06
4.656863e-01 5.147059e-01 1.164403e-05
4.754902e-01 5.147059e-01 5.357279e-05
4.852941e-01 5.147059e-01 1.534452e-04
4.950980e-01 5.147059e-01 3.581007e-04
5.049020e-01 5.147059e-01 7.341266e-04
5.147059e-01 5.147059e-01 1.366911e-03
5.245098e-01 5.147059e-01 2.354850e-03
5.343137e-01 5.147059e-01 3.797320e-03
5.441176e-01 5.147059e-01 5.778103e-03
5.539216e-01 5.147059e-01 8.344552e-03
5.637255e-01 5.147059e-01 1.148967e-02
5.735294e-01 5.147059e-01 1.513585e-02
5.833333e-01 5.147059e-01 1.913361e-02
5.931373e-01 5.147059e-01 2.326390e-02
6.029412e-01 5.147059e-01 2.726463e-02
6.127451e-01 5.147059e-01 3.085079e-02
6.225490e-01 5.147059e-01 3.375978e-02
6.323529e-01 5.147059e-01 3.577235e-02
6.421569e-01 5.147059e-01 3.675115e-02
6.519608e-01 5.147059e-01 3.664569e-02
6.617647e-01 5.147059e-01 3.550060e-02
6.715686e-01 5.147059e-01 3.344369e-02
6.813725e-01 5.147059e-01 3.066119e-02
6.911765e-01 5.147059e-01 2.737918e-02
7.009804e-01 5.147059e-01 2.382841e-02
7.107843e-01 5.147059e-01 2.022509e-02
7.205882e-01 5.147059e-01 1.675351e-02
7.303922e-01 5.147059e-01 1.355006e-02
7.401961e-01 5.147059e-01 1.070672e-02
7.500000e-01 5.147059e-01 8.269874e-03
7.598039e-01 5.147059e-01 6.245819e-03
7.696078e-01 5.147059e-01 4.615385e-03
7.794118e-01 5.147059e-01 3.338593e-03
7.892157e-01 5.147059e-01 2.364003e-03
7.990196e-01 5.147059e-01 1.640007e-03
8.088235e-01 5.147059e-01 1.115278e-03
8.186275e-01 5.147059e-01 7.428254e-04
8.284314e-01 5.147059e-01 4.853254e-04
8.382353e-01 5.147059e-01 3.115162e-04
8.480392e-01 5.147059e-01 1.956784e-04
8.578431e-01 5.147059e-01 1.205405e-04
8.676471e-01 5.147059e-01 7.346479e-05
8.774510e-01 5.147059e-01 4.373407e-05
8.872549e-01 5.147059e-01 2.516358e-05
8.970588e-01 5.147059e-01 1.465257e-05
9.068627e-01 5.147059e-01 8.587971e-06
9.166667e-01 5.147059e-01 4.447071e-06
9.264706e-01 5.147059e-01 2.228319e-06
9.362745e-01 5.147059e-01 1.573221e-06
9.460784e-01 5.147059e-01 9.325333e-07
9.558824e-01 5.147059e-01 8.993146e-08
9.656863e-01 5.147059e-01 5.968237e-09
9.754902e-01 5.147059e-01 3.989703e-07
9.852941e-01 5.147059e-01 2.154305e-07
9.950980e-01 5.147059e-01 -2.885385e-07
4.901961e-03 5.245098e-01 3.709337e-07
1.470588e-02 5.245098e-01 -4.971785e-07
2.450980e-02 5.245098e-01 -2.983601e-07
3.431373e-02 5.245098e-01 5.281056e-07
4.411765e-02 5.245098e-01 4.007184e-07
5.392157e-02 5.245098e-01 -4.530970e-07
6.372549e-02 5.245098e-01 -5.130579e-07
7.352941e-02 5.245098e-01 3.170452e-07
8.333333e-02 5.245098e-01 6.330061e-07
9.313725e-02 5.245098e-01 -7.804838e-08
1.029412e-01 5.245098e-01 -6.820815e-07
1.127451e-01 5.245098e-01 -2.530999e-07
1.225490e-01 5.245098e-01 5.628428e-07
1.323529e-01 5.245098e-01 5.908017e-07
1.421569e-01 5.245098e-01 -2.002993e-07
1.519608e-01 5.245098e-01 -7.446837e-07
1.617647e-01 5.245098e-01 -3.445802e-07
1.715686e-01 5.245098e-01 4.938243e-07
1.813725e-01 5.245098e-01 7.694864e-07
1.911765e-01 5.245098e-01 1.765642e-07
2.009804e-01 5.245098e-01 -6.272334e-07
2.107843e-01 5.245098e-01 -8.045082e-07
2.205882e-01 5.245098e-01 -1.910947e-07
2.303922e-01 5.245098e-01 6.230300e-07
2.401961e-01 5.245098e-01 9.115132e-07
2.500000e-01 5.245098e-01 4.449776e-07
2.598039e-01 5.245098e-01 -3.908077e-07
2.696078e-01 5.245098e-01 -9.708745e-07
2.794118e-01 5.245098e-01 -9.061637e-07
2.892157e-01 5.245098e-01 -2.603493e-07
2.990196e-01 5.245098e-01 5.675160e-07
3.088235e-01 5.245098e-01 1.130091e-06
3.186275e-01 5.245098e-01 1.172299e-06
3.284314e-01 5.245098e-01 7.081560e-07
3.382353e-01 5.245098e-01 -5.260302e-08
3.480392e-01 5.245098e-01 -8.412955e-07
3.578431e-01 5.245098e-01 -1.444771e-06
3.676471e-01 5.245098e-01 -1.756102e-06
3.774510e-01 5.245098e-01 -1.767978e-06
3.872549e-01 5.245098e-01 -1.544842e-06
3.970588e-01 5.245098e-01 -1.215654e-06
4.068627e-01 5.245098e-01 -1.010287e-06
4.166667e-01 5.245098e-01 -1.311787e-06
4.264706e-01 5.245098e-01 -2.601089e-06
4.362745e-01 5.245098e-01 -5.028103e-06
4.460784e-01 5.245098e-01 -7.179386e-06
4.558824e-01 5.245098e-01 -3.510686e-06
4.656863e-01 5.245098e-01 2.002508e-05
4.754902e-01 5.245098e-01 9.224027e-05
4.852941e-01 5.245098e-01 2.642792e-04
4.950980e-01 5.245098e-01 6.168433e-04
5.049020e-01 5.245098e-01 1.264660e-03
5.147059e-01 5.245098e-01 2.354850e-03
5.245098e-01 5.245098e-01 4.056948e-03
5.343137e-01 5.245098e-01 6.542175e-03
5.441176e-01 5.245098e-01 9.954887e-03
5.539216e-01 5.245098e-01 1.437667e-02
5.637255e-01 5.245098e-01 1.979548e-02
5.735294e-01 5.245098e-01 2.607758e-02
5.833333e-01 5.245098e-01 3.296543e-02
5.931373e-01 5.245098e-01 4.008161e-02
6.029412e-01 5.245098e-01 4.697456e-02
6.127451e-01 5.245098e-01 5.315322e-02
6.225490e-01 5.245098e-01 5.816516e-02
6.323529e-01 5.245098e-01 6.163263e-02
6.421569e-01 5.245098e-01 6.331898e-02
6.519608e-01 5.245098e-01 6.313726e-02
6.617647e-01 5.245098e-01 6.116431e-02
6.715686e-01 5.245098e-01 5.762040e-02
6.813725e-01 5.245098e-01 5.282635e-02
6.911765e-01 5.245098e-01 4.717173e-02
7.009804e-01 5.245098e-01 4.105405e-02
7.107843e-01 5.245098e-01 3.484585e-02
7.205882e-01 5.245098e-01 2.886463e-02
7.303922e-01 5.245098e-01 2.334538e-02
7.401961e-01 5.245098e-01 1.844659e-02
7.500000e-01 5.245098e-01 1.424815e-02
7.598039e-01 5.245098e-01 1.076090e-02
7.696078e-01 5.245098e-01 7.951828e-03
7.794118e-01 5.245098e-01 5.752047e-03
7.892157e-01 5.245098e-01 4.072929e-03
7.990196e-01 5.245098e-01 2.825560e-03
8.088235e-01 5.245098e-01 1.921507e-03
8.186275e-01 5.245098e-01 1.279810e-03
8.284314e-01 5.245098e-01 8.361651e-04
8.382353e-01 5.245098e-01 5.367100e-04
8.480392e-01 5.245098e-01 3.371335e-04
8.578431e-01 5.245098e-01 2.076790e-04
8.676471e-01 5.245098e-01 1.265724e-04
8.774510e-01 5.245098e-01 7.534918e-05
8.872549e-01 5.245098e-01 4.335433e-05
8.970588e-01 5.245098e-01 2.524511e-05
9.068627e-01 5.245098e-01 1.479613e-05
9.166667e-01 5.245098e-01 7.661710e-06
9.264706e-01 5.245098e-01 3.839348e-06
9.362745e-01 5.245098e-01 2.710628e-06
9.460784e-01 5.245098e-01 1.606463e-06
9.558824e-01 5.245098e-01 1.548672e-07
9.656863e-01 5.245098e-01 1.050776e-08
9.754902e-01 5.245098e-01 6.874435e-07
9.852941e-01 5.245098e-01 3.709337e-07
9.950980e-01 5.245098e-01 -4.971785e-07
4.901961e-03 5.343137e-01 5.978806e-07
1.470588e-02 5.343137e-01 -8.017973e-07
2.450980e-02 5.343137e-01 -4.808408e-07
3.431373e-02 5.343137e-01 8.517012e-07
4.411765e-02 5.343137e-01 6.459134e-07
5.392157e-02 5.343137e-01 -7.307984e-07
6.372549e-02 5.343137e-01 -8.271043e-07
7.352941e-02 5.343137e-01 5.114762e-07
8.333333e-02 5.343137e-01 1.020607e-06
9.313725e-02 5.343137e-01 -1.261390e-07
1.029412e-01 5.343137e-01 -1.099873e-06
1.127451e-01 5.343137e-01 -4.078501e-07
1.225490e-01 5.343137e-01 9.077533e-07
1.323529e-01 5.343137e-01 9.525034e-07
1.421569e-01 5.343137e-01 -3.232567e-07
1.519608e-01 5.343137e-01 -1.200838e-06
1.617647e-01 5.343137e-01 -5.553975e-07
1.715686e-01 5.343137e-01 7.965201e-07
1.813725e-01 5.343137e-01 1.240766e-06
1.911765e-01 5.343137e-01 2.844627e-07
2.009804e-01 5.343137e-01 -1.011624e-06
2.107843e-01 5.343137e-01 -1.297249e-06
2.205882e-01 5.343137e-01 -3.079188e-07
2.303922e-01 5.343137e-01 1.004865e-06
2.401961e-01 5.343137e-01 1.469876e-06
2.500000e-01 5.343137e-01 7.173854e-07
2.598039e-01 5.343137e-01 -6.304155e-07
2.696078e-01 5.343137e-01 -1.565721e-06
2.794118e-01 5.343137e-01 -1.461222e-06
2.892157e-01 5.343137e-01 -4.196869e-07
2.990196e-01 5.343137e-01 9.153399e-07
3.088235e-01 5.343137e-01 1.822494e-06
3.186275e-01 5.343137e-01 1.890476e-06
3.284314e-01 5.343137e-01 1.141929e-06
3.382353e-01 5.343137e-01 -8.491558e-08
3.480392e-01 5.343137e-01 -1.356778e-06
3.578431e-01 5.343137e-01 -2.329938e-06
3.676471e-01 5.343137e-01 -2.831967e-06
3.774510e-01 5.343137e-01 -2.851067e-06
3.872549e-01 5.343137e-01 -2.491149e-06
3.970588e-01 5.343137e-01 -1.960196e-06
4.068627e-01 5.343137e-01 -1.629009e-06
4.166667e-01 5.343137e-01 -2.115595e-06
4.264706e-01 5.343137e-01 -4.196122e-06
4.362745e-01 5.343137e-01 -8.113346e-06
4.460784e-01 5.343137e-01 -1.158931e-05
4.558824e-01 5.343137e-01 -5.684838e-06
4.656863e-01 5.343137e-01 3.225138e-05
4.754902e-01 5.343137e-01 1.486824e-04
4.852941e-01 5.343137e-01 4.260862e-04
4.950980e-01 5.343137e-01 9.946076e-04
5.049020e-01 5.343137e-01 2.039265e-03
5.147059e-01 5.343137e-01 3.797320e-03
5.245098e-01 5.343137e-01 6.542175e-03
5.343137e-01 5.343137e-01 1.054996e-02
5.441176e-01 5.343137e-01 1.605347e-02
5.539216e-01 5.343137e-01 2.318428e-02
5.637255e-01 5.343137e-01 3.192294e-02
5.735294e-01 5.343137e-01 4.205381e-02
5.833333e-01 5.343137e-01 5.316153e-02
5.931373e-01 5.343137e-01 6.463747e-02
6.029412e-01 5.343137e-01 7.575338e-02
6.127451e-01 5.343137e-01 8.571738e-02
6.225490e-01 5.343137e-01 9.379985e-02
6.323529e-01 5.343137e-01 9.939160e-02
6.421569e-01 5.343137e-01 1.021110e-01
6.519608e-01 5.343137e-01 1.018179e-01
6.617647e-01 5.343137e-01 9.863616e-02
6.715686e-01 5.343137e-01 9.292104e-02
6.813725e-01 5.343137e-01 8.518990e-02
6.911765e-01 5.343137e-01 7.607097e-02
7.009804e-01 5.343137e-01 6.620532e-02
7.107843e-01 5.343137e-01 5.619371e-02
7.205882e-01 5.343137e-01 4.654815e-02
7.303922e-01 5.343137e-01 3.764760e-02
7.401961e-01 5.343137e-01 2.974761e-02
7.500000e-01 5.343137e-01 2.297705e-02
7.598039e-01 5.343137e-01 1.735340e-02
7.696078e-01 5.343137e-01 1.282339e-02
7.794118e-01 5.343137e-01 9.275944e-03
7.892157e-01 5.343137e-01 6.568142e-03
7.990196e-01 5.343137e-01 4.556594e-03
8.088235e-01 5.343137e-01 3.098688e-03
8.186275e-01 5.343137e-01 2.063866e-03
8.284314e-01 5.343137e-01 1.348429e-03
8.382353e-01 5.343137e-01 8.655175e-04
8.480392e-01 5.343137e-01 5.436733e-04
8.578431e-01 5.343137e-01 3.349109e-04
8.676471e-01 5.343137e-01 2.041155e-04
8.774510e-01 5.343137e-01 1.215107e-04
8.872549e-01 5.343137e-01 6.991492e-05
8.970588e-01 5.343137e-01 4.071151e-05
9.068627e-01 5.343137e-01 2.386069e-05
9.166667e-01 5.343137e-01 1.235541e-05
9.264706e-01 5.343137e-01 6.191732e-06
9.362745e-01 5.343137e-01 4.371390e-06
9.460784e-01 5.343137e-01 2.590377e-06
9.558824e-01 5.343137e-01 2.496885e-07
9.656863e-01 5.343137e-01 1.724086e-08
9.754902e-01 5.343137e-01 1.108629e-06
9.852941e-01 5.343137e-01 5.978806e-07
9.950980e-01 5.343137e-01 -8.017973e-07
4.901961e-03 5.441176e-01 9.094042e-07
1.470588e-02 5.441176e-01 -1.220060e-06
2.450980e-02 5.441176e-01 -7.312991e-07
3.431373e-02 5.441176e-01 1.296034e-06
4.411765e-02 5.441176e-01 9.824858e-07
5.392157e-02 5.441176e-01 -1.112134e-06
6.372549e-02 5.441176e-01 -1.258222e-06
7.352941e-02 5.441176e-01 7.785034e-07
8.333333e-02 5.441176e-01 1.552743e-06
9.313725e-02 5.441176e-01 -1.922571e-07
1.029412e-01 5.441176e-01 -1.673504e-06
1.127451e-01 5.441176e-01 -6.202350e-07
1.225490e-01 5.441176e-01 1.381370e-06
1.323529e-01 5.441176e-01 1.449069e-06
1.421569e-01 5.441176e-01 -4.921656e-07
1.519608e-01 5.441176e-01 -1.827154e-06
1.617647e-01 5.441176e-01 -8.447760e-07
1.715686e-01 5.441176e-01 1.212201e-06
1.813725e-01 5.441176e-01 1.887833e-06
1.911765e-01 5.441176e-01 4.325294e-07
2.009804e-01 5.441176e-01 -1.539473e-06
2.107843e-01 5.441176e-01 -1.973792e-06
2.205882e-01 5.441176e-01 -4.682493e-07
2.303922e-01 5.441176e-01 1.529218e-06
2.401961e-01 5.441176e-01 2.236556e-06
2.500000e-01 5.441176e-01 1.091368e-06
2.598039e-01 5.441176e-01 -9.594922e-07
2.696078e-01 5.441176e-01 -2.382545e-06
2.794118e-01 5.441176e-01 -2.223366e-06
2.892157e-01 5.441176e-01 -6.384235e-07
2.990196e-01 5.441176e-01 1.393007e-06
3.088235e-01 5.441176e-01 2.773297e-06
3.186275e-01 5.441176e-01 2.876645e-06
3.284314e-01 5.441176e-01 1.737544e-06
3.382353e-01 5.441176e-01 -1.293220e-07
3.480392e-01 5.441176e-01 -2.064659e-06
3.578431e-01 5.441176e-01 -3.545456e-06
3.676471e-01 5.441176e-01 -4.309336e-06
3.774510e-01 5.441176e-01 -4.338339e-06
3.872549e-01 5.441176e-01 -3.790572e-06
3.970588e-01 5.441176e-01 -2.982537e-06
4.068627e-01 5.441176e-01 -2.478605e-06
4.166667e-01 5.441176e-01 -3.219531e-06
4.264706e-01 5.441176e-01 -6.387075e-06
4.362745e-01 5.441176e-01 -1.235175e-05
4.460784e-01 5.441176e-01 -1.764875e-05
4.558824e-01 5.441176e-01 -8.677191e-06
4.656863e-01 5.441176e-01 4.902952e-05
4.754902e-01 5.441176e-01 2.261728e-04
4.852941e-01 5.441176e-01 6.482589e-04
4.950980e-01 5.441176e-01 1.513330e-03
5.049020e-01 5.441176e-01 3.102930e-03
5.147059e-01 5.441176e-01 5.778103e-03
5.245098e-01 5.441176e-01 9.954887e-03
5.343137e-01 5.441176e-01 1.605347e-02
5.441176e-01 5.441176e-01 2.442809e-02
5.539216e-01 5.441176e-01 3.527897e-02
5.637255e-01 5.441176e-01 4.857650e-02
5.735294e-01 5.441176e-01 6.399253e-02
5.833333e-01 5.441176e-01 8.089502e-02
5.931373e-01 5.441176e-01 9.835779e-02
6.029412e-01 5.441176e-01 1.152727e-01
6.127451e-01 5.441176e-01 1.304347e-01
6.225490e-01 5.441176e-01 1.427336e-01
6.323529e-01 5.441176e-01 1.512424e-01
6.421569e-01 5.441176e-01 1.553804e-01
6.519608e-01 5.441176e-01 1.549342e-01
6.617647e-01 5.441176e-01 1.500926e-01
6.715686e-01 5.441176e-01 1.413959e-01
6.813725e-01 5.441176e-01 1.296315e-01
6.911765e-01 5.441176e-01 1.157554e-01
7.009804e-01 5.441176e-01 1.007430e-01
7.107843e-01 5.441176e-01 8.550855e-02
7.205882e-01 5.441176e-01 7.083112e-02
7.303922e-01 5.441176e-01 5.728737e-02
7.401961e-01 5.441176e-01 4.526615e-02
7.500000e-01 5.441176e-01 3.496356e-02
7.598039e-01 5.441176e-01 2.640620e-02
7.696078e-01 5.441176e-01 1.951301e-02
7.794118e-01 5.441176e-01 1.411496e-02
7.892157e-01 5.441176e-01 9.994568e-03
7.990196e-01 5.441176e-01 6.933649e-03
8.088235e-01 5.441176e-01 4.715192e-03
8.186275e-01 5.441176e-01 3.140531e-03
8.284314e-01 5.441176e-01 2.051871e-03
8.382353e-01 5.441176e-01 1.317037e-03
8.480392e-01 5.441176e-01 8.272945e-04
8.578431e-01 5.441176e-01 5.096264e-04
8.676471e-01 5.441176e-01 3.105980e-04
8.774510e-01 5.441176e-01 1.848999e-04
8.872549e-01 5.441176e-01 1.063881e-04
8.970588e-01 5.441176e-01 6.195014e-05
9.068627e-01 5.441176e-01 3.630810e-05
9.166667e-01 5.441176e-01 1.880081e-05
9.264706e-01 5.441176e-01 9.422163e-06
9.362745e-01 5.441176e-01 6.651962e-06
9.460784e-01 5.441176e-01 3.941375e-06
9.558824e-01 5.441176e-01 3.799249e-07
9.656863e-01 5.441176e-01 2.660823e-08
9.754902e-01 5.441176e-01 1.686965e-06
9.852941e-01 5.441176e-01 9.094042e-07
9.950980e-01 5.441176e-01 -1.220060e-06
4.901961e-03 5.539216e-01 1.312906e-06
1.470588e-02 5.539216e-01 -1.761927e-06
2.450980e-02 5.539216e-01 -1.055675e-06
3.431373e-02 5.539216e-01 1.871692e-06
4.411765e-02 5.539216e-01 1.418429e-06
5.392157e-02 5.539216e-01 -1.606196e-06
6.372549e-02 5.539216e-01 -1.816659e-06
7.352941e-02 5.539216e-01 1.124503e-06
8.333333e-02 5.539216e-01 2.242074e-06
9.313725e-02 5.539216e-01 -2.779999e-07
1.029412e-01 5.539216e-01 -2.416634e-06
1.127451e-01 5.539216e-01 -8.952900e-07
1.225490e-01 5.539216e-01 1.994984e-06
1.323529e-01 5.539216e-01 2.092311e-06
1.421569e-01 5.539216e-01 -7.110716e-07
1.519608e-01 5.539216e-01 -2.638554e-06
1.617647e-01 5.539216e-01 -1.219589e-06
1.715686e-01 5.539216e-01 1.750789e-06
1.813725e-01 5.539216e-01 2.726103e-06
1.911765e-01 5.539216e-01 6.242716e-07
2.009804e-01 5.539216e-01 -2.223378e-06
2.107843e-01 5.539216e-01 -2.850261e-06
2.205882e-01 5.539216e-01 -6.758886e-07
2.303922e-01 5.539216e-01 2.208611e-06
2.401961e-01 5.539216e-01 3.229838e-06
2.500000e-01 5.539216e-01 1.575830e-06
2.598039e-01 5.539216e-01 -1.385908e-06
2.696078e-01 5.539216e-01 -3.440847e-06
2.794118e-01 5.539216e-01 -3.210777e-06
2.892157e-01 5.539216e-01 -9.217645e-07
2.990196e-01 5.539216e-01 2.011937e-06
3.088235e-01 5.539216e-01 4.005211e-06
3.186275e-01 5.539216e-01 4.154354e-06
3.284314e-01 5.539216e-01 2.509218e-06
3.382353e-01 5.539216e-01 -1.868939e-07
3.480392e-01 5.539216e-01 -2.981860e-06
3.578431e-01 5.539216e-01 -5.120371e-06
3.676471e-01 5.539216e-01 -6.223511e-06
3.774510e-01 5.539216e-01 -6.265330e-06
3.872549e-01 5.539216e-01 -5.474150e-06
3.970588e-01 5.539216e-01 -4.307097e-06
4.068627e-01 5.539216e-01 -3.579391e-06
4.166667e-01 5.539216e-01 -4.650069e-06
4.264706e-01 5.539216e-01 -9.226590e-06
4.362745e-01 5.539216e-01 -1.784524e-05
4.460784e-01 5.539216e-01 -2.550369e-05
4.558824e-01 5.539216e-01 -1.256117e-05
4.656863e-01 5.539216e-01 7.075785e-05
4.754902e-01 5.539216e-01 3.265605e-04
4.852941e-01 5.539216e-01 9.361047e-04
4.950980e-01 5.539216e-01 2.185407e-03
5.049020e-01 5.539216e-01 4.481082e-03
5.147059e-01 5.539216e-01 8.344552e-03
5.245098e-01 5.539216e-01 1.437667e-02
5.343137e-01 5.539216e-01 2.318428e-02
5.441176e-01 5.539216e-01 3.527897e-02
5.539216e-01 5.539216e-01 5.094989e-02
5.637255e-01 5.539216e-01 7.015428e-02
5.735294e-01 5.539216e-01 9.241821e-02
5.833333e-01 5.539216e-01 1.168289e-01
5.931373e-01 5.539216e-01 1.420486e-01
6.029412e-01 5.539216e-01 1.664771e-01
6.127451e-01 5.539216e-01 1.883740e-01
6.225490e-01 5.539216e-01 2.061360e-01
6.323529e-01 5.539216e-01 2.184243e-01
6.421569e-01 5.539216e-01 2.244003e-01
6.519608e-01 5.539216e-01 2.237558e-01
6.617647e-01 5.539216e-01 2.167634e-01
6.715686e-01 5.539216e-01 2.042036e-01
6.813725e-01 5.539216e-01 1.872134e-01
6.911765e-01 5.539216e-01 1.671735e-01
7.009804e-01 5.539216e-01 1.454926e-01
7.107843e-01 5.539216e-01 1.234910e-01
7.205882e-01 5.539216e-01 1.022940e-01
7.303922e-01 5.539216e-01 8.273411e-02
7.401961e-01 5.539216e-01 6.537313e-02
7.500000e-01 5.539216e-01 5.049419e-02
7.598039e-01 5.539216e-01 3.813569e-02
7.696078e-01 5.539216e-01 2.818058e-02
7.794118e-01 5.539216e-01 2.038475e-02
7.892157e-01 5.539216e-01 1.443411e-02
7.990196e-01 5.539216e-01 1.001355e-02
8.088235e-01 5.539216e-01 6.809661e-03
8.186275e-01 5.539216e-01 4.535544e-03
8.284314e-01 5.539216e-01 2.963305e-03
8.382353e-01 5.539216e-01 1.902061e-03
8.480392e-01 5.539216e-01 1.194777e-03
8.578431e-01 5.539216e-01 7.360019e-04
8.676471e-01 5.539216e-01 4.485654e-04
8.774510e-01 5.539216e-01 2.670319e-04
8.872549e-01 5.539216e-01 1.536459e-04
8.970588e-01 5.539216e-01 8.946873e-05
9.068627e-01 5.539216e-01 5.243587e-05
9.166667e-01 5.539216e-01 2.715198e-05
9.264706e-01 5.539216e-01 1.360792e-05
9.362745e-01 5.539216e-01 9.606840e-06
9.460784e-01 5.539216e-01 5.691703e-06
9.558824e-01 5.539216e-01 5.487207e-07
9.656863e-01 5.539216e-01 3.887968e-08
9.754902e-01 5.539216e-01 2.436238e-06
9.852941e-01 5.539216e-01 1.312906e-06
9.950980e-01 5.539216e-01 -1.761927e-06
4.901961e-03 5.637255e-01 1.807248e-06
1.470588e-02 5.637255e-01 -2.425873e-06
2.450980e-02 5.637255e-01 -1.453043e-06
3.431373e-02 5.637255e-01 2.577060e-06
4.411765e-02 5.637255e-01 1.952506e-06
5.392157e-02 5.637255e-01 -2.211600e-06
6.372549e-02 5.637255e-01 -2.500837e-06
7.352941e-02 5.637255e-01 1.548511e-06
8.333333e-02 5.637255e-01 3.086657e-06
9.313725e-02 5.637255e-01 -3.831379e-07
1.029412e-01 5.637255e-01 -3.327177e-06
1.127451e-01 5.637255e-01 -1.232232e-06
1.225490e-01 5.637255e-01 2.746883e-06
1.323529e-01 5.637255e-01 2.880419e-06
1.421569e-01 5.637255e-01 -9.793738e-07
1.519608e-01 5.637255e-01 -3.632769e-06
1.617647e-01 5.637255e-01 -1.678779e-06
1.715686e-01 5.637255e-01 2.410791e-06
1.813725e-01 5.637255e-01 3.753235e-06
1.911765e-01 5.637255e-01 8.591427e-07
2.009804e-01 5.637255e-01 -3.061445e-06
2.107843e-01 5.637255e-01 -3.924216e-06
2.205882e-01 5.637255e-01 -9.302477e-07
2.303922e-01 5.637255e-01 3.041167e-06
2.401961e-01 5.637255e-01 4.446968e-06
2.500000e-01 5.637255e-01 2.169419e-06
2.598039e-01 5.637255e-01 -1.908496e-06
2.696078e-01 5.637255e-01 -4.737708e-06
2.794118e-01 5.637255e-01 -4.420728e-06
2.892157e-01 5.637255e-01 -1.268919e-06
2.990196e-01 5.637255e-01 2.770435e-06
3.088235e-01 5.637255e-01 5.514852e-06
3.186275e-01 5.637255e-01 5.720091e-06
3.284314e-01 5.637255e-01 3.454829e-06
3.382353e-01 5.637255e-01 -2.574800e-07
3.480392e-01 5.637255e-01 -4.105872e-06
3.578431e-01 5.637255e-01 -7.050374e-06
3.676471e-01 5.637255e-01 -8.569254e-06
3.774510e-01 5.637255e-01 -8.626762e-06
3.872549e-01 5.637255e-01 -7.537271e-06
3.970588e-01 5.637255e-01 -5.930246e-06
4.068627e-01 5.637255e-01 -4.928373e-06
4.166667e-01 5.637255e-01 -6.403390e-06
4.264706e-01 5.637255e-01 -1.270717e-05
4.362745e-01 5.637255e-01 -2.457935e-05
4.460784e-01 5.637255e-01 -3.513364e-05
4.558824e-01 5.637255e-01 -1.732755e-05
4.656863e-01 5.637255e-01 9.737539e-05
4.754902e-01 5.637255e-01 4.495698e-04
4.852941e-01 5.637255e-01 1.288837e-03
4.950980e-01 5.637255e-01 3.009007e-03
5.049020e-01 5.637255e-01 6.169962e-03
5.147059e-01 5.637255e-01 1.148967e-02
5.245098e-01 5.637255e-01 1.979548e-02
5.343137e-01 5.637255e-01 3.192294e-02
5.441176e-01 5.637255e-01 4.857650e-02
5.539216e-01 5.637255e-01 7.015428e-02
5.637255e-01 5.637255e-01 9.659740e-02
5.735294e-01 5.637255e-01 1.272532e-01
5.833333e-01 5.637255e-01 1.608649e-01
5.931373e-01 5.637255e-01 1.955907e-01
6.029412e-01 5.637255e-01 2.292268e-01
6.127451e-01 5.637255e-01 2.593772e-01
6.225490e-01 5.637255e-01 2.838340e-01
6.323529e-01 5.637255e-01 3.007538e-01
6.421569e-01 5.637255e-01 3.089822e-01
6.519608e-01 5.637255e-01 3.080947e-01
6.617647e-01 5.637255e-01 2.984665e-01
6.715686e-01 5.637255e-01 2.811725e-01
6.813725e-01 5.637255e-01 2.577782e-01
6.911765e-01 5.637255e-01 2.301848e-01
7.009804e-01 5.637255e-01 2.003319e-01
7.107843e-01 5.637255e-01 1.700374e-01
7.205882e-01 5.637255e-01 1.408507e-01
7.303922e-01 5.637255e-01 1.139183e-01
7.401961e-01 5.637255e-01 9.001363e-02
7.500000e-01 5.637255e-01 6.952651e-02
7.598039e-01 5.637255e-01 5.250984e-02
7.696078e-01 5.637255e-01 3.880244e-02
7.794118e-01 5.637255e-01 2.806820e-02
7.892157e-01 5.637255e-01 1.987464e-02
7.990196e-01 5.637255e-01 1.378787e-02
8.088235e-01 5.637255e-01 9.376376e-03
8.186275e-01 5.637255e-01 6.245094e-03
8.284314e-01 5.637255e-01 4.080245e-03
8.382353e-01 5.637255e-01 2.618992e-03
8.480392e-01 5.637255e-01 1.645117e-03
8.578431e-01 5.637255e-01 1.013420e-03
8.676471e-01 5.637255e-01 6.176410e-04
8.774510e-01 5.637255e-01 3.676827e-04
8.872549e-01 5.637255e-01 2.115594e-04
8.970588e-01 5.637255e-01 1.231922e-04
9.068627e-01 5.637255e-01 7.219993e-05
9.166667e-01 5.637255e-01 3.738614e-05
9.264706e-01 5.637255e-01 1.873762e-05
9.362745e-01 5.637255e-01 1.322793e-05
9.460784e-01 5.637255e-01 7.836538e-06
9.558824e-01 5.637255e-01 7.556541e-07
9.656863e-01 5.637255e-01 5.405970e-08
9.754902e-01 5.637255e-01 3.354358e-06
9.852941e-01 5.637255e-01 1.807248e-06
9.950980e-01 5.637255e-01 -2.425873e-06
4.901961e-03 5.735294e-01 2.380203e-06
1.470588e-02 5.735294e-01 -3.195463e-06
2.450980e-02 5.735294e-01 -1.913568e-06
3.431373e-02 5.735294e-01 3.394682e-06
4.411765e-02 5.735294e-01 2.571501e-06
5.392157e-02 5.735294e-01 -2.913365e-06
6.372549e-02 5.735294e-01 -3.293824e-06
7.352941e-02 5.735294e-01 2.040036e-06
8.333333e-02 5.735294e-01 4.065596e-06
9.313725e-02 5.735294e-01 -5.050705e-07
1.029412e-01 5.735294e-01 -4.382606e-06
1.127451e-01 5.735294e-01 -1.622724e-06
1.225490e-01 5.735294e-01 3.618466e-06
1.323529e-01 5.735294e-01 3.793899e-06
1.421569e-01 5.735294e-01 -1.290437e-06
1.519608e-01 5.735294e-01 -4.785209e-06
1.617647e-01 5.735294e-01 -2.210988e-06
1.715686e-01 5.735294e-01 3.175887e-06
1.813725e-01 5.735294e-01 4.943830e-06
1.911765e-01 5.735294e-01 1.131333e-06
2.009804e-01 5.735294e-01 -4.032954e-06
2.107843e-01 5.735294e-01 -5.169106e-06
2.205882e-01 5.735294e-01 -1.225037e-06
2.303922e-01 5.735294e-01 4.006311e-06
2.401961e-01 5.735294e-01 5.857866e-06
2.500000e-01 5.735294e-01 2.857466e-06
2.598039e-01 5.735294e-01 -2.514345e-06
2.696078e-01 5.735294e-01 -6.241089e-06
2.794118e-01 5.735294e-01 -5.823325e-06
2.892157e-01 5.735294e-01 -1.671310e-06
2.990196e-01 5.735294e-01 3.649769e-06
3.088235e-01 5.735294e-01 7.264938e-06
3.186275e-01 5.735294e-01 7.535191e-06
3.284314e-01 5.735294e-01 4.551024e-06
3.382353e-01 5.735294e-01 -3.393397e-07
3.480392e-01 5.735294e-01 -5.408947e-06
3.578431e-01 5.735294e-01 -9.287819e-06
3.676471e-01 5.735294e-01 -1.128866e-05
3.774510e-01 5.735294e-01 -1.136434e-05
3.872549e-01 5.735294e-01 -9.929004e-06
3.970588e-01 5.735294e-01 -7.811920e-06
4.068627e-01 5.735294e-01 -6.492279e-06
4.166667e-01 5.735294e-01 -8.436310e-06
4.264706e-01 5.735294e-01 -1.674311e-05
4.362745e-01 5.735294e-01 -3.238829e-05
4.460784e-01 5.735294e-01 -4.630154e-05
4.558824e-01 5.735294e-01 -2.285948e-05
4.656863e-01 5.735294e-01 1.282245e-04
4.754902e-01 5.735294e-01 5.921647e-04
4.852941e-01 5.735294e-01 1.697752e-03
4.950980e-01 5.735294e-01 3.963805e-03
5.049020e-01 5.735294e-01 8.127896e-03
5.147059e-01 5.735294e-01 1.513585e-02
5.245098e-01 5.735294e-01 2.607758e-02
5.343137e-01 5.735294e-01 4.205381e-02
5.441176e-01 5.735294e-01 6.399253e-02
5.539216e-01 5.735294e-01 9.241821e-02
5.637255e-01 5.735294e-01 1.272532e-01
5.735294e-01 5.735294e-01 1.676379e-01
5.833333e-01 5.735294e-01 2.119164e-01
5.931373e-01 5.735294e-01 2.576625e-01
6.029412e-01 5.735294e-01 3.019731e-01
6.127451e-01 5.735294e-01 3.416916e-01
6.225490e-01 5.735294e-01 3.739097e-01
6.323529e-01 5.735294e-01 3.961990e-01
6.421569e-01 5.735294e-01 4.070384e-01
6.519608e-01 5.735294e-01 4.058691e-01
6.617647e-01 5.735294e-01 3.931852e-01
6.715686e-01 5.735294e-01 3.704029e-01
6.813725e-01 5.735294e-01 3.395844e-01
6.911765e-01 5.735294e-01 3.032341e-01
7.009804e-01 5.735294e-01 2.639073e-01
7.107843e-01 5.735294e-01 2.239989e-01
7.205882e-01 5.735294e-01 1.855497e-01
7.303922e-01 5.735294e-01 1.500704e-01
7.401961e-01 5.735294e-01 1.185795e-01
7.500000e-01 5.735294e-01 9.159079e-02
7.598039e-01 5.735294e-01 6.917388e-02
7.696078e-01 5.735294e-01 5.111644e-02
7.794118e-01 5.735294e-01 3.697568e-02
7.892157e-01 5.735294e-01 2.618189e-02
7.990196e-01 5.735294e-01 1.816348e-02
8.088235e-01 5.735294e-01 1.235199e-02
8.186275e-01 5.735294e-01 8.226992e-03
8.284314e-01 5.735294e-01 5.375124e-03
8.382353e-01 5.735294e-01 3.450139e-03
8.480392e-01 5.735294e-01 2.167201e-03
8.578431e-01 5.735294e-01 1.335033e-03
8.676471e-01 5.735294e-01 8.136521e-04
8.774510e-01 5.735294e-01 4.843682e-04
8.872549e-01 5.735294e-01 2.786992e-04
8.970588e-01 5.735294e-01 1.622882e-04
9.068627e-01 5.735294e-01 9.511247e-05
9.166667e-01 5.735294e-01 4.925073e-05
9.264706e-01 5.735294e-01 2.468470e-05
9.362745e-01 5.735294e-01 1.742582e-05
9.460784e-01 5.735294e-01 1.032291e-05
9.558824e-01 5.735294e-01 9.956599e-07
9.656863e-01 5.735294e-01 7.180079e-08
9.754902e-01 5.735294e-01 4.418617e-06
9.852941e-01 5.735294e-01 2.380203e-06
9.950980e-01 5.735294e-01 -3.195463e-06
4.901961e-03 5.833333e-01 3.008266e-06
1.470588e-02 5.833333e-01 -4.039096e-06
2.450980e-02 5.833333e-01 -2.418353e-06
3.431373e-02 5.833333e-01 4.290989e-06
4.411765e-02 5.833333e-01 3.250013e-06
5.392157e-02 5.833333e-01 -3.682675e-06
6.372549e-02 5.833333e-01 -4.163075e-06
7.352941e-02 5.833333e-01 2.578892e-06
8.333333e-02 5.833333e-01 5.138709e-06
9.313725e-02 5.833333e-01 -6.387813e-07
1.029412e-01 5.833333e-01 -5.539597e-06
1.127451e-01 5.833333e-01 -2.050748e-06
1.225490e-01 5.833333e-01 4.573954e-06
1.323529e-01 5.833333e-01 4.795264e-06
1.421569e-01 5.833333e-01 -1.631484e-06
1.519608e-01 5.833333e-01 -6.048576e-06
1.617647e-01 5.833333e-01 -2.794382e-06
1.715686e-01 5.833333e-01 4.014671e-06
1.813725e-01 5.833333e-01 6.249033e-06
1.911765e-01 5.833333e-01 1.429683e-06
2.009804e-01 5.833333e-01 -5.098038e-06
2.107843e-01 5.833333e-01 -6.533856e-06
2.205882e-01 5.833333e-01 -1.548169e-06
2.303922e-01 5.833333e-01 5.064441e-06
2.401961e-01 5.833333e-01 7.404652e-06
2.500000e-01 5.833333e-01 3.611750e-06
2.598039e-01 5.833333e-01 -3.178597e-06
2.696078e-01 5.833333e-01 -7.889320e-06
2.794118e-01 5.833333e-01 -7.361042e-06
2.892157e-01 5.833333e-01 -2.112437e-06
2.990196e-01 5.833333e-01 4.613870e-06
3.088235e-01 5.833333e-01 9.183694e-06
3.186275e-01 5.833333e-01 9.525216e-06
3.284314e-01 5.833333e-01 5.752854e-06
3.382353e-01 5.833333e-01 -4.291126e-07
3.480392e-01 5.833333e-01 -6.837648e-06
3.578431e-01 5.833333e-01 -1.174096e-05
3.676471e-01 5.833333e-01 -1.427021e-05
3.774510e-01 5.833333e-01 -1.436582e-05
3.872549e-01 5.833333e-01 -1.255128e-05
3.970588e-01 5.833333e-01 -9.874973e-06
4.068627e-01 5.833333e-01 -8.207016e-06
4.166667e-01 5.833333e-01 -1.066556e-05
4.264706e-01 5.833333e-01 -2.116912e-05
4.362745e-01 5.833333e-01 -4.095216e-05
4.460784e-01 5.833333e-01 -5.854987e-05
4.558824e-01 5.833333e-01 -2.893046e-05
4.656863e-01 5.833333e-01 1.620404e-04
4.754902e-01 5.833333e-01 7.484999e-04
4.852941e-01 5.833333e-01 2.146087e-03
4.950980e-01 5.833333e-01 5.010661e-03
5.049020e-01 5.833333e-01 1.027462e-02
5.147059e-01 5.833333e-01 1.913361e-02
5.245098e-01 5.833333e-01 3.296543e-02
5.343137e-01 5.833333e-01 5.316153e-02
5.441176e-01 5.833333e-01 8.089502e-02
5.539216e-01 5.833333e-01 1.168289e-01
5.637255e-01 5.833333e-01 1.608649e-01
5.735294e-01 5.833333e-01 2.119164e-01
5.833333e-01 5.833333e-01 2.678902e-01
5.931373e-01 5.833333e-01 3.257191e-01
6.029412e-01 5.833333e-01 3.817333e-01
6.127451e-01 5.833333e-01 4.319425e-01
6.225490e-01 5.833333e-01 4.726701e-01
6.323529e-01 5.833333e-01 5.008464e-01
6.421569e-01 5.833333e-01 5.145487e-01
6.519608e-01 5.833333e-01 5.130704e-01
6.617647e-01 5.833333e-01 4.970362e-01
6.715686e-01 5.833333e-01 4.682363e-01
6.813725e-01 5.833333e-01 4.292777e-01
6.911765e-01 5.833333e-01 3.833263e-01
7.009804e-01 5.833333e-01 3.336123e-01
7.107843e-01 5.833333e-01 2.831629e-01
7.205882e-01 5.833333e-01 2.345583e-01
7.303922e-01 5.833333e-01 1.897080e-01
7.401961e-01 5.833333e-01 1.498995e-01
7.500000e-01 5.833333e-01 1.157824e-01
7.598039e-01 5.833333e-01 8.744460e-02
7.696078e-01 5.833333e-01 6.461771e-02
7.794118e-01 5.833333e-01 4.674199e-02
7.892157e-01 5.833333e-01 3.309726e-02
7.990196e-01 5.833333e-01 2.296098e-02
8.088235e-01 5.833333e-01 1.561451e-02
8.186275e-01 5.833333e-01 1.039998e-02
8.284314e-01 5.833333e-01 6.794854e-03
8.382353e-01 5.833333e-01 4.361423e-03
8.480392e-01 5.833333e-01 2.739624e-03
8.578431e-01 5.833333e-01 1.687657e-03
8.676471e-01 5.833333e-01 1.028562e-03
8.774510e-01 5.833333e-01 6.123043e-04
8.872549e-01 5.833333e-01 3.523127e-04
8.970588e-01 5.833333e-01 2.051539e-04
9.068627e-01 5.833333e-01 1.202340e-04
9.166667e-01 5.833333e-01 6.225933e-05
9.264706e-01 5.833333e-01 3.120536e-05
9.362745e-01 5.833333e-01 2.202836e-05
9.460784e-01 5.833333e-01 1.304885e-05
9.558824e-01 5.833333e-01 1.258941e-06
9.656863e-01 5.833333e-01 9.138976e-08
9.754902e-01 5.833333e-01 5.585332e-06
9.852941e-01 5.833333e-01 3.008266e-06
9.950980e-01 5.833333e-01 -4.039096e-06
4.901961e-03 5.931373e-01 3.657020e-06
1.470588e-02 5.931373e-01 -4.910503e-06
2.450980e-02 5.931373e-01 -2.939736e-06
3.431373e-02 5.931373e-01 5.216823e-06
4.411765e-02 5.931373e-01 3.950853e-06
5.392157e-02 5.931373e-01 -4.477334e-06
6.372549e-02 5.931373e-01 -5.060940e-06
7.352941e-02 5.931373e-01 3.135516e-06
8.333333e-02 5.931373e-01 6.247162e-06
9.313725e-02 5.931373e-01 -7.769203e-07
1.029412e-01 5.931373e-01 -6.734712e-06
1.127451e-01 5.931373e-01 -2.492855e-06
1.225490e-01 5.931373e-01 5.560947e-06
1.323529e-01 5.931373e-01 5.829621e-06
1.421569e-01 5.931373e-01 -1.983801e-06
1.519608e-01 5.931373e-01 -7.353605e-06
1.617647e-01 5.931373e-01 -3.396993e-06
1.715686e-01 5.931373e-01 4.881146e-06
1.813725e-01 5.931373e-01 7.597294e-06
1.911765e-01 5.931373e-01 1.737852e-06
2.009804e-01 5.931373e-01 -6.198299e-06
2.107843e-01 5.931373e-01 -7.943658e-06
2.205882e-01 5.931373e-01 -1.881945e-06
2.303922e-01 5.931373e-01 6.157545e-06
2.401961e-01 5.931373e-01 9.002541e-06
2.500000e-01 5.931373e-01 4.390939e-06
2.598039e-01 5.931373e-01 -3.864833e-06
2.696078e-01 5.931373e-01 -9.592058e-06
2.794118e-01 5.931373e-01 -8.949603e-06
2.892157e-01 5.931373e-01 -2.568133e-06
2.990196e-01 5.931373e-01 5.609891e-06
3.088235e-01 5.931373e-01 1.116596e-05
3.186275e-01 5.931373e-01 1.158111e-05
3.284314e-01 5.931373e-01 6.994461e-06
3.382353e-01 5.931373e-01 -5.218722e-07
3.480392e-01 5.931373e-01 -8.313678e-06
3.578431e-01 5.931373e-01 -1.427536e-05
3.676471e-01 5.931373e-01 -1.735054e-05
3.774510e-01 5.931373e-01 -1.746672e-05
3.872549e-01 5.931373e-01 -1.526041e-05
3.970588e-01 5.931373e-01 -1.200636e-05
4.068627e-01 5.931373e-01 -9.978647e-06
4.166667e-01 5.931373e-01 -1.296903e-05
4.264706e-01 5.931373e-01 -2.574276e-05
4.362745e-01 5.931373e-01 -4.980183e-05
4.460784e-01 5.931373e-01 -7.120756e-05
4.558824e-01 5.931373e-01 -3.520768e-05
4.656863e-01 5.931373e-01 1.969708e-04
4.754902e-01 5.931373e-01 9.100105e-04
4.852941e-01 5.931373e-01 2.609278e-03
4.950980e-01 5.931373e-01 6.092218e-03
5.049020e-01 5.931373e-01 1.249251e-02
5.147059e-01 5.931373e-01 2.326390e-02
5.245098e-01 5.931373e-01 4.008161e-02
5.343137e-01 5.931373e-01 6.463747e-02
5.441176e-01 5.931373e-01 9.835779e-02
5.539216e-01 5.931373e-01 1.420486e-01
5.637255e-01 5.931373e-01 1.955907e-01
5.735294e-01 5.931373e-01 2.576625e-01
5.833333e-01 5.931373e-01 3.257191e-01
5.931373e-01 5.931373e-01 3.960311e-01
6.029412e-01 5.931373e-01 4.641368e-01
6.127451e-01 5.931373e-01 5.251843e-01
6.225490e-01 5.931373e-01 5.747034e-01
6.323529e-01 5.931373e-01 6.089618e-01
6.421569e-01 5.931373e-01 6.256217e-01
6.519608e-01 5.931373e-01 6.238241e-01
6.617647e-01 5.931373e-01 6.043287e-01
6.715686e-01 5.931373e-01 5.693118e-01
6.813725e-01 5.931373e-01 5.219434e-01
6.911765e-01 5.931373e-01 4.660727e-01
7.009804e-01 5.931373e-01 4.056272e-01
7.107843e-01 5.931373e-01 3.442877e-01
7.205882e-01 5.931373e-01 2.851911e-01
7.303922e-01 5.931373e-01 2.306592e-01
7.401961e-01 5.931373e-01 1.822576e-01
7.500000e-01 5.931373e-01 1.407758e-01
7.598039e-01 5.931373e-01 1.063208e-01
7.696078e-01 5.931373e-01 7.856644e-02
7.794118e-01 5.931373e-01 5.683199e-02
7.892157e-01 5.931373e-01 4.024184e-02
7.990196e-01 5.931373e-01 2.791748e-02
8.088235e-01 5.931373e-01 1.898516e-02
8.186275e-01 5.931373e-01 1.264499e-02
8.284314e-01 5.931373e-01 8.261641e-03
8.382353e-01 5.931373e-01 5.302912e-03
8.480392e-01 5.931373e-01 3.331020e-03
8.578431e-01 5.931373e-01 2.051968e-03
8.676471e-01 5.931373e-01 1.250596e-03
8.774510e-01 5.931373e-01 7.444807e-04
8.872549e-01 5.931373e-01 4.283663e-04
8.970588e-01 5.931373e-01 2.494403e-04
9.068627e-01 5.931373e-01 1.461880e-04
9.166667e-01 5.931373e-01 7.569914e-05
9.264706e-01 5.931373e-01 3.794230e-05
9.362745e-01 5.931373e-01 2.678330e-05
9.460784e-01 5.931373e-01 1.586498e-05
9.558824e-01 5.931373e-01 1.531106e-06
9.656863e-01 5.931373e-01 1.117547e-07
9.754902e-01 5.931373e-01 6.790529e-06
9.852941e-01 5.931373e-01 3.657020e-06
9.950980e-01 5.931373e-01 -4.910503e-06
4.901961e-03 6.029412e-01 4.285303e-06
1.470588e-02 6.029412e-01 -5.754350e-06
2.450980e-02 6.029412e-01 -3.444637e-06
3.431373e-02 6.029412e-01 6.113398e-06
4.411765e-02 6.029412e-01 4.629548e-06
5.392157e-02 6.029412e-01 -5.246878e-06
6.372549e-02 6.029412e-01 -5.930436e-06
7.352941e-02 6.029412e-01 3.674551e-06
8.333333e-02 6.029412e-01 7.320599e-06
9.313725e-02 6.029412e-01 -9.106941e-07
1.029412e-01 6.029412e-01 -7.892081e-06
1.127451e-01 6.029412e-01 -2.921000e-06
1.225490e-01 6.029412e-01 6.516778e-06
1.323529e-01 6.029412e-01 6.831327e-06
1.421569e-01 6.029412e-01 -2.324999e-06
1.519608e-01 6.029412e-01 -8.617454e-06
1.617647e-01 6.029412e-01 -3.980590e-06
1.715686e-01 6.029412e-01 5.720295e-06
1.813725e-01 6.029412e-01 8.903039e-06
1.911765e-01 6.029412e-01 2.036300e-06
2.009804e-01 6.029412e-01 -7.263885e-06
2.107843e-01 6.029412e-01 -9.309033e-06
2.205882e-01 6.029412e-01 -2.205199e-06
2.303922e-01 6.029412e-01 7.216228e-06
2.401961e-01 6.029412e-01 1.055012e-05
2.500000e-01 6.029412e-01 5.145592e-06
2.598039e-01 6.029412e-01 -4.529481e-06
2.696078e-01 6.029412e-01 -1.124123e-05
2.794118e-01 6.029412e-01 -1.048820e-05
2.892157e-01 6.029412e-01 -3.009492e-06
2.990196e-01 6.029412e-01 6.574608e-06
3.088235e-01 6.029412e-01 1.308592e-05
3.186275e-01 6.029412e-01 1.357240e-05
3.284314e-01 6.029412e-01 8.197059e-06
3.382353e-01 6.029412e-01 -6.117219e-07
3.480392e-01 6.029412e-01 -9.743358e-06
3.578431e-01 6.029412e-01 -1.673019e-05
3.676471e-01 6.029412e-01 -2.033415e-05
3.774510e-01 6.029412e-01 -2.047027e-05
3.872549e-01 6.029412e-01 -1.788447e-05
3.970588e-01 6.029412e-01 -1.407085e-05
4.068627e-01 6.029412e-01 -1.169477e-05
4.166667e-01 6.029412e-01 -1.520061e-05
4.264706e-01 6.029412e-01 -3.017385e-05
4.362745e-01 6.029412e-01 -5.837575e-05
4.460784e-01 6.029412e-01 -8.347129e-05
4.558824e-01 6.029412e-01 -4.129242e-05
4.656863e-01 6.029412e-01 2.308002e-04
4.754902e-01 6.029412e-01 1.066449e-03
4.852941e-01 6.029412e-01 3.057935e-03
4.950980e-01 6.029412e-01 7.139844e-03
5.049020e-01 6.029412e-01 1.464082e-02
5.147059e-01 6.029412e-01 2.726463e-02
5.245098e-01 6.029412e-01 4.697456e-02
5.343137e-01 6.029412e-01 7.575338e-02
5.441176e-01 6.029412e-01 1.152727e-01
5.539216e-01 6.029412e-01 1.664771e-01
5.637255e-01 6.029412e-01 2.292268e-01
5.735294e-01 6.029412e-01 3.019731e-01
5.833333e-01 6.029412e-01 3.817333e-01
5.931373e-01 6.029412e-01 4.641368e-01
6.029412e-01 6.029412e-01 5.439544e-01
6.127451e-01 6.029412e-01 6.155000e-01
6.225490e-01 6.029412e-01 6.735346e-01
6.323529e-01 6.029412e-01 7.136842e-01
6.421569e-01 6.029412e-01 7.332090e-01
6.519608e-01 6.029412e-01 7.311022e-01
6.617647e-01 6.029412e-01 7.082540e-01
6.715686e-01 6.029412e-01 6.672153e-01
6.813725e-01 6.029412e-01 6.117011e-01
6.911765e-01 6.029412e-01 5.462224e-01
7.009804e-01 6.029412e-01 4.753823e-01
7.107843e-01 6.029412e-01 4.034943e-01
7.205882e-01 6.029412e-01 3.342350e-01
7.303922e-01 6.029412e-01 2.703254e-01
7.401961e-01 6.029412e-01 2.136002e-01
7.500000e-01 6.029412e-01 1.649849e-01
7.598039e-01 6.029412e-01 1.246048e-01
7.696078e-01 6.029412e-01 9.207749e-02
7.794118e-01 6.029412e-01 6.660538e-02
7.892157e-01 6.029412e-01 4.716224e-02
7.990196e-01 6.029412e-01 3.271847e-02
8.088235e-01 6.029412e-01 2.225005e-02
8.186275e-01 6.029412e-01 1.481957e-02
8.284314e-01 6.029412e-01 9.682404e-03
8.382353e-01 6.029412e-01 6.214859e-03
8.480392e-01 6.029412e-01 3.903860e-03
8.578431e-01 6.029412e-01 2.404848e-03
8.676471e-01 6.029412e-01 1.465662e-03
8.774510e-01 6.029412e-01 8.725096e-04
8.872549e-01 6.029412e-01 5.020337e-04
8.970588e-01 6.029412e-01 2.923370e-04
9.068627e-01 6.029412e-01 1.713273e-04
9.166667e-01 6.029412e-01 8.871728e-05
9.264706e-01 6.029412e-01 4.446799e-05
9.362745e-01 6.029412e-01 3.138886e-05
9.460784e-01 6.029412e-01 1.859258e-05
9.558824e-01 6.029412e-01 1.794913e-06
9.656863e-01 6.029412e-01 1.315940e-07
9.754902e-01 6.029412e-01 7.957693e-06
9.852941e-01 6.029412e-01 4.285303e-06
9.950980e-01 6.029412e-01 -5.754350e-06
4.901961e-03 6.127451e-01 4.848373e-06
1.470588e-02 6.127451e-01 -6.510504e-06
2.450980e-02 6.127451e-01 -3.897103e-06
3.431373e-02 6.127451e-01 6.916820e-06
4.411765e-02 6.127451e-01 5.237763e-06
5.392157e-02 6.127451e-01 -5.936461e-06
6.372549e-02 6.127451e-01 -6.709627e-06
7.352941e-02 6.127451e-01 4.157570e-06
8.333333e-02 6.127451e-01 8.282546e-06
9.313725e-02 6.127451e-01 -1.030548e-06
1.029412e-01 6.127451e-01 -8.929241e-06
1.127451e-01 6.127451e-01 -3.304703e-06
1.225490e-01 6.127451e-01 7.373332e-06
1.323529e-01 6.127451e-01 7.729025e-06
1.421569e-01 6.127451e-01 -2.630748e-06
1.519608e-01 6.127451e-01 -9.750076e-06
1.617647e-01 6.127451e-01 -4.503614e-06
1.715686e-01 6.127451e-01 6.472313e-06
1.813725e-01 6.127451e-01 1.007324e-05
1.911765e-01 6.127451e-01 2.303786e-06
2.009804e-01 6.127451e-01 -8.218865e-06
2.107843e-01 6.127451e-01 -1.053271e-05
2.205882e-01 6.127451e-01 -2.494921e-06
2.303922e-01 6.127451e-01 8.165051e-06
2.401961e-01 6.127451e-01 1.193713e-05
2.500000e-01 6.127451e-01 5.821964e-06
2.598039e-01 6.127451e-01 -5.125175e-06
2.696078e-01 6.127451e-01 -1.271934e-05
2.794118e-01 6.127451e-01 -1.186721e-05
2.892157e-01 6.127451e-01 -3.405085e-06
2.990196e-01 6.127451e-01 7.439280e-06
3.088235e-01 6.127451e-01 1.480681e-05
3.186275e-01 6.127451e-01 1.535724e-05
3.284314e-01 6.127451e-01 9.274985e-06
3.382353e-01 6.127451e-01 -6.922504e-07
3.480392e-01 6.127451e-01 -1.102483e-05
3.578431e-01 6.127451e-01 -1.893056e-05
3.676471e-01 6.127451e-01 -2.300850e-05
3.774510e-01 6.127451e-01 -2.316249e-05
3.872549e-01 6.127451e-01 -2.023655e-05
3.970588e-01 6.127451e-01 -1.592136e-05
4.068627e-01 6.127451e-01 -1.323315e-05
4.166667e-01 6.127451e-01 -1.720132e-05
4.264706e-01 6.127451e-01 -3.414674e-05
4.362745e-01 6.127451e-01 -6.606305e-05
4.460784e-01 6.127451e-01 -9.446718e-05
4.558824e-01 6.127451e-01 -4.675071e-05
4.656863e-01 6.127451e-01 2.611193e-04
4.754902e-01 6.127451e-01 1.206673e-03
4.852941e-01 6.127451e-01 3.460098e-03
4.950980e-01 6.127451e-01 8.078913e-03
5.049020e-01 6.127451e-01 1.656652e-02
5.147059e-01 6.127451e-01 3.085079e-02
5.245098e-01 6.127451e-01 5.315322e-02
5.343137e-01 6.127451e-01 8.571738e-02
5.441176e-01 6.127451e-01 1.304347e-01
5.539216e-01 6.127451e-01 1.883740e-01
5.637255e-01 6.127451e-01 2.593772e-01
5.735294e-01 6.127451e-01 3.416916e-01
5.833333e-01 6.127451e-01 4.319425e-01
5.931373e-01 6.127451e-01 5.251843e-01
6.029412e-01 6.127451e-01 6.155000e-01
6.127451e-01 6.127451e-01 6.964556e-01
6.225490e-01 6.127451e-01 7.621232e-01
6.323529e-01 6.127451e-01 8.075534e-01
6.421569e-01 6.127451e-01 8.296461e-01
6.519608e-01 6.127451e-01 8.272621e-01
6.617647e-01 6.127451e-01 8.014088e-01
6.715686e-01 6.127451e-01 7.549724e-01
6.813725e-01 6.127451e-01 6.921566e-01
6.911765e-01 6.127451e-01 6.180657e-01
7.009804e-01 6.127451e-01 5.379082e-01
7.107843e-01 6.127451e-01 4.565650e-01
7.205882e-01 6.127451e-01 3.781963e-01
7.303922e-01 6.127451e-01 3.058808e-01
7.401961e-01 6.127451e-01 2.416947e-01
7.500000e-01 6.127451e-01 1.866851e-01
7.598039e-01 6.127451e-01 1.409939e-01
7.696078e-01 6.127451e-01 1.041884e-01
7.794118e-01 6.127451e-01 7.536594e-02
7.892157e-01 6.127451e-01 5.336546e-02
7.990196e-01 6.127451e-01 3.702191e-02
8.088235e-01 6.127451e-01 2.517660e-02
8.186275e-01 6.127451e-01 1.676878e-02
8.284314e-01 6.127451e-01 1.095593e-02
8.382353e-01 6.127451e-01 7.032300e-03
8.480392e-01 6.127451e-01 4.417335e-03
8.578431e-01 6.127451e-01 2.721159e-03
8.676471e-01 6.127451e-01 1.658441e-03
8.774510e-01 6.127451e-01 9.872703e-04
8.872549e-01 6.127451e-01 5.680667e-04
8.970588e-01 6.127451e-01 3.307880e-04
9.068627e-01 6.127451e-01 1.938610e-04
9.166667e-01 6.127451e-01 1.003863e-04
9.264706e-01 6.127451e-01 5.031752e-05
9.362745e-01 6.127451e-01 3.551691e-05
9.460784e-01 6.127451e-01 2.103735e-05
9.558824e-01 6.127451e-01 2.031585e-06
9.656863e-01 6.127451e-01 1.494772e-07
9.754902e-01 6.127451e-01 9.003655e-06
9.852941e-01 6.127451e-01 4.848373e-06
9.950980e-01 6.127451e-01 -6.510504e-06
4.901961e-03 6.225490e-01 5.305015e-06
1.470588e-02 6.225490e-01 -7.123589e-06
2.450980e-02 6.225490e-01 -4.264021e-06
3.431373e-02 6.225490e-01 7.568249e-06
4.411765e-02 6.225490e-01 5.730976e-06
5.392157e-02 6.225490e-01 -6.495575e-06
6.372549e-02 6.225490e-01 -7.341472e-06
7.352941e-02 6.225490e-01 4.549189e-06
8.333333e-02 6.225490e-01 9.062573e-06
9.313725e-02 6.225490e-01 -1.127685e-06
1.029412e-01 6.225490e-01 -9.770247e-06
1.127451e-01 6.225490e-01 -3.615887e-06
1.225490e-01 6.225490e-01 8.067878e-06
1.323529e-01 6.225490e-01 8.456995e-06
1.421569e-01 6.225490e-01 -2.878640e-06
1.519608e-01 6.225490e-01 -1.066854e-05
1.617647e-01 6.225490e-01 -4.927786e-06
1.715686e-01 6.225490e-01 7.082122e-06
1.813725e-01 6.225490e-01 1.102223e-05
1.911765e-01 6.225490e-01 2.520741e-06
2.009804e-01 6.225490e-01 -8.993300e-06
2.107843e-01 6.225490e-01 -1.152510e-05
2.205882e-01 6.225490e-01 -2.729913e-06
2.303922e-01 6.225490e-01 8.934527e-06
2.401961e-01 6.225490e-01 1.306202e-05
2.500000e-01 6.225490e-01 6.370542e-06
2.598039e-01 6.225490e-01 -5.608281e-06
2.696078e-01 6.225490e-01 -1.391815e-05
2.794118e-01 6.225490e-01 -1.298569e-05
2.892157e-01 6.225490e-01 -3.725959e-06
2.990196e-01 6.225490e-01 8.140582e-06
3.088235e-01 6.225490e-01 1.620260e-05
3.186275e-01 6.225490e-01 1.680492e-05
3.284314e-01 6.225490e-01 1.014932e-05
3.382353e-01 6.225490e-01 -7.575523e-07
3.480392e-01 6.225490e-01 -1.206426e-05
3.578431e-01 6.225490e-01 -2.071535e-05
3.676471e-01 6.225490e-01 -2.517777e-05
3.774510e-01 6.225490e-01 -2.534625e-05
3.872549e-01 6.225490e-01 -2.214441e-05
3.970588e-01 6.225490e-01 -1.742241e-05
4.068627e-01 6.225490e-01 -1.448114e-05
4.166667e-01 6.225490e-01 -1.882467e-05
4.264706e-01 6.225490e-01 -3.737047e-05
4.362745e-01 6.225490e-01 -7.230073e-05
4.460784e-01 6.225490e-01 -1.033898e-04
4.558824e-01 6.225490e-01 -5.118239e-05
4.656863e-01 6.225490e-01 2.857090e-04
4.754902e-01 6.225490e-01 1.320415e-03
4.852941e-01 6.225490e-01 3.786320e-03
4.950980e-01 6.225490e-01 8.840662e-03
5.049020e-01 6.225490e-01 1.812860e-02
5.147059e-01 6.225490e-01 3.375978e-02
5.245098e-01 6.225490e-01 5.816516e-02
5.343137e-01 6.225490e-01 9.379985e-02
5.441176e-01 6.225490e-01 1.427336e-01
5.539216e-01 6.225490e-01 2.061360e-01
5.637255e-01 6.225490e-01 2.838340e-01
5.735294e-01 6.225490e-01 3.739097e-01
5.833333e-01 6.225490e-01 4.726701e-01
5.931373e-01 6.225490e-01 5.747034e-01
6.029412e-01 6.225490e-01 6.735346e-01
6.127451e-01 6.225490e-01 7.621232e-01
6.225490e-01 6.225490e-01 8.339824e-01
6.323529e-01 6.225490e-01 8.836960e-01
6.421569e-01 6.225490e-01 9.078717e-01
6.519608e-01 6.225490e-01 9.052628e-01
6.617647e-01 6.225490e-01 8.769718e-01
6.715686e-01 6.225490e-01 8.261571e-01
6.813725e-01 6.225490e-01 7.574186e-01
6.911765e-01 6.225490e-01 6.763419e-01
7.009804e-01 6.225490e-01 5.886266e-01
7.107843e-01 6.225490e-01 4.996138e-01
7.205882e-01 6.225490e-01 4.138559e-01
7.303922e-01 6.225490e-01 3.347219e-01
7.401961e-01 6.225490e-01 2.644839e-01
7.500000e-01 6.225490e-01 2.042875e-01
7.598039e-01 6.225490e-01 1.542881e-01
7.696078e-01 6.225490e-01 1.140122e-01
7.794118e-01 6.225490e-01 8.247218e-02
7.892157e-01 6.225490e-01 5.839729e-02
7.990196e-01 6.225490e-01 4.051271e-02
8.088235e-01 6.225490e-01 2.755050e-02
8.186275e-01 6.225490e-01 1.834992e-02
8.284314e-01 6.225490e-01 1.198897e-02
8.382353e-01 6.225490e-01 7.695378e-03
8.480392e-01 6.225490e-01 4.833847e-03
8.578431e-01 6.225490e-01 2.977738e-03
8.676471e-01 6.225490e-01 1.814814e-03
8.774510e-01 6.225490e-01 1.080359e-03
8.872549e-01 6.225490e-01 6.216301e-04
8.970588e-01 6.225490e-01 3.619777e-04
9.068627e-01 6.225490e-01 2.121391e-04
9.166667e-01 6.225490e-01 1.098519e-04
9.264706e-01 6.225490e-01 5.506254e-05
9.362745e-01 6.225490e-01 3.886514e-05
9.460784e-01 6.225490e-01 2.302026e-05
9.558824e-01 6.225490e-01 2.223796e-06
9.656863e-01 6.225490e-01 1.640750e-07
9.754902e-01 6.225490e-01 9.851816e-06
9.852941e-01 6.225490e-01 5.305015e-06
9.950980e-01 6.225490e-01 -7.123589e-06
4.901961e-03 6.323529e-01 5.620829e-06
1.470588e-02 6.323529e-01 -7.547400e-06
2.450980e-02 6.323529e-01 -4.517754e-06
3.431373e-02 6.323529e-01 8.018589e-06
4.411765e-02 6.323529e-01 6.072033e-06
5.392157e-02 6.323529e-01 -6.882081e-06
6.372549e-02 6.323529e-01 -7.778365e-06
7.352941e-02 6.323529e-01 4.819884e-06
8.333333e-02 6.323529e-01 9.601905e-06
9.313725e-02 6.323529e-01 -1.194773e-06
1.029412e-01 6.323529e-01 -1.035172e-05
1.127451e-01 6.323529e-01 -3.831113e-06
1.225490e-01 6.323529e-01 8.548068e-06
1.323529e-01 6.323529e-01 8.960386e-06
1.421569e-01 6.323529e-01 -3.049982e-06
1.519608e-01 6.323529e-01 -1.130362e-05
1.617647e-01 6.323529e-01 -5.221151e-06
1.715686e-01 6.323529e-01 7.503757e-06
1.813725e-01 6.323529e-01 1.167848e-05
1.911765e-01 6.323529e-01 2.670828e-06
2.009804e-01 6.323529e-01 -9.528821e-06
2.107843e-01 6.323529e-01 -1.221142e-05
2.205882e-01 6.323529e-01 -2.892479e-06
2.303922e-01 6.323529e-01 9.466658e-06
2.401961e-01 6.323529e-01 1.384002e-05
2.500000e-01 6.323529e-01 6.749993e-06
2.598039e-01 6.323529e-01 -5.942382e-06
2.696078e-01 6.323529e-01 -1.474731e-05
2.794118e-01 6.323529e-01 -1.375934e-05
2.892157e-01 6.323529e-01 -3.947940e-06
2.990196e-01 6.323529e-01 8.625654e-06
3.088235e-01 6.323529e-01 1.716809e-05
3.186275e-01 6.323529e-01 1.780636e-05
3.284314e-01 6.323529e-01 1.075417e-05
3.382353e-01 6.323529e-01 -8.026994e-07
3.480392e-01 6.323529e-01 -1.278329e-05
3.578431e-01 6.323529e-01 -2.195003e-05
3.676471e-01 6.323529e-01 -2.667846e-05
3.774510e-01 6.323529e-01 -2.685698e-05
3.872549e-01 6.323529e-01 -2.346427e-05
3.970588e-01 6.323529e-01 -1.846088e-05
4.068627e-01 6.323529e-01 -1.534469e-05
4.166667e-01 6.323529e-01 -1.994829e-05
4.264706e-01 6.323529e-01 -3.960201e-05
4.362745e-01 6.323529e-01 -7.661852e-05
4.460784e-01 6.323529e-01 -1.095665e-04
4.558824e-01 6.323529e-01 -5.425314e-05
4.656863e-01 6.323529e-01 3.027162e-04
4.754902e-01 6.323529e-01 1.399103e-03
4.852941e-01 6.323529e-01 4.012014e-03
4.950980e-01 6.323529e-01 9.367676e-03
5.049020e-01 6.323529e-01 1.920932e-02
5.147059e-01 6.323529e-01 3.577235e-02
5.245098e-01 6.323529e-01 6.163263e-02
5.343137e-01 6.323529e-01 9.939160e-02
5.441176e-01 6.323529e-01 1.512424e-01
5.539216e-01 6.323529e-01 2.184243e-01
5.637255e-01 6.323529e-01 3.007538e-01
5.735294e-01 6.323529e-01 3.961990e-01
5.833333e-01 6.323529e-01 5.008464e-01
5.931373e-01 6.323529e-01 6.089618e-01
6.029412e-01 6.323529e-01 7.136842e-01
6.127451e-01 6.323529e-01 8.075534e-01
6.225490e-01 6.323529e-01 8.836960e-01
6.323529e-01 6.323529e-01 9.363730e-01
6.421569e-01 6.323529e-01 9.619897e-01
6.519608e-01 6.323529e-01 9.592254e-01
6.617647e-01 6.323529e-01 9.292480e-01
6.715686e-01 6.323529e-01 8.754043e-01
6.813725e-01 6.323529e-01 8.025683e-01
6.911765e-01 6.323529e-01 7.166587e-01
7.009804e-01 6.323529e-01 6.237148e-01
7.107843e-01 6.323529e-01 5.293961e-01
7.205882e-01 6.323529e-01 4.385261e-01
7.303922e-01 6.323529e-01 3.546750e-01
7.401961e-01 6.323529e-01 2.802500e-01
7.500000e-01 6.323529e-01 2.164653e-01
7.598039e-01 6.323529e-01 1.634855e-01
7.696078e-01 6.323529e-01 1.208087e-01
7.794118e-01 6.323529e-01 8.738849e-02
7.892157e-01 6.323529e-01 6.187846e-02
7.990196e-01 6.323529e-01 4.292776e-02
8.088235e-01 6.323529e-01 2.919284e-02
8.186275e-01 6.323529e-01 1.944379e-02
8.284314e-01 6.323529e-01 1.270366e-02
8.382353e-01 6.323529e-01 8.154113e-03
8.480392e-01 6.323529e-01 5.122001e-03
8.578431e-01 6.323529e-01 3.155247e-03
8.676471e-01 6.323529e-01 1.922997e-03
8.774510e-01 6.323529e-01 1.144760e-03
8.872549e-01 6.323529e-01 6.586866e-04
8.970588e-01 6.323529e-01 3.835551e-04
9.068627e-01 6.323529e-01 2.247838e-04
9.166667e-01 6.323529e-01 1.164004e-04
9.264706e-01 6.323529e-01 5.834535e-05
9.362745e-01 6.323529e-01 4.118118e-05
9.460784e-01 6.323529e-01 2.439189e-05
9.558824e-01 6.323529e-01 2.357053e-06
9.656863e-01 6.323529e-01 1.742678e-07
9.754902e-01 6.323529e-01 1.043825e-05
9.852941e-01 6.323529e-01 5.620829e-06
9.950980e-01 6.323529e-01 -7.547400e-06
4.901961e-03 6.421569e-01 5.774275e-06
1.470588e-02 6.421569e-01 -7.753035e-06
2.450980e-02 6.421569e-01 -4.641001e-06
3.431373e-02 6.421569e-01 8.237126e-06
4.411765e-02 6.421569e-01 6.237676e-06
5.392157e-02 6.421569e-01 -7.069616e-06
6.372549e-02 6.421569e-01 -7.990514e-06
7.352941e-02 6.421569e-01 4.951192e-06
8.333333e-02 6.421569e-01 9.863762e-06
9.313725e-02 6.421569e-01 -1.227233e-06
1.029412e-01 6.421569e-01 -1.063401e-05
1.127451e-01 6.421569e-01 -3.935707e-06
1.225490e-01 6.421569e-01 8.781151e-06
1.323529e-01 6.421569e-01 9.204869e-06
1.421569e-01 6.421569e-01 -3.133085e-06
1.519608e-01 6.421569e-01 -1.161201e-05
1.617647e-01 6.421569e-01 -5.363704e-06
1.715686e-01 6.421569e-01 7.708457e-06
1.813725e-01 6.421569e-01 1.199723e-05
1.911765e-01 6.421569e-01 2.743813e-06
2.009804e-01 6.421569e-01 -9.788897e-06
2.107843e-01 6.421569e-01 -1.254485e-05
2.205882e-01 6.421569e-01 -2.971531e-06
2.303922e-01 6.421569e-01 9.725142e-06
2.401961e-01 6.421569e-01 1.421804e-05
2.500000e-01 6.421569e-01 6.934434e-06
2.598039e-01 6.421569e-01 -6.104682e-06
2.696078e-01 6.421569e-01 -1.515025e-05
2.794118e-01 6.421569e-01 -1.413538e-05
2.892157e-01 6.421569e-01 -4.055887e-06
2.990196e-01 6.421569e-01 8.861396e-06
3.088235e-01 6.421569e-01 1.763742e-05
3.186275e-01 6.421569e-01 1.829322e-05
3.284314e-01 6.421569e-01 1.104826e-05
3.382353e-01 6.421569e-01 -8.246094e-07
3.480392e-01 6.421569e-01 -1.313287e-05
3.578431e-01 6.421569e-01 -2.255037e-05
3.676471e-01 6.421569e-01 -2.740817e-05
3.774510e-01 6.421569e-01 -2.759158e-05
3.872549e-01 6.421569e-01 -2.410606e-05
3.970588e-01 6.421569e-01 -1.896589e-05
4.068627e-01 6.421569e-01 -1.576486e-05
4.166667e-01 6.421569e-01 -2.049547e-05
4.264706e-01 6.421569e-01 -4.068899e-05
4.362745e-01 6.421569e-01 -7.872164e-05
4.460784e-01 6.421569e-01 -1.125755e-04
4.558824e-01 6.421569e-01 -5.575321e-05
4.656863e-01 6.421569e-01 3.109803e-04
4.754902e-01 6.421569e-01 1.437367e-03
4.852941e-01 6.421569e-01 4.121777e-03
4.950980e-01 6.421569e-01 9.623989e-03
5.049020e-01 6.421569e-01 1.973493e-02
5.147059e-01 6.421569e-01 3.675115e-02
5.245098e-01 6.421569e-01 6.331898e-02
5.343137e-01 6.421569e-01 1.021110e-01
5.441176e-01 6.421569e-01 1.553804e-01
5.539216e-01 6.421569e-01 2.244003e-01
5.637255e-01 6.421569e-01 3.089822e-01
5.735294e-01 6.421569e-01 4.070384e-01
5.833333e-01 6.421569e-01 5.145487e-01
5.931373e-01 6.421569e-01 6.256217e-01
6.029412e-01 6.421569e-01 7.332090e-01
6.127451e-01 6.421569e-01 8.296461e-01
6.225490e-01 6.421569e-01 9.078717e-01
6.323529e-01 6.421569e-01 9.619897e-01
6.421569e-01 6.421569e-01 9.883072e-01
6.519608e-01 6.421569e-01 9.854674e-01
6.617647e-01 6.421569e-01 9.546700e-01
6.715686e-01 6.421569e-01 8.993533e-01
6.813725e-01 6.421569e-01 8.245248e-01
6.911765e-01 6.421569e-01 7.362651e-01
7.009804e-01 6.421569e-01 6.407785e-01
7.107843e-01 6.421569e-01 5.438794e-01
7.205882e-01 6.421569e-01 4.505235e-01
7.303922e-01 6.421569e-01 3.643784e-01
7.401961e-01 6.421569e-01 2.879174e-01
7.500000e-01 6.421569e-01 2.223876e-01
7.598039e-01 6.421569e-01 1.679583e-01
7.696078e-01 6.421569e-01 1.241139e-01
7.794118e-01 6.421569e-01 8.977939e-02
7.892157e-01 6.421569e-01 6.357143e-02
7.990196e-01 6.421569e-01 4.410224e-02
8.088235e-01 6.421569e-01 2.999154e-02
8.186275e-01 6.421569e-01 1.997576e-02
8.284314e-01 6.421569e-01 1.305122e-02
8.382353e-01 6.421569e-01 8.377202e-03
8.480392e-01 6.421569e-01 5.262134e-03
8.578431e-01 6.421569e-01 3.241570e-03
8.676471e-01 6.421569e-01 1.975606e-03
8.774510e-01 6.421569e-01 1.176078e-03
8.872549e-01 6.421569e-01 6.767072e-04
8.970588e-01 6.421569e-01 3.940477e-04
9.068627e-01 6.421569e-01 2.309323e-04
9.166667e-01 6.421569e-01 1.195849e-04
9.264706e-01 6.421569e-01 5.994192e-05
9.362745e-01 6.421569e-01 4.230699e-05
9.460784e-01 6.421569e-01 2.505863e-05
9.558824e-01 6.421569e-01 2.422242e-06
9.656863e-01 6.421569e-01 1.793445e-07
9.754902e-01 6.421569e-01 1.072296e-05
9.852941e-01 6.421569e-01 5.774275e-06
9.950980e-01 6.421569e-01 -7.753035e-06
4.901961e-03 6.519608e-01 5.757453e-06
1.470588e-02 6.519608e-01 -7.729927e-06
2.450980e-02 6.519608e-01 -4.627418e-06
3.431373e-02 6.519608e-01 8.212628e-06
4.411765e-02 6.519608e-01 6.219380e-06
5.392157e-02 6.519608e-01 -7.048543e-06
6.372549e-02 6.519608e-01 -7.967003e-06
7.352941e-02 6.519608e-01 4.936367e-06
8.333333e-02 6.519608e-01 9.834673e-06
9.313725e-02 6.519608e-01 -1.223403e-06
1.029412e-01 6.519608e-01 -1.060259e-05
1.127451e-01 6.519608e-01 -3.924282e-06
1.225490e-01 6.519608e-01 8.755141e-06
1.323529e-01 6.519608e-01 9.177861e-06
1.421569e-01 6.519608e-01 -3.123680e-06
1.519608e-01 6.519608e-01 -1.157784e-05
1.617647e-01 6.519608e-01 -5.348103e-06
1.715686e-01 6.519608e-01 7.685692e-06
1.813725e-01 6.519608e-01 1.196209e-05
1.911765e-01 6.519608e-01 2.735934e-06
2.009804e-01 6.519608e-01 -9.760145e-06
2.107843e-01 6.519608e-01 -1.250822e-05
2.205882e-01 6.519608e-01 -2.962994e-06
2.303922e-01 6.519608e-01 9.696674e-06
2.401961e-01 6.519608e-01 1.417664e-05
2.500000e-01 6.519608e-01 6.914363e-06
2.598039e-01 6.519608e-01 -6.086826e-06
2.696078e-01 6.519608e-01 -1.510623e-05
2.794118e-01 6.519608e-01 -1.409443e-05
2.892157e-01 6.519608e-01 -4.044234e-06
2.990196e-01 6.519608e-01 8.835667e-06
3.088235e-01 6.519608e-01 1.758640e-05
3.186275e-01 6.519608e-01 1.824042e-05
3.284314e-01 6.519608e-01 1.101645e-05
3.382353e-01 6.519608e-01 -8.221553e-07
3.480392e-01 6.519608e-01 -1.309497e-05
3.578431e-01 6.519608e-01 -2.248541e-05
3.676471e-01 6.519608e-01 -2.732928e-05
3.774510e-01 6.519608e-01 -2.751218e-05
3.872549e-01 6.519608e-01 -2.403670e-05
3.970588e-01 6.519608e-01 -1.891140e-05
4.068627e-01 6.519608e-01 -1.571996e-05
4.166667e-01 6.519608e-01 -2.043793e-05
4.264706e-01 6.519608e-01 -4.057527e-05
4.362745e-01 6.519608e-01 -7.850144e-05
4.460784e-01 6.519608e-01 -1.122614e-04
4.558824e-01 6.519608e-01 -5.560510e-05
4.656863e-01 6.519608e-01 3.100750e-04
4.754902e-01 6.519608e-01 1.433232e-03
4.852941e-01 6.519608e-01 4.109946e-03
4.950980e-01 6.519608e-01 9.596379e-03
5.049020e-01 6.519608e-01 1.967831e-02
5.147059e-01 6.519608e-01 3.664569e-02
5.245098e-01 6.519608e-01 6.313726e-02
5.343137e-01 6.519608e-01 1.018179e-01
5.441176e-01 6.519608e-01 1.549342e-01
5.539216e-01 6.519608e-01 2.237558e-01
5.637255e-01 6.519608e-01 3.080947e-01
5.735294e-01 6.519608e-01 4.058691e-01
5.833333e-01 6.519608e-01 5.130704e-01
5.931373e-01 6.519608e-01 6.238241e-01
6.029412e-01 6.519608e-01 7.311022e-01
6.127451e-01 6.519608e-01 8.272621e-01
6.225490e-01 6.519608e-01 9.052628e-01
6.323529e-01 6.519608e-01 9.592254e-01
6.421569e-01 6.519608e-01 9.854674e-01
6.519608e-01 6.519608e-01 9.826357e-01
6.617647e-01 6.519608e-01 9.519269e-01
6.715686e-01 6.519608e-01 8.967693e-01
6.813725e-01 6.519608e-01 8.221560e-01
6.911765e-01 6.519608e-01 7.341499e-01
7.009804e-01 6.519608e-01 6.389377e-01
7.107843e-01 6.519608e-01 5.423172e-01
7.205882e-01 6.519608e-01 4.492295e-01
7.303922e-01 6.519608e-01 3.633319e-01
7.401961e-01 6.519608e-01 2.870905e-01
7.500000e-01 6.519608e-01 2.217489e-01
7.598039e-01 6.519608e-01 1.674760e-01
7.696078e-01 6.519608e-01 1.237575e-01
7.794118e-01 6.519608e-01 8.952157e-02
7.892157e-01 6.519608e-01 6.338887e-02
7.990196e-01 6.519608e-01 4.397559e-02
8.088235e-01 6.519608e-01 2.990542e-02
8.186275e-01 6.519608e-01 1.991840e-02
8.284314e-01 6.519608e-01 1.301374e-02
8.382353e-01 6.519608e-01 8.353140e-03
8.480392e-01 6.519608e-01 5.247018e-03
8.578431e-01 6.519608e-01 3.232258e-03
8.676471e-01 6.519608e-01 1.969929e-03
8.774510e-01 6.519608e-01 1.172698e-03
8.872549e-01 6.519608e-01 6.747626e-04
8.970588e-01 6.519608e-01 3.929145e-04
9.068627e-01 6.519608e-01 2.302674e-04
9.166667e-01 6.519608e-01 1.192414e-04
9.264706e-01 6.519608e-01 5.976987e-05
9.362745e-01 6.519608e-01 4.218454e-05
9.460784e-01 6.519608e-01 2.498613e-05
9.558824e-01 6.519608e-01 2.415970e-06
9.656863e-01 6.519608e-01 1.790318e-07
9.754902e-01 6.519608e-01 1.069130e-05
9.852941e-01 6.519608e-01 5.757453e-06
9.950980e-01 6.519608e-01 -7.729927e-06
4.901961e-03 6.617647e-01 5.577384e-06
1.470588e-02 6.617647e-01 -7.487566e-06
2.450980e-02 6.617647e-01 -4.482655e-06
3.431373e-02 6.617647e-01 7.955172e-06
4.411765e-02 6.617647e-01 6.024745e-06
5.392157e-02 6.617647e-01 -6.827519e-06
6.372549e-02 6.617647e-01 -7.717576e-06
7.352941e-02 6.617647e-01 4.781482e-06
8.333333e-02 6.617647e-01 9.526676e-06
9.313725e-02 6.617647e-01 -1.184810e-06
1.029412e-01 6.617647e-01 -1.027045e-05
1.127451e-01 6.617647e-01 -3.801616e-06
1.225490e-01 6.617647e-01 8.480775e-06
1.323529e-01 6.617647e-01 8.890581e-06
1.421569e-01 6.617647e-01 -3.025617e-06
1.519608e-01 6.617647e-01 -1.121529e-05
1.617647e-01 6.617647e-01 -5.180868e-06
1.715686e-01 6.617647e-01 7.444884e-06
1.813725e-01 6.617647e-01 1.158767e-05
1.911765e-01 6.617647e-01 2.650512e-06
2.009804e-01 6.617647e-01 -9.454511e-06
2.107843e-01 6.617647e-01 -1.211682e-05
2.205882e-01 6.617647e-01 -2.870469e-06
2.303922e-01 6.617647e-01 9.393115e-06
2.401961e-01 6.617647e-01 1.373311e-05
2.500000e-01 6.617647e-01 6.698206e-06
2.598039e-01 6.617647e-01 -5.896262e-06
2.696078e-01 6.617647e-01 -1.463367e-05
2.794118e-01 6.617647e-01 -1.365369e-05
2.892157e-01 6.617647e-01 -3.917899e-06
2.990196e-01 6.617647e-01 8.559255e-06
3.088235e-01 6.617647e-01 1.703648e-05
3.186275e-01 6.617647e-01 1.767018e-05
3.284314e-01 6.617647e-01 1.067215e-05
3.382353e-01 6.617647e-01 -7.963501e-07
3.480392e-01 6.617647e-01 -1.268557e-05
3.578431e-01 6.617647e-01 -2.178255e-05
3.676471e-01 6.617647e-01 -2.647508e-05
3.774510e-01 6.617647e-01 -2.665230e-05
3.872549e-01 6.617647e-01 -2.328546e-05
3.970588e-01 6.617647e-01 -1.832044e-05
4.068627e-01 6.617647e-01 -1.522909e-05
4.166667e-01 6.617647e-01 -1.980045e-05
4.264706e-01 6.617647e-01 -3.930998e-05
4.362745e-01 6.617647e-01 -7.605312e-05
4.460784e-01 6.617647e-01 -1.087604e-04
4.558824e-01 6.617647e-01 -5.387609e-05
4.656863e-01 6.617647e-01 3.003778e-04
4.754902e-01 6.617647e-01 1.388442e-03
4.852941e-01 6.617647e-01 3.981522e-03
4.950980e-01 6.617647e-01 9.296524e-03
5.049020e-01 6.617647e-01 1.906342e-02
5.147059e-01 6.617647e-01 3.550060e-02
5.245098e-01 6.617647e-01 6.116431e-02
5.343137e-01 6.617647e-01 9.863616e-02
5.441176e-01 6.617647e-01 1.500926e-01
5.539216e-01 6.617647e-01 2.167634e-01
5.637255e-01 6.617647e-01 2.984665e-01
5.735294e-01 6.617647e-01 3.931852e-01
5.833333e-01 6.617647e-01 4.970362e-01
5.931373e-01 6.617647e-01 6.043287e-01
6.029412e-01 6.617647e-01 7.082540e-01
6.127451e-01 6.617647e-01 8.014088e-01
6.225490e-01 6.617647e-01 8.769718e-01
6.323529e-01 6.617647e-01 9.292480e-01
6.421569e-01 6.617647e-01 9.546700e-01
6.519608e-01 6.617647e-01 9.519269e-01
6.617647e-01 6.617647e-01 9.221779e-01
6.715686e-01 6.617647e-01 8.687442e-01
6.813725e-01 6.617647e-01 7.964628e-01
6.911765e-01 6.617647e-01 7.112071e-01
7.009804e-01 6.617647e-01 6.189705e-01
7.107843e-01 6.617647e-01 5.253695e-01
7.205882e-01 6.617647e-01 4.351909e-01
7.303922e-01 6.617647e-01 3.519776e-01
7.401961e-01 6.617647e-01 2.781188e-01
7.500000e-01 6.617647e-01 2.148193e-01
7.598039e-01 6.617647e-01 1.622424e-01
7.696078e-01 6.617647e-01 1.198901e-01
7.794118e-01 6.617647e-01 8.672403e-02
7.892157e-01 6.617647e-01 6.140797e-02
7.990196e-01 6.617647e-01 4.260135e-02
8.088235e-01 6.617647e-01 2.897087e-02
8.186275e-01 6.617647e-01 1.929594e-02
8.284314e-01 6.617647e-01 1.260705e-02
8.382353e-01 6.617647e-01 8.092095e-03
8.480392e-01 6.617647e-01 5.083042e-03
8.578431e-01 6.617647e-01 3.131244e-03
8.676471e-01 6.617647e-01 1.908363e-03
8.774510e-01 6.617647e-01 1.136048e-03
8.872549e-01 6.617647e-01 6.536744e-04
8.970588e-01 6.617647e-01 3.806339e-04
9.068627e-01 6.617647e-01 2.230698e-04
9.166667e-01 6.617647e-01 1.155148e-04
9.264706e-01 6.617647e-01 5.790198e-05
9.362745e-01 6.617647e-01 4.086528e-05
9.460784e-01 6.617647e-01 2.420484e-05
9.558824e-01 6.617647e-01 2.341110e-06
9.656863e-01 6.617647e-01 1.735374e-07
9.754902e-01 6.617647e-01 1.035636e-05
9.852941e-01 6.617647e-01 5.577384e-06
9.950980e-01 6.617647e-01 -7.487566e-06
4.901961e-03 6.715686e-01 5.254152e-06
1.470588e-02 6.715686e-01 -7.052986e-06
2.450980e-02 6.715686e-01 -4.222850e-06
3.431373e-02 6.715686e-01 7.493480e-06
4.411765e-02 6.715686e-01 5.675475e-06
5.392157e-02 6.715686e-01 -6.431201e-06
6.372549e-02 6.715686e-01 -7.270051e-06
7.352941e-02 6.715686e-01 4.503819e-06
8.333333e-02 6.715686e-01 8.974126e-06
9.313725e-02 6.715686e-01 -1.115766e-06
1.029412e-01 6.715686e-01 -9.674647e-06
1.127451e-01 6.715686e-01 -3.581387e-06
1.225490e-01 6.715686e-01 7.988663e-06
1.323529e-01 6.715686e-01 8.375076e-06
1.421569e-01 6.715686e-01 -2.849841e-06
1.519608e-01 6.715686e-01 -1.056479e-05
1.617647e-01 6.715686e-01 -4.880653e-06
1.715686e-01 6.715686e-01 7.012906e-06
1.813725e-01 6.715686e-01 1.091574e-05
1.911765e-01 6.715686e-01 2.497072e-06
2.009804e-01 6.715686e-01 -8.906103e-06
2.107843e-01 6.715686e-01 -1.141432e-05
2.205882e-01 6.715686e-01 -2.704273e-06
2.303922e-01 6.715686e-01 8.848344e-06
2.401961e-01 6.715686e-01 1.293695e-05
2.500000e-01 6.715686e-01 6.310080e-06
2.598039e-01 6.715686e-01 -5.554262e-06
2.696078e-01 6.715686e-01 -1.378533e-05
2.794118e-01 6.715686e-01 -1.286235e-05
2.892157e-01 6.715686e-01 -3.690979e-06
2.990196e-01 6.715686e-01 8.063017e-06
3.088235e-01 6.715686e-01 1.604904e-05
3.186275e-01 6.715686e-01 1.664615e-05
3.284314e-01 6.715686e-01 1.005378e-05
3.382353e-01 6.715686e-01 -7.500777e-07
3.480392e-01 6.715686e-01 -1.195036e-05
3.578431e-01 6.715686e-01 -2.052026e-05
3.676471e-01 6.715686e-01 -2.494093e-05
3.774510e-01 6.715686e-01 -2.510792e-05
3.872549e-01 6.715686e-01 -2.193619e-05
3.970588e-01 6.715686e-01 -1.725897e-05
4.068627e-01 6.715686e-01 -1.434705e-05
4.166667e-01 6.715686e-01 -1.865424e-05
4.264706e-01 6.715686e-01 -3.703455e-05
4.362745e-01 6.715686e-01 -7.165033e-05
4.460784e-01 6.715686e-01 -1.024641e-04
4.558824e-01 6.715686e-01 -5.076025e-05
4.656863e-01 6.715686e-01 2.829698e-04
4.754902e-01 6.715686e-01 1.307996e-03
4.852941e-01 6.715686e-01 3.750841e-03
4.950980e-01 6.715686e-01 8.757900e-03
5.049020e-01 6.715686e-01 1.795890e-02
5.147059e-01 6.715686e-01 3.344369e-02
5.245098e-01 6.715686e-01 5.762040e-02
5.343137e-01 6.715686e-01 9.292104e-02
5.441176e-01 6.715686e-01 1.413959e-01
5.539216e-01 6.715686e-01 2.042036e-01
5.637255e-01 6.715686e-01 2.811725e-01
5.735294e-01 6.715686e-01 3.704029e-01
5.833333e-01 6.715686e-01 4.682363e-01
5.931373e-01 6.715686e-01 5.693118e-01
6.029412e-01 6.715686e-01 6.672153e-01
6.127451e-01 6.715686e-01 7.549724e-01
6.225490e-01 6.715686e-01 8.261571e-01
6.323529e-01 6.715686e-01 8.754043e-01
6.421569e-01 6.715686e-01 8.993533e-01
6.519608e-01 6.715686e-01 8.967693e-01
6.617647e-01 6.715686e-01 8.687442e-01
6.715686e-01 6.715686e-01 8.184068e-01
6.813725e-01 6.715686e-01 7.503136e-01
6.911765e-01 6.715686e-01 6.699980e-01
7.009804e-01 6.715686e-01 5.831059e-01
7.107843e-01 6.715686e-01 4.949284e-01
7.205882e-01 6.715686e-01 4.099751e-01
7.303922e-01 6.715686e-01 3.315834e-01
7.401961e-01 6.715686e-01 2.620041e-01
7.500000e-01 6.715686e-01 2.023723e-01
7.598039e-01 6.715686e-01 1.528417e-01
7.696078e-01 6.715686e-01 1.129435e-01
7.794118e-01 6.715686e-01 8.169908e-02
7.892157e-01 6.715686e-01 5.784988e-02
7.990196e-01 6.715686e-01 4.013294e-02
8.088235e-01 6.715686e-01 2.729223e-02
8.186275e-01 6.715686e-01 1.817788e-02
8.284314e-01 6.715686e-01 1.187656e-02
8.382353e-01 6.715686e-01 7.623212e-03
8.480392e-01 6.715686e-01 4.788511e-03
8.578431e-01 6.715686e-01 2.949807e-03
8.676471e-01 6.715686e-01 1.797783e-03
8.774510e-01 6.715686e-01 1.070218e-03
8.872549e-01 6.715686e-01 6.157968e-04
8.970588e-01 6.715686e-01 3.585768e-04
9.068627e-01 6.715686e-01 2.101428e-04
9.166667e-01 6.715686e-01 1.088212e-04
9.264706e-01 6.715686e-01 5.454680e-05
9.362745e-01 6.715686e-01 3.849647e-05
9.460784e-01 6.715686e-01 2.280196e-05
9.558824e-01 6.715686e-01 2.206039e-06
9.656863e-01 6.715686e-01 1.634934e-07
9.754902e-01 6.715686e-01 9.755517e-06
9.852941e-01 6.715686e-01 5.254152e-06
9.950980e-01 6.715686e-01 -7.052986e-06
4.901961e-03 6.813725e-01 4.816997e-06
1.470588e-02 6.813725e-01 -6.465512e-06
2.450980e-02 6.813725e-01 -3.871505e-06
3.431373e-02 6.813725e-01 6.869332e-06
4.411765e-02 6.813725e-01 5.203165e-06
5.392157e-02 6.813725e-01 -5.895457e-06
6.372549e-02 6.813725e-01 -6.664917e-06
7.352941e-02 6.813725e-01 4.128510e-06
8.333333e-02 6.813725e-01 8.227017e-06
9.313725e-02 6.813725e-01 -1.022527e-06
1.029412e-01 6.813725e-01 -8.869088e-06
1.127451e-01 6.813725e-01 -3.283514e-06
1.225490e-01 6.813725e-01 7.323342e-06
1.323529e-01 6.813725e-01 7.677986e-06
1.421569e-01 6.813725e-01 -2.612269e-06
1.519608e-01 6.813725e-01 -9.685216e-06
1.617647e-01 6.813725e-01 -4.474614e-06
1.715686e-01 6.813725e-01 6.428857e-06
1.813725e-01 6.813725e-01 1.000712e-05
1.911765e-01 6.813725e-01 2.289491e-06
2.009804e-01 6.813725e-01 -8.164558e-06
2.107843e-01 6.813725e-01 -1.046429e-05
2.205882e-01 6.813725e-01 -2.479439e-06
2.303922e-01 6.813725e-01 8.111672e-06
2.401961e-01 6.813725e-01 1.186022e-05
2.500000e-01 6.813725e-01 5.785106e-06
2.598039e-01 6.813725e-01 -5.091789e-06
2.696078e-01 6.813725e-01 -1.263799e-05
2.794118e-01 6.813725e-01 -1.179202e-05
2.892157e-01 6.813725e-01 -3.384006e-06
2.990196e-01 6.813725e-01 7.391877e-06
3.088235e-01 6.813725e-01 1.471346e-05
3.186275e-01 6.813725e-01 1.526103e-05
3.284314e-01 6.813725e-01 9.217317e-06
3.382353e-01 6.813725e-01 -6.875308e-07
3.480392e-01 6.813725e-01 -1.095590e-05
3.578431e-01 6.813725e-01 -1.881279e-05
3.676471e-01 6.813725e-01 -2.286571e-05
3.774510e-01 6.813725e-01 -2.301884e-05
3.872549e-01 6.813725e-01 -2.011104e-05
3.970588e-01 6.813725e-01 -1.582307e-05
4.068627e-01 6.813725e-01 -1.315370e-05
4.166667e-01 6.813725e-01 -1.710309e-05
4.264706e-01 6.813725e-01 -3.395506e-05
4.362745e-01 6.813725e-01 -6.569192e-05
4.460784e-01 6.813725e-01 -9.394279e-05
4.558824e-01 6.813725e-01 -4.654048e-05
4.656863e-01 6.813725e-01 2.594256e-04
4.754902e-01 6.813725e-01 1.199175e-03
4.852941e-01 6.813725e-01 3.438783e-03
4.950980e-01 6.813725e-01 8.029262e-03
5.049020e-01 6.813725e-01 1.646474e-02
5.147059e-01 6.813725e-01 3.066119e-02
5.245098e-01 6.813725e-01 5.282635e-02
5.343137e-01 6.813725e-01 8.518990e-02
5.441176e-01 6.813725e-01 1.296315e-01
5.539216e-01 6.813725e-01 1.872134e-01
5.637255e-01 6.813725e-01 2.577782e-01
5.735294e-01 6.813725e-01 3.395844e-01
5.833333e-01 6.813725e-01 4.292777e-01
5.931373e-01 6.813725e-01 5.219434e-01
6.029412e-01 6.813725e-01 6.117011e-01
6.127451e-01 6.813725e-01 6.921566e-01
6.225490e-01 6.813725e-01 7.574186e-01
6.323529e-01 6.813725e-01 8.025683e-01
6.421569e-01 6.813725e-01 8.245248e-01
6.519608e-01 6.813725e-01 8.221560e-01
6.617647e-01 6.813725e-01 7.964628e-01
6.715686e-01 6.813725e-01 7.503136e-01
6.813725e-01 6.813725e-01 6.878861e-01
6.911765e-01 6.813725e-01 6.142530e-01
7.009804e-01 6.813725e-01 5.345905e-01
7.107843e-01 6.813725e-01 4.537496e-01
7.205882e-01 6.813725e-01 3.758646e-01
7.303922e-01 6.813725e-01 3.039952e-01
7.401961e-01 6.813725e-01 2.402050e-01
7.500000e-01 6.813725e-01 1.855346e-01
7.598039e-01 6.813725e-01 1.401251e-01
7.696078e-01 6.813725e-01 1.035464e-01
7.794118e-01 6.813725e-01 7.490160e-02
7.892157e-01 6.813725e-01 5.303667e-02
7.990196e-01 6.813725e-01 3.679381e-02
8.088235e-01 6.813725e-01 2.502146e-02
8.186275e-01 6.813725e-01 1.666544e-02
8.284314e-01 6.813725e-01 1.088840e-02
8.382353e-01 6.813725e-01 6.988935e-03
8.480392e-01 6.813725e-01 4.390089e-03
8.578431e-01 6.813725e-01 2.704370e-03
8.676471e-01 6.813725e-01 1.648197e-03
8.774510e-01 6.813725e-01 9.811699e-04
8.872549e-01 6.813725e-01 5.645587e-04
8.970588e-01 6.813725e-01 3.287401e-04
9.068627e-01 6.813725e-01 1.926567e-04
9.166667e-01 6.813725e-01 9.976666e-05
9.264706e-01 6.813725e-01 5.000805e-05
9.362745e-01 6.813725e-01 3.529253e-05
9.460784e-01 6.813725e-01 2.090447e-05
9.558824e-01 6.813725e-01 2.022994e-06
9.656863e-01 6.813725e-01 1.498273e-07
9.754902e-01 6.813725e-01 8.943145e-06
9.852941e-01 6.813725e-01 4.816997e-06
9.950980e-01 6.813725e-01 -6.465512e-06
4.901961e-03 6.911765e-01 4.301423e-06
1.470588e-02 6.911765e-01 -5.772863e-06
2.450980e-02 6.911765e-01 -3.457146e-06
3.431373e-02 6.911765e-01 6.133430e-06
4.411765e-02 6.911765e-01 4.646172e-06
5.392157e-02 6.911765e-01 -5.263809e-06
6.372549e-02 6.911765e-01 -5.951318e-06
7.352941e-02 6.911765e-01 3.686051e-06
8.333333e-02 6.911765e-01 7.346031e-06
9.313725e-02 6.911765e-01 -9.126782e-07
1.029412e-01 6.911765e-01 -7.919210e-06
1.127451e-01 6.911765e-01 -2.932183e-06
1.225490e-01 6.911765e-01 6.538862e-06
1.323529e-01 6.911765e-01 6.855930e-06
1.421569e-01 6.911765e-01 -2.332208e-06
1.519608e-01 6.911765e-01 -8.648021e-06
1.617647e-01 6.911765e-01 -3.995727e-06
1.715686e-01 6.911765e-01 5.740189e-06
1.813725e-01 6.911765e-01 8.935614e-06
1.911765e-01 6.911765e-01 2.044621e-06
2.009804e-01 6.911765e-01 -7.290125e-06
2.107843e-01 6.911765e-01 -9.343911e-06
2.205882e-01 6.911765e-01 -2.214221e-06
2.303922e-01 6.911765e-01 7.242955e-06
2.401961e-01 6.911765e-01 1.059040e-05
2.500000e-01 6.911765e-01 5.165927e-06
2.598039e-01 6.911765e-01 -4.546425e-06
2.696078e-01 6.911765e-01 -1.128487e-05
2.794118e-01 6.911765e-01 -1.052967e-05
2.892157e-01 6.911765e-01 -3.021913e-06
2.990196e-01 6.911765e-01 6.600370e-06
3.088235e-01 6.911765e-01 1.313827e-05
3.186275e-01 6.911765e-01 1.362736e-05
3.284314e-01 6.911765e-01 8.230725e-06
3.382353e-01 6.911765e-01 -6.137969e-07
3.480392e-01 6.911765e-01 -9.782998e-06
3.578431e-01 6.911765e-01 -1.679891e-05
3.676471e-01 6.911765e-01 -2.041803e-05
3.774510e-01 6.911765e-01 -2.055481e-05
3.872549e-01 6.911765e-01 -1.795831e-05
3.970588e-01 6.911765e-01 -1.412942e-05
4.068627e-01 6.911765e-01 -1.174600e-05
4.166667e-01 6.911765e-01 -1.527309e-05
4.264706e-01 6.911765e-01 -3.032188e-05
4.362745e-01 6.911765e-01 -5.866234e-05
4.460784e-01 6.911765e-01 -8.388958e-05
4.558824e-01 6.911765e-01 -4.156056e-05
4.656863e-01 6.911765e-01 2.316572e-04
4.754902e-01 6.911765e-01 1.070820e-03
4.852941e-01 6.911765e-01 3.070704e-03
4.950980e-01 6.911765e-01 7.169819e-03
5.049020e-01 6.911765e-01 1.470236e-02
5.147059e-01 6.911765e-01 2.737918e-02
5.245098e-01 6.911765e-01 4.717173e-02
5.343137e-01 6.911765e-01 7.607097e-02
5.441176e-01 6.911765e-01 1.157554e-01
5.539216e-01 6.911765e-01 1.671735e-01
5.637255e-01 6.911765e-01 2.301848e-01
5.735294e-01 6.911765e-01 3.032341e-01
5.833333e-01 6.911765e-01 3.833263e-01
5.931373e-01 6.911765e-01 4.660727e-01
6.029412e-01 6.911765e-01 5.462224e-01
6.127451e-01 6.911765e-01 6.180657e-01
6.225490e-01 6.911765e-01 6.763419e-01
6.323529e-01 6.911765e-01 7.166587e-01
6.421569e-01 6.911765e-01 7.362651e-01
6.519608e-01 6.911765e-01 7.341499e-01
6.617647e-01 6.911765e-01 7.112071e-01
6.715686e-01 6.911765e-01 6.699980e-01
6.813725e-01 6.911765e-01 6.142530e-01
6.911765e-01 6.911765e-01 5.485018e-01
7.009804e-01 6.911765e-01 4.773667e-01
7.107843e-01 6.911765e-01 4.051792e-01
7.205882e-01 6.911765e-01 3.356312e-01
7.303922e-01 6.911765e-01 2.714549e-01
7.401961e-01 6.911765e-01 2.144930e-01
7.500000e-01 6.911765e-01 1.656746e-01
7.598039e-01 6.911765e-01 1.251258e-01
7.696078e-01 6.911765e-01 9.246256e-02
7.794118e-01 6.911765e-01 6.688394e-02
7.892157e-01 6.911765e-01 4.735949e-02
7.990196e-01 6.911765e-01 3.285529e-02
8.088235e-01 6.911765e-01 2.234308e-02
8.186275e-01 6.911765e-01 1.488151e-02
8.284314e-01 6.911765e-01 9.722858e-03
8.382353e-01 6.911765e-01 6.240806e-03
8.480392e-01 6.911765e-01 3.920150e-03
8.578431e-01 6.911765e-01 2.414878e-03
8.676471e-01 6.911765e-01 1.471763e-03
8.774510e-01 6.911765e-01 8.761379e-04
8.872549e-01 6.911765e-01 5.041237e-04
8.970588e-01 6.911765e-01 2.935482e-04
9.068627e-01 6.911765e-01 1.720323e-04
9.166667e-01 6.911765e-01 8.908682e-05
9.264706e-01 6.911765e-01 4.465460e-05
9.362745e-01 6.911765e-01 3.151382e-05
9.460784e-01 6.911765e-01 1.866652e-05
9.558824e-01 6.911765e-01 1.806867e-06
9.656863e-01 6.911765e-01 1.336721e-07
9.754902e-01 6.911765e-01 7.985239e-06
9.852941e-01 6.911765e-01 4.301423e-06
9.950980e-01 6.911765e-01 -5.772863e-06
4.901961e-03 7.009804e-01 3.743655e-06
1.470588e-02 7.009804e-01 -5.023707e-06
2.450980e-02 7.009804e-01 -3.008883e-06
3.431373e-02 7.009804e-01 5.337482e-06
4.411765e-02 7.009804e-01 4.043627e-06
5.392157e-02 7.009804e-01 -4.580642e-06
6.372549e-02 7.009804e-01 -5.179392e-06
7.352941e-02 7.009804e-01 3.207532e-06
8.333333e-02 7.009804e-01 6.393067e-06
9.313725e-02 7.009804e-01 -7.939428e-07
1.029412e-01 7.009804e-01 -6.891757e-06
1.127451e-01 7.009804e-01 -2.552076e-06
1.225490e-01 7.009804e-01 5.690350e-06
1.323529e-01 7.009804e-01 5.966670e-06
1.421569e-01 7.009804e-01 -2.029345e-06
1.519608e-01 7.009804e-01 -7.526086e-06
1.617647e-01 7.009804e-01 -3.477639e-06
1.715686e-01 7.009804e-01 4.995302e-06
1.813725e-01 7.009804e-01 7.776513e-06
1.911765e-01 7.009804e-01 1.779666e-06
2.009804e-01 7.009804e-01 -6.344257e-06
2.107843e-01 7.009804e-01 -8.131913e-06
2.205882e-01 7.009804e-01 -1.927255e-06
2.303922e-01 7.009804e-01 6.303250e-06
2.401961e-01 7.009804e-01 9.216719e-06
2.500000e-01 7.009804e-01 4.496056e-06
2.598039e-01 7.009804e-01 -3.956505e-06
2.696078e-01 7.009804e-01 -9.821080e-06
2.794118e-01 7.009804e-01 -9.164022e-06
2.892157e-01 7.009804e-01 -2.630147e-06
2.990196e-01 7.009804e-01 5.744136e-06
3.088235e-01 7.009804e-01 1.143419e-05
3.186275e-01 7.009804e-01 1.185998e-05
3.284314e-01 7.009804e-01 7.163349e-06
3.382353e-01 7.009804e-01 -5.340615e-07
3.480392e-01 7.009804e-01 -8.514107e-06
3.578431e-01 7.009804e-01 -1.462016e-05
3.676471e-01 7.009804e-01 -1.776997e-05
3.774510e-01 7.009804e-01 -1.788904e-05
3.872549e-01 7.009804e-01 -1.562931e-05
3.970588e-01 7.009804e-01 -1.229706e-05
4.068627e-01 7.009804e-01 -1.022293e-05
4.166667e-01 7.009804e-01 -1.329294e-05
4.264706e-01 7.009804e-01 -2.639056e-05
4.362745e-01 7.009804e-01 -5.105603e-05
4.460784e-01 7.009804e-01 -7.301163e-05
4.558824e-01 7.009804e-01 -3.617125e-05
4.656863e-01 7.009804e-01 2.016158e-04
4.754902e-01 7.009804e-01 9.319530e-04
4.852941e-01 7.009804e-01 2.672480e-03
4.950980e-01 7.009804e-01 6.239990e-03
5.049020e-01 7.009804e-01 1.279564e-02
5.147059e-01 7.009804e-01 2.382841e-02
5.245098e-01 7.009804e-01 4.105405e-02
5.343137e-01 7.009804e-01 6.620532e-02
5.441176e-01 7.009804e-01 1.007430e-01
5.539216e-01 7.009804e-01 1.454926e-01
5.637255e-01 7.009804e-01 2.003319e-01
5.735294e-01 7.009804e-01 2.639073e-01
5.833333e-01 7.009804e-01 3.336123e-01
5.931373e-01 7.009804e-01 4.056272e-01
6.029412e-01 7.009804e-01 4.753823e-01
6.127451e-01 7.009804e-01 5.379082e-01
6.225490e-01 7.009804e-01 5.886266e-01
6.323529e-01 7.009804e-01 6.237148e-01
6.421569e-01 7.009804e-01 6.407785e-01
6.519608e-01 7.009804e-01 6.389377e-01
6.617647e-01 7.009804e-01 6.189705e-01
6.715686e-01 7.009804e-01 5.831059e-01
6.813725e-01 7.009804e-01 5.345905e-01
6.911765e-01 7.009804e-01 4.773667e-01
7.009804e-01 7.009804e-01 4.154572e-01
7.107843e-01 7.009804e-01 3.526317e-01
7.205882e-01 7.009804e-01 2.921033e-01
7.303922e-01 7.009804e-01 2.362500e-01
7.401961e-01 7.009804e-01 1.866755e-01
7.500000e-01 7.009804e-01 1.441883e-01
7.598039e-01 7.009804e-01 1.088983e-01
7.696078e-01 7.009804e-01 8.047109e-02
7.794118e-01 7.009804e-01 5.820975e-02
7.892157e-01 7.009804e-01 4.121741e-02
7.990196e-01 7.009804e-01 2.859426e-02
8.088235e-01 7.009804e-01 1.944537e-02
8.186275e-01 7.009804e-01 1.295150e-02
8.284314e-01 7.009804e-01 8.461878e-03
8.382353e-01 7.009804e-01 5.431417e-03
8.480392e-01 7.009804e-01 3.411732e-03
8.578431e-01 7.009804e-01 2.101682e-03
8.676471e-01 7.009804e-01 1.280882e-03
8.774510e-01 7.009804e-01 7.625062e-04
8.872549e-01 7.009804e-01 4.387406e-04
8.970588e-01 7.009804e-01 2.554751e-04
9.068627e-01 7.009804e-01 1.497196e-04
9.166667e-01 7.009804e-01 7.753252e-05
9.264706e-01 7.009804e-01 3.886282e-05
9.362745e-01 7.009804e-01 2.742595e-05
9.460784e-01 7.009804e-01 1.624544e-05
9.558824e-01 7.009804e-01 1.572873e-06
9.656863e-01 7.009804e-01 1.161834e-07
9.754902e-01 7.009804e-01 6.949115e-06
9.852941e-01 7.009804e-01 3.743655e-06
9.950980e-01 7.009804e-01 -5.023707e-06
4.901961e-03 7.107843e-01 3.177640e-06
1.470588e-02 7.107843e-01 -4.263636e-06
2.450980e-02 7.107843e-01 -2.553994e-06
3.431373e-02 7.107843e-01 4.529933e-06
4.411765e-02 7.107843e-01 3.432200e-06
5.392157e-02 7.107843e-01 -3.887534e-06
6.372549e-02 7.107843e-01 -4.396116e-06
7.352941e-02 7.107843e-01 2.722081e-06
8.333333e-02 7.107843e-01 5.426124e-06
9.313725e-02 7.107843e-01 -6.735489e-07
1.029412e-01 7.107843e-01 -5.849263e-06
1.127451e-01 7.107843e-01 -2.166325e-06
1.225490e-01 7.107843e-01 4.829450e-06
1.323529e-01 7.107843e-01 5.064329e-06
1.421569e-01 7.107843e-01 -1.722114e-06
1.519608e-01 7.107843e-01 -6.387699e-06
1.617647e-01 7.107843e-01 -2.951882e-06
1.715686e-01 7.107843e-01 4.239537e-06
1.813725e-01 7.107843e-01 6.600375e-06
1.911765e-01 7.107843e-01 1.510750e-06
2.009804e-01 7.107843e-01 -5.384535e-06
2.107843e-01 7.107843e-01 -6.902077e-06
2.205882e-01 7.107843e-01 -1.636006e-06
2.303922e-01 7.107843e-01 5.349763e-06
2.401961e-01 7.107843e-01 7.822814e-06
2.500000e-01 7.107843e-01 3.816271e-06
2.598039e-01 7.107843e-01 -3.357945e-06
2.696078e-01 7.107843e-01 -8.335731e-06
2.794118e-01 7.107843e-01 -7.778212e-06
2.892157e-01 7.107843e-01 -2.232558e-06
2.990196e-01 7.107843e-01 4.875306e-06
3.088235e-01 7.107843e-01 9.704962e-06
3.186275e-01 7.107843e-01 1.006648e-05
3.284314e-01 7.107843e-01 6.080178e-06
3.382353e-01 7.107843e-01 -4.531803e-07
3.480392e-01 7.107843e-01 -7.226489e-06
3.578431e-01 7.107843e-01 -1.240922e-05
3.676471e-01 7.107843e-01 -1.508275e-05
3.774510e-01 7.107843e-01 -1.518385e-05
3.872549e-01 7.107843e-01 -1.326587e-05
3.970588e-01 7.107843e-01 -1.043758e-05
4.068627e-01 7.107843e-01 -8.677238e-06
4.166667e-01 7.107843e-01 -1.128325e-05
4.264706e-01 7.107843e-01 -2.240059e-05
4.362745e-01 7.107843e-01 -4.333642e-05
4.460784e-01 7.107843e-01 -6.197175e-05
4.558824e-01 7.107843e-01 -3.070133e-05
4.656863e-01 7.107843e-01 1.711300e-04
4.754902e-01 7.107843e-01 7.910298e-04
4.852941e-01 7.107843e-01 2.268360e-03
4.950980e-01 7.107843e-01 5.296396e-03
5.049020e-01 7.107843e-01 1.086070e-02
5.147059e-01 7.107843e-01 2.022509e-02
5.245098e-01 7.107843e-01 3.484585e-02
5.343137e-01 7.107843e-01 5.619371e-02
5.441176e-01 7.107843e-01 8.550855e-02
5.539216e-01 7.107843e-01 1.234910e-01
5.637255e-01 7.107843e-01 1.700374e-01
5.735294e-01 7.107843e-01 2.239989e-01
5.833333e-01 7.107843e-01 2.831629e-01
5.931373e-01 7.107843e-01 3.442877e-01
6.029412e-01 7.107843e-01 4.034943e-01
6.127451e-01 7.107843e-01 4.565650e-01
6.225490e-01 7.107843e-01 4.996138e-01
6.323529e-01 7.107843e-01 5.293961e-01
6.421569e-01 7.107843e-01 5.438794e-01
6.519608e-01 7.107843e-01 5.423172e-01
6.617647e-01 7.107843e-01 5.253695e-01
6.715686e-01 7.107843e-01 4.949284e-01
6.813725e-01 7.107843e-01 4.537496e-01
6.911765e-01 7.107843e-01 4.051792e-01
7.009804e-01 7.107843e-01 3.526317e-01
7.107843e-01 7.107843e-01 2.993067e-01
7.205882e-01 7.107843e-01 2.479314e-01
7.303922e-01 7.107843e-01 2.005243e-01
7.401961e-01 7.107843e-01 1.584464e-01
7.500000e-01 7.107843e-01 1.223841e-01
7.598039e-01 7.107843e-01 9.243062e-02
7.696078e-01 7.107843e-01 6.830220e-02
7.794118e-01 7.107843e-01 4.940722e-02
7.892157e-01 7.107843e-01 3.498446e-02
7.990196e-01 7.107843e-01 2.427019e-02
8.088235e-01 7.107843e-01 1.650480e-02
8.186275e-01 7.107843e-01 1.099294e-02
8.284314e-01 7.107843e-01 7.182245e-03
8.382353e-01 7.107843e-01 4.610056e-03
8.480392e-01 7.107843e-01 2.895794e-03
8.578431e-01 7.107843e-01 1.783853e-03
8.676471e-01 7.107843e-01 1.087178e-03
8.774510e-01 7.107843e-01 6.471943e-04
8.872549e-01 7.107843e-01 3.723906e-04
8.970588e-01 7.107843e-01 2.168393e-04
9.068627e-01 7.107843e-01 1.270771e-04
9.166667e-01 7.107843e-01 6.580737e-05
9.264706e-01 7.107843e-01 3.298540e-05
9.362745e-01 7.107843e-01 2.327783e-05
9.460784e-01 7.107843e-01 1.378861e-05
9.558824e-01 7.107843e-01 1.335284e-06
9.656863e-01 7.107843e-01 9.844262e-08
9.754902e-01 7.107843e-01 5.897838e-06
9.852941e-01 7.107843e-01 3.177640e-06
9.950980e-01 7.107843e-01 -4.263636e-06
4.901961e-03 7.205882e-01 2.632313e-06
1.470588e-02 7.205882e-01 -3.531489e-06
2.450980e-02 7.205882e-01 -2.115729e-06
3.431373e-02 7.205882e-01 3.752048e-06
4.411765e-02 7.205882e-01 2.843141e-06
5.392157e-02 7.205882e-01 -3.219905e-06
6.372549e-02 7.205882e-01 -3.641524e-06
7.352941e-02 7.205882e-01 2.254502e-06
8.333333e-02 7.205882e-01 4.494620e-06
9.313725e-02 7.205882e-01 -5.576465e-07
1.029412e-01 7.205882e-01 -4.845007e-06
1.127451e-01 7.205882e-01 -1.794649e-06
1.225490e-01 7.205882e-01 4.000162e-06
1.323529e-01 7.205882e-01 4.195029e-06
1.421569e-01 7.205882e-01 -1.426216e-06
1.519608e-01 7.205882e-01 -5.291048e-06
1.617647e-01 7.205882e-01 -2.445332e-06
1.715686e-01 7.205882e-01 3.511523e-06
1.813725e-01 7.205882e-01 5.467319e-06
1.911765e-01 7.205882e-01 1.251623e-06
2.009804e-01 7.205882e-01 -4.460016e-06
2.107843e-01 7.205882e-01 -5.717272e-06
2.205882e-01 7.205882e-01 -1.355366e-06
2.303922e-01 7.205882e-01 4.431238e-06
2.401961e-01 7.205882e-01 6.479942e-06
2.500000e-01 7.205882e-01 3.161327e-06
2.598039e-01 7.205882e-01 -2.781346e-06
2.696078e-01 7.205882e-01 -6.904767e-06
2.794118e-01 7.205882e-01 -6.443100e-06
2.892157e-01 7.205882e-01 -1.849476e-06
2.990196e-01 7.205882e-01 4.038305e-06
3.088235e-01 7.205882e-01 8.039021e-06
3.186275e-01 7.205882e-01 8.338582e-06
3.284314e-01 7.205882e-01 5.036602e-06
3.382353e-01 7.205882e-01 -3.752885e-07
3.480392e-01 7.205882e-01 -5.985988e-06
3.578431e-01 7.205882e-01 -1.027915e-05
3.676471e-01 7.205882e-01 -1.249382e-05
3.774510e-01 7.205882e-01 -1.257758e-05
3.872549e-01 7.205882e-01 -1.098884e-05
3.970588e-01 7.205882e-01 -8.646067e-06
4.068627e-01 7.205882e-01 -7.187989e-06
4.166667e-01 7.205882e-01 -9.346871e-06
4.264706e-01 7.205882e-01 -1.855617e-05
4.362745e-01 7.205882e-01 -3.589854e-05
4.460784e-01 7.205882e-01 -5.133491e-05
4.558824e-01 7.205882e-01 -2.543099e-05
4.656863e-01 7.205882e-01 1.417586e-04
4.754902e-01 7.205882e-01 6.552573e-04
4.852941e-01 7.205882e-01 1.879011e-03
4.950980e-01 7.205882e-01 4.387295e-03
5.049020e-01 7.205882e-01 8.996501e-03
5.147059e-01 7.205882e-01 1.675351e-02
5.245098e-01 7.205882e-01 2.886463e-02
5.343137e-01 7.205882e-01 4.654815e-02
5.441176e-01 7.205882e-01 7.083112e-02
5.539216e-01 7.205882e-01 1.022940e-01
5.637255e-01 7.205882e-01 1.408507e-01
5.735294e-01 7.205882e-01 1.855497e-01
5.833333e-01 7.205882e-01 2.345583e-01
5.931373e-01 7.205882e-01 2.851911e-01
6.029412e-01 7.205882e-01 3.342350e-01
6.127451e-01 7.205882e-01 3.781963e-01
6.225490e-01 7.205882e-01 4.138559e-01
6.323529e-01 7.205882e-01 4.385261e-01
6.421569e-01 7.205882e-01 4.505235e-01
6.519608e-01 7.205882e-01 4.492295e-01
6.617647e-01 7.205882e-01 4.351909e-01
6.715686e-01 7.205882e-01 4.099751e-01
6.813725e-01 7.205882e-01 3.758646e-01
6.911765e-01 7.205882e-01 3.356312e-01
7.009804e-01 7.205882e-01 2.921033e-01
7.107843e-01 7.205882e-01 2.479314e-01
7.205882e-01 7.205882e-01 2.053746e-01
7.303922e-01 7.205882e-01 1.661048e-01
7.401961e-01 7.205882e-01 1.312494e-01
7.500000e-01 7.205882e-01 1.013771e-01
7.598039e-01 7.205882e-01 7.656507e-02
7.696078e-01 7.205882e-01 5.657823e-02
7.794118e-01 7.205882e-01 4.092653e-02
7.892157e-01 7.205882e-01 2.897941e-02
7.990196e-01 7.205882e-01 2.010422e-02
8.088235e-01 7.205882e-01 1.367175e-02
8.186275e-01 7.205882e-01 9.105993e-03
8.284314e-01 7.205882e-01 5.949402e-03
8.382353e-01 7.205882e-01 3.818730e-03
8.480392e-01 7.205882e-01 2.398722e-03
8.578431e-01 7.205882e-01 1.477648e-03
8.676471e-01 7.205882e-01 9.005580e-04
8.774510e-01 7.205882e-01 5.360995e-04
8.872549e-01 7.205882e-01 3.084671e-04
8.970588e-01 7.205882e-01 1.796167e-04
9.068627e-01 7.205882e-01 1.052630e-04
9.166667e-01 7.205882e-01 5.451102e-05
9.264706e-01 7.205882e-01 2.732297e-05
9.362745e-01 7.205882e-01 1.928158e-05
9.460784e-01 7.205882e-01 1.142168e-05
9.558824e-01 7.205882e-01 1.106279e-06
9.656863e-01 7.205882e-01 8.137140e-08
9.754902e-01 7.205882e-01 4.885141e-06
9.852941e-01 7.205882e-01 2.632313e-06
9.950980e-01 7.205882e-01 -3.531489e-06
4.901961e-03 7.303922e-01 2.129091e-06
1.470588e-02 7.303922e-01 -2.855996e-06
2.450980e-02 7.303922e-01 -1.711298e-06
3.431373e-02 7.303922e-01 3.034357e-06
4.411765e-02 7.303922e-01 2.299580e-06
5.392157e-02 7.303922e-01 -2.603952e-06
6.372549e-02 7.303922e-01 -2.945242e-06
7.352941e-02 7.303922e-01 1.823140e-06
8.333333e-02 7.303922e-01 3.635125e-06
9.313725e-02 7.303922e-01 -4.507738e-07
1.029412e-01 7.303922e-01 -3.918411e-06
1.127451e-01 7.303922e-01 -1.451648e-06
1.225490e-01 7.303922e-01 3.235033e-06
1.323529e-01 7.303922e-01 3.392901e-06
1.421569e-01 7.303922e-01 -1.153259e-06
1.519608e-01 7.303922e-01 -4.279185e-06
1.617647e-01 7.303922e-01 -1.977886e-06
1.715686e-01 7.303922e-01 2.839837e-06
1.813725e-01 7.303922e-01 4.421835e-06
1.911765e-01 7.303922e-01 1.012468e-06
2.009804e-01 7.303922e-01 -3.606996e-06
2.107843e-01 7.303922e-01 -4.624023e-06
2.205882e-01 7.303922e-01 -1.096362e-06
2.303922e-01 7.303922e-01 3.583740e-06
2.401961e-01 7.303922e-01 5.240841e-06
2.500000e-01 7.303922e-01 2.556953e-06
2.598039e-01 7.303922e-01 -2.249345e-06
2.696078e-01 7.303922e-01 -5.584387e-06
2.794118e-01 7.303922e-01 -5.211126e-06
2.892157e-01 7.303922e-01 -1.495953e-06
2.990196e-01 7.303922e-01 3.266004e-06
3.088235e-01 7.303922e-01 6.501796e-06
3.186275e-01 7.303922e-01 6.744161e-06
3.284314e-01 7.303922e-01 4.073617e-06
3.382353e-01 7.303922e-01 -3.034410e-07
3.480392e-01 7.303922e-01 -4.841330e-06
3.578431e-01 7.303922e-01 -8.313629e-06
3.676471e-01 7.303922e-01 -1.010486e-05
3.774510e-01 7.303922e-01 -1.017263e-05
3.872549e-01 7.303922e-01 -8.887684e-06
3.970588e-01 7.303922e-01 -6.992909e-06
4.068627e-01 7.303922e-01 -5.813709e-06
4.166667e-01 7.303922e-01 -7.559916e-06
4.264706e-01 7.303922e-01 -1.500843e-05
4.362745e-01 7.303922e-01 -2.903478e-05
4.460784e-01 7.303922e-01 -4.151926e-05
4.558824e-01 7.303922e-01 -2.056756e-05
4.656863e-01 7.303922e-01 1.146552e-04
4.754902e-01 7.303922e-01 5.299699e-04
4.852941e-01 7.303922e-01 1.519731e-03
4.950980e-01 7.303922e-01 3.548406e-03
5.049020e-01 7.303922e-01 7.276281e-03
5.147059e-01 7.303922e-01 1.355006e-02
5.245098e-01 7.303922e-01 2.334538e-02
5.343137e-01 7.303922e-01 3.764760e-02
5.441176e-01 7.303922e-01 5.728737e-02
5.539216e-01 7.303922e-01 8.273411e-02
5.637255e-01 7.303922e-01 1.139183e-01
5.735294e-01 7.303922e-01 1.500704e-01
5.833333e-01 7.303922e-01 1.897080e-01
5.931373e-01 7.303922e-01 2.306592e-01
6.029412e-01 7.303922e-01 2.703254e-01
6.127451e-01 7.303922e-01 3.058808e-01
6.225490e-01 7.303922e-01 3.347219e-01
6.323529e-01 7.303922e-01 3.546750e-01
6.421569e-01 7.303922e-01 3.643784e-01
6.519608e-01 7.303922e-01 3.633319e-01
6.617647e-01 7.303922e-01 3.519776e-01
6.715686e-01 7.303922e-01 3.315834e-01
6.813725e-01 7.303922e-01 3.039952e-01
6.911765e-01 7.303922e-01 2.714549e-01
7.009804e-01 7.303922e-01 2.362500e-01
7.107843e-01 7.303922e-01 2.005243e-01
7.205882e-01 7.303922e-01 1.661048e-01
7.303922e-01 7.303922e-01 1.343437e-01
7.401961e-01 7.303922e-01 1.061531e-01
7.500000e-01 7.303922e-01 8.199268e-02
7.598039e-01 7.303922e-01 6.192494e-02
7.696078e-01 7.303922e-01 4.575980e-02
7.794118e-01 7.303922e-01 3.310087e-02
7.892157e-01 7.303922e-01 2.343817e-02
7.990196e-01 7.303922e-01 1.626002e-02
8.088235e-01 7.303922e-01 1.105752e-02
8.186275e-01 7.303922e-01 7.364795e-03
8.284314e-01 7.303922e-01 4.811785e-03
8.382353e-01 7.303922e-01 3.088527e-03
8.480392e-01 7.303922e-01 1.940046e-03
8.578431e-01 7.303922e-01 1.195095e-03
8.676471e-01 7.303922e-01 7.283538e-04
8.774510e-01 7.303922e-01 4.335864e-04
8.872549e-01 7.303922e-01 2.494816e-04
8.970588e-01 7.303922e-01 1.452697e-04
9.068627e-01 7.303922e-01 8.513408e-05
9.166667e-01 7.303922e-01 4.408729e-05
9.264706e-01 7.303922e-01 2.209799e-05
9.362745e-01 7.303922e-01 1.559417e-05
9.460784e-01 7.303922e-01 9.237615e-06
9.558824e-01 7.303922e-01 8.948851e-07
9.656863e-01 7.303922e-01 6.564593e-08
9.754902e-01 7.303922e-01 3.950777e-06
9.852941e-01 7.303922e-01 2.129091e-06
9.950980e-01 7.303922e-01 -2.855996e-06
4.901961e-03 7.401961e-01 1.682421e-06
1.470588e-02 7.401961e-01 -2.256522e-06
2.450980e-02 7.401961e-01 -1.352311e-06
3.431373e-02 7.401961e-01 2.397433e-06
4.411765e-02 7.401961e-01 1.817117e-06
5.392157e-02 7.401961e-01 -2.057331e-06
6.372549e-02 7.401961e-01 -2.327245e-06
7.352941e-02 7.401961e-01 1.440356e-06
8.333333e-02 7.401961e-01 2.872291e-06
9.313725e-02 7.401961e-01 -3.559844e-07
1.029412e-01 7.401961e-01 -3.096049e-06
1.127451e-01 7.401961e-01 -1.147171e-06
1.225490e-01 7.401961e-01 2.556003e-06
1.323529e-01 7.401961e-01 2.680960e-06
1.421569e-01 7.401961e-01 -9.110590e-07
1.519608e-01 7.401961e-01 -3.381135e-06
1.617647e-01 7.401961e-01 -1.562963e-06
1.715686e-01 7.401961e-01 2.243738e-06
1.813725e-01 7.401961e-01 3.493919e-06
1.911765e-01 7.401961e-01 8.001564e-07
2.009804e-01 7.401961e-01 -2.849941e-06
2.107843e-01 7.401961e-01 -3.653703e-06
2.205882e-01 7.401961e-01 -8.664357e-07
2.303922e-01 7.401961e-01 2.831579e-06
2.401961e-01 7.401961e-01 4.141069e-06
2.500000e-01 7.401961e-01 2.020498e-06
2.598039e-01 7.401961e-01 -1.777205e-06
2.696078e-01 7.401961e-01 -4.412484e-06
2.794118e-01 7.401961e-01 -4.117652e-06
2.892157e-01 7.401961e-01 -1.182142e-06
2.990196e-01 7.401961e-01 2.580564e-06
3.088235e-01 7.401961e-01 5.137411e-06
3.186275e-01 7.401961e-01 5.328985e-06
3.284314e-01 7.401961e-01 3.218873e-06
3.382353e-01 7.401961e-01 -2.396956e-07
3.480392e-01 7.401961e-01 -3.825375e-06
3.578431e-01 7.401961e-01 -6.569077e-06
3.676471e-01 7.401961e-01 -7.984459e-06
3.774510e-01 7.401961e-01 -8.038024e-06
3.872549e-01 7.401961e-01 -7.022725e-06
3.970588e-01 7.401961e-01 -5.525574e-06
4.068627e-01 7.401961e-01 -4.593870e-06
4.166667e-01 7.401961e-01 -5.973738e-06
4.264706e-01 7.401961e-01 -1.185934e-05
4.362745e-01 7.401961e-01 -2.294239e-05
4.460784e-01 7.401961e-01 -3.280685e-05
4.558824e-01 7.401961e-01 -1.625091e-05
4.656863e-01 7.401961e-01 9.059810e-05
4.754902e-01 7.401961e-01 4.187651e-04
4.852941e-01 7.401961e-01 1.200837e-03
4.950980e-01 7.401961e-01 2.803816e-03
5.049020e-01 7.401961e-01 5.749434e-03
5.147059e-01 7.401961e-01 1.070672e-02
5.245098e-01 7.401961e-01 1.844659e-02
5.343137e-01 7.401961e-01 2.974761e-02
5.441176e-01 7.401961e-01 4.526615e-02
5.539216e-01 7.401961e-01 6.537313e-02
5.637255e-01 7.401961e-01 9.001363e-02
5.735294e-01 7.401961e-01 1.185795e-01
5.833333e-01 7.401961e-01 1.498995e-01
5.931373e-01 7.401961e-01 1.822576e-01
6.029412e-01 7.401961e-01 2.136002e-01
6.127451e-01 7.401961e-01 2.416947e-01
6.225490e-01 7.401961e-01 2.644839e-01
6.323529e-01 7.401961e-01 2.802500e-01
6.421569e-01 7.401961e-01 2.879174e-01
6.519608e-01 7.401961e-01 2.870905e-01
6.617647e-01 7.401961e-01 2.781188e-01
6.715686e-01 7.401961e-01 2.620041e-01
6.813725e-01 7.401961e-01 2.402050e-01
6.911765e-01 7.401961e-01 2.144930e-01
7.009804e-01 7.401961e-01 1.866755e-01
7.107843e-01 7.401961e-01 1.584464e-01
7.205882e-01 7.401961e-01 1.312494e-01
7.303922e-01 7.401961e-01 1.061531e-01
7.401961e-01 7.401961e-01 8.387791e-02
7.500000e-01 7.401961e-01 6.478732e-02
7.598039e-01 7.401961e-01 4.893058e-02
7.696078e-01 7.401961e-01 3.615752e-02
7.794118e-01 7.401961e-01 2.615494e-02
7.892157e-01 7.401961e-01 1.851986e-02
7.990196e-01 7.401961e-01 1.284798e-02
8.088235e-01 7.401961e-01 8.737176e-03
8.186275e-01 7.401961e-01 5.819338e-03
8.284314e-01 7.401961e-01 3.802057e-03
8.382353e-01 7.401961e-01 2.440413e-03
8.480392e-01 7.401961e-01 1.532934e-03
8.578431e-01 7.401961e-01 9.443067e-04
8.676471e-01 7.401961e-01 5.755094e-04
8.774510e-01 7.401961e-01 3.425983e-04
8.872549e-01 7.401961e-01 1.971275e-04
8.970588e-01 7.401961e-01 1.147842e-04
9.068627e-01 7.401961e-01 6.726829e-05
9.166667e-01 7.401961e-01 3.483545e-05
9.264706e-01 7.401961e-01 1.746047e-05
9.362745e-01 7.401961e-01 1.232143e-05
9.460784e-01 7.401961e-01 7.299106e-06
9.558824e-01 7.401961e-01 7.071948e-07
9.656863e-01 7.401961e-01 5.171976e-08
9.754902e-01 7.401961e-01 3.121541e-06
9.852941e-01 7.401961e-01 1.682421e-06
9.950980e-01 7.401961e-01 -2.256522e-06
4.901961e-03 7.500000e-01 1.299587e-06
1.470588e-02 7.500000e-01 -1.742814e-06
2.450980e-02 7.500000e-01 -1.044622e-06
3.431373e-02 7.500000e-01 1.851636e-06
4.411765e-02 7.500000e-01 1.403615e-06
5.392157e-02 7.500000e-01 -1.588928e-06
6.372549e-02 7.500000e-01 -1.797603e-06
7.352941e-02 7.500000e-01 1.112366e-06
8.333333e-02 7.500000e-01 2.218542e-06
9.313725e-02 7.500000e-01 -2.748051e-07
1.029412e-01 7.500000e-01 -2.391307e-06
1.127451e-01 7.500000e-01 -8.861908e-07
1.225490e-01 7.500000e-01 1.974117e-06
1.323529e-01 7.500000e-01 2.070808e-06
1.421569e-01 7.500000e-01 -7.035466e-07
1.519608e-01 7.500000e-01 -2.611519e-06
1.617647e-01 7.500000e-01 -1.207333e-06
1.715686e-01 7.500000e-01 1.732923e-06
1.813725e-01 7.500000e-01 2.698687e-06
1.911765e-01 7.500000e-01 6.181595e-07
2.009804e-01 7.500000e-01 -2.201176e-06
2.107843e-01 7.500000e-01 -2.822121e-06
2.205882e-01 7.500000e-01 -6.693452e-07
2.303922e-01 7.500000e-01 2.187002e-06
2.401961e-01 7.500000e-01 3.198548e-06
2.500000e-01 7.500000e-01 1.560716e-06
2.598039e-01 7.500000e-01 -1.372608e-06
2.696078e-01 7.500000e-01 -3.408154e-06
2.794118e-01 7.500000e-01 -3.180508e-06
2.892157e-01 7.500000e-01 -9.131689e-07
2.990196e-01 7.500000e-01 1.993152e-06
3.088235e-01 7.500000e-01 3.968108e-06
3.186275e-01 7.500000e-01 4.116132e-06
3.284314e-01 7.500000e-01 2.486312e-06
3.382353e-01 7.500000e-01 -1.850853e-07
3.480392e-01 7.500000e-01 -2.954685e-06
3.578431e-01 7.500000e-01 -5.073948e-06
3.676471e-01 7.500000e-01 -6.167210e-06
3.774510e-01 7.500000e-01 -6.208594e-06
3.872549e-01 7.500000e-01 -5.424385e-06
3.970588e-01 7.500000e-01 -4.268001e-06
4.068627e-01 7.500000e-01 -3.548388e-06
4.166667e-01 7.500000e-01 -4.614254e-06
4.264706e-01 7.500000e-01 -9.160340e-06
4.362745e-01 7.500000e-01 -1.772085e-05
4.460784e-01 7.500000e-01 -2.533992e-05
4.558824e-01 7.500000e-01 -1.255152e-05
4.656863e-01 7.500000e-01 6.997972e-05
4.754902e-01 7.500000e-01 3.234575e-04
4.852941e-01 7.500000e-01 9.275318e-04
4.950980e-01 7.500000e-01 2.165674e-03
5.049020e-01 7.500000e-01 4.440870e-03
5.147059e-01 7.500000e-01 8.269874e-03
5.245098e-01 7.500000e-01 1.424815e-02
5.343137e-01 7.500000e-01 2.297705e-02
5.441176e-01 7.500000e-01 3.496356e-02
5.539216e-01 7.500000e-01 5.049419e-02
5.637255e-01 7.500000e-01 6.952651e-02
5.735294e-01 7.500000e-01 9.159079e-02
5.833333e-01 7.500000e-01 1.157824e-01
5.931373e-01 7.500000e-01 1.407758e-01
6.029412e-01 7.500000e-01 1.649849e-01
6.127451e-01 7.500000e-01 1.866851e-01
6.225490e-01 7.500000e-01 2.042875e-01
6.323529e-01 7.500000e-01 2.164653e-01
6.421569e-01 7.500000e-01 2.223876e-01
6.519608e-01 7.500000e-01 2.217489e-01
6.617647e-01 7.500000e-01 2.148193e-01
6.715686e-01 7.500000e-01 2.023723e-01
6.813725e-01 7.500000e-01 1.855346e-01
6.911765e-01 7.500000e-01 1.656746e-01
7.009804e-01 7.500000e-01 1.441883e-01
7.107843e-01 7.500000e-01 1.223841e-01
7.205882e-01 7.500000e-01 1.013771e-01
7.303922e-01 7.500000e-01 8.199268e-02
7.401961e-01 7.500000e-01 6.478732e-02
7.500000e-01 7.500000e-01 5.004172e-02
7.598039e-01 7.500000e-01 3.779396e-02
7.696078e-01 7.500000e-01 2.792804e-02
7.794118e-01 7.500000e-01 2.020204e-02
7.892157e-01 7.500000e-01 1.430471e-02
7.990196e-01 7.500000e-01 9.923746e-03
8.088235e-01 7.500000e-01 6.748565e-03
8.186275e-01 7.500000e-01 4.494832e-03
8.284314e-01 7.500000e-01 2.936690e-03
8.382353e-01 7.500000e-01 1.884960e-03
8.480392e-01 7.500000e-01 1.184027e-03
8.578431e-01 7.500000e-01 7.293747e-04
8.676471e-01 7.500000e-01 4.445179e-04
8.774510e-01 7.500000e-01 2.646193e-04
8.872549e-01 7.500000e-01 1.522589e-04
8.970588e-01 7.500000e-01 8.865759e-05
9.068627e-01 7.500000e-01 5.195700e-05
9.166667e-01 7.500000e-01 2.690642e-05
9.264706e-01 7.500000e-01 1.348606e-05
9.362745e-01 7.500000e-01 9.516704e-06
9.460784e-01 7.500000e-01 5.637764e-06
9.558824e-01 7.500000e-01 5.462962e-07
9.656863e-01 7.500000e-01 3.981830e-08
9.754902e-01 7.500000e-01 2.410927e-06
9.852941e-01 7.500000e-01 1.299587e-06
9.950980e-01 7.500000e-01 -1.742814e-06
4.901961e-03 7.598039e-01 9.815837e-07
1.470588e-02 7.598039e-01 -1.316172e-06
2.450980e-02 7.598039e-01 -7.890321e-07
3.431373e-02 7.598039e-01 1.398344e-06
4.411765e-02 7.598039e-01 1.060145e-06
5.392157e-02 7.598039e-01 -1.199924e-06
6.372549e-02 7.598039e-01 -1.357679e-06
7.352941e-02 7.598039e-01 8.399890e-07
8.333333e-02 7.598039e-01 1.675551e-06
9.313725e-02 7.598039e-01 -2.074239e-07
1.029412e-01 7.598039e-01 -1.805979e-06
1.127451e-01 7.598039e-01 -6.693901e-07
1.225490e-01 7.598039e-01 1.490850e-06
1.323529e-01 7.598039e-01 1.564012e-06
1.421569e-01 7.598039e-01 -5.312338e-07
1.519608e-01 7.598039e-01 -1.972305e-06
1.617647e-01 7.598039e-01 -9.119212e-07
1.715686e-01 7.598039e-01 1.308685e-06
1.813725e-01 7.598039e-01 2.038179e-06
1.911765e-01 7.598039e-01 4.669602e-07
2.009804e-01 7.598039e-01 -1.662351e-06
2.107843e-01 7.598039e-01 -2.131415e-06
2.205882e-01 7.598039e-01 -5.056113e-07
2.303922e-01 7.598039e-01 1.651652e-06
2.401961e-01 7.598039e-01 2.415699e-06
2.500000e-01 7.598039e-01 1.178799e-06
2.598039e-01 7.598039e-01 -1.036582e-06
2.696078e-01 7.598039e-01 -2.573975e-06
2.794118e-01 7.598039e-01 -2.402109e-06
2.892157e-01 7.598039e-01 -6.897364e-07
2.990196e-01 7.598039e-01 1.505271e-06
3.088235e-01 7.598039e-01 2.996894e-06
3.186275e-01 7.598039e-01 3.108730e-06
3.284314e-01 7.598039e-01 1.877831e-06
3.382353e-01 7.598039e-01 -1.397427e-07
3.480392e-01 7.598039e-01 -2.231499e-06
3.578431e-01 7.598039e-01 -3.832093e-06
3.676471e-01 7.598039e-01 -4.657795e-06
3.774510e-01 7.598039e-01 -4.689059e-06
3.872549e-01 7.598039e-01 -4.096790e-06
3.970588e-01 7.598039e-01 -3.223442e-06
4.068627e-01 7.598039e-01 -2.679978e-06
4.166667e-01 7.598039e-01 -3.485006e-06
4.264706e-01 7.598039e-01 -6.918453e-06
4.362745e-01 7.598039e-01 -1.338372e-05
4.460784e-01 7.598039e-01 -1.913781e-05
4.558824e-01 7.598039e-01 -9.478925e-06
4.656863e-01 7.598039e-01 5.285351e-05
4.754902e-01 7.598039e-01 2.442934e-04
4.852941e-01 7.598039e-01 7.005212e-04
4.950980e-01 7.598039e-01 1.635628e-03
5.049020e-01 7.598039e-01 3.353968e-03
5.147059e-01 7.598039e-01 6.245819e-03
5.245098e-01 7.598039e-01 1.076090e-02
5.343137e-01 7.598039e-01 1.735340e-02
5.441176e-01 7.598039e-01 2.640620e-02
5.539216e-01 7.598039e-01 3.813569e-02
5.637255e-01 7.598039e-01 5.250984e-02
5.735294e-01 7.598039e-01 6.917388e-02
5.833333e-01 7.598039e-01 8.744460e-02
5.931373e-01 7.598039e-01 1.063208e-01
6.029412e-01 7.598039e-01 1.246048e-01
6.127451e-01 7.598039e-01 1.409939e-01
6.225490e-01 7.598039e-01 1.542881e-01
6.323529e-01 7.598039e-01 1.634855e-01
6.421569e-01 7.598039e-01 1.679583e-01
6.519608e-01 7.598039e-01 1.674760e-01
6.617647e-01 7.598039e-01 1.622424e-01
6.715686e-01 7.598039e-01 1.528417e-01
6.813725e-01 7.598039e-01 1.401251e-01
6.911765e-01 7.598039e-01 1.251258e-01
7.009804e-01 7.598039e-01 1.088983e-01
7.107843e-01 7.598039e-01 9.243062e-02
7.205882e-01 7.598039e-01 7.656507e-02
7.303922e-01 7.598039e-01 6.192494e-02
7.401961e-01 7.598039e-01 4.893058e-02
7.500000e-01 7.598039e-01 3.779396e-02
7.598039e-01 7.598039e-01 2.854383e-02
7.696078e-01 7.598039e-01 2.109259e-02
7.794118e-01 7.598039e-01 1.525754e-02
7.892157e-01 7.598039e-01 1.080358e-02
7.990196e-01 7.598039e-01 7.494870e-03
8.088235e-01 7.598039e-01 5.096822e-03
8.186275e-01 7.598039e-01 3.394697e-03
8.284314e-01 7.598039e-01 2.217916e-03
8.382353e-01 7.598039e-01 1.423602e-03
8.480392e-01 7.598039e-01 8.942263e-04
8.578431e-01 7.598039e-01 5.508529e-04
8.676471e-01 7.598039e-01 3.357170e-04
8.774510e-01 7.598039e-01 1.998505e-04
8.872549e-01 7.598039e-01 1.149914e-04
8.970588e-01 7.598039e-01 6.695713e-05
9.068627e-01 7.598039e-01 3.923962e-05
9.166667e-01 7.598039e-01 2.032064e-05
9.264706e-01 7.598039e-01 1.018499e-05
9.362745e-01 7.598039e-01 7.187192e-06
9.460784e-01 7.598039e-01 4.257867e-06
9.558824e-01 7.598039e-01 4.126245e-07
9.656863e-01 7.598039e-01 2.996313e-08
9.754902e-01 7.598039e-01 1.820741e-06
9.852941e-01 7.598039e-01 9.815837e-07
9.950980e-01 7.598039e-01 -1.316172e-06
4.901961e-03 7.696078e-01 7.254043e-07
1.470588e-02 7.696078e-01 -9.725344e-07
2.450980e-02 7.696078e-01 -5.831261e-07
3.431373e-02 7.696078e-01 1.033244e-06
4.411765e-02 7.696078e-01 7.834547e-07
5.392157e-02 7.696078e-01 -8.866113e-07
6.372549e-02 7.696078e-01 -1.003301e-06
7.352941e-02 7.696078e-01 6.206251e-07
8.333333e-02 7.696078e-01 1.238165e-06
9.313725e-02 7.696078e-01 -1.531859e-07
1.029412e-01 7.696078e-01 -1.334507e-06
1.127451e-01 7.696078e-01 -4.947243e-07
1.225490e-01 7.696078e-01 1.101603e-06
1.323529e-01 7.696078e-01 1.155769e-06
1.421569e-01 7.696078e-01 -3.924707e-07
1.519608e-01 7.696078e-01 -1.457421e-06
1.617647e-01 7.696078e-01 -6.739362e-07
1.715686e-01 7.696078e-01 9.669873e-07
1.813725e-01 7.696078e-01 1.506130e-06
1.911765e-01 7.696078e-01 3.451365e-07
2.009804e-01 7.696078e-01 -1.228345e-06
2.107843e-01 7.696078e-01 -1.575036e-06
2.205882e-01 7.696078e-01 -3.736927e-07
2.303922e-01 7.696078e-01 1.220443e-06
2.401961e-01 7.696078e-01 1.785100e-06
2.500000e-01 7.696078e-01 8.711349e-07
2.598039e-01 7.696078e-01 -7.659312e-07
2.696078e-01 7.696078e-01 -1.902037e-06
2.794118e-01 7.696078e-01 -1.775082e-06
2.892157e-01 7.696078e-01 -5.097353e-07
2.990196e-01 7.696078e-01 1.112290e-06
3.088235e-01 7.696078e-01 2.214565e-06
3.186275e-01 7.696078e-01 2.297236e-06
3.284314e-01 7.696078e-01 1.387670e-06
3.382353e-01 7.696078e-01 -1.032324e-07
3.480392e-01 7.696078e-01 -1.648964e-06
3.578431e-01 7.696078e-01 -2.831749e-06
3.676471e-01 7.696078e-01 -3.441918e-06
3.774510e-01 7.696078e-01 -3.465026e-06
3.872549e-01 7.696078e-01 -3.027368e-06
3.970588e-01 7.696078e-01 -2.382008e-06
4.068627e-01 7.696078e-01 -1.980427e-06
4.166667e-01 7.696078e-01 -2.575325e-06
4.264706e-01 7.696078e-01 -5.112495e-06
4.362745e-01 7.696078e-01 -9.889993e-06
4.460784e-01 7.696078e-01 -1.414185e-05
4.558824e-01 7.696078e-01 -7.004048e-06
4.656863e-01 7.696078e-01 3.905736e-05
4.754902e-01 7.696078e-01 1.805236e-04
4.852941e-01 7.696078e-01 5.176564e-04
4.950980e-01 7.696078e-01 1.208659e-03
5.049020e-01 7.696078e-01 2.478436e-03
5.147059e-01 7.696078e-01 4.615385e-03
5.245098e-01 7.696078e-01 7.951828e-03
5.343137e-01 7.696078e-01 1.282339e-02
5.441176e-01 7.696078e-01 1.951301e-02
5.539216e-01 7.696078e-01 2.818058e-02
5.637255e-01 7.696078e-01 3.880244e-02
5.735294e-01 7.696078e-01 5.111644e-02
5.833333e-01 7.696078e-01 6.461771e-02
5.931373e-01 7.696078e-01 7.856644e-02
6.029412e-01 7.696078e-01 9.207749e-02
6.127451e-01 7.696078e-01 1.041884e-01
6.225490e-01 7.696078e-01 1.140122e-01
6.323529e-01 7.696078e-01 1.208087e-01
6.421569e-01 7.696078e-01 1.241139e-01
6.519608e-01 7.696078e-01 1.237575e-01
6.617647e-01 7.696078e-01 1.198901e-01
6.715686e-01 7.696078e-01 1.129435e-01
6.813725e-01 7.696078e-01 1.035464e-01
6.911765e-01 7.696078e-01 9.246256e-02
7.009804e-01 7.696078e-01 8.047109e-02
7.107843e-01 7.696078e-01 6.830220e-02
7.205882e-01 7.696078e-01 5.657823e-02
7.303922e-01 7.696078e-01 4.575980e-02
7.401961e-01 7.696078e-01 3.615752e-02
7.500000e-01 7.696078e-01 2.792804e-02
7.598039e-01 7.696078e-01 2.109259e-02
7.696078e-01 7.696078e-01 1.558646e-02
7.794118e-01 7.696078e-01 1.127461e-02
7.892157e-01 7.696078e-01 7.983337e-03
7.990196e-01 7.696078e-01 5.538348e-03
8.088235e-01 7.696078e-01 3.766302e-03
8.186275e-01 7.696078e-01 2.508512e-03
8.284314e-01 7.696078e-01 1.638926e-03
8.382353e-01 7.696078e-01 1.051967e-03
8.480392e-01 7.696078e-01 6.607856e-04
8.578431e-01 7.696078e-01 4.070502e-04
8.676471e-01 7.696078e-01 2.480760e-04
8.774510e-01 7.696078e-01 1.476780e-04
8.872549e-01 7.696078e-01 8.497184e-05
8.970588e-01 7.696078e-01 4.947716e-05
9.068627e-01 7.696078e-01 2.899565e-05
9.166667e-01 7.696078e-01 1.501570e-05
9.264706e-01 7.696078e-01 7.525967e-06
9.362745e-01 7.696078e-01 5.310791e-06
9.460784e-01 7.696078e-01 3.146336e-06
9.558824e-01 7.696078e-01 3.049275e-07
9.656863e-01 7.696078e-01 2.205291e-08
9.754902e-01 7.696078e-01 1.345370e-06
9.852941e-01 7.696078e-01 7.254043e-07
9.950980e-01 7.696078e-01 -9.725344e-07
4.901961e-03 7.794118e-01 5.247735e-07
1.470588e-02 7.794118e-01 -7.034551e-07
2.450980e-02 7.794118e-01 -4.218620e-07
3.431373e-02 7.794118e-01 7.473613e-07
4.411765e-02 7.794118e-01 5.667638e-07
5.392157e-02 7.794118e-01 -6.412854e-07
6.372549e-02 7.794118e-01 -7.257800e-07
7.352941e-02 7.794118e-01 4.488726e-07
8.333333e-02 7.794118e-01 8.956503e-07
9.313725e-02 7.794118e-01 -1.107423e-07
1.029412e-01 7.794118e-01 -9.653125e-07
1.127451e-01 7.794118e-01 -3.579210e-07
1.225490e-01 7.794118e-01 7.968097e-07
1.323529e-01 7.794118e-01 8.360673e-07
1.421569e-01 7.794118e-01 -2.838352e-07
1.519608e-01 7.794118e-01 -1.054229e-06
1.617647e-01 7.794118e-01 -4.875504e-07
1.715686e-01 7.794118e-01 6.994306e-07
1.813725e-01 7.794118e-01 1.089485e-06
1.911765e-01 7.794118e-01 2.497133e-07
2.009804e-01 7.794118e-01 -8.884975e-07
2.107843e-01 7.794118e-01 -1.139335e-06
2.205882e-01 7.794118e-01 -2.703658e-07
2.303922e-01 7.794118e-01 8.827842e-07
2.401961e-01 7.794118e-01 1.291280e-06
2.500000e-01 7.794118e-01 6.301873e-07
2.598039e-01 7.794118e-01 -5.540052e-07
2.696078e-01 7.794118e-01 -1.375851e-06
2.794118e-01 7.794118e-01 -1.284050e-06
2.892157e-01 7.794118e-01 -3.687605e-07
2.990196e-01 7.794118e-01 8.045616e-07
3.088235e-01 7.794118e-01 1.601929e-06
3.186275e-01 7.794118e-01 1.661751e-06
3.284314e-01 7.794118e-01 1.003814e-06
3.382353e-01 7.794118e-01 -7.465224e-08
3.480392e-01 7.794118e-01 -1.192788e-06
3.578431e-01 7.794118e-01 -2.048382e-06
3.676471e-01 7.794118e-01 -2.489763e-06
3.774510e-01 7.794118e-01 -2.506482e-06
3.872549e-01 7.794118e-01 -2.189898e-06
3.970588e-01 7.794118e-01 -1.723073e-06
4.068627e-01 7.794118e-01 -1.432593e-06
4.166667e-01 7.794118e-01 -1.862931e-06
4.264706e-01 7.794118e-01 -3.698221e-06
4.362745e-01 7.794118e-01 -7.154038e-06
4.460784e-01 7.794118e-01 -1.022955e-05
4.558824e-01 7.794118e-01 -5.066108e-06
4.656863e-01 7.794118e-01 2.825330e-05
4.754902e-01 7.794118e-01 1.305850e-04
4.852941e-01 7.794118e-01 3.744543e-04
4.950980e-01 7.794118e-01 8.742995e-04
5.049020e-01 7.794118e-01 1.792807e-03
5.147059e-01 7.794118e-01 3.338593e-03
5.245098e-01 7.794118e-01 5.752047e-03
5.343137e-01 7.794118e-01 9.275944e-03
5.441176e-01 7.794118e-01 1.411496e-02
5.539216e-01 7.794118e-01 2.038475e-02
5.637255e-01 7.794118e-01 2.806820e-02
5.735294e-01 7.794118e-01 3.697568e-02
5.833333e-01 7.794118e-01 4.674199e-02
5.931373e-01 7.794118e-01 5.683199e-02
6.029412e-01 7.794118e-01 6.660538e-02
6.127451e-01 7.794118e-01 7.536594e-02
6.225490e-01 7.794118e-01 8.247218e-02
6.323529e-01 7.794118e-01 8.738849e-02
6.421569e-01 7.794118e-01 8.977939e-02
6.519608e-01 7.794118e-01 8.952157e-02
6.617647e-01 7.794118e-01 8.672403e-02
6.715686e-01 7.794118e-01 8.169908e-02
6.813725e-01 7.794118e-01 7.490160e-02
6.911765e-01 7.794118e-01 6.688394e-02
7.009804e-01 7.794118e-01 5.820975e-02
7.107843e-01 7.794118e-01 4.940722e-02
7.205882e-01 7.794118e-01 4.092653e-02
7.303922e-01 7.794118e-01 3.310087e-02
7.401961e-01 7.794118e-01 2.615494e-02
7.500000e-01 7.794118e-01 2.020204e-02
7.598039e-01 7.794118e-01 1.525754e-02
7.696078e-01 7.794118e-01 1.127461e-02
7.794118e-01 7.794118e-01 8.155586e-03
7.892157e-01 7.794118e-01 5.774810e-03
7.990196e-01 7.794118e-01 4.006203e-03
8.088235e-01 7.794118e-01 2.724378e-03
8.186275e-01 7.794118e-01 1.814545e-03
8.284314e-01 7.794118e-01 1.185524e-03
8.382353e-01 7.794118e-01 7.609437e-04
8.480392e-01 7.794118e-01 4.779803e-04
8.578431e-01 7.794118e-01 2.944398e-04
8.676471e-01 7.794118e-01 1.794454e-04
8.774510e-01 7.794118e-01 1.068225e-04
8.872549e-01 7.794118e-01 6.146399e-05
8.970588e-01 7.794118e-01 3.578894e-05
9.068627e-01 7.794118e-01 2.097379e-05
9.166667e-01 7.794118e-01 1.086150e-05
9.264706e-01 7.794118e-01 5.443767e-06
9.362745e-01 7.794118e-01 3.841451e-06
9.460784e-01 7.794118e-01 2.275908e-06
9.558824e-01 7.794118e-01 2.205792e-07
9.656863e-01 7.794118e-01 1.588381e-08
9.754902e-01 7.794118e-01 9.731353e-07
9.852941e-01 7.794118e-01 5.247735e-07
9.950980e-01 7.794118e-01 -7.034551e-07
4.901961e-03 7.892157e-01 3.716177e-07
1.470588e-02 7.892157e-01 -4.980800e-07
2.450980e-02 7.892157e-01 -2.987533e-07
3.431373e-02 7.892157e-01 5.291622e-07
4.411765e-02 7.892157e-01 4.013503e-07
5.392157e-02 7.892157e-01 -4.540459e-07
6.372549e-02 7.892157e-01 -5.139387e-07
7.352941e-02 7.892157e-01 3.177942e-07
8.333333e-02 7.892157e-01 6.342060e-07
9.313725e-02 7.892157e-01 -7.836619e-08
1.029412e-01 7.892157e-01 -6.835121e-07
1.127451e-01 7.892157e-01 -2.534811e-07
1.225490e-01 7.892157e-01 5.641761e-07
1.323529e-01 7.892157e-01 5.920298e-07
1.421569e-01 7.892157e-01 -2.009336e-07
1.519608e-01 7.892157e-01 -7.464759e-07
1.617647e-01 7.892157e-01 -3.452658e-07
1.715686e-01 7.892157e-01 4.952203e-07
1.813725e-01 7.892157e-01 7.714563e-07
1.911765e-01 7.892157e-01 1.768592e-07
2.009804e-01 7.892157e-01 -6.291037e-07
2.107843e-01 7.892157e-01 -8.067586e-07
2.205882e-01 7.892157e-01 -1.914798e-07
2.303922e-01 7.892157e-01 6.250597e-07
2.401961e-01 7.892157e-01 9.143428e-07
2.500000e-01 7.892157e-01 4.462576e-07
2.598039e-01 7.892157e-01 -3.922537e-07
2.696078e-01 7.892157e-01 -9.742136e-07
2.794118e-01 7.892157e-01 -9.092349e-07
2.892157e-01 7.892157e-01 -2.611414e-07
2.990196e-01 7.892157e-01 5.696787e-07
3.088235e-01 7.892157e-01 1.134300e-06
3.186275e-01 7.892157e-01 1.176675e-06
3.284314e-01 7.892157e-01 7.108054e-07
3.382353e-01 7.892157e-01 -5.284404e-08
3.480392e-01 7.892157e-01 -8.445876e-07
3.578431e-01 7.892157e-01 -1.450430e-06
3.676471e-01 7.892157e-01 -1.762971e-06
3.774510e-01 7.892157e-01 -1.774811e-06
3.872549e-01 7.892157e-01 -1.550644e-06
3.970588e-01 7.892157e-01 -1.220094e-06
4.068627e-01 7.892157e-01 -1.014415e-06
4.166667e-01 7.892157e-01 -1.319134e-06
4.264706e-01 7.892157e-01 -2.618667e-06
4.362745e-01 7.892157e-01 -5.065637e-06
4.460784e-01 7.892157e-01 -7.243268e-06
4.558824e-01 7.892157e-01 -3.586951e-06
4.656863e-01 7.892157e-01 2.000621e-05
4.754902e-01 7.892157e-01 9.246587e-05
4.852941e-01 7.892157e-01 2.651459e-04
4.950980e-01 7.892157e-01 6.190781e-04
5.049020e-01 7.892157e-01 1.269458e-03
5.147059e-01 7.892157e-01 2.364003e-03
5.245098e-01 7.892157e-01 4.072929e-03
5.343137e-01 7.892157e-01 6.568142e-03
5.441176e-01 7.892157e-01 9.994568e-03
5.539216e-01 7.892157e-01 1.443411e-02
5.637255e-01 7.892157e-01 1.987464e-02
5.735294e-01 7.892157e-01 2.618189e-02
5.833333e-01 7.892157e-01 3.309726e-02
5.931373e-01 7.892157e-01 4.024184e-02
6.029412e-01 7.892157e-01 4.716224e-02
6.127451e-01 7.892157e-01 5.336546e-02
6.225490e-01 7.892157e-01 5.839729e-02
6.323529e-01 7.892157e-01 6.187846e-02
6.421569e-01 7.892157e-01 6.357143e-02
6.519608e-01 7.892157e-01 6.338887e-02
6.617647e-01 7.892157e-01 6.140797e-02
6.715686e-01 7.892157e-01 5.784988e-02
6.813725e-01 7.892157e-01 5.303667e-02
6.911765e-01 7.892157e-01 4.735949e-02
7.009804e-01 7.892157e-01 4.121741e-02
7.107843e-01 7.892157e-01 3.498446e-02
7.205882e-01 7.892157e-01 2.897941e-02
7.303922e-01 7.892157e-01 2.343817e-02
7.401961e-01 7.892157e-01 1.851986e-02
7.500000e-01 7.892157e-01 1.430471e-02
7.598039e-01 7.892157e-01 1.080358e-02
7.696078e-01 7.892157e-01 7.983337e-03
7.794118e-01 7.892157e-01 5.774810e-03
7.892157e-01 7.892157e-01 4.089024e-03
7.990196e-01 7.892157e-01 2.836707e-03
8.088235e-01 7.892157e-01 1.929071e-03
8.186275e-01 7.892157e-01 1.284837e-03
8.284314e-01 7.892157e-01 8.394402e-04
8.382353e-01 7.892157e-01 5.388045e-04
8.480392e-01 7.892157e-01 3.384449e-04
8.578431e-01 7.892157e-01 2.084843e-04
8.676471e-01 7.892157e-01 1.270599e-04
8.774510e-01 7.892157e-01 7.563766e-05
8.872549e-01 7.892157e-01 4.352058e-05
8.970588e-01 7.892157e-01 2.534083e-05
9.068627e-01 7.892157e-01 1.485077e-05
9.166667e-01 7.892157e-01 7.690626e-06
9.264706e-01 7.892157e-01 3.854464e-06
9.362745e-01 7.892157e-01 2.719941e-06
9.460784e-01 7.892157e-01 1.611511e-06
9.558824e-01 7.892157e-01 1.561890e-07
9.656863e-01 7.892157e-01 1.119394e-08
9.754902e-01 7.892157e-01 6.890248e-07
9.852941e-01 7.892157e-01 3.716177e-07
9.950980e-01 7.892157e-01 -4.980800e-07
4.901961e-03 7.990196e-01 2.578314e-07
1.470588e-02 7.990196e-01 -3.455246e-07
2.450980e-02 7.990196e-01 -2.072867e-07
3.431373e-02 7.990196e-01 3.670826e-07
4.411765e-02 7.990196e-01 2.784590e-07
5.392157e-02 7.990196e-01 -3.149671e-07
6.372549e-02 7.990196e-01 -3.565611e-07
7.352941e-02 7.990196e-01 2.204378e-07
8.333333e-02 7.990196e-01 4.399858e-07
9.313725e-02 7.990196e-01 -5.433290e-08
1.029412e-01 7.990196e-01 -4.741775e-07
1.127451e-01 7.990196e-01 -1.758813e-07
1.225490e-01 7.990196e-01 3.913734e-07
1.323529e-01 7.990196e-01 4.107352e-07
1.421569e-01 7.990196e-01 -1.393657e-07
1.519608e-01 7.990196e-01 -5.178605e-07
1.617647e-01 7.990196e-01 -2.395537e-07
1.715686e-01 7.990196e-01 3.435330e-07
1.813725e-01 7.990196e-01 5.352013e-07
1.911765e-01 7.990196e-01 1.227236e-07
2.009804e-01 7.990196e-01 -4.364196e-07
2.107843e-01 7.990196e-01 -5.596947e-07
2.205882e-01 7.990196e-01 -1.328644e-07
2.303922e-01 7.990196e-01 4.336149e-07
2.401961e-01 7.990196e-01 6.343266e-07
2.500000e-01 7.990196e-01 3.096108e-07
2.598039e-01 7.990196e-01 -2.721047e-07
2.696078e-01 7.990196e-01 -6.758527e-07
2.794118e-01 7.990196e-01 -6.307902e-07
2.892157e-01 7.990196e-01 -1.811843e-07
2.990196e-01 7.990196e-01 3.951990e-07
3.088235e-01 7.990196e-01 7.869140e-07
3.186275e-01 7.990196e-01 8.163211e-07
3.284314e-01 7.990196e-01 4.931304e-07
3.382353e-01 7.990196e-01 -3.664974e-08
3.480392e-01 7.990196e-01 -5.859232e-07
3.578431e-01 7.990196e-01 -1.006228e-06
3.676471e-01 7.990196e-01 -1.223055e-06
3.774510e-01 7.990196e-01 -1.231270e-06
3.872549e-01 7.990196e-01 -1.075755e-06
3.970588e-01 7.990196e-01 -8.464399e-07
4.068627e-01 7.990196e-01 -7.037534e-07
4.166667e-01 7.990196e-01 -9.151511e-07
4.264706e-01 7.990196e-01 -1.816685e-06
4.362745e-01 7.990196e-01 -3.514226e-06
4.460784e-01 7.990196e-01 -5.024883e-06
4.558824e-01 7.990196e-01 -2.488252e-06
4.656863e-01 7.990196e-01 1.387943e-05
4.754902e-01 7.990196e-01 6.414782e-05
4.852941e-01 7.990196e-01 1.839432e-04
4.950980e-01 7.990196e-01 4.294806e-04
5.049020e-01 7.990196e-01 8.806759e-04
5.147059e-01 7.990196e-01 1.640007e-03
5.245098e-01 7.990196e-01 2.825560e-03
5.343137e-01 7.990196e-01 4.556594e-03
5.441176e-01 7.990196e-01 6.933649e-03
5.539216e-01 7.990196e-01 1.001355e-02
5.637255e-01 7.990196e-01 1.378787e-02
5.735294e-01 7.990196e-01 1.816348e-02
5.833333e-01 7.990196e-01 2.296098e-02
5.931373e-01 7.990196e-01 2.791748e-02
6.029412e-01 7.990196e-01 3.271847e-02
6.127451e-01 7.990196e-01 3.702191e-02
6.225490e-01 7.990196e-01 4.051271e-02
6.323529e-01 7.990196e-01 4.292776e-02
6.421569e-01 7.990196e-01 4.410224e-02
6.519608e-01 7.990196e-01 4.397559e-02
6.617647e-01 7.990196e-01 4.260135e-02
6.715686e-01 7.990196e-01 4.013294e-02
6.813725e-01 7.990196e-01 3.679381e-02
6.911765e-01 7.990196e-01 3.285529e-02
7.009804e-01 7.990196e-01 2.859426e-02
7.107843e-01 7.990196e-01 2.427019e-02
7.205882e-01 7.990196e-01 2.010422e-02
7.303922e-01 7.990196e-01 1.626002e-02
7.401961e-01 7.990196e-01 1.284798e-02
7.500000e-01 7.990196e-01 9.923746e-03
7.598039e-01 7.990196e-01 7.494870e-03
7.696078e-01 7.990196e-01 5.538348e-03
7.794118e-01 7.990196e-01 4.006203e-03
7.892157e-01 7.990196e-01 2.836707e-03
7.990196e-01 7.990196e-01 1.967925e-03
8.088235e-01 7.990196e-01 1.338263e-03
8.186275e-01 7.990196e-01 8.913343e-04
8.284314e-01 7.990196e-01 5.823468e-04
8.382353e-01 7.990196e-01 3.737854e-04
8.480392e-01 7.990196e-01 2.347892e-04
8.578431e-01 7.990196e-01 1.446314e-04
8.676471e-01 7.990196e-01 8.814476e-05
8.774510e-01 7.990196e-01 5.247174e-05
8.872549e-01 7.990196e-01 3.019121e-05
8.970588e-01 7.990196e-01 1.757943e-05
9.068627e-01 7.990196e-01 1.030228e-05
9.166667e-01 7.990196e-01 5.335134e-06
9.264706e-01 7.990196e-01 2.673866e-06
9.362745e-01 7.990196e-01 1.886845e-06
9.460784e-01 7.990196e-01 1.117956e-06
9.558824e-01 7.990196e-01 1.083506e-07
9.656863e-01 7.990196e-01 7.726477e-09
9.754902e-01 7.990196e-01 4.779825e-07
9.852941e-01 7.990196e-01 2.578314e-07
9.950980e-01 7.990196e-01 -3.455246e-07
4.901961e-03 8.088235e-01 1.753536e-07
1.470588e-02 8.088235e-01 -2.349632e-07
2.450980e-02 8.088235e-01 -1.409842e-07
3.431373e-02 8.088235e-01 2.496200e-07
4.411765e-02 8.088235e-01 1.893821e-07
5.392157e-02 8.088235e-01 -2.141762e-07
6.372549e-02 8.088235e-01 -2.424917e-07
7.352941e-02 8.088235e-01 1.498881e-07
8.333333e-02 8.088235e-01 2.992178e-07
9.313725e-02 8.088235e-01 -3.692666e-08
1.029412e-01 8.088235e-01 -3.224603e-07
1.127451e-01 8.088235e-01 -1.196281e-07
1.225490e-01 8.088235e-01 2.661390e-07
1.323529e-01 8.088235e-01 2.793318e-07
1.421569e-01 8.088235e-01 -9.475477e-08
1.519608e-01 8.088235e-01 -3.521683e-07
1.617647e-01 8.088235e-01 -1.629266e-07
1.715686e-01 8.088235e-01 2.336035e-07
1.813725e-01 8.088235e-01 3.639680e-07
1.911765e-01 8.088235e-01 8.347701e-08
2.009804e-01 8.088235e-01 -2.967747e-07
2.107843e-01 8.088235e-01 -3.806263e-07
2.205882e-01 8.088235e-01 -9.037168e-08
2.303922e-01 8.088235e-01 2.948679e-07
2.401961e-01 8.088235e-01 4.313769e-07
2.500000e-01 8.088235e-01 2.105649e-07
2.598039e-01 8.088235e-01 -1.850317e-07
2.696078e-01 8.088235e-01 -4.596106e-07
2.794118e-01 8.088235e-01 -4.289765e-07
2.892157e-01 8.088235e-01 -1.232264e-07
2.990196e-01 8.088235e-01 2.687462e-07
3.088235e-01 8.088235e-01 5.351390e-07
3.186275e-01 8.088235e-01 5.551436e-07
3.284314e-01 8.088235e-01 3.353607e-07
3.382353e-01 8.088235e-01 -2.491698e-08
3.480392e-01 8.088235e-01 -3.984528e-07
3.578431e-01 8.088235e-01 -6.842837e-07
3.676471e-01 8.088235e-01 -8.317380e-07
3.774510e-01 8.088235e-01 -8.373249e-07
3.872549e-01 8.088235e-01 -7.315675e-07
3.970588e-01 8.088235e-01 -5.756229e-07
4.068627e-01 8.088235e-01 -4.785910e-07
4.166667e-01 8.088235e-01 -6.223517e-07
4.264706e-01 8.088235e-01 -1.235431e-06
4.362745e-01 8.088235e-01 -2.389817e-06
4.460784e-01 8.088235e-01 -3.417093e-06
4.558824e-01 8.088235e-01 -1.692004e-06
4.656863e-01 8.088235e-01 9.438837e-06
4.754902e-01 8.088235e-01 4.362368e-05
4.852941e-01 8.088235e-01 1.250900e-04
4.950980e-01 8.088235e-01 2.920664e-04
5.049020e-01 8.088235e-01 5.988992e-04
5.147059e-01 8.088235e-01 1.115278e-03
5.245098e-01 8.088235e-01 1.921507e-03
5.343137e-01 8.088235e-01 3.098688e-03
5.441176e-01 8.088235e-01 4.715192e-03
5.539216e-01 8.088235e-01 6.809661e-03
5.637255e-01 8.088235e-01 9.376376e-03
5.735294e-01 8.088235e-01 1.235199e-02
5.833333e-01 8.088235e-01 1.561451e-02
5.931373e-01 8.088235e-01 1.898516e-02
6.029412e-01 8.088235e-01 2.225005e-02
6.127451e-01 8.088235e-01 2.517660e-02
6.225490e-01 8.088235e-01 2.755050e-02
6.323529e-01 8.088235e-01 2.919284e-02
6.421569e-01 8.088235e-01 2.999154e-02
6.519608e-01 8.088235e-01 2.990542e-02
6.617647e-01 8.088235e-01 2.897087e-02
6.715686e-01 8.088235e-01 2.729223e-02
6.813725e-01 8.088235e-01 2.502146e-02
6.911765e-01 8.088235e-01 2.234308e-02
7.009804e-01 8.088235e-01 1.944537e-02
7.107843e-01 8.088235e-01 1.650480e-02
7.205882e-01 8.088235e-01 1.367175e-02
7.303922e-01 8.088235e-01 1.105752e-02
7.401961e-01 8.088235e-01 8.737176e-03
7.500000e-01 8.088235e-01 6.748565e-03
7.598039e-01 8.088235e-01 5.096822e-03
7.696078e-01 8.088235e-01 3.766302e-03
7.794118e-01 8.088235e-01 2.724378e-03
7.892157e-01 8.088235e-01 1.929071e-03
7.990196e-01 8.088235e-01 1.338263e-03
8.088235e-01 8.088235e-01 9.100682e-04
8.186275e-01 8.088235e-01 6.061390e-04
8.284314e-01 8.088235e-01 3.960158e-04
8.382353e-01 8.088235e-01 2.541863e-04
8.480392e-01 8.088235e-01 1.596641e-04
8.578431e-01 8.088235e-01 9.835364e-05
8.676471e-01 8.088235e-01 5.994091e-05
8.774510e-01 8.088235e-01 3.568218e-05
8.872549e-01 8.088235e-01 2.053075e-05
8.970588e-01 8.088235e-01 1.195439e-05
9.068627e-01 8.088235e-01 7.005774e-06
9.166667e-01 8.088235e-01 3.628001e-06
9.264706e-01 8.088235e-01 1.818250e-06
9.362745e-01 8.088235e-01 1.283073e-06
9.460784e-01 8.088235e-01 7.602470e-07
9.558824e-01 8.088235e-01 7.367883e-08
9.656863e-01 8.088235e-01 5.227005e-09
9.754902e-01 8.088235e-01 3.250343e-07
9.852941e-01 8.088235e-01 1.753536e-07
9.950980e-01 8.088235e-01 -2.349632e-07
4.901961e-03 8.186275e-01 1.168061e-07
1.470588e-02 8.186275e-01 -1.564905e-07
2.450980e-02 8.186275e-01 -9.391686e-08
3.431373e-02 8.186275e-01 1.662501e-07
4.411765e-02 8.186275e-01 1.261505e-07
5.392157e-02 8.186275e-01 -1.426407e-07
6.372549e-02 8.186275e-01 -1.615216e-07
7.352941e-02 8.186275e-01 9.981868e-08
8.333333e-02 8.186275e-01 1.992992e-07
9.313725e-02 8.186275e-01 -2.457890e-08
1.029412e-01 8.186275e-01 -2.147730e-07
1.127451e-01 8.186275e-01 -7.969337e-08
1.225490e-01 8.186275e-01 1.772525e-07
1.323529e-01 8.186275e-01 1.860583e-07
1.421569e-01 8.186275e-01 -6.309661e-08
1.519608e-01 8.186275e-01 -2.345610e-07
1.617647e-01 8.186275e-01 -1.085310e-07
1.715686e-01 8.186275e-01 1.555807e-07
1.813725e-01 8.186275e-01 2.424254e-07
1.911765e-01 8.186275e-01 5.561386e-08
2.009804e-01 8.186275e-01 -1.976587e-07
2.107843e-01 8.186275e-01 -2.535217e-07
2.205882e-01 8.186275e-01 -6.020492e-08
2.303922e-01 8.186275e-01 1.963889e-07
2.401961e-01 8.186275e-01 2.873220e-07
2.500000e-01 8.186275e-01 1.402576e-07
2.598039e-01 8.186275e-01 -1.232312e-07
2.696078e-01 8.186275e-01 -3.061225e-07
2.794118e-01 8.186275e-01 -2.857263e-07
2.892157e-01 8.186275e-01 -8.208400e-08
2.990196e-01 8.186275e-01 1.789924e-07
3.088235e-01 8.186275e-01 3.564289e-07
3.186275e-01 8.186275e-01 3.697576e-07
3.284314e-01 8.186275e-01 2.233729e-07
3.382353e-01 8.186275e-01 -1.659106e-08
3.480392e-01 8.186275e-01 -2.653869e-07
3.578431e-01 8.186275e-01 -4.557667e-07
3.676471e-01 8.186275e-01 -5.539797e-07
3.774510e-01 8.186275e-01 -5.577011e-07
3.872549e-01 8.186275e-01 -4.872616e-07
3.970588e-01 8.186275e-01 -3.833953e-07
4.068627e-01 8.186275e-01 -3.187681e-07
4.166667e-01 8.186275e-01 -4.145185e-07
4.264706e-01 8.186275e-01 -8.228511e-07
4.362745e-01 8.186275e-01 -1.591709e-06
4.460784e-01 8.186275e-01 -2.275889e-06
4.558824e-01 8.186275e-01 -1.126852e-06
4.656863e-01 8.186275e-01 6.286851e-06
4.754902e-01 8.186275e-01 2.905555e-05
4.852941e-01 8.186275e-01 8.331577e-05
4.950980e-01 8.186275e-01 1.945295e-04
5.049020e-01 8.186275e-01 3.988939e-04
5.147059e-01 8.186275e-01 7.428254e-04
5.245098e-01 8.186275e-01 1.279810e-03
5.343137e-01 8.186275e-01 2.063866e-03
5.441176e-01 8.186275e-01 3.140531e-03
5.539216e-01 8.186275e-01 4.535544e-03
5.637255e-01 8.186275e-01 6.245094e-03
5.735294e-01 8.186275e-01 8.226992e-03
5.833333e-01 8.186275e-01 1.039998e-02
5.931373e-01 8.186275e-01 1.264499e-02
6.029412e-01 8.186275e-01 1.481957e-02
6.127451e-01 8.186275e-01 1.676878e-02
6.225490e-01 8.186275e-01 1.834992e-02
6.323529e-01 8.186275e-01 1.944379e-02
6.421569e-01 8.186275e-01 1.997576e-02
6.519608e-01 8.186275e-01 1.991840e-02
6.617647e-01 8.186275e-01 1.929594e-02
6.715686e-01 8.186275e-01 1.817788e-02
6.813725e-01 8.186275e-01 1.666544e-02
6.911765e-01 8.186275e-01 1.488151e-02
7.009804e-01 8.186275e-01 1.295150e-02
7.107843e-01 8.186275e-01 1.099294e-02
7.205882e-01 8.186275e-01 9.105993e-03
7.303922e-01 8.186275e-01 7.364795e-03
7.401961e-01 8.186275e-01 5.819338e-03
7.500000e-01 8.186275e-01 4.494832e-03
7.598039e-01 8.186275e-01 3.394697e-03
7.696078e-01 8.186275e-01 2.508512e-03
7.794118e-01 8.186275e-01 1.814545e-03
7.892157e-01 8.186275e-01 1.284837e-03
7.990196e-01 8.186275e-01 8.913343e-04
8.088235e-01 8.186275e-01 6.061390e-04
8.186275e-01 8.186275e-01 4.037101e-04
8.284314e-01 8.186275e-01 2.637600e-04
8.382353e-01 8.186275e-01 1.692964e-04
8.480392e-01 8.186275e-01 1.063412e-04
8.578431e-01 8.186275e-01 6.550642e-05
8.676471e-01 8.186275e-01 3.992230e-05
8.774510e-01 8.186275e-01 2.376527e-05
8.872549e-01 8.186275e-01 1.367397e-05
8.970588e-01 8.186275e-01 7.961870e-06
9.068627e-01 8.186275e-01 4.665993e-06
9.166667e-01 8.186275e-01 2.416319e-06
9.264706e-01 8.186275e-01 1.210964e-06
9.362745e-01 8.186275e-01 8.545385e-07
9.460784e-01 8.186275e-01 5.063503e-07
9.558824e-01 8.186275e-01 4.906948e-08
9.656863e-01 8.186275e-01 3.461116e-09
9.754902e-01 8.186275e-01 2.164775e-07
9.852941e-01 8.186275e-01 1.168061e-07
9.950980e-01 8.186275e-01 -1.564905e-07
4.901961e-03 8.284314e-01 7.632394e-08
1.470588e-02 8.284314e-01 -1.022415e-07
2.450980e-02 8.284314e-01 -6.137093e-08
3.431373e-02 8.284314e-01 1.086161e-07
4.411765e-02 8.284314e-01 8.243002e-08
5.392157e-02 8.284314e-01 -9.318932e-08
6.372549e-02 8.284314e-01 -1.055387e-07
7.352941e-02 8.284314e-01 6.520915e-08
8.333333e-02 8.284314e-01 1.302183e-07
9.313725e-02 8.284314e-01 -1.604902e-08
1.029412e-01 8.284314e-01 -1.403240e-07
1.127451e-01 8.284314e-01 -5.207808e-08
1.225490e-01 8.284314e-01 1.158046e-07
1.323529e-01 8.284314e-01 1.215696e-07
1.421569e-01 8.284314e-01 -4.121590e-08
1.519608e-01 8.284314e-01 -1.532532e-07
1.617647e-01 8.284314e-01 -7.091865e-08
1.715686e-01 8.284314e-01 1.016440e-07
1.813725e-01 8.284314e-01 1.583945e-07
1.911765e-01 8.284314e-01 3.634461e-08
2.009804e-01 8.284314e-01 -1.291378e-07
2.107843e-01 8.284314e-01 -1.656449e-07
2.205882e-01 8.284314e-01 -3.934347e-08
2.303922e-01 8.284314e-01 1.283082e-07
2.401961e-01 8.284314e-01 1.877272e-07
2.500000e-01 8.284314e-01 9.164544e-08
2.598039e-01 8.284314e-01 -8.050891e-08
2.696078e-01 8.284314e-01 -2.000077e-07
2.794118e-01 8.284314e-01 -1.866862e-07
2.892157e-01 8.284314e-01 -5.363582e-08
2.990196e-01 8.284314e-01 1.169428e-07
3.088235e-01 8.284314e-01 2.328759e-07
3.186275e-01 8.284314e-01 2.415870e-07
3.284314e-01 8.284314e-01 1.459460e-07
3.382353e-01 8.284314e-01 -1.083714e-08
3.480392e-01 8.284314e-01 -1.733913e-07
3.578431e-01 8.284314e-01 -2.977784e-07
3.676471e-01 8.284314e-01 -3.619471e-07
3.774510e-01 8.284314e-01 -3.643784e-07
3.872549e-01 8.284314e-01 -3.183560e-07
3.970588e-01 8.284314e-01 -2.504943e-07
4.068627e-01 8.284314e-01 -2.082695e-07
4.166667e-01 8.284314e-01 -2.708268e-07
4.264706e-01 8.284314e-01 -5.376075e-07
4.362745e-01 8.284314e-01 -1.039933e-06
4.460784e-01 8.284314e-01 -1.486931e-06
4.558824e-01 8.284314e-01 -7.361935e-07
4.656863e-01 8.284314e-01 4.107561e-06
4.754902e-01 8.284314e-01 1.898349e-05
4.852941e-01 8.284314e-01 5.443441e-05
4.950980e-01 8.284314e-01 1.270959e-04
5.049020e-01 8.284314e-01 2.606175e-04
5.147059e-01 8.284314e-01 4.853254e-04
5.245098e-01 8.284314e-01 8.361651e-04
5.343137e-01 8.284314e-01 1.348429e-03
5.441176e-01 8.284314e-01 2.051871e-03
5.539216e-01 8.284314e-01 2.963305e-03
5.637255e-01 8.284314e-01 4.080245e-03
5.735294e-01 8.284314e-01 5.375124e-03
5.833333e-01 8.284314e-01 6.794854e-03
5.931373e-01 8.284314e-01 8.261641e-03
6.029412e-01 8.284314e-01 9.682404e-03
6.127451e-01 8.284314e-01 1.095593e-02
6.225490e-01 8.284314e-01 1.198897e-02
6.323529e-01 8.284314e-01 1.270366e-02
6.421569e-01 8.284314e-01 1.305122e-02
6.519608e-01 8.284314e-01 1.301374e-02
6.617647e-01 8.284314e-01 1.260705e-02
6.715686e-01 8.284314e-01 1.187656e-02
6.813725e-01 8.284314e-01 1.088840e-02
6.911765e-01 8.284314e-01 9.722858e-03
7.009804e-01 8.284314e-01 8.461878e-03
7.107843e-01 8.284314e-01 7.182245e-03
7.205882e-01 8.284314e-01 5.949402e-03
7.303922e-01 8.284314e-01 4.811785e-03
7.401961e-01 8.284314e-01 3.802057e-03
7.500000e-01 8.284314e-01 2.936690e-03
7.598039e-01 8.284314e-01 2.217916e-03
7.696078e-01 8.284314e-01 1.638926e-03
7.794118e-01 8.284314e-01 1.185524e-03
7.892157e-01 8.284314e-01 8.394402e-04
7.990196e-01 8.284314e-01 5.823468e-04
8.088235e-01 8.284314e-01 3.960158e-04
8.186275e-01 8.284314e-01 2.637600e-04
8.284314e-01 8.284314e-01 1.723246e-04
8.382353e-01 8.284314e-01 1.106076e-04
8.480392e-01 8.284314e-01 6.947651e-05
8.578431e-01 8.284314e-01 4.279754e-05
8.676471e-01 8.284314e-01 2.608251e-05
8.774510e-01 8.284314e-01 1.552657e-05
8.872549e-01 8.284314e-01 8.933576e-06
8.970588e-01 8.284314e-01 5.201684e-06
9.068627e-01 8.284314e-01 3.048411e-06
9.166667e-01 8.284314e-01 1.578636e-06
9.264706e-01 8.284314e-01 7.911328e-07
9.362745e-01 8.284314e-01 5.582826e-07
9.460784e-01 8.284314e-01 3.308184e-07
9.558824e-01 8.284314e-01 3.205466e-08
9.656863e-01 8.284314e-01 2.247263e-09
9.754902e-01 8.284314e-01 1.414309e-07
9.852941e-01 8.284314e-01 7.632394e-08
9.950980e-01 8.284314e-01 -1.022415e-07
4.901961e-03 8.382353e-01 4.899468e-08
1.470588e-02 8.382353e-01 -6.562462e-08
2.450980e-02 8.382353e-01 -3.939790e-08
3.431373e-02 8.382353e-01 6.971522e-08
4.411765e-02 8.382353e-01 5.291458e-08
5.392157e-02 8.382353e-01 -5.981240e-08
6.372549e-02 8.382353e-01 -6.774674e-08
7.352941e-02 8.382353e-01 4.185147e-08
8.333333e-02 8.382353e-01 8.358636e-08
9.313725e-02 8.382353e-01 -1.029594e-08
1.029412e-01 8.382353e-01 -9.007062e-08
1.127451e-01 8.382353e-01 -3.343311e-08
1.225490e-01 8.382353e-01 7.432942e-08
1.323529e-01 8.382353e-01 7.803630e-08
1.421569e-01 8.382353e-01 -2.645055e-08
1.519608e-01 8.382353e-01 -9.836991e-08
1.617647e-01 8.382353e-01 -4.552596e-08
1.715686e-01 8.382353e-01 6.523950e-08
1.813725e-01 8.382353e-01 1.016717e-07
1.911765e-01 8.382353e-01 2.333360e-08
2.009804e-01 8.382353e-01 -8.288813e-08
2.107843e-01 8.382353e-01 -1.063259e-07
2.205882e-01 8.382353e-01 -2.525802e-08
2.303922e-01 8.382353e-01 8.235573e-08
2.401961e-01 8.382353e-01 1.204993e-07
2.500000e-01 8.382353e-01 5.882876e-08
2.598039e-01 8.382353e-01 -5.167403e-08
2.696078e-01 8.382353e-01 -1.283803e-07
2.794118e-01 8.382353e-01 -1.198318e-07
2.892157e-01 8.382353e-01 -3.443040e-08
2.990196e-01 8.382353e-01 7.506125e-08
3.088235e-01 8.382353e-01 1.494778e-07
3.186275e-01 8.382353e-01 1.550704e-07
3.284314e-01 8.382353e-01 9.368099e-08
3.382353e-01 8.382353e-01 -6.954946e-09
3.480392e-01 8.382353e-01 -1.112953e-07
3.578431e-01 8.382353e-01 -1.911369e-07
3.676471e-01 8.382353e-01 -2.323252e-07
3.774510e-01 8.382353e-01 -2.338855e-07
3.872549e-01 8.382353e-01 -2.043446e-07
3.970588e-01 8.382353e-01 -1.607859e-07
4.068627e-01 8.382353e-01 -1.336831e-07
4.166667e-01 8.382353e-01 -1.738368e-07
4.264706e-01 8.382353e-01 -3.450745e-07
4.362745e-01 8.382353e-01 -6.674994e-07
4.460784e-01 8.382353e-01 -9.544068e-07
4.558824e-01 8.382353e-01 -4.725194e-07
4.656863e-01 8.382353e-01 2.636558e-06
4.754902e-01 8.382353e-01 1.218500e-05
4.852941e-01 8.382353e-01 3.493990e-05
4.950980e-01 8.382353e-01 8.157921e-05
5.049020e-01 8.382353e-01 1.672828e-04
5.147059e-01 8.382353e-01 3.115162e-04
5.245098e-01 8.382353e-01 5.367100e-04
5.343137e-01 8.382353e-01 8.655175e-04
5.441176e-01 8.382353e-01 1.317037e-03
5.539216e-01 8.382353e-01 1.902061e-03
5.637255e-01 8.382353e-01 2.618992e-03
5.735294e-01 8.382353e-01 3.450139e-03
5.833333e-01 8.382353e-01 4.361423e-03
5.931373e-01 8.382353e-01 5.302912e-03
6.029412e-01 8.382353e-01 6.214859e-03
6.127451e-01 8.382353e-01 7.032300e-03
6.225490e-01 8.382353e-01 7.695378e-03
6.323529e-01 8.382353e-01 8.154113e-03
6.421569e-01 8.382353e-01 8.377202e-03
6.519608e-01 8.382353e-01 8.353140e-03
6.617647e-01 8.382353e-01 8.092095e-03
6.715686e-01 8.382353e-01 7.623212e-03
6.813725e-01 8.382353e-01 6.988935e-03
6.911765e-01 8.382353e-01 6.240806e-03
7.009804e-01 8.382353e-01 5.431417e-03
7.107843e-01 8.382353e-01 4.610056e-03
7.205882e-01 8.382353e-01 3.818730e-03
7.303922e-01 8.382353e-01 3.088527e-03
7.401961e-01 8.382353e-01 2.440413e-03
7.500000e-01 8.382353e-01 1.884960e-03
7.598039e-01 8.382353e-01 1.423602e-03
7.696078e-01 8.382353e-01 1.051967e-03
7.794118e-01 8.382353e-01 7.609437e-04
7.892157e-01 8.382353e-01 5.388045e-04
7.990196e-01 8.382353e-01 3.737854e-04
8.088235e-01 8.382353e-01 2.541863e-04
8.186275e-01 8.382353e-01 1.692964e-04
8.284314e-01 8.382353e-01 1.106076e-04
8.382353e-01 8.382353e-01 7.099403e-05
8.480392e-01 8.382353e-01 4.459371e-05
8.578431e-01 8.382353e-01 2.746965e-05
8.676471e-01 8.382353e-01 1.674104e-05
8.774510e-01 8.382353e-01 9.965695e-06
8.872549e-01 8.382353e-01 5.733972e-06
8.970588e-01 8.382353e-01 3.338662e-06
9.068627e-01 8.382353e-01 1.956601e-06
9.166667e-01 8.382353e-01 1.013232e-06
9.264706e-01 8.382353e-01 5.077704e-07
9.362745e-01 8.382353e-01 3.583245e-07
9.460784e-01 8.382353e-01 2.123373e-07
9.558824e-01 8.382353e-01 2.057148e-08
9.656863e-01 8.382353e-01 1.434149e-09
9.754902e-01 8.382353e-01 9.077702e-08
9.852941e-01 8.382353e-01 4.899468e-08
9.950980e-01 8.382353e-01 -6.562462e-08
4.901961e-03 8.480392e-01 3.077976e-08
1.470588e-02 8.480392e-01 -4.122067e-08
2.450980e-02 8.480392e-01 -2.475231e-08
3.431373e-02 8.480392e-01 4.378939e-08
4.411765e-02 8.480392e-01 3.324235e-08
5.392157e-02 8.480392e-01 -3.756826e-08
6.372549e-02 8.480392e-01 -4.255855e-08
7.352941e-02 8.480392e-01 2.628512e-08
8.333333e-02 8.480392e-01 5.250691e-08
9.313725e-02 8.480392e-01 -6.462752e-09
1.029412e-01 8.480392e-01 -5.657801e-08
1.127451e-01 8.480392e-01 -2.100565e-08
1.225490e-01 8.480392e-01 4.668779e-08
1.323529e-01 8.480392e-01 4.902177e-08
1.421569e-01 8.480392e-01 -1.661076e-08
1.519608e-01 8.480392e-01 -6.179151e-08
1.617647e-01 8.480392e-01 -2.860144e-08
1.715686e-01 8.480392e-01 4.097743e-08
1.813725e-01 8.480392e-01 6.386700e-08
1.911765e-01 8.480392e-01 1.466121e-08
2.009804e-01 8.480392e-01 -5.206431e-08
2.107843e-01 8.480392e-01 -6.679082e-08
2.205882e-01 8.480392e-01 -1.586969e-08
2.303922e-01 8.480392e-01 5.172993e-08
2.401961e-01 8.480392e-01 7.569325e-08
2.500000e-01 8.480392e-01 3.695670e-08
2.598039e-01 8.480392e-01 -3.245668e-08
2.696078e-01 8.480392e-01 -8.064236e-08
2.794118e-01 8.480392e-01 -7.527480e-08
2.892157e-01 8.480392e-01 -2.163018e-08
2.990196e-01 8.480392e-01 4.714838e-08
3.088235e-01 8.480392e-01 9.389500e-08
3.186275e-01 8.480392e-01 9.740928e-08
3.284314e-01 8.480392e-01 5.884770e-08
3.382353e-01 8.480392e-01 -4.367480e-09
3.480392e-01 8.480392e-01 -6.990991e-08
3.578431e-01 8.480392e-01 -1.200632e-07
3.676471e-01 8.480392e-01 -1.459361e-07
3.774510e-01 8.480392e-01 -1.469162e-07
3.872549e-01 8.480392e-01 -1.283600e-07
3.970588e-01 8.480392e-01 -1.009986e-07
4.068627e-01 8.480392e-01 -8.397407e-08
4.166667e-01 8.480392e-01 -1.091961e-07
4.264706e-01 8.480392e-01 -2.167564e-07
4.362745e-01 8.480392e-01 -4.192807e-07
4.460784e-01 8.480392e-01 -5.994888e-07
4.558824e-01 8.480392e-01 -2.967724e-07
4.656863e-01 8.480392e-01 1.656215e-06
4.754902e-01 8.480392e-01 7.654075e-06
4.852941e-01 8.480392e-01 2.194755e-05
4.950980e-01 8.480392e-01 5.124395e-05
5.049020e-01 8.480392e-01 1.050785e-04
5.147059e-01 8.480392e-01 1.956784e-04
5.245098e-01 8.480392e-01 3.371335e-04
5.343137e-01 8.480392e-01 5.436733e-04
5.441176e-01 8.480392e-01 8.272945e-04
5.539216e-01 8.480392e-01 1.194777e-03
5.637255e-01 8.480392e-01 1.645117e-03
5.735294e-01 8.480392e-01 2.167201e-03
5.833333e-01 8.480392e-01 2.739624e-03
5.931373e-01 8.480392e-01 3.331020e-03
6.029412e-01 8.480392e-01 3.903860e-03
6.127451e-01 8.480392e-01 4.417335e-03
6.225490e-01 8.480392e-01 4.833847e-03
6.323529e-01 8.480392e-01 5.122001e-03
6.421569e-01 8.480392e-01 5.262134e-03
6.519608e-01 8.480392e-01 5.247018e-03
6.617647e-01 8.480392e-01 5.083042e-03
6.715686e-01 8.480392e-01 4.788511e-03
6.813725e-01 8.480392e-01 4.390089e-03
6.911765e-01 8.480392e-01 3.920150e-03
7.009804e-01 8.480392e-01 3.411732e-03
7.107843e-01 8.480392e-01 2.895794e-03
7.205882e-01 8.480392e-01 2.398722e-03
7.303922e-01 8.480392e-01 1.940046e-03
7.401961e-01 8.480392e-01 1.532934e-03
7.500000e-01 8.480392e-01 1.184027e-03
7.598039e-01 8.480392e-01 8.942263e-04
7.696078e-01 8.480392e-01 6.607856e-04
7.794118e-01 8.480392e-01 4.779803e-04
7.892157e-01 8.480392e-01 3.384449e-04
7.990196e-01 8.480392e-01 2.347892e-04
8.088235e-01 8.480392e-01 1.596641e-04
8.186275e-01 8.480392e-01 1.063412e-04
8.284314e-01 8.480392e-01 6.947651e-05
8.382353e-01 8.480392e-01 4.459371e-05
8.480392e-01 8.480392e-01 2.801072e-05
8.578431e-01 8.480392e-01 1.725450e-05
8.676471e-01 8.480392e-01 1.051551e-05
8.774510e-01 8.480392e-01 6.259713e-06
8.872549e-01 8.480392e-01 3.601640e-06
8.970588e-01 8.480392e-01 2.097080e-06
9.068627e-01 8.480392e-01 1.228981e-06
9.166667e-01 8.480392e-01 6.364296e-07
9.264706e-01 8.480392e-01 3.189321e-07
9.362745e-01 8.480392e-01 2.250667e-07
9.460784e-01 8.480392e-01 1.333765e-07
9.558824e-01 8.480392e-01 1.292025e-08
9.656863e-01 8.480392e-01 8.945957e-10
9.754902e-01 8.480392e-01 5.701872e-08
9.852941e-01 8.480392e-01 3.077976e-08
9.950980e-01 8.480392e-01 -4.122067e-08
4.901961e-03 8.578431e-01 1.896366e-08
1.470588e-02 8.578431e-01 -2.539297e-08
2.450980e-02 8.578431e-01 -1.525124e-08
3.431373e-02 8.578431e-01 2.697478e-08
4.411765e-02 8.578431e-01 2.048112e-08
5.392157e-02 8.578431e-01 -2.314192e-08
6.372549e-02 8.578431e-01 -2.621993e-08
7.352941e-02 8.578431e-01 1.619042e-08
8.333333e-02 8.578431e-01 3.234774e-08
9.313725e-02 8.578431e-01 -3.978546e-09
1.029412e-01 8.578431e-01 -3.485448e-08
1.127451e-01 8.578431e-01 -1.294311e-08
1.225490e-01 8.578431e-01 2.876023e-08
1.323529e-01 8.578431e-01 3.020133e-08
1.421569e-01 8.578431e-01 -1.023040e-08
1.519608e-01 8.578431e-01 -3.806625e-08
1.617647e-01 8.578431e-01 -1.762217e-08
1.715686e-01 8.578431e-01 2.524199e-08
1.813725e-01 8.578431e-01 3.934560e-08
1.911765e-01 8.578431e-01 9.034373e-09
2.009804e-01 8.578431e-01 -3.207235e-08
2.107843e-01 8.578431e-01 -4.114683e-08
2.205882e-01 8.578431e-01 -9.778605e-09
2.303922e-01 8.578431e-01 3.186628e-08
2.401961e-01 8.578431e-01 4.663052e-08
2.500000e-01 8.578431e-01 2.276857e-08
2.598039e-01 8.578431e-01 -1.999291e-08
2.696078e-01 8.578431e-01 -4.967833e-08
2.794118e-01 8.578431e-01 -4.637296e-08
2.892157e-01 8.578431e-01 -1.332645e-08
2.990196e-01 8.578431e-01 2.904390e-08
3.088235e-01 8.578431e-01 5.784217e-08
3.186275e-01 8.578431e-01 6.000775e-08
3.284314e-01 8.578431e-01 3.625286e-08
3.382353e-01 8.578431e-01 -2.689711e-09
3.480392e-01 8.578431e-01 -4.306600e-08
3.578431e-01 8.578431e-01 -7.396202e-08
3.676471e-01 8.578431e-01 -8.990038e-08
3.774510e-01 8.578431e-01 -9.050406e-08
3.872549e-01 8.578431e-01 -7.907285e-08
3.970588e-01 8.578431e-01 -6.221741e-08
4.068627e-01 8.578431e-01 -5.172937e-08
4.166667e-01 8.578431e-01 -6.726530e-08
4.264706e-01 8.578431e-01 -1.335220e-07
4.362745e-01 8.578431e-01 -2.582774e-07
4.460784e-01 8.578431e-01 -3.692867e-07
4.558824e-01 8.578431e-01 -1.828125e-07
4.656863e-01 8.578431e-01 1.020241e-06
4.754902e-01 8.578431e-01 4.714978e-06
4.852941e-01 8.578431e-01 1.351991e-05
4.950980e-01 8.578431e-01 3.156685e-05
5.049020e-01 8.578431e-01 6.472963e-05
5.147059e-01 8.578431e-01 1.205405e-04
5.245098e-01 8.578431e-01 2.076790e-04
5.343137e-01 8.578431e-01 3.349109e-04
5.441176e-01 8.578431e-01 5.096264e-04
5.539216e-01 8.578431e-01 7.360019e-04
5.637255e-01 8.578431e-01 1.013420e-03
5.735294e-01 8.578431e-01 1.335033e-03
5.833333e-01 8.578431e-01 1.687657e-03
5.931373e-01 8.578431e-01 2.051968e-03
6.029412e-01 8.578431e-01 2.404848e-03
6.127451e-01 8.578431e-01 2.721159e-03
6.225490e-01 8.578431e-01 2.977738e-03
6.323529e-01 8.578431e-01 3.155247e-03
6.421569e-01 8.578431e-01 3.241570e-03
6.519608e-01 8.578431e-01 3.232258e-03
6.617647e-01 8.578431e-01 3.131244e-03
6.715686e-01 8.578431e-01 2.949807e-03
6.813725e-01 8.578431e-01 2.704370e-03
6.911765e-01 8.578431e-01 2.414878e-03
7.009804e-01 8.578431e-01 2.101682e-03
7.107843e-01 8.578431e-01 1.783853e-03
7.205882e-01 8.578431e-01 1.477648e-03
7.303922e-01 8.578431e-01 1.195095e-03
7.401961e-01 8.578431e-01 9.443067e-04
7.500000e-01 8.578431e-01 7.293747e-04
7.598039e-01 8.578431e-01 5.508529e-04
7.696078e-01 8.578431e-01 4.070502e-04
7.794118e-01 8.578431e-01 2.944398e-04
7.892157e-01 8.578431e-01 2.084843e-04
7.990196e-01 8.578431e-01 1.446314e-04
8.088235e-01 8.578431e-01 9.835364e-05
8.186275e-01 8.578431e-01 6.550642e-05
8.284314e-01 8.578431e-01 4.279754e-05
8.382353e-01 8.578431e-01 2.746965e-05
8.480392e-01 8.578431e-01 1.725450e-05
8.578431e-01 8.578431e-01 1.062867e-05
8.676471e-01 8.578431e-01 6.477470e-06
8.774510e-01 8.578431e-01 3.855920e-06
8.872549e-01 8.578431e-01 2.218561e-06
8.970588e-01 8.578431e-01 1.291766e-06
9.068627e-01 8.578431e-01 7.570336e-07
9.166667e-01 8.578431e-01 3.920278e-07
9.264706e-01 8.578431e-01 1.964500e-07
9.362745e-01 8.578431e-01 1.386355e-07
9.460784e-01 8.578431e-01 8.216039e-08
9.558824e-01 8.578431e-01 7.956622e-09
9.656863e-01 8.578431e-01 5.464465e-10
9.754902e-01 8.578431e-01 3.512380e-08
9.852941e-01 8.578431e-01 1.896366e-08
9.950980e-01 8.578431e-01 -2.539297e-08
4.901961e-03 8.676471e-01 1.155818e-08
1.470588e-02 8.676471e-01 -1.547652e-08
2.450980e-02 8.676471e-01 -9.295938e-09
3.431373e-02 8.676471e-01 1.644034e-08
4.411765e-02 8.676471e-01 1.248332e-08
5.392157e-02 8.676471e-01 -1.410425e-08
6.372549e-02 8.676471e-01 -1.598095e-08
7.352941e-02 8.676471e-01 9.867321e-09
8.333333e-02 8.676471e-01 1.971558e-08
9.313725e-02 8.676471e-01 -2.424339e-09
1.029412e-01 8.676471e-01 -2.124316e-08
1.127451e-01 8.676471e-01 -7.889075e-09
1.225490e-01 8.676471e-01 1.752857e-08
1.323529e-01 8.676471e-01 1.840746e-08
1.421569e-01 8.676471e-01 -6.234810e-09
1.519608e-01 8.676471e-01 -2.320067e-08
1.617647e-01 8.676471e-01 -1.074077e-08
1.715686e-01 8.676471e-01 1.538423e-08
1.813725e-01 8.676471e-01 2.398051e-08
1.911765e-01 8.676471e-01 5.506613e-09
2.009804e-01 8.676471e-01 -1.954728e-08
2.107843e-01 8.676471e-01 -2.507828e-08
2.205882e-01 8.676471e-01 -5.960107e-09
2.303922e-01 8.676471e-01 1.942169e-08
2.401961e-01 8.676471e-01 2.842035e-08
2.500000e-01 8.676471e-01 1.387708e-08
2.598039e-01 8.676471e-01 -1.218514e-08
2.696078e-01 8.676471e-01 -3.027779e-08
2.794118e-01 8.676471e-01 -2.826323e-08
2.892157e-01 8.676471e-01 -8.122114e-09
2.990196e-01 8.676471e-01 1.770159e-08
3.088235e-01 8.676471e-01 3.525333e-08
3.186275e-01 8.676471e-01 3.657303e-08
3.284314e-01 8.676471e-01 2.209490e-08
3.382353e-01 8.676471e-01 -1.639568e-09
3.480392e-01 8.676471e-01 -2.624767e-08
3.578431e-01 8.676471e-01 -4.507765e-08
3.676471e-01 8.676471e-01 -5.479129e-08
3.774510e-01 8.676471e-01 -5.515892e-08
3.872549e-01 8.676471e-01 -4.819173e-08
3.970588e-01 8.676471e-01 -3.791875e-08
4.068627e-01 8.676471e-01 -3.152658e-08
4.166667e-01 8.676471e-01 -4.099526e-08
4.264706e-01 8.676471e-01 -8.137684e-08
4.362745e-01 8.676471e-01 -1.574122e-07
4.460784e-01 8.676471e-01 -2.250717e-07
4.558824e-01 8.676471e-01 -1.114293e-07
4.656863e-01 8.676471e-01 6.217757e-07
4.754902e-01 8.676471e-01 2.873563e-06
4.852941e-01 8.676471e-01 8.239817e-06
4.950980e-01 8.676471e-01 1.923872e-05
5.049020e-01 8.676471e-01 3.945017e-05
5.147059e-01 8.676471e-01 7.346479e-05
5.245098e-01 8.676471e-01 1.265724e-04
5.343137e-01 8.676471e-01 2.041155e-04
5.441176e-01 8.676471e-01 3.105980e-04
5.539216e-01 8.676471e-01 4.485654e-04
5.637255e-01 8.676471e-01 6.176410e-04
5.735294e-01 8.676471e-01 8.136521e-04
5.833333e-01 8.676471e-01 1.028562e-03
5.931373e-01 8.676471e-01 1.250596e-03
6.029412e-01 8.676471e-01 1.465662e-03
6.127451e-01 8.676471e-01 1.658441e-03
6.225490e-01 8.676471e-01 1.814814e-03
6.323529e-01 8.676471e-01 1.922997e-03
6.421569e-01 8.676471e-01 1.975606e-03
6.519608e-01 8.676471e-01 1.969929e-03
6.617647e-01 8.676471e-01 1.908363e-03
6.715686e-01 8.676471e-01 1.797783e-03
6.813725e-01 8.676471e-01 1.648197e-03
6.911765e-01 8.676471e-01 1.471763e-03
7.009804e-01 8.676471e-01 1.280882e-03
7.107843e-01 8.676471e-01 1.087178e-03
7.205882e-01 8.676471e-01 9.005580e-04
7.303922e-01 8.676471e-01 7.283538e-04
7.401961e-01 8.676471e-01 5.755094e-04
7.500000e-01 8.676471e-01 4.445179e-04
7.598039e-01 8.676471e-01 3.357170e-04
7.696078e-01 8.676471e-01 2.480760e-04
7.794118e-01 8.676471e-01 1.794454e-04
7.892157e-01 8.676471e-01 1.270599e-04
7.990196e-01 8.676471e-01 8.814476e-05
8.088235e-01 8.676471e-01 5.994091e-05
8.186275e-01 8.676471e-01 3.992230e-05
8.284314e-01 8.676471e-01 2.608251e-05
8.382353e-01 8.676471e-01 1.674104e-05
8.480392e-01 8.676471e-01 1.051551e-05
8.578431e-01 8.676471e-01 6.477470e-06
8.676471e-01 8.676471e-01 3.947579e-06
8.774510e-01 8.676471e-01 2.349915e-06
8.872549e-01 8.676471e-01 1.352052e-06
8.970588e-01 8.676471e-01 7.872351e-07
9.068627e-01 8.676471e-01 4.613559e-07
9.166667e-01 8.676471e-01 2.389097e-07
9.264706e-01 8.676471e-01 1.197185e-07
9.362745e-01 8.676471e-01 8.448771e-08
9.460784e-01 8.676471e-01 5.007140e-08
9.558824e-01 8.676471e-01 4.847347e-09
9.656863e-01 8.676471e-01 3.313401e-10
9.754902e-01 8.676471e-01 2.140647e-08
9.852941e-01 8.676471e-01 1.155818e-08
9.950980e-01 8.676471e-01 -1.547652e-08
4.901961e-03 8.774510e-01 6.881251e-09
1.470588e-02 8.774510e-01 -9.212438e-09
2.450980e-02 8.774510e-01 -5.534685e-09
3.431373e-02 8.774510e-01 9.786037e-09
4.411765e-02 8.774510e-01 7.431972e-09
5.392157e-02 8.774510e-01 -8.395255e-09
6.372549e-02 8.774510e-01 -9.513888e-09
7.352941e-02 8.774510e-01 5.872893e-09
8.333333e-02 8.774510e-01 1.173673e-08
9.313725e-02 8.774510e-01 -1.442084e-09
1.029412e-01 8.774510e-01 -1.264563e-08
1.127451e-01 8.774510e-01 -4.697263e-09
1.225490e-01 8.774510e-01 1.043388e-08
1.323529e-01 8.774510e-01 1.095833e-08
1.421569e-01 8.774510e-01 -3.710512e-09
1.519608e-01 8.774510e-01 -1.381101e-08
1.617647e-01 8.774510e-01 -6.394752e-09
1.715686e-01 8.774510e-01 9.157330e-09
1.813725e-01 8.774510e-01 1.427561e-08
1.911765e-01 8.774510e-01 3.278937e-09
2.009804e-01 8.774510e-01 -1.163577e-08
2.107843e-01 8.774510e-01 -1.492921e-08
2.205882e-01 8.774510e-01 -3.548815e-09
2.303922e-01 8.774510e-01 1.156107e-08
2.401961e-01 8.774510e-01 1.691863e-08
2.500000e-01 8.774510e-01 8.261593e-09
2.598039e-01 8.774510e-01 -7.253184e-09
2.696078e-01 8.774510e-01 -1.802413e-08
2.794118e-01 8.774510e-01 -1.682535e-08
2.892157e-01 8.774510e-01 -4.835577e-09
2.990196e-01 8.774510e-01 1.053737e-08
3.088235e-01 8.774510e-01 2.098621e-08
3.186275e-01 8.774510e-01 2.177209e-08
3.284314e-01 8.774510e-01 1.315336e-08
3.382353e-01 8.774510e-01 -9.758349e-10
3.480392e-01 8.774510e-01 -1.562518e-08
3.578431e-01 8.774510e-01 -2.683480e-08
3.676471e-01 8.774510e-01 -3.261740e-08
3.774510e-01 8.774510e-01 -3.283625e-08
3.872549e-01 8.774510e-01 -2.868871e-08
3.970588e-01 8.774510e-01 -2.257335e-08
4.068627e-01 8.774510e-01 -1.876842e-08
4.166667e-01 8.774510e-01 -2.440548e-08
4.264706e-01 8.774510e-01 -4.844447e-08
4.362745e-01 8.774510e-01 -9.370630e-08
4.460784e-01 8.774510e-01 -1.339779e-07
4.558824e-01 8.774510e-01 -6.631288e-08
4.656863e-01 8.774510e-01 3.701898e-07
4.754902e-01 8.774510e-01 1.710721e-06
4.852941e-01 8.774510e-01 4.905316e-06
4.950980e-01 8.774510e-01 1.145305e-05
5.049020e-01 8.774510e-01 2.348504e-05
5.147059e-01 8.774510e-01 4.373407e-05
5.245098e-01 8.774510e-01 7.534918e-05
5.343137e-01 8.774510e-01 1.215107e-04
5.441176e-01 8.774510e-01 1.848999e-04
5.539216e-01 8.774510e-01 2.670319e-04
5.637255e-01 8.774510e-01 3.676827e-04
5.735294e-01 8.774510e-01 4.843682e-04
5.833333e-01 8.774510e-01 6.123043e-04
5.931373e-01 8.774510e-01 7.444807e-04
6.029412e-01 8.774510e-01 8.725096e-04
6.127451e-01 8.774510e-01 9.872703e-04
6.225490e-01 8.774510e-01 1.080359e-03
6.323529e-01 8.774510e-01 1.144760e-03
6.421569e-01 8.774510e-01 1.176078e-03
6.519608e-01 8.774510e-01 1.172698e-03
6.617647e-01 8.774510e-01 1.136048e-03
6.715686e-01 8.774510e-01 1.070218e-03
6.813725e-01 8.774510e-01 9.811699e-04
6.911765e-01 8.774510e-01 8.761379e-04
7.009804e-01 8.774510e-01 7.625062e-04
7.107843e-01 8.774510e-01 6.471943e-04
7.205882e-01 8.774510e-01 5.360995e-04
7.303922e-01 8.774510e-01 4.335864e-04
7.401961e-01 8.774510e-01 3.425983e-04
7.500000e-01 8.774510e-01 2.646193e-04
7.598039e-01 8.774510e-01 1.998505e-04
7.696078e-01 8.774510e-01 1.476780e-04
7.794118e-01 8.774510e-01 1.068225e-04
7.892157e-01 8.774510e-01 7.563766e-05
7.990196e-01 8.774510e-01 5.247174e-05
8.088235e-01 8.774510e-01 3.568218e-05
8.186275e-01 8.774510e-01 2.376527e-05
8.284314e-01 8.774510e-01 1.552657e-05
8.382353e-01 8.774510e-01 9.965695e-06
8.480392e-01 8.774510e-01 6.259713e-06
8.578431e-01 8.774510e-01 3.855920e-06
8.676471e-01 8.774510e-01 2.349915e-06
8.774510e-01 8.774510e-01 1.398854e-06
8.872549e-01 8.774510e-01 8.048441e-07
8.970588e-01 8.774510e-01 4.686197e-07
9.068627e-01 8.774510e-01 2.746326e-07
9.166667e-01 8.774510e-01 1.422163e-07
9.264706e-01 8.774510e-01 7.126358e-08
9.362745e-01 8.774510e-01 5.029201e-08
9.460784e-01 8.774510e-01 2.980661e-08
9.558824e-01 8.774510e-01 2.885643e-09
9.656863e-01 8.774510e-01 1.960556e-10
9.754902e-01 8.774510e-01 1.274223e-08
9.852941e-01 8.774510e-01 6.881251e-09
9.950980e-01 8.774510e-01 -9.212438e-09
4.901961e-03 8.872549e-01 3.960777e-09
1.470588e-02 8.872549e-01 -5.300760e-09
2.450980e-02 8.872549e-01 -3.186156e-09
3.431373e-02 8.872549e-01 5.630584e-09
4.411765e-02 8.872549e-01 4.277786e-09
5.392157e-02 8.872549e-01 -4.830079e-09
6.372549e-02 8.872549e-01 -5.475608e-09
7.352941e-02 8.872549e-01 3.378331e-09
8.333333e-02 8.872549e-01 6.754318e-09
9.313725e-02 8.872549e-01 -8.284671e-10
1.029412e-01 8.872549e-01 -7.276728e-09
1.127451e-01 8.872549e-01 -2.704307e-09
1.225490e-01 8.872549e-01 6.003295e-09
1.323529e-01 8.872549e-01 6.306693e-09
1.421569e-01 8.872549e-01 -2.133892e-09
1.519608e-01 8.872549e-01 -7.947337e-09
1.617647e-01 8.872549e-01 -3.680986e-09
1.715686e-01 8.872549e-01 5.268494e-09
1.813725e-01 8.872549e-01 8.215066e-09
1.911765e-01 8.872549e-01 1.888056e-09
2.009804e-01 8.872549e-01 -6.694842e-09
2.107843e-01 8.872549e-01 -8.591194e-09
2.205882e-01 8.872549e-01 -2.043259e-09
2.303922e-01 8.872549e-01 6.651796e-09
2.401961e-01 8.872549e-01 9.735678e-09
2.500000e-01 8.872549e-01 4.754911e-09
2.598039e-01 8.872549e-01 -4.172739e-09
2.696078e-01 8.872549e-01 -1.037127e-08
2.794118e-01 8.872549e-01 -9.682190e-09
2.892157e-01 8.872549e-01 -2.783362e-09
2.990196e-01 8.872549e-01 6.062690e-09
3.088235e-01 8.872549e-01 1.207559e-08
3.186275e-01 8.872549e-01 1.252825e-08
3.284314e-01 8.872549e-01 7.569174e-09
3.382353e-01 8.872549e-01 -5.609125e-10
3.480392e-01 8.872549e-01 -8.990422e-09
3.578431e-01 8.872549e-01 -1.544069e-08
3.676471e-01 8.872549e-01 -1.876816e-08
3.774510e-01 8.872549e-01 -1.889418e-08
3.872549e-01 8.872549e-01 -1.650772e-08
3.970588e-01 8.872549e-01 -1.298891e-08
4.068627e-01 8.872549e-01 -1.079926e-08
4.166667e-01 8.872549e-01 -1.404185e-08
4.264706e-01 8.872549e-01 -2.787172e-08
4.362745e-01 8.872549e-01 -5.391184e-08
4.460784e-01 8.872549e-01 -7.708031e-08
4.558824e-01 8.872549e-01 -3.814571e-08
4.656863e-01 8.872549e-01 2.130058e-07
4.754902e-01 8.872549e-01 9.843079e-07
4.852941e-01 8.872549e-01 2.822388e-06
4.950980e-01 8.872549e-01 6.589785e-06
5.049020e-01 8.872549e-01 1.351271e-05
5.147059e-01 8.872549e-01 2.516358e-05
5.245098e-01 8.872549e-01 4.335433e-05
5.343137e-01 8.872549e-01 6.991492e-05
5.441176e-01 8.872549e-01 1.063881e-04
5.539216e-01 8.872549e-01 1.536459e-04
5.637255e-01 8.872549e-01 2.115594e-04
5.735294e-01 8.872549e-01 2.786992e-04
5.833333e-01 8.872549e-01 3.523127e-04
5.931373e-01 8.872549e-01 4.283663e-04
6.029412e-01 8.872549e-01 5.020337e-04
6.127451e-01 8.872549e-01 5.680667e-04
6.225490e-01 8.872549e-01 6.216301e-04
6.323529e-01 8.872549e-01 6.586866e-04
6.421569e-01 8.872549e-01 6.767072e-04
6.519608e-01 8.872549e-01 6.747626e-04
6.617647e-01 8.872549e-01 6.536744e-04
6.715686e-01 8.872549e-01 6.157968e-04
6.813725e-01 8.872549e-01 5.645587e-04
6.911765e-01 8.872549e-01 5.041237e-04
7.009804e-01 8.872549e-01 4.387406e-04
7.107843e-01 8.872549e-01 3.723906e-04
7.205882e-01 8.872549e-01 3.084671e-04
7.303922e-01 8.872549e-01 2.494816e-04
7.401961e-01 8.872549e-01 1.971275e-04
7.500000e-01 8.872549e-01 1.522589e-04
7.598039e-01 8.872549e-01 1.149914e-04
7.696078e-01 8.872549e-01 8.497184e-05
7.794118e-01 8.872549e-01 6.146399e-05
7.892157e-01 8.872549e-01 4.352058e-05
7.990196e-01 8.872549e-01 3.019121e-05
8.088235e-01 8.872549e-01 2.053075e-05
8.186275e-01 8.872549e-01 1.367397e-05
8.284314e-01 8.872549e-01 8.933576e-06
8.382353e-01 8.872549e-01 5.733972e-06
8.480392e-01 8.872549e-01 3.601640e-06
8.578431e-01 8.872549e-01 2.218561e-06
8.676471e-01 8.872549e-01 1.352052e-06
8.774510e-01 8.872549e-01 8.048441e-07
8.872549e-01 8.872549e-01 4.630704e-07
8.970588e-01 8.872549e-01 2.696199e-07
9.068627e-01 8.872549e-01 1.580105e-07
9.166667e-01 8.872549e-01 8.182382e-08
9.264706e-01 8.872549e-01 4.099904e-08
9.362745e-01 8.872549e-01 2.893465e-08
9.460784e-01 8.872549e-01 1.715044e-08
9.558824e-01 8.872549e-01 1.659806e-09
9.656863e-01 8.872549e-01 1.109215e-10
9.754902e-01 8.872549e-01 7.331462e-09
9.852941e-01 8.872549e-01 3.960777e-09
9.950980e-01 8.872549e-01 -5.300760e-09
4.901961e-03 8.970588e-01 2.306343e-09
1.470588e-02 8.970588e-01 -3.087571e-09
2.450980e-02 8.970588e-01 -1.855409e-09
3.431373e-02 8.970588e-01 3.279589e-09
4.411765e-02 8.970588e-01 2.491171e-09
5.392157e-02 8.970588e-01 -2.813433e-09
6.372549e-02 8.970588e-01 -3.188878e-09
7.352941e-02 8.970588e-01 1.967960e-09
8.333333e-02 8.970588e-01 3.933726e-09
9.313725e-02 8.970588e-01 -4.829121e-10
1.029412e-01 8.970588e-01 -4.238139e-09
1.127451e-01 8.970588e-01 -1.574656e-09
1.225490e-01 8.970588e-01 3.496646e-09
1.323529e-01 8.970588e-01 3.672861e-09
1.421569e-01 8.970588e-01 -1.243185e-09
1.519608e-01 8.970588e-01 -4.628618e-09
1.617647e-01 8.970588e-01 -2.143465e-09
1.715686e-01 8.970588e-01 3.068689e-09
1.813725e-01 8.970588e-01 4.784347e-09
1.911765e-01 8.970588e-01 1.099208e-09
2.009804e-01 8.970588e-01 -3.899285e-09
2.107843e-01 8.970588e-01 -5.003291e-09
2.205882e-01 8.970588e-01 -1.189584e-09
2.303922e-01 8.970588e-01 3.874166e-09
2.401961e-01 8.970588e-01 5.669788e-09
2.500000e-01 8.970588e-01 2.768803e-09
2.598039e-01 8.970588e-01 -2.430424e-09
2.696078e-01 8.970588e-01 -6.039983e-09
2.794118e-01 8.970588e-01 -5.638353e-09
2.892157e-01 8.970588e-01 -1.620563e-09
2.990196e-01 8.970588e-01 3.530931e-09
3.088235e-01 8.970588e-01 7.032310e-09
3.186275e-01 8.970588e-01 7.295629e-09
3.284314e-01 8.970588e-01 4.407547e-09
3.382353e-01 8.970588e-01 -3.269541e-10
3.480392e-01 8.970588e-01 -5.235636e-09
3.578431e-01 8.970588e-01 -8.991622e-09
3.676471e-01 8.970588e-01 -1.092907e-08
3.774510e-01 8.970588e-01 -1.100225e-08
3.872549e-01 8.970588e-01 -9.612374e-09
3.970588e-01 8.970588e-01 -7.563071e-09
4.068627e-01 8.970588e-01 -6.287680e-09
4.166667e-01 8.970588e-01 -8.175614e-09
4.264706e-01 8.970588e-01 -1.622923e-08
4.362745e-01 8.970588e-01 -3.139489e-08
4.460784e-01 8.970588e-01 -4.489251e-08
4.558824e-01 8.970588e-01 -2.223447e-08
4.656863e-01 8.970588e-01 1.239877e-07
4.754902e-01 8.970588e-01 5.730827e-07
4.852941e-01 8.970588e-01 1.643354e-06
4.950980e-01 8.970588e-01 3.837066e-06
5.049020e-01 8.970588e-01 7.868256e-06
5.147059e-01 8.970588e-01 1.465257e-05
5.245098e-01 8.970588e-01 2.524511e-05
5.343137e-01 8.970588e-01 4.071151e-05
5.441176e-01 8.970588e-01 6.195014e-05
5.539216e-01 8.970588e-01 8.946873e-05
5.637255e-01 8.970588e-01 1.231922e-04
5.735294e-01 8.970588e-01 1.622882e-04
5.833333e-01 8.970588e-01 2.051539e-04
5.931373e-01 8.970588e-01 2.494403e-04
6.029412e-01 8.970588e-01 2.923370e-04
6.127451e-01 8.970588e-01 3.307880e-04
6.225490e-01 8.970588e-01 3.619777e-04
6.323529e-01 8.970588e-01 3.835551e-04
6.421569e-01 8.970588e-01 3.940477e-04
6.519608e-01 8.970588e-01 3.929145e-04
6.617647e-01 8.970588e-01 3.806339e-04
6.715686e-01 8.970588e-01 3.585768e-04
6.813725e-01 8.970588e-01 3.287401e-04
6.911765e-01 8.970588e-01 2.935482e-04
7.009804e-01 8.970588e-01 2.554751e-04
7.107843e-01 8.970588e-01 2.168393e-04
7.205882e-01 8.970588e-01 1.796167e-04
7.303922e-01 8.970588e-01 1.452697e-04
7.401961e-01 8.970588e-01 1.147842e-04
7.500000e-01 8.970588e-01 8.865759e-05
7.598039e-01 8.970588e-01 6.695713e-05
7.696078e-01 8.970588e-01 4.947716e-05
7.794118e-01 8.970588e-01 3.578894e-05
7.892157e-01 8.970588e-01 2.534083e-05
7.990196e-01 8.970588e-01 1.757943e-05
8.088235e-01 8.970588e-01 1.195439e-05
8.186275e-01 8.970588e-01 7.961870e-06
8.284314e-01 8.970588e-01 5.201684e-06
8.382353e-01 8.970588e-01 3.338662e-06
8.480392e-01 8.970588e-01 2.097080e-06
8.578431e-01 8.970588e-01 1.291766e-06
8.676471e-01 8.970588e-01 7.872351e-07
8.774510e-01 8.970588e-01 4.686197e-07
8.872549e-01 8.970588e-01 2.696199e-07
8.970588e-01 8.970588e-01 1.569847e-07
9.068627e-01 8.970588e-01 9.200105e-08
9.166667e-01 8.970588e-01 4.764011e-08
9.264706e-01 8.970588e-01 2.387031e-08
9.362745e-01 8.970588e-01 1.684774e-08
9.460784e-01 8.970588e-01 9.986004e-09
9.558824e-01 8.970588e-01 9.651503e-10
9.656863e-01 8.970588e-01 6.421939e-11
9.754902e-01 8.970588e-01 4.269855e-09
9.852941e-01 8.970588e-01 2.306343e-09
9.950980e-01 8.970588e-01 -3.087571e-09
4.901961e-03 9.068627e-01 1.351029e-09
1.470588e-02 9.068627e-01 -1.809206e-09
2.450980e-02 9.068627e-01 -1.086731e-09
3.431373e-02 9.068627e-01 1.921796e-09
4.411765e-02 9.068627e-01 1.459284e-09
5.392157e-02 9.068627e-01 -1.648731e-09
6.372549e-02 9.068627e-01 -1.868150e-09
7.352941e-02 9.068627e-01 1.153444e-09
8.333333e-02 9.068627e-01 2.304708e-09
9.313725e-02 9.068627e-01 -2.833863e-10
1.029412e-01 9.068627e-01 -2.483277e-09
1.127451e-01 9.068627e-01 -9.222168e-10
1.225490e-01 9.068627e-01 2.049058e-09
1.323529e-01 9.068627e-01 2.151789e-09
1.421569e-01 9.068627e-01 -7.288605e-10
1.519608e-01 9.068627e-01 -2.712123e-09
1.617647e-01 9.068627e-01 -1.255541e-09
1.715686e-01 9.068627e-01 1.798437e-09
1.813725e-01 9.068627e-01 2.803275e-09
1.911765e-01 9.068627e-01 6.436406e-10
2.009804e-01 9.068627e-01 -2.285116e-09
2.107843e-01 9.068627e-01 -2.931593e-09
2.205882e-01 9.068627e-01 -6.966148e-10
2.303922e-01 9.068627e-01 2.270476e-09
2.401961e-01 9.068627e-01 3.322293e-09
2.500000e-01 9.068627e-01 1.622073e-09
2.598039e-01 9.068627e-01 -1.424602e-09
2.696078e-01 9.068627e-01 -3.539508e-09
2.794118e-01 9.068627e-01 -3.303836e-09
2.892157e-01 9.068627e-01 -9.492371e-10
2.990196e-01 9.068627e-01 2.069516e-09
3.088235e-01 9.068627e-01 4.121153e-09
3.186275e-01 9.068627e-01 4.275225e-09
3.284314e-01 9.068627e-01 2.582592e-09
3.382353e-01 9.068627e-01 -1.919865e-10
3.480392e-01 9.068627e-01 -3.068563e-09
3.578431e-01 9.068627e-01 -5.269592e-09
3.676471e-01 9.068627e-01 -6.404896e-09
3.774510e-01 9.068627e-01 -6.447684e-09
3.872549e-01 9.068627e-01 -5.633112e-09
3.970588e-01 9.068627e-01 -4.432212e-09
4.068627e-01 9.068627e-01 -3.685150e-09
4.166667e-01 9.068627e-01 -4.792446e-09
4.264706e-01 9.068627e-01 -9.513700e-09
4.362745e-01 9.068627e-01 -1.840300e-08
4.460784e-01 9.068627e-01 -2.631294e-08
4.558824e-01 9.068627e-01 -1.302780e-08
4.656863e-01 9.068627e-01 7.268585e-08
4.754902e-01 9.068627e-01 3.359236e-07
4.852941e-01 9.068627e-01 9.632431e-07
4.950980e-01 9.068627e-01 2.249015e-06
5.049020e-01 9.068627e-01 4.611716e-06
5.147059e-01 9.068627e-01 8.587971e-06
5.245098e-01 9.068627e-01 1.479613e-05
5.343137e-01 9.068627e-01 2.386069e-05
5.441176e-01 9.068627e-01 3.630810e-05
5.539216e-01 9.068627e-01 5.243587e-05
5.637255e-01 9.068627e-01 7.219993e-05
5.735294e-01 9.068627e-01 9.511247e-05
5.833333e-01 9.068627e-01 1.202340e-04
5.931373e-01 9.068627e-01 1.461880e-04
6.029412e-01 9.068627e-01 1.713273e-04
6.127451e-01 9.068627e-01 1.938610e-04
6.225490e-01 9.068627e-01 2.121391e-04
6.323529e-01 9.068627e-01 2.247838e-04
6.421569e-01 9.068627e-01 2.309323e-04
6.519608e-01 9.068627e-01 2.302674e-04
6.617647e-01 9.068627e-01 2.230698e-04
6.715686e-01 9.068627e-01 2.101428e-04
6.813725e-01 9.068627e-01 1.926567e-04
6.911765e-01 9.068627e-01 1.720323e-04
7.009804e-01 9.068627e-01 1.497196e-04
7.107843e-01 9.068627e-01 1.270771e-04
7.205882e-01 9.068627e-01 1.052630e-04
7.303922e-01 9.068627e-01 8.513408e-05
7.401961e-01 9.068627e-01 6.726829e-05
7.500000e-01 9.068627e-01 5.195700e-05
7.598039e-01 9.068627e-01 3.923962e-05
7.696078e-01 9.068627e-01 2.899565e-05
7.794118e-01 9.068627e-01 2.097379e-05
7.892157e-01 9.068627e-01 1.485077e-05
7.990196e-01 9.068627e-01 1.030228e-05
8.088235e-01 9.068627e-01 7.005774e-06
8.186275e-01 9.068627e-01 4.665993e-06
8.284314e-01 9.068627e-01 3.048411e-06
8.382353e-01 9.068627e-01 1.956601e-06
8.480392e-01 9.068627e-01 1.228981e-06
8.578431e-01 9.068627e-01 7.570336e-07
8.676471e-01 9.068627e-01 4.613559e-07
8.774510e-01 9.068627e-01 2.746326e-07
8.872549e-01 9.068627e-01 1.580105e-07
8.970588e-01 9.068627e-01 9.200105e-08
9.068627e-01 9.068627e-01 5.391667e-08
9.166667e-01 9.068627e-01 2.791940e-08
9.264706e-01 9.068627e-01 1.398987e-08
9.362745e-01 9.068627e-01 9.873619e-09
9.460784e-01 9.068627e-01 5.851713e-09
9.558824e-01 9.068627e-01 5.658312e-10
9.656863e-01 9.068627e-01 3.825992e-11
9.754902e-01 9.068627e-01 2.502106e-09
9.852941e-01 9.068627e-01 1.351029e-09
9.950980e-01 9.068627e-01 -1.809206e-09
4.901961e-03 9.166667e-01 7.002997e-10
1.470588e-02 9.166667e-01 -9.361694e-10
2.450980e-02 9.166667e-01 -5.634483e-10
3.431373e-02 9.166667e-01 9.943834e-10
4.411765e-02 9.166667e-01 7.562582e-10
5.392157e-02 9.166667e-01 -8.528675e-10
6.372549e-02 9.166667e-01 -9.677741e-10
7.352941e-02 9.166667e-01 5.962786e-10
8.333333e-02 9.166667e-01 1.193499e-09
9.313725e-02 9.166667e-01 -1.457217e-10
1.029412e-01 9.166667e-01 -1.285526e-09
1.127451e-01 9.166667e-01 -4.783783e-10
1.225490e-01 9.166667e-01 1.060245e-09
1.323529e-01 9.166667e-01 1.114603e-09
1.421569e-01 9.166667e-01 -3.764124e-10
1.519608e-01 9.166667e-01 -1.404075e-09
1.617647e-01 9.166667e-01 -6.508945e-10
1.715686e-01 9.166667e-01 9.303899e-10
1.813725e-01 9.166667e-01 1.451607e-09
1.911765e-01 9.166667e-01 3.341420e-10
2.009804e-01 9.166667e-01 -1.182528e-09
2.107843e-01 9.166667e-01 -1.518137e-09
2.205882e-01 9.166667e-01 -3.615262e-10
2.303922e-01 9.166667e-01 1.174961e-09
2.401961e-01 9.166667e-01 1.720307e-09
2.500000e-01 9.166667e-01 8.405726e-10
2.598039e-01 9.166667e-01 -7.369169e-10
2.696078e-01 9.166667e-01 -1.832476e-09
2.794118e-01 9.166667e-01 -1.711048e-09
2.892157e-01 9.166667e-01 -4.921712e-10
2.990196e-01 9.166667e-01 1.071025e-09
3.088235e-01 9.166667e-01 2.133743e-09
3.186275e-01 9.166667e-01 2.213939e-09
3.284314e-01 9.166667e-01 1.337743e-09
3.382353e-01 9.166667e-01 -9.892413e-11
3.480392e-01 9.166667e-01 -1.588591e-09
3.578431e-01 9.166667e-01 -2.728534e-09
3.676471e-01 9.166667e-01 -3.316625e-09
3.774510e-01 9.166667e-01 -3.338955e-09
3.872549e-01 9.166667e-01 -2.917308e-09
3.970588e-01 9.166667e-01 -2.295622e-09
4.068627e-01 9.166667e-01 -1.908894e-09
4.166667e-01 9.166667e-01 -2.482070e-09
4.264706e-01 9.166667e-01 -4.925666e-09
4.362745e-01 9.166667e-01 -9.525512e-09
4.460784e-01 9.166667e-01 -1.361475e-08
4.558824e-01 9.166667e-01 -6.723944e-09
4.656863e-01 9.166667e-01 3.767705e-08
4.754902e-01 9.166667e-01 1.740073e-07
4.852941e-01 9.166667e-01 4.988657e-07
4.950980e-01 9.166667e-01 1.164675e-06
5.049020e-01 9.166667e-01 2.388122e-06
5.147059e-01 9.166667e-01 4.447071e-06
5.245098e-01 9.166667e-01 7.661710e-06
5.343137e-01 9.166667e-01 1.235541e-05
5.441176e-01 9.166667e-01 1.880081e-05
5.539216e-01 9.166667e-01 2.715198e-05
5.637255e-01 9.166667e-01 3.738614e-05
5.735294e-01 9.166667e-01 4.925073e-05
5.833333e-01 9.166667e-01 6.225933e-05
5.931373e-01 9.166667e-01 7.569914e-05
6.029412e-01 9.166667e-01 8.871728e-05
6.127451e-01 9.166667e-01 1.003863e-04
6.225490e-01 9.166667e-01 1.098519e-04
6.323529e-01 9.166667e-01 1.164004e-04
6.421569e-01 9.166667e-01 1.195849e-04
6.519608e-01 9.166667e-01 1.192414e-04
6.617647e-01 9.166667e-01 1.155148e-04
6.715686e-01 9.166667e-01 1.088212e-04
6.813725e-01 9.166667e-01 9.976666e-05
6.911765e-01 9.166667e-01 8.908682e-05
7.009804e-01 9.166667e-01 7.753252e-05
7.107843e-01 9.166667e-01 6.580737e-05
7.205882e-01 9.166667e-01 5.451102e-05
7.303922e-01 9.166667e-01 4.408729e-05
7.401961e-01 9.166667e-01 3.483545e-05
7.500000e-01 9.166667e-01 2.690642e-05
7.598039e-01 9.166667e-01 2.032064e-05
7.696078e-01 9.166667e-01 1.501570e-05
7.794118e-01 9.166667e-01 1.086150e-05
7.892157e-01 9.166667e-01 7.690626e-06
7.990196e-01 9.166667e-01 5.335134e-06
8.088235e-01 9.166667e-01 3.628001e-06
8.186275e-01 9.166667e-01 2.416319e-06
8.284314e-01 9.166667e-01 1.578636e-06
8.382353e-01 9.166667e-01 1.013232e-06
8.480392e-01 9.166667e-01 6.364296e-07
8.578431e-01 9.166667e-01 3.920278e-07
8.676471e-01 9.166667e-01 2.389097e-07
8.774510e-01 9.166667e-01 1.422163e-07
8.872549e-01 9.166667e-01 8.182382e-08
8.970588e-01 9.166667e-01 4.764011e-08
9.068627e-01 9.166667e-01 2.791940e-08
9.166667e-01 9.166667e-01 1.445807e-08
9.264706e-01 9.166667e-01 7.243787e-09
9.362745e-01 9.166667e-01 5.111817e-09
9.460784e-01 9.166667e-01 3.030577e-09
9.558824e-01 9.166667e-01 2.936552e-10
9.656863e-01 9.166667e-01 1.909069e-11
9.754902e-01 9.166667e-01 1.294935e-09
9.852941e-01 9.166667e-01 7.002997e-10
9.950980e-01 9.166667e-01 -9.361694e-10
4.901961e-03 9.264706e-01 3.516444e-10
1.470588e-02 9.264706e-01 -4.698283e-10
2.450980e-02 9.264706e-01 -2.831473e-10
3.431373e-02 9.264706e-01 4.989182e-10
4.411765e-02 9.264706e-01 3.798541e-10
5.392157e-02 9.264706e-01 -4.278478e-10
6.372549e-02 9.264706e-01 -4.859685e-10
7.352941e-02 9.264706e-01 2.989813e-10
8.333333e-02 9.264706e-01 5.991458e-10
9.313725e-02 9.264706e-01 -7.279106e-11
1.029412e-01 9.264706e-01 -6.451611e-10
1.127451e-01 9.264706e-01 -2.404192e-10
1.225490e-01 9.264706e-01 5.318951e-10
1.323529e-01 9.264706e-01 5.595772e-10
1.421569e-01 9.264706e-01 -1.885628e-10
1.519608e-01 9.264706e-01 -7.045801e-10
1.617647e-01 9.264706e-01 -3.269414e-10
1.715686e-01 9.264706e-01 4.665999e-10
1.813725e-01 9.264706e-01 7.284746e-10
1.911765e-01 9.264706e-01 1.679955e-10
2.009804e-01 9.264706e-01 -5.931030e-10
2.107843e-01 9.264706e-01 -7.617950e-10
2.205882e-01 9.264706e-01 -1.817036e-10
2.303922e-01 9.264706e-01 5.892196e-10
2.401961e-01 9.264706e-01 8.630570e-10
2.500000e-01 9.264706e-01 4.219415e-10
2.598039e-01 9.264706e-01 -3.693616e-10
2.696078e-01 9.264706e-01 -9.190588e-10
2.794118e-01 9.264706e-01 -8.583480e-10
2.892157e-01 9.264706e-01 -2.471200e-10
2.990196e-01 9.264706e-01 5.368921e-10
3.088235e-01 9.264706e-01 1.069956e-09
3.186275e-01 9.264706e-01 1.110288e-09
3.284314e-01 9.264706e-01 6.709903e-10
3.382353e-01 9.264706e-01 -4.937292e-11
3.480392e-01 9.264706e-01 -7.963065e-10
3.578431e-01 9.264706e-01 -1.367866e-09
3.676471e-01 9.264706e-01 -1.662719e-09
3.774510e-01 9.264706e-01 -1.673911e-09
3.872549e-01 9.264706e-01 -1.462489e-09
3.970588e-01 9.264706e-01 -1.150668e-09
4.068627e-01 9.264706e-01 -9.563565e-10
4.166667e-01 9.264706e-01 -1.242808e-09
4.264706e-01 9.264706e-01 -2.466547e-09
4.362745e-01 9.264706e-01 -4.771715e-09
4.460784e-01 9.264706e-01 -6.823878e-09
4.558824e-01 9.264706e-01 -3.379870e-09
4.656863e-01 9.264706e-01 1.885093e-08
4.754902e-01 9.264706e-01 8.713545e-08
4.852941e-01 9.264706e-01 2.498811e-07
4.950980e-01 9.264706e-01 5.834778e-07
5.049020e-01 9.264706e-01 1.196531e-06
5.147059e-01 9.264706e-01 2.228319e-06
5.245098e-01 9.264706e-01 3.839348e-06
5.343137e-01 9.264706e-01 6.191732e-06
5.441176e-01 9.264706e-01 9.422163e-06
5.539216e-01 9.264706e-01 1.360792e-05
5.637255e-01 9.264706e-01 1.873762e-05
5.735294e-01 9.264706e-01 2.468470e-05
5.833333e-01 9.264706e-01 3.120536e-05
5.931373e-01 9.264706e-01 3.794230e-05
6.029412e-01 9.264706e-01 4.446799e-05
6.127451e-01 9.264706e-01 5.031752e-05
6.225490e-01 9.264706e-01 5.506254e-05
6.323529e-01 9.264706e-01 5.834535e-05
6.421569e-01 9.264706e-01 5.994192e-05
6.519608e-01 9.264706e-01 5.976987e-05
6.617647e-01 9.264706e-01 5.790198e-05
6.715686e-01 9.264706e-01 5.454680e-05
6.813725e-01 9.264706e-01 5.000805e-05
6.911765e-01 9.264706e-01 4.465460e-05
7.009804e-01 9.264706e-01 3.886282e-05
7.107843e-01 9.264706e-01 3.298540e-05
7.205882e-01 9.264706e-01 2.732297e-05
7.303922e-01 9.264706e-01 2.209799e-05
7.401961e-01 9.264706e-01 1.746047e-05
7.500000e-01 9.264706e-01 1.348606e-05
7.598039e-01 9.264706e-01 1.018499e-05
7.696078e-01 9.264706e-01 7.525967e-06
7.794118e-01 9.264706e-01 5.443767e-06
7.892157e-01 9.264706e-01 3.854464e-06
7.990196e-01 9.264706e-01 2.673866e-06
8.088235e-01 9.264706e-01 1.818250e-06
8.186275e-01 9.264706e-01 1.210964e-06
8.284314e-01 9.264706e-01 7.911328e-07
8.382353e-01 9.264706e-01 5.077704e-07
8.480392e-01 9.264706e-01 3.189321e-07
8.578431e-01 9.264706e-01 1.964500e-07
8.676471e-01 9.264706e-01 1.197185e-07
8.774510e-01 9.264706e-01 7.126358e-08
8.872549e-01 9.264706e-01 4.099904e-08
8.970588e-01 9.264706e-01 2.387031e-08
9.068627e-01 9.264706e-01 1.398987e-08
9.166667e-01 9.264706e-01 7.243787e-09
9.264706e-01 9.264706e-01 3.628250e-09
9.362745e-01 9.264706e-01 2.561483e-09
9.460784e-01 9.264706e-01 1.519193e-09
9.558824e-01 9.264706e-01 1.464071e-10
9.656863e-01 9.264706e-01 8.697900e-12
9.754902e-01 9.264706e-01 6.495176e-10
9.852941e-01 9.264706e-01 3.516444e-10
9.950980e-01 9.264706e-01 -4.698283e-10
4.901961e-03 9.362745e-01 2.472819e-10
1.470588e-02 9.362745e-01 -3.321499e-10
2.450980e-02 9.362745e-01 -1.989215e-10
3.431373e-02 9.362745e-01 3.527860e-10
4.411765e-02 9.362745e-01 2.672634e-10
5.392157e-02 9.362745e-01 -3.027853e-10
6.372549e-02 9.362745e-01 -3.423444e-10
7.352941e-02 9.362745e-01 2.120223e-10
8.333333e-02 9.362745e-01 4.225605e-10
9.313725e-02 9.362745e-01 -5.249690e-11
1.029412e-01 9.362745e-01 -4.555241e-10
1.127451e-01 9.362745e-01 -1.686567e-10
1.225490e-01 9.362745e-01 3.761246e-10
1.323529e-01 9.362745e-01 3.943436e-10
1.421569e-01 9.362745e-01 -1.341673e-10
1.519608e-01 9.362745e-01 -4.974247e-10
1.617647e-01 9.362745e-01 -2.297958e-10
1.715686e-01 9.362745e-01 3.301905e-10
1.813725e-01 9.362745e-01 5.139309e-10
1.911765e-01 9.362745e-01 1.175423e-10
2.009804e-01 9.362745e-01 -4.193280e-10
2.107843e-01 9.362745e-01 -5.373733e-10
2.205882e-01 9.362745e-01 -1.272637e-10
2.303922e-01 9.362745e-01 4.166121e-10
2.401961e-01 9.362745e-01 6.090280e-10
2.500000e-01 9.362745e-01 2.969806e-10
2.598039e-01 9.362745e-01 -2.615581e-10
2.696078e-01 9.362745e-01 -6.489642e-10
2.794118e-01 9.362745e-01 -6.054043e-10
2.892157e-01 9.362745e-01 -1.736092e-10
2.990196e-01 9.362745e-01 3.796498e-10
3.088235e-01 9.362745e-01 7.554444e-10
3.186275e-01 9.362745e-01 7.834069e-10
3.284314e-01 9.362745e-01 4.730166e-10
3.382353e-01 9.362745e-01 -3.549160e-11
3.480392e-01 9.362745e-01 -5.625417e-10
3.578431e-01 9.362745e-01 -9.657097e-10
3.676471e-01 9.362745e-01 -1.173569e-09
3.774510e-01 9.362745e-01 -1.181255e-09
3.872549e-01 9.362745e-01 -1.031853e-09
3.970588e-01 9.362745e-01 -8.116400e-10
4.068627e-01 9.362745e-01 -6.745518e-10
4.166667e-01 9.362745e-01 -8.773396e-10
4.264706e-01 9.362745e-01 -1.742866e-09
4.362745e-01 9.362745e-01 -3.373640e-09
4.460784e-01 9.362745e-01 -4.828199e-09
4.558824e-01 9.362745e-01 -2.404884e-09
4.656863e-01 9.362745e-01 1.328076e-08
4.754902e-01 9.362745e-01 6.148223e-08
4.852941e-01 9.362745e-01 1.763798e-07
4.950980e-01 9.362745e-01 4.119092e-07
5.049020e-01 9.362745e-01 8.447477e-07
5.147059e-01 9.362745e-01 1.573221e-06
5.245098e-01 9.362745e-01 2.710628e-06
5.343137e-01 9.362745e-01 4.371390e-06
5.441176e-01 9.362745e-01 6.651962e-06
5.539216e-01 9.362745e-01 9.606840e-06
5.637255e-01 9.362745e-01 1.322793e-05
5.735294e-01 9.362745e-01 1.742582e-05
5.833333e-01 9.362745e-01 2.202836e-05
5.931373e-01 9.362745e-01 2.678330e-05
6.029412e-01 9.362745e-01 3.138886e-05
6.127451e-01 9.362745e-01 3.551691e-05
6.225490e-01 9.362745e-01 3.886514e-05
6.323529e-01 9.362745e-01 4.118118e-05
6.421569e-01 9.362745e-01 4.230699e-05
6.519608e-01 9.362745e-01 4.218454e-05
6.617647e-01 9.362745e-01 4.086528e-05
6.715686e-01 9.362745e-01 3.849647e-05
6.813725e-01 9.362745e-01 3.529253e-05
6.911765e-01 9.362745e-01 3.151382e-05
7.009804e-01 9.362745e-01 2.742595e-05
7.107843e-01 9.362745e-01 2.327783e-05
7.205882e-01 9.362745e-01 1.928158e-05
7.303922e-01 9.362745e-01 1.559417e-05
7.401961e-01 9.362745e-01 1.232143e-05
7.500000e-01 9.362745e-01 9.516704e-06
7.598039e-01 9.362745e-01 7.187192e-06
7.696078e-01 9.362745e-01 5.310791e-06
7.794118e-01 9.362745e-01 3.841451e-06
7.892157e-01 9.362745e-01 2.719941e-06
7.990196e-01 9.362745e-01 1.886845e-06
8.088235e-01 9.362745e-01 1.283073e-06
8.186275e-01 9.362745e-01 8.545385e-07
8.284314e-01 9.362745e-01 5.582826e-07
8.382353e-01 9.362745e-01 3.583245e-07
8.480392e-01 9.362745e-01 2.250667e-07
8.578431e-01 9.362745e-01 1.386355e-07
8.676471e-01 9.362745e-01 8.448771e-08
8.774510e-01 9.362745e-01 5.029201e-08
8.872549e-01 9.362745e-01 2.893465e-08
8.970588e-01 9.362745e-01 1.684774e-08
9.068627e-01 9.362745e-01 9.873619e-09
9.166667e-01 9.362745e-01 5.111817e-09
9.264706e-01 9.362745e-01 2.561483e-09
9.362745e-01 9.362745e-01 1.808779e-09
9.460784e-01 9.362745e-01 1.071591e-09
9.558824e-01 9.362745e-01 1.027752e-10
9.656863e-01 9.362745e-01 7.058531e-12
9.754902e-01 9.362745e-01 4.590090e-10
9.852941e-01 9.362745e-01 2.472819e-10
9.950980e-01 9.362745e-01 -3.321499e-10
4.901961e-03 9.460784e-01 1.461490e-10
1.470588e-02 9.460784e-01 -1.959687e-10
2.450980e-02 9.460784e-01 -1.174246e-10
3.431373e-02 9.460784e-01 2.082376e-10
4.411765e-02 9.460784e-01 1.578080e-10
5.392157e-02 9.460784e-01 -1.787050e-10
6.372549e-02 9.460784e-01 -2.021213e-10
7.352941e-02 9.460784e-01 1.251329e-10
8.333333e-02 9.460784e-01 2.494825e-10
9.313725e-02 9.460784e-01 -3.095661e-11
1.029412e-01 9.460784e-01 -2.689523e-10
1.127451e-01 9.460784e-01 -9.961760e-11
1.225490e-01 9.460784e-01 2.220828e-10
1.323529e-01 9.460784e-01 2.328926e-10
1.421569e-01 9.460784e-01 -7.921088e-11
1.519608e-01 9.460784e-01 -2.937899e-10
1.617647e-01 9.460784e-01 -1.357532e-10
1.715686e-01 9.460784e-01 1.950370e-10
1.813725e-01 9.460784e-01 3.036215e-10
1.911765e-01 9.460784e-01 6.945886e-11
2.009804e-01 9.460784e-01 -2.477705e-10
2.107843e-01 9.460784e-01 -3.175608e-10
2.205882e-01 9.460784e-01 -7.521458e-11
2.303922e-01 9.460784e-01 2.462507e-10
2.401961e-01 9.460784e-01 3.600193e-10
2.500000e-01 9.460784e-01 1.755668e-10
2.598039e-01 9.460784e-01 -1.546678e-10
2.696078e-01 9.460784e-01 -3.837696e-10
2.794118e-01 9.460784e-01 -3.580362e-10
2.892157e-01 9.460784e-01 -1.026612e-10
2.990196e-01 9.460784e-01 2.246179e-10
3.088235e-01 9.460784e-01 4.469678e-10
3.186275e-01 9.460784e-01 4.635459e-10
3.284314e-01 9.460784e-01 2.798933e-10
3.382353e-01 9.460784e-01 -2.105669e-11
3.480392e-01 9.460784e-01 -3.330441e-10
3.578431e-01 9.460784e-01 -5.717519e-10
3.676471e-01 9.460784e-01 -6.948625e-10
3.774510e-01 9.460784e-01 -6.994687e-10
3.872549e-01 9.460784e-01 -6.110958e-10
3.970588e-01 9.460784e-01 -4.809091e-10
4.068627e-01 9.460784e-01 -4.001863e-10
4.166667e-01 9.460784e-01 -5.210148e-10
4.264706e-01 9.460784e-01 -1.034269e-09
4.362745e-01 9.460784e-01 -1.999464e-09
4.460784e-01 9.460784e-01 -2.856299e-09
4.558824e-01 9.460784e-01 -1.407535e-09
4.656863e-01 9.460784e-01 7.912351e-09
4.754902e-01 9.460784e-01 3.651628e-08
4.852941e-01 9.460784e-01 1.046589e-07
4.950980e-01 9.460784e-01 2.442943e-07
5.049020e-01 9.460784e-01 5.008413e-07
5.147059e-01 9.460784e-01 9.325333e-07
5.245098e-01 9.460784e-01 1.606463e-06
5.343137e-01 9.460784e-01 2.590377e-06
5.441176e-01 9.460784e-01 3.941375e-06
5.539216e-01 9.460784e-01 5.691703e-06
5.637255e-01 9.460784e-01 7.836538e-06
5.735294e-01 9.460784e-01 1.032291e-05
5.833333e-01 9.460784e-01 1.304885e-05
5.931373e-01 9.460784e-01 1.586498e-05
6.029412e-01 9.460784e-01 1.859258e-05
6.127451e-01 9.460784e-01 2.103735e-05
6.225490e-01 9.460784e-01 2.302026e-05
6.323529e-01 9.460784e-01 2.439189e-05
6.421569e-01 9.460784e-01 2.505863e-05
6.519608e-01 9.460784e-01 2.498613e-05
6.617647e-01 9.460784e-01 2.420484e-05
6.715686e-01 9.460784e-01 2.280196e-05
6.813725e-01 9.460784e-01 2.090447e-05
6.911765e-01 9.460784e-01 1.866652e-05
7.009804e-01 9.460784e-01 1.624544e-05
7.107843e-01 9.460784e-01 1.378861e-05
7.205882e-01 9.460784e-01 1.142168e-05
7.303922e-01 9.460784e-01 9.237615e-06
7.401961e-01 9.460784e-01 7.299106e-06
7.500000e-01 9.460784e-01 5.637764e-06
7.598039e-01 9.460784e-01 4.257867e-06
7.696078e-01 9.460784e-01 3.146336e-06
7.794118e-01 9.460784e-01 2.275908e-06
7.892157e-01 9.460784e-01 1.611511e-06
7.990196e-01 9.460784e-01 1.117956e-06
8.088235e-01 9.460784e-01 7.602470e-07
8.186275e-01 9.460784e-01 5.063503e-07
8.284314e-01 9.460784e-01 3.308184e-07
8.382353e-01 9.460784e-01 2.123373e-07
8.480392e-01 9.460784e-01 1.333765e-07
8.578431e-01 9.460784e-01 8.216039e-08
8.676471e-01 9.460784e-01 5.007140e-08
8.774510e-01 9.460784e-01 2.980661e-08
8.872549e-01 9.460784e-01 1.715044e-08
8.970588e-01 9.460784e-01 9.986004e-09
9.068627e-01 9.460784e-01 5.851713e-09
9.166667e-01 9.460784e-01 3.030577e-09
9.264706e-01 9.460784e-01 1.519193e-09
9.362745e-01 9.460784e-01 1.071591e-09
9.460784e-01 9.460784e-01 6.346711e-10
9.558824e-01 9.460784e-01 6.178413e-11
9.656863e-01 9.460784e-01 4.692421e-12
9.754902e-01 9.460784e-01 2.712090e-10
9.852941e-01 9.460784e-01 1.461490e-10
9.950980e-01 9.460784e-01 -1.959687e-10
4.901961e-03 9.558824e-01 1.479017e-11
1.470588e-02 9.558824e-01 -1.838187e-11
2.450980e-02 9.558824e-01 -1.202058e-11
3.431373e-02 9.558824e-01 1.948866e-11
4.411765e-02 9.558824e-01 1.583663e-11
5.392157e-02 9.558824e-01 -1.652129e-11
6.372549e-02 9.558824e-01 -1.994615e-11
7.352941e-02 9.558824e-01 1.122298e-11
8.333333e-02 9.558824e-01 2.423160e-11
9.313725e-02 9.558824e-01 -2.078076e-12
1.029412e-01 9.558824e-01 -2.571826e-11
1.127451e-01 9.558824e-01 -1.040135e-11
1.225490e-01 9.558824e-01 2.078377e-11
1.323529e-01 9.558824e-01 2.287877e-11
1.421569e-01 9.558824e-01 -6.757809e-12
1.519608e-01 9.558824e-01 -2.815429e-11
1.617647e-01 9.558824e-01 -1.382234e-11
1.715686e-01 9.558824e-01 1.808052e-11
1.813725e-01 9.558824e-01 2.939834e-11
1.911765e-01 9.558824e-01 7.499295e-12
2.009804e-01 9.558824e-01 -2.328762e-11
2.107843e-01 9.558824e-01 -3.081484e-11
2.205882e-01 9.558824e-01 -8.016013e-12
2.303922e-01 9.558824e-01 2.313945e-11
2.401961e-01 9.558824e-01 3.477825e-11
2.500000e-01 9.558824e-01 1.756259e-11
2.598039e-01 9.558824e-01 -1.423721e-11
2.696078e-01 9.558824e-01 -3.677192e-11
2.794118e-01 9.558824e-01 -3.484779e-11
2.892157e-01 9.558824e-01 -1.052288e-11
2.990196e-01 9.558824e-01 2.112547e-11
3.088235e-01 9.558824e-01 4.292498e-11
3.186275e-01 9.558824e-01 4.491753e-11
3.284314e-01 9.558824e-01 2.744759e-11
3.382353e-01 9.558824e-01 -1.553075e-12
3.480392e-01 9.558824e-01 -3.179015e-11
3.578431e-01 9.558824e-01 -5.503458e-11
3.676471e-01 9.558824e-01 -6.712090e-11
3.774510e-01 9.558824e-01 -6.773336e-11
3.872549e-01 9.558824e-01 -5.934464e-11
3.970588e-01 9.558824e-01 -4.690368e-11
4.068627e-01 9.558824e-01 -3.915041e-11
4.166667e-01 9.558824e-01 -5.050402e-11
4.264706e-01 9.558824e-01 -9.884086e-11
4.362745e-01 9.558824e-01 -1.890683e-10
4.460784e-01 9.558824e-01 -2.661829e-10
4.558824e-01 9.558824e-01 -1.176060e-10
4.656863e-01 9.558824e-01 7.931008e-10
4.754902e-01 9.558824e-01 3.564549e-09
4.852941e-01 9.558824e-01 1.014579e-08
4.950980e-01 9.558824e-01 2.361216e-08
5.049020e-01 9.558824e-01 4.833696e-08
5.147059e-01 9.558824e-01 8.993146e-08
5.245098e-01 9.558824e-01 1.548672e-07
5.343137e-01 9.558824e-01 2.496885e-07
5.441176e-01 9.558824e-01 3.799249e-07
5.539216e-01 9.558824e-01 5.487207e-07
5.637255e-01 9.558824e-01 7.556541e-07
5.735294e-01 9.558824e-01 9.956599e-07
5.833333e-01 9.558824e-01 1.258941e-06
5.931373e-01 9.558824e-01 1.531106e-06
6.029412e-01 9.558824e-01 1.794913e-06
6.127451e-01 9.558824e-01 2.031585e-06
6.225490e-01 9.558824e-01 2.223796e-06
6.323529e-01 9.558824e-01 2.357053e-06
6.421569e-01 9.558824e-01 2.422242e-06
6.519608e-01 9.558824e-01 2.415970e-06
6.617647e-01 9.558824e-01 2.341110e-06
6.715686e-01 9.558824e-01 2.206039e-06
6.813725e-01 9.558824e-01 2.022994e-06
6.911765e-01 9.558824e-01 1.806867e-06
7.009804e-01 9.558824e-01 1.572873e-06
7.107843e-01 9.558824e-01 1.335284e-06
7.205882e-01 9.558824e-01 1.106279e-06
7.303922e-01 9.558824e-01 8.948851e-07
7.401961e-01 9.558824e-01 7.071948e-07
7.500000e-01 9.558824e-01 5.462962e-07
7.598039e-01 9.558824e-01 4.126245e-07
7.696078e-01 9.558824e-01 3.049275e-07
7.794118e-01 9.558824e-01 2.205792e-07
7.892157e-01 9.558824e-01 1.561890e-07
7.990196e-01 9.558824e-01 1.083506e-07
8.088235e-01 9.558824e-01 7.367883e-08
8.186275e-01 9.558824e-01 4.906948e-08
8.284314e-01 9.558824e-01 3.205466e-08
8.382353e-01 9.558824e-01 2.057148e-08
8.480392e-01 9.558824e-01 1.292025e-08
8.578431e-01 9.558824e-01 7.956622e-09
8.676471e-01 9.558824e-01 4.847347e-09
8.774510e-01 9.558824e-01 2.885643e-09
8.872549e-01 9.558824e-01 1.659806e-09
8.970588e-01 9.558824e-01 9.651503e-10
9.068627e-01 9.558824e-01 5.658312e-10
9.166667e-01 9.558824e-01 2.936552e-10
9.264706e-01 9.558824e-01 1.464071e-10
9.362745e-01 9.558824e-01 1.027752e-10
9.460784e-01 9.558824e-01 6.178413e-11
9.558824e-01 9.558824e-01 6.527675e-12
9.656863e-01 9.558824e-01 -2.156386e-13
9.754902e-01 9.558824e-01 2.562877e-11
9.852941e-01 9.558824e-01 1.479017e-11
9.950980e-01 9.558824e-01 -1.838187e-11
4.901961e-03 9.656863e-01 1.583841e-12
1.470588e-02 9.656863e-01 -1.900780e-12
2.450980e-02 9.656863e-01 -1.459612e-12
3.431373e-02 9.656863e-01 1.913727e-12
4.411765e-02 9.656863e-01 1.803210e-12
5.392157e-02 9.656863e-01 -1.584437e-12
6.372549e-02 9.656863e-01 -2.200800e-12
7.352941e-02 9.656863e-01 9.832636e-13
8.333333e-02 9.656863e-01 2.569652e-12
9.313725e-02 9.656863e-01 -6.486925e-15
1.029412e-01 9.656863e-01 -2.612173e-12
1.127451e-01 9.656863e-01 -1.258667e-12
1.225490e-01 9.656863e-01 1.979177e-12
1.323529e-01 9.656863e-01 2.431124e-12
1.421569e-01 9.656863e-01 -4.698439e-13
1.519608e-01 9.656863e-01 -2.785717e-12
1.617647e-01 9.656863e-01 -1.560849e-12
1.715686e-01 9.656863e-01 1.605468e-12
1.813725e-01 9.656863e-01 2.915276e-12
1.911765e-01 9.656863e-01 9.374564e-13
2.009804e-01 9.656863e-01 -2.083851e-12
2.107843e-01 9.656863e-01 -2.990814e-12
2.205882e-01 9.656863e-01 -9.646433e-13
2.303922e-01 9.656863e-01 1.992482e-12
2.401961e-01 9.656863e-01 3.228070e-12
2.500000e-01 9.656863e-01 1.784176e-12
2.598039e-01 9.656863e-01 -1.084151e-12
2.696078e-01 9.656863e-01 -3.200718e-12
2.794118e-01 9.656863e-01 -3.157681e-12
2.892157e-01 9.656863e-01 -1.106382e-12
2.990196e-01 9.656863e-01 1.631638e-12
3.088235e-01 9.656863e-01 3.552409e-12
3.186275e-01 9.656863e-01 3.794926e-12
3.284314e-01 9.656863e-01 2.398683e-12
3.382353e-01 9.656863e-01 4.831117e-14
3.480392e-01 9.656863e-01 -2.389224e-12
3.578431e-01 9.656863e-01 -4.242548e-12
3.676471e-01 9.656863e-01 -5.192582e-12
3.774510e-01 9.656863e-01 -5.231505e-12
3.872549e-01 9.656863e-01 -4.541747e-12
3.970588e-01 9.656863e-01 -3.434548e-12
4.068627e-01 9.656863e-01 -2.444021e-12
4.166667e-01 9.656863e-01 -2.547402e-12
4.264706e-01 9.656863e-01 -5.229513e-12
4.362745e-01 9.656863e-01 -1.169926e-11
4.460784e-01 9.656863e-01 -2.004813e-11
4.558824e-01 9.656863e-01 -1.873524e-11
4.656863e-01 9.656863e-01 2.518457e-11
4.754902e-01 9.656863e-01 1.837273e-10
4.852941e-01 9.656863e-01 5.902706e-10
4.950980e-01 9.656863e-01 1.462093e-09
5.049020e-01 9.656863e-01 3.116160e-09
5.147059e-01 9.656863e-01 5.968237e-09
5.245098e-01 9.656863e-01 1.050776e-08
5.343137e-01 9.656863e-01 1.724086e-08
5.441176e-01 9.656863e-01 2.660823e-08
5.539216e-01 9.656863e-01 3.887968e-08
5.637255e-01 9.656863e-01 5.405970e-08
5.735294e-01 9.656863e-01 7.180079e-08
5.833333e-01 9.656863e-01 9.138976e-08
5.931373e-01 9.656863e-01 1.117547e-07
6.029412e-01 9.656863e-01 1.315940e-07
6.127451e-01 9.656863e-01 1.494772e-07
6.225490e-01 9.656863e-01 1.640750e-07
6.323529e-01 9.656863e-01 1.742678e-07
6.421569e-01 9.656863e-01 1.793445e-07
6.519608e-01 9.656863e-01 1.790318e-07
6.617647e-01 9.656863e-01 1.735374e-07
6.715686e-01 9.656863e-01 1.634934e-07
6.813725e-01 9.656863e-01 1.498273e-07
6.911765e-01 9.656863e-01 1.336721e-07
7.009804e-01 9.656863e-01 1.161834e-07
7.107843e-01 9.656863e-01 9.844262e-08
7.205882e-01 9.656863e-01 8.137140e-08
7.303922e-01 9.656863e-01 6.564593e-08
7.401961e-01 9.656863e-01 5.171976e-08
7.500000e-01 9.656863e-01 3.981830e-08
7.598039e-01 9.656863e-01 2.996313e-08
7.696078e-01 9.656863e-01 2.205291e-08
7.794118e-01 9.656863e-01 1.588381e-08
7.892157e-01 9.656863e-01 1.119394e-08
7.990196e-01 9.656863e-01 7.726477e-09
8.088235e-01 9.656863e-01 5.227005e-09
8.186275e-01 9.656863e-01 3.461116e-09
8.284314e-01 9.656863e-01 2.247263e-09
8.382353e-01 9.656863e-01 1.434149e-09
8.480392e-01 9.656863e-01 8.945957e-10
8.578431e-01 9.656863e-01 5.464465e-10
8.676471e-01 9.656863e-01 3.313401e-10
8.774510e-01 9.656863e-01 1.960556e-10
8.872549e-01 9.656863e-01 1.109215e-10
8.970588e-01 9.656863e-01 6.421939e-11
9.068627e-01 9.656863e-01 3.825992e-11
9.166667e-01 9.656863e-01 1.909069e-11
9.264706e-01 9.656863e-01 8.697900e-12
9.362745e-01 9.656863e-01 7.058531e-12
9.460784e-01 9.656863e-01 4.692421e-12
9.558824e-01 9.656863e-01 -2.156386e-13
9.656863e-01 9.656863e-01 -7.037496e-13
9.754902e-01 9.656863e-01 2.326607e-12
9.852941e-01 9.656863e-01 1.583841e-12
9.950980e-01 9.656863e-01 -1.900780e-12
4.901961e-03 9.754902e-01 6.213374e-11
1.470588e-02 9.754902e-01 -8.459271e-11
2.450980e-02 9.754902e-01 -4.987206e-11
3.431373e-02 9.754902e-01 8.988529e-11
4.411765e-02 9.754902e-01 6.725673e-11
5.392157e-02 9.754902e-01 -7.730575e-11
6.372549e-02 9.754902e-01 -8.641637e-11
7.352941e-02 9.754902e-01 5.440507e-11
8.333333e-02 9.754902e-01 1.069710e-10
9.313725e-02 9.754902e-01 -1.402049e-11
1.029412e-01 9.754902e-01 -1.156352e-10
1.127451e-01 9.754902e-01 -4.212447e-11
1.225490e-01 9.754902e-01 9.583788e-11
1.323529e-01 9.754902e-01 9.962720e-11
1.421569e-01 9.754902e-01 -3.470409e-11
1.519608e-01 9.754902e-01 -1.262296e-10
1.617647e-01 9.754902e-01 -5.767256e-11
1.715686e-01 9.754902e-01 8.427581e-11
1.813725e-01 9.754902e-01 1.301838e-10
1.911765e-01 9.754902e-01 2.916149e-11
2.009804e-01 9.754902e-01 -1.067801e-10
2.107843e-01 9.754902e-01 -1.360735e-10
2.205882e-01 9.754902e-01 -3.165512e-11
2.303922e-01 9.754902e-01 1.060991e-10
2.401961e-01 9.754902e-01 1.543482e-10
2.500000e-01 9.754902e-01 7.478415e-11
2.598039e-01 9.754902e-01 -6.685339e-11
2.696078e-01 9.754902e-01 -1.647178e-10
2.794118e-01 9.754902e-01 -1.532284e-10
2.892157e-01 9.754902e-01 -4.351265e-11
2.990196e-01 9.754902e-01 9.668807e-11
3.088235e-01 9.754902e-01 1.916795e-10
3.186275e-01 9.754902e-01 1.984519e-10
3.284314e-01 9.754902e-01 1.195587e-10
3.382353e-01 9.754902e-01 -9.391990e-12
3.480392e-01 9.754902e-01 -1.429065e-10
3.578431e-01 9.754902e-01 -2.449506e-10
3.676471e-01 9.754902e-01 -2.974809e-10
3.774510e-01 9.754902e-01 -2.992925e-10
3.872549e-01 9.754902e-01 -2.613047e-10
3.970588e-01 9.754902e-01 -2.053883e-10
4.068627e-01 9.754902e-01 -1.706345e-10
4.166667e-01 9.754902e-01 -2.223457e-10
4.264706e-01 9.754902e-01 -4.427890e-10
4.362745e-01 9.754902e-01 -8.585383e-10
4.460784e-01 9.754902e-01 -1.231456e-09
4.558824e-01 9.754902e-01 -6.231277e-10
4.656863e-01 9.754902e-01 3.346787e-09
4.754902e-01 9.754902e-01 1.556264e-08
4.852941e-01 9.754902e-01 4.469559e-08
4.950980e-01 9.754902e-01 1.044276e-07
5.049020e-01 9.754902e-01 2.142073e-07
5.147059e-01 9.754902e-01 3.989703e-07
5.245098e-01 9.754902e-01 6.874435e-07
5.343137e-01 9.754902e-01 1.108629e-06
5.441176e-01 9.754902e-01 1.686965e-06
5.539216e-01 9.754902e-01 2.436238e-06
5.637255e-01 9.754902e-01 3.354358e-06
5.735294e-01 9.754902e-01 4.418617e-06
5.833333e-01 9.754902e-01 5.585332e-06
5.931373e-01 9.754902e-01 6.790529e-06
6.029412e-01 9.754902e-01 7.957693e-06
6.127451e-01 9.754902e-01 9.003655e-06
6.225490e-01 9.754902e-01 9.851816e-06
6.323529e-01 9.754902e-01 1.043825e-05
6.421569e-01 9.754902e-01 1.072296e-05
6.519608e-01 9.754902e-01 1.069130e-05
6.617647e-01 9.754902e-01 1.035636e-05
6.715686e-01 9.754902e-01 9.755517e-06
6.813725e-01 9.754902e-01 8.943145e-06
6.911765e-01 9.754902e-01 7.985239e-06
7.009804e-01 9.754902e-01 6.949115e-06
7.107843e-01 9.754902e-01 5.897838e-06
7.205882e-01 9.754902e-01 4.885141e-06
7.303922e-01 9.754902e-01 3.950777e-06
7.401961e-01 9.754902e-01 3.121541e-06
7.500000e-01 9.754902e-01 2.410927e-06
7.598039e-01 9.754902e-01 1.820741e-06
7.696078e-01 9.754902e-01 1.345370e-06
7.794118e-01 9.754902e-01 9.731353e-07
7.892157e-01 9.754902e-01 6.890248e-07
7.990196e-01 9.754902e-01 4.779825e-07
8.088235e-01 9.754902e-01 3.250343e-07
8.186275e-01 9.754902e-01 2.164775e-07
8.284314e-01 9.754902e-01 1.414309e-07
8.382353e-01 9.754902e-01 9.077702e-08
8.480392e-01 9.754902e-01 5.701872e-08
8.578431e-01 9.754902e-01 3.512380e-08
8.676471e-01 9.754902e-01 2.140647e-08
8.774510e-01 9.754902e-01 1.274223e-08
8.872549e-01 9.754902e-01 7.331462e-09
8.970588e-01 9.754902e-01 4.269855e-09
9.068627e-01 9.754902e-01 2.502106e-09
9.166667e-01 9.754902e-01 1.294935e-09
9.264706e-01 9.754902e-01 6.495176e-10
9.362745e-01 9.754902e-01 4.590090e-10
9.460784e-01 9.754902e-01 2.712090e-10
9.558824e-01 9.754902e-01 2.562877e-11
9.656863e-01 9.754902e-01 2.326607e-12
9.754902e-01 9.754902e-01 1.167620e-10
9.852941e-01 9.754902e-01 6.213374e-11
9.950980e-01 9.754902e-01 -8.459271e-11
4.901961e-03 9.852941e-01 3.332053e-11
1.470588e-02 9.852941e-01 -4.471554e-11
2.450980e-02 9.852941e-01 -2.664128e-11
3.431373e-02 9.852941e-01 4.759217e-11
4.411765e-02 9.852941e-01 3.589515e-11
5.392157e-02 9.852941e-01 -4.086836e-11
6.372549e-02 9.852941e-01 -4.602673e-11
7.352941e-02 9.852941e-01 2.868168e-11
8.333333e-02 9.852941e-01 5.688876e-11
9.313725e-02 9.852941e-01 -7.212702e-12
1.029412e-01 9.852941e-01 -6.141268e-11
1.127451e-01 9.852941e-01 -2.260401e-11
1.225490e-01 9.852941e-01 5.080566e-11
1.323529e-01 9.852941e-01 5.310537e-11
1.421569e-01 9.852941e-01 -1.824247e-11
1.519608e-01 9.852941e-01 -6.714305e-11
1.617647e-01 9.852941e-01 -3.088931e-11
1.715686e-01 9.852941e-01 4.470632e-11
1.813725e-01 9.852941e-01 6.939068e-11
1.911765e-01 9.852941e-01 1.573633e-11
2.009804e-01 9.852941e-01 -5.679046e-11
2.107843e-01 9.852941e-01 -7.262806e-11
2.205882e-01 9.852941e-01 -1.706896e-11
2.303922e-01 9.852941e-01 5.650388e-11
2.401961e-01 9.852941e-01 8.245098e-11
2.500000e-01 9.852941e-01 4.009927e-11
2.598039e-01 9.852941e-01 -3.559399e-11
2.696078e-01 9.852941e-01 -8.805059e-11
2.794118e-01 9.852941e-01 -8.206120e-11
2.892157e-01 9.852941e-01 -2.341983e-11
2.990196e-01 9.852941e-01 5.169001e-11
3.088235e-01 9.852941e-01 1.026975e-10
3.186275e-01 9.852941e-01 1.064543e-10
3.284314e-01 9.852941e-01 6.422127e-11
3.382353e-01 9.852941e-01 -4.968371e-12
3.480392e-01 9.852941e-01 -7.670887e-11
3.578431e-01 9.852941e-01 -1.316164e-10
3.676471e-01 9.852941e-01 -1.599459e-10
3.774510e-01 9.852941e-01 -1.610153e-10
3.872549e-01 9.852941e-01 -1.407084e-10
3.970588e-01 9.852941e-01 -1.108599e-10
4.068627e-01 9.852941e-01 -9.258987e-11
4.166667e-01 9.852941e-01 -1.210051e-10
4.264706e-01 9.852941e-01 -2.399393e-10
4.362745e-01 9.852941e-01 -4.624015e-10
4.460784e-01 9.852941e-01 -6.575268e-10
4.558824e-01 9.852941e-01 -3.156488e-10
4.656863e-01 9.852941e-01 1.851055e-09
4.754902e-01 9.852941e-01 8.479778e-09
4.852941e-01 9.852941e-01 2.424628e-08
4.950980e-01 9.852941e-01 5.652174e-08
5.049020e-01 9.852941e-01 1.157771e-07
5.147059e-01 9.852941e-01 2.154305e-07
5.245098e-01 9.852941e-01 3.709337e-07
5.343137e-01 9.852941e-01 5.978806e-07
5.441176e-01 9.852941e-01 9.094042e-07
5.539216e-01 9.852941e-01 1.312906e-06
5.637255e-01 9.852941e-01 1.807248e-06
5.735294e-01 9.852941e-01 2.380203e-06
5.833333e-01 9.852941e-01 3.008266e-06
5.931373e-01 9.852941e-01 3.657020e-06
6.029412e-01 9.852941e-01 4.285303e-06
6.127451e-01 9.852941e-01 4.848373e-06
6.225490e-01 9.852941e-01 5.305015e-06
6.323529e-01 9.852941e-01 5.620829e-06
6.421569e-01 9.852941e-01 5.774275e-06
6.519608e-01 9.852941e-01 5.757453e-06
6.617647e-01 9.852941e-01 5.577384e-06
6.715686e-01 9.852941e-01 5.254152e-06
6.813725e-01 9.852941e-01 4.816997e-06
6.911765e-01 9.852941e-01 4.301423e-06
7.009804e-01 9.852941e-01 3.743655e-06
7.107843e-01 9.852941e-01 3.177640e-06
7.205882e-01 9.852941e-01 2.632313e-06
7.303922e-01 9.852941e-01 2.129091e-06
7.401961e-01 9.852941e-01 1.682421e-06
7.500000e-01 9.852941e-01 1.299587e-06
7.598039e-01 9.852941e-01 9.815837e-07
7.696078e-01 9.852941e-01 7.254043e-07
7.794118e-01 9.852941e-01 5.247735e-07
7.892157e-01 9.852941e-01 3.716177e-07
7.990196e-01 9.852941e-01 2.578314e-07
8.088235e-01 9.852941e-01 1.753536e-07
8.186275e-01 9.852941e-01 1.168061e-07
8.284314e-01 9.852941e-01 7.632394e-08
8.382353e-01 9.852941e-01 4.899468e-08
8.480392e-01 9.852941e-01 3.077976e-08
8.578431e-01 9.852941e-01 1.896366e-08
8.676471e-01 9.852941e-01 1.155818e-08
8.774510e-01 9.852941e-01 6.881251e-09
8.872549e-01 9.852941e-01 3.960777e-09
8.970588e-01 9.852941e-01 2.306343e-09
9.068627e-01 9.852941e-01 1.351029e-09
9.166667e-01 9.852941e-01 7.002997e-10
9.264706e-01 9.852941e-01 3.516444e-10
9.362745e-01 9.852941e-01 2.472819e-10
9.460784e-01 9.852941e-01 1.461490e-10
9.558824e-01 9.852941e-01 1.479017e-11
9.656863e-01 9.852941e-01 1.583841e-12
9.754902e-01 9.852941e-01 6.213374e-11
9.852941e-01 9.852941e-01 3.332053e-11
9.950980e-01 9.852941e-01 -4.471554e-11
4.901961e-03 9.950980e-01 -4.471554e-11
1.470588e-02 9.950980e-01 6.132130e-11
2.450980e-02 9.950980e-01 3.584543e-11
3.431373e-02 9.950980e-01 -6.517396e-11
4.411765e-02 9.950980e-01 -4.844040e-11
5.392157e-02 9.950980e-01 5.611453e-11
6.372549e-02 9.950980e-01 6.234391e-11
7.352941e-02 9.950980e-01 -3.959671e-11
8.333333e-02 9.950980e-01 -7.729307e-11
9.313725e-02 9.950980e-01 1.041597e-11
1.029412e-01 9.950980e-01 8.367803e-11
1.127451e-01 9.950980e-01 3.021475e-11
1.225490e-01 9.950980e-01 -6.949092e-11
1.323529e-01 9.950980e-01 -7.190830e-11
1.421569e-01 9.950980e-01 2.536349e-11
1.519608e-01 9.950980e-01 9.132744e-11
1.617647e-01 9.950980e-01 4.147758e-11
1.715686e-01 9.950980e-01 -6.116104e-11
1.813725e-01 9.950980e-01 -9.409723e-11
1.911765e-01 9.950980e-01 -2.084085e-11
2.009804e-01 9.950980e-01 7.739712e-11
2.107843e-01 9.950980e-01 9.833535e-11
2.205882e-01 9.950980e-01 2.265642e-11
2.303922e-01 9.950980e-01 -7.690622e-11
2.401961e-01 9.950980e-01 -1.115919e-10
2.500000e-01 9.950980e-01 -5.388420e-11
2.598039e-01 9.950980e-01 4.854978e-11
2.696078e-01 9.950980e-01 1.191831e-10
2.794118e-01 9.950980e-01 1.107056e-10
2.892157e-01 9.950980e-01 3.127567e-11
2.990196e-01 9.950980e-01 -7.008154e-11
3.088235e-01 9.950980e-01 -1.386655e-10
3.186275e-01 9.950980e-01 -1.434442e-10
3.284314e-01 9.950980e-01 -8.632081e-11
3.382353e-01 9.950980e-01 6.936325e-12
3.480392e-01 9.950980e-01 1.034432e-10
3.578431e-01 9.950980e-01 1.771710e-10
3.676471e-01 9.950980e-01 2.150961e-10
3.774510e-01 9.950980e-01 2.163570e-10
3.872549e-01 9.950980e-01 1.888467e-10
3.970588e-01 9.950980e-01 1.483779e-10
4.068627e-01 9.950980e-01 1.232413e-10
4.166667e-01 9.950980e-01 1.607387e-10
4.264706e-01 9.950980e-01 3.205226e-10
4.362745e-01 9.950980e-01 6.220500e-10
4.460784e-01 9.950980e-01 8.933657e-10
4.558824e-01 9.950980e-01 4.559701e-10
4.656863e-01 9.950980e-01 -2.411742e-09
4.754902e-01 9.950980e-01 -1.124279e-08
4.852941e-01 9.950980e-01 -3.230946e-08
4.950980e-01 9.950980e-01 -7.550837e-08
5.049020e-01 9.950980e-01 -1.549066e-07
5.147059e-01 9.950980e-01 -2.885385e-07
5.245098e-01 9.950980e-01 -4.971785e-07
5.343137e-01 9.950980e-01 -8.017973e-07
5.441176e-01 9.950980e-01 -1.220060e-06
5.539216e-01 9.950980e-01 -1.761927e-06
5.637255e-01 9.950980e-01 -2.425873e-06
5.735294e-01 9.950980e-01 -3.195463e-06
5.833333e-01 9.950980e-01 -4.039096e-06
5.931373e-01 9.950980e-01 -4.910503e-06
6.029412e-01 9.950980e-01 -5.754350e-06
6.127451e-01 9.950980e-01 -6.510504e-06
6.225490e-01 9.950980e-01 -7.123589e-06
6.323529e-01 9.950980e-01 -7.547400e-06
6.421569e-01 9.950980e-01 -7.753035e-06
6.519608e-01 9.950980e-01 -7.729927e-06
6.617647e-01 9.950980e-01 -7.487566e-06
6.715686e-01 9.950980e-01 -7.052986e-06
6.813725e-01 9.950980e-01 -6.465512e-06
6.911765e-01 9.950980e-01 -5.772863e-06
7.009804e-01 9.950980e-01 -5.023707e-06
7.107843e-01 9.950980e-01 -4.263636e-06
7.205882e-01 9.950980e-01 -3.531489e-06
7.303922e-01 9.950980e-01 -2.855996e-06
7.401961e-01 9.950980e-01 -2.256522e-06
7.500000e-01 9.950980e-01 -1.742814e-06
7.598039e-01 9.950980e-01 -1.316172e-06
7.696078e-01 9.950980e-01 -9.725344e-07
7.794118e-01 9.950980e-01 -7.034551e-07
7.892157e-01 9.950980e-01 -4.980800e-07
7.990196e-01 9.950980e-01 -3.455246e-07
8.088235e-01 9.950980e-01 -2.349632e-07
8.186275e-01 9.950980e-01 -1.564905e-07
8.284314e-01 9.950980e-01 -1.022415e-07
8.382353e-01 9.950980e-01 -6.562462e-08
8.480392e-01 9.950980e-01 -4.122067e-08
8.578431e-01 9.950980e-01 -2.539297e-08
8.676471e-01 9.950980e-01 -1.547652e-08
8.774510e-01 9.950980e-01 -9.212438e-09
8.872549e-01 9.950980e-01 -5.300760e-09
8.970588e-01 9.950980e-01 -3.087571e-09
9.068627e-01 9.950980e-01 -1.809206e-09
9.166667e-01 9.950980e-01 -9.361694e-10
9.264706e-01 9.950980e-01 -4.698283e-10
9.362745e-01 9.950980e-01 -3.321499e-10
9.460784e-01 9.950980e-01 -1.959687e-10
9.558824e-01 9.950980e-01 -1.838187e-11
9.656863e-01 9.950980e-01 -1.900780e-12
9.754902e-01 9.950980e-01 -8.459271e-11
9.852941e-01 9.950980e-01 -4.471554e-11
9.950980e-01 9.950980e-01 6.132130e-11
