TITLE = "2D Linear Advection"
VARIABLES = "x" "y" "u"
ZONE I=102, J=102, F=POINT
4.901961e-03 4.901961e-03 2.838625e-02
1.470588e-02 4.901961e-03 2.324734e-02
2.450980e-02 4.901961e-03 1.881417e-02
3.431373e-02 4.901961e-03 1.504739e-02
4.411765e-02 4.901961e-03 1.189374e-02
5.392157e-02 4.901961e-03 9.291259e-03
6.372549e-02 4.901961e-03 7.173744e-03
7.352941e-02 4.901961e-03 5.474559e-03
8.333333e-02 4.901961e-03 4.129531e-03
9.313725e-02 4.901961e-03 3.079050e-03
1.029412e-01 4.901961e-03 2.269411e-03
1.127451e-01 4.901961e-03 1.653505e-03
1.225490e-01 4.901961e-03 1.190993e-03
1.323529e-01 4.901961e-03 8.480861e-04
1.421569e-01 4.901961e-03 5.970521e-04
1.519608e-01 4.901961e-03 4.155670e-04
1.617647e-01 4.901961e-03 2.859836e-04
1.715686e-01 4.901961e-03 1.945927e-04
1.813725e-01 4.901961e-03 1.309217e-04
1.911765e-01 4.901961e-03 8.709840e-05
2.009804e-01 4.901961e-03 5.729756e-05
2.107843e-01 4.901961e-03 3.727373e-05
2.205882e-01 4.901961e-03 2.397860e-05
2.303922e-01 4.901961e-03 1.525499e-05
2.401961e-01 4.901961e-03 9.597995e-06
2.500000e-01 4.901961e-03 5.972304e-06
2.598039e-01 4.901961e-03 3.675436e-06
2.696078e-01 4.901961e-03 2.237145e-06
2.794118e-01 4.901961e-03 1.346827e-06
2.892157e-01 4.901961e-03 8.020143e-07
2.990196e-01 4.901961e-03 4.724456e-07
3.088235e-01 4.901961e-03 2.754104e-07
3.186275e-01 4.901961e-03 1.591045e-07
3.284314e-01 4.901961e-03 9.159603e-08
3.382353e-01 4.901961e-03 5.366967e-08
3.480392e-01 4.901961e-03 3.436013e-08
3.578431e-01 4.901961e-03 2.839813e-08
3.676471e-01 4.901961e-03 3.513849e-08
3.774510e-01 4.901961e-03 5.884181e-08
3.872549e-01 4.901961e-03 1.104869e-07
3.970588e-01 4.901961e-03 2.116418e-07
4.068627e-01 4.901961e-03 4.013666e-07
4.166667e-01 4.901961e-03 7.477109e-07
4.264706e-01 4.901961e-03 1.366167e-06
4.362745e-01 4.901961e-03 2.448493e-06
4.460784e-01 4.901961e-03 4.306681e-06
4.558824e-01 4.901961e-03 7.438550e-06
4.656863e-01 4.901961e-03 1.262342e-05
4.754902e-01 4.901961e-03 2.105859e-05
4.852941e-01 4.901961e-03 3.454945e-05
4.950980e-01 4.901961e-03 5.576814e-05
5.049020e-01 4.901961e-03 8.859648e-05
5.147059e-01 4.901961e-03 1.385685e-04
5.245098e-01 4.901961e-03 2.134251e-04
5.343137e-01 4.901961e-03 3.237867e-04
5.441176e-01 4.901961e-03 4.839399e-04
5.539216e-01 4.901961e-03 7.127183e-04
5.637255e-01 4.901961e-03 1.034437e-03
5.735294e-01 4.901961e-03 1.479815e-03
5.833333e-01 4.901961e-03 2.086793e-03
5.931373e-01 4.901961e-03 2.901123e-03
6.029412e-01 4.901961e-03 3.976577e-03
6.127451e-01 4.901961e-03 5.374617e-03
6.225490e-01 4.901961e-03 7.163356e-03
6.323529e-01 4.901961e-03 9.415647e-03
6.421569e-01 4.901961e-03 1.220620e-02
6.519608e-01 4.901961e-03 1.560767e-02
6.617647e-01 4.901961e-03 1.968580e-02
6.715686e-01 4.901961e-03 2.449367e-02
6.813725e-01 4.901961e-03 3.006553e-02
6.911765e-01 4.901961e-03 3.641040e-02
7.009804e-01 4.901961e-03 4.350616e-02
7.107843e-01 4.901961e-03 5.129455e-02
7.205882e-01 4.901961e-03 5.967784e-02
7.303922e-01 4.901961e-03 6.851759e-02
7.401961e-01 4.901961e-03 7.763608e-02
7.500000e-01 4.901961e-03 8.682058e-02
7.598039e-01 4.901961e-03 9.583056e-02
7.696078e-01 4.901961e-03 1.044076e-01
7.794118e-01 4.901961e-03 1.122874e-01
7.892157e-01 4.901961e-03 1.192132e-01
7.990196e-01 4.901961e-03 1.249499e-01
8.088235e-01 4.901961e-03 1.292970e-01
8.186275e-01 4.901961e-03 1.321008e-01
8.284314e-01 4.901961e-03 1.332628e-01
8.382353e-01 4.901961e-03 1.327460e-01
8.480392e-01 4.901961e-03 1.305765e-01
8.578431e-01 4.901961e-03 1.268415e-01
8.676471e-01 4.901961e-03 1.216836e-01
8.774510e-01 4.901961e-03 1.152917e-01
8.872549e-01 4.901961e-03 1.078898e-01
8.970588e-01 4.901961e-03 9.972396e-02
9.068627e-01 4.901961e-03 9.104919e-02
9.166667e-01 4.901961e-03 8.211643e-02
9.264706e-01 4.901961e-03 7.316128e-02
9.362745e-01 4.901961e-03 6.439458e-02
9.460784e-01 4.901961e-03 5.599554e-02
9.558824e-01 4.901961e-03 4.810749e-02
9.656863e-01 4.901961e-03 4.083626e-02
9.754902e-01 4.901961e-03 3.425087e-02
9.852941e-01 4.901961e-03 2.838625e-02
9.950980e-01 4.901961e-03 2.324734e-02
4.901961e-03 1.470588e-02 2.324734e-02
1.470588e-02 1.470588e-02 1.899840e-02
2.450980e-02 1.470588e-02 1.534274e-02
3.431373e-02 1.470588e-02 1.224471e-02
4.411765e-02 1.470588e-02 9.657645e-03
5.392157e-02 1.470588e-02 7.528148e-03
6.372549e-02 1.470588e-02 5.799840e-03
7.352941e-02 1.470588e-02 4.416431e-03
8.333333e-02 1.470588e-02 3.324076e-03
9.313725e-02 1.470588e-02 2.473036e-03
1.029412e-01 1.470588e-02 1.818720e-03
1.127451e-01 1.470588e-02 1.322188e-03
1.225490e-01 1.470588e-02 9.502269e-04
1.323529e-01 1.470588e-02 6.751247e-04
1.421569e-01 1.470588e-02 4.742179e-04
1.519608e-01 1.470588e-02 3.293246e-04
1.617647e-01 1.470588e-02 2.261190e-04
1.715686e-01 1.470588e-02 1.535080e-04
1.813725e-01 1.470588e-02 1.030434e-04
1.911765e-01 1.470588e-02 6.839413e-05
2.009804e-01 1.470588e-02 4.488903e-05
2.107843e-01 1.470588e-02 2.913387e-05
2.205882e-01 1.470588e-02 1.869846e-05
2.303922e-01 1.470588e-02 1.186797e-05
2.401961e-01 1.470588e-02 7.449426e-06
2.500000e-01 1.470588e-02 4.624425e-06
2.598039e-01 1.470588e-02 2.839187e-06
2.696078e-01 1.470588e-02 1.724028e-06
2.794118e-01 1.470588e-02 1.035435e-06
2.892157e-01 1.470588e-02 6.151093e-07
2.990196e-01 1.470588e-02 3.614823e-07
3.088235e-01 1.470588e-02 2.102420e-07
3.186275e-01 1.470588e-02 1.212273e-07
3.284314e-01 1.470588e-02 6.977189e-08
3.382353e-01 1.470588e-02 4.112101e-08
3.480392e-01 1.470588e-02 2.697652e-08
3.578431e-01 1.470588e-02 2.356980e-08
3.676471e-01 1.470588e-02 3.093963e-08
3.774510e-01 1.470588e-02 5.334565e-08
3.872549e-01 1.470588e-02 1.010076e-07
3.970588e-01 1.470588e-02 1.936640e-07
4.068627e-01 1.470588e-02 3.668331e-07
4.166667e-01 1.470588e-02 6.821813e-07
4.264706e-01 1.470588e-02 1.244102e-06
4.362745e-01 1.470588e-02 2.225537e-06
4.460784e-01 1.470588e-02 3.907270e-06
4.558824e-01 1.470588e-02 6.736388e-06
4.656863e-01 1.470588e-02 1.141134e-05
4.754902e-01 1.470588e-02 1.900296e-05
4.852941e-01 1.470588e-02 3.112253e-05
4.950980e-01 1.470588e-02 5.014987e-05
5.049020e-01 1.470588e-02 7.953462e-05
5.147059e-01 1.470588e-02 1.241838e-04
5.245098e-01 1.470588e-02 1.909457e-04
5.343137e-01 1.470588e-02 2.891938e-04
5.441176e-01 1.470588e-02 4.315069e-04
5.539216e-01 1.470588e-02 6.344248e-04
5.637255e-01 1.470588e-02 9.192445e-04
5.735294e-01 1.470588e-02 1.312796e-03
5.833333e-01 1.470588e-02 1.848118e-03
5.931373e-01 1.470588e-02 2.564919e-03
6.029412e-01 1.470588e-02 3.509707e-03
6.127451e-01 1.470588e-02 4.735428e-03
6.225490e-01 1.470588e-02 6.300494e-03
6.323529e-01 1.470588e-02 8.267048e-03
6.421569e-01 1.470588e-02 1.069840e-02
6.519608e-01 1.470588e-02 1.365558e-02
6.617647e-01 1.470588e-02 1.719311e-02
6.715686e-01 1.470588e-02 2.135404e-02
6.813725e-01 1.470588e-02 2.616469e-02
6.911765e-01 1.470588e-02 3.162919e-02
7.009804e-01 1.470588e-02 3.772462e-02
7.107843e-01 1.470588e-02 4.439687e-02
7.205882e-01 1.470588e-02 5.155807e-02
7.303922e-01 1.470588e-02 5.908586e-02
7.401961e-01 1.470588e-02 6.682493e-02
7.500000e-01 1.470588e-02 7.459102e-02
7.598039e-01 1.470588e-02 8.217739e-02
7.696078e-01 1.470588e-02 8.936354e-02
7.794118e-01 1.470588e-02 9.592563e-02
7.892157e-01 1.470588e-02 1.016481e-01
7.990196e-01 1.470588e-02 1.063352e-01
8.088235e-01 1.470588e-02 1.098226e-01
8.186275e-01 1.470588e-02 1.119867e-01
8.284314e-01 1.470588e-02 1.127517e-01
8.382353e-01 1.470588e-02 1.120945e-01
8.480392e-01 1.470588e-02 1.100455e-01
8.578431e-01 1.470588e-02 1.066863e-01
8.676471e-01 1.470588e-02 1.021444e-01
8.774510e-01 1.470588e-02 9.658543e-02
8.872549e-01 1.470588e-02 9.020292e-02
8.970588e-01 1.470588e-02 8.320743e-02
9.068627e-01 1.470588e-02 7.581525e-02
9.166667e-01 1.470588e-02 6.823764e-02
9.264706e-01 1.470588e-02 6.067144e-02
9.362745e-01 1.470588e-02 5.329138e-02
9.460784e-01 1.470588e-02 4.624464e-02
9.558824e-01 1.470588e-02 3.964757e-02
9.656863e-01 1.470588e-02 3.358468e-02
9.754902e-01 1.470588e-02 2.810956e-02
9.852941e-01 1.470588e-02 2.324734e-02
9.950980e-01 1.470588e-02 1.899840e-02
4.901961e-03 2.450980e-02 1.881417e-02
1.470588e-02 2.450980e-02 1.534274e-02
2.450980e-02 2.450980e-02 1.236398e-02
3.431373e-02 2.450980e-02 9.846213e-03
4.411765e-02 2.450980e-02 7.749128e-03
5.392157e-02 2.450980e-02 6.027347e-03
6.372549e-02 2.450980e-02 4.633467e-03
7.352941e-02 2.450980e-02 3.520540e-03
8.333333e-02 2.450980e-02 2.643942e-03
9.313725e-02 2.450980e-02 1.962684e-03
1.029412e-01 2.450980e-02 1.440192e-03
1.127451e-01 2.450980e-02 1.044666e-03
1.225490e-01 2.450980e-02 7.490963e-04
1.323529e-01 2.450980e-02 5.310258e-04
1.421569e-01 2.450980e-02 3.721573e-04
1.519608e-01 2.450980e-02 2.578608e-04
1.617647e-01 2.450980e-02 1.766470e-04
1.715686e-01 2.450980e-02 1.196476e-04
1.813725e-01 2.450980e-02 8.012956e-05
1.911765e-01 2.450980e-02 5.306232e-05
2.009804e-01 2.450980e-02 3.474547e-05
2.107843e-01 2.450980e-02 2.249791e-05
2.205882e-01 2.450980e-02 1.440561e-05
2.303922e-01 2.450980e-02 9.121780e-06
2.401961e-01 2.450980e-02 5.712141e-06
2.500000e-01 2.450980e-02 3.537549e-06
2.598039e-01 2.450980e-02 2.166720e-06
2.696078e-01 2.450980e-02 1.312541e-06
2.794118e-01 2.450980e-02 7.864078e-07
2.892157e-01 2.450980e-02 4.660492e-07
2.990196e-01 2.450980e-02 2.732306e-07
3.088235e-01 2.450980e-02 1.585527e-07
3.186275e-01 2.450980e-02 9.126026e-08
3.284314e-01 2.450980e-02 5.253596e-08
3.382353e-01 2.450980e-02 3.119805e-08
3.480392e-01 2.450980e-02 2.106608e-08
3.578431e-01 2.450980e-02 1.953368e-08
3.676471e-01 2.450980e-02 2.711424e-08
3.774510e-01 2.450980e-02 4.793335e-08
3.872549e-01 2.450980e-02 9.136104e-08
3.970588e-01 2.450980e-02 1.752372e-07
4.068627e-01 2.450980e-02 3.314816e-07
4.166667e-01 2.450980e-02 6.153328e-07
4.264706e-01 2.450980e-02 1.120071e-06
4.362745e-01 2.450980e-02 1.999887e-06
4.460784e-01 2.450980e-02 3.504589e-06
4.558824e-01 2.450980e-02 6.031110e-06
4.656863e-01 2.450980e-02 1.019826e-05
4.754902e-01 2.450980e-02 1.695279e-05
4.852941e-01 2.450980e-02 2.771629e-05
4.950980e-01 2.450980e-02 4.458388e-05
5.049020e-01 2.450980e-02 7.058594e-05
5.147059e-01 2.450980e-02 1.100235e-04
5.245098e-01 2.450980e-02 1.688853e-04
5.343137e-01 2.450980e-02 2.553490e-04
5.441176e-01 2.450980e-02 3.803616e-04
5.539216e-01 2.450980e-02 5.582804e-04
5.637255e-01 2.450980e-02 8.075421e-04
5.735294e-01 2.450980e-02 1.151308e-03
5.833333e-01 2.450980e-02 1.618010e-03
5.931373e-01 2.450980e-02 2.241710e-03
6.029412e-01 2.450980e-02 3.062156e-03
6.127451e-01 2.450980e-02 4.124419e-03
6.225490e-01 2.450980e-02 5.477990e-03
6.323529e-01 2.450980e-02 7.175233e-03
6.421569e-01 2.450980e-02 9.269131e-03
6.519608e-01 2.450980e-02 1.181030e-02
6.617647e-01 2.450980e-02 1.484332e-02
6.715686e-01 2.450980e-02 1.840256e-02
6.813725e-01 2.450980e-02 2.250767e-02
6.911765e-01 2.450980e-02 2.715911e-02
7.009804e-01 2.450980e-02 3.233406e-02
7.107843e-01 2.450980e-02 3.798316e-02
7.205882e-01 2.450980e-02 4.402853e-02
7.303922e-01 2.450980e-02 5.036345e-02
7.401961e-01 2.450980e-02 5.685389e-02
7.500000e-01 2.450980e-02 6.334225e-02
7.598039e-01 2.450980e-02 6.965303e-02
7.696078e-01 2.450980e-02 7.560043e-02
7.794118e-01 2.450980e-02 8.099726e-02
7.892157e-01 2.450980e-02 8.566472e-02
7.990196e-01 2.450980e-02 8.944225e-02
8.088235e-01 2.450980e-02 9.219678e-02
8.186275e-01 2.450980e-02 9.383049e-02
8.284314e-01 2.450980e-02 9.428660e-02
8.382353e-01 2.450980e-02 9.355265e-02
8.480392e-01 2.450980e-02 9.166095e-02
8.578431e-01 2.450980e-02 8.868630e-02
8.676471e-01 2.450980e-02 8.474110e-02
8.774510e-01 2.450980e-02 7.996836e-02
8.872549e-01 2.450980e-02 7.453320e-02
8.970588e-01 2.450980e-02 6.861348e-02
9.068627e-01 2.450980e-02 6.239037e-02
9.166667e-01 2.450980e-02 5.603951e-02
9.264706e-01 2.450980e-02 4.972325e-02
9.362745e-01 2.450980e-02 4.358456e-02
9.460784e-01 2.450980e-02 3.774271e-02
9.558824e-01 2.450980e-02 3.229088e-02
9.656863e-01 2.450980e-02 2.729555e-02
9.754902e-01 2.450980e-02 2.279751e-02
9.852941e-01 2.450980e-02 1.881417e-02
9.950980e-01 2.450980e-02 1.534274e-02
4.901961e-03 3.431373e-02 1.504739e-02
1.470588e-02 3.431373e-02 1.224471e-02
2.450980e-02 3.431373e-02 9.846213e-03
3.431373e-02 3.431373e-02 7.824218e-03
4.411765e-02 3.431373e-02 6.144420e-03
5.392157e-02 3.431373e-02 4.768769e-03
6.372549e-02 3.431373e-02 3.657916e-03
7.352941e-02 3.431373e-02 2.773193e-03
8.333333e-02 3.431373e-02 2.078076e-03
9.313725e-02 3.431373e-02 1.539197e-03
1.029412e-01 3.431373e-02 1.126922e-03
1.127451e-01 3.431373e-02 8.155991e-04
1.225490e-01 3.431373e-02 5.835228e-04
1.323529e-01 3.431373e-02 4.127171e-04
1.421569e-01 3.431373e-02 2.885862e-04
1.519608e-01 3.431373e-02 1.994996e-04
1.617647e-01 3.431373e-02 1.363536e-04
1.715686e-01 3.431373e-02 9.214319e-05
1.813725e-01 3.431373e-02 6.156677e-05
1.911765e-01 3.431373e-02 4.067522e-05
2.009804e-01 3.431373e-02 2.657220e-05
2.107843e-01 3.431373e-02 1.716536e-05
2.205882e-01 3.431373e-02 1.096526e-05
2.303922e-01 3.431373e-02 6.926906e-06
2.401961e-01 3.431373e-02 4.327395e-06
2.500000e-01 3.431373e-02 2.673582e-06
2.598039e-01 3.431373e-02 1.633627e-06
2.696078e-01 3.431373e-02 9.872290e-07
2.794118e-01 3.431373e-02 5.900705e-07
2.892157e-01 3.431373e-02 3.488495e-07
2.990196e-01 3.431373e-02 2.040315e-07
3.088235e-01 3.431373e-02 1.181312e-07
3.186275e-01 3.431373e-02 6.788300e-08
3.284314e-01 3.431373e-02 3.910998e-08
3.382353e-01 3.431373e-02 2.345040e-08
3.480392e-01 3.431373e-02 1.637787e-08
3.578431e-01 3.431373e-02 1.616612e-08
3.676471e-01 3.431373e-02 2.363360e-08
3.774510e-01 3.431373e-02 4.267260e-08
3.872549e-01 3.431373e-02 8.175103e-08
3.970588e-01 3.431373e-02 1.567962e-07
4.068627e-01 3.431373e-02 2.961603e-07
4.166667e-01 3.431373e-02 5.487574e-07
4.264706e-01 3.431373e-02 9.969879e-07
4.362745e-01 3.431373e-02 1.776758e-06
4.460784e-01 3.431373e-02 3.107786e-06
4.558824e-01 3.431373e-02 5.338462e-06
4.656863e-01 3.431373e-02 9.010790e-06
4.754902e-01 3.431373e-02 1.495225e-05
4.852941e-01 3.431373e-02 2.440276e-05
4.950980e-01 3.431373e-02 3.918570e-05
5.049020e-01 3.431373e-02 6.193269e-05
5.147059e-01 3.431373e-02 9.637037e-05
5.245098e-01 3.431373e-02 1.476757e-04
5.343137e-01 3.431373e-02 2.229010e-04
5.441176e-01 3.431373e-02 3.314635e-04
5.539216e-01 3.431373e-02 4.856819e-04
5.637255e-01 3.431373e-02 7.013324e-04
5.735294e-01 3.431373e-02 9.981760e-04
5.833333e-01 3.431373e-02 1.400397e-03
5.931373e-01 3.431373e-02 1.936870e-03
6.029412e-01 3.431373e-02 2.641169e-03
6.127451e-01 3.431373e-02 3.551203e-03
6.225490e-01 3.431373e-02 4.708405e-03
6.323529e-01 3.431373e-02 6.156364e-03
6.421569e-01 3.431373e-02 7.938870e-03
6.519608e-01 3.431373e-02 1.009735e-02
6.617647e-01 3.431373e-02 1.266777e-02
6.715686e-01 3.431373e-02 1.567708e-02
6.813725e-01 3.431373e-02 1.913953e-02
6.911765e-01 3.431373e-02 2.305288e-02
7.009804e-01 3.431373e-02 2.739518e-02
7.107843e-01 3.431373e-02 3.212217e-02
7.205882e-01 3.431373e-02 3.716579e-02
7.303922e-01 3.431373e-02 4.243413e-02
7.401961e-01 3.431373e-02 4.781302e-02
7.500000e-01 3.431373e-02 5.316931e-02
7.598039e-01 3.431373e-02 5.835588e-02
7.696078e-01 3.431373e-02 6.321809e-02
7.794118e-01 3.431373e-02 6.760135e-02
7.892157e-01 3.431373e-02 7.135929e-02
7.990196e-01 3.431373e-02 7.436184e-02
8.088235e-01 3.431373e-02 7.650285e-02
8.186275e-01 3.431373e-02 7.770621e-02
8.284314e-01 3.431373e-02 7.793044e-02
8.382353e-01 3.431373e-02 7.717101e-02
8.480392e-01 3.431373e-02 7.546036e-02
8.578431e-01 3.431373e-02 7.286567e-02
8.676471e-01 3.431373e-02 6.948451e-02
8.774510e-01 3.431373e-02 6.543876e-02
8.872549e-01 3.431373e-02 6.086746e-02
8.970588e-01 3.431373e-02 5.591894e-02
9.068627e-01 3.431373e-02 5.074306e-02
9.166667e-01 3.431373e-02 4.548399e-02
9.264706e-01 3.431373e-02 4.027397e-02
9.362745e-01 3.431373e-02 3.522847e-02
9.460784e-01 3.431373e-02 3.044291e-02
9.558824e-01 3.431373e-02 2.599084e-02
9.656863e-01 3.431373e-02 2.192377e-02
9.754902e-01 3.431373e-02 1.827214e-02
9.852941e-01 3.431373e-02 1.504739e-02
9.950980e-01 3.431373e-02 1.224471e-02
4.901961e-03 4.411765e-02 1.189374e-02
1.470588e-02 4.411765e-02 9.657645e-03
2.450980e-02 4.411765e-02 7.749128e-03
3.431373e-02 4.411765e-02 6.144420e-03
4.411765e-02 4.411765e-02 4.814740e-03
5.392157e-02 4.411765e-02 3.728599e-03
6.372549e-02 4.411765e-02 2.853752e-03
7.352941e-02 4.411765e-02 2.158744e-03
8.333333e-02 4.411765e-02 1.614049e-03
9.313725e-02 4.411765e-02 1.192831e-03
1.029412e-01 4.411765e-02 8.713732e-04
1.127451e-01 4.411765e-02 6.292276e-04
1.225490e-01 4.411765e-02 4.491643e-04
1.323529e-01 4.411765e-02 3.169653e-04
1.421569e-01 4.411765e-02 2.211273e-04
1.519608e-01 4.411765e-02 1.525148e-04
1.617647e-01 4.411765e-02 1.040004e-04
1.715686e-01 4.411765e-02 7.011738e-05
1.813725e-01 4.411765e-02 4.674106e-05
1.911765e-01 4.411765e-02 3.080827e-05
2.009804e-01 4.411765e-02 2.007916e-05
2.107843e-01 4.411765e-02 1.294038e-05
2.205882e-01 4.411765e-02 8.246795e-06
2.303922e-01 4.411765e-02 5.197241e-06
2.401961e-01 4.411765e-02 3.239090e-06
2.500000e-01 4.411765e-02 1.996404e-06
2.598039e-01 4.411765e-02 1.216919e-06
2.696078e-01 4.411765e-02 7.336289e-07
2.794118e-01 4.411765e-02 4.374301e-07
2.892157e-01 4.411765e-02 2.579819e-07
2.990196e-01 4.411765e-02 1.505252e-07
3.088235e-01 4.411765e-02 8.695892e-08
3.186275e-01 4.411765e-02 4.989720e-08
3.284314e-01 4.411765e-02 2.879186e-08
3.382353e-01 4.411765e-02 1.747423e-08
3.480392e-01 4.411765e-02 1.268856e-08
3.578431e-01 4.411765e-02 1.335858e-08
3.676471e-01 4.411765e-02 2.047466e-08
3.774510e-01 4.411765e-02 3.762725e-08
3.872549e-01 4.411765e-02 7.236378e-08
3.970588e-01 4.411765e-02 1.387331e-07
4.068627e-01 4.411765e-02 2.616278e-07
4.166667e-01 4.411765e-02 4.838680e-07
4.264706e-01 4.411765e-02 8.774162e-07
4.362745e-01 4.411765e-02 1.560703e-06
4.460784e-01 4.411765e-02 2.724787e-06
4.558824e-01 4.411765e-02 4.671980e-06
4.656863e-01 4.411765e-02 7.871616e-06
4.754902e-01 4.411765e-02 1.303872e-05
4.852941e-01 4.411765e-02 2.124240e-05
4.950980e-01 4.411765e-02 3.405152e-05
5.049020e-01 4.411765e-02 5.372528e-05
5.147059e-01 4.411765e-02 8.345576e-05
5.245098e-01 4.411765e-02 1.276670e-04
5.343137e-01 4.411765e-02 1.923711e-04
5.441176e-01 4.411765e-02 2.855762e-04
5.539216e-01 4.411765e-02 4.177305e-04
5.637255e-01 4.411765e-02 6.021774e-04
5.735294e-01 4.411765e-02 8.555822e-04
5.833333e-01 4.411765e-02 1.198277e-03
5.931373e-01 4.411765e-02 1.654454e-03
6.029412e-01 4.411765e-02 2.252137e-03
6.127451e-01 4.411765e-02 3.022837e-03
6.225490e-01 4.411765e-02 4.000826e-03
6.323529e-01 4.411765e-02 5.221948e-03
6.421569e-01 4.411765e-02 6.721945e-03
6.519608e-01 4.411765e-02 8.534288e-03
6.617647e-01 4.411765e-02 1.068757e-02
6.715686e-01 4.411765e-02 1.320258e-02
6.813725e-01 4.411765e-02 1.608921e-02
6.911765e-01 4.411765e-02 1.934346e-02
7.009804e-01 4.411765e-02 2.294479e-02
7.107843e-01 4.411765e-02 2.685413e-02
7.205882e-01 4.411765e-02 3.101282e-02
7.303922e-01 4.411765e-02 3.534274e-02
7.401961e-01 4.411765e-02 3.974785e-02
7.500000e-01 4.411765e-02 4.411705e-02
7.598039e-01 4.411765e-02 4.832851e-02
7.696078e-01 4.411765e-02 5.225513e-02
7.794118e-01 4.411765e-02 5.577083e-02
7.892157e-01 4.411765e-02 5.875731e-02
7.990196e-01 4.411765e-02 6.111062e-02
8.088235e-01 4.411765e-02 6.274725e-02
8.186275e-01 4.411765e-02 6.360904e-02
8.284314e-01 4.411765e-02 6.366662e-02
8.382353e-01 4.411765e-02 6.292103e-02
8.480392e-01 4.411765e-02 6.140348e-02
8.578431e-01 4.411765e-02 5.917320e-02
8.676471e-01 4.411765e-02 5.631363e-02
8.774510e-01 4.411765e-02 5.292728e-02
8.872549e-01 4.411765e-02 4.912970e-02
8.970588e-01 4.411765e-02 4.504306e-02
9.068627e-01 4.411765e-02 4.078976e-02
9.166667e-01 4.411765e-02 3.648665e-02
9.264706e-01 4.411765e-02 3.224010e-02
9.362745e-01 4.411765e-02 2.814219e-02
9.460784e-01 4.411765e-02 2.426821e-02
9.558824e-01 4.411765e-02 2.067546e-02
9.656863e-01 4.411765e-02 1.740318e-02
9.754902e-01 4.411765e-02 1.447362e-02
9.852941e-01 4.411765e-02 1.189374e-02
9.950980e-01 4.411765e-02 9.657645e-03
4.901961e-03 5.392157e-02 9.291259e-03
1.470588e-02 5.392157e-02 7.528148e-03
2.450980e-02 5.392157e-02 6.027347e-03
3.431373e-02 5.392157e-02 4.768769e-03
4.411765e-02 5.392157e-02 3.728599e-03
5.392157e-02 5.392157e-02 2.881121e-03
6.372549e-02 5.392157e-02 2.200243e-03
7.352941e-02 5.392157e-02 1.660694e-03
8.333333e-02 5.392157e-02 1.238896e-03
9.313725e-02 5.392157e-02 9.135288e-04
1.029412e-01 5.392157e-02 6.658371e-04
1.127451e-01 5.392157e-02 4.797199e-04
1.225490e-01 5.392157e-02 3.416621e-04
1.323529e-01 5.392157e-02 2.405529e-04
1.421569e-01 5.392157e-02 1.674341e-04
1.519608e-01 5.392157e-02 1.152157e-04
1.617647e-01 5.392157e-02 7.838419e-05
1.715686e-01 5.392157e-02 5.272403e-05
1.813725e-01 5.392157e-02 3.506439e-05
1.911765e-01 5.392157e-02 2.305766e-05
2.009804e-01 5.392157e-02 1.499234e-05
2.107843e-01 5.392157e-02 9.639232e-06
2.205882e-01 5.392157e-02 6.128403e-06
2.303922e-01 5.392157e-02 3.852985e-06
2.401961e-01 5.392157e-02 2.395550e-06
2.500000e-01 5.392157e-02 1.472937e-06
2.598039e-01 5.392157e-02 8.956665e-07
2.696078e-01 5.392157e-02 5.386488e-07
2.794118e-01 5.392157e-02 3.203903e-07
2.892157e-01 5.392157e-02 1.884960e-07
2.990196e-01 5.392157e-02 1.097195e-07
3.088235e-01 5.392157e-02 6.324787e-08
3.186275e-01 5.392157e-02 3.624680e-08
3.284314e-01 5.392157e-02 2.096605e-08
3.382353e-01 5.392157e-02 1.291736e-08
3.480392e-01 5.392157e-02 9.804608e-09
3.578431e-01 5.392157e-02 1.101794e-08
3.676471e-01 5.392157e-02 1.761882e-08
3.774510e-01 5.392157e-02 3.285399e-08
3.872549e-01 5.392157e-02 6.336117e-08
3.970588e-01 5.392157e-02 1.213852e-07
4.068627e-01 5.392157e-02 2.285308e-07
4.166667e-01 5.392157e-02 4.218574e-07
4.264706e-01 5.392157e-02 7.635008e-07
4.362745e-01 5.392157e-02 1.355496e-06
4.460784e-01 5.392157e-02 2.362101e-06
4.558824e-01 5.392157e-02 4.042675e-06
4.656863e-01 5.392157e-02 6.799019e-06
4.754902e-01 5.392157e-02 1.124198e-05
4.852941e-01 5.392157e-02 1.828296e-05
4.950980e-01 5.392157e-02 2.925644e-05
5.049020e-01 5.392157e-02 4.607989e-05
5.147059e-01 5.392157e-02 7.145636e-05
5.245098e-01 5.392157e-02 1.091233e-04
5.343137e-01 5.392157e-02 1.641477e-04
5.441176e-01 5.392157e-02 2.432612e-04
5.539216e-01 5.392157e-02 3.552237e-04
5.637255e-01 5.392157e-02 5.111916e-04
5.735294e-01 5.392157e-02 7.250571e-04
5.833333e-01 5.392157e-02 1.013715e-03
5.931373e-01 5.392157e-02 1.397200e-03
6.029412e-01 5.392157e-02 1.898628e-03
6.127451e-01 5.392157e-02 2.543885e-03
6.225490e-01 5.392157e-02 3.360978e-03
6.323529e-01 5.392157e-02 4.379028e-03
6.421569e-01 5.392157e-02 5.626843e-03
6.519608e-01 5.392157e-02 7.131115e-03
6.617647e-01 5.392157e-02 8.914252e-03
6.715686e-01 5.392157e-02 1.099198e-02
6.813725e-01 5.392157e-02 1.337083e-02
6.911765e-01 5.392157e-02 1.604574e-02
7.009804e-01 5.392157e-02 1.899796e-02
7.107843e-01 5.392157e-02 2.219355e-02
7.205882e-01 5.392157e-02 2.558261e-02
7.303922e-01 5.392157e-02 2.909963e-02
7.401961e-01 5.392157e-02 3.266477e-02
7.500000e-01 5.392157e-02 3.618651e-02
7.598039e-01 5.392157e-02 3.956519e-02
7.696078e-01 5.392157e-02 4.269764e-02
7.794118e-01 5.392157e-02 4.548232e-02
7.892157e-01 5.392157e-02 4.782481e-02
7.990196e-01 5.392157e-02 4.964315e-02
8.088235e-01 5.392157e-02 5.087261e-02
8.186275e-01 5.392157e-02 5.146955e-02
8.284314e-01 5.392157e-02 5.141395e-02
8.382353e-01 5.392157e-02 5.071052e-02
8.480392e-01 5.392157e-02 4.938826e-02
8.578431e-01 5.392157e-02 4.749849e-02
8.676471e-01 5.392157e-02 4.511155e-02
8.774510e-01 5.392157e-02 4.231250e-02
8.872549e-01 5.392157e-02 3.919618e-02
8.970588e-01 5.392157e-02 3.586190e-02
9.068627e-01 5.392157e-02 3.240843e-02
9.166667e-01 5.392157e-02 2.892929e-02
9.264706e-01 5.392157e-02 2.550895e-02
9.362745e-01 5.392157e-02 2.221989e-02
9.460784e-01 5.392157e-02 1.912076e-02
9.558824e-01 5.392157e-02 1.625554e-02
9.656863e-01 5.392157e-02 1.365367e-02
9.754902e-01 5.392157e-02 1.133098e-02
9.852941e-01 5.392157e-02 9.291259e-03
9.950980e-01 5.392157e-02 7.528148e-03
4.901961e-03 6.372549e-02 7.173744e-03
1.470588e-02 6.372549e-02 5.799840e-03
2.450980e-02 6.372549e-02 4.633467e-03
3.431373e-02 6.372549e-02 3.657916e-03
4.411765e-02 6.372549e-02 2.853752e-03
5.392157e-02 6.372549e-02 2.200243e-03
6.372549e-02 6.372549e-02 1.676539e-03
7.352941e-02 6.372549e-02 1.262590e-03
8.333333e-02 6.372549e-02 9.397934e-04
9.313725e-02 6.372549e-02 6.914176e-04
1.029412e-01 6.372549e-02 5.028081e-04
1.127451e-01 6.372549e-02 3.614377e-04
1.225490e-01 6.372549e-02 2.568323e-04
1.323529e-01 6.372549e-02 1.804122e-04
1.421569e-01 6.372549e-02 1.252845e-04
1.519608e-01 6.372549e-02 8.601189e-05
1.617647e-01 6.372549e-02 5.838002e-05
1.715686e-01 6.372549e-02 3.917679e-05
1.813725e-01 6.372549e-02 2.599360e-05
1.911765e-01 6.372549e-02 1.705261e-05
2.009804e-01 6.372549e-02 1.106155e-05
2.107843e-01 6.372549e-02 7.095049e-06
2.205882e-01 6.372549e-02 4.500100e-06
2.303922e-01 6.372549e-02 2.822471e-06
2.401961e-01 6.372549e-02 1.750613e-06
2.500000e-01 6.372549e-02 1.073785e-06
2.598039e-01 6.372549e-02 6.513636e-07
2.696078e-01 6.372549e-02 3.907711e-07
2.794118e-01 6.372549e-02 2.318637e-07
2.892157e-01 6.372549e-02 1.360801e-07
2.990196e-01 6.372549e-02 7.902054e-08
3.088235e-01 6.372549e-02 4.545528e-08
3.186275e-01 6.372549e-02 2.602494e-08
3.284314e-01 6.372549e-02 1.510644e-08
3.382353e-01 6.372549e-02 9.480250e-09
3.480392e-01 6.372549e-02 7.562199e-09
3.578431e-01 6.372549e-02 9.065824e-09
3.676471e-01 6.372549e-02 1.505049e-08
3.774510e-01 6.372549e-02 2.839977e-08
3.872549e-01 6.372549e-02 5.487612e-08
3.970588e-01 6.372549e-02 1.050269e-07
4.068627e-01 6.372549e-02 1.973891e-07
4.166667e-01 6.372549e-02 3.636743e-07
4.264706e-01 6.372549e-02 6.569283e-07
4.362745e-01 6.372549e-02 1.164069e-06
4.460784e-01 6.372549e-02 2.024722e-06
4.558824e-01 6.372549e-02 3.458886e-06
4.656863e-01 6.372549e-02 5.806665e-06
4.754902e-01 6.372549e-02 9.584013e-06
4.852941e-01 6.372549e-02 1.555908e-05
4.950980e-01 6.372549e-02 2.485416e-05
5.049020e-01 6.372549e-02 3.907823e-05
5.147059e-01 6.372549e-02 6.049424e-05
5.245098e-01 6.372549e-02 9.222377e-05
5.343137e-01 6.372549e-02 1.384883e-04
5.441176e-01 6.372549e-02 2.048824e-04
5.539216e-01 6.372549e-02 2.986663e-04
5.637255e-01 6.372549e-02 4.290605e-04
5.735294e-01 6.372549e-02 6.075126e-04
5.833333e-01 6.372549e-02 8.478993e-04
5.931373e-01 6.372549e-02 1.166618e-03
6.029412e-01 6.372549e-02 1.582518e-03
6.127451e-01 6.372549e-02 2.116608e-03
6.225490e-01 6.372549e-02 2.791507e-03
6.323529e-01 6.372549e-02 3.630585e-03
6.421569e-01 6.372549e-02 4.656773e-03
6.519608e-01 6.372549e-02 5.891075e-03
6.617647e-01 6.372549e-02 7.350796e-03
6.715686e-01 6.372549e-02 9.047594e-03
6.813725e-01 6.372549e-02 1.098547e-02
6.911765e-01 6.372549e-02 1.315887e-02
7.009804e-01 6.372549e-02 1.555105e-02
7.107843e-01 6.372549e-02 1.813295e-02
7.205882e-01 6.372549e-02 2.086273e-02
7.303922e-01 6.372549e-02 2.368610e-02
7.401961e-01 6.372549e-02 2.653756e-02
7.500000e-01 6.372549e-02 2.934260e-02
7.598039e-01 6.372549e-02 3.202073e-02
7.696078e-01 6.372549e-02 3.448920e-02
7.794118e-01 6.372549e-02 3.666727e-02
7.892157e-01 6.372549e-02 3.848055e-02
7.990196e-01 6.372549e-02 3.986528e-02
8.088235e-01 6.372549e-02 4.077205e-02
8.186275e-01 6.372549e-02 4.116870e-02
8.284314e-01 6.372549e-02 4.104228e-02
8.382353e-01 6.372549e-02 4.039966e-02
8.480392e-01 6.372549e-02 3.926703e-02
8.578431e-01 6.372549e-02 3.768809e-02
8.676471e-01 6.372549e-02 3.572132e-02
8.774510e-01 6.372549e-02 3.343639e-02
8.872549e-01 6.372549e-02 3.091012e-02
8.970588e-01 6.372549e-02 2.822228e-02
9.068627e-01 6.372549e-02 2.545154e-02
9.166667e-01 6.372549e-02 2.267183e-02
9.264706e-01 6.372549e-02 1.994939e-02
9.362745e-01 6.372549e-02 1.734054e-02
9.460784e-01 6.372549e-02 1.489035e-02
9.558824e-01 6.372549e-02 1.263211e-02
9.656863e-01 6.372549e-02 1.058751e-02
9.754902e-01 6.372549e-02 8.767542e-03
9.852941e-01 6.372549e-02 7.173744e-03
9.950980e-01 6.372549e-02 5.799840e-03
4.901961e-03 7.352941e-02 5.474559e-03
1.470588e-02 7.352941e-02 4.416431e-03
2.450980e-02 7.352941e-02 3.520540e-03
3.431373e-02 7.352941e-02 2.773193e-03
4.411765e-02 7.352941e-02 2.158744e-03
5.392157e-02 7.352941e-02 1.660694e-03
6.372549e-02 7.352941e-02 1.262590e-03
7.352941e-02 7.352941e-02 9.487148e-04
8.333333e-02 7.352941e-02 7.045736e-04
9.313725e-02 7.352941e-02 5.171902e-04
1.029412e-01 7.352941e-02 3.752524e-04
1.127451e-01 7.352941e-02 2.691297e-04
1.225490e-01 7.352941e-02 1.908008e-04
1.323529e-01 7.352941e-02 1.337193e-04
1.421569e-01 7.352941e-02 9.264431e-05
1.519608e-01 7.352941e-02 6.345543e-05
1.617647e-01 7.352941e-02 4.296934e-05
1.715686e-01 7.352941e-02 2.876756e-05
1.813725e-01 7.352941e-02 1.904214e-05
1.911765e-01 7.352941e-02 1.246266e-05
2.009804e-01 7.352941e-02 8.064954e-06
2.107843e-01 7.352941e-02 5.160629e-06
2.205882e-01 7.352941e-02 3.265324e-06
2.303922e-01 7.352941e-02 2.043083e-06
2.401961e-01 7.352941e-02 1.264138e-06
2.500000e-01 7.352941e-02 7.735082e-07
2.598039e-01 7.352941e-02 4.680690e-07
2.696078e-01 7.352941e-02 2.801196e-07
2.794118e-01 7.352941e-02 1.658004e-07
2.892157e-01 7.352941e-02 9.706960e-08
2.990196e-01 7.352941e-02 5.623363e-08
3.088235e-01 7.352941e-02 3.228164e-08
3.186275e-01 7.352941e-02 1.847105e-08
3.284314e-01 7.352941e-02 1.077370e-08
3.382353e-01 7.352941e-02 6.913756e-09
3.480392e-01 7.352941e-02 5.825539e-09
3.578431e-01 7.352941e-02 7.437150e-09
3.676471e-01 7.352941e-02 1.275568e-08
3.774510e-01 7.352941e-02 2.430009e-08
3.872549e-01 7.352941e-02 4.701015e-08
3.970588e-01 7.352941e-02 8.986547e-08
4.068627e-01 7.352941e-02 1.685907e-07
4.166667e-01 7.352941e-02 3.100156e-07
4.264706e-01 7.352941e-02 5.589170e-07
4.362745e-01 7.352941e-02 9.885040e-07
4.460784e-01 7.352941e-02 1.716129e-06
4.558824e-01 7.352941e-02 2.926307e-06
4.656863e-01 7.352941e-02 4.903678e-06
4.754902e-01 7.352941e-02 8.079136e-06
4.852941e-01 7.352941e-02 1.309280e-05
4.950980e-01 7.352941e-02 2.087787e-05
5.049020e-01 7.352941e-02 3.276919e-05
5.147059e-01 7.352941e-02 5.063983e-05
5.245098e-01 7.352941e-02 7.706742e-05
5.343137e-01 7.352941e-02 1.155292e-04
5.441176e-01 7.352941e-02 1.706216e-04
5.539216e-01 7.352941e-02 2.482934e-04
5.637255e-01 7.352941e-02 3.560783e-04
5.735294e-01 7.352941e-02 5.033007e-04
5.833333e-01 7.352941e-02 7.012273e-04
5.931373e-01 7.352941e-02 9.631241e-04
6.029412e-01 7.352941e-02 1.304179e-03
6.127451e-01 7.352941e-02 1.741246e-03
6.225490e-01 7.352941e-02 2.292373e-03
6.323529e-01 7.352941e-02 2.976087e-03
6.421569e-01 7.352941e-02 3.810415e-03
6.519608e-01 7.352941e-02 4.811664e-03
6.617647e-01 7.352941e-02 5.992996e-03
6.715686e-01 7.352941e-02 7.362868e-03
6.813725e-01 7.352941e-02 8.923438e-03
6.911765e-01 7.352941e-02 1.066908e-02
7.009804e-01 7.352941e-02 1.258515e-02
7.107843e-01 7.352941e-02 1.464714e-02
7.205882e-01 7.352941e-02 1.682041e-02
7.303922e-01 7.352941e-02 1.906054e-02
7.401961e-01 7.352941e-02 2.131445e-02
7.500000e-01 7.352941e-02 2.352225e-02
7.598039e-01 7.352941e-02 2.561967e-02
7.696078e-01 7.352941e-02 2.754122e-02
7.794118e-01 7.352941e-02 2.922345e-02
7.892157e-01 7.352941e-02 3.060854e-02
7.990196e-01 7.352941e-02 3.164754e-02
8.088235e-01 7.352941e-02 3.230328e-02
8.186275e-01 7.352941e-02 3.255260e-02
8.284314e-01 7.352941e-02 3.238768e-02
8.382353e-01 7.352941e-02 3.181643e-02
8.480392e-01 7.352941e-02 3.086188e-02
8.578431e-01 7.352941e-02 2.956068e-02
8.676471e-01 7.352941e-02 2.796078e-02
8.774510e-01 7.352941e-02 2.611849e-02
8.872549e-01 7.352941e-02 2.409527e-02
8.970588e-01 7.352941e-02 2.195437e-02
9.068627e-01 7.352941e-02 1.975768e-02
9.166667e-01 7.352941e-02 1.756294e-02
9.264706e-01 7.352941e-02 1.542141e-02
9.362745e-01 7.352941e-02 1.337632e-02
9.460784e-01 7.352941e-02 1.146183e-02
9.558824e-01 7.352941e-02 9.702759e-03
9.656863e-01 7.352941e-02 8.114826e-03
9.754902e-01 7.352941e-02 6.705395e-03
9.852941e-01 7.352941e-02 5.474559e-03
9.950980e-01 7.352941e-02 4.416431e-03
4.901961e-03 8.333333e-02 4.129531e-03
1.470588e-02 8.333333e-02 3.324076e-03
2.450980e-02 8.333333e-02 2.643942e-03
3.431373e-02 8.333333e-02 2.078076e-03
4.411765e-02 8.333333e-02 1.614049e-03
5.392157e-02 8.333333e-02 1.238896e-03
6.372549e-02 8.333333e-02 9.397934e-04
7.352941e-02 8.333333e-02 7.045736e-04
8.333333e-02 8.333333e-02 5.220750e-04
9.313725e-02 8.333333e-02 3.823563e-04
1.029412e-01 8.333333e-02 2.767886e-04
1.127451e-01 8.333333e-02 1.980563e-04
1.225490e-01 8.333333e-02 1.400892e-04
1.323529e-01 8.333333e-02 9.795166e-05
1.421569e-01 8.333333e-02 6.770566e-05
1.519608e-01 8.333333e-02 4.626568e-05
1.617647e-01 8.333333e-02 3.125563e-05
1.715686e-01 8.333333e-02 2.087600e-05
1.813725e-01 8.333333e-02 1.378575e-05
1.911765e-01 8.333333e-02 9.001006e-06
2.009804e-01 8.333333e-02 5.810899e-06
2.107843e-01 8.333333e-02 3.709374e-06
2.205882e-01 8.333333e-02 2.341403e-06
2.303922e-01 8.333333e-02 1.461448e-06
2.401961e-01 8.333333e-02 9.020583e-07
2.500000e-01 8.333333e-02 5.506088e-07
2.598039e-01 8.333333e-02 3.323700e-07
2.696078e-01 8.333333e-02 1.984198e-07
2.794118e-01 8.333333e-02 1.171533e-07
2.892157e-01 8.333333e-02 6.842036e-08
2.990196e-01 8.333333e-02 3.954318e-08
3.088235e-01 8.333333e-02 2.265624e-08
3.186275e-01 8.333333e-02 1.296104e-08
3.284314e-01 8.333333e-02 7.608702e-09
3.382353e-01 8.333333e-02 5.014944e-09
3.480392e-01 8.333333e-02 4.484139e-09
3.578431e-01 8.333333e-02 6.078383e-09
3.676471e-01 8.333333e-02 1.072084e-08
3.774510e-01 8.333333e-02 2.057818e-08
3.872549e-01 8.333333e-02 3.983290e-08
3.970588e-01 8.333333e-02 7.604191e-08
4.068627e-01 8.333333e-02 1.423936e-07
4.166667e-01 8.333333e-02 2.613330e-07
4.264706e-01 8.333333e-02 4.702336e-07
4.362745e-01 8.333333e-02 8.300676e-07
4.460784e-01 8.333333e-02 1.438363e-06
4.558824e-01 8.333333e-02 2.448138e-06
4.656863e-01 8.333333e-02 4.094946e-06
4.754902e-01 8.333333e-02 6.734600e-06
4.852941e-01 8.333333e-02 1.089454e-05
4.950980e-01 8.333333e-02 1.734199e-05
5.049020e-01 8.333333e-02 2.717190e-05
5.147059e-01 8.333333e-02 4.191716e-05
5.245098e-01 8.333333e-02 6.368217e-05
5.343137e-01 8.333333e-02 9.529876e-05
5.441176e-01 8.333333e-02 1.405003e-04
5.539216e-01 8.333333e-02 2.041059e-04
5.637255e-01 8.333333e-02 2.922004e-04
5.735294e-01 8.333333e-02 4.122923e-04
5.833333e-01 8.333333e-02 5.734240e-04
5.931373e-01 8.333333e-02 7.862037e-04
6.029412e-01 8.333333e-02 1.062728e-03
6.127451e-01 8.333333e-02 1.416357e-03
6.225490e-01 8.333333e-02 1.861323e-03
6.323529e-01 8.333333e-02 2.412133e-03
6.421569e-01 8.333333e-02 3.082781e-03
6.519608e-01 8.333333e-02 3.885759e-03
6.617647e-01 8.333333e-02 4.830923e-03
6.715686e-01 8.333333e-02 5.924258e-03
6.813725e-01 8.333333e-02 7.166636e-03
6.911765e-01 8.333333e-02 8.552669e-03
7.009804e-01 8.333333e-02 1.006978e-02
7.107843e-01 8.333333e-02 1.169759e-02
7.205882e-01 8.333333e-02 1.340779e-02
7.303922e-01 8.333333e-02 1.516452e-02
7.401961e-01 8.333333e-02 1.692527e-02
7.500000e-01 8.333333e-02 1.864247e-02
7.598039e-01 8.333333e-02 2.026548e-02
7.696078e-01 8.333333e-02 2.174304e-02
7.794118e-01 8.333333e-02 2.302597e-02
7.892157e-01 8.333333e-02 2.406986e-02
7.990196e-01 8.333333e-02 2.483766e-02
8.088235e-01 8.333333e-02 2.530188e-02
8.186275e-01 8.333333e-02 2.544617e-02
8.284314e-01 8.333333e-02 2.526635e-02
8.382353e-01 8.333333e-02 2.477054e-02
8.480392e-01 8.333333e-02 2.397856e-02
8.578431e-01 8.333333e-02 2.292067e-02
8.676471e-01 8.333333e-02 2.163563e-02
8.774510e-01 8.333333e-02 2.016839e-02
8.872549e-01 8.333333e-02 1.856749e-02
8.970588e-01 8.333333e-02 1.688247e-02
9.068627e-01 8.333333e-02 1.516143e-02
9.166667e-01 8.333333e-02 1.344887e-02
9.264706e-01 8.333333e-02 1.178400e-02
9.362745e-01 8.333333e-02 1.019954e-02
9.460784e-01 8.333333e-02 8.721045e-03
9.558824e-01 8.333333e-02 7.366749e-03
9.656863e-01 8.333333e-02 6.147823e-03
9.754902e-01 8.333333e-02 5.069014e-03
9.852941e-01 8.333333e-02 4.129531e-03
9.950980e-01 8.333333e-02 3.324076e-03
4.901961e-03 9.313725e-02 3.079050e-03
1.470588e-02 9.313725e-02 2.473036e-03
2.450980e-02 9.313725e-02 1.962684e-03
3.431373e-02 9.313725e-02 1.539197e-03
4.411765e-02 9.313725e-02 1.192831e-03
5.392157e-02 9.313725e-02 9.135288e-04
6.372549e-02 9.313725e-02 6.914176e-04
7.352941e-02 9.313725e-02 5.171902e-04
8.333333e-02 9.313725e-02 3.823563e-04
9.313725e-02 9.313725e-02 2.793897e-04
1.029412e-01 9.313725e-02 2.017867e-04
1.127451e-01 9.313725e-02 1.440557e-04
1.225490e-01 9.313725e-02 1.016575e-04
1.323529e-01 9.313725e-02 7.091449e-05
1.421569e-01 9.313725e-02 4.890260e-05
1.519608e-01 9.313725e-02 3.333843e-05
1.617647e-01 9.313725e-02 2.246928e-05
1.715686e-01 9.313725e-02 1.497194e-05
1.813725e-01 9.313725e-02 9.863397e-06
1.911765e-01 9.313725e-02 6.424629e-06
2.009804e-01 9.313725e-02 4.137676e-06
2.107843e-01 9.313725e-02 2.634908e-06
2.205882e-01 9.313725e-02 1.659159e-06
2.303922e-01 9.313725e-02 1.033088e-06
2.401961e-01 9.313725e-02 6.361016e-07
2.500000e-01 9.313725e-02 3.873184e-07
2.598039e-01 9.313725e-02 2.332252e-07
2.696078e-01 9.313725e-02 1.388875e-07
2.794118e-01 9.313725e-02 8.180049e-08
2.892157e-01 9.313725e-02 4.765602e-08
2.990196e-01 9.313725e-02 2.747805e-08
3.088235e-01 9.313725e-02 1.571491e-08
3.186275e-01 9.313725e-02 8.993094e-09
3.284314e-01 9.313725e-02 5.323760e-09
3.382353e-01 9.313725e-02 3.621650e-09
3.480392e-01 9.313725e-02 3.449556e-09
3.578431e-01 9.313725e-02 4.945665e-09
3.676471e-01 9.313725e-02 8.931943e-09
3.774510e-01 9.313725e-02 1.724502e-08
3.872549e-01 9.313725e-02 3.338351e-08
3.970588e-01 9.313725e-02 6.363439e-08
4.068627e-01 9.313725e-02 1.189347e-07
4.166667e-01 9.313725e-02 2.178514e-07
4.264706e-01 9.313725e-02 3.912308e-07
4.362745e-01 9.313725e-02 6.892866e-07
4.460784e-01 9.313725e-02 1.192167e-06
4.558824e-01 9.313725e-02 2.025353e-06
4.656863e-01 9.313725e-02 3.381594e-06
4.754902e-01 9.313725e-02 5.551421e-06
4.852941e-01 9.313725e-02 8.964563e-06
4.950980e-01 9.313725e-02 1.424471e-05
5.049020e-01 9.313725e-02 2.227995e-05
5.147059e-01 9.313725e-02 3.431066e-05
5.245098e-01 9.313725e-02 5.203554e-05
5.343137e-01 9.313725e-02 7.773476e-05
5.441176e-01 9.313725e-02 1.144065e-04
5.539216e-01 9.313725e-02 1.659102e-04
5.637255e-01 9.313725e-02 2.371049e-04
5.735294e-01 9.313725e-02 3.339677e-04
5.833333e-01 9.313725e-02 4.636726e-04
5.931373e-01 9.313725e-02 6.346049e-04
6.029412e-01 9.313725e-02 8.562866e-04
6.127451e-01 9.313725e-02 1.139186e-03
6.225490e-01 9.313725e-02 1.494390e-03
6.323529e-01 9.313725e-02 1.933123e-03
6.421569e-01 9.313725e-02 2.466109e-03
6.519608e-01 9.313725e-02 3.102790e-03
6.617647e-01 9.313725e-02 3.850426e-03
6.715686e-01 9.313725e-02 4.713137e-03
6.813725e-01 9.313725e-02 5.690942e-03
6.911765e-01 9.313725e-02 6.778888e-03
7.009804e-01 9.313725e-02 7.966359e-03
7.107843e-01 9.313725e-02 9.236659e-03
7.205882e-01 9.313725e-02 1.056695e-02
7.303922e-01 9.313725e-02 1.192862e-02
7.401961e-01 9.313725e-02 1.328806e-02
7.500000e-01 9.313725e-02 1.460794e-02
7.598039e-01 9.313725e-02 1.584883e-02
7.696078e-01 9.313725e-02 1.697113e-02
7.794118e-01 9.313725e-02 1.793717e-02
7.892157e-01 9.313725e-02 1.871329e-02
7.990196e-01 9.313725e-02 1.927186e-02
8.088235e-01 9.313725e-02 1.959282e-02
8.186275e-01 9.313725e-02 1.966498e-02
8.284314e-01 9.313725e-02 1.948658e-02
8.382353e-01 9.313725e-02 1.906540e-02
8.480392e-01 9.313725e-02 1.841816e-02
8.578431e-01 9.313725e-02 1.756947e-02
8.676471e-01 9.313725e-02 1.655025e-02
8.774510e-01 9.313725e-02 1.539590e-02
8.872549e-01 9.313725e-02 1.414429e-02
8.970588e-01 9.313725e-02 1.283375e-02
9.068627e-01 9.313725e-02 1.150118e-02
9.166667e-01 9.313725e-02 1.018049e-02
9.264706e-01 9.313725e-02 8.901252e-03
9.362745e-01 9.313725e-02 7.687941e-03
9.460784e-01 9.313725e-02 6.559407e-03
9.558824e-01 9.313725e-02 5.528838e-03
9.656863e-01 9.313725e-02 4.604014e-03
9.754902e-01 9.313725e-02 3.787839e-03
9.852941e-01 9.313725e-02 3.079050e-03
9.950980e-01 9.313725e-02 2.473036e-03
4.901961e-03 1.029412e-01 2.269411e-03
1.470588e-02 1.029412e-01 1.818720e-03
2.450980e-02 1.029412e-01 1.440192e-03
3.431373e-02 1.029412e-01 1.126922e-03
4.411765e-02 1.029412e-01 8.713732e-04
5.392157e-02 1.029412e-01 6.658371e-04
6.372549e-02 1.029412e-01 5.028081e-04
7.352941e-02 1.029412e-01 3.752524e-04
8.333333e-02 1.029412e-01 2.767886e-04
9.313725e-02 1.029412e-01 2.017867e-04
1.029412e-01 1.029412e-01 1.454026e-04
1.127451e-01 1.029412e-01 1.035626e-04
1.225490e-01 1.029412e-01 7.291224e-05
1.323529e-01 1.029412e-01 5.074341e-05
1.421569e-01 1.029412e-01 3.491047e-05
1.519608e-01 1.029412e-01 2.374342e-05
1.617647e-01 1.029412e-01 1.596456e-05
1.715686e-01 1.029412e-01 1.061234e-05
1.813725e-01 1.029412e-01 6.974614e-06
1.911765e-01 1.029412e-01 4.532081e-06
2.009804e-01 1.029412e-01 2.911772e-06
2.107843e-01 1.029412e-01 1.849749e-06
2.205882e-01 1.029412e-01 1.161923e-06
2.303922e-01 1.029412e-01 7.217124e-07
2.401961e-01 1.029412e-01 4.432880e-07
2.500000e-01 1.029412e-01 2.692500e-07
2.598039e-01 1.029412e-01 1.617285e-07
2.696078e-01 1.029412e-01 9.607144e-08
2.794118e-01 1.029412e-01 5.644241e-08
2.892157e-01 1.029412e-01 3.280178e-08
2.990196e-01 1.029412e-01 1.886946e-08
3.088235e-01 1.029412e-01 1.077363e-08
3.186275e-01 1.029412e-01 6.171464e-09
3.284314e-01 1.029412e-01 3.692698e-09
3.382353e-01 1.029412e-01 2.606592e-09
3.480392e-01 1.029412e-01 2.651987e-09
3.578431e-01 1.029412e-01 4.003024e-09
3.676471e-01 1.029412e-01 7.373971e-09
3.774510e-01 1.029412e-01 1.430016e-08
3.872549e-01 1.029412e-01 2.767341e-08
3.970588e-01 1.029412e-01 5.266488e-08
4.068627e-01 1.029412e-01 9.824321e-08
4.166667e-01 1.029412e-01 1.795963e-07
4.264706e-01 1.029412e-01 3.219000e-07
4.362745e-01 1.029412e-01 5.660482e-07
4.460784e-01 1.029412e-01 9.771729e-07
4.558824e-01 1.029412e-01 1.657028e-06
4.656863e-01 1.029412e-01 2.761580e-06
4.754902e-01 1.029412e-01 4.525410e-06
4.852941e-01 1.029412e-01 7.294724e-06
4.950980e-01 1.029412e-01 1.157087e-05
5.049020e-01 1.029412e-01 1.806609e-05
5.147059e-01 1.029412e-01 2.777280e-05
5.245098e-01 1.029412e-01 4.204684e-05
5.343137e-01 1.029412e-01 6.270351e-05
5.441176e-01 1.029412e-01 9.212346e-05
5.539216e-01 1.029412e-01 1.333626e-04
5.637255e-01 1.029412e-01 1.902570e-04
5.735294e-01 1.029412e-01 2.675107e-04
5.833333e-01 1.029412e-01 3.707502e-04
5.931373e-01 1.029412e-01 5.065276e-04
6.029412e-01 1.029412e-01 6.822515e-04
6.127451e-01 1.029412e-01 9.060280e-04
6.225490e-01 1.029412e-01 1.186392e-03
6.323529e-01 1.029412e-01 1.531921e-03
6.421569e-01 1.029412e-01 1.950730e-03
6.519608e-01 1.029412e-01 2.449857e-03
6.617647e-01 1.029412e-01 3.034561e-03
6.715686e-01 1.029412e-01 3.707585e-03
6.813725e-01 1.029412e-01 4.468426e-03
6.911765e-01 1.029412e-01 5.312676e-03
7.009804e-01 1.029412e-01 6.231527e-03
7.107843e-01 1.029412e-01 7.211482e-03
7.205882e-01 1.029412e-01 8.234354e-03
7.303922e-01 1.029412e-01 9.277594e-03
7.401961e-01 1.029412e-01 1.031496e-02
7.500000e-01 1.029412e-01 1.131751e-02
7.598039e-01 1.029412e-01 1.225491e-02
7.696078e-01 1.029412e-01 1.309695e-02
7.794118e-01 1.029412e-01 1.381514e-02
7.892157e-01 1.029412e-01 1.438430e-02
7.990196e-01 1.029412e-01 1.478408e-02
8.088235e-01 1.029412e-01 1.500014e-02
8.186275e-01 1.029412e-01 1.502500e-02
8.284314e-01 1.029412e-01 1.485850e-02
8.382353e-01 1.029412e-01 1.450771e-02
8.480392e-01 1.029412e-01 1.398647e-02
8.578431e-01 1.029412e-01 1.331449e-02
8.676471e-01 1.029412e-01 1.251612e-02
8.774510e-01 1.029412e-01 1.161890e-02
8.872549e-01 1.029412e-01 1.065200e-02
8.970588e-01 1.029412e-01 9.644712e-03
9.068627e-01 1.029412e-01 8.625002e-03
9.166667e-01 1.029412e-01 7.618357e-03
9.264706e-01 1.029412e-01 6.646844e-03
9.362745e-01 1.029412e-01 5.728506e-03
9.460784e-01 1.029412e-01 4.877061e-03
9.558824e-01 1.029412e-01 4.101900e-03
9.656863e-01 1.029412e-01 3.408324e-03
9.754902e-01 1.029412e-01 2.797977e-03
9.852941e-01 1.029412e-01 2.269411e-03
9.950980e-01 1.029412e-01 1.818720e-03
4.901961e-03 1.127451e-01 1.653505e-03
1.470588e-02 1.127451e-01 1.322188e-03
2.450980e-02 1.127451e-01 1.044666e-03
3.431373e-02 1.127451e-01 8.155991e-04
4.411765e-02 1.127451e-01 6.292276e-04
5.392157e-02 1.127451e-01 4.797199e-04
6.372549e-02 1.127451e-01 3.614377e-04
7.352941e-02 1.127451e-01 2.691297e-04
8.333333e-02 1.127451e-01 1.980563e-04
9.313725e-02 1.127451e-01 1.440557e-04
1.029412e-01 1.127451e-01 1.035626e-04
1.127451e-01 1.127451e-01 7.359056e-05
1.225490e-01 1.127451e-01 5.168960e-05
1.323529e-01 1.127451e-01 3.588900e-05
1.421569e-01 1.127451e-01 2.463268e-05
1.519608e-01 1.127451e-01 1.671356e-05
1.617647e-01 1.127451e-01 1.121109e-05
1.715686e-01 1.127451e-01 7.434682e-06
1.813725e-01 1.127451e-01 4.874465e-06
1.911765e-01 1.127451e-01 3.159770e-06
2.009804e-01 1.127451e-01 2.025170e-06
2.107843e-01 1.127451e-01 1.283390e-06
2.205882e-01 1.127451e-01 8.041931e-07
2.303922e-01 1.127451e-01 4.982869e-07
2.401961e-01 1.127451e-01 3.053015e-07
2.500000e-01 1.127451e-01 1.849787e-07
2.598039e-01 1.127451e-01 1.108335e-07
2.696078e-01 1.127451e-01 6.567403e-08
2.794118e-01 1.127451e-01 3.848749e-08
2.892157e-01 1.127451e-01 2.231214e-08
2.990196e-01 1.127451e-01 1.280599e-08
3.088235e-01 1.127451e-01 7.300902e-09
3.186275e-01 1.127451e-01 4.189687e-09
3.284314e-01 1.127451e-01 2.540867e-09
3.382353e-01 1.127451e-01 1.871503e-09
3.480392e-01 1.127451e-01 2.036977e-09
3.578431e-01 1.127451e-01 3.220790e-09
3.676471e-01 1.127451e-01 6.030668e-09
3.774510e-01 1.127451e-01 1.173302e-08
3.872549e-01 1.127451e-01 2.269013e-08
3.970588e-01 1.127451e-01 4.310749e-08
4.068627e-01 1.127451e-01 8.025771e-08
4.166667e-01 1.127451e-01 1.464269e-07
4.264706e-01 1.127451e-01 2.619348e-07
4.362745e-01 1.127451e-01 4.597162e-07
4.460784e-01 1.127451e-01 7.921133e-07
4.558824e-01 1.127451e-01 1.340723e-06
4.656863e-01 1.127451e-01 2.230348e-06
4.754902e-01 1.127451e-01 3.648285e-06
4.852941e-01 1.127451e-01 5.870348e-06
4.950980e-01 1.127451e-01 9.295048e-06
5.049020e-01 1.127451e-01 1.448722e-05
5.147059e-01 1.127451e-01 2.223204e-05
5.245098e-01 1.127451e-01 3.359954e-05
5.343137e-01 1.127451e-01 5.001872e-05
5.441176e-01 1.127451e-01 7.335863e-05
5.539216e-01 1.127451e-01 1.060117e-04
5.637255e-01 1.127451e-01 1.509721e-04
5.735294e-01 1.127451e-01 2.119000e-04
5.833333e-01 1.127451e-01 2.931578e-04
5.931373e-01 1.127451e-01 3.998064e-04
6.029412e-01 1.127451e-01 5.375437e-04
6.127451e-01 1.127451e-01 7.125727e-04
6.225490e-01 1.127451e-01 9.313859e-04
6.323529e-01 1.127451e-01 1.200459e-03
6.421569e-01 1.127451e-01 1.525854e-03
6.519608e-01 1.127451e-01 1.912742e-03
6.617647e-01 1.127451e-01 2.364868e-03
6.715686e-01 1.127451e-01 2.883984e-03
6.813725e-01 1.127451e-01 3.469302e-03
6.911765e-01 1.127451e-01 4.117010e-03
7.009804e-01 1.127451e-01 4.819914e-03
7.107843e-01 1.127451e-01 5.567251e-03
7.205882e-01 1.127451e-01 6.344720e-03
7.303922e-01 1.127451e-01 7.134772e-03
7.401961e-01 1.127451e-01 7.917156e-03
7.500000e-01 1.127451e-01 8.669715e-03
7.598039e-01 1.127451e-01 9.369401e-03
7.696078e-01 1.127451e-01 9.993433e-03
7.794118e-01 1.127451e-01 1.052053e-02
7.892157e-01 1.127451e-01 1.093212e-02
7.990196e-01 1.127451e-01 1.121343e-02
8.088235e-01 1.127451e-01 1.135437e-02
8.186275e-01 1.127451e-01 1.135015e-02
8.284314e-01 1.127451e-01 1.120150e-02
8.382353e-01 1.127451e-01 1.091464e-02
8.480392e-01 1.127451e-01 1.050083e-02
8.578431e-01 1.127451e-01 9.975633e-03
8.676471e-01 1.127451e-01 9.357961e-03
8.774510e-01 1.127451e-01 8.668967e-03
8.872549e-01 1.127451e-01 7.930849e-03
8.970588e-01 1.127451e-01 7.165707e-03
9.068627e-01 1.127451e-01 6.394487e-03
9.166667e-01 1.127451e-01 5.636116e-03
9.264706e-01 1.127451e-01 4.906835e-03
9.362745e-01 1.127451e-01 4.219782e-03
9.460784e-01 1.127451e-01 3.584800e-03
9.558824e-01 1.127451e-01 3.008467e-03
9.656863e-01 1.127451e-01 2.494306e-03
9.754902e-01 1.127451e-01 2.043135e-03
9.852941e-01 1.127451e-01 1.653505e-03
9.950980e-01 1.127451e-01 1.322188e-03
4.901961e-03 1.225490e-01 1.190993e-03
1.470588e-02 1.225490e-01 9.502269e-04
2.450980e-02 1.225490e-01 7.490963e-04
3.431373e-02 1.225490e-01 5.835228e-04
4.411765e-02 1.225490e-01 4.491643e-04
5.392157e-02 1.225490e-01 3.416621e-04
6.372549e-02 1.225490e-01 2.568323e-04
7.352941e-02 1.225490e-01 1.908008e-04
8.333333e-02 1.225490e-01 1.400892e-04
9.313725e-02 1.225490e-01 1.016575e-04
1.029412e-01 1.225490e-01 7.291224e-05
1.127451e-01 1.225490e-01 5.168960e-05
1.225490e-01 1.225490e-01 3.622123e-05
1.323529e-01 1.225490e-01 2.508971e-05
1.421569e-01 1.225490e-01 1.717970e-05
1.519608e-01 1.225490e-01 1.162888e-05
1.617647e-01 1.225490e-01 7.781740e-06
1.715686e-01 1.225490e-01 5.148099e-06
1.813725e-01 1.225490e-01 3.367149e-06
1.911765e-01 1.225490e-01 2.177394e-06
2.009804e-01 1.225490e-01 1.392145e-06
2.107843e-01 1.225490e-01 8.800725e-07
2.205882e-01 1.225490e-01 5.501132e-07
2.303922e-01 1.225490e-01 3.400153e-07
2.401961e-01 1.225490e-01 2.078120e-07
2.500000e-01 1.225490e-01 1.255976e-07
2.598039e-01 1.225490e-01 7.506620e-08
2.696078e-01 1.225490e-01 4.436873e-08
2.794118e-01 1.225490e-01 2.593664e-08
2.892157e-01 1.225490e-01 1.499913e-08
2.990196e-01 1.225490e-01 8.589525e-09
3.088235e-01 1.225490e-01 4.891016e-09
3.186275e-01 1.225490e-01 2.814580e-09
3.284314e-01 1.225490e-01 1.735681e-09
3.382353e-01 1.225490e-01 1.341678e-09
3.480392e-01 1.225490e-01 1.562434e-09
3.578431e-01 1.225490e-01 2.574260e-09
3.676471e-01 1.225490e-01 4.884609e-09
3.774510e-01 1.225490e-01 9.524648e-09
3.872549e-01 1.225490e-01 1.840179e-08
3.970588e-01 1.225490e-01 3.489791e-08
4.068627e-01 1.225490e-01 6.484492e-08
4.166667e-01 1.225490e-01 1.180716e-07
4.264706e-01 1.225490e-01 2.107973e-07
4.362745e-01 1.225490e-01 3.692533e-07
4.460784e-01 1.225490e-01 6.350385e-07
4.558824e-01 1.225490e-01 1.072862e-06
4.656863e-01 1.225490e-01 1.781483e-06
4.754902e-01 1.225490e-01 2.908788e-06
4.852941e-01 1.225490e-01 4.672074e-06
4.950980e-01 1.225490e-01 7.384587e-06
5.049020e-01 1.225490e-01 1.148929e-05
5.147059e-01 1.225490e-01 1.760045e-05
5.245098e-01 1.225490e-01 2.655312e-05
5.343137e-01 1.225490e-01 3.945963e-05
5.441176e-01 1.225490e-01 5.777091e-05
5.539216e-01 1.225490e-01 8.333887e-05
5.637255e-01 1.225490e-01 1.184744e-04
5.735294e-01 1.225490e-01 1.659928e-04
5.833333e-01 1.225490e-01 2.292382e-04
5.931373e-01 1.225490e-01 3.120749e-04
6.029412e-01 1.225490e-01 4.188343e-04
6.127451e-01 1.225490e-01 5.542081e-04
6.225490e-01 1.225490e-01 7.230761e-04
6.323529e-01 1.225490e-01 9.302673e-04
6.421569e-01 1.225490e-01 1.180252e-03
6.519608e-01 1.225490e-01 1.476778e-03
6.617647e-01 1.225490e-01 1.822458e-03
6.715686e-01 1.225490e-01 2.218353e-03
6.813725e-01 1.225490e-01 2.663559e-03
6.911765e-01 1.225490e-01 3.154857e-03
7.009804e-01 1.225490e-01 3.686462e-03
7.107843e-01 1.225490e-01 4.249904e-03
7.205882e-01 1.225490e-01 4.834080e-03
7.303922e-01 1.225490e-01 5.425500e-03
7.401961e-01 1.225490e-01 6.008725e-03
7.500000e-01 1.225490e-01 6.566994e-03
7.598039e-01 1.225490e-01 7.083003e-03
7.696078e-01 1.225490e-01 7.539791e-03
7.794118e-01 1.225490e-01 7.921664e-03
7.892157e-01 1.225490e-01 8.215095e-03
7.990196e-01 1.225490e-01 8.409524e-03
8.088235e-01 1.225490e-01 8.497989e-03
8.186275e-01 1.225490e-01 8.477538e-03
8.284314e-01 1.225490e-01 8.349393e-03
8.382353e-01 1.225490e-01 8.118840e-03
8.480392e-01 1.225490e-01 7.794874e-03
8.578431e-01 1.225490e-01 7.389618e-03
8.676471e-01 1.225490e-01 6.917582e-03
8.774510e-01 1.225490e-01 6.394803e-03
8.872549e-01 1.225490e-01 5.837966e-03
8.970588e-01 1.225490e-01 5.263544e-03
9.068627e-01 1.225490e-01 4.687028e-03
9.166667e-01 1.225490e-01 4.122301e-03
9.264706e-01 1.225490e-01 3.581167e-03
9.362745e-01 1.225490e-01 3.073064e-03
9.460784e-01 1.225490e-01 2.604956e-03
9.558824e-01 1.225490e-01 2.181372e-03
9.656863e-01 1.225490e-01 1.804591e-03
9.754902e-01 1.225490e-01 1.474911e-03
9.852941e-01 1.225490e-01 1.190993e-03
9.950980e-01 1.225490e-01 9.502269e-04
4.901961e-03 1.323529e-01 8.480861e-04
1.470588e-02 1.323529e-01 6.751247e-04
2.450980e-02 1.323529e-01 5.310258e-04
3.431373e-02 1.323529e-01 4.127171e-04
4.411765e-02 1.323529e-01 3.169653e-04
5.392157e-02 1.323529e-01 2.405529e-04
6.372549e-02 1.323529e-01 1.804122e-04
7.352941e-02 1.323529e-01 1.337193e-04
8.333333e-02 1.323529e-01 9.795166e-05
9.313725e-02 1.323529e-01 7.091449e-05
1.029412e-01 1.323529e-01 5.074341e-05
1.127451e-01 1.323529e-01 3.588900e-05
1.225490e-01 1.323529e-01 2.508971e-05
1.323529e-01 1.323529e-01 1.733794e-05
1.421569e-01 1.323529e-01 1.184356e-05
1.519608e-01 1.323529e-01 7.997693e-06
1.617647e-01 1.323529e-01 5.338990e-06
1.715686e-01 1.323529e-01 3.523546e-06
1.813725e-01 1.323529e-01 2.299013e-06
1.911765e-01 1.323529e-01 1.483055e-06
2.009804e-01 1.323529e-01 9.458916e-07
2.107843e-01 1.323529e-01 5.964955e-07
2.205882e-01 1.323529e-01 3.719357e-07
2.303922e-01 1.323529e-01 2.293172e-07
2.401961e-01 1.323529e-01 1.398062e-07
2.500000e-01 1.323529e-01 8.428496e-08
2.598039e-01 1.323529e-01 5.024833e-08
2.696078e-01 1.323529e-01 2.962507e-08
2.794118e-01 1.323529e-01 1.727443e-08
2.892157e-01 1.323529e-01 9.965267e-09
2.990196e-01 1.323529e-01 5.694442e-09
3.088235e-01 1.323529e-01 3.239515e-09
3.186275e-01 1.323529e-01 1.871682e-09
3.284314e-01 1.323529e-01 1.178113e-09
3.382353e-01 1.323529e-01 9.611132e-10
3.480392e-01 1.323529e-01 1.196032e-09
3.578431e-01 1.323529e-01 2.042634e-09
3.676471e-01 1.323529e-01 3.917471e-09
3.774510e-01 1.323529e-01 7.649680e-09
3.872549e-01 1.323529e-01 1.476178e-08
3.970588e-01 1.323529e-01 2.794305e-08
4.068627e-01 1.323529e-01 5.181848e-08
4.166667e-01 1.323529e-01 9.416433e-08
4.264706e-01 1.323529e-01 1.677844e-07
4.362745e-01 1.323529e-01 2.933408e-07
4.460784e-01 1.323529e-01 5.035296e-07
4.558824e-01 1.323529e-01 8.491018e-07
4.656863e-01 1.323529e-01 1.407344e-06
4.754902e-01 1.323529e-01 2.293735e-06
4.852941e-01 1.323529e-01 3.677575e-06
4.950980e-01 1.323529e-01 5.802364e-06
5.049020e-01 1.323529e-01 9.011625e-06
5.147059e-01 1.323529e-01 1.378059e-05
5.245098e-01 1.323529e-01 2.075368e-05
5.343137e-01 1.323529e-01 3.078707e-05
5.441176e-01 1.323529e-01 4.499450e-05
5.539216e-01 1.323529e-01 6.479345e-05
5.637255e-01 1.323529e-01 9.194722e-05
5.735294e-01 1.323529e-01 1.285971e-04
5.833333e-01 1.323529e-01 1.772774e-04
5.931373e-01 1.323529e-01 2.409048e-04
6.029412e-01 1.323529e-01 3.227344e-04
6.127451e-01 1.323529e-01 4.262730e-04
6.225490e-01 1.323529e-01 5.551450e-04
6.323529e-01 1.323529e-01 7.129073e-04
6.421569e-01 1.323529e-01 9.028140e-04
6.519608e-01 1.323529e-01 1.127540e-03
6.617647e-01 1.323529e-01 1.388875e-03
6.715686e-01 1.323529e-01 1.687407e-03
6.813725e-01 1.323529e-01 2.022229e-03
6.911765e-01 1.323529e-01 2.390682e-03
7.009804e-01 1.323529e-01 2.788182e-03
7.107843e-01 1.323529e-01 3.208151e-03
7.205882e-01 1.323529e-01 3.642076e-03
7.303922e-01 1.323529e-01 4.079713e-03
7.401961e-01 1.323529e-01 4.509433e-03
7.500000e-01 1.323529e-01 4.918710e-03
7.598039e-01 1.323529e-01 5.294711e-03
7.696078e-01 1.323529e-01 5.624960e-03
7.794118e-01 1.323529e-01 5.898031e-03
7.892157e-01 1.323529e-01 6.104203e-03
7.990196e-01 1.323529e-01 6.236037e-03
8.088235e-01 1.323529e-01 6.288826e-03
8.186275e-01 1.323529e-01 6.260867e-03
8.284314e-01 1.323529e-01 6.153557e-03
8.382353e-01 1.323529e-01 5.971275e-03
8.480392e-01 1.323529e-01 5.721096e-03
8.578431e-01 1.323529e-01 5.412332e-03
8.676471e-01 1.323529e-01 5.055966e-03
8.774510e-01 1.323529e-01 4.664014e-03
8.872549e-01 1.323529e-01 4.248858e-03
8.970588e-01 1.323529e-01 3.822629e-03
9.068627e-01 1.323529e-01 3.396644e-03
9.166667e-01 1.323529e-01 2.980959e-03
9.264706e-01 1.323529e-01 2.584044e-03
9.362745e-01 1.323529e-01 2.212592e-03
9.460784e-01 1.323529e-01 1.871456e-03
9.558824e-01 1.323529e-01 1.563702e-03
9.656863e-01 1.323529e-01 1.290753e-03
9.754902e-01 1.323529e-01 1.052606e-03
9.852941e-01 1.323529e-01 8.480861e-04
9.950980e-01 1.323529e-01 6.751247e-04
4.901961e-03 1.421569e-01 5.970521e-04
1.470588e-02 1.421569e-01 4.742179e-04
2.450980e-02 1.421569e-01 3.721573e-04
3.431373e-02 1.421569e-01 2.885862e-04
4.411765e-02 1.421569e-01 2.211273e-04
5.392157e-02 1.421569e-01 1.674341e-04
6.372549e-02 1.421569e-01 1.252845e-04
7.352941e-02 1.421569e-01 9.264431e-05
8.333333e-02 1.421569e-01 6.770566e-05
9.313725e-02 1.421569e-01 4.890260e-05
1.029412e-01 1.421569e-01 3.491047e-05
1.127451e-01 1.421569e-01 2.463268e-05
1.225490e-01 1.421569e-01 1.717970e-05
1.323529e-01 1.421569e-01 1.184356e-05
1.421569e-01 1.421569e-01 8.070999e-06
1.519608e-01 1.421569e-01 5.437071e-06
1.617647e-01 1.421569e-01 3.620846e-06
1.715686e-01 1.421569e-01 2.383838e-06
1.813725e-01 1.421569e-01 1.551598e-06
1.911765e-01 1.421569e-01 9.984620e-07
2.009804e-01 1.421569e-01 6.352538e-07
2.107843e-01 1.421569e-01 3.996132e-07
2.205882e-01 1.421569e-01 2.485551e-07
2.303922e-01 1.421569e-01 1.528652e-07
2.401961e-01 1.421569e-01 9.296321e-08
2.500000e-01 1.421569e-01 5.590398e-08
2.598039e-01 1.421569e-01 3.324434e-08
2.696078e-01 1.421569e-01 1.955042e-08
2.794118e-01 1.421569e-01 1.137116e-08
2.892157e-01 1.421569e-01 6.543762e-09
2.990196e-01 1.421569e-01 3.731509e-09
3.088235e-01 1.421569e-01 2.121669e-09
3.186275e-01 1.421569e-01 1.232573e-09
3.284314e-01 1.421569e-01 7.953344e-10
3.382353e-01 1.421569e-01 6.883575e-10
3.480392e-01 1.421569e-01 9.130286e-10
3.578431e-01 1.421569e-01 1.608195e-09
3.676471e-01 1.421569e-01 3.110435e-09
3.774510e-01 1.421569e-01 6.078309e-09
3.872549e-01 1.421569e-01 1.171336e-08
3.970588e-01 1.421569e-01 2.213040e-08
4.068627e-01 1.421569e-01 4.095691e-08
4.166667e-01 1.421569e-01 7.427773e-08
4.264706e-01 1.421569e-01 1.320893e-07
4.362745e-01 1.421569e-01 2.304883e-07
4.460784e-01 1.421569e-01 3.948909e-07
4.558824e-01 1.421569e-01 6.646628e-07
4.656863e-01 1.421569e-01 1.099621e-06
4.754902e-01 1.421569e-01 1.788946e-06
4.852941e-01 1.421569e-01 2.863086e-06
4.950980e-01 1.421569e-01 4.509234e-06
5.049020e-01 1.421569e-01 6.990853e-06
5.147059e-01 1.421569e-01 1.067153e-05
5.245098e-01 1.421569e-01 1.604306e-05
5.343137e-01 1.421569e-01 2.375712e-05
5.441176e-01 1.421569e-01 3.465908e-05
5.539216e-01 1.421569e-01 4.982176e-05
5.637255e-01 1.421569e-01 7.057559e-05
5.735294e-01 1.421569e-01 9.853079e-05
5.833333e-01 1.421569e-01 1.355861e-04
5.931373e-01 1.421569e-01 1.839183e-04
6.029412e-01 1.421569e-01 2.459449e-04
6.127451e-01 1.421569e-01 3.242568e-04
6.225490e-01 1.421569e-01 4.215139e-04
6.323529e-01 1.421569e-01 5.403039e-04
6.421569e-01 1.421569e-01 6.829646e-04
6.519608e-01 1.421569e-01 8.513769e-04
6.617647e-01 1.421569e-01 1.046738e-03
6.715686e-01 1.421569e-01 1.269332e-03
6.813725e-01 1.421569e-01 1.518313e-03
6.911765e-01 1.421569e-01 1.791527e-03
7.009804e-01 1.421569e-01 2.085395e-03
7.107843e-01 1.421569e-01 2.394875e-03
7.205882e-01 1.421569e-01 2.713520e-03
7.303922e-01 1.421569e-01 3.033644e-03
7.401961e-01 1.421569e-01 3.346595e-03
7.500000e-01 1.421569e-01 3.643122e-03
7.598039e-01 1.421569e-01 3.913823e-03
7.696078e-01 1.421569e-01 4.149636e-03
7.794118e-01 1.421569e-01 4.342346e-03
7.892157e-01 1.421569e-01 4.485060e-03
7.990196e-01 1.421569e-01 4.572621e-03
8.088235e-01 1.421569e-01 4.601912e-03
8.186275e-01 1.421569e-01 4.572048e-03
8.284314e-01 1.421569e-01 4.484408e-03
8.382353e-01 1.421569e-01 4.342541e-03
8.480392e-01 1.421569e-01 4.151921e-03
8.578431e-01 1.421569e-01 3.919608e-03
8.676471e-01 1.421569e-01 3.653810e-03
8.774510e-01 1.421569e-01 3.363414e-03
8.872549e-01 1.421569e-01 3.057502e-03
8.970588e-01 1.421569e-01 2.744895e-03
9.068627e-01 1.421569e-01 2.433762e-03
9.166667e-01 1.421569e-01 2.131296e-03
9.264706e-01 1.421569e-01 1.843497e-03
9.362745e-01 1.421569e-01 1.575049e-03
9.460784e-01 1.421569e-01 1.329284e-03
9.558824e-01 1.421569e-01 1.108237e-03
9.656863e-01 1.421569e-01 9.127626e-04
9.754902e-01 1.421569e-01 7.426968e-04
9.852941e-01 1.421569e-01 5.970521e-04
9.950980e-01 1.421569e-01 4.742179e-04
4.901961e-03 1.519608e-01 4.155670e-04
1.470588e-02 1.519608e-01 3.293246e-04
2.450980e-02 1.519608e-01 2.578608e-04
3.431373e-02 1.519608e-01 1.994996e-04
4.411765e-02 1.519608e-01 1.525148e-04
5.392157e-02 1.519608e-01 1.152157e-04
6.372549e-02 1.519608e-01 8.601189e-05
7.352941e-02 1.519608e-01 6.345543e-05
8.333333e-02 1.519608e-01 4.626568e-05
9.313725e-02 1.519608e-01 3.333843e-05
1.029412e-01 1.519608e-01 2.374342e-05
1.127451e-01 1.519608e-01 1.671356e-05
1.225490e-01 1.519608e-01 1.162888e-05
1.323529e-01 1.519608e-01 7.997693e-06
1.421569e-01 1.519608e-01 5.437071e-06
1.519608e-01 1.519608e-01 3.653871e-06
1.617647e-01 1.519608e-01 2.427415e-06
1.715686e-01 1.519608e-01 1.594233e-06
1.813725e-01 1.519608e-01 1.035120e-06
1.911765e-01 1.519608e-01 6.644685e-07
2.009804e-01 1.519608e-01 4.217128e-07
2.107843e-01 1.519608e-01 2.646253e-07
2.205882e-01 1.519608e-01 1.641842e-07
2.303922e-01 1.519608e-01 1.007232e-07
2.401961e-01 1.519608e-01 6.109977e-08
2.500000e-01 1.519608e-01 3.665000e-08
2.598039e-01 1.519608e-01 2.173940e-08
2.696078e-01 1.519608e-01 1.275211e-08
2.794118e-01 1.519608e-01 7.398313e-09
2.892157e-01 1.519608e-01 4.247168e-09
2.990196e-01 1.519608e-01 2.417114e-09
3.088235e-01 1.519608e-01 1.374235e-09
3.186275e-01 1.519608e-01 8.041986e-10
3.284314e-01 1.519608e-01 5.345722e-10
3.382353e-01 1.519608e-01 4.930704e-10
3.480392e-01 1.519608e-01 6.945039e-10
3.578431e-01 1.519608e-01 1.255712e-09
3.676471e-01 1.519608e-01 2.444656e-09
3.774510e-01 1.519608e-01 4.778173e-09
3.872549e-01 1.519608e-01 9.193834e-09
3.970588e-01 1.519608e-01 1.733639e-08
4.068627e-01 1.519608e-01 3.201975e-08
4.166667e-01 1.519608e-01 5.795311e-08
4.264706e-01 1.519608e-01 1.028557e-07
4.362745e-01 1.519608e-01 1.791301e-07
4.460784e-01 1.519608e-01 3.063172e-07
4.558824e-01 1.519608e-01 5.146164e-07
4.656863e-01 1.519608e-01 8.498164e-07
4.754902e-01 1.519608e-01 1.380031e-06
4.852941e-01 1.519608e-01 2.204668e-06
4.950980e-01 1.519608e-01 3.466049e-06
5.049020e-01 1.519608e-01 5.364004e-06
5.147059e-01 1.519608e-01 8.173635e-06
5.245098e-01 1.519608e-01 1.226610e-05
5.343137e-01 1.519608e-01 1.813192e-05
5.441176e-01 1.519608e-01 2.640564e-05
5.539216e-01 1.519608e-01 3.789016e-05
5.637255e-01 1.519608e-01 5.357805e-05
5.735294e-01 1.519608e-01 7.466657e-05
5.833333e-01 1.519608e-01 1.025623e-04
5.931373e-01 1.519608e-01 1.388710e-04
6.029412e-01 1.519608e-01 1.853679e-04
6.127451e-01 1.519608e-01 2.439447e-04
6.225490e-01 1.519608e-01 3.165303e-04
6.323529e-01 1.519608e-01 4.049839e-04
6.421569e-01 1.519608e-01 5.109629e-04
6.519608e-01 1.519608e-01 6.357695e-04
6.617647e-01 1.519608e-01 7.801854e-04
6.715686e-01 1.519608e-01 9.443042e-04
6.813725e-01 1.519608e-01 1.127379e-03
6.911765e-01 1.519608e-01 1.327697e-03
7.009804e-01 1.519608e-01 1.542504e-03
7.107843e-01 1.519608e-01 1.767983e-03
7.205882e-01 1.519608e-01 1.999312e-03
7.303922e-01 1.519608e-01 2.230795e-03
7.401961e-01 1.519608e-01 2.456070e-03
7.500000e-01 1.519608e-01 2.668388e-03
7.598039e-01 1.519608e-01 2.860943e-03
7.696078e-01 1.519608e-01 3.027234e-03
7.794118e-01 1.519608e-01 3.161429e-03
7.892157e-01 1.519608e-01 3.258708e-03
7.990196e-01 1.519608e-01 3.315550e-03
8.088235e-01 1.519608e-01 3.329947e-03
8.186275e-01 1.519608e-01 3.301516e-03
8.284314e-01 1.519608e-01 3.231518e-03
8.382353e-01 1.519608e-01 3.122765e-03
8.480392e-01 1.519608e-01 2.979433e-03
8.578431e-01 1.519608e-01 2.806800e-03
8.676471e-01 1.519608e-01 2.610924e-03
8.774510e-01 1.519608e-01 2.398299e-03
8.872549e-01 1.519608e-01 2.175503e-03
8.970588e-01 1.519608e-01 1.948875e-03
9.068627e-01 1.519608e-01 1.724235e-03
9.166667e-01 1.519608e-01 1.506668e-03
9.264706e-01 1.519608e-01 1.300371e-03
9.362745e-01 1.519608e-01 1.108574e-03
9.460784e-01 1.519608e-01 9.335330e-04
9.558824e-01 1.519608e-01 7.765708e-04
9.656863e-01 1.519608e-01 6.381720e-04
9.754902e-01 1.519608e-01 5.181056e-04
9.852941e-01 1.519608e-01 4.155670e-04
9.950980e-01 1.519608e-01 3.293246e-04
4.901961e-03 1.617647e-01 2.859836e-04
1.470588e-02 1.617647e-01 2.261190e-04
2.450980e-02 1.617647e-01 1.766470e-04
3.431373e-02 1.617647e-01 1.363536e-04
4.411765e-02 1.617647e-01 1.040004e-04
5.392157e-02 1.617647e-01 7.838419e-05
6.372549e-02 1.617647e-01 5.838002e-05
7.352941e-02 1.617647e-01 4.296934e-05
8.333333e-02 1.617647e-01 3.125563e-05
9.313725e-02 1.617647e-01 2.246928e-05
1.029412e-01 1.617647e-01 1.596456e-05
1.127451e-01 1.617647e-01 1.121109e-05
1.225490e-01 1.617647e-01 7.781740e-06
1.323529e-01 1.617647e-01 5.338990e-06
1.421569e-01 1.617647e-01 3.620846e-06
1.519608e-01 1.617647e-01 2.427415e-06
1.617647e-01 1.617647e-01 1.608703e-06
1.715686e-01 1.617647e-01 1.053950e-06
1.813725e-01 1.617647e-01 6.826375e-07
1.911765e-01 1.617647e-01 4.371198e-07
2.009804e-01 1.617647e-01 2.767354e-07
2.107843e-01 1.617647e-01 1.732192e-07
2.205882e-01 1.617647e-01 1.072033e-07
2.303922e-01 1.617647e-01 6.560152e-08
2.401961e-01 1.617647e-01 3.969413e-08
2.500000e-01 1.617647e-01 2.374972e-08
2.598039e-01 1.617647e-01 1.405160e-08
2.696078e-01 1.617647e-01 8.221516e-09
2.794118e-01 1.617647e-01 4.757761e-09
2.892157e-01 1.617647e-01 2.724727e-09
2.990196e-01 1.617647e-01 1.547818e-09
3.088235e-01 1.617647e-01 8.804627e-10
3.186275e-01 1.617647e-01 5.201514e-10
3.284314e-01 1.617647e-01 3.581138e-10
3.382353e-01 1.617647e-01 3.532553e-10
3.480392e-01 1.617647e-01 5.259620e-10
3.578431e-01 1.617647e-01 9.720011e-10
3.676471e-01 1.617647e-01 1.901737e-09
3.774510e-01 1.617647e-01 3.716021e-09
3.872549e-01 1.617647e-01 7.138299e-09
3.970588e-01 1.617647e-01 1.343369e-08
4.068627e-01 1.617647e-01 2.476117e-08
4.166667e-01 1.617647e-01 4.472550e-08
4.264706e-01 1.617647e-01 7.922243e-08
4.362745e-01 1.617647e-01 1.377039e-07
4.460784e-01 1.617647e-01 2.350294e-07
4.558824e-01 1.617647e-01 3.941135e-07
4.656863e-01 1.617647e-01 6.496227e-07
4.754902e-01 1.617647e-01 1.053011e-06
4.852941e-01 1.617647e-01 1.679201e-06
4.950980e-01 1.617647e-01 2.635210e-06
5.049020e-01 1.617647e-01 4.070939e-06
5.147059e-01 1.617647e-01 6.192245e-06
5.245098e-01 1.617647e-01 9.276152e-06
5.343137e-01 1.617647e-01 1.368778e-05
5.441176e-01 1.617647e-01 1.989817e-05
5.539216e-01 1.617647e-01 2.850150e-05
5.637255e-01 1.617647e-01 4.023004e-05
5.735294e-01 1.617647e-01 5.596399e-05
5.833333e-01 1.617647e-01 7.673358e-05
5.931373e-01 1.617647e-01 1.037099e-04
6.029412e-01 1.617647e-01 1.381816e-04
6.127451e-01 1.617647e-01 1.815138e-04
6.225490e-01 1.617647e-01 2.350884e-04
6.323529e-01 1.617647e-01 3.002248e-04
6.421569e-01 1.617647e-01 3.780823e-04
6.519608e-01 1.617647e-01 4.695481e-04
6.617647e-01 1.617647e-01 5.751175e-04
6.715686e-01 1.617647e-01 6.947750e-04
6.813725e-01 1.617647e-01 8.278863e-04
6.911765e-01 1.617647e-01 9.731134e-04
7.009804e-01 1.617647e-01 1.128364e-03
7.107843e-01 1.617647e-01 1.290788e-03
7.205882e-01 1.617647e-01 1.456821e-03
7.303922e-01 1.617647e-01 1.622292e-03
7.401961e-01 1.617647e-01 1.782580e-03
7.500000e-01 1.617647e-01 1.932820e-03
7.598039e-01 1.617647e-01 2.068144e-03
7.696078e-01 1.617647e-01 2.183945e-03
7.794118e-01 1.617647e-01 2.276138e-03
7.892157e-01 1.617647e-01 2.341397e-03
7.990196e-01 1.617647e-01 2.377359e-03
8.088235e-01 1.617647e-01 2.382764e-03
8.186275e-01 1.617647e-01 2.357528e-03
8.284314e-01 1.617647e-01 2.302741e-03
8.382353e-01 1.617647e-01 2.220587e-03
8.480392e-01 1.617647e-01 2.114206e-03
8.578431e-01 1.617647e-01 1.987493e-03
8.676471e-01 1.617647e-01 1.844862e-03
8.774510e-01 1.617647e-01 1.691000e-03
8.872549e-01 1.617647e-01 1.530615e-03
8.970588e-01 1.617647e-01 1.368205e-03
9.068627e-01 1.617647e-01 1.207869e-03
9.166667e-01 1.617647e-01 1.053156e-03
9.264706e-01 1.617647e-01 9.069610e-04
9.362745e-01 1.617647e-01 7.714858e-04
9.460784e-01 1.617647e-01 6.482310e-04
9.558824e-01 1.617647e-01 5.380385e-04
9.656863e-01 1.617647e-01 4.411613e-04
9.754902e-01 1.617647e-01 3.573556e-04
9.852941e-01 1.617647e-01 2.859836e-04
9.950980e-01 1.617647e-01 2.261190e-04
4.901961e-03 1.715686e-01 1.945927e-04
1.470588e-02 1.715686e-01 1.535080e-04
2.450980e-02 1.715686e-01 1.196476e-04
3.431373e-02 1.715686e-01 9.214319e-05
4.411765e-02 1.715686e-01 7.011738e-05
5.392157e-02 1.715686e-01 5.272403e-05
6.372549e-02 1.715686e-01 3.917679e-05
7.352941e-02 1.715686e-01 2.876756e-05
8.333333e-02 1.715686e-01 2.087600e-05
9.313725e-02 1.715686e-01 1.497194e-05
1.029412e-01 1.715686e-01 1.061234e-05
1.127451e-01 1.715686e-01 7.434682e-06
1.225490e-01 1.715686e-01 5.148099e-06
1.323529e-01 1.715686e-01 3.523546e-06
1.421569e-01 1.715686e-01 2.383838e-06
1.519608e-01 1.715686e-01 1.594233e-06
1.617647e-01 1.715686e-01 1.053950e-06
1.715686e-01 1.715686e-01 6.888034e-07
1.813725e-01 1.715686e-01 4.450328e-07
1.911765e-01 1.715686e-01 2.842654e-07
2.009804e-01 1.715686e-01 1.795168e-07
2.107843e-01 1.715686e-01 1.120853e-07
2.205882e-01 1.715686e-01 6.919389e-08
2.303922e-01 1.715686e-01 4.223532e-08
2.401961e-01 1.715686e-01 2.549092e-08
2.500000e-01 1.715686e-01 1.521285e-08
2.598039e-01 1.715686e-01 8.977728e-09
2.696078e-01 1.715686e-01 5.239383e-09
2.794118e-01 1.715686e-01 3.024335e-09
2.892157e-01 1.715686e-01 1.727894e-09
2.990196e-01 1.715686e-01 9.799132e-10
3.088235e-01 1.715686e-01 5.581161e-10
3.186275e-01 1.715686e-01 3.337327e-10
3.284314e-01 1.715686e-01 2.393628e-10
3.382353e-01 1.715686e-01 2.530868e-10
3.480392e-01 1.715686e-01 3.962531e-10
3.578431e-01 1.715686e-01 7.456223e-10
3.676471e-01 1.715686e-01 1.464142e-09
3.774510e-01 1.715686e-01 2.859119e-09
3.872549e-01 1.715686e-01 5.482596e-09
3.970588e-01 1.715686e-01 1.029705e-08
4.068627e-01 1.715686e-01 1.894091e-08
4.166667e-01 1.715686e-01 3.414352e-08
4.264706e-01 1.715686e-01 6.035888e-08
4.362745e-01 1.715686e-01 1.047119e-07
4.460784e-01 1.715686e-01 1.783791e-07
4.558824e-01 1.715686e-01 2.985580e-07
4.656863e-01 1.715686e-01 4.912082e-07
4.754902e-01 1.715686e-01 7.947737e-07
4.852941e-01 1.715686e-01 1.265107e-06
4.950980e-01 1.715686e-01 1.981795e-06
5.049020e-01 1.715686e-01 3.056055e-06
5.147059e-01 1.715686e-01 4.640233e-06
5.245098e-01 1.715686e-01 6.938817e-06
5.343137e-01 1.715686e-01 1.022060e-05
5.441176e-01 1.715686e-01 1.483134e-05
5.539216e-01 1.715686e-01 2.120593e-05
5.637255e-01 1.715686e-01 2.987854e-05
5.735294e-01 1.715686e-01 4.148906e-05
5.833333e-01 1.715686e-01 5.678355e-05
5.931373e-01 1.715686e-01 7.660650e-05
6.029412e-01 1.715686e-01 1.018824e-04
6.127451e-01 1.715686e-01 1.335850e-04
6.225490e-01 1.715686e-01 1.726926e-04
6.323529e-01 1.715686e-01 2.201299e-04
6.421569e-01 1.715686e-01 2.766965e-04
6.519608e-01 1.715686e-01 3.429867e-04
6.617647e-01 1.715686e-01 4.193038e-04
6.715686e-01 1.715686e-01 5.055761e-04
6.813725e-01 1.715686e-01 6.012819e-04
6.911765e-01 1.715686e-01 7.053928e-04
7.009804e-01 1.715686e-01 8.163419e-04
7.107843e-01 1.715686e-01 9.320255e-04
7.205882e-01 1.715686e-01 1.049843e-03
7.303922e-01 1.715686e-01 1.166776e-03
7.401961e-01 1.715686e-01 1.279508e-03
7.500000e-01 1.715686e-01 1.384572e-03
7.598039e-01 1.715686e-01 1.478531e-03
7.696078e-01 1.715686e-01 1.558159e-03
7.794118e-01 1.715686e-01 1.620631e-03
7.892157e-01 1.715686e-01 1.663686e-03
7.990196e-01 1.715686e-01 1.685764e-03
8.088235e-01 1.715686e-01 1.686102e-03
8.186275e-01 1.715686e-01 1.664776e-03
8.284314e-01 1.715686e-01 1.622687e-03
8.382353e-01 1.715686e-01 1.561507e-03
8.480392e-01 1.715686e-01 1.483559e-03
8.578431e-01 1.715686e-01 1.391680e-03
8.676471e-01 1.715686e-01 1.289048e-03
8.774510e-01 1.715686e-01 1.179005e-03
8.872549e-01 1.715686e-01 1.064877e-03
8.970588e-01 1.715686e-01 9.498212e-04
9.068627e-01 1.715686e-01 8.366866e-04
9.166667e-01 1.715686e-01 7.279182e-04
9.264706e-01 1.715686e-01 6.254910e-04
9.362745e-01 1.715686e-01 5.308820e-04
9.460784e-01 1.715686e-01 4.450744e-04
9.558824e-01 1.715686e-01 3.685904e-04
9.656863e-01 1.715686e-01 3.015443e-04
9.754902e-01 1.715686e-01 2.437096e-04
9.852941e-01 1.715686e-01 1.945927e-04
9.950980e-01 1.715686e-01 1.535080e-04
4.901961e-03 1.813725e-01 1.309217e-04
1.470588e-02 1.813725e-01 1.030434e-04
2.450980e-02 1.813725e-01 8.012956e-05
3.431373e-02 1.813725e-01 6.156677e-05
4.411765e-02 1.813725e-01 4.674106e-05
5.392157e-02 1.813725e-01 3.506439e-05
6.372549e-02 1.813725e-01 2.599360e-05
7.352941e-02 1.813725e-01 1.904214e-05
8.333333e-02 1.813725e-01 1.378575e-05
9.313725e-02 1.813725e-01 9.863397e-06
1.029412e-01 1.813725e-01 6.974614e-06
1.127451e-01 1.813725e-01 4.874465e-06
1.225490e-01 1.813725e-01 3.367149e-06
1.323529e-01 1.813725e-01 2.299013e-06
1.421569e-01 1.813725e-01 1.551598e-06
1.519608e-01 1.813725e-01 1.035120e-06
1.617647e-01 1.813725e-01 6.826375e-07
1.715686e-01 1.813725e-01 4.450328e-07
1.813725e-01 1.813725e-01 2.868207e-07
1.911765e-01 1.813725e-01 1.827508e-07
2.009804e-01 1.813725e-01 1.151204e-07
2.107843e-01 1.813725e-01 7.169728e-08
2.205882e-01 1.813725e-01 4.414932e-08
2.303922e-01 1.813725e-01 2.688000e-08
2.401961e-01 1.813725e-01 1.618198e-08
2.500000e-01 1.813725e-01 9.632618e-09
2.598039e-01 1.813725e-01 5.670012e-09
2.696078e-01 1.813725e-01 3.300510e-09
2.794118e-01 1.813725e-01 1.900334e-09
2.892157e-01 1.813725e-01 1.083184e-09
2.990196e-01 1.813725e-01 6.133943e-10
3.088235e-01 1.813725e-01 3.501205e-10
3.186275e-01 1.813725e-01 2.125701e-10
3.284314e-01 1.813725e-01 1.597900e-10
3.382353e-01 1.813725e-01 1.812441e-10
3.480392e-01 1.813725e-01 2.967560e-10
3.578431e-01 1.813725e-01 5.666584e-10
3.676471e-01 1.813725e-01 1.115552e-09
3.774510e-01 1.813725e-01 2.176342e-09
3.872549e-01 1.813725e-01 4.165643e-09
3.970588e-01 1.813725e-01 7.807720e-09
4.068627e-01 1.813725e-01 1.433247e-08
4.166667e-01 1.813725e-01 2.578399e-08
4.264706e-01 1.813725e-01 4.549062e-08
4.362745e-01 1.813725e-01 7.876481e-08
4.460784e-01 1.813725e-01 1.339218e-07
4.558824e-01 1.813725e-01 2.237279e-07
4.656863e-01 1.813725e-01 3.674113e-07
4.754902e-01 1.813725e-01 5.933832e-07
4.852941e-01 1.813725e-01 9.428242e-07
4.950980e-01 1.813725e-01 1.474279e-06
5.049020e-01 1.813725e-01 2.269357e-06
5.147059e-01 1.813725e-01 3.439571e-06
5.245098e-01 1.813725e-01 5.134208e-06
5.343137e-01 1.813725e-01 7.548967e-06
5.441176e-01 1.813725e-01 1.093486e-05
5.539216e-01 1.813725e-01 1.560664e-05
5.637255e-01 1.813725e-01 2.194967e-05
5.735294e-01 1.813725e-01 3.042392e-05
5.833333e-01 1.813725e-01 4.156362e-05
5.931373e-01 1.813725e-01 5.597079e-05
6.029412e-01 1.813725e-01 7.430116e-05
6.127451e-01 1.813725e-01 9.724114e-05
6.225490e-01 1.813725e-01 1.254751e-04
6.323529e-01 1.813725e-01 1.596427e-04
6.421569e-01 1.813725e-01 2.002882e-04
6.519608e-01 1.813725e-01 2.478024e-04
6.617647e-01 1.813725e-01 3.023631e-04
6.715686e-01 1.813725e-01 3.638757e-04
6.813725e-01 1.813725e-01 4.319231e-04
6.911765e-01 1.813725e-01 5.057268e-04
7.009804e-01 1.813725e-01 5.841288e-04
7.107843e-01 1.813725e-01 6.655965e-04
7.205882e-01 1.813725e-01 7.482543e-04
7.303922e-01 1.813725e-01 8.299447e-04
7.401961e-01 1.813725e-01 9.083144e-04
7.500000e-01 1.813725e-01 9.809245e-04
7.598039e-01 1.813725e-01 1.045375e-03
7.696078e-01 1.813725e-01 1.099437e-03
7.794118e-01 1.813725e-01 1.141181e-03
7.892157e-01 1.813725e-01 1.169092e-03
7.990196e-01 1.813725e-01 1.182159e-03
8.088235e-01 1.813725e-01 1.179940e-03
8.186275e-01 1.813725e-01 1.162583e-03
8.284314e-01 1.813725e-01 1.130812e-03
8.382353e-01 1.813725e-01 1.085879e-03
8.480392e-01 1.813725e-01 1.029484e-03
8.578431e-01 1.813725e-01 9.636666e-04
8.676471e-01 1.813725e-01 8.906852e-04
8.774510e-01 1.813725e-01 8.128929e-04
8.872549e-01 1.813725e-01 7.326138e-04
8.970588e-01 1.813725e-01 6.520339e-04
9.068627e-01 1.813725e-01 5.731115e-04
9.166667e-01 1.813725e-01 4.975102e-04
9.264706e-01 1.813725e-01 4.265587e-04
9.362745e-01 1.813725e-01 3.612344e-04
9.460784e-01 1.813725e-01 3.021706e-04
9.558824e-01 1.813725e-01 2.496820e-04
9.656863e-01 1.813725e-01 2.038042e-04
9.754902e-01 1.813725e-01 1.643420e-04
9.852941e-01 1.813725e-01 1.309217e-04
9.950980e-01 1.813725e-01 1.030434e-04
4.901961e-03 1.911765e-01 8.709840e-05
1.470588e-02 1.911765e-01 6.839413e-05
2.450980e-02 1.911765e-01 5.306232e-05
3.431373e-02 1.911765e-01 4.067522e-05
4.411765e-02 1.911765e-01 3.080827e-05
5.392157e-02 1.911765e-01 2.305766e-05
6.372549e-02 1.911765e-01 1.705261e-05
7.352941e-02 1.911765e-01 1.246266e-05
8.333333e-02 1.911765e-01 9.001006e-06
9.313725e-02 1.911765e-01 6.424629e-06
1.029412e-01 1.911765e-01 4.532081e-06
1.127451e-01 1.911765e-01 3.159770e-06
1.225490e-01 1.911765e-01 2.177394e-06
1.323529e-01 1.911765e-01 1.483055e-06
1.421569e-01 1.911765e-01 9.984620e-07
1.519608e-01 1.911765e-01 6.644685e-07
1.617647e-01 1.911765e-01 4.371198e-07
1.715686e-01 1.911765e-01 2.842654e-07
1.813725e-01 1.911765e-01 1.827508e-07
1.911765e-01 1.911765e-01 1.161502e-07
2.009804e-01 1.911765e-01 7.298269e-08
2.107843e-01 1.911765e-01 4.533905e-08
2.205882e-01 1.911765e-01 2.784780e-08
2.303922e-01 1.911765e-01 1.691175e-08
2.401961e-01 1.911765e-01 1.015496e-08
2.500000e-01 1.911765e-01 6.029393e-09
2.598039e-01 1.911765e-01 3.539910e-09
2.696078e-01 1.911765e-01 2.055271e-09
2.794118e-01 1.911765e-01 1.180371e-09
2.892157e-01 1.911765e-01 6.712730e-10
2.990196e-01 1.911765e-01 3.796838e-10
3.088235e-01 1.911765e-01 2.174344e-10
3.186275e-01 1.911765e-01 1.345295e-10
3.284314e-01 1.911765e-01 1.066310e-10
3.382353e-01 1.911765e-01 1.296577e-10
3.480392e-01 1.911765e-01 2.207668e-10
3.578431e-01 1.911765e-01 4.265511e-10
3.676471e-01 1.911765e-01 8.411045e-10
3.774510e-01 1.911765e-01 1.638957e-09
3.872549e-01 1.911765e-01 3.131077e-09
3.970588e-01 1.911765e-01 5.856563e-09
4.068627e-01 1.911765e-01 1.072865e-08
4.166667e-01 1.911765e-01 1.926170e-08
4.264706e-01 1.911765e-01 3.391595e-08
4.362745e-01 1.911765e-01 5.860963e-08
4.460784e-01 1.911765e-01 9.946212e-08
4.558824e-01 1.911765e-01 1.658478e-07
4.656863e-01 1.911765e-01 2.718543e-07
4.754902e-01 1.911765e-01 4.382500e-07
4.852941e-01 1.911765e-01 6.950686e-07
4.950980e-01 1.911765e-01 1.084905e-06
5.049020e-01 1.911765e-01 1.666993e-06
5.147059e-01 1.911765e-01 2.522062e-06
5.245098e-01 1.911765e-01 3.757908e-06
5.343137e-01 1.911765e-01 5.515446e-06
5.441176e-01 1.911765e-01 7.974902e-06
5.539216e-01 1.911765e-01 1.136156e-05
5.637255e-01 1.911765e-01 1.595035e-05
5.735294e-01 1.911765e-01 2.206823e-05
5.833333e-01 1.911765e-01 3.009344e-05
5.931373e-01 1.911765e-01 4.045030e-05
6.029412e-01 1.911765e-01 5.359859e-05
6.127451e-01 1.911765e-01 7.001654e-05
6.225490e-01 1.911765e-01 9.017705e-05
6.323529e-01 1.911765e-01 1.145172e-04
6.421569e-01 1.911765e-01 1.434020e-04
6.519608e-01 1.911765e-01 1.770838e-04
6.617647e-01 1.911765e-01 2.156603e-04
6.715686e-01 1.911765e-01 2.590347e-04
6.813725e-01 1.911765e-01 3.068806e-04
6.911765e-01 1.911765e-01 3.586181e-04
7.009804e-01 1.911765e-01 4.134024e-04
7.107843e-01 1.911765e-01 4.701306e-04
7.205882e-01 1.911765e-01 5.274664e-04
7.303922e-01 1.911765e-01 5.838856e-04
7.401961e-01 1.911765e-01 6.377389e-04
7.500000e-01 1.911765e-01 6.873301e-04
7.598039e-01 1.911765e-01 7.310044e-04
7.696078e-01 1.911765e-01 7.672401e-04
7.794118e-01 1.911765e-01 7.947373e-04
7.892157e-01 1.911765e-01 8.124950e-04
7.990196e-01 1.911765e-01 8.198724e-04
8.088235e-01 1.911765e-01 8.166267e-04
8.186275e-01 1.911765e-01 8.029264e-04
8.284314e-01 1.911765e-01 7.793371e-04
8.382353e-01 1.911765e-01 7.467838e-04
8.480392e-01 1.911765e-01 7.064908e-04
8.578431e-01 1.911765e-01 6.599059e-04
8.676471e-01 1.911765e-01 6.086155e-04
8.774510e-01 1.911765e-01 5.542564e-04
8.872549e-01 1.911765e-01 4.984323e-04
8.970588e-01 1.911765e-01 4.426395e-04
9.068627e-01 1.911765e-01 3.882066e-04
9.166667e-01 1.911765e-01 3.362520e-04
9.264706e-01 1.911765e-01 2.876575e-04
9.362745e-01 1.911765e-01 2.430609e-04
9.460784e-01 1.911765e-01 2.028629e-04
9.558824e-01 1.911765e-01 1.672465e-04
9.656863e-01 1.911765e-01 1.362064e-04
9.754902e-01 1.911765e-01 1.095828e-04
9.852941e-01 1.911765e-01 8.709840e-05
9.950980e-01 1.911765e-01 6.839413e-05
4.901961e-03 2.009804e-01 5.729756e-05
1.470588e-02 2.009804e-01 4.488903e-05
2.450980e-02 2.009804e-01 3.474547e-05
3.431373e-02 2.009804e-01 2.657220e-05
4.411765e-02 2.009804e-01 2.007916e-05
5.392157e-02 2.009804e-01 1.499234e-05
6.372549e-02 2.009804e-01 1.106155e-05
7.352941e-02 2.009804e-01 8.064954e-06
8.333333e-02 2.009804e-01 5.810899e-06
9.313725e-02 2.009804e-01 4.137676e-06
1.029412e-01 2.009804e-01 2.911772e-06
1.127451e-01 2.009804e-01 2.025170e-06
1.225490e-01 2.009804e-01 1.392145e-06
1.323529e-01 2.009804e-01 9.458916e-07
1.421569e-01 2.009804e-01 6.352538e-07
1.519608e-01 2.009804e-01 4.217128e-07
1.617647e-01 2.009804e-01 2.767354e-07
1.715686e-01 2.009804e-01 1.795168e-07
1.813725e-01 2.009804e-01 1.151204e-07
1.911765e-01 2.009804e-01 7.298269e-08
2.009804e-01 2.009804e-01 4.574270e-08
2.107843e-01 2.009804e-01 2.834467e-08
2.205882e-01 2.009804e-01 1.736529e-08
2.303922e-01 2.009804e-01 1.051882e-08
2.401961e-01 2.009804e-01 6.299976e-09
2.500000e-01 2.009804e-01 3.730887e-09
2.598039e-01 2.009804e-01 2.184766e-09
2.696078e-01 2.009804e-01 1.265197e-09
2.794118e-01 2.009804e-01 7.247883e-10
2.892157e-01 2.009804e-01 4.112739e-10
2.990196e-01 2.009804e-01 2.324279e-10
3.088235e-01 2.009804e-01 1.337281e-10
3.186275e-01 2.009804e-01 8.467739e-11
3.284314e-01 2.009804e-01 7.118042e-11
3.382353e-01 2.009804e-01 9.258411e-11
3.480392e-01 2.009804e-01 1.630446e-10
3.578431e-01 2.009804e-01 3.179684e-10
3.676471e-01 2.009804e-01 6.275525e-10
3.774510e-01 2.009804e-01 1.221123e-09
3.872549e-01 2.009804e-01 2.328268e-09
3.970588e-01 2.009804e-01 4.345920e-09
4.068627e-01 2.009804e-01 7.944879e-09
4.166667e-01 2.009804e-01 1.423494e-08
4.264706e-01 2.009804e-01 2.501506e-08
4.362745e-01 2.009804e-01 4.314396e-08
4.460784e-01 2.009804e-01 7.307644e-08
4.558824e-01 2.009804e-01 1.216217e-07
4.656863e-01 2.009804e-01 1.989895e-07
4.754902e-01 2.009804e-01 3.201973e-07
4.852941e-01 2.009804e-01 5.069109e-07
4.950980e-01 2.009804e-01 7.897855e-07
5.049020e-01 2.009804e-01 1.211344e-06
5.147059e-01 2.009804e-01 1.829397e-06
5.245098e-01 2.009804e-01 2.720928e-06
5.343137e-01 2.009804e-01 3.986296e-06
5.441176e-01 2.009804e-01 5.753479e-06
5.539216e-01 2.009804e-01 8.181955e-06
5.637255e-01 2.009804e-01 1.146568e-05
5.735294e-01 2.009804e-01 1.583449e-05
5.833333e-01 2.009804e-01 2.155319e-05
5.931373e-01 2.009804e-01 2.891748e-05
6.029412e-01 2.009804e-01 3.824603e-05
6.127451e-01 2.009804e-01 4.986814e-05
6.225490e-01 2.009804e-01 6.410670e-05
6.323529e-01 2.009804e-01 8.125650e-05
6.421569e-01 2.009804e-01 1.015588e-04
6.519608e-01 2.009804e-01 1.251731e-04
6.617647e-01 2.009804e-01 1.521484e-04
6.715686e-01 2.009804e-01 1.823957e-04
6.813725e-01 2.009804e-01 2.156657e-04
6.911765e-01 2.009804e-01 2.515321e-04
7.009804e-01 2.009804e-01 2.893869e-04
7.107843e-01 2.009804e-01 3.284460e-04
7.205882e-01 2.009804e-01 3.677688e-04
7.303922e-01 2.009804e-01 4.062911e-04
7.401961e-01 2.009804e-01 4.428706e-04
7.500000e-01 2.009804e-01 4.763418e-04
7.598039e-01 2.009804e-01 5.055775e-04
7.696078e-01 2.009804e-01 5.295518e-04
7.794118e-01 2.009804e-01 5.474003e-04
7.892157e-01 2.009804e-01 5.584721e-04
7.990196e-01 2.009804e-01 5.623691e-04
8.088235e-01 2.009804e-01 5.589695e-04
8.186275e-01 2.009804e-01 5.484343e-04
8.284314e-01 2.009804e-01 5.311946e-04
8.382353e-01 2.009804e-01 5.079228e-04
8.480392e-01 2.009804e-01 4.794891e-04
8.578431e-01 2.009804e-01 4.469087e-04
8.676471e-01 2.009804e-01 4.112816e-04
8.774510e-01 2.009804e-01 3.737332e-04
8.872549e-01 2.009804e-01 3.353565e-04
8.970588e-01 2.009804e-01 2.971635e-04
9.068627e-01 2.009804e-01 2.600447e-04
9.166667e-01 2.009804e-01 2.247423e-04
9.264706e-01 2.009804e-01 1.918340e-04
9.362745e-01 2.009804e-01 1.617298e-04
9.460784e-01 2.009804e-01 1.346782e-04
9.558824e-01 2.009804e-01 1.107815e-04
9.656863e-01 2.009804e-01 9.001559e-05
9.754902e-01 2.009804e-01 7.225501e-05
9.852941e-01 2.009804e-01 5.729756e-05
9.950980e-01 2.009804e-01 4.488903e-05
4.901961e-03 2.107843e-01 3.727373e-05
1.470588e-02 2.107843e-01 2.913387e-05
2.450980e-02 2.107843e-01 2.249791e-05
3.431373e-02 2.107843e-01 1.716536e-05
4.411765e-02 2.107843e-01 1.294038e-05
5.392157e-02 2.107843e-01 9.639232e-06
6.372549e-02 2.107843e-01 7.095049e-06
7.352941e-02 2.107843e-01 5.160629e-06
8.333333e-02 2.107843e-01 3.709374e-06
9.313725e-02 2.107843e-01 2.634908e-06
1.029412e-01 2.107843e-01 1.849749e-06
1.127451e-01 2.107843e-01 1.283390e-06
1.225490e-01 2.107843e-01 8.800725e-07
1.323529e-01 2.107843e-01 5.964955e-07
1.421569e-01 2.107843e-01 3.996132e-07
1.519608e-01 2.107843e-01 2.646253e-07
1.617647e-01 2.107843e-01 1.732192e-07
1.715686e-01 2.107843e-01 1.120853e-07
1.813725e-01 2.107843e-01 7.169728e-08
1.911765e-01 2.107843e-01 4.533905e-08
2.009804e-01 2.107843e-01 2.834467e-08
2.107843e-01 2.107843e-01 1.751916e-08
2.205882e-01 2.107843e-01 1.070560e-08
2.303922e-01 2.107843e-01 6.468120e-09
2.401961e-01 2.107843e-01 3.863913e-09
2.500000e-01 2.107843e-01 2.282303e-09
2.598039e-01 2.107843e-01 1.333017e-09
2.696078e-01 2.107843e-01 7.699501e-10
2.794118e-01 2.107843e-01 4.399710e-10
2.892157e-01 2.107843e-01 2.491285e-10
2.990196e-01 2.107843e-01 1.407346e-10
3.088235e-01 2.107843e-01 8.148911e-11
3.186275e-01 2.107843e-01 5.306554e-11
3.284314e-01 2.107843e-01 4.755315e-11
3.382353e-01 2.107843e-01 6.593318e-11
3.480392e-01 2.107843e-01 1.194766e-10
3.578431e-01 2.107843e-01 2.346889e-10
3.676471e-01 2.107843e-01 4.633201e-10
3.774510e-01 2.107843e-01 9.001416e-10
3.872549e-01 2.107843e-01 1.712820e-09
3.970588e-01 2.107843e-01 3.190467e-09
4.068627e-01 2.107843e-01 5.820505e-09
4.166667e-01 2.107843e-01 1.040750e-08
4.264706e-01 2.107843e-01 1.825274e-08
4.362745e-01 2.107843e-01 3.141948e-08
4.460784e-01 2.107843e-01 5.311581e-08
4.558824e-01 2.107843e-01 8.823441e-08
4.656863e-01 2.107843e-01 1.440948e-07
4.754902e-01 2.107843e-01 2.314386e-07
4.852941e-01 2.107843e-01 3.657265e-07
4.950980e-01 2.107843e-01 5.687813e-07
5.049020e-01 2.107843e-01 8.707997e-07
5.147059e-01 2.107843e-01 1.312728e-06
5.245098e-01 2.107843e-01 1.948946e-06
5.343137e-01 2.107843e-01 2.850150e-06
5.441176e-01 2.107843e-01 4.106222e-06
5.539216e-01 2.107843e-01 5.828811e-06
5.637255e-01 2.107843e-01 8.153245e-06
5.735294e-01 2.107843e-01 1.123929e-05
5.833333e-01 2.107843e-01 1.527026e-05
5.931373e-01 2.107843e-01 2.044989e-05
6.029412e-01 2.107843e-01 2.699654e-05
6.127451e-01 2.107843e-01 3.513430e-05
6.225490e-01 2.107843e-01 4.508095e-05
6.323529e-01 2.107843e-01 5.703276e-05
6.421569e-01 2.107843e-01 7.114679e-05
6.519608e-01 2.107843e-01 8.752162e-05
6.617647e-01 2.107843e-01 1.061777e-04
6.715686e-01 2.107843e-01 1.270390e-04
6.813725e-01 2.107843e-01 1.499183e-04
6.911765e-01 2.107843e-01 1.745072e-04
7.009804e-01 2.107843e-01 2.003733e-04
7.107843e-01 2.107843e-01 2.269661e-04
7.205882e-01 2.107843e-01 2.536313e-04
7.303922e-01 2.107843e-01 2.796348e-04
7.401961e-01 2.107843e-01 3.041947e-04
7.500000e-01 2.107843e-01 3.265196e-04
7.598039e-01 2.107843e-01 3.458509e-04
7.696078e-01 2.107843e-01 3.615058e-04
7.794118e-01 2.107843e-01 3.729173e-04
7.892157e-01 2.107843e-01 3.796685e-04
7.990196e-01 2.107843e-01 3.815180e-04
8.088235e-01 2.107843e-01 3.784141e-04
8.186275e-01 2.107843e-01 3.704967e-04
8.284314e-01 2.107843e-01 3.580873e-04
8.382353e-01 2.107843e-01 3.416673e-04
8.480392e-01 2.107843e-01 3.218474e-04
8.578431e-01 2.107843e-01 2.993302e-04
8.676471e-01 2.107843e-01 2.748696e-04
8.774510e-01 2.107843e-01 2.492296e-04
8.872549e-01 2.107843e-01 2.231466e-04
8.970588e-01 2.107843e-01 1.972966e-04
9.068627e-01 2.107843e-01 1.722693e-04
9.166667e-01 2.107843e-01 1.485509e-04
9.264706e-01 2.107843e-01 1.265149e-04
9.362745e-01 2.107843e-01 1.064209e-04
9.460784e-01 2.107843e-01 8.841997e-05
9.558824e-01 2.107843e-01 7.256562e-05
9.656863e-01 2.107843e-01 5.882846e-05
9.754902e-01 2.107843e-01 4.711278e-05
9.852941e-01 2.107843e-01 3.727373e-05
9.950980e-01 2.107843e-01 2.913387e-05
4.901961e-03 2.205882e-01 2.397860e-05
1.470588e-02 2.205882e-01 1.869846e-05
2.450980e-02 2.205882e-01 1.440561e-05
3.431373e-02 2.205882e-01 1.096526e-05
4.411765e-02 2.205882e-01 8.246795e-06
5.392157e-02 2.205882e-01 6.128403e-06
6.372549e-02 2.205882e-01 4.500100e-06
7.352941e-02 2.205882e-01 3.265324e-06
8.333333e-02 2.205882e-01 2.341403e-06
9.313725e-02 2.205882e-01 1.659159e-06
1.029412e-01 2.205882e-01 1.161923e-06
1.127451e-01 2.205882e-01 8.041931e-07
1.225490e-01 2.205882e-01 5.501132e-07
1.323529e-01 2.205882e-01 3.719357e-07
1.421569e-01 2.205882e-01 2.485551e-07
1.519608e-01 2.205882e-01 1.641842e-07
1.617647e-01 2.205882e-01 1.072033e-07
1.715686e-01 2.205882e-01 6.919389e-08
1.813725e-01 2.205882e-01 4.414932e-08
1.911765e-01 2.205882e-01 2.784780e-08
2.009804e-01 2.205882e-01 1.736529e-08
2.107843e-01 2.205882e-01 1.070560e-08
2.205882e-01 2.205882e-01 6.525159e-09
2.303922e-01 2.205882e-01 3.932197e-09
2.401961e-01 2.205882e-01 2.342916e-09
2.500000e-01 2.205882e-01 1.380290e-09
2.598039e-01 2.205882e-01 8.040779e-10
2.696078e-01 2.205882e-01 4.632294e-10
2.794118e-01 2.205882e-01 2.640424e-10
2.892157e-01 2.205882e-01 1.492120e-10
2.990196e-01 2.205882e-01 8.430156e-11
3.088235e-01 2.205882e-01 4.922600e-11
3.186275e-01 2.205882e-01 3.314671e-11
3.284314e-01 2.205882e-01 3.179930e-11
3.382353e-01 2.205882e-01 4.678552e-11
3.480392e-01 2.205882e-01 8.682839e-11
3.578431e-01 2.205882e-01 1.714918e-10
3.676471e-01 2.205882e-01 3.384840e-10
3.774510e-01 2.205882e-01 6.564923e-10
3.872549e-01 2.205882e-01 1.246642e-09
3.970588e-01 2.205882e-01 2.317251e-09
4.068627e-01 2.205882e-01 4.218699e-09
4.166667e-01 2.205882e-01 7.528019e-09
4.264706e-01 2.205882e-01 1.317640e-08
4.362745e-01 2.205882e-01 2.263702e-08
4.460784e-01 2.205882e-01 3.819536e-08
4.558824e-01 2.205882e-01 6.332919e-08
4.656863e-01 2.205882e-01 1.032296e-07
4.754902e-01 2.205882e-01 1.654969e-07
4.852941e-01 2.205882e-01 2.610450e-07
4.950980e-01 2.205882e-01 4.052413e-07
5.049020e-01 2.205882e-01 6.192970e-07
5.147059e-01 2.205882e-01 9.318995e-07
5.245098e-01 2.205882e-01 1.381046e-06
5.343137e-01 2.205882e-01 2.015992e-06
5.441176e-01 2.205882e-01 2.899174e-06
5.539216e-01 2.205882e-01 4.107902e-06
5.637255e-01 2.205882e-01 5.735556e-06
5.735294e-01 2.205882e-01 7.891966e-06
5.833333e-01 2.205882e-01 1.070261e-05
5.931373e-01 2.205882e-01 1.430629e-05
6.029412e-01 2.205882e-01 1.885089e-05
6.127451e-01 2.205882e-01 2.448716e-05
6.225490e-01 2.205882e-01 3.136017e-05
6.323529e-01 2.205882e-01 3.959889e-05
6.421569e-01 2.205882e-01 4.930402e-05
6.519608e-01 2.205882e-01 6.053486e-05
6.617647e-01 2.205882e-01 7.329620e-05
6.715686e-01 2.205882e-01 8.752624e-05
6.813725e-01 2.205882e-01 1.030870e-04
6.911765e-01 2.205882e-01 1.197582e-04
7.009804e-01 2.205882e-01 1.372364e-04
7.107843e-01 2.205882e-01 1.551397e-04
7.205882e-01 2.205882e-01 1.730184e-04
7.303922e-01 2.205882e-01 1.903719e-04
7.401961e-01 2.205882e-01 2.066715e-04
7.500000e-01 2.205882e-01 2.213860e-04
7.598039e-01 2.205882e-01 2.340114e-04
7.696078e-01 2.205882e-01 2.440986e-04
7.794118e-01 2.205882e-01 2.512808e-04
7.892157e-01 2.205882e-01 2.552955e-04
7.990196e-01 2.205882e-01 2.560003e-04
8.088235e-01 2.205882e-01 2.533812e-04
8.186275e-01 2.205882e-01 2.475530e-04
8.284314e-01 2.205882e-01 2.387505e-04
8.382353e-01 2.205882e-01 2.273136e-04
8.480392e-01 2.205882e-01 2.136651e-04
8.578431e-01 2.205882e-01 1.982854e-04
8.676471e-01 2.205882e-01 1.816847e-04
8.774510e-01 2.205882e-01 1.643758e-04
8.872549e-01 2.205882e-01 1.468487e-04
8.970588e-01 2.205882e-01 1.295496e-04
9.068627e-01 2.205882e-01 1.128641e-04
9.166667e-01 2.205882e-01 9.710684e-05
9.264706e-01 2.205882e-01 8.251595e-05
9.362745e-01 2.205882e-01 6.925318e-05
9.460784e-01 2.205882e-01 5.740830e-05
9.558824e-01 2.205882e-01 4.700692e-05
9.656863e-01 2.205882e-01 3.802069e-05
9.754902e-01 2.205882e-01 3.037861e-05
9.852941e-01 2.205882e-01 2.397860e-05
9.950980e-01 2.205882e-01 1.869846e-05
4.901961e-03 2.303922e-01 1.525499e-05
1.470588e-02 2.303922e-01 1.186797e-05
2.450980e-02 2.303922e-01 9.121780e-06
3.431373e-02 2.303922e-01 6.926906e-06
4.411765e-02 2.303922e-01 5.197241e-06
5.392157e-02 2.303922e-01 3.852985e-06
6.372549e-02 2.303922e-01 2.822471e-06
7.352941e-02 2.303922e-01 2.043083e-06
8.333333e-02 2.303922e-01 1.461448e-06
9.313725e-02 2.303922e-01 1.033088e-06
1.029412e-01 2.303922e-01 7.217124e-07
1.127451e-01 2.303922e-01 4.982869e-07
1.225490e-01 2.303922e-01 3.400153e-07
1.323529e-01 2.303922e-01 2.293172e-07
1.421569e-01 2.303922e-01 1.528652e-07
1.519608e-01 2.303922e-01 1.007232e-07
1.617647e-01 2.303922e-01 6.560152e-08
1.715686e-01 2.303922e-01 4.223532e-08
1.813725e-01 2.303922e-01 2.688000e-08
1.911765e-01 2.303922e-01 1.691175e-08
2.009804e-01 2.303922e-01 1.051882e-08
2.107843e-01 2.303922e-01 6.468120e-09
2.205882e-01 2.303922e-01 3.932197e-09
2.303922e-01 2.303922e-01 2.363478e-09
2.401961e-01 2.303922e-01 1.404560e-09
2.500000e-01 2.303922e-01 8.253095e-10
2.598039e-01 2.303922e-01 4.795184e-10
2.696078e-01 2.303922e-01 2.755326e-10
2.794118e-01 2.303922e-01 1.566671e-10
2.892157e-01 2.303922e-01 8.836990e-11
2.990196e-01 2.303922e-01 4.996690e-11
3.088235e-01 2.303922e-01 2.949762e-11
3.186275e-01 2.303922e-01 2.066081e-11
3.284314e-01 2.303922e-01 2.128277e-11
3.382353e-01 2.303922e-01 3.305022e-11
3.480392e-01 2.303922e-01 6.255654e-11
3.578431e-01 2.303922e-01 1.240493e-10
3.676471e-01 2.303922e-01 2.446916e-10
3.774510e-01 2.303922e-01 4.737237e-10
3.872549e-01 2.303922e-01 8.977084e-10
3.970588e-01 2.303922e-01 1.665143e-09
4.068627e-01 2.303922e-01 3.025199e-09
4.166667e-01 2.303922e-01 5.387305e-09
4.264706e-01 2.303922e-01 9.410689e-09
4.362745e-01 2.303922e-01 1.613594e-08
4.460784e-01 2.303922e-01 2.717383e-08
4.558824e-01 2.303922e-01 4.496992e-08
4.656863e-01 2.303922e-01 7.316625e-08
4.754902e-01 2.303922e-01 1.170828e-07
4.852941e-01 2.303922e-01 1.843409e-07
4.950980e-01 2.303922e-01 2.856456e-07
5.049020e-01 2.303922e-01 4.357355e-07
5.147059e-01 2.303922e-01 6.544923e-07
5.245098e-01 2.303922e-01 9.681775e-07
5.343137e-01 2.303922e-01 1.410736e-06
5.441176e-01 2.303922e-01 2.025068e-06
5.539216e-01 2.303922e-01 2.864117e-06
5.637255e-01 2.303922e-01 3.991611e-06
5.735294e-01 2.303922e-01 5.482215e-06
5.833333e-01 2.303922e-01 7.420866e-06
5.931373e-01 2.303922e-01 9.901049e-06
6.029412e-01 2.303922e-01 1.302180e-05
6.127451e-01 2.303922e-01 1.688331e-05
6.225490e-01 2.303922e-01 2.158105e-05
6.323529e-01 2.303922e-01 2.719865e-05
6.421569e-01 2.303922e-01 3.379960e-05
6.519608e-01 2.303922e-01 4.141852e-05
6.617647e-01 2.303922e-01 5.005244e-05
6.715686e-01 2.303922e-01 5.965291e-05
6.813725e-01 2.303922e-01 7.011994e-05
6.911765e-01 2.303922e-01 8.129844e-05
7.009804e-01 2.303922e-01 9.297808e-05
7.107843e-01 2.303922e-01 1.048970e-04
7.205882e-01 2.303922e-01 1.167498e-04
7.303922e-01 2.303922e-01 1.281993e-04
7.401961e-01 2.303922e-01 1.388918e-04
7.500000e-01 2.303922e-01 1.484755e-04
7.598039e-01 2.303922e-01 1.566192e-04
7.696078e-01 2.303922e-01 1.630315e-04
7.794118e-01 2.303922e-01 1.674784e-04
7.892157e-01 2.303922e-01 1.697973e-04
7.990196e-01 2.303922e-01 1.699068e-04
8.088235e-01 2.303922e-01 1.678119e-04
8.186275e-01 2.303922e-01 1.636022e-04
8.284314e-01 2.303922e-01 1.574466e-04
8.382353e-01 2.303922e-01 1.495812e-04
8.480392e-01 2.303922e-01 1.402952e-04
8.578431e-01 2.303922e-01 1.299130e-04
8.676471e-01 2.303922e-01 1.187758e-04
8.774510e-01 2.303922e-01 1.072235e-04
8.872549e-01 2.303922e-01 9.557835e-05
8.970588e-01 2.303922e-01 8.413134e-05
9.068627e-01 2.303922e-01 7.313160e-05
9.166667e-01 2.303922e-01 6.278002e-05
9.264706e-01 2.303922e-01 5.322638e-05
9.362745e-01 2.303922e-01 4.456985e-05
9.460784e-01 2.303922e-01 3.686239e-05
9.558824e-01 2.303922e-01 3.011431e-05
9.656863e-01 2.303922e-01 2.430125e-05
9.754902e-01 2.303922e-01 1.937175e-05
9.852941e-01 2.303922e-01 1.525499e-05
9.950980e-01 2.303922e-01 1.186797e-05
4.901961e-03 2.401961e-01 9.597995e-06
1.470588e-02 2.401961e-01 7.449426e-06
2.450980e-02 2.401961e-01 5.712141e-06
3.431373e-02 2.401961e-01 4.327395e-06
4.411765e-02 2.401961e-01 3.239090e-06
5.392157e-02 2.401961e-01 2.395550e-06
6.372549e-02 2.401961e-01 1.750613e-06
7.352941e-02 2.401961e-01 1.264138e-06
8.333333e-02 2.401961e-01 9.020583e-07
9.313725e-02 2.401961e-01 6.361016e-07
1.029412e-01 2.401961e-01 4.432880e-07
1.127451e-01 2.401961e-01 3.053015e-07
1.225490e-01 2.401961e-01 2.078120e-07
1.323529e-01 2.401961e-01 1.398062e-07
1.421569e-01 2.401961e-01 9.296321e-08
1.519608e-01 2.401961e-01 6.109977e-08
1.617647e-01 2.401961e-01 3.969413e-08
1.715686e-01 2.401961e-01 2.549092e-08
1.813725e-01 2.401961e-01 1.618198e-08
1.911765e-01 2.401961e-01 1.015496e-08
2.009804e-01 2.401961e-01 6.299976e-09
2.107843e-01 2.401961e-01 3.863913e-09
2.205882e-01 2.401961e-01 2.342916e-09
2.303922e-01 2.401961e-01 1.404560e-09
2.401961e-01 2.401961e-01 8.325140e-10
2.500000e-01 2.401961e-01 4.878948e-10
2.598039e-01 2.401961e-01 2.827297e-10
2.696078e-01 2.401961e-01 1.620348e-10
2.794118e-01 2.401961e-01 9.190850e-11
2.892157e-01 2.401961e-01 5.175628e-11
2.990196e-01 2.401961e-01 2.931242e-11
3.088235e-01 2.401961e-01 1.754711e-11
3.186275e-01 2.401961e-01 1.286518e-11
3.284314e-01 2.401961e-01 1.425102e-11
3.382353e-01 2.401961e-01 2.322353e-11
3.480392e-01 2.401961e-01 4.466567e-11
3.578431e-01 2.401961e-01 8.882058e-11
3.676471e-01 2.401961e-01 1.750350e-10
3.774510e-01 2.401961e-01 3.382260e-10
3.872549e-01 2.401961e-01 6.395941e-10
3.970588e-01 2.401961e-01 1.183864e-09
4.068627e-01 2.401961e-01 2.146348e-09
4.166667e-01 2.401961e-01 3.814451e-09
4.264706e-01 2.401961e-01 6.649892e-09
4.362745e-01 2.401961e-01 1.137986e-08
4.460784e-01 2.401961e-01 1.912747e-08
4.558824e-01 2.401961e-01 3.159407e-08
4.656863e-01 2.401961e-01 5.130756e-08
4.754902e-01 2.401961e-01 8.195187e-08
4.852941e-01 2.401961e-01 1.287919e-07
4.950980e-01 2.401961e-01 1.992049e-07
5.049020e-01 2.401961e-01 3.033217e-07
5.147059e-01 2.401961e-01 4.547723e-07
5.245098e-01 2.401961e-01 6.715114e-07
5.343137e-01 2.401961e-01 9.766792e-07
5.441176e-01 2.401961e-01 1.399430e-06
5.539216e-01 2.401961e-01 1.975626e-06
5.637255e-01 2.401961e-01 2.748283e-06
5.735294e-01 2.401961e-01 3.767598e-06
5.833333e-01 2.401961e-01 5.090424e-06
5.931373e-01 2.401961e-01 6.779022e-06
6.029412e-01 2.401961e-01 8.898946e-06
6.127451e-01 2.401961e-01 1.151600e-05
6.225490e-01 2.401961e-01 1.469226e-05
6.323529e-01 2.401961e-01 1.848120e-05
6.421569e-01 2.401961e-01 2.292218e-05
6.519608e-01 2.401961e-01 2.803468e-05
6.617647e-01 2.401961e-01 3.381252e-05
6.715686e-01 2.401961e-01 4.021889e-05
6.813725e-01 2.401961e-01 4.718250e-05
6.911765e-01 2.401961e-01 5.459557e-05
7.009804e-01 2.401961e-01 6.231411e-05
7.107843e-01 2.401961e-01 7.016078e-05
7.205882e-01 2.401961e-01 7.793055e-05
7.303922e-01 2.401961e-01 8.539888e-05
7.401961e-01 2.401961e-01 9.233222e-05
7.500000e-01 2.401961e-01 9.850000e-05
7.598039e-01 2.401961e-01 1.036874e-04
7.696078e-01 2.401961e-01 1.077078e-04
7.794118e-01 2.401961e-01 1.104139e-04
7.892157e-01 2.401961e-01 1.117069e-04
7.990196e-01 2.401961e-01 1.115422e-04
8.088235e-01 2.401961e-01 1.099322e-04
8.186275e-01 2.401961e-01 1.069450e-04
8.284314e-01 2.401961e-01 1.026995e-04
8.382353e-01 2.401961e-01 9.735786e-05
8.480392e-01 2.401961e-01 9.111514e-05
8.578431e-01 2.401961e-01 8.418775e-05
8.676471e-01 2.401961e-01 7.680114e-05
8.774510e-01 2.401961e-01 6.917802e-05
8.872549e-01 2.401961e-01 6.152779e-05
8.970588e-01 2.401961e-01 5.403784e-05
9.068627e-01 2.401961e-01 4.686715e-05
9.166667e-01 2.401961e-01 4.014239e-05
9.264706e-01 2.401961e-01 3.395642e-05
9.362745e-01 2.401961e-01 2.836902e-05
9.460784e-01 2.401961e-01 2.340937e-05
9.558824e-01 2.401961e-01 1.907995e-05
9.656863e-01 2.401961e-01 1.536123e-05
9.754902e-01 2.401961e-01 1.221671e-05
9.852941e-01 2.401961e-01 9.597995e-06
9.950980e-01 2.401961e-01 7.449426e-06
4.901961e-03 2.500000e-01 5.972304e-06
1.470588e-02 2.500000e-01 4.624425e-06
2.450980e-02 2.500000e-01 3.537549e-06
3.431373e-02 2.500000e-01 2.673582e-06
4.411765e-02 2.500000e-01 1.996404e-06
5.392157e-02 2.500000e-01 1.472937e-06
6.372549e-02 2.500000e-01 1.073785e-06
7.352941e-02 2.500000e-01 7.735082e-07
8.333333e-02 2.500000e-01 5.506088e-07
9.313725e-02 2.500000e-01 3.873184e-07
1.029412e-01 2.500000e-01 2.692500e-07
1.127451e-01 2.500000e-01 1.849787e-07
1.225490e-01 2.500000e-01 1.255976e-07
1.323529e-01 2.500000e-01 8.428496e-08
1.421569e-01 2.500000e-01 5.590398e-08
1.519608e-01 2.500000e-01 3.665000e-08
1.617647e-01 2.500000e-01 2.374972e-08
1.715686e-01 2.500000e-01 1.521285e-08
1.813725e-01 2.500000e-01 9.632618e-09
1.911765e-01 2.500000e-01 6.029393e-09
2.009804e-01 2.500000e-01 3.730887e-09
2.107843e-01 2.500000e-01 2.282303e-09
2.205882e-01 2.500000e-01 1.380290e-09
2.303922e-01 2.500000e-01 8.253095e-10
2.401961e-01 2.500000e-01 4.878948e-10
2.500000e-01 2.500000e-01 2.851773e-10
2.598039e-01 2.500000e-01 1.648217e-10
2.696078e-01 2.500000e-01 9.421554e-11
2.794118e-01 2.500000e-01 5.331318e-11
2.892157e-01 2.500000e-01 2.997996e-11
2.990196e-01 2.500000e-01 1.702493e-11
3.088235e-01 2.500000e-01 1.037144e-11
3.186275e-01 2.500000e-01 8.011085e-12
3.284314e-01 2.500000e-01 9.541327e-12
3.382353e-01 2.500000e-01 1.621960e-11
3.480392e-01 2.500000e-01 3.159721e-11
3.578431e-01 2.500000e-01 6.294728e-11
3.676471e-01 2.500000e-01 1.238964e-10
3.774510e-01 2.500000e-01 2.389380e-10
3.872549e-01 2.500000e-01 4.508803e-10
3.970588e-01 2.500000e-01 8.327929e-10
4.068627e-01 2.500000e-01 1.506710e-09
4.166667e-01 2.500000e-01 2.672237e-09
4.264706e-01 2.500000e-01 4.649319e-09
4.362745e-01 2.500000e-01 7.940724e-09
4.460784e-01 2.500000e-01 1.332122e-08
4.558824e-01 2.500000e-01 2.196177e-08
4.656863e-01 2.500000e-01 3.559825e-08
4.754902e-01 2.500000e-01 5.675443e-08
4.852941e-01 2.500000e-01 8.902848e-08
4.950980e-01 2.500000e-01 1.374497e-07
5.049020e-01 2.500000e-01 2.089070e-07
5.147059e-01 2.500000e-01 3.126443e-07
5.245098e-01 2.500000e-01 4.608040e-07
5.343137e-01 2.500000e-01 6.689903e-07
5.441176e-01 2.500000e-01 9.568012e-07
5.539216e-01 2.500000e-01 1.348265e-06
5.637255e-01 2.500000e-01 1.872096e-06
5.735294e-01 2.500000e-01 2.561671e-06
5.833333e-01 2.500000e-01 3.454624e-06
5.931373e-01 2.500000e-01 4.591949e-06
6.029412e-01 2.500000e-01 6.016544e-06
6.127451e-01 2.500000e-01 7.771127e-06
6.225490e-01 2.500000e-01 9.895539e-06
6.323529e-01 2.500000e-01 1.242351e-05
6.421569e-01 2.500000e-01 1.537901e-05
6.519608e-01 2.500000e-01 1.877246e-05
6.617647e-01 2.500000e-01 2.259702e-05
6.715686e-01 2.500000e-01 2.682541e-05
6.813725e-01 2.500000e-01 3.140760e-05
6.911765e-01 2.500000e-01 3.626967e-05
7.009804e-01 2.500000e-01 4.131423e-05
7.107843e-01 2.500000e-01 4.642261e-05
7.205882e-01 2.500000e-01 5.145879e-05
7.303922e-01 2.500000e-01 5.627500e-05
7.401961e-01 2.500000e-01 6.071876e-05
7.500000e-01 2.500000e-01 6.464084e-05
7.598039e-01 2.500000e-01 6.790358e-05
7.696078e-01 2.500000e-01 7.038896e-05
7.794118e-01 2.500000e-01 7.200569e-05
7.892157e-01 2.500000e-01 7.269483e-05
7.990196e-01 2.500000e-01 7.243329e-05
8.088235e-01 2.500000e-01 7.123515e-05
8.186275e-01 2.500000e-01 6.915044e-05
8.284314e-01 2.500000e-01 6.626173e-05
8.382353e-01 2.500000e-01 6.267873e-05
8.480392e-01 2.500000e-01 5.853148e-05
8.578431e-01 2.500000e-01 5.396256e-05
8.676471e-01 2.500000e-01 4.911915e-05
8.774510e-01 2.500000e-01 4.414543e-05
8.872549e-01 2.500000e-01 3.917584e-05
8.970588e-01 2.500000e-01 3.432964e-05
9.068627e-01 2.500000e-01 2.970701e-05
9.166667e-01 2.500000e-01 2.538679e-05
9.264706e-01 2.500000e-01 2.142572e-05
9.362745e-01 2.500000e-01 1.785919e-05
9.460784e-01 2.500000e-01 1.470301e-05
9.558824e-01 2.500000e-01 1.195605e-05
9.656863e-01 2.500000e-01 9.603401e-06
9.754902e-01 2.500000e-01 7.619685e-06
9.852941e-01 2.500000e-01 5.972304e-06
9.950980e-01 2.500000e-01 4.624425e-06
4.901961e-03 2.598039e-01 3.675436e-06
1.470588e-02 2.598039e-01 2.839187e-06
2.450980e-02 2.598039e-01 2.166720e-06
3.431373e-02 2.598039e-01 1.633627e-06
4.411765e-02 2.598039e-01 1.216919e-06
5.392157e-02 2.598039e-01 8.956665e-07
6.372549e-02 2.598039e-01 6.513636e-07
7.352941e-02 2.598039e-01 4.680690e-07
8.333333e-02 2.598039e-01 3.323700e-07
9.313725e-02 2.598039e-01 2.332252e-07
1.029412e-01 2.598039e-01 1.617285e-07
1.127451e-01 2.598039e-01 1.108335e-07
1.225490e-01 2.598039e-01 7.506620e-08
1.323529e-01 2.598039e-01 5.024833e-08
1.421569e-01 2.598039e-01 3.324434e-08
1.519608e-01 2.598039e-01 2.173940e-08
1.617647e-01 2.598039e-01 1.405160e-08
1.715686e-01 2.598039e-01 8.977728e-09
1.813725e-01 2.598039e-01 5.670012e-09
1.911765e-01 2.598039e-01 3.539910e-09
2.009804e-01 2.598039e-01 2.184766e-09
2.107843e-01 2.598039e-01 1.333017e-09
2.205882e-01 2.598039e-01 8.040779e-10
2.303922e-01 2.598039e-01 4.795184e-10
2.401961e-01 2.598039e-01 2.827297e-10
2.500000e-01 2.598039e-01 1.648217e-10
2.598039e-01 2.598039e-01 9.501024e-11
2.696078e-01 2.598039e-01 5.417001e-11
2.794118e-01 2.598039e-01 3.058241e-11
2.892157e-01 2.598039e-01 1.717919e-11
2.990196e-01 2.598039e-01 9.794788e-12
3.088235e-01 2.598039e-01 6.097779e-12
3.186275e-01 2.598039e-01 4.993193e-12
3.284314e-01 2.598039e-01 6.382532e-12
3.382353e-01 2.598039e-01 1.125171e-11
3.480392e-01 2.598039e-01 2.214138e-11
3.578431e-01 2.598039e-01 4.415379e-11
3.676471e-01 2.598039e-01 8.678103e-11
3.774510e-01 2.598039e-01 1.670209e-10
3.872549e-01 2.598039e-01 3.144979e-10
3.970588e-01 2.598039e-01 5.796547e-10
4.068627e-01 2.598039e-01 1.046538e-09
4.166667e-01 2.598039e-01 1.852307e-09
4.264706e-01 2.598039e-01 3.216313e-09
4.362745e-01 2.598039e-01 5.482474e-09
4.460784e-01 2.598039e-01 9.179572e-09
4.558824e-01 2.598039e-01 1.510498e-08
4.656863e-01 2.598039e-01 2.443799e-08
4.754902e-01 2.598039e-01 3.888915e-08
4.852941e-01 2.598039e-01 6.089131e-08
4.950980e-01 2.598039e-01 9.383645e-08
5.049020e-01 2.598039e-01 1.423589e-07
5.147059e-01 2.598039e-01 2.126603e-07
5.245098e-01 2.598039e-01 3.128645e-07
5.343137e-01 2.598039e-01 4.533799e-07
5.441176e-01 2.598039e-01 6.472382e-07
5.539216e-01 2.598039e-01 9.103631e-07
5.637255e-01 2.598039e-01 1.261714e-06
5.735294e-01 2.598039e-01 1.723238e-06
5.833333e-01 2.598039e-01 2.319570e-06
5.931373e-01 2.598039e-01 3.077400e-06
6.029412e-01 2.598039e-01 4.024477e-06
6.127451e-01 2.598039e-01 5.188199e-06
6.225490e-01 2.598039e-01 6.593825e-06
6.323529e-01 2.598039e-01 8.262329e-06
6.421569e-01 2.598039e-01 1.020802e-05
6.519608e-01 2.598039e-01 1.243610e-05
6.617647e-01 2.598039e-01 1.494027e-05
6.715686e-01 2.598039e-01 1.770081e-05
6.813725e-01 2.598039e-01 2.068310e-05
6.911765e-01 2.598039e-01 2.383709e-05
7.009804e-01 2.598039e-01 2.709773e-05
7.107843e-01 2.598039e-01 3.038653e-05
7.205882e-01 2.598039e-01 3.361431e-05
7.303922e-01 2.598039e-01 3.668496e-05
7.401961e-01 2.598039e-01 3.950010e-05
7.500000e-01 2.598039e-01 4.196428e-05
7.598039e-01 2.598039e-01 4.399038e-05
7.696078e-01 2.598039e-01 4.550474e-05
7.794118e-01 2.598039e-01 4.645162e-05
7.892157e-01 2.598039e-01 4.679660e-05
7.990196e-01 2.598039e-01 4.652866e-05
8.088235e-01 2.598039e-01 4.566075e-05
8.186275e-01 2.598039e-01 4.422877e-05
8.284314e-01 2.598039e-01 4.228913e-05
8.382353e-01 2.598039e-01 3.991510e-05
8.480392e-01 2.598039e-01 3.719224e-05
8.578431e-01 2.598039e-01 3.421338e-05
8.676471e-01 2.598039e-01 3.107347e-05
8.774510e-01 2.598039e-01 2.786475e-05
8.872549e-01 2.598039e-01 2.467249e-05
8.970588e-01 2.598039e-01 2.157169e-05
9.068627e-01 2.598039e-01 1.862468e-05
9.166667e-01 2.598039e-01 1.587990e-05
9.264706e-01 2.598039e-01 1.337151e-05
9.362745e-01 2.598039e-01 1.112004e-05
9.460784e-01 2.598039e-01 9.133672e-06
9.558824e-01 2.598039e-01 7.409970e-06
9.656863e-01 2.598039e-01 5.937975e-06
9.754902e-01 2.598039e-01 4.700345e-06
9.852941e-01 2.598039e-01 3.675436e-06
9.950980e-01 2.598039e-01 2.839187e-06
4.901961e-03 2.696078e-01 2.237145e-06
1.470588e-02 2.696078e-01 1.724028e-06
2.450980e-02 2.696078e-01 1.312541e-06
3.431373e-02 2.696078e-01 9.872290e-07
4.411765e-02 2.696078e-01 7.336289e-07
5.392157e-02 2.696078e-01 5.386488e-07
6.372549e-02 2.696078e-01 3.907711e-07
7.352941e-02 2.696078e-01 2.801196e-07
8.333333e-02 2.696078e-01 1.984198e-07
9.313725e-02 2.696078e-01 1.388875e-07
1.029412e-01 2.696078e-01 9.607144e-08
1.127451e-01 2.696078e-01 6.567403e-08
1.225490e-01 2.696078e-01 4.436873e-08
1.323529e-01 2.696078e-01 2.962507e-08
1.421569e-01 2.696078e-01 1.955042e-08
1.519608e-01 2.696078e-01 1.275211e-08
1.617647e-01 2.696078e-01 8.221516e-09
1.715686e-01 2.696078e-01 5.239383e-09
1.813725e-01 2.696078e-01 3.300510e-09
1.911765e-01 2.696078e-01 2.055271e-09
2.009804e-01 2.696078e-01 1.265197e-09
2.107843e-01 2.696078e-01 7.699501e-10
2.205882e-01 2.696078e-01 4.632294e-10
2.303922e-01 2.696078e-01 2.755326e-10
2.401961e-01 2.696078e-01 1.620348e-10
2.500000e-01 2.696078e-01 9.421554e-11
2.598039e-01 2.696078e-01 5.417001e-11
2.696078e-01 2.696078e-01 3.080816e-11
2.794118e-01 2.696078e-01 1.735628e-11
2.892157e-01 2.696078e-01 9.744122e-12
2.990196e-01 2.696078e-01 5.587493e-12
3.088235e-01 2.696078e-01 3.572163e-12
3.186275e-01 2.696078e-01 3.118291e-12
3.284314e-01 2.696078e-01 4.262731e-12
3.382353e-01 2.696078e-01 7.748732e-12
3.480392e-01 2.696078e-01 1.536649e-11
3.578431e-01 2.696078e-01 3.065333e-11
3.676471e-01 2.696078e-01 6.014929e-11
3.774510e-01 2.696078e-01 1.155245e-10
3.872549e-01 2.696078e-01 2.170631e-10
3.970588e-01 2.696078e-01 3.992191e-10
4.068627e-01 2.696078e-01 7.192652e-10
4.166667e-01 2.696078e-01 1.270453e-09
4.264706e-01 2.696078e-01 2.201577e-09
4.362745e-01 2.696078e-01 3.745406e-09
4.460784e-01 2.696078e-01 6.259010e-09
4.558824e-01 2.696078e-01 1.027960e-08
4.656863e-01 2.696078e-01 1.659986e-08
4.754902e-01 2.696078e-01 2.636681e-08
4.852941e-01 2.696078e-01 4.120788e-08
4.950980e-01 2.696078e-01 6.338639e-08
5.049020e-01 2.696078e-01 9.598659e-08
5.147059e-01 2.696078e-01 1.431247e-07
5.245098e-01 2.696078e-01 2.101773e-07
5.343137e-01 2.696078e-01 3.040126e-07
5.441176e-01 2.696078e-01 4.332023e-07
5.539216e-01 2.696078e-01 6.081845e-07
5.637255e-01 2.696078e-01 8.413407e-07
5.735294e-01 2.696078e-01 1.146945e-06
5.833333e-01 2.696078e-01 1.540943e-06
5.931373e-01 2.696078e-01 2.040517e-06
6.029412e-01 2.696078e-01 2.663409e-06
6.127451e-01 2.696078e-01 3.426985e-06
6.225490e-01 2.696078e-01 4.347054e-06
6.323529e-01 2.696078e-01 5.436470e-06
6.421569e-01 2.696078e-01 6.703595e-06
6.519608e-01 2.696078e-01 8.150734e-06
6.617647e-01 2.696078e-01 9.772650e-06
6.715686e-01 2.696078e-01 1.155534e-05
6.813725e-01 2.696078e-01 1.347522e-05
6.911765e-01 2.696078e-01 1.549883e-05
7.009804e-01 2.696078e-01 1.758322e-05
7.107843e-01 2.696078e-01 1.967712e-05
7.205882e-01 2.696078e-01 2.172272e-05
7.303922e-01 2.696078e-01 2.365824e-05
7.401961e-01 2.696078e-01 2.542094e-05
7.500000e-01 2.696078e-01 2.695051e-05
7.598039e-01 2.696078e-01 2.819249e-05
7.696078e-01 2.696078e-01 2.910153e-05
7.794118e-01 2.696078e-01 2.964409e-05
7.892157e-01 2.696078e-01 2.980057e-05
7.990196e-01 2.696078e-01 2.956641e-05
8.088235e-01 2.696078e-01 2.895234e-05
8.186275e-01 2.696078e-01 2.798355e-05
8.284314e-01 2.696078e-01 2.669801e-05
8.382353e-01 2.696078e-01 2.514400e-05
8.480392e-01 2.696078e-01 2.337714e-05
8.578431e-01 2.696078e-01 2.145713e-05
8.676471e-01 2.696078e-01 1.944451e-05
8.774510e-01 2.696078e-01 1.739758e-05
8.872549e-01 2.696078e-01 1.536979e-05
8.970588e-01 2.696078e-01 1.340772e-05
9.068627e-01 2.696078e-01 1.154970e-05
9.166667e-01 2.696078e-01 9.825066e-06
9.264706e-01 2.696078e-01 8.254082e-06
9.362745e-01 2.696078e-01 6.848422e-06
9.460784e-01 2.696078e-01 5.612030e-06
9.558824e-01 2.696078e-01 4.542306e-06
9.656863e-01 2.696078e-01 3.631437e-06
9.754902e-01 2.696078e-01 2.867774e-06
9.852941e-01 2.696078e-01 2.237145e-06
9.950980e-01 2.696078e-01 1.724028e-06
4.901961e-03 2.794118e-01 1.346827e-06
1.470588e-02 2.794118e-01 1.035435e-06
2.450980e-02 2.794118e-01 7.864078e-07
3.431373e-02 2.794118e-01 5.900705e-07
4.411765e-02 2.794118e-01 4.374301e-07
5.392157e-02 2.794118e-01 3.203903e-07
6.372549e-02 2.794118e-01 2.318637e-07
7.352941e-02 2.794118e-01 1.658004e-07
8.333333e-02 2.794118e-01 1.171533e-07
9.313725e-02 2.794118e-01 8.180049e-08
1.029412e-01 2.794118e-01 5.644241e-08
1.127451e-01 2.794118e-01 3.848749e-08
1.225490e-01 2.794118e-01 2.593664e-08
1.323529e-01 2.794118e-01 1.727443e-08
1.421569e-01 2.794118e-01 1.137116e-08
1.519608e-01 2.794118e-01 7.398313e-09
1.617647e-01 2.794118e-01 4.757761e-09
1.715686e-01 2.794118e-01 3.024335e-09
1.813725e-01 2.794118e-01 1.900334e-09
1.911765e-01 2.794118e-01 1.180371e-09
2.009804e-01 2.794118e-01 7.247883e-10
2.107843e-01 2.794118e-01 4.399710e-10
2.205882e-01 2.794118e-01 2.640424e-10
2.303922e-01 2.794118e-01 1.566671e-10
2.401961e-01 2.794118e-01 9.190850e-11
2.500000e-01 2.794118e-01 5.331318e-11
2.598039e-01 2.794118e-01 3.058241e-11
2.696078e-01 2.794118e-01 1.735628e-11
2.794118e-01 2.794118e-01 9.762502e-12
2.892157e-01 2.794118e-01 5.483296e-12
2.990196e-01 2.794118e-01 3.170030e-12
3.088235e-01 2.794118e-01 2.092701e-12
3.186275e-01 2.794118e-01 1.955057e-12
3.284314e-01 2.794118e-01 2.841752e-12
3.382353e-01 2.794118e-01 5.296128e-12
3.480392e-01 2.794118e-01 1.056165e-11
3.578431e-01 2.794118e-01 2.106248e-11
3.676471e-01 2.794118e-01 4.125593e-11
3.774510e-01 2.794118e-01 7.906926e-11
3.872549e-01 2.794118e-01 1.482445e-10
3.970588e-01 2.794118e-01 2.720665e-10
4.068627e-01 2.794118e-01 4.891519e-10
4.166667e-01 2.794118e-01 8.622318e-10
4.264706e-01 2.794118e-01 1.491175e-09
4.362745e-01 2.794118e-01 2.531858e-09
4.460784e-01 2.794118e-01 4.222852e-09
4.558824e-01 2.794118e-01 6.922264e-09
4.656863e-01 2.794118e-01 1.115726e-08
4.754902e-01 2.794118e-01 1.768884e-08
4.852941e-01 2.794118e-01 2.759409e-08
4.950980e-01 2.794118e-01 4.236716e-08
5.049020e-01 2.794118e-01 6.403881e-08
5.147059e-01 2.794118e-01 9.531186e-08
5.245098e-01 2.794118e-01 1.397067e-07
5.343137e-01 2.794118e-01 2.017066e-07
5.441176e-01 2.794118e-01 2.868890e-07
5.539216e-01 2.794118e-01 4.020219e-07
5.637255e-01 2.794118e-01 5.551032e-07
5.735294e-01 2.794118e-01 7.553144e-07
5.833333e-01 2.794118e-01 1.012862e-06
5.931373e-01 2.794118e-01 1.338684e-06
6.029412e-01 2.794118e-01 1.743992e-06
6.127451e-01 2.794118e-01 2.239664e-06
6.225490e-01 2.794118e-01 2.835467e-06
6.323529e-01 2.794118e-01 3.539159e-06
6.421569e-01 2.794118e-01 4.355512e-06
6.519608e-01 2.794118e-01 5.285319e-06
6.617647e-01 2.794118e-01 6.324477e-06
6.715686e-01 2.794118e-01 7.463243e-06
6.813725e-01 2.794118e-01 8.685759e-06
6.911765e-01 2.794118e-01 9.969940e-06
7.009804e-01 2.794118e-01 1.128779e-05
7.107843e-01 2.794118e-01 1.260617e-05
7.205882e-01 2.794118e-01 1.388807e-05
7.303922e-01 2.794118e-01 1.509422e-05
7.401961e-01 2.794118e-01 1.618509e-05
7.500000e-01 2.794118e-01 1.712304e-05
7.598039e-01 2.794118e-01 1.787443e-05
7.696078e-01 2.794118e-01 1.841171e-05
7.794118e-01 2.794118e-01 1.871505e-05
7.892157e-01 2.794118e-01 1.877355e-05
7.990196e-01 2.794118e-01 1.858594e-05
8.088235e-01 2.794118e-01 1.816052e-05
8.186275e-01 2.794118e-01 1.751463e-05
8.284314e-01 2.794118e-01 1.667345e-05
8.382353e-01 2.794118e-01 1.566838e-05
8.480392e-01 2.794118e-01 1.453513e-05
8.578431e-01 2.794118e-01 1.331165e-05
8.676471e-01 2.794118e-01 1.203608e-05
8.774510e-01 2.794118e-01 1.074482e-05
8.872549e-01 2.794118e-01 9.470990e-06
8.970588e-01 2.794118e-01 8.243178e-06
9.068627e-01 2.794118e-01 7.084634e-06
9.166667e-01 2.794118e-01 6.012897e-06
9.264706e-01 2.794118e-01 5.039805e-06
9.362745e-01 2.794118e-01 4.171833e-06
9.460784e-01 2.794118e-01 3.410695e-06
9.558824e-01 2.794118e-01 2.754105e-06
9.656863e-01 2.794118e-01 2.196640e-06
9.754902e-01 2.794118e-01 1.730599e-06
9.852941e-01 2.794118e-01 1.346827e-06
9.950980e-01 2.794118e-01 1.035435e-06
4.901961e-03 2.892157e-01 8.020143e-07
1.470588e-02 2.892157e-01 6.151093e-07
2.450980e-02 2.892157e-01 4.660492e-07
3.431373e-02 2.892157e-01 3.488495e-07
4.411765e-02 2.892157e-01 2.579819e-07
5.392157e-02 2.892157e-01 1.884960e-07
6.372549e-02 2.892157e-01 1.360801e-07
7.352941e-02 2.892157e-01 9.706960e-08
8.333333e-02 2.892157e-01 6.842036e-08
9.313725e-02 2.892157e-01 4.765602e-08
1.029412e-01 2.892157e-01 3.280178e-08
1.127451e-01 2.892157e-01 2.231214e-08
1.225490e-01 2.892157e-01 1.499913e-08
1.323529e-01 2.892157e-01 9.965267e-09
1.421569e-01 2.892157e-01 6.543762e-09
1.519608e-01 2.892157e-01 4.247168e-09
1.617647e-01 2.892157e-01 2.724727e-09
1.715686e-01 2.892157e-01 1.727894e-09
1.813725e-01 2.892157e-01 1.083184e-09
1.911765e-01 2.892157e-01 6.712730e-10
2.009804e-01 2.892157e-01 4.112739e-10
2.107843e-01 2.892157e-01 2.491285e-10
2.205882e-01 2.892157e-01 1.492120e-10
2.303922e-01 2.892157e-01 8.836990e-11
2.401961e-01 2.892157e-01 5.175628e-11
2.500000e-01 2.892157e-01 2.997996e-11
2.598039e-01 2.892157e-01 1.717919e-11
2.696078e-01 2.892157e-01 9.744122e-12
2.794118e-01 2.892157e-01 5.483296e-12
2.892157e-01 2.892157e-01 3.089867e-12
2.990196e-01 2.892157e-01 1.808772e-12
3.088235e-01 2.892157e-01 1.239875e-12
3.186275e-01 2.892157e-01 1.238233e-12
3.284314e-01 2.892157e-01 1.893959e-12
3.382353e-01 2.892157e-01 3.594043e-12
3.480392e-01 2.892157e-01 7.190318e-12
3.578431e-01 2.892157e-01 1.432512e-11
3.676471e-01 2.892157e-01 2.800353e-11
3.774510e-01 2.892157e-01 5.355331e-11
3.872549e-01 2.892157e-01 1.001862e-10
3.970588e-01 2.892157e-01 1.834734e-10
4.068627e-01 2.892157e-01 3.291785e-10
4.166667e-01 2.892157e-01 5.790574e-10
4.264706e-01 2.892157e-01 9.994351e-10
4.362745e-01 2.892157e-01 1.693597e-09
4.460784e-01 2.892157e-01 2.819261e-09
4.558824e-01 2.892157e-01 4.612624e-09
4.656863e-01 2.892157e-01 7.420569e-09
4.754902e-01 2.892157e-01 1.174265e-08
4.852941e-01 2.892157e-01 1.828416e-08
4.950980e-01 2.892157e-01 2.802100e-08
5.049020e-01 2.892157e-01 4.227607e-08
5.147059e-01 2.892157e-01 6.280523e-08
5.245098e-01 2.892157e-01 9.188877e-08
5.343137e-01 2.892157e-01 1.324219e-07
5.441176e-01 2.892157e-01 1.879947e-07
5.539216e-01 2.892157e-01 2.629480e-07
5.637255e-01 2.892157e-01 3.623918e-07
5.735294e-01 2.892157e-01 4.921671e-07
5.833333e-01 2.892157e-01 6.587353e-07
5.931373e-01 2.892157e-01 8.689791e-07
6.029412e-01 2.892157e-01 1.129905e-06
6.127451e-01 2.892157e-01 1.448241e-06
6.225490e-01 2.892157e-01 1.829945e-06
6.323529e-01 2.892157e-01 2.279627e-06
6.421569e-01 2.892157e-01 2.799936e-06
6.519608e-01 2.892157e-01 3.390937e-06
6.617647e-01 2.892157e-01 4.049557e-06
6.715686e-01 2.892157e-01 4.769133e-06
6.813725e-01 2.892157e-01 5.539153e-06
6.911765e-01 2.892157e-01 6.345218e-06
7.009804e-01 2.892157e-01 7.169285e-06
7.107843e-01 2.892157e-01 7.990205e-06
7.205882e-01 2.892157e-01 8.784539e-06
7.303922e-01 2.892157e-01 9.527630e-06
7.401961e-01 2.892157e-01 1.019486e-05
7.500000e-01 2.892157e-01 1.076300e-05
7.598039e-01 2.892157e-01 1.121156e-05
7.696078e-01 2.892157e-01 1.152402e-05
7.794118e-01 2.892157e-01 1.168884e-05
7.892157e-01 2.892157e-01 1.170018e-05
7.990196e-01 2.892157e-01 1.155821e-05
8.088235e-01 2.892157e-01 1.126910e-05
8.186275e-01 2.892157e-01 1.084456e-05
8.284314e-01 2.892157e-01 1.030103e-05
8.382353e-01 2.892157e-01 9.658697e-06
8.480392e-01 2.892157e-01 8.940206e-06
8.578431e-01 2.892157e-01 8.169388e-06
8.676471e-01 2.892157e-01 7.369979e-06
8.774510e-01 2.892157e-01 6.564458e-06
8.872549e-01 2.892157e-01 5.773094e-06
8.970588e-01 2.892157e-01 5.013213e-06
9.068627e-01 2.892157e-01 4.298749e-06
9.166667e-01 2.892157e-01 3.640043e-06
9.264706e-01 2.892157e-01 3.043894e-06
9.362745e-01 2.892157e-01 2.513800e-06
9.460784e-01 2.892157e-01 2.050358e-06
9.558824e-01 2.892157e-01 1.651754e-06
9.656863e-01 2.892157e-01 1.314308e-06
9.754902e-01 2.892157e-01 1.033007e-06
9.852941e-01 2.892157e-01 8.020143e-07
9.950980e-01 2.892157e-01 6.151093e-07
4.901961e-03 2.990196e-01 4.724456e-07
1.470588e-02 2.990196e-01 3.614823e-07
2.450980e-02 2.990196e-01 2.732306e-07
3.431373e-02 2.990196e-01 2.040315e-07
4.411765e-02 2.990196e-01 1.505252e-07
5.392157e-02 2.990196e-01 1.097195e-07
6.372549e-02 2.990196e-01 7.902054e-08
7.352941e-02 2.990196e-01 5.623363e-08
8.333333e-02 2.990196e-01 3.954318e-08
9.313725e-02 2.990196e-01 2.747805e-08
1.029412e-01 2.990196e-01 1.886946e-08
1.127451e-01 2.990196e-01 1.280599e-08
1.225490e-01 2.990196e-01 8.589525e-09
1.323529e-01 2.990196e-01 5.694442e-09
1.421569e-01 2.990196e-01 3.731509e-09
1.519608e-01 2.990196e-01 2.417114e-09
1.617647e-01 2.990196e-01 1.547818e-09
1.715686e-01 2.990196e-01 9.799132e-10
1.813725e-01 2.990196e-01 6.133943e-10
1.911765e-01 2.990196e-01 3.796838e-10
2.009804e-01 2.990196e-01 2.324279e-10
2.107843e-01 2.990196e-01 1.407346e-10
2.205882e-01 2.990196e-01 8.430156e-11
2.303922e-01 2.990196e-01 4.996690e-11
2.401961e-01 2.990196e-01 2.931242e-11
2.500000e-01 2.990196e-01 1.702493e-11
2.598039e-01 2.990196e-01 9.794788e-12
2.696078e-01 2.990196e-01 5.587493e-12
2.794118e-01 2.990196e-01 3.170030e-12
2.892157e-01 2.990196e-01 1.808772e-12
2.990196e-01 2.990196e-01 1.082233e-12
3.088235e-01 2.990196e-01 7.718561e-13
3.186275e-01 2.990196e-01 8.093284e-13
3.284314e-01 2.990196e-01 1.271699e-12
3.382353e-01 2.990196e-01 2.427754e-12
3.480392e-01 2.990196e-01 4.852803e-12
3.578431e-01 2.990196e-01 9.646583e-12
3.676471e-01 2.990196e-01 1.881311e-11
3.774510e-01 2.990196e-01 3.589509e-11
3.872549e-01 2.990196e-01 6.700251e-11
3.970588e-01 2.990196e-01 1.224388e-10
4.068627e-01 2.990196e-01 2.192121e-10
4.166667e-01 2.990196e-01 3.848251e-10
4.264706e-01 2.990196e-01 6.628631e-10
4.362745e-01 2.990196e-01 1.121045e-09
4.460784e-01 2.990196e-01 1.862541e-09
4.558824e-01 2.990196e-01 3.041500e-09
4.656863e-01 2.990196e-01 4.883772e-09
4.754902e-01 2.990196e-01 7.713823e-09
4.852941e-01 2.990196e-01 1.198861e-08
4.950980e-01 2.990196e-01 1.833880e-08
5.049020e-01 2.990196e-01 2.761702e-08
5.147059e-01 2.990196e-01 4.095180e-08
5.245098e-01 2.990196e-01 5.980446e-08
5.343137e-01 2.990196e-01 8.602467e-08
5.441176e-01 2.990196e-01 1.218983e-07
5.539216e-01 2.990196e-01 1.701796e-07
5.637255e-01 2.990196e-01 2.340980e-07
5.735294e-01 2.990196e-01 3.173285e-07
5.833333e-01 2.990196e-01 4.239163e-07
5.931373e-01 2.990196e-01 5.581439e-07
6.029412e-01 2.990196e-01 7.243380e-07
6.127451e-01 2.990196e-01 9.266120e-07
6.225490e-01 2.990196e-01 1.168550e-06
6.323529e-01 2.990196e-01 1.452848e-06
6.421569e-01 2.990196e-01 1.780927e-06
6.519608e-01 2.990196e-01 2.152554e-06
6.617647e-01 2.990196e-01 2.565505e-06
6.715686e-01 2.990196e-01 3.015299e-06
6.813725e-01 2.990196e-01 3.495060e-06
6.911765e-01 2.990196e-01 3.995514e-06
7.009804e-01 2.990196e-01 4.505174e-06
7.107843e-01 2.990196e-01 5.010694e-06
7.205882e-01 2.990196e-01 5.497406e-06
7.303922e-01 2.990196e-01 5.950004e-06
7.401961e-01 2.990196e-01 6.353336e-06
7.500000e-01 2.990196e-01 6.693247e-06
7.598039e-01 2.990196e-01 6.957403e-06
7.696078e-01 2.990196e-01 7.136042e-06
7.794118e-01 2.990196e-01 7.222573e-06
7.892157e-01 2.990196e-01 7.213977e-06
7.990196e-01 2.990196e-01 7.110981e-06
8.088235e-01 2.990196e-01 6.917985e-06
8.186275e-01 2.990196e-01 6.642755e-06
8.284314e-01 2.990196e-01 6.295903e-06
8.382353e-01 2.990196e-01 5.890222e-06
8.480392e-01 2.990196e-01 5.439905e-06
8.578431e-01 2.990196e-01 4.959739e-06
8.676471e-01 2.990196e-01 4.464327e-06
8.774510e-01 2.990196e-01 3.967383e-06
8.872549e-01 2.990196e-01 3.481162e-06
8.970588e-01 2.990196e-01 3.016042e-06
9.068627e-01 2.990196e-01 2.580263e-06
9.166667e-01 2.990196e-01 2.179839e-06
9.264706e-01 2.990196e-01 1.818606e-06
9.362745e-01 2.990196e-01 1.498396e-06
9.460784e-01 2.990196e-01 1.219293e-06
9.558824e-01 2.990196e-01 9.799459e-07
9.656863e-01 2.990196e-01 7.779078e-07
9.754902e-01 2.990196e-01 6.099653e-07
9.852941e-01 2.990196e-01 4.724456e-07
9.950980e-01 2.990196e-01 3.614823e-07
4.901961e-03 3.088235e-01 2.754104e-07
1.470588e-02 3.088235e-01 2.102420e-07
2.450980e-02 3.088235e-01 1.585527e-07
3.431373e-02 3.088235e-01 1.181312e-07
4.411765e-02 3.088235e-01 8.695892e-08
5.392157e-02 3.088235e-01 6.324787e-08
6.372549e-02 3.088235e-01 4.545528e-08
7.352941e-02 3.088235e-01 3.228164e-08
8.333333e-02 3.088235e-01 2.265624e-08
9.313725e-02 3.088235e-01 1.571491e-08
1.029412e-01 3.088235e-01 1.077363e-08
1.127451e-01 3.088235e-01 7.300902e-09
1.225490e-01 3.088235e-01 4.891016e-09
1.323529e-01 3.088235e-01 3.239515e-09
1.421569e-01 3.088235e-01 2.121669e-09
1.519608e-01 3.088235e-01 1.374235e-09
1.617647e-01 3.088235e-01 8.804627e-10
1.715686e-01 3.088235e-01 5.581161e-10
1.813725e-01 3.088235e-01 3.501205e-10
1.911765e-01 3.088235e-01 2.174344e-10
2.009804e-01 3.088235e-01 1.337281e-10
2.107843e-01 3.088235e-01 8.148911e-11
2.205882e-01 3.088235e-01 4.922600e-11
2.303922e-01 3.088235e-01 2.949762e-11
2.401961e-01 3.088235e-01 1.754711e-11
2.500000e-01 3.088235e-01 1.037144e-11
2.598039e-01 3.088235e-01 6.097779e-12
2.696078e-01 3.088235e-01 3.572163e-12
2.794118e-01 3.088235e-01 2.092701e-12
2.892157e-01 3.088235e-01 1.239875e-12
2.990196e-01 3.088235e-01 7.718561e-13
3.088235e-01 3.088235e-01 5.642426e-13
3.186275e-01 3.088235e-01 5.825441e-13
3.284314e-01 3.088235e-01 8.833355e-13
3.382353e-01 3.088235e-01 1.647393e-12
3.480392e-01 3.088235e-01 3.256691e-12
3.578431e-01 3.088235e-01 6.438285e-12
3.676471e-01 3.088235e-01 1.251355e-11
3.774510e-01 3.088235e-01 2.381286e-11
3.872549e-01 3.088235e-01 4.434603e-11
3.970588e-01 3.088235e-01 8.085925e-11
4.068627e-01 3.088235e-01 1.444631e-10
4.166667e-01 3.088235e-01 2.530823e-10
4.264706e-01 3.088235e-01 4.350592e-10
4.362745e-01 3.088235e-01 7.343280e-10
4.460784e-01 3.088235e-01 1.217670e-09
4.558824e-01 3.088235e-01 1.984629e-09
4.656863e-01 3.088235e-01 3.180709e-09
4.754902e-01 3.088235e-01 5.014433e-09
4.852941e-01 3.088235e-01 7.778742e-09
4.950980e-01 3.088235e-01 1.187689e-08
5.049020e-01 3.088235e-01 1.785260e-08
5.147059e-01 3.088235e-01 2.642350e-08
5.245098e-01 3.088235e-01 3.851610e-08
5.343137e-01 3.088235e-01 5.529948e-08
5.441176e-01 3.088235e-01 7.821354e-08
5.539216e-01 3.088235e-01 1.089870e-07
5.637255e-01 3.088235e-01 1.496385e-07
5.735294e-01 3.088235e-01 2.024553e-07
5.833333e-01 3.088235e-01 2.699414e-07
5.931373e-01 3.088235e-01 3.547319e-07
6.029412e-01 3.088235e-01 4.594676e-07
6.127451e-01 3.088235e-01 5.866321e-07
6.225490e-01 3.088235e-01 7.383536e-07
6.323529e-01 3.088235e-01 9.161803e-07
6.421569e-01 3.088235e-01 1.120844e-06
6.519608e-01 3.088235e-01 1.352030e-06
6.617647e-01 3.088235e-01 1.608173e-06
6.715686e-01 3.088235e-01 1.886308e-06
6.813725e-01 3.088235e-01 2.181994e-06
6.911765e-01 3.088235e-01 2.489334e-06
7.009804e-01 3.088235e-01 2.801098e-06
7.107843e-01 3.088235e-01 3.108962e-06
7.205882e-01 3.088235e-01 3.403853e-06
7.303922e-01 3.088235e-01 3.676380e-06
7.401961e-01 3.088235e-01 3.917327e-06
7.500000e-01 3.088235e-01 4.118171e-06
7.598039e-01 3.088235e-01 4.271585e-06
7.696078e-01 3.088235e-01 4.371881e-06
7.794118e-01 3.088235e-01 4.415367e-06
7.892157e-01 3.088235e-01 4.400563e-06
7.990196e-01 3.088235e-01 4.328293e-06
8.088235e-01 3.088235e-01 4.201605e-06
8.186275e-01 3.088235e-01 4.025569e-06
8.284314e-01 3.088235e-01 3.806936e-06
8.382353e-01 3.088235e-01 3.553717e-06
8.480392e-01 3.088235e-01 3.274698e-06
8.578431e-01 3.088235e-01 2.978948e-06
8.676471e-01 3.088235e-01 2.675344e-06
8.774510e-01 3.088235e-01 2.372155e-06
8.872549e-01 3.088235e-01 2.076702e-06
8.970588e-01 3.088235e-01 1.795124e-06
9.068627e-01 3.088235e-01 1.532232e-06
9.166667e-01 3.088235e-01 1.291473e-06
9.264706e-01 3.088235e-01 1.074972e-06
9.362745e-01 3.088235e-01 8.836504e-07
9.460784e-01 3.088235e-01 7.173905e-07
9.558824e-01 3.088235e-01 5.752318e-07
9.656863e-01 3.088235e-01 4.555778e-07
9.754902e-01 3.088235e-01 3.563977e-07
9.852941e-01 3.088235e-01 2.754104e-07
9.950980e-01 3.088235e-01 2.102420e-07
4.901961e-03 3.186275e-01 1.591045e-07
1.470588e-02 3.186275e-01 1.212273e-07
2.450980e-02 3.186275e-01 9.126026e-08
3.431373e-02 3.186275e-01 6.788300e-08
4.411765e-02 3.186275e-01 4.989720e-08
5.392157e-02 3.186275e-01 3.624680e-08
6.372549e-02 3.186275e-01 2.602494e-08
7.352941e-02 3.186275e-01 1.847105e-08
8.333333e-02 3.186275e-01 1.296104e-08
9.313725e-02 3.186275e-01 8.993094e-09
1.029412e-01 3.186275e-01 6.171464e-09
1.127451e-01 3.186275e-01 4.189687e-09
1.225490e-01 3.186275e-01 2.814580e-09
1.323529e-01 3.186275e-01 1.871682e-09
1.421569e-01 3.186275e-01 1.232573e-09
1.519608e-01 3.186275e-01 8.041986e-10
1.617647e-01 3.186275e-01 5.201514e-10
1.715686e-01 3.186275e-01 3.337327e-10
1.813725e-01 3.186275e-01 2.125701e-10
1.911765e-01 3.186275e-01 1.345295e-10
2.009804e-01 3.186275e-01 8.467739e-11
2.107843e-01 3.186275e-01 5.306554e-11
2.205882e-01 3.186275e-01 3.314671e-11
2.303922e-01 3.186275e-01 2.066081e-11
2.401961e-01 3.186275e-01 1.286518e-11
2.500000e-01 3.186275e-01 8.011085e-12
2.598039e-01 3.186275e-01 4.993193e-12
2.696078e-01 3.186275e-01 3.118291e-12
2.794118e-01 3.186275e-01 1.955057e-12
2.892157e-01 3.186275e-01 1.238233e-12
2.990196e-01 3.186275e-01 8.093284e-13
3.088235e-01 3.186275e-01 5.825441e-13
3.186275e-01 3.186275e-01 5.297423e-13
3.284314e-01 3.186275e-01 6.827083e-13
3.382353e-01 3.186275e-01 1.155445e-12
3.480392e-01 3.186275e-01 2.194531e-12
3.578431e-01 3.186275e-01 4.272594e-12
3.676471e-01 3.186275e-01 8.249735e-12
3.774510e-01 3.186275e-01 1.564149e-11
3.872549e-01 3.186275e-01 2.905098e-11
3.970588e-01 3.186275e-01 5.284861e-11
4.068627e-01 3.186275e-01 9.421615e-11
4.166667e-01 3.186275e-01 1.647140e-10
4.264706e-01 3.186275e-01 2.825794e-10
4.362745e-01 3.186275e-01 4.760179e-10
4.460784e-01 3.186275e-01 7.878038e-10
4.558824e-01 3.186275e-01 1.281547e-09
4.656863e-01 3.186275e-01 2.050002e-09
4.754902e-01 3.186275e-01 3.225777e-09
4.852941e-01 3.186275e-01 4.994689e-09
4.950980e-01 3.186275e-01 7.611867e-09
5.049020e-01 3.186275e-01 1.142037e-08
5.147059e-01 3.186275e-01 1.687172e-08
5.245098e-01 3.186275e-01 2.454711e-08
5.343137e-01 3.186275e-01 3.517756e-08
5.441176e-01 3.186275e-01 4.966040e-08
5.539216e-01 3.186275e-01 6.906892e-08
5.637255e-01 3.186275e-01 9.465144e-08
5.735294e-01 3.186275e-01 1.278157e-07
5.833333e-01 3.186275e-01 1.700949e-07
5.931373e-01 3.186275e-01 2.230917e-07
6.029412e-01 3.186275e-01 2.883995e-07
6.127451e-01 3.186275e-01 3.674995e-07
6.225490e-01 3.186275e-01 4.616376e-07
6.323529e-01 3.186275e-01 5.716870e-07
6.421569e-01 3.186275e-01 6.980039e-07
6.519608e-01 3.186275e-01 8.402892e-07
6.617647e-01 3.186275e-01 9.974696e-07
6.715686e-01 3.186275e-01 1.167612e-06
6.813725e-01 3.186275e-01 1.347887e-06
6.911765e-01 3.186275e-01 1.534588e-06
7.009804e-01 3.186275e-01 1.723217e-06
7.107843e-01 3.186275e-01 1.908644e-06
7.205882e-01 3.186275e-01 2.085321e-06
7.303922e-01 3.186275e-01 2.247553e-06
7.401961e-01 3.186275e-01 2.389801e-06
7.500000e-01 3.186275e-01 2.506995e-06
7.598039e-01 3.186275e-01 2.594839e-06
7.696078e-01 3.186275e-01 2.650068e-06
7.794118e-01 3.186275e-01 2.670655e-06
7.892157e-01 3.186275e-01 2.655932e-06
7.990196e-01 3.186275e-01 2.606624e-06
8.088235e-01 3.186275e-01 2.524793e-06
8.186275e-01 3.186275e-01 2.413695e-06
8.284314e-01 3.186275e-01 2.277568e-06
8.382353e-01 3.186275e-01 2.121365e-06
8.480392e-01 3.186275e-01 1.950462e-06
8.578431e-01 3.186275e-01 1.770354e-06
8.676471e-01 3.186275e-01 1.586374e-06
8.774510e-01 3.186275e-01 1.403447e-06
8.872549e-01 3.186275e-01 1.225895e-06
8.970588e-01 3.186275e-01 1.057305e-06
9.068627e-01 3.186275e-01 9.004480e-07
9.166667e-01 3.186275e-01 7.572698e-07
9.264706e-01 3.186275e-01 6.289249e-07
9.362745e-01 3.186275e-01 5.158528e-07
9.460784e-01 3.186275e-01 4.178832e-07
9.558824e-01 3.186275e-01 3.343566e-07
9.656863e-01 3.186275e-01 2.642503e-07
9.754902e-01 3.186275e-01 2.062991e-07
9.852941e-01 3.186275e-01 1.591045e-07
9.950980e-01 3.186275e-01 1.212273e-07
4.901961e-03 3.284314e-01 9.159603e-08
1.470588e-02 3.284314e-01 6.977189e-08
2.450980e-02 3.284314e-01 5.253596e-08
3.431373e-02 3.284314e-01 3.910998e-08
4.411765e-02 3.284314e-01 2.879186e-08
5.392157e-02 3.284314e-01 2.096605e-08
6.372549e-02 3.284314e-01 1.510644e-08
7.352941e-02 3.284314e-01 1.077370e-08
8.333333e-02 3.284314e-01 7.608702e-09
9.313725e-02 3.284314e-01 5.323760e-09
1.029412e-01 3.284314e-01 3.692698e-09
1.127451e-01 3.284314e-01 2.540867e-09
1.225490e-01 3.284314e-01 1.735681e-09
1.323529e-01 3.284314e-01 1.178113e-09
1.421569e-01 3.284314e-01 7.953344e-10
1.519608e-01 3.284314e-01 5.345722e-10
1.617647e-01 3.284314e-01 3.581138e-10
1.715686e-01 3.284314e-01 2.393628e-10
1.813725e-01 3.284314e-01 1.597900e-10
1.911765e-01 3.284314e-01 1.066310e-10
2.009804e-01 3.284314e-01 7.118042e-11
2.107843e-01 3.284314e-01 4.755315e-11
2.205882e-01 3.284314e-01 3.179930e-11
2.303922e-01 3.284314e-01 2.128277e-11
2.401961e-01 3.284314e-01 1.425102e-11
2.500000e-01 3.284314e-01 9.541327e-12
2.598039e-01 3.284314e-01 6.382532e-12
2.696078e-01 3.284314e-01 4.262731e-12
2.794118e-01 3.284314e-01 2.841752e-12
2.892157e-01 3.284314e-01 1.893959e-12
2.990196e-01 3.284314e-01 1.271699e-12
3.088235e-01 3.284314e-01 8.833355e-13
3.186275e-01 3.284314e-01 6.827083e-13
3.284314e-01 3.284314e-01 6.694046e-13
3.382353e-01 3.284314e-01 9.018843e-13
3.480392e-01 3.284314e-01 1.528748e-12
3.578431e-01 3.284314e-01 2.847817e-12
3.676471e-01 3.284314e-01 5.408832e-12
3.774510e-01 3.284314e-01 1.018423e-11
3.872549e-01 3.284314e-01 1.884438e-11
3.970588e-01 3.284314e-01 3.418978e-11
4.068627e-01 3.284314e-01 6.081354e-11
4.166667e-01 3.284314e-01 1.060931e-10
4.264706e-01 3.284314e-01 1.816410e-10
4.362745e-01 3.284314e-01 3.053760e-10
4.460784e-01 3.284314e-01 5.044094e-10
4.558824e-01 3.284314e-01 8.189636e-10
4.656863e-01 3.284314e-01 1.307550e-09
4.754902e-01 3.284314e-01 2.053613e-09
4.852941e-01 3.284314e-01 3.173785e-09
4.950980e-01 3.284314e-01 4.827782e-09
5.049020e-01 3.284314e-01 7.229780e-09
5.147059e-01 3.284314e-01 1.066086e-08
5.245098e-01 3.284314e-01 1.548173e-08
5.343137e-01 3.284314e-01 2.214465e-08
5.441176e-01 3.284314e-01 3.120285e-08
5.539216e-01 3.284314e-01 4.331556e-08
5.637255e-01 3.284314e-01 5.924634e-08
5.735294e-01 3.284314e-01 7.985222e-08
5.833333e-01 3.284314e-01 1.060615e-07
5.931373e-01 3.284314e-01 1.388381e-07
6.029412e-01 3.284314e-01 1.791320e-07
6.127451e-01 3.284314e-01 2.278158e-07
6.225490e-01 3.284314e-01 2.856088e-07
6.323529e-01 3.284314e-01 3.529934e-07
6.421569e-01 3.284314e-01 4.301290e-07
6.519608e-01 3.284314e-01 5.167697e-07
6.617647e-01 3.284314e-01 6.121955e-07
6.715686e-01 3.284314e-01 7.151647e-07
6.813725e-01 3.284314e-01 8.238968e-07
6.911765e-01 3.284314e-01 9.360900e-07
7.009804e-01 3.284314e-01 1.048981e-06
7.107843e-01 3.284314e-01 1.159443e-06
7.205882e-01 3.284314e-01 1.264124e-06
7.303922e-01 3.284314e-01 1.359610e-06
7.401961e-01 3.284314e-01 1.442610e-06
7.500000e-01 3.284314e-01 1.510149e-06
7.598039e-01 3.284314e-01 1.559737e-06
7.696078e-01 3.284314e-01 1.589532e-06
7.794118e-01 3.284314e-01 1.598447e-06
7.892157e-01 3.284314e-01 1.586217e-06
7.990196e-01 3.284314e-01 1.553413e-06
8.088235e-01 3.284314e-01 1.501398e-06
8.186275e-01 3.284314e-01 1.432231e-06
8.284314e-01 3.284314e-01 1.348537e-06
8.382353e-01 3.284314e-01 1.253341e-06
8.480392e-01 3.284314e-01 1.149892e-06
8.578431e-01 3.284314e-01 1.041477e-06
8.676471e-01 3.284314e-01 9.312634e-07
8.774510e-01 3.284314e-01 8.221483e-07
8.872549e-01 3.284314e-01 7.166518e-07
8.970588e-01 3.284314e-01 6.168406e-07
9.068627e-01 3.284314e-01 5.242900e-07
9.166667e-01 3.284314e-01 4.400810e-07
9.264706e-01 3.284314e-01 3.648263e-07
9.362745e-01 3.284314e-01 2.987201e-07
9.460784e-01 3.284314e-01 2.416030e-07
9.558824e-01 3.284314e-01 1.930357e-07
9.656863e-01 3.284314e-01 1.523746e-07
9.754902e-01 3.284314e-01 1.188432e-07
9.852941e-01 3.284314e-01 9.159603e-08
9.950980e-01 3.284314e-01 6.977189e-08
4.901961e-03 3.382353e-01 5.366967e-08
1.470588e-02 3.382353e-01 4.112101e-08
2.450980e-02 3.382353e-01 3.119805e-08
3.431373e-02 3.382353e-01 2.345040e-08
4.411765e-02 3.382353e-01 1.747423e-08
5.392157e-02 3.382353e-01 1.291736e-08
6.372549e-02 3.382353e-01 9.480250e-09
7.352941e-02 3.382353e-01 6.913756e-09
8.333333e-02 3.382353e-01 5.014944e-09
9.313725e-02 3.382353e-01 3.621650e-09
1.029412e-01 3.382353e-01 2.606592e-09
1.127451e-01 3.382353e-01 1.871503e-09
1.225490e-01 3.382353e-01 1.341678e-09
1.323529e-01 3.382353e-01 9.611132e-10
1.421569e-01 3.382353e-01 6.883575e-10
1.519608e-01 3.382353e-01 4.930704e-10
1.617647e-01 3.382353e-01 3.532553e-10
1.715686e-01 3.382353e-01 2.530868e-10
1.813725e-01 3.382353e-01 1.812441e-10
1.911765e-01 3.382353e-01 1.296577e-10
2.009804e-01 3.382353e-01 9.258411e-11
2.107843e-01 3.382353e-01 6.593318e-11
2.205882e-01 3.382353e-01 4.678552e-11
2.303922e-01 3.382353e-01 3.305022e-11
2.401961e-01 3.382353e-01 2.322353e-11
2.500000e-01 3.382353e-01 1.621960e-11
2.598039e-01 3.382353e-01 1.125171e-11
2.696078e-01 3.382353e-01 7.748732e-12
2.794118e-01 3.382353e-01 5.296128e-12
2.892157e-01 3.382353e-01 3.594043e-12
2.990196e-01 3.382353e-01 2.427754e-12
3.088235e-01 3.382353e-01 1.647393e-12
3.186275e-01 3.382353e-01 1.155445e-12
3.284314e-01 3.382353e-01 9.018843e-13
3.382353e-01 3.382353e-01 8.883240e-13
3.480392e-01 3.382353e-01 1.184512e-12
3.578431e-01 3.382353e-01 1.963193e-12
3.676471e-01 3.382353e-01 3.563195e-12
3.774510e-01 3.382353e-01 6.595941e-12
3.872549e-01 3.382353e-01 1.211808e-11
3.970588e-01 3.382353e-01 2.190282e-11
4.068627e-01 3.382353e-01 3.885536e-11
4.166667e-01 3.382353e-01 6.763375e-11
4.264706e-01 3.382353e-01 1.155546e-10
4.362745e-01 3.382353e-01 1.938826e-10
4.460784e-01 3.382353e-01 3.196225e-10
4.558824e-01 3.382353e-01 5.179430e-10
4.656863e-01 3.382353e-01 8.253686e-10
4.754902e-01 3.382353e-01 1.293859e-09
4.852941e-01 3.382353e-01 1.995855e-09
4.950980e-01 3.382353e-01 3.030292e-09
5.049020e-01 3.382353e-01 4.529478e-09
5.147059e-01 3.382353e-01 6.666548e-09
5.245098e-01 3.382353e-01 9.663016e-09
5.343137e-01 3.382353e-01 1.379571e-08
5.441176e-01 3.382353e-01 1.940207e-08
5.539216e-01 3.382353e-01 2.688268e-08
5.637255e-01 3.382353e-01 3.669957e-08
5.735294e-01 3.382353e-01 4.936882e-08
5.833333e-01 3.382353e-01 6.544628e-08
5.931373e-01 3.382353e-01 8.550523e-08
6.029412e-01 3.382353e-01 1.101056e-07
6.127451e-01 3.382353e-01 1.397548e-07
6.225490e-01 3.382353e-01 1.748624e-07
6.323529e-01 3.382353e-01 2.156892e-07
6.421569e-01 3.382353e-01 2.622967e-07
6.519608e-01 3.382353e-01 3.144984e-07
6.617647e-01 3.382353e-01 3.718214e-07
6.715686e-01 3.382353e-01 4.334798e-07
6.813725e-01 3.382353e-01 4.983675e-07
6.911765e-01 3.382353e-01 5.650734e-07
7.009804e-01 3.382353e-01 6.319191e-07
7.107843e-01 3.382353e-01 6.970225e-07
7.205882e-01 3.382353e-01 7.583814e-07
7.303922e-01 3.382353e-01 8.139744e-07
7.401961e-01 3.382353e-01 8.618717e-07
7.500000e-01 3.382353e-01 9.003464e-07
7.598039e-01 3.382353e-01 9.279788e-07
7.696078e-01 3.382353e-01 9.437440e-07
7.794118e-01 3.382353e-01 9.470749e-07
7.892157e-01 3.382353e-01 9.378965e-07
7.990196e-01 3.382353e-01 9.166269e-07
8.088235e-01 3.382353e-01 8.841468e-07
8.186275e-01 3.382353e-01 8.417394e-07
8.284314e-01 3.382353e-01 7.910074e-07
8.382353e-01 3.382353e-01 7.337737e-07
8.480392e-01 3.382353e-01 6.719740e-07
8.578431e-01 3.382353e-01 6.075517e-07
8.676471e-01 3.382353e-01 5.423602e-07
8.774510e-01 3.382353e-01 4.780817e-07
8.872549e-01 3.382353e-01 4.161644e-07
8.970588e-01 3.382353e-01 3.577822e-07
9.068627e-01 3.382353e-01 3.038158e-07
9.166667e-01 3.382353e-01 2.548547e-07
9.264706e-01 3.382353e-01 2.112151e-07
9.362745e-01 3.382353e-01 1.729718e-07
9.460784e-01 3.382353e-01 1.399980e-07
9.558824e-01 3.382353e-01 1.120097e-07
9.656863e-01 3.382353e-01 8.860985e-08
9.754902e-01 3.382353e-01 6.933059e-08
9.852941e-01 3.382353e-01 5.366967e-08
9.950980e-01 3.382353e-01 4.112101e-08
4.901961e-03 3.480392e-01 3.436013e-08
1.470588e-02 3.480392e-01 2.697652e-08
2.450980e-02 3.480392e-01 2.106608e-08
3.431373e-02 3.480392e-01 1.637787e-08
4.411765e-02 3.480392e-01 1.268856e-08
5.392157e-02 3.480392e-01 9.804608e-09
6.372549e-02 3.480392e-01 7.562199e-09
7.352941e-02 3.480392e-01 5.825539e-09
8.333333e-02 3.480392e-01 4.484139e-09
9.313725e-02 3.480392e-01 3.449556e-09
1.029412e-01 3.480392e-01 2.651987e-09
1.127451e-01 3.480392e-01 2.036977e-09
1.225490e-01 3.480392e-01 1.562434e-09
1.323529e-01 3.480392e-01 1.196032e-09
1.421569e-01 3.480392e-01 9.130286e-10
1.519608e-01 3.480392e-01 6.945039e-10
1.617647e-01 3.480392e-01 5.259620e-10
1.715686e-01 3.480392e-01 3.962531e-10
1.813725e-01 3.480392e-01 2.967560e-10
1.911765e-01 3.480392e-01 2.207668e-10
2.009804e-01 3.480392e-01 1.630446e-10
2.107843e-01 3.480392e-01 1.194766e-10
2.205882e-01 3.480392e-01 8.682839e-11
2.303922e-01 3.480392e-01 6.255654e-11
2.401961e-01 3.480392e-01 4.466567e-11
2.500000e-01 3.480392e-01 3.159721e-11
2.598039e-01 3.480392e-01 2.214138e-11
2.696078e-01 3.480392e-01 1.536649e-11
2.794118e-01 3.480392e-01 1.056165e-11
2.892157e-01 3.480392e-01 7.190318e-12
2.990196e-01 3.480392e-01 4.852803e-12
3.088235e-01 3.480392e-01 3.256691e-12
3.186275e-01 3.480392e-01 2.194531e-12
3.284314e-01 3.480392e-01 1.528748e-12
3.382353e-01 3.480392e-01 1.184512e-12
3.480392e-01 3.480392e-01 1.152417e-12
3.578431e-01 3.480392e-01 1.504432e-12
3.676471e-01 3.480392e-01 2.428949e-12
3.774510e-01 3.480392e-01 4.294111e-12
3.872549e-01 3.480392e-01 7.753167e-12
3.970588e-01 3.480392e-01 1.391177e-11
4.068627e-01 3.480392e-01 2.458491e-11
4.166667e-01 3.480392e-01 4.268084e-11
4.264706e-01 3.480392e-01 7.276018e-11
4.362745e-01 3.480392e-01 1.218303e-10
4.460784e-01 3.480392e-01 2.004455e-10
4.558824e-01 3.480392e-01 3.241907e-10
4.656863e-01 3.480392e-01 5.156287e-10
4.754902e-01 3.480392e-01 8.067769e-10
4.852941e-01 3.480392e-01 1.242159e-09
4.950980e-01 3.480392e-01 1.882421e-09
5.049020e-01 3.480392e-01 2.808443e-09
5.147059e-01 3.480392e-01 4.125752e-09
5.245098e-01 3.480392e-01 5.968951e-09
5.343137e-01 3.480392e-01 8.505701e-09
5.441176e-01 3.480392e-01 1.193966e-08
5.539216e-01 3.480392e-01 1.651167e-08
5.637255e-01 3.480392e-01 2.249832e-08
5.735294e-01 3.480392e-01 3.020706e-08
5.833333e-01 3.480392e-01 3.996716e-08
5.931373e-01 3.480392e-01 5.211580e-08
6.029412e-01 3.480392e-01 6.697924e-08
6.127451e-01 3.480392e-01 8.484926e-08
6.225490e-01 3.480392e-01 1.059557e-07
6.323529e-01 3.480392e-01 1.304366e-07
6.421569e-01 3.480392e-01 1.583084e-07
6.519608e-01 3.480392e-01 1.894380e-07
6.617647e-01 3.480392e-01 2.235211e-07
6.715686e-01 3.480392e-01 2.600680e-07
6.813725e-01 3.480392e-01 2.984019e-07
6.911765e-01 3.480392e-01 3.376687e-07
7.009804e-01 3.480392e-01 3.768629e-07
7.107843e-01 3.480392e-01 4.148662e-07
7.205882e-01 3.480392e-01 4.504984e-07
7.303922e-01 3.480392e-01 4.825786e-07
7.401961e-01 3.480392e-01 5.099900e-07
7.500000e-01 3.480392e-01 5.317451e-07
7.598039e-01 3.480392e-01 5.470461e-07
7.696078e-01 3.480392e-01 5.553337e-07
7.794118e-01 3.480392e-01 5.563213e-07
7.892157e-01 3.480392e-01 5.500124e-07
7.990196e-01 3.480392e-01 5.366974e-07
8.088235e-01 3.480392e-01 5.169329e-07
8.186275e-01 3.480392e-01 4.915033e-07
8.284314e-01 3.480392e-01 4.613703e-07
8.382353e-01 3.480392e-01 4.276136e-07
8.480392e-01 3.480392e-01 3.913673e-07
8.578431e-01 3.480392e-01 3.537591e-07
8.676471e-01 3.480392e-01 3.158548e-07
8.774510e-01 3.480392e-01 2.786120e-07
8.872549e-01 3.480392e-01 2.428462e-07
8.970588e-01 3.480392e-01 2.092101e-07
9.068627e-01 3.480392e-01 1.781845e-07
9.166667e-01 3.480392e-01 1.500818e-07
9.264706e-01 3.480392e-01 1.250587e-07
9.362745e-01 3.480392e-01 1.031359e-07
9.460784e-01 3.480392e-01 8.422224e-08
9.558824e-01 3.480392e-01 6.814066e-08
9.656863e-01 3.480392e-01 5.465435e-08
9.754902e-01 3.480392e-01 4.349033e-08
9.852941e-01 3.480392e-01 3.436013e-08
9.950980e-01 3.480392e-01 2.697652e-08
4.901961e-03 3.578431e-01 2.839813e-08
1.470588e-02 3.578431e-01 2.356980e-08
2.450980e-02 3.578431e-01 1.953368e-08
3.431373e-02 3.578431e-01 1.616612e-08
4.411765e-02 3.578431e-01 1.335858e-08
5.392157e-02 3.578431e-01 1.101794e-08
6.372549e-02 3.578431e-01 9.065824e-09
7.352941e-02 3.578431e-01 7.437150e-09
8.333333e-02 3.578431e-01 6.078383e-09
9.313725e-02 3.578431e-01 4.945665e-09
1.029412e-01 3.578431e-01 4.003024e-09
1.127451e-01 3.578431e-01 3.220790e-09
1.225490e-01 3.578431e-01 2.574260e-09
1.323529e-01 3.578431e-01 2.042634e-09
1.421569e-01 3.578431e-01 1.608195e-09
1.519608e-01 3.578431e-01 1.255712e-09
1.617647e-01 3.578431e-01 9.720011e-10
1.715686e-01 3.578431e-01 7.456223e-10
1.813725e-01 3.578431e-01 5.666584e-10
1.911765e-01 3.578431e-01 4.265511e-10
2.009804e-01 3.578431e-01 3.179684e-10
2.107843e-01 3.578431e-01 2.346889e-10
2.205882e-01 3.578431e-01 1.714918e-10
2.303922e-01 3.578431e-01 1.240493e-10
2.401961e-01 3.578431e-01 8.882058e-11
2.500000e-01 3.578431e-01 6.294728e-11
2.598039e-01 3.578431e-01 4.415379e-11
2.696078e-01 3.578431e-01 3.065333e-11
2.794118e-01 3.578431e-01 2.106248e-11
2.892157e-01 3.578431e-01 1.432512e-11
2.990196e-01 3.578431e-01 9.646583e-12
3.088235e-01 3.578431e-01 6.438285e-12
3.186275e-01 3.578431e-01 4.272594e-12
3.284314e-01 3.578431e-01 2.847817e-12
3.382353e-01 3.578431e-01 1.963193e-12
3.480392e-01 3.578431e-01 1.504432e-12
3.578431e-01 3.578431e-01 1.441206e-12
3.676471e-01 3.578431e-01 1.839537e-12
3.774510e-01 3.578431e-01 2.894075e-12
3.872549e-01 3.578431e-01 4.988147e-12
3.970588e-01 3.578431e-01 8.793269e-12
4.068627e-01 3.578431e-01 1.542460e-11
4.166667e-01 3.578431e-01 2.667461e-11
4.264706e-01 3.578431e-01 4.535386e-11
4.362745e-01 3.578431e-01 7.577452e-11
4.460784e-01 3.578431e-01 1.244185e-10
4.558824e-01 3.578431e-01 2.008363e-10
4.656863e-01 3.578431e-01 3.188210e-10
4.754902e-01 3.578431e-01 4.978982e-10
4.852941e-01 3.578431e-01 7.651500e-10
4.950980e-01 3.578431e-01 1.157369e-09
5.049020e-01 3.578431e-01 1.723484e-09
5.147059e-01 3.578431e-01 2.527155e-09
5.245098e-01 3.578431e-01 3.649328e-09
5.343137e-01 3.578431e-01 5.190506e-09
5.441176e-01 3.578431e-01 7.272347e-09
5.539216e-01 3.578431e-01 1.003817e-08
5.637255e-01 3.578431e-01 1.365186e-08
5.735294e-01 3.578431e-01 1.829476e-08
5.833333e-01 3.578431e-01 2.415996e-08
5.931373e-01 3.578431e-01 3.144384e-08
6.029412e-01 3.578431e-01 4.033471e-08
6.127451e-01 3.578431e-01 5.099873e-08
6.225490e-01 3.578431e-01 6.356370e-08
6.323529e-01 3.578431e-01 7.810167e-08
6.421569e-01 3.578431e-01 9.461160e-08
6.519608e-01 3.578431e-01 1.130038e-07
6.617647e-01 3.578431e-01 1.330876e-07
6.715686e-01 3.578431e-01 1.545645e-07
6.813725e-01 3.578431e-01 1.770280e-07
6.911765e-01 3.578431e-01 1.999708e-07
7.009804e-01 3.578431e-01 2.228010e-07
7.107843e-01 3.578431e-01 2.448655e-07
7.205882e-01 3.578431e-01 2.654814e-07
7.303922e-01 3.578431e-01 2.839706e-07
7.401961e-01 3.578431e-01 2.996988e-07
7.500000e-01 3.578431e-01 3.121121e-07
7.598039e-01 3.578431e-01 3.207710e-07
7.696078e-01 3.578431e-01 3.253774e-07
7.794118e-01 3.578431e-01 3.257923e-07
7.892157e-01 3.578431e-01 3.220437e-07
7.990196e-01 3.578431e-01 3.143226e-07
8.088235e-01 3.578431e-01 3.029688e-07
8.186275e-01 3.578431e-01 2.884473e-07
8.284314e-01 3.578431e-01 2.713179e-07
8.382353e-01 3.578431e-01 2.521999e-07
8.480392e-01 3.578431e-01 2.317364e-07
8.578431e-01 3.578431e-01 2.105591e-07
8.676471e-01 3.578431e-01 1.892583e-07
8.774510e-01 3.578431e-01 1.683575e-07
8.872549e-01 3.578431e-01 1.482963e-07
8.970588e-01 3.578431e-01 1.294204e-07
9.068627e-01 3.578431e-01 1.119787e-07
9.166667e-01 3.578431e-01 9.612668e-08
9.264706e-01 3.578431e-01 8.193570e-08
9.362745e-01 3.578431e-01 6.940487e-08
9.460784e-01 3.578431e-01 5.847565e-08
9.558824e-01 3.578431e-01 4.904671e-08
9.656863e-01 3.578431e-01 4.098840e-08
9.754902e-01 3.578431e-01 3.415553e-08
9.852941e-01 3.578431e-01 2.839813e-08
9.950980e-01 3.578431e-01 2.356980e-08
4.901961e-03 3.676471e-01 3.513849e-08
1.470588e-02 3.676471e-01 3.093963e-08
2.450980e-02 3.676471e-01 2.711424e-08
3.431373e-02 3.676471e-01 2.363360e-08
4.411765e-02 3.676471e-01 2.047466e-08
5.392157e-02 3.676471e-01 1.761882e-08
6.372549e-02 3.676471e-01 1.505049e-08
7.352941e-02 3.676471e-01 1.275568e-08
8.333333e-02 3.676471e-01 1.072084e-08
9.313725e-02 3.676471e-01 8.931943e-09
1.029412e-01 3.676471e-01 7.373971e-09
1.127451e-01 3.676471e-01 6.030668e-09
1.225490e-01 3.676471e-01 4.884609e-09
1.323529e-01 3.676471e-01 3.917471e-09
1.421569e-01 3.676471e-01 3.110435e-09
1.519608e-01 3.676471e-01 2.444656e-09
1.617647e-01 3.676471e-01 1.901737e-09
1.715686e-01 3.676471e-01 1.464142e-09
1.813725e-01 3.676471e-01 1.115552e-09
1.911765e-01 3.676471e-01 8.411045e-10
2.009804e-01 3.676471e-01 6.275525e-10
2.107843e-01 3.676471e-01 4.633201e-10
2.205882e-01 3.676471e-01 3.384840e-10
2.303922e-01 3.676471e-01 2.446916e-10
2.401961e-01 3.676471e-01 1.750350e-10
2.500000e-01 3.676471e-01 1.238964e-10
2.598039e-01 3.676471e-01 8.678103e-11
2.696078e-01 3.676471e-01 6.014929e-11
2.794118e-01 3.676471e-01 4.125593e-11
2.892157e-01 3.676471e-01 2.800353e-11
2.990196e-01 3.676471e-01 1.881311e-11
3.088235e-01 3.676471e-01 1.251355e-11
3.186275e-01 3.676471e-01 8.249735e-12
3.284314e-01 3.676471e-01 5.408832e-12
3.382353e-01 3.676471e-01 3.563195e-12
3.480392e-01 3.676471e-01 2.428949e-12
3.578431e-01 3.676471e-01 1.839537e-12
3.676471e-01 3.676471e-01 1.734577e-12
3.774510e-01 3.676471e-01 2.165799e-12
3.872549e-01 3.676471e-01 3.323705e-12
3.970588e-01 3.676471e-01 5.591083e-12
4.068627e-01 3.676471e-01 9.632551e-12
4.166667e-01 3.676471e-01 1.653289e-11
4.264706e-01 3.676471e-01 2.800092e-11
4.362745e-01 3.676471e-01 4.665970e-11
4.460784e-01 3.676471e-01 7.644749e-11
4.558824e-01 3.676471e-01 1.231559e-10
4.656863e-01 3.676471e-01 1.951312e-10
4.754902e-01 3.676471e-01 3.041600e-10
4.852941e-01 3.676471e-01 4.665504e-10
4.950980e-01 3.676471e-01 7.044004e-10
5.049020e-01 3.676471e-01 1.047020e-09
5.147059e-01 3.676471e-01 1.532434e-09
5.245098e-01 3.676471e-01 2.208856e-09
5.343137e-01 3.676471e-01 3.135965e-09
5.441176e-01 3.676471e-01 4.385766e-09
5.539216e-01 3.676471e-01 6.042793e-09
5.637255e-01 3.676471e-01 8.203360e-09
5.735294e-01 3.676471e-01 1.097358e-08
5.833333e-01 3.676471e-01 1.446594e-08
5.931373e-01 3.676471e-01 1.879421e-08
6.029412e-01 3.676471e-01 2.406674e-08
6.127451e-01 3.676471e-01 3.037824e-08
6.225490e-01 3.676471e-01 3.780041e-08
6.323529e-01 3.676471e-01 4.637196e-08
6.421569e-01 3.676471e-01 5.608891e-08
6.519608e-01 3.676471e-01 6.689591e-08
6.617647e-01 3.676471e-01 7.867975e-08
6.715686e-01 3.676471e-01 9.126599e-08
6.813725e-01 3.676471e-01 1.044195e-07
6.911765e-01 3.676471e-01 1.178497e-07
7.009804e-01 3.676471e-01 1.312198e-07
7.107843e-01 3.676471e-01 1.441618e-07
7.205882e-01 3.676471e-01 1.562936e-07
7.303922e-01 3.676471e-01 1.672397e-07
7.401961e-01 3.676471e-01 1.766525e-07
7.500000e-01 3.676471e-01 1.842328e-07
7.598039e-01 3.676471e-01 1.897474e-07
7.696078e-01 3.676471e-01 1.930435e-07
7.794118e-01 3.676471e-01 1.940568e-07
7.892157e-01 3.676471e-01 1.928140e-07
7.990196e-01 3.676471e-01 1.894289e-07
8.088235e-01 3.676471e-01 1.840928e-07
8.186275e-01 3.676471e-01 1.770598e-07
8.284314e-01 3.676471e-01 1.686292e-07
8.382353e-01 3.676471e-01 1.591257e-07
8.480392e-01 3.676471e-01 1.488796e-07
8.578431e-01 3.676471e-01 1.382089e-07
8.676471e-01 3.676471e-01 1.274038e-07
8.774510e-01 3.676471e-01 1.167151e-07
8.872549e-01 3.676471e-01 1.063474e-07
8.970588e-01 3.676471e-01 9.645567e-08
9.068627e-01 3.676471e-01 8.714652e-08
9.166667e-01 3.676471e-01 7.848216e-08
9.264706e-01 3.676471e-01 7.048693e-08
9.362745e-01 3.676471e-01 6.315514e-08
9.460784e-01 3.676471e-01 5.645935e-08
9.558824e-01 3.676471e-01 5.035825e-08
9.656863e-01 3.676471e-01 4.480363e-08
9.754902e-01 3.676471e-01 3.974598e-08
9.852941e-01 3.676471e-01 3.513849e-08
9.950980e-01 3.676471e-01 3.093963e-08
4.901961e-03 3.774510e-01 5.884181e-08
1.470588e-02 3.774510e-01 5.334565e-08
2.450980e-02 3.774510e-01 4.793335e-08
3.431373e-02 3.774510e-01 4.267260e-08
4.411765e-02 3.774510e-01 3.762725e-08
5.392157e-02 3.774510e-01 3.285399e-08
6.372549e-02 3.774510e-01 2.839977e-08
7.352941e-02 3.774510e-01 2.430009e-08
8.333333e-02 3.774510e-01 2.057818e-08
9.313725e-02 3.774510e-01 1.724502e-08
1.029412e-01 3.774510e-01 1.430016e-08
1.127451e-01 3.774510e-01 1.173302e-08
1.225490e-01 3.774510e-01 9.524648e-09
1.323529e-01 3.774510e-01 7.649680e-09
1.421569e-01 3.774510e-01 6.078309e-09
1.519608e-01 3.774510e-01 4.778173e-09
1.617647e-01 3.774510e-01 3.716021e-09
1.715686e-01 3.774510e-01 2.859119e-09
1.813725e-01 3.774510e-01 2.176342e-09
1.911765e-01 3.774510e-01 1.638957e-09
2.009804e-01 3.774510e-01 1.221123e-09
2.107843e-01 3.774510e-01 9.001416e-10
2.205882e-01 3.774510e-01 6.564923e-10
2.303922e-01 3.774510e-01 4.737237e-10
2.401961e-01 3.774510e-01 3.382260e-10
2.500000e-01 3.774510e-01 2.389380e-10
2.598039e-01 3.774510e-01 1.670209e-10
2.696078e-01 3.774510e-01 1.155245e-10
2.794118e-01 3.774510e-01 7.906926e-11
2.892157e-01 3.774510e-01 5.355331e-11
2.990196e-01 3.774510e-01 3.589509e-11
3.088235e-01 3.774510e-01 2.381286e-11
3.186275e-01 3.774510e-01 1.564149e-11
3.284314e-01 3.774510e-01 1.018423e-11
3.382353e-01 3.774510e-01 6.595941e-12
3.480392e-01 3.774510e-01 4.294111e-12
3.578431e-01 3.774510e-01 2.894075e-12
3.676471e-01 3.774510e-01 2.165799e-12
3.774510e-01 3.774510e-01 2.010611e-12
3.872549e-01 3.774510e-01 2.457876e-12
3.970588e-01 3.774510e-01 3.683439e-12
4.068627e-01 3.774510e-01 6.053838e-12
4.166667e-01 3.774510e-01 1.020270e-11
4.264706e-01 3.774510e-01 1.714837e-11
4.362745e-01 3.774510e-01 2.846431e-11
4.460784e-01 3.774510e-01 4.651607e-11
4.558824e-01 3.774510e-01 7.477976e-11
4.656863e-01 3.774510e-01 1.182566e-10
4.754902e-01 3.774510e-01 1.839954e-10
4.852941e-01 3.774510e-01 2.817277e-10
4.950980e-01 3.774510e-01 4.246109e-10
5.049020e-01 3.774510e-01 6.300565e-10
5.147059e-01 3.774510e-01 9.206031e-10
5.245098e-01 3.774510e-01 1.324763e-09
5.343137e-01 3.774510e-01 1.877751e-09
5.441176e-01 3.774510e-01 2.621967e-09
5.539216e-01 3.774510e-01 3.607088e-09
5.637255e-01 3.774510e-01 4.889621e-09
5.735294e-01 3.774510e-01 6.531741e-09
5.833333e-01 3.774510e-01 8.599315e-09
5.931373e-01 3.774510e-01 1.115901e-08
6.029412e-01 3.774510e-01 1.427452e-08
6.127451e-01 3.774510e-01 1.800195e-08
6.225490e-01 3.774510e-01 2.238467e-08
6.323529e-01 3.774510e-01 2.744787e-08
6.421569e-01 3.774510e-01 3.319339e-08
6.519608e-01 3.774510e-01 3.959520e-08
6.617647e-01 3.774510e-01 4.659620e-08
6.715686e-01 3.774510e-01 5.410681e-08
6.813725e-01 3.774510e-01 6.200576e-08
6.911765e-01 3.774510e-01 7.014334e-08
7.009804e-01 3.774510e-01 7.834708e-08
7.107843e-01 3.774510e-01 8.642971e-08
7.205882e-01 3.774510e-01 9.419876e-08
7.303922e-01 3.774510e-01 1.014672e-07
7.401961e-01 3.774510e-01 1.080643e-07
7.500000e-01 3.774510e-01 1.138451e-07
7.598039e-01 3.774510e-01 1.186986e-07
7.696078e-01 3.774510e-01 1.225535e-07
7.794118e-01 3.774510e-01 1.253799e-07
7.892157e-01 3.774510e-01 1.271887e-07
7.990196e-01 3.774510e-01 1.280274e-07
8.088235e-01 3.774510e-01 1.279730e-07
8.186275e-01 3.774510e-01 1.271237e-07
8.284314e-01 3.774510e-01 1.255888e-07
8.382353e-01 3.774510e-01 1.234790e-07
8.480392e-01 3.774510e-01 1.208981e-07
8.578431e-01 3.774510e-01 1.179358e-07
8.676471e-01 3.774510e-01 1.146637e-07
8.774510e-01 3.774510e-01 1.111330e-07
8.872549e-01 3.774510e-01 1.073753e-07
8.970588e-01 3.774510e-01 1.034058e-07
9.068627e-01 3.774510e-01 9.922791e-08
9.166667e-01 3.774510e-01 9.483831e-08
9.264706e-01 3.774510e-01 9.023318e-08
9.362745e-01 3.774510e-01 8.541322e-08
9.460784e-01 3.774510e-01 8.038794e-08
9.558824e-01 3.774510e-01 7.517840e-08
9.656863e-01 3.774510e-01 6.981842e-08
9.754902e-01 3.774510e-01 6.435406e-08
9.852941e-01 3.774510e-01 5.884181e-08
9.950980e-01 3.774510e-01 5.334565e-08
4.901961e-03 3.872549e-01 1.104869e-07
1.470588e-02 3.872549e-01 1.010076e-07
2.450980e-02 3.872549e-01 9.136104e-08
3.431373e-02 3.872549e-01 8.175103e-08
4.411765e-02 3.872549e-01 7.236378e-08
5.392157e-02 3.872549e-01 6.336117e-08
6.372549e-02 3.872549e-01 5.487612e-08
7.352941e-02 3.872549e-01 4.701015e-08
8.333333e-02 3.872549e-01 3.983290e-08
9.313725e-02 3.872549e-01 3.338351e-08
1.029412e-01 3.872549e-01 2.767341e-08
1.127451e-01 3.872549e-01 2.269013e-08
1.225490e-01 3.872549e-01 1.840179e-08
1.323529e-01 3.872549e-01 1.476178e-08
1.421569e-01 3.872549e-01 1.171336e-08
1.519608e-01 3.872549e-01 9.193834e-09
1.617647e-01 3.872549e-01 7.138299e-09
1.715686e-01 3.872549e-01 5.482596e-09
1.813725e-01 3.872549e-01 4.165643e-09
1.911765e-01 3.872549e-01 3.131077e-09
2.009804e-01 3.872549e-01 2.328268e-09
2.107843e-01 3.872549e-01 1.712820e-09
2.205882e-01 3.872549e-01 1.246642e-09
2.303922e-01 3.872549e-01 8.977084e-10
2.401961e-01 3.872549e-01 6.395941e-10
2.500000e-01 3.872549e-01 4.508803e-10
2.598039e-01 3.872549e-01 3.144979e-10
2.696078e-01 3.872549e-01 2.170631e-10
2.794118e-01 3.872549e-01 1.482445e-10
2.892157e-01 3.872549e-01 1.001862e-10
2.990196e-01 3.872549e-01 6.700251e-11
3.088235e-01 3.872549e-01 4.434603e-11
3.186275e-01 3.872549e-01 2.905098e-11
3.284314e-01 3.872549e-01 1.884438e-11
3.382353e-01 3.872549e-01 1.211808e-11
3.480392e-01 3.872549e-01 7.753167e-12
3.578431e-01 3.872549e-01 4.988147e-12
3.676471e-01 3.872549e-01 3.323705e-12
3.774510e-01 3.872549e-01 2.457876e-12
3.872549e-01 3.872549e-01 2.247324e-12
3.970588e-01 3.872549e-01 2.692281e-12
4.068627e-01 3.872549e-01 3.944673e-12
4.166667e-01 3.872549e-01 6.341061e-12
4.264706e-01 3.872549e-01 1.046405e-11
4.362745e-01 3.872549e-01 1.723771e-11
4.460784e-01 3.872549e-01 2.806423e-11
4.558824e-01 3.872549e-01 4.500981e-11
4.656863e-01 3.872549e-01 7.104795e-11
4.754902e-01 3.872549e-01 1.103666e-10
4.852941e-01 3.872549e-01 1.687420e-10
4.950980e-01 3.872549e-01 2.539765e-10
5.049020e-01 3.872549e-01 3.763883e-10
5.147059e-01 3.872549e-01 5.493287e-10
5.245098e-01 3.872549e-01 7.896919e-10
5.343137e-01 3.872549e-01 1.118363e-09
5.441176e-01 3.872549e-01 1.560539e-09
5.539216e-01 3.872549e-01 2.145845e-09
5.637255e-01 3.872549e-01 2.908171e-09
5.735294e-01 3.872549e-01 3.885135e-09
5.833333e-01 3.872549e-01 5.117140e-09
5.931373e-01 3.872549e-01 6.645968e-09
6.029412e-01 3.872549e-01 8.512950e-09
6.127451e-01 3.872549e-01 1.075676e-08
6.225490e-01 3.872549e-01 1.341099e-08
6.323529e-01 3.872549e-01 1.650163e-08
6.421569e-01 3.872549e-01 2.004482e-08
6.519608e-01 3.872549e-01 2.404494e-08
6.617647e-01 3.872549e-01 2.849347e-08
6.715686e-01 3.872549e-01 3.336875e-08
6.813725e-01 3.872549e-01 3.863673e-08
6.911765e-01 3.872549e-01 4.425283e-08
7.009804e-01 3.872549e-01 5.016475e-08
7.107843e-01 3.872549e-01 5.631590e-08
7.205882e-01 3.872549e-01 6.264927e-08
7.303922e-01 3.872549e-01 6.911101e-08
7.401961e-01 3.872549e-01 7.565343e-08
7.500000e-01 3.872549e-01 8.223692e-08
7.598039e-01 3.872549e-01 8.883026e-08
7.696078e-01 3.872549e-01 9.540939e-08
7.794118e-01 3.872549e-01 1.019544e-07
7.892157e-01 3.872549e-01 1.084454e-07
7.990196e-01 3.872549e-01 1.148569e-07
8.088235e-01 3.872549e-01 1.211525e-07
8.186275e-01 3.872549e-01 1.272802e-07
8.284314e-01 3.872549e-01 1.331679e-07
8.382353e-01 3.872549e-01 1.387223e-07
8.480392e-01 3.872549e-01 1.438292e-07
8.578431e-01 3.872549e-01 1.483569e-07
8.676471e-01 3.872549e-01 1.521617e-07
8.774510e-01 3.872549e-01 1.550965e-07
8.872549e-01 3.872549e-01 1.570199e-07
8.970588e-01 3.872549e-01 1.578065e-07
9.068627e-01 3.872549e-01 1.573569e-07
9.166667e-01 3.872549e-01 1.556064e-07
9.264706e-01 3.872549e-01 1.525314e-07
9.362745e-01 3.872549e-01 1.481536e-07
9.460784e-01 3.872549e-01 1.425406e-07
9.558824e-01 3.872549e-01 1.358035e-07
9.656863e-01 3.872549e-01 1.280918e-07
9.754902e-01 3.872549e-01 1.195858e-07
9.852941e-01 3.872549e-01 1.104869e-07
9.950980e-01 3.872549e-01 1.010076e-07
4.901961e-03 3.970588e-01 2.116418e-07
1.470588e-02 3.970588e-01 1.936640e-07
2.450980e-02 3.970588e-01 1.752372e-07
3.431373e-02 3.970588e-01 1.567962e-07
4.411765e-02 3.970588e-01 1.387331e-07
5.392157e-02 3.970588e-01 1.213852e-07
6.372549e-02 3.970588e-01 1.050269e-07
7.352941e-02 3.970588e-01 8.986547e-08
8.333333e-02 3.970588e-01 7.604191e-08
9.313725e-02 3.970588e-01 6.363439e-08
1.029412e-01 3.970588e-01 5.266488e-08
1.127451e-01 3.970588e-01 4.310749e-08
1.225490e-01 3.970588e-01 3.489791e-08
1.323529e-01 3.970588e-01 2.794305e-08
1.421569e-01 3.970588e-01 2.213040e-08
1.519608e-01 3.970588e-01 1.733639e-08
1.617647e-01 3.970588e-01 1.343369e-08
1.715686e-01 3.970588e-01 1.029705e-08
1.813725e-01 3.970588e-01 7.807720e-09
1.911765e-01 3.970588e-01 5.856563e-09
2.009804e-01 3.970588e-01 4.345920e-09
2.107843e-01 3.970588e-01 3.190467e-09
2.205882e-01 3.970588e-01 2.317251e-09
2.303922e-01 3.970588e-01 1.665143e-09
2.401961e-01 3.970588e-01 1.183864e-09
2.500000e-01 3.970588e-01 8.327929e-10
2.598039e-01 3.970588e-01 5.796547e-10
2.696078e-01 3.970588e-01 3.992191e-10
2.794118e-01 3.970588e-01 2.720665e-10
2.892157e-01 3.970588e-01 1.834734e-10
2.990196e-01 3.970588e-01 1.224388e-10
3.088235e-01 3.970588e-01 8.085925e-11
3.186275e-01 3.970588e-01 5.284861e-11
3.284314e-01 3.970588e-01 3.418978e-11
3.382353e-01 3.970588e-01 2.190282e-11
3.480392e-01 3.970588e-01 1.391177e-11
3.578431e-01 3.970588e-01 8.793269e-12
3.676471e-01 3.970588e-01 5.591083e-12
3.774510e-01 3.970588e-01 3.683439e-12
3.872549e-01 3.970588e-01 2.692281e-12
3.970588e-01 3.970588e-01 2.426359e-12
4.068627e-01 3.970588e-01 2.852621e-12
4.166667e-01 3.970588e-01 4.092822e-12
4.264706e-01 3.970588e-01 6.444478e-12
4.362745e-01 3.970588e-01 1.042728e-11
4.460784e-01 3.970588e-01 1.685773e-11
4.558824e-01 3.970588e-01 2.695579e-11
4.656863e-01 3.970588e-01 4.248817e-11
4.754902e-01 3.970588e-01 6.595219e-11
4.852941e-01 3.970588e-01 1.008030e-10
4.950980e-01 3.970588e-01 1.517244e-10
5.049020e-01 3.970588e-01 2.249394e-10
5.147059e-01 3.970588e-01 3.285514e-10
5.245098e-01 3.970588e-01 4.729010e-10
5.343137e-01 3.970588e-01 6.709185e-10
5.441176e-01 3.970588e-01 9.384435e-10
5.539216e-01 3.970588e-01 1.294485e-09
5.637255e-01 3.970588e-01 1.761390e-09
5.735294e-01 3.970588e-01 2.364902e-09
5.833333e-01 3.970588e-01 3.134088e-09
5.931373e-01 3.970588e-01 4.101152e-09
6.029412e-01 3.970588e-01 5.301136e-09
6.127451e-01 3.970588e-01 6.771585e-09
6.225490e-01 3.970588e-01 8.552210e-09
6.323529e-01 3.970588e-01 1.068465e-08
6.421569e-01 3.970588e-01 1.321240e-08
6.519608e-01 3.970588e-01 1.618096e-08
6.617647e-01 3.970588e-01 1.963823e-08
6.715686e-01 3.970588e-01 2.363510e-08
6.813725e-01 3.970588e-01 2.822618e-08
6.911765e-01 3.970588e-01 3.347033e-08
7.009804e-01 3.970588e-01 3.943090e-08
7.107843e-01 3.970588e-01 4.617523e-08
7.205882e-01 3.970588e-01 5.377306e-08
7.303922e-01 3.970588e-01 6.229360e-08
7.401961e-01 3.970588e-01 7.180103e-08
7.500000e-01 3.970588e-01 8.234819e-08
7.598039e-01 3.970588e-01 9.396893e-08
7.696078e-01 3.970588e-01 1.066691e-07
7.794118e-01 3.970588e-01 1.204172e-07
7.892157e-01 3.970588e-01 1.351352e-07
7.990196e-01 3.970588e-01 1.506905e-07
8.088235e-01 3.970588e-01 1.668909e-07
8.186275e-01 3.970588e-01 1.834825e-07
8.284314e-01 3.970588e-01 2.001512e-07
8.382353e-01 3.970588e-01 2.165307e-07
8.480392e-01 3.970588e-01 2.322134e-07
8.578431e-01 3.970588e-01 2.467666e-07
8.676471e-01 3.970588e-01 2.597528e-07
8.774510e-01 3.970588e-01 2.707513e-07
8.872549e-01 3.970588e-01 2.793814e-07
8.970588e-01 3.970588e-01 2.853242e-07
9.068627e-01 3.970588e-01 2.883416e-07
9.166667e-01 3.970588e-01 2.882916e-07
9.264706e-01 3.970588e-01 2.851372e-07
9.362745e-01 3.970588e-01 2.789495e-07
9.460784e-01 3.970588e-01 2.699043e-07
9.558824e-01 3.970588e-01 2.582723e-07
9.656863e-01 3.970588e-01 2.444040e-07
9.754902e-01 3.970588e-01 2.287105e-07
9.852941e-01 3.970588e-01 2.116418e-07
9.950980e-01 3.970588e-01 1.936640e-07
4.901961e-03 4.068627e-01 4.013666e-07
1.470588e-02 4.068627e-01 3.668331e-07
2.450980e-02 4.068627e-01 3.314816e-07
3.431373e-02 4.068627e-01 2.961603e-07
4.411765e-02 4.068627e-01 2.616278e-07
5.392157e-02 4.068627e-01 2.285308e-07
6.372549e-02 4.068627e-01 1.973891e-07
7.352941e-02 4.068627e-01 1.685907e-07
8.333333e-02 4.068627e-01 1.423936e-07
9.313725e-02 4.068627e-01 1.189347e-07
1.029412e-01 4.068627e-01 9.824321e-08
1.127451e-01 4.068627e-01 8.025771e-08
1.225490e-01 4.068627e-01 6.484492e-08
1.323529e-01 4.068627e-01 5.181848e-08
1.421569e-01 4.068627e-01 4.095691e-08
1.519608e-01 4.068627e-01 3.201975e-08
1.617647e-01 4.068627e-01 2.476117e-08
1.715686e-01 4.068627e-01 1.894091e-08
1.813725e-01 4.068627e-01 1.433247e-08
1.911765e-01 4.068627e-01 1.072865e-08
2.009804e-01 4.068627e-01 7.944879e-09
2.107843e-01 4.068627e-01 5.820505e-09
2.205882e-01 4.068627e-01 4.218699e-09
2.303922e-01 4.068627e-01 3.025199e-09
2.401961e-01 4.068627e-01 2.146348e-09
2.500000e-01 4.068627e-01 1.506710e-09
2.598039e-01 4.068627e-01 1.046538e-09
2.696078e-01 4.068627e-01 7.192652e-10
2.794118e-01 4.068627e-01 4.891519e-10
2.892157e-01 4.068627e-01 3.291785e-10
2.990196e-01 4.068627e-01 2.192121e-10
3.088235e-01 4.068627e-01 1.444631e-10
3.186275e-01 4.068627e-01 9.421615e-11
3.284314e-01 4.068627e-01 6.081354e-11
3.382353e-01 4.068627e-01 3.885536e-11
3.480392e-01 4.068627e-01 2.458491e-11
3.578431e-01 4.068627e-01 1.542460e-11
3.676471e-01 4.068627e-01 9.632551e-12
3.774510e-01 4.068627e-01 6.053838e-12
3.872549e-01 4.068627e-01 3.944673e-12
3.970588e-01 4.068627e-01 2.852621e-12
4.068627e-01 4.068627e-01 2.539919e-12
4.166667e-01 4.068627e-01 2.940792e-12
4.264706e-01 4.068627e-01 4.146904e-12
4.362745e-01 4.068627e-01 6.417813e-12
4.460784e-01 4.068627e-01 1.021569e-11
4.558824e-01 4.068627e-01 1.626542e-11
4.656863e-01 4.068627e-01 2.564267e-11
4.754902e-01 4.068627e-01 3.989379e-11
4.852941e-01 4.068627e-01 6.119188e-11
4.950980e-01 4.068627e-01 9.253395e-11
5.049020e-01 4.068627e-01 1.379842e-10
5.147059e-01 4.068627e-01 2.029686e-10
5.245098e-01 4.068627e-01 2.946260e-10
5.343137e-01 4.068627e-01 4.222229e-10
5.441176e-01 4.068627e-01 5.976397e-10
5.539216e-01 4.068627e-01 8.359410e-10
5.637255e-01 4.068627e-01 1.156046e-09
5.735294e-01 4.068627e-01 1.581526e-09
5.833333e-01 4.068627e-01 2.141548e-09
5.931373e-01 4.068627e-01 2.872018e-09
6.029412e-01 4.068627e-01 3.816934e-09
6.127451e-01 4.068627e-01 5.030001e-09
6.225490e-01 4.068627e-01 6.576498e-09
6.323529e-01 4.068627e-01 8.535389e-09
6.421569e-01 4.068627e-01 1.100158e-08
6.519608e-01 4.068627e-01 1.408818e-08
6.617647e-01 4.068627e-01 1.792859e-08
6.715686e-01 4.068627e-01 2.267792e-08
6.813725e-01 4.068627e-01 2.851356e-08
6.911765e-01 4.068627e-01 3.563416e-08
7.009804e-01 4.068627e-01 4.425668e-08
7.107843e-01 4.068627e-01 5.461083e-08
7.205882e-01 4.068627e-01 6.693062e-08
7.303922e-01 4.068627e-01 8.144269e-08
7.401961e-01 4.068627e-01 9.835148e-08
7.500000e-01 4.068627e-01 1.178216e-07
7.598039e-01 4.068627e-01 1.399583e-07
7.696078e-01 4.068627e-01 1.647868e-07
7.794118e-01 4.068627e-01 1.922325e-07
7.892157e-01 4.068627e-01 2.221040e-07
7.990196e-01 4.068627e-01 2.540801e-07
8.088235e-01 4.068627e-01 2.877032e-07
8.186275e-01 4.068627e-01 3.223814e-07
8.284314e-01 4.068627e-01 3.573986e-07
8.382353e-01 4.068627e-01 3.919350e-07
8.480392e-01 4.068627e-01 4.250964e-07
8.578431e-01 4.068627e-01 4.559517e-07
8.676471e-01 4.068627e-01 4.835757e-07
8.774510e-01 4.068627e-01 5.070956e-07
8.872549e-01 4.068627e-01 5.257370e-07
8.970588e-01 4.068627e-01 5.388664e-07
9.068627e-01 4.068627e-01 5.460270e-07
9.166667e-01 4.068627e-01 5.469643e-07
9.264706e-01 4.068627e-01 5.416410e-07
9.362745e-01 4.068627e-01 5.302386e-07
9.460784e-01 4.068627e-01 5.131456e-07
9.558824e-01 4.068627e-01 4.909355e-07
9.656863e-01 4.068627e-01 4.643333e-07
9.754902e-01 4.068627e-01 4.341755e-07
9.852941e-01 4.068627e-01 4.013666e-07
9.950980e-01 4.068627e-01 3.668331e-07
4.901961e-03 4.166667e-01 7.477109e-07
1.470588e-02 4.166667e-01 6.821813e-07
2.450980e-02 4.166667e-01 6.153328e-07
3.431373e-02 4.166667e-01 5.487574e-07
4.411765e-02 4.166667e-01 4.838680e-07
5.392157e-02 4.166667e-01 4.218574e-07
6.372549e-02 4.166667e-01 3.636743e-07
7.352941e-02 4.166667e-01 3.100156e-07
8.333333e-02 4.166667e-01 2.613330e-07
9.313725e-02 4.166667e-01 2.178514e-07
1.029412e-01 4.166667e-01 1.795963e-07
1.127451e-01 4.166667e-01 1.464269e-07
1.225490e-01 4.166667e-01 1.180716e-07
1.323529e-01 4.166667e-01 9.416433e-08
1.421569e-01 4.166667e-01 7.427773e-08
1.519608e-01 4.166667e-01 5.795311e-08
1.617647e-01 4.166667e-01 4.472550e-08
1.715686e-01 4.166667e-01 3.414352e-08
1.813725e-01 4.166667e-01 2.578399e-08
1.911765e-01 4.166667e-01 1.926170e-08
2.009804e-01 4.166667e-01 1.423494e-08
2.107843e-01 4.166667e-01 1.040750e-08
2.205882e-01 4.166667e-01 7.528019e-09
2.303922e-01 4.166667e-01 5.387305e-09
2.401961e-01 4.166667e-01 3.814451e-09
2.500000e-01 4.166667e-01 2.672237e-09
2.598039e-01 4.166667e-01 1.852307e-09
2.696078e-01 4.166667e-01 1.270453e-09
2.794118e-01 4.166667e-01 8.622318e-10
2.892157e-01 4.166667e-01 5.790574e-10
2.990196e-01 4.166667e-01 3.848251e-10
3.088235e-01 4.166667e-01 2.530823e-10
3.186275e-01 4.166667e-01 1.647140e-10
3.284314e-01 4.166667e-01 1.060931e-10
3.382353e-01 4.166667e-01 6.763375e-11
3.480392e-01 4.166667e-01 4.268084e-11
3.578431e-01 4.166667e-01 2.667461e-11
3.676471e-01 4.166667e-01 1.653289e-11
3.774510e-01 4.166667e-01 1.020270e-11
3.872549e-01 4.166667e-01 6.341061e-12
3.970588e-01 4.166667e-01 4.092822e-12
4.068627e-01 4.166667e-01 2.940792e-12
4.166667e-01 4.166667e-01 2.609832e-12
4.264706e-01 4.166667e-01 3.012046e-12
4.362745e-01 4.166667e-01 4.224789e-12
4.460784e-01 4.166667e-01 6.497148e-12
4.558824e-01 4.166667e-01 1.028396e-11
4.656863e-01 4.166667e-01 1.630961e-11
4.754902e-01 4.166667e-01 2.566709e-11
4.852941e-01 4.166667e-01 3.996103e-11
4.950980e-01 4.166667e-01 6.150780e-11
5.049020e-01 4.166667e-01 9.361006e-11
5.147059e-01 4.166667e-01 1.409298e-10
5.245098e-01 4.166667e-01 2.099907e-10
5.343137e-01 4.166667e-01 3.098508e-10
5.441176e-01 4.166667e-01 4.529949e-10
5.539216e-01 4.166667e-01 6.565095e-10
5.637255e-01 4.166667e-01 9.436139e-10
5.735294e-01 4.166667e-01 1.345625e-09
5.833333e-01 4.166667e-01 1.904445e-09
5.931373e-01 4.166667e-01 2.675639e-09
6.029412e-01 4.166667e-01 3.732161e-09
6.127451e-01 4.166667e-01 5.168740e-09
6.225490e-01 4.166667e-01 7.106854e-09
6.323529e-01 4.166667e-01 9.700142e-09
6.421569e-01 4.166667e-01 1.313996e-08
6.519608e-01 4.166667e-01 1.766064e-08
6.617647e-01 4.166667e-01 2.354384e-08
6.715686e-01 4.166667e-01 3.112120e-08
6.813725e-01 4.166667e-01 4.077441e-08
6.911765e-01 4.166667e-01 5.293162e-08
7.009804e-01 4.166667e-01 6.805926e-08
7.107843e-01 4.166667e-01 8.664841e-08
7.205882e-01 4.166667e-01 1.091950e-07
7.303922e-01 4.166667e-01 1.361737e-07
7.401961e-01 4.166667e-01 1.680059e-07
7.500000e-01 4.166667e-01 2.050234e-07
7.598039e-01 4.166667e-01 2.474275e-07
7.696078e-01 4.166667e-01 2.952499e-07
7.794118e-01 4.166667e-01 3.483142e-07
7.892157e-01 4.166667e-01 4.062047e-07
7.990196e-01 4.166667e-01 4.682450e-07
8.088235e-01 4.166667e-01 5.334897e-07
8.186275e-01 4.166667e-01 6.007329e-07
8.284314e-01 4.166667e-01 6.685331e-07
8.382353e-01 4.166667e-01 7.352585e-07
8.480392e-01 4.166667e-01 7.991472e-07
8.578431e-01 4.166667e-01 8.583829e-07
8.676471e-01 4.166667e-01 9.111803e-07
8.774510e-01 4.166667e-01 9.558743e-07
8.872549e-01 4.166667e-01 9.910077e-07
8.970588e-01 4.166667e-01 1.015411e-06
9.068627e-01 4.166667e-01 1.028265e-06
9.166667e-01 4.166667e-01 1.029149e-06
9.264706e-01 4.166667e-01 1.018063e-06
9.362745e-01 4.166667e-01 9.954225e-07
9.460784e-01 4.166667e-01 9.620351e-07
9.558824e-01 4.166667e-01 9.190516e-07
9.656863e-01 4.166667e-01 8.678998e-07
9.754902e-01 4.166667e-01 8.102063e-07
9.852941e-01 4.166667e-01 7.477109e-07
9.950980e-01 4.166667e-01 6.821813e-07
4.901961e-03 4.264706e-01 1.366167e-06
1.470588e-02 4.264706e-01 1.244102e-06
2.450980e-02 4.264706e-01 1.120071e-06
3.431373e-02 4.264706e-01 9.969879e-07
4.411765e-02 4.264706e-01 8.774162e-07
5.392157e-02 4.264706e-01 7.635008e-07
6.372549e-02 4.264706e-01 6.569283e-07
7.352941e-02 4.264706e-01 5.589170e-07
8.333333e-02 4.264706e-01 4.702336e-07
9.313725e-02 4.264706e-01 3.912308e-07
1.029412e-01 4.264706e-01 3.219000e-07
1.127451e-01 4.264706e-01 2.619348e-07
1.225490e-01 4.264706e-01 2.107973e-07
1.323529e-01 4.264706e-01 1.677844e-07
1.421569e-01 4.264706e-01 1.320893e-07
1.519608e-01 4.264706e-01 1.028557e-07
1.617647e-01 4.264706e-01 7.922243e-08
1.715686e-01 4.264706e-01 6.035888e-08
1.813725e-01 4.264706e-01 4.549062e-08
1.911765e-01 4.264706e-01 3.391595e-08
2.009804e-01 4.264706e-01 2.501506e-08
2.107843e-01 4.264706e-01 1.825274e-08
2.205882e-01 4.264706e-01 1.317640e-08
2.303922e-01 4.264706e-01 9.410689e-09
2.401961e-01 4.264706e-01 6.649892e-09
2.500000e-01 4.264706e-01 4.649319e-09
2.598039e-01 4.264706e-01 3.216313e-09
2.696078e-01 4.264706e-01 2.201577e-09
2.794118e-01 4.264706e-01 1.491175e-09
2.892157e-01 4.264706e-01 9.994351e-10
2.990196e-01 4.264706e-01 6.628631e-10
3.088235e-01 4.264706e-01 4.350592e-10
3.186275e-01 4.264706e-01 2.825794e-10
3.284314e-01 4.264706e-01 1.816410e-10
3.382353e-01 4.264706e-01 1.155546e-10
3.480392e-01 4.264706e-01 7.276018e-11
3.578431e-01 4.264706e-01 4.535386e-11
3.676471e-01 4.264706e-01 2.800092e-11
3.774510e-01 4.264706e-01 1.714837e-11
3.872549e-01 4.264706e-01 1.046405e-11
3.970588e-01 4.264706e-01 6.444478e-12
4.068627e-01 4.264706e-01 4.146904e-12
4.166667e-01 4.264706e-01 3.012046e-12
4.264706e-01 4.264706e-01 2.753814e-12
4.362745e-01 4.264706e-01 3.300165e-12
4.460784e-01 4.264706e-01 4.776220e-12
4.558824e-01 4.264706e-01 7.526974e-12
4.656863e-01 4.264706e-01 1.218309e-11
4.754902e-01 4.264706e-01 1.977984e-11
4.852941e-01 4.264706e-01 3.194700e-11
4.950980e-01 4.264706e-01 5.119701e-11
5.049020e-01 4.264706e-01 8.135039e-11
5.147059e-01 4.264706e-01 1.281525e-10
5.245098e-01 4.264706e-01 2.001530e-10
5.343137e-01 4.264706e-01 3.099415e-10
5.441176e-01 4.264706e-01 4.758541e-10
5.539216e-01 4.264706e-01 7.242900e-10
5.637255e-01 4.264706e-01 1.092797e-09
5.735294e-01 4.264706e-01 1.634096e-09
5.833333e-01 4.264706e-01 2.421211e-09
5.931373e-01 4.264706e-01 3.553842e-09
6.029412e-01 4.264706e-01 5.166070e-09
6.127451e-01 4.264706e-01 7.435350e-09
6.225490e-01 4.264706e-01 1.059264e-08
6.323529e-01 4.264706e-01 1.493326e-08
6.421569e-01 4.264706e-01 2.082784e-08
6.519608e-01 4.264706e-01 2.873246e-08
6.617647e-01 4.264706e-01 3.919658e-08
6.715686e-01 4.264706e-01 5.286743e-08
6.813725e-01 4.264706e-01 7.048885e-08
6.911765e-01 4.264706e-01 9.289279e-08
7.009804e-01 4.264706e-01 1.209817e-07
7.107843e-01 4.264706e-01 1.556999e-07
7.205882e-01 4.264706e-01 1.979941e-07
7.303922e-01 4.264706e-01 2.487610e-07
7.401961e-01 4.264706e-01 3.087849e-07
7.500000e-01 4.264706e-01 3.786671e-07
7.598039e-01 4.264706e-01 4.587498e-07
7.696078e-01 4.264706e-01 5.490412e-07
7.794118e-01 4.264706e-01 6.491460e-07
7.892157e-01 4.264706e-01 7.582102e-07
7.990196e-01 4.264706e-01 8.748849e-07
8.088235e-01 4.264706e-01 9.973166e-07
8.186275e-01 4.264706e-01 1.123169e-06
8.284314e-01 4.264706e-01 1.249676e-06
8.382353e-01 4.264706e-01 1.373735e-06
8.480392e-01 4.264706e-01 1.492019e-06
8.578431e-01 4.264706e-01 1.601131e-06
8.676471e-01 4.264706e-01 1.697757e-06
8.774510e-01 4.264706e-01 1.778838e-06
8.872549e-01 4.264706e-01 1.841729e-06
8.970588e-01 4.264706e-01 1.884346e-06
9.068627e-01 4.264706e-01 1.905278e-06
9.166667e-01 4.264706e-01 1.903865e-06
9.264706e-01 4.264706e-01 1.880233e-06
9.362745e-01 4.264706e-01 1.835281e-06
9.460784e-01 4.264706e-01 1.770624e-06
9.558824e-01 4.264706e-01 1.688499e-06
9.656863e-01 4.264706e-01 1.591636e-06
9.754902e-01 4.264706e-01 1.483106e-06
9.852941e-01 4.264706e-01 1.366167e-06
9.950980e-01 4.264706e-01 1.244102e-06
4.901961e-03 4.362745e-01 2.448493e-06
1.470588e-02 4.362745e-01 2.225537e-06
2.450980e-02 4.362745e-01 1.999887e-06
3.431373e-02 4.362745e-01 1.776758e-06
4.411765e-02 4.362745e-01 1.560703e-06
5.392157e-02 4.362745e-01 1.355496e-06
6.372549e-02 4.362745e-01 1.164069e-06
7.352941e-02 4.362745e-01 9.885040e-07
8.333333e-02 4.362745e-01 8.300676e-07
9.313725e-02 4.362745e-01 6.892866e-07
1.029412e-01 4.362745e-01 5.660482e-07
1.127451e-01 4.362745e-01 4.597162e-07
1.225490e-01 4.362745e-01 3.692533e-07
1.323529e-01 4.362745e-01 2.933408e-07
1.421569e-01 4.362745e-01 2.304883e-07
1.519608e-01 4.362745e-01 1.791301e-07
1.617647e-01 4.362745e-01 1.377039e-07
1.715686e-01 4.362745e-01 1.047119e-07
1.813725e-01 4.362745e-01 7.876481e-08
1.911765e-01 4.362745e-01 5.860963e-08
2.009804e-01 4.362745e-01 4.314396e-08
2.107843e-01 4.362745e-01 3.141948e-08
2.205882e-01 4.362745e-01 2.263702e-08
2.303922e-01 4.362745e-01 1.613594e-08
2.401961e-01 4.362745e-01 1.137986e-08
2.500000e-01 4.362745e-01 7.940724e-09
2.598039e-01 4.362745e-01 5.482474e-09
2.696078e-01 4.362745e-01 3.745406e-09
2.794118e-01 4.362745e-01 2.531858e-09
2.892157e-01 4.362745e-01 1.693597e-09
2.990196e-01 4.362745e-01 1.121045e-09
3.088235e-01 4.362745e-01 7.343280e-10
3.186275e-01 4.362745e-01 4.760179e-10
3.284314e-01 4.362745e-01 3.053760e-10
3.382353e-01 4.362745e-01 1.938826e-10
3.480392e-01 4.362745e-01 1.218303e-10
3.578431e-01 4.362745e-01 7.577452e-11
3.676471e-01 4.362745e-01 4.665970e-11
3.774510e-01 4.362745e-01 2.846431e-11
3.872549e-01 4.362745e-01 1.723771e-11
3.970588e-01 4.362745e-01 1.042728e-11
4.068627e-01 4.362745e-01 6.417813e-12
4.166667e-01 4.362745e-01 4.224789e-12
4.264706e-01 4.362745e-01 3.300165e-12
4.362745e-01 4.362745e-01 3.423092e-12
4.460784e-01 4.362745e-01 4.660283e-12
4.558824e-01 4.362745e-01 7.391955e-12
4.656863e-01 4.362745e-01 1.241056e-11
4.754902e-01 4.362745e-01 2.111223e-11
4.852941e-01 4.362745e-01 3.581579e-11
4.950980e-01 4.362745e-01 6.026333e-11
5.049020e-01 4.362745e-01 1.003796e-10
5.147059e-01 4.362745e-01 1.653975e-10
5.245098e-01 4.362745e-01 2.694913e-10
5.343137e-01 4.362745e-01 4.341014e-10
5.441176e-01 4.362745e-01 6.911778e-10
5.539216e-01 4.362745e-01 1.087610e-09
5.637255e-01 4.362745e-01 1.691153e-09
5.735294e-01 4.362745e-01 2.598160e-09
5.833333e-01 4.362745e-01 3.943443e-09
5.931373e-01 4.362745e-01 5.912494e-09
6.029412e-01 4.362745e-01 8.756182e-09
6.127451e-01 4.362745e-01 1.280785e-08
6.225490e-01 4.362745e-01 1.850241e-08
6.323529e-01 4.362745e-01 2.639662e-08
6.421569e-01 4.362745e-01 3.718930e-08
6.519608e-01 4.362745e-01 5.173958e-08
6.617647e-01 4.362745e-01 7.108085e-08
6.715686e-01 4.362745e-01 9.642735e-08
6.813725e-01 4.362745e-01 1.291702e-07
6.911765e-01 4.362745e-01 1.708592e-07
7.009804e-01 4.362745e-01 2.231673e-07
7.107843e-01 4.362745e-01 2.878354e-07
7.205882e-01 4.362745e-01 3.665950e-07
7.303922e-01 4.362745e-01 4.610698e-07
7.401961e-01 4.362745e-01 5.726587e-07
7.500000e-01 4.362745e-01 7.024035e-07
7.598039e-01 4.362745e-01 8.508502e-07
7.696078e-01 4.362745e-01 1.017912e-06
7.794118e-01 4.362745e-01 1.202748e-06
7.892157e-01 4.362745e-01 1.403662e-06
7.990196e-01 4.362745e-01 1.618050e-06
8.088235e-01 4.362745e-01 1.842386e-06
8.186275e-01 4.362745e-01 2.072276e-06
8.284314e-01 4.362745e-01 2.302563e-06
8.382353e-01 4.362745e-01 2.527501e-06
8.480392e-01 4.362745e-01 2.740983e-06
8.578431e-01 4.362745e-01 2.936811e-06
8.676471e-01 4.362745e-01 3.108993e-06
8.774510e-01 4.362745e-01 3.252048e-06
8.872549e-01 4.362745e-01 3.361298e-06
8.970588e-01 4.362745e-01 3.433121e-06
9.068627e-01 4.362745e-01 3.465154e-06
9.166667e-01 4.362745e-01 3.456420e-06
9.264706e-01 4.362745e-01 3.407374e-06
9.362745e-01 4.362745e-01 3.319873e-06
9.460784e-01 4.362745e-01 3.197053e-06
9.558824e-01 4.362745e-01 3.043152e-06
9.656863e-01 4.362745e-01 2.863262e-06
9.754902e-01 4.362745e-01 2.663055e-06
9.852941e-01 4.362745e-01 2.448493e-06
9.950980e-01 4.362745e-01 2.225537e-06
4.901961e-03 4.460784e-01 4.306681e-06
1.470588e-02 4.460784e-01 3.907270e-06
2.450980e-02 4.460784e-01 3.504589e-06
3.431373e-02 4.460784e-01 3.107786e-06
4.411765e-02 4.460784e-01 2.724787e-06
5.392157e-02 4.460784e-01 2.362101e-06
6.372549e-02 4.460784e-01 2.024722e-06
7.352941e-02 4.460784e-01 1.716129e-06
8.333333e-02 4.460784e-01 1.438363e-06
9.313725e-02 4.460784e-01 1.192167e-06
1.029412e-01 4.460784e-01 9.771729e-07
1.127451e-01 4.460784e-01 7.921133e-07
1.225490e-01 4.460784e-01 6.350385e-07
1.323529e-01 4.460784e-01 5.035296e-07
1.421569e-01 4.460784e-01 3.948909e-07
1.519608e-01 4.460784e-01 3.063172e-07
1.617647e-01 4.460784e-01 2.350294e-07
1.715686e-01 4.460784e-01 1.783791e-07
1.813725e-01 4.460784e-01 1.339218e-07
1.911765e-01 4.460784e-01 9.946212e-08
2.009804e-01 4.460784e-01 7.307644e-08
2.107843e-01 4.460784e-01 5.311581e-08
2.205882e-01 4.460784e-01 3.819536e-08
2.303922e-01 4.460784e-01 2.717383e-08
2.401961e-01 4.460784e-01 1.912747e-08
2.500000e-01 4.460784e-01 1.332122e-08
2.598039e-01 4.460784e-01 9.179572e-09
2.696078e-01 4.460784e-01 6.259010e-09
2.794118e-01 4.460784e-01 4.222852e-09
2.892157e-01 4.460784e-01 2.819261e-09
2.990196e-01 4.460784e-01 1.862541e-09
3.088235e-01 4.460784e-01 1.217670e-09
3.186275e-01 4.460784e-01 7.878038e-10
3.284314e-01 4.460784e-01 5.044094e-10
3.382353e-01 4.460784e-01 3.196225e-10
3.480392e-01 4.460784e-01 2.004455e-10
3.578431e-01 4.460784e-01 1.244185e-10
3.676471e-01 4.460784e-01 7.644749e-11
3.774510e-01 4.460784e-01 4.651607e-11
3.872549e-01 4.460784e-01 2.806423e-11
3.970588e-01 4.460784e-01 1.685773e-11
4.068627e-01 4.460784e-01 1.021569e-11
4.166667e-01 4.460784e-01 6.497148e-12
4.264706e-01 4.460784e-01 4.776220e-12
4.362745e-01 4.460784e-01 4.660283e-12
4.460784e-01 4.460784e-01 6.226315e-12
4.558824e-01 4.460784e-01 1.007070e-11
4.656863e-01 4.460784e-01 1.748820e-11
4.754902e-01 4.460784e-01 3.081888e-11
4.852941e-01 4.460784e-01 5.403015e-11
4.950980e-01 4.460784e-01 9.363613e-11
5.049020e-01 4.460784e-01 1.601011e-10
5.147059e-01 4.460784e-01 2.699290e-10
5.245098e-01 4.460784e-01 4.487067e-10
5.343137e-01 4.460784e-01 7.354433e-10
5.441176e-01 4.460784e-01 1.188629e-09
5.539216e-01 4.460784e-01 1.894510e-09
5.637255e-01 4.460784e-01 2.978142e-09
5.735294e-01 4.460784e-01 4.617792e-09
5.833333e-01 4.460784e-01 7.063244e-09
5.931373e-01 4.460784e-01 1.065841e-08
6.029412e-01 4.460784e-01 1.586842e-08
6.127451e-01 4.460784e-01 2.331094e-08
6.225490e-01 4.460784e-01 3.379094e-08
6.323529e-01 4.460784e-01 4.833732e-08
6.421569e-01 4.460784e-01 6.823897e-08
6.519608e-01 4.460784e-01 9.507673e-08
6.617647e-01 4.460784e-01 1.307469e-07
6.715686e-01 4.460784e-01 1.774705e-07
6.813725e-01 4.460784e-01 2.377832e-07
6.911765e-01 4.460784e-01 3.144981e-07
7.009804e-01 4.460784e-01 4.106372e-07
7.107843e-01 4.460784e-01 5.293263e-07
7.205882e-01 4.460784e-01 6.736512e-07
7.303922e-01 4.460784e-01 8.464759e-07
7.401961e-01 4.460784e-01 1.050228e-06
7.500000e-01 4.460784e-01 1.286659e-06
7.598039e-01 4.460784e-01 1.556597e-06
7.696078e-01 4.460784e-01 1.859700e-06
7.794118e-01 4.460784e-01 2.194247e-06
7.892157e-01 4.460784e-01 2.556969e-06
7.990196e-01 4.460784e-01 2.942960e-06
8.088235e-01 4.460784e-01 3.345674e-06
8.186275e-01 4.460784e-01 3.757029e-06
8.284314e-01 4.460784e-01 4.167624e-06
8.382353e-01 4.460784e-01 4.567058e-06
8.480392e-01 4.460784e-01 4.944354e-06
8.578431e-01 4.460784e-01 5.288449e-06
8.676471e-01 4.460784e-01 5.588735e-06
8.774510e-01 4.460784e-01 5.835601e-06
8.872549e-01 4.460784e-01 6.020945e-06
8.970588e-01 4.460784e-01 6.138621e-06
9.068627e-01 4.460784e-01 6.184775e-06
9.166667e-01 4.460784e-01 6.158053e-06
9.264706e-01 4.460784e-01 6.059669e-06
9.362745e-01 4.460784e-01 5.893311e-06
9.460784e-01 4.460784e-01 5.664921e-06
9.558824e-01 4.460784e-01 5.382339e-06
9.656863e-01 4.460784e-01 5.054864e-06
9.754902e-01 4.460784e-01 4.692749e-06
9.852941e-01 4.460784e-01 4.306681e-06
9.950980e-01 4.460784e-01 3.907270e-06
4.901961e-03 4.558824e-01 7.438550e-06
1.470588e-02 4.558824e-01 6.736388e-06
2.450980e-02 4.558824e-01 6.031110e-06
3.431373e-02 4.558824e-01 5.338462e-06
4.411765e-02 4.558824e-01 4.671980e-06
5.392157e-02 4.558824e-01 4.042675e-06
6.372549e-02 4.558824e-01 3.458886e-06
7.352941e-02 4.558824e-01 2.926307e-06
8.333333e-02 4.558824e-01 2.448138e-06
9.313725e-02 4.558824e-01 2.025353e-06
1.029412e-01 4.558824e-01 1.657028e-06
1.127451e-01 4.558824e-01 1.340723e-06
1.225490e-01 4.558824e-01 1.072862e-06
1.323529e-01 4.558824e-01 8.491018e-07
1.421569e-01 4.558824e-01 6.646628e-07
1.519608e-01 4.558824e-01 5.146164e-07
1.617647e-01 4.558824e-01 3.941135e-07
1.715686e-01 4.558824e-01 2.985580e-07
1.813725e-01 4.558824e-01 2.237279e-07
1.911765e-01 4.558824e-01 1.658478e-07
2.009804e-01 4.558824e-01 1.216217e-07
2.107843e-01 4.558824e-01 8.823441e-08
2.205882e-01 4.558824e-01 6.332919e-08
2.303922e-01 4.558824e-01 4.496992e-08
2.401961e-01 4.558824e-01 3.159407e-08
2.500000e-01 4.558824e-01 2.196177e-08
2.598039e-01 4.558824e-01 1.510498e-08
2.696078e-01 4.558824e-01 1.027960e-08
2.794118e-01 4.558824e-01 6.922264e-09
2.892157e-01 4.558824e-01 4.612624e-09
2.990196e-01 4.558824e-01 3.041500e-09
3.088235e-01 4.558824e-01 1.984629e-09
3.186275e-01 4.558824e-01 1.281547e-09
3.284314e-01 4.558824e-01 8.189636e-10
3.382353e-01 4.558824e-01 5.179430e-10
3.480392e-01 4.558824e-01 3.241907e-10
3.578431e-01 4.558824e-01 2.008363e-10
3.676471e-01 4.558824e-01 1.231559e-10
3.774510e-01 4.558824e-01 7.477976e-11
3.872549e-01 4.558824e-01 4.500981e-11
3.970588e-01 4.558824e-01 2.695579e-11
4.068627e-01 4.558824e-01 1.626542e-11
4.166667e-01 4.558824e-01 1.028396e-11
4.264706e-01 4.558824e-01 7.526974e-12
4.362745e-01 4.558824e-01 7.391955e-12
4.460784e-01 4.558824e-01 1.007070e-11
4.558824e-01 4.558824e-01 1.665904e-11
4.656863e-01 4.558824e-01 2.949665e-11
4.754902e-01 4.558824e-01 5.281158e-11
4.852941e-01 4.558824e-01 9.379477e-11
4.950980e-01 4.558824e-01 1.642944e-10
5.049020e-01 4.558824e-01 2.834009e-10
5.147059e-01 4.558824e-01 4.812922e-10
5.245098e-01 4.558824e-01 8.048295e-10
5.343137e-01 4.558824e-01 1.325527e-09
5.441176e-01 4.558824e-01 2.150656e-09
5.539216e-01 4.558824e-01 3.438389e-09
5.637255e-01 4.558824e-01 5.417964e-09
5.735294e-01 4.558824e-01 8.415895e-09
5.833333e-01 4.558824e-01 1.288917e-08
5.931373e-01 4.558824e-01 1.946611e-08
6.029412e-01 4.558824e-01 2.899509e-08
6.127451e-01 4.558824e-01 4.260059e-08
6.225490e-01 4.558824e-01 6.174504e-08
6.323529e-01 4.558824e-01 8.829337e-08
6.421569e-01 4.558824e-01 1.245759e-07
6.519608e-01 4.558824e-01 1.734429e-07
6.617647e-01 4.558824e-01 2.383031e-07
6.715686e-01 4.558824e-01 3.231362e-07
6.813725e-01 4.558824e-01 4.324682e-07
6.911765e-01 4.558824e-01 5.712995e-07
7.009804e-01 4.558824e-01 7.449757e-07
7.107843e-01 4.558824e-01 9.589929e-07
7.205882e-01 4.558824e-01 1.218736e-06
7.303922e-01 4.558824e-01 1.529148e-06
7.401961e-01 4.558824e-01 1.894349e-06
7.500000e-01 4.558824e-01 2.317210e-06
7.598039e-01 4.558824e-01 2.798912e-06
7.696078e-01 4.558824e-01 3.338529e-06
7.794118e-01 4.558824e-01 3.932661e-06
7.892157e-01 4.558824e-01 4.575158e-06
7.990196e-01 4.558824e-01 5.256984e-06
8.088235e-01 4.558824e-01 5.966239e-06
8.186275e-01 4.558824e-01 6.688370e-06
8.284314e-01 4.558824e-01 7.406575e-06
8.382353e-01 4.558824e-01 8.102403e-06
8.480392e-01 4.558824e-01 8.756508e-06
8.578431e-01 4.558824e-01 9.349536e-06
8.676471e-01 4.558824e-01 9.863068e-06
8.774510e-01 4.558824e-01 1.028058e-05
8.872549e-01 4.558824e-01 1.058833e-05
8.970588e-01 4.558824e-01 1.077610e-05
9.068627e-01 4.558824e-01 1.083778e-05
9.166667e-01 4.558824e-01 1.077167e-05
9.264706e-01 4.558824e-01 1.058058e-05
9.362745e-01 4.558824e-01 1.027161e-05
9.460784e-01 4.558824e-01 9.855759e-06
9.558824e-01 4.558824e-01 9.347216e-06
9.656863e-01 4.558824e-01 8.762618e-06
9.754902e-01 4.558824e-01 8.120133e-06
9.852941e-01 4.558824e-01 7.438550e-06
9.950980e-01 4.558824e-01 6.736388e-06
4.901961e-03 4.656863e-01 1.262342e-05
1.470588e-02 4.656863e-01 1.141134e-05
2.450980e-02 4.656863e-01 1.019826e-05
3.431373e-02 4.656863e-01 9.010790e-06
4.411765e-02 4.656863e-01 7.871616e-06
5.392157e-02 4.656863e-01 6.799019e-06
6.372549e-02 4.656863e-01 5.806665e-06
7.352941e-02 4.656863e-01 4.903678e-06
8.333333e-02 4.656863e-01 4.094946e-06
9.313725e-02 4.656863e-01 3.381594e-06
1.029412e-01 4.656863e-01 2.761580e-06
1.127451e-01 4.656863e-01 2.230348e-06
1.225490e-01 4.656863e-01 1.781483e-06
1.323529e-01 4.656863e-01 1.407344e-06
1.421569e-01 4.656863e-01 1.099621e-06
1.519608e-01 4.656863e-01 8.498164e-07
1.617647e-01 4.656863e-01 6.496227e-07
1.715686e-01 4.656863e-01 4.912082e-07
1.813725e-01 4.656863e-01 3.674113e-07
1.911765e-01 4.656863e-01 2.718543e-07
2.009804e-01 4.656863e-01 1.989895e-07
2.107843e-01 4.656863e-01 1.440948e-07
2.205882e-01 4.656863e-01 1.032296e-07
2.303922e-01 4.656863e-01 7.316625e-08
2.401961e-01 4.656863e-01 5.130756e-08
2.500000e-01 4.656863e-01 3.559825e-08
2.598039e-01 4.656863e-01 2.443799e-08
2.696078e-01 4.656863e-01 1.659986e-08
2.794118e-01 4.656863e-01 1.115726e-08
2.892157e-01 4.656863e-01 7.420569e-09
2.990196e-01 4.656863e-01 4.883772e-09
3.088235e-01 4.656863e-01 3.180709e-09
3.186275e-01 4.656863e-01 2.050002e-09
3.284314e-01 4.656863e-01 1.307550e-09
3.382353e-01 4.656863e-01 8.253686e-10
3.480392e-01 4.656863e-01 5.156287e-10
3.578431e-01 4.656863e-01 3.188210e-10
3.676471e-01 4.656863e-01 1.951312e-10
3.774510e-01 4.656863e-01 1.182566e-10
3.872549e-01 4.656863e-01 7.104795e-11
3.970588e-01 4.656863e-01 4.248817e-11
4.068627e-01 4.656863e-01 2.564267e-11
4.166667e-01 4.656863e-01 1.630961e-11
4.264706e-01 4.656863e-01 1.218309e-11
4.362745e-01 4.656863e-01 1.241056e-11
4.460784e-01 4.656863e-01 1.748820e-11
4.558824e-01 4.656863e-01 2.949665e-11
4.656863e-01 4.656863e-01 5.274333e-11
4.754902e-01 4.656863e-01 9.495033e-11
4.852941e-01 4.656863e-01 1.692181e-10
4.950980e-01 4.656863e-01 2.971094e-10
5.049020e-01 4.656863e-01 5.133409e-10
5.147059e-01 4.656863e-01 8.727494e-10
5.245098e-01 4.656863e-01 1.460405e-09
5.343137e-01 4.656863e-01 2.405985e-09
5.441176e-01 4.656863e-01 3.903755e-09
5.539216e-01 4.656863e-01 6.239737e-09
5.637255e-01 4.656863e-01 9.827799e-09
5.735294e-01 4.656863e-01 1.525641e-08
5.833333e-01 4.656863e-01 2.334768e-08
5.931373e-01 4.656863e-01 3.522966e-08
6.029412e-01 4.656863e-01 5.242232e-08
6.127451e-01 4.656863e-01 7.693584e-08
6.225490e-01 4.656863e-01 1.113784e-07
6.323529e-01 4.656863e-01 1.590676e-07
6.421569e-01 4.656863e-01 2.241383e-07
6.519608e-01 4.656863e-01 3.116333e-07
6.617647e-01 4.656863e-01 4.275654e-07
6.715686e-01 4.656863e-01 5.789303e-07
6.813725e-01 4.656863e-01 7.736552e-07
6.911765e-01 4.656863e-01 1.020461e-06
7.009804e-01 4.656863e-01 1.328626e-06
7.107843e-01 4.656863e-01 1.707629e-06
7.205882e-01 4.656863e-01 2.166688e-06
7.303922e-01 4.656863e-01 2.714171e-06
7.401961e-01 4.656863e-01 3.356924e-06
7.500000e-01 4.656863e-01 4.099533e-06
7.598039e-01 4.656863e-01 4.943565e-06
7.696078e-01 4.656863e-01 5.886854e-06
7.794118e-01 4.656863e-01 6.922884e-06
7.892157e-01 4.656863e-01 8.040351e-06
7.990196e-01 4.656863e-01 9.222958e-06
8.088235e-01 4.656863e-01 1.044950e-05
8.186275e-01 4.656863e-01 1.169427e-05
8.284314e-01 4.656863e-01 1.292782e-05
8.382353e-01 4.656863e-01 1.411803e-05
8.480392e-01 4.656863e-01 1.523144e-05
8.578431e-01 4.656863e-01 1.623482e-05
8.676471e-01 4.656863e-01 1.709678e-05
8.774510e-01 4.656863e-01 1.778946e-05
8.872549e-01 4.656863e-01 1.828998e-05
8.970588e-01 4.656863e-01 1.858173e-05
9.068627e-01 4.656863e-01 1.865526e-05
9.166667e-01 4.656863e-01 1.850882e-05
9.264706e-01 4.656863e-01 1.814838e-05
9.362745e-01 4.656863e-01 1.758727e-05
9.460784e-01 4.656863e-01 1.684531e-05
9.558824e-01 4.656863e-01 1.594772e-05
9.656863e-01 4.656863e-01 1.492368e-05
9.754902e-01 4.656863e-01 1.380478e-05
9.852941e-01 4.656863e-01 1.262342e-05
9.950980e-01 4.656863e-01 1.141134e-05
4.901961e-03 4.754902e-01 2.105859e-05
1.470588e-02 4.754902e-01 1.900296e-05
2.450980e-02 4.754902e-01 1.695279e-05
3.431373e-02 4.754902e-01 1.495225e-05
4.411765e-02 4.754902e-01 1.303872e-05
5.392157e-02 4.754902e-01 1.124198e-05
6.372549e-02 4.754902e-01 9.584013e-06
7.352941e-02 4.754902e-01 8.079136e-06
8.333333e-02 4.754902e-01 6.734600e-06
9.313725e-02 4.754902e-01 5.551421e-06
1.029412e-01 4.754902e-01 4.525410e-06
1.127451e-01 4.754902e-01 3.648285e-06
1.225490e-01 4.754902e-01 2.908788e-06
1.323529e-01 4.754902e-01 2.293735e-06
1.421569e-01 4.754902e-01 1.788946e-06
1.519608e-01 4.754902e-01 1.380031e-06
1.617647e-01 4.754902e-01 1.053011e-06
1.715686e-01 4.754902e-01 7.947737e-07
1.813725e-01 4.754902e-01 5.933832e-07
1.911765e-01 4.754902e-01 4.382500e-07
2.009804e-01 4.754902e-01 3.201973e-07
2.107843e-01 4.754902e-01 2.314386e-07
2.205882e-01 4.754902e-01 1.654969e-07
2.303922e-01 4.754902e-01 1.170828e-07
2.401961e-01 4.754902e-01 8.195187e-08
2.500000e-01 4.754902e-01 5.675443e-08
2.598039e-01 4.754902e-01 3.888915e-08
2.696078e-01 4.754902e-01 2.636681e-08
2.794118e-01 4.754902e-01 1.768884e-08
2.892157e-01 4.754902e-01 1.174265e-08
2.990196e-01 4.754902e-01 7.713823e-09
3.088235e-01 4.754902e-01 5.014433e-09
3.186275e-01 4.754902e-01 3.225777e-09
3.284314e-01 4.754902e-01 2.053613e-09
3.382353e-01 4.754902e-01 1.293859e-09
3.480392e-01 4.754902e-01 8.067769e-10
3.578431e-01 4.754902e-01 4.978982e-10
3.676471e-01 4.754902e-01 3.041600e-10
3.774510e-01 4.754902e-01 1.839954e-10
3.872549e-01 4.754902e-01 1.103666e-10
3.970588e-01 4.754902e-01 6.595219e-11
4.068627e-01 4.754902e-01 3.989379e-11
4.166667e-01 4.754902e-01 2.566709e-11
4.264706e-01 4.754902e-01 1.977984e-11
4.362745e-01 4.754902e-01 2.111223e-11
4.460784e-01 4.754902e-01 3.081888e-11
4.558824e-01 4.754902e-01 5.281158e-11
4.656863e-01 4.754902e-01 9.495033e-11
4.754902e-01 4.754902e-01 1.711974e-10
4.852941e-01 4.754902e-01 3.051475e-10
4.950980e-01 4.754902e-01 5.355471e-10
5.049020e-01 4.754902e-01 9.246670e-10
5.147059e-01 4.754902e-01 1.570700e-09
5.245098e-01 4.754902e-01 2.625720e-09
5.343137e-01 4.754902e-01 4.321137e-09
5.441176e-01 4.754902e-01 7.003001e-09
5.539216e-01 4.754902e-01 1.117987e-08
5.637255e-01 4.754902e-01 1.758620e-08
5.735294e-01 4.754902e-01 2.726427e-08
5.833333e-01 4.754902e-01 4.166711e-08
5.931373e-01 4.754902e-01 6.278436e-08
6.029412e-01 4.754902e-01 9.329094e-08
6.127451e-01 4.754902e-01 1.367164e-07
6.225490e-01 4.754902e-01 1.976291e-07
6.323529e-01 4.754902e-01 2.818260e-07
6.421569e-01 4.754902e-01 3.965116e-07
6.519608e-01 4.754902e-01 5.504488e-07
6.617647e-01 4.754902e-01 7.540529e-07
6.715686e-01 4.754902e-01 1.019403e-06
6.813725e-01 4.754902e-01 1.360133e-06
6.911765e-01 4.754902e-01 1.791182e-06
7.009804e-01 4.754902e-01 2.328360e-06
7.107843e-01 4.754902e-01 2.987729e-06
7.205882e-01 4.754902e-01 3.784774e-06
7.303922e-01 4.754902e-01 4.733397e-06
7.401961e-01 4.754902e-01 5.844750e-06
7.500000e-01 4.754902e-01 7.125972e-06
7.598039e-01 4.754902e-01 8.578912e-06
7.696078e-01 4.754902e-01 1.019893e-05
7.794118e-01 4.754902e-01 1.197388e-05
7.892157e-01 4.754902e-01 1.388342e-05
7.990196e-01 4.754902e-01 1.589875e-05
8.088235e-01 4.754902e-01 1.798279e-05
8.186275e-01 4.754902e-01 2.009099e-05
8.284314e-01 4.754902e-01 2.217266e-05
8.382353e-01 4.754902e-01 2.417290e-05
8.480392e-01 4.754902e-01 2.603488e-05
8.578431e-01 4.754902e-01 2.770255e-05
8.676471e-01 4.754902e-01 2.912343e-05
8.774510e-01 4.754902e-01 3.025135e-05
8.872549e-01 4.754902e-01 3.104897e-05
8.970588e-01 4.754902e-01 3.148980e-05
9.068627e-01 4.754902e-01 3.155972e-05
9.166667e-01 4.754902e-01 3.125769e-05
9.264706e-01 4.754902e-01 3.059571e-05
9.362745e-01 4.754902e-01 2.959808e-05
9.460784e-01 4.754902e-01 2.829991e-05
9.558824e-01 4.754902e-01 2.674508e-05
9.656863e-01 4.754902e-01 2.498381e-05
9.754902e-01 4.754902e-01 2.307001e-05
9.852941e-01 4.754902e-01 2.105859e-05
9.950980e-01 4.754902e-01 1.900296e-05
4.901961e-03 4.852941e-01 3.454945e-05
1.470588e-02 4.852941e-01 3.112253e-05
2.450980e-02 4.852941e-01 2.771629e-05
3.431373e-02 4.852941e-01 2.440276e-05
4.411765e-02 4.852941e-01 2.124240e-05
5.392157e-02 4.852941e-01 1.828296e-05
6.372549e-02 4.852941e-01 1.555908e-05
7.352941e-02 4.852941e-01 1.309280e-05
8.333333e-02 4.852941e-01 1.089454e-05
9.313725e-02 4.852941e-01 8.964563e-06
1.029412e-01 4.852941e-01 7.294724e-06
1.127451e-01 4.852941e-01 5.870348e-06
1.225490e-01 4.852941e-01 4.672074e-06
1.323529e-01 4.852941e-01 3.677575e-06
1.421569e-01 4.852941e-01 2.863086e-06
1.519608e-01 4.852941e-01 2.204668e-06
1.617647e-01 4.852941e-01 1.679201e-06
1.715686e-01 4.852941e-01 1.265107e-06
1.813725e-01 4.852941e-01 9.428242e-07
1.911765e-01 4.852941e-01 6.950686e-07
2.009804e-01 4.852941e-01 5.069109e-07
2.107843e-01 4.852941e-01 3.657265e-07
2.205882e-01 4.852941e-01 2.610450e-07
2.303922e-01 4.852941e-01 1.843409e-07
2.401961e-01 4.852941e-01 1.287919e-07
2.500000e-01 4.852941e-01 8.902848e-08
2.598039e-01 4.852941e-01 6.089131e-08
2.696078e-01 4.852941e-01 4.120788e-08
2.794118e-01 4.852941e-01 2.759409e-08
2.892157e-01 4.852941e-01 1.828416e-08
2.990196e-01 4.852941e-01 1.198861e-08
3.088235e-01 4.852941e-01 7.778742e-09
3.186275e-01 4.852941e-01 4.994689e-09
3.284314e-01 4.852941e-01 3.173785e-09
3.382353e-01 4.852941e-01 1.995855e-09
3.480392e-01 4.852941e-01 1.242159e-09
3.578431e-01 4.852941e-01 7.651500e-10
3.676471e-01 4.852941e-01 4.665504e-10
3.774510e-01 4.852941e-01 2.817277e-10
3.872549e-01 4.852941e-01 1.687420e-10
3.970588e-01 4.852941e-01 1.008030e-10
4.068627e-01 4.852941e-01 6.119188e-11
4.166667e-01 4.852941e-01 3.996103e-11
4.264706e-01 4.852941e-01 3.194700e-11
4.362745e-01 4.852941e-01 3.581579e-11
4.460784e-01 4.852941e-01 5.403015e-11
4.558824e-01 4.852941e-01 9.379477e-11
4.656863e-01 4.852941e-01 1.692181e-10
4.754902e-01 4.852941e-01 3.051475e-10
4.852941e-01 4.852941e-01 5.434041e-10
4.950980e-01 4.852941e-01 9.524904e-10
5.049020e-01 4.852941e-01 1.642271e-09
5.147059e-01 4.852941e-01 2.785655e-09
5.245098e-01 4.852941e-01 4.649929e-09
5.343137e-01 4.852941e-01 7.641051e-09
5.441176e-01 4.852941e-01 1.236493e-08
5.539216e-01 4.852941e-01 1.971030e-08
5.637255e-01 4.852941e-01 3.095810e-08
5.735294e-01 4.852941e-01 4.792245e-08
5.833333e-01 4.852941e-01 7.312715e-08
5.931373e-01 4.852941e-01 1.100206e-07
6.029412e-01 4.852941e-01 1.632288e-07
6.127451e-01 4.852941e-01 2.388414e-07
6.225490e-01 4.852941e-01 3.447219e-07
6.323529e-01 4.852941e-01 4.908229e-07
6.421569e-01 4.852941e-01 6.894816e-07
6.519608e-01 4.852941e-01 9.556606e-07
6.617647e-01 4.852941e-01 1.307090e-06
6.715686e-01 4.852941e-01 1.764264e-06
6.813725e-01 4.852941e-01 2.350230e-06
6.911765e-01 4.852941e-01 3.090133e-06
7.009804e-01 4.852941e-01 4.010451e-06
7.107843e-01 4.852941e-01 5.137916e-06
7.205882e-01 4.852941e-01 6.498093e-06
7.303922e-01 4.852941e-01 8.113653e-06
7.401961e-01 4.852941e-01 1.000240e-05
7.500000e-01 4.852941e-01 1.217517e-05
7.598039e-01 4.852941e-01 1.463367e-05
7.696078e-01 4.852941e-01 1.736854e-05
7.794118e-01 4.852941e-01 2.035771e-05
7.892157e-01 4.852941e-01 2.356535e-05
7.990196e-01 4.852941e-01 2.694147e-05
8.088235e-01 4.852941e-01 3.042245e-05
8.186275e-01 4.852941e-01 3.393242e-05
8.284314e-01 4.852941e-01 3.738573e-05
8.382353e-01 4.852941e-01 4.069013e-05
8.480392e-01 4.852941e-01 4.375082e-05
8.578431e-01 4.852941e-01 4.647493e-05
8.676471e-01 4.852941e-01 4.877619e-05
8.774510e-01 4.852941e-01 5.057949e-05
8.872549e-01 4.852941e-01 5.182497e-05
8.970588e-01 4.852941e-01 5.247136e-05
9.068627e-01 4.852941e-01 5.249816e-05
9.166667e-01 4.852941e-01 5.190682e-05
9.264706e-01 4.852941e-01 5.072042e-05
9.362745e-01 4.852941e-01 4.898225e-05
9.460784e-01 4.852941e-01 4.675318e-05
9.558824e-01 4.852941e-01 4.410818e-05
9.656863e-01 4.852941e-01 4.113213e-05
9.754902e-01 4.852941e-01 3.791542e-05
9.852941e-01 4.852941e-01 3.454945e-05
9.950980e-01 4.852941e-01 3.112253e-05
4.901961e-03 4.950980e-01 5.576814e-05
1.470588e-02 4.950980e-01 5.014987e-05
2.450980e-02 4.950980e-01 4.458388e-05
3.431373e-02 4.950980e-01 3.918570e-05
4.411765e-02 4.950980e-01 3.405152e-05
5.392157e-02 4.950980e-01 2.925644e-05
6.372549e-02 4.950980e-01 2.485416e-05
7.352941e-02 4.950980e-01 2.087787e-05
8.333333e-02 4.950980e-01 1.734199e-05
9.313725e-02 4.950980e-01 1.424471e-05
1.029412e-01 4.950980e-01 1.157087e-05
1.127451e-01 4.950980e-01 9.295048e-06
1.225490e-01 4.950980e-01 7.384587e-06
1.323529e-01 4.950980e-01 5.802364e-06
1.421569e-01 4.950980e-01 4.509234e-06
1.519608e-01 4.950980e-01 3.466049e-06
1.617647e-01 4.950980e-01 2.635210e-06
1.715686e-01 4.950980e-01 1.981795e-06
1.813725e-01 4.950980e-01 1.474279e-06
1.911765e-01 4.950980e-01 1.084905e-06
2.009804e-01 4.950980e-01 7.897855e-07
2.107843e-01 4.950980e-01 5.687813e-07
2.205882e-01 4.950980e-01 4.052413e-07
2.303922e-01 4.950980e-01 2.856456e-07
2.401961e-01 4.950980e-01 1.992049e-07
2.500000e-01 4.950980e-01 1.374497e-07
2.598039e-01 4.950980e-01 9.383645e-08
2.696078e-01 4.950980e-01 6.338639e-08
2.794118e-01 4.950980e-01 4.236716e-08
2.892157e-01 4.950980e-01 2.802100e-08
2.990196e-01 4.950980e-01 1.833880e-08
3.088235e-01 4.950980e-01 1.187689e-08
3.186275e-01 4.950980e-01 7.611867e-09
3.284314e-01 4.950980e-01 4.827782e-09
3.382353e-01 4.950980e-01 3.030292e-09
3.480392e-01 4.950980e-01 1.882421e-09
3.578431e-01 4.950980e-01 1.157369e-09
3.676471e-01 4.950980e-01 7.044004e-10
3.774510e-01 4.950980e-01 4.246109e-10
3.872549e-01 4.950980e-01 2.539765e-10
3.970588e-01 4.950980e-01 1.517244e-10
4.068627e-01 4.950980e-01 9.253395e-11
4.166667e-01 4.950980e-01 6.150780e-11
4.264706e-01 4.950980e-01 5.119701e-11
4.362745e-01 4.950980e-01 6.026333e-11
4.460784e-01 4.950980e-01 9.363613e-11
4.558824e-01 4.950980e-01 1.642944e-10
4.656863e-01 4.950980e-01 2.971094e-10
4.754902e-01 4.950980e-01 5.355471e-10
4.852941e-01 4.950980e-01 9.524904e-10
4.950980e-01 4.950980e-01 1.667018e-09
5.049020e-01 4.950980e-01 2.869708e-09
5.147059e-01 4.950980e-01 4.859915e-09
5.245098e-01 4.950980e-01 8.099494e-09
5.343137e-01 4.950980e-01 1.328859e-08
5.441176e-01 4.950980e-01 2.147017e-08
5.539216e-01 4.950980e-01 3.417105e-08
5.637255e-01 4.950980e-01 5.358753e-08
5.735294e-01 4.950980e-01 8.282371e-08
5.833333e-01 4.950980e-01 1.261892e-07
5.931373e-01 4.950980e-01 1.895597e-07
6.029412e-01 4.950980e-01 2.808001e-07
6.127451e-01 4.950980e-01 4.102405e-07
6.225490e-01 4.950980e-01 5.911877e-07
6.323529e-01 4.950980e-01 8.404422e-07
6.421569e-01 4.950980e-01 1.178774e-06
6.519608e-01 4.950980e-01 1.631305e-06
6.617647e-01 4.950980e-01 2.227709e-06
6.715686e-01 4.950980e-01 3.002175e-06
6.813725e-01 4.950980e-01 3.993008e-06
6.911765e-01 4.950980e-01 5.241819e-06
7.009804e-01 4.950980e-01 6.792208e-06
7.107843e-01 4.950980e-01 8.687913e-06
7.205882e-01 4.950980e-01 1.097041e-05
7.303922e-01 4.950980e-01 1.367601e-05
7.401961e-01 4.950980e-01 1.683259e-05
7.500000e-01 4.950980e-01 2.045612e-05
7.598039e-01 4.950980e-01 2.454712e-05
7.696078e-01 4.950980e-01 2.908757e-05
7.794118e-01 4.950980e-01 3.403831e-05
7.892157e-01 4.950980e-01 3.933738e-05
7.990196e-01 4.950980e-01 4.489967e-05
8.088235e-01 4.950980e-01 5.061790e-05
8.186275e-01 4.950980e-01 5.636518e-05
8.284314e-01 4.950980e-01 6.199915e-05
8.382353e-01 4.950980e-01 6.736754e-05
8.480392e-01 4.950980e-01 7.231486e-05
8.578431e-01 4.950980e-01 7.668982e-05
8.676471e-01 4.950980e-01 8.035305e-05
8.774510e-01 4.950980e-01 8.318451e-05
8.872549e-01 4.950980e-01 8.509002e-05
8.970588e-01 4.950980e-01 8.600650e-05
9.068627e-01 4.950980e-01 8.590541e-05
9.166667e-01 4.950980e-01 8.479422e-05
9.264706e-01 4.950980e-01 8.271574e-05
9.362745e-01 4.950980e-01 7.974538e-05
9.460784e-01 4.950980e-01 7.598670e-05
9.558824e-01 4.950980e-01 7.156540e-05
9.656863e-01 4.950980e-01 6.662249e-05
9.754902e-01 4.950980e-01 6.130687e-05
9.852941e-01 4.950980e-01 5.576814e-05
9.950980e-01 4.950980e-01 5.014987e-05
4.901961e-03 5.049020e-01 8.859648e-05
1.470588e-02 5.049020e-01 7.953462e-05
2.450980e-02 5.049020e-01 7.058594e-05
3.431373e-02 5.049020e-01 6.193269e-05
4.411765e-02 5.049020e-01 5.372528e-05
5.392157e-02 5.049020e-01 4.607989e-05
6.372549e-02 5.049020e-01 3.907823e-05
7.352941e-02 5.049020e-01 3.276919e-05
8.333333e-02 5.049020e-01 2.717190e-05
9.313725e-02 5.049020e-01 2.227995e-05
1.029412e-01 5.049020e-01 1.806609e-05
1.127451e-01 5.049020e-01 1.448722e-05
1.225490e-01 5.049020e-01 1.148929e-05
1.323529e-01 5.049020e-01 9.011625e-06
1.421569e-01 5.049020e-01 6.990853e-06
1.519608e-01 5.049020e-01 5.364004e-06
1.617647e-01 5.049020e-01 4.070939e-06
1.715686e-01 5.049020e-01 3.056055e-06
1.813725e-01 5.049020e-01 2.269357e-06
1.911765e-01 5.049020e-01 1.666993e-06
2.009804e-01 5.049020e-01 1.211344e-06
2.107843e-01 5.049020e-01 8.707997e-07
2.205882e-01 5.049020e-01 6.192970e-07
2.303922e-01 5.049020e-01 4.357355e-07
2.401961e-01 5.049020e-01 3.033217e-07
2.500000e-01 5.049020e-01 2.089070e-07
2.598039e-01 5.049020e-01 1.423589e-07
2.696078e-01 5.049020e-01 9.598659e-08
2.794118e-01 5.049020e-01 6.403881e-08
2.892157e-01 5.049020e-01 4.227607e-08
2.990196e-01 5.049020e-01 2.761702e-08
3.088235e-01 5.049020e-01 1.785260e-08
3.186275e-01 5.049020e-01 1.142037e-08
3.284314e-01 5.049020e-01 7.229780e-09
3.382353e-01 5.049020e-01 4.529478e-09
3.480392e-01 5.049020e-01 2.808443e-09
3.578431e-01 5.049020e-01 1.723484e-09
3.676471e-01 5.049020e-01 1.047020e-09
3.774510e-01 5.049020e-01 6.300565e-10
3.872549e-01 5.049020e-01 3.763883e-10
3.970588e-01 5.049020e-01 2.249394e-10
4.068627e-01 5.049020e-01 1.379842e-10
4.166667e-01 5.049020e-01 9.361006e-11
4.264706e-01 5.049020e-01 8.135039e-11
4.362745e-01 5.049020e-01 1.003796e-10
4.460784e-01 5.049020e-01 1.601011e-10
4.558824e-01 5.049020e-01 2.834009e-10
4.656863e-01 5.049020e-01 5.133409e-10
4.754902e-01 5.049020e-01 9.246670e-10
4.852941e-01 5.049020e-01 1.642271e-09
4.950980e-01 5.049020e-01 2.869708e-09
5.049020e-01 5.049020e-01 4.932084e-09
5.147059e-01 5.049020e-01 8.339070e-09
5.245098e-01 5.049020e-01 1.387551e-08
5.343137e-01 5.049020e-01 2.272893e-08
5.441176e-01 5.049020e-01 3.666494e-08
5.539216e-01 5.049020e-01 5.826323e-08
5.637255e-01 5.049020e-01 9.122736e-08
5.735294e-01 5.049020e-01 1.407812e-07
5.833333e-01 5.049020e-01 2.141623e-07
5.931373e-01 5.049020e-01 3.212179e-07
6.029412e-01 5.049020e-01 4.750997e-07
6.127451e-01 5.049020e-01 6.930427e-07
6.225490e-01 5.049020e-01 9.971965e-07
6.323529e-01 5.049020e-01 1.415456e-06
6.421569e-01 5.049020e-01 1.982217e-06
6.519608e-01 5.049020e-01 2.738964e-06
6.617647e-01 5.049020e-01 3.734556e-06
6.715686e-01 5.049020e-01 5.025089e-06
6.813725e-01 5.049020e-01 6.673188e-06
6.911765e-01 5.049020e-01 8.746585e-06
7.009804e-01 5.049020e-01 1.131589e-05
7.107843e-01 5.049020e-01 1.445148e-05
7.205882e-01 5.049020e-01 1.821949e-05
7.303922e-01 5.049020e-01 2.267709e-05
7.401961e-01 5.049020e-01 2.786707e-05
7.500000e-01 5.049020e-01 3.381220e-05
7.598039e-01 5.049020e-01 4.050965e-05
7.696078e-01 5.049020e-01 4.792597e-05
7.794118e-01 5.049020e-01 5.599310e-05
7.892157e-01 5.049020e-01 6.460600e-05
7.990196e-01 5.049020e-01 7.362228e-05
8.088235e-01 5.049020e-01 8.286415e-05
8.186275e-01 5.049020e-01 9.212291e-05
8.284314e-01 5.049020e-01 1.011660e-04
8.382353e-01 5.049020e-01 1.097462e-04
8.480392e-01 5.049020e-01 1.176126e-04
8.578431e-01 5.049020e-01 1.245230e-04
8.676471e-01 5.049020e-01 1.302559e-04
8.774510e-01 5.049020e-01 1.346228e-04
8.872549e-01 5.049020e-01 1.374782e-04
8.970588e-01 5.049020e-01 1.387278e-04
9.068627e-01 5.049020e-01 1.383336e-04
9.166667e-01 5.049020e-01 1.363158e-04
9.264706e-01 5.049020e-01 1.327512e-04
9.362745e-01 5.049020e-01 1.277687e-04
9.460784e-01 5.049020e-01 1.215410e-04
9.558824e-01 5.049020e-01 1.142754e-04
9.656863e-01 5.049020e-01 1.062020e-04
9.754902e-01 5.049020e-01 9.756214e-05
9.852941e-01 5.049020e-01 8.859648e-05
9.950980e-01 5.049020e-01 7.953462e-05
4.901961e-03 5.147059e-01 1.385685e-04
1.470588e-02 5.147059e-01 1.241838e-04
2.450980e-02 5.147059e-01 1.100235e-04
3.431373e-02 5.147059e-01 9.637037e-05
4.411765e-02 5.147059e-01 8.345576e-05
5.392157e-02 5.147059e-01 7.145636e-05
6.372549e-02 5.147059e-01 6.049424e-05
7.352941e-02 5.147059e-01 5.063983e-05
8.333333e-02 5.147059e-01 4.191716e-05
9.313725e-02 5.147059e-01 3.431066e-05
1.029412e-01 5.147059e-01 2.777280e-05
1.127451e-01 5.147059e-01 2.223204e-05
1.225490e-01 5.147059e-01 1.760045e-05
1.323529e-01 5.147059e-01 1.378059e-05
1.421569e-01 5.147059e-01 1.067153e-05
1.519608e-01 5.147059e-01 8.173635e-06
1.617647e-01 5.147059e-01 6.192245e-06
1.715686e-01 5.147059e-01 4.640233e-06
1.813725e-01 5.147059e-01 3.439571e-06
1.911765e-01 5.147059e-01 2.522062e-06
2.009804e-01 5.147059e-01 1.829397e-06
2.107843e-01 5.147059e-01 1.312728e-06
2.205882e-01 5.147059e-01 9.318995e-07
2.303922e-01 5.147059e-01 6.544923e-07
2.401961e-01 5.147059e-01 4.547723e-07
2.500000e-01 5.147059e-01 3.126443e-07
2.598039e-01 5.147059e-01 2.126603e-07
2.696078e-01 5.147059e-01 1.431247e-07
2.794118e-01 5.147059e-01 9.531186e-08
2.892157e-01 5.147059e-01 6.280523e-08
2.990196e-01 5.147059e-01 4.095180e-08
3.088235e-01 5.147059e-01 2.642350e-08
3.186275e-01 5.147059e-01 1.687172e-08
3.284314e-01 5.147059e-01 1.066086e-08
3.382353e-01 5.147059e-01 6.666548e-09
3.480392e-01 5.147059e-01 4.125752e-09
3.578431e-01 5.147059e-01 2.527155e-09
3.676471e-01 5.147059e-01 1.532434e-09
3.774510e-01 5.147059e-01 9.206031e-10
3.872549e-01 5.147059e-01 5.493287e-10
3.970588e-01 5.147059e-01 3.285514e-10
4.068627e-01 5.147059e-01 2.029686e-10
4.166667e-01 5.147059e-01 1.409298e-10
4.264706e-01 5.147059e-01 1.281525e-10
4.362745e-01 5.147059e-01 1.653975e-10
4.460784e-01 5.147059e-01 2.699290e-10
4.558824e-01 5.147059e-01 4.812922e-10
4.656863e-01 5.147059e-01 8.727494e-10
4.754902e-01 5.147059e-01 1.570700e-09
4.852941e-01 5.147059e-01 2.785655e-09
4.950980e-01 5.147059e-01 4.859915e-09
5.049020e-01 5.147059e-01 8.339070e-09
5.147059e-01 5.147059e-01 1.407681e-08
5.245098e-01 5.147059e-01 2.338529e-08
5.343137e-01 5.147059e-01 3.824611e-08
5.441176e-01 5.147059e-01 6.159998e-08
5.539216e-01 5.147059e-01 9.773527e-08
5.637255e-01 5.147059e-01 1.527966e-07
5.735294e-01 5.147059e-01 2.354337e-07
5.833333e-01 5.147059e-01 3.576065e-07
5.931373e-01 5.147059e-01 5.355526e-07
6.029412e-01 5.147059e-01 7.909123e-07
6.127451e-01 5.147059e-01 1.151981e-06
6.225490e-01 5.147059e-01 1.655035e-06
6.323529e-01 5.147059e-01 2.345652e-06
6.421569e-01 5.147059e-01 3.279883e-06
6.519608e-01 5.147059e-01 4.525139e-06
6.617647e-01 5.147059e-01 6.160576e-06
6.715686e-01 5.147059e-01 8.276775e-06
6.813725e-01 5.147059e-01 1.097448e-05
6.911765e-01 5.147059e-01 1.436217e-05
7.009804e-01 5.147059e-01 1.855236e-05
7.107843e-01 5.147059e-01 2.365643e-05
7.205882e-01 5.147059e-01 2.977813e-05
7.303922e-01 5.147059e-01 3.700587e-05
7.401961e-01 5.147059e-01 4.540401e-05
7.500000e-01 5.147059e-01 5.500393e-05
7.598039e-01 5.147059e-01 6.579514e-05
7.696078e-01 5.147059e-01 7.771749e-05
7.794118e-01 5.147059e-01 9.065519e-05
7.892157e-01 5.147059e-01 1.044333e-04
7.990196e-01 5.147059e-01 1.188177e-04
8.088235e-01 5.147059e-01 1.335186e-04
8.186275e-01 5.147059e-01 1.481985e-04
8.284314e-01 5.147059e-01 1.624836e-04
8.382353e-01 5.147059e-01 1.759789e-04
8.480392e-01 5.147059e-01 1.882866e-04
8.578431e-01 5.147059e-01 1.990247e-04
8.676471e-01 5.147059e-01 2.078474e-04
8.774510e-01 5.147059e-01 2.144634e-04
8.872549e-01 5.147059e-01 2.186520e-04
8.970588e-01 5.147059e-01 2.202754e-04
9.068627e-01 5.147059e-01 2.192859e-04
9.166667e-01 5.147059e-01 2.157285e-04
9.264706e-01 5.147059e-01 2.097375e-04
9.362745e-01 5.147059e-01 2.015283e-04
9.460784e-01 5.147059e-01 1.913843e-04
9.558824e-01 5.147059e-01 1.796411e-04
9.656863e-01 5.147059e-01 1.666683e-04
9.754902e-01 5.147059e-01 1.528504e-04
9.852941e-01 5.147059e-01 1.385685e-04
9.950980e-01 5.147059e-01 1.241838e-04
4.901961e-03 5.245098e-01 2.134251e-04
1.470588e-02 5.245098e-01 1.909457e-04
2.450980e-02 5.245098e-01 1.688853e-04
3.431373e-02 5.245098e-01 1.476757e-04
4.411765e-02 5.245098e-01 1.276670e-04
5.392157e-02 5.245098e-01 1.091233e-04
6.372549e-02 5.245098e-01 9.222377e-05
7.352941e-02 5.245098e-01 7.706742e-05
8.333333e-02 5.245098e-01 6.368217e-05
9.313725e-02 5.245098e-01 5.203554e-05
1.029412e-01 5.245098e-01 4.204684e-05
1.127451e-01 5.245098e-01 3.359954e-05
1.225490e-01 5.245098e-01 2.655312e-05
1.323529e-01 5.245098e-01 2.075368e-05
1.421569e-01 5.245098e-01 1.604306e-05
1.519608e-01 5.245098e-01 1.226610e-05
1.617647e-01 5.245098e-01 9.276152e-06
1.715686e-01 5.245098e-01 6.938817e-06
1.813725e-01 5.245098e-01 5.134208e-06
1.911765e-01 5.245098e-01 3.757908e-06
2.009804e-01 5.245098e-01 2.720928e-06
2.107843e-01 5.245098e-01 1.948946e-06
2.205882e-01 5.245098e-01 1.381046e-06
2.303922e-01 5.245098e-01 9.681775e-07
2.401961e-01 5.245098e-01 6.715114e-07
2.500000e-01 5.245098e-01 4.608040e-07
2.598039e-01 5.245098e-01 3.128645e-07
2.696078e-01 5.245098e-01 2.101773e-07
2.794118e-01 5.245098e-01 1.397067e-07
2.892157e-01 5.245098e-01 9.188877e-08
2.990196e-01 5.245098e-01 5.980446e-08
3.088235e-01 5.245098e-01 3.851610e-08
3.186275e-01 5.245098e-01 2.454711e-08
3.284314e-01 5.245098e-01 1.548173e-08
3.382353e-01 5.245098e-01 9.663016e-09
3.480392e-01 5.245098e-01 5.968951e-09
3.578431e-01 5.245098e-01 3.649328e-09
3.676471e-01 5.245098e-01 2.208856e-09
3.774510e-01 5.245098e-01 1.324763e-09
3.872549e-01 5.245098e-01 7.896919e-10
3.970588e-01 5.245098e-01 4.729010e-10
4.068627e-01 5.245098e-01 2.946260e-10
4.166667e-01 5.245098e-01 2.099907e-10
4.264706e-01 5.245098e-01 2.001530e-10
4.362745e-01 5.245098e-01 2.694913e-10
4.460784e-01 5.245098e-01 4.487067e-10
4.558824e-01 5.245098e-01 8.048295e-10
4.656863e-01 5.245098e-01 1.460405e-09
4.754902e-01 5.245098e-01 2.625720e-09
4.852941e-01 5.245098e-01 4.649929e-09
4.950980e-01 5.245098e-01 8.099494e-09
5.049020e-01 5.245098e-01 1.387551e-08
5.147059e-01 5.245098e-01 2.338529e-08
5.245098e-01 5.245098e-01 3.878786e-08
5.343137e-01 5.245098e-01 6.333774e-08
5.441176e-01 5.245098e-01 1.018556e-07
5.539216e-01 5.245098e-01 1.613580e-07
5.637255e-01 5.245098e-01 2.518793e-07
5.735294e-01 5.245098e-01 3.875168e-07
5.833333e-01 5.245098e-01 5.877233e-07
5.931373e-01 5.245098e-01 8.788549e-07
6.029412e-01 5.245098e-01 1.295960e-06
6.127451e-01 5.245098e-01 1.884766e-06
6.225490e-01 5.245098e-01 2.703759e-06
6.323529e-01 5.245098e-01 3.826240e-06
6.421569e-01 5.245098e-01 5.342120e-06
6.519608e-01 5.245098e-01 7.359232e-06
6.617647e-01 5.245098e-01 1.000381e-05
6.715686e-01 5.245098e-01 1.341983e-05
6.813725e-01 5.245098e-01 1.776681e-05
6.911765e-01 5.245098e-01 2.321578e-05
7.009804e-01 5.245098e-01 2.994316e-05
7.107843e-01 5.245098e-01 3.812244e-05
7.205882e-01 5.245098e-01 4.791369e-05
7.303922e-01 5.245098e-01 5.945125e-05
7.401961e-01 5.245098e-01 7.283003e-05
7.500000e-01 5.245098e-01 8.809138e-05
7.598039e-01 5.245098e-01 1.052094e-04
7.696078e-01 5.245098e-01 1.240789e-04
7.794118e-01 5.245098e-01 1.445067e-04
7.892157e-01 5.245098e-01 1.662065e-04
7.990196e-01 5.245098e-01 1.887997e-04
8.088235e-01 5.245098e-01 2.118219e-04
8.186275e-01 5.245098e-01 2.347358e-04
8.284314e-01 5.245098e-01 2.569502e-04
8.382353e-01 5.245098e-01 2.778445e-04
8.480392e-01 5.245098e-01 2.967971e-04
8.578431e-01 5.245098e-01 3.132161e-04
8.676471e-01 5.245098e-01 3.265699e-04
8.774510e-01 5.245098e-01 3.364161e-04
8.872549e-01 5.245098e-01 3.424261e-04
8.970588e-01 5.245098e-01 3.444028e-04
9.068627e-01 5.245098e-01 3.422917e-04
9.166667e-01 5.245098e-01 3.361831e-04
9.264706e-01 5.245098e-01 3.263058e-04
9.362745e-01 5.245098e-01 3.130132e-04
9.460784e-01 5.245098e-01 2.967620e-04
9.558824e-01 5.245098e-01 2.780872e-04
9.656863e-01 5.245098e-01 2.575723e-04
9.754902e-01 5.245098e-01 2.358204e-04
9.852941e-01 5.245098e-01 2.134251e-04
9.950980e-01 5.245098e-01 1.909457e-04
4.901961e-03 5.343137e-01 3.237867e-04
1.470588e-02 5.343137e-01 2.891938e-04
2.450980e-02 5.343137e-01 2.553490e-04
3.431373e-02 5.343137e-01 2.229010e-04
4.411765e-02 5.343137e-01 1.923711e-04
5.392157e-02 5.343137e-01 1.641477e-04
6.372549e-02 5.343137e-01 1.384883e-04
7.352941e-02 5.343137e-01 1.155292e-04
8.333333e-02 5.343137e-01 9.529876e-05
9.313725e-02 5.343137e-01 7.773476e-05
1.029412e-01 5.343137e-01 6.270351e-05
1.127451e-01 5.343137e-01 5.001872e-05
1.225490e-01 5.343137e-01 3.945963e-05
1.323529e-01 5.343137e-01 3.078707e-05
1.421569e-01 5.343137e-01 2.375712e-05
1.519608e-01 5.343137e-01 1.813192e-05
1.617647e-01 5.343137e-01 1.368778e-05
1.715686e-01 5.343137e-01 1.022060e-05
1.813725e-01 5.343137e-01 7.548967e-06
1.911765e-01 5.343137e-01 5.515446e-06
2.009804e-01 5.343137e-01 3.986296e-06
2.107843e-01 5.343137e-01 2.850150e-06
2.205882e-01 5.343137e-01 2.015992e-06
2.303922e-01 5.343137e-01 1.410736e-06
2.401961e-01 5.343137e-01 9.766792e-07
2.500000e-01 5.343137e-01 6.689903e-07
2.598039e-01 5.343137e-01 4.533799e-07
2.696078e-01 5.343137e-01 3.040126e-07
2.794118e-01 5.343137e-01 2.017066e-07
2.892157e-01 5.343137e-01 1.324219e-07
2.990196e-01 5.343137e-01 8.602467e-08
3.088235e-01 5.343137e-01 5.529948e-08
3.186275e-01 5.343137e-01 3.517756e-08
3.284314e-01 5.343137e-01 2.214465e-08
3.382353e-01 5.343137e-01 1.379571e-08
3.480392e-01 5.343137e-01 8.505701e-09
3.578431e-01 5.343137e-01 5.190506e-09
3.676471e-01 5.343137e-01 3.135965e-09
3.774510e-01 5.343137e-01 1.877751e-09
3.872549e-01 5.343137e-01 1.118363e-09
3.970588e-01 5.343137e-01 6.709185e-10
4.068627e-01 5.343137e-01 4.222229e-10
4.166667e-01 5.343137e-01 3.098508e-10
4.264706e-01 5.343137e-01 3.099415e-10
4.362745e-01 5.343137e-01 4.341014e-10
4.460784e-01 5.343137e-01 7.354433e-10
4.558824e-01 5.343137e-01 1.325527e-09
4.656863e-01 5.343137e-01 2.405985e-09
4.754902e-01 5.343137e-01 4.321137e-09
4.852941e-01 5.343137e-01 7.641051e-09
4.950980e-01 5.343137e-01 1.328859e-08
5.049020e-01 5.343137e-01 2.272893e-08
5.147059e-01 5.343137e-01 3.824611e-08
5.245098e-01 5.343137e-01 6.333774e-08
5.343137e-01 5.343137e-01 1.032664e-07
5.441176e-01 5.343137e-01 1.658128e-07
5.539216e-01 5.343137e-01 2.622804e-07
5.637255e-01 5.343137e-01 4.088031e-07
5.735294e-01 5.343137e-01 6.280037e-07
5.833333e-01 5.343137e-01 9.510360e-07
5.931373e-01 5.343137e-01 1.420022e-06
6.029412e-01 5.343137e-01 2.090858e-06
6.127451e-01 5.343137e-01 3.036303e-06
6.225490e-01 5.343137e-01 4.349210e-06
6.323529e-01 5.343137e-01 6.145658e-06
6.421569e-01 5.343137e-01 8.567664e-06
6.519608e-01 5.343137e-01 1.178507e-05
6.617647e-01 5.343137e-01 1.599612e-05
6.715686e-01 5.343137e-01 2.142612e-05
6.813725e-01 5.343137e-01 2.832377e-05
6.911765e-01 5.343137e-01 3.695453e-05
7.009804e-01 5.343137e-01 4.759076e-05
7.107843e-01 5.343137e-01 6.049840e-05
7.205882e-01 5.343137e-01 7.592042e-05
7.303922e-01 5.343137e-01 9.405744e-05
7.401961e-01 5.343137e-01 1.150465e-04
7.500000e-01 5.343137e-01 1.389391e-04
7.598039e-01 5.343137e-01 1.656804e-04
7.696078e-01 5.343137e-01 1.950913e-04
7.794118e-01 5.343137e-01 2.268551e-04
7.892157e-01 5.343137e-01 2.605113e-04
7.990196e-01 5.343137e-01 2.954578e-04
8.088235e-01 5.343137e-01 3.309619e-04
8.186275e-01 5.343137e-01 3.661819e-04
8.284314e-01 5.343137e-01 4.001975e-04
8.382353e-01 5.343137e-01 4.320487e-04
8.480392e-01 5.343137e-01 4.607798e-04
8.578431e-01 5.343137e-01 4.854877e-04
8.676471e-01 5.343137e-01 5.053686e-04
8.774510e-01 5.343137e-01 5.197618e-04
8.872549e-01 5.343137e-01 5.281866e-04
8.970588e-01 5.343137e-01 5.303684e-04
9.068627e-01 5.343137e-01 5.262538e-04
9.166667e-01 5.343137e-01 5.160125e-04
9.264706e-01 5.343137e-01 5.000256e-04
9.362745e-01 5.343137e-01 4.788622e-04
9.460784e-01 5.343137e-01 4.532464e-04
9.558824e-01 5.343137e-01 4.240163e-04
9.656863e-01 5.343137e-01 3.920793e-04
9.754902e-01 5.343137e-01 3.583659e-04
9.852941e-01 5.343137e-01 3.237867e-04
9.950980e-01 5.343137e-01 2.891938e-04
4.901961e-03 5.441176e-01 4.839399e-04
1.470588e-02 5.441176e-01 4.315069e-04
2.450980e-02 5.441176e-01 3.803616e-04
3.431373e-02 5.441176e-01 3.314635e-04
4.411765e-02 5.441176e-01 2.855762e-04
5.392157e-02 5.441176e-01 2.432612e-04
6.372549e-02 5.441176e-01 2.048824e-04
7.352941e-02 5.441176e-01 1.706216e-04
8.333333e-02 5.441176e-01 1.405003e-04
9.313725e-02 5.441176e-01 1.144065e-04
1.029412e-01 5.441176e-01 9.212346e-05
1.127451e-01 5.441176e-01 7.335863e-05
1.225490e-01 5.441176e-01 5.777091e-05
1.323529e-01 5.441176e-01 4.499450e-05
1.421569e-01 5.441176e-01 3.465908e-05
1.519608e-01 5.441176e-01 2.640564e-05
1.617647e-01 5.441176e-01 1.989817e-05
1.715686e-01 5.441176e-01 1.483134e-05
1.813725e-01 5.441176e-01 1.093486e-05
1.911765e-01 5.441176e-01 7.974902e-06
2.009804e-01 5.441176e-01 5.753479e-06
2.107843e-01 5.441176e-01 4.106222e-06
2.205882e-01 5.441176e-01 2.899174e-06
2.303922e-01 5.441176e-01 2.025068e-06
2.401961e-01 5.441176e-01 1.399430e-06
2.500000e-01 5.441176e-01 9.568012e-07
2.598039e-01 5.441176e-01 6.472382e-07
2.696078e-01 5.441176e-01 4.332023e-07
2.794118e-01 5.441176e-01 2.868890e-07
2.892157e-01 5.441176e-01 1.879947e-07
2.990196e-01 5.441176e-01 1.218983e-07
3.088235e-01 5.441176e-01 7.821354e-08
3.186275e-01 5.441176e-01 4.966040e-08
3.284314e-01 5.441176e-01 3.120285e-08
3.382353e-01 5.441176e-01 1.940207e-08
3.480392e-01 5.441176e-01 1.193966e-08
3.578431e-01 5.441176e-01 7.272347e-09
3.676471e-01 5.441176e-01 4.385766e-09
3.774510e-01 5.441176e-01 2.621967e-09
3.872549e-01 5.441176e-01 1.560539e-09
3.970588e-01 5.441176e-01 9.384435e-10
4.068627e-01 5.441176e-01 5.976397e-10
4.166667e-01 5.441176e-01 4.529949e-10
4.264706e-01 5.441176e-01 4.758541e-10
4.362745e-01 5.441176e-01 6.911778e-10
4.460784e-01 5.441176e-01 1.188629e-09
4.558824e-01 5.441176e-01 2.150656e-09
4.656863e-01 5.441176e-01 3.903755e-09
4.754902e-01 5.441176e-01 7.003001e-09
4.852941e-01 5.441176e-01 1.236493e-08
4.950980e-01 5.441176e-01 2.147017e-08
5.049020e-01 5.441176e-01 3.666494e-08
5.147059e-01 5.441176e-01 6.159998e-08
5.245098e-01 5.441176e-01 1.018556e-07
5.343137e-01 5.441176e-01 1.658128e-07
5.441176e-01 5.441176e-01 2.658399e-07
5.539216e-01 5.441176e-01 4.198712e-07
5.637255e-01 5.441176e-01 6.534570e-07
5.735294e-01 5.441176e-01 1.002353e-06
5.833333e-01 5.441176e-01 1.515701e-06
5.931373e-01 5.441176e-01 2.259805e-06
6.029412e-01 5.441176e-01 3.322465e-06
6.127451e-01 5.441176e-01 4.817716e-06
6.225490e-01 5.441176e-01 6.890742e-06
6.323529e-01 5.441176e-01 9.722603e-06
6.421569e-01 5.441176e-01 1.353424e-05
6.519608e-01 5.441176e-01 1.858915e-05
6.617647e-01 5.441176e-01 2.519390e-05
6.715686e-01 5.441176e-01 3.369582e-05
6.813725e-01 5.441176e-01 4.447674e-05
6.911765e-01 5.441176e-01 5.794243e-05
7.009804e-01 5.441176e-01 7.450686e-05
7.107843e-01 5.441176e-01 9.457136e-05
7.205882e-01 5.441176e-01 1.184988e-04
7.303922e-01 5.441176e-01 1.465836e-04
7.401961e-01 5.441176e-01 1.790194e-04
7.500000e-01 5.441176e-01 2.158653e-04
7.598039e-01 5.441176e-01 2.570151e-04
7.696078e-01 5.441176e-01 3.021703e-04
7.794118e-01 5.441176e-01 3.508215e-04
7.892157e-01 5.441176e-01 4.022402e-04
7.990196e-01 5.441176e-01 4.554837e-04
8.088235e-01 5.441176e-01 5.094145e-04
8.186275e-01 5.441176e-01 5.627344e-04
8.284314e-01 5.441176e-01 6.140329e-04
8.382353e-01 5.441176e-01 6.618475e-04
8.480392e-01 5.441176e-01 7.047322e-04
8.578431e-01 5.441176e-01 7.413302e-04
8.676471e-01 5.441176e-01 7.704453e-04
8.774510e-01 5.441176e-01 7.911075e-04
8.872549e-01 5.441176e-01 8.026264e-04
8.970588e-01 5.441176e-01 8.046296e-04
9.068627e-01 5.441176e-01 7.970828e-04
9.166667e-01 5.441176e-01 7.802891e-04
9.264706e-01 5.441176e-01 7.548697e-04
9.362745e-01 5.441176e-01 7.217259e-04
9.460784e-01 5.441176e-01 6.819860e-04
9.558824e-01 5.441176e-01 6.369427e-04
9.656863e-01 5.441176e-01 5.879844e-04
9.754902e-01 5.441176e-01 5.365252e-04
9.852941e-01 5.441176e-01 4.839399e-04
9.950980e-01 5.441176e-01 4.315069e-04
4.901961e-03 5.539216e-01 7.127183e-04
1.470588e-02 5.539216e-01 6.344248e-04
2.450980e-02 5.539216e-01 5.582804e-04
3.431373e-02 5.539216e-01 4.856819e-04
4.411765e-02 5.539216e-01 4.177305e-04
5.392157e-02 5.539216e-01 3.552237e-04
6.372549e-02 5.539216e-01 2.986663e-04
7.352941e-02 5.539216e-01 2.482934e-04
8.333333e-02 5.539216e-01 2.041059e-04
9.313725e-02 5.539216e-01 1.659102e-04
1.029412e-01 5.539216e-01 1.333626e-04
1.127451e-01 5.539216e-01 1.060117e-04
1.225490e-01 5.539216e-01 8.333887e-05
1.323529e-01 5.539216e-01 6.479345e-05
1.421569e-01 5.539216e-01 4.982176e-05
1.519608e-01 5.539216e-01 3.789016e-05
1.617647e-01 5.539216e-01 2.850150e-05
1.715686e-01 5.539216e-01 2.120593e-05
1.813725e-01 5.539216e-01 1.560664e-05
1.911765e-01 5.539216e-01 1.136156e-05
2.009804e-01 5.539216e-01 8.181955e-06
2.107843e-01 5.539216e-01 5.828811e-06
2.205882e-01 5.539216e-01 4.107902e-06
2.303922e-01 5.539216e-01 2.864117e-06
2.401961e-01 5.539216e-01 1.975626e-06
2.500000e-01 5.539216e-01 1.348265e-06
2.598039e-01 5.539216e-01 9.103631e-07
2.696078e-01 5.539216e-01 6.081845e-07
2.794118e-01 5.539216e-01 4.020219e-07
2.892157e-01 5.539216e-01 2.629480e-07
2.990196e-01 5.539216e-01 1.701796e-07
3.088235e-01 5.539216e-01 1.089870e-07
3.186275e-01 5.539216e-01 6.906892e-08
3.284314e-01 5.539216e-01 4.331556e-08
3.382353e-01 5.539216e-01 2.688268e-08
3.480392e-01 5.539216e-01 1.651167e-08
3.578431e-01 5.539216e-01 1.003817e-08
3.676471e-01 5.539216e-01 6.042793e-09
3.774510e-01 5.539216e-01 3.607088e-09
3.872549e-01 5.539216e-01 2.145845e-09
3.970588e-01 5.539216e-01 1.294485e-09
4.068627e-01 5.539216e-01 8.359410e-10
4.166667e-01 5.539216e-01 6.565095e-10
4.264706e-01 5.539216e-01 7.242900e-10
4.362745e-01 5.539216e-01 1.087610e-09
4.460784e-01 5.539216e-01 1.894510e-09
4.558824e-01 5.539216e-01 3.438389e-09
4.656863e-01 5.539216e-01 6.239737e-09
4.754902e-01 5.539216e-01 1.117987e-08
4.852941e-01 5.539216e-01 1.971030e-08
4.950980e-01 5.539216e-01 3.417105e-08
5.049020e-01 5.539216e-01 5.826323e-08
5.147059e-01 5.539216e-01 9.773527e-08
5.245098e-01 5.539216e-01 1.613580e-07
5.343137e-01 5.539216e-01 2.622804e-07
5.441176e-01 5.539216e-01 4.198712e-07
5.539216e-01 5.539216e-01 6.621638e-07
5.637255e-01 5.539216e-01 1.029020e-06
5.735294e-01 5.539216e-01 1.576115e-06
5.833333e-01 5.539216e-01 2.379815e-06
5.931373e-01 5.539216e-01 3.542945e-06
6.029412e-01 5.539216e-01 5.201373e-06
6.127451e-01 5.539216e-01 7.531176e-06
6.225490e-01 5.539216e-01 1.075601e-05
6.323529e-01 5.539216e-01 1.515409e-05
6.421569e-01 5.539216e-01 2.106406e-05
6.519608e-01 5.539216e-01 2.888862e-05
6.617647e-01 5.539216e-01 3.909488e-05
6.715686e-01 5.539216e-01 5.221019e-05
6.813725e-01 5.539216e-01 6.881209e-05
6.911765e-01 5.539216e-01 8.951145e-05
7.009804e-01 5.539216e-01 1.149280e-04
7.107843e-01 5.539216e-01 1.456579e-04
7.205882e-01 5.539216e-01 1.822345e-04
7.303922e-01 5.539216e-01 2.250825e-04
7.401961e-01 5.539216e-01 2.744689e-04
7.500000e-01 5.539216e-01 3.304533e-04
7.598039e-01 5.539216e-01 3.928414e-04
7.696078e-01 5.539216e-01 4.611466e-04
7.794118e-01 5.539216e-01 5.345636e-04
7.892157e-01 5.539216e-01 6.119582e-04
7.990196e-01 5.539216e-01 6.918781e-04
8.088235e-01 5.539216e-01 7.725839e-04
8.186275e-01 5.539216e-01 8.521043e-04
8.284314e-01 5.539216e-01 9.283103e-04
8.382353e-01 5.539216e-01 9.990079e-04
8.480392e-01 5.539216e-01 1.062042e-03
8.578431e-01 5.539216e-01 1.115407e-03
8.676471e-01 5.539216e-01 1.157350e-03
8.774510e-01 5.539216e-01 1.186471e-03
8.872549e-01 5.539216e-01 1.201796e-03
8.970588e-01 5.539216e-01 1.202836e-03
9.068627e-01 5.539216e-01 1.189609e-03
9.166667e-01 5.539216e-01 1.162637e-03
9.264706e-01 5.539216e-01 1.122912e-03
9.362745e-01 5.539216e-01 1.071835e-03
9.460784e-01 5.539216e-01 1.011139e-03
9.558824e-01 5.539216e-01 9.427849e-04
9.656863e-01 5.539216e-01 8.688647e-04
9.754902e-01 5.539216e-01 7.914944e-04
9.852941e-01 5.539216e-01 7.127183e-04
9.950980e-01 5.539216e-01 6.344248e-04
4.901961e-03 5.637255e-01 1.034437e-03
1.470588e-02 5.637255e-01 9.192445e-04
2.450980e-02 5.637255e-01 8.075421e-04
3.431373e-02 5.637255e-01 7.013324e-04
4.411765e-02 5.637255e-01 6.021774e-04
5.392157e-02 5.637255e-01 5.111916e-04
6.372549e-02 5.637255e-01 4.290605e-04
7.352941e-02 5.637255e-01 3.560783e-04
8.333333e-02 5.637255e-01 2.922004e-04
9.313725e-02 5.637255e-01 2.371049e-04
1.029412e-01 5.637255e-01 1.902570e-04
1.127451e-01 5.637255e-01 1.509721e-04
1.225490e-01 5.637255e-01 1.184744e-04
1.323529e-01 5.637255e-01 9.194722e-05
1.421569e-01 5.637255e-01 7.057559e-05
1.519608e-01 5.637255e-01 5.357805e-05
1.617647e-01 5.637255e-01 4.023004e-05
1.715686e-01 5.637255e-01 2.987854e-05
1.813725e-01 5.637255e-01 2.194967e-05
1.911765e-01 5.637255e-01 1.595035e-05
2.009804e-01 5.637255e-01 1.146568e-05
2.107843e-01 5.637255e-01 8.153245e-06
2.205882e-01 5.637255e-01 5.735556e-06
2.303922e-01 5.637255e-01 3.991611e-06
2.401961e-01 5.637255e-01 2.748283e-06
2.500000e-01 5.637255e-01 1.872096e-06
2.598039e-01 5.637255e-01 1.261714e-06
2.696078e-01 5.637255e-01 8.413407e-07
2.794118e-01 5.637255e-01 5.551032e-07
2.892157e-01 5.637255e-01 3.623918e-07
2.990196e-01 5.637255e-01 2.340980e-07
3.088235e-01 5.637255e-01 1.496385e-07
3.186275e-01 5.637255e-01 9.465144e-08
3.284314e-01 5.637255e-01 5.924634e-08
3.382353e-01 5.637255e-01 3.669957e-08
3.480392e-01 5.637255e-01 2.249832e-08
3.578431e-01 5.637255e-01 1.365186e-08
3.676471e-01 5.637255e-01 8.203360e-09
3.774510e-01 5.637255e-01 4.889621e-09
3.872549e-01 5.637255e-01 2.908171e-09
3.970588e-01 5.637255e-01 1.761390e-09
4.068627e-01 5.637255e-01 1.156046e-09
4.166667e-01 5.637255e-01 9.436139e-10
4.264706e-01 5.637255e-01 1.092797e-09
4.362745e-01 5.637255e-01 1.691153e-09
4.460784e-01 5.637255e-01 2.978142e-09
4.558824e-01 5.637255e-01 5.417964e-09
4.656863e-01 5.637255e-01 9.827799e-09
4.754902e-01 5.637255e-01 1.758620e-08
4.852941e-01 5.637255e-01 3.095810e-08
4.950980e-01 5.637255e-01 5.358753e-08
5.049020e-01 5.637255e-01 9.122736e-08
5.147059e-01 5.637255e-01 1.527966e-07
5.245098e-01 5.637255e-01 2.518793e-07
5.343137e-01 5.637255e-01 4.088031e-07
5.441176e-01 5.637255e-01 6.534570e-07
5.539216e-01 5.637255e-01 1.029020e-06
5.637255e-01 5.637255e-01 1.596774e-06
5.735294e-01 5.637255e-01 2.442145e-06
5.833333e-01 5.637255e-01 3.682074e-06
5.931373e-01 5.637255e-01 5.473697e-06
6.029412e-01 5.637255e-01 8.024199e-06
6.127451e-01 5.637255e-01 1.160148e-05
6.225490e-01 5.637255e-01 1.654504e-05
6.323529e-01 5.637255e-01 2.327618e-05
6.421569e-01 5.637255e-01 3.230631e-05
6.519608e-01 5.637255e-01 4.424186e-05
6.617647e-01 5.637255e-01 5.978413e-05
6.715686e-01 5.637255e-01 7.972203e-05
6.813725e-01 5.637255e-01 1.049162e-04
6.911765e-01 5.637255e-01 1.362725e-04
7.009804e-01 5.637255e-01 1.747048e-04
7.107843e-01 5.637255e-01 2.210853e-04
7.205882e-01 5.637255e-01 2.761851e-04
7.303922e-01 5.637255e-01 3.406062e-04
7.401961e-01 5.637255e-01 4.147079e-04
7.500000e-01 5.637255e-01 4.985340e-04
7.598039e-01 5.637255e-01 5.917451e-04
7.696078e-01 5.637255e-01 6.935635e-04
7.794118e-01 5.637255e-01 8.027374e-04
7.892157e-01 5.637255e-01 9.175295e-04
7.990196e-01 5.637255e-01 1.035736e-03
8.088235e-01 5.637255e-01 1.154739e-03
8.186275e-01 5.637255e-01 1.271588e-03
8.284314e-01 5.637255e-01 1.383119e-03
8.382353e-01 5.637255e-01 1.486090e-03
8.480392e-01 5.637255e-01 1.577339e-03
8.578431e-01 5.637255e-01 1.653945e-03
8.676471e-01 5.637255e-01 1.713380e-03
8.774510e-01 5.637255e-01 1.753657e-03
8.872549e-01 5.637255e-01 1.773430e-03
8.970588e-01 5.637255e-01 1.772078e-03
9.068627e-01 5.637255e-01 1.749729e-03
9.166667e-01 5.637255e-01 1.707253e-03
9.264706e-01 5.637255e-01 1.646205e-03
9.362745e-01 5.637255e-01 1.568729e-03
9.460784e-01 5.637255e-01 1.477439e-03
9.558824e-01 5.637255e-01 1.375268e-03
9.656863e-01 5.637255e-01 1.265320e-03
9.754902e-01 5.637255e-01 1.150711e-03
9.852941e-01 5.637255e-01 1.034437e-03
9.950980e-01 5.637255e-01 9.192445e-04
4.901961e-03 5.735294e-01 1.479815e-03
1.470588e-02 5.735294e-01 1.312796e-03
2.450980e-02 5.735294e-01 1.151308e-03
3.431373e-02 5.735294e-01 9.981760e-04
4.411765e-02 5.735294e-01 8.555822e-04
5.392157e-02 5.735294e-01 7.250571e-04
6.372549e-02 5.735294e-01 6.075126e-04
7.352941e-02 5.735294e-01 5.033007e-04
8.333333e-02 5.735294e-01 4.122923e-04
9.313725e-02 5.735294e-01 3.339677e-04
1.029412e-01 5.735294e-01 2.675107e-04
1.127451e-01 5.735294e-01 2.119000e-04
1.225490e-01 5.735294e-01 1.659928e-04
1.323529e-01 5.735294e-01 1.285971e-04
1.421569e-01 5.735294e-01 9.853079e-05
1.519608e-01 5.735294e-01 7.466657e-05
1.617647e-01 5.735294e-01 5.596399e-05
1.715686e-01 5.735294e-01 4.148906e-05
1.813725e-01 5.735294e-01 3.042392e-05
1.911765e-01 5.735294e-01 2.206823e-05
2.009804e-01 5.735294e-01 1.583449e-05
2.107843e-01 5.735294e-01 1.123929e-05
2.205882e-01 5.735294e-01 7.891966e-06
2.303922e-01 5.735294e-01 5.482215e-06
2.401961e-01 5.735294e-01 3.767598e-06
2.500000e-01 5.735294e-01 2.561671e-06
2.598039e-01 5.735294e-01 1.723238e-06
2.696078e-01 5.735294e-01 1.146945e-06
2.794118e-01 5.735294e-01 7.553144e-07
2.892157e-01 5.735294e-01 4.921671e-07
2.990196e-01 5.735294e-01 3.173285e-07
3.088235e-01 5.735294e-01 2.024553e-07
3.186275e-01 5.735294e-01 1.278157e-07
3.284314e-01 5.735294e-01 7.985222e-08
3.382353e-01 5.735294e-01 4.936882e-08
3.480392e-01 5.735294e-01 3.020706e-08
3.578431e-01 5.735294e-01 1.829476e-08
3.676471e-01 5.735294e-01 1.097358e-08
3.774510e-01 5.735294e-01 6.531741e-09
3.872549e-01 5.735294e-01 3.885135e-09
3.970588e-01 5.735294e-01 2.364902e-09
4.068627e-01 5.735294e-01 1.581526e-09
4.166667e-01 5.735294e-01 1.345625e-09
4.264706e-01 5.735294e-01 1.634096e-09
4.362745e-01 5.735294e-01 2.598160e-09
4.460784e-01 5.735294e-01 4.617792e-09
4.558824e-01 5.735294e-01 8.415895e-09
4.656863e-01 5.735294e-01 1.525641e-08
4.754902e-01 5.735294e-01 2.726427e-08
4.852941e-01 5.735294e-01 4.792245e-08
4.950980e-01 5.735294e-01 8.282371e-08
5.049020e-01 5.735294e-01 1.407812e-07
5.147059e-01 5.735294e-01 2.354337e-07
5.245098e-01 5.735294e-01 3.875168e-07
5.343137e-01 5.735294e-01 6.280037e-07
5.441176e-01 5.735294e-01 1.002353e-06
5.539216e-01 5.735294e-01 1.576115e-06
5.637255e-01 5.735294e-01 2.442145e-06
5.735294e-01 5.735294e-01 3.729635e-06
5.833333e-01 5.735294e-01 5.615076e-06
5.931373e-01 5.735294e-01 8.335143e-06
6.029412e-01 5.735294e-01 1.220122e-05
6.127451e-01 5.735294e-01 1.761506e-05
6.225490e-01 5.735294e-01 2.508456e-05
6.323529e-01 5.735294e-01 3.523847e-05
6.421569e-01 5.735294e-01 4.883796e-05
6.519608e-01 5.735294e-01 6.678309e-05
6.617647e-01 5.735294e-01 9.011139e-05
6.715686e-01 5.735294e-01 1.199860e-04
6.813725e-01 5.735294e-01 1.576704e-04
6.911765e-01 5.735294e-01 2.044886e-04
7.009804e-01 5.735294e-01 2.617677e-04
7.107843e-01 5.735294e-01 3.307642e-04
7.205882e-01 5.735294e-01 4.125757e-04
7.303922e-01 5.735294e-01 5.080397e-04
7.401961e-01 5.735294e-01 6.176271e-04
7.500000e-01 5.735294e-01 7.413354e-04
7.598039e-01 5.735294e-01 8.785927e-04
7.696078e-01 5.735294e-01 1.028180e-03
7.794118e-01 5.735294e-01 1.188184e-03
7.892157e-01 5.735294e-01 1.355983e-03
7.990196e-01 5.735294e-01 1.528286e-03
8.088235e-01 5.735294e-01 1.701209e-03
8.186275e-01 5.735294e-01 1.870405e-03
8.284314e-01 5.735294e-01 2.031240e-03
8.382353e-01 5.735294e-01 2.178996e-03
8.480392e-01 5.735294e-01 2.309101e-03
8.578431e-01 5.735294e-01 2.417366e-03
8.676471e-01 5.735294e-01 2.500207e-03
8.774510e-01 5.735294e-01 2.554845e-03
8.872549e-01 5.735294e-01 2.579461e-03
8.970588e-01 5.735294e-01 2.573295e-03
9.068627e-01 5.735294e-01 2.536685e-03
9.166667e-01 5.735294e-01 2.471041e-03
9.264706e-01 5.735294e-01 2.378751e-03
9.362745e-01 5.735294e-01 2.263047e-03
9.460784e-01 5.735294e-01 2.127809e-03
9.558824e-01 5.735294e-01 1.977356e-03
9.656863e-01 5.735294e-01 1.816223e-03
9.754902e-01 5.735294e-01 1.648937e-03
9.852941e-01 5.735294e-01 1.479815e-03
9.950980e-01 5.735294e-01 1.312796e-03
4.901961e-03 5.833333e-01 2.086793e-03
1.470588e-02 5.833333e-01 1.848118e-03
2.450980e-02 5.833333e-01 1.618010e-03
3.431373e-02 5.833333e-01 1.400397e-03
4.411765e-02 5.833333e-01 1.198277e-03
5.392157e-02 5.833333e-01 1.013715e-03
6.372549e-02 5.833333e-01 8.478993e-04
7.352941e-02 5.833333e-01 7.012273e-04
8.333333e-02 5.833333e-01 5.734240e-04
9.313725e-02 5.833333e-01 4.636726e-04
1.029412e-01 5.833333e-01 3.707502e-04
1.127451e-01 5.833333e-01 2.931578e-04
1.225490e-01 5.833333e-01 2.292382e-04
1.323529e-01 5.833333e-01 1.772774e-04
1.421569e-01 5.833333e-01 1.355861e-04
1.519608e-01 5.833333e-01 1.025623e-04
1.617647e-01 5.833333e-01 7.673358e-05
1.715686e-01 5.833333e-01 5.678355e-05
1.813725e-01 5.833333e-01 4.156362e-05
1.911765e-01 5.833333e-01 3.009344e-05
2.009804e-01 5.833333e-01 2.155319e-05
2.107843e-01 5.833333e-01 1.527026e-05
2.205882e-01 5.833333e-01 1.070261e-05
2.303922e-01 5.833333e-01 7.420866e-06
2.401961e-01 5.833333e-01 5.090424e-06
2.500000e-01 5.833333e-01 3.454624e-06
2.598039e-01 5.833333e-01 2.319570e-06
2.696078e-01 5.833333e-01 1.540943e-06
2.794118e-01 5.833333e-01 1.012862e-06
2.892157e-01 5.833333e-01 6.587353e-07
2.990196e-01 5.833333e-01 4.239163e-07
3.088235e-01 5.833333e-01 2.699414e-07
3.186275e-01 5.833333e-01 1.700949e-07
3.284314e-01 5.833333e-01 1.060615e-07
3.382353e-01 5.833333e-01 6.544628e-08
3.480392e-01 5.833333e-01 3.996716e-08
3.578431e-01 5.833333e-01 2.415996e-08
3.676471e-01 5.833333e-01 1.446594e-08
3.774510e-01 5.833333e-01 8.599315e-09
3.872549e-01 5.833333e-01 5.117140e-09
3.970588e-01 5.833333e-01 3.134088e-09
4.068627e-01 5.833333e-01 2.141548e-09
4.166667e-01 5.833333e-01 1.904445e-09
4.264706e-01 5.833333e-01 2.421211e-09
4.362745e-01 5.833333e-01 3.943443e-09
4.460784e-01 5.833333e-01 7.063244e-09
4.558824e-01 5.833333e-01 1.288917e-08
4.656863e-01 5.833333e-01 2.334768e-08
4.754902e-01 5.833333e-01 4.166711e-08
4.852941e-01 5.833333e-01 7.312715e-08
4.950980e-01 5.833333e-01 1.261892e-07
5.049020e-01 5.833333e-01 2.141623e-07
5.147059e-01 5.833333e-01 3.576065e-07
5.245098e-01 5.833333e-01 5.877233e-07
5.343137e-01 5.833333e-01 9.510360e-07
5.441176e-01 5.833333e-01 1.515701e-06
5.539216e-01 5.833333e-01 2.379815e-06
5.637255e-01 5.833333e-01 3.682074e-06
5.735294e-01 5.833333e-01 5.615076e-06
5.833333e-01 5.833333e-01 8.441407e-06
5.931373e-01 5.833333e-01 1.251246e-05
6.029412e-01 5.833333e-01 1.828958e-05
6.127451e-01 5.833333e-01 2.636662e-05
6.225490e-01 5.833333e-01 3.749262e-05
6.323529e-01 5.833333e-01 5.259250e-05
6.421569e-01 5.833333e-01 7.278299e-05
6.519608e-01 5.833333e-01 9.938079e-05
6.617647e-01 5.833333e-01 1.338988e-04
6.715686e-01 5.833333e-01 1.780271e-04
6.813725e-01 5.833333e-01 2.335942e-04
6.911765e-01 5.833333e-01 3.025062e-04
7.009804e-01 5.833333e-01 3.866620e-04
7.107843e-01 5.833333e-01 4.878446e-04
7.205882e-01 5.833333e-01 6.075908e-04
7.303922e-01 5.833333e-01 7.470451e-04
7.401961e-01 5.833333e-01 9.068053e-04
7.500000e-01 5.833333e-01 1.086771e-03
7.598039e-01 5.833333e-01 1.286007e-03
7.696078e-01 5.833333e-01 1.502639e-03
7.794118e-01 5.833333e-01 1.733786e-03
7.892157e-01 5.833333e-01 1.975558e-03
7.990196e-01 5.833333e-01 2.223108e-03
8.088235e-01 5.833333e-01 2.470762e-03
8.186275e-01 5.833333e-01 2.712210e-03
8.284314e-01 5.833333e-01 2.940764e-03
8.382353e-01 5.833333e-01 3.149661e-03
8.480392e-01 5.833333e-01 3.332389e-03
8.578431e-01 5.833333e-01 3.483032e-03
8.676471e-01 5.833333e-01 3.596585e-03
8.774510e-01 5.833333e-01 3.669233e-03
8.872549e-01 5.833333e-01 3.698563e-03
8.970588e-01 5.833333e-01 3.683698e-03
9.068627e-01 5.833333e-01 3.625336e-03
9.166667e-01 5.833333e-01 3.525704e-03
9.264706e-01 5.833333e-01 3.388413e-03
9.362745e-01 5.833333e-01 3.218245e-03
9.460784e-01 5.833333e-01 3.020879e-03
9.558824e-01 5.833333e-01 2.802580e-03
9.656863e-01 5.833333e-01 2.569873e-03
9.754902e-01 5.833333e-01 2.329232e-03
9.852941e-01 5.833333e-01 2.086793e-03
9.950980e-01 5.833333e-01 1.848118e-03
4.901961e-03 5.931373e-01 2.901123e-03
1.470588e-02 5.931373e-01 2.564919e-03
2.450980e-02 5.931373e-01 2.241710e-03
3.431373e-02 5.931373e-01 1.936870e-03
4.411765e-02 5.931373e-01 1.654454e-03
5.392157e-02 5.931373e-01 1.397200e-03
6.372549e-02 5.931373e-01 1.166618e-03
7.352941e-02 5.931373e-01 9.631241e-04
8.333333e-02 5.931373e-01 7.862037e-04
9.313725e-02 5.931373e-01 6.346049e-04
1.029412e-01 5.931373e-01 5.065276e-04
1.127451e-01 5.931373e-01 3.998064e-04
1.225490e-01 5.931373e-01 3.120749e-04
1.323529e-01 5.931373e-01 2.409048e-04
1.421569e-01 5.931373e-01 1.839183e-04
1.519608e-01 5.931373e-01 1.388710e-04
1.617647e-01 5.931373e-01 1.037099e-04
1.715686e-01 5.931373e-01 7.660650e-05
1.813725e-01 5.931373e-01 5.597079e-05
1.911765e-01 5.931373e-01 4.045030e-05
2.009804e-01 5.931373e-01 2.891748e-05
2.107843e-01 5.931373e-01 2.044989e-05
2.205882e-01 5.931373e-01 1.430629e-05
2.303922e-01 5.931373e-01 9.901049e-06
2.401961e-01 5.931373e-01 6.779022e-06
2.500000e-01 5.931373e-01 4.591949e-06
2.598039e-01 5.931373e-01 3.077400e-06
2.696078e-01 5.931373e-01 2.040517e-06
2.794118e-01 5.931373e-01 1.338684e-06
2.892157e-01 5.931373e-01 8.689791e-07
2.990196e-01 5.931373e-01 5.581439e-07
3.088235e-01 5.931373e-01 3.547319e-07
3.186275e-01 5.931373e-01 2.230917e-07
3.284314e-01 5.931373e-01 1.388381e-07
3.382353e-01 5.931373e-01 8.550523e-08
3.480392e-01 5.931373e-01 5.211580e-08
3.578431e-01 5.931373e-01 3.144384e-08
3.676471e-01 5.931373e-01 1.879421e-08
3.774510e-01 5.931373e-01 1.115901e-08
3.872549e-01 5.931373e-01 6.645968e-09
3.970588e-01 5.931373e-01 4.101152e-09
4.068627e-01 5.931373e-01 2.872018e-09
4.166667e-01 5.931373e-01 2.675639e-09
4.264706e-01 5.931373e-01 3.553842e-09
4.362745e-01 5.931373e-01 5.912494e-09
4.460784e-01 5.931373e-01 1.065841e-08
4.558824e-01 5.931373e-01 1.946611e-08
4.656863e-01 5.931373e-01 3.522966e-08
4.754902e-01 5.931373e-01 6.278436e-08
4.852941e-01 5.931373e-01 1.100206e-07
4.950980e-01 5.931373e-01 1.895597e-07
5.049020e-01 5.931373e-01 3.212179e-07
5.147059e-01 5.931373e-01 5.355526e-07
5.245098e-01 5.931373e-01 8.788549e-07
5.343137e-01 5.931373e-01 1.420022e-06
5.441176e-01 5.931373e-01 2.259805e-06
5.539216e-01 5.931373e-01 3.542945e-06
5.637255e-01 5.931373e-01 5.473697e-06
5.735294e-01 5.931373e-01 8.335143e-06
5.833333e-01 5.931373e-01 1.251246e-05
5.931373e-01 5.931373e-01 1.852004e-05
6.029412e-01 5.931373e-01 2.703172e-05
6.127451e-01 5.931373e-01 3.891301e-05
6.225490e-01 5.931373e-01 5.525294e-05
6.323529e-01 5.931373e-01 7.739286e-05
6.421569e-01 5.931373e-01 1.069480e-04
6.519608e-01 5.931373e-01 1.458171e-04
6.617647e-01 5.931373e-01 1.961751e-04
6.715686e-01 5.931373e-01 2.604423e-04
6.813725e-01 5.931373e-01 3.412266e-04
6.911765e-01 5.931373e-01 4.412328e-04
7.009804e-01 5.931373e-01 5.631380e-04
7.107843e-01 5.931373e-01 7.094334e-04
7.205882e-01 5.931373e-01 8.822367e-04
7.303922e-01 5.931373e-01 1.083082e-03
7.401961e-01 5.931373e-01 1.312703e-03
7.500000e-01 5.931373e-01 1.570814e-03
7.598039e-01 5.931373e-01 1.855931e-03
7.696078e-01 5.931373e-01 2.165216e-03
7.794118e-01 5.931373e-01 2.494408e-03
7.892157e-01 5.931373e-01 2.837813e-03
7.990196e-01 5.931373e-01 3.188406e-03
8.088235e-01 5.931373e-01 3.538016e-03
8.186275e-01 5.931373e-01 3.877618e-03
8.284314e-01 5.931373e-01 4.197702e-03
8.382353e-01 5.931373e-01 4.488712e-03
8.480392e-01 5.931373e-01 4.741515e-03
8.578431e-01 5.931373e-01 4.947882e-03
8.676471e-01 5.931373e-01 5.100932e-03
8.774510e-01 5.931373e-01 5.195517e-03
8.872549e-01 5.931373e-01 5.228506e-03
8.970588e-01 5.931373e-01 5.198961e-03
9.068627e-01 5.931373e-01 5.108176e-03
9.166667e-01 5.931373e-01 4.959585e-03
9.264706e-01 5.931373e-01 4.758550e-03
9.362745e-01 5.931373e-01 4.512042e-03
9.460784e-01 5.931373e-01 4.228245e-03
9.558824e-01 5.931373e-01 3.916105e-03
9.656863e-01 5.931373e-01 3.584879e-03
9.754902e-01 5.931373e-01 3.243688e-03
9.852941e-01 5.931373e-01 2.901123e-03
9.950980e-01 5.931373e-01 2.564919e-03
4.901961e-03 6.029412e-01 3.976577e-03
1.470588e-02 6.029412e-01 3.509707e-03
2.450980e-02 6.029412e-01 3.062156e-03
3.431373e-02 6.029412e-01 2.641169e-03
4.411765e-02 6.029412e-01 2.252137e-03
5.392157e-02 6.029412e-01 1.898628e-03
6.372549e-02 6.029412e-01 1.582518e-03
7.352941e-02 6.029412e-01 1.304179e-03
8.333333e-02 6.029412e-01 1.062728e-03
9.313725e-02 6.029412e-01 8.562866e-04
1.029412e-01 6.029412e-01 6.822515e-04
1.127451e-01 6.029412e-01 5.375437e-04
1.225490e-01 6.029412e-01 4.188343e-04
1.323529e-01 6.029412e-01 3.227344e-04
1.421569e-01 6.029412e-01 2.459449e-04
1.519608e-01 6.029412e-01 1.853679e-04
1.617647e-01 6.029412e-01 1.381816e-04
1.715686e-01 6.029412e-01 1.018824e-04
1.813725e-01 6.029412e-01 7.430116e-05
1.911765e-01 6.029412e-01 5.359859e-05
2.009804e-01 6.029412e-01 3.824603e-05
2.107843e-01 6.029412e-01 2.699654e-05
2.205882e-01 6.029412e-01 1.885089e-05
2.303922e-01 6.029412e-01 1.302180e-05
2.401961e-01 6.029412e-01 8.898946e-06
2.500000e-01 6.029412e-01 6.016544e-06
2.598039e-01 6.029412e-01 4.024477e-06
2.696078e-01 6.029412e-01 2.663409e-06
2.794118e-01 6.029412e-01 1.743992e-06
2.892157e-01 6.029412e-01 1.129905e-06
2.990196e-01 6.029412e-01 7.243380e-07
3.088235e-01 6.029412e-01 4.594676e-07
3.186275e-01 6.029412e-01 2.883995e-07
3.284314e-01 6.029412e-01 1.791320e-07
3.382353e-01 6.029412e-01 1.101056e-07
3.480392e-01 6.029412e-01 6.697924e-08
3.578431e-01 6.029412e-01 4.033471e-08
3.676471e-01 6.029412e-01 2.406674e-08
3.774510e-01 6.029412e-01 1.427452e-08
3.872549e-01 6.029412e-01 8.512950e-09
3.970588e-01 6.029412e-01 5.301136e-09
4.068627e-01 6.029412e-01 3.816934e-09
4.166667e-01 6.029412e-01 3.732161e-09
4.264706e-01 6.029412e-01 5.166070e-09
4.362745e-01 6.029412e-01 8.756182e-09
4.460784e-01 6.029412e-01 1.586842e-08
4.558824e-01 6.029412e-01 2.899509e-08
4.656863e-01 6.029412e-01 5.242232e-08
4.754902e-01 6.029412e-01 9.329094e-08
4.852941e-01 6.029412e-01 1.632288e-07
4.950980e-01 6.029412e-01 2.808001e-07
5.049020e-01 6.029412e-01 4.750997e-07
5.147059e-01 6.029412e-01 7.909123e-07
5.245098e-01 6.029412e-01 1.295960e-06
5.343137e-01 6.029412e-01 2.090858e-06
5.441176e-01 6.029412e-01 3.322465e-06
5.539216e-01 6.029412e-01 5.201373e-06
5.637255e-01 6.029412e-01 8.024199e-06
5.735294e-01 6.029412e-01 1.220122e-05
5.833333e-01 6.029412e-01 1.828958e-05
5.931373e-01 6.029412e-01 2.703172e-05
6.029412e-01 6.029412e-01 3.939821e-05
6.127451e-01 6.029412e-01 5.663272e-05
6.225490e-01 6.029412e-01 8.029651e-05
6.323529e-01 6.029412e-01 1.123076e-04
6.421569e-01 6.029412e-01 1.549693e-04
6.519608e-01 6.029412e-01 2.109814e-04
6.617647e-01 6.029412e-01 2.834259e-04
6.715686e-01 6.029412e-01 3.757202e-04
6.813725e-01 6.029412e-01 4.915305e-04
6.911765e-01 6.029412e-01 6.346393e-04
7.009804e-01 6.029412e-01 8.087653e-04
7.107843e-01 6.029412e-01 1.017337e-03
7.205882e-01 6.029412e-01 1.263225e-03
7.303922e-01 6.029412e-01 1.548447e-03
7.401961e-01 6.029412e-01 1.873861e-03
7.500000e-01 6.029412e-01 2.238869e-03
7.598039e-01 6.029412e-01 2.641164e-03
7.696078e-01 6.029412e-01 3.076532e-03
7.794118e-01 6.029412e-01 3.538759e-03
7.892157e-01 6.029412e-01 4.019643e-03
7.990196e-01 6.029412e-01 4.509146e-03
8.088235e-01 6.029412e-01 4.995677e-03
8.186275e-01 6.029412e-01 5.466511e-03
8.284314e-01 6.029412e-01 5.908325e-03
8.382353e-01 6.029412e-01 6.307813e-03
8.480392e-01 6.029412e-01 6.652354e-03
8.578431e-01 6.029412e-01 6.930675e-03
8.676471e-01 6.029412e-01 7.133466e-03
8.774510e-01 6.029412e-01 7.253898e-03
8.872549e-01 6.029412e-01 7.288007e-03
8.970588e-01 6.029412e-01 7.234910e-03
9.068627e-01 6.029412e-01 7.096833e-03
9.166667e-01 6.029412e-01 6.878965e-03
9.264706e-01 6.029412e-01 6.589134e-03
9.362745e-01 6.029412e-01 6.237343e-03
9.460784e-01 6.029412e-01 5.835206e-03
9.558824e-01 6.029412e-01 5.395317e-03
9.656863e-01 6.029412e-01 4.930608e-03
9.754902e-01 6.029412e-01 4.453744e-03
9.852941e-01 6.029412e-01 3.976577e-03
9.950980e-01 6.029412e-01 3.509707e-03
4.901961e-03 6.127451e-01 5.374617e-03
1.470588e-02 6.127451e-01 4.735428e-03
2.450980e-02 6.127451e-01 4.124419e-03
3.431373e-02 6.127451e-01 3.551203e-03
4.411765e-02 6.127451e-01 3.022837e-03
5.392157e-02 6.127451e-01 2.543885e-03
6.372549e-02 6.127451e-01 2.116608e-03
7.352941e-02 6.127451e-01 1.741246e-03
8.333333e-02 6.127451e-01 1.416357e-03
9.313725e-02 6.127451e-01 1.139186e-03
1.029412e-01 6.127451e-01 9.060280e-04
1.127451e-01 6.127451e-01 7.125727e-04
1.225490e-01 6.127451e-01 5.542081e-04
1.323529e-01 6.127451e-01 4.262730e-04
1.421569e-01 6.127451e-01 3.242568e-04
1.519608e-01 6.127451e-01 2.439447e-04
1.617647e-01 6.127451e-01 1.815138e-04
1.715686e-01 6.127451e-01 1.335850e-04
1.813725e-01 6.127451e-01 9.724114e-05
1.911765e-01 6.127451e-01 7.001654e-05
2.009804e-01 6.127451e-01 4.986814e-05
2.107843e-01 6.127451e-01 3.513430e-05
2.205882e-01 6.127451e-01 2.448716e-05
2.303922e-01 6.127451e-01 1.688331e-05
2.401961e-01 6.127451e-01 1.151600e-05
2.500000e-01 6.127451e-01 7.771127e-06
2.598039e-01 6.127451e-01 5.188199e-06
2.696078e-01 6.127451e-01 3.426985e-06
2.794118e-01 6.127451e-01 2.239664e-06
2.892157e-01 6.127451e-01 1.448241e-06
2.990196e-01 6.127451e-01 9.266120e-07
3.088235e-01 6.127451e-01 5.866321e-07
3.186275e-01 6.127451e-01 3.674995e-07
3.284314e-01 6.127451e-01 2.278158e-07
3.382353e-01 6.127451e-01 1.397548e-07
3.480392e-01 6.127451e-01 8.484926e-08
3.578431e-01 6.127451e-01 5.099873e-08
3.676471e-01 6.127451e-01 3.037824e-08
3.774510e-01 6.127451e-01 1.800195e-08
3.872549e-01 6.127451e-01 1.075676e-08
3.970588e-01 6.127451e-01 6.771585e-09
4.068627e-01 6.127451e-01 5.030001e-09
4.166667e-01 6.127451e-01 5.168740e-09
4.264706e-01 6.127451e-01 7.435350e-09
4.362745e-01 6.127451e-01 1.280785e-08
4.460784e-01 6.127451e-01 2.331094e-08
4.558824e-01 6.127451e-01 4.260059e-08
4.656863e-01 6.127451e-01 7.693584e-08
4.754902e-01 6.127451e-01 1.367164e-07
4.852941e-01 6.127451e-01 2.388414e-07
4.950980e-01 6.127451e-01 4.102405e-07
5.049020e-01 6.127451e-01 6.930427e-07
5.147059e-01 6.127451e-01 1.151981e-06
5.245098e-01 6.127451e-01 1.884766e-06
5.343137e-01 6.127451e-01 3.036303e-06
5.441176e-01 6.127451e-01 4.817716e-06
5.539216e-01 6.127451e-01 7.531176e-06
5.637255e-01 6.127451e-01 1.160148e-05
5.735294e-01 6.127451e-01 1.761506e-05
5.833333e-01 6.127451e-01 2.636662e-05
5.931373e-01 6.127451e-01 3.891301e-05
6.029412e-01 6.127451e-01 5.663272e-05
6.127451e-01 6.127451e-01 8.128820e-05
6.225490e-01 6.127451e-01 1.150865e-04
6.323529e-01 6.127451e-01 1.607321e-04
6.421569e-01 6.127451e-01 2.214638e-04
6.519608e-01 6.127451e-01 3.010665e-04
6.617647e-01 6.127451e-01 4.038466e-04
6.715686e-01 6.127451e-01 5.345610e-04
6.813725e-01 6.127451e-01 6.982904e-04
6.911765e-01 6.127451e-01 9.002486e-04
7.009804e-01 6.127451e-01 1.145526e-03
7.107843e-01 6.127451e-01 1.438768e-03
7.205882e-01 6.127451e-01 1.783804e-03
7.303922e-01 6.127451e-01 2.183233e-03
7.401961e-01 6.127451e-01 2.638002e-03
7.500000e-01 6.127451e-01 3.147005e-03
7.598039e-01 6.127451e-01 3.706736e-03
7.696078e-01 6.127451e-01 4.311041e-03
7.794118e-01 6.127451e-01 4.950998e-03
7.892157e-01 6.127451e-01 5.614965e-03
7.990196e-01 6.127451e-01 6.288810e-03
8.088235e-01 6.127451e-01 6.956324e-03
8.186275e-01 6.127451e-01 7.599829e-03
8.284314e-01 6.127451e-01 8.200924e-03
8.382353e-01 6.127451e-01 8.741357e-03
8.480392e-01 6.127451e-01 9.203940e-03
8.578431e-01 6.127451e-01 9.573464e-03
8.676471e-01 6.127451e-01 9.837530e-03
8.774510e-01 6.127451e-01 9.987243e-03
8.872549e-01 6.127451e-01 1.001771e-02
8.970588e-01 6.127451e-01 9.928305e-03
9.068627e-01 6.127451e-01 9.722672e-03
9.166667e-01 6.127451e-01 9.408492e-03
9.264706e-01 6.127451e-01 8.997003e-03
9.362745e-01 6.127451e-01 8.502343e-03
9.460784e-01 6.127451e-01 7.940748e-03
9.558824e-01 6.127451e-01 7.329683e-03
9.656863e-01 6.127451e-01 6.686958e-03
9.754902e-01 6.127451e-01 6.029898e-03
9.852941e-01 6.127451e-01 5.374617e-03
9.950980e-01 6.127451e-01 4.735428e-03
4.901961e-03 6.225490e-01 7.163356e-03
1.470588e-02 6.225490e-01 6.300494e-03
2.450980e-02 6.225490e-01 5.477990e-03
3.431373e-02 6.225490e-01 4.708405e-03
4.411765e-02 6.225490e-01 4.000826e-03
5.392157e-02 6.225490e-01 3.360978e-03
6.372549e-02 6.225490e-01 2.791507e-03
7.352941e-02 6.225490e-01 2.292373e-03
8.333333e-02 6.225490e-01 1.861323e-03
9.313725e-02 6.225490e-01 1.494390e-03
1.029412e-01 6.225490e-01 1.186392e-03
1.127451e-01 6.225490e-01 9.313859e-04
1.225490e-01 6.225490e-01 7.230761e-04
1.323529e-01 6.225490e-01 5.551450e-04
1.421569e-01 6.225490e-01 4.215139e-04
1.519608e-01 6.225490e-01 3.165303e-04
1.617647e-01 6.225490e-01 2.350884e-04
1.715686e-01 6.225490e-01 1.726926e-04
1.813725e-01 6.225490e-01 1.254751e-04
1.911765e-01 6.225490e-01 9.017705e-05
2.009804e-01 6.225490e-01 6.410670e-05
2.107843e-01 6.225490e-01 4.508095e-05
2.205882e-01 6.225490e-01 3.136017e-05
2.303922e-01 6.225490e-01 2.158105e-05
2.401961e-01 6.225490e-01 1.469226e-05
2.500000e-01 6.225490e-01 9.895539e-06
2.598039e-01 6.225490e-01 6.593825e-06
2.696078e-01 6.225490e-01 4.347054e-06
2.794118e-01 6.225490e-01 2.835467e-06
2.892157e-01 6.225490e-01 1.829945e-06
2.990196e-01 6.225490e-01 1.168550e-06
3.088235e-01 6.225490e-01 7.383536e-07
3.186275e-01 6.225490e-01 4.616376e-07
3.284314e-01 6.225490e-01 2.856088e-07
3.382353e-01 6.225490e-01 1.748624e-07
3.480392e-01 6.225490e-01 1.059557e-07
3.578431e-01 6.225490e-01 6.356370e-08
3.676471e-01 6.225490e-01 3.780041e-08
3.774510e-01 6.225490e-01 2.238467e-08
3.872549e-01 6.225490e-01 1.341099e-08
3.970588e-01 6.225490e-01 8.552210e-09
4.068627e-01 6.225490e-01 6.576498e-09
4.166667e-01 6.225490e-01 7.106854e-09
4.264706e-01 6.225490e-01 1.059264e-08
4.362745e-01 6.225490e-01 1.850241e-08
4.460784e-01 6.225490e-01 3.379094e-08
4.558824e-01 6.225490e-01 6.174504e-08
4.656863e-01 6.225490e-01 1.113784e-07
4.754902e-01 6.225490e-01 1.976291e-07
4.852941e-01 6.225490e-01 3.447219e-07
4.950980e-01 6.225490e-01 5.911877e-07
5.049020e-01 6.225490e-01 9.971965e-07
5.147059e-01 6.225490e-01 1.655035e-06
5.245098e-01 6.225490e-01 2.703759e-06
5.343137e-01 6.225490e-01 4.349210e-06
5.441176e-01 6.225490e-01 6.890742e-06
5.539216e-01 6.225490e-01 1.075601e-05
5.637255e-01 6.225490e-01 1.654504e-05
5.735294e-01 6.225490e-01 2.508456e-05
5.833333e-01 6.225490e-01 3.749262e-05
5.931373e-01 6.225490e-01 5.525294e-05
6.029412e-01 6.225490e-01 8.029651e-05
6.127451e-01 6.225490e-01 1.150865e-04
6.225490e-01 6.225490e-01 1.626999e-04
6.323529e-01 6.225490e-01 2.268974e-04
6.421569e-01 6.225490e-01 3.121704e-04
6.519608e-01 6.225490e-01 4.237511e-04
6.617647e-01 6.225490e-01 5.675728e-04
6.715686e-01 6.225490e-01 7.501641e-04
6.813725e-01 6.225490e-01 9.784666e-04
6.911765e-01 6.225490e-01 1.259564e-03
7.009804e-01 6.225490e-01 1.600321e-03
7.107843e-01 6.225490e-01 2.006941e-03
7.205882e-01 6.225490e-01 2.484444e-03
7.303922e-01 6.225490e-01 3.036107e-03
7.401961e-01 6.225490e-01 3.662889e-03
7.500000e-01 6.225490e-01 4.362891e-03
7.598039e-01 6.225490e-01 5.130900e-03
7.696078e-01 6.225490e-01 5.958072e-03
7.794118e-01 6.225490e-01 6.831794e-03
7.892157e-01 6.225490e-01 7.735782e-03
7.990196e-01 6.225490e-01 8.650424e-03
8.088235e-01 6.225490e-01 9.553384e-03
8.186275e-01 6.225490e-01 1.042045e-02
8.284314e-01 6.225490e-01 1.122657e-02
8.382353e-01 6.225490e-01 1.194708e-02
8.480392e-01 6.225490e-01 1.255892e-02
8.578431e-01 6.225490e-01 1.304186e-02
8.676471e-01 6.225490e-01 1.337966e-02
8.774510e-01 6.225490e-01 1.356095e-02
8.872549e-01 6.225490e-01 1.357986e-02
8.970588e-01 6.225490e-01 1.343633e-02
9.068627e-01 6.225490e-01 1.313611e-02
9.166667e-01 6.225490e-01 1.269035e-02
9.264706e-01 6.225490e-01 1.211492e-02
9.362745e-01 6.225490e-01 1.142950e-02
9.460784e-01 6.225490e-01 1.065645e-02
9.558824e-01 6.225490e-01 9.819643e-03
9.656863e-01 6.225490e-01 8.943246e-03
9.754902e-01 6.225490e-01 8.050621e-03
9.852941e-01 6.225490e-01 7.163356e-03
9.950980e-01 6.225490e-01 6.300494e-03
4.901961e-03 6.323529e-01 9.415647e-03
1.470588e-02 6.323529e-01 8.267048e-03
2.450980e-02 6.323529e-01 7.175233e-03
3.431373e-02 6.323529e-01 6.156364e-03
4.411765e-02 6.323529e-01 5.221948e-03
5.392157e-02 6.323529e-01 4.379028e-03
6.372549e-02 6.323529e-01 3.630585e-03
7.352941e-02 6.323529e-01 2.976087e-03
8.333333e-02 6.323529e-01 2.412133e-03
9.313725e-02 6.323529e-01 1.933123e-03
1.029412e-01 6.323529e-01 1.531921e-03
1.127451e-01 6.323529e-01 1.200459e-03
1.225490e-01 6.323529e-01 9.302673e-04
1.323529e-01 6.323529e-01 7.129073e-04
1.421569e-01 6.323529e-01 5.403039e-04
1.519608e-01 6.323529e-01 4.049839e-04
1.617647e-01 6.323529e-01 3.002248e-04
1.715686e-01 6.323529e-01 2.201299e-04
1.813725e-01 6.323529e-01 1.596427e-04
1.911765e-01 6.323529e-01 1.145172e-04
2.009804e-01 6.323529e-01 8.125650e-05
2.107843e-01 6.323529e-01 5.703276e-05
2.205882e-01 6.323529e-01 3.959889e-05
2.303922e-01 6.323529e-01 2.719865e-05
2.401961e-01 6.323529e-01 1.848120e-05
2.500000e-01 6.323529e-01 1.242351e-05
2.598039e-01 6.323529e-01 8.262329e-06
2.696078e-01 6.323529e-01 5.436470e-06
2.794118e-01 6.323529e-01 3.539159e-06
2.892157e-01 6.323529e-01 2.279627e-06
2.990196e-01 6.323529e-01 1.452848e-06
3.088235e-01 6.323529e-01 9.161803e-07
3.186275e-01 6.323529e-01 5.716870e-07
3.284314e-01 6.323529e-01 3.529934e-07
3.382353e-01 6.323529e-01 2.156892e-07
3.480392e-01 6.323529e-01 1.304366e-07
3.578431e-01 6.323529e-01 7.810167e-08
3.676471e-01 6.323529e-01 4.637196e-08
3.774510e-01 6.323529e-01 2.744787e-08
3.872549e-01 6.323529e-01 1.650163e-08
3.970588e-01 6.323529e-01 1.068465e-08
4.068627e-01 6.323529e-01 8.535389e-09
4.166667e-01 6.323529e-01 9.700142e-09
4.264706e-01 6.323529e-01 1.493326e-08
4.362745e-01 6.323529e-01 2.639662e-08
4.460784e-01 6.323529e-01 4.833732e-08
4.558824e-01 6.323529e-01 8.829337e-08
4.656863e-01 6.323529e-01 1.590676e-07
4.754902e-01 6.323529e-01 2.818260e-07
4.852941e-01 6.323529e-01 4.908229e-07
4.950980e-01 6.323529e-01 8.404422e-07
5.049020e-01 6.323529e-01 1.415456e-06
5.147059e-01 6.323529e-01 2.345652e-06
5.245098e-01 6.323529e-01 3.826240e-06
5.343137e-01 6.323529e-01 6.145658e-06
5.441176e-01 6.323529e-01 9.722603e-06
5.539216e-01 6.323529e-01 1.515409e-05
5.637255e-01 6.323529e-01 2.327618e-05
5.735294e-01 6.323529e-01 3.523847e-05
5.833333e-01 6.323529e-01 5.259250e-05
5.931373e-01 6.323529e-01 7.739286e-05
6.029412e-01 6.323529e-01 1.123076e-04
6.127451e-01 6.323529e-01 1.607321e-04
6.225490e-01 6.323529e-01 2.268974e-04
6.323529e-01 6.323529e-01 3.159615e-04
6.421569e-01 6.323529e-01 4.340664e-04
6.519608e-01 6.323529e-01 5.883456e-04
6.617647e-01 6.323529e-01 7.868603e-04
6.715686e-01 6.323529e-01 1.038446e-03
6.813725e-01 6.323529e-01 1.352453e-03
6.911765e-01 6.323529e-01 1.738368e-03
7.009804e-01 6.323529e-01 2.205316e-03
7.107843e-01 6.323529e-01 2.761450e-03
7.205882e-01 6.323529e-01 3.413243e-03
7.303922e-01 6.323529e-01 4.164734e-03
7.401961e-01 6.323529e-01 5.016755e-03
7.500000e-01 6.323529e-01 5.966217e-03
7.598039e-01 6.323529e-01 7.005521e-03
7.696078e-01 6.323529e-01 8.122158e-03
7.794118e-01 6.323529e-01 9.298564e-03
7.892157e-01 6.323529e-01 1.051229e-02
7.990196e-01 6.323529e-01 1.173652e-02
8.088235e-01 6.323529e-01 1.294090e-02
8.186275e-01 6.323529e-01 1.409275e-02
8.284314e-01 6.323529e-01 1.515846e-02
8.382353e-01 6.323529e-01 1.610516e-02
8.480392e-01 6.323529e-01 1.690236e-02
8.578431e-01 6.323529e-01 1.752360e-02
8.676471e-01 6.323529e-01 1.794792e-02
8.774510e-01 6.323529e-01 1.816106e-02
8.872549e-01 6.323529e-01 1.815619e-02
8.970588e-01 6.323529e-01 1.793435e-02
9.068627e-01 6.323529e-01 1.750426e-02
9.166667e-01 6.323529e-01 1.688181e-02
9.264706e-01 6.323529e-01 1.608909e-02
9.362745e-01 6.323529e-01 1.515305e-02
9.460784e-01 6.323529e-01 1.410406e-02
9.558824e-01 6.323529e-01 1.297427e-02
9.656863e-01 6.323529e-01 1.179599e-02
9.754902e-01 6.323529e-01 1.060028e-02
9.852941e-01 6.323529e-01 9.415647e-03
9.950980e-01 6.323529e-01 8.267048e-03
4.901961e-03 6.421569e-01 1.220620e-02
1.470588e-02 6.421569e-01 1.069840e-02
2.450980e-02 6.421569e-01 9.269131e-03
3.431373e-02 6.421569e-01 7.938870e-03
4.411765e-02 6.421569e-01 6.721945e-03
5.392157e-02 6.421569e-01 5.626843e-03
6.372549e-02 6.421569e-01 4.656773e-03
7.352941e-02 6.421569e-01 3.810415e-03
8.333333e-02 6.421569e-01 3.082781e-03
9.313725e-02 6.421569e-01 2.466109e-03
1.029412e-01 6.421569e-01 1.950730e-03
1.127451e-01 6.421569e-01 1.525854e-03
1.225490e-01 6.421569e-01 1.180252e-03
1.323529e-01 6.421569e-01 9.028140e-04
1.421569e-01 6.421569e-01 6.829646e-04
1.519608e-01 6.421569e-01 5.109629e-04
1.617647e-01 6.421569e-01 3.780823e-04
1.715686e-01 6.421569e-01 2.766965e-04
1.813725e-01 6.421569e-01 2.002882e-04
1.911765e-01 6.421569e-01 1.434020e-04
2.009804e-01 6.421569e-01 1.015588e-04
2.107843e-01 6.421569e-01 7.114679e-05
2.205882e-01 6.421569e-01 4.930402e-05
2.303922e-01 6.421569e-01 3.379960e-05
2.401961e-01 6.421569e-01 2.292218e-05
2.500000e-01 6.421569e-01 1.537901e-05
2.598039e-01 6.421569e-01 1.020802e-05
2.696078e-01 6.421569e-01 6.703595e-06
2.794118e-01 6.421569e-01 4.355512e-06
2.892157e-01 6.421569e-01 2.799936e-06
2.990196e-01 6.421569e-01 1.780927e-06
3.088235e-01 6.421569e-01 1.120844e-06
3.186275e-01 6.421569e-01 6.980039e-07
3.284314e-01 6.421569e-01 4.301290e-07
3.382353e-01 6.421569e-01 2.622967e-07
3.480392e-01 6.421569e-01 1.583084e-07
3.578431e-01 6.421569e-01 9.461160e-08
3.676471e-01 6.421569e-01 5.608891e-08
3.774510e-01 6.421569e-01 3.319339e-08
3.872549e-01 6.421569e-01 2.004482e-08
3.970588e-01 6.421569e-01 1.321240e-08
4.068627e-01 6.421569e-01 1.100158e-08
4.166667e-01 6.421569e-01 1.313996e-08
4.264706e-01 6.421569e-01 2.082784e-08
4.362745e-01 6.421569e-01 3.718930e-08
4.460784e-01 6.421569e-01 6.823897e-08
4.558824e-01 6.421569e-01 1.245759e-07
4.656863e-01 6.421569e-01 2.241383e-07
4.754902e-01 6.421569e-01 3.965116e-07
4.852941e-01 6.421569e-01 6.894816e-07
4.950980e-01 6.421569e-01 1.178774e-06
5.049020e-01 6.421569e-01 1.982217e-06
5.147059e-01 6.421569e-01 3.279883e-06
5.245098e-01 6.421569e-01 5.342120e-06
5.343137e-01 6.421569e-01 8.567664e-06
5.441176e-01 6.421569e-01 1.353424e-05
5.539216e-01 6.421569e-01 2.106406e-05
5.637255e-01 6.421569e-01 3.230631e-05
5.735294e-01 6.421569e-01 4.883796e-05
5.833333e-01 6.421569e-01 7.278299e-05
5.931373e-01 6.421569e-01 1.069480e-04
6.029412e-01 6.421569e-01 1.549693e-04
6.127451e-01 6.421569e-01 2.214638e-04
6.225490e-01 6.421569e-01 3.121704e-04
6.323529e-01 6.421569e-01 4.340664e-04
6.421569e-01 6.421569e-01 5.954366e-04
6.519608e-01 6.421569e-01 8.058732e-04
6.617647e-01 6.421569e-01 1.076177e-03
6.715686e-01 6.421569e-01 1.418140e-03
6.813725e-01 6.421569e-01 1.844179e-03
6.911765e-01 6.421569e-01 2.366820e-03
7.009804e-01 6.421569e-01 2.998014e-03
7.107843e-01 6.421569e-01 3.748314e-03
7.205882e-01 6.421569e-01 4.625927e-03
7.303922e-01 6.421569e-01 5.635703e-03
7.401961e-01 6.421569e-01 6.778125e-03
7.500000e-01 6.421569e-01 8.048375e-03
7.598039e-01 6.421569e-01 9.435582e-03
7.696078e-01 6.421569e-01 1.092233e-02
7.794118e-01 6.421569e-01 1.248452e-02
7.892157e-01 6.421569e-01 1.409166e-02
7.990196e-01 6.421569e-01 1.570759e-02
8.088235e-01 6.421569e-01 1.729166e-02
8.186275e-01 6.421569e-01 1.880037e-02
8.284314e-01 6.421569e-01 2.018930e-02
8.382353e-01 6.421569e-01 2.141524e-02
8.480392e-01 6.421569e-01 2.243848e-02
8.578431e-01 6.421569e-01 2.322493e-02
8.676471e-01 6.421569e-01 2.374800e-02
8.774510e-01 6.421569e-01 2.399011e-02
8.872549e-01 6.421569e-01 2.394368e-02
8.970588e-01 6.421569e-01 2.361148e-02
9.068627e-01 6.421569e-01 2.300644e-02
9.166667e-01 6.421569e-01 2.215081e-02
9.264706e-01 6.421569e-01 2.107480e-02
9.362745e-01 6.421569e-01 1.981482e-02
9.460784e-01 6.421569e-01 1.841149e-02
9.558824e-01 6.421569e-01 1.690748e-02
9.656863e-01 6.421569e-01 1.534541e-02
9.754902e-01 6.421569e-01 1.376596e-02
9.852941e-01 6.421569e-01 1.220620e-02
9.950980e-01 6.421569e-01 1.069840e-02
4.901961e-03 6.519608e-01 1.560767e-02
1.470588e-02 6.519608e-01 1.365558e-02
2.450980e-02 6.519608e-01 1.181030e-02
3.431373e-02 6.519608e-01 1.009735e-02
4.411765e-02 6.519608e-01 8.534288e-03
5.392157e-02 6.519608e-01 7.131115e-03
6.372549e-02 6.519608e-01 5.891075e-03
7.352941e-02 6.519608e-01 4.811664e-03
8.333333e-02 6.519608e-01 3.885759e-03
9.313725e-02 6.519608e-01 3.102790e-03
1.029412e-01 6.519608e-01 2.449857e-03
1.127451e-01 6.519608e-01 1.912742e-03
1.225490e-01 6.519608e-01 1.476778e-03
1.323529e-01 6.519608e-01 1.127540e-03
1.421569e-01 6.519608e-01 8.513769e-04
1.519608e-01 6.519608e-01 6.357695e-04
1.617647e-01 6.519608e-01 4.695481e-04
1.715686e-01 6.519608e-01 3.429867e-04
1.813725e-01 6.519608e-01 2.478024e-04
1.911765e-01 6.519608e-01 1.770838e-04
2.009804e-01 6.519608e-01 1.251731e-04
2.107843e-01 6.519608e-01 8.752162e-05
2.205882e-01 6.519608e-01 6.053486e-05
2.303922e-01 6.519608e-01 4.141852e-05
2.401961e-01 6.519608e-01 2.803468e-05
2.500000e-01 6.519608e-01 1.877246e-05
2.598039e-01 6.519608e-01 1.243610e-05
2.696078e-01 6.519608e-01 8.150734e-06
2.794118e-01 6.519608e-01 5.285319e-06
2.892157e-01 6.519608e-01 3.390937e-06
2.990196e-01 6.519608e-01 2.152554e-06
3.088235e-01 6.519608e-01 1.352030e-06
3.186275e-01 6.519608e-01 8.402892e-07
3.284314e-01 6.519608e-01 5.167697e-07
3.382353e-01 6.519608e-01 3.144984e-07
3.480392e-01 6.519608e-01 1.894380e-07
3.578431e-01 6.519608e-01 1.130038e-07
3.676471e-01 6.519608e-01 6.689591e-08
3.774510e-01 6.519608e-01 3.959520e-08
3.872549e-01 6.519608e-01 2.404494e-08
3.970588e-01 6.519608e-01 1.618096e-08
4.068627e-01 6.519608e-01 1.408818e-08
4.166667e-01 6.519608e-01 1.766064e-08
4.264706e-01 6.519608e-01 2.873246e-08
4.362745e-01 6.519608e-01 5.173958e-08
4.460784e-01 6.519608e-01 9.507673e-08
4.558824e-01 6.519608e-01 1.734429e-07
4.656863e-01 6.519608e-01 3.116333e-07
4.754902e-01 6.519608e-01 5.504488e-07
4.852941e-01 6.519608e-01 9.556606e-07
4.950980e-01 6.519608e-01 1.631305e-06
5.049020e-01 6.519608e-01 2.738964e-06
5.147059e-01 6.519608e-01 4.525139e-06
5.245098e-01 6.519608e-01 7.359232e-06
5.343137e-01 6.519608e-01 1.178507e-05
5.441176e-01 6.519608e-01 1.858915e-05
5.539216e-01 6.519608e-01 2.888862e-05
5.637255e-01 6.519608e-01 4.424186e-05
5.735294e-01 6.519608e-01 6.678309e-05
5.833333e-01 6.519608e-01 9.938079e-05
5.931373e-01 6.519608e-01 1.458171e-04
6.029412e-01 6.519608e-01 2.109814e-04
6.127451e-01 6.519608e-01 3.010665e-04
6.225490e-01 6.519608e-01 4.237511e-04
6.323529e-01 6.519608e-01 5.883456e-04
6.421569e-01 6.519608e-01 8.058732e-04
6.519608e-01 6.519608e-01 1.089055e-03
6.617647e-01 6.519608e-01 1.452166e-03
6.715686e-01 6.519608e-01 1.910722e-03
6.813725e-01 6.519608e-01 2.480987e-03
6.911765e-01 6.519608e-01 3.179261e-03
7.009804e-01 6.519608e-01 4.020972e-03
7.107843e-01 6.519608e-01 5.019568e-03
7.205882e-01 6.519608e-01 6.185270e-03
7.303922e-01 6.519608e-01 7.523746e-03
7.401961e-01 6.519608e-01 9.034793e-03
7.500000e-01 6.519608e-01 1.071115e-02
7.598039e-01 6.519608e-01 1.253754e-02
7.696078e-01 6.519608e-01 1.449009e-02
7.794118e-01 6.519608e-01 1.653624e-02
7.892157e-01 6.519608e-01 1.863513e-02
7.990196e-01 6.519608e-01 2.073870e-02
8.088235e-01 6.519608e-01 2.279330e-02
8.186275e-01 6.519608e-01 2.474184e-02
8.284314e-01 6.519608e-01 2.652639e-02
8.382353e-01 6.519608e-01 2.809106e-02
8.480392e-01 6.519608e-01 2.938484e-02
8.578431e-01 6.519608e-01 3.036446e-02
8.676471e-01 6.519608e-01 3.099674e-02
8.774510e-01 6.519608e-01 3.126048e-02
8.872549e-01 6.519608e-01 3.114765e-02
8.970588e-01 6.519608e-01 3.066374e-02
9.068627e-01 6.519608e-01 2.982742e-02
9.166667e-01 6.519608e-01 2.866927e-02
9.264706e-01 6.519608e-01 2.723001e-02
9.362745e-01 6.519608e-01 2.555810e-02
9.460784e-01 6.519608e-01 2.370708e-02
9.558824e-01 6.519608e-01 2.173278e-02
9.656863e-01 6.519608e-01 1.969059e-02
9.754902e-01 6.519608e-01 1.763303e-02
9.852941e-01 6.519608e-01 1.560767e-02
9.950980e-01 6.519608e-01 1.365558e-02
4.901961e-03 6.617647e-01 1.968580e-02
1.470588e-02 6.617647e-01 1.719311e-02
2.450980e-02 6.617647e-01 1.484332e-02
3.431373e-02 6.617647e-01 1.266777e-02
4.411765e-02 6.617647e-01 1.068757e-02
5.392157e-02 6.617647e-01 8.914252e-03
6.372549e-02 6.617647e-01 7.350796e-03
7.352941e-02 6.617647e-01 5.992996e-03
8.333333e-02 6.617647e-01 4.830923e-03
9.313725e-02 6.617647e-01 3.850426e-03
1.029412e-01 6.617647e-01 3.034561e-03
1.127451e-01 6.617647e-01 2.364868e-03
1.225490e-01 6.617647e-01 1.822458e-03
1.323529e-01 6.617647e-01 1.388875e-03
1.421569e-01 6.617647e-01 1.046738e-03
1.519608e-01 6.617647e-01 7.801854e-04
1.617647e-01 6.617647e-01 5.751175e-04
1.715686e-01 6.617647e-01 4.193038e-04
1.813725e-01 6.617647e-01 3.023631e-04
1.911765e-01 6.617647e-01 2.156603e-04
2.009804e-01 6.617647e-01 1.521484e-04
2.107843e-01 6.617647e-01 1.061777e-04
2.205882e-01 6.617647e-01 7.329620e-05
2.303922e-01 6.617647e-01 5.005244e-05
2.401961e-01 6.617647e-01 3.381252e-05
2.500000e-01 6.617647e-01 2.259702e-05
2.598039e-01 6.617647e-01 1.494027e-05
2.696078e-01 6.617647e-01 9.772650e-06
2.794118e-01 6.617647e-01 6.324477e-06
2.892157e-01 6.617647e-01 4.049557e-06
2.990196e-01 6.617647e-01 2.565505e-06
3.088235e-01 6.617647e-01 1.608173e-06
3.186275e-01 6.617647e-01 9.974696e-07
3.284314e-01 6.617647e-01 6.121955e-07
3.382353e-01 6.617647e-01 3.718214e-07
3.480392e-01 6.617647e-01 2.235211e-07
3.578431e-01 6.617647e-01 1.330876e-07
3.676471e-01 6.617647e-01 7.867975e-08
3.774510e-01 6.617647e-01 4.659620e-08
3.872549e-01 6.617647e-01 2.849347e-08
3.970588e-01 6.617647e-01 1.963823e-08
4.068627e-01 6.617647e-01 1.792859e-08
4.166667e-01 6.617647e-01 2.354384e-08
4.264706e-01 6.617647e-01 3.919658e-08
4.362745e-01 6.617647e-01 7.108085e-08
4.460784e-01 6.617647e-01 1.307469e-07
4.558824e-01 6.617647e-01 2.383031e-07
4.656863e-01 6.617647e-01 4.275654e-07
4.754902e-01 6.617647e-01 7.540529e-07
4.852941e-01 6.617647e-01 1.307090e-06
4.950980e-01 6.617647e-01 2.227709e-06
5.049020e-01 6.617647e-01 3.734556e-06
5.147059e-01 6.617647e-01 6.160576e-06
5.245098e-01 6.617647e-01 1.000381e-05
5.343137e-01 6.617647e-01 1.599612e-05
5.441176e-01 6.617647e-01 2.519390e-05
5.539216e-01 6.617647e-01 3.909488e-05
5.637255e-01 6.617647e-01 5.978413e-05
5.735294e-01 6.617647e-01 9.011139e-05
5.833333e-01 6.617647e-01 1.338988e-04
5.931373e-01 6.617647e-01 1.961751e-04
6.029412e-01 6.617647e-01 2.834259e-04
6.127451e-01 6.617647e-01 4.038466e-04
6.225490e-01 6.617647e-01 5.675728e-04
6.323529e-01 6.617647e-01 7.868603e-04
6.421569e-01 6.617647e-01 1.076177e-03
6.519608e-01 6.617647e-01 1.452166e-03
6.617647e-01 6.617647e-01 1.933431e-03
6.715686e-01 6.617647e-01 2.540113e-03
6.813725e-01 6.617647e-01 3.293213e-03
6.911765e-01 6.617647e-01 4.213646e-03
7.009804e-01 6.617647e-01 5.321034e-03
7.107843e-01 6.617647e-01 6.632252e-03
7.205882e-01 6.617647e-01 8.159802e-03
7.303922e-01 6.617647e-01 9.910096e-03
7.401961e-01 6.617647e-01 1.188177e-02
7.500000e-01 6.617647e-01 1.406420e-02
7.598039e-01 6.617647e-01 1.643628e-02
7.696078e-01 6.617647e-01 1.896580e-02
7.794118e-01 6.617647e-01 2.160936e-02
7.892157e-01 6.617647e-01 2.431305e-02
7.990196e-01 6.617647e-01 2.701388e-02
8.088235e-01 6.617647e-01 2.964199e-02
8.186275e-01 6.617647e-01 3.212354e-02
8.284314e-01 6.617647e-01 3.438409e-02
8.382353e-01 6.617647e-01 3.635228e-02
8.480392e-01 6.617647e-01 3.796364e-02
8.578431e-01 6.617647e-01 3.916404e-02
8.676471e-01 6.617647e-01 3.991277e-02
8.774510e-01 6.617647e-01 4.018482e-02
8.872549e-01 6.617647e-01 3.997225e-02
8.970588e-01 6.617647e-01 3.928458e-02
9.068627e-01 6.617647e-01 3.814809e-02
9.166667e-01 6.617647e-01 3.660416e-02
9.264706e-01 6.617647e-01 3.470683e-02
9.362745e-01 6.617647e-01 3.251962e-02
9.460784e-01 6.617647e-01 3.011213e-02
9.558824e-01 6.617647e-01 2.755634e-02
9.656863e-01 6.617647e-01 2.492325e-02
9.754902e-01 6.617647e-01 2.227969e-02
9.852941e-01 6.617647e-01 1.968580e-02
9.950980e-01 6.617647e-01 1.719311e-02
4.901961e-03 6.715686e-01 2.449367e-02
1.470588e-02 6.715686e-01 2.135404e-02
2.450980e-02 6.715686e-01 1.840256e-02
3.431373e-02 6.715686e-01 1.567708e-02
4.411765e-02 6.715686e-01 1.320258e-02
5.392157e-02 6.715686e-01 1.099198e-02
6.372549e-02 6.715686e-01 9.047594e-03
7.352941e-02 6.715686e-01 7.362868e-03
8.333333e-02 6.715686e-01 5.924258e-03
9.313725e-02 6.715686e-01 4.713137e-03
1.029412e-01 6.715686e-01 3.707585e-03
1.127451e-01 6.715686e-01 2.883984e-03
1.225490e-01 6.715686e-01 2.218353e-03
1.323529e-01 6.715686e-01 1.687407e-03
1.421569e-01 6.715686e-01 1.269332e-03
1.519608e-01 6.715686e-01 9.443042e-04
1.617647e-01 6.715686e-01 6.947750e-04
1.715686e-01 6.715686e-01 5.055761e-04
1.813725e-01 6.715686e-01 3.638757e-04
1.911765e-01 6.715686e-01 2.590347e-04
2.009804e-01 6.715686e-01 1.823957e-04
2.107843e-01 6.715686e-01 1.270390e-04
2.205882e-01 6.715686e-01 8.752624e-05
2.303922e-01 6.715686e-01 5.965291e-05
2.401961e-01 6.715686e-01 4.021889e-05
2.500000e-01 6.715686e-01 2.682541e-05
2.598039e-01 6.715686e-01 1.770081e-05
2.696078e-01 6.715686e-01 1.155534e-05
2.794118e-01 6.715686e-01 7.463243e-06
2.892157e-01 6.715686e-01 4.769133e-06
2.990196e-01 6.715686e-01 3.015299e-06
3.088235e-01 6.715686e-01 1.886308e-06
3.186275e-01 6.715686e-01 1.167612e-06
3.284314e-01 6.715686e-01 7.151647e-07
3.382353e-01 6.715686e-01 4.334798e-07
3.480392e-01 6.715686e-01 2.600680e-07
3.578431e-01 6.715686e-01 1.545645e-07
3.676471e-01 6.715686e-01 9.126599e-08
3.774510e-01 6.715686e-01 5.410681e-08
3.872549e-01 6.715686e-01 3.336875e-08
3.970588e-01 6.715686e-01 2.363510e-08
4.068627e-01 6.715686e-01 2.267792e-08
4.166667e-01 6.715686e-01 3.112120e-08
4.264706e-01 6.715686e-01 5.286743e-08
4.362745e-01 6.715686e-01 9.642735e-08
4.460784e-01 6.715686e-01 1.774705e-07
4.558824e-01 6.715686e-01 3.231362e-07
4.656863e-01 6.715686e-01 5.789303e-07
4.754902e-01 6.715686e-01 1.019403e-06
4.852941e-01 6.715686e-01 1.764264e-06
4.950980e-01 6.715686e-01 3.002175e-06
5.049020e-01 6.715686e-01 5.025089e-06
5.147059e-01 6.715686e-01 8.276775e-06
5.245098e-01 6.715686e-01 1.341983e-05
5.343137e-01 6.715686e-01 2.142612e-05
5.441176e-01 6.715686e-01 3.369582e-05
5.539216e-01 6.715686e-01 5.221019e-05
5.637255e-01 6.715686e-01 7.972203e-05
5.735294e-01 6.715686e-01 1.199860e-04
5.833333e-01 6.715686e-01 1.780271e-04
5.931373e-01 6.715686e-01 2.604423e-04
6.029412e-01 6.715686e-01 3.757202e-04
6.127451e-01 6.715686e-01 5.345610e-04
6.225490e-01 6.715686e-01 7.501641e-04
6.323529e-01 6.715686e-01 1.038446e-03
6.421569e-01 6.715686e-01 1.418140e-03
6.519608e-01 6.715686e-01 1.910722e-03
6.617647e-01 6.715686e-01 2.540113e-03
6.715686e-01 6.715686e-01 3.332094e-03
6.813725e-01 6.715686e-01 4.313409e-03
6.911765e-01 6.715686e-01 5.510515e-03
7.009804e-01 6.715686e-01 6.948004e-03
7.107843e-01 6.715686e-01 8.646720e-03
7.205882e-01 6.715686e-01 1.062167e-02
7.303922e-01 6.715686e-01 1.287984e-02
7.401961e-01 6.715686e-01 1.541806e-02
7.500000e-01 6.715686e-01 1.822114e-02
7.598039e-01 6.715686e-01 2.126047e-02
7.696078e-01 6.715686e-01 2.449321e-02
7.794118e-01 6.715686e-01 2.786238e-02
7.892157e-01 6.715686e-01 3.129779e-02
7.990196e-01 6.715686e-01 3.471809e-02
8.088235e-01 6.715686e-01 3.803358e-02
8.186275e-01 6.715686e-01 4.115009e-02
8.284314e-01 6.715686e-01 4.397329e-02
8.382353e-01 6.715686e-01 4.641343e-02
8.480392e-01 6.715686e-01 4.839013e-02
8.578431e-01 6.715686e-01 4.983677e-02
8.676471e-01 6.715686e-01 5.070424e-02
8.774510e-01 6.715686e-01 5.096369e-02
8.872549e-01 6.715686e-01 5.060815e-02
8.970588e-01 6.715686e-01 4.965277e-02
9.068627e-01 6.715686e-01 4.813380e-02
9.166667e-01 6.715686e-01 4.610631e-02
9.264706e-01 6.715686e-01 4.364092e-02
9.362745e-01 6.715686e-01 4.081973e-02
9.460784e-01 6.715686e-01 3.773186e-02
9.558824e-01 6.715686e-01 3.446887e-02
9.656863e-01 6.715686e-01 3.112041e-02
9.754902e-01 6.715686e-01 2.777036e-02
9.852941e-01 6.715686e-01 2.449367e-02
9.950980e-01 6.715686e-01 2.135404e-02
4.901961e-03 6.813725e-01 3.006553e-02
1.470588e-02 6.813725e-01 2.616469e-02
2.450980e-02 6.813725e-01 2.250767e-02
3.431373e-02 6.813725e-01 1.913953e-02
4.411765e-02 6.813725e-01 1.608921e-02
5.392157e-02 6.813725e-01 1.337083e-02
6.372549e-02 6.813725e-01 1.098547e-02
7.352941e-02 6.813725e-01 8.923438e-03
8.333333e-02 6.813725e-01 7.166636e-03
9.313725e-02 6.813725e-01 5.690942e-03
1.029412e-01 6.813725e-01 4.468426e-03
1.127451e-01 6.813725e-01 3.469302e-03
1.225490e-01 6.813725e-01 2.663559e-03
1.323529e-01 6.813725e-01 2.022229e-03
1.421569e-01 6.813725e-01 1.518313e-03
1.519608e-01 6.813725e-01 1.127379e-03
1.617647e-01 6.813725e-01 8.278863e-04
1.715686e-01 6.813725e-01 6.012819e-04
1.813725e-01 6.813725e-01 4.319231e-04
1.911765e-01 6.813725e-01 3.068806e-04
2.009804e-01 6.813725e-01 2.156657e-04
2.107843e-01 6.813725e-01 1.499183e-04
2.205882e-01 6.813725e-01 1.030870e-04
2.303922e-01 6.813725e-01 7.011994e-05
2.401961e-01 6.813725e-01 4.718250e-05
2.500000e-01 6.813725e-01 3.140760e-05
2.598039e-01 6.813725e-01 2.068310e-05
2.696078e-01 6.813725e-01 1.347522e-05
2.794118e-01 6.813725e-01 8.685759e-06
2.892157e-01 6.813725e-01 5.539153e-06
2.990196e-01 6.813725e-01 3.495060e-06
3.088235e-01 6.813725e-01 2.181994e-06
3.186275e-01 6.813725e-01 1.347887e-06
3.284314e-01 6.813725e-01 8.238968e-07
3.382353e-01 6.813725e-01 4.983675e-07
3.480392e-01 6.813725e-01 2.984019e-07
3.578431e-01 6.813725e-01 1.770280e-07
3.676471e-01 6.813725e-01 1.044195e-07
3.774510e-01 6.813725e-01 6.200576e-08
3.872549e-01 6.813725e-01 3.863673e-08
3.970588e-01 6.813725e-01 2.822618e-08
4.068627e-01 6.813725e-01 2.851356e-08
4.166667e-01 6.813725e-01 4.077441e-08
4.264706e-01 6.813725e-01 7.048885e-08
4.362745e-01 6.813725e-01 1.291702e-07
4.460784e-01 6.813725e-01 2.377832e-07
4.558824e-01 6.813725e-01 4.324682e-07
4.656863e-01 6.813725e-01 7.736552e-07
4.754902e-01 6.813725e-01 1.360133e-06
4.852941e-01 6.813725e-01 2.350230e-06
4.950980e-01 6.813725e-01 3.993008e-06
5.049020e-01 6.813725e-01 6.673188e-06
5.147059e-01 6.813725e-01 1.097448e-05
5.245098e-01 6.813725e-01 1.776681e-05
5.343137e-01 6.813725e-01 2.832377e-05
5.441176e-01 6.813725e-01 4.447674e-05
5.539216e-01 6.813725e-01 6.881209e-05
5.637255e-01 6.813725e-01 1.049162e-04
5.735294e-01 6.813725e-01 1.576704e-04
5.833333e-01 6.813725e-01 2.335942e-04
5.931373e-01 6.813725e-01 3.412266e-04
6.029412e-01 6.813725e-01 4.915305e-04
6.127451e-01 6.813725e-01 6.982904e-04
6.225490e-01 6.813725e-01 9.784666e-04
6.323529e-01 6.813725e-01 1.352453e-03
6.421569e-01 6.813725e-01 1.844179e-03
6.519608e-01 6.813725e-01 2.480987e-03
6.617647e-01 6.813725e-01 3.293213e-03
6.715686e-01 6.813725e-01 4.313409e-03
6.813725e-01 6.813725e-01 5.575160e-03
6.911765e-01 6.813725e-01 7.111460e-03
7.009804e-01 6.813725e-01 8.952679e-03
7.107843e-01 6.813725e-01 1.112416e-02
7.205882e-01 6.813725e-01 1.364357e-02
7.303922e-01 6.813725e-01 1.651815e-02
7.401961e-01 6.813725e-01 1.974208e-02
7.500000e-01 6.813725e-01 2.329418e-02
7.598039e-01 6.813725e-01 2.713625e-02
7.696078e-01 6.813725e-01 3.121219e-02
7.794118e-01 6.813725e-01 3.544823e-02
7.892157e-01 6.813725e-01 3.975434e-02
7.990196e-01 6.813725e-01 4.402682e-02
8.088235e-01 6.813725e-01 4.815219e-02
8.186275e-01 6.813725e-01 5.201197e-02
8.284314e-01 6.813725e-01 5.548831e-02
8.382353e-01 6.813725e-01 5.846995e-02
8.480392e-01 6.813725e-01 6.085816e-02
8.578431e-01 6.813725e-01 6.257220e-02
8.676471e-01 6.813725e-01 6.355383e-02
8.774510e-01 6.813725e-01 6.377064e-02
8.872549e-01 6.813725e-01 6.321778e-02
8.970588e-01 6.813725e-01 6.191810e-02
9.068627e-01 6.813725e-01 5.992060e-02
9.166667e-01 6.813725e-01 5.729738e-02
9.264706e-01 6.813725e-01 5.413936e-02
9.362745e-01 6.813725e-01 5.055111e-02
9.460784e-01 6.813725e-01 4.664516e-02
9.558824e-01 6.813725e-01 4.253631e-02
9.656863e-01 6.813725e-01 3.833620e-02
9.754902e-01 6.813725e-01 3.414858e-02
9.852941e-01 6.813725e-01 3.006553e-02
9.950980e-01 6.813725e-01 2.616469e-02
4.901961e-03 6.911765e-01 3.641040e-02
1.470588e-02 6.911765e-01 3.162919e-02
2.450980e-02 6.911765e-01 2.715911e-02
3.431373e-02 6.911765e-01 2.305288e-02
4.411765e-02 6.911765e-01 1.934346e-02
5.392157e-02 6.911765e-01 1.604574e-02
6.372549e-02 6.911765e-01 1.315887e-02
7.352941e-02 6.911765e-01 1.066908e-02
8.333333e-02 6.911765e-01 8.552669e-03
9.313725e-02 6.911765e-01 6.778888e-03
1.029412e-01 6.911765e-01 5.312676e-03
1.127451e-01 6.911765e-01 4.117010e-03
1.225490e-01 6.911765e-01 3.154857e-03
1.323529e-01 6.911765e-01 2.390682e-03
1.421569e-01 6.911765e-01 1.791527e-03
1.519608e-01 6.911765e-01 1.327697e-03
1.617647e-01 6.911765e-01 9.731134e-04
1.715686e-01 6.911765e-01 7.053928e-04
1.813725e-01 6.911765e-01 5.057268e-04
1.911765e-01 6.911765e-01 3.586181e-04
2.009804e-01 6.911765e-01 2.515321e-04
2.107843e-01 6.911765e-01 1.745072e-04
2.205882e-01 6.911765e-01 1.197582e-04
2.303922e-01 6.911765e-01 8.129844e-05
2.401961e-01 6.911765e-01 5.459557e-05
2.500000e-01 6.911765e-01 3.626967e-05
2.598039e-01 6.911765e-01 2.383709e-05
2.696078e-01 6.911765e-01 1.549883e-05
2.794118e-01 6.911765e-01 9.969940e-06
2.892157e-01 6.911765e-01 6.345218e-06
2.990196e-01 6.911765e-01 3.995514e-06
3.088235e-01 6.911765e-01 2.489334e-06
3.186275e-01 6.911765e-01 1.534588e-06
3.284314e-01 6.911765e-01 9.360900e-07
3.382353e-01 6.911765e-01 5.650734e-07
3.480392e-01 6.911765e-01 3.376687e-07
3.578431e-01 6.911765e-01 1.999708e-07
3.676471e-01 6.911765e-01 1.178497e-07
3.774510e-01 6.911765e-01 7.014334e-08
3.872549e-01 6.911765e-01 4.425283e-08
3.970588e-01 6.911765e-01 3.347033e-08
4.068627e-01 6.911765e-01 3.563416e-08
4.166667e-01 6.911765e-01 5.293162e-08
4.264706e-01 6.911765e-01 9.289279e-08
4.362745e-01 6.911765e-01 1.708592e-07
4.460784e-01 6.911765e-01 3.144981e-07
4.558824e-01 6.911765e-01 5.712995e-07
4.656863e-01 6.911765e-01 1.020461e-06
4.754902e-01 6.911765e-01 1.791182e-06
4.852941e-01 6.911765e-01 3.090133e-06
4.950980e-01 6.911765e-01 5.241819e-06
5.049020e-01 6.911765e-01 8.746585e-06
5.147059e-01 6.911765e-01 1.436217e-05
5.245098e-01 6.911765e-01 2.321578e-05
5.343137e-01 6.911765e-01 3.695453e-05
5.441176e-01 6.911765e-01 5.794243e-05
5.539216e-01 6.911765e-01 8.951145e-05
5.637255e-01 6.911765e-01 1.362725e-04
5.735294e-01 6.911765e-01 2.044886e-04
5.833333e-01 6.911765e-01 3.025062e-04
5.931373e-01 6.911765e-01 4.412328e-04
6.029412e-01 6.911765e-01 6.346393e-04
6.127451e-01 6.911765e-01 9.002486e-04
6.225490e-01 6.911765e-01 1.259564e-03
6.323529e-01 6.911765e-01 1.738368e-03
6.421569e-01 6.911765e-01 2.366820e-03
6.519608e-01 6.911765e-01 3.179261e-03
6.617647e-01 6.911765e-01 4.213646e-03
6.715686e-01 6.911765e-01 5.510515e-03
6.813725e-01 6.911765e-01 7.111460e-03
6.911765e-01 6.911765e-01 9.057047e-03
7.009804e-01 6.911765e-01 1.138423e-02
7.107843e-01 6.911765e-01 1.412334e-02
7.205882e-01 6.911765e-01 1.729474e-02
7.303922e-01 6.911765e-01 2.090546e-02
7.401961e-01 6.911765e-01 2.494593e-02
7.500000e-01 6.911765e-01 2.938727e-02
7.598039e-01 6.911765e-01 3.417928e-02
7.696078e-01 6.911765e-01 3.924959e-02
7.794118e-01 6.911765e-01 4.450406e-02
7.892157e-01 6.911765e-01 4.982876e-02
7.990196e-01 6.911765e-01 5.509343e-02
8.088235e-01 6.911765e-01 6.015640e-02
8.186275e-01 6.911765e-01 6.487074e-02
8.284314e-01 6.911765e-01 6.909127e-02
8.382353e-01 6.911765e-01 7.268202e-02
8.480392e-01 6.911765e-01 7.552350e-02
8.578431e-01 6.911765e-01 7.751935e-02
8.676471e-01 6.911765e-01 7.860176e-02
8.774510e-01 6.911765e-01 7.873532e-02
8.872549e-01 6.911765e-01 7.791890e-02
8.970588e-01 6.911765e-01 7.618551e-02
9.068627e-01 6.911765e-01 7.360013e-02
9.166667e-01 6.911765e-01 7.025566e-02
9.264706e-01 6.911765e-01 6.626745e-02
9.362745e-01 6.911765e-01 6.176676e-02
9.460784e-01 6.911765e-01 5.689372e-02
9.558824e-01 6.911765e-01 5.179019e-02
9.656863e-01 6.911765e-01 4.659327e-02
9.754902e-01 6.911765e-01 4.142951e-02
9.852941e-01 6.911765e-01 3.641040e-02
9.950980e-01 6.911765e-01 3.162919e-02
4.901961e-03 7.009804e-01 4.350616e-02
1.470588e-02 7.009804e-01 3.772462e-02
2.450980e-02 7.009804e-01 3.233406e-02
3.431373e-02 7.009804e-01 2.739518e-02
4.411765e-02 7.009804e-01 2.294479e-02
5.392157e-02 7.009804e-01 1.899796e-02
6.372549e-02 7.009804e-01 1.555105e-02
7.352941e-02 7.009804e-01 1.258515e-02
8.333333e-02 7.009804e-01 1.006978e-02
9.313725e-02 7.009804e-01 7.966359e-03
1.029412e-01 7.009804e-01 6.231527e-03
1.127451e-01 7.009804e-01 4.819914e-03
1.225490e-01 7.009804e-01 3.686462e-03
1.323529e-01 7.009804e-01 2.788182e-03
1.421569e-01 7.009804e-01 2.085395e-03
1.519608e-01 7.009804e-01 1.542504e-03
1.617647e-01 7.009804e-01 1.128364e-03
1.715686e-01 7.009804e-01 8.163419e-04
1.813725e-01 7.009804e-01 5.841288e-04
1.911765e-01 7.009804e-01 4.134024e-04
2.009804e-01 7.009804e-01 2.893869e-04
2.107843e-01 7.009804e-01 2.003733e-04
2.205882e-01 7.009804e-01 1.372364e-04
2.303922e-01 7.009804e-01 9.297808e-05
2.401961e-01 7.009804e-01 6.231411e-05
2.500000e-01 7.009804e-01 4.131423e-05
2.598039e-01 7.009804e-01 2.709773e-05
2.696078e-01 7.009804e-01 1.758322e-05
2.794118e-01 7.009804e-01 1.128779e-05
2.892157e-01 7.009804e-01 7.169285e-06
2.990196e-01 7.009804e-01 4.505174e-06
3.088235e-01 7.009804e-01 2.801098e-06
3.186275e-01 7.009804e-01 1.723217e-06
3.284314e-01 7.009804e-01 1.048981e-06
3.382353e-01 7.009804e-01 6.319191e-07
3.480392e-01 7.009804e-01 3.768629e-07
3.578431e-01 7.009804e-01 2.228010e-07
3.676471e-01 7.009804e-01 1.312198e-07
3.774510e-01 7.009804e-01 7.834708e-08
3.872549e-01 7.009804e-01 5.016475e-08
3.970588e-01 7.009804e-01 3.943090e-08
4.068627e-01 7.009804e-01 4.425668e-08
4.166667e-01 7.009804e-01 6.805926e-08
4.264706e-01 7.009804e-01 1.209817e-07
4.362745e-01 7.009804e-01 2.231673e-07
4.460784e-01 7.009804e-01 4.106372e-07
4.558824e-01 7.009804e-01 7.449757e-07
4.656863e-01 7.009804e-01 1.328626e-06
4.754902e-01 7.009804e-01 2.328360e-06
4.852941e-01 7.009804e-01 4.010451e-06
4.950980e-01 7.009804e-01 6.792208e-06
5.049020e-01 7.009804e-01 1.131589e-05
5.147059e-01 7.009804e-01 1.855236e-05
5.245098e-01 7.009804e-01 2.994316e-05
5.343137e-01 7.009804e-01 4.759076e-05
5.441176e-01 7.009804e-01 7.450686e-05
5.539216e-01 7.009804e-01 1.149280e-04
5.637255e-01 7.009804e-01 1.747048e-04
5.735294e-01 7.009804e-01 2.617677e-04
5.833333e-01 7.009804e-01 3.866620e-04
5.931373e-01 7.009804e-01 5.631380e-04
6.029412e-01 7.009804e-01 8.087653e-04
6.127451e-01 7.009804e-01 1.145526e-03
6.225490e-01 7.009804e-01 1.600321e-03
6.323529e-01 7.009804e-01 2.205316e-03
6.421569e-01 7.009804e-01 2.998014e-03
6.519608e-01 7.009804e-01 4.020972e-03
6.617647e-01 7.009804e-01 5.321034e-03
6.715686e-01 7.009804e-01 6.948004e-03
6.813725e-01 7.009804e-01 8.952679e-03
6.911765e-01 7.009804e-01 1.138423e-02
7.009804e-01 7.009804e-01 1.428698e-02
7.107843e-01 7.009804e-01 1.769659e-02
7.205882e-01 7.009804e-01 2.163608e-02
7.303922e-01 7.009804e-01 2.611155e-02
7.401961e-01 7.009804e-01 3.110840e-02
7.500000e-01 7.009804e-01 3.658798e-02
7.598039e-01 7.009804e-01 4.248541e-02
7.696078e-01 7.009804e-01 4.870863e-02
7.794118e-01 7.009804e-01 5.513923e-02
7.892157e-01 7.009804e-01 6.163507e-02
7.990196e-01 7.009804e-01 6.803473e-02
8.088235e-01 7.009804e-01 7.416382e-02
8.186275e-01 7.009804e-01 7.984264e-02
8.284314e-01 7.009804e-01 8.489486e-02
8.382353e-01 7.009804e-01 8.915665e-02
8.480392e-01 7.009804e-01 9.248554e-02
8.578431e-01 7.009804e-01 9.476832e-02
8.676471e-01 7.009804e-01 9.592749e-02
8.774510e-01 7.009804e-01 9.592561e-02
8.872549e-01 7.009804e-01 9.476727e-02
8.970588e-01 7.009804e-01 9.249856e-02
9.068627e-01 7.009804e-01 8.920405e-02
9.166667e-01 7.009804e-01 8.500161e-02
9.264706e-01 7.009804e-01 8.003545e-02
9.362745e-01 7.009804e-01 7.446801e-02
9.460784e-01 7.009804e-01 6.847127e-02
9.558824e-01 7.009804e-01 6.221817e-02
9.656863e-01 7.009804e-01 5.587467e-02
9.754902e-01 7.009804e-01 4.959297e-02
9.852941e-01 7.009804e-01 4.350616e-02
9.950980e-01 7.009804e-01 3.772462e-02
4.901961e-03 7.107843e-01 5.129455e-02
1.470588e-02 7.107843e-01 4.439687e-02
2.450980e-02 7.107843e-01 3.798316e-02
3.431373e-02 7.107843e-01 3.212217e-02
4.411765e-02 7.107843e-01 2.685413e-02
5.392157e-02 7.107843e-01 2.219355e-02
6.372549e-02 7.107843e-01 1.813295e-02
7.352941e-02 7.107843e-01 1.464714e-02
8.333333e-02 7.107843e-01 1.169759e-02
9.313725e-02 7.107843e-01 9.236659e-03
1.029412e-01 7.107843e-01 7.211482e-03
1.127451e-01 7.107843e-01 5.567251e-03
1.225490e-01 7.107843e-01 4.249904e-03
1.323529e-01 7.107843e-01 3.208151e-03
1.421569e-01 7.107843e-01 2.394875e-03
1.519608e-01 7.107843e-01 1.767983e-03
1.617647e-01 7.107843e-01 1.290788e-03
1.715686e-01 7.107843e-01 9.320255e-04
1.813725e-01 7.107843e-01 6.655965e-04
1.911765e-01 7.107843e-01 4.701306e-04
2.009804e-01 7.107843e-01 3.284460e-04
2.107843e-01 7.107843e-01 2.269661e-04
2.205882e-01 7.107843e-01 1.551397e-04
2.303922e-01 7.107843e-01 1.048970e-04
2.401961e-01 7.107843e-01 7.016078e-05
2.500000e-01 7.107843e-01 4.642261e-05
2.598039e-01 7.107843e-01 3.038653e-05
2.696078e-01 7.107843e-01 1.967712e-05
2.794118e-01 7.107843e-01 1.260617e-05
2.892157e-01 7.107843e-01 7.990205e-06
2.990196e-01 7.107843e-01 5.010694e-06
3.088235e-01 7.107843e-01 3.108962e-06
3.186275e-01 7.107843e-01 1.908644e-06
3.284314e-01 7.107843e-01 1.159443e-06
3.382353e-01 7.107843e-01 6.970225e-07
3.480392e-01 7.107843e-01 4.148662e-07
3.578431e-01 7.107843e-01 2.448655e-07
3.676471e-01 7.107843e-01 1.441618e-07
3.774510e-01 7.107843e-01 8.642971e-08
3.872549e-01 7.107843e-01 5.631590e-08
3.970588e-01 7.107843e-01 4.617523e-08
4.068627e-01 7.107843e-01 5.461083e-08
4.166667e-01 7.107843e-01 8.664841e-08
4.264706e-01 7.107843e-01 1.556999e-07
4.362745e-01 7.107843e-01 2.878354e-07
4.460784e-01 7.107843e-01 5.293263e-07
4.558824e-01 7.107843e-01 9.589929e-07
4.656863e-01 7.107843e-01 1.707629e-06
4.754902e-01 7.107843e-01 2.987729e-06
4.852941e-01 7.107843e-01 5.137916e-06
4.950980e-01 7.107843e-01 8.687913e-06
5.049020e-01 7.107843e-01 1.445148e-05
5.147059e-01 7.107843e-01 2.365643e-05
5.245098e-01 7.107843e-01 3.812244e-05
5.343137e-01 7.107843e-01 6.049840e-05
5.441176e-01 7.107843e-01 9.457136e-05
5.539216e-01 7.107843e-01 1.456579e-04
5.637255e-01 7.107843e-01 2.210853e-04
5.735294e-01 7.107843e-01 3.307642e-04
5.833333e-01 7.107843e-01 4.878446e-04
5.931373e-01 7.107843e-01 7.094334e-04
6.029412e-01 7.107843e-01 1.017337e-03
6.127451e-01 7.107843e-01 1.438768e-03
6.225490e-01 7.107843e-01 2.006941e-03
6.323529e-01 7.107843e-01 2.761450e-03
6.421569e-01 7.107843e-01 3.748314e-03
6.519608e-01 7.107843e-01 5.019568e-03
6.617647e-01 7.107843e-01 6.632252e-03
6.715686e-01 7.107843e-01 8.646720e-03
6.813725e-01 7.107843e-01 1.112416e-02
6.911765e-01 7.107843e-01 1.412334e-02
7.009804e-01 7.107843e-01 1.769659e-02
7.107843e-01 7.107843e-01 2.188524e-02
7.205882e-01 7.107843e-01 2.671460e-02
7.303922e-01 7.107843e-01 3.218901e-02
7.401961e-01 7.107843e-01 3.828721e-02
7.500000e-01 7.107843e-01 4.495853e-02
7.598039e-01 7.107843e-01 5.212034e-02
7.696078e-01 7.107843e-01 5.965729e-02
7.794118e-01 7.107843e-01 6.742249e-02
7.892157e-01 7.107843e-01 7.524104e-02
7.990196e-01 7.107843e-01 8.291569e-02
8.088235e-01 7.107843e-01 9.023471e-02
8.186275e-01 7.107843e-01 9.698135e-02
8.284314e-01 7.107843e-01 1.029444e-01
8.382353e-01 7.107843e-01 1.079294e-01
8.480392e-01 7.107843e-01 1.117688e-01
8.578431e-01 7.107843e-01 1.143319e-01
8.676471e-01 7.107843e-01 1.155316e-01
8.774510e-01 7.107843e-01 1.153300e-01
8.872549e-01 7.107843e-01 1.137398e-01
8.970588e-01 7.107843e-01 1.108235e-01
9.068627e-01 7.107843e-01 1.066893e-01
9.166667e-01 7.107843e-01 1.014843e-01
9.264706e-01 7.107843e-01 9.538634e-02
9.362745e-01 7.107843e-01 8.859351e-02
9.460784e-01 7.107843e-01 8.131401e-02
9.558824e-01 7.107843e-01 7.375568e-02
9.656863e-01 7.107843e-01 6.611666e-02
9.754902e-01 7.107843e-01 5.857740e-02
9.852941e-01 7.107843e-01 5.129455e-02
9.950980e-01 7.107843e-01 4.439687e-02
4.901961e-03 7.205882e-01 5.967784e-02
1.470588e-02 7.205882e-01 5.155807e-02
2.450980e-02 7.205882e-01 4.402853e-02
3.431373e-02 7.205882e-01 3.716579e-02
4.411765e-02 7.205882e-01 3.101282e-02
5.392157e-02 7.205882e-01 2.558261e-02
6.372549e-02 7.205882e-01 2.086273e-02
7.352941e-02 7.205882e-01 1.682041e-02
8.333333e-02 7.205882e-01 1.340779e-02
9.313725e-02 7.205882e-01 1.056695e-02
1.029412e-01 7.205882e-01 8.234354e-03
1.127451e-01 7.205882e-01 6.344720e-03
1.225490e-01 7.205882e-01 4.834080e-03
1.323529e-01 7.205882e-01 3.642076e-03
1.421569e-01 7.205882e-01 2.713520e-03
1.519608e-01 7.205882e-01 1.999312e-03
1.617647e-01 7.205882e-01 1.456821e-03
1.715686e-01 7.205882e-01 1.049843e-03
1.813725e-01 7.205882e-01 7.482543e-04
1.911765e-01 7.205882e-01 5.274664e-04
2.009804e-01 7.205882e-01 3.677688e-04
2.107843e-01 7.205882e-01 2.536313e-04
2.205882e-01 7.205882e-01 1.730184e-04
2.303922e-01 7.205882e-01 1.167498e-04
2.401961e-01 7.205882e-01 7.793055e-05
2.500000e-01 7.205882e-01 5.145879e-05
2.598039e-01 7.205882e-01 3.361431e-05
2.696078e-01 7.205882e-01 2.172272e-05
2.794118e-01 7.205882e-01 1.388807e-05
2.892157e-01 7.205882e-01 8.784539e-06
2.990196e-01 7.205882e-01 5.497406e-06
3.088235e-01 7.205882e-01 3.403853e-06
3.186275e-01 7.205882e-01 2.085321e-06
3.284314e-01 7.205882e-01 1.264124e-06
3.382353e-01 7.205882e-01 7.583814e-07
3.480392e-01 7.205882e-01 4.504984e-07
3.578431e-01 7.205882e-01 2.654814e-07
3.676471e-01 7.205882e-01 1.562936e-07
3.774510e-01 7.205882e-01 9.419876e-08
3.872549e-01 7.205882e-01 6.264927e-08
3.970588e-01 7.205882e-01 5.377306e-08
4.068627e-01 7.205882e-01 6.693062e-08
4.166667e-01 7.205882e-01 1.091950e-07
4.264706e-01 7.205882e-01 1.979941e-07
4.362745e-01 7.205882e-01 3.665950e-07
4.460784e-01 7.205882e-01 6.736512e-07
4.558824e-01 7.205882e-01 1.218736e-06
4.656863e-01 7.205882e-01 2.166688e-06
4.754902e-01 7.205882e-01 3.784774e-06
4.852941e-01 7.205882e-01 6.498093e-06
4.950980e-01 7.205882e-01 1.097041e-05
5.049020e-01 7.205882e-01 1.821949e-05
5.147059e-01 7.205882e-01 2.977813e-05
5.245098e-01 7.205882e-01 4.791369e-05
5.343137e-01 7.205882e-01 7.592042e-05
5.441176e-01 7.205882e-01 1.184988e-04
5.539216e-01 7.205882e-01 1.822345e-04
5.637255e-01 7.205882e-01 2.761851e-04
5.735294e-01 7.205882e-01 4.125757e-04
5.833333e-01 7.205882e-01 6.075908e-04
5.931373e-01 7.205882e-01 8.822367e-04
6.029412e-01 7.205882e-01 1.263225e-03
6.127451e-01 7.205882e-01 1.783804e-03
6.225490e-01 7.205882e-01 2.484444e-03
6.323529e-01 7.205882e-01 3.413243e-03
6.421569e-01 7.205882e-01 4.625927e-03
6.519608e-01 7.205882e-01 6.185270e-03
6.617647e-01 7.205882e-01 8.159802e-03
6.715686e-01 7.205882e-01 1.062167e-02
6.813725e-01 7.205882e-01 1.364357e-02
6.911765e-01 7.205882e-01 1.729474e-02
7.009804e-01 7.205882e-01 2.163608e-02
7.107843e-01 7.205882e-01 2.671460e-02
7.205882e-01 7.205882e-01 3.255748e-02
7.303922e-01 7.205882e-01 3.916616e-02
7.401961e-01 7.205882e-01 4.651088e-02
7.500000e-01 7.205882e-01 5.452637e-02
7.598039e-01 7.205882e-01 6.310907e-02
7.696078e-01 7.205882e-01 7.211645e-02
7.794118e-01 7.205882e-01 8.136886e-02
7.892157e-01 7.205882e-01 9.065403e-02
7.990196e-01 7.205882e-01 9.973424e-02
8.088235e-01 7.205882e-01 1.083559e-01
8.186275e-01 7.205882e-01 1.162613e-01
8.284314e-01 7.205882e-01 1.232009e-01
8.382353e-01 7.205882e-01 1.289470e-01
8.480392e-01 7.205882e-01 1.333058e-01
8.578431e-01 7.205882e-01 1.361284e-01
8.676471e-01 7.205882e-01 1.373194e-01
8.774510e-01 7.205882e-01 1.368420e-01
8.872549e-01 7.205882e-01 1.347199e-01
8.970588e-01 7.205882e-01 1.310357e-01
9.068627e-01 7.205882e-01 1.259254e-01
9.166667e-01 7.205882e-01 1.195702e-01
9.264706e-01 7.205882e-01 1.121858e-01
9.362745e-01 7.205882e-01 1.040106e-01
9.460784e-01 7.205882e-01 9.529311e-02
9.558824e-01 7.205882e-01 8.627966e-02
9.656863e-01 7.205882e-01 7.720352e-02
9.754902e-01 7.205882e-01 6.827566e-02
9.852941e-01 7.205882e-01 5.967784e-02
9.950980e-01 7.205882e-01 5.155807e-02
4.901961e-03 7.303922e-01 6.851759e-02
1.470588e-02 7.303922e-01 5.908586e-02
2.450980e-02 7.303922e-01 5.036345e-02
3.431373e-02 7.303922e-01 4.243413e-02
4.411765e-02 7.303922e-01 3.534274e-02
5.392157e-02 7.303922e-01 2.909963e-02
6.372549e-02 7.303922e-01 2.368610e-02
7.352941e-02 7.303922e-01 1.906054e-02
8.333333e-02 7.303922e-01 1.516452e-02
9.313725e-02 7.303922e-01 1.192862e-02
1.029412e-01 7.303922e-01 9.277594e-03
1.127451e-01 7.303922e-01 7.134772e-03
1.225490e-01 7.303922e-01 5.425500e-03
1.323529e-01 7.303922e-01 4.079713e-03
1.421569e-01 7.303922e-01 3.033644e-03
1.519608e-01 7.303922e-01 2.230795e-03
1.617647e-01 7.303922e-01 1.622292e-03
1.715686e-01 7.303922e-01 1.166776e-03
1.813725e-01 7.303922e-01 8.299447e-04
1.911765e-01 7.303922e-01 5.838856e-04
2.009804e-01 7.303922e-01 4.062911e-04
2.107843e-01 7.303922e-01 2.796348e-04
2.205882e-01 7.303922e-01 1.903719e-04
2.303922e-01 7.303922e-01 1.281993e-04
2.401961e-01 7.303922e-01 8.539888e-05
2.500000e-01 7.303922e-01 5.627500e-05
2.598039e-01 7.303922e-01 3.668496e-05
2.696078e-01 7.303922e-01 2.365824e-05
2.794118e-01 7.303922e-01 1.509422e-05
2.892157e-01 7.303922e-01 9.527630e-06
2.990196e-01 7.303922e-01 5.950004e-06
3.088235e-01 7.303922e-01 3.676380e-06
3.186275e-01 7.303922e-01 2.247553e-06
3.284314e-01 7.303922e-01 1.359610e-06
3.382353e-01 7.303922e-01 8.139744e-07
3.480392e-01 7.303922e-01 4.825786e-07
3.578431e-01 7.303922e-01 2.839706e-07
3.676471e-01 7.303922e-01 1.672397e-07
3.774510e-01 7.303922e-01 1.014672e-07
3.872549e-01 7.303922e-01 6.911101e-08
3.970588e-01 7.303922e-01 6.229360e-08
4.068627e-01 7.303922e-01 8.144269e-08
4.166667e-01 7.303922e-01 1.361737e-07
4.264706e-01 7.303922e-01 2.487610e-07
4.362745e-01 7.303922e-01 4.610698e-07
4.460784e-01 7.303922e-01 8.464759e-07
4.558824e-01 7.303922e-01 1.529148e-06
4.656863e-01 7.303922e-01 2.714171e-06
4.754902e-01 7.303922e-01 4.733397e-06
4.852941e-01 7.303922e-01 8.113653e-06
4.950980e-01 7.303922e-01 1.367601e-05
5.049020e-01 7.303922e-01 2.267709e-05
5.147059e-01 7.303922e-01 3.700587e-05
5.245098e-01 7.303922e-01 5.945125e-05
5.343137e-01 7.303922e-01 9.405744e-05
5.441176e-01 7.303922e-01 1.465836e-04
5.539216e-01 7.303922e-01 2.250825e-04
5.637255e-01 7.303922e-01 3.406062e-04
5.735294e-01 7.303922e-01 5.080397e-04
5.833333e-01 7.303922e-01 7.470451e-04
5.931373e-01 7.303922e-01 1.083082e-03
6.029412e-01 7.303922e-01 1.548447e-03
6.127451e-01 7.303922e-01 2.183233e-03
6.225490e-01 7.303922e-01 3.036107e-03
6.323529e-01 7.303922e-01 4.164734e-03
6.421569e-01 7.303922e-01 5.635703e-03
6.519608e-01 7.303922e-01 7.523746e-03
6.617647e-01 7.303922e-01 9.910096e-03
6.715686e-01 7.303922e-01 1.287984e-02
6.813725e-01 7.303922e-01 1.651815e-02
6.911765e-01 7.303922e-01 2.090546e-02
7.009804e-01 7.303922e-01 2.611155e-02
7.107843e-01 7.303922e-01 3.218901e-02
7.205882e-01 7.303922e-01 3.916616e-02
7.303922e-01 7.303922e-01 4.704013e-02
7.401961e-01 7.303922e-01 5.577066e-02
7.500000e-01 7.303922e-01 6.527514e-02
7.598039e-01 7.303922e-01 7.542567e-02
7.696078e-01 7.303922e-01 8.604868e-02
7.794118e-01 7.303922e-01 9.692747e-02
7.892157e-01 7.303922e-01 1.078079e-01
7.990196e-01 7.303922e-01 1.184075e-01
8.088235e-01 7.303922e-01 1.284266e-01
8.186275e-01 7.303922e-01 1.375629e-01
8.284314e-01 7.303922e-01 1.455259e-01
8.382353e-01 7.303922e-01 1.520527e-01
8.480392e-01 7.303922e-01 1.569223e-01
8.578431e-01 7.303922e-01 1.599682e-01
8.676471e-01 7.303922e-01 1.610875e-01
8.774510e-01 7.303922e-01 1.602474e-01
8.872549e-01 7.303922e-01 1.574858e-01
8.970588e-01 7.303922e-01 1.529092e-01
9.068627e-01 7.303922e-01 1.466858e-01
9.166667e-01 7.303922e-01 1.390351e-01
9.264706e-01 7.303922e-01 1.302156e-01
9.362745e-01 7.303922e-01 1.205098e-01
9.460784e-01 7.303922e-01 1.102104e-01
9.558824e-01 7.303922e-01 9.960516e-02
9.656863e-01 7.303922e-01 8.896503e-02
9.754902e-01 7.303922e-01 7.853321e-02
9.852941e-01 7.303922e-01 6.851759e-02
9.950980e-01 7.303922e-01 5.908586e-02
4.901961e-03 7.401961e-01 7.763608e-02
1.470588e-02 7.401961e-01 6.682493e-02
2.450980e-02 7.401961e-01 5.685389e-02
3.431373e-02 7.401961e-01 4.781302e-02
4.411765e-02 7.401961e-01 3.974785e-02
5.392157e-02 7.401961e-01 3.266477e-02
6.372549e-02 7.401961e-01 2.653756e-02
7.352941e-02 7.401961e-01 2.131445e-02
8.333333e-02 7.401961e-01 1.692527e-02
9.313725e-02 7.401961e-01 1.328806e-02
1.029412e-01 7.401961e-01 1.031496e-02
1.127451e-01 7.401961e-01 7.917156e-03
1.225490e-01 7.401961e-01 6.008725e-03
1.323529e-01 7.401961e-01 4.509433e-03
1.421569e-01 7.401961e-01 3.346595e-03
1.519608e-01 7.401961e-01 2.456070e-03
1.617647e-01 7.401961e-01 1.782580e-03
1.715686e-01 7.401961e-01 1.279508e-03
1.813725e-01 7.401961e-01 9.083144e-04
1.911765e-01 7.401961e-01 6.377389e-04
2.009804e-01 7.401961e-01 4.428706e-04
2.107843e-01 7.401961e-01 3.041947e-04
2.205882e-01 7.401961e-01 2.066715e-04
2.303922e-01 7.401961e-01 1.388918e-04
2.401961e-01 7.401961e-01 9.233222e-05
2.500000e-01 7.401961e-01 6.071876e-05
2.598039e-01 7.401961e-01 3.950010e-05
2.696078e-01 7.401961e-01 2.542094e-05
2.794118e-01 7.401961e-01 1.618509e-05
2.892157e-01 7.401961e-01 1.019486e-05
2.990196e-01 7.401961e-01 6.353336e-06
3.088235e-01 7.401961e-01 3.917327e-06
3.186275e-01 7.401961e-01 2.389801e-06
3.284314e-01 7.401961e-01 1.442610e-06
3.382353e-01 7.401961e-01 8.618717e-07
3.480392e-01 7.401961e-01 5.099900e-07
3.578431e-01 7.401961e-01 2.996988e-07
3.676471e-01 7.401961e-01 1.766525e-07
3.774510e-01 7.401961e-01 1.080643e-07
3.872549e-01 7.401961e-01 7.565343e-08
3.970588e-01 7.401961e-01 7.180103e-08
4.068627e-01 7.401961e-01 9.835148e-08
4.166667e-01 7.401961e-01 1.680059e-07
4.264706e-01 7.401961e-01 3.087849e-07
4.362745e-01 7.401961e-01 5.726587e-07
4.460784e-01 7.401961e-01 1.050228e-06
4.558824e-01 7.401961e-01 1.894349e-06
4.656863e-01 7.401961e-01 3.356924e-06
4.754902e-01 7.401961e-01 5.844750e-06
4.852941e-01 7.401961e-01 1.000240e-05
4.950980e-01 7.401961e-01 1.683259e-05
5.049020e-01 7.401961e-01 2.786707e-05
5.147059e-01 7.401961e-01 4.540401e-05
5.245098e-01 7.401961e-01 7.283003e-05
5.343137e-01 7.401961e-01 1.150465e-04
5.441176e-01 7.401961e-01 1.790194e-04
5.539216e-01 7.401961e-01 2.744689e-04
5.637255e-01 7.401961e-01 4.147079e-04
5.735294e-01 7.401961e-01 6.176271e-04
5.833333e-01 7.401961e-01 9.068053e-04
5.931373e-01 7.401961e-01 1.312703e-03
6.029412e-01 7.401961e-01 1.873861e-03
6.127451e-01 7.401961e-01 2.638002e-03
6.225490e-01 7.401961e-01 3.662889e-03
6.323529e-01 7.401961e-01 5.016755e-03
6.421569e-01 7.401961e-01 6.778125e-03
6.519608e-01 7.401961e-01 9.034793e-03
6.617647e-01 7.401961e-01 1.188177e-02
6.715686e-01 7.401961e-01 1.541806e-02
6.813725e-01 7.401961e-01 1.974208e-02
6.911765e-01 7.401961e-01 2.494593e-02
7.009804e-01 7.401961e-01 3.110840e-02
7.107843e-01 7.401961e-01 3.828721e-02
7.205882e-01 7.401961e-01 4.651088e-02
7.303922e-01 7.401961e-01 5.577066e-02
7.401961e-01 7.401961e-01 6.601354e-02
7.500000e-01 7.401961e-01 7.713672e-02
7.598039e-01 7.401961e-01 8.898461e-02
7.696078e-01 7.401961e-01 1.013488e-01
7.794118e-01 7.401961e-01 1.139714e-01
7.892157e-01 7.401961e-01 1.265526e-01
7.990196e-01 7.401961e-01 1.387608e-01
8.088235e-01 7.401961e-01 1.502472e-01
8.186275e-01 7.401961e-01 1.606617e-01
8.284314e-01 7.401961e-01 1.696710e-01
8.382353e-01 7.401961e-01 1.769757e-01
8.480392e-01 7.401961e-01 1.823278e-01
8.578431e-01 7.401961e-01 1.855439e-01
8.676471e-01 7.401961e-01 1.865161e-01
8.774510e-01 7.401961e-01 1.852178e-01
8.872549e-01 7.401961e-01 1.817051e-01
8.970588e-01 7.401961e-01 1.761122e-01
9.068627e-01 7.401961e-01 1.686438e-01
9.166667e-01 7.401961e-01 1.595621e-01
9.264706e-01 7.401961e-01 1.491719e-01
9.362745e-01 7.401961e-01 1.378040e-01
9.460784e-01 7.401961e-01 1.257980e-01
9.558824e-01 7.401961e-01 1.134857e-01
9.656863e-01 7.401961e-01 1.011773e-01
9.754902e-01 7.401961e-01 8.914926e-02
9.852941e-01 7.401961e-01 7.763608e-02
9.950980e-01 7.401961e-01 6.682493e-02
4.901961e-03 7.500000e-01 8.682058e-02
1.470588e-02 7.500000e-01 7.459102e-02
2.450980e-02 7.500000e-01 6.334225e-02
3.431373e-02 7.500000e-01 5.316931e-02
4.411765e-02 7.500000e-01 4.411705e-02
5.392157e-02 7.500000e-01 3.618651e-02
6.372549e-02 7.500000e-01 2.934260e-02
7.352941e-02 7.500000e-01 2.352225e-02
8.333333e-02 7.500000e-01 1.864247e-02
9.313725e-02 7.500000e-01 1.460794e-02
1.029412e-01 7.500000e-01 1.131751e-02
1.127451e-01 7.500000e-01 8.669715e-03
1.225490e-01 7.500000e-01 6.566994e-03
1.323529e-01 7.500000e-01 4.918710e-03
1.421569e-01 7.500000e-01 3.643122e-03
1.519608e-01 7.500000e-01 2.668388e-03
1.617647e-01 7.500000e-01 1.932820e-03
1.715686e-01 7.500000e-01 1.384572e-03
1.813725e-01 7.500000e-01 9.809245e-04
1.911765e-01 7.500000e-01 6.873301e-04
2.009804e-01 7.500000e-01 4.763418e-04
2.107843e-01 7.500000e-01 3.265196e-04
2.205882e-01 7.500000e-01 2.213860e-04
2.303922e-01 7.500000e-01 1.484755e-04
2.401961e-01 7.500000e-01 9.850000e-05
2.500000e-01 7.500000e-01 6.464084e-05
2.598039e-01 7.500000e-01 4.196428e-05
2.696078e-01 7.500000e-01 2.695051e-05
2.794118e-01 7.500000e-01 1.712304e-05
2.892157e-01 7.500000e-01 1.076300e-05
2.990196e-01 7.500000e-01 6.693247e-06
3.088235e-01 7.500000e-01 4.118171e-06
3.186275e-01 7.500000e-01 2.506995e-06
3.284314e-01 7.500000e-01 1.510149e-06
3.382353e-01 7.500000e-01 9.003464e-07
3.480392e-01 7.500000e-01 5.317451e-07
3.578431e-01 7.500000e-01 3.121121e-07
3.676471e-01 7.500000e-01 1.842328e-07
3.774510e-01 7.500000e-01 1.138451e-07
3.872549e-01 7.500000e-01 8.223692e-08
3.970588e-01 7.500000e-01 8.234819e-08
4.068627e-01 7.500000e-01 1.178216e-07
4.166667e-01 7.500000e-01 2.050234e-07
4.264706e-01 7.500000e-01 3.786671e-07
4.362745e-01 7.500000e-01 7.024035e-07
4.460784e-01 7.500000e-01 1.286659e-06
4.558824e-01 7.500000e-01 2.317210e-06
4.656863e-01 7.500000e-01 4.099533e-06
4.754902e-01 7.500000e-01 7.125972e-06
4.852941e-01 7.500000e-01 1.217517e-05
4.950980e-01 7.500000e-01 2.045612e-05
5.049020e-01 7.500000e-01 3.381220e-05
5.147059e-01 7.500000e-01 5.500393e-05
5.245098e-01 7.500000e-01 8.809138e-05
5.343137e-01 7.500000e-01 1.389391e-04
5.441176e-01 7.500000e-01 2.158653e-04
5.539216e-01 7.500000e-01 3.304533e-04
5.637255e-01 7.500000e-01 4.985340e-04
5.735294e-01 7.500000e-01 7.413354e-04
5.833333e-01 7.500000e-01 1.086771e-03
5.931373e-01 7.500000e-01 1.570814e-03
6.029412e-01 7.500000e-01 2.238869e-03
6.127451e-01 7.500000e-01 3.147005e-03
6.225490e-01 7.500000e-01 4.362891e-03
6.323529e-01 7.500000e-01 5.966217e-03
6.421569e-01 7.500000e-01 8.048375e-03
6.519608e-01 7.500000e-01 1.071115e-02
6.617647e-01 7.500000e-01 1.406420e-02
6.715686e-01 7.500000e-01 1.822114e-02
6.813725e-01 7.500000e-01 2.329418e-02
6.911765e-01 7.500000e-01 2.938727e-02
7.009804e-01 7.500000e-01 3.658798e-02
7.107843e-01 7.500000e-01 4.495853e-02
7.205882e-01 7.500000e-01 5.452637e-02
7.303922e-01 7.500000e-01 6.527514e-02
7.401961e-01 7.500000e-01 7.713672e-02
7.500000e-01 7.500000e-01 8.998532e-02
7.598039e-01 7.500000e-01 1.036344e-01
7.696078e-01 7.500000e-01 1.178372e-01
7.794118e-01 7.500000e-01 1.322912e-01
7.892157e-01 7.500000e-01 1.466469e-01
7.990196e-01 7.500000e-01 1.605211e-01
8.088235e-01 7.500000e-01 1.735127e-01
8.186275e-01 7.500000e-01 1.852223e-01
8.284314e-01 7.500000e-01 1.952722e-01
8.382353e-01 7.500000e-01 2.033269e-01
8.480392e-01 7.500000e-01 2.091119e-01
8.578431e-01 7.500000e-01 2.124287e-01
8.676471e-01 7.500000e-01 2.131670e-01
8.774510e-01 7.500000e-01 2.113099e-01
8.872549e-01 7.500000e-01 2.069349e-01
8.970588e-01 7.500000e-01 2.002083e-01
9.068627e-01 7.500000e-01 1.913750e-01
9.166667e-01 7.500000e-01 1.807436e-01
9.264706e-01 7.500000e-01 1.686689e-01
9.362745e-01 7.500000e-01 1.555325e-01
9.460784e-01 7.500000e-01 1.417229e-01
9.558824e-01 7.500000e-01 1.276178e-01
9.656863e-01 7.500000e-01 1.135673e-01
9.754902e-01 7.500000e-01 9.988130e-02
9.852941e-01 7.500000e-01 8.682058e-02
9.950980e-01 7.500000e-01 7.459102e-02
4.901961e-03 7.598039e-01 9.583056e-02
1.470588e-02 7.598039e-01 8.217739e-02
2.450980e-02 7.598039e-01 6.965303e-02
3.431373e-02 7.598039e-01 5.835588e-02
4.411765e-02 7.598039e-01 4.832851e-02
5.392157e-02 7.598039e-01 3.956519e-02
6.372549e-02 7.598039e-01 3.202073e-02
7.352941e-02 7.598039e-01 2.561967e-02
8.333333e-02 7.598039e-01 2.026548e-02
9.313725e-02 7.598039e-01 1.584883e-02
1.029412e-01 7.598039e-01 1.225491e-02
1.127451e-01 7.598039e-01 9.369401e-03
1.225490e-01 7.598039e-01 7.083003e-03
1.323529e-01 7.598039e-01 5.294711e-03
1.421569e-01 7.598039e-01 3.913823e-03
1.519608e-01 7.598039e-01 2.860943e-03
1.617647e-01 7.598039e-01 2.068144e-03
1.715686e-01 7.598039e-01 1.478531e-03
1.813725e-01 7.598039e-01 1.045375e-03
1.911765e-01 7.598039e-01 7.310044e-04
2.009804e-01 7.598039e-01 5.055775e-04
2.107843e-01 7.598039e-01 3.458509e-04
2.205882e-01 7.598039e-01 2.340114e-04
2.303922e-01 7.598039e-01 1.566192e-04
2.401961e-01 7.598039e-01 1.036874e-04
2.500000e-01 7.598039e-01 6.790358e-05
2.598039e-01 7.598039e-01 4.399038e-05
2.696078e-01 7.598039e-01 2.819249e-05
2.794118e-01 7.598039e-01 1.787443e-05
2.892157e-01 7.598039e-01 1.121156e-05
2.990196e-01 7.598039e-01 6.957403e-06
3.088235e-01 7.598039e-01 4.271585e-06
3.186275e-01 7.598039e-01 2.594839e-06
3.284314e-01 7.598039e-01 1.559737e-06
3.382353e-01 7.598039e-01 9.279788e-07
3.480392e-01 7.598039e-01 5.470461e-07
3.578431e-01 7.598039e-01 3.207710e-07
3.676471e-01 7.598039e-01 1.897474e-07
3.774510e-01 7.598039e-01 1.186986e-07
3.872549e-01 7.598039e-01 8.883026e-08
3.970588e-01 7.598039e-01 9.396893e-08
4.068627e-01 7.598039e-01 1.399583e-07
4.166667e-01 7.598039e-01 2.474275e-07
4.264706e-01 7.598039e-01 4.587498e-07
4.362745e-01 7.598039e-01 8.508502e-07
4.460784e-01 7.598039e-01 1.556597e-06
4.558824e-01 7.598039e-01 2.798912e-06
4.656863e-01 7.598039e-01 4.943565e-06
4.754902e-01 7.598039e-01 8.578912e-06
4.852941e-01 7.598039e-01 1.463367e-05
4.950980e-01 7.598039e-01 2.454712e-05
5.049020e-01 7.598039e-01 4.050965e-05
5.147059e-01 7.598039e-01 6.579514e-05
5.245098e-01 7.598039e-01 1.052094e-04
5.343137e-01 7.598039e-01 1.656804e-04
5.441176e-01 7.598039e-01 2.570151e-04
5.539216e-01 7.598039e-01 3.928414e-04
5.637255e-01 7.598039e-01 5.917451e-04
5.735294e-01 7.598039e-01 8.785927e-04
5.833333e-01 7.598039e-01 1.286007e-03
5.931373e-01 7.598039e-01 1.855931e-03
6.029412e-01 7.598039e-01 2.641164e-03
6.127451e-01 7.598039e-01 3.706736e-03
6.225490e-01 7.598039e-01 5.130900e-03
6.323529e-01 7.598039e-01 7.005521e-03
6.421569e-01 7.598039e-01 9.435582e-03
6.519608e-01 7.598039e-01 1.253754e-02
6.617647e-01 7.598039e-01 1.643628e-02
6.715686e-01 7.598039e-01 2.126047e-02
6.813725e-01 7.598039e-01 2.713625e-02
6.911765e-01 7.598039e-01 3.417928e-02
7.009804e-01 7.598039e-01 4.248541e-02
7.107843e-01 7.598039e-01 5.212034e-02
7.205882e-01 7.598039e-01 6.310907e-02
7.303922e-01 7.598039e-01 7.542567e-02
7.401961e-01 7.598039e-01 8.898461e-02
7.500000e-01 7.598039e-01 1.036344e-01
7.598039e-01 7.598039e-01 1.191547e-01
7.696078e-01 7.598039e-01 1.352572e-01
7.794118e-01 7.598039e-01 1.515918e-01
7.892157e-01 7.598039e-01 1.677572e-01
7.990196e-01 7.598039e-01 1.833158e-01
8.088235e-01 7.598039e-01 1.978129e-01
8.186275e-01 7.598039e-01 2.107990e-01
8.284314e-01 7.598039e-01 2.218522e-01
8.382353e-01 7.598039e-01 2.306017e-01
8.480392e-01 7.598039e-01 2.367482e-01
8.578431e-01 7.598039e-01 2.400811e-01
8.676471e-01 7.598039e-01 2.404904e-01
8.774510e-01 7.598039e-01 2.379725e-01
8.872549e-01 7.598039e-01 2.326302e-01
8.970588e-01 7.598039e-01 2.246654e-01
9.068627e-01 7.598039e-01 2.143666e-01
9.166667e-01 7.598039e-01 2.020920e-01
9.264706e-01 7.598039e-01 1.882486e-01
9.362745e-01 7.598039e-01 1.732704e-01
9.460784e-01 7.598039e-01 1.575965e-01
9.558824e-01 7.598039e-01 1.416501e-01
9.656863e-01 7.598039e-01 1.258214e-01
9.754902e-01 7.598039e-01 1.104530e-01
9.852941e-01 7.598039e-01 9.583056e-02
9.950980e-01 7.598039e-01 8.217739e-02
4.901961e-03 7.696078e-01 1.044076e-01
1.470588e-02 7.696078e-01 8.936354e-02
2.450980e-02 7.696078e-01 7.560043e-02
3.431373e-02 7.696078e-01 6.321809e-02
4.411765e-02 7.696078e-01 5.225513e-02
5.392157e-02 7.696078e-01 4.269764e-02
6.372549e-02 7.696078e-01 3.448920e-02
7.352941e-02 7.696078e-01 2.754122e-02
8.333333e-02 7.696078e-01 2.174304e-02
9.313725e-02 7.696078e-01 1.697113e-02
1.029412e-01 7.696078e-01 1.309695e-02
1.127451e-01 7.696078e-01 9.993433e-03
1.225490e-01 7.696078e-01 7.539791e-03
1.323529e-01 7.696078e-01 5.624960e-03
1.421569e-01 7.696078e-01 4.149636e-03
1.519608e-01 7.696078e-01 3.027234e-03
1.617647e-01 7.696078e-01 2.183945e-03
1.715686e-01 7.696078e-01 1.558159e-03
1.813725e-01 7.696078e-01 1.099437e-03
1.911765e-01 7.696078e-01 7.672401e-04
2.009804e-01 7.696078e-01 5.295518e-04
2.107843e-01 7.696078e-01 3.615058e-04
2.205882e-01 7.696078e-01 2.440986e-04
2.303922e-01 7.696078e-01 1.630315e-04
2.401961e-01 7.696078e-01 1.077078e-04
2.500000e-01 7.696078e-01 7.038896e-05
2.598039e-01 7.696078e-01 4.550474e-05
2.696078e-01 7.696078e-01 2.910153e-05
2.794118e-01 7.696078e-01 1.841171e-05
2.892157e-01 7.696078e-01 1.152402e-05
2.990196e-01 7.696078e-01 7.136042e-06
3.088235e-01 7.696078e-01 4.371881e-06
3.186275e-01 7.696078e-01 2.650068e-06
3.284314e-01 7.696078e-01 1.589532e-06
3.382353e-01 7.696078e-01 9.437440e-07
3.480392e-01 7.696078e-01 5.553337e-07
3.578431e-01 7.696078e-01 3.253774e-07
3.676471e-01 7.696078e-01 1.930435e-07
3.774510e-01 7.696078e-01 1.225535e-07
3.872549e-01 7.696078e-01 9.540939e-08
3.970588e-01 7.696078e-01 1.066691e-07
4.068627e-01 7.696078e-01 1.647868e-07
4.166667e-01 7.696078e-01 2.952499e-07
4.264706e-01 7.696078e-01 5.490412e-07
4.362745e-01 7.696078e-01 1.017912e-06
4.460784e-01 7.696078e-01 1.859700e-06
4.558824e-01 7.696078e-01 3.338529e-06
4.656863e-01 7.696078e-01 5.886854e-06
4.754902e-01 7.696078e-01 1.019893e-05
4.852941e-01 7.696078e-01 1.736854e-05
4.950980e-01 7.696078e-01 2.908757e-05
5.049020e-01 7.696078e-01 4.792597e-05
5.147059e-01 7.696078e-01 7.771749e-05
5.245098e-01 7.696078e-01 1.240789e-04
5.343137e-01 7.696078e-01 1.950913e-04
5.441176e-01 7.696078e-01 3.021703e-04
5.539216e-01 7.696078e-01 4.611466e-04
5.637255e-01 7.696078e-01 6.935635e-04
5.735294e-01 7.696078e-01 1.028180e-03
5.833333e-01 7.696078e-01 1.502639e-03
5.931373e-01 7.696078e-01 2.165216e-03
6.029412e-01 7.696078e-01 3.076532e-03
6.127451e-01 7.696078e-01 4.311041e-03
6.225490e-01 7.696078e-01 5.958072e-03
6.323529e-01 7.696078e-01 8.122158e-03
6.421569e-01 7.696078e-01 1.092233e-02
6.519608e-01 7.696078e-01 1.449009e-02
6.617647e-01 7.696078e-01 1.896580e-02
6.715686e-01 7.696078e-01 2.449321e-02
6.813725e-01 7.696078e-01 3.121219e-02
6.911765e-01 7.696078e-01 3.924959e-02
7.009804e-01 7.696078e-01 4.870863e-02
7.107843e-01 7.696078e-01 5.965729e-02
7.205882e-01 7.696078e-01 7.211645e-02
7.303922e-01 7.696078e-01 8.604868e-02
7.401961e-01 7.696078e-01 1.013488e-01
7.500000e-01 7.696078e-01 1.178372e-01
7.598039e-01 7.696078e-01 1.352572e-01
7.696078e-01 7.696078e-01 1.532769e-01
7.794118e-01 7.696078e-01 1.714966e-01
7.892157e-01 7.696078e-01 1.894611e-01
7.990196e-01 7.696078e-01 2.066780e-01
8.088235e-01 7.696078e-01 2.226388e-01
8.186275e-01 7.696078e-01 2.368440e-01
8.284314e-01 7.696078e-01 2.488294e-01
8.382353e-01 7.696078e-01 2.581908e-01
8.480392e-01 7.696078e-01 2.646071e-01
8.578431e-01 7.696078e-01 2.678584e-01
8.676471e-01 7.696078e-01 2.678390e-01
8.774510e-01 7.696078e-01 2.645623e-01
8.872549e-01 7.696078e-01 2.581598e-01
8.970588e-01 7.696078e-01 2.488720e-01
9.068627e-01 7.696078e-01 2.370341e-01
9.166667e-01 7.696078e-01 2.230554e-01
9.264706e-01 7.696078e-01 2.073965e-01
9.362745e-01 7.696078e-01 1.905446e-01
9.460784e-01 7.696078e-01 1.729886e-01
9.558824e-01 7.696078e-01 1.551968e-01
9.656863e-01 7.696078e-01 1.375978e-01
9.754902e-01 7.696078e-01 1.205651e-01
9.852941e-01 7.696078e-01 1.044076e-01
9.950980e-01 7.696078e-01 8.936354e-02
4.901961e-03 7.794118e-01 1.122874e-01
1.470588e-02 7.794118e-01 9.592563e-02
2.450980e-02 7.794118e-01 8.099726e-02
3.431373e-02 7.794118e-01 6.760135e-02
4.411765e-02 7.794118e-01 5.577083e-02
5.392157e-02 7.794118e-01 4.548232e-02
6.372549e-02 7.794118e-01 3.666727e-02
7.352941e-02 7.794118e-01 2.922345e-02
8.333333e-02 7.794118e-01 2.302597e-02
9.313725e-02 7.794118e-01 1.793717e-02
1.029412e-01 7.794118e-01 1.381514e-02
1.127451e-01 7.794118e-01 1.052053e-02
1.225490e-01 7.794118e-01 7.921664e-03
1.323529e-01 7.794118e-01 5.898031e-03
1.421569e-01 7.794118e-01 4.342346e-03
1.519608e-01 7.794118e-01 3.161429e-03
1.617647e-01 7.794118e-01 2.276138e-03
1.715686e-01 7.794118e-01 1.620631e-03
1.813725e-01 7.794118e-01 1.141181e-03
1.911765e-01 7.794118e-01 7.947373e-04
2.009804e-01 7.794118e-01 5.474003e-04
2.107843e-01 7.794118e-01 3.729173e-04
2.205882e-01 7.794118e-01 2.512808e-04
2.303922e-01 7.794118e-01 1.674784e-04
2.401961e-01 7.794118e-01 1.104139e-04
2.500000e-01 7.794118e-01 7.200569e-05
2.598039e-01 7.794118e-01 4.645162e-05
2.696078e-01 7.794118e-01 2.964409e-05
2.794118e-01 7.794118e-01 1.871505e-05
2.892157e-01 7.794118e-01 1.168884e-05
2.990196e-01 7.794118e-01 7.222573e-06
3.088235e-01 7.794118e-01 4.415367e-06
3.186275e-01 7.794118e-01 2.670655e-06
3.284314e-01 7.794118e-01 1.598447e-06
3.382353e-01 7.794118e-01 9.470749e-07
3.480392e-01 7.794118e-01 5.563213e-07
3.578431e-01 7.794118e-01 3.257923e-07
3.676471e-01 7.794118e-01 1.940568e-07
3.774510e-01 7.794118e-01 1.253799e-07
3.872549e-01 7.794118e-01 1.019544e-07
3.970588e-01 7.794118e-01 1.204172e-07
4.068627e-01 7.794118e-01 1.922325e-07
4.166667e-01 7.794118e-01 3.483142e-07
4.264706e-01 7.794118e-01 6.491460e-07
4.362745e-01 7.794118e-01 1.202748e-06
4.460784e-01 7.794118e-01 2.194247e-06
4.558824e-01 7.794118e-01 3.932661e-06
4.656863e-01 7.794118e-01 6.922884e-06
4.754902e-01 7.794118e-01 1.197388e-05
4.852941e-01 7.794118e-01 2.035771e-05
4.950980e-01 7.794118e-01 3.403831e-05
5.049020e-01 7.794118e-01 5.599310e-05
5.147059e-01 7.794118e-01 9.065519e-05
5.245098e-01 7.794118e-01 1.445067e-04
5.343137e-01 7.794118e-01 2.268551e-04
5.441176e-01 7.794118e-01 3.508215e-04
5.539216e-01 7.794118e-01 5.345636e-04
5.637255e-01 7.794118e-01 8.027374e-04
5.735294e-01 7.794118e-01 1.188184e-03
5.833333e-01 7.794118e-01 1.733786e-03
5.931373e-01 7.794118e-01 2.494408e-03
6.029412e-01 7.794118e-01 3.538759e-03
6.127451e-01 7.794118e-01 4.950998e-03
6.225490e-01 7.794118e-01 6.831794e-03
6.323529e-01 7.794118e-01 9.298564e-03
6.421569e-01 7.794118e-01 1.248452e-02
6.519608e-01 7.794118e-01 1.653624e-02
6.617647e-01 7.794118e-01 2.160936e-02
6.715686e-01 7.794118e-01 2.786238e-02
6.813725e-01 7.794118e-01 3.544823e-02
6.911765e-01 7.794118e-01 4.450406e-02
7.009804e-01 7.794118e-01 5.513923e-02
7.107843e-01 7.794118e-01 6.742249e-02
7.205882e-01 7.794118e-01 8.136886e-02
7.303922e-01 7.794118e-01 9.692747e-02
7.401961e-01 7.794118e-01 1.139714e-01
7.500000e-01 7.794118e-01 1.322912e-01
7.598039e-01 7.794118e-01 1.515918e-01
7.696078e-01 7.794118e-01 1.714966e-01
7.794118e-01 7.794118e-01 1.915550e-01
7.892157e-01 7.794118e-01 2.112582e-01
7.990196e-01 7.794118e-01 2.300591e-01
8.088235e-01 7.794118e-01 2.473965e-01
8.186275e-01 7.794118e-01 2.627236e-01
8.284314e-01 7.794118e-01 2.755361e-01
8.382353e-01 7.794118e-01 2.853998e-01
8.480392e-01 7.794118e-01 2.919757e-01
8.578431e-01 7.794118e-01 2.950388e-01
8.676471e-01 7.794118e-01 2.944912e-01
8.774510e-01 7.794118e-01 2.903671e-01
8.872549e-01 7.794118e-01 2.828297e-01
8.970588e-01 7.794118e-01 2.721610e-01
9.068627e-01 7.794118e-01 2.587438e-01
9.166667e-01 7.794118e-01 2.430399e-01
9.264706e-01 7.794118e-01 2.255632e-01
9.362745e-01 7.794118e-01 2.068529e-01
9.460784e-01 7.794118e-01 1.874462e-01
9.558824e-01 7.794118e-01 1.678543e-01
9.656863e-01 7.794118e-01 1.485416e-01
9.754902e-01 7.794118e-01 1.299096e-01
9.852941e-01 7.794118e-01 1.122874e-01
9.950980e-01 7.794118e-01 9.592563e-02
4.901961e-03 7.892157e-01 1.192132e-01
1.470588e-02 7.892157e-01 1.016481e-01
2.450980e-02 7.892157e-01 8.566472e-02
3.431373e-02 7.892157e-01 7.135929e-02
4.411765e-02 7.892157e-01 5.875731e-02
5.392157e-02 7.892157e-01 4.782481e-02
6.372549e-02 7.892157e-01 3.848055e-02
7.352941e-02 7.892157e-01 3.060854e-02
8.333333e-02 7.892157e-01 2.406986e-02
9.313725e-02 7.892157e-01 1.871329e-02
1.029412e-01 7.892157e-01 1.438430e-02
1.127451e-01 7.892157e-01 1.093212e-02
1.225490e-01 7.892157e-01 8.215095e-03
1.323529e-01 7.892157e-01 6.104203e-03
1.421569e-01 7.892157e-01 4.485060e-03
1.519608e-01 7.892157e-01 3.258708e-03
1.617647e-01 7.892157e-01 2.341397e-03
1.715686e-01 7.892157e-01 1.663686e-03
1.813725e-01 7.892157e-01 1.169092e-03
1.911765e-01 7.892157e-01 8.124950e-04
2.009804e-01 7.892157e-01 5.584721e-04
2.107843e-01 7.892157e-01 3.796685e-04
2.205882e-01 7.892157e-01 2.552955e-04
2.303922e-01 7.892157e-01 1.697973e-04
2.401961e-01 7.892157e-01 1.117069e-04
2.500000e-01 7.892157e-01 7.269483e-05
2.598039e-01 7.892157e-01 4.679660e-05
2.696078e-01 7.892157e-01 2.980057e-05
2.794118e-01 7.892157e-01 1.877355e-05
2.892157e-01 7.892157e-01 1.170018e-05
2.990196e-01 7.892157e-01 7.213977e-06
3.088235e-01 7.892157e-01 4.400563e-06
3.186275e-01 7.892157e-01 2.655932e-06
3.284314e-01 7.892157e-01 1.586217e-06
3.382353e-01 7.892157e-01 9.378965e-07
3.480392e-01 7.892157e-01 5.500124e-07
3.578431e-01 7.892157e-01 3.220437e-07
3.676471e-01 7.892157e-01 1.928140e-07
3.774510e-01 7.892157e-01 1.271887e-07
3.872549e-01 7.892157e-01 1.084454e-07
3.970588e-01 7.892157e-01 1.351352e-07
4.068627e-01 7.892157e-01 2.221040e-07
4.166667e-01 7.892157e-01 4.062047e-07
4.264706e-01 7.892157e-01 7.582102e-07
4.362745e-01 7.892157e-01 1.403662e-06
4.460784e-01 7.892157e-01 2.556969e-06
4.558824e-01 7.892157e-01 4.575158e-06
4.656863e-01 7.892157e-01 8.040351e-06
4.754902e-01 7.892157e-01 1.388342e-05
4.852941e-01 7.892157e-01 2.356535e-05
4.950980e-01 7.892157e-01 3.933738e-05
5.049020e-01 7.892157e-01 6.460600e-05
5.147059e-01 7.892157e-01 1.044333e-04
5.245098e-01 7.892157e-01 1.662065e-04
5.343137e-01 7.892157e-01 2.605113e-04
5.441176e-01 7.892157e-01 4.022402e-04
5.539216e-01 7.892157e-01 6.119582e-04
5.637255e-01 7.892157e-01 9.175295e-04
5.735294e-01 7.892157e-01 1.355983e-03
5.833333e-01 7.892157e-01 1.975558e-03
5.931373e-01 7.892157e-01 2.837813e-03
6.029412e-01 7.892157e-01 4.019643e-03
6.127451e-01 7.892157e-01 5.614965e-03
6.225490e-01 7.892157e-01 7.735782e-03
6.323529e-01 7.892157e-01 1.051229e-02
6.421569e-01 7.892157e-01 1.409166e-02
6.519608e-01 7.892157e-01 1.863513e-02
6.617647e-01 7.892157e-01 2.431305e-02
6.715686e-01 7.892157e-01 3.129779e-02
6.813725e-01 7.892157e-01 3.975434e-02
6.911765e-01 7.892157e-01 4.982876e-02
7.009804e-01 7.892157e-01 6.163507e-02
7.107843e-01 7.892157e-01 7.524104e-02
7.205882e-01 7.892157e-01 9.065403e-02
7.303922e-01 7.892157e-01 1.078079e-01
7.401961e-01 7.892157e-01 1.265526e-01
7.500000e-01 7.892157e-01 1.466469e-01
7.598039e-01 7.892157e-01 1.677572e-01
7.696078e-01 7.892157e-01 1.894611e-01
7.794118e-01 7.892157e-01 2.112582e-01
7.892157e-01 7.892157e-01 2.325870e-01
7.990196e-01 7.892157e-01 2.528476e-01
8.088235e-01 7.892157e-01 2.714293e-01
8.186275e-01 7.892157e-01 2.877413e-01
8.284314e-01 7.892157e-01 3.012434e-01
8.382353e-01 7.892157e-01 3.114762e-01
8.480392e-01 7.892157e-01 3.180872e-01
8.578431e-01 7.892157e-01 3.208508e-01
8.676471e-01 7.892157e-01 3.196811e-01
8.774510e-01 7.892157e-01 3.146362e-01
8.872549e-01 7.892157e-01 3.059140e-01
8.970588e-01 7.892157e-01 2.938388e-01
9.068627e-01 7.892157e-01 2.788423e-01
9.166667e-01 7.892157e-01 2.614373e-01
9.264706e-01 7.892157e-01 2.421898e-01
9.362745e-01 7.892157e-01 2.216884e-01
9.460784e-01 7.892157e-01 2.005156e-01
9.558824e-01 7.892157e-01 1.792215e-01
9.656863e-01 7.892157e-01 1.583026e-01
9.754902e-01 7.892157e-01 1.381847e-01
9.852941e-01 7.892157e-01 1.192132e-01
9.950980e-01 7.892157e-01 1.016481e-01
4.901961e-03 7.990196e-01 1.249499e-01
1.470588e-02 7.990196e-01 1.063352e-01
2.450980e-02 7.990196e-01 8.944225e-02
3.431373e-02 7.990196e-01 7.436184e-02
4.411765e-02 7.990196e-01 6.111062e-02
5.392157e-02 7.990196e-01 4.964315e-02
6.372549e-02 7.990196e-01 3.986528e-02
7.352941e-02 7.990196e-01 3.164754e-02
8.333333e-02 7.990196e-01 2.483766e-02
9.313725e-02 7.990196e-01 1.927186e-02
1.029412e-01 7.990196e-01 1.478408e-02
1.127451e-01 7.990196e-01 1.121343e-02
1.225490e-01 7.990196e-01 8.409524e-03
1.323529e-01 7.990196e-01 6.236037e-03
1.421569e-01 7.990196e-01 4.572621e-03
1.519608e-01 7.990196e-01 3.315550e-03
1.617647e-01 7.990196e-01 2.377359e-03
1.715686e-01 7.990196e-01 1.685764e-03
1.813725e-01 7.990196e-01 1.182159e-03
1.911765e-01 7.990196e-01 8.198724e-04
2.009804e-01 7.990196e-01 5.623691e-04
2.107843e-01 7.990196e-01 3.815180e-04
2.205882e-01 7.990196e-01 2.560003e-04
2.303922e-01 7.990196e-01 1.699068e-04
2.401961e-01 7.990196e-01 1.115422e-04
2.500000e-01 7.990196e-01 7.243329e-05
2.598039e-01 7.990196e-01 4.652866e-05
2.696078e-01 7.990196e-01 2.956641e-05
2.794118e-01 7.990196e-01 1.858594e-05
2.892157e-01 7.990196e-01 1.155821e-05
2.990196e-01 7.990196e-01 7.110981e-06
3.088235e-01 7.990196e-01 4.328293e-06
3.186275e-01 7.990196e-01 2.606624e-06
3.284314e-01 7.990196e-01 1.553413e-06
3.382353e-01 7.990196e-01 9.166269e-07
3.480392e-01 7.990196e-01 5.366974e-07
3.578431e-01 7.990196e-01 3.143226e-07
3.676471e-01 7.990196e-01 1.894289e-07
3.774510e-01 7.990196e-01 1.280274e-07
3.872549e-01 7.990196e-01 1.148569e-07
3.970588e-01 7.990196e-01 1.506905e-07
4.068627e-01 7.990196e-01 2.540801e-07
4.166667e-01 7.990196e-01 4.682450e-07
4.264706e-01 7.990196e-01 8.748849e-07
4.362745e-01 7.990196e-01 1.618050e-06
4.460784e-01 7.990196e-01 2.942960e-06
4.558824e-01 7.990196e-01 5.256984e-06
4.656863e-01 7.990196e-01 9.222958e-06
4.754902e-01 7.990196e-01 1.589875e-05
4.852941e-01 7.990196e-01 2.694147e-05
4.950980e-01 7.990196e-01 4.489967e-05
5.049020e-01 7.990196e-01 7.362228e-05
5.147059e-01 7.990196e-01 1.188177e-04
5.245098e-01 7.990196e-01 1.887997e-04
5.343137e-01 7.990196e-01 2.954578e-04
5.441176e-01 7.990196e-01 4.554837e-04
5.539216e-01 7.990196e-01 6.918781e-04
5.637255e-01 7.990196e-01 1.035736e-03
5.735294e-01 7.990196e-01 1.528286e-03
5.833333e-01 7.990196e-01 2.223108e-03
5.931373e-01 7.990196e-01 3.188406e-03
6.029412e-01 7.990196e-01 4.509146e-03
6.127451e-01 7.990196e-01 6.288810e-03
6.225490e-01 7.990196e-01 8.650424e-03
6.323529e-01 7.990196e-01 1.173652e-02
6.421569e-01 7.990196e-01 1.570759e-02
6.519608e-01 7.990196e-01 2.073870e-02
6.617647e-01 7.990196e-01 2.701388e-02
6.715686e-01 7.990196e-01 3.471809e-02
6.813725e-01 7.990196e-01 4.402682e-02
6.911765e-01 7.990196e-01 5.509343e-02
7.009804e-01 7.990196e-01 6.803473e-02
7.107843e-01 7.990196e-01 8.291569e-02
7.205882e-01 7.990196e-01 9.973424e-02
7.303922e-01 7.990196e-01 1.184075e-01
7.401961e-01 7.990196e-01 1.387608e-01
7.500000e-01 7.990196e-01 1.605211e-01
7.598039e-01 7.990196e-01 1.833158e-01
7.696078e-01 7.990196e-01 2.066780e-01
7.794118e-01 7.990196e-01 2.300591e-01
7.892157e-01 7.990196e-01 2.528476e-01
7.990196e-01 7.990196e-01 2.743948e-01
8.088235e-01 7.990196e-01 2.940449e-01
8.186275e-01 7.990196e-01 3.111681e-01
8.284314e-01 7.990196e-01 3.251939e-01
8.382353e-01 7.990196e-01 3.356432e-01
8.480392e-01 7.990196e-01 3.421555e-01
8.578431e-01 7.990196e-01 3.445091e-01
8.676471e-01 7.990196e-01 3.426344e-01
8.774510e-01 7.990196e-01 3.366165e-01
8.872549e-01 7.990196e-01 3.266892e-01
8.970588e-01 7.990196e-01 3.132200e-01
9.068627e-01 7.990196e-01 2.966880e-01
9.166667e-01 7.990196e-01 2.776554e-01
9.264706e-01 7.990196e-01 2.567366e-01
9.362745e-01 7.990196e-01 2.345656e-01
9.460784e-01 7.990196e-01 2.117655e-01
9.558824e-01 7.990196e-01 1.889205e-01
9.656863e-01 7.990196e-01 1.665539e-01
9.754902e-01 7.990196e-01 1.451112e-01
9.852941e-01 7.990196e-01 1.249499e-01
9.950980e-01 7.990196e-01 1.063352e-01
4.901961e-03 8.088235e-01 1.292970e-01
1.470588e-02 8.088235e-01 1.098226e-01
2.450980e-02 8.088235e-01 9.219678e-02
3.431373e-02 8.088235e-01 7.650285e-02
4.411765e-02 8.088235e-01 6.274725e-02
5.392157e-02 8.088235e-01 5.087261e-02
6.372549e-02 8.088235e-01 4.077205e-02
7.352941e-02 8.088235e-01 3.230328e-02
8.333333e-02 8.088235e-01 2.530188e-02
9.313725e-02 8.088235e-01 1.959282e-02
1.029412e-01 8.088235e-01 1.500014e-02
1.127451e-01 8.088235e-01 1.135437e-02
1.225490e-01 8.088235e-01 8.497989e-03
1.323529e-01 8.088235e-01 6.288826e-03
1.421569e-01 8.088235e-01 4.601912e-03
1.519608e-01 8.088235e-01 3.329947e-03
1.617647e-01 8.088235e-01 2.382764e-03
1.715686e-01 8.088235e-01 1.686102e-03
1.813725e-01 8.088235e-01 1.179940e-03
1.911765e-01 8.088235e-01 8.166267e-04
2.009804e-01 8.088235e-01 5.589695e-04
2.107843e-01 8.088235e-01 3.784141e-04
2.205882e-01 8.088235e-01 2.533812e-04
2.303922e-01 8.088235e-01 1.678119e-04
2.401961e-01 8.088235e-01 1.099322e-04
2.500000e-01 8.088235e-01 7.123515e-05
2.598039e-01 8.088235e-01 4.566075e-05
2.696078e-01 8.088235e-01 2.895234e-05
2.794118e-01 8.088235e-01 1.816052e-05
2.892157e-01 8.088235e-01 1.126910e-05
2.990196e-01 8.088235e-01 6.917985e-06
3.088235e-01 8.088235e-01 4.201605e-06
3.186275e-01 8.088235e-01 2.524793e-06
3.284314e-01 8.088235e-01 1.501398e-06
3.382353e-01 8.088235e-01 8.841468e-07
3.480392e-01 8.088235e-01 5.169329e-07
3.578431e-01 8.088235e-01 3.029688e-07
3.676471e-01 8.088235e-01 1.840928e-07
3.774510e-01 8.088235e-01 1.279730e-07
3.872549e-01 8.088235e-01 1.211525e-07
3.970588e-01 8.088235e-01 1.668909e-07
4.068627e-01 8.088235e-01 2.877032e-07
4.166667e-01 8.088235e-01 5.334897e-07
4.264706e-01 8.088235e-01 9.973166e-07
4.362745e-01 8.088235e-01 1.842386e-06
4.460784e-01 8.088235e-01 3.345674e-06
4.558824e-01 8.088235e-01 5.966239e-06
4.656863e-01 8.088235e-01 1.044950e-05
4.754902e-01 8.088235e-01 1.798279e-05
4.852941e-01 8.088235e-01 3.042245e-05
4.950980e-01 8.088235e-01 5.061790e-05
5.049020e-01 8.088235e-01 8.286415e-05
5.147059e-01 8.088235e-01 1.335186e-04
5.245098e-01 8.088235e-01 2.118219e-04
5.343137e-01 8.088235e-01 3.309619e-04
5.441176e-01 8.088235e-01 5.094145e-04
5.539216e-01 8.088235e-01 7.725839e-04
5.637255e-01 8.088235e-01 1.154739e-03
5.735294e-01 8.088235e-01 1.701209e-03
5.833333e-01 8.088235e-01 2.470762e-03
5.931373e-01 8.088235e-01 3.538016e-03
6.029412e-01 8.088235e-01 4.995677e-03
6.127451e-01 8.088235e-01 6.956324e-03
6.225490e-01 8.088235e-01 9.553384e-03
6.323529e-01 8.088235e-01 1.294090e-02
6.421569e-01 8.088235e-01 1.729166e-02
6.519608e-01 8.088235e-01 2.279330e-02
6.617647e-01 8.088235e-01 2.964199e-02
6.715686e-01 8.088235e-01 3.803358e-02
6.813725e-01 8.088235e-01 4.815219e-02
6.911765e-01 8.088235e-01 6.015640e-02
7.009804e-01 8.088235e-01 7.416382e-02
7.107843e-01 8.088235e-01 9.023471e-02
7.205882e-01 8.088235e-01 1.083559e-01
7.303922e-01 8.088235e-01 1.284266e-01
7.401961e-01 8.088235e-01 1.502472e-01
7.500000e-01 8.088235e-01 1.735127e-01
7.598039e-01 8.088235e-01 1.978129e-01
7.696078e-01 8.088235e-01 2.226388e-01
7.794118e-01 8.088235e-01 2.473965e-01
7.892157e-01 8.088235e-01 2.714293e-01
7.990196e-01 8.088235e-01 2.940449e-01
8.088235e-01 8.088235e-01 3.145484e-01
8.186275e-01 8.088235e-01 3.322774e-01
8.284314e-01 8.088235e-01 3.466380e-01
8.382353e-01 8.088235e-01 3.571377e-01
8.480392e-01 8.088235e-01 3.634139e-01
8.578431e-01 8.088235e-01 3.652540e-01
8.676471e-01 8.088235e-01 3.626083e-01
8.774510e-01 8.088235e-01 3.555908e-01
8.872549e-01 8.088235e-01 3.444724e-01
8.970588e-01 8.088235e-01 3.296628e-01
9.068627e-01 8.088235e-01 3.116860e-01
9.166667e-01 8.088235e-01 2.911497e-01
9.264706e-01 8.088235e-01 2.687120e-01
9.362745e-01 8.088235e-01 2.450467e-01
9.460784e-01 8.088235e-01 2.208112e-01
9.558824e-01 8.088235e-01 1.966176e-01
9.656863e-01 8.088235e-01 1.730103e-01
9.754902e-01 8.088235e-01 1.504485e-01
9.852941e-01 8.088235e-01 1.292970e-01
9.950980e-01 8.088235e-01 1.098226e-01
4.901961e-03 8.186275e-01 1.321008e-01
1.470588e-02 8.186275e-01 1.119867e-01
2.450980e-02 8.186275e-01 9.383049e-02
3.431373e-02 8.186275e-01 7.770621e-02
4.411765e-02 8.186275e-01 6.360904e-02
5.392157e-02 8.186275e-01 5.146955e-02
6.372549e-02 8.186275e-01 4.116870e-02
7.352941e-02 8.186275e-01 3.255260e-02
8.333333e-02 8.186275e-01 2.544617e-02
9.313725e-02 8.186275e-01 1.966498e-02
1.029412e-01 8.186275e-01 1.502500e-02
1.127451e-01 8.186275e-01 1.135015e-02
1.225490e-01 8.186275e-01 8.477538e-03
1.323529e-01 8.186275e-01 6.260867e-03
1.421569e-01 8.186275e-01 4.572048e-03
1.519608e-01 8.186275e-01 3.301516e-03
1.617647e-01 8.186275e-01 2.357528e-03
1.715686e-01 8.186275e-01 1.664776e-03
1.813725e-01 8.186275e-01 1.162583e-03
1.911765e-01 8.186275e-01 8.029264e-04
2.009804e-01 8.186275e-01 5.484343e-04
2.107843e-01 8.186275e-01 3.704967e-04
2.205882e-01 8.186275e-01 2.475530e-04
2.303922e-01 8.186275e-01 1.636022e-04
2.401961e-01 8.186275e-01 1.069450e-04
2.500000e-01 8.186275e-01 6.915044e-05
2.598039e-01 8.186275e-01 4.422877e-05
2.696078e-01 8.186275e-01 2.798355e-05
2.794118e-01 8.186275e-01 1.751463e-05
2.892157e-01 8.186275e-01 1.084456e-05
2.990196e-01 8.186275e-01 6.642755e-06
3.088235e-01 8.186275e-01 4.025569e-06
3.186275e-01 8.186275e-01 2.413695e-06
3.284314e-01 8.186275e-01 1.432231e-06
3.382353e-01 8.186275e-01 8.417394e-07
3.480392e-01 8.186275e-01 4.915033e-07
3.578431e-01 8.186275e-01 2.884473e-07
3.676471e-01 8.186275e-01 1.770598e-07
3.774510e-01 8.186275e-01 1.271237e-07
3.872549e-01 8.186275e-01 1.272802e-07
3.970588e-01 8.186275e-01 1.834825e-07
4.068627e-01 8.186275e-01 3.223814e-07
4.166667e-01 8.186275e-01 6.007329e-07
4.264706e-01 8.186275e-01 1.123169e-06
4.362745e-01 8.186275e-01 2.072276e-06
4.460784e-01 8.186275e-01 3.757029e-06
4.558824e-01 8.186275e-01 6.688370e-06
4.656863e-01 8.186275e-01 1.169427e-05
4.754902e-01 8.186275e-01 2.009099e-05
4.852941e-01 8.186275e-01 3.393242e-05
4.950980e-01 8.186275e-01 5.636518e-05
5.049020e-01 8.186275e-01 9.212291e-05
5.147059e-01 8.186275e-01 1.481985e-04
5.245098e-01 8.186275e-01 2.347358e-04
5.343137e-01 8.186275e-01 3.661819e-04
5.441176e-01 8.186275e-01 5.627344e-04
5.539216e-01 8.186275e-01 8.521043e-04
5.637255e-01 8.186275e-01 1.271588e-03
5.735294e-01 8.186275e-01 1.870405e-03
5.833333e-01 8.186275e-01 2.712210e-03
5.931373e-01 8.186275e-01 3.877618e-03
6.029412e-01 8.186275e-01 5.466511e-03
6.127451e-01 8.186275e-01 7.599829e-03
6.225490e-01 8.186275e-01 1.042045e-02
6.323529e-01 8.186275e-01 1.409275e-02
6.421569e-01 8.186275e-01 1.880037e-02
6.519608e-01 8.186275e-01 2.474184e-02
6.617647e-01 8.186275e-01 3.212354e-02
6.715686e-01 8.186275e-01 4.115009e-02
6.813725e-01 8.186275e-01 5.201197e-02
6.911765e-01 8.186275e-01 6.487074e-02
7.009804e-01 8.186275e-01 7.984264e-02
7.107843e-01 8.186275e-01 9.698135e-02
7.205882e-01 8.186275e-01 1.162613e-01
7.303922e-01 8.186275e-01 1.375629e-01
7.401961e-01 8.186275e-01 1.606617e-01
7.500000e-01 8.186275e-01 1.852223e-01
7.598039e-01 8.186275e-01 2.107990e-01
7.696078e-01 8.186275e-01 2.368440e-01
7.794118e-01 8.186275e-01 2.627236e-01
7.892157e-01 8.186275e-01 2.877413e-01
7.990196e-01 8.186275e-01 3.111681e-01
8.088235e-01 8.186275e-01 3.322774e-01
8.186275e-01 8.186275e-01 3.503822e-01
8.284314e-01 8.186275e-01 3.648728e-01
8.382353e-01 8.186275e-01 3.752504e-01
8.480392e-01 8.186275e-01 3.811563e-01
8.578431e-01 8.186275e-01 3.823920e-01
8.676471e-01 8.186275e-01 3.789307e-01
8.774510e-01 8.186275e-01 3.709172e-01
8.872549e-01 8.186275e-01 3.586587e-01
8.970588e-01 8.186275e-01 3.426047e-01
9.068627e-01 8.186275e-01 3.233205e-01
9.166667e-01 8.186275e-01 3.014540e-01
9.264706e-01 8.186275e-01 2.777005e-01
9.362745e-01 8.186275e-01 2.527664e-01
9.460784e-01 8.186275e-01 2.273362e-01
9.558824e-01 8.186275e-01 2.020427e-01
9.656863e-01 8.186275e-01 1.774442e-01
9.754902e-01 8.186275e-01 1.540079e-01
9.852941e-01 8.186275e-01 1.321008e-01
9.950980e-01 8.186275e-01 1.119867e-01
4.901961e-03 8.284314e-01 1.332628e-01
1.470588e-02 8.284314e-01 1.127517e-01
2.450980e-02 8.284314e-01 9.428660e-02
3.431373e-02 8.284314e-01 7.793044e-02
4.411765e-02 8.284314e-01 6.366662e-02
5.392157e-02 8.284314e-01 5.141395e-02
6.372549e-02 8.284314e-01 4.104228e-02
7.352941e-02 8.284314e-01 3.238768e-02
8.333333e-02 8.284314e-01 2.526635e-02
9.313725e-02 8.284314e-01 1.948658e-02
1.029412e-01 8.284314e-01 1.485850e-02
1.127451e-01 8.284314e-01 1.120150e-02
1.225490e-01 8.284314e-01 8.349393e-03
1.323529e-01 8.284314e-01 6.153557e-03
1.421569e-01 8.284314e-01 4.484408e-03
1.519608e-01 8.284314e-01 3.231518e-03
1.617647e-01 8.284314e-01 2.302741e-03
1.715686e-01 8.284314e-01 1.622687e-03
1.813725e-01 8.284314e-01 1.130812e-03
1.911765e-01 8.284314e-01 7.793371e-04
2.009804e-01 8.284314e-01 5.311946e-04
2.107843e-01 8.284314e-01 3.580873e-04
2.205882e-01 8.284314e-01 2.387505e-04
2.303922e-01 8.284314e-01 1.574466e-04
2.401961e-01 8.284314e-01 1.026995e-04
2.500000e-01 8.284314e-01 6.626173e-05
2.598039e-01 8.284314e-01 4.228913e-05
2.696078e-01 8.284314e-01 2.669801e-05
2.794118e-01 8.284314e-01 1.667345e-05
2.892157e-01 8.284314e-01 1.030103e-05
2.990196e-01 8.284314e-01 6.295903e-06
3.088235e-01 8.284314e-01 3.806936e-06
3.186275e-01 8.284314e-01 2.277568e-06
3.284314e-01 8.284314e-01 1.348537e-06
3.382353e-01 8.284314e-01 7.910074e-07
3.480392e-01 8.284314e-01 4.613703e-07
3.578431e-01 8.284314e-01 2.713179e-07
3.676471e-01 8.284314e-01 1.686292e-07
3.774510e-01 8.284314e-01 1.255888e-07
3.872549e-01 8.284314e-01 1.331679e-07
3.970588e-01 8.284314e-01 2.001512e-07
4.068627e-01 8.284314e-01 3.573986e-07
4.166667e-01 8.284314e-01 6.685331e-07
4.264706e-01 8.284314e-01 1.249676e-06
4.362745e-01 8.284314e-01 2.302563e-06
4.460784e-01 8.284314e-01 4.167624e-06
4.558824e-01 8.284314e-01 7.406575e-06
4.656863e-01 8.284314e-01 1.292782e-05
4.754902e-01 8.284314e-01 2.217266e-05
4.852941e-01 8.284314e-01 3.738573e-05
4.950980e-01 8.284314e-01 6.199915e-05
5.049020e-01 8.284314e-01 1.011660e-04
5.147059e-01 8.284314e-01 1.624836e-04
5.245098e-01 8.284314e-01 2.569502e-04
5.343137e-01 8.284314e-01 4.001975e-04
5.441176e-01 8.284314e-01 6.140329e-04
5.539216e-01 8.284314e-01 9.283103e-04
5.637255e-01 8.284314e-01 1.383119e-03
5.735294e-01 8.284314e-01 2.031240e-03
5.833333e-01 8.284314e-01 2.940764e-03
5.931373e-01 8.284314e-01 4.197702e-03
6.029412e-01 8.284314e-01 5.908325e-03
6.127451e-01 8.284314e-01 8.200924e-03
6.225490e-01 8.284314e-01 1.122657e-02
6.323529e-01 8.284314e-01 1.515846e-02
6.421569e-01 8.284314e-01 2.018930e-02
6.519608e-01 8.284314e-01 2.652639e-02
6.617647e-01 8.284314e-01 3.438409e-02
6.715686e-01 8.284314e-01 4.397329e-02
6.813725e-01 8.284314e-01 5.548831e-02
6.911765e-01 8.284314e-01 6.909127e-02
7.009804e-01 8.284314e-01 8.489486e-02
7.107843e-01 8.284314e-01 1.029444e-01
7.205882e-01 8.284314e-01 1.232009e-01
7.303922e-01 8.284314e-01 1.455259e-01
7.401961e-01 8.284314e-01 1.696710e-01
7.500000e-01 8.284314e-01 1.952722e-01
7.598039e-01 8.284314e-01 2.218522e-01
7.696078e-01 8.284314e-01 2.488294e-01
7.794118e-01 8.284314e-01 2.755361e-01
7.892157e-01 8.284314e-01 3.012434e-01
7.990196e-01 8.284314e-01 3.251939e-01
8.088235e-01 8.284314e-01 3.466380e-01
8.186275e-01 8.284314e-01 3.648728e-01
8.284314e-01 8.284314e-01 3.792809e-01
8.382353e-01 8.284314e-01 3.893648e-01
8.480392e-01 8.284314e-01 3.947760e-01
8.578431e-01 8.284314e-01 3.953344e-01
8.676471e-01 8.284314e-01 3.910387e-01
8.774510e-01 8.284314e-01 3.820650e-01
8.872549e-01 8.284314e-01 3.687550e-01
8.970588e-01 8.284314e-01 3.515946e-01
9.068627e-01 8.284314e-01 3.311849e-01
9.166667e-01 8.284314e-01 3.082073e-01
9.264706e-01 8.284314e-01 2.833864e-01
9.362745e-01 8.284314e-01 2.574532e-01
9.460784e-01 8.284314e-01 2.311108e-01
9.558824e-01 8.284314e-01 2.050046e-01
9.656863e-01 8.284314e-01 1.796996e-01
9.754902e-01 8.284314e-01 1.556645e-01
9.852941e-01 8.284314e-01 1.332628e-01
9.950980e-01 8.284314e-01 1.127517e-01
4.901961e-03 8.382353e-01 1.327460e-01
1.470588e-02 8.382353e-01 1.120945e-01
2.450980e-02 8.382353e-01 9.355265e-02
3.431373e-02 8.382353e-01 7.717101e-02
4.411765e-02 8.382353e-01 6.292103e-02
5.392157e-02 8.382353e-01 5.071052e-02
6.372549e-02 8.382353e-01 4.039966e-02
7.352941e-02 8.382353e-01 3.181643e-02
8.333333e-02 8.382353e-01 2.477054e-02
9.313725e-02 8.382353e-01 1.906540e-02
1.029412e-01 8.382353e-01 1.450771e-02
1.127451e-01 8.382353e-01 1.091464e-02
1.225490e-01 8.382353e-01 8.118840e-03
1.323529e-01 8.382353e-01 5.971275e-03
1.421569e-01 8.382353e-01 4.342541e-03
1.519608e-01 8.382353e-01 3.122765e-03
1.617647e-01 8.382353e-01 2.220587e-03
1.715686e-01 8.382353e-01 1.561507e-03
1.813725e-01 8.382353e-01 1.085879e-03
1.911765e-01 8.382353e-01 7.467838e-04
2.009804e-01 8.382353e-01 5.079228e-04
2.107843e-01 8.382353e-01 3.416673e-04
2.205882e-01 8.382353e-01 2.273136e-04
2.303922e-01 8.382353e-01 1.495812e-04
2.401961e-01 8.382353e-01 9.735786e-05
2.500000e-01 8.382353e-01 6.267873e-05
2.598039e-01 8.382353e-01 3.991510e-05
2.696078e-01 8.382353e-01 2.514400e-05
2.794118e-01 8.382353e-01 1.566838e-05
2.892157e-01 8.382353e-01 9.658697e-06
2.990196e-01 8.382353e-01 5.890222e-06
3.088235e-01 8.382353e-01 3.553717e-06
3.186275e-01 8.382353e-01 2.121365e-06
3.284314e-01 8.382353e-01 1.253341e-06
3.382353e-01 8.382353e-01 7.337737e-07
3.480392e-01 8.382353e-01 4.276136e-07
3.578431e-01 8.382353e-01 2.521999e-07
3.676471e-01 8.382353e-01 1.591257e-07
3.774510e-01 8.382353e-01 1.234790e-07
3.872549e-01 8.382353e-01 1.387223e-07
3.970588e-01 8.382353e-01 2.165307e-07
4.068627e-01 8.382353e-01 3.919350e-07
4.166667e-01 8.382353e-01 7.352585e-07
4.264706e-01 8.382353e-01 1.373735e-06
4.362745e-01 8.382353e-01 2.527501e-06
4.460784e-01 8.382353e-01 4.567058e-06
4.558824e-01 8.382353e-01 8.102403e-06
4.656863e-01 8.382353e-01 1.411803e-05
4.754902e-01 8.382353e-01 2.417290e-05
4.852941e-01 8.382353e-01 4.069013e-05
4.950980e-01 8.382353e-01 6.736754e-05
5.049020e-01 8.382353e-01 1.097462e-04
5.147059e-01 8.382353e-01 1.759789e-04
5.245098e-01 8.382353e-01 2.778445e-04
5.343137e-01 8.382353e-01 4.320487e-04
5.441176e-01 8.382353e-01 6.618475e-04
5.539216e-01 8.382353e-01 9.990079e-04
5.637255e-01 8.382353e-01 1.486090e-03
5.735294e-01 8.382353e-01 2.178996e-03
5.833333e-01 8.382353e-01 3.149661e-03
5.931373e-01 8.382353e-01 4.488712e-03
6.029412e-01 8.382353e-01 6.307813e-03
6.127451e-01 8.382353e-01 8.741357e-03
6.225490e-01 8.382353e-01 1.194708e-02
6.323529e-01 8.382353e-01 1.610516e-02
6.421569e-01 8.382353e-01 2.141524e-02
6.519608e-01 8.382353e-01 2.809106e-02
6.617647e-01 8.382353e-01 3.635228e-02
6.715686e-01 8.382353e-01 4.641343e-02
6.813725e-01 8.382353e-01 5.846995e-02
6.911765e-01 8.382353e-01 7.268202e-02
7.009804e-01 8.382353e-01 8.915665e-02
7.107843e-01 8.382353e-01 1.079294e-01
7.205882e-01 8.382353e-01 1.289470e-01
7.303922e-01 8.382353e-01 1.520527e-01
7.401961e-01 8.382353e-01 1.769757e-01
7.500000e-01 8.382353e-01 2.033269e-01
7.598039e-01 8.382353e-01 2.306017e-01
7.696078e-01 8.382353e-01 2.581908e-01
7.794118e-01 8.382353e-01 2.853998e-01
7.892157e-01 8.382353e-01 3.114762e-01
7.990196e-01 8.382353e-01 3.356432e-01
8.088235e-01 8.382353e-01 3.571377e-01
8.186275e-01 8.382353e-01 3.752504e-01
8.284314e-01 8.382353e-01 3.893648e-01
8.382353e-01 8.382353e-01 3.989923e-01
8.480392e-01 8.382353e-01 4.038003e-01
8.578431e-01 8.382353e-01 4.036311e-01
8.676471e-01 8.382353e-01 3.985106e-01
8.774510e-01 8.382353e-01 3.886454e-01
8.872549e-01 8.382353e-01 3.744090e-01
8.970588e-01 8.382353e-01 3.563189e-01
9.068627e-01 8.382353e-01 3.350051e-01
9.166667e-01 8.382353e-01 3.111745e-01
9.264706e-01 8.382353e-01 2.855725e-01
9.362745e-01 8.382353e-01 2.589454e-01
9.460784e-01 8.382353e-01 2.320056e-01
9.558824e-01 8.382353e-01 2.054028e-01
9.656863e-01 8.382353e-01 1.797010e-01
9.754902e-01 8.382353e-01 1.553636e-01
9.852941e-01 8.382353e-01 1.327460e-01
9.950980e-01 8.382353e-01 1.120945e-01
4.901961e-03 8.480392e-01 1.305765e-01
1.470588e-02 8.480392e-01 1.100455e-01
2.450980e-02 8.480392e-01 9.166095e-02
3.431373e-02 8.480392e-01 7.546036e-02
4.411765e-02 8.480392e-01 6.140348e-02
5.392157e-02 8.480392e-01 4.938826e-02
6.372549e-02 8.480392e-01 3.926703e-02
7.352941e-02 8.480392e-01 3.086188e-02
8.333333e-02 8.480392e-01 2.397856e-02
9.313725e-02 8.480392e-01 1.841816e-02
1.029412e-01 8.480392e-01 1.398647e-02
1.127451e-01 8.480392e-01 1.050083e-02
1.225490e-01 8.480392e-01 7.794874e-03
1.323529e-01 8.480392e-01 5.721096e-03
1.421569e-01 8.480392e-01 4.151921e-03
1.519608e-01 8.480392e-01 2.979433e-03
1.617647e-01 8.480392e-01 2.114206e-03
1.715686e-01 8.480392e-01 1.483559e-03
1.813725e-01 8.480392e-01 1.029484e-03
1.911765e-01 8.480392e-01 7.064908e-04
2.009804e-01 8.480392e-01 4.794891e-04
2.107843e-01 8.480392e-01 3.218474e-04
2.205882e-01 8.480392e-01 2.136651e-04
2.303922e-01 8.480392e-01 1.402952e-04
2.401961e-01 8.480392e-01 9.111514e-05
2.500000e-01 8.480392e-01 5.853148e-05
2.598039e-01 8.480392e-01 3.719224e-05
2.696078e-01 8.480392e-01 2.337714e-05
2.794118e-01 8.480392e-01 1.453513e-05
2.892157e-01 8.480392e-01 8.940206e-06
2.990196e-01 8.480392e-01 5.439905e-06
3.088235e-01 8.480392e-01 3.274698e-06
3.186275e-01 8.480392e-01 1.950462e-06
3.284314e-01 8.480392e-01 1.149892e-06
3.382353e-01 8.480392e-01 6.719740e-07
3.480392e-01 8.480392e-01 3.913673e-07
3.578431e-01 8.480392e-01 2.317364e-07
3.676471e-01 8.480392e-01 1.488796e-07
3.774510e-01 8.480392e-01 1.208981e-07
3.872549e-01 8.480392e-01 1.438292e-07
3.970588e-01 8.480392e-01 2.322134e-07
4.068627e-01 8.480392e-01 4.250964e-07
4.166667e-01 8.480392e-01 7.991472e-07
4.264706e-01 8.480392e-01 1.492019e-06
4.362745e-01 8.480392e-01 2.740983e-06
4.460784e-01 8.480392e-01 4.944354e-06
4.558824e-01 8.480392e-01 8.756508e-06
4.656863e-01 8.480392e-01 1.523144e-05
4.754902e-01 8.480392e-01 2.603488e-05
4.852941e-01 8.480392e-01 4.375082e-05
4.950980e-01 8.480392e-01 7.231486e-05
5.049020e-01 8.480392e-01 1.176126e-04
5.147059e-01 8.480392e-01 1.882866e-04
5.245098e-01 8.480392e-01 2.967971e-04
5.343137e-01 8.480392e-01 4.607798e-04
5.441176e-01 8.480392e-01 7.047322e-04
5.539216e-01 8.480392e-01 1.062042e-03
5.637255e-01 8.480392e-01 1.577339e-03
5.735294e-01 8.480392e-01 2.309101e-03
5.833333e-01 8.480392e-01 3.332389e-03
5.931373e-01 8.480392e-01 4.741515e-03
6.029412e-01 8.480392e-01 6.652354e-03
6.127451e-01 8.480392e-01 9.203940e-03
6.225490e-01 8.480392e-01 1.255892e-02
6.323529e-01 8.480392e-01 1.690236e-02
6.421569e-01 8.480392e-01 2.243848e-02
6.519608e-01 8.480392e-01 2.938484e-02
6.617647e-01 8.480392e-01 3.796364e-02
6.715686e-01 8.480392e-01 4.839013e-02
6.813725e-01 8.480392e-01 6.085816e-02
6.911765e-01 8.480392e-01 7.552350e-02
7.009804e-01 8.480392e-01 9.248554e-02
7.107843e-01 8.480392e-01 1.117688e-01
7.205882e-01 8.480392e-01 1.333058e-01
7.303922e-01 8.480392e-01 1.569223e-01
7.401961e-01 8.480392e-01 1.823278e-01
7.500000e-01 8.480392e-01 2.091119e-01
7.598039e-01 8.480392e-01 2.367482e-01
7.696078e-01 8.480392e-01 2.646071e-01
7.794118e-01 8.480392e-01 2.919757e-01
7.892157e-01 8.480392e-01 3.180872e-01
7.990196e-01 8.480392e-01 3.421555e-01
8.088235e-01 8.480392e-01 3.634139e-01
8.186275e-01 8.480392e-01 3.811563e-01
8.284314e-01 8.480392e-01 3.947760e-01
8.382353e-01 8.480392e-01 4.038003e-01
8.480392e-01 8.480392e-01 4.079179e-01
8.578431e-01 8.480392e-01 4.069966e-01
8.676471e-01 8.480392e-01 4.010903e-01
8.774510e-01 8.480392e-01 3.904341e-01
8.872549e-01 8.480392e-01 3.754297e-01
8.970588e-01 8.480392e-01 3.566195e-01
9.068627e-01 8.480392e-01 3.346553e-01
9.166667e-01 8.480392e-01 3.102604e-01
9.264706e-01 8.480392e-01 2.841914e-01
9.362745e-01 8.480392e-01 2.571999e-01
9.460784e-01 8.480392e-01 2.299986e-01
9.558824e-01 8.480392e-01 2.032325e-01
9.656863e-01 8.480392e-01 1.774572e-01
9.754902e-01 8.480392e-01 1.531245e-01
9.852941e-01 8.480392e-01 1.305765e-01
9.950980e-01 8.480392e-01 1.100455e-01
4.901961e-03 8.578431e-01 1.268415e-01
1.470588e-02 8.578431e-01 1.066863e-01
2.450980e-02 8.578431e-01 8.868630e-02
3.431373e-02 8.578431e-01 7.286567e-02
4.411765e-02 8.578431e-01 5.917320e-02
5.392157e-02 8.578431e-01 4.749849e-02
6.372549e-02 8.578431e-01 3.768809e-02
7.352941e-02 8.578431e-01 2.956068e-02
8.333333e-02 8.578431e-01 2.292067e-02
9.313725e-02 8.578431e-01 1.756947e-02
1.029412e-01 8.578431e-01 1.331449e-02
1.127451e-01 8.578431e-01 9.975633e-03
1.225490e-01 8.578431e-01 7.389618e-03
1.323529e-01 8.578431e-01 5.412332e-03
1.421569e-01 8.578431e-01 3.919608e-03
1.519608e-01 8.578431e-01 2.806800e-03
1.617647e-01 8.578431e-01 1.987493e-03
1.715686e-01 8.578431e-01 1.391680e-03
1.813725e-01 8.578431e-01 9.636666e-04
1.911765e-01 8.578431e-01 6.599059e-04
2.009804e-01 8.578431e-01 4.469087e-04
2.107843e-01 8.578431e-01 2.993302e-04
2.205882e-01 8.578431e-01 1.982854e-04
2.303922e-01 8.578431e-01 1.299130e-04
2.401961e-01 8.578431e-01 8.418775e-05
2.500000e-01 8.578431e-01 5.396256e-05
2.598039e-01 8.578431e-01 3.421338e-05
2.696078e-01 8.578431e-01 2.145713e-05
2.794118e-01 8.578431e-01 1.331165e-05
2.892157e-01 8.578431e-01 8.169388e-06
2.990196e-01 8.578431e-01 4.959739e-06
3.088235e-01 8.578431e-01 2.978948e-06
3.186275e-01 8.578431e-01 1.770354e-06
3.284314e-01 8.578431e-01 1.041477e-06
3.382353e-01 8.578431e-01 6.075517e-07
3.480392e-01 8.578431e-01 3.537591e-07
3.578431e-01 8.578431e-01 2.105591e-07
3.676471e-01 8.578431e-01 1.382089e-07
3.774510e-01 8.578431e-01 1.179358e-07
3.872549e-01 8.578431e-01 1.483569e-07
3.970588e-01 8.578431e-01 2.467666e-07
4.068627e-01 8.578431e-01 4.559517e-07
4.166667e-01 8.578431e-01 8.583829e-07
4.264706e-01 8.578431e-01 1.601131e-06
4.362745e-01 8.578431e-01 2.936811e-06
4.460784e-01 8.578431e-01 5.288449e-06
4.558824e-01 8.578431e-01 9.349536e-06
4.656863e-01 8.578431e-01 1.623482e-05
4.754902e-01 8.578431e-01 2.770255e-05
4.852941e-01 8.578431e-01 4.647493e-05
4.950980e-01 8.578431e-01 7.668982e-05
5.049020e-01 8.578431e-01 1.245230e-04
5.147059e-01 8.578431e-01 1.990247e-04
5.245098e-01 8.578431e-01 3.132161e-04
5.343137e-01 8.578431e-01 4.854877e-04
5.441176e-01 8.578431e-01 7.413302e-04
5.539216e-01 8.578431e-01 1.115407e-03
5.637255e-01 8.578431e-01 1.653945e-03
5.735294e-01 8.578431e-01 2.417366e-03
5.833333e-01 8.578431e-01 3.483032e-03
5.931373e-01 8.578431e-01 4.947882e-03
6.029412e-01 8.578431e-01 6.930675e-03
6.127451e-01 8.578431e-01 9.573464e-03
6.225490e-01 8.578431e-01 1.304186e-02
6.323529e-01 8.578431e-01 1.752360e-02
6.421569e-01 8.578431e-01 2.322493e-02
6.519608e-01 8.578431e-01 3.036446e-02
6.617647e-01 8.578431e-01 3.916404e-02
6.715686e-01 8.578431e-01 4.983677e-02
6.813725e-01 8.578431e-01 6.257220e-02
6.911765e-01 8.578431e-01 7.751935e-02
7.009804e-01 8.578431e-01 9.476832e-02
7.107843e-01 8.578431e-01 1.143319e-01
7.205882e-01 8.578431e-01 1.361284e-01
7.303922e-01 8.578431e-01 1.599682e-01
7.401961e-01 8.578431e-01 1.855439e-01
7.500000e-01 8.578431e-01 2.124287e-01
7.598039e-01 8.578431e-01 2.400811e-01
7.696078e-01 8.578431e-01 2.678584e-01
7.794118e-01 8.578431e-01 2.950388e-01
7.892157e-01 8.578431e-01 3.208508e-01
7.990196e-01 8.578431e-01 3.445091e-01
8.088235e-01 8.578431e-01 3.652540e-01
8.186275e-01 8.578431e-01 3.823920e-01
8.284314e-01 8.578431e-01 3.953344e-01
8.382353e-01 8.578431e-01 4.036311e-01
8.480392e-01 8.578431e-01 4.069966e-01
8.578431e-01 8.578431e-01 4.053264e-01
8.676471e-01 8.578431e-01 3.987017e-01
8.774510e-01 8.578431e-01 3.873840e-01
8.872549e-01 8.578431e-01 3.717974e-01
8.970588e-01 8.578431e-01 3.525030e-01
9.068627e-01 8.578431e-01 3.301652e-01
9.166667e-01 8.578431e-01 3.055145e-01
9.264706e-01 8.578431e-01 2.793085e-01
9.362745e-01 8.578431e-01 2.522945e-01
9.460784e-01 8.578431e-01 2.251760e-01
9.558824e-01 8.578431e-01 1.985848e-01
9.656863e-01 8.578431e-01 1.730606e-01
9.754902e-01 8.578431e-01 1.490381e-01
9.852941e-01 8.578431e-01 1.268415e-01
9.950980e-01 8.578431e-01 1.066863e-01
4.901961e-03 8.676471e-01 1.216836e-01
1.470588e-02 8.676471e-01 1.021444e-01
2.450980e-02 8.676471e-01 8.474110e-02
3.431373e-02 8.676471e-01 6.948451e-02
4.411765e-02 8.676471e-01 5.631363e-02
5.392157e-02 8.676471e-01 4.511155e-02
6.372549e-02 8.676471e-01 3.572132e-02
7.352941e-02 8.676471e-01 2.796078e-02
8.333333e-02 8.676471e-01 2.163563e-02
9.313725e-02 8.676471e-01 1.655025e-02
1.029412e-01 8.676471e-01 1.251612e-02
1.127451e-01 8.676471e-01 9.357961e-03
1.225490e-01 8.676471e-01 6.917582e-03
1.323529e-01 8.676471e-01 5.055966e-03
1.421569e-01 8.676471e-01 3.653810e-03
1.519608e-01 8.676471e-01 2.610924e-03
1.617647e-01 8.676471e-01 1.844862e-03
1.715686e-01 8.676471e-01 1.289048e-03
1.813725e-01 8.676471e-01 8.906852e-04
1.911765e-01 8.676471e-01 6.086155e-04
2.009804e-01 8.676471e-01 4.112816e-04
2.107843e-01 8.676471e-01 2.748696e-04
2.205882e-01 8.676471e-01 1.816847e-04
2.303922e-01 8.676471e-01 1.187758e-04
2.401961e-01 8.676471e-01 7.680114e-05
2.500000e-01 8.676471e-01 4.911915e-05
2.598039e-01 8.676471e-01 3.107347e-05
2.696078e-01 8.676471e-01 1.944451e-05
2.794118e-01 8.676471e-01 1.203608e-05
2.892157e-01 8.676471e-01 7.369979e-06
2.990196e-01 8.676471e-01 4.464327e-06
3.088235e-01 8.676471e-01 2.675344e-06
3.186275e-01 8.676471e-01 1.586374e-06
3.284314e-01 8.676471e-01 9.312634e-07
3.382353e-01 8.676471e-01 5.423602e-07
3.480392e-01 8.676471e-01 3.158548e-07
3.578431e-01 8.676471e-01 1.892583e-07
3.676471e-01 8.676471e-01 1.274038e-07
3.774510e-01 8.676471e-01 1.146637e-07
3.872549e-01 8.676471e-01 1.521617e-07
3.970588e-01 8.676471e-01 2.597528e-07
4.068627e-01 8.676471e-01 4.835757e-07
4.166667e-01 8.676471e-01 9.111803e-07
4.264706e-01 8.676471e-01 1.697757e-06
4.362745e-01 8.676471e-01 3.108993e-06
4.460784e-01 8.676471e-01 5.588735e-06
4.558824e-01 8.676471e-01 9.863068e-06
4.656863e-01 8.676471e-01 1.709678e-05
4.754902e-01 8.676471e-01 2.912343e-05
4.852941e-01 8.676471e-01 4.877619e-05
4.950980e-01 8.676471e-01 8.035305e-05
5.049020e-01 8.676471e-01 1.302559e-04
5.147059e-01 8.676471e-01 2.078474e-04
5.245098e-01 8.676471e-01 3.265699e-04
5.343137e-01 8.676471e-01 5.053686e-04
5.441176e-01 8.676471e-01 7.704453e-04
5.539216e-01 8.676471e-01 1.157350e-03
5.637255e-01 8.676471e-01 1.713380e-03
5.735294e-01 8.676471e-01 2.500207e-03
5.833333e-01 8.676471e-01 3.596585e-03
5.931373e-01 8.676471e-01 5.100932e-03
6.029412e-01 8.676471e-01 7.133466e-03
6.127451e-01 8.676471e-01 9.837530e-03
6.225490e-01 8.676471e-01 1.337966e-02
6.323529e-01 8.676471e-01 1.794792e-02
6.421569e-01 8.676471e-01 2.374800e-02
6.519608e-01 8.676471e-01 3.099674e-02
6.617647e-01 8.676471e-01 3.991277e-02
6.715686e-01 8.676471e-01 5.070424e-02
6.813725e-01 8.676471e-01 6.355383e-02
6.911765e-01 8.676471e-01 7.860176e-02
7.009804e-01 8.676471e-01 9.592749e-02
7.107843e-01 8.676471e-01 1.155316e-01
7.205882e-01 8.676471e-01 1.373194e-01
7.303922e-01 8.676471e-01 1.610875e-01
7.401961e-01 8.676471e-01 1.865161e-01
7.500000e-01 8.676471e-01 2.131670e-01
7.598039e-01 8.676471e-01 2.404904e-01
7.696078e-01 8.676471e-01 2.678390e-01
7.794118e-01 8.676471e-01 2.944912e-01
7.892157e-01 8.676471e-01 3.196811e-01
7.990196e-01 8.676471e-01 3.426344e-01
8.088235e-01 8.676471e-01 3.626083e-01
8.186275e-01 8.676471e-01 3.789307e-01
8.284314e-01 8.676471e-01 3.910387e-01
8.382353e-01 8.676471e-01 3.985106e-01
8.480392e-01 8.676471e-01 4.010903e-01
8.578431e-01 8.676471e-01 3.987017e-01
8.676471e-01 8.676471e-01 3.914527e-01
8.774510e-01 8.676471e-01 3.796266e-01
8.872549e-01 8.676471e-01 3.636647e-01
8.970588e-01 8.676471e-01 3.441385e-01
9.068627e-01 8.676471e-01 3.217166e-01
9.166667e-01 8.676471e-01 2.971267e-01
9.264706e-01 8.676471e-01 2.711175e-01
9.362745e-01 8.676471e-01 2.444223e-01
9.460784e-01 8.676471e-01 2.177262e-01
9.558824e-01 8.676471e-01 1.916399e-01
9.656863e-01 8.676471e-01 1.666809e-01
9.754902e-01 8.676471e-01 1.432611e-01
9.852941e-01 8.676471e-01 1.216836e-01
9.950980e-01 8.676471e-01 1.021444e-01
4.901961e-03 8.774510e-01 1.152917e-01
1.470588e-02 8.774510e-01 9.658543e-02
2.450980e-02 8.774510e-01 7.996836e-02
3.431373e-02 8.774510e-01 6.543876e-02
4.411765e-02 8.774510e-01 5.292728e-02
5.392157e-02 8.774510e-01 4.231250e-02
6.372549e-02 8.774510e-01 3.343639e-02
7.352941e-02 8.774510e-01 2.611849e-02
8.333333e-02 8.774510e-01 2.016839e-02
9.313725e-02 8.774510e-01 1.539590e-02
1.029412e-01 8.774510e-01 1.161890e-02
1.127451e-01 8.774510e-01 8.668967e-03
1.225490e-01 8.774510e-01 6.394803e-03
1.323529e-01 8.774510e-01 4.664014e-03
1.421569e-01 8.774510e-01 3.363414e-03
1.519608e-01 8.774510e-01 2.398299e-03
1.617647e-01 8.774510e-01 1.691000e-03
1.715686e-01 8.774510e-01 1.179005e-03
1.813725e-01 8.774510e-01 8.128929e-04
1.911765e-01 8.774510e-01 5.542564e-04
2.009804e-01 8.774510e-01 3.737332e-04
2.107843e-01 8.774510e-01 2.492296e-04
2.205882e-01 8.774510e-01 1.643758e-04
2.303922e-01 8.774510e-01 1.072235e-04
2.401961e-01 8.774510e-01 6.917802e-05
2.500000e-01 8.774510e-01 4.414543e-05
2.598039e-01 8.774510e-01 2.786475e-05
2.696078e-01 8.774510e-01 1.739758e-05
2.794118e-01 8.774510e-01 1.074482e-05
2.892157e-01 8.774510e-01 6.564458e-06
2.990196e-01 8.774510e-01 3.967383e-06
3.088235e-01 8.774510e-01 2.372155e-06
3.186275e-01 8.774510e-01 1.403447e-06
3.284314e-01 8.774510e-01 8.221483e-07
3.382353e-01 8.774510e-01 4.780817e-07
3.480392e-01 8.774510e-01 2.786120e-07
3.578431e-01 8.774510e-01 1.683575e-07
3.676471e-01 8.774510e-01 1.167151e-07
3.774510e-01 8.774510e-01 1.111330e-07
3.872549e-01 8.774510e-01 1.550965e-07
3.970588e-01 8.774510e-01 2.707513e-07
4.068627e-01 8.774510e-01 5.070956e-07
4.166667e-01 8.774510e-01 9.558743e-07
4.264706e-01 8.774510e-01 1.778838e-06
4.362745e-01 8.774510e-01 3.252048e-06
4.460784e-01 8.774510e-01 5.835601e-06
4.558824e-01 8.774510e-01 1.028058e-05
4.656863e-01 8.774510e-01 1.778946e-05
4.754902e-01 8.774510e-01 3.025135e-05
4.852941e-01 8.774510e-01 5.057949e-05
4.950980e-01 8.774510e-01 8.318451e-05
5.049020e-01 8.774510e-01 1.346228e-04
5.147059e-01 8.774510e-01 2.144634e-04
5.245098e-01 8.774510e-01 3.364161e-04
5.343137e-01 8.774510e-01 5.197618e-04
5.441176e-01 8.774510e-01 7.911075e-04
5.539216e-01 8.774510e-01 1.186471e-03
5.637255e-01 8.774510e-01 1.753657e-03
5.735294e-01 8.774510e-01 2.554845e-03
5.833333e-01 8.774510e-01 3.669233e-03
5.931373e-01 8.774510e-01 5.195517e-03
6.029412e-01 8.774510e-01 7.253898e-03
6.127451e-01 8.774510e-01 9.987243e-03
6.225490e-01 8.774510e-01 1.356095e-02
6.323529e-01 8.774510e-01 1.816106e-02
6.421569e-01 8.774510e-01 2.399011e-02
6.519608e-01 8.774510e-01 3.126048e-02
6.617647e-01 8.774510e-01 4.018482e-02
6.715686e-01 8.774510e-01 5.096369e-02
6.813725e-01 8.774510e-01 6.377064e-02
6.911765e-01 8.774510e-01 7.873532e-02
7.009804e-01 8.774510e-01 9.592561e-02
7.107843e-01 8.774510e-01 1.153300e-01
7.205882e-01 8.774510e-01 1.368420e-01
7.303922e-01 8.774510e-01 1.602474e-01
7.401961e-01 8.774510e-01 1.852178e-01
7.500000e-01 8.774510e-01 2.113099e-01
7.598039e-01 8.774510e-01 2.379725e-01
7.696078e-01 8.774510e-01 2.645623e-01
7.794118e-01 8.774510e-01 2.903671e-01
7.892157e-01 8.774510e-01 3.146362e-01
7.990196e-01 8.774510e-01 3.366165e-01
8.088235e-01 8.774510e-01 3.555908e-01
8.186275e-01 8.774510e-01 3.709172e-01
8.284314e-01 8.774510e-01 3.820650e-01
8.382353e-01 8.774510e-01 3.886454e-01
8.480392e-01 8.774510e-01 3.904341e-01
8.578431e-01 8.774510e-01 3.873840e-01
8.676471e-01 8.774510e-01 3.796266e-01
8.774510e-01 8.774510e-01 3.674631e-01
8.872549e-01 8.774510e-01 3.513451e-01
8.970588e-01 8.774510e-01 3.318469e-01
9.068627e-01 8.774510e-01 3.096317e-01
9.166667e-01 8.774510e-01 2.854151e-01
9.264706e-01 8.774510e-01 2.599276e-01
9.362745e-01 8.774510e-01 2.338788e-01
9.460784e-01 8.774510e-01 2.079275e-01
9.558824e-01 8.774510e-01 1.826563e-01
9.656863e-01 8.774510e-01 1.585541e-01
9.754902e-01 8.774510e-01 1.360064e-01
9.852941e-01 8.774510e-01 1.152917e-01
9.950980e-01 8.774510e-01 9.658543e-02
4.901961e-03 8.872549e-01 1.078898e-01
1.470588e-02 8.872549e-01 9.020292e-02
2.450980e-02 8.872549e-01 7.453320e-02
3.431373e-02 8.872549e-01 6.086746e-02
4.411765e-02 8.872549e-01 4.912970e-02
5.392157e-02 8.872549e-01 3.919618e-02
6.372549e-02 8.872549e-01 3.091012e-02
7.352941e-02 8.872549e-01 2.409527e-02
8.333333e-02 8.872549e-01 1.856749e-02
9.313725e-02 8.872549e-01 1.414429e-02
1.029412e-01 8.872549e-01 1.065200e-02
1.127451e-01 8.872549e-01 7.930849e-03
1.225490e-01 8.872549e-01 5.837966e-03
1.323529e-01 8.872549e-01 4.248858e-03
1.421569e-01 8.872549e-01 3.057502e-03
1.519608e-01 8.872549e-01 2.175503e-03
1.617647e-01 8.872549e-01 1.530615e-03
1.715686e-01 8.872549e-01 1.064877e-03
1.813725e-01 8.872549e-01 7.326138e-04
1.911765e-01 8.872549e-01 4.984323e-04
2.009804e-01 8.872549e-01 3.353565e-04
2.107843e-01 8.872549e-01 2.231466e-04
2.205882e-01 8.872549e-01 1.468487e-04
2.303922e-01 8.872549e-01 9.557835e-05
2.401961e-01 8.872549e-01 6.152779e-05
2.500000e-01 8.872549e-01 3.917584e-05
2.598039e-01 8.872549e-01 2.467249e-05
2.696078e-01 8.872549e-01 1.536979e-05
2.794118e-01 8.872549e-01 9.470990e-06
2.892157e-01 8.872549e-01 5.773094e-06
2.990196e-01 8.872549e-01 3.481162e-06
3.088235e-01 8.872549e-01 2.076702e-06
3.186275e-01 8.872549e-01 1.225895e-06
3.284314e-01 8.872549e-01 7.166518e-07
3.382353e-01 8.872549e-01 4.161644e-07
3.480392e-01 8.872549e-01 2.428462e-07
3.578431e-01 8.872549e-01 1.482963e-07
3.676471e-01 8.872549e-01 1.063474e-07
3.774510e-01 8.872549e-01 1.073753e-07
3.872549e-01 8.872549e-01 1.570199e-07
3.970588e-01 8.872549e-01 2.793814e-07
4.068627e-01 8.872549e-01 5.257370e-07
4.166667e-01 8.872549e-01 9.910077e-07
4.264706e-01 8.872549e-01 1.841729e-06
4.362745e-01 8.872549e-01 3.361298e-06
4.460784e-01 8.872549e-01 6.020945e-06
4.558824e-01 8.872549e-01 1.058833e-05
4.656863e-01 8.872549e-01 1.828998e-05
4.754902e-01 8.872549e-01 3.104897e-05
4.852941e-01 8.872549e-01 5.182497e-05
4.950980e-01 8.872549e-01 8.509002e-05
5.049020e-01 8.872549e-01 1.374782e-04
5.147059e-01 8.872549e-01 2.186520e-04
5.245098e-01 8.872549e-01 3.424261e-04
5.343137e-01 8.872549e-01 5.281866e-04
5.441176e-01 8.872549e-01 8.026264e-04
5.539216e-01 8.872549e-01 1.201796e-03
5.637255e-01 8.872549e-01 1.773430e-03
5.735294e-01 8.872549e-01 2.579461e-03
5.833333e-01 8.872549e-01 3.698563e-03
5.931373e-01 8.872549e-01 5.228506e-03
6.029412e-01 8.872549e-01 7.288007e-03
6.127451e-01 8.872549e-01 1.001771e-02
6.225490e-01 8.872549e-01 1.357986e-02
6.323529e-01 8.872549e-01 1.815619e-02
6.421569e-01 8.872549e-01 2.394368e-02
6.519608e-01 8.872549e-01 3.114765e-02
6.617647e-01 8.872549e-01 3.997225e-02
6.715686e-01 8.872549e-01 5.060815e-02
6.813725e-01 8.872549e-01 6.321778e-02
6.911765e-01 8.872549e-01 7.791890e-02
7.009804e-01 8.872549e-01 9.476727e-02
7.107843e-01 8.872549e-01 1.137398e-01
7.205882e-01 8.872549e-01 1.347199e-01
7.303922e-01 8.872549e-01 1.574858e-01
7.401961e-01 8.872549e-01 1.817051e-01
7.500000e-01 8.872549e-01 2.069349e-01
7.598039e-01 8.872549e-01 2.326302e-01
7.696078e-01 8.872549e-01 2.581598e-01
7.794118e-01 8.872549e-01 2.828297e-01
7.892157e-01 8.872549e-01 3.059140e-01
7.990196e-01 8.872549e-01 3.266892e-01
8.088235e-01 8.872549e-01 3.444724e-01
8.186275e-01 8.872549e-01 3.586587e-01
8.284314e-01 8.872549e-01 3.687550e-01
8.382353e-01 8.872549e-01 3.744090e-01
8.480392e-01 8.872549e-01 3.754297e-01
8.578431e-01 8.872549e-01 3.717974e-01
8.676471e-01 8.872549e-01 3.636647e-01
8.774510e-01 8.872549e-01 3.513451e-01
8.872549e-01 8.872549e-01 3.352939e-01
8.970588e-01 8.872549e-01 3.160799e-01
9.068627e-01 8.872549e-01 2.943526e-01
9.166667e-01 8.872549e-01 2.708063e-01
9.264706e-01 8.872549e-01 2.461440e-01
9.362745e-01 8.872549e-01 2.210441e-01
9.460784e-01 8.872549e-01 1.961314e-01
9.558824e-01 8.872549e-01 1.719541e-01
9.656863e-01 8.872549e-01 1.489685e-01
9.754902e-01 8.872549e-01 1.275295e-01
9.852941e-01 8.872549e-01 1.078898e-01
9.950980e-01 8.872549e-01 9.020292e-02
4.901961e-03 8.970588e-01 9.972396e-02
1.470588e-02 8.970588e-01 8.320743e-02
2.450980e-02 8.970588e-01 6.861348e-02
3.431373e-02 8.970588e-01 5.591894e-02
4.411765e-02 8.970588e-01 4.504306e-02
5.392157e-02 8.970588e-01 3.586190e-02
6.372549e-02 8.970588e-01 2.822228e-02
7.352941e-02 8.970588e-01 2.195437e-02
8.333333e-02 8.970588e-01 1.688247e-02
9.313725e-02 8.970588e-01 1.283375e-02
1.029412e-01 8.970588e-01 9.644712e-03
1.127451e-01 8.970588e-01 7.165707e-03
1.225490e-01 8.970588e-01 5.263544e-03
1.323529e-01 8.970588e-01 3.822629e-03
1.421569e-01 8.970588e-01 2.744895e-03
1.519608e-01 8.970588e-01 1.948875e-03
1.617647e-01 8.970588e-01 1.368205e-03
1.715686e-01 8.970588e-01 9.498212e-04
1.813725e-01 8.970588e-01 6.520339e-04
1.911765e-01 8.970588e-01 4.426395e-04
2.009804e-01 8.970588e-01 2.971635e-04
2.107843e-01 8.970588e-01 1.972966e-04
2.205882e-01 8.970588e-01 1.295496e-04
2.303922e-01 8.970588e-01 8.413134e-05
2.401961e-01 8.970588e-01 5.403784e-05
2.500000e-01 8.970588e-01 3.432964e-05
2.598039e-01 8.970588e-01 2.157169e-05
2.696078e-01 8.970588e-01 1.340772e-05
2.794118e-01 8.970588e-01 8.243178e-06
2.892157e-01 8.970588e-01 5.013213e-06
2.990196e-01 8.970588e-01 3.016042e-06
3.088235e-01 8.970588e-01 1.795124e-06
3.186275e-01 8.970588e-01 1.057305e-06
3.284314e-01 8.970588e-01 6.168406e-07
3.382353e-01 8.970588e-01 3.577822e-07
3.480392e-01 8.970588e-01 2.092101e-07
3.578431e-01 8.970588e-01 1.294204e-07
3.676471e-01 8.970588e-01 9.645567e-08
3.774510e-01 8.970588e-01 1.034058e-07
3.872549e-01 8.970588e-01 1.578065e-07
3.970588e-01 8.970588e-01 2.853242e-07
4.068627e-01 8.970588e-01 5.388664e-07
4.166667e-01 8.970588e-01 1.015411e-06
4.264706e-01 8.970588e-01 1.884346e-06
4.362745e-01 8.970588e-01 3.433121e-06
4.460784e-01 8.970588e-01 6.138621e-06
4.558824e-01 8.970588e-01 1.077610e-05
4.656863e-01 8.970588e-01 1.858173e-05
4.754902e-01 8.970588e-01 3.148980e-05
4.852941e-01 8.970588e-01 5.247136e-05
4.950980e-01 8.970588e-01 8.600650e-05
5.049020e-01 8.970588e-01 1.387278e-04
5.147059e-01 8.970588e-01 2.202754e-04
5.245098e-01 8.970588e-01 3.444028e-04
5.343137e-01 8.970588e-01 5.303684e-04
5.441176e-01 8.970588e-01 8.046296e-04
5.539216e-01 8.970588e-01 1.202836e-03
5.637255e-01 8.970588e-01 1.772078e-03
5.735294e-01 8.970588e-01 2.573295e-03
5.833333e-01 8.970588e-01 3.683698e-03
5.931373e-01 8.970588e-01 5.198961e-03
6.029412e-01 8.970588e-01 7.234910e-03
6.127451e-01 8.970588e-01 9.928305e-03
6.225490e-01 8.970588e-01 1.343633e-02
6.323529e-01 8.970588e-01 1.793435e-02
6.421569e-01 8.970588e-01 2.361148e-02
6.519608e-01 8.970588e-01 3.066374e-02
6.617647e-01 8.970588e-01 3.928458e-02
6.715686e-01 8.970588e-01 4.965277e-02
6.813725e-01 8.970588e-01 6.191810e-02
6.911765e-01 8.970588e-01 7.618551e-02
7.009804e-01 8.970588e-01 9.249856e-02
7.107843e-01 8.970588e-01 1.108235e-01
7.205882e-01 8.970588e-01 1.310357e-01
7.303922e-01 8.970588e-01 1.529092e-01
7.401961e-01 8.970588e-01 1.761122e-01
7.500000e-01 8.970588e-01 2.002083e-01
7.598039e-01 8.970588e-01 2.246654e-01
7.696078e-01 8.970588e-01 2.488720e-01
7.794118e-01 8.970588e-01 2.721610e-01
7.892157e-01 8.970588e-01 2.938388e-01
7.990196e-01 8.970588e-01 3.132200e-01
8.088235e-01 8.970588e-01 3.296628e-01
8.186275e-01 8.970588e-01 3.426047e-01
8.284314e-01 8.970588e-01 3.515946e-01
8.382353e-01 8.970588e-01 3.563189e-01
8.480392e-01 8.970588e-01 3.566195e-01
8.578431e-01 8.970588e-01 3.525030e-01
8.676471e-01 8.970588e-01 3.441385e-01
8.774510e-01 8.970588e-01 3.318469e-01
8.872549e-01 8.970588e-01 3.160799e-01
8.970588e-01 8.970588e-01 2.973935e-01
9.068627e-01 8.970588e-01 2.764150e-01
9.166667e-01 8.970588e-01 2.538093e-01
9.264706e-01 8.970588e-01 2.302444e-01
9.362745e-01 8.970588e-01 2.063600e-01
9.460784e-01 8.970588e-01 1.827412e-01
9.558824e-01 8.970588e-01 1.598971e-01
9.656863e-01 8.970588e-01 1.382474e-01
9.754902e-01 8.970588e-01 1.181146e-01
9.852941e-01 8.970588e-01 9.972396e-02
9.950980e-01 8.970588e-01 8.320743e-02
4.901961e-03 9.068627e-01 9.104919e-02
1.470588e-02 9.068627e-01 7.581525e-02
2.450980e-02 9.068627e-01 6.239037e-02
3.431373e-02 9.068627e-01 5.074306e-02
4.411765e-02 9.068627e-01 4.078976e-02
5.392157e-02 9.068627e-01 3.240843e-02
6.372549e-02 9.068627e-01 2.545154e-02
7.352941e-02 9.068627e-01 1.975768e-02
8.333333e-02 9.068627e-01 1.516143e-02
9.313725e-02 9.068627e-01 1.150118e-02
1.029412e-01 9.068627e-01 8.625002e-03
1.127451e-01 9.068627e-01 6.394487e-03
1.225490e-01 9.068627e-01 4.687028e-03
1.323529e-01 9.068627e-01 3.396644e-03
1.421569e-01 9.068627e-01 2.433762e-03
1.519608e-01 9.068627e-01 1.724235e-03
1.617647e-01 9.068627e-01 1.207869e-03
1.715686e-01 9.068627e-01 8.366866e-04
1.813725e-01 9.068627e-01 5.731115e-04
1.911765e-01 9.068627e-01 3.882066e-04
2.009804e-01 9.068627e-01 2.600447e-04
2.107843e-01 9.068627e-01 1.722693e-04
2.205882e-01 9.068627e-01 1.128641e-04
2.303922e-01 9.068627e-01 7.313160e-05
2.401961e-01 9.068627e-01 4.686715e-05
2.500000e-01 9.068627e-01 2.970701e-05
2.598039e-01 9.068627e-01 1.862468e-05
2.696078e-01 9.068627e-01 1.154970e-05
2.794118e-01 9.068627e-01 7.084634e-06
2.892157e-01 9.068627e-01 4.298749e-06
2.990196e-01 9.068627e-01 2.580263e-06
3.088235e-01 9.068627e-01 1.532232e-06
3.186275e-01 9.068627e-01 9.004480e-07
3.284314e-01 9.068627e-01 5.242900e-07
3.382353e-01 9.068627e-01 3.038158e-07
3.480392e-01 9.068627e-01 1.781845e-07
3.578431e-01 9.068627e-01 1.119787e-07
3.676471e-01 9.068627e-01 8.714652e-08
3.774510e-01 9.068627e-01 9.922791e-08
3.872549e-01 9.068627e-01 1.573569e-07
3.970588e-01 9.068627e-01 2.883416e-07
4.068627e-01 9.068627e-01 5.460270e-07
4.166667e-01 9.068627e-01 1.028265e-06
4.264706e-01 9.068627e-01 1.905278e-06
4.362745e-01 9.068627e-01 3.465154e-06
4.460784e-01 9.068627e-01 6.184775e-06
4.558824e-01 9.068627e-01 1.083778e-05
4.656863e-01 9.068627e-01 1.865526e-05
4.754902e-01 9.068627e-01 3.155972e-05
4.852941e-01 9.068627e-01 5.249816e-05
4.950980e-01 9.068627e-01 8.590541e-05
5.049020e-01 9.068627e-01 1.383336e-04
5.147059e-01 9.068627e-01 2.192859e-04
5.245098e-01 9.068627e-01 3.422917e-04
5.343137e-01 9.068627e-01 5.262538e-04
5.441176e-01 9.068627e-01 7.970828e-04
5.539216e-01 9.068627e-01 1.189609e-03
5.637255e-01 9.068627e-01 1.749729e-03
5.735294e-01 9.068627e-01 2.536685e-03
5.833333e-01 9.068627e-01 3.625336e-03
5.931373e-01 9.068627e-01 5.108176e-03
6.029412e-01 9.068627e-01 7.096833e-03
6.127451e-01 9.068627e-01 9.722672e-03
6.225490e-01 9.068627e-01 1.313611e-02
6.323529e-01 9.068627e-01 1.750426e-02
6.421569e-01 9.068627e-01 2.300644e-02
6.519608e-01 9.068627e-01 2.982742e-02
6.617647e-01 9.068627e-01 3.814809e-02
6.715686e-01 9.068627e-01 4.813380e-02
6.813725e-01 9.068627e-01 5.992060e-02
6.911765e-01 9.068627e-01 7.360013e-02
7.009804e-01 9.068627e-01 8.920405e-02
7.107843e-01 9.068627e-01 1.066893e-01
7.205882e-01 9.068627e-01 1.259254e-01
7.303922e-01 9.068627e-01 1.466858e-01
7.401961e-01 9.068627e-01 1.686438e-01
7.500000e-01 9.068627e-01 1.913750e-01
7.598039e-01 9.068627e-01 2.143666e-01
7.696078e-01 9.068627e-01 2.370341e-01
7.794118e-01 9.068627e-01 2.587438e-01
7.892157e-01 9.068627e-01 2.788423e-01
7.990196e-01 9.068627e-01 2.966880e-01
8.088235e-01 9.068627e-01 3.116860e-01
8.186275e-01 9.068627e-01 3.233205e-01
8.284314e-01 9.068627e-01 3.311849e-01
8.382353e-01 9.068627e-01 3.350051e-01
8.480392e-01 9.068627e-01 3.346553e-01
8.578431e-01 9.068627e-01 3.301652e-01
8.676471e-01 9.068627e-01 3.217166e-01
8.774510e-01 9.068627e-01 3.096317e-01
8.872549e-01 9.068627e-01 2.943526e-01
8.970588e-01 9.068627e-01 2.764150e-01
9.068627e-01 9.068627e-01 2.564170e-01
9.166667e-01 9.068627e-01 2.349869e-01
9.264706e-01 9.068627e-01 2.127512e-01
9.362745e-01 9.068627e-01 1.903054e-01
9.460784e-01 9.068627e-01 1.681901e-01
9.558824e-01 9.068627e-01 1.468720e-01
9.656863e-01 9.068627e-01 1.267317e-01
9.754902e-01 9.068627e-01 1.080584e-01
9.852941e-01 9.068627e-01 9.104919e-02
9.950980e-01 9.068627e-01 7.581525e-02
4.901961e-03 9.166667e-01 8.211643e-02
1.470588e-02 9.166667e-01 6.823764e-02
2.450980e-02 9.166667e-01 5.603951e-02
3.431373e-02 9.166667e-01 4.548399e-02
4.411765e-02 9.166667e-01 3.648665e-02
5.392157e-02 9.166667e-01 2.892929e-02
6.372549e-02 9.166667e-01 2.267183e-02
7.352941e-02 9.166667e-01 1.756294e-02
8.333333e-02 9.166667e-01 1.344887e-02
9.313725e-02 9.166667e-01 1.018049e-02
1.029412e-01 9.166667e-01 7.618357e-03
1.127451e-01 9.166667e-01 5.636116e-03
1.225490e-01 9.166667e-01 4.122301e-03
1.323529e-01 9.166667e-01 2.980959e-03
1.421569e-01 9.166667e-01 2.131296e-03
1.519608e-01 9.166667e-01 1.506668e-03
1.617647e-01 9.166667e-01 1.053156e-03
1.715686e-01 9.166667e-01 7.279182e-04
1.813725e-01 9.166667e-01 4.975102e-04
1.911765e-01 9.166667e-01 3.362520e-04
2.009804e-01 9.166667e-01 2.247423e-04
2.107843e-01 9.166667e-01 1.485509e-04
2.205882e-01 9.166667e-01 9.710684e-05
2.303922e-01 9.166667e-01 6.278002e-05
2.401961e-01 9.166667e-01 4.014239e-05
2.500000e-01 9.166667e-01 2.538679e-05
2.598039e-01 9.166667e-01 1.587990e-05
2.696078e-01 9.166667e-01 9.825066e-06
2.794118e-01 9.166667e-01 6.012897e-06
2.892157e-01 9.166667e-01 3.640043e-06
2.990196e-01 9.166667e-01 2.179839e-06
3.088235e-01 9.166667e-01 1.291473e-06
3.186275e-01 9.166667e-01 7.572698e-07
3.284314e-01 9.166667e-01 4.400810e-07
3.382353e-01 9.166667e-01 2.548547e-07
3.480392e-01 9.166667e-01 1.500818e-07
3.578431e-01 9.166667e-01 9.612668e-08
3.676471e-01 9.166667e-01 7.848216e-08
3.774510e-01 9.166667e-01 9.483831e-08
3.872549e-01 9.166667e-01 1.556064e-07
3.970588e-01 9.166667e-01 2.882916e-07
4.068627e-01 9.166667e-01 5.469643e-07
4.166667e-01 9.166667e-01 1.029149e-06
4.264706e-01 9.166667e-01 1.903865e-06
4.362745e-01 9.166667e-01 3.456420e-06
4.460784e-01 9.166667e-01 6.158053e-06
4.558824e-01 9.166667e-01 1.077167e-05
4.656863e-01 9.166667e-01 1.850882e-05
4.754902e-01 9.166667e-01 3.125769e-05
4.852941e-01 9.166667e-01 5.190682e-05
4.950980e-01 9.166667e-01 8.479422e-05
5.049020e-01 9.166667e-01 1.363158e-04
5.147059e-01 9.166667e-01 2.157285e-04
5.245098e-01 9.166667e-01 3.361831e-04
5.343137e-01 9.166667e-01 5.160125e-04
5.441176e-01 9.166667e-01 7.802891e-04
5.539216e-01 9.166667e-01 1.162637e-03
5.637255e-01 9.166667e-01 1.707253e-03
5.735294e-01 9.166667e-01 2.471041e-03
5.833333e-01 9.166667e-01 3.525704e-03
5.931373e-01 9.166667e-01 4.959585e-03
6.029412e-01 9.166667e-01 6.878965e-03
6.127451e-01 9.166667e-01 9.408492e-03
6.225490e-01 9.166667e-01 1.269035e-02
6.323529e-01 9.166667e-01 1.688181e-02
6.421569e-01 9.166667e-01 2.215081e-02
6.519608e-01 9.166667e-01 2.866927e-02
6.617647e-01 9.166667e-01 3.660416e-02
6.715686e-01 9.166667e-01 4.610631e-02
6.813725e-01 9.166667e-01 5.729738e-02
6.911765e-01 9.166667e-01 7.025566e-02
7.009804e-01 9.166667e-01 8.500161e-02
7.107843e-01 9.166667e-01 1.014843e-01
7.205882e-01 9.166667e-01 1.195702e-01
7.303922e-01 9.166667e-01 1.390351e-01
7.401961e-01 9.166667e-01 1.595621e-01
7.500000e-01 9.166667e-01 1.807436e-01
7.598039e-01 9.166667e-01 2.020920e-01
7.696078e-01 9.166667e-01 2.230554e-01
7.794118e-01 9.166667e-01 2.430399e-01
7.892157e-01 9.166667e-01 2.614373e-01
7.990196e-01 9.166667e-01 2.776554e-01
8.088235e-01 9.166667e-01 2.911497e-01
8.186275e-01 9.166667e-01 3.014540e-01
8.284314e-01 9.166667e-01 3.082073e-01
8.382353e-01 9.166667e-01 3.111745e-01
8.480392e-01 9.166667e-01 3.102604e-01
8.578431e-01 9.166667e-01 3.055145e-01
8.676471e-01 9.166667e-01 2.971267e-01
8.774510e-01 9.166667e-01 2.854151e-01
8.872549e-01 9.166667e-01 2.708063e-01
8.970588e-01 9.166667e-01 2.538093e-01
9.068627e-01 9.166667e-01 2.349869e-01
9.166667e-01 9.166667e-01 2.149252e-01
9.264706e-01 9.166667e-01 1.942040e-01
9.362745e-01 9.166667e-01 1.733707e-01
9.460784e-01 9.166667e-01 1.529182e-01
9.558824e-01 9.166667e-01 1.332686e-01
9.656863e-01 9.166667e-01 1.147625e-01
9.754902e-01 9.166667e-01 9.765507e-02
9.852941e-01 9.166667e-01 8.211643e-02
9.950980e-01 9.166667e-01 6.823764e-02
4.901961e-03 9.264706e-01 7.316128e-02
1.470588e-02 9.264706e-01 6.067144e-02
2.450980e-02 9.264706e-01 4.972325e-02
3.431373e-02 9.264706e-01 4.027397e-02
4.411765e-02 9.264706e-01 3.224010e-02
5.392157e-02 9.264706e-01 2.550895e-02
6.372549e-02 9.264706e-01 1.994939e-02
7.352941e-02 9.264706e-01 1.542141e-02
8.333333e-02 9.264706e-01 1.178400e-02
9.313725e-02 9.264706e-01 8.901252e-03
1.029412e-01 9.264706e-01 6.646844e-03
1.127451e-01 9.264706e-01 4.906835e-03
1.225490e-01 9.264706e-01 3.581167e-03
1.323529e-01 9.264706e-01 2.584044e-03
1.421569e-01 9.264706e-01 1.843497e-03
1.519608e-01 9.264706e-01 1.300371e-03
1.617647e-01 9.264706e-01 9.069610e-04
1.715686e-01 9.264706e-01 6.254910e-04
1.813725e-01 9.264706e-01 4.265587e-04
1.911765e-01 9.264706e-01 2.876575e-04
2.009804e-01 9.264706e-01 1.918340e-04
2.107843e-01 9.264706e-01 1.265149e-04
2.205882e-01 9.264706e-01 8.251595e-05
2.303922e-01 9.264706e-01 5.322638e-05
2.401961e-01 9.264706e-01 3.395642e-05
2.500000e-01 9.264706e-01 2.142572e-05
2.598039e-01 9.264706e-01 1.337151e-05
2.696078e-01 9.264706e-01 8.254082e-06
2.794118e-01 9.264706e-01 5.039805e-06
2.892157e-01 9.264706e-01 3.043894e-06
2.990196e-01 9.264706e-01 1.818606e-06
3.088235e-01 9.264706e-01 1.074972e-06
3.186275e-01 9.264706e-01 6.289249e-07
3.284314e-01 9.264706e-01 3.648263e-07
3.382353e-01 9.264706e-01 2.112151e-07
3.480392e-01 9.264706e-01 1.250587e-07
3.578431e-01 9.264706e-01 8.193570e-08
3.676471e-01 9.264706e-01 7.048693e-08
3.774510e-01 9.264706e-01 9.023318e-08
3.872549e-01 9.264706e-01 1.525314e-07
3.970588e-01 9.264706e-01 2.851372e-07
4.068627e-01 9.264706e-01 5.416410e-07
4.166667e-01 9.264706e-01 1.018063e-06
4.264706e-01 9.264706e-01 1.880233e-06
4.362745e-01 9.264706e-01 3.407374e-06
4.460784e-01 9.264706e-01 6.059669e-06
4.558824e-01 9.264706e-01 1.058058e-05
4.656863e-01 9.264706e-01 1.814838e-05
4.754902e-01 9.264706e-01 3.059571e-05
4.852941e-01 9.264706e-01 5.072042e-05
4.950980e-01 9.264706e-01 8.271574e-05
5.049020e-01 9.264706e-01 1.327512e-04
5.147059e-01 9.264706e-01 2.097375e-04
5.245098e-01 9.264706e-01 3.263058e-04
5.343137e-01 9.264706e-01 5.000256e-04
5.441176e-01 9.264706e-01 7.548697e-04
5.539216e-01 9.264706e-01 1.122912e-03
5.637255e-01 9.264706e-01 1.646205e-03
5.735294e-01 9.264706e-01 2.378751e-03
5.833333e-01 9.264706e-01 3.388413e-03
5.931373e-01 9.264706e-01 4.758550e-03
6.029412e-01 9.264706e-01 6.589134e-03
6.127451e-01 9.264706e-01 8.997003e-03
6.225490e-01 9.264706e-01 1.211492e-02
6.323529e-01 9.264706e-01 1.608909e-02
6.421569e-01 9.264706e-01 2.107480e-02
6.519608e-01 9.264706e-01 2.723001e-02
6.617647e-01 9.264706e-01 3.470683e-02
6.715686e-01 9.264706e-01 4.364092e-02
6.813725e-01 9.264706e-01 5.413936e-02
6.911765e-01 9.264706e-01 6.626745e-02
7.009804e-01 9.264706e-01 8.003545e-02
7.107843e-01 9.264706e-01 9.538634e-02
7.205882e-01 9.264706e-01 1.121858e-01
7.303922e-01 9.264706e-01 1.302156e-01
7.401961e-01 9.264706e-01 1.491719e-01
7.500000e-01 9.264706e-01 1.686689e-01
7.598039e-01 9.264706e-01 1.882486e-01
7.696078e-01 9.264706e-01 2.073965e-01
7.794118e-01 9.264706e-01 2.255632e-01
7.892157e-01 9.264706e-01 2.421898e-01
7.990196e-01 9.264706e-01 2.567366e-01
8.088235e-01 9.264706e-01 2.687120e-01
8.186275e-01 9.264706e-01 2.777005e-01
8.284314e-01 9.264706e-01 2.833864e-01
8.382353e-01 9.264706e-01 2.855725e-01
8.480392e-01 9.264706e-01 2.841914e-01
8.578431e-01 9.264706e-01 2.793085e-01
8.676471e-01 9.264706e-01 2.711175e-01
8.774510e-01 9.264706e-01 2.599276e-01
8.872549e-01 9.264706e-01 2.461440e-01
8.970588e-01 9.264706e-01 2.302444e-01
9.068627e-01 9.264706e-01 2.127512e-01
9.166667e-01 9.264706e-01 1.942040e-01
9.264706e-01 9.264706e-01 1.751327e-01
9.362745e-01 9.264706e-01 1.560339e-01
9.460784e-01 9.264706e-01 1.373512e-01
9.558824e-01 9.264706e-01 1.194611e-01
9.656863e-01 9.264706e-01 1.026646e-01
9.754902e-01 9.264706e-01 8.718319e-02
9.852941e-01 9.264706e-01 7.316128e-02
9.950980e-01 9.264706e-01 6.067144e-02
4.901961e-03 9.362745e-01 6.439458e-02
1.470588e-02 9.362745e-01 5.329138e-02
2.450980e-02 9.362745e-01 4.358456e-02
3.431373e-02 9.362745e-01 3.522847e-02
4.411765e-02 9.362745e-01 2.814219e-02
5.392157e-02 9.362745e-01 2.221989e-02
6.372549e-02 9.362745e-01 1.734054e-02
7.352941e-02 9.362745e-01 1.337632e-02
8.333333e-02 9.362745e-01 1.019954e-02
9.313725e-02 9.362745e-01 7.687941e-03
1.029412e-01 9.362745e-01 5.728506e-03
1.127451e-01 9.362745e-01 4.219782e-03
1.225490e-01 9.362745e-01 3.073064e-03
1.323529e-01 9.362745e-01 2.212592e-03
1.421569e-01 9.362745e-01 1.575049e-03
1.519608e-01 9.362745e-01 1.108574e-03
1.617647e-01 9.362745e-01 7.714858e-04
1.715686e-01 9.362745e-01 5.308820e-04
1.813725e-01 9.362745e-01 3.612344e-04
1.911765e-01 9.362745e-01 2.430609e-04
2.009804e-01 9.362745e-01 1.617298e-04
2.107843e-01 9.362745e-01 1.064209e-04
2.205882e-01 9.362745e-01 6.925318e-05
2.303922e-01 9.362745e-01 4.456985e-05
2.401961e-01 9.362745e-01 2.836902e-05
2.500000e-01 9.362745e-01 1.785919e-05
2.598039e-01 9.362745e-01 1.112004e-05
2.696078e-01 9.362745e-01 6.848422e-06
2.794118e-01 9.362745e-01 4.171833e-06
2.892157e-01 9.362745e-01 2.513800e-06
2.990196e-01 9.362745e-01 1.498396e-06
3.088235e-01 9.362745e-01 8.836504e-07
3.186275e-01 9.362745e-01 5.158528e-07
3.284314e-01 9.362745e-01 2.987201e-07
3.382353e-01 9.362745e-01 1.729718e-07
3.480392e-01 9.362745e-01 1.031359e-07
3.578431e-01 9.362745e-01 6.940487e-08
3.676471e-01 9.362745e-01 6.315514e-08
3.774510e-01 9.362745e-01 8.541322e-08
3.872549e-01 9.362745e-01 1.481536e-07
3.970588e-01 9.362745e-01 2.789495e-07
4.068627e-01 9.362745e-01 5.302386e-07
4.166667e-01 9.362745e-01 9.954225e-07
4.264706e-01 9.362745e-01 1.835281e-06
4.362745e-01 9.362745e-01 3.319873e-06
4.460784e-01 9.362745e-01 5.893311e-06
4.558824e-01 9.362745e-01 1.027161e-05
4.656863e-01 9.362745e-01 1.758727e-05
4.754902e-01 9.362745e-01 2.959808e-05
4.852941e-01 9.362745e-01 4.898225e-05
4.950980e-01 9.362745e-01 7.974538e-05
5.049020e-01 9.362745e-01 1.277687e-04
5.147059e-01 9.362745e-01 2.015283e-04
5.245098e-01 9.362745e-01 3.130132e-04
5.343137e-01 9.362745e-01 4.788622e-04
5.441176e-01 9.362745e-01 7.217259e-04
5.539216e-01 9.362745e-01 1.071835e-03
5.637255e-01 9.362745e-01 1.568729e-03
5.735294e-01 9.362745e-01 2.263047e-03
5.833333e-01 9.362745e-01 3.218245e-03
5.931373e-01 9.362745e-01 4.512042e-03
6.029412e-01 9.362745e-01 6.237343e-03
6.127451e-01 9.362745e-01 8.502343e-03
6.225490e-01 9.362745e-01 1.142950e-02
6.323529e-01 9.362745e-01 1.515305e-02
6.421569e-01 9.362745e-01 1.981482e-02
6.519608e-01 9.362745e-01 2.555810e-02
6.617647e-01 9.362745e-01 3.251962e-02
6.715686e-01 9.362745e-01 4.081973e-02
6.813725e-01 9.362745e-01 5.055111e-02
6.911765e-01 9.362745e-01 6.176676e-02
7.009804e-01 9.362745e-01 7.446801e-02
7.107843e-01 9.362745e-01 8.859351e-02
7.205882e-01 9.362745e-01 1.040106e-01
7.303922e-01 9.362745e-01 1.205098e-01
7.401961e-01 9.362745e-01 1.378040e-01
7.500000e-01 9.362745e-01 1.555325e-01
7.598039e-01 9.362745e-01 1.732704e-01
7.696078e-01 9.362745e-01 1.905446e-01
7.794118e-01 9.362745e-01 2.068529e-01
7.892157e-01 9.362745e-01 2.216884e-01
7.990196e-01 9.362745e-01 2.345656e-01
8.088235e-01 9.362745e-01 2.450467e-01
8.186275e-01 9.362745e-01 2.527664e-01
8.284314e-01 9.362745e-01 2.574532e-01
8.382353e-01 9.362745e-01 2.589454e-01
8.480392e-01 9.362745e-01 2.571999e-01
8.578431e-01 9.362745e-01 2.522945e-01
8.676471e-01 9.362745e-01 2.444223e-01
8.774510e-01 9.362745e-01 2.338788e-01
8.872549e-01 9.362745e-01 2.210441e-01
8.970588e-01 9.362745e-01 2.063600e-01
9.068627e-01 9.362745e-01 1.903054e-01
9.166667e-01 9.362745e-01 1.733707e-01
9.264706e-01 9.362745e-01 1.560339e-01
9.362745e-01 9.362745e-01 1.387396e-01
9.460784e-01 9.362745e-01 1.218820e-01
9.558824e-01 9.362745e-01 1.057926e-01
9.656863e-01 9.362745e-01 9.073330e-02
9.754902e-01 9.362745e-01 7.689391e-02
9.852941e-01 9.362745e-01 6.439458e-02
9.950980e-01 9.362745e-01 5.329138e-02
4.901961e-03 9.460784e-01 5.599554e-02
1.470588e-02 9.460784e-01 4.624464e-02
2.450980e-02 9.460784e-01 3.774271e-02
3.431373e-02 9.460784e-01 3.044291e-02
4.411765e-02 9.460784e-01 2.426821e-02
5.392157e-02 9.460784e-01 1.912076e-02
6.372549e-02 9.460784e-01 1.489035e-02
7.352941e-02 9.460784e-01 1.146183e-02
8.333333e-02 9.460784e-01 8.721045e-03
9.313725e-02 9.460784e-01 6.559407e-03
1.029412e-01 9.460784e-01 4.877061e-03
1.127451e-01 9.460784e-01 3.584800e-03
1.225490e-01 9.460784e-01 2.604956e-03
1.323529e-01 9.460784e-01 1.871456e-03
1.421569e-01 9.460784e-01 1.329284e-03
1.519608e-01 9.460784e-01 9.335330e-04
1.617647e-01 9.460784e-01 6.482310e-04
1.715686e-01 9.460784e-01 4.450744e-04
1.813725e-01 9.460784e-01 3.021706e-04
1.911765e-01 9.460784e-01 2.028629e-04
2.009804e-01 9.460784e-01 1.346782e-04
2.107843e-01 9.460784e-01 8.841997e-05
2.205882e-01 9.460784e-01 5.740830e-05
2.303922e-01 9.460784e-01 3.686239e-05
2.401961e-01 9.460784e-01 2.340937e-05
2.500000e-01 9.460784e-01 1.470301e-05
2.598039e-01 9.460784e-01 9.133672e-06
2.696078e-01 9.460784e-01 5.612030e-06
2.794118e-01 9.460784e-01 3.410695e-06
2.892157e-01 9.460784e-01 2.050358e-06
2.990196e-01 9.460784e-01 1.219293e-06
3.088235e-01 9.460784e-01 7.173905e-07
3.186275e-01 9.460784e-01 4.178832e-07
3.284314e-01 9.460784e-01 2.416030e-07
3.382353e-01 9.460784e-01 1.399980e-07
3.480392e-01 9.460784e-01 8.422224e-08
3.578431e-01 9.460784e-01 5.847565e-08
3.676471e-01 9.460784e-01 5.645935e-08
3.774510e-01 9.460784e-01 8.038794e-08
3.872549e-01 9.460784e-01 1.425406e-07
3.970588e-01 9.460784e-01 2.699043e-07
4.068627e-01 9.460784e-01 5.131456e-07
4.166667e-01 9.460784e-01 9.620351e-07
4.264706e-01 9.460784e-01 1.770624e-06
4.362745e-01 9.460784e-01 3.197053e-06
4.460784e-01 9.460784e-01 5.664921e-06
4.558824e-01 9.460784e-01 9.855759e-06
4.656863e-01 9.460784e-01 1.684531e-05
4.754902e-01 9.460784e-01 2.829991e-05
4.852941e-01 9.460784e-01 4.675318e-05
4.950980e-01 9.460784e-01 7.598670e-05
5.049020e-01 9.460784e-01 1.215410e-04
5.147059e-01 9.460784e-01 1.913843e-04
5.245098e-01 9.460784e-01 2.967620e-04
5.343137e-01 9.460784e-01 4.532464e-04
5.441176e-01 9.460784e-01 6.819860e-04
5.539216e-01 9.460784e-01 1.011139e-03
5.637255e-01 9.460784e-01 1.477439e-03
5.735294e-01 9.460784e-01 2.127809e-03
5.833333e-01 9.460784e-01 3.020879e-03
5.931373e-01 9.460784e-01 4.228245e-03
6.029412e-01 9.460784e-01 5.835206e-03
6.127451e-01 9.460784e-01 7.940748e-03
6.225490e-01 9.460784e-01 1.065645e-02
6.323529e-01 9.460784e-01 1.410406e-02
6.421569e-01 9.460784e-01 1.841149e-02
6.519608e-01 9.460784e-01 2.370708e-02
6.617647e-01 9.460784e-01 3.011213e-02
6.715686e-01 9.460784e-01 3.773186e-02
6.813725e-01 9.460784e-01 4.664516e-02
6.911765e-01 9.460784e-01 5.689372e-02
7.009804e-01 9.460784e-01 6.847127e-02
7.107843e-01 9.460784e-01 8.131401e-02
7.205882e-01 9.460784e-01 9.529311e-02
7.303922e-01 9.460784e-01 1.102104e-01
7.401961e-01 9.460784e-01 1.257980e-01
7.500000e-01 9.460784e-01 1.417229e-01
7.598039e-01 9.460784e-01 1.575965e-01
7.696078e-01 9.460784e-01 1.729886e-01
7.794118e-01 9.460784e-01 1.874462e-01
7.892157e-01 9.460784e-01 2.005156e-01
7.990196e-01 9.460784e-01 2.117655e-01
8.088235e-01 9.460784e-01 2.208112e-01
8.186275e-01 9.460784e-01 2.273362e-01
8.284314e-01 9.460784e-01 2.311108e-01
8.382353e-01 9.460784e-01 2.320056e-01
8.480392e-01 9.460784e-01 2.299986e-01
8.578431e-01 9.460784e-01 2.251760e-01
8.676471e-01 9.460784e-01 2.177262e-01
8.774510e-01 9.460784e-01 2.079275e-01
8.872549e-01 9.460784e-01 1.961314e-01
8.970588e-01 9.460784e-01 1.827412e-01
9.068627e-01 9.460784e-01 1.681901e-01
9.166667e-01 9.460784e-01 1.529182e-01
9.264706e-01 9.460784e-01 1.373512e-01
9.362745e-01 9.460784e-01 1.218820e-01
9.460784e-01 9.460784e-01 1.068563e-01
9.558824e-01 9.460784e-01 9.256213e-02
9.656863e-01 9.460784e-01 7.922415e-02
9.754902e-01 9.460784e-01 6.700258e-02
9.852941e-01 9.460784e-01 5.599554e-02
9.950980e-01 9.460784e-01 4.624464e-02
4.901961e-03 9.558824e-01 4.810749e-02
1.470588e-02 9.558824e-01 3.964757e-02
2.450980e-02 9.558824e-01 3.229088e-02
3.431373e-02 9.558824e-01 2.599084e-02
4.411765e-02 9.558824e-01 2.067546e-02
5.392157e-02 9.558824e-01 1.625554e-02
6.372549e-02 9.558824e-01 1.263211e-02
7.352941e-02 9.558824e-01 9.702759e-03
8.333333e-02 9.558824e-01 7.366749e-03
9.313725e-02 9.558824e-01 5.528838e-03
1.029412e-01 9.558824e-01 4.101900e-03
1.127451e-01 9.558824e-01 3.008467e-03
1.225490e-01 9.558824e-01 2.181372e-03
1.323529e-01 9.558824e-01 1.563702e-03
1.421569e-01 9.558824e-01 1.108237e-03
1.519608e-01 9.558824e-01 7.765708e-04
1.617647e-01 9.558824e-01 5.380385e-04
1.715686e-01 9.558824e-01 3.685904e-04
1.813725e-01 9.558824e-01 2.496820e-04
1.911765e-01 9.558824e-01 1.672465e-04
2.009804e-01 9.558824e-01 1.107815e-04
2.107843e-01 9.558824e-01 7.256562e-05
2.205882e-01 9.558824e-01 4.700692e-05
2.303922e-01 9.558824e-01 3.011431e-05
2.401961e-01 9.558824e-01 1.907995e-05
2.500000e-01 9.558824e-01 1.195605e-05
2.598039e-01 9.558824e-01 7.409970e-06
2.696078e-01 9.558824e-01 4.542306e-06
2.794118e-01 9.558824e-01 2.754105e-06
2.892157e-01 9.558824e-01 1.651754e-06
2.990196e-01 9.558824e-01 9.799459e-07
3.088235e-01 9.558824e-01 5.752318e-07
3.186275e-01 9.558824e-01 3.343566e-07
3.284314e-01 9.558824e-01 1.930357e-07
3.382353e-01 9.558824e-01 1.120097e-07
3.480392e-01 9.558824e-01 6.814066e-08
3.578431e-01 9.558824e-01 4.904671e-08
3.676471e-01 9.558824e-01 5.035825e-08
3.774510e-01 9.558824e-01 7.517840e-08
3.872549e-01 9.558824e-01 1.358035e-07
3.970588e-01 9.558824e-01 2.582723e-07
4.068627e-01 9.558824e-01 4.909355e-07
4.166667e-01 9.558824e-01 9.190516e-07
4.264706e-01 9.558824e-01 1.688499e-06
4.362745e-01 9.558824e-01 3.043152e-06
4.460784e-01 9.558824e-01 5.382339e-06
4.558824e-01 9.558824e-01 9.347216e-06
4.656863e-01 9.558824e-01 1.594772e-05
4.754902e-01 9.558824e-01 2.674508e-05
4.852941e-01 9.558824e-01 4.410818e-05
4.950980e-01 9.558824e-01 7.156540e-05
5.049020e-01 9.558824e-01 1.142754e-04
5.147059e-01 9.558824e-01 1.796411e-04
5.245098e-01 9.558824e-01 2.780872e-04
5.343137e-01 9.558824e-01 4.240163e-04
5.441176e-01 9.558824e-01 6.369427e-04
5.539216e-01 9.558824e-01 9.427849e-04
5.637255e-01 9.558824e-01 1.375268e-03
5.735294e-01 9.558824e-01 1.977356e-03
5.833333e-01 9.558824e-01 2.802580e-03
5.931373e-01 9.558824e-01 3.916105e-03
6.029412e-01 9.558824e-01 5.395317e-03
6.127451e-01 9.558824e-01 7.329683e-03
6.225490e-01 9.558824e-01 9.819643e-03
6.323529e-01 9.558824e-01 1.297427e-02
6.421569e-01 9.558824e-01 1.690748e-02
6.519608e-01 9.558824e-01 2.173278e-02
6.617647e-01 9.558824e-01 2.755634e-02
6.715686e-01 9.558824e-01 3.446887e-02
6.813725e-01 9.558824e-01 4.253631e-02
6.911765e-01 9.558824e-01 5.179019e-02
7.009804e-01 9.558824e-01 6.221817e-02
7.107843e-01 9.558824e-01 7.375568e-02
7.205882e-01 9.558824e-01 8.627966e-02
7.303922e-01 9.558824e-01 9.960516e-02
7.401961e-01 9.558824e-01 1.134857e-01
7.500000e-01 9.558824e-01 1.276178e-01
7.598039e-01 9.558824e-01 1.416501e-01
7.696078e-01 9.558824e-01 1.551968e-01
7.794118e-01 9.558824e-01 1.678543e-01
7.892157e-01 9.558824e-01 1.792215e-01
7.990196e-01 9.558824e-01 1.889205e-01
8.088235e-01 9.558824e-01 1.966176e-01
8.186275e-01 9.558824e-01 2.020427e-01
8.284314e-01 9.558824e-01 2.050046e-01
8.382353e-01 9.558824e-01 2.054028e-01
8.480392e-01 9.558824e-01 2.032325e-01
8.578431e-01 9.558824e-01 1.985848e-01
8.676471e-01 9.558824e-01 1.916399e-01
8.774510e-01 9.558824e-01 1.826563e-01
8.872549e-01 9.558824e-01 1.719541e-01
8.970588e-01 9.558824e-01 1.598971e-01
9.068627e-01 9.558824e-01 1.468720e-01
9.166667e-01 9.558824e-01 1.332686e-01
9.264706e-01 9.558824e-01 1.194611e-01
9.362745e-01 9.558824e-01 1.057926e-01
9.460784e-01 9.558824e-01 9.256213e-02
9.558824e-01 9.558824e-01 8.001647e-02
9.656863e-01 9.558824e-01 6.834587e-02
9.754902e-01 9.558824e-01 5.768337e-02
9.852941e-01 9.558824e-01 4.810749e-02
9.950980e-01 9.558824e-01 3.964757e-02
4.901961e-03 9.656863e-01 4.083626e-02
1.470588e-02 9.656863e-01 3.358468e-02
2.450980e-02 9.656863e-01 2.729555e-02
3.431373e-02 9.656863e-01 2.192377e-02
4.411765e-02 9.656863e-01 1.740318e-02
5.392157e-02 9.656863e-01 1.365367e-02
6.372549e-02 9.656863e-01 1.058751e-02
7.352941e-02 9.656863e-01 8.114826e-03
8.333333e-02 9.656863e-01 6.147823e-03
9.313725e-02 9.656863e-01 4.604014e-03
1.029412e-01 9.656863e-01 3.408324e-03
1.127451e-01 9.656863e-01 2.494306e-03
1.225490e-01 9.656863e-01 1.804591e-03
1.323529e-01 9.656863e-01 1.290753e-03
1.421569e-01 9.656863e-01 9.127626e-04
1.519608e-01 9.656863e-01 6.381720e-04
1.617647e-01 9.656863e-01 4.411613e-04
1.715686e-01 9.656863e-01 3.015443e-04
1.813725e-01 9.656863e-01 2.038042e-04
1.911765e-01 9.656863e-01 1.362064e-04
2.009804e-01 9.656863e-01 9.001559e-05
2.107843e-01 9.656863e-01 5.882846e-05
2.205882e-01 9.656863e-01 3.802069e-05
2.303922e-01 9.656863e-01 2.430125e-05
2.401961e-01 9.656863e-01 1.536123e-05
2.500000e-01 9.656863e-01 9.603401e-06
2.598039e-01 9.656863e-01 5.937975e-06
2.696078e-01 9.656863e-01 3.631437e-06
2.794118e-01 9.656863e-01 2.196640e-06
2.892157e-01 9.656863e-01 1.314308e-06
2.990196e-01 9.656863e-01 7.779078e-07
3.088235e-01 9.656863e-01 4.555778e-07
3.186275e-01 9.656863e-01 2.642503e-07
3.284314e-01 9.656863e-01 1.523746e-07
3.382353e-01 9.656863e-01 8.860985e-08
3.480392e-01 9.656863e-01 5.465435e-08
3.578431e-01 9.656863e-01 4.098840e-08
3.676471e-01 9.656863e-01 4.480363e-08
3.774510e-01 9.656863e-01 6.981842e-08
3.872549e-01 9.656863e-01 1.280918e-07
3.970588e-01 9.656863e-01 2.444040e-07
4.068627e-01 9.656863e-01 4.643333e-07
4.166667e-01 9.656863e-01 8.678998e-07
4.264706e-01 9.656863e-01 1.591636e-06
4.362745e-01 9.656863e-01 2.863262e-06
4.460784e-01 9.656863e-01 5.054864e-06
4.558824e-01 9.656863e-01 8.762618e-06
4.656863e-01 9.656863e-01 1.492368e-05
4.754902e-01 9.656863e-01 2.498381e-05
4.852941e-01 9.656863e-01 4.113213e-05
4.950980e-01 9.656863e-01 6.662249e-05
5.049020e-01 9.656863e-01 1.062020e-04
5.147059e-01 9.656863e-01 1.666683e-04
5.245098e-01 9.656863e-01 2.575723e-04
5.343137e-01 9.656863e-01 3.920793e-04
5.441176e-01 9.656863e-01 5.879844e-04
5.539216e-01 9.656863e-01 8.688647e-04
5.637255e-01 9.656863e-01 1.265320e-03
5.735294e-01 9.656863e-01 1.816223e-03
5.833333e-01 9.656863e-01 2.569873e-03
5.931373e-01 9.656863e-01 3.584879e-03
6.029412e-01 9.656863e-01 4.930608e-03
6.127451e-01 9.656863e-01 6.686958e-03
6.225490e-01 9.656863e-01 8.943246e-03
6.323529e-01 9.656863e-01 1.179599e-02
6.421569e-01 9.656863e-01 1.534541e-02
6.519608e-01 9.656863e-01 1.969059e-02
6.617647e-01 9.656863e-01 2.492325e-02
6.715686e-01 9.656863e-01 3.112041e-02
6.813725e-01 9.656863e-01 3.833620e-02
6.911765e-01 9.656863e-01 4.659327e-02
7.009804e-01 9.656863e-01 5.587467e-02
7.107843e-01 9.656863e-01 6.611666e-02
7.205882e-01 9.656863e-01 7.720352e-02
7.303922e-01 9.656863e-01 8.896503e-02
7.401961e-01 9.656863e-01 1.011773e-01
7.500000e-01 9.656863e-01 1.135673e-01
7.598039e-01 9.656863e-01 1.258214e-01
7.696078e-01 9.656863e-01 1.375978e-01
7.794118e-01 9.656863e-01 1.485416e-01
7.892157e-01 9.656863e-01 1.583026e-01
7.990196e-01 9.656863e-01 1.665539e-01
8.088235e-01 9.656863e-01 1.730103e-01
8.186275e-01 9.656863e-01 1.774442e-01
8.284314e-01 9.656863e-01 1.796996e-01
8.382353e-01 9.656863e-01 1.797010e-01
8.480392e-01 9.656863e-01 1.774572e-01
8.578431e-01 9.656863e-01 1.730606e-01
8.676471e-01 9.656863e-01 1.666809e-01
8.774510e-01 9.656863e-01 1.585541e-01
8.872549e-01 9.656863e-01 1.489685e-01
8.970588e-01 9.656863e-01 1.382474e-01
9.068627e-01 9.656863e-01 1.267317e-01
9.166667e-01 9.656863e-01 1.147625e-01
9.264706e-01 9.656863e-01 1.026646e-01
9.362745e-01 9.656863e-01 9.073330e-02
9.460784e-01 9.656863e-01 7.922415e-02
9.558824e-01 9.656863e-01 6.834587e-02
9.656863e-01 9.656863e-01 5.825720e-02
9.754902e-01 9.656863e-01 4.906684e-02
9.852941e-01 9.656863e-01 4.083626e-02
9.950980e-01 9.656863e-01 3.358468e-02
4.901961e-03 9.754902e-01 3.425087e-02
1.470588e-02 9.754902e-01 2.810956e-02
2.450980e-02 9.754902e-01 2.279751e-02
3.431373e-02 9.754902e-01 1.827214e-02
4.411765e-02 9.754902e-01 1.447362e-02
5.392157e-02 9.754902e-01 1.133098e-02
6.372549e-02 9.754902e-01 8.767542e-03
7.352941e-02 9.754902e-01 6.705395e-03
8.333333e-02 9.754902e-01 5.069014e-03
9.313725e-02 9.754902e-01 3.787839e-03
1.029412e-01 9.754902e-01 2.797977e-03
1.127451e-01 9.754902e-01 2.043135e-03
1.225490e-01 9.754902e-01 1.474911e-03
1.323529e-01 9.754902e-01 1.052606e-03
1.421569e-01 9.754902e-01 7.426968e-04
1.519608e-01 9.754902e-01 5.181056e-04
1.617647e-01 9.754902e-01 3.573556e-04
1.715686e-01 9.754902e-01 2.437096e-04
1.813725e-01 9.754902e-01 1.643420e-04
1.911765e-01 9.754902e-01 1.095828e-04
2.009804e-01 9.754902e-01 7.225501e-05
2.107843e-01 9.754902e-01 4.711278e-05
2.205882e-01 9.754902e-01 3.037861e-05
2.303922e-01 9.754902e-01 1.937175e-05
2.401961e-01 9.754902e-01 1.221671e-05
2.500000e-01 9.754902e-01 7.619685e-06
2.598039e-01 9.754902e-01 4.700345e-06
2.696078e-01 9.754902e-01 2.867774e-06
2.794118e-01 9.754902e-01 1.730599e-06
2.892157e-01 9.754902e-01 1.033007e-06
2.990196e-01 9.754902e-01 6.099653e-07
3.088235e-01 9.754902e-01 3.563977e-07
3.186275e-01 9.754902e-01 2.062991e-07
3.284314e-01 9.754902e-01 1.188432e-07
3.382353e-01 9.754902e-01 6.933059e-08
3.480392e-01 9.754902e-01 4.349033e-08
3.578431e-01 9.754902e-01 3.415553e-08
3.676471e-01 9.754902e-01 3.974598e-08
3.774510e-01 9.754902e-01 6.435406e-08
3.872549e-01 9.754902e-01 1.195858e-07
3.970588e-01 9.754902e-01 2.287105e-07
4.068627e-01 9.754902e-01 4.341755e-07
4.166667e-01 9.754902e-01 8.102063e-07
4.264706e-01 9.754902e-01 1.483106e-06
4.362745e-01 9.754902e-01 2.663055e-06
4.460784e-01 9.754902e-01 4.692749e-06
4.558824e-01 9.754902e-01 8.120133e-06
4.656863e-01 9.754902e-01 1.380478e-05
4.754902e-01 9.754902e-01 2.307001e-05
4.852941e-01 9.754902e-01 3.791542e-05
4.950980e-01 9.754902e-01 6.130687e-05
5.049020e-01 9.754902e-01 9.756214e-05
5.147059e-01 9.754902e-01 1.528504e-04
5.245098e-01 9.754902e-01 2.358204e-04
5.343137e-01 9.754902e-01 3.583659e-04
5.441176e-01 9.754902e-01 5.365252e-04
5.539216e-01 9.754902e-01 7.914944e-04
5.637255e-01 9.754902e-01 1.150711e-03
5.735294e-01 9.754902e-01 1.648937e-03
5.833333e-01 9.754902e-01 2.329232e-03
5.931373e-01 9.754902e-01 3.243688e-03
6.029412e-01 9.754902e-01 4.453744e-03
6.127451e-01 9.754902e-01 6.029898e-03
6.225490e-01 9.754902e-01 8.050621e-03
6.323529e-01 9.754902e-01 1.060028e-02
6.421569e-01 9.754902e-01 1.376596e-02
6.519608e-01 9.754902e-01 1.763303e-02
6.617647e-01 9.754902e-01 2.227969e-02
6.715686e-01 9.754902e-01 2.777036e-02
6.813725e-01 9.754902e-01 3.414858e-02
6.911765e-01 9.754902e-01 4.142951e-02
7.009804e-01 9.754902e-01 4.959297e-02
7.107843e-01 9.754902e-01 5.857740e-02
7.205882e-01 9.754902e-01 6.827566e-02
7.303922e-01 9.754902e-01 7.853321e-02
7.401961e-01 9.754902e-01 8.914926e-02
7.500000e-01 9.754902e-01 9.988130e-02
7.598039e-01 9.754902e-01 1.104530e-01
7.696078e-01 9.754902e-01 1.205651e-01
7.794118e-01 9.754902e-01 1.299096e-01
7.892157e-01 9.754902e-01 1.381847e-01
7.990196e-01 9.754902e-01 1.451112e-01
8.088235e-01 9.754902e-01 1.504485e-01
8.186275e-01 9.754902e-01 1.540079e-01
8.284314e-01 9.754902e-01 1.556645e-01
8.382353e-01 9.754902e-01 1.553636e-01
8.480392e-01 9.754902e-01 1.531245e-01
8.578431e-01 9.754902e-01 1.490381e-01
8.676471e-01 9.754902e-01 1.432611e-01
8.774510e-01 9.754902e-01 1.360064e-01
8.872549e-01 9.754902e-01 1.275295e-01
8.970588e-01 9.754902e-01 1.181146e-01
9.068627e-01 9.754902e-01 1.080584e-01
9.166667e-01 9.754902e-01 9.765507e-02
9.264706e-01 9.754902e-01 8.718319e-02
9.362745e-01 9.754902e-01 7.689391e-02
9.460784e-01 9.754902e-01 6.700258e-02
9.558824e-01 9.754902e-01 5.768337e-02
9.656863e-01 9.754902e-01 4.906684e-02
9.754902e-01 9.754902e-01 4.124034e-02
9.852941e-01 9.754902e-01 3.425087e-02
9.950980e-01 9.754902e-01 2.810956e-02
4.901961e-03 9.852941e-01 2.838625e-02
1.470588e-02 9.852941e-01 2.324734e-02
2.450980e-02 9.852941e-01 1.881417e-02
3.431373e-02 9.852941e-01 1.504739e-02
4.411765e-02 9.852941e-01 1.189374e-02
5.392157e-02 9.852941e-01 9.291259e-03
6.372549e-02 9.852941e-01 7.173744e-03
7.352941e-02 9.852941e-01 5.474559e-03
8.333333e-02 9.852941e-01 4.129531e-03
9.313725e-02 9.852941e-01 3.079050e-03
1.029412e-01 9.852941e-01 2.269411e-03
1.127451e-01 9.852941e-01 1.653505e-03
1.225490e-01 9.852941e-01 1.190993e-03
1.323529e-01 9.852941e-01 8.480861e-04
1.421569e-01 9.852941e-01 5.970521e-04
1.519608e-01 9.852941e-01 4.155670e-04
1.617647e-01 9.852941e-01 2.859836e-04
1.715686e-01 9.852941e-01 1.945927e-04
1.813725e-01 9.852941e-01 1.309217e-04
1.911765e-01 9.852941e-01 8.709840e-05
2.009804e-01 9.852941e-01 5.729756e-05
2.107843e-01 9.852941e-01 3.727373e-05
2.205882e-01 9.852941e-01 2.397860e-05
2.303922e-01 9.852941e-01 1.525499e-05
2.401961e-01 9.852941e-01 9.597995e-06
2.500000e-01 9.852941e-01 5.972304e-06
2.598039e-01 9.852941e-01 3.675436e-06
2.696078e-01 9.852941e-01 2.237145e-06
2.794118e-01 9.852941e-01 1.346827e-06
2.892157e-01 9.852941e-01 8.020143e-07
2.990196e-01 9.852941e-01 4.724456e-07
3.088235e-01 9.852941e-01 2.754104e-07
3.186275e-01 9.852941e-01 1.591045e-07
3.284314e-01 9.852941e-01 9.159603e-08
3.382353e-01 9.852941e-01 5.366967e-08
3.480392e-01 9.852941e-01 3.436013e-08
3.578431e-01 9.852941e-01 2.839813e-08
3.676471e-01 9.852941e-01 3.513849e-08
3.774510e-01 9.852941e-01 5.884181e-08
3.872549e-01 9.852941e-01 1.104869e-07
3.970588e-01 9.852941e-01 2.116418e-07
4.068627e-01 9.852941e-01 4.013666e-07
4.166667e-01 9.852941e-01 7.477109e-07
4.264706e-01 9.852941e-01 1.366167e-06
4.362745e-01 9.852941e-01 2.448493e-06
4.460784e-01 9.852941e-01 4.306681e-06
4.558824e-01 9.852941e-01 7.438550e-06
4.656863e-01 9.852941e-01 1.262342e-05
4.754902e-01 9.852941e-01 2.105859e-05
4.852941e-01 9.852941e-01 3.454945e-05
4.950980e-01 9.852941e-01 5.576814e-05
5.049020e-01 9.852941e-01 8.859648e-05
5.147059e-01 9.852941e-01 1.385685e-04
5.245098e-01 9.852941e-01 2.134251e-04
5.343137e-01 9.852941e-01 3.237867e-04
5.441176e-01 9.852941e-01 4.839399e-04
5.539216e-01 9.852941e-01 7.127183e-04
5.637255e-01 9.852941e-01 1.034437e-03
5.735294e-01 9.852941e-01 1.479815e-03
5.833333e-01 9.852941e-01 2.086793e-03
5.931373e-01 9.852941e-01 2.901123e-03
6.029412e-01 9.852941e-01 3.976577e-03
6.127451e-01 9.852941e-01 5.374617e-03
6.225490e-01 9.852941e-01 7.163356e-03
6.323529e-01 9.852941e-01 9.415647e-03
6.421569e-01 9.852941e-01 1.220620e-02
6.519608e-01 9.852941e-01 1.560767e-02
6.617647e-01 9.852941e-01 1.968580e-02
6.715686e-01 9.852941e-01 2.449367e-02
6.813725e-01 9.852941e-01 3.006553e-02
6.911765e-01 9.852941e-01 3.641040e-02
7.009804e-01 9.852941e-01 4.350616e-02
7.107843e-01 9.852941e-01 5.129455e-02
7.205882e-01 9.852941e-01 5.967784e-02
7.303922e-01 9.852941e-01 6.851759e-02
7.401961e-01 9.852941e-01 7.763608e-02
7.500000e-01 9.852941e-01 8.682058e-02
7.598039e-01 9.852941e-01 9.583056e-02
7.696078e-01 9.852941e-01 1.044076e-01
7.794118e-01 9.852941e-01 1.122874e-01
7.892157e-01 9.852941e-01 1.192132e-01
7.990196e-01 9.852941e-01 1.249499e-01
8.088235e-01 9.852941e-01 1.292970e-01
8.186275e-01 9.852941e-01 1.321008e-01
8.284314e-01 9.852941e-01 1.332628e-01
8.382353e-01 9.852941e-01 1.327460e-01
8.480392e-01 9.852941e-01 1.305765e-01
8.578431e-01 9.852941e-01 1.268415e-01
8.676471e-01 9.852941e-01 1.216836e-01
8.774510e-01 9.852941e-01 1.152917e-01
8.872549e-01 9.852941e-01 1.078898e-01
8.970588e-01 9.852941e-01 9.972396e-02
9.068627e-01 9.852941e-01 9.104919e-02
9.166667e-01 9.852941e-01 8.211643e-02
9.264706e-01 9.852941e-01 7.316128e-02
9.362745e-01 9.852941e-01 6.439458e-02
9.460784e-01 9.852941e-01 5.599554e-02
9.558824e-01 9.852941e-01 4.810749e-02
9.656863e-01 9.852941e-01 4.083626e-02
9.754902e-01 9.852941e-01 3.425087e-02
9.852941e-01 9.852941e-01 2.838625e-02
9.950980e-01 9.852941e-01 2.324734e-02
4.901961e-03 9.950980e-01 2.324734e-02
1.470588e-02 9.950980e-01 1.899840e-02
2.450980e-02 9.950980e-01 1.534274e-02
3.431373e-02 9.950980e-01 1.224471e-02
4.411765e-02 9.950980e-01 9.657645e-03
5.392157e-02 9.950980e-01 7.528148e-03
6.372549e-02 9.950980e-01 5.799840e-03
7.352941e-02 9.950980e-01 4.416431e-03
8.333333e-02 9.950980e-01 3.324076e-03
9.313725e-02 9.950980e-01 2.473036e-03
1.029412e-01 9.950980e-01 1.818720e-03
1.127451e-01 9.950980e-01 1.322188e-03
1.225490e-01 9.950980e-01 9.502269e-04
1.323529e-01 9.950980e-01 6.751247e-04
1.421569e-01 9.950980e-01 4.742179e-04
1.519608e-01 9.950980e-01 3.293246e-04
1.617647e-01 9.950980e-01 2.261190e-04
1.715686e-01 9.950980e-01 1.535080e-04
1.813725e-01 9.950980e-01 1.030434e-04
1.911765e-01 9.950980e-01 6.839413e-05
2.009804e-01 9.950980e-01 4.488903e-05
2.107843e-01 9.950980e-01 2.913387e-05
2.205882e-01 9.950980e-01 1.869846e-05
2.303922e-01 9.950980e-01 1.186797e-05
2.401961e-01 9.950980e-01 7.449426e-06
2.500000e-01 9.950980e-01 4.624425e-06
2.598039e-01 9.950980e-01 2.839187e-06
2.696078e-01 9.950980e-01 1.724028e-06
2.794118e-01 9.950980e-01 1.035435e-06
2.892157e-01 9.950980e-01 6.151093e-07
2.990196e-01 9.950980e-01 3.614823e-07
3.088235e-01 9.950980e-01 2.102420e-07
3.186275e-01 9.950980e-01 1.212273e-07
3.284314e-01 9.950980e-01 6.977189e-08
3.382353e-01 9.950980e-01 4.112101e-08
3.480392e-01 9.950980e-01 2.697652e-08
3.578431e-01 9.950980e-01 2.356980e-08
3.676471e-01 9.950980e-01 3.093963e-08
3.774510e-01 9.950980e-01 5.334565e-08
3.872549e-01 9.950980e-01 1.010076e-07
3.970588e-01 9.950980e-01 1.936640e-07
4.068627e-01 9.950980e-01 3.668331e-07
4.166667e-01 9.950980e-01 6.821813e-07
4.264706e-01 9.950980e-01 1.244102e-06
4.362745e-01 9.950980e-01 2.225537e-06
4.460784e-01 9.950980e-01 3.907270e-06
4.558824e-01 9.950980e-01 6.736388e-06
4.656863e-01 9.950980e-01 1.141134e-05
4.754902e-01 9.950980e-01 1.900296e-05
4.852941e-01 9.950980e-01 3.112253e-05
4.950980e-01 9.950980e-01 5.014987e-05
5.049020e-01 9.950980e-01 7.953462e-05
5.147059e-01 9.950980e-01 1.241838e-04
5.245098e-01 9.950980e-01 1.909457e-04
5.343137e-01 9.950980e-01 2.891938e-04
5.441176e-01 9.950980e-01 4.315069e-04
5.539216e-01 9.950980e-01 6.344248e-04
5.637255e-01 9.950980e-01 9.192445e-04
5.735294e-01 9.950980e-01 1.312796e-03
5.833333e-01 9.950980e-01 1.848118e-03
5.931373e-01 9.950980e-01 2.564919e-03
6.029412e-01 9.950980e-01 3.509707e-03
6.127451e-01 9.950980e-01 4.735428e-03
6.225490e-01 9.950980e-01 6.300494e-03
6.323529e-01 9.950980e-01 8.267048e-03
6.421569e-01 9.950980e-01 1.069840e-02
6.519608e-01 9.950980e-01 1.365558e-02
6.617647e-01 9.950980e-01 1.719311e-02
6.715686e-01 9.950980e-01 2.135404e-02
6.813725e-01 9.950980e-01 2.616469e-02
6.911765e-01 9.950980e-01 3.162919e-02
7.009804e-01 9.950980e-01 3.772462e-02
7.107843e-01 9.950980e-01 4.439687e-02
7.205882e-01 9.950980e-01 5.155807e-02
7.303922e-01 9.950980e-01 5.908586e-02
7.401961e-01 9.950980e-01 6.682493e-02
7.500000e-01 9.950980e-01 7.459102e-02
7.598039e-01 9.950980e-01 8.217739e-02
7.696078e-01 9.950980e-01 8.936354e-02
7.794118e-01 9.950980e-01 9.592563e-02
7.892157e-01 9.950980e-01 1.016481e-01
7.990196e-01 9.950980e-01 1.063352e-01
8.088235e-01 9.950980e-01 1.098226e-01
8.186275e-01 9.950980e-01 1.119867e-01
8.284314e-01 9.950980e-01 1.127517e-01
8.382353e-01 9.950980e-01 1.120945e-01
8.480392e-01 9.950980e-01 1.100455e-01
8.578431e-01 9.950980e-01 1.066863e-01
8.676471e-01 9.950980e-01 1.021444e-01
8.774510e-01 9.950980e-01 9.658543e-02
8.872549e-01 9.950980e-01 9.020292e-02
8.970588e-01 9.950980e-01 8.320743e-02
9.068627e-01 9.950980e-01 7.581525e-02
9.166667e-01 9.950980e-01 6.823764e-02
9.264706e-01 9.950980e-01 6.067144e-02
9.362745e-01 9.950980e-01 5.329138e-02
9.460784e-01 9.950980e-01 4.624464e-02
9.558824e-01 9.950980e-01 3.964757e-02
9.656863e-01 9.950980e-01 3.358468e-02
9.754902e-01 9.950980e-01 2.810956e-02
9.852941e-01 9.950980e-01 2.324734e-02
9.950980e-01 9.950980e-01 1.899840e-02
