TITLE = "2D Linear Advection"
VARIABLES = "x" "y" "u"
ZONE I=102, J=102, F=POINT
4.901961e-03 4.901961e-03 1.284574e-04
1.470588e-02 4.901961e-03 1.709513e-04
2.450980e-02 4.901961e-03 2.252882e-04
3.431373e-02 4.901961e-03 2.940198e-04
4.411765e-02 4.901961e-03 3.800200e-04
5.392157e-02 4.901961e-03 4.864595e-04
6.372549e-02 4.901961e-03 6.167593e-04
7.352941e-02 4.901961e-03 7.745173e-04
8.333333e-02 4.901961e-03 9.634085e-04
9.313725e-02 4.901961e-03 1.187055e-03
1.029412e-01 4.901961e-03 1.448867e-03
1.127451e-01 4.901961e-03 1.751863e-03
1.225490e-01 4.901961e-03 2.098466e-03
1.323529e-01 4.901961e-03 2.490288e-03
1.421569e-01 4.901961e-03 2.927917e-03
1.519608e-01 4.901961e-03 3.410709e-03
1.617647e-01 4.901961e-03 3.936612e-03
1.715686e-01 4.901961e-03 4.502021e-03
1.813725e-01 4.901961e-03 5.101691e-03
1.911765e-01 4.901961e-03 5.728713e-03
2.009804e-01 4.901961e-03 6.374567e-03
2.107843e-01 4.901961e-03 7.029254e-03
2.205882e-01 4.901961e-03 7.681513e-03
2.303922e-01 4.901961e-03 8.319117e-03
2.401961e-01 4.901961e-03 8.929236e-03
2.500000e-01 4.901961e-03 9.498863e-03
2.598039e-01 4.901961e-03 1.001527e-02
2.696078e-01 4.901961e-03 1.046647e-02
2.794118e-01 4.901961e-03 1.084172e-02
2.892157e-01 4.901961e-03 1.113190e-02
2.990196e-01 4.901961e-03 1.132991e-02
3.088235e-01 4.901961e-03 1.143094e-02
3.186275e-01 4.901961e-03 1.143269e-02
3.284314e-01 4.901961e-03 1.133545e-02
3.382353e-01 4.901961e-03 1.114204e-02
3.480392e-01 4.901961e-03 1.085773e-02
3.578431e-01 4.901961e-03 1.048995e-02
3.676471e-01 4.901961e-03 1.004800e-02
3.774510e-01 4.901961e-03 9.542660e-03
3.872549e-01 4.901961e-03 8.985758e-03
3.970588e-01 4.901961e-03 8.389707e-03
4.068627e-01 4.901961e-03 7.767068e-03
4.166667e-01 4.901961e-03 7.130121e-03
4.264706e-01 4.901961e-03 6.490486e-03
4.362745e-01 4.901961e-03 5.858807e-03
4.460784e-01 4.901961e-03 5.244494e-03
4.558824e-01 4.901961e-03 4.655553e-03
4.656863e-01 4.901961e-03 4.098481e-03
4.754902e-01 4.901961e-03 3.578235e-03
4.852941e-01 4.901961e-03 3.098273e-03
4.950980e-01 4.901961e-03 2.660637e-03
5.049020e-01 4.901961e-03 2.266089e-03
5.147059e-01 4.901961e-03 1.914271e-03
5.245098e-01 4.901961e-03 1.603893e-03
5.343137e-01 4.901961e-03 1.332915e-03
5.441176e-01 4.901961e-03 1.098739e-03
5.539216e-01 4.901961e-03 8.983824e-04
5.637255e-01 4.901961e-03 7.286381e-04
5.735294e-01 4.901961e-03 5.862138e-04
5.833333e-01 4.901961e-03 4.678460e-04
5.931373e-01 4.901961e-03 3.703922e-04
6.029412e-01 4.901961e-03 2.908988e-04
6.127451e-01 4.901961e-03 2.266481e-04
6.225490e-01 4.901961e-03 1.751867e-04
6.323529e-01 4.901961e-03 1.343377e-04
6.421569e-01 4.901961e-03 1.022001e-04
6.519608e-01 4.901961e-03 7.713829e-05
6.617647e-01 4.901961e-03 5.776466e-05
6.715686e-01 4.901961e-03 4.291771e-05
6.813725e-01 4.901961e-03 3.163747e-05
6.911765e-01 4.901961e-03 2.314018e-05
7.009804e-01 4.901961e-03 1.679351e-05
7.107843e-01 4.901961e-03 1.209313e-05
7.205882e-01 4.901961e-03 8.641298e-06
7.303922e-01 4.901961e-03 6.127734e-06
7.401961e-01 4.901961e-03 4.313051e-06
7.500000e-01 4.901961e-03 3.014577e-06
7.598039e-01 4.901961e-03 2.094540e-06
7.696078e-01 4.901961e-03 1.450390e-06
7.794118e-01 4.901961e-03 1.007067e-06
7.892157e-01 4.901961e-03 7.109740e-07
7.990196e-01 4.901961e-03 5.254812e-07
8.088235e-01 4.901961e-03 4.277823e-07
8.186275e-01 4.901961e-03 4.070007e-07
8.284314e-01 4.901961e-03 4.634816e-07
8.382353e-01 4.901961e-03 6.092752e-07
8.480392e-01 4.901961e-03 8.698819e-07
8.578431e-01 4.901961e-03 1.287394e-06
8.676471e-01 4.901961e-03 1.925242e-06
8.774510e-01 4.901961e-03 2.874792e-06
8.872549e-01 4.901961e-03 4.264130e-06
8.970588e-01 4.901961e-03 6.269328e-06
9.068627e-01 4.901961e-03 9.128573e-06
9.166667e-01 4.901961e-03 1.315941e-05
9.264706e-01 4.901961e-03 1.877930e-05
9.362745e-01 4.901961e-03 2.652961e-05
9.460784e-01 4.901961e-03 3.710266e-05
9.558824e-01 4.901961e-03 5.137153e-05
9.656863e-01 4.901961e-03 7.042157e-05
9.754902e-01 4.901961e-03 9.558223e-05
9.852941e-01 4.901961e-03 1.284574e-04
9.950980e-01 4.901961e-03 1.709513e-04
4.901961e-03 1.470588e-02 1.709513e-04
1.470588e-02 1.470588e-02 2.271971e-04
2.450980e-02 1.470588e-02 2.990087e-04
3.431373e-02 1.470588e-02 3.897046e-04
4.411765e-02 1.470588e-02 5.030107e-04
5.392157e-02 1.470588e-02 6.430245e-04
6.372549e-02 1.470588e-02 8.141505e-04
7.352941e-02 1.470588e-02 1.021002e-03
8.333333e-02 1.470588e-02 1.268266e-03
9.313725e-02 1.470588e-02 1.560534e-03
1.029412e-01 1.470588e-02 1.902093e-03
1.127451e-01 1.470588e-02 2.296689e-03
1.225490e-01 1.470588e-02 2.747267e-03
1.323529e-01 1.470588e-02 3.255694e-03
1.421569e-01 1.470588e-02 3.822484e-03
1.519608e-01 1.470588e-02 4.446545e-03
1.617647e-01 1.470588e-02 5.124951e-03
1.715686e-01 1.470588e-02 5.852775e-03
1.813725e-01 1.470588e-02 6.622983e-03
1.911765e-01 1.470588e-02 7.426426e-03
2.009804e-01 1.470588e-02 8.251915e-03
2.107843e-01 1.470588e-02 9.086416e-03
2.205882e-01 1.470588e-02 9.915338e-03
2.303922e-01 1.470588e-02 1.072293e-02
2.401961e-01 1.470588e-02 1.149275e-02
2.500000e-01 1.470588e-02 1.220823e-02
2.598039e-01 1.470588e-02 1.285325e-02
2.696078e-01 1.470588e-02 1.341277e-02
2.794118e-01 1.470588e-02 1.387337e-02
2.892157e-01 1.470588e-02 1.422384e-02
2.990196e-01 1.470588e-02 1.445557e-02
3.088235e-01 1.470588e-02 1.456299e-02
3.186275e-01 1.470588e-02 1.454370e-02
3.284314e-01 1.470588e-02 1.439862e-02
3.382353e-01 1.470588e-02 1.413191e-02
3.480392e-01 1.470588e-02 1.375077e-02
3.578431e-01 1.470588e-02 1.326512e-02
3.676471e-01 1.470588e-02 1.268719e-02
3.774510e-01 1.470588e-02 1.203099e-02
3.872549e-01 1.470588e-02 1.131177e-02
3.970588e-01 1.470588e-02 1.054544e-02
4.068627e-01 1.470588e-02 9.747991e-03
4.166667e-01 1.470588e-02 8.934968e-03
4.264706e-01 1.470588e-02 8.121001e-03
4.362745e-01 1.470588e-02 7.319404e-03
4.460784e-01 1.470588e-02 6.541878e-03
4.558824e-01 1.470588e-02 5.798296e-03
4.656863e-01 1.470588e-02 5.096597e-03
4.754902e-01 1.470588e-02 4.442758e-03
4.852941e-01 1.470588e-02 3.840855e-03
4.950980e-01 1.470588e-02 3.293186e-03
5.049020e-01 1.470588e-02 2.800451e-03
5.147059e-01 1.470588e-02 2.361963e-03
5.245098e-01 1.470588e-02 1.975884e-03
5.343137e-01 1.470588e-02 1.639469e-03
5.441176e-01 1.470588e-02 1.349298e-03
5.539216e-01 1.470588e-02 1.101501e-03
5.637255e-01 1.470588e-02 8.919576e-04
5.735294e-01 1.470588e-02 7.164650e-04
5.833333e-01 1.470588e-02 5.708823e-04
5.931373e-01 1.470588e-02 4.512406e-04
6.029412e-01 1.470588e-02 3.538253e-04
6.127451e-01 1.470588e-02 2.752312e-04
6.225490e-01 1.470588e-02 2.123946e-04
6.323529e-01 1.470588e-02 1.626055e-04
6.421569e-01 1.470588e-02 1.235041e-04
6.519608e-01 1.470588e-02 9.306589e-05
6.617647e-01 1.470588e-02 6.957793e-05
6.715686e-01 1.470588e-02 5.160986e-05
6.813725e-01 1.470588e-02 3.798242e-05
6.911765e-01 1.470588e-02 2.773516e-05
7.009804e-01 1.470588e-02 2.009495e-05
7.107843e-01 1.470588e-02 1.444658e-05
7.205882e-01 1.470588e-02 1.030593e-05
7.303922e-01 1.470588e-02 7.296187e-06
7.401961e-01 1.470588e-02 5.127271e-06
7.500000e-01 1.470588e-02 3.578335e-06
7.598039e-01 1.470588e-02 2.483219e-06
7.696078e-01 1.470588e-02 1.718602e-06
7.794118e-01 1.470588e-02 1.194555e-06
7.892157e-01 1.470588e-02 8.472455e-07
7.990196e-01 1.470588e-02 6.335266e-07
8.088235e-01 1.470588e-02 5.272289e-07
8.186275e-01 1.470588e-02 5.170120e-07
8.284314e-01 1.470588e-02 6.057190e-07
8.382353e-01 1.470588e-02 8.112492e-07
8.480392e-01 1.470588e-02 1.169055e-06
8.578431e-01 1.470588e-02 1.736451e-06
8.676471e-01 1.470588e-02 2.599006e-06
8.774510e-01 1.470588e-02 3.879358e-06
8.872549e-01 1.470588e-02 5.748870e-06
8.970588e-01 1.470588e-02 8.442534e-06
9.068627e-01 1.470588e-02 1.227756e-05
9.166667e-01 1.470588e-02 1.767603e-05
9.264706e-01 1.470588e-02 2.519179e-05
9.362745e-01 1.470588e-02 3.554163e-05
9.460784e-01 1.470588e-02 4.964049e-05
9.558824e-01 1.470588e-02 6.863986e-05
9.656863e-01 1.470588e-02 9.396821e-05
9.754902e-01 1.470588e-02 1.273715e-04
9.852941e-01 1.470588e-02 1.709513e-04
9.950980e-01 1.470588e-02 2.271971e-04
4.901961e-03 2.450980e-02 2.252882e-04
1.470588e-02 2.450980e-02 2.990087e-04
2.450980e-02 2.450980e-02 3.929872e-04
3.431373e-02 2.450980e-02 5.114957e-04
4.411765e-02 2.450980e-02 6.593162e-04
5.392157e-02 2.450980e-02 8.416904e-04
6.372549e-02 2.450980e-02 1.064231e-03
7.352941e-02 2.450980e-02 1.332792e-03
8.333333e-02 2.450980e-02 1.653290e-03
9.313725e-02 2.450980e-02 2.031481e-03
1.029412e-01 2.450980e-02 2.472693e-03
1.127451e-01 2.450980e-02 2.981520e-03
1.225490e-01 2.450980e-02 3.561487e-03
1.323529e-01 2.450980e-02 4.214704e-03
1.421569e-01 2.450980e-02 4.941518e-03
1.519608e-01 2.450980e-02 5.740194e-03
1.617647e-01 2.450980e-02 6.606643e-03
1.715686e-01 2.450980e-02 7.534217e-03
1.813725e-01 2.450980e-02 8.513599e-03
1.911765e-01 2.450980e-02 9.532804e-03
2.009804e-01 2.450980e-02 1.057730e-02
2.107843e-01 2.450980e-02 1.163028e-02
2.205882e-01 2.450980e-02 1.267303e-02
2.303922e-01 2.450980e-02 1.368546e-02
2.401961e-01 2.450980e-02 1.464675e-02
2.500000e-01 2.450980e-02 1.553601e-02
2.598039e-01 2.450980e-02 1.633306e-02
2.696078e-01 2.450980e-02 1.701917e-02
2.794118e-01 2.450980e-02 1.757783e-02
2.892157e-01 2.450980e-02 1.799540e-02
2.990196e-01 2.450980e-02 1.826163e-02
3.088235e-01 2.450980e-02 1.837014e-02
3.186275e-01 2.450980e-02 1.831860e-02
3.284314e-01 2.450980e-02 1.810890e-02
3.382353e-01 2.450980e-02 1.774695e-02
3.480392e-01 2.450980e-02 1.724247e-02
3.578431e-01 2.450980e-02 1.660853e-02
3.676471e-01 2.450980e-02 1.586102e-02
3.774510e-01 2.450980e-02 1.501795e-02
3.872549e-01 2.450980e-02 1.409878e-02
3.970588e-01 2.450980e-02 1.312368e-02
4.068627e-01 2.450980e-02 1.211278e-02
4.166667e-01 2.450980e-02 1.108556e-02
4.264706e-01 2.450980e-02 1.006023e-02
4.362745e-01 2.450980e-02 9.053281e-03
4.460784e-01 2.450980e-02 8.079092e-03
4.558824e-01 2.450980e-02 7.149710e-03
4.656863e-01 2.450980e-02 6.274719e-03
4.754902e-01 2.450980e-02 5.461231e-03
4.852941e-01 2.450980e-02 4.713980e-03
4.950980e-01 2.450980e-02 4.035488e-03
5.049020e-01 2.450980e-02 3.426303e-03
5.147059e-01 2.450980e-02 2.885273e-03
5.245098e-01 2.450980e-02 2.409847e-03
5.343137e-01 2.450980e-02 1.996380e-03
5.441176e-01 2.450980e-02 1.640430e-03
5.539216e-01 2.450980e-02 1.337036e-03
5.637255e-01 2.450980e-02 1.080957e-03
5.735294e-01 2.450980e-02 8.668884e-04
5.833333e-01 2.450980e-02 6.896311e-04
5.931373e-01 2.450980e-02 5.442250e-04
6.029412e-01 2.450980e-02 4.260468e-04
6.127451e-01 2.450980e-02 3.308737e-04
6.225490e-01 2.450980e-02 2.549189e-04
6.323529e-01 2.450980e-02 1.948435e-04
6.421569e-01 2.450980e-02 1.477481e-04
6.519608e-01 2.450980e-02 1.111525e-04
6.617647e-01 2.450980e-02 8.296337e-05
6.715686e-01 2.450980e-02 6.143724e-05
6.813725e-01 2.450980e-02 4.514024e-05
6.911765e-01 2.450980e-02 3.290730e-05
7.009804e-01 2.450980e-02 2.380277e-05
7.107843e-01 2.450980e-02 1.708378e-05
7.205882e-01 2.450980e-02 1.216707e-05
7.303922e-01 2.450980e-02 8.599675e-06
7.401961e-01 2.450980e-02 6.033657e-06
7.500000e-01 2.450980e-02 4.204735e-06
7.598039e-01 2.450980e-02 2.914571e-06
7.696078e-01 2.450980e-02 2.016394e-06
7.794118e-01 2.450980e-02 1.403609e-06
7.892157e-01 2.450980e-02 1.001037e-06
7.990196e-01 2.450980e-02 7.585025e-07
8.088235e-01 2.450980e-02 6.465048e-07
8.186275e-01 2.450980e-02 6.538464e-07
8.284314e-01 2.450980e-02 7.871359e-07
8.382353e-01 2.450980e-02 1.072217e-06
8.480392e-01 2.450980e-02 1.557667e-06
8.578431e-01 2.450980e-02 2.320627e-06
8.676471e-01 2.450980e-02 3.475317e-06
8.774510e-01 2.450980e-02 5.184686e-06
8.872549e-01 2.450980e-02 7.675719e-06
8.970588e-01 2.450980e-02 1.125895e-05
9.068627e-01 2.450980e-02 1.635268e-05
9.166667e-01 2.450980e-02 2.351243e-05
9.264706e-01 2.450980e-02 3.346575e-05
9.362745e-01 2.450980e-02 4.715243e-05
9.460784e-01 2.450980e-02 6.576969e-05
9.558824e-01 2.450980e-02 9.082124e-05
9.656863e-01 2.450980e-02 1.241686e-04
9.754902e-01 2.450980e-02 1.680821e-04
9.852941e-01 2.450980e-02 2.252882e-04
9.950980e-01 2.450980e-02 2.990087e-04
4.901961e-03 3.431373e-02 2.940198e-04
1.470588e-02 3.431373e-02 3.897046e-04
2.450980e-02 3.431373e-02 5.114957e-04
3.431373e-02 3.431373e-02 6.648378e-04
4.411765e-02 3.431373e-02 8.558069e-04
5.392157e-02 3.431373e-02 1.091041e-03
6.372549e-02 3.431373e-02 1.377619e-03
7.352941e-02 3.431373e-02 1.722894e-03
8.333333e-02 3.431373e-02 2.134254e-03
9.313725e-02 3.431373e-02 2.618839e-03
1.029412e-01 3.431373e-02 3.183195e-03
1.127451e-01 3.431373e-02 3.832886e-03
1.225490e-01 3.431373e-02 4.572068e-03
1.323529e-01 3.431373e-02 5.403057e-03
1.421569e-01 3.431373e-02 6.325896e-03
1.519608e-01 3.431373e-02 7.337962e-03
1.617647e-01 3.431373e-02 8.433638e-03
1.715686e-01 3.431373e-02 9.604074e-03
1.813725e-01 3.431373e-02 1.083707e-02
1.911765e-01 3.431373e-02 1.211710e-02
2.009804e-01 3.431373e-02 1.342549e-02
2.107843e-01 3.431373e-02 1.474078e-02
2.205882e-01 3.431373e-02 1.603925e-02
2.303922e-01 3.431373e-02 1.729556e-02
2.401961e-01 3.431373e-02 1.848356e-02
2.500000e-01 3.431373e-02 1.957723e-02
2.598039e-01 3.431373e-02 2.055154e-02
2.696078e-01 3.431373e-02 2.138349e-02
2.794118e-01 3.431373e-02 2.205296e-02
2.892157e-01 3.431373e-02 2.254356e-02
2.990196e-01 3.431373e-02 2.284325e-02
3.088235e-01 3.431373e-02 2.294489e-02
3.186275e-01 3.431373e-02 2.284648e-02
3.284314e-01 3.431373e-02 2.255124e-02
3.382353e-01 3.431373e-02 2.206741e-02
3.480392e-01 3.431373e-02 2.140792e-02
3.578431e-01 3.431373e-02 2.058978e-02
3.676471e-01 3.431373e-02 1.963338e-02
3.774510e-01 3.431373e-02 1.856163e-02
3.872549e-01 3.431373e-02 1.739909e-02
3.970588e-01 3.431373e-02 1.617104e-02
4.068627e-01 3.431373e-02 1.490258e-02
4.166667e-01 3.431373e-02 1.361786e-02
4.264706e-01 3.431373e-02 1.233930e-02
4.362745e-01 3.431373e-02 1.108710e-02
4.460784e-01 3.431373e-02 9.878754e-03
4.558824e-01 3.431373e-02 8.728781e-03
4.656863e-01 3.431373e-02 7.648617e-03
4.754902e-01 3.431373e-02 6.646618e-03
4.852941e-01 3.431373e-02 5.728190e-03
4.950980e-01 3.431373e-02 4.896021e-03
5.049020e-01 3.431373e-02 4.150386e-03
5.147059e-01 3.431373e-02 3.489500e-03
5.245098e-01 3.431373e-02 2.909894e-03
5.343137e-01 3.431373e-02 2.406802e-03
5.441176e-01 3.431373e-02 1.974525e-03
5.539216e-01 3.431373e-02 1.606769e-03
5.637255e-01 3.431373e-02 1.296947e-03
5.735294e-01 3.431373e-02 1.038433e-03
5.833333e-01 3.431373e-02 8.247679e-04
5.931373e-01 3.431373e-02 6.498167e-04
6.029412e-01 3.431373e-02 5.078847e-04
6.127451e-01 3.431373e-02 3.937890e-04
6.225490e-01 3.431373e-02 3.028970e-04
6.323529e-01 3.431373e-02 2.311362e-04
6.421569e-01 3.431373e-02 1.749813e-04
6.519608e-01 3.431373e-02 1.314239e-04
6.617647e-01 3.431373e-02 9.793205e-05
6.715686e-01 3.431373e-02 7.240216e-05
6.813725e-01 3.431373e-02 5.310840e-05
6.911765e-01 3.431373e-02 3.865176e-05
7.009804e-01 3.431373e-02 2.791135e-05
7.107843e-01 3.431373e-02 1.999924e-05
7.205882e-01 3.431373e-02 1.421981e-05
7.303922e-01 3.431373e-02 1.003406e-05
7.401961e-01 3.431373e-02 7.028892e-06
7.500000e-01 3.431373e-02 4.891262e-06
7.598039e-01 3.431373e-02 3.386836e-06
7.696078e-01 3.431373e-02 2.342744e-06
7.794118e-01 3.431373e-02 1.633974e-06
7.892157e-01 3.431373e-02 1.172989e-06
7.990196e-01 3.431373e-02 9.021983e-07
8.088235e-01 3.431373e-02 7.889976e-07
8.186275e-01 3.431373e-02 8.232115e-07
8.284314e-01 3.431373e-02 1.016873e-06
8.382353e-01 3.431373e-02 1.406417e-06
8.480392e-01 3.431373e-02 2.057500e-06
8.578431e-01 3.431373e-02 3.072783e-06
8.676471e-01 3.431373e-02 4.603147e-06
8.774510e-01 3.431373e-02 6.862927e-06
8.872549e-01 3.431373e-02 1.014982e-05
8.970588e-01 3.431373e-02 1.487014e-05
9.068627e-01 3.431373e-02 2.157015e-05
9.166667e-01 3.431373e-02 3.097382e-05
9.264706e-01 3.431373e-02 4.402754e-05
9.362745e-01 3.431373e-02 6.195143e-05
9.460784e-01 3.431373e-02 8.629673e-05
9.558824e-01 3.431373e-02 1.190079e-04
9.656863e-01 3.431373e-02 1.624868e-04
9.754902e-01 3.431373e-02 2.196567e-04
9.852941e-01 3.431373e-02 2.940198e-04
9.950980e-01 3.431373e-02 3.897046e-04
4.901961e-03 4.411765e-02 3.800200e-04
1.470588e-02 4.411765e-02 5.030107e-04
2.450980e-02 4.411765e-02 6.593162e-04
3.431373e-02 4.411765e-02 8.558069e-04
4.411765e-02 4.411765e-02 1.100126e-03
5.392157e-02 4.411765e-02 1.400594e-03
6.372549e-02 4.411765e-02 1.766052e-03
7.352941e-02 4.411765e-02 2.205636e-03
8.333333e-02 4.411765e-02 2.728477e-03
9.313725e-02 4.411765e-02 3.343336e-03
1.029412e-01 4.411765e-02 4.058165e-03
1.127451e-01 4.411765e-02 4.879615e-03
1.225490e-01 4.411765e-02 5.812509e-03
1.323529e-01 4.411765e-02 6.859298e-03
1.421569e-01 4.411765e-02 8.019539e-03
1.519608e-01 4.411765e-02 9.289408e-03
1.617647e-01 4.411765e-02 1.066131e-02
1.715686e-01 4.411765e-02 1.212363e-02
1.813725e-01 4.411765e-02 1.366055e-02
1.911765e-01 4.411765e-02 1.525218e-02
2.009804e-01 4.411765e-02 1.687480e-02
2.107843e-01 4.411765e-02 1.850131e-02
2.205882e-01 4.411765e-02 2.010190e-02
2.303922e-01 4.411765e-02 2.164496e-02
2.401961e-01 4.411765e-02 2.309804e-02
2.500000e-01 4.411765e-02 2.442901e-02
2.598039e-01 4.411765e-02 2.560720e-02
2.696078e-01 4.411765e-02 2.660465e-02
2.794118e-01 4.411765e-02 2.739713e-02
2.892157e-01 4.411765e-02 2.796518e-02
2.990196e-01 4.411765e-02 2.829490e-02
3.088235e-01 4.411765e-02 2.837850e-02
3.186275e-01 4.411765e-02 2.821460e-02
3.284314e-01 4.411765e-02 2.780828e-02
3.382353e-01 4.411765e-02 2.717079e-02
3.480392e-01 4.411765e-02 2.631907e-02
3.578431e-01 4.411765e-02 2.527498e-02
3.676471e-01 4.411765e-02 2.406441e-02
3.774510e-01 4.411765e-02 2.271618e-02
3.872549e-01 4.411765e-02 2.126096e-02
3.970588e-01 4.411765e-02 1.973011e-02
4.068627e-01 4.411765e-02 1.815458e-02
4.166667e-01 4.411765e-02 1.656397e-02
4.264706e-01 4.411765e-02 1.498564e-02
4.362745e-01 4.411765e-02 1.344405e-02
4.460784e-01 4.411765e-02 1.196022e-02
4.558824e-01 4.411765e-02 1.055149e-02
4.656863e-01 4.411765e-02 9.231326e-03
4.754902e-01 4.411765e-02 8.009418e-03
4.852941e-01 4.411765e-02 6.891832e-03
4.950980e-01 4.411765e-02 5.881331e-03
5.049020e-01 4.411765e-02 4.977759e-03
5.147059e-01 4.411765e-02 4.178492e-03
5.245098e-01 4.411765e-02 3.478905e-03
5.343137e-01 4.411765e-02 2.872849e-03
5.441176e-01 4.411765e-02 2.353098e-03
5.539216e-01 4.411765e-02 1.911762e-03
5.637255e-01 4.411765e-02 1.540648e-03
5.735294e-01 4.411765e-02 1.231569e-03
5.833333e-01 4.411765e-02 9.765824e-04
5.931373e-01 4.411765e-02 7.681799e-04
6.029412e-01 4.411765e-02 5.994184e-04
6.127451e-01 4.411765e-02 4.640014e-04
6.225490e-01 4.411765e-02 3.563194e-04
6.323529e-01 4.411765e-02 2.714560e-04
6.421569e-01 4.411765e-02 2.051672e-04
6.519608e-01 4.411765e-02 1.538414e-04
6.617647e-01 4.411765e-02 1.144470e-04
6.715686e-01 4.411765e-02 8.447143e-05
6.813725e-01 4.411765e-02 6.185835e-05
6.911765e-01 4.411765e-02 4.494480e-05
7.009804e-01 4.411765e-02 3.240148e-05
7.107843e-01 4.411765e-02 2.317774e-05
7.205882e-01 4.411765e-02 1.645235e-05
7.303922e-01 4.411765e-02 1.159039e-05
7.401961e-01 4.411765e-02 8.106330e-06
7.500000e-01 4.411765e-02 5.633128e-06
7.598039e-01 4.411765e-02 3.896743e-06
7.696078e-01 4.411765e-02 2.695667e-06
7.794118e-01 4.411765e-02 1.884853e-06
7.892157e-01 4.411765e-02 1.363541e-06
7.990196e-01 4.411765e-02 1.066529e-06
8.088235e-01 4.411765e-02 9.585784e-07
8.186275e-01 4.411765e-02 1.031749e-06
8.284314e-01 4.411765e-02 1.305617e-06
8.382353e-01 4.411765e-02 1.830505e-06
8.480392e-01 4.411765e-02 2.694002e-06
8.578431e-01 4.411765e-02 4.031229e-06
8.676471e-01 4.411765e-02 6.039450e-06
8.774510e-01 4.411765e-02 8.997787e-06
8.872549e-01 4.411765e-02 1.329284e-05
8.970588e-01 4.411765e-02 1.945110e-05
9.068627e-01 4.411765e-02 2.817891e-05
9.166667e-01 4.411765e-02 4.041067e-05
9.264706e-01 4.411765e-02 5.736542e-05
9.362745e-01 4.411765e-02 8.061181e-05
9.460784e-01 4.411765e-02 1.121402e-04
9.558824e-01 4.411765e-02 1.544403e-04
9.656863e-01 4.411765e-02 2.105812e-04
9.754902e-01 4.411765e-02 2.842896e-04
9.852941e-01 4.411765e-02 3.800200e-04
9.950980e-01 4.411765e-02 5.030107e-04
4.901961e-03 5.392157e-02 4.864595e-04
1.470588e-02 5.392157e-02 6.430245e-04
2.450980e-02 5.392157e-02 8.416904e-04
3.431373e-02 5.392157e-02 1.091041e-03
4.411765e-02 5.392157e-02 1.400594e-03
5.392157e-02 5.392157e-02 1.780677e-03
6.372549e-02 5.392157e-02 2.242215e-03
7.352941e-02 5.392157e-02 2.796447e-03
8.333333e-02 5.392157e-02 3.454540e-03
9.313725e-02 5.392157e-02 4.227126e-03
1.029412e-01 5.392157e-02 5.123752e-03
1.127451e-01 5.392157e-02 6.152266e-03
1.225490e-01 5.392157e-02 7.318169e-03
1.323529e-01 5.392157e-02 8.623940e-03
1.421569e-01 5.392157e-02 1.006840e-02
1.519608e-01 5.392157e-02 1.164615e-02
1.617647e-01 5.392157e-02 1.334709e-02
1.715686e-01 5.392157e-02 1.515610e-02
1.813725e-01 5.392157e-02 1.705297e-02
1.911765e-01 5.392157e-02 1.901250e-02
2.009804e-01 5.392157e-02 2.100482e-02
2.107843e-01 5.392157e-02 2.299608e-02
2.205882e-01 5.392157e-02 2.494925e-02
2.303922e-01 5.392157e-02 2.682528e-02
2.401961e-01 5.392157e-02 2.858431e-02
2.500000e-01 5.392157e-02 3.018710e-02
2.598039e-01 5.392157e-02 3.159648e-02
2.696078e-01 5.392157e-02 3.277880e-02
2.794118e-01 5.392157e-02 3.370524e-02
2.892157e-01 5.392157e-02 3.435302e-02
2.990196e-01 5.392157e-02 3.470631e-02
3.088235e-01 5.392157e-02 3.475687e-02
3.186275e-01 5.392157e-02 3.450436e-02
3.284314e-01 5.392157e-02 3.395635e-02
3.382353e-01 5.392157e-02 3.312790e-02
3.480392e-01 5.392157e-02 3.204092e-02
3.578431e-01 5.392157e-02 3.072318e-02
3.676471e-01 5.392157e-02 2.920716e-02
3.774510e-01 5.392157e-02 2.752874e-02
3.872549e-01 5.392157e-02 2.572578e-02
3.970588e-01 5.392157e-02 2.383679e-02
4.068627e-01 5.392157e-02 2.189956e-02
4.166667e-01 5.392157e-02 1.994997e-02
4.264706e-01 5.392157e-02 1.802105e-02
4.362745e-01 5.392157e-02 1.614207e-02
4.460784e-01 5.392157e-02 1.433808e-02
4.558824e-01 5.392157e-02 1.262950e-02
4.656863e-01 5.392157e-02 1.103203e-02
4.754902e-01 5.392157e-02 9.556717e-03
4.852941e-01 5.392157e-02 8.210263e-03
4.950980e-01 5.392157e-02 6.995368e-03
5.049020e-01 5.392157e-02 5.911250e-03
5.147059e-01 5.392157e-02 4.954200e-03
5.245098e-01 5.392157e-02 4.118159e-03
5.343137e-01 5.392157e-02 3.395297e-03
5.441176e-01 5.392157e-02 2.776562e-03
5.539216e-01 5.392157e-02 2.252172e-03
5.637255e-01 5.392157e-02 1.812048e-03
5.735294e-01 5.392157e-02 1.446177e-03
5.833333e-01 5.392157e-02 1.144895e-03
5.931373e-01 5.392157e-02 8.991085e-04
6.029412e-01 5.392157e-02 7.004377e-04
6.127451e-01 5.392157e-02 5.413111e-04
6.225490e-01 5.392157e-02 4.150049e-04
6.323529e-01 5.392157e-02 3.156438e-04
6.421569e-01 5.392157e-02 2.381704e-04
6.519608e-01 5.392157e-02 1.782926e-04
6.617647e-01 5.392157e-02 1.324166e-04
6.715686e-01 5.392157e-02 9.757171e-05
6.813725e-01 5.392157e-02 7.133235e-05
6.911765e-01 5.392157e-02 5.174163e-05
7.009804e-01 5.392157e-02 3.723889e-05
7.107843e-01 5.392157e-02 2.659343e-05
7.205882e-01 5.392157e-02 1.884545e-05
7.303922e-01 5.392157e-02 1.325452e-05
7.401961e-01 5.392157e-02 9.255762e-06
7.500000e-01 5.392157e-02 6.423135e-06
7.598039e-01 5.392157e-02 4.439427e-06
7.696078e-01 5.392157e-02 3.072175e-06
7.794118e-01 5.392157e-02 2.154891e-06
7.892157e-01 5.392157e-02 1.572938e-06
7.990196e-01 5.392157e-02 1.253554e-06
8.088235e-01 5.392157e-02 1.159636e-06
8.186275e-01 5.392157e-02 1.287084e-06
8.284314e-01 5.392157e-02 1.665673e-06
8.382353e-01 5.392157e-02 2.363646e-06
8.480392e-01 5.392157e-02 3.496397e-06
8.578431e-01 5.392157e-02 5.239855e-06
8.676471e-01 5.392157e-02 7.849314e-06
8.774510e-01 5.392157e-02 1.168467e-05
8.872549e-01 5.392157e-02 1.724309e-05
8.970588e-01 5.392157e-02 2.520014e-05
9.068627e-01 5.392157e-02 3.646035e-05
9.166667e-01 5.392157e-02 5.221799e-05
9.264706e-01 5.392157e-02 7.402814e-05
9.362745e-01 5.392157e-02 1.038879e-04
9.460784e-01 5.392157e-02 1.443263e-04
9.558824e-01 5.392157e-02 1.985003e-04
9.656863e-01 5.392157e-02 2.702931e-04
9.754902e-01 5.392157e-02 3.644094e-04
9.852941e-01 5.392157e-02 4.864595e-04
9.950980e-01 5.392157e-02 6.430245e-04
4.901961e-03 6.372549e-02 6.167593e-04
1.470588e-02 6.372549e-02 8.141505e-04
2.450980e-02 6.372549e-02 1.064231e-03
3.431373e-02 6.372549e-02 1.377619e-03
4.411765e-02 6.372549e-02 1.766052e-03
5.392157e-02 6.372549e-02 2.242215e-03
6.372549e-02 6.372549e-02 2.819477e-03
7.352941e-02 6.372549e-02 3.511519e-03
8.333333e-02 6.372549e-02 4.331855e-03
9.313725e-02 6.372549e-02 5.293246e-03
1.029412e-01 6.372549e-02 6.407022e-03
1.127451e-01 6.372549e-02 7.682322e-03
1.225490e-01 6.372549e-02 9.125297e-03
1.323529e-01 6.372549e-02 1.073830e-02
1.421569e-01 6.372549e-02 1.251912e-02
1.519608e-01 6.372549e-02 1.446028e-02
1.617647e-01 6.372549e-02 1.654854e-02
1.715686e-01 6.372549e-02 1.876454e-02
1.813725e-01 6.372549e-02 2.108267e-02
1.911765e-01 6.372549e-02 2.347133e-02
2.009804e-01 6.372549e-02 2.589337e-02
2.107843e-01 6.372549e-02 2.830690e-02
2.205882e-01 6.372549e-02 3.066641e-02
2.303922e-01 6.372549e-02 3.292415e-02
2.401961e-01 6.372549e-02 3.503167e-02
2.500000e-01 6.372549e-02 3.694157e-02
2.598039e-01 6.372549e-02 3.860926e-02
2.696078e-01 6.372549e-02 3.999471e-02
2.794118e-01 6.372549e-02 4.106404e-02
2.892157e-01 6.372549e-02 4.179092e-02
2.990196e-01 6.372549e-02 4.215762e-02
3.088235e-01 6.372549e-02 4.215576e-02
3.186275e-01 6.372549e-02 4.178658e-02
3.284314e-01 6.372549e-02 4.106090e-02
3.382353e-01 6.372549e-02 3.999852e-02
3.480392e-01 6.372549e-02 3.862740e-02
3.578431e-01 6.372549e-02 3.698241e-02
3.676471e-01 6.372549e-02 3.510385e-02
3.774510e-01 6.372549e-02 3.303590e-02
3.872549e-01 6.372549e-02 3.082485e-02
3.970588e-01 6.372549e-02 2.851744e-02
4.068627e-01 6.372549e-02 2.615931e-02
4.166667e-01 6.372549e-02 2.379357e-02
4.264706e-01 6.372549e-02 2.145960e-02
4.362745e-01 6.372549e-02 1.919213e-02
4.460784e-01 6.372549e-02 1.702061e-02
4.558824e-01 6.372549e-02 1.496885e-02
4.656863e-01 6.372549e-02 1.305490e-02
4.754902e-01 6.372549e-02 1.129123e-02
4.852941e-01 6.372549e-02 9.685047e-03
4.950980e-01 6.372549e-02 8.238825e-03
5.049020e-01 6.372549e-02 6.950917e-03
5.147059e-01 6.372549e-02 5.816240e-03
5.245098e-01 6.372549e-02 4.826983e-03
5.343137e-01 6.372549e-02 3.973310e-03
5.441176e-01 6.372549e-02 3.244008e-03
5.539216e-01 6.372549e-02 2.627084e-03
5.637255e-01 6.372549e-02 2.110269e-03
5.735294e-01 6.372549e-02 1.681448e-03
5.833333e-01 6.372549e-02 1.328983e-03
5.931373e-01 6.372549e-02 1.041971e-03
6.029412e-01 6.372549e-02 8.104019e-04
6.127451e-01 6.372549e-02 6.252640e-04
6.225490e-01 6.372549e-02 4.785786e-04
6.323529e-01 6.372549e-02 3.633949e-04
6.421569e-01 6.372549e-02 2.737466e-04
6.519608e-01 6.372549e-02 2.045840e-04
6.617647e-01 6.372549e-02 1.516897e-04
6.715686e-01 6.372549e-02 1.115863e-04
6.813725e-01 6.372549e-02 8.144134e-05
6.911765e-01 6.372549e-02 5.897504e-05
7.009804e-01 6.372549e-02 4.237343e-05
7.107843e-01 6.372549e-02 3.020930e-05
7.205882e-01 6.372549e-02 2.137208e-05
7.303922e-01 6.372549e-02 1.500697e-05
7.401961e-01 6.372549e-02 1.046333e-05
7.500000e-01 6.372549e-02 7.251638e-06
7.598039e-01 6.372549e-02 5.008423e-06
7.696078e-01 6.372549e-02 3.468287e-06
7.794118e-01 6.372549e-02 2.442187e-06
7.892157e-01 6.372549e-02 1.801248e-06
7.990196e-01 6.372549e-02 1.465497e-06
8.088235e-01 6.372549e-02 1.397096e-06
8.186275e-01 6.372549e-02 1.597844e-06
8.284314e-01 6.372549e-02 2.110973e-06
8.382353e-01 6.372549e-02 3.027502e-06
8.480392e-01 6.372549e-02 4.497643e-06
8.578431e-01 6.372549e-02 6.748029e-06
8.676471e-01 6.372549e-02 1.010574e-05
8.774510e-01 6.372549e-02 1.503028e-05
8.872549e-01 6.372549e-02 2.215479e-05
8.970588e-01 6.372549e-02 3.233774e-05
9.068627e-01 6.372549e-02 4.672631e-05
9.166667e-01 6.372549e-02 6.683218e-05
9.264706e-01 6.372549e-02 9.461996e-05
9.362745e-01 6.372549e-02 1.326078e-04
9.460784e-01 6.372549e-02 1.839779e-04
9.558824e-01 6.372549e-02 2.526945e-04
9.656863e-01 6.372549e-02 3.436233e-04
9.754902e-01 6.372549e-02 4.626458e-04
9.852941e-01 6.372549e-02 6.167593e-04
9.950980e-01 6.372549e-02 8.141505e-04
4.901961e-03 7.352941e-02 7.745173e-04
1.470588e-02 7.352941e-02 1.021002e-03
2.450980e-02 7.352941e-02 1.332792e-03
3.431373e-02 7.352941e-02 1.722894e-03
4.411765e-02 7.352941e-02 2.205636e-03
5.392157e-02 7.352941e-02 2.796447e-03
6.372549e-02 7.352941e-02 3.511519e-03
7.352941e-02 7.352941e-02 4.367337e-03
8.333333e-02 7.352941e-02 5.380081e-03
9.313725e-02 7.352941e-02 6.564902e-03
1.029412e-01 7.352941e-02 7.935085e-03
1.127451e-01 7.352941e-02 9.501127e-03
1.225490e-01 7.352941e-02 1.126976e-02
1.323529e-01 7.352941e-02 1.324301e-02
1.421569e-01 7.352941e-02 1.541721e-02
1.519608e-01 7.352941e-02 1.778230e-02
1.617647e-01 7.352941e-02 2.032114e-02
1.715686e-01 7.352941e-02 2.300918e-02
1.813725e-01 7.352941e-02 2.581439e-02
1.911765e-01 7.352941e-02 2.869756e-02
2.009804e-01 7.352941e-02 3.161292e-02
2.107843e-01 7.352941e-02 3.450922e-02
2.205882e-01 7.352941e-02 3.733109e-02
2.303922e-01 7.352941e-02 4.002073e-02
2.401961e-01 7.352941e-02 4.251987e-02
2.500000e-01 7.352941e-02 4.477185e-02
2.598039e-01 7.352941e-02 4.672376e-02
2.696078e-01 7.352941e-02 4.832850e-02
2.794118e-01 7.352941e-02 4.954673e-02
2.892157e-01 7.352941e-02 5.034840e-02
2.990196e-01 7.352941e-02 5.071404e-02
3.088235e-01 7.352941e-02 5.063553e-02
3.186275e-01 7.352941e-02 5.011638e-02
3.284314e-01 7.352941e-02 4.917151e-02
3.382353e-01 7.352941e-02 4.782658e-02
3.480392e-01 7.352941e-02 4.611679e-02
3.578431e-01 7.352941e-02 4.408541e-02
3.676471e-01 7.352941e-02 4.178194e-02
3.774510e-01 7.352941e-02 3.926016e-02
3.872549e-01 7.352941e-02 3.657605e-02
3.970588e-01 7.352941e-02 3.378581e-02
4.068627e-01 7.352941e-02 3.094398e-02
4.166667e-01 7.352941e-02 2.810175e-02
4.264706e-01 7.352941e-02 2.530563e-02
4.362745e-01 7.352941e-02 2.259637e-02
4.460784e-01 7.352941e-02 2.000822e-02
4.558824e-01 7.352941e-02 1.756861e-02
4.656863e-01 7.352941e-02 1.529806e-02
4.754902e-01 7.352941e-02 1.321039e-02
4.852941e-01 7.352941e-02 1.131321e-02
4.950980e-01 7.352941e-02 9.608527e-03
5.049020e-01 7.352941e-02 8.093552e-03
5.147059e-01 7.352941e-02 6.761496e-03
5.245098e-01 7.352941e-02 5.602447e-03
5.343137e-01 7.352941e-02 4.604195e-03
5.441176e-01 7.352941e-02 3.753017e-03
5.539216e-01 7.352941e-02 3.034365e-03
5.637255e-01 7.352941e-02 2.433465e-03
5.735294e-01 7.352941e-02 1.935805e-03
5.833333e-01 7.352941e-02 1.527520e-03
5.931373e-01 7.352941e-02 1.195666e-03
6.029412e-01 7.352941e-02 9.284101e-04
6.127451e-01 7.352941e-02 7.151313e-04
6.225490e-01 7.352941e-02 5.464577e-04
6.323529e-01 7.352941e-02 4.142484e-04
6.421569e-01 7.352941e-02 3.115355e-04
6.519608e-01 7.352941e-02 2.324369e-04
6.617647e-01 7.352941e-02 1.720530e-04
6.715686e-01 7.352941e-02 1.263536e-04
6.813725e-01 7.352941e-02 9.206411e-05
6.911765e-01 7.352941e-02 6.655502e-05
7.009804e-01 7.352941e-02 4.773890e-05
7.107843e-01 7.352941e-02 3.397714e-05
7.205882e-01 7.352941e-02 2.399749e-05
7.303922e-01 7.352941e-02 1.682297e-05
7.401961e-01 7.352941e-02 1.171163e-05
7.500000e-01 7.352941e-02 8.106633e-06
7.598039e-01 7.352941e-02 5.595741e-06
7.696078e-01 7.352941e-02 3.879086e-06
7.794118e-01 7.352941e-02 2.744343e-06
7.892157e-01 7.352941e-02 2.048391e-06
7.990196e-01 7.352941e-02 1.704763e-06
8.088235e-01 7.352941e-02 1.676419e-06
8.186275e-01 7.352941e-02 1.973625e-06
8.284314e-01 7.352941e-02 2.657001e-06
8.382353e-01 7.352941e-02 3.846099e-06
8.480392e-01 7.352941e-02 5.734185e-06
8.578431e-01 7.352941e-02 8.610177e-06
8.676471e-01 7.352941e-02 1.288895e-05
8.774510e-01 7.352941e-02 1.915148e-05
8.872549e-01 7.352941e-02 2.819628e-05
8.970588e-01 7.352941e-02 4.110378e-05
9.068627e-01 7.352941e-02 5.931492e-05
9.166667e-01 7.352941e-02 8.472477e-05
9.264706e-01 7.352941e-02 1.197915e-04
9.362745e-01 7.352941e-02 1.676595e-04
9.460784e-01 7.352941e-02 2.322946e-04
9.558824e-01 7.352941e-02 3.186267e-04
9.656863e-01 7.352941e-02 4.326934e-04
9.754902e-01 7.352941e-02 5.817763e-04
9.852941e-01 7.352941e-02 7.745173e-04
9.950980e-01 7.352941e-02 1.021002e-03
4.901961e-03 8.333333e-02 9.634085e-04
1.470588e-02 8.333333e-02 1.268266e-03
2.450980e-02 8.333333e-02 1.653290e-03
3.431373e-02 8.333333e-02 2.134254e-03
4.411765e-02 8.333333e-02 2.728477e-03
5.392157e-02 8.333333e-02 3.454540e-03
6.372549e-02 8.333333e-02 4.331855e-03
7.352941e-02 8.333333e-02 5.380081e-03
8.333333e-02 8.333333e-02 6.618387e-03
9.313725e-02 8.333333e-02 8.064564e-03
1.029412e-01 8.333333e-02 9.734002e-03
1.127451e-01 8.333333e-02 1.163858e-02
1.225490e-01 8.333333e-02 1.378552e-02
1.323529e-01 8.333333e-02 1.617618e-02
1.421569e-01 8.333333e-02 1.880504e-02
1.519608e-01 8.333333e-02 2.165875e-02
1.617647e-01 8.333333e-02 2.471545e-02
1.715686e-01 8.333333e-02 2.794438e-02
1.813725e-01 8.333333e-02 3.130589e-02
1.911765e-01 8.333333e-02 3.475184e-02
2.009804e-01 8.333333e-02 3.822647e-02
2.107843e-01 8.333333e-02 4.166769e-02
2.205882e-01 8.333333e-02 4.500881e-02
2.303922e-01 8.333333e-02 4.818062e-02
2.401961e-01 8.333333e-02 5.111375e-02
2.500000e-01 8.333333e-02 5.374119e-02
2.598039e-01 8.333333e-02 5.600082e-02
2.696078e-01 8.333333e-02 5.783787e-02
2.794118e-01 8.333333e-02 5.920716e-02
2.892157e-01 8.333333e-02 6.007490e-02
2.990196e-01 8.333333e-02 6.042014e-02
3.088235e-01 8.333333e-02 6.023556e-02
3.186275e-01 8.333333e-02 5.952772e-02
3.284314e-01 8.333333e-02 5.831672e-02
3.382353e-01 8.333333e-02 5.663524e-02
3.480392e-01 8.333333e-02 5.452710e-02
3.578431e-01 8.333333e-02 5.204536e-02
3.676471e-01 8.333333e-02 4.925015e-02
3.774510e-01 8.333333e-02 4.620624e-02
3.872549e-01 8.333333e-02 4.298066e-02
3.970588e-01 8.333333e-02 3.964024e-02
4.068627e-01 8.333333e-02 3.624947e-02
4.166667e-01 8.333333e-02 3.286853e-02
4.264706e-01 8.333333e-02 2.955178e-02
4.362745e-01 8.333333e-02 2.634647e-02
4.460784e-01 8.333333e-02 2.329204e-02
4.558824e-01 8.333333e-02 2.041972e-02
4.656863e-01 8.333333e-02 1.775252e-02
4.754902e-01 8.333333e-02 1.530553e-02
4.852941e-01 8.333333e-02 1.308656e-02
4.950980e-01 8.333333e-02 1.109690e-02
5.049020e-01 8.333333e-02 9.332266e-03
5.147059e-01 8.333333e-02 7.783801e-03
5.245098e-01 8.333333e-02 6.439105e-03
5.343137e-01 8.333333e-02 5.283216e-03
5.441176e-01 8.333333e-02 4.299519e-03
5.539216e-01 8.333333e-02 3.470563e-03
5.637255e-01 8.333333e-02 2.778739e-03
5.735294e-01 8.333333e-02 2.206850e-03
5.833333e-01 8.333333e-02 1.738540e-03
5.931373e-01 8.333333e-02 1.358601e-03
6.029412e-01 8.333333e-02 1.053184e-03
6.127451e-01 8.333333e-02 8.098985e-04
6.225490e-01 8.333333e-02 6.178450e-04
6.323529e-01 8.333333e-02 4.675844e-04
6.421569e-01 8.333333e-02 3.510595e-04
6.519608e-01 8.333333e-02 2.614871e-04
6.617647e-01 8.333333e-02 1.932313e-04
6.715686e-01 8.333333e-02 1.416677e-04
6.813725e-01 8.333333e-02 1.030480e-04
6.911765e-01 8.333333e-02 7.436944e-05
7.009804e-01 8.333333e-02 5.325373e-05
7.107843e-01 8.333333e-02 3.783813e-05
7.205882e-01 8.333333e-02 2.667971e-05
7.303922e-01 8.333333e-02 1.867288e-05
7.401961e-01 8.333333e-02 1.297998e-05
7.500000e-01 8.333333e-02 8.973975e-06
7.598039e-01 8.333333e-02 6.192027e-06
7.696078e-01 8.333333e-02 4.298834e-06
7.794118e-01 8.333333e-02 3.058539e-06
7.892157e-01 8.333333e-02 2.314186e-06
7.990196e-01 8.333333e-02 1.973941e-06
8.088235e-01 8.333333e-02 2.003561e-06
8.186275e-01 8.333333e-02 2.424903e-06
8.284314e-01 8.333333e-02 3.320619e-06
8.382353e-01 8.333333e-02 4.845518e-06
8.480392e-01 8.333333e-02 7.245460e-06
8.578431e-01 8.333333e-02 1.088498e-05
8.676471e-01 8.333333e-02 1.628515e-05
8.774510e-01 8.333333e-02 2.417337e-05
8.872549e-01 8.333333e-02 3.554710e-05
8.970588e-01 8.333333e-02 5.175311e-05
9.068627e-01 8.333333e-02 7.458397e-05
9.166667e-01 8.333333e-02 1.063927e-04
9.264706e-01 8.333333e-02 1.502256e-04
9.362745e-01 8.333333e-02 2.099715e-04
9.460784e-01 8.333333e-02 2.905253e-04
9.558824e-01 8.333333e-02 3.979586e-04
9.656863e-01 8.333333e-02 5.396914e-04
9.754902e-01 8.333333e-02 7.246514e-04
9.852941e-01 8.333333e-02 9.634085e-04
9.950980e-01 8.333333e-02 1.268266e-03
4.901961e-03 9.313725e-02 1.187055e-03
1.470588e-02 9.313725e-02 1.560534e-03
2.450980e-02 9.313725e-02 2.031481e-03
3.431373e-02 9.313725e-02 2.618839e-03
4.411765e-02 9.313725e-02 3.343336e-03
5.392157e-02 9.313725e-02 4.227126e-03
6.372549e-02 9.313725e-02 5.293246e-03
7.352941e-02 9.313725e-02 6.564902e-03
8.333333e-02 9.313725e-02 8.064564e-03
9.313725e-02 9.313725e-02 9.812887e-03
1.029412e-01 9.313725e-02 1.182749e-02
1.127451e-01 9.313725e-02 1.412162e-02
1.225490e-01 9.313725e-02 1.670277e-02
1.323529e-01 9.313725e-02 1.957133e-02
1.421569e-01 9.313725e-02 2.271934e-02
1.519608e-01 9.313725e-02 2.612941e-02
1.617647e-01 9.313725e-02 2.977403e-02
1.715686e-01 9.313725e-02 3.361510e-02
1.813725e-01 9.313725e-02 3.760405e-02
1.911765e-01 9.313725e-02 4.168243e-02
2.009804e-01 9.313725e-02 4.578298e-02
2.107843e-01 9.313725e-02 4.983124e-02
2.205882e-01 9.313725e-02 5.374774e-02
2.303922e-01 9.313725e-02 5.745045e-02
2.401961e-01 9.313725e-02 6.085764e-02
2.500000e-01 9.313725e-02 6.389087e-02
2.598039e-01 9.313725e-02 6.647801e-02
2.696078e-01 9.313725e-02 6.855608e-02
2.794118e-01 9.313725e-02 7.007383e-02
2.892157e-01 9.313725e-02 7.099384e-02
2.990196e-01 9.313725e-02 7.129404e-02
3.088235e-01 9.313725e-02 7.096860e-02
3.186275e-01 9.313725e-02 7.002808e-02
3.284314e-01 9.313725e-02 6.849892e-02
3.382353e-01 9.313725e-02 6.642216e-02
3.480392e-01 9.313725e-02 6.385165e-02
3.578431e-01 9.313725e-02 6.085177e-02
3.676471e-01 9.313725e-02 5.749474e-02
3.774510e-01 9.313725e-02 5.385780e-02
3.872549e-01 9.313725e-02 5.002030e-02
3.970588e-01 9.313725e-02 4.606093e-02
4.068627e-01 9.313725e-02 4.205515e-02
4.166667e-01 9.313725e-02 3.807299e-02
4.264706e-01 9.313725e-02 3.417726e-02
4.362745e-01 9.313725e-02 3.042222e-02
4.460784e-01 9.313725e-02 2.685276e-02
4.558824e-01 9.313725e-02 2.350402e-02
4.656863e-01 9.313725e-02 2.040145e-02
4.754902e-01 9.313725e-02 1.756128e-02
4.852941e-01 9.313725e-02 1.499125e-02
4.950980e-01 9.313725e-02 1.269161e-02
5.049020e-01 9.313725e-02 1.065620e-02
5.147059e-01 9.313725e-02 8.873716e-03
5.245098e-01 9.313725e-02 7.328847e-03
5.343137e-01 9.313725e-02 6.003475e-03
5.441176e-01 9.313725e-02 4.877716e-03
5.539216e-01 9.313725e-02 3.930851e-03
5.637255e-01 9.313725e-02 3.142118e-03
5.735294e-01 9.313725e-02 2.491343e-03
5.833333e-01 9.313725e-02 1.959427e-03
5.931373e-01 9.313725e-02 1.528687e-03
6.029412e-01 9.313725e-02 1.183070e-03
6.127451e-01 9.313725e-02 9.082688e-04
6.225490e-01 9.313725e-02 6.917336e-04
6.323529e-01 9.313725e-02 5.226282e-04
6.421569e-01 9.313725e-02 3.917283e-04
6.519608e-01 9.313725e-02 2.912888e-04
6.617647e-01 9.313725e-02 2.148909e-04
6.715686e-01 9.313725e-02 1.572811e-04
6.813725e-01 9.313725e-02 1.142113e-04
6.911765e-01 9.313725e-02 8.228598e-05
7.009804e-01 9.313725e-02 5.882241e-05
7.107843e-01 9.313725e-02 4.172402e-05
7.205882e-01 9.313725e-02 2.937039e-05
7.303922e-01 9.313725e-02 2.052279e-05
7.401961e-01 9.313725e-02 1.424493e-05
7.500000e-01 9.313725e-02 9.837731e-06
7.598039e-01 9.313725e-02 6.786810e-06
7.696078e-01 9.313725e-02 4.721143e-06
7.794118e-01 9.313725e-02 3.381637e-06
7.892157e-01 9.313725e-02 2.598392e-06
7.990196e-01 9.313725e-02 2.275799e-06
8.088235e-01 9.313725e-02 2.384902e-06
8.186275e-01 9.313725e-02 2.962867e-06
8.284314e-01 9.313725e-02 4.119775e-06
8.382353e-01 9.313725e-02 6.053411e-06
8.480392e-01 9.313725e-02 9.073110e-06
8.578431e-01 9.313725e-02 1.363416e-05
8.676471e-01 9.313725e-02 2.038459e-05
8.774510e-01 9.313725e-02 3.022643e-05
8.872549e-01 9.313725e-02 4.439370e-05
8.970588e-01 9.313725e-02 6.454914e-05
9.068627e-01 9.313725e-02 9.290162e-05
9.166667e-01 9.313725e-02 1.323449e-04
9.264706e-01 9.313725e-02 1.866181e-04
9.362745e-01 9.313725e-02 2.604849e-04
9.460784e-01 9.313725e-02 3.599290e-04
9.558824e-01 9.313725e-02 4.923570e-04
9.656863e-01 9.313725e-02 6.667996e-04
9.754902e-01 9.313725e-02 8.940977e-04
9.852941e-01 9.313725e-02 1.187055e-03
9.950980e-01 9.313725e-02 1.560534e-03
4.901961e-03 1.029412e-01 1.448867e-03
1.470588e-02 1.029412e-01 1.902093e-03
2.450980e-02 1.029412e-01 2.472693e-03
3.431373e-02 1.029412e-01 3.183195e-03
4.411765e-02 1.029412e-01 4.058165e-03
5.392157e-02 1.029412e-01 5.123752e-03
6.372549e-02 1.029412e-01 6.407022e-03
7.352941e-02 1.029412e-01 7.935085e-03
8.333333e-02 1.029412e-01 9.734002e-03
9.313725e-02 1.029412e-01 1.182749e-02
1.029412e-01 1.029412e-01 1.423546e-02
1.127451e-01 1.029412e-01 1.697245e-02
1.225490e-01 1.029412e-01 2.004599e-02
1.323529e-01 1.029412e-01 2.345505e-02
1.421569e-01 1.029412e-01 2.718858e-02
1.519608e-01 1.029412e-01 3.122435e-02
1.617647e-01 1.029412e-01 3.552810e-02
1.715686e-01 1.029412e-01 4.005322e-02
1.813725e-01 1.029412e-01 4.474085e-02
1.911765e-01 1.029412e-01 4.952074e-02
2.009804e-01 1.029412e-01 5.431259e-02
2.107843e-01 1.029412e-01 5.902806e-02
2.205882e-01 1.029412e-01 6.357337e-02
2.303922e-01 1.029412e-01 6.785230e-02
2.401961e-01 1.029412e-01 7.176956e-02
2.500000e-01 1.029412e-01 7.523431e-02
2.598039e-01 1.029412e-01 7.816369e-02
2.696078e-01 1.029412e-01 8.048609e-02
2.794118e-01 1.029412e-01 8.214411e-02
2.892157e-01 1.029412e-01 8.309691e-02
2.990196e-01 1.029412e-01 8.332186e-02
3.088235e-01 1.029412e-01 8.281546e-02
3.186275e-01 1.029412e-01 8.159337e-02
3.284314e-01 1.029412e-01 7.968961e-02
3.382353e-01 1.029412e-01 7.715502e-02
3.480392e-01 1.029412e-01 7.405503e-02
3.578431e-01 1.029412e-01 7.046683e-02
3.676471e-01 1.029412e-01 6.647627e-02
3.774510e-01 1.029412e-01 6.217447e-02
3.872549e-01 1.029412e-01 5.765443e-02
3.970588e-01 1.029412e-01 5.300781e-02
4.068627e-01 1.029412e-01 4.832202e-02
4.166667e-01 1.029412e-01 4.367768e-02
4.264706e-01 1.029412e-01 3.914663e-02
4.362745e-01 1.029412e-01 3.479049e-02
4.460784e-01 1.029412e-01 3.065978e-02
4.558824e-01 1.029412e-01 2.679357e-02
4.656863e-01 1.029412e-01 2.321965e-02
4.754902e-01 1.029412e-01 1.995515e-02
4.852941e-01 1.029412e-01 1.700744e-02
4.950980e-01 1.029412e-01 1.437533e-02
5.049020e-01 1.029412e-01 1.205040e-02
5.147059e-01 1.029412e-01 1.001845e-02
5.245098e-01 1.029412e-01 8.260843e-03
5.343137e-01 1.029412e-01 6.755899e-03
5.441176e-01 1.029412e-01 5.480076e-03
5.539216e-01 1.029412e-01 4.409042e-03
5.637255e-01 1.029412e-01 3.518565e-03
5.735294e-01 1.029412e-01 2.785223e-03
5.833333e-01 1.029412e-01 2.186940e-03
5.931373e-01 1.029412e-01 1.703356e-03
6.029412e-01 1.029412e-01 1.316056e-03
6.127451e-01 1.029412e-01 1.008680e-03
6.225490e-01 1.029412e-01 7.669212e-04
6.323529e-01 1.029412e-01 5.784628e-04
6.421569e-01 1.029412e-01 4.328488e-04
6.519608e-01 1.029412e-01 3.213230e-04
6.617647e-01 1.029412e-01 2.366468e-04
6.715686e-01 1.029412e-01 1.729107e-04
6.813725e-01 1.029412e-01 1.253472e-04
6.911765e-01 1.029412e-01 9.015526e-05
7.009804e-01 1.029412e-01 6.433795e-05
7.107843e-01 1.029412e-01 4.555882e-05
7.205882e-01 1.029412e-01 3.201608e-05
7.303922e-01 1.029412e-01 2.233552e-05
7.401961e-01 1.029412e-01 1.548092e-05
7.500000e-01 1.029412e-01 1.068066e-05
7.598039e-01 1.029412e-01 7.368834e-06
7.696078e-01 1.029412e-01 5.139189e-06
7.794118e-01 1.029412e-01 3.710305e-06
7.892157e-01 1.029412e-01 2.900760e-06
7.990196e-01 1.029412e-01 2.613250e-06
8.088235e-01 1.029412e-01 2.827121e-06
8.186275e-01 1.029412e-01 3.599168e-06
8.284314e-01 1.029412e-01 5.073069e-06
8.382353e-01 1.029412e-01 7.498303e-06
8.480392e-01 1.029412e-01 1.125989e-05
8.578431e-01 1.029412e-01 1.692077e-05
8.676471e-01 1.029412e-01 2.527905e-05
8.774510e-01 1.029412e-01 3.744260e-05
8.872549e-01 1.029412e-01 5.492360e-05
8.970588e-01 1.029412e-01 7.975545e-05
9.068627e-01 1.029412e-01 1.146341e-04
9.166667e-01 1.029412e-01 1.630848e-04
9.264706e-01 1.029412e-01 2.296531e-04
9.362745e-01 1.029412e-01 3.201192e-04
9.460784e-01 1.029412e-01 4.417279e-04
9.558824e-01 1.029412e-01 6.034279e-04
9.656863e-01 1.029412e-01 8.161057e-04
9.754902e-01 1.029412e-01 1.092799e-03
9.852941e-01 1.029412e-01 1.448867e-03
9.950980e-01 1.029412e-01 1.902093e-03
4.901961e-03 1.127451e-01 1.751863e-03
1.470588e-02 1.127451e-01 2.296689e-03
2.450980e-02 1.127451e-01 2.981520e-03
3.431373e-02 1.127451e-01 3.832886e-03
4.411765e-02 1.127451e-01 4.879615e-03
5.392157e-02 1.127451e-01 6.152266e-03
6.372549e-02 1.127451e-01 7.682322e-03
7.352941e-02 1.127451e-01 9.501127e-03
8.333333e-02 1.127451e-01 1.163858e-02
9.313725e-02 1.127451e-01 1.412162e-02
1.029412e-01 1.127451e-01 1.697245e-02
1.127451e-01 1.127451e-01 2.020675e-02
1.225490e-01 1.127451e-01 2.383178e-02
1.323529e-01 1.127451e-01 2.784455e-02
1.421569e-01 1.127451e-01 3.223021e-02
1.519608e-01 1.127451e-01 3.696074e-02
1.617647e-01 1.127451e-01 4.199406e-02
1.715686e-01 1.127451e-01 4.727372e-02
1.813725e-01 1.127451e-01 5.272918e-02
1.911765e-01 1.127451e-01 5.827687e-02
2.009804e-01 1.127451e-01 6.382191e-02
2.107843e-01 1.127451e-01 6.926054e-02
2.205882e-01 1.127451e-01 7.448325e-02
2.303922e-01 1.127451e-01 7.937831e-02
2.401961e-01 1.127451e-01 8.383578e-02
2.500000e-01 1.127451e-01 8.775156e-02
2.598039e-01 1.127451e-01 9.103147e-02
2.696078e-01 1.127451e-01 9.359505e-02
2.794118e-01 1.127451e-01 9.537882e-02
2.892157e-01 1.127451e-01 9.633891e-02
2.990196e-01 1.127451e-01 9.645286e-02
3.088235e-01 1.127451e-01 9.572046e-02
3.186275e-01 1.127451e-01 9.416366e-02
3.284314e-01 1.127451e-01 9.182547e-02
3.382353e-01 1.127451e-01 8.876803e-02
3.480392e-01 1.127451e-01 8.506986e-02
3.578431e-01 1.127451e-01 8.082257e-02
3.676471e-01 1.127451e-01 7.612709e-02
3.774510e-01 1.127451e-01 7.108979e-02
3.872549e-01 1.127451e-01 6.581855e-02
3.970588e-01 1.127451e-01 6.041905e-02
4.068627e-01 1.127451e-01 5.499149e-02
4.166667e-01 1.127451e-01 4.962770e-02
4.264706e-01 1.127451e-01 4.440901e-02
4.362745e-01 1.127451e-01 3.940465e-02
4.460784e-01 1.127451e-01 3.467080e-02
4.558824e-01 1.127451e-01 3.025041e-02
4.656863e-01 1.127451e-01 2.617340e-02
4.754902e-01 1.127451e-01 2.245749e-02
4.852941e-01 1.127451e-01 1.910930e-02
4.950980e-01 1.127451e-01 1.612579e-02
5.049020e-01 1.127451e-01 1.349585e-02
5.147059e-01 1.127451e-01 1.120192e-02
5.245098e-01 1.127451e-01 9.221630e-03
5.343137e-01 1.127451e-01 7.529319e-03
5.441176e-01 1.127451e-01 6.097420e-03
5.539216e-01 1.127451e-01 4.897661e-03
5.637255e-01 1.127451e-01 3.902051e-03
5.735294e-01 1.127451e-01 3.083672e-03
5.833333e-01 1.127451e-01 2.417262e-03
5.931373e-01 1.127451e-01 1.879614e-03
6.029412e-01 1.127451e-01 1.449814e-03
6.127451e-01 1.127451e-01 1.109337e-03
6.225490e-01 1.127451e-01 8.420370e-04
6.323529e-01 1.127451e-01 6.340508e-04
6.421569e-01 1.127451e-01 4.736427e-04
6.519608e-01 1.127451e-01 3.510106e-04
6.617647e-01 1.127451e-01 2.580721e-04
6.715686e-01 1.127451e-01 1.882444e-04
6.813725e-01 1.127451e-01 1.362301e-04
6.911765e-01 1.127451e-01 9.781518e-05
7.009804e-01 1.127451e-01 6.968502e-05
7.107843e-01 1.127451e-01 4.926122e-05
7.205882e-01 1.127451e-01 3.456000e-05
7.303922e-01 1.127451e-01 2.407180e-05
7.401961e-01 1.127451e-01 1.666114e-05
7.500000e-01 1.127451e-01 1.148478e-05
7.598039e-01 1.127451e-01 7.926448e-06
7.696078e-01 1.127451e-01 5.545963e-06
7.794118e-01 1.127451e-01 4.041162e-06
7.892157e-01 1.127451e-01 3.221072e-06
7.990196e-01 1.127451e-01 2.989294e-06
8.088235e-01 1.127451e-01 3.337012e-06
8.186275e-01 1.127451e-01 4.345579e-06
8.284314e-01 1.127451e-01 6.199182e-06
8.382353e-01 1.127451e-01 9.208671e-06
8.480392e-01 1.127451e-01 1.384822e-05
8.578431e-01 1.127451e-01 2.080700e-05
8.676471e-01 1.127451e-01 3.105849e-05
8.774510e-01 1.127451e-01 4.595042e-05
8.872549e-01 1.127451e-01 6.731828e-05
8.970588e-01 1.127451e-01 9.762529e-05
9.068627e-01 1.127451e-01 1.401309e-04
9.166667e-01 1.127451e-01 1.990886e-04
9.264706e-01 1.127451e-01 2.799728e-04
9.362745e-01 1.127451e-01 3.897301e-04
9.460784e-01 1.127451e-01 5.370493e-04
9.558824e-01 1.127451e-01 7.326394e-04
9.656863e-01 1.127451e-01 9.894988e-04
9.754902e-01 1.127451e-01 1.323157e-03
9.852941e-01 1.127451e-01 1.751863e-03
9.950980e-01 1.127451e-01 2.296689e-03
4.901961e-03 1.225490e-01 2.098466e-03
1.470588e-02 1.225490e-01 2.747267e-03
2.450980e-02 1.225490e-01 3.561487e-03
3.431373e-02 1.225490e-01 4.572068e-03
4.411765e-02 1.225490e-01 5.812509e-03
5.392157e-02 1.225490e-01 7.318169e-03
6.372549e-02 1.225490e-01 9.125297e-03
7.352941e-02 1.225490e-01 1.126976e-02
8.333333e-02 1.225490e-01 1.378552e-02
9.313725e-02 1.225490e-01 1.670277e-02
1.029412e-01 1.225490e-01 2.004599e-02
1.127451e-01 1.225490e-01 2.383178e-02
1.225490e-01 1.225490e-01 2.806670e-02
1.323529e-01 1.225490e-01 3.274521e-02
1.421569e-01 1.225490e-01 3.784786e-02
1.519608e-01 1.225490e-01 4.333986e-02
1.617647e-01 1.225490e-01 4.917011e-02
1.715686e-01 1.225490e-01 5.527101e-02
1.813725e-01 1.225490e-01 6.155891e-02
1.911765e-01 1.225490e-01 6.793541e-02
2.009804e-01 1.225490e-01 7.428956e-02
2.107843e-01 1.225490e-01 8.050073e-02
2.205882e-01 1.225490e-01 8.644230e-02
2.303922e-01 1.225490e-01 9.198591e-02
2.401961e-01 1.225490e-01 9.700596e-02
2.500000e-01 1.225490e-01 1.013844e-01
2.598039e-01 1.225490e-01 1.050155e-01
2.696078e-01 1.225490e-01 1.078098e-01
2.794118e-01 1.225490e-01 1.096979e-01
2.892157e-01 1.225490e-01 1.106336e-01
2.990196e-01 1.225490e-01 1.105955e-01
3.088235e-01 1.225490e-01 1.095878e-01
3.186275e-01 1.225490e-01 1.076399e-01
3.284314e-01 1.225490e-01 1.048055e-01
3.382353e-01 1.225490e-01 1.011593e-01
3.480392e-01 1.225490e-01 9.679469e-02
3.578431e-01 1.225490e-01 9.181907e-02
3.676471e-01 1.225490e-01 8.634988e-02
3.774510e-01 1.225490e-01 8.051002e-02
3.872549e-01 1.225490e-01 7.442333e-02
3.970588e-01 1.225490e-01 6.821042e-02
4.068627e-01 1.225490e-01 6.198494e-02
4.166667e-01 1.225490e-01 5.585045e-02
4.264706e-01 1.225490e-01 4.989803e-02
4.362745e-01 1.225490e-01 4.420458e-02
4.460784e-01 1.225490e-01 3.883195e-02
4.558824e-01 1.225490e-01 3.382673e-02
4.656863e-01 1.225490e-01 2.922068e-02
4.754902e-01 1.225490e-01 2.503171e-02
4.852941e-01 1.225490e-01 2.126528e-02
4.950980e-01 1.225490e-01 1.791606e-02
5.049020e-01 1.225490e-01 1.496975e-02
5.147059e-01 1.225490e-01 1.240503e-02
5.245098e-01 1.225490e-01 1.019534e-02
5.343137e-01 1.225490e-01 8.310672e-03
5.441176e-01 1.225490e-01 6.719100e-03
5.539216e-01 1.225490e-01 5.388105e-03
5.637255e-01 1.225490e-01 4.285688e-03
5.735294e-01 1.225490e-01 3.381224e-03
5.833333e-01 1.225490e-01 2.646095e-03
5.931373e-01 1.225490e-01 2.054114e-03
6.029412e-01 1.225490e-01 1.581758e-03
6.127451e-01 1.225490e-01 1.208261e-03
6.225490e-01 1.225490e-01 9.155794e-04
6.323529e-01 1.225490e-01 6.882629e-04
6.421569e-01 1.225490e-01 5.132684e-04
6.519608e-01 1.225490e-01 3.797302e-04
6.617647e-01 1.225490e-01 2.787116e-04
6.715686e-01 1.225490e-01 2.029520e-04
6.813725e-01 1.225490e-01 1.466222e-04
6.911765e-01 1.225490e-01 1.050963e-04
7.009804e-01 1.225490e-01 7.474383e-05
7.107843e-01 1.225490e-01 5.274733e-05
7.205882e-01 1.225490e-01 3.694393e-05
7.303922e-01 1.225490e-01 2.569166e-05
7.401961e-01 1.225490e-01 1.775848e-05
7.500000e-01 1.225490e-01 1.223207e-05
7.598039e-01 1.225490e-01 8.448050e-06
7.696078e-01 1.225490e-01 5.934546e-06
7.794118e-01 1.225490e-01 4.370913e-06
7.892157e-01 1.225490e-01 3.559169e-06
7.990196e-01 1.225490e-01 3.406922e-06
8.088235e-01 1.225490e-01 3.921249e-06
8.186275e-01 1.225490e-01 5.213559e-06
8.284314e-01 1.225490e-01 7.516149e-06
8.382353e-01 1.225490e-01 1.121181e-05
8.480392e-01 1.225490e-01 1.687847e-05
8.578431e-01 1.225490e-01 2.535156e-05
8.676471e-01 1.225490e-01 3.780713e-05
8.774510e-01 1.225490e-01 5.586915e-05
8.872549e-01 1.225490e-01 8.174460e-05
8.970588e-01 1.225490e-01 1.183893e-04
9.068627e-01 1.225490e-01 1.697067e-04
9.166667e-01 1.225490e-01 2.407813e-04
9.264706e-01 1.225490e-01 3.381433e-04
9.362745e-01 1.225490e-01 4.700625e-04
9.460784e-01 1.225490e-01 6.468612e-04
9.558824e-01 1.225490e-01 8.812332e-04
9.656863e-01 1.225490e-01 1.188551e-03
9.754902e-01 1.225490e-01 1.587137e-03
9.852941e-01 1.225490e-01 2.098466e-03
9.950980e-01 1.225490e-01 2.747267e-03
4.901961e-03 1.323529e-01 2.490288e-03
1.470588e-02 1.323529e-01 3.255694e-03
2.450980e-02 1.323529e-01 4.214704e-03
3.431373e-02 1.323529e-01 5.403057e-03
4.411765e-02 1.323529e-01 6.859298e-03
5.392157e-02 1.323529e-01 8.623940e-03
6.372549e-02 1.323529e-01 1.073830e-02
7.352941e-02 1.323529e-01 1.324301e-02
8.333333e-02 1.323529e-01 1.617618e-02
9.313725e-02 1.323529e-01 1.957133e-02
1.029412e-01 1.323529e-01 2.345505e-02
1.127451e-01 1.323529e-01 2.784455e-02
1.225490e-01 1.323529e-01 3.274521e-02
1.323529e-01 1.323529e-01 3.814827e-02
1.421569e-01 1.323529e-01 4.402882e-02
1.519608e-01 1.323529e-01 5.034422e-02
1.617647e-01 1.323529e-01 5.703318e-02
1.715686e-01 1.323529e-01 6.401563e-02
1.813725e-01 1.323529e-01 7.119337e-02
1.911765e-01 1.323529e-01 7.845179e-02
2.009804e-01 1.323529e-01 8.566240e-02
2.107843e-01 1.323529e-01 9.268639e-02
2.205882e-01 1.323529e-01 9.937888e-02
2.303922e-01 1.323529e-01 1.055938e-01
2.401961e-01 1.323529e-01 1.111893e-01
2.500000e-01 1.323529e-01 1.160329e-01
2.598039e-01 1.323529e-01 1.200070e-01
2.696078e-01 1.323529e-01 1.230133e-01
2.794118e-01 1.323529e-01 1.249773e-01
2.892157e-01 1.323529e-01 1.258511e-01
2.990196e-01 1.323529e-01 1.256151e-01
3.088235e-01 1.323529e-01 1.242794e-01
3.186275e-01 1.323529e-01 1.218823e-01
3.284314e-01 1.323529e-01 1.184894e-01
3.382353e-01 1.323529e-01 1.141900e-01
3.480392e-01 1.323529e-01 1.090932e-01
3.578431e-01 1.323529e-01 1.033240e-01
3.676471e-01 1.323529e-01 9.701745e-02
3.774510e-01 1.323529e-01 9.031416e-02
3.872549e-01 1.323529e-01 8.335482e-02
3.970588e-01 1.323529e-01 7.627565e-02
4.068627e-01 1.323529e-01 6.920426e-02
4.166667e-01 1.323529e-01 6.225622e-02
4.264706e-01 1.323529e-01 5.553243e-02
4.362745e-01 1.323529e-01 4.911744e-02
4.460784e-01 1.323529e-01 4.307852e-02
4.558824e-01 1.323529e-01 3.746559e-02
4.656863e-01 1.323529e-01 3.231183e-02
4.754902e-01 1.323529e-01 2.763494e-02
4.852941e-01 1.323529e-01 2.343872e-02
4.950980e-01 1.323529e-01 1.971504e-02
5.049020e-01 1.323529e-01 1.644600e-02
5.147059e-01 1.323529e-01 1.360603e-02
5.245098e-01 1.323529e-01 1.116404e-02
5.343137e-01 1.323529e-01 9.085319e-03
5.441176e-01 1.323529e-01 7.333259e-03
5.539216e-01 1.323529e-01 5.870861e-03
5.637255e-01 1.323529e-01 4.661911e-03
5.735294e-01 1.323529e-01 3.671918e-03
5.833333e-01 1.323529e-01 2.868785e-03
5.931373e-01 1.323529e-01 2.223250e-03
6.029412e-01 1.323529e-01 1.709121e-03
6.127451e-01 1.323529e-01 1.303349e-03
6.225490e-01 1.323529e-01 9.859638e-04
6.323529e-01 1.323529e-01 7.399155e-04
6.421569e-01 1.323529e-01 5.508495e-04
6.519608e-01 1.323529e-01 4.068386e-04
6.617647e-01 1.323529e-01 2.980977e-04
6.715686e-01 1.323529e-01 2.166962e-04
6.813725e-01 1.323529e-01 1.562826e-04
6.911765e-01 1.323529e-01 1.118279e-04
7.009804e-01 1.323529e-01 7.939459e-05
7.107843e-01 1.323529e-01 5.593382e-05
7.205882e-01 1.323529e-01 3.911046e-05
7.303922e-01 1.323529e-01 2.715596e-05
7.401961e-01 1.323529e-01 1.874663e-05
7.500000e-01 1.323529e-01 1.290514e-05
7.598039e-01 1.323529e-01 8.922553e-06
7.696078e-01 1.323529e-01 6.298393e-06
7.794118e-01 1.323529e-01 4.696490e-06
7.892157e-01 1.323529e-01 3.914952e-06
7.990196e-01 1.323529e-01 3.868987e-06
8.088235e-01 1.323529e-01 4.586083e-06
8.186275e-01 1.323529e-01 6.213718e-06
8.284314e-01 1.323529e-01 9.040506e-06
8.382353e-01 1.323529e-01 1.353247e-05
8.480392e-01 1.323529e-01 2.038685e-05
8.578431e-01 1.323529e-01 3.060655e-05
8.676471e-01 1.323529e-01 4.559880e-05
8.774510e-01 1.323529e-01 6.730205e-05
8.872549e-01 1.323529e-01 9.834504e-05
8.970588e-01 1.323529e-01 1.422414e-04
9.068627e-01 1.323529e-01 2.036224e-04
9.166667e-01 1.323529e-01 2.885082e-04
9.264706e-01 1.323529e-01 4.046158e-04
9.362745e-01 1.323529e-01 5.616976e-04
9.460784e-01 1.323529e-01 7.719007e-04
9.558824e-01 1.323529e-01 1.050130e-03
9.656863e-01 1.323529e-01 1.414394e-03
9.754902e-01 1.323529e-01 1.886103e-03
9.852941e-01 1.323529e-01 2.490288e-03
9.950980e-01 1.323529e-01 3.255694e-03
4.901961e-03 1.421569e-01 2.927917e-03
1.470588e-02 1.421569e-01 3.822484e-03
2.450980e-02 1.421569e-01 4.941518e-03
3.431373e-02 1.421569e-01 6.325896e-03
4.411765e-02 1.421569e-01 8.019539e-03
5.392157e-02 1.421569e-01 1.006840e-02
6.372549e-02 1.421569e-01 1.251912e-02
7.352941e-02 1.421569e-01 1.541721e-02
8.333333e-02 1.421569e-01 1.880504e-02
9.313725e-02 1.421569e-01 2.271934e-02
1.029412e-01 1.421569e-01 2.718858e-02
1.127451e-01 1.421569e-01 3.223021e-02
1.225490e-01 1.421569e-01 3.784786e-02
1.323529e-01 1.421569e-01 4.402882e-02
1.421569e-01 1.421569e-01 5.074177e-02
1.519608e-01 1.421569e-01 5.793519e-02
1.617647e-01 1.421569e-01 6.553641e-02
1.715686e-01 1.421569e-01 7.345157e-02
1.813725e-01 1.421569e-01 8.156663e-02
1.911765e-01 1.421569e-01 8.974941e-02
2.009804e-01 1.421569e-01 9.785266e-02
2.107843e-01 1.421569e-01 1.057182e-01
2.205882e-01 1.421569e-01 1.131820e-01
2.303922e-01 1.421569e-01 1.200796e-01
2.401961e-01 1.421569e-01 1.262521e-01
2.500000e-01 1.421569e-01 1.315527e-01
2.598039e-01 1.421569e-01 1.358520e-01
2.696078e-01 1.421569e-01 1.390434e-01
2.794118e-01 1.421569e-01 1.410477e-01
2.892157e-01 1.421569e-01 1.418164e-01
2.990196e-01 1.421569e-01 1.413331e-01
3.088235e-01 1.421569e-01 1.396147e-01
3.186275e-01 1.421569e-01 1.367102e-01
3.284314e-01 1.421569e-01 1.326985e-01
3.382353e-01 1.421569e-01 1.276845e-01
3.480392e-01 1.421569e-01 1.217950e-01
3.578431e-01 1.421569e-01 1.151735e-01
3.676471e-01 1.421569e-01 1.079739e-01
3.774510e-01 1.421569e-01 1.003553e-01
3.872549e-01 1.421569e-01 9.247591e-02
3.970588e-01 1.421569e-01 8.448799e-02
4.068627e-01 1.421569e-01 7.653339e-02
4.166667e-01 1.421569e-01 6.873973e-02
4.264706e-01 1.421569e-01 6.121764e-02
4.362745e-01 1.421569e-01 5.405905e-02
4.460784e-01 1.421569e-01 4.733627e-02
4.558824e-01 1.421569e-01 4.110212e-02
4.656863e-01 1.421569e-01 3.539074e-02
4.754902e-01 1.421569e-01 3.021906e-02
4.852941e-01 1.421569e-01 2.558870e-02
4.950980e-01 1.421569e-01 2.148830e-02
5.049020e-01 1.421569e-01 1.789586e-02
5.147059e-01 1.421569e-01 1.478119e-02
5.245098e-01 1.421569e-01 1.210830e-02
5.343137e-01 1.421569e-01 9.837467e-03
5.441176e-01 1.421569e-01 7.927194e-03
5.539216e-01 1.421569e-01 6.335801e-03
5.637255e-01 1.421569e-01 5.022718e-03
5.735294e-01 1.421569e-01 3.949487e-03
5.833333e-01 1.421569e-01 3.080467e-03
5.931373e-01 1.421569e-01 2.383283e-03
6.029412e-01 1.421569e-01 1.829055e-03
6.127451e-01 1.421569e-01 1.392448e-03
6.225490e-01 1.421569e-01 1.051578e-03
6.323529e-01 1.421569e-01 7.878123e-04
6.421569e-01 1.421569e-01 5.855064e-04
6.519608e-01 1.421569e-01 4.316947e-04
6.617647e-01 1.421569e-01 3.157672e-04
6.715686e-01 1.421569e-01 2.291456e-04
6.813725e-01 1.421569e-01 1.649762e-04
6.911765e-01 1.421569e-01 1.178447e-04
7.009804e-01 1.421569e-01 8.352218e-05
7.107843e-01 1.421569e-01 5.874124e-05
7.205882e-01 1.421569e-01 4.100532e-05
7.303922e-01 1.421569e-01 2.842802e-05
7.401961e-01 1.421569e-01 1.960109e-05
7.500000e-01 1.421569e-01 1.348797e-05
7.598039e-01 1.421569e-01 9.339841e-06
7.696078e-01 1.421569e-01 6.631596e-06
7.794118e-01 1.421569e-01 5.015168e-06
7.892157e-01 1.421569e-01 4.288367e-06
7.990196e-01 1.421569e-01 4.378028e-06
8.088235e-01 1.421569e-01 5.336984e-06
8.186275e-01 1.421569e-01 7.355210e-06
8.284314e-01 1.421569e-01 1.078631e-05
8.382353e-01 1.421569e-01 1.619139e-05
8.480392e-01 1.421569e-01 2.440319e-05
8.578431e-01 1.421569e-01 3.661406e-05
8.676471e-01 1.421569e-01 5.449198e-05
8.774510e-01 1.421569e-01 8.032909e-05
8.872549e-01 1.421569e-01 1.172272e-04
8.970588e-01 1.421569e-01 1.693241e-04
9.068627e-01 1.421569e-01 2.420631e-04
9.166667e-01 1.421569e-01 3.425060e-04
9.264706e-01 1.421569e-01 4.796866e-04
9.362745e-01 1.421569e-01 6.649982e-04
9.460784e-01 1.421569e-01 9.126008e-04
9.558824e-01 1.421569e-01 1.239831e-03
9.656863e-01 1.421569e-01 1.667585e-03
9.754902e-01 1.421569e-01 2.220647e-03
9.852941e-01 1.421569e-01 2.927917e-03
9.950980e-01 1.421569e-01 3.822484e-03
4.901961e-03 1.519608e-01 3.410709e-03
1.470588e-02 1.519608e-01 4.446545e-03
2.450980e-02 1.519608e-01 5.740194e-03
3.431373e-02 1.519608e-01 7.337962e-03
4.411765e-02 1.519608e-01 9.289408e-03
5.392157e-02 1.519608e-01 1.164615e-02
6.372549e-02 1.519608e-01 1.446028e-02
7.352941e-02 1.519608e-01 1.778230e-02
8.333333e-02 1.519608e-01 2.165875e-02
9.313725e-02 1.519608e-01 2.612941e-02
1.029412e-01 1.519608e-01 3.122435e-02
1.127451e-01 1.519608e-01 3.696074e-02
1.225490e-01 1.519608e-01 4.333986e-02
1.323529e-01 1.519608e-01 5.034422e-02
1.421569e-01 1.519608e-01 5.793519e-02
1.519608e-01 1.519608e-01 6.605131e-02
1.617647e-01 1.519608e-01 7.460735e-02
1.715686e-01 1.519608e-01 8.349451e-02
1.813725e-01 1.519608e-01 9.258170e-02
1.911765e-01 1.519608e-01 1.017180e-01
2.009804e-01 1.519608e-01 1.107364e-01
2.107843e-01 1.519608e-01 1.194584e-01
2.205882e-01 1.519608e-01 1.277002e-01
2.303922e-01 1.519608e-01 1.352783e-01
2.401961e-01 1.519608e-01 1.420171e-01
2.500000e-01 1.519608e-01 1.477552e-01
2.598039e-01 1.519608e-01 1.523517e-01
2.696078e-01 1.519608e-01 1.556927e-01
2.794118e-01 1.519608e-01 1.576952e-01
2.892157e-01 1.519608e-01 1.583109e-01
2.990196e-01 1.519608e-01 1.575282e-01
3.088235e-01 1.519608e-01 1.553723e-01
3.186275e-01 1.519608e-01 1.519041e-01
3.284314e-01 1.519608e-01 1.472170e-01
3.382353e-01 1.519608e-01 1.414333e-01
3.480392e-01 1.519608e-01 1.346985e-01
3.578431e-01 1.519608e-01 1.271753e-01
3.676471e-01 1.519608e-01 1.190377e-01
3.774510e-01 1.519608e-01 1.104635e-01
3.872549e-01 1.519608e-01 1.016291e-01
3.970588e-01 1.519608e-01 9.270287e-02
4.068627e-01 1.519608e-01 8.384088e-02
4.166667e-01 1.519608e-01 7.518258e-02
4.264706e-01 1.519608e-01 6.684800e-02
4.362745e-01 1.519608e-01 5.893597e-02
4.460784e-01 1.519608e-01 5.152336e-02
4.558824e-01 1.519608e-01 4.466532e-02
4.656863e-01 1.519608e-01 3.839634e-02
4.754902e-01 1.519608e-01 3.273201e-02
4.852941e-01 1.519608e-01 2.767131e-02
4.950980e-01 1.519608e-01 2.319909e-02
5.049020e-01 1.519608e-01 1.928887e-02
5.147059e-01 1.519608e-01 1.590549e-02
5.245098e-01 1.519608e-01 1.300774e-02
5.343137e-01 1.519608e-01 1.055069e-02
5.441176e-01 1.519608e-01 8.487773e-03
5.539216e-01 1.519608e-01 6.772522e-03
5.637255e-01 1.519608e-01 5.359943e-03
5.735294e-01 1.519608e-01 4.207581e-03
5.833333e-01 1.519608e-01 3.276246e-03
5.931373e-01 1.519608e-01 2.530472e-03
6.029412e-01 1.519608e-01 1.938727e-03
6.127451e-01 1.519608e-01 1.473435e-03
6.225490e-01 1.519608e-01 1.110844e-03
6.323529e-01 1.519608e-01 8.307908e-04
6.421569e-01 1.519608e-01 6.163904e-04
6.519608e-01 1.519608e-01 4.536847e-04
6.617647e-01 1.519608e-01 3.312802e-04
6.715686e-01 1.519608e-01 2.399879e-04
6.813725e-01 1.519608e-01 1.724832e-04
6.911765e-01 1.519608e-01 1.229937e-04
7.009804e-01 1.519608e-01 8.702089e-05
7.107843e-01 1.519608e-01 6.109735e-05
7.205882e-01 1.519608e-01 4.257961e-05
7.303922e-01 1.519608e-01 2.947511e-05
7.401961e-01 1.519608e-01 2.030030e-05
7.500000e-01 1.519608e-01 1.396662e-05
7.598039e-01 1.519608e-01 9.691197e-06
7.696078e-01 1.519608e-01 6.929127e-06
7.794118e-01 1.519608e-01 5.324648e-06
7.892157e-01 1.519608e-01 4.679343e-06
7.990196e-01 1.519608e-01 4.936066e-06
8.088235e-01 1.519608e-01 6.178239e-06
8.186275e-01 1.519608e-01 8.645054e-06
8.284314e-01 1.519608e-01 1.276407e-05
8.382353e-01 1.519608e-01 1.920361e-05
8.480392e-01 1.519608e-01 2.894843e-05
8.578431e-01 1.519608e-01 4.340256e-05
8.676471e-01 1.519608e-01 6.452447e-05
8.774510e-01 1.519608e-01 9.499924e-05
8.872549e-01 1.519608e-01 1.384529e-04
8.970588e-01 1.519608e-01 1.997129e-04
9.068627e-01 1.519608e-01 2.851175e-04
9.166667e-01 1.519608e-01 4.028731e-04
9.264706e-01 1.519608e-01 5.634567e-04
9.362745e-01 1.519608e-01 7.800540e-04
9.460784e-01 1.519608e-01 1.069017e-03
9.558824e-01 1.519608e-01 1.450321e-03
9.656863e-01 1.519608e-01 1.947988e-03
9.754902e-01 1.519608e-01 2.590435e-03
9.852941e-01 1.519608e-01 3.410709e-03
9.950980e-01 1.519608e-01 4.446545e-03
4.901961e-03 1.617647e-01 3.936612e-03
1.470588e-02 1.617647e-01 5.124951e-03
2.450980e-02 1.617647e-01 6.606643e-03
3.431373e-02 1.617647e-01 8.433638e-03
4.411765e-02 1.617647e-01 1.066131e-02
5.392157e-02 1.617647e-01 1.334709e-02
6.372549e-02 1.617647e-01 1.654854e-02
7.352941e-02 1.617647e-01 2.032114e-02
8.333333e-02 1.617647e-01 2.471545e-02
9.313725e-02 1.617647e-01 2.977403e-02
1.029412e-01 1.617647e-01 3.552810e-02
1.127451e-01 1.617647e-01 4.199406e-02
1.225490e-01 1.617647e-01 4.917011e-02
1.323529e-01 1.617647e-01 5.703318e-02
1.421569e-01 1.617647e-01 6.553641e-02
1.519608e-01 1.617647e-01 7.460735e-02
1.617647e-01 1.617647e-01 8.414720e-02
1.715686e-01 1.617647e-01 9.403114e-02
1.813725e-01 1.617647e-01 1.041100e-01
1.911765e-01 1.617647e-01 1.142133e-01
2.009804e-01 1.617647e-01 1.241533e-01
2.107843e-01 1.617647e-01 1.337309e-01
2.205882e-01 1.617647e-01 1.427419e-01
2.303922e-01 1.617647e-01 1.509841e-01
2.401961e-01 1.617647e-01 1.582648e-01
2.500000e-01 1.617647e-01 1.644087e-01
2.598039e-01 1.617647e-01 1.692645e-01
2.696078e-01 1.617647e-01 1.727113e-01
2.794118e-01 1.617647e-01 1.746639e-01
2.892157e-01 1.617647e-01 1.750755e-01
2.990196e-01 1.617647e-01 1.739405e-01
3.088235e-01 1.617647e-01 1.712938e-01
3.186275e-01 1.617647e-01 1.672095e-01
3.284314e-01 1.617647e-01 1.617971e-01
3.382353e-01 1.617647e-01 1.551971e-01
3.480392e-01 1.617647e-01 1.475747e-01
3.578431e-01 1.617647e-01 1.391128e-01
3.676471e-01 1.617647e-01 1.300054e-01
3.774510e-01 1.617647e-01 1.204499e-01
3.872549e-01 1.617647e-01 1.106405e-01
3.970588e-01 1.617647e-01 1.007617e-01
4.068627e-01 1.617647e-01 9.098348e-02
4.166667e-01 1.617647e-01 8.145655e-02
4.264706e-01 1.617647e-01 7.230980e-02
4.362745e-01 1.617647e-01 6.364834e-02
4.460784e-01 1.617647e-01 5.555287e-02
4.558824e-01 1.617647e-01 4.808020e-02
4.656863e-01 1.617647e-01 4.126454e-02
4.754902e-01 1.617647e-01 3.511957e-02
4.852941e-01 1.617647e-01 2.964103e-02
4.950980e-01 1.617647e-01 2.480959e-02
5.049020e-01 1.617647e-01 2.059388e-02
5.147059e-01 1.617647e-01 1.695349e-02
5.245098e-01 1.617647e-01 1.384179e-02
5.343137e-01 1.617647e-01 1.120850e-02
5.441176e-01 1.617647e-01 9.001916e-03
5.539216e-01 1.617647e-01 7.170735e-03
5.637255e-01 1.617647e-01 5.665567e-03
5.735294e-01 1.617647e-01 4.440005e-03
5.833333e-01 1.617647e-01 3.451383e-03
5.931373e-01 1.617647e-01 2.661225e-03
6.029412e-01 1.617647e-01 2.035439e-03
6.127451e-01 1.617647e-01 1.544299e-03
6.225490e-01 1.617647e-01 1.162279e-03
6.323529e-01 1.617647e-01 8.677685e-04
6.421569e-01 1.617647e-01 6.427184e-04
6.519608e-01 1.617647e-01 4.722474e-04
6.617647e-01 1.617647e-01 3.442385e-04
6.715686e-01 1.617647e-01 2.489430e-04
6.813725e-01 1.617647e-01 1.786086e-04
6.911765e-01 1.617647e-01 1.271403e-04
7.009804e-01 1.617647e-01 8.979901e-05
7.107843e-01 1.617647e-01 6.294020e-05
7.205882e-01 1.617647e-01 4.379195e-05
7.303922e-01 1.617647e-01 3.026994e-05
7.401961e-01 1.617647e-01 2.082648e-05
7.500000e-01 1.617647e-01 1.432976e-05
7.598039e-01 1.617647e-01 9.969674e-06
7.696078e-01 1.617647e-01 7.187029e-06
7.794118e-01 1.617647e-01 5.623110e-06
7.892157e-01 1.617647e-01 5.087711e-06
7.990196e-01 1.617647e-01 5.544364e-06
8.088235e-01 1.617647e-01 7.112514e-06
8.186275e-01 1.617647e-01 1.008743e-05
8.284314e-01 1.617647e-01 1.497964e-05
8.382353e-01 1.617647e-01 2.257686e-05
8.480392e-01 1.617647e-01 3.403215e-05
8.578431e-01 1.617647e-01 5.098321e-05
8.676471e-01 1.617647e-01 7.570807e-05
8.774510e-01 1.617647e-01 1.113229e-04
8.872549e-01 1.617647e-01 1.620273e-04
8.970588e-01 1.617647e-01 2.334012e-04
9.068627e-01 1.617647e-01 3.327564e-04
9.166667e-01 1.617647e-01 4.695411e-04
9.264706e-01 1.617647e-01 6.557932e-04
9.362745e-01 1.617647e-01 9.066305e-04
9.460784e-01 1.617647e-01 1.240761e-03
9.558824e-01 1.617647e-01 1.680985e-03
9.656863e-01 1.617647e-01 2.254657e-03
9.754902e-01 1.617647e-01 2.994054e-03
9.852941e-01 1.617647e-01 3.936612e-03
9.950980e-01 1.617647e-01 5.124951e-03
4.901961e-03 1.715686e-01 4.502021e-03
1.470588e-02 1.715686e-01 5.852775e-03
2.450980e-02 1.715686e-01 7.534217e-03
3.431373e-02 1.715686e-01 9.604074e-03
4.411765e-02 1.715686e-01 1.212363e-02
5.392157e-02 1.715686e-01 1.515610e-02
6.372549e-02 1.715686e-01 1.876454e-02
7.352941e-02 1.715686e-01 2.300918e-02
8.333333e-02 1.715686e-01 2.794438e-02
9.313725e-02 1.715686e-01 3.361510e-02
1.029412e-01 1.715686e-01 4.005322e-02
1.127451e-01 1.715686e-01 4.727372e-02
1.225490e-01 1.715686e-01 5.527101e-02
1.323529e-01 1.715686e-01 6.401563e-02
1.421569e-01 1.715686e-01 7.345157e-02
1.519608e-01 1.715686e-01 8.349451e-02
1.617647e-01 1.715686e-01 9.403114e-02
1.715686e-01 1.715686e-01 1.049198e-01
1.813725e-01 1.715686e-01 1.159924e-01
1.911765e-01 1.715686e-01 1.270582e-01
2.009804e-01 1.715686e-01 1.379087e-01
2.107843e-01 1.715686e-01 1.483235e-01
2.205882e-01 1.715686e-01 1.580784e-01
2.303922e-01 1.715686e-01 1.669524e-01
2.401961e-01 1.715686e-01 1.747367e-01
2.500000e-01 1.715686e-01 1.812428e-01
2.598039e-01 1.715686e-01 1.863099e-01
2.696078e-01 1.715686e-01 1.898117e-01
2.794118e-01 1.715686e-01 1.916616e-01
2.892157e-01 1.715686e-01 1.918161e-01
2.990196e-01 1.715686e-01 1.902768e-01
3.088235e-01 1.715686e-01 1.870898e-01
3.186275e-01 1.715686e-01 1.823436e-01
3.284314e-01 1.715686e-01 1.761649e-01
3.382353e-01 1.715686e-01 1.687133e-01
3.480392e-01 1.715686e-01 1.601740e-01
3.578431e-01 1.715686e-01 1.507509e-01
3.676471e-01 1.715686e-01 1.406581e-01
3.774510e-01 1.715686e-01 1.301122e-01
3.872549e-01 1.715686e-01 1.193251e-01
3.970588e-01 1.715686e-01 1.084969e-01
4.068627e-01 1.715686e-01 9.781062e-02
4.166667e-01 1.715686e-01 8.742772e-02
4.264706e-01 1.715686e-01 7.748504e-02
4.362745e-01 1.715686e-01 6.809310e-02
4.460784e-01 1.715686e-01 5.933566e-02
4.558824e-01 1.715686e-01 5.127039e-02
4.656863e-01 1.715686e-01 4.393051e-02
4.754902e-01 1.715686e-01 3.732718e-02
4.852941e-01 1.715686e-01 3.145241e-02
4.950980e-01 1.715686e-01 2.628225e-02
5.049020e-01 1.715686e-01 2.178018e-02
5.147059e-01 1.715686e-01 1.790031e-02
5.245098e-01 1.715686e-01 1.459049e-02
5.343137e-01 1.715686e-01 1.179503e-02
5.441176e-01 1.715686e-01 9.457100e-03
5.539216e-01 1.715686e-01 7.520664e-03
5.637255e-01 1.715686e-01 5.932029e-03
5.735294e-01 1.715686e-01 4.640967e-03
5.833333e-01 1.715686e-01 3.601481e-03
5.931373e-01 1.715686e-01 2.772238e-03
6.029412e-01 1.715686e-01 2.116731e-03
6.127451e-01 1.715686e-01 1.603228e-03
6.225490e-01 1.715686e-01 1.204561e-03
6.323529e-01 1.715686e-01 8.977893e-04
6.421569e-01 1.715686e-01 6.638061e-04
6.519608e-01 1.715686e-01 4.868980e-04
6.617647e-01 1.715686e-01 3.543020e-04
6.715686e-01 1.715686e-01 2.557749e-04
6.813725e-01 1.715686e-01 1.831906e-04
6.911765e-01 1.715686e-01 1.301747e-04
7.009804e-01 1.715686e-01 9.178276e-05
7.107843e-01 1.715686e-01 6.422086e-05
7.205882e-01 1.715686e-01 4.461030e-05
7.303922e-01 1.715686e-01 3.079181e-05
7.401961e-01 1.715686e-01 2.116651e-05
7.500000e-01 1.715686e-01 1.456924e-05
7.598039e-01 1.715686e-01 1.017037e-05
7.696078e-01 1.715686e-01 7.402549e-06
7.794118e-01 1.715686e-01 5.909218e-06
7.892157e-01 1.715686e-01 5.513085e-06
7.990196e-01 1.715686e-01 6.203163e-06
8.088235e-01 1.715686e-01 8.140405e-06
8.186275e-01 1.715686e-01 1.168294e-05
8.284314e-01 1.715686e-01 1.743315e-05
8.382353e-01 1.715686e-01 2.630985e-05
8.480392e-01 1.715686e-01 3.965019e-05
8.578431e-01 1.715686e-01 5.934638e-05
8.676471e-01 1.715686e-01 8.802358e-05
8.774510e-01 1.715686e-01 1.292648e-04
8.872549e-01 1.715686e-01 1.878890e-04
8.970588e-01 1.715686e-01 2.702864e-04
9.068627e-01 1.715686e-01 3.848142e-04
9.166667e-01 1.715686e-01 5.422495e-04
9.264706e-01 1.715686e-01 7.562956e-04
9.362745e-01 1.715686e-01 1.044125e-03
9.460784e-01 1.715686e-01 1.426942e-03
9.558824e-01 1.715686e-01 1.930529e-03
9.656863e-01 1.715686e-01 2.585743e-03
9.754902e-01 1.715686e-01 3.428905e-03
9.852941e-01 1.715686e-01 4.502021e-03
9.950980e-01 1.715686e-01 5.852775e-03
4.901961e-03 1.813725e-01 5.101691e-03
1.470588e-02 1.813725e-01 6.622983e-03
2.450980e-02 1.813725e-01 8.513599e-03
3.431373e-02 1.813725e-01 1.083707e-02
4.411765e-02 1.813725e-01 1.366055e-02
5.392157e-02 1.813725e-01 1.705297e-02
6.372549e-02 1.813725e-01 2.108267e-02
7.352941e-02 1.813725e-01 2.581439e-02
8.333333e-02 1.813725e-01 3.130589e-02
9.313725e-02 1.813725e-01 3.760405e-02
1.029412e-01 1.813725e-01 4.474085e-02
1.127451e-01 1.813725e-01 5.272918e-02
1.225490e-01 1.813725e-01 6.155891e-02
1.323529e-01 1.813725e-01 7.119337e-02
1.421569e-01 1.813725e-01 8.156663e-02
1.519608e-01 1.813725e-01 9.258170e-02
1.617647e-01 1.813725e-01 1.041100e-01
1.715686e-01 1.813725e-01 1.159924e-01
1.813725e-01 1.813725e-01 1.280415e-01
1.911765e-01 1.813725e-01 1.400461e-01
2.009804e-01 1.813725e-01 1.517766e-01
2.107843e-01 1.813725e-01 1.629919e-01
2.205882e-01 1.813725e-01 1.734479e-01
2.303922e-01 1.813725e-01 1.829058e-01
2.401961e-01 1.813725e-01 1.911416e-01
2.500000e-01 1.813725e-01 1.979547e-01
2.598039e-01 1.813725e-01 2.031762e-01
2.696078e-01 1.813725e-01 2.066758e-01
2.794118e-01 1.813725e-01 2.083671e-01
2.892157e-01 1.813725e-01 2.082114e-01
2.990196e-01 1.813725e-01 2.062189e-01
3.088235e-01 1.813725e-01 2.024481e-01
3.186275e-01 1.813725e-01 1.970031e-01
3.284314e-01 1.813725e-01 1.900285e-01
3.382353e-01 1.813725e-01 1.817034e-01
3.480392e-01 1.813725e-01 1.722337e-01
3.578431e-01 1.813725e-01 1.618439e-01
3.676471e-01 1.813725e-01 1.507679e-01
3.774510e-01 1.813725e-01 1.392414e-01
3.872549e-01 1.813725e-01 1.274928e-01
3.970588e-01 1.813725e-01 1.157372e-01
4.068627e-01 1.813725e-01 1.041696e-01
4.166667e-01 1.813725e-01 9.296113e-02
4.264706e-01 1.813725e-01 8.225555e-02
4.362745e-01 1.813725e-01 7.216778e-02
4.460784e-01 1.813725e-01 6.278368e-02
4.558824e-01 1.813725e-01 5.416095e-02
4.656863e-01 1.813725e-01 4.633107e-02
4.754902e-01 1.813725e-01 3.930208e-02
4.852941e-01 1.813725e-01 3.306179e-02
4.950980e-01 1.813725e-01 2.758132e-02
5.049020e-01 1.813725e-01 2.281874e-02
5.147059e-01 1.813725e-01 1.872261e-02
5.245098e-01 1.813725e-01 1.523523e-02
5.343137e-01 1.813725e-01 1.229560e-02
5.441176e-01 1.813725e-01 9.841870e-03
5.539216e-01 1.813725e-01 7.813449e-03
5.637255e-01 1.813725e-01 6.152542e-03
5.735294e-01 1.813725e-01 4.805321e-03
5.833333e-01 1.813725e-01 3.722678e-03
5.931373e-01 1.813725e-01 2.860639e-03
6.029412e-01 1.813725e-01 2.180490e-03
6.127451e-01 1.813725e-01 1.648685e-03
6.225490e-01 1.813725e-01 1.236582e-03
6.323529e-01 1.813725e-01 9.200640e-04
6.421569e-01 1.813725e-01 6.790976e-04
6.519608e-01 1.813725e-01 4.972492e-04
6.617647e-01 1.813725e-01 3.612043e-04
6.715686e-01 1.813725e-01 2.603027e-04
6.813725e-01 1.813725e-01 1.861075e-04
6.911765e-01 1.813725e-01 1.320164e-04
7.009804e-01 1.813725e-01 9.291961e-05
7.107843e-01 1.813725e-01 6.490559e-05
7.205882e-01 1.813725e-01 4.501337e-05
7.303922e-01 1.813725e-01 3.102756e-05
7.401961e-01 1.813725e-01 2.131242e-05
7.500000e-01 1.813725e-01 1.468038e-05
7.598039e-01 1.813725e-01 1.029064e-05
7.696078e-01 1.813725e-01 7.574199e-06
7.794118e-01 1.813725e-01 6.182082e-06
7.892157e-01 1.813725e-01 5.954721e-06
7.990196e-01 1.813725e-01 6.911420e-06
8.088235e-01 1.813725e-01 9.260003e-06
8.186275e-01 1.813725e-01 1.342800e-05
8.284314e-01 1.813725e-01 2.011797e-05
8.382353e-01 1.813725e-01 3.039089e-05
8.480392e-01 1.813725e-01 4.578246e-05
8.578431e-01 1.813725e-01 6.845859e-05
8.676471e-01 1.813725e-01 1.014164e-04
8.774510e-01 1.813725e-01 1.487379e-04
8.872549e-01 1.813725e-01 2.159018e-04
8.970588e-01 1.813725e-01 3.101591e-04
9.068627e-01 1.813725e-01 4.409736e-04
9.166667e-01 1.813725e-01 6.205256e-04
9.264706e-01 1.813725e-01 8.642697e-04
9.362745e-01 1.813725e-01 1.191532e-03
9.460784e-01 1.813725e-01 1.626124e-03
9.558824e-01 1.813725e-01 2.196929e-03
9.656863e-01 1.813725e-01 2.938434e-03
9.754902e-01 1.813725e-01 3.891123e-03
9.852941e-01 1.813725e-01 5.101691e-03
9.950980e-01 1.813725e-01 6.622983e-03
4.901961e-03 1.911765e-01 5.728713e-03
1.470588e-02 1.911765e-01 7.426426e-03
2.450980e-02 1.911765e-01 9.532804e-03
3.431373e-02 1.911765e-01 1.211710e-02
4.411765e-02 1.911765e-01 1.525218e-02
5.392157e-02 1.911765e-01 1.901250e-02
6.372549e-02 1.911765e-01 2.347133e-02
7.352941e-02 1.911765e-01 2.869756e-02
8.333333e-02 1.911765e-01 3.475184e-02
9.313725e-02 1.911765e-01 4.168243e-02
1.029412e-01 1.911765e-01 4.952074e-02
1.127451e-01 1.911765e-01 5.827687e-02
1.225490e-01 1.911765e-01 6.793541e-02
1.323529e-01 1.911765e-01 7.845179e-02
1.421569e-01 1.911765e-01 8.974941e-02
1.519608e-01 1.911765e-01 1.017180e-01
1.617647e-01 1.911765e-01 1.142133e-01
1.715686e-01 1.911765e-01 1.270582e-01
1.813725e-01 1.911765e-01 1.400461e-01
1.911765e-01 1.911765e-01 1.529454e-01
2.009804e-01 1.911765e-01 1.655056e-01
2.107843e-01 1.911765e-01 1.774657e-01
2.205882e-01 1.911765e-01 1.885626e-01
2.303922e-01 1.911765e-01 1.985410e-01
2.401961e-01 1.911765e-01 2.071629e-01
2.500000e-01 1.911765e-01 2.142172e-01
2.598039e-01 1.911765e-01 2.195285e-01
2.696078e-01 1.911765e-01 2.229642e-01
2.794118e-01 1.911765e-01 2.244398e-01
2.892157e-01 1.911765e-01 2.239227e-01
2.990196e-01 1.911765e-01 2.214334e-01
3.088235e-01 1.911765e-01 2.170437e-01
3.186275e-01 1.911765e-01 2.108739e-01
3.284314e-01 1.911765e-01 2.030874e-01
3.382353e-01 1.911765e-01 1.938829e-01
3.480392e-01 1.911765e-01 1.834867e-01
3.578431e-01 1.911765e-01 1.721435e-01
3.676471e-01 1.911765e-01 1.601065e-01
3.774510e-01 1.911765e-01 1.476291e-01
3.872549e-01 1.911765e-01 1.349555e-01
3.970588e-01 1.911765e-01 1.223142e-01
4.068627e-01 1.911765e-01 1.099112e-01
4.166667e-01 1.911765e-01 9.792585e-02
4.264706e-01 1.911765e-01 8.650750e-02
4.362745e-01 1.911765e-01 7.577439e-02
4.460784e-01 1.911765e-01 6.581338e-02
4.558824e-01 1.911765e-01 5.668129e-02
4.656863e-01 1.911765e-01 4.840718e-02
4.754902e-01 1.911765e-01 4.099538e-02
4.852941e-01 1.911765e-01 3.442907e-02
4.950980e-01 1.911765e-01 2.867421e-02
5.049020e-01 1.911765e-01 2.368336e-02
5.147059e-01 1.911765e-01 1.939952e-02
5.245098e-01 1.911765e-01 1.575958e-02
5.343137e-01 1.911765e-01 1.269737e-02
5.441176e-01 1.911765e-01 1.014632e-02
5.539216e-01 1.911765e-01 8.041518e-03
5.637255e-01 1.911765e-01 6.321381e-03
5.735294e-01 1.911765e-01 4.928784e-03
5.833333e-01 1.911765e-01 3.811805e-03
5.931373e-01 1.911765e-01 2.924111e-03
6.029412e-01 1.911765e-01 2.225043e-03
6.127451e-01 1.911765e-01 1.679474e-03
6.225490e-01 1.911765e-01 1.257498e-03
6.323529e-01 1.911765e-01 9.340053e-04
6.421569e-01 1.911765e-01 6.881897e-04
6.519608e-01 1.911765e-01 5.030286e-04
6.617647e-01 1.911765e-01 3.647640e-04
6.715686e-01 1.911765e-01 2.624076e-04
6.813725e-01 1.911765e-01 1.872834e-04
6.911765e-01 1.911765e-01 1.326178e-04
7.009804e-01 1.911765e-01 9.318059e-05
7.107843e-01 1.911765e-01 6.497734e-05
7.205882e-01 1.911765e-01 4.499155e-05
7.303922e-01 1.911765e-01 3.097209e-05
7.401961e-01 1.911765e-01 2.126177e-05
7.500000e-01 1.911765e-01 1.466216e-05
7.598039e-01 1.911765e-01 1.033010e-05
7.696078e-01 1.911765e-01 7.701750e-06
7.794118e-01 1.911765e-01 6.441181e-06
7.892157e-01 1.911765e-01 6.411361e-06
7.990196e-01 1.911765e-01 7.666547e-06
8.088235e-01 1.911765e-01 1.046650e-05
8.186275e-01 1.911765e-01 1.531417e-05
8.284314e-01 1.911765e-01 2.301989e-05
8.382353e-01 1.911765e-01 3.479654e-05
8.480392e-01 1.911765e-01 5.239120e-05
8.578431e-01 1.911765e-01 7.826000e-05
8.676471e-01 1.911765e-01 1.157933e-04
8.774510e-01 1.911765e-01 1.695988e-04
8.872549e-01 1.911765e-01 2.458483e-04
8.970588e-01 1.911765e-01 3.526942e-04
9.068627e-01 1.911765e-01 5.007554e-04
9.166667e-01 1.911765e-01 7.036712e-04
9.264706e-01 1.911765e-01 9.787115e-04
9.362745e-01 1.911765e-01 1.347426e-03
9.460784e-01 1.911765e-01 1.836306e-03
9.558824e-01 1.911765e-01 2.477411e-03
9.656863e-01 1.911765e-01 3.308923e-03
9.754902e-01 1.911765e-01 4.375551e-03
9.852941e-01 1.911765e-01 5.728713e-03
9.950980e-01 1.911765e-01 7.426426e-03
4.901961e-03 2.009804e-01 6.374567e-03
1.470588e-02 2.009804e-01 8.251915e-03
2.450980e-02 2.009804e-01 1.057730e-02
3.431373e-02 2.009804e-01 1.342549e-02
4.411765e-02 2.009804e-01 1.687480e-02
5.392157e-02 2.009804e-01 2.100482e-02
6.372549e-02 2.009804e-01 2.589337e-02
7.352941e-02 2.009804e-01 3.161292e-02
8.333333e-02 2.009804e-01 3.822647e-02
9.313725e-02 2.009804e-01 4.578298e-02
1.029412e-01 2.009804e-01 5.431259e-02
1.127451e-01 2.009804e-01 6.382191e-02
1.225490e-01 2.009804e-01 7.428956e-02
1.323529e-01 2.009804e-01 8.566240e-02
1.421569e-01 2.009804e-01 9.785266e-02
1.519608e-01 2.009804e-01 1.107364e-01
1.617647e-01 2.009804e-01 1.241533e-01
1.715686e-01 2.009804e-01 1.379087e-01
1.813725e-01 2.009804e-01 1.517766e-01
1.911765e-01 2.009804e-01 1.655056e-01
2.009804e-01 2.009804e-01 1.788255e-01
2.107843e-01 2.009804e-01 1.914562e-01
2.205882e-01 2.009804e-01 2.031172e-01
2.303922e-01 2.009804e-01 2.135380e-01
2.401961e-01 2.009804e-01 2.224686e-01
2.500000e-01 2.009804e-01 2.296893e-01
2.598039e-01 2.009804e-01 2.350199e-01
2.696078e-01 2.009804e-01 2.383274e-01
2.794118e-01 2.009804e-01 2.395309e-01
2.892157e-01 2.009804e-01 2.386057e-01
2.990196e-01 2.009804e-01 2.355831e-01
3.088235e-01 2.009804e-01 2.305498e-01
3.186275e-01 2.009804e-01 2.236427e-01
3.284314e-01 2.009804e-01 2.150437e-01
3.382353e-01 2.009804e-01 2.049714e-01
3.480392e-01 2.009804e-01 1.936716e-01
3.578431e-01 2.009804e-01 1.814084e-01
3.676471e-01 2.009804e-01 1.684532e-01
3.774510e-01 2.009804e-01 1.550755e-01
3.872549e-01 2.009804e-01 1.415341e-01
3.970588e-01 2.009804e-01 1.280690e-01
4.068627e-01 2.009804e-01 1.148957e-01
4.166667e-01 2.009804e-01 1.022001e-01
4.264706e-01 2.009804e-01 9.013595e-02
4.362745e-01 2.009804e-01 7.882332e-02
4.460784e-01 2.009804e-01 6.834903e-02
4.558824e-01 2.009804e-01 5.876809e-02
4.656863e-01 2.009804e-01 5.010639e-02
4.754902e-01 2.009804e-01 4.236405e-02
4.852941e-01 2.009804e-01 3.551935e-02
4.950980e-01 2.009804e-01 2.953290e-02
5.049020e-01 2.009804e-01 2.435178e-02
5.147059e-01 2.009804e-01 1.991357e-02
5.245098e-01 2.009804e-01 1.614995e-02
5.343137e-01 2.009804e-01 1.298992e-02
5.441176e-01 2.009804e-01 1.036251e-02
5.539216e-01 2.009804e-01 8.198914e-03
5.637255e-01 2.009804e-01 6.434131e-03
5.735294e-01 2.009804e-01 5.008124e-03
5.833333e-01 2.009804e-01 3.866528e-03
5.931373e-01 2.009804e-01 2.960993e-03
6.029412e-01 2.009804e-01 2.249224e-03
6.127451e-01 2.009804e-01 1.694791e-03
6.225490e-01 2.009804e-01 1.266767e-03
6.323529e-01 2.009804e-01 9.392535e-04
6.421569e-01 2.009804e-01 6.908498e-04
6.519608e-01 2.009804e-01 5.040899e-04
6.617647e-01 2.009804e-01 3.648926e-04
6.715686e-01 2.009804e-01 2.620389e-04
6.813725e-01 2.009804e-01 1.866913e-04
6.911765e-01 2.009804e-01 1.319664e-04
7.009804e-01 2.009804e-01 9.256149e-05
7.107843e-01 2.009804e-01 6.443640e-05
7.205882e-01 2.009804e-01 4.454730e-05
7.303922e-01 2.009804e-01 3.062861e-05
7.401961e-01 2.009804e-01 2.101769e-05
7.500000e-01 2.009804e-01 1.451724e-05
7.598039e-01 2.009804e-01 1.029067e-05
7.696078e-01 2.009804e-01 7.786150e-06
7.794118e-01 2.009804e-01 6.686243e-06
7.892157e-01 2.009804e-01 6.881068e-06
7.990196e-01 2.009804e-01 8.464191e-06
8.088235e-01 2.009804e-01 1.175188e-05
8.186275e-01 2.009804e-01 1.732777e-05
8.284314e-01 2.009804e-01 2.611644e-05
8.382353e-01 2.009804e-01 3.949085e-05
8.480392e-01 2.009804e-01 5.941982e-05
8.578431e-01 2.009804e-01 8.866286e-05
8.676471e-01 2.009804e-01 1.310201e-04
8.774510e-01 2.009804e-01 1.916449e-04
8.872549e-01 2.009804e-01 2.774268e-04
8.970588e-01 2.009804e-01 3.974477e-04
9.068627e-01 2.009804e-01 5.635138e-04
9.166667e-01 2.009804e-01 7.907584e-04
9.264706e-01 2.009804e-01 1.098303e-03
9.362745e-01 2.009804e-01 1.509956e-03
9.460784e-01 2.009804e-01 2.054919e-03
9.558824e-01 2.009804e-01 2.768448e-03
9.656863e-01 2.009804e-01 3.692428e-03
9.754902e-01 2.009804e-01 4.875770e-03
9.852941e-01 2.009804e-01 6.374567e-03
9.950980e-01 2.009804e-01 8.251915e-03
4.901961e-03 2.107843e-01 7.029254e-03
1.470588e-02 2.107843e-01 9.086416e-03
2.450980e-02 2.107843e-01 1.163028e-02
3.431373e-02 2.107843e-01 1.474078e-02
4.411765e-02 2.107843e-01 1.850131e-02
5.392157e-02 2.107843e-01 2.299608e-02
6.372549e-02 2.107843e-01 2.830690e-02
7.352941e-02 2.107843e-01 3.450922e-02
8.333333e-02 2.107843e-01 4.166769e-02
9.313725e-02 2.107843e-01 4.983124e-02
1.029412e-01 2.107843e-01 5.902806e-02
1.127451e-01 2.107843e-01 6.926054e-02
1.225490e-01 2.107843e-01 8.050073e-02
1.323529e-01 2.107843e-01 9.268639e-02
1.421569e-01 2.107843e-01 1.057182e-01
1.519608e-01 2.107843e-01 1.194584e-01
1.617647e-01 2.107843e-01 1.337309e-01
1.715686e-01 2.107843e-01 1.483235e-01
1.813725e-01 2.107843e-01 1.629919e-01
1.911765e-01 2.107843e-01 1.774657e-01
2.009804e-01 2.107843e-01 1.914562e-01
2.107843e-01 2.107843e-01 2.046659e-01
2.205882e-01 2.107843e-01 2.167987e-01
2.303922e-01 2.107843e-01 2.275710e-01
2.401961e-01 2.107843e-01 2.367227e-01
2.500000e-01 2.107843e-01 2.440277e-01
2.598039e-01 2.107843e-01 2.493034e-01
2.696078e-01 2.107843e-01 2.524180e-01
2.794118e-01 2.107843e-01 2.532962e-01
2.892157e-01 2.107843e-01 2.519221e-01
2.990196e-01 2.107843e-01 2.483396e-01
3.088235e-01 2.107843e-01 2.426502e-01
3.186275e-01 2.107843e-01 2.350080e-01
3.284314e-01 2.107843e-01 2.256131e-01
3.382353e-01 2.107843e-01 2.147031e-01
3.480392e-01 2.107843e-01 2.025426e-01
3.578431e-01 2.107843e-01 1.894135e-01
3.676471e-01 2.107843e-01 1.756037e-01
3.774510e-01 2.107843e-01 1.613974e-01
3.872549e-01 2.107843e-01 1.470655e-01
3.970588e-01 2.107843e-01 1.328581e-01
4.068627e-01 2.107843e-01 1.189981e-01
4.166667e-01 2.107843e-01 1.056763e-01
4.264706e-01 2.107843e-01 9.304910e-02
4.362745e-01 2.107843e-01 8.123712e-02
4.460784e-01 2.107843e-01 7.032593e-02
4.558824e-01 2.107843e-01 6.036789e-02
4.656863e-01 2.107843e-01 5.138502e-02
4.754902e-01 2.107843e-01 4.337283e-02
4.852941e-01 2.107843e-01 3.630446e-02
4.950980e-01 2.107843e-01 3.013515e-02
5.049020e-01 2.107843e-01 2.480666e-02
5.147059e-01 2.107843e-01 2.025138e-02
5.245098e-01 2.107843e-01 1.639617e-02
5.343137e-01 2.107843e-01 1.316563e-02
5.441176e-01 2.107843e-01 1.048483e-02
5.539216e-01 2.107843e-01 8.281558e-03
5.637255e-01 2.107843e-01 6.487877e-03
5.735294e-01 2.107843e-01 5.041301e-03
5.833333e-01 2.107843e-01 3.885450e-03
5.931373e-01 2.107843e-01 2.970352e-03
6.029412e-01 2.107843e-01 2.252430e-03
6.127451e-01 2.107843e-01 1.694263e-03
6.225490e-01 2.107843e-01 1.264168e-03
6.323529e-01 2.107843e-01 9.356915e-04
6.421569e-01 2.107843e-01 6.870255e-04
6.519608e-01 2.107843e-01 5.004197e-04
6.617647e-01 2.107843e-01 3.615986e-04
6.715686e-01 2.107843e-01 2.592155e-04
6.813725e-01 2.107843e-01 1.843539e-04
6.911765e-01 2.107843e-01 1.300848e-04
7.009804e-01 2.107843e-01 9.108290e-05
7.107843e-01 2.107843e-01 6.330035e-05
7.205882e-01 2.107843e-01 4.369494e-05
7.303922e-01 2.107843e-01 3.000837e-05
7.401961e-01 2.107843e-01 2.058870e-05
7.500000e-01 2.107843e-01 1.425173e-05
7.598039e-01 2.107843e-01 1.017633e-05
7.696078e-01 2.107843e-01 7.829377e-06
7.794118e-01 2.107843e-01 6.917106e-06
7.892157e-01 2.107843e-01 7.361083e-06
7.990196e-01 2.107843e-01 9.298059e-06
8.088235e-01 2.107843e-01 1.310470e-05
8.186275e-01 2.107843e-01 1.944960e-05
8.284314e-01 2.107843e-01 2.937661e-05
8.382353e-01 2.107843e-01 4.442486e-05
8.480392e-01 2.107843e-01 6.679235e-05
8.578431e-01 2.107843e-01 9.955098e-05
8.676471e-01 2.107843e-01 1.469212e-04
8.774510e-01 2.107843e-01 2.146147e-04
8.872549e-01 2.107843e-01 3.102516e-04
8.970588e-01 2.107843e-01 4.438576e-04
9.068627e-01 2.107843e-01 6.284395e-04
9.166667e-01 2.107843e-01 8.806352e-04
9.264706e-01 2.107843e-01 1.221423e-03
9.362745e-01 2.107843e-01 1.676866e-03
9.460784e-01 2.107843e-01 2.278857e-03
9.558824e-01 2.107843e-01 3.065812e-03
9.656863e-01 2.107843e-01 4.083251e-03
9.754902e-01 2.107843e-01 5.384191e-03
9.852941e-01 2.107843e-01 7.029254e-03
9.950980e-01 2.107843e-01 9.086416e-03
4.901961e-03 2.205882e-01 7.681513e-03
1.470588e-02 2.205882e-01 9.915338e-03
2.450980e-02 2.205882e-01 1.267303e-02
3.431373e-02 2.205882e-01 1.603925e-02
4.411765e-02 2.205882e-01 2.010190e-02
5.392157e-02 2.205882e-01 2.494925e-02
6.372549e-02 2.205882e-01 3.066641e-02
7.352941e-02 2.205882e-01 3.733109e-02
8.333333e-02 2.205882e-01 4.500881e-02
9.313725e-02 2.205882e-01 5.374774e-02
1.029412e-01 2.205882e-01 6.357337e-02
1.127451e-01 2.205882e-01 7.448325e-02
1.225490e-01 2.205882e-01 8.644230e-02
1.323529e-01 2.205882e-01 9.937888e-02
1.421569e-01 2.205882e-01 1.131820e-01
1.519608e-01 2.205882e-01 1.277002e-01
1.617647e-01 2.205882e-01 1.427419e-01
1.715686e-01 2.205882e-01 1.580784e-01
1.813725e-01 2.205882e-01 1.734479e-01
1.911765e-01 2.205882e-01 1.885626e-01
2.009804e-01 2.205882e-01 2.031172e-01
2.107843e-01 2.205882e-01 2.167987e-01
2.205882e-01 2.205882e-01 2.292977e-01
2.303922e-01 2.205882e-01 2.403196e-01
2.401961e-01 2.205882e-01 2.495970e-01
2.500000e-01 2.205882e-01 2.568998e-01
2.598039e-01 2.205882e-01 2.620448e-01
2.696078e-01 2.205882e-01 2.649039e-01
2.794118e-01 2.205882e-01 2.654087e-01
2.892157e-01 2.205882e-01 2.635536e-01
2.990196e-01 2.205882e-01 2.593957e-01
3.088235e-01 2.205882e-01 2.530516e-01
3.186275e-01 2.205882e-01 2.446925e-01
3.284314e-01 2.205882e-01 2.345361e-01
3.382353e-01 2.205882e-01 2.228378e-01
3.480392e-01 2.205882e-01 2.098795e-01
3.578431e-01 2.205882e-01 1.959591e-01
3.676471e-01 2.205882e-01 1.813789e-01
3.774510e-01 2.205882e-01 1.664354e-01
3.872549e-01 2.205882e-01 1.514099e-01
3.970588e-01 2.205882e-01 1.365601e-01
4.068627e-01 2.205882e-01 1.221140e-01
4.166667e-01 2.205882e-01 1.082656e-01
4.264706e-01 2.205882e-01 9.517226e-02
4.362745e-01 2.205882e-01 8.295372e-02
4.460784e-01 2.205882e-01 7.169318e-02
4.558824e-01 2.205882e-01 6.143941e-02
4.656863e-01 2.205882e-01 5.221006e-02
4.754902e-01 2.205882e-01 4.399565e-02
4.852941e-01 2.205882e-01 3.676411e-02
4.950980e-01 2.205882e-01 3.046544e-02
5.049020e-01 2.205882e-01 2.503629e-02
5.147059e-01 2.205882e-01 2.040431e-02
5.245098e-01 2.205882e-01 1.649199e-02
5.343137e-01 2.205882e-01 1.322005e-02
5.441176e-01 2.205882e-01 1.051022e-02
5.539216e-01 2.205882e-01 8.287417e-03
5.637255e-01 2.205882e-01 6.481331e-03
5.735294e-01 2.205882e-01 5.027550e-03
5.833333e-01 2.205882e-01 3.868166e-03
5.931373e-01 2.205882e-01 2.952021e-03
6.029412e-01 2.205882e-01 2.234645e-03
6.127451e-01 2.205882e-01 1.677958e-03
6.225490e-01 2.205882e-01 1.249817e-03
6.323529e-01 2.205882e-01 9.234495e-04
6.421569e-01 2.205882e-01 6.768462e-04
6.519608e-01 2.205882e-01 4.921371e-04
6.617647e-01 2.205882e-01 3.549859e-04
6.715686e-01 2.205882e-01 2.540250e-04
6.813725e-01 2.205882e-01 1.803426e-04
6.911765e-01 2.205882e-01 1.270299e-04
7.009804e-01 2.205882e-01 8.878915e-05
7.107843e-01 2.205882e-01 6.160307e-05
7.205882e-01 2.205882e-01 4.245991e-05
7.303922e-01 2.205882e-01 2.913009e-05
7.401961e-01 2.205882e-01 1.998823e-05
7.500000e-01 2.205882e-01 1.387488e-05
7.598039e-01 2.205882e-01 9.992928e-06
7.696078e-01 2.205882e-01 7.834246e-06
7.794118e-01 2.205882e-01 7.133565e-06
7.892157e-01 2.205882e-01 7.847697e-06
7.990196e-01 2.205882e-01 1.015982e-05
8.088235e-01 2.205882e-01 1.451001e-05
8.186275e-01 2.205882e-01 2.165489e-05
8.284314e-01 2.205882e-01 3.276086e-05
8.382353e-01 2.205882e-01 4.953681e-05
8.480392e-01 2.205882e-01 7.441392e-05
8.578431e-01 2.205882e-01 1.107805e-04
8.676471e-01 2.205882e-01 1.632815e-04
8.774510e-01 2.205882e-01 2.381895e-04
8.872549e-01 2.205882e-01 3.438571e-04
8.970588e-01 2.205882e-01 4.912511e-04
9.068627e-01 2.205882e-01 6.945708e-04
9.166667e-01 2.205882e-01 9.719423e-04
9.264706e-01 2.205882e-01 1.346171e-03
9.362745e-01 2.205882e-01 1.845528e-03
9.460784e-01 2.205882e-01 2.504529e-03
9.558824e-01 2.205882e-01 3.364646e-03
9.656863e-01 2.205882e-01 4.474898e-03
9.754902e-01 2.205882e-01 5.892216e-03
9.852941e-01 2.205882e-01 7.681513e-03
9.950980e-01 2.205882e-01 9.915338e-03
4.901961e-03 2.303922e-01 8.319117e-03
1.470588e-02 2.303922e-01 1.072293e-02
2.450980e-02 2.303922e-01 1.368546e-02
3.431373e-02 2.303922e-01 1.729556e-02
4.411765e-02 2.303922e-01 2.164496e-02
5.392157e-02 2.303922e-01 2.682528e-02
6.372549e-02 2.303922e-01 3.292415e-02
7.352941e-02 2.303922e-01 4.002073e-02
8.333333e-02 2.303922e-01 4.818062e-02
9.313725e-02 2.303922e-01 5.745045e-02
1.029412e-01 2.303922e-01 6.785230e-02
1.127451e-01 2.303922e-01 7.937831e-02
1.225490e-01 2.303922e-01 9.198591e-02
1.323529e-01 2.303922e-01 1.055938e-01
1.421569e-01 2.303922e-01 1.200796e-01
1.519608e-01 2.303922e-01 1.352783e-01
1.617647e-01 2.303922e-01 1.509841e-01
1.715686e-01 2.303922e-01 1.669524e-01
1.813725e-01 2.303922e-01 1.829058e-01
1.911765e-01 2.303922e-01 1.985410e-01
2.009804e-01 2.303922e-01 2.135380e-01
2.107843e-01 2.303922e-01 2.275710e-01
2.205882e-01 2.303922e-01 2.403196e-01
2.303922e-01 2.303922e-01 2.514815e-01
2.401961e-01 2.303922e-01 2.607842e-01
2.500000e-01 2.303922e-01 2.679960e-01
2.598039e-01 2.303922e-01 2.729360e-01
2.696078e-01 2.303922e-01 2.754812e-01
2.794118e-01 2.303922e-01 2.755719e-01
2.892157e-01 2.303922e-01 2.732138e-01
2.990196e-01 2.303922e-01 2.684776e-01
3.088235e-01 2.303922e-01 2.614953e-01
3.186275e-01 2.303922e-01 2.524543e-01
3.284314e-01 2.303922e-01 2.415889e-01
3.382353e-01 2.303922e-01 2.291706e-01
3.480392e-01 2.303922e-01 2.154968e-01
3.578431e-01 2.303922e-01 2.008790e-01
3.676471e-01 2.303922e-01 1.856316e-01
3.774510e-01 2.303922e-01 1.700611e-01
3.872549e-01 2.303922e-01 1.544562e-01
3.970588e-01 2.303922e-01 1.390799e-01
4.068627e-01 2.303922e-01 1.241633e-01
4.166667e-01 2.303922e-01 1.099015e-01
4.264706e-01 2.303922e-01 9.645095e-02
4.362745e-01 2.303922e-01 8.392913e-02
4.460784e-01 2.303922e-01 7.241578e-02
4.558824e-01 2.303922e-01 6.195534e-02
4.656863e-01 2.303922e-01 5.256055e-02
4.754902e-01 2.303922e-01 4.421680e-02
4.852941e-01 2.303922e-01 3.688683e-02
4.950980e-01 2.303922e-01 3.051561e-02
5.049020e-01 2.303922e-01 2.503513e-02
5.147059e-01 2.303922e-01 2.036877e-02
5.245098e-01 2.303922e-01 1.643526e-02
5.343137e-01 2.303922e-01 1.315211e-02
5.441176e-01 2.303922e-01 1.043832e-02
5.539216e-01 2.303922e-01 8.216593e-03
5.637255e-01 2.303922e-01 6.414881e-03
5.735294e-01 2.303922e-01 4.967415e-03
5.833333e-01 2.303922e-01 3.815281e-03
5.931373e-01 2.303922e-01 2.906605e-03
6.029412e-01 2.303922e-01 2.196433e-03
6.127451e-01 2.303922e-01 1.646385e-03
6.225490e-01 2.303922e-01 1.224152e-03
6.323529e-01 2.303922e-01 9.028967e-04
6.421569e-01 2.303922e-01 6.606158e-04
6.519608e-01 2.303922e-01 4.794872e-04
6.617647e-01 2.303922e-01 3.452486e-04
6.715686e-01 2.303922e-01 2.466186e-04
6.813725e-01 2.303922e-01 1.747738e-04
6.911765e-01 2.303922e-01 1.228898e-04
7.009804e-01 2.303922e-01 8.574609e-05
7.107843e-01 2.303922e-01 5.939314e-05
7.205882e-01 2.303922e-01 4.087754e-05
7.303922e-01 2.303922e-01 2.801908e-05
7.401961e-01 2.303922e-01 1.923400e-05
7.500000e-01 2.303922e-01 1.339862e-05
7.598039e-01 2.303922e-01 9.747785e-06
7.696078e-01 2.303922e-01 7.804172e-06
7.794118e-01 2.303922e-01 7.335222e-06
7.892157e-01 2.303922e-01 8.336174e-06
7.990196e-01 2.303922e-01 1.103909e-05
8.088235e-01 2.303922e-01 1.594945e-05
8.186275e-01 2.303922e-01 2.391352e-05
8.284314e-01 2.303922e-01 3.622150e-05
8.382353e-01 2.303922e-01 5.475288e-05
8.480392e-01 2.303922e-01 8.217193e-05
8.578431e-01 2.303922e-01 1.221822e-04
8.676471e-01 2.303922e-01 1.798491e-04
8.774510e-01 2.303922e-01 2.619997e-04
8.872549e-01 2.303922e-01 3.777062e-04
8.970588e-01 2.303922e-01 5.388567e-04
9.068627e-01 2.303922e-01 7.608124e-04
9.166667e-01 2.303922e-01 1.063141e-03
9.264706e-01 2.303922e-01 1.470411e-03
9.362745e-01 2.303922e-01 2.013008e-03
9.460784e-01 2.303922e-01 2.727945e-03
9.558824e-01 2.303922e-01 3.659586e-03
9.656863e-01 2.303922e-01 4.860230e-03
9.754902e-01 2.303922e-01 6.390454e-03
9.852941e-01 2.303922e-01 8.319117e-03
9.950980e-01 2.303922e-01 1.072293e-02
4.901961e-03 2.401961e-01 8.929236e-03
1.470588e-02 2.401961e-01 1.149275e-02
2.450980e-02 2.401961e-01 1.464675e-02
3.431373e-02 2.401961e-01 1.848356e-02
4.411765e-02 2.401961e-01 2.309804e-02
5.392157e-02 2.401961e-01 2.858431e-02
6.372549e-02 2.401961e-01 3.503167e-02
7.352941e-02 2.401961e-01 4.251987e-02
8.333333e-02 2.401961e-01 5.111375e-02
9.313725e-02 2.401961e-01 6.085764e-02
1.029412e-01 2.401961e-01 7.176956e-02
1.127451e-01 2.401961e-01 8.383578e-02
1.225490e-01 2.401961e-01 9.700596e-02
1.323529e-01 2.401961e-01 1.111893e-01
1.421569e-01 2.401961e-01 1.262521e-01
1.519608e-01 2.401961e-01 1.420171e-01
1.617647e-01 2.401961e-01 1.582648e-01
1.715686e-01 2.401961e-01 1.747367e-01
1.813725e-01 2.401961e-01 1.911416e-01
1.911765e-01 2.401961e-01 2.071629e-01
2.009804e-01 2.401961e-01 2.224686e-01
2.107843e-01 2.401961e-01 2.367227e-01
2.205882e-01 2.401961e-01 2.495970e-01
2.303922e-01 2.401961e-01 2.607842e-01
2.401961e-01 2.401961e-01 2.700096e-01
2.500000e-01 2.401961e-01 2.770428e-01
2.598039e-01 2.401961e-01 2.817070e-01
2.696078e-01 2.401961e-01 2.838866e-01
2.794118e-01 2.401961e-01 2.835317e-01
2.892157e-01 2.401961e-01 2.806603e-01
2.990196e-01 2.401961e-01 2.753569e-01
3.088235e-01 2.401961e-01 2.677682e-01
3.186275e-01 2.401961e-01 2.580969e-01
3.284314e-01 2.401961e-01 2.465924e-01
3.382353e-01 2.401961e-01 2.335405e-01
3.480392e-01 2.401961e-01 2.192514e-01
3.578431e-01 2.401961e-01 2.040479e-01
3.676471e-01 2.401961e-01 1.882537e-01
3.774510e-01 2.401961e-01 1.721822e-01
3.872549e-01 2.401961e-01 1.561270e-01
3.970588e-01 2.401961e-01 1.403538e-01
4.068627e-01 2.401961e-01 1.250944e-01
4.166667e-01 2.401961e-01 1.105430e-01
4.264706e-01 2.401961e-01 9.685329e-02
4.362745e-01 2.401961e-01 8.413929e-02
4.460784e-01 2.401961e-01 7.247620e-02
4.558824e-01 2.401961e-01 6.190344e-02
4.656863e-01 2.401961e-01 5.242852e-02
4.754902e-01 2.401961e-01 4.403159e-02
4.852941e-01 2.401961e-01 3.667039e-02
4.950980e-01 2.401961e-01 3.028525e-02
5.049020e-01 2.401961e-01 2.480400e-02
5.147059e-01 2.401961e-01 2.014638e-02
5.245098e-01 2.401961e-01 1.622808e-02
5.343137e-01 2.401961e-01 1.296408e-02
5.441176e-01 2.401961e-01 1.027143e-02
5.539216e-01 2.401961e-01 8.071301e-03
5.637255e-01 2.401961e-01 6.290566e-03
5.735294e-01 2.401961e-01 4.862712e-03
5.833333e-01 2.401961e-01 3.728374e-03
5.931373e-01 2.401961e-01 2.835447e-03
6.029412e-01 2.401961e-01 2.138916e-03
6.127451e-01 2.401961e-01 1.600462e-03
6.225490e-01 2.401961e-01 1.187914e-03
6.323529e-01 2.401961e-01 8.746239e-04
6.421569e-01 2.401961e-01 6.387981e-04
6.519608e-01 2.401961e-01 4.628293e-04
6.617647e-01 2.401961e-01 3.326620e-04
6.715686e-01 2.401961e-01 2.372047e-04
6.813725e-01 2.401961e-01 1.678032e-04
6.911765e-01 2.401961e-01 1.177798e-04
7.009804e-01 2.401961e-01 8.203797e-05
7.107843e-01 2.401961e-01 5.673149e-05
7.205882e-01 2.401961e-01 3.899139e-05
7.303922e-01 2.401961e-01 2.670598e-05
7.401961e-01 2.401961e-01 1.834713e-05
7.500000e-01 2.401961e-01 1.283693e-05
7.598039e-01 2.401961e-01 9.449343e-06
7.696078e-01 2.401961e-01 7.742919e-06
7.794118e-01 2.401961e-01 7.521350e-06
7.892157e-01 2.401961e-01 8.820724e-06
7.990196e-01 2.401961e-01 1.192355e-05
8.088235e-01 2.401961e-01 1.740149e-05
8.186275e-01 2.401961e-01 2.619049e-05
8.284314e-01 2.401961e-01 3.970361e-05
8.382353e-01 2.401961e-01 5.998856e-05
8.480392e-01 2.401961e-01 8.993838e-05
8.578431e-01 2.401961e-01 1.335644e-04
8.676471e-01 2.401961e-01 1.963412e-04
8.774510e-01 2.401961e-01 2.856322e-04
8.872549e-01 2.401961e-01 4.112026e-04
8.970588e-01 2.401961e-01 5.858233e-04
9.068627e-01 2.401961e-01 8.259626e-04
9.166667e-01 2.401961e-01 1.152554e-03
9.264706e-01 2.401961e-01 1.591825e-03
9.362745e-01 2.401961e-01 2.176139e-03
9.460784e-01 2.401961e-01 2.944824e-03
9.558824e-01 2.401961e-01 3.944908e-03
9.656863e-01 2.401961e-01 5.231679e-03
9.754902e-01 2.401961e-01 6.868997e-03
9.852941e-01 2.401961e-01 8.929236e-03
9.950980e-01 2.401961e-01 1.149275e-02
4.901961e-03 2.500000e-01 9.498863e-03
1.470588e-02 2.500000e-01 1.220823e-02
2.450980e-02 2.500000e-01 1.553601e-02
3.431373e-02 2.500000e-01 1.957723e-02
4.411765e-02 2.500000e-01 2.442901e-02
5.392157e-02 2.500000e-01 3.018710e-02
6.372549e-02 2.500000e-01 3.694157e-02
7.352941e-02 2.500000e-01 4.477185e-02
8.333333e-02 2.500000e-01 5.374119e-02
9.313725e-02 2.500000e-01 6.389087e-02
1.029412e-01 2.500000e-01 7.523431e-02
1.127451e-01 2.500000e-01 8.775156e-02
1.225490e-01 2.500000e-01 1.013844e-01
1.323529e-01 2.500000e-01 1.160329e-01
1.421569e-01 2.500000e-01 1.315527e-01
1.519608e-01 2.500000e-01 1.477552e-01
1.617647e-01 2.500000e-01 1.644087e-01
1.715686e-01 2.500000e-01 1.812428e-01
1.813725e-01 2.500000e-01 1.979547e-01
1.911765e-01 2.500000e-01 2.142172e-01
2.009804e-01 2.500000e-01 2.296893e-01
2.107843e-01 2.500000e-01 2.440277e-01
2.205882e-01 2.500000e-01 2.568998e-01
2.303922e-01 2.500000e-01 2.679960e-01
2.401961e-01 2.500000e-01 2.770428e-01
2.500000e-01 2.500000e-01 2.838134e-01
2.598039e-01 2.500000e-01 2.881374e-01
2.696078e-01 2.500000e-01 2.899083e-01
2.794118e-01 2.500000e-01 2.890874e-01
2.892157e-01 2.500000e-01 2.857050e-01
2.990196e-01 2.500000e-01 2.798594e-01
3.088235e-01 2.500000e-01 2.717113e-01
3.186275e-01 2.500000e-01 2.614774e-01
3.284314e-01 2.500000e-01 2.494202e-01
3.382353e-01 2.500000e-01 2.358372e-01
3.480392e-01 2.500000e-01 2.210489e-01
3.578431e-01 2.500000e-01 2.053865e-01
3.676471e-01 2.500000e-01 1.891798e-01
3.774510e-01 2.500000e-01 1.727463e-01
3.872549e-01 2.500000e-01 1.563815e-01
3.970588e-01 2.500000e-01 1.403513e-01
4.068627e-01 2.500000e-01 1.248857e-01
4.166667e-01 2.500000e-01 1.101758e-01
4.264706e-01 2.500000e-01 9.637128e-02
4.362745e-01 2.500000e-01 8.358107e-02
4.460784e-01 2.500000e-01 7.187504e-02
4.558824e-01 2.500000e-01 6.128707e-02
4.656863e-01 2.500000e-01 5.181921e-02
4.754902e-01 2.500000e-01 4.344647e-02
4.852941e-01 2.500000e-01 3.612187e-02
4.950980e-01 2.500000e-01 2.978163e-02
5.049020e-01 2.500000e-01 2.435001e-02
5.147059e-01 2.500000e-01 1.974388e-02
5.245098e-01 2.500000e-01 1.587662e-02
5.343137e-01 2.500000e-01 1.266153e-02
5.441176e-01 2.500000e-01 1.001443e-02
5.539216e-01 2.500000e-01 7.855760e-03
5.637255e-01 2.500000e-01 6.111968e-03
5.735294e-01 2.500000e-01 4.716441e-03
5.833333e-01 2.500000e-01 3.609919e-03
5.931373e-01 2.500000e-01 2.740561e-03
6.029412e-01 2.500000e-01 2.063714e-03
6.127451e-01 2.500000e-01 1.541475e-03
6.225490e-01 2.500000e-01 1.142113e-03
6.323529e-01 2.500000e-01 8.394146e-04
6.421569e-01 2.500000e-01 6.119945e-04
6.519608e-01 2.500000e-01 4.426204e-04
6.617647e-01 2.500000e-01 3.175694e-04
6.715686e-01 2.500000e-01 2.260385e-04
6.813725e-01 2.500000e-01 1.596187e-04
6.911765e-01 2.500000e-01 1.118367e-04
7.009804e-01 2.500000e-01 7.776362e-05
7.107843e-01 2.500000e-01 5.368870e-05
7.205882e-01 2.500000e-01 3.685125e-05
7.303922e-01 2.500000e-01 2.522545e-05
7.401961e-01 2.500000e-01 1.735122e-05
7.500000e-01 2.500000e-01 1.220521e-05
7.598039e-01 2.500000e-01 9.106723e-06
7.696078e-01 2.500000e-01 7.654353e-06
7.794118e-01 2.500000e-01 7.690792e-06
7.892157e-01 2.500000e-01 9.294546e-06
7.990196e-01 2.500000e-01 1.279912e-05
8.088235e-01 2.500000e-01 1.884189e-05
8.186275e-01 2.500000e-01 2.844675e-05
8.284314e-01 2.500000e-01 4.314624e-05
8.382353e-01 2.500000e-01 6.515067e-05
8.480392e-01 2.500000e-01 9.757296e-05
8.578431e-01 2.500000e-01 1.447187e-04
8.676471e-01 2.500000e-01 2.124516e-04
8.774510e-01 2.500000e-01 3.086421e-04
8.872549e-01 2.500000e-01 4.437075e-04
8.970588e-01 2.500000e-01 6.312440e-04
9.068627e-01 2.500000e-01 8.887476e-04
9.166667e-01 2.500000e-01 1.238413e-03
9.264706e-01 2.500000e-01 1.707982e-03
9.362745e-01 2.500000e-01 2.331618e-03
9.460784e-01 2.500000e-01 3.150730e-03
9.558824e-01 2.500000e-01 4.214711e-03
9.656863e-01 2.500000e-01 5.581480e-03
9.754902e-01 2.500000e-01 7.317743e-03
9.852941e-01 2.500000e-01 9.498863e-03
9.950980e-01 2.500000e-01 1.220823e-02
4.901961e-03 2.598039e-01 1.001527e-02
1.470588e-02 2.598039e-01 1.285325e-02
2.450980e-02 2.598039e-01 1.633306e-02
3.431373e-02 2.598039e-01 2.055154e-02
4.411765e-02 2.598039e-01 2.560720e-02
5.392157e-02 2.598039e-01 3.159648e-02
6.372549e-02 2.598039e-01 3.860926e-02
7.352941e-02 2.598039e-01 4.672376e-02
8.333333e-02 2.598039e-01 5.600082e-02
9.313725e-02 2.598039e-01 6.647801e-02
1.029412e-01 2.598039e-01 7.816369e-02
1.127451e-01 2.598039e-01 9.103147e-02
1.225490e-01 2.598039e-01 1.050155e-01
1.323529e-01 2.598039e-01 1.200070e-01
1.421569e-01 2.598039e-01 1.358520e-01
1.519608e-01 2.598039e-01 1.523517e-01
1.617647e-01 2.598039e-01 1.692645e-01
1.715686e-01 2.598039e-01 1.863099e-01
1.813725e-01 2.598039e-01 2.031762e-01
1.911765e-01 2.598039e-01 2.195285e-01
2.009804e-01 2.598039e-01 2.350199e-01
2.107843e-01 2.598039e-01 2.493034e-01
2.205882e-01 2.598039e-01 2.620448e-01
2.303922e-01 2.598039e-01 2.729360e-01
2.401961e-01 2.598039e-01 2.817070e-01
2.500000e-01 2.598039e-01 2.881374e-01
2.598039e-01 2.598039e-01 2.920656e-01
2.696078e-01 2.598039e-01 2.933952e-01
2.794118e-01 2.598039e-01 2.920994e-01
2.892157e-01 2.598039e-01 2.882216e-01
2.990196e-01 2.598039e-01 2.818729e-01
3.088235e-01 2.598039e-01 2.732271e-01
3.186275e-01 2.598039e-01 2.625129e-01
3.284314e-01 2.598039e-01 2.500035e-01
3.382353e-01 2.598039e-01 2.360057e-01
3.480392e-01 2.598039e-01 2.208474e-01
3.578431e-01 2.598039e-01 2.048647e-01
3.676471e-01 2.598039e-01 1.883906e-01
3.774510e-01 2.598039e-01 1.717434e-01
3.872549e-01 2.598039e-01 1.552177e-01
3.970588e-01 2.598039e-01 1.390768e-01
4.068627e-01 2.598039e-01 1.235468e-01
4.166667e-01 2.598039e-01 1.088135e-01
4.264706e-01 2.598039e-01 9.502101e-02
4.362745e-01 2.598039e-01 8.227225e-02
4.460784e-01 2.598039e-01 7.063090e-02
4.558824e-01 2.598039e-01 6.012490e-02
4.656863e-01 2.598039e-01 5.075082e-02
4.754902e-01 2.598039e-01 4.247869e-02
4.852941e-01 2.598039e-01 3.525730e-02
4.950980e-01 2.598039e-01 2.901932e-02
5.049020e-01 2.598039e-01 2.368621e-02
5.147059e-01 2.598039e-01 1.917274e-02
5.245098e-01 2.598039e-01 1.539087e-02
5.343137e-01 2.598039e-01 1.225299e-02
5.441176e-01 2.598039e-01 9.674555e-03
5.539216e-01 2.598039e-01 7.575986e-03
5.637255e-01 2.598039e-01 5.884047e-03
5.735294e-01 2.598039e-01 4.532641e-03
5.833333e-01 2.598039e-01 3.463172e-03
5.931373e-01 2.598039e-01 2.624541e-03
6.029412e-01 2.598039e-01 1.972870e-03
6.127451e-01 2.598039e-01 1.471019e-03
6.225490e-01 2.598039e-01 1.087981e-03
6.323529e-01 2.598039e-01 7.982100e-04
6.421569e-01 2.598039e-01 5.809173e-04
6.519608e-01 2.598039e-01 4.193940e-04
6.617647e-01 2.598039e-01 3.003666e-04
6.715686e-01 2.598039e-01 2.134110e-04
6.813725e-01 2.598039e-01 1.504322e-04
6.911765e-01 2.598039e-01 1.052134e-04
7.009804e-01 2.598039e-01 7.303212e-05
7.107843e-01 2.598039e-01 5.034187e-05
7.205882e-01 2.598039e-01 3.451104e-05
7.303922e-01 2.598039e-01 2.361465e-05
7.401961e-01 2.598039e-01 1.627129e-05
7.500000e-01 2.598039e-01 1.151963e-05
7.598039e-01 2.598039e-01 8.729300e-06
7.696078e-01 2.598039e-01 7.542213e-06
7.794118e-01 2.598039e-01 7.841898e-06
7.892157e-01 2.598039e-01 9.749940e-06
7.990196e-01 2.598039e-01 1.365032e-05
8.088235e-01 2.598039e-01 2.024429e-05
8.186275e-01 2.598039e-01 3.064015e-05
8.284314e-01 2.598039e-01 4.648410e-05
8.382353e-01 2.598039e-01 7.014001e-05
8.480392e-01 2.598039e-01 1.049271e-04
8.578431e-01 2.598039e-01 1.554254e-04
8.676471e-01 2.598039e-01 2.278591e-04
8.774510e-01 2.598039e-01 3.305659e-04
8.872549e-01 2.598039e-01 4.745592e-04
8.970588e-01 2.598039e-01 6.741840e-04
9.068627e-01 2.598039e-01 9.478622e-04
9.166667e-01 2.598039e-01 1.318913e-03
9.264706e-01 2.598039e-01 1.816421e-03
9.362745e-01 2.598039e-01 2.476118e-03
9.460784e-01 2.598039e-01 3.341213e-03
9.558824e-01 2.598039e-01 4.463116e-03
9.656863e-01 2.598039e-01 5.901946e-03
9.754902e-01 2.598039e-01 7.726744e-03
9.852941e-01 2.598039e-01 1.001527e-02
9.950980e-01 2.598039e-01 1.285325e-02
4.901961e-03 2.696078e-01 1.046647e-02
1.470588e-02 2.696078e-01 1.341277e-02
2.450980e-02 2.696078e-01 1.701917e-02
3.431373e-02 2.696078e-01 2.138349e-02
4.411765e-02 2.696078e-01 2.660465e-02
5.392157e-02 2.696078e-01 3.277880e-02
6.372549e-02 2.696078e-01 3.999471e-02
7.352941e-02 2.696078e-01 4.832850e-02
8.333333e-02 2.696078e-01 5.783787e-02
9.313725e-02 2.696078e-01 6.855608e-02
1.029412e-01 2.696078e-01 8.048609e-02
1.127451e-01 2.696078e-01 9.359505e-02
1.225490e-01 2.696078e-01 1.078098e-01
1.323529e-01 2.696078e-01 1.230133e-01
1.421569e-01 2.696078e-01 1.390434e-01
1.519608e-01 2.696078e-01 1.556927e-01
1.617647e-01 2.696078e-01 1.727113e-01
1.715686e-01 2.696078e-01 1.898117e-01
1.813725e-01 2.696078e-01 2.066758e-01
1.911765e-01 2.696078e-01 2.229642e-01
2.009804e-01 2.696078e-01 2.383274e-01
2.107843e-01 2.696078e-01 2.524180e-01
2.205882e-01 2.696078e-01 2.649039e-01
2.303922e-01 2.696078e-01 2.754812e-01
2.401961e-01 2.696078e-01 2.838866e-01
2.500000e-01 2.696078e-01 2.899083e-01
2.598039e-01 2.696078e-01 2.933952e-01
2.696078e-01 2.696078e-01 2.942625e-01
2.794118e-01 2.696078e-01 2.924958e-01
2.892157e-01 2.696078e-01 2.881511e-01
2.990196e-01 2.696078e-01 2.813517e-01
3.088235e-01 2.696078e-01 2.722829e-01
3.186275e-01 2.696078e-01 2.611832e-01
3.284314e-01 2.696078e-01 2.483342e-01
3.382353e-01 2.696078e-01 2.340488e-01
3.480392e-01 2.696078e-01 2.186590e-01
3.578431e-01 2.696078e-01 2.025029e-01
3.676471e-01 2.696078e-01 1.859131e-01
3.774510e-01 2.696078e-01 1.692059e-01
3.872549e-01 2.696078e-01 1.526719e-01
3.970588e-01 2.696078e-01 1.365691e-01
4.068627e-01 2.696078e-01 1.211175e-01
4.166667e-01 2.696078e-01 1.064961e-01
4.264706e-01 2.696078e-01 9.284186e-02
4.362745e-01 2.696078e-01 8.025065e-02
4.460784e-01 2.696078e-01 6.877944e-02
4.558824e-01 2.696078e-01 5.845003e-02
4.656863e-01 2.696078e-01 4.925356e-02
4.754902e-01 2.696078e-01 4.115548e-02
4.852941e-01 2.696078e-01 3.410086e-02
4.950980e-01 2.696078e-01 2.801953e-02
5.049020e-01 2.696078e-01 2.283097e-02
5.147059e-01 2.696078e-01 1.844871e-02
5.245098e-01 2.696078e-01 1.478412e-02
5.343137e-01 2.696078e-01 1.174960e-02
5.441176e-01 2.696078e-01 9.260998e-03
5.539216e-01 2.696078e-01 7.239520e-03
5.637255e-01 2.696078e-01 5.612913e-03
5.735294e-01 2.696078e-01 4.316213e-03
5.833333e-01 2.696078e-01 3.292021e-03
5.931373e-01 2.696078e-01 2.490443e-03
6.029412e-01 2.696078e-01 1.868763e-03
6.127451e-01 2.696078e-01 1.390926e-03
6.225490e-01 2.696078e-01 1.026917e-03
6.323529e-01 2.696078e-01 7.520671e-04
6.421569e-01 2.696078e-01 5.463578e-04
6.519608e-01 2.696078e-01 3.937372e-04
6.617647e-01 2.696078e-01 2.814852e-04
6.715686e-01 2.696078e-01 1.996364e-04
6.813725e-01 2.696078e-01 1.404704e-04
6.911765e-01 2.696078e-01 9.807183e-05
7.009804e-01 2.696078e-01 6.795826e-05
7.107843e-01 2.696078e-01 4.677149e-05
7.205882e-01 2.696078e-01 3.202656e-05
7.303922e-01 2.696078e-01 2.191169e-05
7.401961e-01 2.696078e-01 1.513280e-05
7.500000e-01 2.696078e-01 1.079642e-05
7.598039e-01 2.696078e-01 8.326306e-06
7.696078e-01 2.696078e-01 7.409910e-06
7.794118e-01 2.696078e-01 7.972520e-06
7.892157e-01 2.696078e-01 1.017849e-05
7.990196e-01 2.696078e-01 1.446069e-05
8.088235e-01 2.696078e-01 2.158099e-05
8.186275e-01 2.696078e-01 3.272676e-05
8.284314e-01 2.696078e-01 4.964956e-05
8.382353e-01 2.696078e-01 7.485439e-05
8.480392e-01 2.696078e-01 1.118486e-04
8.578431e-01 2.696078e-01 1.654608e-04
8.676471e-01 2.696078e-01 2.422390e-04
8.774510e-01 2.696078e-01 3.509370e-04
8.872549e-01 2.696078e-01 5.030947e-04
8.970588e-01 2.696078e-01 7.137127e-04
9.068627e-01 2.696078e-01 1.002014e-03
9.166667e-01 2.696078e-01 1.392281e-03
9.264706e-01 2.696078e-01 1.914732e-03
9.362745e-01 2.696078e-01 2.606404e-03
9.460784e-01 2.696078e-01 3.511979e-03
9.558824e-01 2.696078e-01 4.684479e-03
9.656863e-01 2.696078e-01 6.185743e-03
9.754902e-01 2.696078e-01 8.086578e-03
9.852941e-01 2.696078e-01 1.046647e-02
9.950980e-01 2.696078e-01 1.341277e-02
4.901961e-03 2.794118e-01 1.084172e-02
1.470588e-02 2.794118e-01 1.387337e-02
2.450980e-02 2.794118e-01 1.757783e-02
3.431373e-02 2.794118e-01 2.205296e-02
4.411765e-02 2.794118e-01 2.739713e-02
5.392157e-02 2.794118e-01 3.370524e-02
6.372549e-02 2.794118e-01 4.106404e-02
7.352941e-02 2.794118e-01 4.954673e-02
8.333333e-02 2.794118e-01 5.920716e-02
9.313725e-02 2.794118e-01 7.007383e-02
1.029412e-01 2.794118e-01 8.214411e-02
1.127451e-01 2.794118e-01 9.537882e-02
1.225490e-01 2.794118e-01 1.096979e-01
1.323529e-01 2.794118e-01 1.249773e-01
1.421569e-01 2.794118e-01 1.410477e-01
1.519608e-01 2.794118e-01 1.576952e-01
1.617647e-01 2.794118e-01 1.746639e-01
1.715686e-01 2.794118e-01 1.916616e-01
1.813725e-01 2.794118e-01 2.083671e-01
1.911765e-01 2.794118e-01 2.244398e-01
2.009804e-01 2.794118e-01 2.395309e-01
2.107843e-01 2.794118e-01 2.532962e-01
2.205882e-01 2.794118e-01 2.654087e-01
2.303922e-01 2.794118e-01 2.755719e-01
2.401961e-01 2.794118e-01 2.835317e-01
2.500000e-01 2.794118e-01 2.890874e-01
2.598039e-01 2.794118e-01 2.920994e-01
2.696078e-01 2.794118e-01 2.924958e-01
2.794118e-01 2.794118e-01 2.902747e-01
2.892157e-01 2.794118e-01 2.855041e-01
2.990196e-01 2.794118e-01 2.783184e-01
3.088235e-01 2.794118e-01 2.689123e-01
3.186275e-01 2.794118e-01 2.575320e-01
3.284314e-01 2.794118e-01 2.444646e-01
3.382353e-01 2.794118e-01 2.300261e-01
3.480392e-01 2.794118e-01 2.145493e-01
3.578431e-01 2.794118e-01 1.983707e-01
3.676471e-01 2.794118e-01 1.818196e-01
3.774510e-01 2.794118e-01 1.652069e-01
3.872549e-01 2.794118e-01 1.488167e-01
3.970588e-01 2.794118e-01 1.328993e-01
4.068627e-01 2.794118e-01 1.176664e-01
4.166667e-01 2.794118e-01 1.032886e-01
4.264706e-01 2.794118e-01 8.989455e-02
4.362745e-01 2.794118e-01 7.757229e-02
4.460784e-01 2.794118e-01 6.637170e-02
4.558824e-01 2.794118e-01 5.630839e-02
4.656863e-01 2.794118e-01 4.736829e-02
4.754902e-01 2.794118e-01 3.951274e-02
4.852941e-01 2.794118e-01 3.268376e-02
4.950980e-01 2.794118e-01 2.680911e-02
5.049020e-01 2.794118e-01 2.180714e-02
5.147059e-01 2.794118e-01 1.759101e-02
5.245098e-01 2.794118e-01 1.407241e-02
5.343137e-01 2.794118e-01 1.116456e-02
5.441176e-01 2.794118e-01 8.784560e-03
5.539216e-01 2.794118e-01 6.855092e-03
5.637255e-01 2.794118e-01 5.305555e-03
5.735294e-01 2.794118e-01 4.072696e-03
5.833333e-01 2.794118e-01 3.100817e-03
5.931373e-01 2.794118e-01 2.341652e-03
6.029412e-01 2.794118e-01 1.754000e-03
6.127451e-01 2.794118e-01 1.303188e-03
6.225490e-01 2.794118e-01 9.604252e-04
6.323529e-01 2.794118e-01 7.021145e-04
6.421569e-01 2.794118e-01 5.091542e-04
6.519608e-01 2.794118e-01 3.662667e-04
6.617647e-01 2.794118e-01 2.613748e-04
6.715686e-01 2.794118e-01 1.850396e-04
6.813725e-01 2.794118e-01 1.299658e-04
6.911765e-01 2.794118e-01 9.057711e-05
7.009804e-01 2.794118e-01 6.265802e-05
7.107843e-01 2.794118e-01 4.305829e-05
7.205882e-01 2.794118e-01 2.945335e-05
7.303922e-01 2.794118e-01 2.015425e-05
7.401961e-01 2.794118e-01 1.396069e-05
7.500000e-01 2.794118e-01 1.005129e-05
7.598039e-01 2.794118e-01 7.906474e-06
7.696078e-01 2.794118e-01 7.260389e-06
7.794118e-01 2.794118e-01 8.080051e-06
7.892157e-01 2.794118e-01 1.057134e-05
7.990196e-01 2.794118e-01 1.521327e-05
8.088235e-01 2.794118e-01 2.282383e-05
8.186275e-01 2.794118e-01 3.466229e-05
8.284314e-01 2.794118e-01 5.257489e-05
8.382353e-01 2.794118e-01 7.919212e-05
8.480392e-01 2.794118e-01 1.181871e-04
8.578431e-01 2.794118e-01 1.746049e-04
8.676471e-01 2.794118e-01 2.552733e-04
8.774510e-01 2.794118e-01 3.693016e-04
8.872549e-01 2.794118e-01 5.286741e-04
8.970588e-01 2.794118e-01 7.489372e-04
9.068627e-01 2.794118e-01 1.049972e-03
9.166667e-01 2.794118e-01 1.456838e-03
9.264706e-01 2.794118e-01 2.000649e-03
9.362745e-01 2.794118e-01 2.719454e-03
9.460784e-01 2.794118e-01 3.659041e-03
9.558824e-01 2.794118e-01 4.873604e-03
9.656863e-01 2.794118e-01 6.426174e-03
9.754902e-01 2.794118e-01 8.388708e-03
9.852941e-01 2.794118e-01 1.084172e-02
9.950980e-01 2.794118e-01 1.387337e-02
4.901961e-03 2.892157e-01 1.113190e-02
1.470588e-02 2.892157e-01 1.422384e-02
2.450980e-02 2.892157e-01 1.799540e-02
3.431373e-02 2.892157e-01 2.254356e-02
4.411765e-02 2.892157e-01 2.796518e-02
5.392157e-02 2.892157e-01 3.435302e-02
6.372549e-02 2.892157e-01 4.179092e-02
7.352941e-02 2.892157e-01 5.034840e-02
8.333333e-02 2.892157e-01 6.007490e-02
9.313725e-02 2.892157e-01 7.099384e-02
1.029412e-01 2.892157e-01 8.309691e-02
1.127451e-01 2.892157e-01 9.633891e-02
1.225490e-01 2.892157e-01 1.106336e-01
1.323529e-01 2.892157e-01 1.258511e-01
1.421569e-01 2.892157e-01 1.418164e-01
1.519608e-01 2.892157e-01 1.583109e-01
1.617647e-01 2.892157e-01 1.750755e-01
1.715686e-01 2.892157e-01 1.918161e-01
1.813725e-01 2.892157e-01 2.082114e-01
1.911765e-01 2.892157e-01 2.239227e-01
2.009804e-01 2.892157e-01 2.386057e-01
2.107843e-01 2.892157e-01 2.519221e-01
2.205882e-01 2.892157e-01 2.635536e-01
2.303922e-01 2.892157e-01 2.732138e-01
2.401961e-01 2.892157e-01 2.806603e-01
2.500000e-01 2.892157e-01 2.857050e-01
2.598039e-01 2.892157e-01 2.882216e-01
2.696078e-01 2.892157e-01 2.881511e-01
2.794118e-01 2.892157e-01 2.855041e-01
2.892157e-01 2.892157e-01 2.803598e-01
2.990196e-01 2.892157e-01 2.728621e-01
3.088235e-01 2.892157e-01 2.632133e-01
3.186275e-01 2.892157e-01 2.516643e-01
3.284314e-01 2.892157e-01 2.385050e-01
3.382353e-01 2.892157e-01 2.240514e-01
3.480392e-01 2.892157e-01 2.086335e-01
3.578431e-01 2.892157e-01 1.925835e-01
3.676471e-01 2.892157e-01 1.762236e-01
3.774510e-01 2.892157e-01 1.598569e-01
3.872549e-01 2.892157e-01 1.437581e-01
3.970588e-01 2.892157e-01 1.281677e-01
4.068627e-01 2.892157e-01 1.132873e-01
4.166667e-01 2.892157e-01 9.927771e-02
4.264706e-01 2.892157e-01 8.625836e-02
4.362745e-01 2.892157e-01 7.430886e-02
4.460784e-01 2.892157e-01 6.347179e-02
4.558824e-01 2.892157e-01 5.375668e-02
4.656863e-01 2.892157e-01 4.514465e-02
4.754902e-01 2.892157e-01 3.759350e-02
4.852941e-01 2.892157e-01 3.104291e-02
4.950980e-01 2.892157e-01 2.541940e-02
5.049020e-01 2.892157e-01 2.064104e-02
5.147059e-01 2.892157e-01 1.662155e-02
5.245098e-01 2.892157e-01 1.327378e-02
5.343137e-01 2.892157e-01 1.051263e-02
5.441176e-01 2.892157e-01 8.257159e-03
5.539216e-01 2.892157e-01 6.432245e-03
5.637255e-01 2.892157e-01 4.969544e-03
5.735294e-01 2.892157e-01 3.808043e-03
5.833333e-01 2.892157e-01 2.894195e-03
5.931373e-01 2.892157e-01 2.181743e-03
6.029412e-01 2.892157e-01 1.631316e-03
6.127451e-01 2.892157e-01 1.209875e-03
6.225490e-01 2.892157e-01 8.900605e-04
6.323529e-01 2.892157e-01 6.495077e-04
6.421569e-01 2.892157e-01 4.701581e-04
6.519608e-01 2.892157e-01 3.376045e-04
6.617647e-01 2.892157e-01 2.404857e-04
6.715686e-01 2.892157e-01 1.699436e-04
6.813725e-01 2.892157e-01 1.191482e-04
6.911765e-01 2.892157e-01 8.289100e-05
7.009804e-01 2.892157e-01 5.724431e-05
7.107843e-01 2.892157e-01 3.928031e-05
7.205882e-01 2.892157e-01 2.684476e-05
7.303922e-01 2.892157e-01 1.837822e-05
7.401961e-01 2.892157e-01 1.277850e-05
7.500000e-01 2.892157e-01 9.298902e-06
7.598039e-01 2.892157e-01 7.477754e-06
7.696078e-01 2.892157e-01 7.096033e-06
7.794118e-01 2.892157e-01 8.161529e-06
7.892157e-01 2.892157e-01 1.091946e-05
7.990196e-01 2.892157e-01 1.589128e-05
8.088235e-01 2.892157e-01 2.394521e-05
8.186275e-01 2.892157e-01 3.640366e-05
8.284314e-01 2.892157e-01 5.519467e-05
8.382353e-01 2.892157e-01 8.305561e-05
8.480392e-01 2.892157e-01 1.237989e-04
8.578431e-01 2.892157e-01 1.826494e-04
8.676471e-01 2.892157e-01 2.666633e-04
8.774510e-01 2.892157e-01 3.852362e-04
8.872549e-01 2.892157e-01 5.507038e-04
8.970588e-01 2.892157e-01 7.790356e-04
9.068627e-01 2.892157e-01 1.090611e-03
9.166667e-01 2.892157e-01 1.511060e-03
9.264706e-01 2.892157e-01 2.072136e-03
9.362745e-01 2.892157e-01 2.812577e-03
9.460784e-01 2.892157e-01 3.778882e-03
9.558824e-01 2.892157e-01 5.025948e-03
9.656863e-01 2.892157e-01 6.617440e-03
9.754902e-01 2.892157e-01 8.625819e-03
9.852941e-01 2.892157e-01 1.113190e-02
9.950980e-01 2.892157e-01 1.422384e-02
4.901961e-03 2.990196e-01 1.132991e-02
1.470588e-02 2.990196e-01 1.445557e-02
2.450980e-02 2.990196e-01 1.826163e-02
3.431373e-02 2.990196e-01 2.284325e-02
4.411765e-02 2.990196e-01 2.829490e-02
5.392157e-02 2.990196e-01 3.470631e-02
6.372549e-02 2.990196e-01 4.215762e-02
7.352941e-02 2.990196e-01 5.071404e-02
8.333333e-02 2.990196e-01 6.042014e-02
9.313725e-02 2.990196e-01 7.129404e-02
1.029412e-01 2.990196e-01 8.332186e-02
1.127451e-01 2.990196e-01 9.645286e-02
1.225490e-01 2.990196e-01 1.105955e-01
1.323529e-01 2.990196e-01 1.256151e-01
1.421569e-01 2.990196e-01 1.413331e-01
1.519608e-01 2.990196e-01 1.575282e-01
1.617647e-01 2.990196e-01 1.739405e-01
1.715686e-01 2.990196e-01 1.902768e-01
1.813725e-01 2.990196e-01 2.062189e-01
1.911765e-01 2.990196e-01 2.214334e-01
2.009804e-01 2.990196e-01 2.355831e-01
2.107843e-01 2.990196e-01 2.483396e-01
2.205882e-01 2.990196e-01 2.593957e-01
2.303922e-01 2.990196e-01 2.684776e-01
2.401961e-01 2.990196e-01 2.753569e-01
2.500000e-01 2.990196e-01 2.798594e-01
2.598039e-01 2.990196e-01 2.818729e-01
2.696078e-01 2.990196e-01 2.813517e-01
2.794118e-01 2.990196e-01 2.783184e-01
2.892157e-01 2.990196e-01 2.728621e-01
2.990196e-01 2.990196e-01 2.651347e-01
3.088235e-01 2.990196e-01 2.553433e-01
3.186275e-01 2.990196e-01 2.437415e-01
3.284314e-01 2.990196e-01 2.306185e-01
3.382353e-01 2.990196e-01 2.162871e-01
3.480392e-01 2.990196e-01 2.010719e-01
3.578431e-01 2.990196e-01 1.852969e-01
3.676471e-01 2.990196e-01 1.692751e-01
3.774510e-01 2.990196e-01 1.532985e-01
3.872549e-01 2.990196e-01 1.376302e-01
3.970588e-01 2.990196e-01 1.224991e-01
4.068627e-01 2.990196e-01 1.080951e-01
4.166667e-01 2.990196e-01 9.456814e-02
4.264706e-01 2.990196e-01 8.202765e-02
4.362745e-01 2.990196e-01 7.054452e-02
4.460784e-01 2.990196e-01 6.015405e-02
4.558824e-01 2.990196e-01 5.085992e-02
4.656863e-01 2.990196e-01 4.263893e-02
4.754902e-01 2.990196e-01 3.544601e-02
4.852941e-01 2.990196e-01 2.921925e-02
4.950980e-01 2.990196e-01 2.388482e-02
5.049020e-01 2.990196e-01 1.936136e-02
5.147059e-01 2.990196e-01 1.556400e-02
5.245098e-01 2.990196e-01 1.240759e-02
5.343137e-01 2.990196e-01 9.809451e-03
5.441176e-01 2.990196e-01 7.691350e-03
5.539216e-01 2.990196e-01 5.980957e-03
5.637255e-01 2.990196e-01 4.612735e-03
5.735294e-01 2.990196e-01 3.528380e-03
5.833333e-01 2.990196e-01 2.676890e-03
5.931373e-01 2.990196e-01 2.014342e-03
6.029412e-01 2.990196e-01 1.503461e-03
6.127451e-01 2.990196e-01 1.113056e-03
6.225490e-01 2.990196e-01 8.173650e-04
6.323529e-01 2.990196e-01 5.953859e-04
6.421569e-01 2.990196e-01 4.302032e-04
6.519608e-01 2.990196e-01 3.083554e-04
6.617647e-01 2.990196e-01 2.192527e-04
6.715686e-01 2.990196e-01 1.546582e-04
6.813725e-01 2.990196e-01 1.082362e-04
6.911765e-01 2.990196e-01 7.516661e-05
7.009804e-01 2.990196e-01 5.182330e-05
7.107843e-01 2.990196e-01 3.551039e-05
7.205882e-01 2.990196e-01 2.425018e-05
7.303922e-01 2.990196e-01 1.661656e-05
7.401961e-01 2.990196e-01 1.160766e-05
7.500000e-01 2.990196e-01 8.552420e-06
7.598039e-01 2.990196e-01 7.047095e-06
7.696078e-01 2.990196e-01 6.918633e-06
7.794118e-01 2.990196e-01 8.213774e-06
7.892157e-01 2.990196e-01 1.121404e-05
7.990196e-01 2.990196e-01 1.647866e-05
8.088235e-01 2.990196e-01 2.491908e-05
8.186275e-01 2.990196e-01 3.791061e-05
8.284314e-01 2.990196e-01 5.744823e-05
8.382353e-01 2.990196e-01 8.635508e-05
8.480392e-01 2.990196e-01 1.285531e-04
8.578431e-01 2.990196e-01 1.894055e-04
8.676471e-01 2.990196e-01 2.761407e-04
8.774510e-01 2.990196e-01 3.983637e-04
8.872549e-01 2.990196e-01 5.686602e-04
8.970588e-01 2.990196e-01 8.032892e-04
9.068627e-01 2.990196e-01 1.122956e-03
9.166667e-01 2.990196e-01 1.553643e-03
9.264706e-01 2.990196e-01 2.127468e-03
9.362745e-01 2.990196e-01 2.883517e-03
9.460784e-01 2.990196e-01 3.868593e-03
9.558824e-01 2.990196e-01 5.137803e-03
9.656863e-01 2.990196e-01 6.754875e-03
9.754902e-01 2.990196e-01 8.792118e-03
9.852941e-01 2.990196e-01 1.132991e-02
9.950980e-01 2.990196e-01 1.445557e-02
4.901961e-03 3.088235e-01 1.143094e-02
1.470588e-02 3.088235e-01 1.456299e-02
2.450980e-02 3.088235e-01 1.837014e-02
3.431373e-02 3.088235e-01 2.294489e-02
4.411765e-02 3.088235e-01 2.837850e-02
5.392157e-02 3.088235e-01 3.475687e-02
6.372549e-02 3.088235e-01 4.215576e-02
7.352941e-02 3.088235e-01 5.063553e-02
8.333333e-02 3.088235e-01 6.023556e-02
9.313725e-02 3.088235e-01 7.096860e-02
1.029412e-01 3.088235e-01 8.281546e-02
1.127451e-01 3.088235e-01 9.572046e-02
1.225490e-01 3.088235e-01 1.095878e-01
1.323529e-01 3.088235e-01 1.242794e-01
1.421569e-01 3.088235e-01 1.396147e-01
1.519608e-01 3.088235e-01 1.553723e-01
1.617647e-01 3.088235e-01 1.712938e-01
1.715686e-01 3.088235e-01 1.870898e-01
1.813725e-01 3.088235e-01 2.024481e-01
1.911765e-01 3.088235e-01 2.170437e-01
2.009804e-01 3.088235e-01 2.305498e-01
2.107843e-01 3.088235e-01 2.426502e-01
2.205882e-01 3.088235e-01 2.530516e-01
2.303922e-01 3.088235e-01 2.614953e-01
2.401961e-01 3.088235e-01 2.677682e-01
2.500000e-01 3.088235e-01 2.717113e-01
2.598039e-01 3.088235e-01 2.732271e-01
2.696078e-01 3.088235e-01 2.722829e-01
2.794118e-01 3.088235e-01 2.689123e-01
2.892157e-01 3.088235e-01 2.632133e-01
2.990196e-01 3.088235e-01 2.553433e-01
3.088235e-01 3.088235e-01 2.455123e-01
3.186275e-01 3.088235e-01 2.339738e-01
3.284314e-01 3.088235e-01 2.210133e-01
3.382353e-01 3.088235e-01 2.069375e-01
3.480392e-01 3.088235e-01 1.920621e-01
3.578431e-01 3.088235e-01 1.767007e-01
3.676471e-01 3.088235e-01 1.611538e-01
3.774510e-01 3.088235e-01 1.457002e-01
3.872549e-01 3.088235e-01 1.305897e-01
3.970588e-01 3.088235e-01 1.160375e-01
4.068627e-01 3.088235e-01 1.022209e-01
4.166667e-01 3.088235e-01 8.927797e-02
4.264706e-01 3.088235e-01 7.730779e-02
4.362745e-01 3.088235e-01 6.637240e-02
4.460784e-01 3.088235e-01 5.649995e-02
4.558824e-01 3.088235e-01 4.768870e-02
4.656863e-01 3.088235e-01 3.991172e-02
4.754902e-01 3.088235e-01 3.312177e-02
4.852941e-01 3.088235e-01 2.725619e-02
4.950980e-01 3.088235e-01 2.224156e-02
5.049020e-01 3.088235e-01 1.799801e-02
5.147059e-01 3.088235e-01 1.444284e-02
5.245098e-01 3.088235e-01 1.149369e-02
5.343137e-01 3.088235e-01 9.070992e-03
5.441176e-01 3.088235e-01 7.099840e-03
5.539216e-01 3.088235e-01 5.511251e-03
5.637255e-01 3.088235e-01 4.242963e-03
5.735294e-01 3.088235e-01 3.239777e-03
5.833333e-01 3.088235e-01 2.453561e-03
5.931373e-01 3.088235e-01 1.842994e-03
6.029412e-01 3.088235e-01 1.373109e-03
6.127451e-01 3.088235e-01 1.014727e-03
6.225490e-01 3.088235e-01 7.438165e-04
6.323529e-01 3.088235e-01 5.408333e-04
6.421569e-01 3.088235e-01 3.900780e-04
6.519608e-01 3.088235e-01 2.790875e-04
6.617647e-01 3.088235e-01 1.980814e-04
6.715686e-01 3.088235e-01 1.394705e-04
6.813725e-01 3.088235e-01 9.743125e-05
6.911765e-01 3.088235e-01 6.754375e-05
7.009804e-01 3.088235e-01 4.649119e-05
7.107843e-01 3.088235e-01 3.181408e-05
7.205882e-01 3.088235e-01 2.171373e-05
7.303922e-01 3.088235e-01 1.489850e-05
7.401961e-01 3.088235e-01 1.046696e-05
7.500000e-01 3.088235e-01 7.823221e-06
7.598039e-01 3.088235e-01 6.620319e-06
7.696078e-01 3.088235e-01 6.729411e-06
7.794118e-01 3.088235e-01 8.233578e-06
7.892157e-01 3.088235e-01 1.144687e-05
7.990196e-01 3.088235e-01 1.696076e-05
8.088235e-01 3.088235e-01 2.572197e-05
8.186275e-01 3.088235e-01 3.914721e-05
8.284314e-01 3.088235e-01 5.928201e-05
8.382353e-01 3.088235e-01 8.901201e-05
8.480392e-01 3.088235e-01 1.323362e-04
8.578431e-01 3.088235e-01 1.947117e-04
8.676471e-01 3.088235e-01 2.834778e-04
8.774510e-01 3.088235e-01 4.083680e-04
8.872549e-01 3.088235e-01 5.821097e-04
8.970588e-01 3.088235e-01 8.211113e-04
9.068627e-01 3.088235e-01 1.146223e-03
9.166667e-01 3.088235e-01 1.583553e-03
9.264706e-01 3.088235e-01 2.165298e-03
9.362745e-01 3.088235e-01 2.930547e-03
9.460784e-01 3.088235e-01 3.925989e-03
9.558824e-01 3.088235e-01 5.206445e-03
9.656863e-01 3.088235e-01 6.835134e-03
9.754902e-01 3.088235e-01 8.883563e-03
9.852941e-01 3.088235e-01 1.143094e-02
9.950980e-01 3.088235e-01 1.456299e-02
4.901961e-03 3.186275e-01 1.143269e-02
1.470588e-02 3.186275e-01 1.454370e-02
2.450980e-02 3.186275e-01 1.831860e-02
3.431373e-02 3.186275e-01 2.284648e-02
4.411765e-02 3.186275e-01 2.821460e-02
5.392157e-02 3.186275e-01 3.450436e-02
6.372549e-02 3.186275e-01 4.178658e-02
7.352941e-02 3.186275e-01 5.011638e-02
8.333333e-02 3.186275e-01 5.952772e-02
9.313725e-02 3.186275e-01 7.002808e-02
1.029412e-01 3.186275e-01 8.159337e-02
1.127451e-01 3.186275e-01 9.416366e-02
1.225490e-01 3.186275e-01 1.076399e-01
1.323529e-01 3.186275e-01 1.218823e-01
1.421569e-01 3.186275e-01 1.367102e-01
1.519608e-01 3.186275e-01 1.519041e-01
1.617647e-01 3.186275e-01 1.672095e-01
1.715686e-01 3.186275e-01 1.823436e-01
1.813725e-01 3.186275e-01 1.970031e-01
1.911765e-01 3.186275e-01 2.108739e-01
2.009804e-01 3.186275e-01 2.236427e-01
2.107843e-01 3.186275e-01 2.350080e-01
2.205882e-01 3.186275e-01 2.446925e-01
2.303922e-01 3.186275e-01 2.524543e-01
2.401961e-01 3.186275e-01 2.580969e-01
2.500000e-01 3.186275e-01 2.614774e-01
2.598039e-01 3.186275e-01 2.625129e-01
2.696078e-01 3.186275e-01 2.611832e-01
2.794118e-01 3.186275e-01 2.575320e-01
2.892157e-01 3.186275e-01 2.516643e-01
2.990196e-01 3.186275e-01 2.437415e-01
3.088235e-01 3.186275e-01 2.339738e-01
3.186275e-01 3.186275e-01 2.226115e-01
3.284314e-01 3.186275e-01 2.099340e-01
3.382353e-01 3.186275e-01 1.962391e-01
3.480392e-01 3.186275e-01 1.818309e-01
3.578431e-01 3.186275e-01 1.670096e-01
3.676471e-01 3.186275e-01 1.520613e-01
3.774510e-01 3.186275e-01 1.372496e-01
3.872549e-01 3.186275e-01 1.228090e-01
3.970588e-01 3.186275e-01 1.089400e-01
4.068627e-01 3.186275e-01 9.580643e-02
4.166667e-01 3.186275e-01 8.353389e-02
4.264706e-01 3.186275e-01 7.221090e-02
4.362745e-01 3.186275e-01 6.189077e-02
4.460784e-01 3.186275e-01 5.259481e-02
4.558824e-01 3.186275e-01 4.431640e-02
4.656863e-01 3.186275e-01 3.702554e-02
4.754902e-01 3.186275e-01 3.067355e-02
4.852941e-01 3.186275e-01 2.519781e-02
4.950980e-01 3.186275e-01 2.052617e-02
5.049020e-01 3.186275e-01 1.658096e-02
5.147059e-01 3.186275e-01 1.328245e-02
5.245098e-01 3.186275e-01 1.055171e-02
5.343137e-01 3.186275e-01 8.312928e-03
5.441176e-01 3.186275e-01 6.495030e-03
5.539216e-01 3.186275e-01 5.032848e-03
5.637255e-01 3.186275e-01 3.867779e-03
5.735294e-01 3.186275e-01 2.948043e-03
5.833333e-01 3.186275e-01 2.228638e-03
5.931373e-01 3.186275e-01 1.671045e-03
6.029412e-01 3.186275e-01 1.242764e-03
6.127451e-01 3.186275e-01 9.167485e-04
6.225490e-01 3.186275e-01 6.707820e-04
6.323529e-01 3.186275e-01 4.868458e-04
6.421569e-01 3.186275e-01 3.505015e-04
6.519608e-01 3.186275e-01 2.503153e-04
6.617647e-01 3.186275e-01 1.773365e-04
6.715686e-01 3.186275e-01 1.246366e-04
6.813725e-01 3.186275e-01 8.691152e-05
6.911765e-01 3.186275e-01 6.014535e-05
7.009804e-01 3.186275e-01 4.133192e-05
7.107843e-01 3.186275e-01 2.824809e-05
7.205882e-01 3.186275e-01 1.927326e-05
7.303922e-01 3.186275e-01 1.324883e-05
7.401961e-01 3.186275e-01 9.372191e-06
7.500000e-01 3.186275e-01 7.120700e-06
7.598039e-01 3.186275e-01 6.202069e-06
7.696078e-01 3.186275e-01 6.529089e-06
7.794118e-01 3.186275e-01 8.217906e-06
7.892157e-01 3.186275e-01 1.161066e-05
7.990196e-01 3.186275e-01 1.732492e-05
8.088235e-01 3.186275e-01 2.633393e-05
8.186275e-01 3.186275e-01 4.008336e-05
8.284314e-01 3.186275e-01 6.065164e-05
8.382353e-01 3.186275e-01 9.096226e-05
8.480392e-01 3.186275e-01 1.350570e-04
8.578431e-01 3.186275e-01 1.984397e-04
8.676471e-01 3.186275e-01 2.884974e-04
8.774510e-01 3.186275e-01 4.150070e-04
8.872549e-01 3.186275e-01 5.907269e-04
8.970588e-01 3.186275e-01 8.320705e-04
9.068627e-01 3.186275e-01 1.159850e-03
9.166667e-01 3.186275e-01 1.600068e-03
9.264706e-01 3.186275e-01 2.184715e-03
9.362745e-01 3.186275e-01 2.952538e-03
9.460784e-01 3.186275e-01 3.949698e-03
9.558824e-01 3.186275e-01 5.230246e-03
9.656863e-01 3.186275e-01 6.856332e-03
9.754902e-01 3.186275e-01 8.898032e-03
9.852941e-01 3.186275e-01 1.143269e-02
9.950980e-01 3.186275e-01 1.454370e-02
4.901961e-03 3.284314e-01 1.133545e-02
1.470588e-02 3.284314e-01 1.439862e-02
2.450980e-02 3.284314e-01 1.810890e-02
3.431373e-02 3.284314e-01 2.255124e-02
4.411765e-02 3.284314e-01 2.780828e-02
5.392157e-02 3.284314e-01 3.395635e-02
6.372549e-02 3.284314e-01 4.106090e-02
7.352941e-02 3.284314e-01 4.917151e-02
8.333333e-02 3.284314e-01 5.831672e-02
9.313725e-02 3.284314e-01 6.849892e-02
1.029412e-01 3.284314e-01 7.968961e-02
1.127451e-01 3.284314e-01 9.182547e-02
1.225490e-01 3.284314e-01 1.048055e-01
1.323529e-01 3.284314e-01 1.184894e-01
1.421569e-01 3.284314e-01 1.326985e-01
1.519608e-01 3.284314e-01 1.472170e-01
1.617647e-01 3.284314e-01 1.617971e-01
1.715686e-01 3.284314e-01 1.761649e-01
1.813725e-01 3.284314e-01 1.900285e-01
1.911765e-01 3.284314e-01 2.030874e-01
2.009804e-01 3.284314e-01 2.150437e-01
2.107843e-01 3.284314e-01 2.256131e-01
2.205882e-01 3.284314e-01 2.345361e-01
2.303922e-01 3.284314e-01 2.415889e-01
2.401961e-01 3.284314e-01 2.465924e-01
2.500000e-01 3.284314e-01 2.494202e-01
2.598039e-01 3.284314e-01 2.500035e-01
2.696078e-01 3.284314e-01 2.483342e-01
2.794118e-01 3.284314e-01 2.444646e-01
2.892157e-01 3.284314e-01 2.385050e-01
2.990196e-01 3.284314e-01 2.306185e-01
3.088235e-01 3.284314e-01 2.210133e-01
3.186275e-01 3.284314e-01 2.099340e-01
3.284314e-01 3.284314e-01 1.976515e-01
3.382353e-01 3.284314e-01 1.844516e-01
3.480392e-01 3.284314e-01 1.706246e-01
3.578431e-01 3.284314e-01 1.564553e-01
3.676471e-01 3.284314e-01 1.422133e-01
3.774510e-01 3.284314e-01 1.281453e-01
3.872549e-01 3.284314e-01 1.144695e-01
3.970588e-01 3.284314e-01 1.013708e-01
4.068627e-01 3.284314e-01 8.899865e-02
4.166667e-01 3.284314e-01 7.746624e-02
4.264706e-01 3.284314e-01 6.685151e-02
4.362745e-01 3.284314e-01 5.719930e-02
4.460784e-01 3.284314e-01 4.852458e-02
4.558824e-01 3.284314e-01 4.081644e-02
4.656863e-01 3.284314e-01 3.404250e-02
4.754902e-01 3.284314e-01 2.815342e-02
4.852941e-01 3.284314e-01 2.308739e-02
4.950980e-01 3.284314e-01 1.877424e-02
5.049020e-01 3.284314e-01 1.513925e-02
5.147059e-01 3.284314e-01 1.210627e-02
5.245098e-01 3.284314e-01 9.600429e-03
5.343137e-01 3.284314e-01 7.550138e-03
5.441176e-01 3.284314e-01 5.888611e-03
5.539216e-01 3.284314e-01 4.554849e-03
5.637255e-01 3.284314e-01 3.494201e-03
5.735294e-01 3.284314e-01 2.658544e-03
5.833333e-01 3.284314e-01 2.006186e-03
5.931373e-01 3.284314e-01 1.501547e-03
6.029412e-01 3.284314e-01 1.114695e-03
6.127451e-01 3.284314e-01 8.207899e-04
6.225490e-01 3.284314e-01 5.994808e-04
6.323529e-01 3.284314e-01 4.343054e-04
6.421569e-01 3.284314e-01 3.121054e-04
6.519608e-01 3.284314e-01 2.224871e-04
6.617647e-01 3.284314e-01 1.573333e-04
6.715686e-01 3.284314e-01 1.103762e-04
6.813725e-01 3.284314e-01 7.682861e-05
6.911765e-01 3.284314e-01 5.307498e-05
7.009804e-01 3.284314e-01 3.641554e-05
7.107843e-01 3.284314e-01 2.485927e-05
7.205882e-01 3.284314e-01 1.695968e-05
7.303922e-01 3.284314e-01 1.168759e-05
7.401961e-01 3.284314e-01 8.335912e-06
7.500000e-01 3.284314e-01 6.452198e-06
7.598039e-01 3.284314e-01 5.795830e-06
7.696078e-01 3.284314e-01 6.318007e-06
7.794118e-01 3.284314e-01 8.164110e-06
7.892157e-01 3.284314e-01 1.169946e-05
7.990196e-01 3.284314e-01 1.756105e-05
8.088235e-01 3.284314e-01 2.673935e-05
8.186275e-01 3.284314e-01 4.069593e-05
8.284314e-01 3.284314e-01 6.152380e-05
8.382353e-01 3.284314e-01 9.215866e-05
8.480392e-01 3.284314e-01 1.366499e-04
8.578431e-01 3.284314e-01 2.004999e-04
8.676471e-01 3.284314e-01 2.910791e-04
8.774510e-01 3.284314e-01 4.181223e-04
8.872549e-01 3.284314e-01 5.943070e-04
8.970588e-01 3.284314e-01 8.359084e-04
9.068627e-01 3.284314e-01 1.163519e-03
9.166667e-01 3.284314e-01 1.602806e-03
9.264706e-01 3.284314e-01 2.185280e-03
9.362745e-01 3.284314e-01 2.949006e-03
9.460784e-01 3.284314e-01 3.939217e-03
9.558824e-01 3.284314e-01 5.208735e-03
9.656863e-01 3.284314e-01 6.818112e-03
9.754902e-01 3.284314e-01 8.835401e-03
9.852941e-01 3.284314e-01 1.133545e-02
9.950980e-01 3.284314e-01 1.439862e-02
4.901961e-03 3.382353e-01 1.114204e-02
1.470588e-02 3.382353e-01 1.413191e-02
2.450980e-02 3.382353e-01 1.774695e-02
3.431373e-02 3.382353e-01 2.206741e-02
4.411765e-02 3.382353e-01 2.717079e-02
5.392157e-02 3.382353e-01 3.312790e-02
6.372549e-02 3.382353e-01 3.999852e-02
7.352941e-02 3.382353e-01 4.782658e-02
8.333333e-02 3.382353e-01 5.663524e-02
9.313725e-02 3.382353e-01 6.642216e-02
1.029412e-01 3.382353e-01 7.715502e-02
1.127451e-01 3.382353e-01 8.876803e-02
1.225490e-01 3.382353e-01 1.011593e-01
1.323529e-01 3.382353e-01 1.141900e-01
1.421569e-01 3.382353e-01 1.276845e-01
1.519608e-01 3.382353e-01 1.414333e-01
1.617647e-01 3.382353e-01 1.551971e-01
1.715686e-01 3.382353e-01 1.687133e-01
1.813725e-01 3.382353e-01 1.817034e-01
1.911765e-01 3.382353e-01 1.938829e-01
2.009804e-01 3.382353e-01 2.049714e-01
2.107843e-01 3.382353e-01 2.147031e-01
2.205882e-01 3.382353e-01 2.228378e-01
2.303922e-01 3.382353e-01 2.291706e-01
2.401961e-01 3.382353e-01 2.335405e-01
2.500000e-01 3.382353e-01 2.358372e-01
2.598039e-01 3.382353e-01 2.360057e-01
2.696078e-01 3.382353e-01 2.340488e-01
2.794118e-01 3.382353e-01 2.300261e-01
2.892157e-01 3.382353e-01 2.240514e-01
2.990196e-01 3.382353e-01 2.162871e-01
3.088235e-01 3.382353e-01 2.069375e-01
3.186275e-01 3.382353e-01 1.962391e-01
3.284314e-01 3.382353e-01 1.844516e-01
3.382353e-01 3.382353e-01 1.718469e-01
3.480392e-01 3.382353e-01 1.586997e-01
3.578431e-01 3.382353e-01 1.452772e-01
3.676471e-01 3.382353e-01 1.318309e-01
3.774510e-01 3.382353e-01 1.185899e-01
3.872549e-01 3.382353e-01 1.057549e-01
3.970588e-01 3.382353e-01 9.349468e-02
4.068627e-01 3.382353e-01 8.194421e-02
4.166667e-01 3.382353e-01 7.120426e-02
4.264706e-01 3.382353e-01 6.134244e-02
4.362745e-01 3.382353e-01 5.239556e-02
4.460784e-01 3.382353e-01 4.437283e-02
4.558824e-01 3.382353e-01 3.725974e-02
4.656863e-01 3.382353e-01 3.102223e-02
4.754902e-01 3.382353e-01 2.561105e-02
4.852941e-01 3.382353e-01 2.096589e-02
4.950980e-01 3.382353e-01 1.701927e-02
5.049020e-01 3.382353e-01 1.369999e-02
5.147059e-01 3.382353e-01 1.093608e-02
5.245098e-01 3.382353e-01 8.657149e-03
5.343137e-01 3.382353e-01 6.796256e-03
5.441176e-01 3.382353e-01 5.291221e-03
5.539216e-01 3.382353e-01 4.085479e-03
5.637255e-01 3.382353e-01 3.128530e-03
5.735294e-01 3.382353e-01 2.376061e-03
5.833333e-01 3.382353e-01 1.789797e-03
5.931373e-01 3.382353e-01 1.337174e-03
6.029412e-01 3.382353e-01 9.908761e-04
6.127451e-01 3.382353e-01 7.282944e-04
6.225490e-01 3.382353e-01 5.309575e-04
6.323529e-01 3.382353e-01 3.839608e-04
6.421569e-01 3.382353e-01 2.754217e-04
6.519608e-01 3.382353e-01 1.959770e-04
6.617647e-01 3.382353e-01 1.383325e-04
6.715686e-01 3.382353e-01 9.686891e-05
6.813725e-01 3.382353e-01 6.730515e-05
6.911765e-01 3.382353e-01 4.641548e-05
7.009804e-01 3.382353e-01 3.179741e-05
7.107843e-01 3.382353e-01 2.168419e-05
7.205882e-01 3.382353e-01 1.479681e-05
7.303922e-01 3.382353e-01 1.022997e-05
7.401961e-01 3.382353e-01 7.367473e-06
7.500000e-01 3.382353e-01 5.823042e-06
7.598039e-01 3.382353e-01 5.404016e-06
7.696078e-01 3.382353e-01 6.096251e-06
7.794118e-01 3.382353e-01 8.070137e-06
7.892157e-01 3.382353e-01 1.170892e-05
7.990196e-01 3.382353e-01 1.766203e-05
8.088235e-01 3.382353e-01 2.692762e-05
8.186275e-01 3.382353e-01 4.096978e-05
8.284314e-01 3.382353e-01 6.187748e-05
8.382353e-01 3.382353e-01 9.257290e-05
8.480392e-01 3.382353e-01 1.370777e-04
8.578431e-01 3.382353e-01 2.008450e-04
8.676471e-01 3.382353e-01 2.911646e-04
8.774510e-01 3.382353e-01 4.176453e-04
8.872549e-01 3.382353e-01 5.927744e-04
8.970588e-01 3.382353e-01 8.325492e-04
9.068627e-01 3.382353e-01 1.157166e-03
9.166667e-01 3.382353e-01 1.591742e-03
9.264706e-01 3.382353e-01 2.167038e-03
9.362745e-01 3.382353e-01 2.920123e-03
9.460784e-01 3.382353e-01 3.894929e-03
9.558824e-01 3.382353e-01 5.142616e-03
9.656863e-01 3.382353e-01 6.721654e-03
9.754902e-01 3.382353e-01 8.697540e-03
9.852941e-01 3.382353e-01 1.114204e-02
9.950980e-01 3.382353e-01 1.413191e-02
4.901961e-03 3.480392e-01 1.085773e-02
1.470588e-02 3.480392e-01 1.375077e-02
2.450980e-02 3.480392e-01 1.724247e-02
3.431373e-02 3.480392e-01 2.140792e-02
4.411765e-02 3.480392e-01 2.631907e-02
5.392157e-02 3.480392e-01 3.204092e-02
6.372549e-02 3.480392e-01 3.862740e-02
7.352941e-02 3.480392e-01 4.611679e-02
8.333333e-02 3.480392e-01 5.452710e-02
9.313725e-02 3.480392e-01 6.385165e-02
1.029412e-01 3.480392e-01 7.405503e-02
1.127451e-01 3.480392e-01 8.506986e-02
1.225490e-01 3.480392e-01 9.679469e-02
1.323529e-01 3.480392e-01 1.090932e-01
1.421569e-01 3.480392e-01 1.217950e-01
1.519608e-01 3.480392e-01 1.346985e-01
1.617647e-01 3.480392e-01 1.475747e-01
1.715686e-01 3.480392e-01 1.601740e-01
1.813725e-01 3.480392e-01 1.722337e-01
1.911765e-01 3.480392e-01 1.834867e-01
2.009804e-01 3.480392e-01 1.936716e-01
2.107843e-01 3.480392e-01 2.025426e-01
2.205882e-01 3.480392e-01 2.098795e-01
2.303922e-01 3.480392e-01 2.154968e-01
2.401961e-01 3.480392e-01 2.192514e-01
2.500000e-01 3.480392e-01 2.210489e-01
2.598039e-01 3.480392e-01 2.208474e-01
2.696078e-01 3.480392e-01 2.186590e-01
2.794118e-01 3.480392e-01 2.145493e-01
2.892157e-01 3.480392e-01 2.086335e-01
2.990196e-01 3.480392e-01 2.010719e-01
3.088235e-01 3.480392e-01 1.920621e-01
3.186275e-01 3.480392e-01 1.818309e-01
3.284314e-01 3.480392e-01 1.706246e-01
3.382353e-01 3.480392e-01 1.586997e-01
3.480392e-01 3.480392e-01 1.463130e-01
3.578431e-01 3.480392e-01 1.337132e-01
3.676471e-01 3.480392e-01 1.211330e-01
3.774510e-01 3.480392e-01 1.087823e-01
3.872549e-01 3.480392e-01 9.684435e-02
3.970588e-01 3.480392e-01 8.547154e-02
4.068627e-01 3.480392e-01 7.478447e-02
4.166667e-01 3.480392e-01 6.487170e-02
4.264706e-01 3.480392e-01 5.579101e-02
4.362745e-01 3.480392e-01 4.757175e-02
4.460784e-01 3.480392e-01 4.021805e-02
4.558824e-01 3.480392e-01 3.371246e-02
4.656863e-01 3.480392e-01 2.802001e-02
4.754902e-01 3.480392e-01 2.309217e-02
4.852941e-01 3.480392e-01 1.887080e-02
4.950980e-01 3.480392e-01 1.529169e-02
5.049020e-01 3.480392e-01 1.228768e-02
5.147059e-01 3.480392e-01 9.791385e-03
5.245098e-01 3.480392e-01 7.737270e-03
5.343137e-01 3.480392e-01 6.063322e-03
5.441176e-01 3.480392e-01 4.712187e-03
5.539216e-01 3.480392e-01 3.631892e-03
5.637255e-01 3.480392e-01 2.776204e-03
5.735294e-01 3.480392e-01 2.104685e-03
5.833333e-01 3.480392e-01 1.582521e-03
5.931373e-01 3.480392e-01 1.180178e-03
6.029412e-01 3.480392e-01 8.729525e-04
6.127451e-01 3.480392e-01 6.404532e-04
6.225490e-01 3.480392e-01 4.660656e-04
6.323529e-01 3.480392e-01 3.364176e-04
6.421569e-01 3.480392e-01 2.408754e-04
6.519608e-01 3.480392e-01 1.710805e-04
6.617647e-01 3.480392e-01 1.205370e-04
6.715686e-01 3.480392e-01 8.425294e-05
6.813725e-01 3.480392e-01 5.843409e-05
6.911765e-01 3.480392e-01 4.022867e-05
7.009804e-01 3.480392e-01 2.751814e-05
7.107843e-01 3.480392e-01 1.874916e-05
7.205882e-01 3.480392e-01 1.280140e-05
7.303922e-01 3.480392e-01 8.886415e-06
7.401961e-01 3.480392e-01 6.473125e-06
7.500000e-01 3.480392e-01 5.236668e-06
7.598039e-01 3.480392e-01 5.028099e-06
7.696078e-01 3.480392e-01 5.863810e-06
7.794118e-01 3.480392e-01 7.934707e-06
7.892157e-01 3.480392e-01 1.163653e-05
7.990196e-01 3.480392e-01 1.762409e-05
8.088235e-01 3.480392e-01 2.689355e-05
8.186275e-01 3.480392e-01 4.089830e-05
8.284314e-01 3.480392e-01 6.170488e-05
8.382353e-01 3.480392e-01 9.219664e-05
8.480392e-01 3.480392e-01 1.363330e-04
8.578431e-01 3.480392e-01 1.994715e-04
8.676471e-01 3.480392e-01 2.887598e-04
8.774510e-01 3.480392e-01 4.135999e-04
8.872549e-01 3.480392e-01 5.861851e-04
8.970588e-01 3.480392e-01 8.221025e-04
9.068627e-01 3.480392e-01 1.140988e-03
9.166667e-01 3.480392e-01 1.567205e-03
9.264706e-01 3.480392e-01 2.130519e-03
9.362745e-01 3.480392e-01 2.866712e-03
9.460784e-01 3.480392e-01 3.818078e-03
9.558824e-01 3.480392e-01 5.033728e-03
9.656863e-01 3.480392e-01 6.569618e-03
9.754902e-01 3.480392e-01 8.488219e-03
9.852941e-01 3.480392e-01 1.085773e-02
9.950980e-01 3.480392e-01 1.375077e-02
4.901961e-03 3.578431e-01 1.048995e-02
1.470588e-02 3.578431e-01 1.326512e-02
2.450980e-02 3.578431e-01 1.660853e-02
3.431373e-02 3.578431e-01 2.058978e-02
4.411765e-02 3.578431e-01 2.527498e-02
5.392157e-02 3.578431e-01 3.072318e-02
6.372549e-02 3.578431e-01 3.698241e-02
7.352941e-02 3.578431e-01 4.408541e-02
8.333333e-02 3.578431e-01 5.204536e-02
9.313725e-02 3.578431e-01 6.085177e-02
1.029412e-01 3.578431e-01 7.046683e-02
1.127451e-01 3.578431e-01 8.082257e-02
1.225490e-01 3.578431e-01 9.181907e-02
1.323529e-01 3.578431e-01 1.033240e-01
1.421569e-01 3.578431e-01 1.151735e-01
1.519608e-01 3.578431e-01 1.271753e-01
1.617647e-01 3.578431e-01 1.391128e-01
1.715686e-01 3.578431e-01 1.507509e-01
1.813725e-01 3.578431e-01 1.618439e-01
1.911765e-01 3.578431e-01 1.721435e-01
2.009804e-01 3.578431e-01 1.814084e-01
2.107843e-01 3.578431e-01 1.894135e-01
2.205882e-01 3.578431e-01 1.959591e-01
2.303922e-01 3.578431e-01 2.008790e-01
2.401961e-01 3.578431e-01 2.040479e-01
2.500000e-01 3.578431e-01 2.053865e-01
2.598039e-01 3.578431e-01 2.048647e-01
2.696078e-01 3.578431e-01 2.025029e-01
2.794118e-01 3.578431e-01 1.983707e-01
2.892157e-01 3.578431e-01 1.925835e-01
2.990196e-01 3.578431e-01 1.852969e-01
3.088235e-01 3.578431e-01 1.767007e-01
3.186275e-01 3.578431e-01 1.670096e-01
3.284314e-01 3.578431e-01 1.564553e-01
3.382353e-01 3.578431e-01 1.452772e-01
3.480392e-01 3.578431e-01 1.337132e-01
3.578431e-01 3.578431e-01 1.219927e-01
3.676471e-01 3.578431e-01 1.103284e-01
3.774510e-01 3.578431e-01 9.891141e-02
3.872549e-01 3.578431e-01 8.790693e-02
3.970588e-01 3.578431e-01 7.745132e-02
4.068627e-01 3.578431e-01 6.765111e-02
4.166667e-01 3.578431e-01 5.858313e-02
4.264706e-01 3.578431e-01 5.029594e-02
4.362745e-01 3.578431e-01 4.281214e-02
4.460784e-01 3.578431e-01 3.613146e-02
4.558824e-01 3.578431e-01 3.023426e-02
4.656863e-01 3.578431e-01 2.508529e-02
4.754902e-01 3.578431e-01 2.063742e-02
4.852941e-01 3.578431e-01 1.683520e-02
4.950980e-01 3.578431e-01 1.361815e-02
5.049020e-01 3.578431e-01 1.092359e-02
5.147059e-01 3.578431e-01 8.689000e-03
5.245098e-01 3.578431e-01 6.853956e-03
5.343137e-01 3.578431e-01 5.361542e-03
5.441176e-01 3.578431e-01 4.159343e-03
5.539216e-01 3.578431e-01 3.200043e-03
5.637255e-01 3.578431e-01 2.441702e-03
5.735294e-01 3.578431e-01 1.847755e-03
5.833333e-01 3.578431e-01 1.386821e-03
5.931373e-01 3.578431e-01 1.032357e-03
6.029412e-01 3.578431e-01 7.622226e-04
6.127451e-01 3.578431e-01 5.581940e-04
6.225490e-01 3.578431e-01 4.054610e-04
6.323529e-01 3.578431e-01 2.921344e-04
6.421569e-01 3.578431e-01 2.087836e-04
6.519608e-01 3.578431e-01 1.480141e-04
6.617647e-01 3.578431e-01 1.040931e-04
6.715686e-01 3.578431e-01 7.262562e-05
6.813725e-01 3.578431e-01 5.027942e-05
6.911765e-01 3.578431e-01 3.455598e-05
7.009804e-01 3.578431e-01 2.360415e-05
7.107843e-01 3.578431e-01 1.607071e-05
7.205882e-01 3.578431e-01 1.098358e-05
7.303922e-01 3.578431e-01 7.662920e-06
7.401961e-01 3.578431e-01 5.656260e-06
7.500000e-01 3.578431e-01 4.694816e-06
7.598039e-01 3.578431e-01 4.668772e-06
7.696078e-01 3.578431e-01 5.620716e-06
7.794118e-01 3.578431e-01 7.757465e-06
7.892157e-01 3.578431e-01 1.148180e-05
7.990196e-01 3.578431e-01 1.744692e-05
8.088235e-01 3.578431e-01 2.663764e-05
8.186275e-01 3.578431e-01 4.048373e-05
8.284314e-01 3.578431e-01 6.101164e-05
8.382353e-01 3.578431e-01 9.104173e-05
8.480392e-01 3.578431e-01 1.344384e-04
8.578431e-01 3.578431e-01 1.964200e-04
8.676471e-01 3.578431e-01 2.839340e-04
8.774510e-01 3.578431e-01 4.061007e-04
8.872549e-01 3.578431e-01 5.747232e-04
8.970588e-01 3.578431e-01 8.048574e-04
9.068627e-01 3.578431e-01 1.115427e-03
9.166667e-01 3.578431e-01 1.529861e-03
9.264706e-01 3.578431e-01 2.076710e-03
9.362745e-01 3.578431e-01 2.790209e-03
9.460784e-01 3.578431e-01 3.710718e-03
9.558824e-01 3.578431e-01 4.884962e-03
9.656863e-01 3.578431e-01 6.366020e-03
9.754902e-01 3.578431e-01 8.212941e-03
9.852941e-01 3.578431e-01 1.048995e-02
9.950980e-01 3.578431e-01 1.326512e-02
4.901961e-03 3.676471e-01 1.004800e-02
1.470588e-02 3.676471e-01 1.268719e-02
2.450980e-02 3.676471e-01 1.586102e-02
3.431373e-02 3.676471e-01 1.963338e-02
4.411765e-02 3.676471e-01 2.406441e-02
5.392157e-02 3.676471e-01 2.920716e-02
6.372549e-02 3.676471e-01 3.510385e-02
7.352941e-02 3.676471e-01 4.178194e-02
8.333333e-02 3.676471e-01 4.925015e-02
9.313725e-02 3.676471e-01 5.749474e-02
1.029412e-01 3.676471e-01 6.647627e-02
1.127451e-01 3.676471e-01 7.612709e-02
1.225490e-01 3.676471e-01 8.634988e-02
1.323529e-01 3.676471e-01 9.701745e-02
1.421569e-01 3.676471e-01 1.079739e-01
1.519608e-01 3.676471e-01 1.190377e-01
1.617647e-01 3.676471e-01 1.300054e-01
1.715686e-01 3.676471e-01 1.406581e-01
1.813725e-01 3.676471e-01 1.507679e-01
1.911765e-01 3.676471e-01 1.601065e-01
2.009804e-01 3.676471e-01 1.684532e-01
2.107843e-01 3.676471e-01 1.756037e-01
2.205882e-01 3.676471e-01 1.813789e-01
2.303922e-01 3.676471e-01 1.856316e-01
2.401961e-01 3.676471e-01 1.882537e-01
2.500000e-01 3.676471e-01 1.891798e-01
2.598039e-01 3.676471e-01 1.883906e-01
2.696078e-01 3.676471e-01 1.859131e-01
2.794118e-01 3.676471e-01 1.818196e-01
2.892157e-01 3.676471e-01 1.762236e-01
2.990196e-01 3.676471e-01 1.692751e-01
3.088235e-01 3.676471e-01 1.611538e-01
3.186275e-01 3.676471e-01 1.520613e-01
3.284314e-01 3.676471e-01 1.422133e-01
3.382353e-01 3.676471e-01 1.318309e-01
3.480392e-01 3.676471e-01 1.211330e-01
3.578431e-01 3.676471e-01 1.103284e-01
3.676471e-01 3.676471e-01 9.961018e-02
3.774510e-01 3.676471e-01 8.915050e-02
3.872549e-01 3.676471e-01 7.909681e-02
3.970588e-01 3.676471e-01 6.956980e-02
4.068627e-01 3.676471e-01 6.066254e-02
4.166667e-01 3.676471e-01 5.244083e-02
4.264706e-01 3.676471e-01 4.494475e-02
4.362745e-01 3.676471e-01 3.819088e-02
4.460784e-01 3.676471e-01 3.217529e-02
4.558824e-01 3.676471e-01 2.687684e-02
4.656863e-01 3.676471e-01 2.226064e-02
4.754902e-01 3.676471e-01 1.828146e-02
4.852941e-01 3.676471e-01 1.488705e-02
4.950980e-01 3.676471e-01 1.202102e-02
5.049020e-01 3.676471e-01 9.625393e-03
5.147059e-01 3.676471e-01 7.642766e-03
5.245098e-01 3.676471e-01 6.017933e-03
5.343137e-01 3.676471e-01 4.699144e-03
5.441176e-01 3.676471e-01 3.638935e-03
5.539216e-01 3.676471e-01 2.794626e-03
5.637255e-01 3.676471e-01 2.128513e-03
5.735294e-01 3.676471e-01 1.607836e-03
5.833333e-01 3.676471e-01 1.204561e-03
5.931373e-01 3.676471e-01 8.950491e-04
6.029412e-01 3.676471e-01 6.596370e-04
6.127451e-01 3.676471e-01 4.821835e-04
6.225490e-01 3.676471e-01 3.496051e-04
6.323529e-01 3.676471e-01 2.514264e-04
6.421569e-01 3.676471e-01 1.793585e-04
6.519608e-01 3.676471e-01 1.269184e-04
6.617647e-01 3.676471e-01 8.909233e-05
6.715686e-01 3.676471e-01 6.204563e-05
6.813725e-01 3.676471e-01 4.287787e-05
6.911765e-01 3.676471e-01 2.941988e-05
7.009804e-01 3.676471e-01 2.006873e-05
7.107843e-01 3.676471e-01 1.365641e-05
7.205882e-01 3.676471e-01 9.347442e-06
7.303922e-01 3.676471e-01 6.561519e-06
7.401961e-01 3.676471e-01 4.917752e-06
7.500000e-01 3.676471e-01 4.197778e-06
7.598039e-01 3.676471e-01 4.326131e-06
7.696078e-01 3.676471e-01 5.367178e-06
7.794118e-01 3.676471e-01 7.539070e-06
7.892157e-01 3.676471e-01 1.124632e-05
7.990196e-01 3.676471e-01 1.713377e-05
8.088235e-01 3.676471e-01 2.616597e-05
8.186275e-01 3.676471e-01 3.973697e-05
8.284314e-01 3.676471e-01 5.981656e-05
8.382353e-01 3.676471e-01 8.913964e-05
8.480392e-01 3.676471e-01 1.314454e-04
8.578431e-01 3.676471e-01 1.917728e-04
8.676471e-01 3.676471e-01 2.768168e-04
8.774510e-01 3.676471e-01 3.953479e-04
8.872549e-01 3.676471e-01 5.586930e-04
8.970588e-01 3.676471e-01 7.812691e-04
9.068627e-01 3.676471e-01 1.081157e-03
9.166667e-01 3.676471e-01 1.480687e-03
9.264706e-01 3.676471e-01 2.007010e-03
9.362745e-01 3.676471e-01 2.692594e-03
9.460784e-01 3.676471e-01 3.575614e-03
9.558824e-01 3.676471e-01 4.700136e-03
9.656863e-01 3.676471e-01 6.116059e-03
9.754902e-01 3.676471e-01 7.878703e-03
9.852941e-01 3.676471e-01 1.004800e-02
9.950980e-01 3.676471e-01 1.268719e-02
4.901961e-03 3.774510e-01 9.542660e-03
1.470588e-02 3.774510e-01 1.203099e-02
2.450980e-02 3.774510e-01 1.501795e-02
3.431373e-02 3.774510e-01 1.856163e-02
4.411765e-02 3.774510e-01 2.271618e-02
5.392157e-02 3.774510e-01 2.752874e-02
6.372549e-02 3.774510e-01 3.303590e-02
7.352941e-02 3.774510e-01 3.926016e-02
8.333333e-02 3.774510e-01 4.620624e-02
9.313725e-02 3.774510e-01 5.385780e-02
1.029412e-01 3.774510e-01 6.217447e-02
1.127451e-01 3.774510e-01 7.108979e-02
1.225490e-01 3.774510e-01 8.051002e-02
1.323529e-01 3.774510e-01 9.031416e-02
1.421569e-01 3.774510e-01 1.003553e-01
1.519608e-01 3.774510e-01 1.104635e-01
1.617647e-01 3.774510e-01 1.204499e-01
1.715686e-01 3.774510e-01 1.301122e-01
1.813725e-01 3.774510e-01 1.392414e-01
1.911765e-01 3.774510e-01 1.476291e-01
2.009804e-01 3.774510e-01 1.550755e-01
2.107843e-01 3.774510e-01 1.613974e-01
2.205882e-01 3.774510e-01 1.664354e-01
2.303922e-01 3.774510e-01 1.700611e-01
2.401961e-01 3.774510e-01 1.721822e-01
2.500000e-01 3.774510e-01 1.727463e-01
2.598039e-01 3.774510e-01 1.717434e-01
2.696078e-01 3.774510e-01 1.692059e-01
2.794118e-01 3.774510e-01 1.652069e-01
2.892157e-01 3.774510e-01 1.598569e-01
2.990196e-01 3.774510e-01 1.532985e-01
3.088235e-01 3.774510e-01 1.457002e-01
3.186275e-01 3.774510e-01 1.372496e-01
3.284314e-01 3.774510e-01 1.281453e-01
3.382353e-01 3.774510e-01 1.185899e-01
3.480392e-01 3.774510e-01 1.087823e-01
3.578431e-01 3.774510e-01 9.891141e-02
3.676471e-01 3.774510e-01 8.915050e-02
3.774510e-01 3.774510e-01 7.965303e-02
3.872549e-01 3.774510e-01 7.054943e-02
3.970588e-01 3.774510e-01 6.194540e-02
4.068627e-01 3.774510e-01 5.392128e-02
4.166667e-01 3.774510e-01 4.653269e-02
4.264706e-01 3.774510e-01 3.981201e-02
4.362745e-01 3.774510e-01 3.377062e-02
4.460784e-01 3.774510e-01 2.840166e-02
4.558824e-01 3.774510e-01 2.368312e-02
4.656863e-01 3.774510e-01 1.958102e-02
4.754902e-01 3.774510e-01 1.605253e-02
4.852941e-01 3.774510e-01 1.304889e-02
4.950980e-01 3.774510e-01 1.051807e-02
5.049020e-01 3.774510e-01 8.406996e-03
5.147059e-01 3.774510e-01 6.663434e-03
5.245098e-01 3.774510e-01 5.237425e-03
5.343137e-01 3.774510e-01 4.082344e-03
5.441176e-01 3.774510e-01 3.155609e-03
5.539216e-01 3.774510e-01 2.419069e-03
5.637255e-01 3.774510e-01 1.839137e-03
5.735294e-01 3.774510e-01 1.386725e-03
5.833333e-01 3.774510e-01 1.037017e-03
5.931373e-01 3.774510e-01 7.691482e-04
6.029412e-01 3.774510e-01 5.658116e-04
6.127451e-01 3.774510e-01 4.128388e-04
6.225490e-01 3.774510e-01 2.987754e-04
6.323529e-01 3.774510e-01 2.144740e-04
6.421569e-01 3.774510e-01 1.527147e-04
6.519608e-01 3.774510e-01 1.078642e-04
6.617647e-01 3.774510e-01 7.557673e-05
6.715686e-01 3.774510e-01 5.253652e-05
6.813725e-01 3.774510e-01 3.624170e-05
6.911765e-01 3.774510e-01 2.482585e-05
7.009804e-01 3.774510e-01 1.691360e-05
7.107843e-01 3.774510e-01 1.150602e-05
7.205882e-01 3.774510e-01 7.891829e-06
7.303922e-01 3.774510e-01 5.580825e-06
7.401961e-01 3.774510e-01 4.256344e-06
7.500000e-01 3.774510e-01 3.744661e-06
7.598039e-01 3.774510e-01 3.999847e-06
7.696078e-01 3.774510e-01 5.103687e-06
7.794118e-01 3.774510e-01 7.281240e-06
7.892157e-01 3.774510e-01 1.093370e-05
7.990196e-01 3.774510e-01 1.669128e-05
8.088235e-01 3.774510e-01 2.549002e-05
8.186275e-01 3.774510e-01 3.867712e-05
8.284314e-01 3.774510e-01 5.815074e-05
8.382353e-01 3.774510e-01 8.654004e-05
8.480392e-01 3.774510e-01 1.274320e-04
8.578431e-01 3.774510e-01 1.856507e-04
8.676471e-01 3.774510e-01 2.675922e-04
8.774510e-01 3.774510e-01 3.816184e-04
8.872549e-01 3.774510e-01 5.385054e-04
8.970588e-01 3.774510e-01 7.519395e-04
9.068627e-01 3.774510e-01 1.039046e-03
9.166667e-01 3.774510e-01 1.420927e-03
9.264706e-01 3.774510e-01 1.923172e-03
9.362745e-01 3.774510e-01 2.576311e-03
9.460784e-01 3.774510e-01 3.416132e-03
9.558824e-01 3.774510e-01 4.483830e-03
9.656863e-01 3.774510e-01 5.825899e-03
9.754902e-01 3.774510e-01 7.493702e-03
9.852941e-01 3.774510e-01 9.542660e-03
9.950980e-01 3.774510e-01 1.203099e-02
4.901961e-03 3.872549e-01 8.985758e-03
1.470588e-02 3.872549e-01 1.131177e-02
2.450980e-02 3.872549e-01 1.409878e-02
3.431373e-02 3.872549e-01 1.739909e-02
4.411765e-02 3.872549e-01 2.126096e-02
5.392157e-02 3.872549e-01 2.572578e-02
6.372549e-02 3.872549e-01 3.082485e-02
7.352941e-02 3.872549e-01 3.657605e-02
8.333333e-02 3.872549e-01 4.298066e-02
9.313725e-02 3.872549e-01 5.002030e-02
1.029412e-01 3.872549e-01 5.765443e-02
1.127451e-01 3.872549e-01 6.581855e-02
1.225490e-01 3.872549e-01 7.442333e-02
1.323529e-01 3.872549e-01 8.335482e-02
1.421569e-01 3.872549e-01 9.247591e-02
1.519608e-01 3.872549e-01 1.016291e-01
1.617647e-01 3.872549e-01 1.106405e-01
1.715686e-01 3.872549e-01 1.193251e-01
1.813725e-01 3.872549e-01 1.274928e-01
1.911765e-01 3.872549e-01 1.349555e-01
2.009804e-01 3.872549e-01 1.415341e-01
2.107843e-01 3.872549e-01 1.470655e-01
2.205882e-01 3.872549e-01 1.514099e-01
2.303922e-01 3.872549e-01 1.544562e-01
2.401961e-01 3.872549e-01 1.561270e-01
2.500000e-01 3.872549e-01 1.563815e-01
2.598039e-01 3.872549e-01 1.552177e-01
2.696078e-01 3.872549e-01 1.526719e-01
2.794118e-01 3.872549e-01 1.488167e-01
2.892157e-01 3.872549e-01 1.437581e-01
2.990196e-01 3.872549e-01 1.376302e-01
3.088235e-01 3.872549e-01 1.305897e-01
3.186275e-01 3.872549e-01 1.228090e-01
3.284314e-01 3.872549e-01 1.144695e-01
3.382353e-01 3.872549e-01 1.057549e-01
3.480392e-01 3.872549e-01 9.684435e-02
3.578431e-01 3.872549e-01 8.790693e-02
3.676471e-01 3.872549e-01 7.909681e-02
3.774510e-01 3.872549e-01 7.054943e-02
3.872549e-01 3.872549e-01 6.237901e-02
3.970588e-01 3.872549e-01 5.467708e-02
4.068627e-01 3.872549e-01 4.751222e-02
4.166667e-01 3.872549e-01 4.093077e-02
4.264706e-01 3.872549e-01 3.495828e-02
4.362745e-01 3.872549e-01 2.960170e-02
4.460784e-01 3.872549e-01 2.485197e-02
4.558824e-01 3.872549e-01 2.068679e-02
4.656863e-01 3.872549e-01 1.707356e-02
4.754902e-01 3.872549e-01 1.397219e-02
4.852941e-01 3.872549e-01 1.133769e-02
4.950980e-01 3.872549e-01 9.122509e-03
5.049020e-01 3.872549e-01 7.278539e-03
5.147059e-01 3.872549e-01 5.758696e-03
5.245098e-01 3.872549e-01 4.518186e-03
5.343137e-01 3.872549e-01 3.515392e-03
5.441176e-01 3.872549e-01 2.712457e-03
5.539216e-01 3.872549e-01 2.075587e-03
5.637255e-01 3.872549e-01 1.575134e-03
5.735294e-01 3.872549e-01 1.185501e-03
5.833333e-01 3.872549e-01 8.849189e-04
5.931373e-01 3.872549e-01 6.551354e-04
6.029412e-01 3.872549e-01 4.810542e-04
6.127451e-01 3.872549e-01 3.503493e-04
6.225490e-01 3.872549e-01 2.530825e-04
6.323529e-01 3.872549e-01 1.813368e-04
6.421569e-01 3.872549e-01 1.288797e-04
6.519608e-01 3.872549e-01 9.085996e-05
6.617647e-01 3.872549e-01 6.354434e-05
6.715686e-01 3.872549e-01 4.409127e-05
6.813725e-01 3.872549e-01 3.036195e-05
6.911765e-01 3.872549e-01 2.076490e-05
7.009804e-01 3.872549e-01 1.413061e-05
7.107843e-01 3.872549e-01 9.612629e-06
7.205882e-01 3.872549e-01 6.611232e-06
7.303922e-01 3.872549e-01 4.716643e-06
7.401961e-01 3.872549e-01 3.669068e-06
7.500000e-01 3.872549e-01 3.333667e-06
7.598039e-01 3.872549e-01 3.689338e-06
7.696078e-01 3.872549e-01 4.831095e-06
7.794118e-01 3.872549e-01 6.986736e-06
7.892157e-01 3.872549e-01 1.054948e-05
7.990196e-01 3.872549e-01 1.612924e-05
8.088235e-01 3.872549e-01 2.462611e-05
8.186275e-01 3.872549e-01 3.733067e-05
8.284314e-01 3.872549e-01 5.605621e-05
8.382353e-01 3.872549e-01 8.330862e-05
8.480392e-01 3.872549e-01 1.224995e-04
8.578431e-01 3.872549e-01 1.782074e-04
8.676471e-01 3.872549e-01 2.564909e-04
8.774510e-01 3.872549e-01 3.652538e-04
8.872549e-01 3.872549e-01 5.146604e-04
8.970588e-01 3.872549e-01 7.175916e-04
9.068627e-01 3.872549e-01 9.901279e-04
9.166667e-01 3.872549e-01 1.352037e-03
9.264706e-01 3.872549e-01 1.827232e-03
9.362745e-01 3.872549e-01 2.444165e-03
9.460784e-01 3.872549e-01 3.236098e-03
9.558824e-01 3.872549e-01 4.241202e-03
9.656863e-01 3.872549e-01 5.502416e-03
9.754902e-01 3.872549e-01 7.067005e-03
9.852941e-01 3.872549e-01 8.985758e-03
9.950980e-01 3.872549e-01 1.131177e-02
4.901961e-03 3.970588e-01 8.389707e-03
1.470588e-02 3.970588e-01 1.054544e-02
2.450980e-02 3.970588e-01 1.312368e-02
3.431373e-02 3.970588e-01 1.617104e-02
4.411765e-02 3.970588e-01 1.973011e-02
5.392157e-02 3.970588e-01 2.383679e-02
6.372549e-02 3.970588e-01 2.851744e-02
7.352941e-02 3.970588e-01 3.378581e-02
8.333333e-02 3.970588e-01 3.964024e-02
9.313725e-02 3.970588e-01 4.606093e-02
1.029412e-01 3.970588e-01 5.300781e-02
1.127451e-01 3.970588e-01 6.041905e-02
1.225490e-01 3.970588e-01 6.821042e-02
1.323529e-01 3.970588e-01 7.627565e-02
1.421569e-01 3.970588e-01 8.448799e-02
1.519608e-01 3.970588e-01 9.270287e-02
1.617647e-01 3.970588e-01 1.007617e-01
1.715686e-01 3.970588e-01 1.084969e-01
1.813725e-01 3.970588e-01 1.157372e-01
1.911765e-01 3.970588e-01 1.223142e-01
2.009804e-01 3.970588e-01 1.280690e-01
2.107843e-01 3.970588e-01 1.328581e-01
2.205882e-01 3.970588e-01 1.365601e-01
2.303922e-01 3.970588e-01 1.390799e-01
2.401961e-01 3.970588e-01 1.403538e-01
2.500000e-01 3.970588e-01 1.403513e-01
2.598039e-01 3.970588e-01 1.390768e-01
2.696078e-01 3.970588e-01 1.365691e-01
2.794118e-01 3.970588e-01 1.328993e-01
2.892157e-01 3.970588e-01 1.281677e-01
2.990196e-01 3.970588e-01 1.224991e-01
3.088235e-01 3.970588e-01 1.160375e-01
3.186275e-01 3.970588e-01 1.089400e-01
3.284314e-01 3.970588e-01 1.013708e-01
3.382353e-01 3.970588e-01 9.349468e-02
3.480392e-01 3.970588e-01 8.547154e-02
3.578431e-01 3.970588e-01 7.745132e-02
3.676471e-01 3.970588e-01 6.956980e-02
3.774510e-01 3.970588e-01 6.194540e-02
3.872549e-01 3.970588e-01 5.467708e-02
3.970588e-01 3.970588e-01 4.784329e-02
4.068627e-01 3.970588e-01 4.150187e-02
4.166667e-01 3.970588e-01 3.569080e-02
4.264706e-01 3.970588e-01 3.042973e-02
4.362745e-01 3.970588e-01 2.572197e-02
4.460784e-01 3.970588e-01 2.155685e-02
4.558824e-01 3.970588e-01 1.791233e-02
4.656863e-01 3.970588e-01 1.475759e-02
4.754902e-01 3.970588e-01 1.205551e-02
4.852941e-01 3.970588e-01 9.765011e-03
4.950980e-01 3.970588e-01 7.843097e-03
5.049020e-01 3.970588e-01 6.246548e-03
5.147059e-01 3.970588e-01 4.933330e-03
5.245098e-01 3.970588e-01 3.863651e-03
5.343137e-01 3.970588e-01 3.000702e-03
5.441176e-01 3.970588e-01 2.311133e-03
5.539216e-01 3.970588e-01 1.765280e-03
5.637255e-01 3.970588e-01 1.337206e-03
5.735294e-01 3.970588e-01 1.004589e-03
5.833333e-01 3.970588e-01 7.485022e-04
5.931373e-01 3.970588e-01 5.531228e-04
6.029412e-01 3.970588e-01 4.053993e-04
6.127451e-01 3.970588e-01 2.947042e-04
6.225490e-01 3.970588e-01 2.124911e-04
6.323529e-01 3.970588e-01 1.519695e-04
6.421569e-01 3.970588e-01 1.078064e-04
6.519608e-01 3.970588e-01 7.586162e-05
6.617647e-01 3.970588e-01 5.295640e-05
6.715686e-01 3.970588e-01 3.667730e-05
6.813725e-01 3.970588e-01 2.521217e-05
6.911765e-01 3.970588e-01 1.721610e-05
7.009804e-01 3.970588e-01 1.170362e-05
7.107843e-01 3.970588e-01 7.964086e-06
7.205882e-01 3.970588e-01 5.496697e-06
7.303922e-01 3.970588e-01 3.962602e-06
7.401961e-01 3.970588e-01 3.151664e-06
7.500000e-01 3.970588e-01 2.962357e-06
7.598039e-01 3.970588e-01 3.393910e-06
7.696078e-01 3.970588e-01 4.550644e-06
7.794118e-01 3.970588e-01 6.659288e-06
7.892157e-01 3.970588e-01 1.010093e-05
7.990196e-01 3.970588e-01 1.546015e-05
8.088235e-01 3.970588e-01 2.359477e-05
8.186275e-01 3.970588e-01 3.573033e-05
8.284314e-01 3.970588e-01 5.358420e-05
8.382353e-01 3.970588e-01 7.952438e-05
8.480392e-01 3.970588e-01 1.167679e-04
8.578431e-01 3.970588e-01 1.696235e-04
8.676471e-01 3.970588e-01 2.437808e-04
8.774510e-01 3.970588e-01 3.466471e-04
8.872549e-01 3.970588e-01 4.877272e-04
8.970588e-01 3.970588e-01 6.790401e-04
9.068627e-01 3.970588e-01 9.355557e-04
9.166667e-01 3.970588e-01 1.275632e-03
9.264706e-01 3.970588e-01 1.721423e-03
9.362745e-01 3.970588e-01 2.299213e-03
9.460784e-01 3.970588e-01 3.039648e-03
9.558824e-01 3.970588e-01 3.977786e-03
9.656863e-01 3.970588e-01 5.152935e-03
9.754902e-01 3.970588e-01 6.608200e-03
9.852941e-01 3.970588e-01 8.389707e-03
9.950980e-01 3.970588e-01 1.054544e-02
4.901961e-03 4.068627e-01 7.767068e-03
1.470588e-02 4.068627e-01 9.747991e-03
2.450980e-02 4.068627e-01 1.211278e-02
3.431373e-02 4.068627e-01 1.490258e-02
4.411765e-02 4.068627e-01 1.815458e-02
5.392157e-02 4.068627e-01 2.189956e-02
6.372549e-02 4.068627e-01 2.615931e-02
7.352941e-02 4.068627e-01 3.094398e-02
8.333333e-02 4.068627e-01 3.624947e-02
9.313725e-02 4.068627e-01 4.205515e-02
1.029412e-01 4.068627e-01 4.832202e-02
1.127451e-01 4.068627e-01 5.499149e-02
1.225490e-01 4.068627e-01 6.198494e-02
1.323529e-01 4.068627e-01 6.920426e-02
1.421569e-01 4.068627e-01 7.653339e-02
1.519608e-01 4.068627e-01 8.384088e-02
1.617647e-01 4.068627e-01 9.098348e-02
1.715686e-01 4.068627e-01 9.781062e-02
1.813725e-01 4.068627e-01 1.041696e-01
1.911765e-01 4.068627e-01 1.099112e-01
2.009804e-01 4.068627e-01 1.148957e-01
2.107843e-01 4.068627e-01 1.189981e-01
2.205882e-01 4.068627e-01 1.221140e-01
2.303922e-01 4.068627e-01 1.241633e-01
2.401961e-01 4.068627e-01 1.250944e-01
2.500000e-01 4.068627e-01 1.248857e-01
2.598039e-01 4.068627e-01 1.235468e-01
2.696078e-01 4.068627e-01 1.211175e-01
2.794118e-01 4.068627e-01 1.176664e-01
2.892157e-01 4.068627e-01 1.132873e-01
2.990196e-01 4.068627e-01 1.080951e-01
3.088235e-01 4.068627e-01 1.022209e-01
3.186275e-01 4.068627e-01 9.580643e-02
3.284314e-01 4.068627e-01 8.899865e-02
3.382353e-01 4.068627e-01 8.194421e-02
3.480392e-01 4.068627e-01 7.478447e-02
3.578431e-01 4.068627e-01 6.765111e-02
3.676471e-01 4.068627e-01 6.066254e-02
3.774510e-01 4.068627e-01 5.392128e-02
3.872549e-01 4.068627e-01 4.751222e-02
3.970588e-01 4.068627e-01 4.150187e-02
4.068627e-01 4.068627e-01 3.593837e-02
4.166667e-01 4.068627e-01 3.085239e-02
4.264706e-01 4.068627e-01 2.625850e-02
4.362745e-01 4.068627e-01 2.215710e-02
4.460784e-01 4.068627e-01 1.853653e-02
4.558824e-01 4.068627e-01 1.537543e-02
4.656863e-01 4.068627e-01 1.264504e-02
4.754902e-01 4.068627e-01 1.031140e-02
4.852941e-01 4.068627e-01 8.337386e-03
4.950980e-01 4.068627e-01 6.684473e-03
5.049020e-01 4.068627e-01 5.314222e-03
5.147059e-01 4.068627e-01 4.189454e-03
5.245098e-01 4.068627e-01 3.275144e-03
5.343137e-01 4.068627e-01 2.539032e-03
5.441176e-01 4.068627e-01 1.952004e-03
5.539216e-01 4.068627e-01 1.488255e-03
5.637255e-01 4.068627e-01 1.125298e-03
5.735294e-01 4.068627e-01 8.438410e-04
5.833333e-01 4.068627e-01 6.275755e-04
5.931373e-01 4.068627e-01 4.629060e-04
6.029412e-01 4.068627e-01 3.386491e-04
6.127451e-01 4.068627e-01 2.457235e-04
6.225490e-01 4.068627e-01 1.768448e-04
6.323529e-01 4.068627e-01 1.262400e-04
6.421569e-01 4.068627e-01 8.938663e-05
6.519608e-01 4.068627e-01 6.278232e-05
6.617647e-01 4.068627e-01 4.374462e-05
6.715686e-01 4.068627e-01 3.024181e-05
6.813725e-01 4.068627e-01 2.075220e-05
6.911765e-01 4.068627e-01 1.414937e-05
7.009804e-01 4.068627e-01 9.610429e-06
7.107843e-01 4.068627e-01 6.544253e-06
7.205882e-01 4.068627e-01 4.536731e-06
7.303922e-01 4.068627e-01 3.310762e-06
7.401961e-01 4.068627e-01 2.698975e-06
7.500000e-01 4.068627e-01 2.627888e-06
7.598039e-01 4.068627e-01 3.112872e-06
7.696078e-01 4.068627e-01 4.263978e-06
7.794118e-01 4.068627e-01 6.303475e-06
7.892157e-01 4.068627e-01 9.596718e-06
7.990196e-01 4.068627e-01 1.469876e-05
8.088235e-01 4.068627e-01 2.241985e-05
8.186275e-01 4.068627e-01 3.391375e-05
8.284314e-01 4.068627e-01 5.079306e-05
8.382353e-01 4.068627e-01 7.527641e-05
8.480392e-01 4.068627e-01 1.103717e-04
8.578431e-01 4.068627e-01 1.600991e-04
8.676471e-01 4.068627e-01 2.297564e-04
8.774510e-01 4.068627e-01 3.262262e-04
8.872549e-01 4.068627e-01 4.583212e-04
8.970588e-01 4.068627e-01 6.371600e-04
9.068627e-01 4.068627e-01 8.765592e-04
9.166667e-01 4.068627e-01 1.193422e-03
9.264706e-01 4.068627e-01 1.608092e-03
9.362745e-01 4.068627e-01 2.144646e-03
9.460784e-01 4.068627e-01 2.831071e-03
9.558824e-01 4.068627e-01 3.699286e-03
9.656863e-01 4.068627e-01 4.784956e-03
9.754902e-01 4.068627e-01 6.127045e-03
9.852941e-01 4.068627e-01 7.767068e-03
9.950980e-01 4.068627e-01 9.747991e-03
4.901961e-03 4.166667e-01 7.130121e-03
1.470588e-02 4.166667e-01 8.934968e-03
2.450980e-02 4.166667e-01 1.108556e-02
3.431373e-02 4.166667e-01 1.361786e-02
4.411765e-02 4.166667e-01 1.656397e-02
5.392157e-02 4.166667e-01 1.994997e-02
6.372549e-02 4.166667e-01 2.379357e-02
7.352941e-02 4.166667e-01 2.810175e-02
8.333333e-02 4.166667e-01 3.286853e-02
9.313725e-02 4.166667e-01 3.807299e-02
1.029412e-01 4.166667e-01 4.367768e-02
1.127451e-01 4.166667e-01 4.962770e-02
1.225490e-01 4.166667e-01 5.585045e-02
1.323529e-01 4.166667e-01 6.225622e-02
1.421569e-01 4.166667e-01 6.873973e-02
1.519608e-01 4.166667e-01 7.518258e-02
1.617647e-01 4.166667e-01 8.145655e-02
1.715686e-01 4.166667e-01 8.742772e-02
1.813725e-01 4.166667e-01 9.296113e-02
1.911765e-01 4.166667e-01 9.792585e-02
2.009804e-01 4.166667e-01 1.022001e-01
2.107843e-01 4.166667e-01 1.056763e-01
2.205882e-01 4.166667e-01 1.082656e-01
2.303922e-01 4.166667e-01 1.099015e-01
2.401961e-01 4.166667e-01 1.105430e-01
2.500000e-01 4.166667e-01 1.101758e-01
2.598039e-01 4.166667e-01 1.088135e-01
2.696078e-01 4.166667e-01 1.064961e-01
2.794118e-01 4.166667e-01 1.032886e-01
2.892157e-01 4.166667e-01 9.927771e-02
2.990196e-01 4.166667e-01 9.456814e-02
3.088235e-01 4.166667e-01 8.927797e-02
3.186275e-01 4.166667e-01 8.353389e-02
3.284314e-01 4.166667e-01 7.746624e-02
3.382353e-01 4.166667e-01 7.120426e-02
3.480392e-01 4.166667e-01 6.487170e-02
3.578431e-01 4.166667e-01 5.858313e-02
3.676471e-01 4.166667e-01 5.244083e-02
3.774510e-01 4.166667e-01 4.653269e-02
3.872549e-01 4.166667e-01 4.093077e-02
3.970588e-01 4.166667e-01 3.569080e-02
4.068627e-01 4.166667e-01 3.085239e-02
4.166667e-01 4.166667e-01 2.643982e-02
4.264706e-01 4.166667e-01 2.246345e-02
4.362745e-01 4.166667e-01 1.892143e-02
4.460784e-01 4.166667e-01 1.580162e-02
4.558824e-01 4.166667e-01 1.308369e-02
4.656863e-01 4.166667e-01 1.074114e-02
4.754902e-01 4.166667e-01 8.743242e-03
4.852941e-01 4.166667e-01 7.056789e-03
4.950980e-01 4.166667e-01 5.647606e-03
5.049020e-01 4.166667e-01 4.481820e-03
5.147059e-01 4.166667e-01 3.526853e-03
5.245098e-01 4.166667e-01 2.752155e-03
5.343137e-01 4.166667e-01 2.129712e-03
5.441176e-01 4.166667e-01 1.634335e-03
5.539216e-01 4.166667e-01 1.243779e-03
5.637255e-01 4.166667e-01 9.387206e-04
5.735294e-01 4.166667e-01 7.026355e-04
5.833333e-01 4.166667e-01 5.215951e-04
5.931373e-01 4.166667e-01 3.840218e-04
6.029412e-01 4.166667e-01 2.804183e-04
6.127451e-01 4.166667e-01 2.030925e-04
6.225490e-01 4.166667e-01 1.458908e-04
6.323529e-01 4.166667e-01 1.039487e-04
6.421569e-01 4.166667e-01 7.346486e-05
6.519608e-01 4.166667e-01 5.150267e-05
6.617647e-01 4.166667e-01 3.581846e-05
6.715686e-01 4.166667e-01 2.471704e-05
6.813725e-01 4.166667e-01 1.693190e-05
6.911765e-01 4.166667e-01 1.152805e-05
7.009804e-01 4.166667e-01 7.824561e-06
7.107843e-01 4.166667e-01 5.334275e-06
7.205882e-01 4.166667e-01 3.718148e-06
7.303922e-01 4.166667e-01 2.752180e-06
7.401961e-01 4.166667e-01 2.305309e-06
7.500000e-01 4.166667e-01 2.327224e-06
7.598039e-01 4.166667e-01 2.845621e-06
7.696078e-01 4.166667e-01 3.973099e-06
7.794118e-01 4.166667e-01 5.924555e-06
7.892157e-01 4.166667e-01 9.046628e-06
7.990196e-01 4.166667e-01 1.386145e-05
8.088235e-01 4.166667e-01 2.112765e-05
8.186275e-01 4.166667e-01 3.192203e-05
8.284314e-01 4.166667e-01 4.774596e-05
8.382353e-01 4.166667e-01 7.066048e-05
8.480392e-01 4.166667e-01 1.034540e-04
8.578431e-01 4.166667e-01 1.498460e-04
8.676471e-01 4.166667e-01 2.147273e-04
8.774510e-01 4.166667e-01 3.044388e-04
8.872549e-01 4.166667e-01 4.270818e-04
8.970588e-01 4.166667e-01 5.928542e-04
9.068627e-01 4.166667e-01 8.143993e-04
9.166667e-01 4.166667e-01 1.107146e-03
9.264706e-01 4.166667e-01 1.489619e-03
9.362745e-01 4.166667e-01 1.983678e-03
9.460784e-01 4.166667e-01 2.614661e-03
9.558824e-01 4.166667e-01 3.411376e-03
9.656863e-01 4.166667e-01 4.405899e-03
9.754902e-01 4.166667e-01 5.633138e-03
9.852941e-01 4.166667e-01 7.130121e-03
9.950980e-01 4.166667e-01 8.934968e-03
4.901961e-03 4.264706e-01 6.490486e-03
1.470588e-02 4.264706e-01 8.121001e-03
2.450980e-02 4.264706e-01 1.006023e-02
3.431373e-02 4.264706e-01 1.233930e-02
4.411765e-02 4.264706e-01 1.498564e-02
5.392157e-02 4.264706e-01 1.802105e-02
6.372549e-02 4.264706e-01 2.145960e-02
7.352941e-02 4.264706e-01 2.530563e-02
8.333333e-02 4.264706e-01 2.955178e-02
9.313725e-02 4.264706e-01 3.417726e-02
1.029412e-01 4.264706e-01 3.914663e-02
1.127451e-01 4.264706e-01 4.440901e-02
1.225490e-01 4.264706e-01 4.989803e-02
1.323529e-01 4.264706e-01 5.553243e-02
1.421569e-01 4.264706e-01 6.121764e-02
1.519608e-01 4.264706e-01 6.684800e-02
1.617647e-01 4.264706e-01 7.230980e-02
1.715686e-01 4.264706e-01 7.748504e-02
1.813725e-01 4.264706e-01 8.225555e-02
1.911765e-01 4.264706e-01 8.650750e-02
2.009804e-01 4.264706e-01 9.013595e-02
2.107843e-01 4.264706e-01 9.304910e-02
2.205882e-01 4.264706e-01 9.517226e-02
2.303922e-01 4.264706e-01 9.645095e-02
2.401961e-01 4.264706e-01 9.685329e-02
2.500000e-01 4.264706e-01 9.637128e-02
2.598039e-01 4.264706e-01 9.502101e-02
2.696078e-01 4.264706e-01 9.284186e-02
2.794118e-01 4.264706e-01 8.989455e-02
2.892157e-01 4.264706e-01 8.625836e-02
2.990196e-01 4.264706e-01 8.202765e-02
3.088235e-01 4.264706e-01 7.730779e-02
3.186275e-01 4.264706e-01 7.221090e-02
3.284314e-01 4.264706e-01 6.685151e-02
3.382353e-01 4.264706e-01 6.134244e-02
3.480392e-01 4.264706e-01 5.579101e-02
3.578431e-01 4.264706e-01 5.029594e-02
3.676471e-01 4.264706e-01 4.494475e-02
3.774510e-01 4.264706e-01 3.981201e-02
3.872549e-01 4.264706e-01 3.495828e-02
3.970588e-01 4.264706e-01 3.042973e-02
4.068627e-01 4.264706e-01 2.625850e-02
4.166667e-01 4.264706e-01 2.246345e-02
4.264706e-01 4.264706e-01 1.905150e-02
4.362745e-01 4.264706e-01 1.601912e-02
4.460784e-01 4.264706e-01 1.335414e-02
4.558824e-01 4.264706e-01 1.103752e-02
4.656863e-01 4.264706e-01 9.045165e-03
4.754902e-01 4.264706e-01 7.349554e-03
4.852941e-01 4.264706e-01 5.921279e-03
4.950980e-01 4.264706e-01 4.730317e-03
5.049020e-01 4.264706e-01 3.747100e-03
5.147059e-01 4.264706e-01 2.943342e-03
5.245098e-01 4.264706e-01 2.292643e-03
5.343137e-01 4.264706e-01 1.770893e-03
5.441176e-01 4.264706e-01 1.356494e-03
5.539216e-01 4.264706e-01 1.030440e-03
5.637255e-01 4.264706e-01 7.762760e-04
5.735294e-01 4.264706e-01 5.799730e-04
5.833333e-01 4.264706e-01 4.297409e-04
5.931373e-01 4.264706e-01 3.158073e-04
6.029412e-01 4.264706e-01 2.301776e-04
6.127451e-01 4.264706e-01 1.663945e-04
6.225490e-01 4.264706e-01 1.193051e-04
6.323529e-01 4.264706e-01 8.484647e-05
6.421569e-01 4.264706e-01 5.985178e-05
6.519608e-01 4.264706e-01 4.188037e-05
6.617647e-01 4.264706e-01 2.907215e-05
6.715686e-01 4.264706e-01 2.002515e-05
6.813725e-01 4.264706e-01 1.369461e-05
6.911765e-01 4.264706e-01 9.311336e-06
7.009804e-01 4.264706e-01 6.316944e-06
7.107843e-01 4.264706e-01 4.313710e-06
7.205882e-01 4.264706e-01 3.026832e-06
7.303922e-01 4.264706e-01 2.277401e-06
7.401961e-01 4.264706e-01 1.964747e-06
7.500000e-01 4.264706e-01 2.057301e-06
7.598039e-01 4.264706e-01 2.591689e-06
7.696078e-01 4.264706e-01 3.680311e-06
7.794118e-01 4.264706e-01 5.528276e-06
7.892157e-01 4.264706e-01 8.461156e-06
7.990196e-01 4.264706e-01 1.296566e-05
8.088235e-01 4.264706e-01 1.974586e-05
8.186275e-01 4.264706e-01 2.979818e-05
8.284314e-01 4.264706e-01 4.450856e-05
8.382353e-01 4.264706e-01 6.577549e-05
8.480392e-01 4.264706e-01 9.616216e-05
8.578431e-01 4.264706e-01 1.390804e-04
8.676471e-01 4.264706e-01 1.990076e-04
8.774510e-01 4.264706e-01 2.817359e-04
8.872549e-01 4.264706e-01 3.946493e-04
8.970588e-01 4.264706e-01 5.470220e-04
9.068627e-01 4.264706e-01 7.503246e-04
9.166667e-01 4.264706e-01 1.018521e-03
9.264706e-01 4.264706e-01 1.368332e-03
9.362745e-01 4.264706e-01 1.819436e-03
9.460784e-01 4.264706e-01 2.394574e-03
9.558824e-01 4.264706e-01 3.119520e-03
9.656863e-01 4.264706e-01 4.022867e-03
9.754902e-01 4.264706e-01 5.135613e-03
9.852941e-01 4.264706e-01 6.490486e-03
9.950980e-01 4.264706e-01 8.121001e-03
4.901961e-03 4.362745e-01 5.858807e-03
1.470588e-02 4.362745e-01 7.319404e-03
2.450980e-02 4.362745e-01 9.053281e-03
3.431373e-02 4.362745e-01 1.108710e-02
4.411765e-02 4.362745e-01 1.344405e-02
5.392157e-02 4.362745e-01 1.614207e-02
6.372549e-02 4.362745e-01 1.919213e-02
7.352941e-02 4.362745e-01 2.259637e-02
8.333333e-02 4.362745e-01 2.634647e-02
9.313725e-02 4.362745e-01 3.042222e-02
1.029412e-01 4.362745e-01 3.479049e-02
1.127451e-01 4.362745e-01 3.940465e-02
1.225490e-01 4.362745e-01 4.420458e-02
1.323529e-01 4.362745e-01 4.911744e-02
1.421569e-01 4.362745e-01 5.405905e-02
1.519608e-01 4.362745e-01 5.893597e-02
1.617647e-01 4.362745e-01 6.364834e-02
1.715686e-01 4.362745e-01 6.809310e-02
1.813725e-01 4.362745e-01 7.216778e-02
1.911765e-01 4.362745e-01 7.577439e-02
2.009804e-01 4.362745e-01 7.882332e-02
2.107843e-01 4.362745e-01 8.123712e-02
2.205882e-01 4.362745e-01 8.295372e-02
2.303922e-01 4.362745e-01 8.392913e-02
2.401961e-01 4.362745e-01 8.413929e-02
2.500000e-01 4.362745e-01 8.358107e-02
2.598039e-01 4.362745e-01 8.227225e-02
2.696078e-01 4.362745e-01 8.025065e-02
2.794118e-01 4.362745e-01 7.757229e-02
2.892157e-01 4.362745e-01 7.430886e-02
2.990196e-01 4.362745e-01 7.054452e-02
3.088235e-01 4.362745e-01 6.637240e-02
3.186275e-01 4.362745e-01 6.189077e-02
3.284314e-01 4.362745e-01 5.719930e-02
3.382353e-01 4.362745e-01 5.239556e-02
3.480392e-01 4.362745e-01 4.757175e-02
3.578431e-01 4.362745e-01 4.281214e-02
3.676471e-01 4.362745e-01 3.819088e-02
3.774510e-01 4.362745e-01 3.377062e-02
3.872549e-01 4.362745e-01 2.960170e-02
3.970588e-01 4.362745e-01 2.572197e-02
4.068627e-01 4.362745e-01 2.215710e-02
4.166667e-01 4.362745e-01 1.892143e-02
4.264706e-01 4.362745e-01 1.601912e-02
4.362745e-01 4.362745e-01 1.344552e-02
4.460784e-01 4.362745e-01 1.118876e-02
4.558824e-01 4.362745e-01 9.231294e-03
4.656863e-01 4.362745e-01 7.551440e-03
4.754902e-01 4.362745e-01 6.124831e-03
4.852941e-01 4.362745e-01 4.925678e-03
4.950980e-01 4.362745e-01 3.927857e-03
5.049020e-01 4.362745e-01 3.105799e-03
5.147059e-01 4.362745e-01 2.435167e-03
5.245098e-01 4.362745e-01 1.893356e-03
5.343137e-01 4.362745e-01 1.459799e-03
5.441176e-01 4.362745e-01 1.116147e-03
5.539216e-01 4.362745e-01 8.463040e-04
5.637255e-01 4.362745e-01 6.363818e-04
5.735294e-01 4.362745e-01 4.745748e-04
5.833333e-01 4.362745e-01 3.509914e-04
5.931373e-01 4.362745e-01 2.574556e-04
6.029412e-01 4.362745e-01 1.872972e-04
6.127451e-01 4.362745e-01 1.351427e-04
6.225490e-01 4.362745e-01 9.671548e-05
6.323529e-01 4.362745e-01 6.865184e-05
6.421569e-01 4.362745e-01 4.833656e-05
6.519608e-01 4.362745e-01 3.375909e-05
6.617647e-01 4.362745e-01 2.339088e-05
6.715686e-01 4.362745e-01 1.608267e-05
6.813725e-01 4.362745e-01 1.098023e-05
6.911765e-01 4.362745e-01 7.456369e-06
7.009804e-01 4.362745e-01 5.057352e-06
7.107843e-01 4.362745e-01 3.461509e-06
7.205882e-01 4.362745e-01 2.448382e-06
7.303922e-01 4.362745e-01 1.876884e-06
7.401961e-01 4.362745e-01 1.671395e-06
7.500000e-01 4.362745e-01 1.815156e-06
7.598039e-01 4.362745e-01 2.350769e-06
7.696078e-01 4.362745e-01 3.388133e-06
7.794118e-01 4.362745e-01 5.120660e-06
7.892157e-01 4.362745e-01 7.851144e-06
7.990196e-01 4.362745e-01 1.202919e-05
8.088235e-01 4.362745e-01 1.830261e-05
8.186275e-01 4.362745e-01 2.758560e-05
8.284314e-01 4.362745e-01 4.114673e-05
8.382353e-01 4.362745e-01 6.072004e-05
8.480392e-01 4.362745e-01 8.864182e-05
8.578431e-01 4.362745e-01 1.280155e-04
8.676471e-01 4.362745e-01 1.829051e-04
8.774510e-01 4.362745e-01 2.585570e-04
8.872549e-01 4.362745e-01 3.616444e-04
8.970588e-01 4.362745e-01 5.005300e-04
9.068627e-01 4.362745e-01 6.855318e-04
9.166667e-01 4.362745e-01 9.291798e-04
9.264706e-01 4.362745e-01 1.246438e-03
9.362745e-01 4.362745e-01 1.654869e-03
9.460784e-01 4.362745e-01 2.174706e-03
9.558824e-01 4.362745e-01 2.828806e-03
9.656863e-01 4.362745e-01 3.642438e-03
9.754902e-01 4.362745e-01 4.642883e-03
9.852941e-01 4.362745e-01 5.858807e-03
9.950980e-01 4.362745e-01 7.319404e-03
4.901961e-03 4.460784e-01 5.244494e-03
1.470588e-02 4.460784e-01 6.541878e-03
2.450980e-02 4.460784e-01 8.079092e-03
3.431373e-02 4.460784e-01 9.878754e-03
4.411765e-02 4.460784e-01 1.196022e-02
5.392157e-02 4.460784e-01 1.433808e-02
6.372549e-02 4.460784e-01 1.702061e-02
7.352941e-02 4.460784e-01 2.000822e-02
8.333333e-02 4.460784e-01 2.329204e-02
9.313725e-02 4.460784e-01 2.685276e-02
1.029412e-01 4.460784e-01 3.065978e-02
1.127451e-01 4.460784e-01 3.467080e-02
1.225490e-01 4.460784e-01 3.883195e-02
1.323529e-01 4.460784e-01 4.307852e-02
1.421569e-01 4.460784e-01 4.733627e-02
1.519608e-01 4.460784e-01 5.152336e-02
1.617647e-01 4.460784e-01 5.555287e-02
1.715686e-01 4.460784e-01 5.933566e-02
1.813725e-01 4.460784e-01 6.278368e-02
1.911765e-01 4.460784e-01 6.581338e-02
2.009804e-01 4.460784e-01 6.834903e-02
2.107843e-01 4.460784e-01 7.032593e-02
2.205882e-01 4.460784e-01 7.169318e-02
2.303922e-01 4.460784e-01 7.241578e-02
2.401961e-01 4.460784e-01 7.247620e-02
2.500000e-01 4.460784e-01 7.187504e-02
2.598039e-01 4.460784e-01 7.063090e-02
2.696078e-01 4.460784e-01 6.877944e-02
2.794118e-01 4.460784e-01 6.637170e-02
2.892157e-01 4.460784e-01 6.347179e-02
2.990196e-01 4.460784e-01 6.015405e-02
3.088235e-01 4.460784e-01 5.649995e-02
3.186275e-01 4.460784e-01 5.259481e-02
3.284314e-01 4.460784e-01 4.852458e-02
3.382353e-01 4.460784e-01 4.437283e-02
3.480392e-01 4.460784e-01 4.021805e-02
3.578431e-01 4.460784e-01 3.613146e-02
3.676471e-01 4.460784e-01 3.217529e-02
3.774510e-01 4.460784e-01 2.840166e-02
3.872549e-01 4.460784e-01 2.485197e-02
3.970588e-01 4.460784e-01 2.155685e-02
4.068627e-01 4.460784e-01 1.853653e-02
4.166667e-01 4.460784e-01 1.580162e-02
4.264706e-01 4.460784e-01 1.335414e-02
4.362745e-01 4.460784e-01 1.118876e-02
4.460784e-01 4.460784e-01 9.294183e-03
4.558824e-01 4.460784e-01 7.654450e-03
4.656863e-01 4.460784e-01 6.250302e-03
4.754902e-01 4.460784e-01 5.060375e-03
4.852941e-01 4.460784e-01 4.062277e-03
4.950980e-01 4.460784e-01 3.233491e-03
5.049020e-01 4.460784e-01 2.552109e-03
5.147059e-01 4.460784e-01 1.997388e-03
5.245098e-01 4.460784e-01 1.550139e-03
5.343137e-01 4.460784e-01 1.192983e-03
5.441176e-01 4.460784e-01 9.104638e-04
5.539216e-01 4.460784e-01 6.890733e-04
5.637255e-01 4.460784e-01 5.171922e-04
5.735294e-01 4.460784e-01 3.849742e-04
5.833333e-01 4.460784e-01 2.841932e-04
5.931373e-01 4.460784e-01 2.080690e-04
6.029412e-01 4.460784e-01 1.510851e-04
6.127451e-01 4.460784e-01 1.088093e-04
6.225490e-01 4.460784e-01 7.772309e-05
6.323529e-01 4.460784e-01 5.506620e-05
6.421569e-01 4.460784e-01 3.869784e-05
6.519608e-01 4.460784e-01 2.697626e-05
6.617647e-01 4.460784e-01 1.865636e-05
6.715686e-01 4.460784e-01 1.280432e-05
6.813725e-01 4.460784e-01 8.727836e-06
6.911765e-01 4.460784e-01 5.920062e-06
7.009804e-01 4.460784e-01 4.015621e-06
7.107843e-01 4.460784e-01 2.756817e-06
7.205882e-01 4.460784e-01 1.968642e-06
7.303922e-01 4.460784e-01 1.541325e-06
7.401961e-01 4.460784e-01 1.419578e-06
7.500000e-01 4.460784e-01 1.598015e-06
7.598039e-01 4.460784e-01 2.122708e-06
7.696078e-01 4.460784e-01 3.099197e-06
7.794118e-01 4.460784e-01 4.707785e-06
7.892157e-01 4.460784e-01 7.227391e-06
7.990196e-01 4.460784e-01 1.106967e-05
8.088235e-01 4.460784e-01 1.682553e-05
8.186275e-01 4.460784e-01 2.532664e-05
8.284314e-01 4.460784e-01 3.772439e-05
8.382353e-01 4.460784e-01 5.558928e-05
8.480392e-01 4.460784e-01 8.103293e-05
8.578431e-01 4.460784e-01 1.168545e-04
8.676471e-01 4.460784e-01 1.667119e-04
8.774510e-01 4.460784e-01 2.353170e-04
8.872549e-01 4.460784e-01 3.286498e-04
8.970588e-01 4.460784e-01 4.541870e-04
9.068627e-01 4.460784e-01 6.211316e-04
9.166667e-01 4.460784e-01 8.406308e-04
9.264706e-01 4.460784e-01 1.125962e-03
9.362745e-01 4.460784e-01 1.492665e-03
9.460784e-01 4.460784e-01 1.958587e-03
9.558824e-01 4.460784e-01 2.543823e-03
9.656863e-01 4.460784e-01 3.270508e-03
9.754902e-01 4.460784e-01 4.162436e-03
9.852941e-01 4.460784e-01 5.244494e-03
9.950980e-01 4.460784e-01 6.541878e-03
4.901961e-03 4.558824e-01 4.655553e-03
1.470588e-02 4.558824e-01 5.798296e-03
2.450980e-02 4.558824e-01 7.149710e-03
3.431373e-02 4.558824e-01 8.728781e-03
4.411765e-02 4.558824e-01 1.055149e-02
5.392157e-02 4.558824e-01 1.262950e-02
6.372549e-02 4.558824e-01 1.496885e-02
7.352941e-02 4.558824e-01 1.756861e-02
8.333333e-02 4.558824e-01 2.041972e-02
9.313725e-02 4.558824e-01 2.350402e-02
1.029412e-01 4.558824e-01 2.679357e-02
1.127451e-01 4.558824e-01 3.025041e-02
1.225490e-01 4.558824e-01 3.382673e-02
1.323529e-01 4.558824e-01 3.746559e-02
1.421569e-01 4.558824e-01 4.110212e-02
1.519608e-01 4.558824e-01 4.466532e-02
1.617647e-01 4.558824e-01 4.808020e-02
1.715686e-01 4.558824e-01 5.127039e-02
1.813725e-01 4.558824e-01 5.416095e-02
1.911765e-01 4.558824e-01 5.668129e-02
2.009804e-01 4.558824e-01 5.876809e-02
2.107843e-01 4.558824e-01 6.036789e-02
2.205882e-01 4.558824e-01 6.143941e-02
2.303922e-01 4.558824e-01 6.195534e-02
2.401961e-01 4.558824e-01 6.190344e-02
2.500000e-01 4.558824e-01 6.128707e-02
2.598039e-01 4.558824e-01 6.012490e-02
2.696078e-01 4.558824e-01 5.845003e-02
2.794118e-01 4.558824e-01 5.630839e-02
2.892157e-01 4.558824e-01 5.375668e-02
2.990196e-01 4.558824e-01 5.085992e-02
3.088235e-01 4.558824e-01 4.768870e-02
3.186275e-01 4.558824e-01 4.431640e-02
3.284314e-01 4.558824e-01 4.081644e-02
3.382353e-01 4.558824e-01 3.725974e-02
3.480392e-01 4.558824e-01 3.371246e-02
3.578431e-01 4.558824e-01 3.023426e-02
3.676471e-01 4.558824e-01 2.687684e-02
3.774510e-01 4.558824e-01 2.368312e-02
3.872549e-01 4.558824e-01 2.068679e-02
3.970588e-01 4.558824e-01 1.791233e-02
4.068627e-01 4.558824e-01 1.537543e-02
4.166667e-01 4.558824e-01 1.308369e-02
4.264706e-01 4.558824e-01 1.103752e-02
4.362745e-01 4.558824e-01 9.231294e-03
4.460784e-01 4.558824e-01 7.654450e-03
4.558824e-01 4.558824e-01 6.292694e-03
4.656863e-01 4.558824e-01 5.129097e-03
4.754902e-01 4.558824e-01 4.145124e-03
4.852941e-01 4.558824e-01 3.321519e-03
4.950980e-01 4.558824e-01 2.639058e-03
5.049020e-01 4.558824e-01 2.079141e-03
5.147059e-01 4.558824e-01 1.624247e-03
5.245098e-01 4.558824e-01 1.258239e-03
5.343137e-01 4.558824e-01 9.665551e-04
5.441176e-01 4.558824e-01 7.362962e-04
5.539216e-01 4.558824e-01 5.562249e-04
5.637255e-01 4.558824e-01 4.167058e-04
5.735294e-01 4.558824e-01 3.095989e-04
5.833333e-01 4.558824e-01 2.281230e-04
5.931373e-01 4.558824e-01 1.667048e-04
6.029412e-01 4.558824e-01 1.208217e-04
6.127451e-01 4.558824e-01 8.684998e-05
6.225490e-01 4.558824e-01 6.192013e-05
6.323529e-01 4.558824e-01 4.378681e-05
6.421569e-01 4.558824e-01 3.071289e-05
6.519608e-01 4.558824e-01 2.136951e-05
6.617647e-01 4.558824e-01 1.475128e-05
6.715686e-01 4.558824e-01 1.010611e-05
6.813725e-01 4.558824e-01 6.877842e-06
6.911765e-01 4.558824e-01 4.660526e-06
7.009804e-01 4.558824e-01 3.162610e-06
7.107843e-01 4.558824e-01 2.179616e-06
7.205882e-01 4.558824e-01 1.574108e-06
7.303922e-01 4.558824e-01 1.261922e-06
7.401961e-01 4.558824e-01 1.203982e-06
7.500000e-01 4.558824e-01 1.403346e-06
7.598039e-01 4.558824e-01 1.907484e-06
7.696078e-01 4.558824e-01 2.816142e-06
7.794118e-01 4.558824e-01 4.295578e-06
7.892157e-01 4.558824e-01 6.600310e-06
7.990196e-01 4.558824e-01 1.010393e-05
8.088235e-01 4.558824e-01 1.534088e-05
8.186275e-01 4.558824e-01 2.306134e-05
8.284314e-01 4.558824e-01 3.430159e-05
8.382353e-01 4.558824e-01 5.047213e-05
8.480392e-01 4.558824e-01 7.346553e-05
8.578431e-01 4.558824e-01 1.057854e-04
8.676471e-01 4.558824e-01 1.506964e-04
8.774510e-01 4.558824e-01 2.123948e-04
8.872549e-01 4.558824e-01 2.961944e-04
8.970588e-01 4.558824e-01 4.087234e-04
9.068627e-01 4.558824e-01 5.581205e-04
9.166667e-01 4.558824e-01 7.542188e-04
9.264706e-01 4.558824e-01 1.008699e-03
9.362745e-01 4.558824e-01 1.335193e-03
9.460784e-01 4.558824e-01 1.749308e-03
9.558824e-01 4.558824e-01 2.268557e-03
9.656863e-01 4.558824e-01 2.912160e-03
9.754902e-01 4.558824e-01 3.700689e-03
9.852941e-01 4.558824e-01 4.655553e-03
9.950980e-01 4.558824e-01 5.798296e-03
4.901961e-03 4.656863e-01 4.098481e-03
1.470588e-02 4.656863e-01 5.096597e-03
2.450980e-02 4.656863e-01 6.274719e-03
3.431373e-02 4.656863e-01 7.648617e-03
4.411765e-02 4.656863e-01 9.231326e-03
5.392157e-02 4.656863e-01 1.103203e-02
6.372549e-02 4.656863e-01 1.305490e-02
7.352941e-02 4.656863e-01 1.529806e-02
8.333333e-02 4.656863e-01 1.775252e-02
9.313725e-02 4.656863e-01 2.040145e-02
1.029412e-01 4.656863e-01 2.321965e-02
1.127451e-01 4.656863e-01 2.617340e-02
1.225490e-01 4.656863e-01 2.922068e-02
1.323529e-01 4.656863e-01 3.231183e-02
1.421569e-01 4.656863e-01 3.539074e-02
1.519608e-01 4.656863e-01 3.839634e-02
1.617647e-01 4.656863e-01 4.126454e-02
1.715686e-01 4.656863e-01 4.393051e-02
1.813725e-01 4.656863e-01 4.633107e-02
1.911765e-01 4.656863e-01 4.840718e-02
2.009804e-01 4.656863e-01 5.010639e-02
2.107843e-01 4.656863e-01 5.138502e-02
2.205882e-01 4.656863e-01 5.221006e-02
2.303922e-01 4.656863e-01 5.256055e-02
2.401961e-01 4.656863e-01 5.242852e-02
2.500000e-01 4.656863e-01 5.181921e-02
2.598039e-01 4.656863e-01 5.075082e-02
2.696078e-01 4.656863e-01 4.925356e-02
2.794118e-01 4.656863e-01 4.736829e-02
2.892157e-01 4.656863e-01 4.514465e-02
2.990196e-01 4.656863e-01 4.263893e-02
3.088235e-01 4.656863e-01 3.991172e-02
3.186275e-01 4.656863e-01 3.702554e-02
3.284314e-01 4.656863e-01 3.404250e-02
3.382353e-01 4.656863e-01 3.102223e-02
3.480392e-01 4.656863e-01 2.802001e-02
3.578431e-01 4.656863e-01 2.508529e-02
3.676471e-01 4.656863e-01 2.226064e-02
3.774510e-01 4.656863e-01 1.958102e-02
3.872549e-01 4.656863e-01 1.707356e-02
3.970588e-01 4.656863e-01 1.475759e-02
4.068627e-01 4.656863e-01 1.264504e-02
4.166667e-01 4.656863e-01 1.074114e-02
4.264706e-01 4.656863e-01 9.045165e-03
4.362745e-01 4.656863e-01 7.551440e-03
4.460784e-01 4.656863e-01 6.250302e-03
4.558824e-01 4.656863e-01 5.129097e-03
4.656863e-01 4.656863e-01 4.173113e-03
4.754902e-01 4.656863e-01 3.366427e-03
4.852941e-01 4.656863e-01 2.692640e-03
4.950980e-01 4.656863e-01 2.135492e-03
5.049020e-01 4.656863e-01 1.679337e-03
5.147059e-01 4.656863e-01 1.309509e-03
5.245098e-01 4.656863e-01 1.012557e-03
5.343137e-01 4.656863e-01 7.763911e-04
5.441176e-01 4.656863e-01 5.903391e-04
5.539216e-01 4.656863e-01 4.451352e-04
5.637255e-01 4.656863e-01 3.328596e-04
5.735294e-01 4.656863e-01 2.468417e-04
5.833333e-01 4.656863e-01 1.815404e-04
5.931373e-01 4.656863e-01 1.324143e-04
6.029412e-01 4.656863e-01 9.578818e-05
6.127451e-01 4.656863e-01 6.872493e-05
6.225490e-01 4.656863e-01 4.890485e-05
6.323529e-01 4.656863e-01 3.451734e-05
6.421569e-01 4.656863e-01 2.416510e-05
6.519608e-01 4.656863e-01 1.678185e-05
6.617647e-01 4.656863e-01 1.156290e-05
6.715686e-01 4.656863e-01 7.907768e-06
6.813725e-01 4.656863e-01 5.373608e-06
6.911765e-01 4.656863e-01 3.638169e-06
7.009804e-01 4.656863e-01 2.470920e-06
7.107843e-01 4.656863e-01 1.711182e-06
7.205882e-01 4.656863e-01 1.252225e-06
7.303922e-01 4.656863e-01 1.030539e-06
7.401961e-01 4.656863e-01 1.019744e-06
7.500000e-01 4.656863e-01 1.228885e-06
7.598039e-01 4.656863e-01 1.705169e-06
7.696078e-01 4.656863e-01 2.541513e-06
7.794118e-01 4.656863e-01 3.889620e-06
7.892157e-01 4.656863e-01 5.979612e-06
7.990196e-01 4.656863e-01 9.147599e-06
8.088235e-01 4.656863e-01 1.387283e-05
8.186275e-01 4.656863e-01 2.082633e-05
8.284314e-01 4.656863e-01 3.093297e-05
8.382353e-01 4.656863e-01 4.544900e-05
8.480392e-01 4.656863e-01 6.605648e-05
8.578431e-01 4.656863e-01 9.497591e-05
8.676471e-01 4.656863e-01 1.350968e-04
8.774510e-01 4.656863e-01 1.901248e-04
8.872549e-01 4.656863e-01 2.647420e-04
8.970588e-01 4.656863e-01 3.647750e-04
9.068627e-01 4.656863e-01 4.973605e-04
9.166667e-01 4.656863e-01 6.710990e-04
9.264706e-01 4.656863e-01 8.961793e-04
9.362745e-01 4.656863e-01 1.184456e-03
9.460784e-01 4.656863e-01 1.549463e-03
9.558824e-01 4.656863e-01 2.006330e-03
9.656863e-01 4.656863e-01 2.571598e-03
9.754902e-01 4.656863e-01 3.262898e-03
9.852941e-01 4.656863e-01 4.098481e-03
9.950980e-01 4.656863e-01 5.096597e-03
4.901961e-03 4.754902e-01 3.578235e-03
1.470588e-02 4.754902e-01 4.442758e-03
2.450980e-02 4.754902e-01 5.461231e-03
3.431373e-02 4.754902e-01 6.646618e-03
4.411765e-02 4.754902e-01 8.009418e-03
5.392157e-02 4.754902e-01 9.556717e-03
6.372549e-02 4.754902e-01 1.129123e-02
7.352941e-02 4.754902e-01 1.321039e-02
8.333333e-02 4.754902e-01 1.530553e-02
9.313725e-02 4.754902e-01 1.756128e-02
1.029412e-01 4.754902e-01 1.995515e-02
1.127451e-01 4.754902e-01 2.245749e-02
1.225490e-01 4.754902e-01 2.503171e-02
1.323529e-01 4.754902e-01 2.763494e-02
1.421569e-01 4.754902e-01 3.021906e-02
1.519608e-01 4.754902e-01 3.273201e-02
1.617647e-01 4.754902e-01 3.511957e-02
1.715686e-01 4.754902e-01 3.732718e-02
1.813725e-01 4.754902e-01 3.930208e-02
1.911765e-01 4.754902e-01 4.099538e-02
2.009804e-01 4.754902e-01 4.236405e-02
2.107843e-01 4.754902e-01 4.337283e-02
2.205882e-01 4.754902e-01 4.399565e-02
2.303922e-01 4.754902e-01 4.421680e-02
2.401961e-01 4.754902e-01 4.403159e-02
2.500000e-01 4.754902e-01 4.344647e-02
2.598039e-01 4.754902e-01 4.247869e-02
2.696078e-01 4.754902e-01 4.115548e-02
2.794118e-01 4.754902e-01 3.951274e-02
2.892157e-01 4.754902e-01 3.759350e-02
2.990196e-01 4.754902e-01 3.544601e-02
3.088235e-01 4.754902e-01 3.312177e-02
3.186275e-01 4.754902e-01 3.067355e-02
3.284314e-01 4.754902e-01 2.815342e-02
3.382353e-01 4.754902e-01 2.561105e-02
3.480392e-01 4.754902e-01 2.309217e-02
3.578431e-01 4.754902e-01 2.063742e-02
3.676471e-01 4.754902e-01 1.828146e-02
3.774510e-01 4.754902e-01 1.605253e-02
3.872549e-01 4.754902e-01 1.397219e-02
3.970588e-01 4.754902e-01 1.205551e-02
4.068627e-01 4.754902e-01 1.031140e-02
4.166667e-01 4.754902e-01 8.743242e-03
4.264706e-01 4.754902e-01 7.349554e-03
4.362745e-01 4.754902e-01 6.124831e-03
4.460784e-01 4.754902e-01 5.060375e-03
4.558824e-01 4.754902e-01 4.145124e-03
4.656863e-01 4.754902e-01 3.366427e-03
4.754902e-01 4.754902e-01 2.710742e-03
4.852941e-01 4.754902e-01 2.164236e-03
4.950980e-01 4.754902e-01 1.713283e-03
5.049020e-01 4.754902e-01 1.344843e-03
5.147059e-01 4.754902e-01 1.046748e-03
5.245098e-01 4.754902e-01 8.078869e-04
5.343137e-01 4.754902e-01 6.183106e-04
5.441176e-01 4.754902e-01 4.692671e-04
5.539216e-01 4.754902e-01 3.531835e-04
5.637255e-01 4.754902e-01 2.636071e-04
5.735294e-01 4.754902e-01 1.951190e-04
5.833333e-01 4.754902e-01 1.432309e-04
5.931373e-01 4.754902e-01 1.042745e-04
6.029412e-01 4.754902e-01 7.528921e-05
6.127451e-01 4.754902e-01 5.391508e-05
6.225490e-01 4.754902e-01 3.829313e-05
6.323529e-01 4.754902e-01 2.697601e-05
6.421569e-01 4.754902e-01 1.884954e-05
6.519608e-01 4.754902e-01 1.306558e-05
6.617647e-01 4.754902e-01 8.985652e-06
6.715686e-01 4.754902e-01 6.134508e-06
6.813725e-01 4.754902e-01 4.162623e-06
6.911765e-01 4.754902e-01 2.816452e-06
7.009804e-01 4.754902e-01 1.915387e-06
7.107843e-01 4.754902e-01 1.334401e-06
7.205882e-01 4.754902e-01 9.915682e-07
7.303922e-01 4.754902e-01 8.398164e-07
7.401961e-01 4.754902e-01 8.624994e-07
7.500000e-01 4.754902e-01 1.072633e-06
7.598039e-01 4.754902e-01 1.515883e-06
7.696078e-01 4.754902e-01 2.277660e-06
7.794118e-01 4.754902e-01 3.494989e-06
7.892157e-01 4.754902e-01 5.374053e-06
7.990196e-01 4.754902e-01 8.214635e-06
8.088235e-01 4.754902e-01 1.244288e-05
8.186275e-01 4.754902e-01 1.865398e-05
8.284314e-01 4.754902e-01 2.766652e-05
8.382353e-01 4.754902e-01 4.059002e-05
8.480392e-01 4.754902e-01 5.890707e-05
8.578431e-01 4.754902e-01 8.457067e-05
8.676471e-01 4.754902e-01 1.201168e-04
8.774510e-01 4.754902e-01 1.687907e-04
8.872549e-01 4.754902e-01 2.346832e-04
8.970588e-01 4.754902e-01 3.228731e-04
9.068627e-01 4.754902e-01 4.395660e-04
9.166667e-01 4.754902e-01 5.922206e-04
9.264706e-01 4.754902e-01 7.896488e-04
9.362745e-01 4.754902e-01 1.042073e-03
9.460784e-01 4.754902e-01 1.361125e-03
9.558824e-01 4.754902e-01 1.759766e-03
9.656863e-01 4.754902e-01 2.252108e-03
9.754902e-01 4.754902e-01 2.853124e-03
9.852941e-01 4.754902e-01 3.578235e-03
9.950980e-01 4.754902e-01 4.442758e-03
4.901961e-03 4.852941e-01 3.098273e-03
1.470588e-02 4.852941e-01 3.840855e-03
2.450980e-02 4.852941e-01 4.713980e-03
3.431373e-02 4.852941e-01 5.728190e-03
4.411765e-02 4.852941e-01 6.891832e-03
5.392157e-02 4.852941e-01 8.210263e-03
6.372549e-02 4.852941e-01 9.685047e-03
7.352941e-02 4.852941e-01 1.131321e-02
8.333333e-02 4.852941e-01 1.308656e-02
9.313725e-02 4.852941e-01 1.499125e-02
1.029412e-01 4.852941e-01 1.700744e-02
1.127451e-01 4.852941e-01 1.910930e-02
1.225490e-01 4.852941e-01 2.126528e-02
1.323529e-01 4.852941e-01 2.343872e-02
1.421569e-01 4.852941e-01 2.558870e-02
1.519608e-01 4.852941e-01 2.767131e-02
1.617647e-01 4.852941e-01 2.964103e-02
1.715686e-01 4.852941e-01 3.145241e-02
1.813725e-01 4.852941e-01 3.306179e-02
1.911765e-01 4.852941e-01 3.442907e-02
2.009804e-01 4.852941e-01 3.551935e-02
2.107843e-01 4.852941e-01 3.630446e-02
2.205882e-01 4.852941e-01 3.676411e-02
2.303922e-01 4.852941e-01 3.688683e-02
2.401961e-01 4.852941e-01 3.667039e-02
2.500000e-01 4.852941e-01 3.612187e-02
2.598039e-01 4.852941e-01 3.525730e-02
2.696078e-01 4.852941e-01 3.410086e-02
2.794118e-01 4.852941e-01 3.268376e-02
2.892157e-01 4.852941e-01 3.104291e-02
2.990196e-01 4.852941e-01 2.921925e-02
3.088235e-01 4.852941e-01 2.725619e-02
3.186275e-01 4.852941e-01 2.519781e-02
3.284314e-01 4.852941e-01 2.308739e-02
3.382353e-01 4.852941e-01 2.096589e-02
3.480392e-01 4.852941e-01 1.887080e-02
3.578431e-01 4.852941e-01 1.683520e-02
3.676471e-01 4.852941e-01 1.488705e-02
3.774510e-01 4.852941e-01 1.304889e-02
3.872549e-01 4.852941e-01 1.133769e-02
3.970588e-01 4.852941e-01 9.765011e-03
4.068627e-01 4.852941e-01 8.337386e-03
4.166667e-01 4.852941e-01 7.056789e-03
4.264706e-01 4.852941e-01 5.921279e-03
4.362745e-01 4.852941e-01 4.925678e-03
4.460784e-01 4.852941e-01 4.062277e-03
4.558824e-01 4.852941e-01 3.321519e-03
4.656863e-01 4.852941e-01 2.692640e-03
4.754902e-01 4.852941e-01 2.164236e-03
4.852941e-01 4.852941e-01 1.724750e-03
4.950980e-01 4.852941e-01 1.362866e-03
5.049020e-01 4.852941e-01 1.067814e-03
5.147059e-01 4.852941e-01 8.295898e-04
5.245098e-01 4.852941e-01 6.390969e-04
5.343137e-01 4.852941e-01 4.882196e-04
5.441176e-01 4.852941e-01 3.698440e-04
5.539216e-01 4.852941e-01 2.778346e-04
5.637255e-01 4.852941e-01 2.069797e-04
5.735294e-01 4.852941e-01 1.529159e-04
5.833333e-01 4.852941e-01 1.120391e-04
5.931373e-01 4.852941e-01 8.141198e-05
6.029412e-01 4.852941e-01 5.867024e-05
6.127451e-01 4.852941e-01 4.193415e-05
6.225490e-01 4.852941e-01 2.972686e-05
6.323529e-01 4.852941e-01 2.090138e-05
6.421569e-01 4.852941e-01 1.457699e-05
6.519608e-01 4.852941e-01 1.008491e-05
6.617647e-01 4.852941e-01 6.922930e-06
6.715686e-01 4.852941e-01 4.718195e-06
6.813725e-01 4.852941e-01 3.197246e-06
6.911765e-01 4.852941e-01 2.162371e-06
7.009804e-01 4.852941e-01 1.473373e-06
7.107843e-01 4.852941e-01 1.033941e-06
7.205882e-01 4.852941e-01 7.819514e-07
7.303922e-01 4.852941e-01 6.832229e-07
7.401961e-01 4.852941e-01 7.283946e-07
7.500000e-01 4.852941e-01 9.328433e-07
7.598039e-01 4.852941e-01 1.339749e-06
7.696078e-01 4.852941e-01 2.026659e-06
7.794118e-01 4.852941e-01 3.116125e-06
7.892157e-01 4.852941e-01 4.791238e-06
7.990196e-01 4.852941e-01 7.317097e-06
8.088235e-01 4.852941e-01 1.106944e-05
8.186275e-01 4.852941e-01 1.657182e-05
8.284314e-01 4.852941e-01 2.454273e-05
8.382353e-01 4.852941e-01 3.595398e-05
8.480392e-01 4.852941e-01 5.210147e-05
8.578431e-01 4.852941e-01 7.468868e-05
8.676471e-01 4.852941e-01 1.059228e-04
8.774510e-01 4.852941e-01 1.486221e-04
8.872549e-01 4.852941e-01 2.063311e-04
8.970588e-01 4.852941e-01 2.834396e-04
9.068627e-01 4.852941e-01 3.852981e-04
9.166667e-01 4.852941e-01 5.183208e-04
9.264706e-01 4.852941e-01 6.900639e-04
9.362745e-01 4.852941e-01 9.092677e-04
9.460784e-01 4.852941e-01 1.185844e-03
9.558824e-01 4.852941e-01 1.530800e-03
9.656863e-01 4.852941e-01 1.956069e-03
9.754902e-01 4.852941e-01 2.474257e-03
9.852941e-01 4.852941e-01 3.098273e-03
9.950980e-01 4.852941e-01 3.840855e-03
4.901961e-03 4.950980e-01 2.660637e-03
1.470588e-02 4.950980e-01 3.293186e-03
2.450980e-02 4.950980e-01 4.035488e-03
3.431373e-02 4.950980e-01 4.896021e-03
4.411765e-02 4.950980e-01 5.881331e-03
5.392157e-02 4.950980e-01 6.995368e-03
6.372549e-02 4.950980e-01 8.238825e-03
7.352941e-02 4.950980e-01 9.608527e-03
8.333333e-02 4.950980e-01 1.109690e-02
9.313725e-02 4.950980e-01 1.269161e-02
1.029412e-01 4.950980e-01 1.437533e-02
1.127451e-01 4.950980e-01 1.612579e-02
1.225490e-01 4.950980e-01 1.791606e-02
1.323529e-01 4.950980e-01 1.971504e-02
1.421569e-01 4.950980e-01 2.148830e-02
1.519608e-01 4.950980e-01 2.319909e-02
1.617647e-01 4.950980e-01 2.480959e-02
1.715686e-01 4.950980e-01 2.628225e-02
1.813725e-01 4.950980e-01 2.758132e-02
1.911765e-01 4.950980e-01 2.867421e-02
2.009804e-01 4.950980e-01 2.953290e-02
2.107843e-01 4.950980e-01 3.013515e-02
2.205882e-01 4.950980e-01 3.046544e-02
2.303922e-01 4.950980e-01 3.051561e-02
2.401961e-01 4.950980e-01 3.028525e-02
2.500000e-01 4.950980e-01 2.978163e-02
2.598039e-01 4.950980e-01 2.901932e-02
2.696078e-01 4.950980e-01 2.801953e-02
2.794118e-01 4.950980e-01 2.680911e-02
2.892157e-01 4.950980e-01 2.541940e-02
2.990196e-01 4.950980e-01 2.388482e-02
3.088235e-01 4.950980e-01 2.224156e-02
3.186275e-01 4.950980e-01 2.052617e-02
3.284314e-01 4.950980e-01 1.877424e-02
3.382353e-01 4.950980e-01 1.701927e-02
3.480392e-01 4.950980e-01 1.529169e-02
3.578431e-01 4.950980e-01 1.361815e-02
3.676471e-01 4.950980e-01 1.202102e-02
3.774510e-01 4.950980e-01 1.051807e-02
3.872549e-01 4.950980e-01 9.122509e-03
3.970588e-01 4.950980e-01 7.843097e-03
4.068627e-01 4.950980e-01 6.684473e-03
4.166667e-01 4.950980e-01 5.647606e-03
4.264706e-01 4.950980e-01 4.730317e-03
4.362745e-01 4.950980e-01 3.927857e-03
4.460784e-01 4.950980e-01 3.233491e-03
4.558824e-01 4.950980e-01 2.639058e-03
4.656863e-01 4.950980e-01 2.135492e-03
4.754902e-01 4.950980e-01 1.713283e-03
4.852941e-01 4.950980e-01 1.362866e-03
4.950980e-01 4.950980e-01 1.074929e-03
5.049020e-01 4.950980e-01 8.406587e-04
5.147059e-01 4.950980e-01 6.519023e-04
5.245098e-01 4.950980e-01 5.012775e-04
5.343137e-01 4.950980e-01 3.822228e-04
5.441176e-01 4.950980e-01 2.890062e-04
5.539216e-01 4.950980e-01 2.167004e-04
5.637255e-01 4.950980e-01 1.611327e-04
5.735294e-01 4.950980e-01 1.188196e-04
5.833333e-01 4.950980e-01 8.689251e-05
5.931373e-01 4.950980e-01 6.301962e-05
6.029412e-01 4.950980e-01 4.532915e-05
6.127451e-01 4.950980e-01 3.233683e-05
6.225490e-01 4.950980e-01 2.287950e-05
6.323529e-01 4.950980e-01 1.605607e-05
6.421569e-01 4.950980e-01 1.117636e-05
6.519608e-01 4.950980e-01 7.717573e-06
6.617647e-01 4.950980e-01 5.288102e-06
6.715686e-01 4.950980e-01 3.597967e-06
6.813725e-01 4.950980e-01 2.435091e-06
6.911765e-01 4.950980e-01 1.646673e-06
7.009804e-01 4.950980e-01 1.124894e-06
7.107843e-01 4.950980e-01 7.963189e-07
7.205882e-01 4.950980e-01 6.144471e-07
7.303922e-01 4.950980e-01 5.550535e-07
7.401961e-01 4.950980e-01 6.140732e-07
7.500000e-01 4.950980e-01 8.079895e-07
7.598039e-01 4.950980e-01 1.176853e-06
7.696078e-01 4.950980e-01 1.790250e-06
7.794118e-01 4.950980e-01 2.756745e-06
7.892157e-01 4.950980e-01 4.237493e-06
7.990196e-01 4.950980e-01 6.464935e-06
8.088235e-01 4.950980e-01 9.767604e-06
8.186275e-01 4.950980e-01 1.460221e-05
8.284314e-01 4.950980e-01 2.159417e-05
8.382353e-01 4.950980e-01 3.158767e-05
8.480392e-01 4.950980e-01 4.570602e-05
8.578431e-01 4.950980e-01 6.542276e-05
8.676471e-01 4.950980e-01 9.264301e-05
8.774510e-01 4.950980e-01 1.297938e-04
8.872549e-01 4.950980e-01 1.799207e-04
8.970588e-01 4.950980e-01 2.467863e-04
9.068627e-01 4.950980e-01 3.349653e-04
9.166667e-01 4.950980e-01 4.499270e-04
9.264706e-01 4.950980e-01 5.980965e-04
9.362745e-01 4.950980e-01 7.868827e-04
9.460784e-01 4.950980e-01 1.024661e-03
9.558824e-01 4.950980e-01 1.320695e-03
9.656863e-01 4.950980e-01 1.684992e-03
9.754902e-01 4.950980e-01 2.128070e-03
9.852941e-01 4.950980e-01 2.660637e-03
9.950980e-01 4.950980e-01 3.293186e-03
4.901961e-03 5.049020e-01 2.266089e-03
1.470588e-02 5.049020e-01 2.800451e-03
2.450980e-02 5.049020e-01 3.426303e-03
3.431373e-02 5.049020e-01 4.150386e-03
4.411765e-02 5.049020e-01 4.977759e-03
5.392157e-02 5.049020e-01 5.911250e-03
6.372549e-02 5.049020e-01 6.950917e-03
7.352941e-02 5.049020e-01 8.093552e-03
8.333333e-02 5.049020e-01 9.332266e-03
9.313725e-02 5.049020e-01 1.065620e-02
1.029412e-01 5.049020e-01 1.205040e-02
1.127451e-01 5.049020e-01 1.349585e-02
1.225490e-01 5.049020e-01 1.496975e-02
1.323529e-01 5.049020e-01 1.644600e-02
1.421569e-01 5.049020e-01 1.789586e-02
1.519608e-01 5.049020e-01 1.928887e-02
1.617647e-01 5.049020e-01 2.059388e-02
1.715686e-01 5.049020e-01 2.178018e-02
1.813725e-01 5.049020e-01 2.281874e-02
1.911765e-01 5.049020e-01 2.368336e-02
2.009804e-01 5.049020e-01 2.435178e-02
2.107843e-01 5.049020e-01 2.480666e-02
2.205882e-01 5.049020e-01 2.503629e-02
2.303922e-01 5.049020e-01 2.503513e-02
2.401961e-01 5.049020e-01 2.480400e-02
2.500000e-01 5.049020e-01 2.435001e-02
2.598039e-01 5.049020e-01 2.368621e-02
2.696078e-01 5.049020e-01 2.283097e-02
2.794118e-01 5.049020e-01 2.180714e-02
2.892157e-01 5.049020e-01 2.064104e-02
2.990196e-01 5.049020e-01 1.936136e-02
3.088235e-01 5.049020e-01 1.799801e-02
3.186275e-01 5.049020e-01 1.658096e-02
3.284314e-01 5.049020e-01 1.513925e-02
3.382353e-01 5.049020e-01 1.369999e-02
3.480392e-01 5.049020e-01 1.228768e-02
3.578431e-01 5.049020e-01 1.092359e-02
3.676471e-01 5.049020e-01 9.625393e-03
3.774510e-01 5.049020e-01 8.406996e-03
3.872549e-01 5.049020e-01 7.278539e-03
3.970588e-01 5.049020e-01 6.246548e-03
4.068627e-01 5.049020e-01 5.314222e-03
4.166667e-01 5.049020e-01 4.481820e-03
4.264706e-01 5.049020e-01 3.747100e-03
4.362745e-01 5.049020e-01 3.105799e-03
4.460784e-01 5.049020e-01 2.552109e-03
4.558824e-01 5.049020e-01 2.079141e-03
4.656863e-01 5.049020e-01 1.679337e-03
4.754902e-01 5.049020e-01 1.344843e-03
4.852941e-01 5.049020e-01 1.067814e-03
4.950980e-01 5.049020e-01 8.406587e-04
5.049020e-01 5.049020e-01 6.562274e-04
5.147059e-01 5.049020e-01 5.079366e-04
5.245098e-01 5.049020e-01 3.898478e-04
5.343137e-01 5.049020e-01 2.967022e-04
5.441176e-01 5.049020e-01 2.239217e-04
5.539216e-01 5.049020e-01 1.675834e-04
5.637255e-01 5.049020e-01 1.243754e-04
5.735294e-01 5.049020e-01 9.154107e-05
5.833333e-01 5.049020e-01 6.681668e-05
5.931373e-01 5.049020e-01 4.836714e-05
6.029412e-01 5.049020e-01 3.472337e-05
6.127451e-01 5.049020e-01 2.472345e-05
6.225490e-01 5.049020e-01 1.745917e-05
6.323529e-01 5.049020e-01 1.222872e-05
6.421569e-01 5.049020e-01 8.495889e-06
6.519608e-01 5.049020e-01 5.855522e-06
6.617647e-01 5.049020e-01 4.004899e-06
6.715686e-01 5.049020e-01 2.720441e-06
6.813725e-01 5.049020e-01 1.839116e-06
6.911765e-01 5.049020e-01 1.243885e-06
7.009804e-01 5.049020e-01 8.526074e-07
7.107843e-01 5.049020e-01 6.098734e-07
7.205882e-01 5.049020e-01 4.813584e-07
7.303922e-01 5.049020e-01 4.504005e-07
7.401961e-01 5.049020e-01 5.166445e-07
7.500000e-01 5.049020e-01 6.967360e-07
7.598039e-01 5.049020e-01 1.027199e-06
7.696078e-01 5.049020e-01 1.569791e-06
7.794118e-01 5.049020e-01 2.419785e-06
7.892157e-01 5.049020e-01 3.717798e-06
7.990196e-01 5.049020e-01 5.665920e-06
8.088235e-01 5.049020e-01 8.549022e-06
8.186275e-01 5.049020e-01 1.276222e-05
8.284314e-01 5.049020e-01 1.884542e-05
8.382353e-01 5.049020e-01 2.752588e-05
8.480392e-01 5.049020e-01 3.976929e-05
8.578431e-01 5.049020e-01 5.683975e-05
8.676471e-01 5.049020e-01 8.036801e-05
8.774510e-01 5.049020e-01 1.124269e-04
8.872549e-01 5.049020e-01 1.556114e-04
8.970588e-01 5.049020e-01 2.131199e-04
9.068627e-01 5.049020e-01 2.888307e-04
9.166667e-01 5.049020e-01 3.873684e-04
9.264706e-01 5.049020e-01 5.141502e-04
9.362745e-01 5.049020e-01 6.754033e-04
9.460784e-01 5.049020e-01 8.781437e-04
9.558824e-01 5.049020e-01 1.130103e-03
9.656863e-01 5.049020e-01 1.439597e-03
9.754902e-01 5.049020e-01 1.815324e-03
9.852941e-01 5.049020e-01 2.266089e-03
9.950980e-01 5.049020e-01 2.800451e-03
4.901961e-03 5.147059e-01 1.914271e-03
1.470588e-02 5.147059e-01 2.361963e-03
2.450980e-02 5.147059e-01 2.885273e-03
3.431373e-02 5.147059e-01 3.489500e-03
4.411765e-02 5.147059e-01 4.178492e-03
5.392157e-02 5.147059e-01 4.954200e-03
6.372549e-02 5.147059e-01 5.816240e-03
7.352941e-02 5.147059e-01 6.761496e-03
8.333333e-02 5.147059e-01 7.783801e-03
9.313725e-02 5.147059e-01 8.873716e-03
1.029412e-01 5.147059e-01 1.001845e-02
1.127451e-01 5.147059e-01 1.120192e-02
1.225490e-01 5.147059e-01 1.240503e-02
1.323529e-01 5.147059e-01 1.360603e-02
1.421569e-01 5.147059e-01 1.478119e-02
1.519608e-01 5.147059e-01 1.590549e-02
1.617647e-01 5.147059e-01 1.695349e-02
1.715686e-01 5.147059e-01 1.790031e-02
1.813725e-01 5.147059e-01 1.872261e-02
1.911765e-01 5.147059e-01 1.939952e-02
2.009804e-01 5.147059e-01 1.991357e-02
2.107843e-01 5.147059e-01 2.025138e-02
2.205882e-01 5.147059e-01 2.040431e-02
2.303922e-01 5.147059e-01 2.036877e-02
2.401961e-01 5.147059e-01 2.014638e-02
2.500000e-01 5.147059e-01 1.974388e-02
2.598039e-01 5.147059e-01 1.917274e-02
2.696078e-01 5.147059e-01 1.844871e-02
2.794118e-01 5.147059e-01 1.759101e-02
2.892157e-01 5.147059e-01 1.662155e-02
2.990196e-01 5.147059e-01 1.556400e-02
3.088235e-01 5.147059e-01 1.444284e-02
3.186275e-01 5.147059e-01 1.328245e-02
3.284314e-01 5.147059e-01 1.210627e-02
3.382353e-01 5.147059e-01 1.093608e-02
3.480392e-01 5.147059e-01 9.791385e-03
3.578431e-01 5.147059e-01 8.689000e-03
3.676471e-01 5.147059e-01 7.642766e-03
3.774510e-01 5.147059e-01 6.663434e-03
3.872549e-01 5.147059e-01 5.758696e-03
3.970588e-01 5.147059e-01 4.933330e-03
4.068627e-01 5.147059e-01 4.189454e-03
4.166667e-01 5.147059e-01 3.526853e-03
4.264706e-01 5.147059e-01 2.943342e-03
4.362745e-01 5.147059e-01 2.435167e-03
4.460784e-01 5.147059e-01 1.997388e-03
4.558824e-01 5.147059e-01 1.624247e-03
4.656863e-01 5.147059e-01 1.309509e-03
4.754902e-01 5.147059e-01 1.046748e-03
4.852941e-01 5.147059e-01 8.295898e-04
4.950980e-01 5.147059e-01 6.519023e-04
5.049020e-01 5.147059e-01 5.079366e-04
5.147059e-01 5.147059e-01 3.924231e-04
5.245098e-01 5.147059e-01 3.006265e-04
5.343137e-01 5.147059e-01 2.283693e-04
5.441176e-01 5.147059e-01 1.720265e-04
5.539216e-01 5.147059e-01 1.285019e-04
5.637255e-01 5.147059e-01 9.518977e-05
5.735294e-01 5.147059e-01 6.992724e-05
5.833333e-01 5.147059e-01 5.094333e-05
5.931373e-01 5.147059e-01 3.680632e-05
6.029412e-01 5.147059e-01 2.637308e-05
6.127451e-01 5.147059e-01 1.874187e-05
6.225490e-01 5.147059e-01 1.320962e-05
6.323529e-01 5.147059e-01 9.234429e-06
6.421569e-01 5.147059e-01 6.403291e-06
6.519608e-01 5.147059e-01 4.404915e-06
6.617647e-01 5.147059e-01 3.007304e-06
6.715686e-01 5.147059e-01 2.039571e-06
6.813725e-01 5.147059e-01 1.377479e-06
6.911765e-01 5.147059e-01 9.321851e-07
7.009804e-01 5.147059e-01 6.417028e-07
7.107843e-01 5.147059e-01 4.646761e-07
7.205882e-01 5.147059e-01 3.761474e-07
7.303922e-01 5.147059e-01 3.650962e-07
7.401961e-01 5.147059e-01 4.336391e-07
7.500000e-01 5.147059e-01 5.979014e-07
7.598039e-01 5.147059e-01 8.906912e-07
7.696078e-01 5.147059e-01 1.366238e-06
7.794118e-01 5.147059e-01 2.107389e-06
7.892157e-01 5.147059e-01 3.235786e-06
7.990196e-01 5.147059e-01 4.925658e-06
8.088235e-01 5.147059e-01 7.421977e-06
8.186275e-01 5.147059e-01 1.106375e-05
8.284314e-01 5.147059e-01 1.631324e-05
8.382353e-01 5.147059e-01 2.379182e-05
8.480392e-01 5.147059e-01 3.432285e-05
8.578431e-01 5.147059e-01 4.898180e-05
8.676471e-01 5.147059e-01 6.915305e-05
8.774510e-01 5.147059e-01 9.659227e-05
8.872549e-01 5.147059e-01 1.334922e-04
8.970588e-01 5.147059e-01 1.825489e-04
9.068627e-01 5.147059e-01 2.470230e-04
9.166667e-01 5.147059e-01 3.307920e-04
9.264706e-01 5.147059e-01 4.383849e-04
9.362745e-01 5.147059e-01 5.749914e-04
9.460784e-01 5.147059e-01 7.464386e-04
9.558824e-01 5.147059e-01 9.591238e-04
9.656863e-01 5.147059e-01 1.219898e-03
9.754902e-01 5.147059e-01 1.535889e-03
9.852941e-01 5.147059e-01 1.914271e-03
9.950980e-01 5.147059e-01 2.361963e-03
4.901961e-03 5.245098e-01 1.603893e-03
1.470588e-02 5.245098e-01 1.975884e-03
2.450980e-02 5.245098e-01 2.409847e-03
3.431373e-02 5.245098e-01 2.909894e-03
4.411765e-02 5.245098e-01 3.478905e-03
5.392157e-02 5.245098e-01 4.118159e-03
6.372549e-02 5.245098e-01 4.826983e-03
7.352941e-02 5.245098e-01 5.602447e-03
8.333333e-02 5.245098e-01 6.439105e-03
9.313725e-02 5.245098e-01 7.328847e-03
1.029412e-01 5.245098e-01 8.260843e-03
1.127451e-01 5.245098e-01 9.221630e-03
1.225490e-01 5.245098e-01 1.019534e-02
1.323529e-01 5.245098e-01 1.116404e-02
1.421569e-01 5.245098e-01 1.210830e-02
1.519608e-01 5.245098e-01 1.300774e-02
1.617647e-01 5.245098e-01 1.384179e-02
1.715686e-01 5.245098e-01 1.459049e-02
1.813725e-01 5.245098e-01 1.523523e-02
1.911765e-01 5.245098e-01 1.575958e-02
2.009804e-01 5.245098e-01 1.614995e-02
2.107843e-01 5.245098e-01 1.639617e-02
2.205882e-01 5.245098e-01 1.649199e-02
2.303922e-01 5.245098e-01 1.643526e-02
2.401961e-01 5.245098e-01 1.622808e-02
2.500000e-01 5.245098e-01 1.587662e-02
2.598039e-01 5.245098e-01 1.539087e-02
2.696078e-01 5.245098e-01 1.478412e-02
2.794118e-01 5.245098e-01 1.407241e-02
2.892157e-01 5.245098e-01 1.327378e-02
2.990196e-01 5.245098e-01 1.240759e-02
3.088235e-01 5.245098e-01 1.149369e-02
3.186275e-01 5.245098e-01 1.055171e-02
3.284314e-01 5.245098e-01 9.600429e-03
3.382353e-01 5.245098e-01 8.657149e-03
3.480392e-01 5.245098e-01 7.737270e-03
3.578431e-01 5.245098e-01 6.853956e-03
3.676471e-01 5.245098e-01 6.017933e-03
3.774510e-01 5.245098e-01 5.237425e-03
3.872549e-01 5.245098e-01 4.518186e-03
3.970588e-01 5.245098e-01 3.863651e-03
4.068627e-01 5.245098e-01 3.275144e-03
4.166667e-01 5.245098e-01 2.752155e-03
4.264706e-01 5.245098e-01 2.292643e-03
4.362745e-01 5.245098e-01 1.893356e-03
4.460784e-01 5.245098e-01 1.550139e-03
4.558824e-01 5.245098e-01 1.258239e-03
4.656863e-01 5.245098e-01 1.012557e-03
4.754902e-01 5.245098e-01 8.078869e-04
4.852941e-01 5.245098e-01 6.390969e-04
4.950980e-01 5.245098e-01 5.012775e-04
5.049020e-01 5.245098e-01 3.898478e-04
5.147059e-01 5.245098e-01 3.006265e-04
5.245098e-01 5.245098e-01 2.298713e-04
5.343137e-01 5.245098e-01 1.742920e-04
5.441176e-01 5.245098e-01 1.310432e-04
5.539216e-01 5.245098e-01 9.770258e-05
5.637255e-01 5.245098e-01 7.223723e-05
5.735294e-01 5.245098e-01 5.296503e-05
5.833333e-01 5.245098e-01 3.851231e-05
5.931373e-01 5.245098e-01 2.777163e-05
6.029412e-01 5.245098e-01 1.986114e-05
6.127451e-01 5.245098e-01 1.408700e-05
6.225490e-01 5.245098e-01 9.909604e-06
6.323529e-01 5.245098e-01 6.914113e-06
6.421569e-01 5.245098e-01 4.785133e-06
6.519608e-01 5.245098e-01 3.285546e-06
6.617647e-01 5.245098e-01 2.239083e-06
6.715686e-01 5.245098e-01 1.516259e-06
6.813725e-01 5.245098e-01 1.023229e-06
6.911765e-01 5.245098e-01 6.931600e-07
7.009804e-01 5.245098e-01 4.797226e-07
7.107843e-01 5.245098e-01 3.523961e-07
7.205882e-01 5.245098e-01 2.933360e-07
7.303922e-01 5.245098e-01 2.956428e-07
7.401961e-01 5.245098e-01 3.629600e-07
7.500000e-01 5.245098e-01 5.104268e-07
7.598039e-01 5.245098e-01 7.671100e-07
7.696078e-01 5.245098e-01 1.180146e-06
7.794118e-01 5.245098e-01 1.820929e-06
7.892157e-01 5.245098e-01 2.793789e-06
7.990196e-01 5.245098e-01 4.247689e-06
8.088235e-01 5.245098e-01 6.391551e-06
8.186275e-01 5.245098e-01 9.513859e-06
8.284314e-01 5.245098e-01 1.400715e-05
8.382353e-01 5.245098e-01 2.039798e-05
8.480392e-01 5.245098e-01 2.938258e-05
8.578431e-01 5.245098e-01 4.186842e-05
8.676471e-01 5.245098e-01 5.902106e-05
8.774510e-01 5.245098e-01 8.231525e-05
8.872549e-01 5.245098e-01 1.135886e-04
8.970588e-01 5.245098e-01 1.550946e-04
9.068627e-01 5.245098e-01 2.095520e-04
9.166667e-01 5.245098e-01 2.801848e-04
9.264706e-01 5.245098e-01 3.707473e-04
9.362745e-01 5.245098e-01 4.855282e-04
9.460784e-01 5.245098e-01 6.293261e-04
9.558824e-01 5.245098e-01 8.073883e-04
9.656863e-01 5.245098e-01 1.025309e-03
9.754902e-01 5.245098e-01 1.288881e-03
9.852941e-01 5.245098e-01 1.603893e-03
9.950980e-01 5.245098e-01 1.975884e-03
4.901961e-03 5.343137e-01 1.332915e-03
1.470588e-02 5.343137e-01 1.639469e-03
2.450980e-02 5.343137e-01 1.996380e-03
3.431373e-02 5.343137e-01 2.406802e-03
4.411765e-02 5.343137e-01 2.872849e-03
5.392157e-02 5.343137e-01 3.395297e-03
6.372549e-02 5.343137e-01 3.973310e-03
7.352941e-02 5.343137e-01 4.604195e-03
8.333333e-02 5.343137e-01 5.283216e-03
9.313725e-02 5.343137e-01 6.003475e-03
1.029412e-01 5.343137e-01 6.755899e-03
1.127451e-01 5.343137e-01 7.529319e-03
1.225490e-01 5.343137e-01 8.310672e-03
1.323529e-01 5.343137e-01 9.085319e-03
1.421569e-01 5.343137e-01 9.837467e-03
1.519608e-01 5.343137e-01 1.055069e-02
1.617647e-01 5.343137e-01 1.120850e-02
1.715686e-01 5.343137e-01 1.179503e-02
1.813725e-01 5.343137e-01 1.229560e-02
1.911765e-01 5.343137e-01 1.269737e-02
2.009804e-01 5.343137e-01 1.298992e-02
2.107843e-01 5.343137e-01 1.316563e-02
2.205882e-01 5.343137e-01 1.322005e-02
2.303922e-01 5.343137e-01 1.315211e-02
2.401961e-01 5.343137e-01 1.296408e-02
2.500000e-01 5.343137e-01 1.266153e-02
2.598039e-01 5.343137e-01 1.225299e-02
2.696078e-01 5.343137e-01 1.174960e-02
2.794118e-01 5.343137e-01 1.116456e-02
2.892157e-01 5.343137e-01 1.051263e-02
2.990196e-01 5.343137e-01 9.809451e-03
3.088235e-01 5.343137e-01 9.070992e-03
3.186275e-01 5.343137e-01 8.312928e-03
3.284314e-01 5.343137e-01 7.550138e-03
3.382353e-01 5.343137e-01 6.796256e-03
3.480392e-01 5.343137e-01 6.063322e-03
3.578431e-01 5.343137e-01 5.361542e-03
3.676471e-01 5.343137e-01 4.699144e-03
3.774510e-01 5.343137e-01 4.082344e-03
3.872549e-01 5.343137e-01 3.515392e-03
3.970588e-01 5.343137e-01 3.000702e-03
4.068627e-01 5.343137e-01 2.539032e-03
4.166667e-01 5.343137e-01 2.129712e-03
4.264706e-01 5.343137e-01 1.770893e-03
4.362745e-01 5.343137e-01 1.459799e-03
4.460784e-01 5.343137e-01 1.192983e-03
4.558824e-01 5.343137e-01 9.665551e-04
4.656863e-01 5.343137e-01 7.763911e-04
4.754902e-01 5.343137e-01 6.183106e-04
4.852941e-01 5.343137e-01 4.882196e-04
4.950980e-01 5.343137e-01 3.822228e-04
5.049020e-01 5.343137e-01 2.967022e-04
5.147059e-01 5.343137e-01 2.283693e-04
5.245098e-01 5.343137e-01 1.742920e-04
5.343137e-01 5.343137e-01 1.319014e-04
5.441176e-01 5.343137e-01 9.898372e-05
5.539216e-01 5.343137e-01 7.365965e-05
5.637255e-01 5.343137e-01 5.435715e-05
5.735294e-01 5.343137e-01 3.977902e-05
5.833333e-01 5.343137e-01 2.886896e-05
5.931373e-01 5.343137e-01 2.077769e-05
6.029412e-01 5.343137e-01 1.483071e-05
6.127451e-01 5.343137e-01 1.049870e-05
6.225490e-01 5.343137e-01 7.371089e-06
6.323529e-01 5.343137e-01 5.132988e-06
6.421569e-01 5.343137e-01 3.545614e-06
6.519608e-01 5.343137e-01 2.429890e-06
6.617647e-01 5.343137e-01 1.653040e-06
6.715686e-01 5.343137e-01 1.117795e-06
6.813725e-01 5.343137e-01 7.538879e-07
6.911765e-01 5.343137e-01 5.114974e-07
7.009804e-01 5.343137e-01 3.563344e-07
7.107843e-01 5.343137e-01 2.661385e-07
7.205882e-01 5.343137e-01 2.283918e-07
7.303922e-01 5.343137e-01 2.391331e-07
7.401961e-01 5.343137e-01 3.028310e-07
7.500000e-01 5.343137e-01 4.333471e-07
7.598039e-01 5.343137e-01 6.561074e-07
7.696078e-01 5.343137e-01 1.011680e-06
7.794118e-01 5.343137e-01 1.561047e-06
7.892157e-01 5.343137e-01 2.392935e-06
7.990196e-01 5.343137e-01 3.633650e-06
8.088235e-01 5.343137e-01 5.459909e-06
8.186275e-01 5.343137e-01 8.115190e-06
8.284314e-01 5.343137e-01 1.193011e-05
8.382353e-01 5.343137e-01 1.734719e-05
8.480392e-01 5.343137e-01 2.495039e-05
8.578431e-01 5.343137e-01 3.549912e-05
8.676471e-01 5.343137e-01 4.996664e-05
8.774510e-01 5.343137e-01 6.958153e-05
8.872549e-01 5.343137e-01 9.587098e-05
8.970588e-01 5.343137e-01 1.307032e-04
9.068627e-01 5.343137e-01 1.763261e-04
9.166667e-01 5.343137e-01 2.353979e-04
9.264706e-01 5.343137e-01 3.110048e-04
9.362745e-01 5.343137e-01 4.066609e-04
9.460784e-01 5.343137e-01 5.262841e-04
9.558824e-01 5.343137e-01 6.741417e-04
9.656863e-01 5.343137e-01 8.547628e-04
9.754902e-01 5.343137e-01 1.072810e-03
9.852941e-01 5.343137e-01 1.332915e-03
9.950980e-01 5.343137e-01 1.639469e-03
4.901961e-03 5.441176e-01 1.098739e-03
1.470588e-02 5.441176e-01 1.349298e-03
2.450980e-02 5.441176e-01 1.640430e-03
3.431373e-02 5.441176e-01 1.974525e-03
4.411765e-02 5.441176e-01 2.353098e-03
5.392157e-02 5.441176e-01 2.776562e-03
6.372549e-02 5.441176e-01 3.244008e-03
7.352941e-02 5.441176e-01 3.753017e-03
8.333333e-02 5.441176e-01 4.299519e-03
9.313725e-02 5.441176e-01 4.877716e-03
1.029412e-01 5.441176e-01 5.480076e-03
1.127451e-01 5.441176e-01 6.097420e-03
1.225490e-01 5.441176e-01 6.719100e-03
1.323529e-01 5.441176e-01 7.333259e-03
1.421569e-01 5.441176e-01 7.927194e-03
1.519608e-01 5.441176e-01 8.487773e-03
1.617647e-01 5.441176e-01 9.001916e-03
1.715686e-01 5.441176e-01 9.457100e-03
1.813725e-01 5.441176e-01 9.841870e-03
1.911765e-01 5.441176e-01 1.014632e-02
2.009804e-01 5.441176e-01 1.036251e-02
2.107843e-01 5.441176e-01 1.048483e-02
2.205882e-01 5.441176e-01 1.051022e-02
2.303922e-01 5.441176e-01 1.043832e-02
2.401961e-01 5.441176e-01 1.027143e-02
2.500000e-01 5.441176e-01 1.001443e-02
2.598039e-01 5.441176e-01 9.674555e-03
2.696078e-01 5.441176e-01 9.260998e-03
2.794118e-01 5.441176e-01 8.784560e-03
2.892157e-01 5.441176e-01 8.257159e-03
2.990196e-01 5.441176e-01 7.691350e-03
3.088235e-01 5.441176e-01 7.099840e-03
3.186275e-01 5.441176e-01 6.495030e-03
3.284314e-01 5.441176e-01 5.888611e-03
3.382353e-01 5.441176e-01 5.291221e-03
3.480392e-01 5.441176e-01 4.712187e-03
3.578431e-01 5.441176e-01 4.159343e-03
3.676471e-01 5.441176e-01 3.638935e-03
3.774510e-01 5.441176e-01 3.155609e-03
3.872549e-01 5.441176e-01 2.712457e-03
3.970588e-01 5.441176e-01 2.311133e-03
4.068627e-01 5.441176e-01 1.952004e-03
4.166667e-01 5.441176e-01 1.634335e-03
4.264706e-01 5.441176e-01 1.356494e-03
4.362745e-01 5.441176e-01 1.116147e-03
4.460784e-01 5.441176e-01 9.104638e-04
4.558824e-01 5.441176e-01 7.362962e-04
4.656863e-01 5.441176e-01 5.903391e-04
4.754902e-01 5.441176e-01 4.692671e-04
4.852941e-01 5.441176e-01 3.698440e-04
4.950980e-01 5.441176e-01 2.890062e-04
5.049020e-01 5.441176e-01 2.239217e-04
5.147059e-01 5.441176e-01 1.720265e-04
5.245098e-01 5.441176e-01 1.310432e-04
5.343137e-01 5.441176e-01 9.898372e-05
5.441176e-01 5.441176e-01 7.413998e-05
5.539216e-01 5.441176e-01 5.506685e-05
5.637255e-01 5.441176e-01 4.055893e-05
5.735294e-01 5.441176e-01 2.962447e-05
5.833333e-01 5.441176e-01 2.145813e-05
5.931373e-01 5.441176e-01 1.541415e-05
6.029412e-01 5.441176e-01 1.098104e-05
6.127451e-01 5.441176e-01 7.758439e-06
6.225490e-01 5.441176e-01 5.436583e-06
6.323529e-01 5.441176e-01 3.778516e-06
6.421569e-01 5.441176e-01 2.604987e-06
6.519608e-01 5.441176e-01 1.781911e-06
6.617647e-01 5.441176e-01 1.210126e-06
6.715686e-01 5.441176e-01 8.171949e-07
6.813725e-01 5.441176e-01 5.509664e-07
6.911765e-01 5.441176e-01 3.746375e-07
7.009804e-01 5.441176e-01 2.630835e-07
7.107843e-01 5.441176e-01 2.002698e-07
7.205882e-01 5.441176e-01 1.776080e-07
7.303922e-01 5.441176e-01 1.931715e-07
7.401961e-01 5.441176e-01 2.517483e-07
7.500000e-01 5.441176e-01 3.657682e-07
7.598039e-01 5.441176e-01 5.572089e-07
7.696078e-01 5.441176e-01 8.606530e-07
7.794118e-01 5.441176e-01 1.327734e-06
7.892157e-01 5.441176e-01 2.033277e-06
7.990196e-01 5.441176e-01 3.083494e-06
8.088235e-01 5.441176e-01 4.626641e-06
8.186275e-01 5.441176e-01 6.866538e-06
8.284314e-01 5.441176e-01 1.007936e-05
8.382353e-01 5.441176e-01 1.463402e-05
8.480392e-01 5.441176e-01 2.101625e-05
8.578431e-01 5.441176e-01 2.985641e-05
8.676471e-01 5.441176e-01 4.196047e-05
8.774510e-01 5.441176e-01 5.834358e-05
8.872549e-01 5.441176e-01 8.026448e-05
8.970588e-01 5.441176e-01 1.092592e-04
9.068627e-01 5.441176e-01 1.471708e-04
9.166667e-01 5.441176e-01 1.961728e-04
9.264706e-01 5.441176e-01 2.587811e-04
9.362745e-01 5.441176e-01 3.378508e-04
9.460784e-01 5.441176e-01 4.365534e-04
9.558824e-01 5.441176e-01 5.583297e-04
9.656863e-01 5.441176e-01 7.068139e-04
9.754902e-01 5.441176e-01 8.857272e-04
9.852941e-01 5.441176e-01 1.098739e-03
9.950980e-01 5.441176e-01 1.349298e-03
4.901961e-03 5.539216e-01 8.983824e-04
1.470588e-02 5.539216e-01 1.101501e-03
2.450980e-02 5.539216e-01 1.337036e-03
3.431373e-02 5.539216e-01 1.606769e-03
4.411765e-02 5.539216e-01 1.911762e-03
5.392157e-02 5.539216e-01 2.252172e-03
6.372549e-02 5.539216e-01 2.627084e-03
7.352941e-02 5.539216e-01 3.034365e-03
8.333333e-02 5.539216e-01 3.470563e-03
9.313725e-02 5.539216e-01 3.930851e-03
1.029412e-01 5.539216e-01 4.409042e-03
1.127451e-01 5.539216e-01 4.897661e-03
1.225490e-01 5.539216e-01 5.388105e-03
1.323529e-01 5.539216e-01 5.870861e-03
1.421569e-01 5.539216e-01 6.335801e-03
1.519608e-01 5.539216e-01 6.772522e-03
1.617647e-01 5.539216e-01 7.170735e-03
1.715686e-01 5.539216e-01 7.520664e-03
1.813725e-01 5.539216e-01 7.813449e-03
1.911765e-01 5.539216e-01 8.041518e-03
2.009804e-01 5.539216e-01 8.198914e-03
2.107843e-01 5.539216e-01 8.281558e-03
2.205882e-01 5.539216e-01 8.287417e-03
2.303922e-01 5.539216e-01 8.216593e-03
2.401961e-01 5.539216e-01 8.071301e-03
2.500000e-01 5.539216e-01 7.855760e-03
2.598039e-01 5.539216e-01 7.575986e-03
2.696078e-01 5.539216e-01 7.239520e-03
2.794118e-01 5.539216e-01 6.855092e-03
2.892157e-01 5.539216e-01 6.432245e-03
2.990196e-01 5.539216e-01 5.980957e-03
3.088235e-01 5.539216e-01 5.511251e-03
3.186275e-01 5.539216e-01 5.032848e-03
3.284314e-01 5.539216e-01 4.554849e-03
3.382353e-01 5.539216e-01 4.085479e-03
3.480392e-01 5.539216e-01 3.631892e-03
3.578431e-01 5.539216e-01 3.200043e-03
3.676471e-01 5.539216e-01 2.794626e-03
3.774510e-01 5.539216e-01 2.419069e-03
3.872549e-01 5.539216e-01 2.075587e-03
3.970588e-01 5.539216e-01 1.765280e-03
4.068627e-01 5.539216e-01 1.488255e-03
4.166667e-01 5.539216e-01 1.243779e-03
4.264706e-01 5.539216e-01 1.030440e-03
4.362745e-01 5.539216e-01 8.463040e-04
4.460784e-01 5.539216e-01 6.890733e-04
4.558824e-01 5.539216e-01 5.562249e-04
4.656863e-01 5.539216e-01 4.451352e-04
4.754902e-01 5.539216e-01 3.531835e-04
4.852941e-01 5.539216e-01 2.778346e-04
4.950980e-01 5.539216e-01 2.167004e-04
5.049020e-01 5.539216e-01 1.675834e-04
5.147059e-01 5.539216e-01 1.285019e-04
5.245098e-01 5.539216e-01 9.770258e-05
5.343137e-01 5.539216e-01 7.365965e-05
5.441176e-01 5.539216e-01 5.506685e-05
5.539216e-01 5.539216e-01 4.082229e-05
5.637255e-01 5.539216e-01 3.000961e-05
5.735294e-01 5.539216e-01 2.187704e-05
5.833333e-01 5.539216e-01 1.581581e-05
5.931373e-01 5.539216e-01 1.133909e-05
6.029412e-01 5.539216e-01 8.062292e-06
6.127451e-01 5.539216e-01 5.685176e-06
6.225490e-01 5.539216e-01 3.976024e-06
6.323529e-01 5.539216e-01 2.758031e-06
6.421569e-01 5.539216e-01 1.897784e-06
6.519608e-01 5.539216e-01 1.295738e-06
6.617647e-01 5.539216e-01 8.784696e-07
6.715686e-01 5.539216e-01 5.924983e-07
6.813725e-01 5.539216e-01 3.994581e-07
6.911765e-01 5.539216e-01 2.724128e-07
7.009804e-01 5.539216e-01 1.931403e-07
7.107843e-01 5.539216e-01 1.502431e-07
7.205882e-01 5.539216e-01 1.379853e-07
7.303922e-01 5.539216e-01 1.557967e-07
7.401961e-01 5.539216e-01 2.084360e-07
7.500000e-01 5.539216e-01 3.068502e-07
7.598039e-01 5.539216e-01 4.698241e-07
7.696078e-01 5.539216e-01 7.265629e-07
7.794118e-01 5.539216e-01 1.120409e-06
7.892157e-01 5.539216e-01 1.713939e-06
7.990196e-01 5.539216e-01 2.595737e-06
8.088235e-01 5.539216e-01 3.889166e-06
8.186275e-01 5.539216e-01 5.763461e-06
8.284314e-01 5.539216e-01 8.447455e-06
8.382353e-01 5.539216e-01 1.224617e-05
8.480392e-01 5.539216e-01 1.756037e-05
8.578431e-01 5.539216e-01 2.490898e-05
8.676471e-01 5.539216e-01 3.495405e-05
8.774510e-01 5.539216e-01 4.852743e-05
8.872549e-01 5.539216e-01 6.665811e-05
8.970588e-01 5.539216e-01 9.059849e-05
9.068627e-01 5.539216e-01 1.218474e-04
9.166667e-01 5.539216e-01 1.621672e-04
9.264706e-01 5.539216e-01 2.135916e-04
9.362745e-01 5.539216e-01 2.784208e-04
9.460784e-01 5.539216e-01 3.592005e-04
9.558824e-01 5.539216e-01 4.586809e-04
9.656863e-01 5.539216e-01 5.797530e-04
9.754902e-01 5.539216e-01 7.253598e-04
9.852941e-01 5.539216e-01 8.983824e-04
9.950980e-01 5.539216e-01 1.101501e-03
4.901961e-03 5.637255e-01 7.286381e-04
1.470588e-02 5.637255e-01 8.919576e-04
2.450980e-02 5.637255e-01 1.080957e-03
3.431373e-02 5.637255e-01 1.296947e-03
4.411765e-02 5.637255e-01 1.540648e-03
5.392157e-02 5.637255e-01 1.812048e-03
6.372549e-02 5.637255e-01 2.110269e-03
7.352941e-02 5.637255e-01 2.433465e-03
8.333333e-02 5.637255e-01 2.778739e-03
9.313725e-02 5.637255e-01 3.142118e-03
1.029412e-01 5.637255e-01 3.518565e-03
1.127451e-01 5.637255e-01 3.902051e-03
1.225490e-01 5.637255e-01 4.285688e-03
1.323529e-01 5.637255e-01 4.661911e-03
1.421569e-01 5.637255e-01 5.022718e-03
1.519608e-01 5.637255e-01 5.359943e-03
1.617647e-01 5.637255e-01 5.665567e-03
1.715686e-01 5.637255e-01 5.932029e-03
1.813725e-01 5.637255e-01 6.152542e-03
1.911765e-01 5.637255e-01 6.321381e-03
2.009804e-01 5.637255e-01 6.434131e-03
2.107843e-01 5.637255e-01 6.487877e-03
2.205882e-01 5.637255e-01 6.481331e-03
2.303922e-01 5.637255e-01 6.414881e-03
2.401961e-01 5.637255e-01 6.290566e-03
2.500000e-01 5.637255e-01 6.111968e-03
2.598039e-01 5.637255e-01 5.884047e-03
2.696078e-01 5.637255e-01 5.612913e-03
2.794118e-01 5.637255e-01 5.305555e-03
2.892157e-01 5.637255e-01 4.969544e-03
2.990196e-01 5.637255e-01 4.612735e-03
3.088235e-01 5.637255e-01 4.242963e-03
3.186275e-01 5.637255e-01 3.867779e-03
3.284314e-01 5.637255e-01 3.494201e-03
3.382353e-01 5.637255e-01 3.128530e-03
3.480392e-01 5.637255e-01 2.776204e-03
3.578431e-01 5.637255e-01 2.441702e-03
3.676471e-01 5.637255e-01 2.128513e-03
3.774510e-01 5.637255e-01 1.839137e-03
3.872549e-01 5.637255e-01 1.575134e-03
3.970588e-01 5.637255e-01 1.337206e-03
4.068627e-01 5.637255e-01 1.125298e-03
4.166667e-01 5.637255e-01 9.387206e-04
4.264706e-01 5.637255e-01 7.762760e-04
4.362745e-01 5.637255e-01 6.363818e-04
4.460784e-01 5.637255e-01 5.171922e-04
4.558824e-01 5.637255e-01 4.167058e-04
4.656863e-01 5.637255e-01 3.328596e-04
4.754902e-01 5.637255e-01 2.636071e-04
4.852941e-01 5.637255e-01 2.069797e-04
4.950980e-01 5.637255e-01 1.611327e-04
5.049020e-01 5.637255e-01 1.243754e-04
5.147059e-01 5.637255e-01 9.518977e-05
5.245098e-01 5.637255e-01 7.223723e-05
5.343137e-01 5.637255e-01 5.435715e-05
5.441176e-01 5.637255e-01 4.055893e-05
5.539216e-01 5.637255e-01 3.000961e-05
5.637255e-01 5.637255e-01 2.201848e-05
5.735294e-01 5.637255e-01 1.602054e-05
5.833333e-01 5.637255e-01 1.155949e-05
5.931373e-01 5.637255e-01 8.271455e-06
6.029412e-01 5.637255e-01 5.869706e-06
6.127451e-01 5.637255e-01 4.130987e-06
6.225490e-01 5.637255e-01 2.883435e-06
6.323529e-01 5.637255e-01 1.996245e-06
6.421569e-01 5.637255e-01 1.370962e-06
6.519608e-01 5.637255e-01 9.343118e-07
6.617647e-01 5.637255e-01 6.323930e-07
6.715686e-01 5.637255e-01 4.260608e-07
6.813725e-01 5.637255e-01 2.873392e-07
6.911765e-01 5.637255e-01 1.966963e-07
7.009804e-01 5.637255e-01 1.410552e-07
7.107843e-01 5.637255e-01 1.124302e-07
7.205882e-01 5.637255e-01 1.071193e-07
7.303922e-01 5.637255e-01 1.254110e-07
7.401961e-01 5.637255e-01 1.718068e-07
7.500000e-01 5.637255e-01 2.557959e-07
7.598039e-01 5.637255e-01 3.932627e-07
7.696078e-01 5.637255e-01 6.086471e-07
7.794118e-01 5.637255e-01 9.380216e-07
7.892157e-01 5.637255e-01 1.433287e-06
7.990196e-01 5.637255e-01 2.167723e-06
8.088235e-01 5.637255e-01 3.243145e-06
8.186275e-01 5.637255e-01 4.798932e-06
8.284314e-01 5.637255e-01 7.023153e-06
8.382353e-01 5.637255e-01 1.016596e-05
8.480392e-01 5.637255e-01 1.455532e-05
8.578431e-01 5.637255e-01 2.061496e-05
8.676471e-01 5.637255e-01 2.888424e-05
8.774510e-01 5.637255e-01 4.003927e-05
8.872549e-01 5.637255e-01 5.491430e-05
8.970588e-01 5.637255e-01 7.452212e-05
9.068627e-01 5.637255e-01 1.000715e-04
9.166667e-01 5.637255e-01 1.329795e-04
9.264706e-01 5.637255e-01 1.748764e-04
9.362745e-01 5.637255e-01 2.275999e-04
9.460784e-01 5.637255e-01 2.931759e-04
9.558824e-01 5.637255e-01 3.737838e-04
9.656863e-01 5.637255e-01 4.717033e-04
9.754902e-01 5.637255e-01 5.892411e-04
9.852941e-01 5.637255e-01 7.286381e-04
9.950980e-01 5.637255e-01 8.919576e-04
4.901961e-03 5.735294e-01 5.862138e-04
1.470588e-02 5.735294e-01 7.164650e-04
2.450980e-02 5.735294e-01 8.668884e-04
3.431373e-02 5.735294e-01 1.038433e-03
4.411765e-02 5.735294e-01 1.231569e-03
5.392157e-02 5.735294e-01 1.446177e-03
6.372549e-02 5.735294e-01 1.681448e-03
7.352941e-02 5.735294e-01 1.935805e-03
8.333333e-02 5.735294e-01 2.206850e-03
9.313725e-02 5.735294e-01 2.491343e-03
1.029412e-01 5.735294e-01 2.785223e-03
1.127451e-01 5.735294e-01 3.083672e-03
1.225490e-01 5.735294e-01 3.381224e-03
1.323529e-01 5.735294e-01 3.671918e-03
1.421569e-01 5.735294e-01 3.949487e-03
1.519608e-01 5.735294e-01 4.207581e-03
1.617647e-01 5.735294e-01 4.440005e-03
1.715686e-01 5.735294e-01 4.640967e-03
1.813725e-01 5.735294e-01 4.805321e-03
1.911765e-01 5.735294e-01 4.928784e-03
2.009804e-01 5.735294e-01 5.008124e-03
2.107843e-01 5.735294e-01 5.041301e-03
2.205882e-01 5.735294e-01 5.027550e-03
2.303922e-01 5.735294e-01 4.967415e-03
2.401961e-01 5.735294e-01 4.862712e-03
2.500000e-01 5.735294e-01 4.716441e-03
2.598039e-01 5.735294e-01 4.532641e-03
2.696078e-01 5.735294e-01 4.316213e-03
2.794118e-01 5.735294e-01 4.072696e-03
2.892157e-01 5.735294e-01 3.808043e-03
2.990196e-01 5.735294e-01 3.528380e-03
3.088235e-01 5.735294e-01 3.239777e-03
3.186275e-01 5.735294e-01 2.948043e-03
3.284314e-01 5.735294e-01 2.658544e-03
3.382353e-01 5.735294e-01 2.376061e-03
3.480392e-01 5.735294e-01 2.104685e-03
3.578431e-01 5.735294e-01 1.847755e-03
3.676471e-01 5.735294e-01 1.607836e-03
3.774510e-01 5.735294e-01 1.386725e-03
3.872549e-01 5.735294e-01 1.185501e-03
3.970588e-01 5.735294e-01 1.004589e-03
4.068627e-01 5.735294e-01 8.438410e-04
4.166667e-01 5.735294e-01 7.026355e-04
4.264706e-01 5.735294e-01 5.799730e-04
4.362745e-01 5.735294e-01 4.745748e-04
4.460784e-01 5.735294e-01 3.849742e-04
4.558824e-01 5.735294e-01 3.095989e-04
4.656863e-01 5.735294e-01 2.468417e-04
4.754902e-01 5.735294e-01 1.951190e-04
4.852941e-01 5.735294e-01 1.529159e-04
4.950980e-01 5.735294e-01 1.188196e-04
5.049020e-01 5.735294e-01 9.154107e-05
5.147059e-01 5.735294e-01 6.992724e-05
5.245098e-01 5.735294e-01 5.296503e-05
5.343137e-01 5.735294e-01 3.977902e-05
5.441176e-01 5.735294e-01 2.962447e-05
5.539216e-01 5.735294e-01 2.187704e-05
5.637255e-01 5.735294e-01 1.602054e-05
5.735294e-01 5.735294e-01 1.163391e-05
5.833333e-01 5.735294e-01 8.378064e-06
5.931373e-01 5.735294e-01 5.983297e-06
6.029412e-01 5.735294e-01 4.237664e-06
6.127451e-01 5.735294e-01 2.976553e-06
6.225490e-01 5.735294e-01 2.073572e-06
6.323529e-01 5.735294e-01 1.432765e-06
6.421569e-01 5.735294e-01 9.820906e-07
6.519608e-01 5.735294e-01 6.680702e-07
6.617647e-01 5.735294e-01 4.514694e-07
6.715686e-01 5.735294e-01 3.038839e-07
6.813725e-01 5.735294e-01 2.050940e-07
6.911765e-01 5.735294e-01 1.410704e-07
7.009804e-01 5.735294e-01 1.025304e-07
7.107843e-01 5.735294e-01 8.396706e-08
7.205882e-01 5.735294e-01 8.309914e-08
7.303922e-01 5.735294e-01 1.007170e-07
7.401961e-01 5.735294e-01 1.409292e-07
7.500000e-01 5.735294e-01 2.118442e-07
7.598039e-01 5.735294e-01 3.267566e-07
7.696078e-01 5.735294e-01 5.059357e-07
7.794118e-01 5.735294e-01 7.791509e-07
7.892157e-01 5.735294e-01 1.189095e-06
7.990196e-01 5.735294e-01 1.795894e-06
8.088235e-01 5.735294e-01 2.682900e-06
8.186275e-01 5.735294e-01 3.963975e-06
8.284314e-01 5.735294e-01 5.792435e-06
8.382353e-01 5.735294e-01 8.371772e-06
8.480392e-01 5.735294e-01 1.196820e-05
8.578431e-01 5.735294e-01 1.692492e-05
8.676471e-01 5.735294e-01 2.367774e-05
8.774510e-01 5.735294e-01 3.277171e-05
8.872549e-01 5.735294e-01 4.487767e-05
8.970588e-01 5.735294e-01 6.080790e-05
9.068627e-01 5.735294e-01 8.152918e-05
9.166667e-01 5.735294e-01 1.081716e-04
9.264706e-01 5.735294e-01 1.420311e-04
9.362745e-01 5.735294e-01 1.845634e-04
9.460784e-01 5.735294e-01 2.373672e-04
9.558824e-01 5.735294e-01 3.021549e-04
9.656863e-01 5.735294e-01 3.807082e-04
9.754902e-01 5.735294e-01 4.748189e-04
9.852941e-01 5.735294e-01 5.862138e-04
9.950980e-01 5.735294e-01 7.164650e-04
4.901961e-03 5.833333e-01 4.678460e-04
1.470588e-02 5.833333e-01 5.708823e-04
2.450980e-02 5.833333e-01 6.896311e-04
3.431373e-02 5.833333e-01 8.247679e-04
4.411765e-02 5.833333e-01 9.765824e-04
5.392157e-02 5.833333e-01 1.144895e-03
6.372549e-02 5.833333e-01 1.328983e-03
7.352941e-02 5.833333e-01 1.527520e-03
8.333333e-02 5.833333e-01 1.738540e-03
9.313725e-02 5.833333e-01 1.959427e-03
1.029412e-01 5.833333e-01 2.186940e-03
1.127451e-01 5.833333e-01 2.417262e-03
1.225490e-01 5.833333e-01 2.646095e-03
1.323529e-01 5.833333e-01 2.868785e-03
1.421569e-01 5.833333e-01 3.080467e-03
1.519608e-01 5.833333e-01 3.276246e-03
1.617647e-01 5.833333e-01 3.451383e-03
1.715686e-01 5.833333e-01 3.601481e-03
1.813725e-01 5.833333e-01 3.722678e-03
1.911765e-01 5.833333e-01 3.811805e-03
2.009804e-01 5.833333e-01 3.866528e-03
2.107843e-01 5.833333e-01 3.885450e-03
2.205882e-01 5.833333e-01 3.868166e-03
2.303922e-01 5.833333e-01 3.815281e-03
2.401961e-01 5.833333e-01 3.728374e-03
2.500000e-01 5.833333e-01 3.609919e-03
2.598039e-01 5.833333e-01 3.463172e-03
2.696078e-01 5.833333e-01 3.292021e-03
2.794118e-01 5.833333e-01 3.100817e-03
2.892157e-01 5.833333e-01 2.894195e-03
2.990196e-01 5.833333e-01 2.676890e-03
3.088235e-01 5.833333e-01 2.453561e-03
3.186275e-01 5.833333e-01 2.228638e-03
3.284314e-01 5.833333e-01 2.006186e-03
3.382353e-01 5.833333e-01 1.789797e-03
3.480392e-01 5.833333e-01 1.582521e-03
3.578431e-01 5.833333e-01 1.386821e-03
3.676471e-01 5.833333e-01 1.204561e-03
3.774510e-01 5.833333e-01 1.037017e-03
3.872549e-01 5.833333e-01 8.849189e-04
3.970588e-01 5.833333e-01 7.485022e-04
4.068627e-01 5.833333e-01 6.275755e-04
4.166667e-01 5.833333e-01 5.215951e-04
4.264706e-01 5.833333e-01 4.297409e-04
4.362745e-01 5.833333e-01 3.509914e-04
4.460784e-01 5.833333e-01 2.841932e-04
4.558824e-01 5.833333e-01 2.281230e-04
4.656863e-01 5.833333e-01 1.815404e-04
4.754902e-01 5.833333e-01 1.432309e-04
4.852941e-01 5.833333e-01 1.120391e-04
4.950980e-01 5.833333e-01 8.689251e-05
5.049020e-01 5.833333e-01 6.681668e-05
5.147059e-01 5.833333e-01 5.094333e-05
5.245098e-01 5.833333e-01 3.851231e-05
5.343137e-01 5.833333e-01 2.886896e-05
5.441176e-01 5.833333e-01 2.145813e-05
5.539216e-01 5.833333e-01 1.581581e-05
5.637255e-01 5.833333e-01 1.155949e-05
5.735294e-01 5.833333e-01 8.378064e-06
5.833333e-01 5.833333e-01 6.021649e-06
5.931373e-01 5.833333e-01 4.292038e-06
6.029412e-01 5.833333e-01 3.033880e-06
6.127451e-01 5.833333e-01 2.126829e-06
6.225490e-01 5.833333e-01 1.478718e-06
6.323529e-01 5.833333e-01 1.019747e-06
6.421569e-01 5.833333e-01 6.976482e-07
6.519608e-01 5.833333e-01 4.737192e-07
6.617647e-01 5.833333e-01 3.196458e-07
6.715686e-01 5.833333e-01 2.149946e-07
6.813725e-01 5.833333e-01 1.452819e-07
6.911765e-01 5.833333e-01 1.005268e-07
7.009804e-01 5.833333e-01 7.421491e-08
7.107843e-01 5.833333e-01 6.261557e-08
7.205882e-01 5.833333e-01 6.441690e-08
7.303922e-01 5.833333e-01 8.066282e-08
7.401961e-01 5.833333e-01 1.150002e-07
7.500000e-01 5.833333e-01 1.742675e-07
7.598039e-01 5.833333e-01 2.694820e-07
7.696078e-01 5.833333e-01 4.173067e-07
7.794118e-01 5.833333e-01 6.421040e-07
7.892157e-01 5.833333e-01 9.787055e-07
7.990196e-01 5.833333e-01 1.476045e-06
8.088235e-01 5.833333e-01 2.201809e-06
8.186275e-01 5.833333e-01 3.248265e-06
8.284314e-01 5.833333e-01 4.739388e-06
8.382353e-01 5.833333e-01 6.839379e-06
8.480392e-01 5.833333e-01 9.762584e-06
8.578431e-01 5.833333e-01 1.378470e-05
8.676471e-01 5.833333e-01 1.925505e-05
8.774510e-01 5.833333e-01 2.660942e-05
8.872549e-01 5.833333e-01 3.638285e-05
8.970588e-01 5.833333e-01 4.922147e-05
9.068627e-01 5.833333e-01 6.589218e-05
9.166667e-01 5.833333e-01 8.728871e-05
9.264706e-01 5.833333e-01 1.144327e-04
9.362745e-01 5.833333e-01 1.484676e-04
9.460784e-01 5.833333e-01 1.906443e-04
9.558824e-01 5.833333e-01 2.422967e-04
9.656863e-01 5.833333e-01 3.048051e-04
9.754902e-01 5.833333e-01 3.795489e-04
9.852941e-01 5.833333e-01 4.678460e-04
9.950980e-01 5.833333e-01 5.708823e-04
4.901961e-03 5.931373e-01 3.703922e-04
1.470588e-02 5.931373e-01 4.512406e-04
2.450980e-02 5.931373e-01 5.442250e-04
3.431373e-02 5.931373e-01 6.498167e-04
4.411765e-02 5.931373e-01 7.681799e-04
5.392157e-02 5.931373e-01 8.991085e-04
6.372549e-02 5.931373e-01 1.041971e-03
7.352941e-02 5.931373e-01 1.195666e-03
8.333333e-02 5.931373e-01 1.358601e-03
9.313725e-02 5.931373e-01 1.528687e-03
1.029412e-01 5.931373e-01 1.703356e-03
1.127451e-01 5.931373e-01 1.879614e-03
1.225490e-01 5.931373e-01 2.054114e-03
1.323529e-01 5.931373e-01 2.223250e-03
1.421569e-01 5.931373e-01 2.383283e-03
1.519608e-01 5.931373e-01 2.530472e-03
1.617647e-01 5.931373e-01 2.661225e-03
1.715686e-01 5.931373e-01 2.772238e-03
1.813725e-01 5.931373e-01 2.860639e-03
1.911765e-01 5.931373e-01 2.924111e-03
2.009804e-01 5.931373e-01 2.960993e-03
2.107843e-01 5.931373e-01 2.970352e-03
2.205882e-01 5.931373e-01 2.952021e-03
2.303922e-01 5.931373e-01 2.906605e-03
2.401961e-01 5.931373e-01 2.835447e-03
2.500000e-01 5.931373e-01 2.740561e-03
2.598039e-01 5.931373e-01 2.624541e-03
2.696078e-01 5.931373e-01 2.490443e-03
2.794118e-01 5.931373e-01 2.341652e-03
2.892157e-01 5.931373e-01 2.181743e-03
2.990196e-01 5.931373e-01 2.014342e-03
3.088235e-01 5.931373e-01 1.842994e-03
3.186275e-01 5.931373e-01 1.671045e-03
3.284314e-01 5.931373e-01 1.501547e-03
3.382353e-01 5.931373e-01 1.337174e-03
3.480392e-01 5.931373e-01 1.180178e-03
3.578431e-01 5.931373e-01 1.032357e-03
3.676471e-01 5.931373e-01 8.950491e-04
3.774510e-01 5.931373e-01 7.691482e-04
3.872549e-01 5.931373e-01 6.551354e-04
3.970588e-01 5.931373e-01 5.531228e-04
4.068627e-01 5.931373e-01 4.629060e-04
4.166667e-01 5.931373e-01 3.840218e-04
4.264706e-01 5.931373e-01 3.158073e-04
4.362745e-01 5.931373e-01 2.574556e-04
4.460784e-01 5.931373e-01 2.080690e-04
4.558824e-01 5.931373e-01 1.667048e-04
4.656863e-01 5.931373e-01 1.324143e-04
4.754902e-01 5.931373e-01 1.042745e-04
4.852941e-01 5.931373e-01 8.141198e-05
4.950980e-01 5.931373e-01 6.301962e-05
5.049020e-01 5.931373e-01 4.836714e-05
5.147059e-01 5.931373e-01 3.680632e-05
5.245098e-01 5.931373e-01 2.777163e-05
5.343137e-01 5.931373e-01 2.077769e-05
5.441176e-01 5.931373e-01 1.541415e-05
5.539216e-01 5.931373e-01 1.133909e-05
5.637255e-01 5.931373e-01 8.271455e-06
5.735294e-01 5.931373e-01 5.983297e-06
5.833333e-01 5.931373e-01 4.292038e-06
5.931373e-01 5.931373e-01 3.053236e-06
6.029412e-01 5.931373e-01 2.153981e-06
6.127451e-01 5.931373e-01 1.507027e-06
6.225490e-01 5.931373e-01 1.045729e-06
6.323529e-01 5.931373e-01 7.197432e-07
6.421569e-01 5.931373e-01 4.914643e-07
6.519608e-01 5.931373e-01 3.331219e-07
6.617647e-01 5.931373e-01 2.244556e-07
6.715686e-01 5.931373e-01 1.508931e-07
6.813725e-01 5.931373e-01 1.021522e-07
6.911765e-01 5.931373e-01 7.120148e-08
7.009804e-01 5.931373e-01 5.352367e-08
7.107843e-01 5.931373e-01 4.664301e-08
7.205882e-01 5.931373e-01 4.988988e-08
7.303922e-01 5.931373e-01 6.439519e-08
7.401961e-01 5.931373e-01 9.332347e-08
7.500000e-01 5.931373e-01 1.423722e-07
7.598039e-01 5.931373e-01 2.205844e-07
7.696078e-01 5.931373e-01 3.415396e-07
7.794118e-01 5.931373e-01 5.250105e-07
7.892157e-01 5.931373e-01 7.991836e-07
7.990196e-01 5.931373e-01 1.203563e-06
8.088235e-01 5.931373e-01 1.792672e-06
8.186275e-01 5.931373e-01 2.640677e-06
8.284314e-01 5.931373e-01 3.847022e-06
8.382353e-01 5.931373e-01 5.543136e-06
8.480392e-01 5.931373e-01 7.900207e-06
8.578431e-01 5.931373e-01 1.113793e-05
8.676471e-01 5.931373e-01 1.553401e-05
8.774510e-01 5.931373e-01 2.143406e-05
8.872549e-01 5.931373e-01 2.926133e-05
8.970588e-01 5.931373e-01 3.952559e-05
9.068627e-01 5.931373e-01 5.283016e-05
9.166667e-01 5.931373e-01 6.987604e-05
9.264706e-01 5.931373e-01 9.146189e-05
9.362745e-01 5.931373e-01 1.184784e-04
9.460784e-01 5.931373e-01 1.518961e-04
9.558824e-01 5.931373e-01 1.927450e-04
9.656863e-01 5.931373e-01 2.420852e-04
9.754902e-01 5.931373e-01 3.009688e-04
9.852941e-01 5.931373e-01 3.703922e-04
9.950980e-01 5.931373e-01 4.512406e-04
4.901961e-03 6.029412e-01 2.908988e-04
1.470588e-02 6.029412e-01 3.538253e-04
2.450980e-02 6.029412e-01 4.260468e-04
3.431373e-02 6.029412e-01 5.078847e-04
4.411765e-02 6.029412e-01 5.994184e-04
5.392157e-02 6.029412e-01 7.004377e-04
6.372549e-02 6.029412e-01 8.104019e-04
7.352941e-02 6.029412e-01 9.284101e-04
8.333333e-02 6.029412e-01 1.053184e-03
9.313725e-02 6.029412e-01 1.183070e-03
1.029412e-01 6.029412e-01 1.316056e-03
1.127451e-01 6.029412e-01 1.449814e-03
1.225490e-01 6.029412e-01 1.581758e-03
1.323529e-01 6.029412e-01 1.709121e-03
1.421569e-01 6.029412e-01 1.829055e-03
1.519608e-01 6.029412e-01 1.938727e-03
1.617647e-01 6.029412e-01 2.035439e-03
1.715686e-01 6.029412e-01 2.116731e-03
1.813725e-01 6.029412e-01 2.180490e-03
1.911765e-01 6.029412e-01 2.225043e-03
2.009804e-01 6.029412e-01 2.249224e-03
2.107843e-01 6.029412e-01 2.252430e-03
2.205882e-01 6.029412e-01 2.234645e-03
2.303922e-01 6.029412e-01 2.196433e-03
2.401961e-01 6.029412e-01 2.138916e-03
2.500000e-01 6.029412e-01 2.063714e-03
2.598039e-01 6.029412e-01 1.972870e-03
2.696078e-01 6.029412e-01 1.868763e-03
2.794118e-01 6.029412e-01 1.754000e-03
2.892157e-01 6.029412e-01 1.631316e-03
2.990196e-01 6.029412e-01 1.503461e-03
3.088235e-01 6.029412e-01 1.373109e-03
3.186275e-01 6.029412e-01 1.242764e-03
3.284314e-01 6.029412e-01 1.114695e-03
3.382353e-01 6.029412e-01 9.908761e-04
3.480392e-01 6.029412e-01 8.729525e-04
3.578431e-01 6.029412e-01 7.622226e-04
3.676471e-01 6.029412e-01 6.596370e-04
3.774510e-01 6.029412e-01 5.658116e-04
3.872549e-01 6.029412e-01 4.810542e-04
3.970588e-01 6.029412e-01 4.053993e-04
4.068627e-01 6.029412e-01 3.386491e-04
4.166667e-01 6.029412e-01 2.804183e-04
4.264706e-01 6.029412e-01 2.301776e-04
4.362745e-01 6.029412e-01 1.872972e-04
4.460784e-01 6.029412e-01 1.510851e-04
4.558824e-01 6.029412e-01 1.208217e-04
4.656863e-01 6.029412e-01 9.578818e-05
4.754902e-01 6.029412e-01 7.528921e-05
4.852941e-01 6.029412e-01 5.867024e-05
4.950980e-01 6.029412e-01 4.532915e-05
5.049020e-01 6.029412e-01 3.472337e-05
5.147059e-01 6.029412e-01 2.637308e-05
5.245098e-01 6.029412e-01 1.986114e-05
5.343137e-01 6.029412e-01 1.483071e-05
5.441176e-01 6.029412e-01 1.098104e-05
5.539216e-01 6.029412e-01 8.062292e-06
5.637255e-01 6.029412e-01 5.869706e-06
5.735294e-01 6.029412e-01 4.237664e-06
5.833333e-01 6.029412e-01 3.033880e-06
5.931373e-01 6.029412e-01 2.153981e-06
6.029412e-01 6.029412e-01 1.516588e-06
6.127451e-01 6.029412e-01 1.058986e-06
6.225490e-01 6.029412e-01 7.333863e-07
6.323529e-01 6.029412e-01 5.037821e-07
6.421569e-01 6.029412e-01 3.433465e-07
6.519608e-01 6.029412e-01 2.323201e-07
6.617647e-01 6.029412e-01 1.563288e-07
6.715686e-01 6.029412e-01 1.050703e-07
6.813725e-01 6.029412e-01 7.131078e-08
6.911765e-01 6.029412e-01 5.014588e-08
7.009804e-01 6.029412e-01 3.848318e-08
7.107843e-01 6.029412e-01 3.471940e-08
7.205882e-01 6.029412e-01 3.859484e-08
7.303922e-01 6.029412e-01 5.122124e-08
7.401961e-01 6.029412e-01 7.529238e-08
7.500000e-01 6.029412e-01 1.155011e-07
7.598039e-01 6.029412e-01 1.792007e-07
7.696078e-01 6.029412e-01 2.773639e-07
7.794118e-01 6.029412e-01 4.259059e-07
7.892157e-01 6.029412e-01 6.474517e-07
7.990196e-01 6.029412e-01 9.736359e-07
8.088235e-01 6.029412e-01 1.448027e-06
8.186275e-01 6.029412e-01 2.129763e-06
8.284314e-01 6.029412e-01 3.097972e-06
8.382353e-01 6.029412e-01 4.457003e-06
8.480392e-01 6.029412e-01 6.342479e-06
8.578431e-01 6.029412e-01 8.928053e-06
8.676471e-01 6.029412e-01 1.243271e-05
8.774510e-01 6.029412e-01 1.712834e-05
8.872549e-01 6.029412e-01 2.334702e-05
8.970588e-01 6.029412e-01 3.148765e-05
9.068627e-01 6.029412e-01 4.202099e-05
9.166667e-01 6.029412e-01 5.549234e-05
9.264706e-01 6.029412e-01 7.252086e-05
9.362745e-01 6.029412e-01 9.379458e-05
9.460784e-01 6.029412e-01 1.200601e-04
9.558824e-01 6.029412e-01 1.521058e-04
9.656863e-01 6.029412e-01 1.907388e-04
9.754902e-01 6.029412e-01 2.367545e-04
9.852941e-01 6.029412e-01 2.908988e-04
9.950980e-01 6.029412e-01 3.538253e-04
4.901961e-03 6.127451e-01 2.266481e-04
1.470588e-02 6.127451e-01 2.752312e-04
2.450980e-02 6.127451e-01 3.308737e-04
3.431373e-02 6.127451e-01 3.937890e-04
4.411765e-02 6.127451e-01 4.640014e-04
5.392157e-02 6.127451e-01 5.413111e-04
6.372549e-02 6.127451e-01 6.252640e-04
7.352941e-02 6.127451e-01 7.151313e-04
8.333333e-02 6.127451e-01 8.098985e-04
9.313725e-02 6.127451e-01 9.082688e-04
1.029412e-01 6.127451e-01 1.008680e-03
1.127451e-01 6.127451e-01 1.109337e-03
1.225490e-01 6.127451e-01 1.208261e-03
1.323529e-01 6.127451e-01 1.303349e-03
1.421569e-01 6.127451e-01 1.392448e-03
1.519608e-01 6.127451e-01 1.473435e-03
1.617647e-01 6.127451e-01 1.544299e-03
1.715686e-01 6.127451e-01 1.603228e-03
1.813725e-01 6.127451e-01 1.648685e-03
1.911765e-01 6.127451e-01 1.679474e-03
2.009804e-01 6.127451e-01 1.694791e-03
2.107843e-01 6.127451e-01 1.694263e-03
2.205882e-01 6.127451e-01 1.677958e-03
2.303922e-01 6.127451e-01 1.646385e-03
2.401961e-01 6.127451e-01 1.600462e-03
2.500000e-01 6.127451e-01 1.541475e-03
2.598039e-01 6.127451e-01 1.471019e-03
2.696078e-01 6.127451e-01 1.390926e-03
2.794118e-01 6.127451e-01 1.303188e-03
2.892157e-01 6.127451e-01 1.209875e-03
2.990196e-01 6.127451e-01 1.113056e-03
3.088235e-01 6.127451e-01 1.014727e-03
3.186275e-01 6.127451e-01 9.167485e-04
3.284314e-01 6.127451e-01 8.207899e-04
3.382353e-01 6.127451e-01 7.282944e-04
3.480392e-01 6.127451e-01 6.404532e-04
3.578431e-01 6.127451e-01 5.581940e-04
3.676471e-01 6.127451e-01 4.821835e-04
3.774510e-01 6.127451e-01 4.128388e-04
3.872549e-01 6.127451e-01 3.503493e-04
3.970588e-01 6.127451e-01 2.947042e-04
4.068627e-01 6.127451e-01 2.457235e-04
4.166667e-01 6.127451e-01 2.030925e-04
4.264706e-01 6.127451e-01 1.663945e-04
4.362745e-01 6.127451e-01 1.351427e-04
4.460784e-01 6.127451e-01 1.088093e-04
4.558824e-01 6.127451e-01 8.684998e-05
4.656863e-01 6.127451e-01 6.872493e-05
4.754902e-01 6.127451e-01 5.391508e-05
4.852941e-01 6.127451e-01 4.193415e-05
4.950980e-01 6.127451e-01 3.233683e-05
5.049020e-01 6.127451e-01 2.472345e-05
5.147059e-01 6.127451e-01 1.874187e-05
5.245098e-01 6.127451e-01 1.408700e-05
5.343137e-01 6.127451e-01 1.049870e-05
5.441176e-01 6.127451e-01 7.758439e-06
5.539216e-01 6.127451e-01 5.685176e-06
5.637255e-01 6.127451e-01 4.130987e-06
5.735294e-01 6.127451e-01 2.976553e-06
5.833333e-01 6.127451e-01 2.126829e-06
5.931373e-01 6.127451e-01 1.507027e-06
6.029412e-01 6.127451e-01 1.058986e-06
6.127451e-01 6.127451e-01 7.379985e-07
6.225490e-01 6.127451e-01 5.100851e-07
6.323529e-01 6.127451e-01 3.497089e-07
6.421569e-01 6.127451e-01 2.378920e-07
6.519608e-01 6.127451e-01 1.606936e-07
6.617647e-01 6.127451e-01 1.080024e-07
6.715686e-01 6.127451e-01 7.259774e-08
6.813725e-01 6.127451e-01 4.943696e-08
6.911765e-01 6.127451e-01 3.513429e-08
7.009804e-01 6.127451e-01 2.760160e-08
7.107843e-01 6.127451e-01 2.583180e-08
7.205882e-01 6.127451e-01 2.981365e-08
7.303922e-01 6.127451e-01 4.057686e-08
7.401961e-01 6.127451e-01 6.037642e-08
7.500000e-01 6.127451e-01 9.303595e-08
7.598039e-01 6.127451e-01 1.444806e-07
7.696078e-01 6.127451e-01 2.235018e-07
7.794118e-01 6.127451e-01 3.428054e-07
7.892157e-01 6.127451e-01 5.204057e-07
7.990196e-01 6.127451e-01 7.814329e-07
8.088235e-01 6.127451e-01 1.160423e-06
8.186275e-01 6.127451e-01 1.704154e-06
8.284314e-01 6.127451e-01 2.475082e-06
8.382353e-01 6.127451e-01 3.555397e-06
8.480392e-01 6.127451e-01 5.051677e-06
8.578431e-01 6.127451e-01 7.100080e-06
8.676471e-01 6.127451e-01 9.871903e-06
8.774510e-01 6.127451e-01 1.357928e-05
8.872549e-01 6.127451e-01 1.848067e-05
8.970588e-01 6.127451e-01 2.488567e-05
9.068627e-01 6.127451e-01 3.315860e-05
9.166667e-01 6.127451e-01 4.372012e-05
9.264706e-01 6.127451e-01 5.704629e-05
9.362745e-01 6.127451e-01 7.366413e-05
9.460784e-01 6.127451e-01 9.414304e-05
9.558824e-01 6.127451e-01 1.190815e-04
9.656863e-01 6.127451e-01 1.490885e-04
9.754902e-01 6.127451e-01 1.847596e-04
9.852941e-01 6.127451e-01 2.266481e-04
9.950980e-01 6.127451e-01 2.752312e-04
4.901961e-03 6.225490e-01 1.751867e-04
1.470588e-02 6.225490e-01 2.123946e-04
2.450980e-02 6.225490e-01 2.549189e-04
3.431373e-02 6.225490e-01 3.028970e-04
4.411765e-02 6.225490e-01 3.563194e-04
5.392157e-02 6.225490e-01 4.150049e-04
6.372549e-02 6.225490e-01 4.785786e-04
7.352941e-02 6.225490e-01 5.464577e-04
8.333333e-02 6.225490e-01 6.178450e-04
9.313725e-02 6.225490e-01 6.917336e-04
1.029412e-01 6.225490e-01 7.669212e-04
1.127451e-01 6.225490e-01 8.420370e-04
1.225490e-01 6.225490e-01 9.155794e-04
1.323529e-01 6.225490e-01 9.859638e-04
1.421569e-01 6.225490e-01 1.051578e-03
1.519608e-01 6.225490e-01 1.110844e-03
1.617647e-01 6.225490e-01 1.162279e-03
1.715686e-01 6.225490e-01 1.204561e-03
1.813725e-01 6.225490e-01 1.236582e-03
1.911765e-01 6.225490e-01 1.257498e-03
2.009804e-01 6.225490e-01 1.266767e-03
2.107843e-01 6.225490e-01 1.264168e-03
2.205882e-01 6.225490e-01 1.249817e-03
2.303922e-01 6.225490e-01 1.224152e-03
2.401961e-01 6.225490e-01 1.187914e-03
2.500000e-01 6.225490e-01 1.142113e-03
2.598039e-01 6.225490e-01 1.087981e-03
2.696078e-01 6.225490e-01 1.026917e-03
2.794118e-01 6.225490e-01 9.604252e-04
2.892157e-01 6.225490e-01 8.900605e-04
2.990196e-01 6.225490e-01 8.173650e-04
3.088235e-01 6.225490e-01 7.438165e-04
3.186275e-01 6.225490e-01 6.707820e-04
3.284314e-01 6.225490e-01 5.994808e-04
3.382353e-01 6.225490e-01 5.309575e-04
3.480392e-01 6.225490e-01 4.660656e-04
3.578431e-01 6.225490e-01 4.054610e-04
3.676471e-01 6.225490e-01 3.496051e-04
3.774510e-01 6.225490e-01 2.987754e-04
3.872549e-01 6.225490e-01 2.530825e-04
3.970588e-01 6.225490e-01 2.124911e-04
4.068627e-01 6.225490e-01 1.768448e-04
4.166667e-01 6.225490e-01 1.458908e-04
4.264706e-01 6.225490e-01 1.193051e-04
4.362745e-01 6.225490e-01 9.671548e-05
4.460784e-01 6.225490e-01 7.772309e-05
4.558824e-01 6.225490e-01 6.192013e-05
4.656863e-01 6.225490e-01 4.890485e-05
4.754902e-01 6.225490e-01 3.829313e-05
4.852941e-01 6.225490e-01 2.972686e-05
4.950980e-01 6.225490e-01 2.287950e-05
5.049020e-01 6.225490e-01 1.745917e-05
5.147059e-01 6.225490e-01 1.320962e-05
5.245098e-01 6.225490e-01 9.909604e-06
5.343137e-01 6.225490e-01 7.371089e-06
5.441176e-01 6.225490e-01 5.436583e-06
5.539216e-01 6.225490e-01 3.976024e-06
5.637255e-01 6.225490e-01 2.883435e-06
5.735294e-01 6.225490e-01 2.073572e-06
5.833333e-01 6.225490e-01 1.478718e-06
5.931373e-01 6.225490e-01 1.045729e-06
6.029412e-01 6.225490e-01 7.333863e-07
6.127451e-01 6.225490e-01 5.100851e-07
6.225490e-01 6.225490e-01 3.518666e-07
6.323529e-01 6.225490e-01 2.407704e-07
6.421569e-01 6.225490e-01 1.634834e-07
6.519608e-01 6.225490e-01 1.102525e-07
6.617647e-01 6.225490e-01 7.402529e-08
6.715686e-01 6.225490e-01 4.978507e-08
6.813725e-01 6.225490e-01 3.404894e-08
6.911765e-01 6.225490e-01 2.450419e-08
7.009804e-01 6.225490e-01 1.976186e-08
7.107843e-01 6.225490e-01 1.921417e-08
7.205882e-01 6.225490e-01 2.298897e-08
7.303922e-01 6.225490e-01 3.200137e-08
7.401961e-01 6.225490e-01 4.811110e-08
7.500000e-01 6.225490e-01 7.440140e-08
7.598039e-01 6.225490e-01 1.156043e-07
7.696078e-01 6.225490e-01 1.787045e-07
7.794118e-01 6.225490e-01 2.737636e-07
7.892157e-01 6.225490e-01 4.150097e-07
7.990196e-01 6.225490e-01 6.222465e-07
8.088235e-01 6.225490e-01 9.226312e-07
8.186275e-01 6.225490e-01 1.352871e-06
8.284314e-01 6.225490e-01 1.961869e-06
8.382353e-01 6.225490e-01 2.813842e-06
8.480392e-01 6.225490e-01 3.991876e-06
8.578431e-01 6.225490e-01 5.601869e-06
8.676471e-01 6.225490e-01 7.776734e-06
8.774510e-01 6.225490e-01 1.068066e-05
8.872549e-01 6.225490e-01 1.451316e-05
8.970588e-01 6.225490e-01 1.951258e-05
9.068627e-01 6.225490e-01 2.595855e-05
9.166667e-01 6.225490e-01 3.417293e-05
9.264706e-01 6.225490e-01 4.451871e-05
9.362745e-01 6.225490e-01 5.739619e-05
9.460784e-01 6.225490e-01 7.323601e-05
9.558824e-01 6.225490e-01 9.248850e-05
9.656863e-01 6.225490e-01 1.156091e-04
9.754902e-01 6.225490e-01 1.430398e-04
9.852941e-01 6.225490e-01 1.751867e-04
9.950980e-01 6.225490e-01 2.123946e-04
4.901961e-03 6.323529e-01 1.343377e-04
1.470588e-02 6.323529e-01 1.626055e-04
2.450980e-02 6.323529e-01 1.948435e-04
3.431373e-02 6.323529e-01 2.311362e-04
4.411765e-02 6.323529e-01 2.714560e-04
5.392157e-02 6.323529e-01 3.156438e-04
6.372549e-02 6.323529e-01 3.633949e-04
7.352941e-02 6.323529e-01 4.142484e-04
8.333333e-02 6.323529e-01 4.675844e-04
9.313725e-02 6.323529e-01 5.226282e-04
1.029412e-01 6.323529e-01 5.784628e-04
1.127451e-01 6.323529e-01 6.340508e-04
1.225490e-01 6.323529e-01 6.882629e-04
1.323529e-01 6.323529e-01 7.399155e-04
1.421569e-01 6.323529e-01 7.878123e-04
1.519608e-01 6.323529e-01 8.307908e-04
1.617647e-01 6.323529e-01 8.677685e-04
1.715686e-01 6.323529e-01 8.977893e-04
1.813725e-01 6.323529e-01 9.200640e-04
1.911765e-01 6.323529e-01 9.340053e-04
2.009804e-01 6.323529e-01 9.392535e-04
2.107843e-01 6.323529e-01 9.356915e-04
2.205882e-01 6.323529e-01 9.234495e-04
2.303922e-01 6.323529e-01 9.028967e-04
2.401961e-01 6.323529e-01 8.746239e-04
2.500000e-01 6.323529e-01 8.394146e-04
2.598039e-01 6.323529e-01 7.982100e-04
2.696078e-01 6.323529e-01 7.520671e-04
2.794118e-01 6.323529e-01 7.021145e-04
2.892157e-01 6.323529e-01 6.495077e-04
2.990196e-01 6.323529e-01 5.953859e-04
3.088235e-01 6.323529e-01 5.408333e-04
3.186275e-01 6.323529e-01 4.868458e-04
3.284314e-01 6.323529e-01 4.343054e-04
3.382353e-01 6.323529e-01 3.839608e-04
3.480392e-01 6.323529e-01 3.364176e-04
3.578431e-01 6.323529e-01 2.921344e-04
3.676471e-01 6.323529e-01 2.514264e-04
3.774510e-01 6.323529e-01 2.144740e-04
3.872549e-01 6.323529e-01 1.813368e-04
3.970588e-01 6.323529e-01 1.519695e-04
4.068627e-01 6.323529e-01 1.262400e-04
4.166667e-01 6.323529e-01 1.039487e-04
4.264706e-01 6.323529e-01 8.484647e-05
4.362745e-01 6.323529e-01 6.865184e-05
4.460784e-01 6.323529e-01 5.506620e-05
4.558824e-01 6.323529e-01 4.378681e-05
4.656863e-01 6.323529e-01 3.451734e-05
4.754902e-01 6.323529e-01 2.697601e-05
4.852941e-01 6.323529e-01 2.090138e-05
4.950980e-01 6.323529e-01 1.605607e-05
5.049020e-01 6.323529e-01 1.222872e-05
5.147059e-01 6.323529e-01 9.234429e-06
5.245098e-01 6.323529e-01 6.914113e-06
5.343137e-01 6.323529e-01 5.132988e-06
5.441176e-01 6.323529e-01 3.778516e-06
5.539216e-01 6.323529e-01 2.758031e-06
5.637255e-01 6.323529e-01 1.996245e-06
5.735294e-01 6.323529e-01 1.432765e-06
5.833333e-01 6.323529e-01 1.019747e-06
5.931373e-01 6.323529e-01 7.197432e-07
6.029412e-01 6.323529e-01 5.037821e-07
6.127451e-01 6.323529e-01 3.497089e-07
6.225490e-01 6.323529e-01 2.407704e-07
6.323529e-01 6.323529e-01 1.644399e-07
6.421569e-01 6.323529e-01 1.114559e-07
6.519608e-01 6.323529e-01 7.505236e-08
6.617647e-01 6.323529e-01 5.035202e-08
6.715686e-01 6.323529e-01 3.389965e-08
6.813725e-01 6.323529e-01 2.331208e-08
6.911765e-01 6.323529e-01 1.702683e-08
7.009804e-01 6.323529e-01 1.413528e-08
7.107843e-01 6.323529e-01 1.429096e-08
7.205882e-01 6.323529e-01 1.768892e-08
7.303922e-01 6.323529e-01 2.511756e-08
7.401961e-01 6.323529e-01 3.808990e-08
7.500000e-01 6.323529e-01 5.906751e-08
7.598039e-01 6.323529e-01 9.179645e-08
7.696078e-01 6.323529e-01 1.417804e-07
7.794118e-01 6.323529e-01 2.169223e-07
7.892157e-01 6.323529e-01 3.283703e-07
7.990196e-01 6.323529e-01 4.916062e-07
8.088235e-01 6.323529e-01 7.278153e-07
8.186275e-01 6.323529e-01 1.065572e-06
8.284314e-01 6.323529e-01 1.542864e-06
8.382353e-01 6.323529e-01 2.209463e-06
8.480392e-01 6.323529e-01 3.129624e-06
8.578431e-01 6.323529e-01 4.385052e-06
8.676471e-01 6.323529e-01 6.078045e-06
8.774510e-01 6.323529e-01 8.334660e-06
8.872549e-01 6.323529e-01 1.130767e-05
8.970588e-01 6.323529e-01 1.517907e-05
9.068627e-01 6.323529e-01 2.016172e-05
9.166667e-01 6.323529e-01 2.649990e-05
9.264706e-01 6.323529e-01 3.446808e-05
9.362745e-01 6.323529e-01 4.436777e-05
9.460784e-01 6.323529e-01 5.652190e-05
9.558824e-01 6.323529e-01 7.126641e-05
9.656863e-01 6.323529e-01 8.893888e-05
9.754902e-01 6.323529e-01 1.098643e-04
9.852941e-01 6.323529e-01 1.343377e-04
9.950980e-01 6.323529e-01 1.626055e-04
4.901961e-03 6.421569e-01 1.022001e-04
1.470588e-02 6.421569e-01 1.235041e-04
2.450980e-02 6.421569e-01 1.477481e-04
3.431373e-02 6.421569e-01 1.749813e-04
4.411765e-02 6.421569e-01 2.051672e-04
5.392157e-02 6.421569e-01 2.381704e-04
6.372549e-02 6.421569e-01 2.737466e-04
7.352941e-02 6.421569e-01 3.115355e-04
8.333333e-02 6.421569e-01 3.510595e-04
9.313725e-02 6.421569e-01 3.917283e-04
1.029412e-01 6.421569e-01 4.328488e-04
1.127451e-01 6.421569e-01 4.736427e-04
1.225490e-01 6.421569e-01 5.132684e-04
1.323529e-01 6.421569e-01 5.508495e-04
1.421569e-01 6.421569e-01 5.855064e-04
1.519608e-01 6.421569e-01 6.163904e-04
1.617647e-01 6.421569e-01 6.427184e-04
1.715686e-01 6.421569e-01 6.638061e-04
1.813725e-01 6.421569e-01 6.790976e-04
1.911765e-01 6.421569e-01 6.881897e-04
2.009804e-01 6.421569e-01 6.908498e-04
2.107843e-01 6.421569e-01 6.870255e-04
2.205882e-01 6.421569e-01 6.768462e-04
2.303922e-01 6.421569e-01 6.606158e-04
2.401961e-01 6.421569e-01 6.387981e-04
2.500000e-01 6.421569e-01 6.119945e-04
2.598039e-01 6.421569e-01 5.809173e-04
2.696078e-01 6.421569e-01 5.463578e-04
2.794118e-01 6.421569e-01 5.091542e-04
2.892157e-01 6.421569e-01 4.701581e-04
2.990196e-01 6.421569e-01 4.302032e-04
3.088235e-01 6.421569e-01 3.900780e-04
3.186275e-01 6.421569e-01 3.505015e-04
3.284314e-01 6.421569e-01 3.121054e-04
3.382353e-01 6.421569e-01 2.754217e-04
3.480392e-01 6.421569e-01 2.408754e-04
3.578431e-01 6.421569e-01 2.087836e-04
3.676471e-01 6.421569e-01 1.793585e-04
3.774510e-01 6.421569e-01 1.527147e-04
3.872549e-01 6.421569e-01 1.288797e-04
3.970588e-01 6.421569e-01 1.078064e-04
4.068627e-01 6.421569e-01 8.938663e-05
4.166667e-01 6.421569e-01 7.346486e-05
4.264706e-01 6.421569e-01 5.985178e-05
4.362745e-01 6.421569e-01 4.833656e-05
4.460784e-01 6.421569e-01 3.869784e-05
4.558824e-01 6.421569e-01 3.071289e-05
4.656863e-01 6.421569e-01 2.416510e-05
4.754902e-01 6.421569e-01 1.884954e-05
4.852941e-01 6.421569e-01 1.457699e-05
4.950980e-01 6.421569e-01 1.117636e-05
5.049020e-01 6.421569e-01 8.495889e-06
5.147059e-01 6.421569e-01 6.403291e-06
5.245098e-01 6.421569e-01 4.785133e-06
5.343137e-01 6.421569e-01 3.545614e-06
5.441176e-01 6.421569e-01 2.604987e-06
5.539216e-01 6.421569e-01 1.897784e-06
5.637255e-01 6.421569e-01 1.370962e-06
5.735294e-01 6.421569e-01 9.820906e-07
5.833333e-01 6.421569e-01 6.976482e-07
5.931373e-01 6.421569e-01 4.914643e-07
6.029412e-01 6.421569e-01 3.433465e-07
6.127451e-01 6.421569e-01 2.378920e-07
6.225490e-01 6.421569e-01 1.634834e-07
6.323529e-01 6.421569e-01 1.114559e-07
6.421569e-01 6.421569e-01 7.542022e-08
6.519608e-01 6.421569e-01 5.072134e-08
6.617647e-01 6.421569e-01 3.401471e-08
6.715686e-01 6.421569e-01 2.294126e-08
6.813725e-01 6.421569e-01 1.588553e-08
6.911765e-01 6.421569e-01 1.180386e-08
7.009804e-01 6.421569e-01 1.011293e-08
7.107843e-01 6.421569e-01 1.063236e-08
7.205882e-01 6.421569e-01 1.357918e-08
7.303922e-01 6.421569e-01 1.961588e-08
7.401961e-01 6.421569e-01 2.995802e-08
7.500000e-01 6.421569e-01 4.655201e-08
7.598039e-01 6.421569e-01 7.233786e-08
7.696078e-01 6.421569e-01 1.116166e-07
7.794118e-01 6.421569e-01 1.705459e-07
7.892157e-01 6.421569e-01 2.577909e-07
7.990196e-01 6.421569e-01 3.853586e-07
8.088235e-01 6.421569e-01 5.696447e-07
8.186275e-01 6.421569e-01 8.327161e-07
8.284314e-01 6.421569e-01 1.203846e-06
8.382353e-01 6.421569e-01 1.721306e-06
8.480392e-01 6.421569e-01 2.434388e-06
8.578431e-01 6.421569e-01 3.405628e-06
8.676471e-01 6.421569e-01 4.713133e-06
8.774510e-01 6.421569e-01 6.452902e-06
8.872549e-01 6.421569e-01 8.740973e-06
8.970588e-01 6.421569e-01 1.171518e-05
9.068627e-01 6.421569e-01 1.553627e-05
9.166667e-01 6.421569e-01 2.038808e-05
9.264706e-01 6.421569e-01 2.647645e-05
9.362745e-01 6.421569e-01 3.402659e-05
9.460784e-01 6.421569e-01 4.327860e-05
9.558824e-01 6.421569e-01 5.448092e-05
9.656863e-01 6.421569e-01 6.788155e-05
9.754902e-01 6.421569e-01 8.371716e-05
9.852941e-01 6.421569e-01 1.022001e-04
9.950980e-01 6.421569e-01 1.235041e-04
4.901961e-03 6.519608e-01 7.713829e-05
1.470588e-02 6.519608e-01 9.306589e-05
2.450980e-02 6.519608e-01 1.111525e-04
3.431373e-02 6.519608e-01 1.314239e-04
4.411765e-02 6.519608e-01 1.538414e-04
5.392157e-02 6.519608e-01 1.782926e-04
6.372549e-02 6.519608e-01 2.045840e-04
7.352941e-02 6.519608e-01 2.324369e-04
8.333333e-02 6.519608e-01 2.614871e-04
9.313725e-02 6.519608e-01 2.912888e-04
1.029412e-01 6.519608e-01 3.213230e-04
1.127451e-01 6.519608e-01 3.510106e-04
1.225490e-01 6.519608e-01 3.797302e-04
1.323529e-01 6.519608e-01 4.068386e-04
1.421569e-01 6.519608e-01 4.316947e-04
1.519608e-01 6.519608e-01 4.536847e-04
1.617647e-01 6.519608e-01 4.722474e-04
1.715686e-01 6.519608e-01 4.868980e-04
1.813725e-01 6.519608e-01 4.972492e-04
1.911765e-01 6.519608e-01 5.030286e-04
2.009804e-01 6.519608e-01 5.040899e-04
2.107843e-01 6.519608e-01 5.004197e-04
2.205882e-01 6.519608e-01 4.921371e-04
2.303922e-01 6.519608e-01 4.794872e-04
2.401961e-01 6.519608e-01 4.628293e-04
2.500000e-01 6.519608e-01 4.426204e-04
2.598039e-01 6.519608e-01 4.193940e-04
2.696078e-01 6.519608e-01 3.937372e-04
2.794118e-01 6.519608e-01 3.662667e-04
2.892157e-01 6.519608e-01 3.376045e-04
2.990196e-01 6.519608e-01 3.083554e-04
3.088235e-01 6.519608e-01 2.790875e-04
3.186275e-01 6.519608e-01 2.503153e-04
3.284314e-01 6.519608e-01 2.224871e-04
3.382353e-01 6.519608e-01 1.959770e-04
3.480392e-01 6.519608e-01 1.710805e-04
3.578431e-01 6.519608e-01 1.480141e-04
3.676471e-01 6.519608e-01 1.269184e-04
3.774510e-01 6.519608e-01 1.078642e-04
3.872549e-01 6.519608e-01 9.085996e-05
3.970588e-01 6.519608e-01 7.586162e-05
4.068627e-01 6.519608e-01 6.278232e-05
4.166667e-01 6.519608e-01 5.150267e-05
4.264706e-01 6.519608e-01 4.188037e-05
4.362745e-01 6.519608e-01 3.375909e-05
4.460784e-01 6.519608e-01 2.697626e-05
4.558824e-01 6.519608e-01 2.136951e-05
4.656863e-01 6.519608e-01 1.678185e-05
4.754902e-01 6.519608e-01 1.306558e-05
4.852941e-01 6.519608e-01 1.008491e-05
4.950980e-01 6.519608e-01 7.717573e-06
5.049020e-01 6.519608e-01 5.855522e-06
5.147059e-01 6.519608e-01 4.404915e-06
5.245098e-01 6.519608e-01 3.285546e-06
5.343137e-01 6.519608e-01 2.429890e-06
5.441176e-01 6.519608e-01 1.781911e-06
5.539216e-01 6.519608e-01 1.295738e-06
5.637255e-01 6.519608e-01 9.343118e-07
5.735294e-01 6.519608e-01 6.680702e-07
5.833333e-01 6.519608e-01 4.737192e-07
5.931373e-01 6.519608e-01 3.331219e-07
6.029412e-01 6.519608e-01 2.323201e-07
6.127451e-01 6.519608e-01 1.606936e-07
6.225490e-01 6.519608e-01 1.102525e-07
6.323529e-01 6.519608e-01 7.505236e-08
6.421569e-01 6.519608e-01 5.072134e-08
6.519608e-01 6.519608e-01 3.408309e-08
6.617647e-01 6.519608e-01 2.286302e-08
6.715686e-01 6.519608e-01 1.546419e-08
6.813725e-01 6.519608e-01 1.080170e-08
6.911765e-01 6.519608e-01 8.186537e-09
7.009804e-01 6.519608e-01 7.252133e-09
7.107843e-01 6.519608e-01 7.919743e-09
7.205882e-01 6.519608e-01 1.040138e-08
7.303922e-01 6.519608e-01 1.524220e-08
7.401961e-01 6.519608e-01 2.340734e-08
7.500000e-01 6.519608e-01 3.642139e-08
7.598039e-01 6.519608e-01 5.657211e-08
7.696078e-01 6.519608e-01 8.719326e-08
7.794118e-01 6.519608e-01 1.330443e-07
7.892157e-01 6.519608e-01 2.008068e-07
7.990196e-01 6.519608e-01 2.997193e-07
8.088235e-01 6.519608e-01 4.423700e-07
8.186275e-01 6.519608e-01 6.456656e-07
8.284314e-01 6.519608e-01 9.319855e-07
8.382353e-01 6.519608e-01 1.330522e-06
8.480392e-01 6.519608e-01 1.878791e-06
8.578431e-01 6.519608e-01 2.624274e-06
8.676471e-01 6.519608e-01 3.626128e-06
8.774510e-01 6.519608e-01 4.956877e-06
8.872549e-01 6.519608e-01 6.703946e-06
8.970588e-01 6.519608e-01 8.970886e-06
9.068627e-01 6.519608e-01 1.187809e-05
9.166667e-01 6.519608e-01 1.556278e-05
9.264706e-01 6.519608e-01 2.017805e-05
9.362745e-01 6.519608e-01 2.589071e-05
9.460784e-01 6.519608e-01 3.287779e-05
9.558824e-01 6.519608e-01 4.132139e-05
9.656863e-01 6.519608e-01 5.140210e-05
9.754902e-01 6.519608e-01 6.329066e-05
9.852941e-01 6.519608e-01 7.713829e-05
9.950980e-01 6.519608e-01 9.306589e-05
4.901961e-03 6.617647e-01 5.776466e-05
1.470588e-02 6.617647e-01 6.957793e-05
2.450980e-02 6.617647e-01 8.296337e-05
3.431373e-02 6.617647e-01 9.793205e-05
4.411765e-02 6.617647e-01 1.144470e-04
5.392157e-02 6.617647e-01 1.324166e-04
6.372549e-02 6.617647e-01 1.516897e-04
7.352941e-02 6.617647e-01 1.720530e-04
8.333333e-02 6.617647e-01 1.932313e-04
9.313725e-02 6.617647e-01 2.148909e-04
1.029412e-01 6.617647e-01 2.366468e-04
1.127451e-01 6.617647e-01 2.580721e-04
1.225490e-01 6.617647e-01 2.787116e-04
1.323529e-01 6.617647e-01 2.980977e-04
1.421569e-01 6.617647e-01 3.157672e-04
1.519608e-01 6.617647e-01 3.312802e-04
1.617647e-01 6.617647e-01 3.442385e-04
1.715686e-01 6.617647e-01 3.543020e-04
1.813725e-01 6.617647e-01 3.612043e-04
1.911765e-01 6.617647e-01 3.647640e-04
2.009804e-01 6.617647e-01 3.648926e-04
2.107843e-01 6.617647e-01 3.615986e-04
2.205882e-01 6.617647e-01 3.549859e-04
2.303922e-01 6.617647e-01 3.452486e-04
2.401961e-01 6.617647e-01 3.326620e-04
2.500000e-01 6.617647e-01 3.175694e-04
2.598039e-01 6.617647e-01 3.003666e-04
2.696078e-01 6.617647e-01 2.814852e-04
2.794118e-01 6.617647e-01 2.613748e-04
2.892157e-01 6.617647e-01 2.404857e-04
2.990196e-01 6.617647e-01 2.192527e-04
3.088235e-01 6.617647e-01 1.980814e-04
3.186275e-01 6.617647e-01 1.773365e-04
3.284314e-01 6.617647e-01 1.573333e-04
3.382353e-01 6.617647e-01 1.383325e-04
3.480392e-01 6.617647e-01 1.205370e-04
3.578431e-01 6.617647e-01 1.040931e-04
3.676471e-01 6.617647e-01 8.909233e-05
3.774510e-01 6.617647e-01 7.557673e-05
3.872549e-01 6.617647e-01 6.354434e-05
3.970588e-01 6.617647e-01 5.295640e-05
4.068627e-01 6.617647e-01 4.374462e-05
4.166667e-01 6.617647e-01 3.581846e-05
4.264706e-01 6.617647e-01 2.907215e-05
4.362745e-01 6.617647e-01 2.339088e-05
4.460784e-01 6.617647e-01 1.865636e-05
4.558824e-01 6.617647e-01 1.475128e-05
4.656863e-01 6.617647e-01 1.156290e-05
4.754902e-01 6.617647e-01 8.985652e-06
4.852941e-01 6.617647e-01 6.922930e-06
4.950980e-01 6.617647e-01 5.288102e-06
5.049020e-01 6.617647e-01 4.004899e-06
5.147059e-01 6.617647e-01 3.007304e-06
5.245098e-01 6.617647e-01 2.239083e-06
5.343137e-01 6.617647e-01 1.653040e-06
5.441176e-01 6.617647e-01 1.210126e-06
5.539216e-01 6.617647e-01 8.784696e-07
5.637255e-01 6.617647e-01 6.323930e-07
5.735294e-01 6.617647e-01 4.514694e-07
5.833333e-01 6.617647e-01 3.196458e-07
5.931373e-01 6.617647e-01 2.244556e-07
6.029412e-01 6.617647e-01 1.563288e-07
6.127451e-01 6.617647e-01 1.080024e-07
6.225490e-01 6.617647e-01 7.402529e-08
6.323529e-01 6.617647e-01 5.035202e-08
6.421569e-01 6.617647e-01 3.401471e-08
6.519608e-01 6.617647e-01 2.286302e-08
6.617647e-01 6.617647e-01 1.536215e-08
6.715686e-01 6.617647e-01 1.043973e-08
6.813725e-01 6.617647e-01 7.373539e-09
6.911765e-01 6.617647e-01 5.713800e-09
7.009804e-01 6.617647e-01 5.235661e-09
7.107843e-01 6.617647e-01 5.919211e-09
7.205882e-01 6.617647e-01 7.956667e-09
7.303922e-01 6.617647e-01 1.178845e-08
7.401961e-01 6.617647e-01 1.817218e-08
7.500000e-01 6.617647e-01 2.829099e-08
7.598039e-01 6.617647e-01 4.391002e-08
7.696078e-01 6.617647e-01 6.759227e-08
7.794118e-01 6.617647e-01 1.029870e-07
7.892157e-01 6.617647e-01 1.552056e-07
7.990196e-01 6.617647e-01 2.313002e-07
8.088235e-01 6.617647e-01 3.408593e-07
8.186275e-01 6.617647e-01 4.967337e-07
8.284314e-01 6.617647e-01 7.158969e-07
8.382353e-01 6.617647e-01 1.020441e-06
8.480392e-01 6.617647e-01 1.438689e-06
8.578431e-01 6.617647e-01 2.006407e-06
8.676471e-01 6.617647e-01 2.768042e-06
8.774510e-01 6.617647e-01 3.777945e-06
8.872549e-01 6.617647e-01 5.101454e-06
8.970588e-01 6.617647e-01 6.815732e-06
9.068627e-01 6.617647e-01 9.010217e-06
9.166667e-01 6.617647e-01 1.178650e-05
9.264706e-01 6.617647e-01 1.525751e-05
9.362745e-01 6.617647e-01 1.954578e-05
9.460784e-01 6.617647e-01 2.478069e-05
9.558824e-01 6.617647e-01 3.109461e-05
9.656863e-01 6.617647e-01 3.861781e-05
9.754902e-01 6.617647e-01 4.747232e-05
9.852941e-01 6.617647e-01 5.776466e-05
9.950980e-01 6.617647e-01 6.957793e-05
4.901961e-03 6.715686e-01 4.291771e-05
1.470588e-02 6.715686e-01 5.160986e-05
2.450980e-02 6.715686e-01 6.143724e-05
3.431373e-02 6.715686e-01 7.240216e-05
4.411765e-02 6.715686e-01 8.447143e-05
5.392157e-02 6.715686e-01 9.757171e-05
6.372549e-02 6.715686e-01 1.115863e-04
7.352941e-02 6.715686e-01 1.263536e-04
8.333333e-02 6.715686e-01 1.416677e-04
9.313725e-02 6.715686e-01 1.572811e-04
1.029412e-01 6.715686e-01 1.729107e-04
1.127451e-01 6.715686e-01 1.882444e-04
1.225490e-01 6.715686e-01 2.029520e-04
1.323529e-01 6.715686e-01 2.166962e-04
1.421569e-01 6.715686e-01 2.291456e-04
1.519608e-01 6.715686e-01 2.399879e-04
1.617647e-01 6.715686e-01 2.489430e-04
1.715686e-01 6.715686e-01 2.557749e-04
1.813725e-01 6.715686e-01 2.603027e-04
1.911765e-01 6.715686e-01 2.624076e-04
2.009804e-01 6.715686e-01 2.620389e-04
2.107843e-01 6.715686e-01 2.592155e-04
2.205882e-01 6.715686e-01 2.540250e-04
2.303922e-01 6.715686e-01 2.466186e-04
2.401961e-01 6.715686e-01 2.372047e-04
2.500000e-01 6.715686e-01 2.260385e-04
2.598039e-01 6.715686e-01 2.134110e-04
2.696078e-01 6.715686e-01 1.996364e-04
2.794118e-01 6.715686e-01 1.850396e-04
2.892157e-01 6.715686e-01 1.699436e-04
2.990196e-01 6.715686e-01 1.546582e-04
3.088235e-01 6.715686e-01 1.394705e-04
3.186275e-01 6.715686e-01 1.246366e-04
3.284314e-01 6.715686e-01 1.103762e-04
3.382353e-01 6.715686e-01 9.686891e-05
3.480392e-01 6.715686e-01 8.425294e-05
3.578431e-01 6.715686e-01 7.262562e-05
3.676471e-01 6.715686e-01 6.204563e-05
3.774510e-01 6.715686e-01 5.253652e-05
3.872549e-01 6.715686e-01 4.409127e-05
3.970588e-01 6.715686e-01 3.667730e-05
4.068627e-01 6.715686e-01 3.024181e-05
4.166667e-01 6.715686e-01 2.471704e-05
4.264706e-01 6.715686e-01 2.002515e-05
4.362745e-01 6.715686e-01 1.608267e-05
4.460784e-01 6.715686e-01 1.280432e-05
4.558824e-01 6.715686e-01 1.010611e-05
4.656863e-01 6.715686e-01 7.907768e-06
4.754902e-01 6.715686e-01 6.134508e-06
4.852941e-01 6.715686e-01 4.718195e-06
4.950980e-01 6.715686e-01 3.597967e-06
5.049020e-01 6.715686e-01 2.720441e-06
5.147059e-01 6.715686e-01 2.039571e-06
5.245098e-01 6.715686e-01 1.516259e-06
5.343137e-01 6.715686e-01 1.117795e-06
5.441176e-01 6.715686e-01 8.171949e-07
5.539216e-01 6.715686e-01 5.924983e-07
5.637255e-01 6.715686e-01 4.260608e-07
5.735294e-01 6.715686e-01 3.038839e-07
5.833333e-01 6.715686e-01 2.149946e-07
5.931373e-01 6.715686e-01 1.508931e-07
6.029412e-01 6.715686e-01 1.050703e-07
6.127451e-01 6.715686e-01 7.259774e-08
6.225490e-01 6.715686e-01 4.978507e-08
6.323529e-01 6.715686e-01 3.389965e-08
6.421569e-01 6.715686e-01 2.294126e-08
6.519608e-01 6.715686e-01 1.546419e-08
6.617647e-01 6.715686e-01 1.043973e-08
6.715686e-01 6.715686e-01 7.152470e-09
6.813725e-01 6.715686e-01 5.124898e-09
6.911765e-01 6.715686e-01 4.066111e-09
7.009804e-01 6.715686e-01 3.841538e-09
7.107843e-01 6.715686e-01 4.462236e-09
7.205882e-01 6.715686e-01 6.093669e-09
7.303922e-01 6.715686e-01 9.085537e-09
7.401961e-01 6.715686e-01 1.402586e-08
7.500000e-01 6.715686e-01 2.182423e-08
7.598039e-01 6.715686e-01 3.383097e-08
7.696078e-01 6.715686e-01 5.200042e-08
7.794118e-01 6.715686e-01 7.910825e-08
7.892157e-01 6.715686e-01 1.190336e-07
7.990196e-01 6.715686e-01 1.771170e-07
8.088235e-01 6.715686e-01 2.606048e-07
8.186275e-01 6.715686e-01 3.791876e-07
8.284314e-01 6.715686e-01 5.456372e-07
8.382353e-01 6.715686e-01 7.765392e-07
8.480392e-01 6.715686e-01 1.093110e-06
8.578431e-01 6.715686e-01 1.522073e-06
8.676471e-01 6.715686e-01 2.096559e-06
8.774510e-01 6.715686e-01 2.856973e-06
8.872549e-01 6.715686e-01 3.851754e-06
8.970588e-01 6.715686e-01 5.137940e-06
9.068627e-01 6.715686e-01 6.781432e-06
9.166667e-01 6.715686e-01 8.856834e-06
9.264706e-01 6.715686e-01 1.144675e-05
9.362745e-01 6.715686e-01 1.464043e-05
9.460784e-01 6.715686e-01 1.853165e-05
9.558824e-01 6.715686e-01 2.321577e-05
9.656863e-01 6.715686e-01 2.878595e-05
9.754902e-01 6.715686e-01 3.532851e-05
9.852941e-01 6.715686e-01 4.291771e-05
9.950980e-01 6.715686e-01 5.160986e-05
4.901961e-03 6.813725e-01 3.163747e-05
1.470588e-02 6.813725e-01 3.798242e-05
2.450980e-02 6.813725e-01 4.514024e-05
3.431373e-02 6.813725e-01 5.310840e-05
4.411765e-02 6.813725e-01 6.185835e-05
5.392157e-02 6.813725e-01 7.133235e-05
6.372549e-02 6.813725e-01 8.144134e-05
7.352941e-02 6.813725e-01 9.206411e-05
8.333333e-02 6.813725e-01 1.030480e-04
9.313725e-02 6.813725e-01 1.142113e-04
1.029412e-01 6.813725e-01 1.253472e-04
1.127451e-01 6.813725e-01 1.362301e-04
1.225490e-01 6.813725e-01 1.466222e-04
1.323529e-01 6.813725e-01 1.562826e-04
1.421569e-01 6.813725e-01 1.649762e-04
1.519608e-01 6.813725e-01 1.724832e-04
1.617647e-01 6.813725e-01 1.786086e-04
1.715686e-01 6.813725e-01 1.831906e-04
1.813725e-01 6.813725e-01 1.861075e-04
1.911765e-01 6.813725e-01 1.872834e-04
2.009804e-01 6.813725e-01 1.866913e-04
2.107843e-01 6.813725e-01 1.843539e-04
2.205882e-01 6.813725e-01 1.803426e-04
2.303922e-01 6.813725e-01 1.747738e-04
2.401961e-01 6.813725e-01 1.678032e-04
2.500000e-01 6.813725e-01 1.596187e-04
2.598039e-01 6.813725e-01 1.504322e-04
2.696078e-01 6.813725e-01 1.404704e-04
2.794118e-01 6.813725e-01 1.299658e-04
2.892157e-01 6.813725e-01 1.191482e-04
2.990196e-01 6.813725e-01 1.082362e-04
3.088235e-01 6.813725e-01 9.743125e-05
3.186275e-01 6.813725e-01 8.691152e-05
3.284314e-01 6.813725e-01 7.682861e-05
3.382353e-01 6.813725e-01 6.730515e-05
3.480392e-01 6.813725e-01 5.843409e-05
3.578431e-01 6.813725e-01 5.027942e-05
3.676471e-01 6.813725e-01 4.287787e-05
3.774510e-01 6.813725e-01 3.624170e-05
3.872549e-01 6.813725e-01 3.036195e-05
3.970588e-01 6.813725e-01 2.521217e-05
4.068627e-01 6.813725e-01 2.075220e-05
4.166667e-01 6.813725e-01 1.693190e-05
4.264706e-01 6.813725e-01 1.369461e-05
4.362745e-01 6.813725e-01 1.098023e-05
4.460784e-01 6.813725e-01 8.727836e-06
4.558824e-01 6.813725e-01 6.877842e-06
4.656863e-01 6.813725e-01 5.373608e-06
4.754902e-01 6.813725e-01 4.162623e-06
4.852941e-01 6.813725e-01 3.197246e-06
4.950980e-01 6.813725e-01 2.435091e-06
5.049020e-01 6.813725e-01 1.839116e-06
5.147059e-01 6.813725e-01 1.377479e-06
5.245098e-01 6.813725e-01 1.023229e-06
5.343137e-01 6.813725e-01 7.538879e-07
5.441176e-01 6.813725e-01 5.509664e-07
5.539216e-01 6.813725e-01 3.994581e-07
5.637255e-01 6.813725e-01 2.873392e-07
5.735294e-01 6.813725e-01 2.050940e-07
5.833333e-01 6.813725e-01 1.452819e-07
5.931373e-01 6.813725e-01 1.021522e-07
6.029412e-01 6.813725e-01 7.131078e-08
6.127451e-01 6.813725e-01 4.943696e-08
6.225490e-01 6.813725e-01 3.404894e-08
6.323529e-01 6.813725e-01 2.331208e-08
6.421569e-01 6.813725e-01 1.588553e-08
6.519608e-01 6.813725e-01 1.080170e-08
6.617647e-01 6.813725e-01 7.373539e-09
6.715686e-01 6.813725e-01 5.124898e-09
6.813725e-01 6.813725e-01 3.740534e-09
6.911765e-01 6.813725e-01 3.032578e-09
7.009804e-01 6.813725e-01 2.921706e-09
7.107843e-01 6.813725e-01 3.432032e-09
7.205882e-01 6.813725e-01 4.699948e-09
7.303922e-01 6.813725e-01 6.998201e-09
7.401961e-01 6.813725e-01 1.077774e-08
7.500000e-01 6.813725e-01 1.673105e-08
7.598039e-01 6.813725e-01 2.588207e-08
7.696078e-01 6.813725e-01 3.970866e-08
7.794118e-01 6.813725e-01 6.030498e-08
7.892157e-01 6.813725e-01 9.059156e-08
7.990196e-01 6.813725e-01 1.345809e-07
8.088235e-01 6.813725e-01 1.977058e-07
8.186275e-01 6.813725e-01 2.872163e-07
8.284314e-01 6.813725e-01 4.126470e-07
8.382353e-01 6.813725e-01 5.863513e-07
8.480392e-01 6.813725e-01 8.240952e-07
8.578431e-01 6.813725e-01 1.145689e-06
8.676471e-01 6.813725e-01 1.575631e-06
8.774510e-01 6.813725e-01 2.143720e-06
8.872549e-01 6.813725e-01 2.885577e-06
8.970588e-01 6.813725e-01 3.843026e-06
9.068627e-01 6.813725e-01 5.064232e-06
9.166667e-01 6.813725e-01 6.603529e-06
9.264706e-01 6.813725e-01 8.520850e-06
9.362745e-01 6.813725e-01 1.088066e-05
9.460784e-01 6.813725e-01 1.375034e-05
9.558824e-01 6.813725e-01 1.719800e-05
9.656863e-01 6.813725e-01 2.128962e-05
9.754902e-01 6.813725e-01 2.608573e-05
9.852941e-01 6.813725e-01 3.163747e-05
9.950980e-01 6.813725e-01 3.798242e-05
4.901961e-03 6.911765e-01 2.314018e-05
1.470588e-02 6.911765e-01 2.773516e-05
2.450980e-02 6.911765e-01 3.290730e-05
3.431373e-02 6.911765e-01 3.865176e-05
4.411765e-02 6.911765e-01 4.494480e-05
5.392157e-02 6.911765e-01 5.174163e-05
6.372549e-02 6.911765e-01 5.897504e-05
7.352941e-02 6.911765e-01 6.655502e-05
8.333333e-02 6.911765e-01 7.436944e-05
9.313725e-02 6.911765e-01 8.228598e-05
1.029412e-01 6.911765e-01 9.015526e-05
1.127451e-01 6.911765e-01 9.781518e-05
1.225490e-01 6.911765e-01 1.050963e-04
1.323529e-01 6.911765e-01 1.118279e-04
1.421569e-01 6.911765e-01 1.178447e-04
1.519608e-01 6.911765e-01 1.229937e-04
1.617647e-01 6.911765e-01 1.271403e-04
1.715686e-01 6.911765e-01 1.301747e-04
1.813725e-01 6.911765e-01 1.320164e-04
1.911765e-01 6.911765e-01 1.326178e-04
2.009804e-01 6.911765e-01 1.319664e-04
2.107843e-01 6.911765e-01 1.300848e-04
2.205882e-01 6.911765e-01 1.270299e-04
2.303922e-01 6.911765e-01 1.228898e-04
2.401961e-01 6.911765e-01 1.177798e-04
2.500000e-01 6.911765e-01 1.118367e-04
2.598039e-01 6.911765e-01 1.052134e-04
2.696078e-01 6.911765e-01 9.807183e-05
2.794118e-01 6.911765e-01 9.057711e-05
2.892157e-01 6.911765e-01 8.289100e-05
2.990196e-01 6.911765e-01 7.516661e-05
3.088235e-01 6.911765e-01 6.754375e-05
3.186275e-01 6.911765e-01 6.014535e-05
3.284314e-01 6.911765e-01 5.307498e-05
3.382353e-01 6.911765e-01 4.641548e-05
3.480392e-01 6.911765e-01 4.022867e-05
3.578431e-01 6.911765e-01 3.455598e-05
3.676471e-01 6.911765e-01 2.941988e-05
3.774510e-01 6.911765e-01 2.482585e-05
3.872549e-01 6.911765e-01 2.076490e-05
3.970588e-01 6.911765e-01 1.721610e-05
4.068627e-01 6.911765e-01 1.414937e-05
4.166667e-01 6.911765e-01 1.152805e-05
4.264706e-01 6.911765e-01 9.311336e-06
4.362745e-01 6.911765e-01 7.456369e-06
4.460784e-01 6.911765e-01 5.920062e-06
4.558824e-01 6.911765e-01 4.660526e-06
4.656863e-01 6.911765e-01 3.638169e-06
4.754902e-01 6.911765e-01 2.816452e-06
4.852941e-01 6.911765e-01 2.162371e-06
4.950980e-01 6.911765e-01 1.646673e-06
5.049020e-01 6.911765e-01 1.243885e-06
5.147059e-01 6.911765e-01 9.321851e-07
5.245098e-01 6.911765e-01 6.931600e-07
5.343137e-01 6.911765e-01 5.114974e-07
5.441176e-01 6.911765e-01 3.746375e-07
5.539216e-01 6.911765e-01 2.724128e-07
5.637255e-01 6.911765e-01 1.966963e-07
5.735294e-01 6.911765e-01 1.410704e-07
5.833333e-01 6.911765e-01 1.005268e-07
5.931373e-01 6.911765e-01 7.120148e-08
6.029412e-01 6.911765e-01 5.014588e-08
6.127451e-01 6.911765e-01 3.513429e-08
6.225490e-01 6.911765e-01 2.450419e-08
6.323529e-01 6.911765e-01 1.702683e-08
6.421569e-01 6.911765e-01 1.180386e-08
6.519608e-01 6.911765e-01 8.186537e-09
6.617647e-01 6.911765e-01 5.713800e-09
6.715686e-01 6.911765e-01 4.066111e-09
6.813725e-01 6.911765e-01 3.032578e-09
6.911765e-01 6.911765e-01 2.489388e-09
7.009804e-01 6.911765e-01 2.388340e-09
7.107843e-01 6.911765e-01 2.755000e-09
7.205882e-01 6.911765e-01 3.696736e-09
7.303922e-01 6.911765e-01 5.421743e-09
7.401961e-01 6.911765e-01 8.270997e-09
7.500000e-01 6.911765e-01 1.276596e-08
7.598039e-01 6.911765e-01 1.967575e-08
7.696078e-01 6.911765e-01 3.010822e-08
7.794118e-01 6.911765e-01 4.563033e-08
7.892157e-01 6.911765e-01 6.842312e-08
7.990196e-01 6.911765e-01 1.014772e-07
8.088235e-01 6.911765e-01 1.488338e-07
8.186275e-01 6.911765e-01 2.158741e-07
8.284314e-01 6.911765e-01 3.096597e-07
8.382353e-01 6.911765e-01 4.393195e-07
8.480392e-01 6.911765e-01 6.164765e-07
8.578431e-01 6.911765e-01 8.557003e-07
8.676471e-01 6.911765e-01 1.174962e-06
8.774510e-01 6.911765e-01 1.596062e-06
8.872549e-01 6.911765e-01 2.144988e-06
8.970588e-01 6.911765e-01 2.852159e-06
9.068627e-01 6.911765e-01 3.752495e-06
9.166667e-01 6.911765e-01 4.885245e-06
9.264706e-01 6.911765e-01 6.293530e-06
9.362745e-01 6.911765e-01 8.023527e-06
9.460784e-01 6.911765e-01 1.012325e-05
9.558824e-01 6.911765e-01 1.264089e-05
9.656863e-01 6.911765e-01 1.562280e-05
9.754902e-01 6.911765e-01 1.911095e-05
9.852941e-01 6.911765e-01 2.314018e-05
9.950980e-01 6.911765e-01 2.773516e-05
4.901961e-03 7.009804e-01 1.679351e-05
1.470588e-02 7.009804e-01 2.009495e-05
2.450980e-02 7.009804e-01 2.380277e-05
3.431373e-02 7.009804e-01 2.791135e-05
4.411765e-02 7.009804e-01 3.240148e-05
5.392157e-02 7.009804e-01 3.723889e-05
6.372549e-02 7.009804e-01 4.237343e-05
7.352941e-02 7.009804e-01 4.773890e-05
8.333333e-02 7.009804e-01 5.325373e-05
9.313725e-02 7.009804e-01 5.882241e-05
1.029412e-01 7.009804e-01 6.433795e-05
1.127451e-01 7.009804e-01 6.968502e-05
1.225490e-01 7.009804e-01 7.474383e-05
1.323529e-01 7.009804e-01 7.939459e-05
1.421569e-01 7.009804e-01 8.352218e-05
1.519608e-01 7.009804e-01 8.702089e-05
1.617647e-01 7.009804e-01 8.979901e-05
1.715686e-01 7.009804e-01 9.178276e-05
1.813725e-01 7.009804e-01 9.291961e-05
1.911765e-01 7.009804e-01 9.318059e-05
2.009804e-01 7.009804e-01 9.256149e-05
2.107843e-01 7.009804e-01 9.108290e-05
2.205882e-01 7.009804e-01 8.878915e-05
2.303922e-01 7.009804e-01 8.574609e-05
2.401961e-01 7.009804e-01 8.203797e-05
2.500000e-01 7.009804e-01 7.776362e-05
2.598039e-01 7.009804e-01 7.303212e-05
2.696078e-01 7.009804e-01 6.795826e-05
2.794118e-01 7.009804e-01 6.265802e-05
2.892157e-01 7.009804e-01 5.724431e-05
2.990196e-01 7.009804e-01 5.182330e-05
3.088235e-01 7.009804e-01 4.649119e-05
3.186275e-01 7.009804e-01 4.133192e-05
3.284314e-01 7.009804e-01 3.641554e-05
3.382353e-01 7.009804e-01 3.179741e-05
3.480392e-01 7.009804e-01 2.751814e-05
3.578431e-01 7.009804e-01 2.360415e-05
3.676471e-01 7.009804e-01 2.006873e-05
3.774510e-01 7.009804e-01 1.691360e-05
3.872549e-01 7.009804e-01 1.413061e-05
3.970588e-01 7.009804e-01 1.170362e-05
4.068627e-01 7.009804e-01 9.610429e-06
4.166667e-01 7.009804e-01 7.824561e-06
4.264706e-01 7.009804e-01 6.316944e-06
4.362745e-01 7.009804e-01 5.057352e-06
4.460784e-01 7.009804e-01 4.015621e-06
4.558824e-01 7.009804e-01 3.162610e-06
4.656863e-01 7.009804e-01 2.470920e-06
4.754902e-01 7.009804e-01 1.915387e-06
4.852941e-01 7.009804e-01 1.473373e-06
4.950980e-01 7.009804e-01 1.124894e-06
5.049020e-01 7.009804e-01 8.526074e-07
5.147059e-01 7.009804e-01 6.417028e-07
5.245098e-01 7.009804e-01 4.797226e-07
5.343137e-01 7.009804e-01 3.563344e-07
5.441176e-01 7.009804e-01 2.630835e-07
5.539216e-01 7.009804e-01 1.931403e-07
5.637255e-01 7.009804e-01 1.410552e-07
5.735294e-01 7.009804e-01 1.025304e-07
5.833333e-01 7.009804e-01 7.421491e-08
5.931373e-01 7.009804e-01 5.352367e-08
6.029412e-01 7.009804e-01 3.848318e-08
6.127451e-01 7.009804e-01 2.760160e-08
6.225490e-01 7.009804e-01 1.976186e-08
6.323529e-01 7.009804e-01 1.413528e-08
6.421569e-01 7.009804e-01 1.011293e-08
6.519608e-01 7.009804e-01 7.252133e-09
6.617647e-01 7.009804e-01 5.235661e-09
6.715686e-01 7.009804e-01 3.841538e-09
6.813725e-01 7.009804e-01 2.921706e-09
6.911765e-01 7.009804e-01 2.388340e-09
7.009804e-01 7.009804e-01 2.207060e-09
7.107843e-01 7.009804e-01 2.396791e-09
7.205882e-01 7.009804e-01 3.036612e-09
7.303922e-01 7.009804e-01 4.280452e-09
7.401961e-01 7.009804e-01 6.381149e-09
7.500000e-01 7.009804e-01 9.725958e-09
7.598039e-01 7.009804e-01 1.488624e-08
7.696078e-01 7.009804e-01 2.268458e-08
7.794118e-01 7.009804e-01 3.428318e-08
7.892157e-01 7.009804e-01 5.129729e-08
7.990196e-01 7.009804e-01 7.593791e-08
8.088235e-01 7.009804e-01 1.111869e-07
8.186275e-01 7.009804e-01 1.610069e-07
8.284314e-01 7.009804e-01 2.305867e-07
8.382353e-01 7.009804e-01 3.266189e-07
8.480392e-01 7.009804e-01 4.576049e-07
8.578431e-01 7.009804e-01 6.341748e-07
8.676471e-01 7.009804e-01 8.694074e-07
8.774510e-01 7.009804e-01 1.179125e-06
8.872549e-01 7.009804e-01 1.582135e-06
8.970588e-01 7.009804e-01 2.100386e-06
9.068627e-01 7.009804e-01 2.758988e-06
9.166667e-01 7.009804e-01 3.586063e-06
9.264706e-01 7.009804e-01 4.612384e-06
9.362745e-01 7.009804e-01 5.870748e-06
9.460784e-01 7.009804e-01 7.395072e-06
9.558824e-01 7.009804e-01 9.219180e-06
9.656863e-01 7.009804e-01 1.137530e-05
9.754902e-01 7.009804e-01 1.389226e-05
9.852941e-01 7.009804e-01 1.679351e-05
9.950980e-01 7.009804e-01 2.009495e-05
4.901961e-03 7.107843e-01 1.209313e-05
1.470588e-02 7.107843e-01 1.444658e-05
2.450980e-02 7.107843e-01 1.708378e-05
3.431373e-02 7.107843e-01 1.999924e-05
4.411765e-02 7.107843e-01 2.317774e-05
5.392157e-02 7.107843e-01 2.659343e-05
6.372549e-02 7.107843e-01 3.020930e-05
7.352941e-02 7.107843e-01 3.397714e-05
8.333333e-02 7.107843e-01 3.783813e-05
9.313725e-02 7.107843e-01 4.172402e-05
1.029412e-01 7.107843e-01 4.555882e-05
1.127451e-01 7.107843e-01 4.926122e-05
1.225490e-01 7.107843e-01 5.274733e-05
1.323529e-01 7.107843e-01 5.593382e-05
1.421569e-01 7.107843e-01 5.874124e-05
1.519608e-01 7.107843e-01 6.109735e-05
1.617647e-01 7.107843e-01 6.294020e-05
1.715686e-01 7.107843e-01 6.422086e-05
1.813725e-01 7.107843e-01 6.490559e-05
1.911765e-01 7.107843e-01 6.497734e-05
2.009804e-01 7.107843e-01 6.443640e-05
2.107843e-01 7.107843e-01 6.330035e-05
2.205882e-01 7.107843e-01 6.160307e-05
2.303922e-01 7.107843e-01 5.939314e-05
2.401961e-01 7.107843e-01 5.673149e-05
2.500000e-01 7.107843e-01 5.368870e-05
2.598039e-01 7.107843e-01 5.034187e-05
2.696078e-01 7.107843e-01 4.677149e-05
2.794118e-01 7.107843e-01 4.305829e-05
2.892157e-01 7.107843e-01 3.928031e-05
2.990196e-01 7.107843e-01 3.551039e-05
3.088235e-01 7.107843e-01 3.181408e-05
3.186275e-01 7.107843e-01 2.824809e-05
3.284314e-01 7.107843e-01 2.485927e-05
3.382353e-01 7.107843e-01 2.168419e-05
3.480392e-01 7.107843e-01 1.874916e-05
3.578431e-01 7.107843e-01 1.607071e-05
3.676471e-01 7.107843e-01 1.365641e-05
3.774510e-01 7.107843e-01 1.150602e-05
3.872549e-01 7.107843e-01 9.612629e-06
3.970588e-01 7.107843e-01 7.964086e-06
4.068627e-01 7.107843e-01 6.544253e-06
4.166667e-01 7.107843e-01 5.334275e-06
4.264706e-01 7.107843e-01 4.313710e-06
4.362745e-01 7.107843e-01 3.461509e-06
4.460784e-01 7.107843e-01 2.756817e-06
4.558824e-01 7.107843e-01 2.179616e-06
4.656863e-01 7.107843e-01 1.711182e-06
4.754902e-01 7.107843e-01 1.334401e-06
4.852941e-01 7.107843e-01 1.033941e-06
4.950980e-01 7.107843e-01 7.963189e-07
5.049020e-01 7.107843e-01 6.098734e-07
5.147059e-01 7.107843e-01 4.646761e-07
5.245098e-01 7.107843e-01 3.523961e-07
5.343137e-01 7.107843e-01 2.661385e-07
5.441176e-01 7.107843e-01 2.002698e-07
5.539216e-01 7.107843e-01 1.502431e-07
5.637255e-01 7.107843e-01 1.124302e-07
5.735294e-01 7.107843e-01 8.396706e-08
5.833333e-01 7.107843e-01 6.261557e-08
5.931373e-01 7.107843e-01 4.664301e-08
6.029412e-01 7.107843e-01 3.471940e-08
6.127451e-01 7.107843e-01 2.583180e-08
6.225490e-01 7.107843e-01 1.921417e-08
6.323529e-01 7.107843e-01 1.429096e-08
6.421569e-01 7.107843e-01 1.063236e-08
6.519608e-01 7.107843e-01 7.919743e-09
6.617647e-01 7.107843e-01 5.919211e-09
6.715686e-01 7.107843e-01 4.462236e-09
6.813725e-01 7.107843e-01 3.432032e-09
6.911765e-01 7.107843e-01 2.755000e-09
7.009804e-01 7.107843e-01 2.396791e-09
7.107843e-01 7.107843e-01 2.362915e-09
7.205882e-01 7.107843e-01 2.704224e-09
7.303922e-01 7.107843e-01 3.527971e-09
7.401961e-01 7.107843e-01 5.015593e-09
7.500000e-01 7.107843e-01 7.448765e-09
7.598039e-01 7.107843e-01 1.124572e-08
7.696078e-01 7.107843e-01 1.701021e-08
7.794118e-01 7.107843e-01 2.559572e-08
7.892157e-01 7.107843e-01 3.818780e-08
7.990196e-01 7.107843e-01 5.640725e-08
8.088235e-01 7.107843e-01 8.243639e-08
8.186275e-01 7.107843e-01 1.191698e-07
8.284314e-01 7.107843e-01 1.703899e-07
8.382353e-01 7.107843e-01 2.409644e-07
8.480392e-01 7.107843e-01 3.370623e-07
8.578431e-01 7.107843e-01 4.663785e-07
8.676471e-01 7.107843e-01 6.383554e-07
8.774510e-01 7.107843e-01 8.643858e-07
8.872549e-01 7.107843e-01 1.157973e-06
8.970588e-01 7.107843e-01 1.534825e-06
9.068627e-01 7.107843e-01 2.012854e-06
9.166667e-01 7.107843e-01 2.612046e-06
9.264706e-01 7.107843e-01 3.354180e-06
9.362745e-01 7.107843e-01 4.262359e-06
9.460784e-01 7.107843e-01 5.360337e-06
9.558824e-01 7.107843e-01 6.671641e-06
9.656863e-01 7.107843e-01 8.218475e-06
9.754902e-01 7.107843e-01 1.002045e-05
9.852941e-01 7.107843e-01 1.209313e-05
9.950980e-01 7.107843e-01 1.444658e-05
4.901961e-03 7.205882e-01 8.641298e-06
1.470588e-02 7.205882e-01 1.030593e-05
2.450980e-02 7.205882e-01 1.216707e-05
3.431373e-02 7.205882e-01 1.421981e-05
4.411765e-02 7.205882e-01 1.645235e-05
5.392157e-02 7.205882e-01 1.884545e-05
6.372549e-02 7.205882e-01 2.137208e-05
7.352941e-02 7.205882e-01 2.399749e-05
8.333333e-02 7.205882e-01 2.667971e-05
9.313725e-02 7.205882e-01 2.937039e-05
1.029412e-01 7.205882e-01 3.201608e-05
1.127451e-01 7.205882e-01 3.456000e-05
1.225490e-01 7.205882e-01 3.694393e-05
1.323529e-01 7.205882e-01 3.911046e-05
1.421569e-01 7.205882e-01 4.100532e-05
1.519608e-01 7.205882e-01 4.257961e-05
1.617647e-01 7.205882e-01 4.379195e-05
1.715686e-01 7.205882e-01 4.461030e-05
1.813725e-01 7.205882e-01 4.501337e-05
1.911765e-01 7.205882e-01 4.499155e-05
2.009804e-01 7.205882e-01 4.454730e-05
2.107843e-01 7.205882e-01 4.369494e-05
2.205882e-01 7.205882e-01 4.245991e-05
2.303922e-01 7.205882e-01 4.087754e-05
2.401961e-01 7.205882e-01 3.899139e-05
2.500000e-01 7.205882e-01 3.685125e-05
2.598039e-01 7.205882e-01 3.451104e-05
2.696078e-01 7.205882e-01 3.202656e-05
2.794118e-01 7.205882e-01 2.945335e-05
2.892157e-01 7.205882e-01 2.684476e-05
2.990196e-01 7.205882e-01 2.425018e-05
3.088235e-01 7.205882e-01 2.171373e-05
3.186275e-01 7.205882e-01 1.927326e-05
3.284314e-01 7.205882e-01 1.695968e-05
3.382353e-01 7.205882e-01 1.479681e-05
3.480392e-01 7.205882e-01 1.280140e-05
3.578431e-01 7.205882e-01 1.098358e-05
3.676471e-01 7.205882e-01 9.347442e-06
3.774510e-01 7.205882e-01 7.891829e-06
3.872549e-01 7.205882e-01 6.611232e-06
3.970588e-01 7.205882e-01 5.496697e-06
4.068627e-01 7.205882e-01 4.536731e-06
4.166667e-01 7.205882e-01 3.718148e-06
4.264706e-01 7.205882e-01 3.026832e-06
4.362745e-01 7.205882e-01 2.448382e-06
4.460784e-01 7.205882e-01 1.968642e-06
4.558824e-01 7.205882e-01 1.574108e-06
4.656863e-01 7.205882e-01 1.252225e-06
4.754902e-01 7.205882e-01 9.915682e-07
4.852941e-01 7.205882e-01 7.819514e-07
4.950980e-01 7.205882e-01 6.144471e-07
5.049020e-01 7.205882e-01 4.813584e-07
5.147059e-01 7.205882e-01 3.761474e-07
5.245098e-01 7.205882e-01 2.933360e-07
5.343137e-01 7.205882e-01 2.283918e-07
5.441176e-01 7.205882e-01 1.776080e-07
5.539216e-01 7.205882e-01 1.379853e-07
5.637255e-01 7.205882e-01 1.071193e-07
5.735294e-01 7.205882e-01 8.309914e-08
5.833333e-01 7.205882e-01 6.441690e-08
5.931373e-01 7.205882e-01 4.988988e-08
6.029412e-01 7.205882e-01 3.859484e-08
6.127451e-01 7.205882e-01 2.981365e-08
6.225490e-01 7.205882e-01 2.298897e-08
6.323529e-01 7.205882e-01 1.768892e-08
6.421569e-01 7.205882e-01 1.357918e-08
6.519608e-01 7.205882e-01 1.040138e-08
6.617647e-01 7.205882e-01 7.956667e-09
6.715686e-01 7.205882e-01 6.093669e-09
6.813725e-01 7.205882e-01 4.699948e-09
6.911765e-01 7.205882e-01 3.696736e-09
7.009804e-01 7.205882e-01 3.036612e-09
7.107843e-01 7.205882e-01 2.704224e-09
7.205882e-01 7.205882e-01 2.720347e-09
7.303922e-01 7.205882e-01 3.149866e-09
7.401961e-01 7.205882e-01 4.114546e-09
7.500000e-01 7.205882e-01 5.811754e-09
7.598039e-01 7.205882e-01 8.540570e-09
7.696078e-01 7.205882e-01 1.273697e-08
7.794118e-01 7.205882e-01 1.902000e-08
7.892157e-01 7.205882e-01 2.825085e-08
7.990196e-01 7.205882e-01 4.160674e-08
8.088235e-01 7.205882e-01 6.067109e-08
8.186275e-01 7.205882e-01 8.754091e-08
8.284314e-01 7.205882e-01 1.249511e-07
8.382353e-01 7.205882e-01 1.764140e-07
8.480392e-01 7.205882e-01 2.463707e-07
8.578431e-01 7.205882e-01 3.403470e-07
8.676471e-01 7.205882e-01 4.651067e-07
8.774510e-01 7.205882e-01 6.287879e-07
8.872549e-01 7.205882e-01 8.410082e-07
8.970588e-01 7.205882e-01 1.112921e-06
9.068627e-01 7.205882e-01 1.457200e-06
9.166667e-01 7.205882e-01 1.887936e-06
9.264706e-01 7.205882e-01 2.420417e-06
9.362745e-01 7.205882e-01 3.070780e-06
9.460784e-01 7.205882e-01 3.855525e-06
9.558824e-01 7.205882e-01 4.790872e-06
9.656863e-01 7.205882e-01 5.891982e-06
9.754902e-01 7.205882e-01 7.172049e-06
9.852941e-01 7.205882e-01 8.641298e-06
9.950980e-01 7.205882e-01 1.030593e-05
4.901961e-03 7.303922e-01 6.127734e-06
1.470588e-02 7.303922e-01 7.296187e-06
2.450980e-02 7.303922e-01 8.599675e-06
3.431373e-02 7.303922e-01 1.003406e-05
4.411765e-02 7.303922e-01 1.159039e-05
5.392157e-02 7.303922e-01 1.325452e-05
6.372549e-02 7.303922e-01 1.500697e-05
7.352941e-02 7.303922e-01 1.682297e-05
8.333333e-02 7.303922e-01 1.867288e-05
9.313725e-02 7.303922e-01 2.052279e-05
1.029412e-01 7.303922e-01 2.233552e-05
1.127451e-01 7.303922e-01 2.407180e-05
1.225490e-01 7.303922e-01 2.569166e-05
1.323529e-01 7.303922e-01 2.715596e-05
1.421569e-01 7.303922e-01 2.842802e-05
1.519608e-01 7.303922e-01 2.947511e-05
1.617647e-01 7.303922e-01 3.026994e-05
1.715686e-01 7.303922e-01 3.079181e-05
1.813725e-01 7.303922e-01 3.102756e-05
1.911765e-01 7.303922e-01 3.097209e-05
2.009804e-01 7.303922e-01 3.062861e-05
2.107843e-01 7.303922e-01 3.000837e-05
2.205882e-01 7.303922e-01 2.913009e-05
2.303922e-01 7.303922e-01 2.801908e-05
2.401961e-01 7.303922e-01 2.670598e-05
2.500000e-01 7.303922e-01 2.522545e-05
2.598039e-01 7.303922e-01 2.361465e-05
2.696078e-01 7.303922e-01 2.191169e-05
2.794118e-01 7.303922e-01 2.015425e-05
2.892157e-01 7.303922e-01 1.837822e-05
2.990196e-01 7.303922e-01 1.661656e-05
3.088235e-01 7.303922e-01 1.489850e-05
3.186275e-01 7.303922e-01 1.324883e-05
3.284314e-01 7.303922e-01 1.168759e-05
3.382353e-01 7.303922e-01 1.022997e-05
3.480392e-01 7.303922e-01 8.886415e-06
3.578431e-01 7.303922e-01 7.662920e-06
3.676471e-01 7.303922e-01 6.561519e-06
3.774510e-01 7.303922e-01 5.580825e-06
3.872549e-01 7.303922e-01 4.716643e-06
3.970588e-01 7.303922e-01 3.962602e-06
4.068627e-01 7.303922e-01 3.310762e-06
4.166667e-01 7.303922e-01 2.752180e-06
4.264706e-01 7.303922e-01 2.277401e-06
4.362745e-01 7.303922e-01 1.876884e-06
4.460784e-01 7.303922e-01 1.541325e-06
4.558824e-01 7.303922e-01 1.261922e-06
4.656863e-01 7.303922e-01 1.030539e-06
4.754902e-01 7.303922e-01 8.398164e-07
4.852941e-01 7.303922e-01 6.832229e-07
4.950980e-01 7.303922e-01 5.550535e-07
5.049020e-01 7.303922e-01 4.504005e-07
5.147059e-01 7.303922e-01 3.650962e-07
5.245098e-01 7.303922e-01 2.956428e-07
5.343137e-01 7.303922e-01 2.391331e-07
5.441176e-01 7.303922e-01 1.931715e-07
5.539216e-01 7.303922e-01 1.557967e-07
5.637255e-01 7.303922e-01 1.254110e-07
5.735294e-01 7.303922e-01 1.007170e-07
5.833333e-01 7.303922e-01 8.066282e-08
5.931373e-01 7.303922e-01 6.439519e-08
6.029412e-01 7.303922e-01 5.122124e-08
6.127451e-01 7.303922e-01 4.057686e-08
6.225490e-01 7.303922e-01 3.200137e-08
6.323529e-01 7.303922e-01 2.511756e-08
6.421569e-01 7.303922e-01 1.961588e-08
6.519608e-01 7.303922e-01 1.524220e-08
6.617647e-01 7.303922e-01 1.178845e-08
6.715686e-01 7.303922e-01 9.085537e-09
6.813725e-01 7.303922e-01 6.998201e-09
6.911765e-01 7.303922e-01 5.421743e-09
7.009804e-01 7.303922e-01 4.280452e-09
7.107843e-01 7.303922e-01 3.527971e-09
7.205882e-01 7.303922e-01 3.149866e-09
7.303922e-01 7.303922e-01 3.168918e-09
7.401961e-01 7.303922e-01 3.653808e-09
7.500000e-01 7.303922e-01 4.732047e-09
7.598039e-01 7.303922e-01 6.608229e-09
7.696078e-01 7.303922e-01 9.588794e-09
7.794118e-01 7.303922e-01 1.411464e-08
7.892157e-01 7.303922e-01 2.080291e-08
7.990196e-01 7.303922e-01 3.049931e-08
8.088235e-01 7.303922e-01 4.434177e-08
8.186275e-01 7.303922e-01 6.383610e-08
8.284314e-01 7.303922e-01 9.094336e-08
8.382353e-01 7.303922e-01 1.281773e-07
8.480392e-01 7.303922e-01 1.787095e-07
8.578431e-01 7.303922e-01 2.464768e-07
8.676471e-01 7.303922e-01 3.362860e-07
8.774510e-01 7.303922e-01 4.539044e-07
8.872549e-01 7.303922e-01 6.061284e-07
8.970588e-01 7.303922e-01 8.008143e-07
9.068627e-01 7.303922e-01 1.046860e-06
9.166667e-01 7.303922e-01 1.354118e-06
9.264706e-01 7.303922e-01 1.733234e-06
9.362745e-01 7.303922e-01 2.195392e-06
9.460784e-01 7.303922e-01 2.751956e-06
9.558824e-01 7.303922e-01 3.414015e-06
9.656863e-01 7.303922e-01 4.191829e-06
9.754902e-01 7.303922e-01 5.094193e-06
9.852941e-01 7.303922e-01 6.127734e-06
9.950980e-01 7.303922e-01 7.296187e-06
4.901961e-03 7.401961e-01 4.313051e-06
1.470588e-02 7.401961e-01 5.127271e-06
2.450980e-02 7.401961e-01 6.033657e-06
3.431373e-02 7.401961e-01 7.028892e-06
4.411765e-02 7.401961e-01 8.106330e-06
5.392157e-02 7.401961e-01 9.255762e-06
6.372549e-02 7.401961e-01 1.046333e-05
7.352941e-02 7.401961e-01 1.171163e-05
8.333333e-02 7.401961e-01 1.297998e-05
9.313725e-02 7.401961e-01 1.424493e-05
1.029412e-01 7.401961e-01 1.548092e-05
1.127451e-01 7.401961e-01 1.666114e-05
1.225490e-01 7.401961e-01 1.775848e-05
1.323529e-01 7.401961e-01 1.874663e-05
1.421569e-01 7.401961e-01 1.960109e-05
1.519608e-01 7.401961e-01 2.030030e-05
1.617647e-01 7.401961e-01 2.082648e-05
1.715686e-01 7.401961e-01 2.116651e-05
1.813725e-01 7.401961e-01 2.131242e-05
1.911765e-01 7.401961e-01 2.126177e-05
2.009804e-01 7.401961e-01 2.101769e-05
2.107843e-01 7.401961e-01 2.058870e-05
2.205882e-01 7.401961e-01 1.998823e-05
2.303922e-01 7.401961e-01 1.923400e-05
2.401961e-01 7.401961e-01 1.834713e-05
2.500000e-01 7.401961e-01 1.735122e-05
2.598039e-01 7.401961e-01 1.627129e-05
2.696078e-01 7.401961e-01 1.513280e-05
2.794118e-01 7.401961e-01 1.396069e-05
2.892157e-01 7.401961e-01 1.277850e-05
2.990196e-01 7.401961e-01 1.160766e-05
3.088235e-01 7.401961e-01 1.046696e-05
3.186275e-01 7.401961e-01 9.372191e-06
3.284314e-01 7.401961e-01 8.335912e-06
3.382353e-01 7.401961e-01 7.367473e-06
3.480392e-01 7.401961e-01 6.473125e-06
3.578431e-01 7.401961e-01 5.656260e-06
3.676471e-01 7.401961e-01 4.917752e-06
3.774510e-01 7.401961e-01 4.256344e-06
3.872549e-01 7.401961e-01 3.669068e-06
3.970588e-01 7.401961e-01 3.151664e-06
4.068627e-01 7.401961e-01 2.698975e-06
4.166667e-01 7.401961e-01 2.305309e-06
4.264706e-01 7.401961e-01 1.964747e-06
4.362745e-01 7.401961e-01 1.671395e-06
4.460784e-01 7.401961e-01 1.419578e-06
4.558824e-01 7.401961e-01 1.203982e-06
4.656863e-01 7.401961e-01 1.019744e-06
4.754902e-01 7.401961e-01 8.624994e-07
4.852941e-01 7.401961e-01 7.283946e-07
4.950980e-01 7.401961e-01 6.140732e-07
5.049020e-01 7.401961e-01 5.166445e-07
5.147059e-01 7.401961e-01 4.336391e-07
5.245098e-01 7.401961e-01 3.629600e-07
5.343137e-01 7.401961e-01 3.028310e-07
5.441176e-01 7.401961e-01 2.517483e-07
5.539216e-01 7.401961e-01 2.084360e-07
5.637255e-01 7.401961e-01 1.718068e-07
5.735294e-01 7.401961e-01 1.409292e-07
5.833333e-01 7.401961e-01 1.150002e-07
5.931373e-01 7.401961e-01 9.332347e-08
6.029412e-01 7.401961e-01 7.529238e-08
6.127451e-01 7.401961e-01 6.037642e-08
6.225490e-01 7.401961e-01 4.811110e-08
6.323529e-01 7.401961e-01 3.808990e-08
6.421569e-01 7.401961e-01 2.995802e-08
6.519608e-01 7.401961e-01 2.340734e-08
6.617647e-01 7.401961e-01 1.817218e-08
6.715686e-01 7.401961e-01 1.402586e-08
6.813725e-01 7.401961e-01 1.077774e-08
6.911765e-01 7.401961e-01 8.270997e-09
7.009804e-01 7.401961e-01 6.381149e-09
7.107843e-01 7.401961e-01 5.015593e-09
7.205882e-01 7.401961e-01 4.114546e-09
7.303922e-01 7.401961e-01 3.653808e-09
7.401961e-01 7.401961e-01 3.649907e-09
7.500000e-01 7.401961e-01 4.168297e-09
7.598039e-01 7.401961e-01 5.335399e-09
7.696078e-01 7.401961e-01 7.355333e-09
7.794118e-01 7.401961e-01 1.053229e-08
7.892157e-01 7.401961e-01 1.529947e-08
7.990196e-01 7.401961e-01 2.225538e-08
8.088235e-01 7.401961e-01 3.220824e-08
8.186275e-01 7.401961e-01 4.622859e-08
8.284314e-01 7.401961e-01 6.570992e-08
8.382353e-01 7.401961e-01 9.243610e-08
8.480392e-01 7.401961e-01 1.286536e-07
8.578431e-01 7.401961e-01 1.771452e-07
8.676471e-01 7.401961e-01 2.412995e-07
8.774510e-01 7.401961e-01 3.251724e-07
8.872549e-01 7.401961e-01 4.335289e-07
8.970588e-01 7.401961e-01 5.718605e-07
9.068627e-01 7.401961e-01 7.463649e-07
9.166667e-01 7.401961e-01 9.638802e-07
9.264706e-01 7.401961e-01 1.231763e-06
9.362745e-01 7.401961e-01 1.557702e-06
9.460784e-01 7.401961e-01 1.949467e-06
9.558824e-01 7.401961e-01 2.414580e-06
9.656863e-01 7.401961e-01 2.959932e-06
9.754902e-01 7.401961e-01 3.591338e-06
9.852941e-01 7.401961e-01 4.313051e-06
9.950980e-01 7.401961e-01 5.127271e-06
4.901961e-03 7.500000e-01 3.014577e-06
1.470588e-02 7.500000e-01 3.578335e-06
2.450980e-02 7.500000e-01 4.204735e-06
3.431373e-02 7.500000e-01 4.891262e-06
4.411765e-02 7.500000e-01 5.633128e-06
5.392157e-02 7.500000e-01 6.423135e-06
6.372549e-02 7.500000e-01 7.251638e-06
7.352941e-02 7.500000e-01 8.106633e-06
8.333333e-02 7.500000e-01 8.973975e-06
9.313725e-02 7.500000e-01 9.837731e-06
1.029412e-01 7.500000e-01 1.068066e-05
1.127451e-01 7.500000e-01 1.148478e-05
1.225490e-01 7.500000e-01 1.223207e-05
1.323529e-01 7.500000e-01 1.290514e-05
1.421569e-01 7.500000e-01 1.348797e-05
1.519608e-01 7.500000e-01 1.396662e-05
1.617647e-01 7.500000e-01 1.432976e-05
1.715686e-01 7.500000e-01 1.456924e-05
1.813725e-01 7.500000e-01 1.468038e-05
1.911765e-01 7.500000e-01 1.466216e-05
2.009804e-01 7.500000e-01 1.451724e-05
2.107843e-01 7.500000e-01 1.425173e-05
2.205882e-01 7.500000e-01 1.387488e-05
2.303922e-01 7.500000e-01 1.339862e-05
2.401961e-01 7.500000e-01 1.283693e-05
2.500000e-01 7.500000e-01 1.220521e-05
2.598039e-01 7.500000e-01 1.151963e-05
2.696078e-01 7.500000e-01 1.079642e-05
2.794118e-01 7.500000e-01 1.005129e-05
2.892157e-01 7.500000e-01 9.298902e-06
2.990196e-01 7.500000e-01 8.552420e-06
3.088235e-01 7.500000e-01 7.823221e-06
3.186275e-01 7.500000e-01 7.120700e-06
3.284314e-01 7.500000e-01 6.452198e-06
3.382353e-01 7.500000e-01 5.823042e-06
3.480392e-01 7.500000e-01 5.236668e-06
3.578431e-01 7.500000e-01 4.694816e-06
3.676471e-01 7.500000e-01 4.197778e-06
3.774510e-01 7.500000e-01 3.744661e-06
3.872549e-01 7.500000e-01 3.333667e-06
3.970588e-01 7.500000e-01 2.962357e-06
4.068627e-01 7.500000e-01 2.627888e-06
4.166667e-01 7.500000e-01 2.327224e-06
4.264706e-01 7.500000e-01 2.057301e-06
4.362745e-01 7.500000e-01 1.815156e-06
4.460784e-01 7.500000e-01 1.598015e-06
4.558824e-01 7.500000e-01 1.403346e-06
4.656863e-01 7.500000e-01 1.228885e-06
4.754902e-01 7.500000e-01 1.072633e-06
4.852941e-01 7.500000e-01 9.328433e-07
4.950980e-01 7.500000e-01 8.079895e-07
5.049020e-01 7.500000e-01 6.967360e-07
5.147059e-01 7.500000e-01 5.979014e-07
5.245098e-01 7.500000e-01 5.104268e-07
5.343137e-01 7.500000e-01 4.333471e-07
5.441176e-01 7.500000e-01 3.657682e-07
5.539216e-01 7.500000e-01 3.068502e-07
5.637255e-01 7.500000e-01 2.557959e-07
5.735294e-01 7.500000e-01 2.118442e-07
5.833333e-01 7.500000e-01 1.742675e-07
5.931373e-01 7.500000e-01 1.423722e-07
6.029412e-01 7.500000e-01 1.155011e-07
6.127451e-01 7.500000e-01 9.303595e-08
6.225490e-01 7.500000e-01 7.440140e-08
6.323529e-01 7.500000e-01 5.906751e-08
6.421569e-01 7.500000e-01 4.655201e-08
6.519608e-01 7.500000e-01 3.642139e-08
6.617647e-01 7.500000e-01 2.829099e-08
6.715686e-01 7.500000e-01 2.182423e-08
6.813725e-01 7.500000e-01 1.673105e-08
6.911765e-01 7.500000e-01 1.276596e-08
7.009804e-01 7.500000e-01 9.725958e-09
7.107843e-01 7.500000e-01 7.448765e-09
7.205882e-01 7.500000e-01 5.811754e-09
7.303922e-01 7.500000e-01 4.732047e-09
7.401961e-01 7.500000e-01 4.168297e-09
7.500000e-01 7.500000e-01 4.124706e-09
7.598039e-01 7.500000e-01 4.657866e-09
7.696078e-01 7.500000e-01 5.887079e-09
7.794118e-01 7.500000e-01 8.008781e-09
7.892157e-01 7.500000e-01 1.131574e-08
7.990196e-01 7.500000e-01 1.622152e-08
8.088235e-01 7.500000e-01 2.329067e-08
8.186275e-01 7.500000e-01 3.327469e-08
8.284314e-01 7.500000e-01 4.715343e-08
8.382353e-01 7.500000e-01 6.618118e-08
8.480392e-01 7.500000e-01 9.193570e-08
8.578431e-01 7.500000e-01 1.263679e-07
8.676471e-01 7.500000e-01 1.718484e-07
8.774510e-01 7.500000e-01 2.312075e-07
8.872549e-01 7.500000e-01 3.077614e-07
8.970588e-01 7.500000e-01 4.053202e-07
9.068627e-01 7.500000e-01 5.281704e-07
9.166667e-01 7.500000e-01 6.810241e-07
9.264706e-01 7.500000e-01 8.689303e-07
9.362745e-01 7.500000e-01 1.097142e-06
9.460784e-01 7.500000e-01 1.370938e-06
9.558824e-01 7.500000e-01 1.695393e-06
9.656863e-01 7.500000e-01 2.075115e-06
9.754902e-01 7.500000e-01 2.513934e-06
9.852941e-01 7.500000e-01 3.014577e-06
9.950980e-01 7.500000e-01 3.578335e-06
4.901961e-03 7.598039e-01 2.094540e-06
1.470588e-02 7.598039e-01 2.483219e-06
2.450980e-02 7.598039e-01 2.914571e-06
3.431373e-02 7.598039e-01 3.386836e-06
4.411765e-02 7.598039e-01 3.896743e-06
5.392157e-02 7.598039e-01 4.439427e-06
6.372549e-02 7.598039e-01 5.008423e-06
7.352941e-02 7.598039e-01 5.595741e-06
8.333333e-02 7.598039e-01 6.192027e-06
9.313725e-02 7.598039e-01 6.786810e-06
1.029412e-01 7.598039e-01 7.368834e-06
1.127451e-01 7.598039e-01 7.926448e-06
1.225490e-01 7.598039e-01 8.448050e-06
1.323529e-01 7.598039e-01 8.922553e-06
1.421569e-01 7.598039e-01 9.339841e-06
1.519608e-01 7.598039e-01 9.691197e-06
1.617647e-01 7.598039e-01 9.969674e-06
1.715686e-01 7.598039e-01 1.017037e-05
1.813725e-01 7.598039e-01 1.029064e-05
1.911765e-01 7.598039e-01 1.033010e-05
2.009804e-01 7.598039e-01 1.029067e-05
2.107843e-01 7.598039e-01 1.017633e-05
2.205882e-01 7.598039e-01 9.992928e-06
2.303922e-01 7.598039e-01 9.747785e-06
2.401961e-01 7.598039e-01 9.449343e-06
2.500000e-01 7.598039e-01 9.106723e-06
2.598039e-01 7.598039e-01 8.729300e-06
2.696078e-01 7.598039e-01 8.326306e-06
2.794118e-01 7.598039e-01 7.906474e-06
2.892157e-01 7.598039e-01 7.477754e-06
2.990196e-01 7.598039e-01 7.047095e-06
3.088235e-01 7.598039e-01 6.620319e-06
3.186275e-01 7.598039e-01 6.202069e-06
3.284314e-01 7.598039e-01 5.795830e-06
3.382353e-01 7.598039e-01 5.404016e-06
3.480392e-01 7.598039e-01 5.028099e-06
3.578431e-01 7.598039e-01 4.668772e-06
3.676471e-01 7.598039e-01 4.326131e-06
3.774510e-01 7.598039e-01 3.999847e-06
3.872549e-01 7.598039e-01 3.689338e-06
3.970588e-01 7.598039e-01 3.393910e-06
4.068627e-01 7.598039e-01 3.112872e-06
4.166667e-01 7.598039e-01 2.845621e-06
4.264706e-01 7.598039e-01 2.591689e-06
4.362745e-01 7.598039e-01 2.350769e-06
4.460784e-01 7.598039e-01 2.122708e-06
4.558824e-01 7.598039e-01 1.907484e-06
4.656863e-01 7.598039e-01 1.705169e-06
4.754902e-01 7.598039e-01 1.515883e-06
4.852941e-01 7.598039e-01 1.339749e-06
4.950980e-01 7.598039e-01 1.176853e-06
5.049020e-01 7.598039e-01 1.027199e-06
5.147059e-01 7.598039e-01 8.906912e-07
5.245098e-01 7.598039e-01 7.671100e-07
5.343137e-01 7.598039e-01 6.561074e-07
5.441176e-01 7.598039e-01 5.572089e-07
5.539216e-01 7.598039e-01 4.698241e-07
5.637255e-01 7.598039e-01 3.932627e-07
5.735294e-01 7.598039e-01 3.267566e-07
5.833333e-01 7.598039e-01 2.694820e-07
5.931373e-01 7.598039e-01 2.205844e-07
6.029412e-01 7.598039e-01 1.792007e-07
6.127451e-01 7.598039e-01 1.444806e-07
6.225490e-01 7.598039e-01 1.156043e-07
6.323529e-01 7.598039e-01 9.179645e-08
6.421569e-01 7.598039e-01 7.233786e-08
6.519608e-01 7.598039e-01 5.657211e-08
6.617647e-01 7.598039e-01 4.391002e-08
6.715686e-01 7.598039e-01 3.383097e-08
6.813725e-01 7.598039e-01 2.588207e-08
6.911765e-01 7.598039e-01 1.967575e-08
7.009804e-01 7.598039e-01 1.488624e-08
7.107843e-01 7.598039e-01 1.124572e-08
7.205882e-01 7.598039e-01 8.540570e-09
7.303922e-01 7.598039e-01 6.608229e-09
7.401961e-01 7.598039e-01 5.335399e-09
7.500000e-01 7.598039e-01 4.657866e-09
7.598039e-01 7.598039e-01 4.562580e-09
7.696078e-01 7.598039e-01 5.092423e-09
7.794118e-01 7.598039e-01 6.354148e-09
7.892157e-01 7.598039e-01 8.529909e-09
7.990196e-01 7.598039e-01 1.189272e-08
8.088235e-01 7.598039e-01 1.682610e-08
8.186275e-01 7.598039e-01 2.384778e-08
8.284314e-01 7.598039e-01 3.363742e-08
8.382353e-01 7.598039e-01 4.706737e-08
8.480392e-01 7.598039e-01 6.523556e-08
8.578431e-01 7.598039e-01 8.949845e-08
8.676471e-01 7.598039e-01 1.215020e-07
8.774510e-01 7.598039e-01 1.632071e-07
8.872549e-01 7.598039e-01 2.169063e-07
8.970588e-01 7.598039e-01 2.852265e-07
9.068627e-01 7.598039e-01 3.711149e-07
9.166667e-01 7.598039e-01 4.778016e-07
9.264706e-01 7.598039e-01 6.087361e-07
9.362745e-01 7.598039e-01 7.674946e-07
9.460784e-01 7.598039e-01 9.576552e-07
9.558824e-01 7.598039e-01 1.182643e-06
9.656863e-01 7.598039e-01 1.445548e-06
9.754902e-01 7.598039e-01 1.748918e-06
9.852941e-01 7.598039e-01 2.094540e-06
9.950980e-01 7.598039e-01 2.483219e-06
4.901961e-03 7.696078e-01 1.450390e-06
1.470588e-02 7.696078e-01 1.718602e-06
2.450980e-02 7.696078e-01 2.016394e-06
3.431373e-02 7.696078e-01 2.342744e-06
4.411765e-02 7.696078e-01 2.695667e-06
5.392157e-02 7.696078e-01 3.072175e-06
6.372549e-02 7.696078e-01 3.468287e-06
7.352941e-02 7.696078e-01 3.879086e-06
8.333333e-02 7.696078e-01 4.298834e-06
9.313725e-02 7.696078e-01 4.721143e-06
1.029412e-01 7.696078e-01 5.139189e-06
1.127451e-01 7.696078e-01 5.545963e-06
1.225490e-01 7.696078e-01 5.934546e-06
1.323529e-01 7.696078e-01 6.298393e-06
1.421569e-01 7.696078e-01 6.631596e-06
1.519608e-01 7.696078e-01 6.929127e-06
1.617647e-01 7.696078e-01 7.187029e-06
1.715686e-01 7.696078e-01 7.402549e-06
1.813725e-01 7.696078e-01 7.574199e-06
1.911765e-01 7.696078e-01 7.701750e-06
2.009804e-01 7.696078e-01 7.786150e-06
2.107843e-01 7.696078e-01 7.829377e-06
2.205882e-01 7.696078e-01 7.834246e-06
2.303922e-01 7.696078e-01 7.804172e-06
2.401961e-01 7.696078e-01 7.742919e-06
2.500000e-01 7.696078e-01 7.654353e-06
2.598039e-01 7.696078e-01 7.542213e-06
2.696078e-01 7.696078e-01 7.409910e-06
2.794118e-01 7.696078e-01 7.260389e-06
2.892157e-01 7.696078e-01 7.096033e-06
2.990196e-01 7.696078e-01 6.918633e-06
3.088235e-01 7.696078e-01 6.729411e-06
3.186275e-01 7.696078e-01 6.529089e-06
3.284314e-01 7.696078e-01 6.318007e-06
3.382353e-01 7.696078e-01 6.096251e-06
3.480392e-01 7.696078e-01 5.863810e-06
3.578431e-01 7.696078e-01 5.620716e-06
3.676471e-01 7.696078e-01 5.367178e-06
3.774510e-01 7.696078e-01 5.103687e-06
3.872549e-01 7.696078e-01 4.831095e-06
3.970588e-01 7.696078e-01 4.550644e-06
4.068627e-01 7.696078e-01 4.263978e-06
4.166667e-01 7.696078e-01 3.973099e-06
4.264706e-01 7.696078e-01 3.680311e-06
4.362745e-01 7.696078e-01 3.388133e-06
4.460784e-01 7.696078e-01 3.099197e-06
4.558824e-01 7.696078e-01 2.816142e-06
4.656863e-01 7.696078e-01 2.541513e-06
4.754902e-01 7.696078e-01 2.277660e-06
4.852941e-01 7.696078e-01 2.026659e-06
4.950980e-01 7.696078e-01 1.790250e-06
5.049020e-01 7.696078e-01 1.569791e-06
5.147059e-01 7.696078e-01 1.366238e-06
5.245098e-01 7.696078e-01 1.180146e-06
5.343137e-01 7.696078e-01 1.011680e-06
5.441176e-01 7.696078e-01 8.606530e-07
5.539216e-01 7.696078e-01 7.265629e-07
5.637255e-01 7.696078e-01 6.086471e-07
5.735294e-01 7.696078e-01 5.059357e-07
5.833333e-01 7.696078e-01 4.173067e-07
5.931373e-01 7.696078e-01 3.415396e-07
6.029412e-01 7.696078e-01 2.773639e-07
6.127451e-01 7.696078e-01 2.235018e-07
6.225490e-01 7.696078e-01 1.787045e-07
6.323529e-01 7.696078e-01 1.417804e-07
6.421569e-01 7.696078e-01 1.116166e-07
6.519608e-01 7.696078e-01 8.719326e-08
6.617647e-01 7.696078e-01 6.759227e-08
6.715686e-01 7.696078e-01 5.200042e-08
6.813725e-01 7.696078e-01 3.970866e-08
6.911765e-01 7.696078e-01 3.010822e-08
7.009804e-01 7.696078e-01 2.268458e-08
7.107843e-01 7.696078e-01 1.701021e-08
7.205882e-01 7.696078e-01 1.273697e-08
7.303922e-01 7.696078e-01 9.588794e-09
7.401961e-01 7.696078e-01 7.355333e-09
7.500000e-01 7.696078e-01 5.887079e-09
7.598039e-01 7.696078e-01 5.092423e-09
7.696078e-01 7.696078e-01 4.937071e-09
7.794118e-01 7.696078e-01 5.446139e-09
7.892157e-01 7.696078e-01 6.709211e-09
7.990196e-01 7.696078e-01 8.888565e-09
8.088235e-01 7.696078e-01 1.223065e-08
8.186275e-01 7.696078e-01 1.708075e-08
8.284314e-01 7.696078e-01 2.390055e-08
8.382353e-01 7.696078e-01 3.328809e-08
8.480392e-01 7.696078e-01 4.599921e-08
8.578431e-01 7.696078e-01 6.296911e-08
8.676471e-01 7.696078e-01 8.533256e-08
8.774510e-01 7.696078e-01 1.144403e-07
8.872549e-01 7.696078e-01 1.518695e-07
8.970588e-01 7.696078e-01 1.994245e-07
9.068627e-01 7.696078e-01 2.591266e-07
9.166667e-01 7.696078e-01 3.331876e-07
9.264706e-01 7.696078e-01 4.239665e-07
9.362745e-01 7.696078e-01 5.339069e-07
9.460784e-01 7.696078e-01 6.654528e-07
9.558824e-01 7.696078e-01 8.209468e-07
9.656863e-01 7.696078e-01 1.002508e-06
9.754902e-01 7.696078e-01 1.211901e-06
9.852941e-01 7.696078e-01 1.450390e-06
9.950980e-01 7.696078e-01 1.718602e-06
4.901961e-03 7.794118e-01 1.007067e-06
1.470588e-02 7.794118e-01 1.194555e-06
2.450980e-02 7.794118e-01 1.403609e-06
3.431373e-02 7.794118e-01 1.633974e-06
4.411765e-02 7.794118e-01 1.884853e-06
5.392157e-02 7.794118e-01 2.154891e-06
6.372549e-02 7.794118e-01 2.442187e-06
7.352941e-02 7.794118e-01 2.744343e-06
8.333333e-02 7.794118e-01 3.058539e-06
9.313725e-02 7.794118e-01 3.381637e-06
1.029412e-01 7.794118e-01 3.710305e-06
1.127451e-01 7.794118e-01 4.041162e-06
1.225490e-01 7.794118e-01 4.370913e-06
1.323529e-01 7.794118e-01 4.696490e-06
1.421569e-01 7.794118e-01 5.015168e-06
1.519608e-01 7.794118e-01 5.324648e-06
1.617647e-01 7.794118e-01 5.623110e-06
1.715686e-01 7.794118e-01 5.909218e-06
1.813725e-01 7.794118e-01 6.182082e-06
1.911765e-01 7.794118e-01 6.441181e-06
2.009804e-01 7.794118e-01 6.686243e-06
2.107843e-01 7.794118e-01 6.917106e-06
2.205882e-01 7.794118e-01 7.133565e-06
2.303922e-01 7.794118e-01 7.335222e-06
2.401961e-01 7.794118e-01 7.521350e-06
2.500000e-01 7.794118e-01 7.690792e-06
2.598039e-01 7.794118e-01 7.841898e-06
2.696078e-01 7.794118e-01 7.972520e-06
2.794118e-01 7.794118e-01 8.080051e-06
2.892157e-01 7.794118e-01 8.161529e-06
2.990196e-01 7.794118e-01 8.213774e-06
3.088235e-01 7.794118e-01 8.233578e-06
3.186275e-01 7.794118e-01 8.217906e-06
3.284314e-01 7.794118e-01 8.164110e-06
3.382353e-01 7.794118e-01 8.070137e-06
3.480392e-01 7.794118e-01 7.934707e-06
3.578431e-01 7.794118e-01 7.757465e-06
3.676471e-01 7.794118e-01 7.539070e-06
3.774510e-01 7.794118e-01 7.281240e-06
3.872549e-01 7.794118e-01 6.986736e-06
3.970588e-01 7.794118e-01 6.659288e-06
4.068627e-01 7.794118e-01 6.303475e-06
4.166667e-01 7.794118e-01 5.924555e-06
4.264706e-01 7.794118e-01 5.528276e-06
4.362745e-01 7.794118e-01 5.120660e-06
4.460784e-01 7.794118e-01 4.707785e-06
4.558824e-01 7.794118e-01 4.295578e-06
4.656863e-01 7.794118e-01 3.889620e-06
4.754902e-01 7.794118e-01 3.494989e-06
4.852941e-01 7.794118e-01 3.116125e-06
4.950980e-01 7.794118e-01 2.756745e-06
5.049020e-01 7.794118e-01 2.419785e-06
5.147059e-01 7.794118e-01 2.107389e-06
5.245098e-01 7.794118e-01 1.820929e-06
5.343137e-01 7.794118e-01 1.561047e-06
5.441176e-01 7.794118e-01 1.327734e-06
5.539216e-01 7.794118e-01 1.120409e-06
5.637255e-01 7.794118e-01 9.380216e-07
5.735294e-01 7.794118e-01 7.791509e-07
5.833333e-01 7.794118e-01 6.421040e-07
5.931373e-01 7.794118e-01 5.250105e-07
6.029412e-01 7.794118e-01 4.259059e-07
6.127451e-01 7.794118e-01 3.428054e-07
6.225490e-01 7.794118e-01 2.737636e-07
6.323529e-01 7.794118e-01 2.169223e-07
6.421569e-01 7.794118e-01 1.705459e-07
6.519608e-01 7.794118e-01 1.330443e-07
6.617647e-01 7.794118e-01 1.029870e-07
6.715686e-01 7.794118e-01 7.910825e-08
6.813725e-01 7.794118e-01 6.030498e-08
6.911765e-01 7.794118e-01 4.563033e-08
7.009804e-01 7.794118e-01 3.428318e-08
7.107843e-01 7.794118e-01 2.559572e-08
7.205882e-01 7.794118e-01 1.902000e-08
7.303922e-01 7.794118e-01 1.411464e-08
7.401961e-01 7.794118e-01 1.053229e-08
7.500000e-01 7.794118e-01 8.008781e-09
7.598039e-01 7.794118e-01 6.354148e-09
7.696078e-01 7.794118e-01 5.446139e-09
7.794118e-01 7.794118e-01 5.226336e-09
7.892157e-01 7.794118e-01 5.699100e-09
7.990196e-01 7.794118e-01 6.933426e-09
8.088235e-01 7.794118e-01 9.067685e-09
8.186275e-01 7.794118e-01 1.231713e-08
8.284314e-01 7.794118e-01 1.698385e-08
8.382353e-01 7.794118e-01 2.346883e-08
8.480392e-01 7.794118e-01 3.228525e-08
8.578431e-01 7.794118e-01 4.407233e-08
8.676471e-01 7.794118e-01 5.960830e-08
8.774510e-01 7.794118e-01 7.982125e-08
8.872549e-01 7.794118e-01 1.057959e-07
8.970588e-01 7.794118e-01 1.387749e-07
9.068627e-01 7.794118e-01 1.801517e-07
9.166667e-01 7.794118e-01 2.314549e-07
9.264706e-01 7.794118e-01 2.943207e-07
9.362745e-01 7.794118e-01 3.704531e-07
9.460784e-01 7.794118e-01 4.615726e-07
9.558824e-01 7.794118e-01 5.693520e-07
9.656863e-01 7.794118e-01 6.953427e-07
9.754902e-01 7.794118e-01 8.408935e-07
9.852941e-01 7.794118e-01 1.007067e-06
9.950980e-01 7.794118e-01 1.194555e-06
4.901961e-03 7.892157e-01 7.109740e-07
1.470588e-02 7.892157e-01 8.472455e-07
2.450980e-02 7.892157e-01 1.001037e-06
3.431373e-02 7.892157e-01 1.172989e-06
4.411765e-02 7.892157e-01 1.363541e-06
5.392157e-02 7.892157e-01 1.572938e-06
6.372549e-02 7.892157e-01 1.801248e-06
7.352941e-02 7.892157e-01 2.048391e-06
8.333333e-02 7.892157e-01 2.314186e-06
9.313725e-02 7.892157e-01 2.598392e-06
1.029412e-01 7.892157e-01 2.900760e-06
1.127451e-01 7.892157e-01 3.221072e-06
1.225490e-01 7.892157e-01 3.559169e-06
1.323529e-01 7.892157e-01 3.914952e-06
1.421569e-01 7.892157e-01 4.288367e-06
1.519608e-01 7.892157e-01 4.679343e-06
1.617647e-01 7.892157e-01 5.087711e-06
1.715686e-01 7.892157e-01 5.513085e-06
1.813725e-01 7.892157e-01 5.954721e-06
1.911765e-01 7.892157e-01 6.411361e-06
2.009804e-01 7.892157e-01 6.881068e-06
2.107843e-01 7.892157e-01 7.361083e-06
2.205882e-01 7.892157e-01 7.847697e-06
2.303922e-01 7.892157e-01 8.336174e-06
2.401961e-01 7.892157e-01 8.820724e-06
2.500000e-01 7.892157e-01 9.294546e-06
2.598039e-01 7.892157e-01 9.749940e-06
2.696078e-01 7.892157e-01 1.017849e-05
2.794118e-01 7.892157e-01 1.057134e-05
2.892157e-01 7.892157e-01 1.091946e-05
2.990196e-01 7.892157e-01 1.121404e-05
3.088235e-01 7.892157e-01 1.144687e-05
3.186275e-01 7.892157e-01 1.161066e-05
3.284314e-01 7.892157e-01 1.169946e-05
3.382353e-01 7.892157e-01 1.170892e-05
3.480392e-01 7.892157e-01 1.163653e-05
3.578431e-01 7.892157e-01 1.148180e-05
3.676471e-01 7.892157e-01 1.124632e-05
3.774510e-01 7.892157e-01 1.093370e-05
3.872549e-01 7.892157e-01 1.054948e-05
3.970588e-01 7.892157e-01 1.010093e-05
4.068627e-01 7.892157e-01 9.596718e-06
4.166667e-01 7.892157e-01 9.046628e-06
4.264706e-01 7.892157e-01 8.461156e-06
4.362745e-01 7.892157e-01 7.851144e-06
4.460784e-01 7.892157e-01 7.227391e-06
4.558824e-01 7.892157e-01 6.600310e-06
4.656863e-01 7.892157e-01 5.979612e-06
4.754902e-01 7.892157e-01 5.374053e-06
4.852941e-01 7.892157e-01 4.791238e-06
4.950980e-01 7.892157e-01 4.237493e-06
5.049020e-01 7.892157e-01 3.717798e-06
5.147059e-01 7.892157e-01 3.235786e-06
5.245098e-01 7.892157e-01 2.793789e-06
5.343137e-01 7.892157e-01 2.392935e-06
5.441176e-01 7.892157e-01 2.033277e-06
5.539216e-01 7.892157e-01 1.713939e-06
5.637255e-01 7.892157e-01 1.433287e-06
5.735294e-01 7.892157e-01 1.189095e-06
5.833333e-01 7.892157e-01 9.787055e-07
5.931373e-01 7.892157e-01 7.991836e-07
6.029412e-01 7.892157e-01 6.474517e-07
6.127451e-01 7.892157e-01 5.204057e-07
6.225490e-01 7.892157e-01 4.150097e-07
6.323529e-01 7.892157e-01 3.283703e-07
6.421569e-01 7.892157e-01 2.577909e-07
6.519608e-01 7.892157e-01 2.008068e-07
6.617647e-01 7.892157e-01 1.552056e-07
6.715686e-01 7.892157e-01 1.190336e-07
6.813725e-01 7.892157e-01 9.059156e-08
6.911765e-01 7.892157e-01 6.842312e-08
7.009804e-01 7.892157e-01 5.129729e-08
7.107843e-01 7.892157e-01 3.818780e-08
7.205882e-01 7.892157e-01 2.825085e-08
7.303922e-01 7.892157e-01 2.080291e-08
7.401961e-01 7.892157e-01 1.529947e-08
7.500000e-01 7.892157e-01 1.131574e-08
7.598039e-01 7.892157e-01 8.529909e-09
7.696078e-01 7.892157e-01 6.709211e-09
7.794118e-01 7.892157e-01 5.699100e-09
7.892157e-01 7.892157e-01 5.415614e-09
7.990196e-01 7.892157e-01 5.840877e-09
8.088235e-01 7.892157e-01 7.021622e-09
8.186275e-01 7.892157e-01 9.070542e-09
8.284314e-01 7.892157e-01 1.217015e-08
8.382353e-01 7.892157e-01 1.657872e-08
8.480392e-01 7.892157e-01 2.263785e-08
8.578431e-01 7.892157e-01 3.078081e-08
8.676471e-01 7.892157e-01 4.154106e-08
8.774510e-01 7.892157e-01 5.555974e-08
8.872549e-01 7.892157e-01 7.359129e-08
8.970588e-01 7.892157e-01 9.650582e-08
9.068627e-01 7.892157e-01 1.252873e-07
9.166667e-01 7.892157e-01 1.610263e-07
9.264706e-01 7.892157e-01 2.049069e-07
9.362745e-01 7.892157e-01 2.581866e-07
9.460784e-01 7.892157e-01 3.221703e-07
9.558824e-01 7.892157e-01 3.981777e-07
9.656863e-01 7.892157e-01 4.875066e-07
9.754902e-01 7.892157e-01 5.913936e-07
9.852941e-01 7.892157e-01 7.109740e-07
9.950980e-01 7.892157e-01 8.472455e-07
4.901961e-03 7.990196e-01 5.254812e-07
1.470588e-02 7.990196e-01 6.335266e-07
2.450980e-02 7.990196e-01 7.585025e-07
3.431373e-02 7.990196e-01 9.021983e-07
4.411765e-02 7.990196e-01 1.066529e-06
5.392157e-02 7.990196e-01 1.253554e-06
6.372549e-02 7.990196e-01 1.465497e-06
7.352941e-02 7.990196e-01 1.704763e-06
8.333333e-02 7.990196e-01 1.973941e-06
9.313725e-02 7.990196e-01 2.275799e-06
1.029412e-01 7.990196e-01 2.613250e-06
1.127451e-01 7.990196e-01 2.989294e-06
1.225490e-01 7.990196e-01 3.406922e-06
1.323529e-01 7.990196e-01 3.868987e-06
1.421569e-01 7.990196e-01 4.378028e-06
1.519608e-01 7.990196e-01 4.936066e-06
1.617647e-01 7.990196e-01 5.544364e-06
1.715686e-01 7.990196e-01 6.203163e-06
1.813725e-01 7.990196e-01 6.911420e-06
1.911765e-01 7.990196e-01 7.666547e-06
2.009804e-01 7.990196e-01 8.464191e-06
2.107843e-01 7.990196e-01 9.298059e-06
2.205882e-01 7.990196e-01 1.015982e-05
2.303922e-01 7.990196e-01 1.103909e-05
2.401961e-01 7.990196e-01 1.192355e-05
2.500000e-01 7.990196e-01 1.279912e-05
2.598039e-01 7.990196e-01 1.365032e-05
2.696078e-01 7.990196e-01 1.446069e-05
2.794118e-01 7.990196e-01 1.521327e-05
2.892157e-01 7.990196e-01 1.589128e-05
2.990196e-01 7.990196e-01 1.647866e-05
3.088235e-01 7.990196e-01 1.696076e-05
3.186275e-01 7.990196e-01 1.732492e-05
3.284314e-01 7.990196e-01 1.756105e-05
3.382353e-01 7.990196e-01 1.766203e-05
3.480392e-01 7.990196e-01 1.762409e-05
3.578431e-01 7.990196e-01 1.744692e-05
3.676471e-01 7.990196e-01 1.713377e-05
3.774510e-01 7.990196e-01 1.669128e-05
3.872549e-01 7.990196e-01 1.612924e-05
3.970588e-01 7.990196e-01 1.546015e-05
4.068627e-01 7.990196e-01 1.469876e-05
4.166667e-01 7.990196e-01 1.386145e-05
4.264706e-01 7.990196e-01 1.296566e-05
4.362745e-01 7.990196e-01 1.202919e-05
4.460784e-01 7.990196e-01 1.106967e-05
4.558824e-01 7.990196e-01 1.010393e-05
4.656863e-01 7.990196e-01 9.147599e-06
4.754902e-01 7.990196e-01 8.214635e-06
4.852941e-01 7.990196e-01 7.317097e-06
4.950980e-01 7.990196e-01 6.464935e-06
5.049020e-01 7.990196e-01 5.665920e-06
5.147059e-01 7.990196e-01 4.925658e-06
5.245098e-01 7.990196e-01 4.247689e-06
5.343137e-01 7.990196e-01 3.633650e-06
5.441176e-01 7.990196e-01 3.083494e-06
5.539216e-01 7.990196e-01 2.595737e-06
5.637255e-01 7.990196e-01 2.167723e-06
5.735294e-01 7.990196e-01 1.795894e-06
5.833333e-01 7.990196e-01 1.476045e-06
5.931373e-01 7.990196e-01 1.203563e-06
6.029412e-01 7.990196e-01 9.736359e-07
6.127451e-01 7.990196e-01 7.814329e-07
6.225490e-01 7.990196e-01 6.222465e-07
6.323529e-01 7.990196e-01 4.916062e-07
6.421569e-01 7.990196e-01 3.853586e-07
6.519608e-01 7.990196e-01 2.997193e-07
6.617647e-01 7.990196e-01 2.313002e-07
6.715686e-01 7.990196e-01 1.771170e-07
6.813725e-01 7.990196e-01 1.345809e-07
6.911765e-01 7.990196e-01 1.014772e-07
7.009804e-01 7.990196e-01 7.593791e-08
7.107843e-01 7.990196e-01 5.640725e-08
7.205882e-01 7.990196e-01 4.160674e-08
7.303922e-01 7.990196e-01 3.049931e-08
7.401961e-01 7.990196e-01 2.225538e-08
7.500000e-01 7.990196e-01 1.622152e-08
7.598039e-01 7.990196e-01 1.189272e-08
7.696078e-01 7.990196e-01 8.888565e-09
7.794118e-01 7.990196e-01 6.933426e-09
7.892157e-01 7.990196e-01 5.840877e-09
7.990196e-01 7.990196e-01 5.501965e-09
8.088235e-01 7.990196e-01 5.877214e-09
8.186275e-01 7.990196e-01 6.991995e-09
8.284314e-01 7.990196e-01 8.934920e-09
8.382353e-01 7.990196e-01 1.185881e-08
8.480392e-01 7.990196e-01 1.598380e-08
8.578431e-01 7.990196e-01 2.160203e-08
8.676471e-01 7.990196e-01 2.908339e-08
8.774510e-01 7.990196e-01 3.888176e-08
8.872549e-01 7.990196e-01 5.154097e-08
8.970588e-01 7.990196e-01 6.770017e-08
9.068627e-01 7.990196e-01 8.809780e-08
9.166667e-01 7.990196e-01 1.135739e-07
9.264706e-01 7.990196e-01 1.450706e-07
9.362745e-01 7.990196e-01 1.836306e-07
9.460784e-01 7.990196e-01 2.303940e-07
9.558824e-01 7.990196e-01 2.865945e-07
9.656863e-01 7.990196e-01 3.535551e-07
9.754902e-01 7.990196e-01 4.326855e-07
9.852941e-01 7.990196e-01 5.254812e-07
9.950980e-01 7.990196e-01 6.335266e-07
4.901961e-03 8.088235e-01 4.277823e-07
1.470588e-02 8.088235e-01 5.272289e-07
2.450980e-02 8.088235e-01 6.465048e-07
3.431373e-02 8.088235e-01 7.889976e-07
4.411765e-02 8.088235e-01 9.585784e-07
5.392157e-02 8.088235e-01 1.159636e-06
6.372549e-02 8.088235e-01 1.397096e-06
7.352941e-02 8.088235e-01 1.676419e-06
8.333333e-02 8.088235e-01 2.003561e-06
9.313725e-02 8.088235e-01 2.384902e-06
1.029412e-01 8.088235e-01 2.827121e-06
1.127451e-01 8.088235e-01 3.337012e-06
1.225490e-01 8.088235e-01 3.921249e-06
1.323529e-01 8.088235e-01 4.586083e-06
1.421569e-01 8.088235e-01 5.336984e-06
1.519608e-01 8.088235e-01 6.178239e-06
1.617647e-01 8.088235e-01 7.112514e-06
1.715686e-01 8.088235e-01 8.140405e-06
1.813725e-01 8.088235e-01 9.260003e-06
1.911765e-01 8.088235e-01 1.046650e-05
2.009804e-01 8.088235e-01 1.175188e-05
2.107843e-01 8.088235e-01 1.310470e-05
2.205882e-01 8.088235e-01 1.451001e-05
2.303922e-01 8.088235e-01 1.594945e-05
2.401961e-01 8.088235e-01 1.740149e-05
2.500000e-01 8.088235e-01 1.884189e-05
2.598039e-01 8.088235e-01 2.024429e-05
2.696078e-01 8.088235e-01 2.158099e-05
2.794118e-01 8.088235e-01 2.282383e-05
2.892157e-01 8.088235e-01 2.394521e-05
2.990196e-01 8.088235e-01 2.491908e-05
3.088235e-01 8.088235e-01 2.572197e-05
3.186275e-01 8.088235e-01 2.633393e-05
3.284314e-01 8.088235e-01 2.673935e-05
3.382353e-01 8.088235e-01 2.692762e-05
3.480392e-01 8.088235e-01 2.689355e-05
3.578431e-01 8.088235e-01 2.663764e-05
3.676471e-01 8.088235e-01 2.616597e-05
3.774510e-01 8.088235e-01 2.549002e-05
3.872549e-01 8.088235e-01 2.462611e-05
3.970588e-01 8.088235e-01 2.359477e-05
4.068627e-01 8.088235e-01 2.241985e-05
4.166667e-01 8.088235e-01 2.112765e-05
4.264706e-01 8.088235e-01 1.974586e-05
4.362745e-01 8.088235e-01 1.830261e-05
4.460784e-01 8.088235e-01 1.682553e-05
4.558824e-01 8.088235e-01 1.534088e-05
4.656863e-01 8.088235e-01 1.387283e-05
4.754902e-01 8.088235e-01 1.244288e-05
4.852941e-01 8.088235e-01 1.106944e-05
4.950980e-01 8.088235e-01 9.767604e-06
5.049020e-01 8.088235e-01 8.549022e-06
5.147059e-01 8.088235e-01 7.421977e-06
5.245098e-01 8.088235e-01 6.391551e-06
5.343137e-01 8.088235e-01 5.459909e-06
5.441176e-01 8.088235e-01 4.626641e-06
5.539216e-01 8.088235e-01 3.889166e-06
5.637255e-01 8.088235e-01 3.243145e-06
5.735294e-01 8.088235e-01 2.682900e-06
5.833333e-01 8.088235e-01 2.201809e-06
5.931373e-01 8.088235e-01 1.792672e-06
6.029412e-01 8.088235e-01 1.448027e-06
6.127451e-01 8.088235e-01 1.160423e-06
6.225490e-01 8.088235e-01 9.226312e-07
6.323529e-01 8.088235e-01 7.278153e-07
6.421569e-01 8.088235e-01 5.696447e-07
6.519608e-01 8.088235e-01 4.423700e-07
6.617647e-01 8.088235e-01 3.408593e-07
6.715686e-01 8.088235e-01 2.606048e-07
6.813725e-01 8.088235e-01 1.977058e-07
6.911765e-01 8.088235e-01 1.488338e-07
7.009804e-01 8.088235e-01 1.111869e-07
7.107843e-01 8.088235e-01 8.243639e-08
7.205882e-01 8.088235e-01 6.067109e-08
7.303922e-01 8.088235e-01 4.434177e-08
7.401961e-01 8.088235e-01 3.220824e-08
7.500000e-01 8.088235e-01 2.329067e-08
7.598039e-01 8.088235e-01 1.682610e-08
7.696078e-01 8.088235e-01 1.223065e-08
7.794118e-01 8.088235e-01 9.067685e-09
7.892157e-01 8.088235e-01 7.021622e-09
7.990196e-01 8.088235e-01 5.877214e-09
8.088235e-01 8.088235e-01 5.503827e-09
8.186275e-01 8.088235e-01 5.844244e-09
8.284314e-01 8.088235e-01 6.907504e-09
8.382353e-01 8.088235e-01 8.765292e-09
8.480392e-01 8.088235e-01 1.155143e-08
8.578431e-01 8.088235e-01 1.546408e-08
8.676471e-01 8.088235e-01 2.077021e-08
8.774510e-01 8.088235e-01 2.781217e-08
8.872549e-01 8.088235e-01 3.701606e-08
8.970588e-01 8.088235e-01 4.890178e-08
9.068627e-01 8.088235e-01 6.409479e-08
9.166667e-01 8.088235e-01 8.333980e-08
9.264706e-01 8.088235e-01 1.075165e-07
9.362745e-01 8.088235e-01 1.376579e-07
9.460784e-01 8.088235e-01 1.749721e-07
9.558824e-01 8.088235e-01 2.208672e-07
9.656863e-01 8.088235e-01 2.769816e-07
9.754902e-01 8.088235e-01 3.452178e-07
9.852941e-01 8.088235e-01 4.277823e-07
9.950980e-01 8.088235e-01 5.272289e-07
4.901961e-03 8.186275e-01 4.070007e-07
1.470588e-02 8.186275e-01 5.170120e-07
2.450980e-02 8.186275e-01 6.538464e-07
3.431373e-02 8.186275e-01 8.232115e-07
4.411765e-02 8.186275e-01 1.031749e-06
5.392157e-02 8.186275e-01 1.287084e-06
6.372549e-02 8.186275e-01 1.597844e-06
7.352941e-02 8.186275e-01 1.973625e-06
8.333333e-02 8.186275e-01 2.424903e-06
9.313725e-02 8.186275e-01 2.962867e-06
1.029412e-01 8.186275e-01 3.599168e-06
1.127451e-01 8.186275e-01 4.345579e-06
1.225490e-01 8.186275e-01 5.213559e-06
1.323529e-01 8.186275e-01 6.213718e-06
1.421569e-01 8.186275e-01 7.355210e-06
1.519608e-01 8.186275e-01 8.645054e-06
1.617647e-01 8.186275e-01 1.008743e-05
1.715686e-01 8.186275e-01 1.168294e-05
1.813725e-01 8.186275e-01 1.342800e-05
1.911765e-01 8.186275e-01 1.531417e-05
2.009804e-01 8.186275e-01 1.732777e-05
2.107843e-01 8.186275e-01 1.944960e-05
2.205882e-01 8.186275e-01 2.165489e-05
2.303922e-01 8.186275e-01 2.391352e-05
2.401961e-01 8.186275e-01 2.619049e-05
2.500000e-01 8.186275e-01 2.844675e-05
2.598039e-01 8.186275e-01 3.064015e-05
2.696078e-01 8.186275e-01 3.272676e-05
2.794118e-01 8.186275e-01 3.466229e-05
2.892157e-01 8.186275e-01 3.640366e-05
2.990196e-01 8.186275e-01 3.791061e-05
3.088235e-01 8.186275e-01 3.914721e-05
3.186275e-01 8.186275e-01 4.008336e-05
3.284314e-01 8.186275e-01 4.069593e-05
3.382353e-01 8.186275e-01 4.096978e-05
3.480392e-01 8.186275e-01 4.089830e-05
3.578431e-01 8.186275e-01 4.048373e-05
3.676471e-01 8.186275e-01 3.973697e-05
3.774510e-01 8.186275e-01 3.867712e-05
3.872549e-01 8.186275e-01 3.733067e-05
3.970588e-01 8.186275e-01 3.573033e-05
4.068627e-01 8.186275e-01 3.391375e-05
4.166667e-01 8.186275e-01 3.192203e-05
4.264706e-01 8.186275e-01 2.979818e-05
4.362745e-01 8.186275e-01 2.758560e-05
4.460784e-01 8.186275e-01 2.532664e-05
4.558824e-01 8.186275e-01 2.306134e-05
4.656863e-01 8.186275e-01 2.082633e-05
4.754902e-01 8.186275e-01 1.865398e-05
4.852941e-01 8.186275e-01 1.657182e-05
4.950980e-01 8.186275e-01 1.460221e-05
5.049020e-01 8.186275e-01 1.276222e-05
5.147059e-01 8.186275e-01 1.106375e-05
5.245098e-01 8.186275e-01 9.513859e-06
5.343137e-01 8.186275e-01 8.115190e-06
5.441176e-01 8.186275e-01 6.866538e-06
5.539216e-01 8.186275e-01 5.763461e-06
5.637255e-01 8.186275e-01 4.798932e-06
5.735294e-01 8.186275e-01 3.963975e-06
5.833333e-01 8.186275e-01 3.248265e-06
5.931373e-01 8.186275e-01 2.640677e-06
6.029412e-01 8.186275e-01 2.129763e-06
6.127451e-01 8.186275e-01 1.704154e-06
6.225490e-01 8.186275e-01 1.352871e-06
6.323529e-01 8.186275e-01 1.065572e-06
6.421569e-01 8.186275e-01 8.327161e-07
6.519608e-01 8.186275e-01 6.456656e-07
6.617647e-01 8.186275e-01 4.967337e-07
6.715686e-01 8.186275e-01 3.791876e-07
6.813725e-01 8.186275e-01 2.872163e-07
6.911765e-01 8.186275e-01 2.158741e-07
7.009804e-01 8.186275e-01 1.610069e-07
7.107843e-01 8.186275e-01 1.191698e-07
7.205882e-01 8.186275e-01 8.754091e-08
7.303922e-01 8.186275e-01 6.383610e-08
7.401961e-01 8.186275e-01 4.622859e-08
7.500000e-01 8.186275e-01 3.327469e-08
7.598039e-01 8.186275e-01 2.384778e-08
7.696078e-01 8.186275e-01 1.708075e-08
7.794118e-01 8.186275e-01 1.231713e-08
7.892157e-01 8.186275e-01 9.070542e-09
7.990196e-01 8.186275e-01 6.991995e-09
8.088235e-01 8.186275e-01 5.844244e-09
8.186275e-01 8.186275e-01 5.482620e-09
8.284314e-01 8.186275e-01 5.841557e-09
8.382353e-01 8.186275e-01 6.926250e-09
8.480392e-01 8.186275e-01 8.808941e-09
8.578431e-01 8.186275e-01 1.162948e-08
8.676471e-01 8.186275e-01 1.559996e-08
8.774510e-01 8.186275e-01 2.101348e-08
8.872549e-01 8.186275e-01 2.825704e-08
8.970588e-01 8.186275e-01 3.782918e-08
9.068627e-01 8.186275e-01 5.036265e-08
9.166667e-01 8.186275e-01 6.665307e-08
9.264706e-01 8.186275e-01 8.769423e-08
9.362745e-01 8.186275e-01 1.147211e-07
9.460784e-01 8.186275e-01 1.492611e-07
9.558824e-01 8.186275e-01 1.931953e-07
9.656863e-01 8.186275e-01 2.488276e-07
9.754902e-01 8.186275e-01 3.189644e-07
9.852941e-01 8.186275e-01 4.070007e-07
9.950980e-01 8.186275e-01 5.170120e-07
4.901961e-03 8.284314e-01 4.634816e-07
1.470588e-02 8.284314e-01 6.057190e-07
2.450980e-02 8.284314e-01 7.871359e-07
3.431373e-02 8.284314e-01 1.016873e-06
4.411765e-02 8.284314e-01 1.305617e-06
5.392157e-02 8.284314e-01 1.665673e-06
6.372549e-02 8.284314e-01 2.110973e-06
7.352941e-02 8.284314e-01 2.657001e-06
8.333333e-02 8.284314e-01 3.320619e-06
9.313725e-02 8.284314e-01 4.119775e-06
1.029412e-01 8.284314e-01 5.073069e-06
1.127451e-01 8.284314e-01 6.199182e-06
1.225490e-01 8.284314e-01 7.516149e-06
1.323529e-01 8.284314e-01 9.040506e-06
1.421569e-01 8.284314e-01 1.078631e-05
1.519608e-01 8.284314e-01 1.276407e-05
1.617647e-01 8.284314e-01 1.497964e-05
1.715686e-01 8.284314e-01 1.743315e-05
1.813725e-01 8.284314e-01 2.011797e-05
1.911765e-01 8.284314e-01 2.301989e-05
2.009804e-01 8.284314e-01 2.611644e-05
2.107843e-01 8.284314e-01 2.937661e-05
2.205882e-01 8.284314e-01 3.276086e-05
2.303922e-01 8.284314e-01 3.622150e-05
2.401961e-01 8.284314e-01 3.970361e-05
2.500000e-01 8.284314e-01 4.314624e-05
2.598039e-01 8.284314e-01 4.648410e-05
2.696078e-01 8.284314e-01 4.964956e-05
2.794118e-01 8.284314e-01 5.257489e-05
2.892157e-01 8.284314e-01 5.519467e-05
2.990196e-01 8.284314e-01 5.744823e-05
3.088235e-01 8.284314e-01 5.928201e-05
3.186275e-01 8.284314e-01 6.065164e-05
3.284314e-01 8.284314e-01 6.152380e-05
3.382353e-01 8.284314e-01 6.187748e-05
3.480392e-01 8.284314e-01 6.170488e-05
3.578431e-01 8.284314e-01 6.101164e-05
3.676471e-01 8.284314e-01 5.981656e-05
3.774510e-01 8.284314e-01 5.815074e-05
3.872549e-01 8.284314e-01 5.605621e-05
3.970588e-01 8.284314e-01 5.358420e-05
4.068627e-01 8.284314e-01 5.079306e-05
4.166667e-01 8.284314e-01 4.774596e-05
4.264706e-01 8.284314e-01 4.450856e-05
4.362745e-01 8.284314e-01 4.114673e-05
4.460784e-01 8.284314e-01 3.772439e-05
4.558824e-01 8.284314e-01 3.430159e-05
4.656863e-01 8.284314e-01 3.093297e-05
4.754902e-01 8.284314e-01 2.766652e-05
4.852941e-01 8.284314e-01 2.454273e-05
4.950980e-01 8.284314e-01 2.159417e-05
5.049020e-01 8.284314e-01 1.884542e-05
5.147059e-01 8.284314e-01 1.631324e-05
5.245098e-01 8.284314e-01 1.400715e-05
5.343137e-01 8.284314e-01 1.193011e-05
5.441176e-01 8.284314e-01 1.007936e-05
5.539216e-01 8.284314e-01 8.447455e-06
5.637255e-01 8.284314e-01 7.023153e-06
5.735294e-01 8.284314e-01 5.792435e-06
5.833333e-01 8.284314e-01 4.739388e-06
5.931373e-01 8.284314e-01 3.847022e-06
6.029412e-01 8.284314e-01 3.097972e-06
6.127451e-01 8.284314e-01 2.475082e-06
6.225490e-01 8.284314e-01 1.961869e-06
6.323529e-01 8.284314e-01 1.542864e-06
6.421569e-01 8.284314e-01 1.203846e-06
6.519608e-01 8.284314e-01 9.319855e-07
6.617647e-01 8.284314e-01 7.158969e-07
6.715686e-01 8.284314e-01 5.456372e-07
6.813725e-01 8.284314e-01 4.126470e-07
6.911765e-01 8.284314e-01 3.096597e-07
7.009804e-01 8.284314e-01 2.305867e-07
7.107843e-01 8.284314e-01 1.703899e-07
7.205882e-01 8.284314e-01 1.249511e-07
7.303922e-01 8.284314e-01 9.094336e-08
7.401961e-01 8.284314e-01 6.570992e-08
7.500000e-01 8.284314e-01 4.715343e-08
7.598039e-01 8.284314e-01 3.363742e-08
7.696078e-01 8.284314e-01 2.390055e-08
7.794118e-01 8.284314e-01 1.698385e-08
7.892157e-01 8.284314e-01 1.217015e-08
7.990196e-01 8.284314e-01 8.934920e-09
8.088235e-01 8.284314e-01 6.907504e-09
8.186275e-01 8.284314e-01 5.841557e-09
8.284314e-01 8.284314e-01 5.593840e-09
8.382353e-01 8.284314e-01 6.110493e-09
8.480392e-01 8.284314e-01 7.420211e-09
8.578431e-01 8.284314e-01 9.634029e-09
8.676471e-01 8.284314e-01 1.295167e-08
8.774510e-01 8.284314e-01 1.767479e-08
8.872549e-01 8.284314e-01 2.422769e-08
8.970588e-01 8.284314e-01 3.318643e-08
9.068627e-01 8.284314e-01 4.531764e-08
9.166667e-01 8.284314e-01 6.162825e-08
9.264706e-01 8.284314e-01 8.342794e-08
9.362745e-01 8.284314e-01 1.124055e-07
9.460784e-01 8.284314e-01 1.507204e-07
9.558824e-01 8.284314e-01 2.011109e-07
9.656863e-01 8.284314e-01 2.670168e-07
9.754902e-01 8.284314e-01 3.527177e-07
9.852941e-01 8.284314e-01 4.634816e-07
9.950980e-01 8.284314e-01 6.057190e-07
4.901961e-03 8.382353e-01 6.092752e-07
1.470588e-02 8.382353e-01 8.112492e-07
2.450980e-02 8.382353e-01 1.072217e-06
3.431373e-02 8.382353e-01 1.406417e-06
4.411765e-02 8.382353e-01 1.830505e-06
5.392157e-02 8.382353e-01 2.363646e-06
6.372549e-02 8.382353e-01 3.027502e-06
7.352941e-02 8.382353e-01 3.846099e-06
8.333333e-02 8.382353e-01 4.845518e-06
9.313725e-02 8.382353e-01 6.053411e-06
1.029412e-01 8.382353e-01 7.498303e-06
1.127451e-01 8.382353e-01 9.208671e-06
1.225490e-01 8.382353e-01 1.121181e-05
1.323529e-01 8.382353e-01 1.353247e-05
1.421569e-01 8.382353e-01 1.619139e-05
1.519608e-01 8.382353e-01 1.920361e-05
1.617647e-01 8.382353e-01 2.257686e-05
1.715686e-01 8.382353e-01 2.630985e-05
1.813725e-01 8.382353e-01 3.039089e-05
1.911765e-01 8.382353e-01 3.479654e-05
2.009804e-01 8.382353e-01 3.949085e-05
2.107843e-01 8.382353e-01 4.442486e-05
2.205882e-01 8.382353e-01 4.953681e-05
2.303922e-01 8.382353e-01 5.475288e-05
2.401961e-01 8.382353e-01 5.998856e-05
2.500000e-01 8.382353e-01 6.515067e-05
2.598039e-01 8.382353e-01 7.014001e-05
2.696078e-01 8.382353e-01 7.485439e-05
2.794118e-01 8.382353e-01 7.919212e-05
2.892157e-01 8.382353e-01 8.305561e-05
2.990196e-01 8.382353e-01 8.635508e-05
3.088235e-01 8.382353e-01 8.901201e-05
3.186275e-01 8.382353e-01 9.096226e-05
3.284314e-01 8.382353e-01 9.215866e-05
3.382353e-01 8.382353e-01 9.257290e-05
3.480392e-01 8.382353e-01 9.219664e-05
3.578431e-01 8.382353e-01 9.104173e-05
3.676471e-01 8.382353e-01 8.913964e-05
3.774510e-01 8.382353e-01 8.654004e-05
3.872549e-01 8.382353e-01 8.330862e-05
3.970588e-01 8.382353e-01 7.952438e-05
4.068627e-01 8.382353e-01 7.527641e-05
4.166667e-01 8.382353e-01 7.066048e-05
4.264706e-01 8.382353e-01 6.577549e-05
4.362745e-01 8.382353e-01 6.072004e-05
4.460784e-01 8.382353e-01 5.558928e-05
4.558824e-01 8.382353e-01 5.047213e-05
4.656863e-01 8.382353e-01 4.544900e-05
4.754902e-01 8.382353e-01 4.059002e-05
4.852941e-01 8.382353e-01 3.595398e-05
4.950980e-01 8.382353e-01 3.158767e-05
5.049020e-01 8.382353e-01 2.752588e-05
5.147059e-01 8.382353e-01 2.379182e-05
5.245098e-01 8.382353e-01 2.039798e-05
5.343137e-01 8.382353e-01 1.734719e-05
5.441176e-01 8.382353e-01 1.463402e-05
5.539216e-01 8.382353e-01 1.224617e-05
5.637255e-01 8.382353e-01 1.016596e-05
5.735294e-01 8.382353e-01 8.371772e-06
5.833333e-01 8.382353e-01 6.839379e-06
5.931373e-01 8.382353e-01 5.543136e-06
6.029412e-01 8.382353e-01 4.457003e-06
6.127451e-01 8.382353e-01 3.555397e-06
6.225490e-01 8.382353e-01 2.813842e-06
6.323529e-01 8.382353e-01 2.209463e-06
6.421569e-01 8.382353e-01 1.721306e-06
6.519608e-01 8.382353e-01 1.330522e-06
6.617647e-01 8.382353e-01 1.020441e-06
6.715686e-01 8.382353e-01 7.765392e-07
6.813725e-01 8.382353e-01 5.863513e-07
6.911765e-01 8.382353e-01 4.393195e-07
7.009804e-01 8.382353e-01 3.266189e-07
7.107843e-01 8.382353e-01 2.409644e-07
7.205882e-01 8.382353e-01 1.764140e-07
7.303922e-01 8.382353e-01 1.281773e-07
7.401961e-01 8.382353e-01 9.243610e-08
7.500000e-01 8.382353e-01 6.618118e-08
7.598039e-01 8.382353e-01 4.706737e-08
7.696078e-01 8.382353e-01 3.328809e-08
7.794118e-01 8.382353e-01 2.346883e-08
7.892157e-01 8.382353e-01 1.657872e-08
7.990196e-01 8.382353e-01 1.185881e-08
8.088235e-01 8.382353e-01 8.765292e-09
8.186275e-01 8.382353e-01 6.926250e-09
8.284314e-01 8.382353e-01 6.110493e-09
8.382353e-01 8.382353e-01 6.207333e-09
8.480392e-01 8.382353e-01 7.216623e-09
8.578431e-01 8.382353e-01 9.248752e-09
8.676471e-01 8.382353e-01 1.253480e-08
8.774510e-01 8.382353e-01 1.744756e-08
8.872549e-01 8.382353e-01 2.453459e-08
8.970588e-01 8.382353e-01 3.456506e-08
9.068627e-01 8.382353e-01 4.859233e-08
9.166667e-01 8.382353e-01 6.803475e-08
9.264706e-01 8.382353e-01 9.477696e-08
9.362745e-01 8.382353e-01 1.312941e-07
9.460784e-01 8.382353e-01 1.808006e-07
9.558824e-01 8.382353e-01 2.474239e-07
9.656863e-01 8.382353e-01 3.364029e-07
9.754902e-01 8.382353e-01 4.543079e-07
9.852941e-01 8.382353e-01 6.092752e-07
9.950980e-01 8.382353e-01 8.112492e-07
4.901961e-03 8.480392e-01 8.698819e-07
1.470588e-02 8.480392e-01 1.169055e-06
2.450980e-02 8.480392e-01 1.557667e-06
3.431373e-02 8.480392e-01 2.057500e-06
4.411765e-02 8.480392e-01 2.694002e-06
5.392157e-02 8.480392e-01 3.496397e-06
6.372549e-02 8.480392e-01 4.497643e-06
7.352941e-02 8.480392e-01 5.734185e-06
8.333333e-02 8.480392e-01 7.245460e-06
9.313725e-02 8.480392e-01 9.073110e-06
1.029412e-01 8.480392e-01 1.125989e-05
1.127451e-01 8.480392e-01 1.384822e-05
1.225490e-01 8.480392e-01 1.687847e-05
1.323529e-01 8.480392e-01 2.038685e-05
1.421569e-01 8.480392e-01 2.440319e-05
1.519608e-01 8.480392e-01 2.894843e-05
1.617647e-01 8.480392e-01 3.403215e-05
1.715686e-01 8.480392e-01 3.965019e-05
1.813725e-01 8.480392e-01 4.578246e-05
1.911765e-01 8.480392e-01 5.239120e-05
2.009804e-01 8.480392e-01 5.941982e-05
2.107843e-01 8.480392e-01 6.679235e-05
2.205882e-01 8.480392e-01 7.441392e-05
2.303922e-01 8.480392e-01 8.217193e-05
2.401961e-01 8.480392e-01 8.993838e-05
2.500000e-01 8.480392e-01 9.757296e-05
2.598039e-01 8.480392e-01 1.049271e-04
2.696078e-01 8.480392e-01 1.118486e-04
2.794118e-01 8.480392e-01 1.181871e-04
2.892157e-01 8.480392e-01 1.237989e-04
2.990196e-01 8.480392e-01 1.285531e-04
3.088235e-01 8.480392e-01 1.323362e-04
3.186275e-01 8.480392e-01 1.350570e-04
3.284314e-01 8.480392e-01 1.366499e-04
3.382353e-01 8.480392e-01 1.370777e-04
3.480392e-01 8.480392e-01 1.363330e-04
3.578431e-01 8.480392e-01 1.344384e-04
3.676471e-01 8.480392e-01 1.314454e-04
3.774510e-01 8.480392e-01 1.274320e-04
3.872549e-01 8.480392e-01 1.224995e-04
3.970588e-01 8.480392e-01 1.167679e-04
4.068627e-01 8.480392e-01 1.103717e-04
4.166667e-01 8.480392e-01 1.034540e-04
4.264706e-01 8.480392e-01 9.616216e-05
4.362745e-01 8.480392e-01 8.864182e-05
4.460784e-01 8.480392e-01 8.103293e-05
4.558824e-01 8.480392e-01 7.346553e-05
4.656863e-01 8.480392e-01 6.605648e-05
4.754902e-01 8.480392e-01 5.890707e-05
4.852941e-01 8.480392e-01 5.210147e-05
4.950980e-01 8.480392e-01 4.570602e-05
5.049020e-01 8.480392e-01 3.976929e-05
5.147059e-01 8.480392e-01 3.432285e-05
5.245098e-01 8.480392e-01 2.938258e-05
5.343137e-01 8.480392e-01 2.495039e-05
5.441176e-01 8.480392e-01 2.101625e-05
5.539216e-01 8.480392e-01 1.756037e-05
5.637255e-01 8.480392e-01 1.455532e-05
5.735294e-01 8.480392e-01 1.196820e-05
5.833333e-01 8.480392e-01 9.762584e-06
5.931373e-01 8.480392e-01 7.900207e-06
6.029412e-01 8.480392e-01 6.342479e-06
6.127451e-01 8.480392e-01 5.051677e-06
6.225490e-01 8.480392e-01 3.991876e-06
6.323529e-01 8.480392e-01 3.129624e-06
6.421569e-01 8.480392e-01 2.434388e-06
6.519608e-01 8.480392e-01 1.878791e-06
6.617647e-01 8.480392e-01 1.438689e-06
6.715686e-01 8.480392e-01 1.093110e-06
6.813725e-01 8.480392e-01 8.240952e-07
6.911765e-01 8.480392e-01 6.164765e-07
7.009804e-01 8.480392e-01 4.576049e-07
7.107843e-01 8.480392e-01 3.370623e-07
7.205882e-01 8.480392e-01 2.463707e-07
7.303922e-01 8.480392e-01 1.787095e-07
7.401961e-01 8.480392e-01 1.286536e-07
7.500000e-01 8.480392e-01 9.193570e-08
7.598039e-01 8.480392e-01 6.523556e-08
7.696078e-01 8.480392e-01 4.599921e-08
7.794118e-01 8.480392e-01 3.228525e-08
7.892157e-01 8.480392e-01 2.263785e-08
7.990196e-01 8.480392e-01 1.598380e-08
8.088235e-01 8.480392e-01 1.155143e-08
8.186275e-01 8.480392e-01 8.808941e-09
8.284314e-01 8.480392e-01 7.420211e-09
8.382353e-01 8.480392e-01 7.216623e-09
8.480392e-01 8.480392e-01 8.183886e-09
8.578431e-01 8.480392e-01 1.046370e-08
8.676471e-01 8.480392e-01 1.437074e-08
8.774510e-01 8.480392e-01 2.042624e-08
8.872549e-01 8.480392e-01 2.941025e-08
8.970588e-01 8.480392e-01 4.243518e-08
9.068627e-01 8.480392e-01 6.104406e-08
9.166667e-01 8.480392e-01 8.733704e-08
9.264706e-01 8.480392e-01 1.241298e-07
9.362745e-01 8.480392e-01 1.751474e-07
9.460784e-01 8.480392e-01 2.452554e-07
9.558824e-01 8.480392e-01 3.407294e-07
9.656863e-01 8.480392e-01 4.695607e-07
9.754902e-01 8.480392e-01 6.417934e-07
9.852941e-01 8.480392e-01 8.698819e-07
9.950980e-01 8.480392e-01 1.169055e-06
4.901961e-03 8.578431e-01 1.287394e-06
1.470588e-02 8.578431e-01 1.736451e-06
2.450980e-02 8.578431e-01 2.320627e-06
3.431373e-02 8.578431e-01 3.072783e-06
4.411765e-02 8.578431e-01 4.031229e-06
5.392157e-02 8.578431e-01 5.239855e-06
6.372549e-02 8.578431e-01 6.748029e-06
7.352941e-02 8.578431e-01 8.610177e-06
8.333333e-02 8.578431e-01 1.088498e-05
9.313725e-02 8.578431e-01 1.363416e-05
1.029412e-01 8.578431e-01 1.692077e-05
1.127451e-01 8.578431e-01 2.080700e-05
1.225490e-01 8.578431e-01 2.535156e-05
1.323529e-01 8.578431e-01 3.060655e-05
1.421569e-01 8.578431e-01 3.661406e-05
1.519608e-01 8.578431e-01 4.340256e-05
1.617647e-01 8.578431e-01 5.098321e-05
1.715686e-01 8.578431e-01 5.934638e-05
1.813725e-01 8.578431e-01 6.845859e-05
1.911765e-01 8.578431e-01 7.826000e-05
2.009804e-01 8.578431e-01 8.866286e-05
2.107843e-01 8.578431e-01 9.955098e-05
2.205882e-01 8.578431e-01 1.107805e-04
2.303922e-01 8.578431e-01 1.221822e-04
2.401961e-01 8.578431e-01 1.335644e-04
2.500000e-01 8.578431e-01 1.447187e-04
2.598039e-01 8.578431e-01 1.554254e-04
2.696078e-01 8.578431e-01 1.654608e-04
2.794118e-01 8.578431e-01 1.746049e-04
2.892157e-01 8.578431e-01 1.826494e-04
2.990196e-01 8.578431e-01 1.894055e-04
3.088235e-01 8.578431e-01 1.947117e-04
3.186275e-01 8.578431e-01 1.984397e-04
3.284314e-01 8.578431e-01 2.004999e-04
3.382353e-01 8.578431e-01 2.008450e-04
3.480392e-01 8.578431e-01 1.994715e-04
3.578431e-01 8.578431e-01 1.964200e-04
3.676471e-01 8.578431e-01 1.917728e-04
3.774510e-01 8.578431e-01 1.856507e-04
3.872549e-01 8.578431e-01 1.782074e-04
3.970588e-01 8.578431e-01 1.696235e-04
4.068627e-01 8.578431e-01 1.600991e-04
4.166667e-01 8.578431e-01 1.498460e-04
4.264706e-01 8.578431e-01 1.390804e-04
4.362745e-01 8.578431e-01 1.280155e-04
4.460784e-01 8.578431e-01 1.168545e-04
4.558824e-01 8.578431e-01 1.057854e-04
4.656863e-01 8.578431e-01 9.497591e-05
4.754902e-01 8.578431e-01 8.457067e-05
4.852941e-01 8.578431e-01 7.468868e-05
4.950980e-01 8.578431e-01 6.542276e-05
5.049020e-01 8.578431e-01 5.683975e-05
5.147059e-01 8.578431e-01 4.898180e-05
5.245098e-01 8.578431e-01 4.186842e-05
5.343137e-01 8.578431e-01 3.549912e-05
5.441176e-01 8.578431e-01 2.985641e-05
5.539216e-01 8.578431e-01 2.490898e-05
5.637255e-01 8.578431e-01 2.061496e-05
5.735294e-01 8.578431e-01 1.692492e-05
5.833333e-01 8.578431e-01 1.378470e-05
5.931373e-01 8.578431e-01 1.113793e-05
6.029412e-01 8.578431e-01 8.928053e-06
6.127451e-01 8.578431e-01 7.100080e-06
6.225490e-01 8.578431e-01 5.601869e-06
6.323529e-01 8.578431e-01 4.385052e-06
6.421569e-01 8.578431e-01 3.405628e-06
6.519608e-01 8.578431e-01 2.624274e-06
6.617647e-01 8.578431e-01 2.006407e-06
6.715686e-01 8.578431e-01 1.522073e-06
6.813725e-01 8.578431e-01 1.145689e-06
6.911765e-01 8.578431e-01 8.557003e-07
7.009804e-01 8.578431e-01 6.341748e-07
7.107843e-01 8.578431e-01 4.663785e-07
7.205882e-01 8.578431e-01 3.403470e-07
7.303922e-01 8.578431e-01 2.464768e-07
7.401961e-01 8.578431e-01 1.771452e-07
7.500000e-01 8.578431e-01 1.263679e-07
7.598039e-01 8.578431e-01 8.949845e-08
7.696078e-01 8.578431e-01 6.296911e-08
7.794118e-01 8.578431e-01 4.407233e-08
7.892157e-01 8.578431e-01 3.078081e-08
7.990196e-01 8.578431e-01 2.160203e-08
8.088235e-01 8.578431e-01 1.546408e-08
8.186275e-01 8.578431e-01 1.162948e-08
8.284314e-01 8.578431e-01 9.634029e-09
8.382353e-01 8.578431e-01 9.248752e-09
8.480392e-01 8.578431e-01 1.046370e-08
8.578431e-01 8.578431e-01 1.349353e-08
8.676471e-01 8.578431e-01 1.880589e-08
8.774510e-01 8.578431e-01 2.717462e-08
8.872549e-01 8.578431e-01 3.976122e-08
8.970588e-01 8.578431e-01 5.822855e-08
9.068627e-01 8.578431e-01 8.489204e-08
9.166667e-01 8.578431e-01 1.229137e-07
9.264706e-01 8.578431e-01 1.765443e-07
9.362745e-01 8.578431e-01 2.514189e-07
9.460784e-01 8.578431e-01 3.549080e-07
9.558824e-01 8.578431e-01 4.965251e-07
9.656863e-01 8.578431e-01 6.883878e-07
9.754902e-01 8.578431e-01 9.457219e-07
9.852941e-01 8.578431e-01 1.287394e-06
9.950980e-01 8.578431e-01 1.736451e-06
4.901961e-03 8.676471e-01 1.925242e-06
1.470588e-02 8.676471e-01 2.599006e-06
2.450980e-02 8.676471e-01 3.475317e-06
3.431373e-02 8.676471e-01 4.603147e-06
4.411765e-02 8.676471e-01 6.039450e-06
5.392157e-02 8.676471e-01 7.849314e-06
6.372549e-02 8.676471e-01 1.010574e-05
7.352941e-02 8.676471e-01 1.288895e-05
8.333333e-02 8.676471e-01 1.628515e-05
9.313725e-02 8.676471e-01 2.038459e-05
1.029412e-01 8.676471e-01 2.527905e-05
1.127451e-01 8.676471e-01 3.105849e-05
1.225490e-01 8.676471e-01 3.780713e-05
1.323529e-01 8.676471e-01 4.559880e-05
1.421569e-01 8.676471e-01 5.449198e-05
1.519608e-01 8.676471e-01 6.452447e-05
1.617647e-01 8.676471e-01 7.570807e-05
1.715686e-01 8.676471e-01 8.802358e-05
1.813725e-01 8.676471e-01 1.014164e-04
1.911765e-01 8.676471e-01 1.157933e-04
2.009804e-01 8.676471e-01 1.310201e-04
2.107843e-01 8.676471e-01 1.469212e-04
2.205882e-01 8.676471e-01 1.632815e-04
2.303922e-01 8.676471e-01 1.798491e-04
2.401961e-01 8.676471e-01 1.963412e-04
2.500000e-01 8.676471e-01 2.124516e-04
2.598039e-01 8.676471e-01 2.278591e-04
2.696078e-01 8.676471e-01 2.422390e-04
2.794118e-01 8.676471e-01 2.552733e-04
2.892157e-01 8.676471e-01 2.666633e-04
2.990196e-01 8.676471e-01 2.761407e-04
3.088235e-01 8.676471e-01 2.834778e-04
3.186275e-01 8.676471e-01 2.884974e-04
3.284314e-01 8.676471e-01 2.910791e-04
3.382353e-01 8.676471e-01 2.911646e-04
3.480392e-01 8.676471e-01 2.887598e-04
3.578431e-01 8.676471e-01 2.839340e-04
3.676471e-01 8.676471e-01 2.768168e-04
3.774510e-01 8.676471e-01 2.675922e-04
3.872549e-01 8.676471e-01 2.564909e-04
3.970588e-01 8.676471e-01 2.437808e-04
4.068627e-01 8.676471e-01 2.297564e-04
4.166667e-01 8.676471e-01 2.147273e-04
4.264706e-01 8.676471e-01 1.990076e-04
4.362745e-01 8.676471e-01 1.829051e-04
4.460784e-01 8.676471e-01 1.667119e-04
4.558824e-01 8.676471e-01 1.506964e-04
4.656863e-01 8.676471e-01 1.350968e-04
4.754902e-01 8.676471e-01 1.201168e-04
4.852941e-01 8.676471e-01 1.059228e-04
4.950980e-01 8.676471e-01 9.264301e-05
5.049020e-01 8.676471e-01 8.036801e-05
5.147059e-01 8.676471e-01 6.915305e-05
5.245098e-01 8.676471e-01 5.902106e-05
5.343137e-01 8.676471e-01 4.996664e-05
5.441176e-01 8.676471e-01 4.196047e-05
5.539216e-01 8.676471e-01 3.495405e-05
5.637255e-01 8.676471e-01 2.888424e-05
5.735294e-01 8.676471e-01 2.367774e-05
5.833333e-01 8.676471e-01 1.925505e-05
5.931373e-01 8.676471e-01 1.553401e-05
6.029412e-01 8.676471e-01 1.243271e-05
6.127451e-01 8.676471e-01 9.871903e-06
6.225490e-01 8.676471e-01 7.776734e-06
6.323529e-01 8.676471e-01 6.078045e-06
6.421569e-01 8.676471e-01 4.713133e-06
6.519608e-01 8.676471e-01 3.626128e-06
6.617647e-01 8.676471e-01 2.768042e-06
6.715686e-01 8.676471e-01 2.096559e-06
6.813725e-01 8.676471e-01 1.575631e-06
6.911765e-01 8.676471e-01 1.174962e-06
7.009804e-01 8.676471e-01 8.694074e-07
7.107843e-01 8.676471e-01 6.383554e-07
7.205882e-01 8.676471e-01 4.651067e-07
7.303922e-01 8.676471e-01 3.362860e-07
7.401961e-01 8.676471e-01 2.412995e-07
7.500000e-01 8.676471e-01 1.718484e-07
7.598039e-01 8.676471e-01 1.215020e-07
7.696078e-01 8.676471e-01 8.533256e-08
7.794118e-01 8.676471e-01 5.960830e-08
7.892157e-01 8.676471e-01 4.154106e-08
7.990196e-01 8.676471e-01 2.908339e-08
8.088235e-01 8.676471e-01 2.077021e-08
8.186275e-01 8.676471e-01 1.559996e-08
8.284314e-01 8.676471e-01 1.295167e-08
8.382353e-01 8.676471e-01 1.253480e-08
8.480392e-01 8.676471e-01 1.437074e-08
8.578431e-01 8.676471e-01 1.880589e-08
8.676471e-01 8.676471e-01 2.655823e-08
8.774510e-01 8.676471e-01 3.880062e-08
8.872549e-01 8.676471e-01 5.728605e-08
8.970588e-01 8.676471e-01 8.452105e-08
9.068627e-01 8.676471e-01 1.239949e-07
9.166667e-01 8.676471e-01 1.804727e-07
9.264706e-01 8.676471e-01 2.603600e-07
9.362745e-01 8.676471e-01 3.721456e-07
9.460784e-01 8.676471e-01 5.269268e-07
9.558824e-01 8.676471e-01 7.390165e-07
9.656863e-01 8.676471e-01 1.026626e-06
9.754902e-01 8.676471e-01 1.412609e-06
9.852941e-01 8.676471e-01 1.925242e-06
9.950980e-01 8.676471e-01 2.599006e-06
4.901961e-03 8.774510e-01 2.874792e-06
1.470588e-02 8.774510e-01 3.879358e-06
2.450980e-02 8.774510e-01 5.184686e-06
3.431373e-02 8.774510e-01 6.862927e-06
4.411765e-02 8.774510e-01 8.997787e-06
5.392157e-02 8.774510e-01 1.168467e-05
6.372549e-02 8.774510e-01 1.503028e-05
7.352941e-02 8.774510e-01 1.915148e-05
8.333333e-02 8.774510e-01 2.417337e-05
9.313725e-02 8.774510e-01 3.022643e-05
1.029412e-01 8.774510e-01 3.744260e-05
1.127451e-01 8.774510e-01 4.595042e-05
1.225490e-01 8.774510e-01 5.586915e-05
1.323529e-01 8.774510e-01 6.730205e-05
1.421569e-01 8.774510e-01 8.032909e-05
1.519608e-01 8.774510e-01 9.499924e-05
1.617647e-01 8.774510e-01 1.113229e-04
1.715686e-01 8.774510e-01 1.292648e-04
1.813725e-01 8.774510e-01 1.487379e-04
1.911765e-01 8.774510e-01 1.695988e-04
2.009804e-01 8.774510e-01 1.916449e-04
2.107843e-01 8.774510e-01 2.146147e-04
2.205882e-01 8.774510e-01 2.381895e-04
2.303922e-01 8.774510e-01 2.619997e-04
2.401961e-01 8.774510e-01 2.856322e-04
2.500000e-01 8.774510e-01 3.086421e-04
2.598039e-01 8.774510e-01 3.305659e-04
2.696078e-01 8.774510e-01 3.509370e-04
2.794118e-01 8.774510e-01 3.693016e-04
2.892157e-01 8.774510e-01 3.852362e-04
2.990196e-01 8.774510e-01 3.983637e-04
3.088235e-01 8.774510e-01 4.083680e-04
3.186275e-01 8.774510e-01 4.150070e-04
3.284314e-01 8.774510e-01 4.181223e-04
3.382353e-01 8.774510e-01 4.176453e-04
3.480392e-01 8.774510e-01 4.135999e-04
3.578431e-01 8.774510e-01 4.061007e-04
3.676471e-01 8.774510e-01 3.953479e-04
3.774510e-01 8.774510e-01 3.816184e-04
3.872549e-01 8.774510e-01 3.652538e-04
3.970588e-01 8.774510e-01 3.466471e-04
4.068627e-01 8.774510e-01 3.262262e-04
4.166667e-01 8.774510e-01 3.044388e-04
4.264706e-01 8.774510e-01 2.817359e-04
4.362745e-01 8.774510e-01 2.585570e-04
4.460784e-01 8.774510e-01 2.353170e-04
4.558824e-01 8.774510e-01 2.123948e-04
4.656863e-01 8.774510e-01 1.901248e-04
4.754902e-01 8.774510e-01 1.687907e-04
4.852941e-01 8.774510e-01 1.486221e-04
4.950980e-01 8.774510e-01 1.297938e-04
5.049020e-01 8.774510e-01 1.124269e-04
5.147059e-01 8.774510e-01 9.659227e-05
5.245098e-01 8.774510e-01 8.231525e-05
5.343137e-01 8.774510e-01 6.958153e-05
5.441176e-01 8.774510e-01 5.834358e-05
5.539216e-01 8.774510e-01 4.852743e-05
5.637255e-01 8.774510e-01 4.003927e-05
5.735294e-01 8.774510e-01 3.277171e-05
5.833333e-01 8.774510e-01 2.660942e-05
5.931373e-01 8.774510e-01 2.143406e-05
6.029412e-01 8.774510e-01 1.712834e-05
6.127451e-01 8.774510e-01 1.357928e-05
6.225490e-01 8.774510e-01 1.068066e-05
6.323529e-01 8.774510e-01 8.334660e-06
6.421569e-01 8.774510e-01 6.452902e-06
6.519608e-01 8.774510e-01 4.956877e-06
6.617647e-01 8.774510e-01 3.777945e-06
6.715686e-01 8.774510e-01 2.856973e-06
6.813725e-01 8.774510e-01 2.143720e-06
6.911765e-01 8.774510e-01 1.596062e-06
7.009804e-01 8.774510e-01 1.179125e-06
7.107843e-01 8.774510e-01 8.643858e-07
7.205882e-01 8.774510e-01 6.287879e-07
7.303922e-01 8.774510e-01 4.539044e-07
7.401961e-01 8.774510e-01 3.251724e-07
7.500000e-01 8.774510e-01 2.312075e-07
7.598039e-01 8.774510e-01 1.632071e-07
7.696078e-01 8.774510e-01 1.144403e-07
7.794118e-01 8.774510e-01 7.982125e-08
7.892157e-01 8.774510e-01 5.555974e-08
7.990196e-01 8.774510e-01 3.888176e-08
8.088235e-01 8.774510e-01 2.781217e-08
8.186275e-01 8.774510e-01 2.101348e-08
8.284314e-01 8.774510e-01 1.767479e-08
8.382353e-01 8.774510e-01 1.744756e-08
8.480392e-01 8.774510e-01 2.042624e-08
8.578431e-01 8.774510e-01 2.717462e-08
8.676471e-01 8.774510e-01 3.880062e-08
8.774510e-01 8.774510e-01 5.708492e-08
8.872549e-01 8.774510e-01 8.467112e-08
8.970588e-01 8.774510e-01 1.253268e-07
9.068627e-01 8.774510e-01 1.842868e-07
9.166667e-01 8.774510e-01 2.686899e-07
9.264706e-01 8.774510e-01 3.881209e-07
9.362745e-01 8.774510e-01 5.552657e-07
9.460784e-01 8.774510e-01 7.866866e-07
9.558824e-01 8.774510e-01 1.103714e-06
9.656863e-01 8.774510e-01 1.533446e-06
9.754902e-01 8.774510e-01 2.109830e-06
9.852941e-01 8.774510e-01 2.874792e-06
9.950980e-01 8.774510e-01 3.879358e-06
4.901961e-03 8.872549e-01 4.264130e-06
1.470588e-02 8.872549e-01 5.748870e-06
2.450980e-02 8.872549e-01 7.675719e-06
3.431373e-02 8.872549e-01 1.014982e-05
4.411765e-02 8.872549e-01 1.329284e-05
5.392157e-02 8.872549e-01 1.724309e-05
6.372549e-02 8.872549e-01 2.215479e-05
7.352941e-02 8.872549e-01 2.819628e-05
8.333333e-02 8.872549e-01 3.554710e-05
9.313725e-02 8.872549e-01 4.439370e-05
1.029412e-01 8.872549e-01 5.492360e-05
1.127451e-01 8.872549e-01 6.731828e-05
1.225490e-01 8.872549e-01 8.174460e-05
1.323529e-01 8.872549e-01 9.834504e-05
1.421569e-01 8.872549e-01 1.172272e-04
1.519608e-01 8.872549e-01 1.384529e-04
1.617647e-01 8.872549e-01 1.620273e-04
1.715686e-01 8.872549e-01 1.878890e-04
1.813725e-01 8.872549e-01 2.159018e-04
1.911765e-01 8.872549e-01 2.458483e-04
2.009804e-01 8.872549e-01 2.774268e-04
2.107843e-01 8.872549e-01 3.102516e-04
2.205882e-01 8.872549e-01 3.438571e-04
2.303922e-01 8.872549e-01 3.777062e-04
2.401961e-01 8.872549e-01 4.112026e-04
2.500000e-01 8.872549e-01 4.437075e-04
2.598039e-01 8.872549e-01 4.745592e-04
2.696078e-01 8.872549e-01 5.030947e-04
2.794118e-01 8.872549e-01 5.286741e-04
2.892157e-01 8.872549e-01 5.507038e-04
2.990196e-01 8.872549e-01 5.686602e-04
3.088235e-01 8.872549e-01 5.821097e-04
3.186275e-01 8.872549e-01 5.907269e-04
3.284314e-01 8.872549e-01 5.943070e-04
3.382353e-01 8.872549e-01 5.927744e-04
3.480392e-01 8.872549e-01 5.861851e-04
3.578431e-01 8.872549e-01 5.747232e-04
3.676471e-01 8.872549e-01 5.586930e-04
3.774510e-01 8.872549e-01 5.385054e-04
3.872549e-01 8.872549e-01 5.146604e-04
3.970588e-01 8.872549e-01 4.877272e-04
4.068627e-01 8.872549e-01 4.583212e-04
4.166667e-01 8.872549e-01 4.270818e-04
4.264706e-01 8.872549e-01 3.946493e-04
4.362745e-01 8.872549e-01 3.616444e-04
4.460784e-01 8.872549e-01 3.286498e-04
4.558824e-01 8.872549e-01 2.961944e-04
4.656863e-01 8.872549e-01 2.647420e-04
4.754902e-01 8.872549e-01 2.346832e-04
4.852941e-01 8.872549e-01 2.063311e-04
4.950980e-01 8.872549e-01 1.799207e-04
5.049020e-01 8.872549e-01 1.556114e-04
5.147059e-01 8.872549e-01 1.334922e-04
5.245098e-01 8.872549e-01 1.135886e-04
5.343137e-01 8.872549e-01 9.587098e-05
5.441176e-01 8.872549e-01 8.026448e-05
5.539216e-01 8.872549e-01 6.665811e-05
5.637255e-01 8.872549e-01 5.491430e-05
5.735294e-01 8.872549e-01 4.487767e-05
5.833333e-01 8.872549e-01 3.638285e-05
5.931373e-01 8.872549e-01 2.926133e-05
6.029412e-01 8.872549e-01 2.334702e-05
6.127451e-01 8.872549e-01 1.848067e-05
6.225490e-01 8.872549e-01 1.451316e-05
6.323529e-01 8.872549e-01 1.130767e-05
6.421569e-01 8.872549e-01 8.740973e-06
6.519608e-01 8.872549e-01 6.703946e-06
6.617647e-01 8.872549e-01 5.101454e-06
6.715686e-01 8.872549e-01 3.851754e-06
6.813725e-01 8.872549e-01 2.885577e-06
6.911765e-01 8.872549e-01 2.144988e-06
7.009804e-01 8.872549e-01 1.582135e-06
7.107843e-01 8.872549e-01 1.157973e-06
7.205882e-01 8.872549e-01 8.410082e-07
7.303922e-01 8.872549e-01 6.061284e-07
7.401961e-01 8.872549e-01 4.335289e-07
7.500000e-01 8.872549e-01 3.077614e-07
7.598039e-01 8.872549e-01 2.169063e-07
7.696078e-01 8.872549e-01 1.518695e-07
7.794118e-01 8.872549e-01 1.057959e-07
7.892157e-01 8.872549e-01 7.359129e-08
7.990196e-01 8.872549e-01 5.154097e-08
8.088235e-01 8.872549e-01 3.701606e-08
8.186275e-01 8.872549e-01 2.825704e-08
8.284314e-01 8.872549e-01 2.422769e-08
8.382353e-01 8.872549e-01 2.453459e-08
8.480392e-01 8.872549e-01 2.941025e-08
8.578431e-01 8.872549e-01 3.976122e-08
8.676471e-01 8.872549e-01 5.728605e-08
8.774510e-01 8.872549e-01 8.467112e-08
8.872549e-01 8.872549e-01 1.258758e-07
8.970588e-01 8.872549e-01 1.865208e-07
9.068627e-01 8.872549e-01 2.743962e-07
9.166667e-01 8.872549e-01 4.001048e-07
9.264706e-01 8.872549e-01 5.778579e-07
9.362745e-01 8.872549e-01 8.264346e-07
9.460784e-01 8.872549e-01 1.170311e-06
9.558824e-01 8.872549e-01 1.640955e-06
9.656863e-01 8.872549e-01 2.278273e-06
9.754902e-01 8.872549e-01 3.132162e-06
9.852941e-01 8.872549e-01 4.264130e-06
9.950980e-01 8.872549e-01 5.748870e-06
4.901961e-03 8.970588e-01 6.269328e-06
1.470588e-02 8.970588e-01 8.442534e-06
2.450980e-02 8.970588e-01 1.125895e-05
3.431373e-02 8.970588e-01 1.487014e-05
4.411765e-02 8.970588e-01 1.945110e-05
5.392157e-02 8.970588e-01 2.520014e-05
6.372549e-02 8.970588e-01 3.233774e-05
7.352941e-02 8.970588e-01 4.110378e-05
8.333333e-02 8.970588e-01 5.175311e-05
9.313725e-02 8.970588e-01 6.454914e-05
1.029412e-01 8.970588e-01 7.975545e-05
1.127451e-01 8.970588e-01 9.762529e-05
1.225490e-01 8.970588e-01 1.183893e-04
1.323529e-01 8.970588e-01 1.422414e-04
1.421569e-01 8.970588e-01 1.693241e-04
1.519608e-01 8.970588e-01 1.997129e-04
1.617647e-01 8.970588e-01 2.334012e-04
1.715686e-01 8.970588e-01 2.702864e-04
1.813725e-01 8.970588e-01 3.101591e-04
1.911765e-01 8.970588e-01 3.526942e-04
2.009804e-01 8.970588e-01 3.974477e-04
2.107843e-01 8.970588e-01 4.438576e-04
2.205882e-01 8.970588e-01 4.912511e-04
2.303922e-01 8.970588e-01 5.388567e-04
2.401961e-01 8.970588e-01 5.858233e-04
2.500000e-01 8.970588e-01 6.312440e-04
2.598039e-01 8.970588e-01 6.741840e-04
2.696078e-01 8.970588e-01 7.137127e-04
2.794118e-01 8.970588e-01 7.489372e-04
2.892157e-01 8.970588e-01 7.790356e-04
2.990196e-01 8.970588e-01 8.032892e-04
3.088235e-01 8.970588e-01 8.211113e-04
3.186275e-01 8.970588e-01 8.320705e-04
3.284314e-01 8.970588e-01 8.359084e-04
3.382353e-01 8.970588e-01 8.325492e-04
3.480392e-01 8.970588e-01 8.221025e-04
3.578431e-01 8.970588e-01 8.048574e-04
3.676471e-01 8.970588e-01 7.812691e-04
3.774510e-01 8.970588e-01 7.519395e-04
3.872549e-01 8.970588e-01 7.175916e-04
3.970588e-01 8.970588e-01 6.790401e-04
4.068627e-01 8.970588e-01 6.371600e-04
4.166667e-01 8.970588e-01 5.928542e-04
4.264706e-01 8.970588e-01 5.470220e-04
4.362745e-01 8.970588e-01 5.005300e-04
4.460784e-01 8.970588e-01 4.541870e-04
4.558824e-01 8.970588e-01 4.087234e-04
4.656863e-01 8.970588e-01 3.647750e-04
4.754902e-01 8.970588e-01 3.228731e-04
4.852941e-01 8.970588e-01 2.834396e-04
4.950980e-01 8.970588e-01 2.467863e-04
5.049020e-01 8.970588e-01 2.131199e-04
5.147059e-01 8.970588e-01 1.825489e-04
5.245098e-01 8.970588e-01 1.550946e-04
5.343137e-01 8.970588e-01 1.307032e-04
5.441176e-01 8.970588e-01 1.092592e-04
5.539216e-01 8.970588e-01 9.059849e-05
5.637255e-01 8.970588e-01 7.452212e-05
5.735294e-01 8.970588e-01 6.080790e-05
5.833333e-01 8.970588e-01 4.922147e-05
5.931373e-01 8.970588e-01 3.952559e-05
6.029412e-01 8.970588e-01 3.148765e-05
6.127451e-01 8.970588e-01 2.488567e-05
6.225490e-01 8.970588e-01 1.951258e-05
6.323529e-01 8.970588e-01 1.517907e-05
6.421569e-01 8.970588e-01 1.171518e-05
6.519608e-01 8.970588e-01 8.970886e-06
6.617647e-01 8.970588e-01 6.815732e-06
6.715686e-01 8.970588e-01 5.137940e-06
6.813725e-01 8.970588e-01 3.843026e-06
6.911765e-01 8.970588e-01 2.852159e-06
7.009804e-01 8.970588e-01 2.100386e-06
7.107843e-01 8.970588e-01 1.534825e-06
7.205882e-01 8.970588e-01 1.112921e-06
7.303922e-01 8.970588e-01 8.008143e-07
7.401961e-01 8.970588e-01 5.718605e-07
7.500000e-01 8.970588e-01 4.053202e-07
7.598039e-01 8.970588e-01 2.852265e-07
7.696078e-01 8.970588e-01 1.994245e-07
7.794118e-01 8.970588e-01 1.387749e-07
7.892157e-01 8.970588e-01 9.650582e-08
7.990196e-01 8.970588e-01 6.770017e-08
8.088235e-01 8.970588e-01 4.890178e-08
8.186275e-01 8.970588e-01 3.782918e-08
8.284314e-01 8.970588e-01 3.318643e-08
8.382353e-01 8.970588e-01 3.456506e-08
8.480392e-01 8.970588e-01 4.243518e-08
8.578431e-01 8.970588e-01 5.822855e-08
8.676471e-01 8.970588e-01 8.452105e-08
8.774510e-01 8.970588e-01 1.253268e-07
8.872549e-01 8.970588e-01 1.865208e-07
8.970588e-01 8.970588e-01 2.764101e-07
9.068627e-01 8.970588e-01 4.064766e-07
9.166667e-01 8.970588e-01 5.923152e-07
9.264706e-01 8.970588e-01 8.547890e-07
9.362745e-01 8.970588e-01 1.221417e-06
9.460784e-01 8.970588e-01 1.728002e-06
9.558824e-01 8.970588e-01 2.420491e-06
9.656863e-01 8.970588e-01 3.357041e-06
9.754902e-01 8.970588e-01 4.610228e-06
9.852941e-01 8.970588e-01 6.269328e-06
9.950980e-01 8.970588e-01 8.442534e-06
4.901961e-03 9.068627e-01 9.128573e-06
1.470588e-02 9.068627e-01 1.227756e-05
2.450980e-02 9.068627e-01 1.635268e-05
3.431373e-02 9.068627e-01 2.157015e-05
4.411765e-02 9.068627e-01 2.817891e-05
5.392157e-02 9.068627e-01 3.646035e-05
6.372549e-02 9.068627e-01 4.672631e-05
7.352941e-02 9.068627e-01 5.931492e-05
8.333333e-02 9.068627e-01 7.458397e-05
9.313725e-02 9.068627e-01 9.290162e-05
1.029412e-01 9.068627e-01 1.146341e-04
1.127451e-01 9.068627e-01 1.401309e-04
1.225490e-01 9.068627e-01 1.697067e-04
1.323529e-01 9.068627e-01 2.036224e-04
1.421569e-01 9.068627e-01 2.420631e-04
1.519608e-01 9.068627e-01 2.851175e-04
1.617647e-01 9.068627e-01 3.327564e-04
1.715686e-01 9.068627e-01 3.848142e-04
1.813725e-01 9.068627e-01 4.409736e-04
1.911765e-01 9.068627e-01 5.007554e-04
2.009804e-01 9.068627e-01 5.635138e-04
2.107843e-01 9.068627e-01 6.284395e-04
2.205882e-01 9.068627e-01 6.945708e-04
2.303922e-01 9.068627e-01 7.608124e-04
2.401961e-01 9.068627e-01 8.259626e-04
2.500000e-01 9.068627e-01 8.887476e-04
2.598039e-01 9.068627e-01 9.478622e-04
2.696078e-01 9.068627e-01 1.002014e-03
2.794118e-01 9.068627e-01 1.049972e-03
2.892157e-01 9.068627e-01 1.090611e-03
2.990196e-01 9.068627e-01 1.122956e-03
3.088235e-01 9.068627e-01 1.146223e-03
3.186275e-01 9.068627e-01 1.159850e-03
3.284314e-01 9.068627e-01 1.163519e-03
3.382353e-01 9.068627e-01 1.157166e-03
3.480392e-01 9.068627e-01 1.140988e-03
3.578431e-01 9.068627e-01 1.115427e-03
3.676471e-01 9.068627e-01 1.081157e-03
3.774510e-01 9.068627e-01 1.039046e-03
3.872549e-01 9.068627e-01 9.901279e-04
3.970588e-01 9.068627e-01 9.355557e-04
4.068627e-01 9.068627e-01 8.765592e-04
4.166667e-01 9.068627e-01 8.143993e-04
4.264706e-01 9.068627e-01 7.503246e-04
4.362745e-01 9.068627e-01 6.855318e-04
4.460784e-01 9.068627e-01 6.211316e-04
4.558824e-01 9.068627e-01 5.581205e-04
4.656863e-01 9.068627e-01 4.973605e-04
4.754902e-01 9.068627e-01 4.395660e-04
4.852941e-01 9.068627e-01 3.852981e-04
4.950980e-01 9.068627e-01 3.349653e-04
5.049020e-01 9.068627e-01 2.888307e-04
5.147059e-01 9.068627e-01 2.470230e-04
5.245098e-01 9.068627e-01 2.095520e-04
5.343137e-01 9.068627e-01 1.763261e-04
5.441176e-01 9.068627e-01 1.471708e-04
5.539216e-01 9.068627e-01 1.218474e-04
5.637255e-01 9.068627e-01 1.000715e-04
5.735294e-01 9.068627e-01 8.152918e-05
5.833333e-01 9.068627e-01 6.589218e-05
5.931373e-01 9.068627e-01 5.283016e-05
6.029412e-01 9.068627e-01 4.202099e-05
6.127451e-01 9.068627e-01 3.315860e-05
6.225490e-01 9.068627e-01 2.595855e-05
6.323529e-01 9.068627e-01 2.016172e-05
6.421569e-01 9.068627e-01 1.553627e-05
6.519608e-01 9.068627e-01 1.187809e-05
6.617647e-01 9.068627e-01 9.010217e-06
6.715686e-01 9.068627e-01 6.781432e-06
6.813725e-01 9.068627e-01 5.064232e-06
6.911765e-01 9.068627e-01 3.752495e-06
7.009804e-01 9.068627e-01 2.758988e-06
7.107843e-01 9.068627e-01 2.012854e-06
7.205882e-01 9.068627e-01 1.457200e-06
7.303922e-01 9.068627e-01 1.046860e-06
7.401961e-01 9.068627e-01 7.463649e-07
7.500000e-01 9.068627e-01 5.281704e-07
7.598039e-01 9.068627e-01 3.711149e-07
7.696078e-01 9.068627e-01 2.591266e-07
7.794118e-01 9.068627e-01 1.801517e-07
7.892157e-01 9.068627e-01 1.252873e-07
7.990196e-01 9.068627e-01 8.809780e-08
8.088235e-01 9.068627e-01 6.409479e-08
8.186275e-01 9.068627e-01 5.036265e-08
8.284314e-01 9.068627e-01 4.531764e-08
8.382353e-01 9.068627e-01 4.859233e-08
8.480392e-01 9.068627e-01 6.104406e-08
8.578431e-01 9.068627e-01 8.489204e-08
8.676471e-01 9.068627e-01 1.239949e-07
8.774510e-01 9.068627e-01 1.842868e-07
8.872549e-01 9.068627e-01 2.743962e-07
8.970588e-01 9.068627e-01 4.064766e-07
9.068627e-01 9.068627e-01 5.972814e-07
9.166667e-01 9.068627e-01 8.695163e-07
9.264706e-01 9.068627e-01 1.253498e-06
9.362745e-01 9.068627e-01 1.789140e-06
9.460784e-01 9.068627e-01 2.528277e-06
9.558824e-01 9.068627e-01 3.537302e-06
9.656863e-01 9.068627e-01 4.900090e-06
9.754902e-01 9.068627e-01 6.721103e-06
9.852941e-01 9.068627e-01 9.128573e-06
9.950980e-01 9.068627e-01 1.227756e-05
4.901961e-03 9.166667e-01 1.315941e-05
1.470588e-02 9.166667e-01 1.767603e-05
2.450980e-02 9.166667e-01 2.351243e-05
3.431373e-02 9.166667e-01 3.097382e-05
4.411765e-02 9.166667e-01 4.041067e-05
5.392157e-02 9.166667e-01 5.221799e-05
6.372549e-02 9.166667e-01 6.683218e-05
7.352941e-02 9.166667e-01 8.472477e-05
8.333333e-02 9.166667e-01 1.063927e-04
9.313725e-02 9.166667e-01 1.323449e-04
1.029412e-01 9.166667e-01 1.630848e-04
1.127451e-01 9.166667e-01 1.990886e-04
1.225490e-01 9.166667e-01 2.407813e-04
1.323529e-01 9.166667e-01 2.885082e-04
1.421569e-01 9.166667e-01 3.425060e-04
1.519608e-01 9.166667e-01 4.028731e-04
1.617647e-01 9.166667e-01 4.695411e-04
1.715686e-01 9.166667e-01 5.422495e-04
1.813725e-01 9.166667e-01 6.205256e-04
1.911765e-01 9.166667e-01 7.036712e-04
2.009804e-01 9.166667e-01 7.907584e-04
2.107843e-01 9.166667e-01 8.806352e-04
2.205882e-01 9.166667e-01 9.719423e-04
2.303922e-01 9.166667e-01 1.063141e-03
2.401961e-01 9.166667e-01 1.152554e-03
2.500000e-01 9.166667e-01 1.238413e-03
2.598039e-01 9.166667e-01 1.318913e-03
2.696078e-01 9.166667e-01 1.392281e-03
2.794118e-01 9.166667e-01 1.456838e-03
2.892157e-01 9.166667e-01 1.511060e-03
2.990196e-01 9.166667e-01 1.553643e-03
3.088235e-01 9.166667e-01 1.583553e-03
3.186275e-01 9.166667e-01 1.600068e-03
3.284314e-01 9.166667e-01 1.602806e-03
3.382353e-01 9.166667e-01 1.591742e-03
3.480392e-01 9.166667e-01 1.567205e-03
3.578431e-01 9.166667e-01 1.529861e-03
3.676471e-01 9.166667e-01 1.480687e-03
3.774510e-01 9.166667e-01 1.420927e-03
3.872549e-01 9.166667e-01 1.352037e-03
3.970588e-01 9.166667e-01 1.275632e-03
4.068627e-01 9.166667e-01 1.193422e-03
4.166667e-01 9.166667e-01 1.107146e-03
4.264706e-01 9.166667e-01 1.018521e-03
4.362745e-01 9.166667e-01 9.291798e-04
4.460784e-01 9.166667e-01 8.406308e-04
4.558824e-01 9.166667e-01 7.542188e-04
4.656863e-01 9.166667e-01 6.710990e-04
4.754902e-01 9.166667e-01 5.922206e-04
4.852941e-01 9.166667e-01 5.183208e-04
4.950980e-01 9.166667e-01 4.499270e-04
5.049020e-01 9.166667e-01 3.873684e-04
5.147059e-01 9.166667e-01 3.307920e-04
5.245098e-01 9.166667e-01 2.801848e-04
5.343137e-01 9.166667e-01 2.353979e-04
5.441176e-01 9.166667e-01 1.961728e-04
5.539216e-01 9.166667e-01 1.621672e-04
5.637255e-01 9.166667e-01 1.329795e-04
5.735294e-01 9.166667e-01 1.081716e-04
5.833333e-01 9.166667e-01 8.728871e-05
5.931373e-01 9.166667e-01 6.987604e-05
6.029412e-01 9.166667e-01 5.549234e-05
6.127451e-01 9.166667e-01 4.372012e-05
6.225490e-01 9.166667e-01 3.417293e-05
6.323529e-01 9.166667e-01 2.649990e-05
6.421569e-01 9.166667e-01 2.038808e-05
6.519608e-01 9.166667e-01 1.556278e-05
6.617647e-01 9.166667e-01 1.178650e-05
6.715686e-01 9.166667e-01 8.856834e-06
6.813725e-01 9.166667e-01 6.603529e-06
6.911765e-01 9.166667e-01 4.885245e-06
7.009804e-01 9.166667e-01 3.586063e-06
7.107843e-01 9.166667e-01 2.612046e-06
7.205882e-01 9.166667e-01 1.887936e-06
7.303922e-01 9.166667e-01 1.354118e-06
7.401961e-01 9.166667e-01 9.638802e-07
7.500000e-01 9.166667e-01 6.810241e-07
7.598039e-01 9.166667e-01 4.778016e-07
7.696078e-01 9.166667e-01 3.331876e-07
7.794118e-01 9.166667e-01 2.314549e-07
7.892157e-01 9.166667e-01 1.610263e-07
7.990196e-01 9.166667e-01 1.135739e-07
8.088235e-01 9.166667e-01 8.333980e-08
8.186275e-01 9.166667e-01 6.665307e-08
8.284314e-01 9.166667e-01 6.162825e-08
8.382353e-01 9.166667e-01 6.803475e-08
8.480392e-01 9.166667e-01 8.733704e-08
8.578431e-01 9.166667e-01 1.229137e-07
8.676471e-01 9.166667e-01 1.804727e-07
8.774510e-01 9.166667e-01 2.686899e-07
8.872549e-01 9.166667e-01 4.001048e-07
8.970588e-01 9.166667e-01 5.923152e-07
9.068627e-01 9.166667e-01 8.695163e-07
9.166667e-01 9.166667e-01 1.264429e-06
9.264706e-01 9.166667e-01 1.820655e-06
9.362745e-01 9.166667e-01 2.595495e-06
9.460784e-01 9.166667e-01 3.663216e-06
9.558824e-01 9.166667e-01 5.118772e-06
9.656863e-01 9.166667e-01 7.081877e-06
9.754902e-01 9.166667e-01 9.701331e-06
9.852941e-01 9.166667e-01 1.315941e-05
9.950980e-01 9.166667e-01 1.767603e-05
4.901961e-03 9.264706e-01 1.877930e-05
1.470588e-02 9.264706e-01 2.519179e-05
2.450980e-02 9.264706e-01 3.346575e-05
3.431373e-02 9.264706e-01 4.402754e-05
4.411765e-02 9.264706e-01 5.736542e-05
5.392157e-02 9.264706e-01 7.402814e-05
6.372549e-02 9.264706e-01 9.461996e-05
7.352941e-02 9.264706e-01 1.197915e-04
8.333333e-02 9.264706e-01 1.502256e-04
9.313725e-02 9.264706e-01 1.866181e-04
1.029412e-01 9.264706e-01 2.296531e-04
1.127451e-01 9.264706e-01 2.799728e-04
1.225490e-01 9.264706e-01 3.381433e-04
1.323529e-01 9.264706e-01 4.046158e-04
1.421569e-01 9.264706e-01 4.796866e-04
1.519608e-01 9.264706e-01 5.634567e-04
1.617647e-01 9.264706e-01 6.557932e-04
1.715686e-01 9.264706e-01 7.562956e-04
1.813725e-01 9.264706e-01 8.642697e-04
1.911765e-01 9.264706e-01 9.787115e-04
2.009804e-01 9.264706e-01 1.098303e-03
2.107843e-01 9.264706e-01 1.221423e-03
2.205882e-01 9.264706e-01 1.346171e-03
2.303922e-01 9.264706e-01 1.470411e-03
2.401961e-01 9.264706e-01 1.591825e-03
2.500000e-01 9.264706e-01 1.707982e-03
2.598039e-01 9.264706e-01 1.816421e-03
2.696078e-01 9.264706e-01 1.914732e-03
2.794118e-01 9.264706e-01 2.000649e-03
2.892157e-01 9.264706e-01 2.072136e-03
2.990196e-01 9.264706e-01 2.127468e-03
3.088235e-01 9.264706e-01 2.165298e-03
3.186275e-01 9.264706e-01 2.184715e-03
3.284314e-01 9.264706e-01 2.185280e-03
3.382353e-01 9.264706e-01 2.167038e-03
3.480392e-01 9.264706e-01 2.130519e-03
3.578431e-01 9.264706e-01 2.076710e-03
3.676471e-01 9.264706e-01 2.007010e-03
3.774510e-01 9.264706e-01 1.923172e-03
3.872549e-01 9.264706e-01 1.827232e-03
3.970588e-01 9.264706e-01 1.721423e-03
4.068627e-01 9.264706e-01 1.608092e-03
4.166667e-01 9.264706e-01 1.489619e-03
4.264706e-01 9.264706e-01 1.368332e-03
4.362745e-01 9.264706e-01 1.246438e-03
4.460784e-01 9.264706e-01 1.125962e-03
4.558824e-01 9.264706e-01 1.008699e-03
4.656863e-01 9.264706e-01 8.961793e-04
4.754902e-01 9.264706e-01 7.896488e-04
4.852941e-01 9.264706e-01 6.900639e-04
4.950980e-01 9.264706e-01 5.980965e-04
5.049020e-01 9.264706e-01 5.141502e-04
5.147059e-01 9.264706e-01 4.383849e-04
5.245098e-01 9.264706e-01 3.707473e-04
5.343137e-01 9.264706e-01 3.110048e-04
5.441176e-01 9.264706e-01 2.587811e-04
5.539216e-01 9.264706e-01 2.135916e-04
5.637255e-01 9.264706e-01 1.748764e-04
5.735294e-01 9.264706e-01 1.420311e-04
5.833333e-01 9.264706e-01 1.144327e-04
5.931373e-01 9.264706e-01 9.146189e-05
6.029412e-01 9.264706e-01 7.252086e-05
6.127451e-01 9.264706e-01 5.704629e-05
6.225490e-01 9.264706e-01 4.451871e-05
6.323529e-01 9.264706e-01 3.446808e-05
6.421569e-01 9.264706e-01 2.647645e-05
6.519608e-01 9.264706e-01 2.017805e-05
6.617647e-01 9.264706e-01 1.525751e-05
6.715686e-01 9.264706e-01 1.144675e-05
6.813725e-01 9.264706e-01 8.520850e-06
6.911765e-01 9.264706e-01 6.293530e-06
7.009804e-01 9.264706e-01 4.612384e-06
7.107843e-01 9.264706e-01 3.354180e-06
7.205882e-01 9.264706e-01 2.420417e-06
7.303922e-01 9.264706e-01 1.733234e-06
7.401961e-01 9.264706e-01 1.231763e-06
7.500000e-01 9.264706e-01 8.689303e-07
7.598039e-01 9.264706e-01 6.087361e-07
7.696078e-01 9.264706e-01 4.239665e-07
7.794118e-01 9.264706e-01 2.943207e-07
7.892157e-01 9.264706e-01 2.049069e-07
7.990196e-01 9.264706e-01 1.450706e-07
8.088235e-01 9.264706e-01 1.075165e-07
8.186275e-01 9.264706e-01 8.769423e-08
8.284314e-01 9.264706e-01 8.342794e-08
8.382353e-01 9.264706e-01 9.477696e-08
8.480392e-01 9.264706e-01 1.241298e-07
8.578431e-01 9.264706e-01 1.765443e-07
8.676471e-01 9.264706e-01 2.603600e-07
8.774510e-01 9.264706e-01 3.881209e-07
8.872549e-01 9.264706e-01 5.778579e-07
8.970588e-01 9.264706e-01 8.547890e-07
9.068627e-01 9.264706e-01 1.253498e-06
9.166667e-01 9.264706e-01 1.820655e-06
9.264706e-01 9.264706e-01 2.618332e-06
9.362745e-01 9.264706e-01 3.727942e-06
9.460784e-01 9.264706e-01 5.254811e-06
9.558824e-01 9.264706e-01 7.333338e-06
9.656863e-01 9.264706e-01 1.013264e-05
9.754902e-01 9.264706e-01 1.386249e-05
9.852941e-01 9.264706e-01 1.877930e-05
9.950980e-01 9.264706e-01 2.519179e-05
4.901961e-03 9.362745e-01 2.652961e-05
1.470588e-02 9.362745e-01 3.554163e-05
2.450980e-02 9.362745e-01 4.715243e-05
3.431373e-02 9.362745e-01 6.195143e-05
4.411765e-02 9.362745e-01 8.061181e-05
5.392157e-02 9.362745e-01 1.038879e-04
6.372549e-02 9.362745e-01 1.326078e-04
7.352941e-02 9.362745e-01 1.676595e-04
8.333333e-02 9.362745e-01 2.099715e-04
9.313725e-02 9.362745e-01 2.604849e-04
1.029412e-01 9.362745e-01 3.201192e-04
1.127451e-01 9.362745e-01 3.897301e-04
1.225490e-01 9.362745e-01 4.700625e-04
1.323529e-01 9.362745e-01 5.616976e-04
1.421569e-01 9.362745e-01 6.649982e-04
1.519608e-01 9.362745e-01 7.800540e-04
1.617647e-01 9.362745e-01 9.066305e-04
1.715686e-01 9.362745e-01 1.044125e-03
1.813725e-01 9.362745e-01 1.191532e-03
1.911765e-01 9.362745e-01 1.347426e-03
2.009804e-01 9.362745e-01 1.509956e-03
2.107843e-01 9.362745e-01 1.676866e-03
2.205882e-01 9.362745e-01 1.845528e-03
2.303922e-01 9.362745e-01 2.013008e-03
2.401961e-01 9.362745e-01 2.176139e-03
2.500000e-01 9.362745e-01 2.331618e-03
2.598039e-01 9.362745e-01 2.476118e-03
2.696078e-01 9.362745e-01 2.606404e-03
2.794118e-01 9.362745e-01 2.719454e-03
2.892157e-01 9.362745e-01 2.812577e-03
2.990196e-01 9.362745e-01 2.883517e-03
3.088235e-01 9.362745e-01 2.930547e-03
3.186275e-01 9.362745e-01 2.952538e-03
3.284314e-01 9.362745e-01 2.949006e-03
3.382353e-01 9.362745e-01 2.920123e-03
3.480392e-01 9.362745e-01 2.866712e-03
3.578431e-01 9.362745e-01 2.790209e-03
3.676471e-01 9.362745e-01 2.692594e-03
3.774510e-01 9.362745e-01 2.576311e-03
3.872549e-01 9.362745e-01 2.444165e-03
3.970588e-01 9.362745e-01 2.299213e-03
4.068627e-01 9.362745e-01 2.144646e-03
4.166667e-01 9.362745e-01 1.983678e-03
4.264706e-01 9.362745e-01 1.819436e-03
4.362745e-01 9.362745e-01 1.654869e-03
4.460784e-01 9.362745e-01 1.492665e-03
4.558824e-01 9.362745e-01 1.335193e-03
4.656863e-01 9.362745e-01 1.184456e-03
4.754902e-01 9.362745e-01 1.042073e-03
4.852941e-01 9.362745e-01 9.092677e-04
4.950980e-01 9.362745e-01 7.868827e-04
5.049020e-01 9.362745e-01 6.754033e-04
5.147059e-01 9.362745e-01 5.749914e-04
5.245098e-01 9.362745e-01 4.855282e-04
5.343137e-01 9.362745e-01 4.066609e-04
5.441176e-01 9.362745e-01 3.378508e-04
5.539216e-01 9.362745e-01 2.784208e-04
5.637255e-01 9.362745e-01 2.275999e-04
5.735294e-01 9.362745e-01 1.845634e-04
5.833333e-01 9.362745e-01 1.484676e-04
5.931373e-01 9.362745e-01 1.184784e-04
6.029412e-01 9.362745e-01 9.379458e-05
6.127451e-01 9.362745e-01 7.366413e-05
6.225490e-01 9.362745e-01 5.739619e-05
6.323529e-01 9.362745e-01 4.436777e-05
6.421569e-01 9.362745e-01 3.402659e-05
6.519608e-01 9.362745e-01 2.589071e-05
6.617647e-01 9.362745e-01 1.954578e-05
6.715686e-01 9.362745e-01 1.464043e-05
6.813725e-01 9.362745e-01 1.088066e-05
6.911765e-01 9.362745e-01 8.023527e-06
7.009804e-01 9.362745e-01 5.870748e-06
7.107843e-01 9.362745e-01 4.262359e-06
7.205882e-01 9.362745e-01 3.070780e-06
7.303922e-01 9.362745e-01 2.195392e-06
7.401961e-01 9.362745e-01 1.557702e-06
7.500000e-01 9.362745e-01 1.097142e-06
7.598039e-01 9.362745e-01 7.674946e-07
7.696078e-01 9.362745e-01 5.339069e-07
7.794118e-01 9.362745e-01 3.704531e-07
7.892157e-01 9.362745e-01 2.581866e-07
7.990196e-01 9.362745e-01 1.836306e-07
8.088235e-01 9.362745e-01 1.376579e-07
8.186275e-01 9.362745e-01 1.147211e-07
8.284314e-01 9.362745e-01 1.124055e-07
8.382353e-01 9.362745e-01 1.312941e-07
8.480392e-01 9.362745e-01 1.751474e-07
8.578431e-01 9.362745e-01 2.514189e-07
8.676471e-01 9.362745e-01 3.721456e-07
8.774510e-01 9.362745e-01 5.552657e-07
8.872549e-01 9.362745e-01 8.264346e-07
8.970588e-01 9.362745e-01 1.221417e-06
9.068627e-01 9.362745e-01 1.789140e-06
9.166667e-01 9.362745e-01 2.595495e-06
9.264706e-01 9.362745e-01 3.727942e-06
9.362745e-01 9.362745e-01 5.300980e-06
9.460784e-01 9.362745e-01 7.462458e-06
9.558824e-01 9.362745e-01 1.040067e-05
9.656863e-01 9.362745e-01 1.435207e-05
9.754902e-01 9.362745e-01 1.960938e-05
9.852941e-01 9.362745e-01 2.652961e-05
9.950980e-01 9.362745e-01 3.554163e-05
4.901961e-03 9.460784e-01 3.710266e-05
1.470588e-02 9.460784e-01 4.964049e-05
2.450980e-02 9.460784e-01 6.576969e-05
3.431373e-02 9.460784e-01 8.629673e-05
4.411765e-02 9.460784e-01 1.121402e-04
5.392157e-02 9.460784e-01 1.443263e-04
6.372549e-02 9.460784e-01 1.839779e-04
7.352941e-02 9.460784e-01 2.322946e-04
8.333333e-02 9.460784e-01 2.905253e-04
9.313725e-02 9.460784e-01 3.599290e-04
1.029412e-01 9.460784e-01 4.417279e-04
1.127451e-01 9.460784e-01 5.370493e-04
1.225490e-01 9.460784e-01 6.468612e-04
1.323529e-01 9.460784e-01 7.719007e-04
1.421569e-01 9.460784e-01 9.126008e-04
1.519608e-01 9.460784e-01 1.069017e-03
1.617647e-01 9.460784e-01 1.240761e-03
1.715686e-01 9.460784e-01 1.426942e-03
1.813725e-01 9.460784e-01 1.626124e-03
1.911765e-01 9.460784e-01 1.836306e-03
2.009804e-01 9.460784e-01 2.054919e-03
2.107843e-01 9.460784e-01 2.278857e-03
2.205882e-01 9.460784e-01 2.504529e-03
2.303922e-01 9.460784e-01 2.727945e-03
2.401961e-01 9.460784e-01 2.944824e-03
2.500000e-01 9.460784e-01 3.150730e-03
2.598039e-01 9.460784e-01 3.341213e-03
2.696078e-01 9.460784e-01 3.511979e-03
2.794118e-01 9.460784e-01 3.659041e-03
2.892157e-01 9.460784e-01 3.778882e-03
2.990196e-01 9.460784e-01 3.868593e-03
3.088235e-01 9.460784e-01 3.925989e-03
3.186275e-01 9.460784e-01 3.949698e-03
3.284314e-01 9.460784e-01 3.939217e-03
3.382353e-01 9.460784e-01 3.894929e-03
3.480392e-01 9.460784e-01 3.818078e-03
3.578431e-01 9.460784e-01 3.710718e-03
3.676471e-01 9.460784e-01 3.575614e-03
3.774510e-01 9.460784e-01 3.416132e-03
3.872549e-01 9.460784e-01 3.236098e-03
3.970588e-01 9.460784e-01 3.039648e-03
4.068627e-01 9.460784e-01 2.831071e-03
4.166667e-01 9.460784e-01 2.614661e-03
4.264706e-01 9.460784e-01 2.394574e-03
4.362745e-01 9.460784e-01 2.174706e-03
4.460784e-01 9.460784e-01 1.958587e-03
4.558824e-01 9.460784e-01 1.749308e-03
4.656863e-01 9.460784e-01 1.549463e-03
4.754902e-01 9.460784e-01 1.361125e-03
4.852941e-01 9.460784e-01 1.185844e-03
4.950980e-01 9.460784e-01 1.024661e-03
5.049020e-01 9.460784e-01 8.781437e-04
5.147059e-01 9.460784e-01 7.464386e-04
5.245098e-01 9.460784e-01 6.293261e-04
5.343137e-01 9.460784e-01 5.262841e-04
5.441176e-01 9.460784e-01 4.365534e-04
5.539216e-01 9.460784e-01 3.592005e-04
5.637255e-01 9.460784e-01 2.931759e-04
5.735294e-01 9.460784e-01 2.373672e-04
5.833333e-01 9.460784e-01 1.906443e-04
5.931373e-01 9.460784e-01 1.518961e-04
6.029412e-01 9.460784e-01 1.200601e-04
6.127451e-01 9.460784e-01 9.414304e-05
6.225490e-01 9.460784e-01 7.323601e-05
6.323529e-01 9.460784e-01 5.652190e-05
6.421569e-01 9.460784e-01 4.327860e-05
6.519608e-01 9.460784e-01 3.287779e-05
6.617647e-01 9.460784e-01 2.478069e-05
6.715686e-01 9.460784e-01 1.853165e-05
6.813725e-01 9.460784e-01 1.375034e-05
6.911765e-01 9.460784e-01 1.012325e-05
7.009804e-01 9.460784e-01 7.395072e-06
7.107843e-01 9.460784e-01 5.360337e-06
7.205882e-01 9.460784e-01 3.855525e-06
7.303922e-01 9.460784e-01 2.751956e-06
7.401961e-01 9.460784e-01 1.949467e-06
7.500000e-01 9.460784e-01 1.370938e-06
7.598039e-01 9.460784e-01 9.576552e-07
7.696078e-01 9.460784e-01 6.654528e-07
7.794118e-01 9.460784e-01 4.615726e-07
7.892157e-01 9.460784e-01 3.221703e-07
7.990196e-01 9.460784e-01 2.303940e-07
8.088235e-01 9.460784e-01 1.749721e-07
8.186275e-01 9.460784e-01 1.492611e-07
8.284314e-01 9.460784e-01 1.507204e-07
8.382353e-01 9.460784e-01 1.808006e-07
8.480392e-01 9.460784e-01 2.452554e-07
8.578431e-01 9.460784e-01 3.549080e-07
8.676471e-01 9.460784e-01 5.269268e-07
8.774510e-01 9.460784e-01 7.866866e-07
8.872549e-01 9.460784e-01 1.170311e-06
8.970588e-01 9.460784e-01 1.728002e-06
9.068627e-01 9.460784e-01 2.528277e-06
9.166667e-01 9.460784e-01 3.663216e-06
9.264706e-01 9.460784e-01 5.254811e-06
9.362745e-01 9.460784e-01 7.462458e-06
9.460784e-01 9.460784e-01 1.049159e-05
9.558824e-01 9.460784e-01 1.460334e-05
9.656863e-01 9.460784e-01 2.012495e-05
9.754902e-01 9.460784e-01 2.746071e-05
9.852941e-01 9.460784e-01 3.710266e-05
9.950980e-01 9.460784e-01 4.964049e-05
4.901961e-03 9.558824e-01 5.137153e-05
1.470588e-02 9.558824e-01 6.863986e-05
2.450980e-02 9.558824e-01 9.082124e-05
3.431373e-02 9.558824e-01 1.190079e-04
4.411765e-02 9.558824e-01 1.544403e-04
5.392157e-02 9.558824e-01 1.985003e-04
6.372549e-02 9.558824e-01 2.526945e-04
7.352941e-02 9.558824e-01 3.186267e-04
8.333333e-02 9.558824e-01 3.979586e-04
9.313725e-02 9.558824e-01 4.923570e-04
1.029412e-01 9.558824e-01 6.034279e-04
1.127451e-01 9.558824e-01 7.326394e-04
1.225490e-01 9.558824e-01 8.812332e-04
1.323529e-01 9.558824e-01 1.050130e-03
1.421569e-01 9.558824e-01 1.239831e-03
1.519608e-01 9.558824e-01 1.450321e-03
1.617647e-01 9.558824e-01 1.680985e-03
1.715686e-01 9.558824e-01 1.930529e-03
1.813725e-01 9.558824e-01 2.196929e-03
1.911765e-01 9.558824e-01 2.477411e-03
2.009804e-01 9.558824e-01 2.768448e-03
2.107843e-01 9.558824e-01 3.065812e-03
2.205882e-01 9.558824e-01 3.364646e-03
2.303922e-01 9.558824e-01 3.659586e-03
2.401961e-01 9.558824e-01 3.944908e-03
2.500000e-01 9.558824e-01 4.214711e-03
2.598039e-01 9.558824e-01 4.463116e-03
2.696078e-01 9.558824e-01 4.684479e-03
2.794118e-01 9.558824e-01 4.873604e-03
2.892157e-01 9.558824e-01 5.025948e-03
2.990196e-01 9.558824e-01 5.137803e-03
3.088235e-01 9.558824e-01 5.206445e-03
3.186275e-01 9.558824e-01 5.230246e-03
3.284314e-01 9.558824e-01 5.208735e-03
3.382353e-01 9.558824e-01 5.142616e-03
3.480392e-01 9.558824e-01 5.033728e-03
3.578431e-01 9.558824e-01 4.884962e-03
3.676471e-01 9.558824e-01 4.700136e-03
3.774510e-01 9.558824e-01 4.483830e-03
3.872549e-01 9.558824e-01 4.241202e-03
3.970588e-01 9.558824e-01 3.977786e-03
4.068627e-01 9.558824e-01 3.699286e-03
4.166667e-01 9.558824e-01 3.411376e-03
4.264706e-01 9.558824e-01 3.119520e-03
4.362745e-01 9.558824e-01 2.828806e-03
4.460784e-01 9.558824e-01 2.543823e-03
4.558824e-01 9.558824e-01 2.268557e-03
4.656863e-01 9.558824e-01 2.006330e-03
4.754902e-01 9.558824e-01 1.759766e-03
4.852941e-01 9.558824e-01 1.530800e-03
4.950980e-01 9.558824e-01 1.320695e-03
5.049020e-01 9.558824e-01 1.130103e-03
5.147059e-01 9.558824e-01 9.591238e-04
5.245098e-01 9.558824e-01 8.073883e-04
5.343137e-01 9.558824e-01 6.741417e-04
5.441176e-01 9.558824e-01 5.583297e-04
5.539216e-01 9.558824e-01 4.586809e-04
5.637255e-01 9.558824e-01 3.737838e-04
5.735294e-01 9.558824e-01 3.021549e-04
5.833333e-01 9.558824e-01 2.422967e-04
5.931373e-01 9.558824e-01 1.927450e-04
6.029412e-01 9.558824e-01 1.521058e-04
6.127451e-01 9.558824e-01 1.190815e-04
6.225490e-01 9.558824e-01 9.248850e-05
6.323529e-01 9.558824e-01 7.126641e-05
6.421569e-01 9.558824e-01 5.448092e-05
6.519608e-01 9.558824e-01 4.132139e-05
6.617647e-01 9.558824e-01 3.109461e-05
6.715686e-01 9.558824e-01 2.321577e-05
6.813725e-01 9.558824e-01 1.719800e-05
6.911765e-01 9.558824e-01 1.264089e-05
7.009804e-01 9.558824e-01 9.219180e-06
7.107843e-01 9.558824e-01 6.671641e-06
7.205882e-01 9.558824e-01 4.790872e-06
7.303922e-01 9.558824e-01 3.414015e-06
7.401961e-01 9.558824e-01 2.414580e-06
7.500000e-01 9.558824e-01 1.695393e-06
7.598039e-01 9.558824e-01 1.182643e-06
7.696078e-01 9.558824e-01 8.209468e-07
7.794118e-01 9.558824e-01 5.693520e-07
7.892157e-01 9.558824e-01 3.981777e-07
7.990196e-01 9.558824e-01 2.865945e-07
8.088235e-01 9.558824e-01 2.208672e-07
8.186275e-01 9.558824e-01 1.931953e-07
8.284314e-01 9.558824e-01 2.011109e-07
8.382353e-01 9.558824e-01 2.474239e-07
8.480392e-01 9.558824e-01 3.407294e-07
8.578431e-01 9.558824e-01 4.965251e-07
8.676471e-01 9.558824e-01 7.390165e-07
8.774510e-01 9.558824e-01 1.103714e-06
8.872549e-01 9.558824e-01 1.640955e-06
8.970588e-01 9.558824e-01 2.420491e-06
9.068627e-01 9.558824e-01 3.537302e-06
9.166667e-01 9.558824e-01 5.118772e-06
9.264706e-01 9.558824e-01 7.333338e-06
9.362745e-01 9.558824e-01 1.040067e-05
9.460784e-01 9.558824e-01 1.460334e-05
9.558824e-01 9.558824e-01 2.029981e-05
9.656863e-01 9.558824e-01 2.793843e-05
9.754902e-01 9.558824e-01 3.807193e-05
9.852941e-01 9.558824e-01 5.137153e-05
9.950980e-01 9.558824e-01 6.863986e-05
4.901961e-03 9.656863e-01 7.042157e-05
1.470588e-02 9.656863e-01 9.396821e-05
2.450980e-02 9.656863e-01 1.241686e-04
3.431373e-02 9.656863e-01 1.624868e-04
4.411765e-02 9.656863e-01 2.105812e-04
5.392157e-02 9.656863e-01 2.702931e-04
6.372549e-02 9.656863e-01 3.436233e-04
7.352941e-02 9.656863e-01 4.326934e-04
8.333333e-02 9.656863e-01 5.396914e-04
9.313725e-02 9.656863e-01 6.667996e-04
1.029412e-01 9.656863e-01 8.161057e-04
1.127451e-01 9.656863e-01 9.894988e-04
1.225490e-01 9.656863e-01 1.188551e-03
1.323529e-01 9.656863e-01 1.414394e-03
1.421569e-01 9.656863e-01 1.667585e-03
1.519608e-01 9.656863e-01 1.947988e-03
1.617647e-01 9.656863e-01 2.254657e-03
1.715686e-01 9.656863e-01 2.585743e-03
1.813725e-01 9.656863e-01 2.938434e-03
1.911765e-01 9.656863e-01 3.308923e-03
2.009804e-01 9.656863e-01 3.692428e-03
2.107843e-01 9.656863e-01 4.083251e-03
2.205882e-01 9.656863e-01 4.474898e-03
2.303922e-01 9.656863e-01 4.860230e-03
2.401961e-01 9.656863e-01 5.231679e-03
2.500000e-01 9.656863e-01 5.581480e-03
2.598039e-01 9.656863e-01 5.901946e-03
2.696078e-01 9.656863e-01 6.185743e-03
2.794118e-01 9.656863e-01 6.426174e-03
2.892157e-01 9.656863e-01 6.617440e-03
2.990196e-01 9.656863e-01 6.754875e-03
3.088235e-01 9.656863e-01 6.835134e-03
3.186275e-01 9.656863e-01 6.856332e-03
3.284314e-01 9.656863e-01 6.818112e-03
3.382353e-01 9.656863e-01 6.721654e-03
3.480392e-01 9.656863e-01 6.569618e-03
3.578431e-01 9.656863e-01 6.366020e-03
3.676471e-01 9.656863e-01 6.116059e-03
3.774510e-01 9.656863e-01 5.825899e-03
3.872549e-01 9.656863e-01 5.502416e-03
3.970588e-01 9.656863e-01 5.152935e-03
4.068627e-01 9.656863e-01 4.784956e-03
4.166667e-01 9.656863e-01 4.405899e-03
4.264706e-01 9.656863e-01 4.022867e-03
4.362745e-01 9.656863e-01 3.642438e-03
4.460784e-01 9.656863e-01 3.270508e-03
4.558824e-01 9.656863e-01 2.912160e-03
4.656863e-01 9.656863e-01 2.571598e-03
4.754902e-01 9.656863e-01 2.252108e-03
4.852941e-01 9.656863e-01 1.956069e-03
4.950980e-01 9.656863e-01 1.684992e-03
5.049020e-01 9.656863e-01 1.439597e-03
5.147059e-01 9.656863e-01 1.219898e-03
5.245098e-01 9.656863e-01 1.025309e-03
5.343137e-01 9.656863e-01 8.547628e-04
5.441176e-01 9.656863e-01 7.068139e-04
5.539216e-01 9.656863e-01 5.797530e-04
5.637255e-01 9.656863e-01 4.717033e-04
5.735294e-01 9.656863e-01 3.807082e-04
5.833333e-01 9.656863e-01 3.048051e-04
5.931373e-01 9.656863e-01 2.420852e-04
6.029412e-01 9.656863e-01 1.907388e-04
6.127451e-01 9.656863e-01 1.490885e-04
6.225490e-01 9.656863e-01 1.156091e-04
6.323529e-01 9.656863e-01 8.893888e-05
6.421569e-01 9.656863e-01 6.788155e-05
6.519608e-01 9.656863e-01 5.140210e-05
6.617647e-01 9.656863e-01 3.861781e-05
6.715686e-01 9.656863e-01 2.878595e-05
6.813725e-01 9.656863e-01 2.128962e-05
6.911765e-01 9.656863e-01 1.562280e-05
7.009804e-01 9.656863e-01 1.137530e-05
7.107843e-01 9.656863e-01 8.218475e-06
7.205882e-01 9.656863e-01 5.891982e-06
7.303922e-01 9.656863e-01 4.191829e-06
7.401961e-01 9.656863e-01 2.959932e-06
7.500000e-01 9.656863e-01 2.075115e-06
7.598039e-01 9.656863e-01 1.445548e-06
7.696078e-01 9.656863e-01 1.002508e-06
7.794118e-01 9.656863e-01 6.953427e-07
7.892157e-01 9.656863e-01 4.875066e-07
7.990196e-01 9.656863e-01 3.535551e-07
8.088235e-01 9.656863e-01 2.769816e-07
8.186275e-01 9.656863e-01 2.488276e-07
8.284314e-01 9.656863e-01 2.670168e-07
8.382353e-01 9.656863e-01 3.364029e-07
8.480392e-01 9.656863e-01 4.695607e-07
8.578431e-01 9.656863e-01 6.883878e-07
8.676471e-01 9.656863e-01 1.026626e-06
8.774510e-01 9.656863e-01 1.533446e-06
8.872549e-01 9.656863e-01 2.278273e-06
8.970588e-01 9.656863e-01 3.357041e-06
9.068627e-01 9.656863e-01 4.900090e-06
9.166667e-01 9.656863e-01 7.081877e-06
9.264706e-01 9.656863e-01 1.013264e-05
9.362745e-01 9.656863e-01 1.435207e-05
9.460784e-01 9.656863e-01 2.012495e-05
9.558824e-01 9.656863e-01 2.793843e-05
9.656863e-01 9.656863e-01 3.840060e-05
9.754902e-01 9.656863e-01 5.225950e-05
9.852941e-01 9.656863e-01 7.042157e-05
9.950980e-01 9.656863e-01 9.396821e-05
4.901961e-03 9.754902e-01 9.558223e-05
1.470588e-02 9.754902e-01 1.273715e-04
2.450980e-02 9.754902e-01 1.680821e-04
3.431373e-02 9.754902e-01 2.196567e-04
4.411765e-02 9.754902e-01 2.842896e-04
5.392157e-02 9.754902e-01 3.644094e-04
6.372549e-02 9.754902e-01 4.626458e-04
7.352941e-02 9.754902e-01 5.817763e-04
8.333333e-02 9.754902e-01 7.246514e-04
9.313725e-02 9.754902e-01 8.940977e-04
1.029412e-01 9.754902e-01 1.092799e-03
1.127451e-01 9.754902e-01 1.323157e-03
1.225490e-01 9.754902e-01 1.587137e-03
1.323529e-01 9.754902e-01 1.886103e-03
1.421569e-01 9.754902e-01 2.220647e-03
1.519608e-01 9.754902e-01 2.590435e-03
1.617647e-01 9.754902e-01 2.994054e-03
1.715686e-01 9.754902e-01 3.428905e-03
1.813725e-01 9.754902e-01 3.891123e-03
1.911765e-01 9.754902e-01 4.375551e-03
2.009804e-01 9.754902e-01 4.875770e-03
2.107843e-01 9.754902e-01 5.384191e-03
2.205882e-01 9.754902e-01 5.892216e-03
2.303922e-01 9.754902e-01 6.390454e-03
2.401961e-01 9.754902e-01 6.868997e-03
2.500000e-01 9.754902e-01 7.317743e-03
2.598039e-01 9.754902e-01 7.726744e-03
2.696078e-01 9.754902e-01 8.086578e-03
2.794118e-01 9.754902e-01 8.388708e-03
2.892157e-01 9.754902e-01 8.625819e-03
2.990196e-01 9.754902e-01 8.792118e-03
3.088235e-01 9.754902e-01 8.883563e-03
3.186275e-01 9.754902e-01 8.898032e-03
3.284314e-01 9.754902e-01 8.835401e-03
3.382353e-01 9.754902e-01 8.697540e-03
3.480392e-01 9.754902e-01 8.488219e-03
3.578431e-01 9.754902e-01 8.212941e-03
3.676471e-01 9.754902e-01 7.878703e-03
3.774510e-01 9.754902e-01 7.493702e-03
3.872549e-01 9.754902e-01 7.067005e-03
3.970588e-01 9.754902e-01 6.608200e-03
4.068627e-01 9.754902e-01 6.127045e-03
4.166667e-01 9.754902e-01 5.633138e-03
4.264706e-01 9.754902e-01 5.135613e-03
4.362745e-01 9.754902e-01 4.642883e-03
4.460784e-01 9.754902e-01 4.162436e-03
4.558824e-01 9.754902e-01 3.700689e-03
4.656863e-01 9.754902e-01 3.262898e-03
4.754902e-01 9.754902e-01 2.853124e-03
4.852941e-01 9.754902e-01 2.474257e-03
4.950980e-01 9.754902e-01 2.128070e-03
5.049020e-01 9.754902e-01 1.815324e-03
5.147059e-01 9.754902e-01 1.535889e-03
5.245098e-01 9.754902e-01 1.288881e-03
5.343137e-01 9.754902e-01 1.072810e-03
5.441176e-01 9.754902e-01 8.857272e-04
5.539216e-01 9.754902e-01 7.253598e-04
5.637255e-01 9.754902e-01 5.892411e-04
5.735294e-01 9.754902e-01 4.748189e-04
5.833333e-01 9.754902e-01 3.795489e-04
5.931373e-01 9.754902e-01 3.009688e-04
6.029412e-01 9.754902e-01 2.367545e-04
6.127451e-01 9.754902e-01 1.847596e-04
6.225490e-01 9.754902e-01 1.430398e-04
6.323529e-01 9.754902e-01 1.098643e-04
6.421569e-01 9.754902e-01 8.371716e-05
6.519608e-01 9.754902e-01 6.329066e-05
6.617647e-01 9.754902e-01 4.747232e-05
6.715686e-01 9.754902e-01 3.532851e-05
6.813725e-01 9.754902e-01 2.608573e-05
6.911765e-01 9.754902e-01 1.911095e-05
7.009804e-01 9.754902e-01 1.389226e-05
7.107843e-01 9.754902e-01 1.002045e-05
7.205882e-01 9.754902e-01 7.172049e-06
7.303922e-01 9.754902e-01 5.094193e-06
7.401961e-01 9.754902e-01 3.591338e-06
7.500000e-01 9.754902e-01 2.513934e-06
7.598039e-01 9.754902e-01 1.748918e-06
7.696078e-01 9.754902e-01 1.211901e-06
7.794118e-01 9.754902e-01 8.408935e-07
7.892157e-01 9.754902e-01 5.913936e-07
7.990196e-01 9.754902e-01 4.326855e-07
8.088235e-01 9.754902e-01 3.452178e-07
8.186275e-01 9.754902e-01 3.189644e-07
8.284314e-01 9.754902e-01 3.527177e-07
8.382353e-01 9.754902e-01 4.543079e-07
8.480392e-01 9.754902e-01 6.417934e-07
8.578431e-01 9.754902e-01 9.457219e-07
8.676471e-01 9.754902e-01 1.412609e-06
8.774510e-01 9.754902e-01 2.109830e-06
8.872549e-01 9.754902e-01 3.132162e-06
8.970588e-01 9.754902e-01 4.610228e-06
9.068627e-01 9.754902e-01 6.721103e-06
9.166667e-01 9.754902e-01 9.701331e-06
9.264706e-01 9.754902e-01 1.386249e-05
9.362745e-01 9.754902e-01 1.960938e-05
9.460784e-01 9.754902e-01 2.746071e-05
9.558824e-01 9.754902e-01 3.807193e-05
9.656863e-01 9.754902e-01 5.225950e-05
9.754902e-01 9.754902e-01 7.102566e-05
9.852941e-01 9.754902e-01 9.558223e-05
9.950980e-01 9.754902e-01 1.273715e-04
4.901961e-03 9.852941e-01 1.284574e-04
1.470588e-02 9.852941e-01 1.709513e-04
2.450980e-02 9.852941e-01 2.252882e-04
3.431373e-02 9.852941e-01 2.940198e-04
4.411765e-02 9.852941e-01 3.800200e-04
5.392157e-02 9.852941e-01 4.864595e-04
6.372549e-02 9.852941e-01 6.167593e-04
7.352941e-02 9.852941e-01 7.745173e-04
8.333333e-02 9.852941e-01 9.634085e-04
9.313725e-02 9.852941e-01 1.187055e-03
1.029412e-01 9.852941e-01 1.448867e-03
1.127451e-01 9.852941e-01 1.751863e-03
1.225490e-01 9.852941e-01 2.098466e-03
1.323529e-01 9.852941e-01 2.490288e-03
1.421569e-01 9.852941e-01 2.927917e-03
1.519608e-01 9.852941e-01 3.410709e-03
1.617647e-01 9.852941e-01 3.936612e-03
1.715686e-01 9.852941e-01 4.502021e-03
1.813725e-01 9.852941e-01 5.101691e-03
1.911765e-01 9.852941e-01 5.728713e-03
2.009804e-01 9.852941e-01 6.374567e-03
2.107843e-01 9.852941e-01 7.029254e-03
2.205882e-01 9.852941e-01 7.681513e-03
2.303922e-01 9.852941e-01 8.319117e-03
2.401961e-01 9.852941e-01 8.929236e-03
2.500000e-01 9.852941e-01 9.498863e-03
2.598039e-01 9.852941e-01 1.001527e-02
2.696078e-01 9.852941e-01 1.046647e-02
2.794118e-01 9.852941e-01 1.084172e-02
2.892157e-01 9.852941e-01 1.113190e-02
2.990196e-01 9.852941e-01 1.132991e-02
3.088235e-01 9.852941e-01 1.143094e-02
3.186275e-01 9.852941e-01 1.143269e-02
3.284314e-01 9.852941e-01 1.133545e-02
3.382353e-01 9.852941e-01 1.114204e-02
3.480392e-01 9.852941e-01 1.085773e-02
3.578431e-01 9.852941e-01 1.048995e-02
3.676471e-01 9.852941e-01 1.004800e-02
3.774510e-01 9.852941e-01 9.542660e-03
3.872549e-01 9.852941e-01 8.985758e-03
3.970588e-01 9.852941e-01 8.389707e-03
4.068627e-01 9.852941e-01 7.767068e-03
4.166667e-01 9.852941e-01 7.130121e-03
4.264706e-01 9.852941e-01 6.490486e-03
4.362745e-01 9.852941e-01 5.858807e-03
4.460784e-01 9.852941e-01 5.244494e-03
4.558824e-01 9.852941e-01 4.655553e-03
4.656863e-01 9.852941e-01 4.098481e-03
4.754902e-01 9.852941e-01 3.578235e-03
4.852941e-01 9.852941e-01 3.098273e-03
4.950980e-01 9.852941e-01 2.660637e-03
5.049020e-01 9.852941e-01 2.266089e-03
5.147059e-01 9.852941e-01 1.914271e-03
5.245098e-01 9.852941e-01 1.603893e-03
5.343137e-01 9.852941e-01 1.332915e-03
5.441176e-01 9.852941e-01 1.098739e-03
5.539216e-01 9.852941e-01 8.983824e-04
5.637255e-01 9.852941e-01 7.286381e-04
5.735294e-01 9.852941e-01 5.862138e-04
5.833333e-01 9.852941e-01 4.678460e-04
5.931373e-01 9.852941e-01 3.703922e-04
6.029412e-01 9.852941e-01 2.908988e-04
6.127451e-01 9.852941e-01 2.266481e-04
6.225490e-01 9.852941e-01 1.751867e-04
6.323529e-01 9.852941e-01 1.343377e-04
6.421569e-01 9.852941e-01 1.022001e-04
6.519608e-01 9.852941e-01 7.713829e-05
6.617647e-01 9.852941e-01 5.776466e-05
6.715686e-01 9.852941e-01 4.291771e-05
6.813725e-01 9.852941e-01 3.163747e-05
6.911765e-01 9.852941e-01 2.314018e-05
7.009804e-01 9.852941e-01 1.679351e-05
7.107843e-01 9.852941e-01 1.209313e-05
7.205882e-01 9.852941e-01 8.641298e-06
7.303922e-01 9.852941e-01 6.127734e-06
7.401961e-01 9.852941e-01 4.313051e-06
7.500000e-01 9.852941e-01 3.014577e-06
7.598039e-01 9.852941e-01 2.094540e-06
7.696078e-01 9.852941e-01 1.450390e-06
7.794118e-01 9.852941e-01 1.007067e-06
7.892157e-01 9.852941e-01 7.109740e-07
7.990196e-01 9.852941e-01 5.254812e-07
8.088235e-01 9.852941e-01 4.277823e-07
8.186275e-01 9.852941e-01 4.070007e-07
8.284314e-01 9.852941e-01 4.634816e-07
8.382353e-01 9.852941e-01 6.092752e-07
8.480392e-01 9.852941e-01 8.698819e-07
8.578431e-01 9.852941e-01 1.287394e-06
8.676471e-01 9.852941e-01 1.925242e-06
8.774510e-01 9.852941e-01 2.874792e-06
8.872549e-01 9.852941e-01 4.264130e-06
8.970588e-01 9.852941e-01 6.269328e-06
9.068627e-01 9.852941e-01 9.128573e-06
9.166667e-01 9.852941e-01 1.315941e-05
9.264706e-01 9.852941e-01 1.877930e-05
9.362745e-01 9.852941e-01 2.652961e-05
9.460784e-01 9.852941e-01 3.710266e-05
9.558824e-01 9.852941e-01 5.137153e-05
9.656863e-01 9.852941e-01 7.042157e-05
9.754902e-01 9.852941e-01 9.558223e-05
9.852941e-01 9.852941e-01 1.284574e-04
9.950980e-01 9.852941e-01 1.709513e-04
4.901961e-03 9.950980e-01 1.709513e-04
1.470588e-02 9.950980e-01 2.271971e-04
2.450980e-02 9.950980e-01 2.990087e-04
3.431373e-02 9.950980e-01 3.897046e-04
4.411765e-02 9.950980e-01 5.030107e-04
5.392157e-02 9.950980e-01 6.430245e-04
6.372549e-02 9.950980e-01 8.141505e-04
7.352941e-02 9.950980e-01 1.021002e-03
8.333333e-02 9.950980e-01 1.268266e-03
9.313725e-02 9.950980e-01 1.560534e-03
1.029412e-01 9.950980e-01 1.902093e-03
1.127451e-01 9.950980e-01 2.296689e-03
1.225490e-01 9.950980e-01 2.747267e-03
1.323529e-01 9.950980e-01 3.255694e-03
1.421569e-01 9.950980e-01 3.822484e-03
1.519608e-01 9.950980e-01 4.446545e-03
1.617647e-01 9.950980e-01 5.124951e-03
1.715686e-01 9.950980e-01 5.852775e-03
1.813725e-01 9.950980e-01 6.622983e-03
1.911765e-01 9.950980e-01 7.426426e-03
2.009804e-01 9.950980e-01 8.251915e-03
2.107843e-01 9.950980e-01 9.086416e-03
2.205882e-01 9.950980e-01 9.915338e-03
2.303922e-01 9.950980e-01 1.072293e-02
2.401961e-01 9.950980e-01 1.149275e-02
2.500000e-01 9.950980e-01 1.220823e-02
2.598039e-01 9.950980e-01 1.285325e-02
2.696078e-01 9.950980e-01 1.341277e-02
2.794118e-01 9.950980e-01 1.387337e-02
2.892157e-01 9.950980e-01 1.422384e-02
2.990196e-01 9.950980e-01 1.445557e-02
3.088235e-01 9.950980e-01 1.456299e-02
3.186275e-01 9.950980e-01 1.454370e-02
3.284314e-01 9.950980e-01 1.439862e-02
3.382353e-01 9.950980e-01 1.413191e-02
3.480392e-01 9.950980e-01 1.375077e-02
3.578431e-01 9.950980e-01 1.326512e-02
3.676471e-01 9.950980e-01 1.268719e-02
3.774510e-01 9.950980e-01 1.203099e-02
3.872549e-01 9.950980e-01 1.131177e-02
3.970588e-01 9.950980e-01 1.054544e-02
4.068627e-01 9.950980e-01 9.747991e-03
4.166667e-01 9.950980e-01 8.934968e-03
4.264706e-01 9.950980e-01 8.121001e-03
4.362745e-01 9.950980e-01 7.319404e-03
4.460784e-01 9.950980e-01 6.541878e-03
4.558824e-01 9.950980e-01 5.798296e-03
4.656863e-01 9.950980e-01 5.096597e-03
4.754902e-01 9.950980e-01 4.442758e-03
4.852941e-01 9.950980e-01 3.840855e-03
4.950980e-01 9.950980e-01 3.293186e-03
5.049020e-01 9.950980e-01 2.800451e-03
5.147059e-01 9.950980e-01 2.361963e-03
5.245098e-01 9.950980e-01 1.975884e-03
5.343137e-01 9.950980e-01 1.639469e-03
5.441176e-01 9.950980e-01 1.349298e-03
5.539216e-01 9.950980e-01 1.101501e-03
5.637255e-01 9.950980e-01 8.919576e-04
5.735294e-01 9.950980e-01 7.164650e-04
5.833333e-01 9.950980e-01 5.708823e-04
5.931373e-01 9.950980e-01 4.512406e-04
6.029412e-01 9.950980e-01 3.538253e-04
6.127451e-01 9.950980e-01 2.752312e-04
6.225490e-01 9.950980e-01 2.123946e-04
6.323529e-01 9.950980e-01 1.626055e-04
6.421569e-01 9.950980e-01 1.235041e-04
6.519608e-01 9.950980e-01 9.306589e-05
6.617647e-01 9.950980e-01 6.957793e-05
6.715686e-01 9.950980e-01 5.160986e-05
6.813725e-01 9.950980e-01 3.798242e-05
6.911765e-01 9.950980e-01 2.773516e-05
7.009804e-01 9.950980e-01 2.009495e-05
7.107843e-01 9.950980e-01 1.444658e-05
7.205882e-01 9.950980e-01 1.030593e-05
7.303922e-01 9.950980e-01 7.296187e-06
7.401961e-01 9.950980e-01 5.127271e-06
7.500000e-01 9.950980e-01 3.578335e-06
7.598039e-01 9.950980e-01 2.483219e-06
7.696078e-01 9.950980e-01 1.718602e-06
7.794118e-01 9.950980e-01 1.194555e-06
7.892157e-01 9.950980e-01 8.472455e-07
7.990196e-01 9.950980e-01 6.335266e-07
8.088235e-01 9.950980e-01 5.272289e-07
8.186275e-01 9.950980e-01 5.170120e-07
8.284314e-01 9.950980e-01 6.057190e-07
8.382353e-01 9.950980e-01 8.112492e-07
8.480392e-01 9.950980e-01 1.169055e-06
8.578431e-01 9.950980e-01 1.736451e-06
8.676471e-01 9.950980e-01 2.599006e-06
8.774510e-01 9.950980e-01 3.879358e-06
8.872549e-01 9.950980e-01 5.748870e-06
8.970588e-01 9.950980e-01 8.442534e-06
9.068627e-01 9.950980e-01 1.227756e-05
9.166667e-01 9.950980e-01 1.767603e-05
9.264706e-01 9.950980e-01 2.519179e-05
9.362745e-01 9.950980e-01 3.554163e-05
9.460784e-01 9.950980e-01 4.964049e-05
9.558824e-01 9.950980e-01 6.863986e-05
9.656863e-01 9.950980e-01 9.396821e-05
9.754902e-01 9.950980e-01 1.273715e-04
9.852941e-01 9.950980e-01 1.709513e-04
9.950980e-01 9.950980e-01 2.271971e-04
