TITLE = "2D Linear Advection"
VARIABLES = "x" "y" "u"
ZONE I=102, J=102, F=POINT
4.901961e-03 4.901961e-03 4.203204e-74
1.470588e-02 4.901961e-03 3.588538e-41
2.450980e-02 4.901961e-03 7.268887e-41
3.431373e-02 4.901961e-03 1.428807e-40
4.411765e-02 4.901961e-03 2.725427e-40
5.392157e-02 4.901961e-03 5.044880e-40
6.372549e-02 4.901961e-03 9.061967e-40
7.352941e-02 4.901961e-03 1.579608e-39
8.333333e-02 4.901961e-03 2.671970e-39
9.313725e-02 4.901961e-03 4.386004e-39
1.029412e-01 4.901961e-03 6.986535e-39
1.127451e-01 4.901961e-03 1.079966e-38
1.225490e-01 4.901961e-03 1.619994e-38
1.323529e-01 4.901961e-03 2.358153e-38
1.421569e-01 4.901961e-03 3.331088e-38
1.519608e-01 4.901961e-03 4.566205e-38
1.617647e-01 4.901961e-03 6.074073e-38
1.715686e-01 4.901961e-03 7.840792e-38
1.813725e-01 4.901961e-03 9.821892e-38
1.911765e-01 4.901961e-03 1.193949e-37
2.009804e-01 4.901961e-03 1.408418e-37
2.107843e-01 4.901961e-03 1.612251e-37
2.205882e-01 4.901961e-03 1.790973e-37
2.303922e-01 4.901961e-03 1.930638e-37
2.401961e-01 4.901961e-03 2.019612e-37
2.500000e-01 4.901961e-03 2.050172e-37
2.598039e-01 4.901961e-03 2.019612e-37
2.696078e-01 4.901961e-03 1.930638e-37
2.794118e-01 4.901961e-03 1.790973e-37
2.892157e-01 4.901961e-03 1.612251e-37
2.990196e-01 4.901961e-03 1.408418e-37
3.088235e-01 4.901961e-03 1.193949e-37
3.186275e-01 4.901961e-03 9.821892e-38
3.284314e-01 4.901961e-03 7.840792e-38
3.382353e-01 4.901961e-03 6.074073e-38
3.480392e-01 4.901961e-03 4.566205e-38
3.578431e-01 4.901961e-03 3.331088e-38
3.676471e-01 4.901961e-03 2.358153e-38
3.774510e-01 4.901961e-03 1.619994e-38
3.872549e-01 4.901961e-03 1.079966e-38
3.970588e-01 4.901961e-03 6.986535e-39
4.068627e-01 4.901961e-03 4.386004e-39
4.166667e-01 4.901961e-03 2.671970e-39
4.264706e-01 4.901961e-03 1.579608e-39
4.362745e-01 4.901961e-03 9.061967e-40
4.460784e-01 4.901961e-03 5.044880e-40
4.558824e-01 4.901961e-03 2.725427e-40
4.656863e-01 4.901961e-03 1.428807e-40
4.754902e-01 4.901961e-03 7.268887e-41
4.852941e-01 4.901961e-03 3.588538e-41
4.950980e-01 4.901961e-03 1.719184e-41
5.049020e-01 4.901961e-03 7.992501e-42
5.147059e-01 4.901961e-03 3.605772e-42
5.245098e-01 4.901961e-03 1.578589e-42
5.343137e-01 4.901961e-03 6.706489e-43
5.441176e-01 4.901961e-03 2.764882e-43
5.539216e-01 4.901961e-03 1.106148e-43
5.637255e-01 4.901961e-03 4.294429e-44
5.735294e-01 4.901961e-03 1.617904e-44
5.833333e-01 4.901961e-03 5.915010e-45
5.931373e-01 4.901961e-03 2.098522e-45
6.029412e-01 4.901961e-03 7.224814e-46
6.127451e-01 4.901961e-03 2.413767e-46
6.225490e-01 4.901961e-03 7.825627e-47
6.323529e-01 4.901961e-03 2.462058e-47
6.421569e-01 4.901961e-03 7.516796e-48
6.519608e-01 4.901961e-03 2.227012e-48
6.617647e-01 4.901961e-03 6.402766e-49
6.715686e-01 4.901961e-03 1.786356e-49
6.813725e-01 4.901961e-03 4.836417e-50
6.911765e-01 4.901961e-03 1.270676e-50
7.009804e-01 4.901961e-03 3.239672e-51
7.107843e-01 4.901961e-03 8.015352e-52
7.205882e-01 4.901961e-03 1.924418e-52
7.303922e-01 4.901961e-03 4.483650e-53
7.401961e-01 4.901961e-03 1.013723e-53
7.500000e-01 4.901961e-03 2.224140e-54
7.598039e-01 4.901961e-03 4.735438e-55
7.696078e-01 4.901961e-03 9.783935e-56
7.794118e-01 4.901961e-03 1.961653e-56
7.892157e-01 4.901961e-03 3.816685e-57
7.990196e-01 4.901961e-03 7.206189e-58
8.088235e-01 4.901961e-03 1.320323e-58
8.186275e-01 4.901961e-03 2.347525e-59
8.284314e-01 4.901961e-03 4.050377e-60
8.382353e-01 4.901961e-03 6.781659e-61
8.480392e-01 4.901961e-03 1.101874e-61
8.578431e-01 4.901961e-03 1.737333e-62
8.676471e-01 4.901961e-03 2.658211e-63
8.774510e-01 4.901961e-03 3.946855e-64
8.872549e-01 4.901961e-03 5.686803e-65
8.970588e-01 4.901961e-03 7.951345e-66
9.068627e-01 4.901961e-03 1.078868e-66
9.166667e-01 4.901961e-03 1.420533e-67
9.264706e-01 4.901961e-03 1.815054e-68
9.362745e-01 4.901961e-03 2.250521e-69
9.460784e-01 4.901961e-03 2.707896e-70
9.558824e-01 4.901961e-03 3.161812e-71
9.656863e-01 4.901961e-03 3.582577e-72
9.754902e-01 4.901961e-03 3.939221e-73
9.852941e-01 4.901961e-03 4.203204e-74
9.950980e-01 4.901961e-03 3.588538e-41
4.901961e-03 1.470588e-02 3.588538e-41
1.470588e-02 1.470588e-02 3.063759e-08
2.450980e-02 1.470588e-02 6.205903e-08
3.431373e-02 1.470588e-02 1.219862e-07
4.411765e-02 1.470588e-02 2.326868e-07
5.392157e-02 1.470588e-02 4.307130e-07
6.372549e-02 1.470588e-02 7.736767e-07
7.352941e-02 1.470588e-02 1.348610e-06
8.333333e-02 1.470588e-02 2.281228e-06
9.313725e-02 1.470588e-02 3.744606e-06
1.029412e-01 1.470588e-02 5.964842e-06
1.127451e-01 1.470588e-02 9.220342e-06
1.225490e-01 1.470588e-02 1.383090e-05
1.323529e-01 1.470588e-02 2.013303e-05
1.421569e-01 1.470588e-02 2.843958e-05
1.519608e-01 1.470588e-02 3.898455e-05
1.617647e-01 1.470588e-02 5.185816e-05
1.715686e-01 1.470588e-02 6.694174e-05
1.813725e-01 1.470588e-02 8.385563e-05
1.911765e-01 1.470588e-02 1.019349e-04
2.009804e-01 1.470588e-02 1.202454e-04
2.107843e-01 1.470588e-02 1.376479e-04
2.205882e-01 1.470588e-02 1.529066e-04
2.303922e-01 1.470588e-02 1.648306e-04
2.401961e-01 1.470588e-02 1.724269e-04
2.500000e-01 1.470588e-02 1.750360e-04
2.598039e-01 1.470588e-02 1.724269e-04
2.696078e-01 1.470588e-02 1.648306e-04
2.794118e-01 1.470588e-02 1.529066e-04
2.892157e-01 1.470588e-02 1.376479e-04
2.990196e-01 1.470588e-02 1.202454e-04
3.088235e-01 1.470588e-02 1.019349e-04
3.186275e-01 1.470588e-02 8.385563e-05
3.284314e-01 1.470588e-02 6.694174e-05
3.382353e-01 1.470588e-02 5.185816e-05
3.480392e-01 1.470588e-02 3.898455e-05
3.578431e-01 1.470588e-02 2.843958e-05
3.676471e-01 1.470588e-02 2.013303e-05
3.774510e-01 1.470588e-02 1.383090e-05
3.872549e-01 1.470588e-02 9.220342e-06
3.970588e-01 1.470588e-02 5.964842e-06
4.068627e-01 1.470588e-02 3.744606e-06
4.166667e-01 1.470588e-02 2.281228e-06
4.264706e-01 1.470588e-02 1.348610e-06
4.362745e-01 1.470588e-02 7.736767e-07
4.460784e-01 1.470588e-02 4.307130e-07
4.558824e-01 1.470588e-02 2.326868e-07
4.656863e-01 1.470588e-02 1.219862e-07
4.754902e-01 1.470588e-02 6.205903e-08
4.852941e-01 1.470588e-02 3.063759e-08
4.950980e-01 1.470588e-02 1.467775e-08
5.049020e-01 1.470588e-02 6.823698e-09
5.147059e-01 1.470588e-02 3.078473e-09
5.245098e-01 1.470588e-02 1.347740e-09
5.343137e-01 1.470588e-02 5.725749e-10
5.441176e-01 1.470588e-02 2.360553e-10
5.539216e-01 1.470588e-02 9.443881e-11
5.637255e-01 1.470588e-02 3.666423e-11
5.735294e-01 1.470588e-02 1.381306e-11
5.833333e-01 1.470588e-02 5.050014e-12
5.931373e-01 1.470588e-02 1.791639e-12
6.029412e-01 1.470588e-02 6.168276e-13
6.127451e-01 1.470588e-02 2.060783e-13
6.225490e-01 1.470588e-02 6.681227e-14
6.323529e-01 1.470588e-02 2.102013e-14
6.421569e-01 1.470588e-02 6.417559e-15
6.519608e-01 1.470588e-02 1.901339e-15
6.617647e-01 1.470588e-02 5.466442e-16
6.715686e-01 1.470588e-02 1.525124e-16
6.813725e-01 1.470588e-02 4.129151e-17
6.911765e-01 1.470588e-02 1.084855e-17
7.009804e-01 1.470588e-02 2.765910e-18
7.107843e-01 1.470588e-02 6.843207e-19
7.205882e-01 1.470588e-02 1.642996e-19
7.303922e-01 1.470588e-02 3.827972e-20
7.401961e-01 1.470588e-02 8.654785e-21
7.500000e-01 1.470588e-02 1.898887e-21
7.598039e-01 1.470588e-02 4.042939e-22
7.696078e-01 1.470588e-02 8.353157e-23
7.794118e-01 1.470588e-02 1.674786e-23
7.892157e-01 1.470588e-02 3.258543e-24
7.990196e-01 1.470588e-02 6.152374e-25
8.088235e-01 1.470588e-02 1.127242e-25
8.186275e-01 1.470588e-02 2.004229e-26
8.284314e-01 1.470588e-02 3.458060e-27
8.382353e-01 1.470588e-02 5.789927e-28
8.480392e-01 1.470588e-02 9.407385e-29
8.578431e-01 1.470588e-02 1.483269e-29
8.676471e-01 1.470588e-02 2.269481e-30
8.774510e-01 1.470588e-02 3.369677e-31
8.872549e-01 1.470588e-02 4.855180e-32
8.970588e-01 1.470588e-02 6.788560e-33
9.068627e-01 1.470588e-02 9.210969e-34
9.166667e-01 1.470588e-02 1.212798e-34
9.264706e-01 1.470588e-02 1.549625e-35
9.362745e-01 1.470588e-02 1.921410e-36
9.460784e-01 1.470588e-02 2.311900e-37
9.558824e-01 1.470588e-02 2.699437e-38
9.656863e-01 1.470588e-02 3.058670e-39
9.754902e-01 1.470588e-02 3.363159e-40
9.852941e-01 1.470588e-02 3.588538e-41
9.950980e-01 1.470588e-02 3.063759e-08
4.901961e-03 2.450980e-02 7.268887e-41
1.470588e-02 2.450980e-02 6.205903e-08
2.450980e-02 2.450980e-02 1.257058e-07
3.431373e-02 2.450980e-02 2.470934e-07
4.411765e-02 2.450980e-02 4.713267e-07
5.392157e-02 2.450980e-02 8.724456e-07
6.372549e-02 2.450980e-02 1.567148e-06
7.352941e-02 2.450980e-02 2.731724e-06
8.333333e-02 2.450980e-02 4.620820e-06
9.313725e-02 2.450980e-02 7.585016e-06
1.029412e-01 2.450980e-02 1.208229e-05
1.127451e-01 2.450980e-02 1.867658e-05
1.225490e-01 2.450980e-02 2.801566e-05
1.323529e-01 2.450980e-02 4.078116e-05
1.421569e-01 2.450980e-02 5.760677e-05
1.519608e-01 2.450980e-02 7.896649e-05
1.617647e-01 2.450980e-02 1.050431e-04
1.715686e-01 2.450980e-02 1.355962e-04
1.813725e-01 2.450980e-02 1.698567e-04
1.911765e-01 2.450980e-02 2.064777e-04
2.009804e-01 2.450980e-02 2.435673e-04
2.107843e-01 2.450980e-02 2.788176e-04
2.205882e-01 2.450980e-02 3.097252e-04
2.303922e-01 2.450980e-02 3.338784e-04
2.401961e-01 2.450980e-02 3.492652e-04
2.500000e-01 2.450980e-02 3.545502e-04
2.598039e-01 2.450980e-02 3.492652e-04
2.696078e-01 2.450980e-02 3.338784e-04
2.794118e-01 2.450980e-02 3.097252e-04
2.892157e-01 2.450980e-02 2.788176e-04
2.990196e-01 2.450980e-02 2.435673e-04
3.088235e-01 2.450980e-02 2.064777e-04
3.186275e-01 2.450980e-02 1.698567e-04
3.284314e-01 2.450980e-02 1.355962e-04
3.382353e-01 2.450980e-02 1.050431e-04
3.480392e-01 2.450980e-02 7.896649e-05
3.578431e-01 2.450980e-02 5.760677e-05
3.676471e-01 2.450980e-02 4.078116e-05
3.774510e-01 2.450980e-02 2.801566e-05
3.872549e-01 2.450980e-02 1.867658e-05
3.970588e-01 2.450980e-02 1.208229e-05
4.068627e-01 2.450980e-02 7.585016e-06
4.166667e-01 2.450980e-02 4.620820e-06
4.264706e-01 2.450980e-02 2.731724e-06
4.362745e-01 2.450980e-02 1.567148e-06
4.460784e-01 2.450980e-02 8.724456e-07
4.558824e-01 2.450980e-02 4.713267e-07
4.656863e-01 2.450980e-02 2.470934e-07
4.754902e-01 2.450980e-02 1.257058e-07
4.852941e-01 2.450980e-02 6.205903e-08
4.950980e-01 2.450980e-02 2.973103e-08
5.049020e-01 2.450980e-02 1.382198e-08
5.147059e-01 2.450980e-02 6.235707e-09
5.245098e-01 2.450980e-02 2.729962e-09
5.343137e-01 2.450980e-02 1.159799e-09
5.441176e-01 2.450980e-02 4.781500e-10
5.539216e-01 2.450980e-02 1.912938e-10
5.637255e-01 2.450980e-02 7.426650e-11
5.735294e-01 2.450980e-02 2.797952e-11
5.833333e-01 2.450980e-02 1.022923e-11
5.931373e-01 2.450980e-02 3.629116e-12
6.029412e-01 2.450980e-02 1.249436e-12
6.127451e-01 2.450980e-02 4.174291e-13
6.225490e-01 2.450980e-02 1.353339e-13
6.323529e-01 2.450980e-02 4.257805e-14
6.421569e-01 2.450980e-02 1.299931e-14
6.519608e-01 2.450980e-02 3.851324e-15
6.617647e-01 2.450980e-02 1.107274e-15
6.715686e-01 2.450980e-02 3.089267e-16
6.813725e-01 2.450980e-02 8.363945e-17
6.911765e-01 2.450980e-02 2.197466e-17
7.009804e-01 2.450980e-02 5.602585e-18
7.107843e-01 2.450980e-02 1.386149e-18
7.205882e-01 2.450980e-02 3.328028e-19
7.303922e-01 2.450980e-02 7.753882e-20
7.401961e-01 2.450980e-02 1.753100e-20
7.500000e-01 2.450980e-02 3.846356e-21
7.598039e-01 2.450980e-02 8.189316e-22
7.696078e-01 2.450980e-02 1.692003e-22
7.794118e-01 2.450980e-02 3.392421e-23
7.892157e-01 2.450980e-02 6.600453e-24
7.990196e-01 2.450980e-02 1.246215e-24
8.088235e-01 2.450980e-02 2.283325e-25
8.186275e-01 2.450980e-02 4.059735e-26
8.284314e-01 2.450980e-02 7.004593e-27
8.382353e-01 2.450980e-02 1.172799e-27
8.480392e-01 2.450980e-02 1.905545e-28
8.578431e-01 2.450980e-02 3.004488e-29
8.676471e-01 2.450980e-02 4.597025e-30
8.774510e-01 2.450980e-02 6.825565e-31
8.872549e-01 2.450980e-02 9.834577e-32
8.970588e-01 2.450980e-02 1.375080e-32
9.068627e-01 2.450980e-02 1.865760e-33
9.166667e-01 2.450980e-02 2.456624e-34
9.264706e-01 2.450980e-02 3.138896e-35
9.362745e-01 2.450980e-02 3.891979e-36
9.460784e-01 2.450980e-02 4.682949e-37
9.558824e-01 2.450980e-02 5.467938e-38
9.656863e-01 2.450980e-02 6.195595e-39
9.754902e-01 2.450980e-02 6.812364e-40
9.852941e-01 2.450980e-02 7.268887e-41
9.950980e-01 2.450980e-02 6.205903e-08
4.901961e-03 3.431373e-02 1.428807e-40
1.470588e-02 3.431373e-02 1.219862e-07
2.450980e-02 3.431373e-02 2.470934e-07
3.431373e-02 3.431373e-02 4.856985e-07
4.411765e-02 3.431373e-02 9.264622e-07
5.392157e-02 3.431373e-02 1.714921e-06
6.372549e-02 3.431373e-02 3.080460e-06
7.352941e-02 3.431373e-02 5.369607e-06
8.333333e-02 3.431373e-02 9.082903e-06
9.313725e-02 3.431373e-02 1.490947e-05
1.029412e-01 3.431373e-02 2.374953e-05
1.127451e-01 3.431373e-02 3.671158e-05
1.225490e-01 3.431373e-02 5.506891e-05
1.323529e-01 3.431373e-02 8.016138e-05
1.421569e-01 3.431373e-02 1.132346e-04
1.519608e-01 3.431373e-02 1.552203e-04
1.617647e-01 3.431373e-02 2.064777e-04
1.715686e-01 3.431373e-02 2.665343e-04
1.813725e-01 3.431373e-02 3.338784e-04
1.911765e-01 3.431373e-02 4.058624e-04
2.009804e-01 3.431373e-02 4.787675e-04
2.107843e-01 3.431373e-02 5.480571e-04
2.205882e-01 3.431373e-02 6.088106e-04
2.303922e-01 3.431373e-02 6.562873e-04
2.401961e-01 3.431373e-02 6.865324e-04
2.500000e-01 3.431373e-02 6.969207e-04
2.598039e-01 3.431373e-02 6.865324e-04
2.696078e-01 3.431373e-02 6.562873e-04
2.794118e-01 3.431373e-02 6.088106e-04
2.892157e-01 3.431373e-02 5.480571e-04
2.990196e-01 3.431373e-02 4.787675e-04
3.088235e-01 3.431373e-02 4.058624e-04
3.186275e-01 3.431373e-02 3.338784e-04
3.284314e-01 3.431373e-02 2.665343e-04
3.382353e-01 3.431373e-02 2.064777e-04
3.480392e-01 3.431373e-02 1.552203e-04
3.578431e-01 3.431373e-02 1.132346e-04
3.676471e-01 3.431373e-02 8.016138e-05
3.774510e-01 3.431373e-02 5.506891e-05
3.872549e-01 3.431373e-02 3.671158e-05
3.970588e-01 3.431373e-02 2.374953e-05
4.068627e-01 3.431373e-02 1.490947e-05
4.166667e-01 3.431373e-02 9.082903e-06
4.264706e-01 3.431373e-02 5.369607e-06
4.362745e-01 3.431373e-02 3.080460e-06
4.460784e-01 3.431373e-02 1.714921e-06
4.558824e-01 3.431373e-02 9.264622e-07
4.656863e-01 3.431373e-02 4.856985e-07
4.754902e-01 3.431373e-02 2.470934e-07
4.852941e-01 3.431373e-02 1.219862e-07
4.950980e-01 3.431373e-02 5.844073e-08
5.049020e-01 3.431373e-02 2.716914e-08
5.147059e-01 3.431373e-02 1.225720e-08
5.245098e-01 3.431373e-02 5.366143e-09
5.343137e-01 3.431373e-02 2.279756e-09
5.441176e-01 3.431373e-02 9.398744e-10
5.539216e-01 3.431373e-02 3.760162e-10
5.637255e-01 3.431373e-02 1.459818e-10
5.735294e-01 3.431373e-02 5.499788e-11
5.833333e-01 3.431373e-02 2.010706e-11
5.931373e-01 3.431373e-02 7.133564e-12
6.029412e-01 3.431373e-02 2.455952e-12
6.127451e-01 3.431373e-02 8.205186e-13
6.225490e-01 3.431373e-02 2.660188e-13
6.323529e-01 3.431373e-02 8.369345e-14
6.421569e-01 3.431373e-02 2.555206e-14
6.519608e-01 3.431373e-02 7.570346e-15
6.617647e-01 3.431373e-02 2.176511e-15
6.715686e-01 3.431373e-02 6.072411e-16
6.813725e-01 3.431373e-02 1.644057e-16
6.911765e-01 3.431373e-02 4.319444e-17
7.009804e-01 3.431373e-02 1.101271e-17
7.107843e-01 3.431373e-02 2.724682e-18
7.205882e-01 3.431373e-02 6.541731e-19
7.303922e-01 3.431373e-02 1.524140e-19
7.401961e-01 3.431373e-02 3.445977e-20
7.500000e-01 3.431373e-02 7.560581e-21
7.598039e-01 3.431373e-02 1.609731e-21
7.696078e-01 3.431373e-02 3.325881e-22
7.794118e-01 3.431373e-02 6.668305e-23
7.892157e-01 3.431373e-02 1.297417e-23
7.990196e-01 3.431373e-02 2.449620e-24
8.088235e-01 3.431373e-02 4.488212e-25
8.186275e-01 3.431373e-02 7.980008e-26
8.284314e-01 3.431373e-02 1.376856e-26
8.382353e-01 3.431373e-02 2.305309e-27
8.480392e-01 3.431373e-02 3.745631e-28
8.578431e-01 3.431373e-02 5.905764e-29
8.676471e-01 3.431373e-02 9.036132e-30
8.774510e-01 3.431373e-02 1.341666e-30
8.872549e-01 3.431373e-02 1.933131e-31
8.970588e-01 3.431373e-02 2.702923e-32
9.068627e-01 3.431373e-02 3.667426e-33
9.166667e-01 3.431373e-02 4.828857e-34
9.264706e-01 3.431373e-02 6.169964e-35
9.362745e-01 3.431373e-02 7.650260e-36
9.460784e-01 3.431373e-02 9.205027e-37
9.558824e-01 3.431373e-02 1.074804e-37
9.656863e-01 3.431373e-02 1.217836e-38
9.754902e-01 3.431373e-02 1.339071e-39
9.852941e-01 3.431373e-02 1.428807e-40
9.950980e-01 3.431373e-02 1.219862e-07
4.901961e-03 4.411765e-02 2.725427e-40
1.470588e-02 4.411765e-02 2.326868e-07
2.450980e-02 4.411765e-02 4.713267e-07
3.431373e-02 4.411765e-02 9.264622e-07
4.411765e-02 4.411765e-02 1.767212e-06
5.392157e-02 4.411765e-02 3.271184e-06
6.372549e-02 4.411765e-02 5.875930e-06
7.352941e-02 4.411765e-02 1.024244e-05
8.333333e-02 4.411765e-02 1.732550e-05
9.313725e-02 4.411765e-02 2.843958e-05
1.029412e-01 4.411765e-02 4.530185e-05
1.127451e-01 4.411765e-02 7.002677e-05
1.225490e-01 4.411765e-02 1.050431e-04
1.323529e-01 4.411765e-02 1.529066e-04
1.421569e-01 4.411765e-02 2.159933e-04
1.519608e-01 4.411765e-02 2.960803e-04
1.617647e-01 4.411765e-02 3.938530e-04
1.715686e-01 4.411765e-02 5.084100e-04
1.813725e-01 4.411765e-02 6.368678e-04
1.911765e-01 4.411765e-02 7.741762e-04
2.009804e-01 4.411765e-02 9.132415e-04
2.107843e-01 4.411765e-02 1.045410e-03
2.205882e-01 4.411765e-02 1.161297e-03
2.303922e-01 4.411765e-02 1.251858e-03
2.401961e-01 4.411765e-02 1.309550e-03
2.500000e-01 4.411765e-02 1.329365e-03
2.598039e-01 4.411765e-02 1.309550e-03
2.696078e-01 4.411765e-02 1.251858e-03
2.794118e-01 4.411765e-02 1.161297e-03
2.892157e-01 4.411765e-02 1.045410e-03
2.990196e-01 4.411765e-02 9.132415e-04
3.088235e-01 4.411765e-02 7.741762e-04
3.186275e-01 4.411765e-02 6.368678e-04
3.284314e-01 4.411765e-02 5.084100e-04
3.382353e-01 4.411765e-02 3.938530e-04
3.480392e-01 4.411765e-02 2.960803e-04
3.578431e-01 4.411765e-02 2.159933e-04
3.676471e-01 4.411765e-02 1.529066e-04
3.774510e-01 4.411765e-02 1.050431e-04
3.872549e-01 4.411765e-02 7.002677e-05
3.970588e-01 4.411765e-02 4.530185e-05
4.068627e-01 4.411765e-02 2.843958e-05
4.166667e-01 4.411765e-02 1.732550e-05
4.264706e-01 4.411765e-02 1.024244e-05
4.362745e-01 4.411765e-02 5.875930e-06
4.460784e-01 4.411765e-02 3.271184e-06
4.558824e-01 4.411765e-02 1.767212e-06
4.656863e-01 4.411765e-02 9.264622e-07
4.754902e-01 4.411765e-02 4.713267e-07
4.852941e-01 4.411765e-02 2.326868e-07
4.950980e-01 4.411765e-02 1.114748e-07
5.049020e-01 4.411765e-02 5.182470e-08
5.147059e-01 4.411765e-02 2.338042e-08
5.245098e-01 4.411765e-02 1.023583e-08
5.343137e-01 4.411765e-02 4.348599e-09
5.441176e-01 4.411765e-02 1.792796e-09
5.539216e-01 4.411765e-02 7.172450e-10
5.637255e-01 4.411765e-02 2.784579e-10
5.735294e-01 4.411765e-02 1.049076e-10
5.833333e-01 4.411765e-02 3.835391e-11
5.931373e-01 4.411765e-02 1.360716e-11
6.029412e-01 4.411765e-02 4.684690e-12
6.127451e-01 4.411765e-02 1.565126e-12
6.225490e-01 4.411765e-02 5.074266e-13
6.323529e-01 4.411765e-02 1.596439e-13
6.421569e-01 4.411765e-02 4.874016e-14
6.519608e-01 4.411765e-02 1.444032e-14
6.617647e-01 4.411765e-02 4.151660e-15
6.715686e-01 4.411765e-02 1.158303e-15
6.813725e-01 4.411765e-02 3.136013e-16
6.911765e-01 4.411765e-02 8.239272e-17
7.009804e-01 4.411765e-02 2.100657e-17
7.107843e-01 4.411765e-02 5.197287e-18
7.205882e-01 4.411765e-02 1.247825e-18
7.303922e-01 4.411765e-02 2.907273e-19
7.401961e-01 4.411765e-02 6.573147e-20
7.500000e-01 4.411765e-02 1.442169e-20
7.598039e-01 4.411765e-02 3.070537e-21
7.696078e-01 4.411765e-02 6.344066e-22
7.794118e-01 4.411765e-02 1.271969e-22
7.892157e-01 4.411765e-02 2.474802e-23
7.990196e-01 4.411765e-02 4.672612e-24
8.088235e-01 4.411765e-02 8.561195e-25
8.186275e-01 4.411765e-02 1.522174e-25
8.284314e-01 4.411765e-02 2.626332e-26
8.382353e-01 4.411765e-02 4.397341e-27
8.480392e-01 4.411765e-02 7.144732e-28
8.578431e-01 4.411765e-02 1.126515e-28
8.676471e-01 4.411765e-02 1.723628e-29
8.774510e-01 4.411765e-02 2.559206e-30
8.872549e-01 4.411765e-02 3.687418e-31
8.970588e-01 4.411765e-02 5.155784e-32
9.068627e-01 4.411765e-02 6.995558e-33
9.166667e-01 4.411765e-02 9.210969e-34
9.264706e-01 4.411765e-02 1.176911e-34
9.362745e-01 4.411765e-02 1.459275e-35
9.460784e-01 4.411765e-02 1.755844e-36
9.558824e-01 4.411765e-02 2.050172e-37
9.656863e-01 4.411765e-02 2.323003e-38
9.754902e-01 4.411765e-02 2.554256e-39
9.852941e-01 4.411765e-02 2.725427e-40
9.950980e-01 4.411765e-02 2.326868e-07
4.901961e-03 5.392157e-02 5.044880e-40
1.470588e-02 5.392157e-02 4.307130e-07
2.450980e-02 5.392157e-02 8.724456e-07
3.431373e-02 5.392157e-02 1.714921e-06
4.411765e-02 5.392157e-02 3.271184e-06
5.392157e-02 5.392157e-02 6.055099e-06
6.372549e-02 5.392157e-02 1.087659e-05
7.352941e-02 5.392157e-02 1.895919e-05
8.333333e-02 5.392157e-02 3.207022e-05
9.313725e-02 5.392157e-02 5.264286e-05
1.029412e-01 5.392157e-02 8.385563e-05
1.127451e-01 5.392157e-02 1.296225e-04
1.225490e-01 5.392157e-02 1.944392e-04
1.323529e-01 5.392157e-02 2.830365e-04
1.421569e-01 5.392157e-02 3.998126e-04
1.519608e-01 5.392157e-02 5.480571e-04
1.617647e-01 5.392157e-02 7.290384e-04
1.715686e-01 5.392157e-02 9.410882e-04
1.813725e-01 5.392157e-02 1.178869e-03
1.911765e-01 5.392157e-02 1.433033e-03
2.009804e-01 5.392157e-02 1.690448e-03
2.107843e-01 5.392157e-02 1.935098e-03
2.205882e-01 5.392157e-02 2.149609e-03
2.303922e-01 5.392157e-02 2.317241e-03
2.401961e-01 5.392157e-02 2.424032e-03
2.500000e-01 5.392157e-02 2.460711e-03
2.598039e-01 5.392157e-02 2.424032e-03
2.696078e-01 5.392157e-02 2.317241e-03
2.794118e-01 5.392157e-02 2.149609e-03
2.892157e-01 5.392157e-02 1.935098e-03
2.990196e-01 5.392157e-02 1.690448e-03
3.088235e-01 5.392157e-02 1.433033e-03
3.186275e-01 5.392157e-02 1.178869e-03
3.284314e-01 5.392157e-02 9.410882e-04
3.382353e-01 5.392157e-02 7.290384e-04
3.480392e-01 5.392157e-02 5.480571e-04
3.578431e-01 5.392157e-02 3.998126e-04
3.676471e-01 5.392157e-02 2.830365e-04
3.774510e-01 5.392157e-02 1.944392e-04
3.872549e-01 5.392157e-02 1.296225e-04
3.970588e-01 5.392157e-02 8.385563e-05
4.068627e-01 5.392157e-02 5.264286e-05
4.166667e-01 5.392157e-02 3.207022e-05
4.264706e-01 5.392157e-02 1.895919e-05
4.362745e-01 5.392157e-02 1.087659e-05
4.460784e-01 5.392157e-02 6.055099e-06
4.558824e-01 5.392157e-02 3.271184e-06
4.656863e-01 5.392157e-02 1.714921e-06
4.754902e-01 5.392157e-02 8.724456e-07
4.852941e-01 5.392157e-02 4.307130e-07
4.950980e-01 5.392157e-02 2.063445e-07
5.049020e-01 5.392157e-02 9.592971e-08
5.147059e-01 5.392157e-02 4.327815e-08
5.245098e-01 5.392157e-02 1.894696e-08
5.343137e-01 5.392157e-02 8.049439e-09
5.441176e-01 5.392157e-02 3.318540e-09
5.539216e-01 5.392157e-02 1.327651e-09
5.637255e-01 5.392157e-02 5.154373e-10
5.735294e-01 5.392157e-02 1.941884e-10
5.833333e-01 5.392157e-02 7.099469e-11
5.931373e-01 5.392157e-02 2.518743e-11
6.029412e-01 5.392157e-02 8.671557e-12
6.127451e-01 5.392157e-02 2.897115e-12
6.225490e-01 5.392157e-02 9.392680e-13
6.323529e-01 5.392157e-02 2.955076e-13
6.421569e-01 5.392157e-02 9.022008e-14
6.519608e-01 5.392157e-02 2.672963e-14
6.617647e-01 5.392157e-02 7.684897e-15
6.715686e-01 5.392157e-02 2.144067e-15
6.813725e-01 5.392157e-02 5.804892e-16
6.911765e-01 5.392157e-02 1.525124e-16
7.009804e-01 5.392157e-02 3.888404e-17
7.107843e-01 5.392157e-02 9.620397e-18
7.205882e-01 5.392157e-02 2.309776e-18
7.303922e-01 5.392157e-02 5.381485e-19
7.401961e-01 5.392157e-02 1.216717e-19
7.500000e-01 5.392157e-02 2.669515e-20
7.598039e-01 5.392157e-02 5.683692e-21
7.696078e-01 5.392157e-02 1.174313e-21
7.794118e-01 5.392157e-02 2.354467e-22
7.892157e-01 5.392157e-02 4.580962e-23
7.990196e-01 5.392157e-02 8.649202e-24
8.088235e-01 5.392157e-02 1.584713e-24
8.186275e-01 5.392157e-02 2.817608e-25
8.284314e-01 5.392157e-02 4.861450e-26
8.382353e-01 5.392157e-02 8.139662e-27
8.480392e-01 5.392157e-02 1.322520e-27
8.578431e-01 5.392157e-02 2.085227e-28
8.676471e-01 5.392157e-02 3.190508e-29
8.774510e-01 5.392157e-02 4.737198e-30
8.872549e-01 5.392157e-02 6.825565e-31
8.970588e-01 5.392157e-02 9.543573e-32
9.068627e-01 5.392157e-02 1.294907e-32
9.166667e-01 5.392157e-02 1.704989e-33
9.264706e-01 5.392157e-02 2.178512e-34
9.362745e-01 5.392157e-02 2.701180e-35
9.460784e-01 5.392157e-02 3.250142e-36
9.558824e-01 5.392157e-02 3.794954e-37
9.656863e-01 5.392157e-02 4.299976e-38
9.754902e-01 5.392157e-02 4.728036e-39
9.852941e-01 5.392157e-02 5.044880e-40
9.950980e-01 5.392157e-02 4.307130e-07
4.901961e-03 6.372549e-02 9.061967e-40
1.470588e-02 6.372549e-02 7.736767e-07
2.450980e-02 6.372549e-02 1.567148e-06
3.431373e-02 6.372549e-02 3.080460e-06
4.411765e-02 6.372549e-02 5.875930e-06
5.392157e-02 6.372549e-02 1.087659e-05
6.372549e-02 6.372549e-02 1.953730e-05
7.352941e-02 6.372549e-02 3.405582e-05
8.333333e-02 6.372549e-02 5.760677e-05
9.313725e-02 6.372549e-02 9.456078e-05
1.029412e-01 6.372549e-02 1.506273e-04
1.127451e-01 6.372549e-02 2.328370e-04
1.225490e-01 6.372549e-02 3.492652e-04
1.323529e-01 6.372549e-02 5.084100e-04
1.421569e-01 6.372549e-02 7.181713e-04
1.519608e-01 6.372549e-02 9.844584e-04
1.617647e-01 6.372549e-02 1.309550e-03
1.715686e-01 6.372549e-02 1.690448e-03
1.813725e-01 6.372549e-02 2.117567e-03
1.911765e-01 6.372549e-02 2.574113e-03
2.009804e-01 6.372549e-02 3.036502e-03
2.107843e-01 6.372549e-02 3.475959e-03
2.205882e-01 6.372549e-02 3.861278e-03
2.303922e-01 6.372549e-02 4.162391e-03
2.401961e-01 6.372549e-02 4.354215e-03
2.500000e-01 6.372549e-02 4.420101e-03
2.598039e-01 6.372549e-02 4.354215e-03
2.696078e-01 6.372549e-02 4.162391e-03
2.794118e-01 6.372549e-02 3.861278e-03
2.892157e-01 6.372549e-02 3.475959e-03
2.990196e-01 6.372549e-02 3.036502e-03
3.088235e-01 6.372549e-02 2.574113e-03
3.186275e-01 6.372549e-02 2.117567e-03
3.284314e-01 6.372549e-02 1.690448e-03
3.382353e-01 6.372549e-02 1.309550e-03
3.480392e-01 6.372549e-02 9.844584e-04
3.578431e-01 6.372549e-02 7.181713e-04
3.676471e-01 6.372549e-02 5.084100e-04
3.774510e-01 6.372549e-02 3.492652e-04
3.872549e-01 6.372549e-02 2.328370e-04
3.970588e-01 6.372549e-02 1.506273e-04
4.068627e-01 6.372549e-02 9.456078e-05
4.166667e-01 6.372549e-02 5.760677e-05
4.264706e-01 6.372549e-02 3.405582e-05
4.362745e-01 6.372549e-02 1.953730e-05
4.460784e-01 6.372549e-02 1.087659e-05
4.558824e-01 6.372549e-02 5.875930e-06
4.656863e-01 6.372549e-02 3.080460e-06
4.754902e-01 6.372549e-02 1.567148e-06
4.852941e-01 6.372549e-02 7.736767e-07
4.950980e-01 6.372549e-02 3.706504e-07
5.049020e-01 6.372549e-02 1.723156e-07
5.147059e-01 6.372549e-02 7.773923e-08
5.245098e-01 6.372549e-02 3.403385e-08
5.343137e-01 6.372549e-02 1.445897e-08
5.441176e-01 6.372549e-02 5.960994e-09
5.539216e-01 6.372549e-02 2.384819e-09
5.637255e-01 6.372549e-02 9.258646e-10
5.735294e-01 6.372549e-02 3.488147e-10
5.833333e-01 6.372549e-02 1.275256e-10
5.931373e-01 6.372549e-02 4.524342e-11
6.029412e-01 6.372549e-02 1.557646e-11
6.127451e-01 6.372549e-02 5.204000e-12
6.225490e-01 6.372549e-02 1.687179e-12
6.323529e-01 6.372549e-02 5.308115e-13
6.421569e-01 6.372549e-02 1.620596e-13
6.519608e-01 6.372549e-02 4.801363e-14
6.617647e-01 6.372549e-02 1.380415e-14
6.715686e-01 6.372549e-02 3.851324e-15
6.813725e-01 6.372549e-02 1.042715e-15
6.911765e-01 6.372549e-02 2.739534e-16
7.009804e-01 6.372549e-02 6.984624e-17
7.107843e-01 6.372549e-02 1.728083e-17
7.205882e-01 6.372549e-02 4.148982e-18
7.303922e-01 6.372549e-02 9.666599e-19
7.401961e-01 6.372549e-02 2.185552e-19
7.500000e-01 6.372549e-02 4.795170e-20
7.598039e-01 6.372549e-02 1.020945e-20
7.696078e-01 6.372549e-02 2.109384e-21
7.794118e-01 6.372549e-02 4.229259e-22
7.892157e-01 6.372549e-02 8.228645e-23
7.990196e-01 6.372549e-02 1.553630e-23
8.088235e-01 6.372549e-02 2.846573e-24
8.186275e-01 6.372549e-02 5.061185e-25
8.284314e-01 6.372549e-02 8.732477e-26
8.382353e-01 6.372549e-02 1.462103e-26
8.480392e-01 6.372549e-02 2.375603e-27
8.578431e-01 6.372549e-02 3.745631e-28
8.676471e-01 6.372549e-02 5.731013e-29
8.774510e-01 6.372549e-02 8.509287e-30
8.872549e-01 6.372549e-02 1.226056e-30
8.970588e-01 6.372549e-02 1.714283e-31
9.068627e-01 6.372549e-02 2.326003e-32
9.166667e-01 6.372549e-02 3.062621e-33
9.264706e-01 6.372549e-02 3.913195e-34
9.362745e-01 6.372549e-02 4.852048e-35
9.460784e-01 6.372549e-02 5.838132e-36
9.558824e-01 6.372549e-02 6.816761e-37
9.656863e-01 6.372549e-02 7.723917e-38
9.754902e-01 6.372549e-02 8.492829e-39
9.852941e-01 6.372549e-02 9.061967e-40
9.950980e-01 6.372549e-02 7.736767e-07
4.901961e-03 7.352941e-02 1.579608e-39
1.470588e-02 7.352941e-02 1.348610e-06
2.450980e-02 7.352941e-02 2.731724e-06
3.431373e-02 7.352941e-02 5.369607e-06
4.411765e-02 7.352941e-02 1.024244e-05
5.392157e-02 7.352941e-02 1.895919e-05
6.372549e-02 7.352941e-02 3.405582e-05
7.352941e-02 7.352941e-02 5.936333e-05
8.333333e-02 7.352941e-02 1.004154e-04
9.313725e-02 7.352941e-02 1.648306e-04
1.029412e-01 7.352941e-02 2.625613e-04
1.127451e-01 7.352941e-02 4.058624e-04
1.225490e-01 7.352941e-02 6.088106e-04
1.323529e-01 7.352941e-02 8.862188e-04
1.421569e-01 7.352941e-02 1.251858e-03
1.519608e-01 7.352941e-02 1.716028e-03
1.617647e-01 7.352941e-02 2.282700e-03
1.715686e-01 7.352941e-02 2.946652e-03
1.813725e-01 7.352941e-02 3.691170e-03
1.911765e-01 7.352941e-02 4.486985e-03
2.009804e-01 7.352941e-02 5.292982e-03
2.107843e-01 7.352941e-02 6.059008e-03
2.205882e-01 7.352941e-02 6.730665e-03
2.303922e-01 7.352941e-02 7.255540e-03
2.401961e-01 7.352941e-02 7.589912e-03
2.500000e-01 7.352941e-02 7.704760e-03
2.598039e-01 7.352941e-02 7.589912e-03
2.696078e-01 7.352941e-02 7.255540e-03
2.794118e-01 7.352941e-02 6.730665e-03
2.892157e-01 7.352941e-02 6.059008e-03
2.990196e-01 7.352941e-02 5.292982e-03
3.088235e-01 7.352941e-02 4.486985e-03
3.186275e-01 7.352941e-02 3.691170e-03
3.284314e-01 7.352941e-02 2.946652e-03
3.382353e-01 7.352941e-02 2.282700e-03
3.480392e-01 7.352941e-02 1.716028e-03
3.578431e-01 7.352941e-02 1.251858e-03
3.676471e-01 7.352941e-02 8.862188e-04
3.774510e-01 7.352941e-02 6.088106e-04
3.872549e-01 7.352941e-02 4.058624e-04
3.970588e-01 7.352941e-02 2.625613e-04
4.068627e-01 7.352941e-02 1.648306e-04
4.166667e-01 7.352941e-02 1.004154e-04
4.264706e-01 7.352941e-02 5.936333e-05
4.362745e-01 7.352941e-02 3.405582e-05
4.460784e-01 7.352941e-02 1.895919e-05
4.558824e-01 7.352941e-02 1.024244e-05
4.656863e-01 7.352941e-02 5.369607e-06
4.754902e-01 7.352941e-02 2.731724e-06
4.852941e-01 7.352941e-02 1.348610e-06
4.950980e-01 7.352941e-02 6.460875e-07
5.049020e-01 7.352941e-02 3.003666e-07
5.147059e-01 7.352941e-02 1.355087e-07
5.245098e-01 7.352941e-02 5.932503e-08
5.343137e-01 7.352941e-02 2.520369e-08
5.441176e-01 7.352941e-02 1.039072e-08
5.539216e-01 7.352941e-02 4.157022e-09
5.637255e-01 7.352941e-02 1.613892e-09
5.735294e-01 7.352941e-02 6.080254e-10
5.833333e-01 7.352941e-02 2.222923e-10
5.931373e-01 7.352941e-02 7.886464e-11
6.029412e-01 7.352941e-02 2.715161e-11
6.127451e-01 7.352941e-02 9.071188e-12
6.225490e-01 7.352941e-02 2.940953e-12
6.323529e-01 7.352941e-02 9.252673e-13
6.421569e-01 7.352941e-02 2.824891e-13
6.519608e-01 7.352941e-02 8.369345e-14
6.617647e-01 7.352941e-02 2.406227e-14
6.715686e-01 7.352941e-02 6.713313e-15
6.813725e-01 7.352941e-02 1.817576e-15
6.911765e-01 7.352941e-02 4.775332e-16
7.009804e-01 7.352941e-02 1.217503e-16
7.107843e-01 7.352941e-02 3.012253e-17
7.205882e-01 7.352941e-02 7.232166e-18
7.303922e-01 7.352941e-02 1.685003e-18
7.401961e-01 7.352941e-02 3.809677e-19
7.500000e-01 7.352941e-02 8.358549e-20
7.598039e-01 7.352941e-02 1.779627e-20
7.696078e-01 7.352941e-02 3.676905e-21
7.794118e-01 7.352941e-02 7.372099e-22
7.892157e-01 7.352941e-02 1.434350e-22
7.990196e-01 7.352941e-02 2.708161e-23
8.088235e-01 7.352941e-02 4.961913e-24
8.186275e-01 7.352941e-02 8.822244e-25
8.284314e-01 7.352941e-02 1.522174e-25
8.382353e-01 7.352941e-02 2.548619e-26
8.480392e-01 7.352941e-02 4.140957e-27
8.578431e-01 7.352941e-02 6.529078e-28
8.676471e-01 7.352941e-02 9.989835e-29
8.774510e-01 7.352941e-02 1.483269e-29
8.872549e-01 7.352941e-02 2.137160e-30
8.970588e-01 7.352941e-02 2.988199e-31
9.068627e-01 7.352941e-02 4.054498e-32
9.166667e-01 7.352941e-02 5.338510e-33
9.264706e-01 7.352941e-02 6.821162e-34
9.362745e-01 7.352941e-02 8.457693e-35
9.460784e-01 7.352941e-02 1.017656e-35
9.558824e-01 7.352941e-02 1.188242e-36
9.656863e-01 7.352941e-02 1.346370e-37
9.754902e-01 7.352941e-02 1.480401e-38
9.852941e-01 7.352941e-02 1.579608e-39
9.950980e-01 7.352941e-02 1.348610e-06
4.901961e-03 8.333333e-02 2.671970e-39
1.470588e-02 8.333333e-02 2.281228e-06
2.450980e-02 8.333333e-02 4.620820e-06
3.431373e-02 8.333333e-02 9.082903e-06
4.411765e-02 8.333333e-02 1.732550e-05
5.392157e-02 8.333333e-02 3.207022e-05
6.372549e-02 8.333333e-02 5.760677e-05
7.352941e-02 8.333333e-02 1.004154e-04
8.333333e-02 8.333333e-02 1.698567e-04
9.313725e-02 8.333333e-02 2.788176e-04
1.029412e-01 8.333333e-02 4.441329e-04
1.127451e-01 8.333333e-02 6.865324e-04
1.225490e-01 8.333333e-02 1.029827e-03
1.323529e-01 8.333333e-02 1.499074e-03
1.421569e-01 8.333333e-02 2.117567e-03
1.519608e-01 8.333333e-02 2.902729e-03
1.617647e-01 8.333333e-02 3.861278e-03
1.715686e-01 8.333333e-02 4.984378e-03
1.813725e-01 8.333333e-02 6.243761e-03
1.911765e-01 8.333333e-02 7.589912e-03
2.009804e-01 8.333333e-02 8.953289e-03
2.107843e-01 8.333333e-02 1.024905e-02
2.205882e-01 8.333333e-02 1.138519e-02
2.303922e-01 8.333333e-02 1.227303e-02
2.401961e-01 8.333333e-02 1.283864e-02
2.500000e-01 8.333333e-02 1.303291e-02
2.598039e-01 8.333333e-02 1.283864e-02
2.696078e-01 8.333333e-02 1.227303e-02
2.794118e-01 8.333333e-02 1.138519e-02
2.892157e-01 8.333333e-02 1.024905e-02
2.990196e-01 8.333333e-02 8.953289e-03
3.088235e-01 8.333333e-02 7.589912e-03
3.186275e-01 8.333333e-02 6.243761e-03
3.284314e-01 8.333333e-02 4.984378e-03
3.382353e-01 8.333333e-02 3.861278e-03
3.480392e-01 8.333333e-02 2.902729e-03
3.578431e-01 8.333333e-02 2.117567e-03
3.676471e-01 8.333333e-02 1.499074e-03
3.774510e-01 8.333333e-02 1.029827e-03
3.872549e-01 8.333333e-02 6.865324e-04
3.970588e-01 8.333333e-02 4.441329e-04
4.068627e-01 8.333333e-02 2.788176e-04
4.166667e-01 8.333333e-02 1.698567e-04
4.264706e-01 8.333333e-02 1.004154e-04
4.362745e-01 8.333333e-02 5.760677e-05
4.460784e-01 8.333333e-02 3.207022e-05
4.558824e-01 8.333333e-02 1.732550e-05
4.656863e-01 8.333333e-02 9.082903e-06
4.754902e-01 8.333333e-02 4.620820e-06
4.852941e-01 8.333333e-02 2.281228e-06
4.950980e-01 8.333333e-02 1.092883e-06
5.049020e-01 8.333333e-02 5.080820e-07
5.147059e-01 8.333333e-02 2.292183e-07
5.245098e-01 8.333333e-02 1.003506e-07
5.343137e-01 8.333333e-02 4.263304e-08
5.441176e-01 8.333333e-02 1.757631e-08
5.539216e-01 8.333333e-02 7.031767e-09
5.637255e-01 8.333333e-02 2.729962e-09
5.735294e-01 8.333333e-02 1.028499e-09
5.833333e-01 8.333333e-02 3.760162e-10
5.931373e-01 8.333333e-02 1.334027e-10
6.029412e-01 8.333333e-02 4.592803e-11
6.127451e-01 8.333333e-02 1.534427e-11
6.225490e-01 8.333333e-02 4.974738e-12
6.323529e-01 8.333333e-02 1.565126e-12
6.421569e-01 8.333333e-02 4.778415e-13
6.519608e-01 8.333333e-02 1.415708e-13
6.617647e-01 8.333333e-02 4.070228e-14
6.715686e-01 8.333333e-02 1.135584e-14
6.813725e-01 8.333333e-02 3.074502e-15
6.911765e-01 8.333333e-02 8.077664e-16
7.009804e-01 8.333333e-02 2.059454e-16
7.107843e-01 8.333333e-02 5.095346e-17
7.205882e-01 8.333333e-02 1.223350e-17
7.303922e-01 8.333333e-02 2.850249e-18
7.401961e-01 8.333333e-02 6.444219e-19
7.500000e-01 8.333333e-02 1.413882e-19
7.598039e-01 8.333333e-02 3.010310e-20
7.696078e-01 8.333333e-02 6.219631e-21
7.794118e-01 8.333333e-02 1.247020e-21
7.892157e-01 8.333333e-02 2.426260e-22
7.990196e-01 8.333333e-02 4.580962e-23
8.088235e-01 8.333333e-02 8.393273e-24
8.186275e-01 8.333333e-02 1.492318e-24
8.284314e-01 8.333333e-02 2.574818e-25
8.382353e-01 8.333333e-02 4.311090e-26
8.480392e-01 8.333333e-02 7.004593e-27
8.578431e-01 8.333333e-02 1.104419e-27
8.676471e-01 8.333333e-02 1.689820e-28
8.774510e-01 8.333333e-02 2.509009e-29
8.872549e-01 8.333333e-02 3.615092e-30
8.970588e-01 8.333333e-02 5.054657e-31
9.068627e-01 8.333333e-02 6.858345e-32
9.166667e-01 8.333333e-02 9.030302e-33
9.264706e-01 8.333333e-02 1.153827e-33
9.362745e-01 8.333333e-02 1.430652e-34
9.460784e-01 8.333333e-02 1.721405e-35
9.558824e-01 8.333333e-02 2.009959e-36
9.656863e-01 8.333333e-02 2.277439e-37
9.754902e-01 8.333333e-02 2.504156e-38
9.852941e-01 8.333333e-02 2.671970e-39
9.950980e-01 8.333333e-02 2.281228e-06
4.901961e-03 9.313725e-02 4.386004e-39
1.470588e-02 9.313725e-02 3.744606e-06
2.450980e-02 9.313725e-02 7.585016e-06
3.431373e-02 9.313725e-02 1.490947e-05
4.411765e-02 9.313725e-02 2.843958e-05
5.392157e-02 9.313725e-02 5.264286e-05
6.372549e-02 9.313725e-02 9.456078e-05
7.352941e-02 9.313725e-02 1.648306e-04
8.333333e-02 9.313725e-02 2.788176e-04
9.313725e-02 9.313725e-02 4.576754e-04
1.029412e-01 9.313725e-02 7.290384e-04
1.127451e-01 9.313725e-02 1.126934e-03
1.225490e-01 9.313725e-02 1.690448e-03
1.323529e-01 9.313725e-02 2.460711e-03
1.421569e-01 9.313725e-02 3.475959e-03
1.519608e-01 9.313725e-02 4.764792e-03
1.617647e-01 9.313725e-02 6.338239e-03
1.715686e-01 9.313725e-02 8.181793e-03
1.813725e-01 9.313725e-02 1.024905e-02
1.911765e-01 9.313725e-02 1.245874e-02
2.009804e-01 9.313725e-02 1.469671e-02
2.107843e-01 9.313725e-02 1.682369e-02
2.205882e-01 9.313725e-02 1.868864e-02
2.303922e-01 9.313725e-02 2.014603e-02
2.401961e-01 9.313725e-02 2.107446e-02
2.500000e-01 9.313725e-02 2.139335e-02
2.598039e-01 9.313725e-02 2.107446e-02
2.696078e-01 9.313725e-02 2.014603e-02
2.794118e-01 9.313725e-02 1.868864e-02
2.892157e-01 9.313725e-02 1.682369e-02
2.990196e-01 9.313725e-02 1.469671e-02
3.088235e-01 9.313725e-02 1.245874e-02
3.186275e-01 9.313725e-02 1.024905e-02
3.284314e-01 9.313725e-02 8.181793e-03
3.382353e-01 9.313725e-02 6.338239e-03
3.480392e-01 9.313725e-02 4.764792e-03
3.578431e-01 9.313725e-02 3.475959e-03
3.676471e-01 9.313725e-02 2.460711e-03
3.774510e-01 9.313725e-02 1.690448e-03
3.872549e-01 9.313725e-02 1.126934e-03
3.970588e-01 9.313725e-02 7.290384e-04
4.068627e-01 9.313725e-02 4.576754e-04
4.166667e-01 9.313725e-02 2.788176e-04
4.264706e-01 9.313725e-02 1.648306e-04
4.362745e-01 9.313725e-02 9.456078e-05
4.460784e-01 9.313725e-02 5.264286e-05
4.558824e-01 9.313725e-02 2.843958e-05
4.656863e-01 9.313725e-02 1.490947e-05
4.754902e-01 9.313725e-02 7.585016e-06
4.852941e-01 9.313725e-02 3.744606e-06
4.950980e-01 9.313725e-02 1.793953e-06
5.049020e-01 9.313725e-02 8.340101e-07
5.147059e-01 9.313725e-02 3.762589e-07
5.245098e-01 9.313725e-02 1.647243e-07
5.343137e-01 9.313725e-02 6.998159e-08
5.441176e-01 9.313725e-02 2.885129e-08
5.539216e-01 9.313725e-02 1.154256e-08
5.637255e-01 9.313725e-02 4.481197e-09
5.735294e-01 9.313725e-02 1.688268e-09
5.833333e-01 9.313725e-02 6.172258e-10
5.931373e-01 9.313725e-02 2.189788e-10
6.029412e-01 9.313725e-02 7.539027e-11
6.127451e-01 9.313725e-02 2.518743e-11
6.225490e-01 9.313725e-02 8.165969e-12
6.323529e-01 9.313725e-02 2.569135e-12
6.421569e-01 9.313725e-02 7.843707e-13
6.519608e-01 9.313725e-02 2.323866e-13
6.617647e-01 9.313725e-02 6.681227e-14
6.715686e-01 9.313725e-02 1.864046e-14
6.813725e-01 9.313725e-02 5.046756e-15
6.911765e-01 9.313725e-02 1.325938e-15
7.009804e-01 9.313725e-02 3.380567e-16
7.107843e-01 9.313725e-02 8.363945e-17
7.205882e-01 9.313725e-02 2.008113e-17
7.303922e-01 9.313725e-02 4.678647e-18
7.401961e-01 9.313725e-02 1.057810e-18
7.500000e-01 9.313725e-02 2.320869e-19
7.598039e-01 9.313725e-02 4.941385e-20
7.696078e-01 9.313725e-02 1.020945e-20
7.794118e-01 9.313725e-02 2.046967e-21
7.892157e-01 9.313725e-02 3.982675e-22
7.990196e-01 9.313725e-02 7.519591e-23
8.088235e-01 9.313725e-02 1.377745e-23
8.186275e-01 9.313725e-02 2.449620e-24
8.284314e-01 9.313725e-02 4.226531e-25
8.382353e-01 9.313725e-02 7.076598e-26
8.480392e-01 9.313725e-02 1.149795e-26
8.578431e-01 9.313725e-02 1.812890e-27
8.676471e-01 9.313725e-02 2.773818e-28
8.774510e-01 9.313725e-02 4.118506e-29
8.872549e-01 9.313725e-02 5.934127e-30
8.970588e-01 9.313725e-02 8.297154e-31
9.068627e-01 9.313725e-02 1.125789e-31
9.166667e-01 9.313725e-02 1.482313e-32
9.264706e-01 9.313725e-02 1.893992e-33
9.362745e-01 9.313725e-02 2.348398e-34
9.460784e-01 9.313725e-02 2.825664e-35
9.558824e-01 9.313725e-02 3.299322e-36
9.656863e-01 9.313725e-02 3.738386e-37
9.754902e-01 9.313725e-02 4.110541e-38
9.852941e-01 9.313725e-02 4.386004e-39
9.950980e-01 9.313725e-02 3.744606e-06
4.901961e-03 1.029412e-01 6.986535e-39
1.470588e-02 1.029412e-01 5.964842e-06
2.450980e-02 1.029412e-01 1.208229e-05
3.431373e-02 1.029412e-01 2.374953e-05
4.411765e-02 1.029412e-01 4.530185e-05
5.392157e-02 1.029412e-01 8.385563e-05
6.372549e-02 1.029412e-01 1.506273e-04
7.352941e-02 1.029412e-01 2.625613e-04
8.333333e-02 1.029412e-01 4.441329e-04
9.313725e-02 1.029412e-01 7.290384e-04
1.029412e-01 1.029412e-01 1.161297e-03
1.127451e-01 1.029412e-01 1.795111e-03
1.225490e-01 1.029412e-01 2.692742e-03
1.323529e-01 1.029412e-01 3.919706e-03
1.421569e-01 1.029412e-01 5.536910e-03
1.519608e-01 1.029412e-01 7.589912e-03
1.617647e-01 1.029412e-01 1.009628e-02
1.715686e-01 1.029412e-01 1.303291e-02
1.813725e-01 1.029412e-01 1.632588e-02
1.911765e-01 1.029412e-01 1.984573e-02
2.009804e-01 1.029412e-01 2.341062e-02
2.107843e-01 1.029412e-01 2.679872e-02
2.205882e-01 1.029412e-01 2.976943e-02
2.303922e-01 1.029412e-01 3.209092e-02
2.401961e-01 1.029412e-01 3.356984e-02
2.500000e-01 1.029412e-01 3.407780e-02
2.598039e-01 1.029412e-01 3.356984e-02
2.696078e-01 1.029412e-01 3.209092e-02
2.794118e-01 1.029412e-01 2.976943e-02
2.892157e-01 1.029412e-01 2.679872e-02
2.990196e-01 1.029412e-01 2.341062e-02
3.088235e-01 1.029412e-01 1.984573e-02
3.186275e-01 1.029412e-01 1.632588e-02
3.284314e-01 1.029412e-01 1.303291e-02
3.382353e-01 1.029412e-01 1.009628e-02
3.480392e-01 1.029412e-01 7.589912e-03
3.578431e-01 1.029412e-01 5.536910e-03
3.676471e-01 1.029412e-01 3.919706e-03
3.774510e-01 1.029412e-01 2.692742e-03
3.872549e-01 1.029412e-01 1.795111e-03
3.970588e-01 1.029412e-01 1.161297e-03
4.068627e-01 1.029412e-01 7.290384e-04
4.166667e-01 1.029412e-01 4.441329e-04
4.264706e-01 1.029412e-01 2.625613e-04
4.362745e-01 1.029412e-01 1.506273e-04
4.460784e-01 1.029412e-01 8.385563e-05
4.558824e-01 1.029412e-01 4.530185e-05
4.656863e-01 1.029412e-01 2.374953e-05
4.754902e-01 1.029412e-01 1.208229e-05
4.852941e-01 1.029412e-01 5.964842e-06
4.950980e-01 1.029412e-01 2.857616e-06
5.049020e-01 1.029412e-01 1.328508e-06
5.147059e-01 1.029412e-01 5.993488e-07
5.245098e-01 1.029412e-01 2.623919e-07
5.343137e-01 1.029412e-01 1.114748e-07
5.441176e-01 1.029412e-01 4.595767e-08
5.539216e-01 1.029412e-01 1.838632e-08
5.637255e-01 1.029412e-01 7.138169e-09
5.735294e-01 1.029412e-01 2.689269e-09
5.833333e-01 1.029412e-01 9.831886e-10
5.931373e-01 1.029412e-01 3.488147e-10
6.029412e-01 1.029412e-01 1.200903e-10
6.127451e-01 1.029412e-01 4.012145e-11
6.225490e-01 1.029412e-01 1.300770e-11
6.323529e-01 1.029412e-01 4.092415e-12
6.421569e-01 1.029412e-01 1.249436e-12
6.519608e-01 1.029412e-01 3.701723e-13
6.617647e-01 1.029412e-01 1.064263e-13
6.715686e-01 1.029412e-01 2.969268e-14
6.813725e-01 1.029412e-01 8.039057e-15
6.911765e-01 1.029412e-01 2.112108e-15
7.009804e-01 1.029412e-01 5.384959e-16
7.107843e-01 1.029412e-01 1.332306e-16
7.205882e-01 1.029412e-01 3.198754e-17
7.303922e-01 1.029412e-01 7.452691e-18
7.401961e-01 1.029412e-01 1.685003e-18
7.500000e-01 1.029412e-01 3.696949e-19
7.598039e-01 1.029412e-01 7.871210e-20
7.696078e-01 1.029412e-01 1.626279e-20
7.794118e-01 1.029412e-01 3.260646e-21
7.892157e-01 1.029412e-01 6.344066e-22
7.990196e-01 1.029412e-01 1.197807e-22
8.088235e-01 1.029412e-01 2.194632e-23
8.186275e-01 1.029412e-01 3.902039e-24
8.284314e-01 1.029412e-01 6.732507e-25
8.382353e-01 1.029412e-01 1.127242e-25
8.480392e-01 1.029412e-01 1.831526e-26
8.578431e-01 1.029412e-01 2.887782e-27
8.676471e-01 1.029412e-01 4.418459e-28
8.774510e-01 1.029412e-01 6.560434e-29
8.872549e-01 1.029412e-01 9.452563e-30
8.970588e-01 1.029412e-01 1.321667e-30
9.068627e-01 1.029412e-01 1.793286e-31
9.166667e-01 1.029412e-01 2.361199e-32
9.264706e-01 1.029412e-01 3.016969e-33
9.362745e-01 1.029412e-01 3.740799e-34
9.460784e-01 1.029412e-01 4.501044e-35
9.558824e-01 1.029412e-01 5.255542e-36
9.656863e-01 1.029412e-01 5.954934e-37
9.754902e-01 1.029412e-01 6.547745e-38
9.852941e-01 1.029412e-01 6.986535e-39
9.950980e-01 1.029412e-01 5.964842e-06
4.901961e-03 1.127451e-01 1.079966e-38
1.470588e-02 1.127451e-01 9.220342e-06
2.450980e-02 1.127451e-01 1.867658e-05
3.431373e-02 1.127451e-01 3.671158e-05
4.411765e-02 1.127451e-01 7.002677e-05
5.392157e-02 1.127451e-01 1.296225e-04
6.372549e-02 1.127451e-01 2.328370e-04
7.352941e-02 1.127451e-01 4.058624e-04
8.333333e-02 1.127451e-01 6.865324e-04
9.313725e-02 1.127451e-01 1.126934e-03
1.029412e-01 1.127451e-01 1.795111e-03
1.127451e-01 1.127451e-01 2.774849e-03
1.225490e-01 1.127451e-01 4.162391e-03
1.323529e-01 1.127451e-01 6.059008e-03
1.421569e-01 1.127451e-01 8.558853e-03
1.519608e-01 1.127451e-01 1.173235e-02
1.617647e-01 1.127451e-01 1.560664e-02
1.715686e-01 1.127451e-01 2.014603e-02
1.813725e-01 1.127451e-01 2.523624e-02
1.911765e-01 1.127451e-01 3.067716e-02
2.009804e-01 1.127451e-01 3.618770e-02
2.107843e-01 1.127451e-01 4.142496e-02
2.205882e-01 1.127451e-01 4.601703e-02
2.303922e-01 1.127451e-01 4.960556e-02
2.401961e-01 1.127451e-01 5.189164e-02
2.500000e-01 1.127451e-01 5.267684e-02
2.598039e-01 1.127451e-01 5.189164e-02
2.696078e-01 1.127451e-01 4.960556e-02
2.794118e-01 1.127451e-01 4.601703e-02
2.892157e-01 1.127451e-01 4.142496e-02
2.990196e-01 1.127451e-01 3.618770e-02
3.088235e-01 1.127451e-01 3.067716e-02
3.186275e-01 1.127451e-01 2.523624e-02
3.284314e-01 1.127451e-01 2.014603e-02
3.382353e-01 1.127451e-01 1.560664e-02
3.480392e-01 1.127451e-01 1.173235e-02
3.578431e-01 1.127451e-01 8.558853e-03
3.676471e-01 1.127451e-01 6.059008e-03
3.774510e-01 1.127451e-01 4.162391e-03
3.872549e-01 1.127451e-01 2.774849e-03
3.970588e-01 1.127451e-01 1.795111e-03
4.068627e-01 1.127451e-01 1.126934e-03
4.166667e-01 1.127451e-01 6.865324e-04
4.264706e-01 1.127451e-01 4.058624e-04
4.362745e-01 1.127451e-01 2.328370e-04
4.460784e-01 1.127451e-01 1.296225e-04
4.558824e-01 1.127451e-01 7.002677e-05
4.656863e-01 1.127451e-01 3.671158e-05
4.754902e-01 1.127451e-01 1.867658e-05
4.852941e-01 1.127451e-01 9.220342e-06
4.950980e-01 1.127451e-01 4.417250e-06
5.049020e-01 1.127451e-01 2.053583e-06
5.147059e-01 1.127451e-01 9.264622e-07
5.245098e-01 1.127451e-01 4.056006e-07
5.343137e-01 1.127451e-01 1.723156e-07
5.441176e-01 1.127451e-01 7.104052e-08
5.539216e-01 1.127451e-01 2.842123e-08
5.637255e-01 1.127451e-01 1.103405e-08
5.735294e-01 1.127451e-01 4.157022e-09
5.833333e-01 1.127451e-01 1.519795e-09
5.931373e-01 1.127451e-01 5.391914e-10
6.029412e-01 1.127451e-01 1.856334e-10
6.127451e-01 1.127451e-01 6.201900e-11
6.225490e-01 1.127451e-01 2.010706e-11
6.323529e-01 1.127451e-01 6.325980e-12
6.421569e-01 1.127451e-01 1.931356e-12
6.519608e-01 1.127451e-01 5.722055e-13
6.617647e-01 1.127451e-01 1.645118e-13
6.715686e-01 1.127451e-01 4.589840e-14
6.813725e-01 1.127451e-01 1.242663e-14
6.911765e-01 1.127451e-01 3.264857e-15
7.009804e-01 1.127451e-01 8.323970e-16
7.107843e-01 1.127451e-01 2.059454e-16
7.205882e-01 1.127451e-01 4.944575e-17
7.303922e-01 1.127451e-01 1.152023e-17
7.401961e-01 1.127451e-01 2.604646e-18
7.500000e-01 1.127451e-01 5.714675e-19
7.598039e-01 1.127451e-01 1.216717e-19
7.696078e-01 1.127451e-01 2.513871e-20
7.794118e-01 1.127451e-01 5.040246e-21
7.892157e-01 1.127451e-01 9.806540e-22
7.990196e-01 1.127451e-01 1.851549e-22
8.088235e-01 1.127451e-01 3.392421e-23
8.186275e-01 1.127451e-01 6.031699e-24
8.284314e-01 1.127451e-01 1.040698e-24
8.382353e-01 1.127451e-01 1.742471e-25
8.480392e-01 1.127451e-01 2.831140e-26
8.578431e-01 1.127451e-01 4.463879e-27
8.676471e-01 1.127451e-01 6.829972e-28
8.774510e-01 1.127451e-01 1.014100e-28
8.872549e-01 1.127451e-01 1.461160e-29
8.970588e-01 1.127451e-01 2.043008e-30
9.068627e-01 1.127451e-01 2.772029e-31
9.166667e-01 1.127451e-01 3.649898e-32
9.264706e-01 1.127451e-01 4.663575e-33
9.362745e-01 1.127451e-01 5.782459e-34
9.460784e-01 1.127451e-01 6.957631e-35
9.558824e-01 1.127451e-01 8.123919e-36
9.656863e-01 1.127451e-01 9.205027e-37
9.754902e-01 1.127451e-01 1.012138e-37
9.852941e-01 1.127451e-01 1.079966e-38
9.950980e-01 1.127451e-01 9.220342e-06
4.901961e-03 1.225490e-01 1.619994e-38
1.470588e-02 1.225490e-01 1.383090e-05
2.450980e-02 1.225490e-01 2.801566e-05
3.431373e-02 1.225490e-01 5.506891e-05
4.411765e-02 1.225490e-01 1.050431e-04
5.392157e-02 1.225490e-01 1.944392e-04
6.372549e-02 1.225490e-01 3.492652e-04
7.352941e-02 1.225490e-01 6.088106e-04
8.333333e-02 1.225490e-01 1.029827e-03
9.313725e-02 1.225490e-01 1.690448e-03
1.029412e-01 1.225490e-01 2.692742e-03
1.127451e-01 1.225490e-01 4.162391e-03
1.225490e-01 1.225490e-01 6.243761e-03
1.323529e-01 1.225490e-01 9.088767e-03
1.421569e-01 1.225490e-01 1.283864e-02
1.519608e-01 1.225490e-01 1.759901e-02
1.617647e-01 1.225490e-01 2.341062e-02
1.715686e-01 1.225490e-01 3.021989e-02
1.813725e-01 1.225490e-01 3.785542e-02
1.911765e-01 1.225490e-01 4.601703e-02
2.009804e-01 1.225490e-01 5.428307e-02
2.107843e-01 1.225490e-01 6.213918e-02
2.205882e-01 1.225490e-01 6.902747e-02
2.303922e-01 1.225490e-01 7.441041e-02
2.401961e-01 1.225490e-01 7.783963e-02
2.500000e-01 1.225490e-01 7.901747e-02
2.598039e-01 1.225490e-01 7.783963e-02
2.696078e-01 1.225490e-01 7.441041e-02
2.794118e-01 1.225490e-01 6.902747e-02
2.892157e-01 1.225490e-01 6.213918e-02
2.990196e-01 1.225490e-01 5.428307e-02
3.088235e-01 1.225490e-01 4.601703e-02
3.186275e-01 1.225490e-01 3.785542e-02
3.284314e-01 1.225490e-01 3.021989e-02
3.382353e-01 1.225490e-01 2.341062e-02
3.480392e-01 1.225490e-01 1.759901e-02
3.578431e-01 1.225490e-01 1.283864e-02
3.676471e-01 1.225490e-01 9.088767e-03
3.774510e-01 1.225490e-01 6.243761e-03
3.872549e-01 1.225490e-01 4.162391e-03
3.970588e-01 1.225490e-01 2.692742e-03
4.068627e-01 1.225490e-01 1.690448e-03
4.166667e-01 1.225490e-01 1.029827e-03
4.264706e-01 1.225490e-01 6.088106e-04
4.362745e-01 1.225490e-01 3.492652e-04
4.460784e-01 1.225490e-01 1.944392e-04
4.558824e-01 1.225490e-01 1.050431e-04
4.656863e-01 1.225490e-01 5.506891e-05
4.754902e-01 1.225490e-01 2.801566e-05
4.852941e-01 1.225490e-01 1.383090e-05
4.950980e-01 1.225490e-01 6.626060e-06
5.049020e-01 1.225490e-01 3.080460e-06
5.147059e-01 1.225490e-01 1.389732e-06
5.245098e-01 1.225490e-01 6.084179e-07
5.343137e-01 1.225490e-01 2.584807e-07
5.441176e-01 1.225490e-01 1.065638e-07
5.539216e-01 1.225490e-01 4.263304e-08
5.637255e-01 1.225490e-01 1.655154e-08
5.735294e-01 1.225490e-01 6.235707e-09
5.833333e-01 1.225490e-01 2.279756e-09
5.931373e-01 1.225490e-01 8.088097e-10
6.029412e-01 1.225490e-01 2.784579e-10
6.127451e-01 1.225490e-01 9.303110e-11
6.225490e-01 1.225490e-01 3.016144e-11
6.323529e-01 1.225490e-01 9.489235e-12
6.421569e-01 1.225490e-01 2.897115e-12
6.519608e-01 1.225490e-01 8.583323e-13
6.617647e-01 1.225490e-01 2.467746e-13
6.715686e-01 1.225490e-01 6.884952e-14
6.813725e-01 1.225490e-01 1.864046e-14
6.911765e-01 1.225490e-01 4.897423e-15
7.009804e-01 1.225490e-01 1.248630e-15
7.107843e-01 1.225490e-01 3.089267e-16
7.205882e-01 1.225490e-01 7.417070e-17
7.303922e-01 1.225490e-01 1.728083e-17
7.401961e-01 1.225490e-01 3.907078e-18
7.500000e-01 1.225490e-01 8.572252e-19
7.598039e-01 1.225490e-01 1.825127e-19
7.696078e-01 1.225490e-01 3.770912e-20
7.794118e-01 1.225490e-01 7.560581e-21
7.892157e-01 1.225490e-01 1.471022e-21
7.990196e-01 1.225490e-01 2.777401e-22
8.088235e-01 1.225490e-01 5.088774e-23
8.186275e-01 1.225490e-01 9.047802e-24
8.284314e-01 1.225490e-01 1.561091e-24
8.382353e-01 1.225490e-01 2.613779e-25
8.480392e-01 1.225490e-01 4.246828e-26
8.578431e-01 1.225490e-01 6.696006e-27
8.676471e-01 1.225490e-01 1.024524e-27
8.774510e-01 1.225490e-01 1.521192e-28
8.872549e-01 1.225490e-01 2.191801e-29
8.970588e-01 1.225490e-01 3.064598e-30
9.068627e-01 1.225490e-01 4.158159e-31
9.166667e-01 1.225490e-01 5.475000e-32
9.264706e-01 1.225490e-01 6.995558e-33
9.362745e-01 1.225490e-01 8.673931e-34
9.460784e-01 1.225490e-01 1.043674e-34
9.558824e-01 1.225490e-01 1.218622e-35
9.656863e-01 1.225490e-01 1.380793e-36
9.754902e-01 1.225490e-01 1.518250e-37
9.852941e-01 1.225490e-01 1.619994e-38
9.950980e-01 1.225490e-01 1.383090e-05
4.901961e-03 1.323529e-01 2.358153e-38
1.470588e-02 1.323529e-01 2.013303e-05
2.450980e-02 1.323529e-01 4.078116e-05
3.431373e-02 1.323529e-01 8.016138e-05
4.411765e-02 1.323529e-01 1.529066e-04
5.392157e-02 1.323529e-01 2.830365e-04
6.372549e-02 1.323529e-01 5.084100e-04
7.352941e-02 1.323529e-01 8.862188e-04
8.333333e-02 1.323529e-01 1.499074e-03
9.313725e-02 1.323529e-01 2.460711e-03
1.029412e-01 1.323529e-01 3.919706e-03
1.127451e-01 1.323529e-01 6.059008e-03
1.225490e-01 1.323529e-01 9.088767e-03
1.323529e-01 1.323529e-01 1.323012e-02
1.421569e-01 1.323529e-01 1.868864e-02
1.519608e-01 1.323529e-01 2.561810e-02
1.617647e-01 1.323529e-01 3.407780e-02
1.715686e-01 1.323529e-01 4.398975e-02
1.813725e-01 1.323529e-01 5.510446e-02
1.911765e-01 1.323529e-01 6.698496e-02
2.009804e-01 1.323529e-01 7.901747e-02
2.107843e-01 1.323529e-01 9.045327e-02
2.205882e-01 1.323529e-01 1.004802e-01
2.303922e-01 1.323529e-01 1.083160e-01
2.401961e-01 1.323529e-01 1.133077e-01
2.500000e-01 1.323529e-01 1.150222e-01
2.598039e-01 1.323529e-01 1.133077e-01
2.696078e-01 1.323529e-01 1.083160e-01
2.794118e-01 1.323529e-01 1.004802e-01
2.892157e-01 1.323529e-01 9.045327e-02
2.990196e-01 1.323529e-01 7.901747e-02
3.088235e-01 1.323529e-01 6.698496e-02
3.186275e-01 1.323529e-01 5.510446e-02
3.284314e-01 1.323529e-01 4.398975e-02
3.382353e-01 1.323529e-01 3.407780e-02
3.480392e-01 1.323529e-01 2.561810e-02
3.578431e-01 1.323529e-01 1.868864e-02
3.676471e-01 1.323529e-01 1.323012e-02
3.774510e-01 1.323529e-01 9.088767e-03
3.872549e-01 1.323529e-01 6.059008e-03
3.970588e-01 1.323529e-01 3.919706e-03
4.068627e-01 1.323529e-01 2.460711e-03
4.166667e-01 1.323529e-01 1.499074e-03
4.264706e-01 1.323529e-01 8.862188e-04
4.362745e-01 1.323529e-01 5.084100e-04
4.460784e-01 1.323529e-01 2.830365e-04
4.558824e-01 1.323529e-01 1.529066e-04
4.656863e-01 1.323529e-01 8.016138e-05
4.754902e-01 1.323529e-01 4.078116e-05
4.852941e-01 1.323529e-01 2.013303e-05
4.950980e-01 1.323529e-01 9.645263e-06
5.049020e-01 1.323529e-01 4.484090e-06
5.147059e-01 1.323529e-01 2.022972e-06
5.245098e-01 1.323529e-01 8.856471e-07
5.343137e-01 1.323529e-01 3.762589e-07
5.441176e-01 1.323529e-01 1.551202e-07
5.539216e-01 1.323529e-01 6.205903e-08
5.637255e-01 1.323529e-01 2.409334e-08
5.735294e-01 1.323529e-01 9.077044e-09
5.833333e-01 1.323529e-01 3.318540e-09
5.931373e-01 1.323529e-01 1.177348e-09
6.029412e-01 1.323529e-01 4.053389e-10
6.127451e-01 1.323529e-01 1.354213e-10
6.225490e-01 1.323529e-01 4.390467e-11
6.323529e-01 1.323529e-01 1.381306e-11
6.421569e-01 1.323529e-01 4.217202e-12
6.519608e-01 1.323529e-01 1.249436e-12
6.617647e-01 1.323529e-01 3.592190e-13
6.715686e-01 1.323529e-01 1.002212e-13
6.813725e-01 1.323529e-01 2.713409e-14
6.911765e-01 1.323529e-01 7.128962e-15
7.009804e-01 1.323529e-01 1.817576e-15
7.107843e-01 1.323529e-01 4.496910e-16
7.205882e-01 1.323529e-01 1.079670e-16
7.303922e-01 1.323529e-01 2.515494e-17
7.401961e-01 1.323529e-01 5.687361e-18
7.500000e-01 1.323529e-01 1.247825e-18
7.598039e-01 1.323529e-01 2.656756e-19
7.696078e-01 1.323529e-01 5.489151e-20
7.794118e-01 1.323529e-01 1.100560e-20
7.892157e-01 1.323529e-01 2.141302e-21
7.990196e-01 1.323529e-01 4.042939e-22
8.088235e-01 1.323529e-01 7.407503e-23
8.186275e-01 1.323529e-01 1.317049e-23
8.284314e-01 1.323529e-01 2.272412e-24
8.382353e-01 1.323529e-01 3.804763e-25
8.480392e-01 1.323529e-01 6.181921e-26
8.578431e-01 1.323529e-01 9.747081e-27
8.676471e-01 1.323529e-01 1.491355e-27
8.774510e-01 1.323529e-01 2.214332e-28
8.872549e-01 1.323529e-01 3.190508e-29
8.970588e-01 1.323529e-01 4.461000e-30
9.068627e-01 1.323529e-01 6.052849e-31
9.166667e-01 1.323529e-01 7.969715e-32
9.264706e-01 1.323529e-01 1.018313e-32
9.362745e-01 1.323529e-01 1.262626e-33
9.460784e-01 1.323529e-01 1.519230e-34
9.558824e-01 1.323529e-01 1.773894e-35
9.656863e-01 1.323529e-01 2.009959e-36
9.754902e-01 1.323529e-01 2.210049e-37
9.852941e-01 1.323529e-01 2.358153e-38
9.950980e-01 1.323529e-01 2.013303e-05
4.901961e-03 1.421569e-01 3.331088e-38
1.470588e-02 1.421569e-01 2.843958e-05
2.450980e-02 1.421569e-01 5.760677e-05
3.431373e-02 1.421569e-01 1.132346e-04
4.411765e-02 1.421569e-01 2.159933e-04
5.392157e-02 1.421569e-01 3.998126e-04
6.372549e-02 1.421569e-01 7.181713e-04
7.352941e-02 1.421569e-01 1.251858e-03
8.333333e-02 1.421569e-01 2.117567e-03
9.313725e-02 1.421569e-01 3.475959e-03
1.029412e-01 1.421569e-01 5.536910e-03
1.127451e-01 1.421569e-01 8.558853e-03
1.225490e-01 1.421569e-01 1.283864e-02
1.323529e-01 1.421569e-01 1.868864e-02
1.421569e-01 1.421569e-01 2.639926e-02
1.519608e-01 1.421569e-01 3.618770e-02
1.617647e-01 1.421569e-01 4.813773e-02
1.715686e-01 1.421569e-01 6.213918e-02
1.813725e-01 1.421569e-01 7.783963e-02
1.911765e-01 1.421569e-01 9.462182e-02
2.009804e-01 1.421569e-01 1.116187e-01
2.107843e-01 1.421569e-01 1.277728e-01
2.205882e-01 1.421569e-01 1.419367e-01
2.303922e-01 1.421569e-01 1.530053e-01
2.401961e-01 1.421569e-01 1.600566e-01
2.500000e-01 1.421569e-01 1.624785e-01
2.598039e-01 1.421569e-01 1.600566e-01
2.696078e-01 1.421569e-01 1.530053e-01
2.794118e-01 1.421569e-01 1.419367e-01
2.892157e-01 1.421569e-01 1.277728e-01
2.990196e-01 1.421569e-01 1.116187e-01
3.088235e-01 1.421569e-01 9.462182e-02
3.186275e-01 1.421569e-01 7.783963e-02
3.284314e-01 1.421569e-01 6.213918e-02
3.382353e-01 1.421569e-01 4.813773e-02
3.480392e-01 1.421569e-01 3.618770e-02
3.578431e-01 1.421569e-01 2.639926e-02
3.676471e-01 1.421569e-01 1.868864e-02
3.774510e-01 1.421569e-01 1.283864e-02
3.872549e-01 1.421569e-01 8.558853e-03
3.970588e-01 1.421569e-01 5.536910e-03
4.068627e-01 1.421569e-01 3.475959e-03
4.166667e-01 1.421569e-01 2.117567e-03
4.264706e-01 1.421569e-01 1.251858e-03
4.362745e-01 1.421569e-01 7.181713e-04
4.460784e-01 1.421569e-01 3.998126e-04
4.558824e-01 1.421569e-01 2.159933e-04
4.656863e-01 1.421569e-01 1.132346e-04
4.754902e-01 1.421569e-01 5.760677e-05
4.852941e-01 1.421569e-01 2.843958e-05
4.950980e-01 1.421569e-01 1.362474e-05
5.049020e-01 1.421569e-01 6.334150e-06
5.147059e-01 1.421569e-01 2.857616e-06
5.245098e-01 1.421569e-01 1.251050e-06
5.343137e-01 1.421569e-01 5.314970e-07
5.441176e-01 1.421569e-01 2.191201e-07
5.539216e-01 1.421569e-01 8.766354e-08
5.637255e-01 1.421569e-01 3.403385e-08
5.735294e-01 1.421569e-01 1.282208e-08
5.833333e-01 1.421569e-01 4.687714e-09
5.931373e-01 1.421569e-01 1.663103e-09
6.029412e-01 1.421569e-01 5.725749e-10
6.127451e-01 1.421569e-01 1.912938e-10
6.225490e-01 1.421569e-01 6.201900e-11
6.323529e-01 1.421569e-01 1.951210e-11
6.421569e-01 1.421569e-01 5.957148e-12
6.519608e-01 1.421569e-01 1.764933e-12
6.617647e-01 1.421569e-01 5.074266e-13
6.715686e-01 1.421569e-01 1.415708e-13
6.813725e-01 1.421569e-01 3.832916e-14
6.911765e-01 1.421569e-01 1.007025e-14
7.009804e-01 1.421569e-01 2.567477e-15
7.107843e-01 1.421569e-01 6.352259e-16
7.205882e-01 1.421569e-01 1.525124e-16
7.303922e-01 1.421569e-01 3.553345e-17
7.401961e-01 1.421569e-01 8.033871e-18
7.500000e-01 1.421569e-01 1.762656e-18
7.598039e-01 1.421569e-01 3.752889e-19
7.696078e-01 1.421569e-01 7.753882e-20
7.794118e-01 1.421569e-01 1.554633e-20
7.892157e-01 1.421569e-01 3.024767e-21
7.990196e-01 1.421569e-01 5.710988e-22
8.088235e-01 1.421569e-01 1.046371e-22
8.186275e-01 1.421569e-01 1.860441e-23
8.284314e-01 1.421569e-01 3.209971e-24
8.382353e-01 1.421569e-01 5.374544e-25
8.480392e-01 1.421569e-01 8.732477e-26
8.578431e-01 1.421569e-01 1.376856e-26
8.676471e-01 1.421569e-01 2.106663e-27
8.774510e-01 1.421569e-01 3.127928e-28
8.872549e-01 1.421569e-01 4.506858e-29
8.970588e-01 1.421569e-01 6.301533e-30
9.068627e-01 1.421569e-01 8.550152e-31
9.166667e-01 1.421569e-01 1.125789e-31
9.264706e-01 1.421569e-01 1.438451e-32
9.362745e-01 1.421569e-01 1.783564e-33
9.460784e-01 1.421569e-01 2.146039e-34
9.558824e-01 1.421569e-01 2.505773e-35
9.656863e-01 1.421569e-01 2.839234e-36
9.754902e-01 1.421569e-01 3.121878e-37
9.852941e-01 1.421569e-01 3.331088e-38
9.950980e-01 1.421569e-01 2.843958e-05
4.901961e-03 1.519608e-01 4.566205e-38
1.470588e-02 1.519608e-01 3.898455e-05
2.450980e-02 1.519608e-01 7.896649e-05
3.431373e-02 1.519608e-01 1.552203e-04
4.411765e-02 1.519608e-01 2.960803e-04
5.392157e-02 1.519608e-01 5.480571e-04
6.372549e-02 1.519608e-01 9.844584e-04
7.352941e-02 1.519608e-01 1.716028e-03
8.333333e-02 1.519608e-01 2.902729e-03
9.313725e-02 1.519608e-01 4.764792e-03
1.029412e-01 1.519608e-01 7.589912e-03
1.127451e-01 1.519608e-01 1.173235e-02
1.225490e-01 1.519608e-01 1.759901e-02
1.323529e-01 1.519608e-01 2.561810e-02
1.421569e-01 1.519608e-01 3.618770e-02
1.519608e-01 1.519608e-01 4.960556e-02
1.617647e-01 1.519608e-01 6.598648e-02
1.715686e-01 1.519608e-01 8.517946e-02
1.813725e-01 1.519608e-01 1.067014e-01
1.911765e-01 1.519608e-01 1.297062e-01
2.009804e-01 1.519608e-01 1.530053e-01
2.107843e-01 1.519608e-01 1.751490e-01
2.205882e-01 1.519608e-01 1.945647e-01
2.303922e-01 1.519608e-01 2.097373e-01
2.401961e-01 1.519608e-01 2.194031e-01
2.500000e-01 1.519608e-01 2.227230e-01
2.598039e-01 1.519608e-01 2.194031e-01
2.696078e-01 1.519608e-01 2.097373e-01
2.794118e-01 1.519608e-01 1.945647e-01
2.892157e-01 1.519608e-01 1.751490e-01
2.990196e-01 1.519608e-01 1.530053e-01
3.088235e-01 1.519608e-01 1.297062e-01
3.186275e-01 1.519608e-01 1.067014e-01
3.284314e-01 1.519608e-01 8.517946e-02
3.382353e-01 1.519608e-01 6.598648e-02
3.480392e-01 1.519608e-01 4.960556e-02
3.578431e-01 1.519608e-01 3.618770e-02
3.676471e-01 1.519608e-01 2.561810e-02
3.774510e-01 1.519608e-01 1.759901e-02
3.872549e-01 1.519608e-01 1.173235e-02
3.970588e-01 1.519608e-01 7.589912e-03
4.068627e-01 1.519608e-01 4.764792e-03
4.166667e-01 1.519608e-01 2.902729e-03
4.264706e-01 1.519608e-01 1.716028e-03
4.362745e-01 1.519608e-01 9.844584e-04
4.460784e-01 1.519608e-01 5.480571e-04
4.558824e-01 1.519608e-01 2.960803e-04
4.656863e-01 1.519608e-01 1.552203e-04
4.754902e-01 1.519608e-01 7.896649e-05
4.852941e-01 1.519608e-01 3.898455e-05
4.950980e-01 1.519608e-01 1.867658e-05
5.049020e-01 1.519608e-01 8.682757e-06
5.147059e-01 1.519608e-01 3.917177e-06
5.245098e-01 1.519608e-01 1.714921e-06
5.343137e-01 1.519608e-01 7.285681e-07
5.441176e-01 1.519608e-01 3.003666e-07
5.539216e-01 1.519608e-01 1.201679e-07
5.637255e-01 1.519608e-01 4.665309e-08
5.735294e-01 1.519608e-01 1.757631e-08
5.833333e-01 1.519608e-01 6.425847e-09
5.931373e-01 1.519608e-01 2.279756e-09
6.029412e-01 1.519608e-01 7.848770e-10
6.127451e-01 1.519608e-01 2.622226e-10
6.225490e-01 1.519608e-01 8.501471e-11
6.323529e-01 1.519608e-01 2.674689e-11
6.421569e-01 1.519608e-01 8.165969e-12
6.519608e-01 1.519608e-01 2.419343e-12
6.617647e-01 1.519608e-01 6.955728e-13
6.715686e-01 1.519608e-01 1.940631e-13
6.813725e-01 1.519608e-01 5.254104e-14
6.911765e-01 1.519608e-01 1.380415e-14
7.009804e-01 1.519608e-01 3.519459e-15
7.107843e-01 1.519608e-01 8.707581e-16
7.205882e-01 1.519608e-01 2.090617e-16
7.303922e-01 1.519608e-01 4.870871e-17
7.401961e-01 1.519608e-01 1.101271e-17
7.500000e-01 1.519608e-01 2.416223e-18
7.598039e-01 1.519608e-01 5.144404e-19
7.696078e-01 1.519608e-01 1.062890e-19
7.794118e-01 1.519608e-01 2.131068e-20
7.892157e-01 1.519608e-01 4.146305e-21
7.990196e-01 1.519608e-01 7.828536e-22
8.088235e-01 1.519608e-01 1.434350e-22
8.186275e-01 1.519608e-01 2.550264e-23
8.284314e-01 1.519608e-01 4.400179e-24
8.382353e-01 1.519608e-01 7.367343e-25
8.480392e-01 1.519608e-01 1.197035e-25
8.578431e-01 1.519608e-01 1.887374e-26
8.676471e-01 1.519608e-01 2.887782e-27
8.774510e-01 1.519608e-01 4.287717e-28
8.872549e-01 1.519608e-01 6.177932e-29
8.970588e-01 1.519608e-01 8.638046e-30
9.068627e-01 1.519608e-01 1.172042e-30
9.166667e-01 1.519608e-01 1.543214e-31
9.264706e-01 1.519608e-01 1.971807e-32
9.362745e-01 1.519608e-01 2.444882e-33
9.460784e-01 1.519608e-01 2.941757e-34
9.558824e-01 1.519608e-01 3.434876e-35
9.656863e-01 1.519608e-01 3.891979e-36
9.754902e-01 1.519608e-01 4.279424e-37
9.852941e-01 1.519608e-01 4.566205e-38
9.950980e-01 1.519608e-01 3.898455e-05
4.901961e-03 1.617647e-01 6.074073e-38
1.470588e-02 1.617647e-01 5.185816e-05
2.450980e-02 1.617647e-01 1.050431e-04
3.431373e-02 1.617647e-01 2.064777e-04
4.411765e-02 1.617647e-01 3.938530e-04
5.392157e-02 1.617647e-01 7.290384e-04
6.372549e-02 1.617647e-01 1.309550e-03
7.352941e-02 1.617647e-01 2.282700e-03
8.333333e-02 1.617647e-01 3.861278e-03
9.313725e-02 1.617647e-01 6.338239e-03
1.029412e-01 1.617647e-01 1.009628e-02
1.127451e-01 1.617647e-01 1.560664e-02
1.225490e-01 1.617647e-01 2.341062e-02
1.323529e-01 1.617647e-01 3.407780e-02
1.421569e-01 1.617647e-01 4.813773e-02
1.519608e-01 1.617647e-01 6.598648e-02
1.617647e-01 1.617647e-01 8.777676e-02
1.715686e-01 1.617647e-01 1.133077e-01
1.813725e-01 1.617647e-01 1.419367e-01
1.911765e-01 1.617647e-01 1.725382e-01
2.009804e-01 1.617647e-01 2.035312e-01
2.107843e-01 1.617647e-01 2.329873e-01
2.205882e-01 1.617647e-01 2.588145e-01
2.303922e-01 1.617647e-01 2.789975e-01
2.401961e-01 1.617647e-01 2.918552e-01
2.500000e-01 1.617647e-01 2.962714e-01
2.598039e-01 1.617647e-01 2.918552e-01
2.696078e-01 1.617647e-01 2.789975e-01
2.794118e-01 1.617647e-01 2.588145e-01
2.892157e-01 1.617647e-01 2.329873e-01
2.990196e-01 1.617647e-01 2.035312e-01
3.088235e-01 1.617647e-01 1.725382e-01
3.186275e-01 1.617647e-01 1.419367e-01
3.284314e-01 1.617647e-01 1.133077e-01
3.382353e-01 1.617647e-01 8.777676e-02
3.480392e-01 1.617647e-01 6.598648e-02
3.578431e-01 1.617647e-01 4.813773e-02
3.676471e-01 1.617647e-01 3.407780e-02
3.774510e-01 1.617647e-01 2.341062e-02
3.872549e-01 1.617647e-01 1.560664e-02
3.970588e-01 1.617647e-01 1.009628e-02
4.068627e-01 1.617647e-01 6.338239e-03
4.166667e-01 1.617647e-01 3.861278e-03
4.264706e-01 1.617647e-01 2.282700e-03
4.362745e-01 1.617647e-01 1.309550e-03
4.460784e-01 1.617647e-01 7.290384e-04
4.558824e-01 1.617647e-01 3.938530e-04
4.656863e-01 1.617647e-01 2.064777e-04
4.754902e-01 1.617647e-01 1.050431e-04
4.852941e-01 1.617647e-01 5.185816e-05
4.950980e-01 1.617647e-01 2.484403e-05
5.049020e-01 1.617647e-01 1.155001e-05
5.147059e-01 1.617647e-01 5.210721e-06
5.245098e-01 1.617647e-01 2.281228e-06
5.343137e-01 1.617647e-01 9.691584e-07
5.441176e-01 1.617647e-01 3.995547e-07
5.539216e-01 1.617647e-01 1.598501e-07
5.637255e-01 1.617647e-01 6.205903e-08
5.735294e-01 1.617647e-01 2.338042e-08
5.833333e-01 1.617647e-01 8.547813e-09
5.931373e-01 1.617647e-01 3.032585e-09
6.029412e-01 1.617647e-01 1.044062e-09
6.127451e-01 1.617647e-01 3.488147e-10
6.225490e-01 1.617647e-01 1.130886e-10
6.323529e-01 1.617647e-01 3.557934e-11
6.421569e-01 1.617647e-01 1.086256e-11
6.519608e-01 1.617647e-01 3.218267e-12
6.617647e-01 1.617647e-01 9.252673e-13
6.715686e-01 1.617647e-01 2.581473e-13
6.813725e-01 1.617647e-01 6.989132e-14
6.911765e-01 1.617647e-01 1.836260e-14
7.009804e-01 1.617647e-01 4.681667e-15
7.107843e-01 1.617647e-01 1.158303e-15
7.205882e-01 1.617647e-01 2.780988e-16
7.303922e-01 1.617647e-01 6.479347e-17
7.401961e-01 1.617647e-01 1.464936e-17
7.500000e-01 1.617647e-01 3.214116e-18
7.598039e-01 1.617647e-01 6.843207e-19
7.696078e-01 1.617647e-01 1.413882e-19
7.794118e-01 1.617647e-01 2.834796e-20
7.892157e-01 1.617647e-01 5.515512e-21
7.990196e-01 1.617647e-01 1.041370e-21
8.088235e-01 1.617647e-01 1.908006e-22
8.186275e-01 1.617647e-01 3.392421e-23
8.284314e-01 1.617647e-01 5.853222e-24
8.382353e-01 1.617647e-01 9.800213e-25
8.480392e-01 1.617647e-01 1.592324e-25
8.578431e-01 1.617647e-01 2.510629e-26
8.676471e-01 1.617647e-01 3.841395e-27
8.774510e-01 1.617647e-01 5.703622e-28
8.872549e-01 1.617647e-01 8.218031e-29
8.970588e-01 1.617647e-01 1.149053e-29
9.068627e-01 1.617647e-01 1.559078e-30
9.166667e-01 1.617647e-01 2.052819e-31
9.264706e-01 1.617647e-01 2.622944e-32
9.362745e-01 1.617647e-01 3.252240e-33
9.460784e-01 1.617647e-01 3.913195e-34
9.558824e-01 1.617647e-01 4.569152e-35
9.656863e-01 1.617647e-01 5.177202e-36
9.754902e-01 1.617647e-01 5.692590e-37
9.852941e-01 1.617647e-01 6.074073e-38
9.950980e-01 1.617647e-01 5.185816e-05
4.901961e-03 1.715686e-01 7.840792e-38
1.470588e-02 1.715686e-01 6.694174e-05
2.450980e-02 1.715686e-01 1.355962e-04
3.431373e-02 1.715686e-01 2.665343e-04
4.411765e-02 1.715686e-01 5.084100e-04
5.392157e-02 1.715686e-01 9.410882e-04
6.372549e-02 1.715686e-01 1.690448e-03
7.352941e-02 1.715686e-01 2.946652e-03
8.333333e-02 1.715686e-01 4.984378e-03
9.313725e-02 1.715686e-01 8.181793e-03
1.029412e-01 1.715686e-01 1.303291e-02
1.127451e-01 1.715686e-01 2.014603e-02
1.225490e-01 1.715686e-01 3.021989e-02
1.323529e-01 1.715686e-01 4.398975e-02
1.421569e-01 1.715686e-01 6.213918e-02
1.519608e-01 1.715686e-01 8.517946e-02
1.617647e-01 1.715686e-01 1.133077e-01
1.715686e-01 1.715686e-01 1.462647e-01
1.813725e-01 1.715686e-01 1.832207e-01
1.911765e-01 1.715686e-01 2.227230e-01
2.009804e-01 1.715686e-01 2.627308e-01
2.107843e-01 1.715686e-01 3.007545e-01
2.205882e-01 1.715686e-01 3.340939e-01
2.303922e-01 1.715686e-01 3.601474e-01
2.401961e-01 1.715686e-01 3.767449e-01
2.500000e-01 1.715686e-01 3.824456e-01
2.598039e-01 1.715686e-01 3.767449e-01
2.696078e-01 1.715686e-01 3.601474e-01
2.794118e-01 1.715686e-01 3.340939e-01
2.892157e-01 1.715686e-01 3.007545e-01
2.990196e-01 1.715686e-01 2.627308e-01
3.088235e-01 1.715686e-01 2.227230e-01
3.186275e-01 1.715686e-01 1.832207e-01
3.284314e-01 1.715686e-01 1.462647e-01
3.382353e-01 1.715686e-01 1.133077e-01
3.480392e-01 1.715686e-01 8.517946e-02
3.578431e-01 1.715686e-01 6.213918e-02
3.676471e-01 1.715686e-01 4.398975e-02
3.774510e-01 1.715686e-01 3.021989e-02
3.872549e-01 1.715686e-01 2.014603e-02
3.970588e-01 1.715686e-01 1.303291e-02
4.068627e-01 1.715686e-01 8.181793e-03
4.166667e-01 1.715686e-01 4.984378e-03
4.264706e-01 1.715686e-01 2.946652e-03
4.362745e-01 1.715686e-01 1.690448e-03
4.460784e-01 1.715686e-01 9.410882e-04
4.558824e-01 1.715686e-01 5.084100e-04
4.656863e-01 1.715686e-01 2.665343e-04
4.754902e-01 1.715686e-01 1.355962e-04
4.852941e-01 1.715686e-01 6.694174e-05
4.950980e-01 1.715686e-01 3.207022e-05
5.049020e-01 1.715686e-01 1.490947e-05
5.147059e-01 1.715686e-01 6.726323e-06
5.245098e-01 1.715686e-01 2.944751e-06
5.343137e-01 1.715686e-01 1.251050e-06
5.441176e-01 1.715686e-01 5.157701e-07
5.539216e-01 1.715686e-01 2.063445e-07
5.637255e-01 1.715686e-01 8.010967e-08
5.735294e-01 1.715686e-01 3.018091e-08
5.833333e-01 1.715686e-01 1.103405e-08
5.931373e-01 1.715686e-01 3.914650e-09
6.029412e-01 1.715686e-01 1.347740e-09
6.127451e-01 1.715686e-01 4.502718e-10
6.225490e-01 1.715686e-01 1.459818e-10
6.323529e-01 1.715686e-01 4.592803e-11
6.421569e-01 1.715686e-01 1.402207e-11
6.519608e-01 1.715686e-01 4.154340e-12
6.617647e-01 1.715686e-01 1.194393e-12
6.715686e-01 1.715686e-01 3.332326e-13
6.813725e-01 1.715686e-01 9.022008e-14
6.911765e-01 1.715686e-01 2.370359e-14
7.009804e-01 1.715686e-01 6.043388e-15
7.107843e-01 1.715686e-01 1.495210e-15
7.205882e-01 1.715686e-01 3.589872e-16
7.303922e-01 1.715686e-01 8.363945e-17
7.401961e-01 1.715686e-01 1.891031e-17
7.500000e-01 1.715686e-01 4.148982e-18
7.598039e-01 1.715686e-01 8.833638e-19
7.696078e-01 1.715686e-01 1.825127e-19
7.794118e-01 1.715686e-01 3.659332e-20
7.892157e-01 1.715686e-01 7.119767e-21
7.990196e-01 1.715686e-01 1.344266e-21
8.088235e-01 1.715686e-01 2.462973e-22
8.186275e-01 1.715686e-01 4.379148e-23
8.284314e-01 1.715686e-01 7.555704e-24
8.382353e-01 1.715686e-01 1.265073e-24
8.480392e-01 1.715686e-01 2.055471e-25
8.578431e-01 1.715686e-01 3.240876e-26
8.676471e-01 1.715686e-01 4.958712e-27
8.774510e-01 1.715686e-01 7.362590e-28
8.872549e-01 1.715686e-01 1.060835e-28
8.970588e-01 1.715686e-01 1.483269e-29
9.068627e-01 1.715686e-01 2.012555e-30
9.166667e-01 1.715686e-01 2.649907e-31
9.264706e-01 1.715686e-01 3.385860e-32
9.362745e-01 1.715686e-01 4.198194e-33
9.460784e-01 1.715686e-01 5.051396e-34
9.558824e-01 1.715686e-01 5.898147e-35
9.656863e-01 1.715686e-01 6.683055e-36
9.754902e-01 1.715686e-01 7.348350e-37
9.852941e-01 1.715686e-01 7.840792e-38
9.950980e-01 1.715686e-01 6.694174e-05
4.901961e-03 1.813725e-01 9.821892e-38
1.470588e-02 1.813725e-01 8.385563e-05
2.450980e-02 1.813725e-01 1.698567e-04
3.431373e-02 1.813725e-01 3.338784e-04
4.411765e-02 1.813725e-01 6.368678e-04
5.392157e-02 1.813725e-01 1.178869e-03
6.372549e-02 1.813725e-01 2.117567e-03
7.352941e-02 1.813725e-01 3.691170e-03
8.333333e-02 1.813725e-01 6.243761e-03
9.313725e-02 1.813725e-01 1.024905e-02
1.029412e-01 1.813725e-01 1.632588e-02
1.127451e-01 1.813725e-01 2.523624e-02
1.225490e-01 1.813725e-01 3.785542e-02
1.323529e-01 1.813725e-01 5.510446e-02
1.421569e-01 1.813725e-01 7.783963e-02
1.519608e-01 1.813725e-01 1.067014e-01
1.617647e-01 1.813725e-01 1.419367e-01
1.715686e-01 1.813725e-01 1.832207e-01
1.813725e-01 1.813725e-01 2.295144e-01
1.911765e-01 1.813725e-01 2.789975e-01
2.009804e-01 1.813725e-01 3.291139e-01
2.107843e-01 1.813725e-01 3.767449e-01
2.205882e-01 1.813725e-01 4.185080e-01
2.303922e-01 1.813725e-01 4.511444e-01
2.401961e-01 1.813725e-01 4.719354e-01
2.500000e-01 1.813725e-01 4.790766e-01
2.598039e-01 1.813725e-01 4.719354e-01
2.696078e-01 1.813725e-01 4.511444e-01
2.794118e-01 1.813725e-01 4.185080e-01
2.892157e-01 1.813725e-01 3.767449e-01
2.990196e-01 1.813725e-01 3.291139e-01
3.088235e-01 1.813725e-01 2.789975e-01
3.186275e-01 1.813725e-01 2.295144e-01
3.284314e-01 1.813725e-01 1.832207e-01
3.382353e-01 1.813725e-01 1.419367e-01
3.480392e-01 1.813725e-01 1.067014e-01
3.578431e-01 1.813725e-01 7.783963e-02
3.676471e-01 1.813725e-01 5.510446e-02
3.774510e-01 1.813725e-01 3.785542e-02
3.872549e-01 1.813725e-01 2.523624e-02
3.970588e-01 1.813725e-01 1.632588e-02
4.068627e-01 1.813725e-01 1.024905e-02
4.166667e-01 1.813725e-01 6.243761e-03
4.264706e-01 1.813725e-01 3.691170e-03
4.362745e-01 1.813725e-01 2.117567e-03
4.460784e-01 1.813725e-01 1.178869e-03
4.558824e-01 1.813725e-01 6.368678e-04
4.656863e-01 1.813725e-01 3.338784e-04
4.754902e-01 1.813725e-01 1.698567e-04
4.852941e-01 1.813725e-01 8.385563e-05
4.950980e-01 1.813725e-01 4.017327e-05
5.049020e-01 1.813725e-01 1.867658e-05
5.147059e-01 1.813725e-01 8.425835e-06
5.245098e-01 1.813725e-01 3.688789e-06
5.343137e-01 1.813725e-01 1.567148e-06
5.441176e-01 1.813725e-01 6.460875e-07
5.539216e-01 1.813725e-01 2.584807e-07
5.637255e-01 1.813725e-01 1.003506e-07
5.735294e-01 1.813725e-01 3.780659e-08
5.833333e-01 1.813725e-01 1.382198e-08
5.931373e-01 1.813725e-01 4.903748e-09
6.029412e-01 1.813725e-01 1.688268e-09
6.127451e-01 1.813725e-01 5.640401e-10
6.225490e-01 1.813725e-01 1.828664e-10
6.323529e-01 1.813725e-01 5.753247e-11
6.421569e-01 1.813725e-01 1.756497e-11
6.519608e-01 1.813725e-01 5.204000e-12
6.617647e-01 1.813725e-01 1.496175e-12
6.715686e-01 1.813725e-01 4.174291e-13
6.813725e-01 1.813725e-01 1.130156e-13
6.911765e-01 1.813725e-01 2.969268e-14
7.009804e-01 1.813725e-01 7.570346e-15
7.107843e-01 1.813725e-01 1.872998e-15
7.205882e-01 1.813725e-01 4.496910e-16
7.303922e-01 1.813725e-01 1.047723e-16
7.401961e-01 1.813725e-01 2.368830e-17
7.500000e-01 1.813725e-01 5.197287e-18
7.598039e-01 1.813725e-01 1.106560e-18
7.696078e-01 1.813725e-01 2.286274e-19
7.794118e-01 1.813725e-01 4.583919e-20
7.892157e-01 1.813725e-01 8.918689e-21
7.990196e-01 1.813725e-01 1.683916e-21
8.088235e-01 1.813725e-01 3.085283e-22
8.186275e-01 1.813725e-01 5.485610e-23
8.284314e-01 1.813725e-01 9.464771e-24
8.382353e-01 1.813725e-01 1.584713e-24
8.480392e-01 1.813725e-01 2.574818e-25
8.578431e-01 1.813725e-01 4.059735e-26
8.676471e-01 1.813725e-01 6.211609e-27
8.774510e-01 1.813725e-01 9.222865e-28
8.872549e-01 1.813725e-01 1.328871e-28
8.970588e-01 1.813725e-01 1.858041e-29
9.068627e-01 1.813725e-01 2.521059e-30
9.166667e-01 1.813725e-01 3.319448e-31
9.264706e-01 1.813725e-01 4.241351e-32
9.362745e-01 1.813725e-01 5.258934e-33
9.460784e-01 1.813725e-01 6.327711e-34
9.558824e-01 1.813725e-01 7.388407e-35
9.656863e-01 1.813725e-01 8.371635e-36
9.754902e-01 1.813725e-01 9.205027e-37
9.852941e-01 1.813725e-01 9.821892e-38
9.950980e-01 1.813725e-01 8.385563e-05
4.901961e-03 1.911765e-01 1.193949e-37
1.470588e-02 1.911765e-01 1.019349e-04
2.450980e-02 1.911765e-01 2.064777e-04
3.431373e-02 1.911765e-01 4.058624e-04
4.411765e-02 1.911765e-01 7.741762e-04
5.392157e-02 1.911765e-01 1.433033e-03
6.372549e-02 1.911765e-01 2.574113e-03
7.352941e-02 1.911765e-01 4.486985e-03
8.333333e-02 1.911765e-01 7.589912e-03
9.313725e-02 1.911765e-01 1.245874e-02
1.029412e-01 1.911765e-01 1.984573e-02
1.127451e-01 1.911765e-01 3.067716e-02
1.225490e-01 1.911765e-01 4.601703e-02
1.323529e-01 1.911765e-01 6.698496e-02
1.421569e-01 1.911765e-01 9.462182e-02
1.519608e-01 1.911765e-01 1.297062e-01
1.617647e-01 1.911765e-01 1.725382e-01
1.715686e-01 1.911765e-01 2.227230e-01
1.813725e-01 1.911765e-01 2.789975e-01
1.911765e-01 1.911765e-01 3.391493e-01
2.009804e-01 1.911765e-01 4.000707e-01
2.107843e-01 1.911765e-01 4.579709e-01
2.205882e-01 1.911765e-01 5.087382e-01
2.303922e-01 1.911765e-01 5.484109e-01
2.401961e-01 1.911765e-01 5.736845e-01
2.500000e-01 1.911765e-01 5.823653e-01
2.598039e-01 1.911765e-01 5.736845e-01
2.696078e-01 1.911765e-01 5.484109e-01
2.794118e-01 1.911765e-01 5.087382e-01
2.892157e-01 1.911765e-01 4.579709e-01
2.990196e-01 1.911765e-01 4.000707e-01
3.088235e-01 1.911765e-01 3.391493e-01
3.186275e-01 1.911765e-01 2.789975e-01
3.284314e-01 1.911765e-01 2.227230e-01
3.382353e-01 1.911765e-01 1.725382e-01
3.480392e-01 1.911765e-01 1.297062e-01
3.578431e-01 1.911765e-01 9.462182e-02
3.676471e-01 1.911765e-01 6.698496e-02
3.774510e-01 1.911765e-01 4.601703e-02
3.872549e-01 1.911765e-01 3.067716e-02
3.970588e-01 1.911765e-01 1.984573e-02
4.068627e-01 1.911765e-01 1.245874e-02
4.166667e-01 1.911765e-01 7.589912e-03
4.264706e-01 1.911765e-01 4.486985e-03
4.362745e-01 1.911765e-01 2.574113e-03
4.460784e-01 1.911765e-01 1.433033e-03
4.558824e-01 1.911765e-01 7.741762e-04
4.656863e-01 1.911765e-01 4.058624e-04
4.754902e-01 1.911765e-01 2.064777e-04
4.852941e-01 1.911765e-01 1.019349e-04
4.950980e-01 1.911765e-01 4.883461e-05
5.049020e-01 1.911765e-01 2.270325e-05
5.147059e-01 1.911765e-01 1.024244e-05
5.245098e-01 1.911765e-01 4.484090e-06
5.343137e-01 1.911765e-01 1.905024e-06
5.441176e-01 1.911765e-01 7.853837e-07
5.539216e-01 1.911765e-01 3.142090e-07
5.637255e-01 1.911765e-01 1.219862e-07
5.735294e-01 1.911765e-01 4.595767e-08
5.833333e-01 1.911765e-01 1.680199e-08
5.931373e-01 1.911765e-01 5.960994e-09
6.029412e-01 1.911765e-01 2.052258e-09
6.127451e-01 1.911765e-01 6.856469e-10
6.225490e-01 1.911765e-01 2.222923e-10
6.323529e-01 1.911765e-01 6.993644e-11
6.421569e-01 1.911765e-01 2.135197e-11
6.519608e-01 1.911765e-01 6.325980e-12
6.617647e-01 1.911765e-01 1.818749e-12
6.715686e-01 1.911765e-01 5.074266e-13
6.813725e-01 1.911765e-01 1.373817e-13
6.911765e-01 1.911765e-01 3.609441e-14
7.009804e-01 1.911765e-01 9.202509e-15
7.107843e-01 1.911765e-01 2.276815e-15
7.205882e-01 1.911765e-01 5.466442e-16
7.303922e-01 1.911765e-01 1.273611e-16
7.401961e-01 1.911765e-01 2.879549e-17
7.500000e-01 1.911765e-01 6.317820e-18
7.598039e-01 1.911765e-01 1.345133e-18
7.696078e-01 1.911765e-01 2.779194e-19
7.794118e-01 1.911765e-01 5.572210e-20
7.892157e-01 1.911765e-01 1.084155e-20
7.990196e-01 1.911765e-01 2.046967e-21
8.088235e-01 1.911765e-01 3.750468e-22
8.186275e-01 1.911765e-01 6.668305e-23
8.284314e-01 1.911765e-01 1.150537e-23
8.382353e-01 1.911765e-01 1.926377e-24
8.480392e-01 1.911765e-01 3.129947e-25
8.578431e-01 1.911765e-01 4.935012e-26
8.676471e-01 1.911765e-01 7.550829e-27
8.774510e-01 1.911765e-01 1.121131e-27
8.872549e-01 1.911765e-01 1.615375e-28
8.970588e-01 1.911765e-01 2.258634e-29
9.068627e-01 1.911765e-01 3.064598e-30
9.166667e-01 1.911765e-01 4.035120e-31
9.264706e-01 1.911765e-01 5.155784e-32
9.362745e-01 1.911765e-01 6.392758e-33
9.460784e-01 1.911765e-01 7.691962e-34
9.558824e-01 1.911765e-01 8.981344e-35
9.656863e-01 1.911765e-01 1.017656e-35
9.754902e-01 1.911765e-01 1.118963e-36
9.852941e-01 1.911765e-01 1.193949e-37
9.950980e-01 1.911765e-01 1.019349e-04
4.901961e-03 2.009804e-01 1.408418e-37
1.470588e-02 2.009804e-01 1.202454e-04
2.450980e-02 2.009804e-01 2.435673e-04
3.431373e-02 2.009804e-01 4.787675e-04
4.411765e-02 2.009804e-01 9.132415e-04
5.392157e-02 2.009804e-01 1.690448e-03
6.372549e-02 2.009804e-01 3.036502e-03
7.352941e-02 2.009804e-01 5.292982e-03
8.333333e-02 2.009804e-01 8.953289e-03
9.313725e-02 2.009804e-01 1.469671e-02
1.029412e-01 2.009804e-01 2.341062e-02
1.127451e-01 2.009804e-01 3.618770e-02
1.225490e-01 2.009804e-01 5.428307e-02
1.323529e-01 2.009804e-01 7.901747e-02
1.421569e-01 2.009804e-01 1.116187e-01
1.519608e-01 2.009804e-01 1.530053e-01
1.617647e-01 2.009804e-01 2.035312e-01
1.715686e-01 2.009804e-01 2.627308e-01
1.813725e-01 2.009804e-01 3.291139e-01
1.911765e-01 2.009804e-01 4.000707e-01
2.009804e-01 2.009804e-01 4.719354e-01
2.107843e-01 2.009804e-01 5.402362e-01
2.205882e-01 2.009804e-01 6.001228e-01
2.303922e-01 2.009804e-01 6.469220e-01
2.401961e-01 2.009804e-01 6.767355e-01
2.500000e-01 2.009804e-01 6.869756e-01
2.598039e-01 2.009804e-01 6.767355e-01
2.696078e-01 2.009804e-01 6.469220e-01
2.794118e-01 2.009804e-01 6.001228e-01
2.892157e-01 2.009804e-01 5.402362e-01
2.990196e-01 2.009804e-01 4.719354e-01
3.088235e-01 2.009804e-01 4.000707e-01
3.186275e-01 2.009804e-01 3.291139e-01
3.284314e-01 2.009804e-01 2.627308e-01
3.382353e-01 2.009804e-01 2.035312e-01
3.480392e-01 2.009804e-01 1.530053e-01
3.578431e-01 2.009804e-01 1.116187e-01
3.676471e-01 2.009804e-01 7.901747e-02
3.774510e-01 2.009804e-01 5.428307e-02
3.872549e-01 2.009804e-01 3.618770e-02
3.970588e-01 2.009804e-01 2.341062e-02
4.068627e-01 2.009804e-01 1.469671e-02
4.166667e-01 2.009804e-01 8.953289e-03
4.264706e-01 2.009804e-01 5.292982e-03
4.362745e-01 2.009804e-01 3.036502e-03
4.460784e-01 2.009804e-01 1.690448e-03
4.558824e-01 2.009804e-01 9.132415e-04
4.656863e-01 2.009804e-01 4.787675e-04
4.754902e-01 2.009804e-01 2.435673e-04
4.852941e-01 2.009804e-01 1.202454e-04
4.950980e-01 2.009804e-01 5.760677e-05
5.049020e-01 2.009804e-01 2.678143e-05
5.147059e-01 2.009804e-01 1.208229e-05
5.245098e-01 2.009804e-01 5.289567e-06
5.343137e-01 2.009804e-01 2.247224e-06
5.441176e-01 2.009804e-01 9.264622e-07
5.539216e-01 2.009804e-01 3.706504e-07
5.637255e-01 2.009804e-01 1.438986e-07
5.735294e-01 2.009804e-01 5.421305e-08
5.833333e-01 2.009804e-01 1.982013e-08
5.931373e-01 2.009804e-01 7.031767e-09
6.029412e-01 2.009804e-01 2.420905e-09
6.127451e-01 2.009804e-01 8.088097e-10
6.225490e-01 2.009804e-01 2.622226e-10
6.323529e-01 2.009804e-01 8.249913e-11
6.421569e-01 2.009804e-01 2.518743e-11
6.519608e-01 2.009804e-01 7.462316e-12
6.617647e-01 2.009804e-01 2.145452e-12
6.715686e-01 2.009804e-01 5.985757e-13
6.813725e-01 2.009804e-01 1.620596e-13
6.911765e-01 2.009804e-01 4.257805e-14
7.009804e-01 2.009804e-01 1.085556e-14
7.107843e-01 2.009804e-01 2.685800e-15
7.205882e-01 2.009804e-01 6.448379e-16
7.303922e-01 2.009804e-01 1.502390e-16
7.401961e-01 2.009804e-01 3.396802e-17
7.500000e-01 2.009804e-01 7.452691e-18
7.598039e-01 2.009804e-01 1.586760e-18
7.696078e-01 2.009804e-01 3.278420e-19
7.794118e-01 2.009804e-01 6.573147e-20
7.892157e-01 2.009804e-01 1.278902e-20
7.990196e-01 2.009804e-01 2.414664e-21
8.088235e-01 2.009804e-01 4.424165e-22
8.186275e-01 2.009804e-01 7.866133e-23
8.284314e-01 2.009804e-01 1.357208e-23
8.382353e-01 2.009804e-01 2.272412e-24
8.480392e-01 2.009804e-01 3.692180e-25
8.578431e-01 2.009804e-01 5.821488e-26
8.676471e-01 2.009804e-01 8.907185e-27
8.774510e-01 2.009804e-01 1.322520e-27
8.872549e-01 2.009804e-01 1.905545e-28
8.970588e-01 2.009804e-01 2.664352e-29
9.068627e-01 2.009804e-01 3.615092e-30
9.166667e-01 2.009804e-01 4.759949e-31
9.264706e-01 2.009804e-01 6.081918e-32
9.362745e-01 2.009804e-01 7.541090e-33
9.460784e-01 2.009804e-01 9.073670e-34
9.558824e-01 2.009804e-01 1.059466e-34
9.656863e-01 2.009804e-01 1.200457e-35
9.754902e-01 2.009804e-01 1.319962e-36
9.852941e-01 2.009804e-01 1.408418e-37
9.950980e-01 2.009804e-01 1.202454e-04
4.901961e-03 2.107843e-01 1.612251e-37
1.470588e-02 2.107843e-01 1.376479e-04
2.450980e-02 2.107843e-01 2.788176e-04
3.431373e-02 2.107843e-01 5.480571e-04
4.411765e-02 2.107843e-01 1.045410e-03
5.392157e-02 2.107843e-01 1.935098e-03
6.372549e-02 2.107843e-01 3.475959e-03
7.352941e-02 2.107843e-01 6.059008e-03
8.333333e-02 2.107843e-01 1.024905e-02
9.313725e-02 2.107843e-01 1.682369e-02
1.029412e-01 2.107843e-01 2.679872e-02
1.127451e-01 2.107843e-01 4.142496e-02
1.225490e-01 2.107843e-01 6.213918e-02
1.323529e-01 2.107843e-01 9.045327e-02
1.421569e-01 2.107843e-01 1.277728e-01
1.519608e-01 2.107843e-01 1.751490e-01
1.617647e-01 2.107843e-01 2.329873e-01
1.715686e-01 2.107843e-01 3.007545e-01
1.813725e-01 2.107843e-01 3.767449e-01
1.911765e-01 2.107843e-01 4.579709e-01
2.009804e-01 2.107843e-01 5.402362e-01
2.107843e-01 2.107843e-01 6.184219e-01
2.205882e-01 2.107843e-01 6.869756e-01
2.303922e-01 2.107843e-01 7.405477e-01
2.401961e-01 2.107843e-01 7.746760e-01
2.500000e-01 2.107843e-01 7.863980e-01
2.598039e-01 2.107843e-01 7.746760e-01
2.696078e-01 2.107843e-01 7.405477e-01
2.794118e-01 2.107843e-01 6.869756e-01
2.892157e-01 2.107843e-01 6.184219e-01
2.990196e-01 2.107843e-01 5.402362e-01
3.088235e-01 2.107843e-01 4.579709e-01
3.186275e-01 2.107843e-01 3.767449e-01
3.284314e-01 2.107843e-01 3.007545e-01
3.382353e-01 2.107843e-01 2.329873e-01
3.480392e-01 2.107843e-01 1.751490e-01
3.578431e-01 2.107843e-01 1.277728e-01
3.676471e-01 2.107843e-01 9.045327e-02
3.774510e-01 2.107843e-01 6.213918e-02
3.872549e-01 2.107843e-01 4.142496e-02
3.970588e-01 2.107843e-01 2.679872e-02
4.068627e-01 2.107843e-01 1.682369e-02
4.166667e-01 2.107843e-01 1.024905e-02
4.264706e-01 2.107843e-01 6.059008e-03
4.362745e-01 2.107843e-01 3.475959e-03
4.460784e-01 2.107843e-01 1.935098e-03
4.558824e-01 2.107843e-01 1.045410e-03
4.656863e-01 2.107843e-01 5.480571e-04
4.754902e-01 2.107843e-01 2.788176e-04
4.852941e-01 2.107843e-01 1.376479e-04
4.950980e-01 2.107843e-01 6.594391e-05
5.049020e-01 2.107843e-01 3.065737e-05
5.147059e-01 2.107843e-01 1.383090e-05
5.245098e-01 2.107843e-01 6.055099e-06
5.343137e-01 2.107843e-01 2.572453e-06
5.441176e-01 2.107843e-01 1.060544e-06
5.539216e-01 2.107843e-01 4.242927e-07
5.637255e-01 2.107843e-01 1.647243e-07
5.735294e-01 2.107843e-01 6.205903e-08
5.833333e-01 2.107843e-01 2.268860e-08
5.931373e-01 2.107843e-01 8.049439e-09
6.029412e-01 2.107843e-01 2.771270e-09
6.127451e-01 2.107843e-01 9.258646e-10
6.225490e-01 2.107843e-01 3.001728e-10
6.323529e-01 2.107843e-01 9.443881e-11
6.421569e-01 2.107843e-01 2.883268e-11
6.519608e-01 2.107843e-01 8.542299e-12
6.617647e-01 2.107843e-01 2.455952e-12
6.715686e-01 2.107843e-01 6.852045e-13
6.813725e-01 2.107843e-01 1.855137e-13
6.911765e-01 2.107843e-01 4.874016e-14
7.009804e-01 2.107843e-01 1.242663e-14
7.107843e-01 2.107843e-01 3.074502e-15
7.205882e-01 2.107843e-01 7.381620e-16
7.303922e-01 2.107843e-01 1.719824e-16
7.401961e-01 2.107843e-01 3.888404e-17
7.500000e-01 2.107843e-01 8.531281e-18
7.598039e-01 2.107843e-01 1.816404e-18
7.696078e-01 2.107843e-01 3.752889e-19
7.794118e-01 2.107843e-01 7.524445e-20
7.892157e-01 2.107843e-01 1.463991e-20
7.990196e-01 2.107843e-01 2.764126e-21
8.088235e-01 2.107843e-01 5.064452e-22
8.186275e-01 2.107843e-01 9.004558e-23
8.284314e-01 2.107843e-01 1.553630e-23
8.382353e-01 2.107843e-01 2.601286e-24
8.480392e-01 2.107843e-01 4.226531e-25
8.578431e-01 2.107843e-01 6.664003e-26
8.676471e-01 2.107843e-01 1.019628e-26
8.774510e-01 2.107843e-01 1.513922e-27
8.872549e-01 2.107843e-01 2.181325e-28
8.970588e-01 2.107843e-01 3.049950e-29
9.068627e-01 2.107843e-01 4.138285e-30
9.166667e-01 2.107843e-01 5.448832e-31
9.264706e-01 2.107843e-01 6.962123e-32
9.362745e-01 2.107843e-01 8.632473e-33
9.460784e-01 2.107843e-01 1.038686e-33
9.558824e-01 2.107843e-01 1.212798e-34
9.656863e-01 2.107843e-01 1.374193e-35
9.754902e-01 2.107843e-01 1.510993e-36
9.852941e-01 2.107843e-01 1.612251e-37
9.950980e-01 2.107843e-01 1.376479e-04
4.901961e-03 2.205882e-01 1.790973e-37
1.470588e-02 2.205882e-01 1.529066e-04
2.450980e-02 2.205882e-01 3.097252e-04
3.431373e-02 2.205882e-01 6.088106e-04
4.411765e-02 2.205882e-01 1.161297e-03
5.392157e-02 2.205882e-01 2.149609e-03
6.372549e-02 2.205882e-01 3.861278e-03
7.352941e-02 2.205882e-01 6.730665e-03
8.333333e-02 2.205882e-01 1.138519e-02
9.313725e-02 2.205882e-01 1.868864e-02
1.029412e-01 2.205882e-01 2.976943e-02
1.127451e-01 2.205882e-01 4.601703e-02
1.225490e-01 2.205882e-01 6.902747e-02
1.323529e-01 2.205882e-01 1.004802e-01
1.421569e-01 2.205882e-01 1.419367e-01
1.519608e-01 2.205882e-01 1.945647e-01
1.617647e-01 2.205882e-01 2.588145e-01
1.715686e-01 2.205882e-01 3.340939e-01
1.813725e-01 2.205882e-01 4.185080e-01
1.911765e-01 2.205882e-01 5.087382e-01
2.009804e-01 2.205882e-01 6.001228e-01
2.107843e-01 2.205882e-01 6.869756e-01
2.205882e-01 2.205882e-01 7.631286e-01
2.303922e-01 2.205882e-01 8.226393e-01
2.401961e-01 2.205882e-01 8.605508e-01
2.500000e-01 2.205882e-01 8.735723e-01
2.598039e-01 2.205882e-01 8.605508e-01
2.696078e-01 2.205882e-01 8.226393e-01
2.794118e-01 2.205882e-01 7.631286e-01
2.892157e-01 2.205882e-01 6.869756e-01
2.990196e-01 2.205882e-01 6.001228e-01
3.088235e-01 2.205882e-01 5.087382e-01
3.186275e-01 2.205882e-01 4.185080e-01
3.284314e-01 2.205882e-01 3.340939e-01
3.382353e-01 2.205882e-01 2.588145e-01
3.480392e-01 2.205882e-01 1.945647e-01
3.578431e-01 2.205882e-01 1.419367e-01
3.676471e-01 2.205882e-01 1.004802e-01
3.774510e-01 2.205882e-01 6.902747e-02
3.872549e-01 2.205882e-01 4.601703e-02
3.970588e-01 2.205882e-01 2.976943e-02
4.068627e-01 2.205882e-01 1.868864e-02
4.166667e-01 2.205882e-01 1.138519e-02
4.264706e-01 2.205882e-01 6.730665e-03
4.362745e-01 2.205882e-01 3.861278e-03
4.460784e-01 2.205882e-01 2.149609e-03
4.558824e-01 2.205882e-01 1.161297e-03
4.656863e-01 2.205882e-01 6.088106e-04
4.754902e-01 2.205882e-01 3.097252e-04
4.852941e-01 2.205882e-01 1.529066e-04
4.950980e-01 2.205882e-01 7.325396e-05
5.049020e-01 2.205882e-01 3.405582e-05
5.147059e-01 2.205882e-01 1.536409e-05
5.245098e-01 2.205882e-01 6.726323e-06
5.343137e-01 2.205882e-01 2.857616e-06
5.441176e-01 2.205882e-01 1.178109e-06
5.539216e-01 2.205882e-01 4.713267e-07
5.637255e-01 2.205882e-01 1.829844e-07
5.735294e-01 2.205882e-01 6.893844e-08
5.833333e-01 2.205882e-01 2.520369e-08
5.931373e-01 2.205882e-01 8.941741e-09
6.029412e-01 2.205882e-01 3.078473e-09
6.127451e-01 2.205882e-01 1.028499e-09
6.225490e-01 2.205882e-01 3.334477e-10
6.323529e-01 2.205882e-01 1.049076e-10
6.421569e-01 2.205882e-01 3.202886e-11
6.519608e-01 2.205882e-01 9.489235e-12
6.617647e-01 2.205882e-01 2.728200e-12
6.715686e-01 2.205882e-01 7.611612e-13
6.813725e-01 2.205882e-01 2.060783e-13
6.911765e-01 2.205882e-01 5.414313e-14
7.009804e-01 2.205882e-01 1.380415e-14
7.107843e-01 2.205882e-01 3.415319e-15
7.205882e-01 2.205882e-01 8.199892e-16
7.303922e-01 2.205882e-01 1.910471e-16
7.401961e-01 2.205882e-01 4.319444e-17
7.500000e-01 2.205882e-01 9.476995e-18
7.598039e-01 2.205882e-01 2.017757e-18
7.696078e-01 2.205882e-01 4.168907e-19
7.794118e-01 2.205882e-01 8.358549e-20
7.892157e-01 2.205882e-01 1.626279e-20
7.990196e-01 2.205882e-01 3.070537e-21
8.088235e-01 2.205882e-01 5.625860e-22
8.186275e-01 2.205882e-01 1.000274e-22
8.284314e-01 2.205882e-01 1.725854e-23
8.382353e-01 2.205882e-01 2.889646e-24
8.480392e-01 2.205882e-01 4.695052e-25
8.578431e-01 2.205882e-01 7.402725e-26
8.676471e-01 2.205882e-01 1.132656e-26
8.774510e-01 2.205882e-01 1.681744e-27
8.872549e-01 2.205882e-01 2.423131e-28
8.970588e-01 2.205882e-01 3.388045e-29
9.068627e-01 2.205882e-01 4.597025e-30
9.166667e-01 2.205882e-01 6.052849e-31
9.264706e-01 2.205882e-01 7.733892e-32
9.362745e-01 2.205882e-01 9.589406e-33
9.460784e-01 2.205882e-01 1.153827e-33
9.558824e-01 2.205882e-01 1.347239e-34
9.656863e-01 2.205882e-01 1.526526e-35
9.754902e-01 2.205882e-01 1.678491e-36
9.852941e-01 2.205882e-01 1.790973e-37
9.950980e-01 2.205882e-01 1.529066e-04
4.901961e-03 2.303922e-01 1.930638e-37
1.470588e-02 2.303922e-01 1.648306e-04
2.450980e-02 2.303922e-01 3.338784e-04
3.431373e-02 2.303922e-01 6.562873e-04
4.411765e-02 2.303922e-01 1.251858e-03
5.392157e-02 2.303922e-01 2.317241e-03
6.372549e-02 2.303922e-01 4.162391e-03
7.352941e-02 2.303922e-01 7.255540e-03
8.333333e-02 2.303922e-01 1.227303e-02
9.313725e-02 2.303922e-01 2.014603e-02
1.029412e-01 2.303922e-01 3.209092e-02
1.127451e-01 2.303922e-01 4.960556e-02
1.225490e-01 2.303922e-01 7.441041e-02
1.323529e-01 2.303922e-01 1.083160e-01
1.421569e-01 2.303922e-01 1.530053e-01
1.519608e-01 2.303922e-01 2.097373e-01
1.617647e-01 2.303922e-01 2.789975e-01
1.715686e-01 2.303922e-01 3.601474e-01
1.813725e-01 2.303922e-01 4.511444e-01
1.911765e-01 2.303922e-01 5.484109e-01
2.009804e-01 2.303922e-01 6.469220e-01
2.107843e-01 2.303922e-01 7.405477e-01
2.205882e-01 2.303922e-01 8.226393e-01
2.303922e-01 2.303922e-01 8.867909e-01
2.401961e-01 2.303922e-01 9.276588e-01
2.500000e-01 2.303922e-01 9.416957e-01
2.598039e-01 2.303922e-01 9.276588e-01
2.696078e-01 2.303922e-01 8.867909e-01
2.794118e-01 2.303922e-01 8.226393e-01
2.892157e-01 2.303922e-01 7.405477e-01
2.990196e-01 2.303922e-01 6.469220e-01
3.088235e-01 2.303922e-01 5.484109e-01
3.186275e-01 2.303922e-01 4.511444e-01
3.284314e-01 2.303922e-01 3.601474e-01
3.382353e-01 2.303922e-01 2.789975e-01
3.480392e-01 2.303922e-01 2.097373e-01
3.578431e-01 2.303922e-01 1.530053e-01
3.676471e-01 2.303922e-01 1.083160e-01
3.774510e-01 2.303922e-01 7.441041e-02
3.872549e-01 2.303922e-01 4.960556e-02
3.970588e-01 2.303922e-01 3.209092e-02
4.068627e-01 2.303922e-01 2.014603e-02
4.166667e-01 2.303922e-01 1.227303e-02
4.264706e-01 2.303922e-01 7.255540e-03
4.362745e-01 2.303922e-01 4.162391e-03
4.460784e-01 2.303922e-01 2.317241e-03
4.558824e-01 2.303922e-01 1.251858e-03
4.656863e-01 2.303922e-01 6.562873e-04
4.754902e-01 2.303922e-01 3.338784e-04
4.852941e-01 2.303922e-01 1.648306e-04
4.950980e-01 2.303922e-01 7.896649e-05
5.049020e-01 2.303922e-01 3.671158e-05
5.147059e-01 2.303922e-01 1.656222e-05
5.245098e-01 2.303922e-01 7.250859e-06
5.343137e-01 2.303922e-01 3.080460e-06
5.441176e-01 2.303922e-01 1.269980e-06
5.539216e-01 2.303922e-01 5.080820e-07
5.637255e-01 2.303922e-01 1.972540e-07
5.735294e-01 2.303922e-01 7.431444e-08
5.833333e-01 2.303922e-01 2.716914e-08
5.931373e-01 2.303922e-01 9.639041e-09
6.029412e-01 2.303922e-01 3.318540e-09
6.127451e-01 2.303922e-01 1.108704e-09
6.225490e-01 2.303922e-01 3.594508e-10
6.323529e-01 2.303922e-01 1.130886e-10
6.421569e-01 2.303922e-01 3.452655e-11
6.519608e-01 2.303922e-01 1.022923e-11
6.617647e-01 2.303922e-01 2.940953e-12
6.715686e-01 2.303922e-01 8.205186e-13
6.813725e-01 2.303922e-01 2.221489e-13
6.911765e-01 2.303922e-01 5.836535e-14
7.009804e-01 2.303922e-01 1.488063e-14
7.107843e-01 2.303922e-01 3.681654e-15
7.205882e-01 2.303922e-01 8.839341e-16
7.303922e-01 2.303922e-01 2.059454e-16
7.401961e-01 2.303922e-01 4.656285e-17
7.500000e-01 2.303922e-01 1.021604e-17
7.598039e-01 2.303922e-01 2.175106e-18
7.696078e-01 2.303922e-01 4.494009e-19
7.794118e-01 2.303922e-01 9.010371e-20
7.892157e-01 2.303922e-01 1.753100e-20
7.990196e-01 2.303922e-01 3.309985e-21
8.088235e-01 2.303922e-01 6.064579e-22
8.186275e-01 2.303922e-01 1.078278e-22
8.284314e-01 2.303922e-01 1.860441e-23
8.382353e-01 2.303922e-01 3.114988e-24
8.480392e-01 2.303922e-01 5.061185e-25
8.578431e-01 2.303922e-01 7.980008e-26
8.676471e-01 2.303922e-01 1.220983e-26
8.774510e-01 2.303922e-01 1.812890e-27
8.872549e-01 2.303922e-01 2.612093e-28
8.970588e-01 2.303922e-01 3.652254e-29
9.068627e-01 2.303922e-01 4.955513e-30
9.166667e-01 2.303922e-01 6.524866e-31
9.264706e-01 2.303922e-01 8.337001e-32
9.362745e-01 2.303922e-01 1.033721e-32
9.460784e-01 2.303922e-01 1.243805e-33
9.558824e-01 2.303922e-01 1.452300e-34
9.656863e-01 2.303922e-01 1.645568e-35
9.754902e-01 2.303922e-01 1.809384e-36
9.852941e-01 2.303922e-01 1.930638e-37
9.950980e-01 2.303922e-01 1.648306e-04
4.901961e-03 2.401961e-01 2.019612e-37
1.470588e-02 2.401961e-01 1.724269e-04
2.450980e-02 2.401961e-01 3.492652e-04
3.431373e-02 2.401961e-01 6.865324e-04
4.411765e-02 2.401961e-01 1.309550e-03
5.392157e-02 2.401961e-01 2.424032e-03
6.372549e-02 2.401961e-01 4.354215e-03
7.352941e-02 2.401961e-01 7.589912e-03
8.333333e-02 2.401961e-01 1.283864e-02
9.313725e-02 2.401961e-01 2.107446e-02
1.029412e-01 2.401961e-01 3.356984e-02
1.127451e-01 2.401961e-01 5.189164e-02
1.225490e-01 2.401961e-01 7.783963e-02
1.323529e-01 2.401961e-01 1.133077e-01
1.421569e-01 2.401961e-01 1.600566e-01
1.519608e-01 2.401961e-01 2.194031e-01
1.617647e-01 2.401961e-01 2.918552e-01
1.715686e-01 2.401961e-01 3.767449e-01
1.813725e-01 2.401961e-01 4.719354e-01
1.911765e-01 2.401961e-01 5.736845e-01
2.009804e-01 2.401961e-01 6.767355e-01
2.107843e-01 2.401961e-01 7.746760e-01
2.205882e-01 2.401961e-01 8.605508e-01
2.303922e-01 2.401961e-01 9.276588e-01
2.401961e-01 2.401961e-01 9.704101e-01
2.500000e-01 2.401961e-01 9.850939e-01
2.598039e-01 2.401961e-01 9.704101e-01
2.696078e-01 2.401961e-01 9.276588e-01
2.794118e-01 2.401961e-01 8.605508e-01
2.892157e-01 2.401961e-01 7.746760e-01
2.990196e-01 2.401961e-01 6.767355e-01
3.088235e-01 2.401961e-01 5.736845e-01
3.186275e-01 2.401961e-01 4.719354e-01
3.284314e-01 2.401961e-01 3.767449e-01
3.382353e-01 2.401961e-01 2.918552e-01
3.480392e-01 2.401961e-01 2.194031e-01
3.578431e-01 2.401961e-01 1.600566e-01
3.676471e-01 2.401961e-01 1.133077e-01
3.774510e-01 2.401961e-01 7.783963e-02
3.872549e-01 2.401961e-01 5.189164e-02
3.970588e-01 2.401961e-01 3.356984e-02
4.068627e-01 2.401961e-01 2.107446e-02
4.166667e-01 2.401961e-01 1.283864e-02
4.264706e-01 2.401961e-01 7.589912e-03
4.362745e-01 2.401961e-01 4.354215e-03
4.460784e-01 2.401961e-01 2.424032e-03
4.558824e-01 2.401961e-01 1.309550e-03
4.656863e-01 2.401961e-01 6.865324e-04
4.754902e-01 2.401961e-01 3.492652e-04
4.852941e-01 2.401961e-01 1.724269e-04
4.950980e-01 2.401961e-01 8.260568e-05
5.049020e-01 2.401961e-01 3.840344e-05
5.147059e-01 2.401961e-01 1.732550e-05
5.245098e-01 2.401961e-01 7.585016e-06
5.343137e-01 2.401961e-01 3.222424e-06
5.441176e-01 2.401961e-01 1.328508e-06
5.539216e-01 2.401961e-01 5.314970e-07
5.637255e-01 2.401961e-01 2.063445e-07
5.735294e-01 2.401961e-01 7.773923e-08
5.833333e-01 2.401961e-01 2.842123e-08
5.931373e-01 2.401961e-01 1.008326e-08
6.029412e-01 2.401961e-01 3.471476e-09
6.127451e-01 2.401961e-01 1.159799e-09
6.225490e-01 2.401961e-01 3.760162e-10
6.323529e-01 2.401961e-01 1.183003e-10
6.421569e-01 2.401961e-01 3.611771e-11
6.519608e-01 2.401961e-01 1.070065e-11
6.617647e-01 2.401961e-01 3.076487e-12
6.715686e-01 2.401961e-01 8.583323e-13
6.813725e-01 2.401961e-01 2.323866e-13
6.911765e-01 2.401961e-01 6.105513e-14
7.009804e-01 2.401961e-01 1.556641e-14
7.107843e-01 2.401961e-01 3.851324e-15
7.205882e-01 2.401961e-01 9.246703e-16
7.303922e-01 2.401961e-01 2.154364e-16
7.401961e-01 2.401961e-01 4.870871e-17
7.500000e-01 2.401961e-01 1.068684e-17
7.598039e-01 2.401961e-01 2.275347e-18
7.696078e-01 2.401961e-01 4.701116e-19
7.794118e-01 2.401961e-01 9.425615e-20
7.892157e-01 2.401961e-01 1.833892e-20
7.990196e-01 2.401961e-01 3.462526e-21
8.088235e-01 2.401961e-01 6.344066e-22
8.186275e-01 2.401961e-01 1.127970e-22
8.284314e-01 2.401961e-01 1.946179e-23
8.382353e-01 2.401961e-01 3.258543e-24
8.480392e-01 2.401961e-01 5.294430e-25
8.578431e-01 2.401961e-01 8.347768e-26
8.676471e-01 2.401961e-01 1.277253e-26
8.774510e-01 2.401961e-01 1.896438e-27
8.872549e-01 2.401961e-01 2.732472e-28
8.970588e-01 2.401961e-01 3.820569e-29
9.068627e-01 2.401961e-01 5.183889e-30
9.166667e-01 2.401961e-01 6.825565e-31
9.264706e-01 2.401961e-01 8.721213e-32
9.362745e-01 2.401961e-01 1.081360e-32
9.460784e-01 2.401961e-01 1.301126e-33
9.558824e-01 2.401961e-01 1.519230e-34
9.656863e-01 2.401961e-01 1.721405e-35
9.754902e-01 2.401961e-01 1.892770e-36
9.852941e-01 2.401961e-01 2.019612e-37
9.950980e-01 2.401961e-01 1.724269e-04
4.901961e-03 2.500000e-01 2.050172e-37
1.470588e-02 2.500000e-01 1.750360e-04
2.450980e-02 2.500000e-01 3.545502e-04
3.431373e-02 2.500000e-01 6.969207e-04
4.411765e-02 2.500000e-01 1.329365e-03
5.392157e-02 2.500000e-01 2.460711e-03
6.372549e-02 2.500000e-01 4.420101e-03
7.352941e-02 2.500000e-01 7.704760e-03
8.333333e-02 2.500000e-01 1.303291e-02
9.313725e-02 2.500000e-01 2.139335e-02
1.029412e-01 2.500000e-01 3.407780e-02
1.127451e-01 2.500000e-01 5.267684e-02
1.225490e-01 2.500000e-01 7.901747e-02
1.323529e-01 2.500000e-01 1.150222e-01
1.421569e-01 2.500000e-01 1.624785e-01
1.519608e-01 2.500000e-01 2.227230e-01
1.617647e-01 2.500000e-01 2.962714e-01
1.715686e-01 2.500000e-01 3.824456e-01
1.813725e-01 2.500000e-01 4.790766e-01
1.911765e-01 2.500000e-01 5.823653e-01
2.009804e-01 2.500000e-01 6.869756e-01
2.107843e-01 2.500000e-01 7.863980e-01
2.205882e-01 2.500000e-01 8.735723e-01
2.303922e-01 2.500000e-01 9.416957e-01
2.401961e-01 2.500000e-01 9.850939e-01
2.500000e-01 2.500000e-01 1.000000e+00
2.598039e-01 2.500000e-01 9.850939e-01
2.696078e-01 2.500000e-01 9.416957e-01
2.794118e-01 2.500000e-01 8.735723e-01
2.892157e-01 2.500000e-01 7.863980e-01
2.990196e-01 2.500000e-01 6.869756e-01
3.088235e-01 2.500000e-01 5.823653e-01
3.186275e-01 2.500000e-01 4.790766e-01
3.284314e-01 2.500000e-01 3.824456e-01
3.382353e-01 2.500000e-01 2.962714e-01
3.480392e-01 2.500000e-01 2.227230e-01
3.578431e-01 2.500000e-01 1.624785e-01
3.676471e-01 2.500000e-01 1.150222e-01
3.774510e-01 2.500000e-01 7.901747e-02
3.872549e-01 2.500000e-01 5.267684e-02
3.970588e-01 2.500000e-01 3.407780e-02
4.068627e-01 2.500000e-01 2.139335e-02
4.166667e-01 2.500000e-01 1.303291e-02
4.264706e-01 2.500000e-01 7.704760e-03
4.362745e-01 2.500000e-01 4.420101e-03
4.460784e-01 2.500000e-01 2.460711e-03
4.558824e-01 2.500000e-01 1.329365e-03
4.656863e-01 2.500000e-01 6.969207e-04
4.754902e-01 2.500000e-01 3.545502e-04
4.852941e-01 2.500000e-01 1.750360e-04
4.950980e-01 2.500000e-01 8.385563e-05
5.049020e-01 2.500000e-01 3.898455e-05
5.147059e-01 2.500000e-01 1.758766e-05
5.245098e-01 2.500000e-01 7.699789e-06
5.343137e-01 2.500000e-01 3.271184e-06
5.441176e-01 2.500000e-01 1.348610e-06
5.539216e-01 2.500000e-01 5.395394e-07
5.637255e-01 2.500000e-01 2.094668e-07
5.735294e-01 2.500000e-01 7.891555e-08
5.833333e-01 2.500000e-01 2.885129e-08
5.931373e-01 2.500000e-01 1.023583e-08
6.029412e-01 2.500000e-01 3.524005e-09
6.127451e-01 2.500000e-01 1.177348e-09
6.225490e-01 2.500000e-01 3.817059e-10
6.323529e-01 2.500000e-01 1.200903e-10
6.421569e-01 2.500000e-01 3.666423e-11
6.519608e-01 2.500000e-01 1.086256e-11
6.617647e-01 2.500000e-01 3.123039e-12
6.715686e-01 2.500000e-01 8.713202e-13
6.813725e-01 2.500000e-01 2.359030e-13
6.911765e-01 2.500000e-01 6.197899e-14
7.009804e-01 2.500000e-01 1.580195e-14
7.107843e-01 2.500000e-01 3.909600e-15
7.205882e-01 2.500000e-01 9.386621e-16
7.303922e-01 2.500000e-01 2.186963e-16
7.401961e-01 2.500000e-01 4.944575e-17
7.500000e-01 2.500000e-01 1.084855e-17
7.598039e-01 2.500000e-01 2.309776e-18
7.696078e-01 2.500000e-01 4.772252e-19
7.794118e-01 2.500000e-01 9.568240e-20
7.892157e-01 2.500000e-01 1.861642e-20
7.990196e-01 2.500000e-01 3.514920e-21
8.088235e-01 2.500000e-01 6.440062e-22
8.186275e-01 2.500000e-01 1.145038e-22
8.284314e-01 2.500000e-01 1.975628e-23
8.382353e-01 2.500000e-01 3.307850e-24
8.480392e-01 2.500000e-01 5.374544e-25
8.578431e-01 2.500000e-01 8.474083e-26
8.676471e-01 2.500000e-01 1.296580e-26
8.774510e-01 2.500000e-01 1.925134e-27
8.872549e-01 2.500000e-01 2.773818e-28
8.970588e-01 2.500000e-01 3.878380e-29
9.068627e-01 2.500000e-01 5.262329e-30
9.166667e-01 2.500000e-01 6.928847e-31
9.264706e-01 2.500000e-01 8.853179e-32
9.362745e-01 2.500000e-01 1.097723e-32
9.460784e-01 2.500000e-01 1.320814e-33
9.558824e-01 2.500000e-01 1.542218e-34
9.656863e-01 2.500000e-01 1.747452e-35
9.754902e-01 2.500000e-01 1.921410e-36
9.852941e-01 2.500000e-01 2.050172e-37
9.950980e-01 2.500000e-01 1.750360e-04
4.901961e-03 2.598039e-01 2.019612e-37
1.470588e-02 2.598039e-01 1.724269e-04
2.450980e-02 2.598039e-01 3.492652e-04
3.431373e-02 2.598039e-01 6.865324e-04
4.411765e-02 2.598039e-01 1.309550e-03
5.392157e-02 2.598039e-01 2.424032e-03
6.372549e-02 2.598039e-01 4.354215e-03
7.352941e-02 2.598039e-01 7.589912e-03
8.333333e-02 2.598039e-01 1.283864e-02
9.313725e-02 2.598039e-01 2.107446e-02
1.029412e-01 2.598039e-01 3.356984e-02
1.127451e-01 2.598039e-01 5.189164e-02
1.225490e-01 2.598039e-01 7.783963e-02
1.323529e-01 2.598039e-01 1.133077e-01
1.421569e-01 2.598039e-01 1.600566e-01
1.519608e-01 2.598039e-01 2.194031e-01
1.617647e-01 2.598039e-01 2.918552e-01
1.715686e-01 2.598039e-01 3.767449e-01
1.813725e-01 2.598039e-01 4.719354e-01
1.911765e-01 2.598039e-01 5.736845e-01
2.009804e-01 2.598039e-01 6.767355e-01
2.107843e-01 2.598039e-01 7.746760e-01
2.205882e-01 2.598039e-01 8.605508e-01
2.303922e-01 2.598039e-01 9.276588e-01
2.401961e-01 2.598039e-01 9.704101e-01
2.500000e-01 2.598039e-01 9.850939e-01
2.598039e-01 2.598039e-01 9.704101e-01
2.696078e-01 2.598039e-01 9.276588e-01
2.794118e-01 2.598039e-01 8.605508e-01
2.892157e-01 2.598039e-01 7.746760e-01
2.990196e-01 2.598039e-01 6.767355e-01
3.088235e-01 2.598039e-01 5.736845e-01
3.186275e-01 2.598039e-01 4.719354e-01
3.284314e-01 2.598039e-01 3.767449e-01
3.382353e-01 2.598039e-01 2.918552e-01
3.480392e-01 2.598039e-01 2.194031e-01
3.578431e-01 2.598039e-01 1.600566e-01
3.676471e-01 2.598039e-01 1.133077e-01
3.774510e-01 2.598039e-01 7.783963e-02
3.872549e-01 2.598039e-01 5.189164e-02
3.970588e-01 2.598039e-01 3.356984e-02
4.068627e-01 2.598039e-01 2.107446e-02
4.166667e-01 2.598039e-01 1.283864e-02
4.264706e-01 2.598039e-01 7.589912e-03
4.362745e-01 2.598039e-01 4.354215e-03
4.460784e-01 2.598039e-01 2.424032e-03
4.558824e-01 2.598039e-01 1.309550e-03
4.656863e-01 2.598039e-01 6.865324e-04
4.754902e-01 2.598039e-01 3.492652e-04
4.852941e-01 2.598039e-01 1.724269e-04
4.950980e-01 2.598039e-01 8.260568e-05
5.049020e-01 2.598039e-01 3.840344e-05
5.147059e-01 2.598039e-01 1.732550e-05
5.245098e-01 2.598039e-01 7.585016e-06
5.343137e-01 2.598039e-01 3.222424e-06
5.441176e-01 2.598039e-01 1.328508e-06
5.539216e-01 2.598039e-01 5.314970e-07
5.637255e-01 2.598039e-01 2.063445e-07
5.735294e-01 2.598039e-01 7.773923e-08
5.833333e-01 2.598039e-01 2.842123e-08
5.931373e-01 2.598039e-01 1.008326e-08
6.029412e-01 2.598039e-01 3.471476e-09
6.127451e-01 2.598039e-01 1.159799e-09
6.225490e-01 2.598039e-01 3.760162e-10
6.323529e-01 2.598039e-01 1.183003e-10
6.421569e-01 2.598039e-01 3.611771e-11
6.519608e-01 2.598039e-01 1.070065e-11
6.617647e-01 2.598039e-01 3.076487e-12
6.715686e-01 2.598039e-01 8.583323e-13
6.813725e-01 2.598039e-01 2.323866e-13
6.911765e-01 2.598039e-01 6.105513e-14
7.009804e-01 2.598039e-01 1.556641e-14
7.107843e-01 2.598039e-01 3.851324e-15
7.205882e-01 2.598039e-01 9.246703e-16
7.303922e-01 2.598039e-01 2.154364e-16
7.401961e-01 2.598039e-01 4.870871e-17
7.500000e-01 2.598039e-01 1.068684e-17
7.598039e-01 2.598039e-01 2.275347e-18
7.696078e-01 2.598039e-01 4.701116e-19
7.794118e-01 2.598039e-01 9.425615e-20
7.892157e-01 2.598039e-01 1.833892e-20
7.990196e-01 2.598039e-01 3.462526e-21
8.088235e-01 2.598039e-01 6.344066e-22
8.186275e-01 2.598039e-01 1.127970e-22
8.284314e-01 2.598039e-01 1.946179e-23
8.382353e-01 2.598039e-01 3.258543e-24
8.480392e-01 2.598039e-01 5.294430e-25
8.578431e-01 2.598039e-01 8.347768e-26
8.676471e-01 2.598039e-01 1.277253e-26
8.774510e-01 2.598039e-01 1.896438e-27
8.872549e-01 2.598039e-01 2.732472e-28
8.970588e-01 2.598039e-01 3.820569e-29
9.068627e-01 2.598039e-01 5.183889e-30
9.166667e-01 2.598039e-01 6.825565e-31
9.264706e-01 2.598039e-01 8.721213e-32
9.362745e-01 2.598039e-01 1.081360e-32
9.460784e-01 2.598039e-01 1.301126e-33
9.558824e-01 2.598039e-01 1.519230e-34
9.656863e-01 2.598039e-01 1.721405e-35
9.754902e-01 2.598039e-01 1.892770e-36
9.852941e-01 2.598039e-01 2.019612e-37
9.950980e-01 2.598039e-01 1.724269e-04
4.901961e-03 2.696078e-01 1.930638e-37
1.470588e-02 2.696078e-01 1.648306e-04
2.450980e-02 2.696078e-01 3.338784e-04
3.431373e-02 2.696078e-01 6.562873e-04
4.411765e-02 2.696078e-01 1.251858e-03
5.392157e-02 2.696078e-01 2.317241e-03
6.372549e-02 2.696078e-01 4.162391e-03
7.352941e-02 2.696078e-01 7.255540e-03
8.333333e-02 2.696078e-01 1.227303e-02
9.313725e-02 2.696078e-01 2.014603e-02
1.029412e-01 2.696078e-01 3.209092e-02
1.127451e-01 2.696078e-01 4.960556e-02
1.225490e-01 2.696078e-01 7.441041e-02
1.323529e-01 2.696078e-01 1.083160e-01
1.421569e-01 2.696078e-01 1.530053e-01
1.519608e-01 2.696078e-01 2.097373e-01
1.617647e-01 2.696078e-01 2.789975e-01
1.715686e-01 2.696078e-01 3.601474e-01
1.813725e-01 2.696078e-01 4.511444e-01
1.911765e-01 2.696078e-01 5.484109e-01
2.009804e-01 2.696078e-01 6.469220e-01
2.107843e-01 2.696078e-01 7.405477e-01
2.205882e-01 2.696078e-01 8.226393e-01
2.303922e-01 2.696078e-01 8.867909e-01
2.401961e-01 2.696078e-01 9.276588e-01
2.500000e-01 2.696078e-01 9.416957e-01
2.598039e-01 2.696078e-01 9.276588e-01
2.696078e-01 2.696078e-01 8.867909e-01
2.794118e-01 2.696078e-01 8.226393e-01
2.892157e-01 2.696078e-01 7.405477e-01
2.990196e-01 2.696078e-01 6.469220e-01
3.088235e-01 2.696078e-01 5.484109e-01
3.186275e-01 2.696078e-01 4.511444e-01
3.284314e-01 2.696078e-01 3.601474e-01
3.382353e-01 2.696078e-01 2.789975e-01
3.480392e-01 2.696078e-01 2.097373e-01
3.578431e-01 2.696078e-01 1.530053e-01
3.676471e-01 2.696078e-01 1.083160e-01
3.774510e-01 2.696078e-01 7.441041e-02
3.872549e-01 2.696078e-01 4.960556e-02
3.970588e-01 2.696078e-01 3.209092e-02
4.068627e-01 2.696078e-01 2.014603e-02
4.166667e-01 2.696078e-01 1.227303e-02
4.264706e-01 2.696078e-01 7.255540e-03
4.362745e-01 2.696078e-01 4.162391e-03
4.460784e-01 2.696078e-01 2.317241e-03
4.558824e-01 2.696078e-01 1.251858e-03
4.656863e-01 2.696078e-01 6.562873e-04
4.754902e-01 2.696078e-01 3.338784e-04
4.852941e-01 2.696078e-01 1.648306e-04
4.950980e-01 2.696078e-01 7.896649e-05
5.049020e-01 2.696078e-01 3.671158e-05
5.147059e-01 2.696078e-01 1.656222e-05
5.245098e-01 2.696078e-01 7.250859e-06
5.343137e-01 2.696078e-01 3.080460e-06
5.441176e-01 2.696078e-01 1.269980e-06
5.539216e-01 2.696078e-01 5.080820e-07
5.637255e-01 2.696078e-01 1.972540e-07
5.735294e-01 2.696078e-01 7.431444e-08
5.833333e-01 2.696078e-01 2.716914e-08
5.931373e-01 2.696078e-01 9.639041e-09
6.029412e-01 2.696078e-01 3.318540e-09
6.127451e-01 2.696078e-01 1.108704e-09
6.225490e-01 2.696078e-01 3.594508e-10
6.323529e-01 2.696078e-01 1.130886e-10
6.421569e-01 2.696078e-01 3.452655e-11
6.519608e-01 2.696078e-01 1.022923e-11
6.617647e-01 2.696078e-01 2.940953e-12
6.715686e-01 2.696078e-01 8.205186e-13
6.813725e-01 2.696078e-01 2.221489e-13
6.911765e-01 2.696078e-01 5.836535e-14
7.009804e-01 2.696078e-01 1.488063e-14
7.107843e-01 2.696078e-01 3.681654e-15
7.205882e-01 2.696078e-01 8.839341e-16
7.303922e-01 2.696078e-01 2.059454e-16
7.401961e-01 2.696078e-01 4.656285e-17
7.500000e-01 2.696078e-01 1.021604e-17
7.598039e-01 2.696078e-01 2.175106e-18
7.696078e-01 2.696078e-01 4.494009e-19
7.794118e-01 2.696078e-01 9.010371e-20
7.892157e-01 2.696078e-01 1.753100e-20
7.990196e-01 2.696078e-01 3.309985e-21
8.088235e-01 2.696078e-01 6.064579e-22
8.186275e-01 2.696078e-01 1.078278e-22
8.284314e-01 2.696078e-01 1.860441e-23
8.382353e-01 2.696078e-01 3.114988e-24
8.480392e-01 2.696078e-01 5.061185e-25
8.578431e-01 2.696078e-01 7.980008e-26
8.676471e-01 2.696078e-01 1.220983e-26
8.774510e-01 2.696078e-01 1.812890e-27
8.872549e-01 2.696078e-01 2.612093e-28
8.970588e-01 2.696078e-01 3.652254e-29
9.068627e-01 2.696078e-01 4.955513e-30
9.166667e-01 2.696078e-01 6.524866e-31
9.264706e-01 2.696078e-01 8.337001e-32
9.362745e-01 2.696078e-01 1.033721e-32
9.460784e-01 2.696078e-01 1.243805e-33
9.558824e-01 2.696078e-01 1.452300e-34
9.656863e-01 2.696078e-01 1.645568e-35
9.754902e-01 2.696078e-01 1.809384e-36
9.852941e-01 2.696078e-01 1.930638e-37
9.950980e-01 2.696078e-01 1.648306e-04
4.901961e-03 2.794118e-01 1.790973e-37
1.470588e-02 2.794118e-01 1.529066e-04
2.450980e-02 2.794118e-01 3.097252e-04
3.431373e-02 2.794118e-01 6.088106e-04
4.411765e-02 2.794118e-01 1.161297e-03
5.392157e-02 2.794118e-01 2.149609e-03
6.372549e-02 2.794118e-01 3.861278e-03
7.352941e-02 2.794118e-01 6.730665e-03
8.333333e-02 2.794118e-01 1.138519e-02
9.313725e-02 2.794118e-01 1.868864e-02
1.029412e-01 2.794118e-01 2.976943e-02
1.127451e-01 2.794118e-01 4.601703e-02
1.225490e-01 2.794118e-01 6.902747e-02
1.323529e-01 2.794118e-01 1.004802e-01
1.421569e-01 2.794118e-01 1.419367e-01
1.519608e-01 2.794118e-01 1.945647e-01
1.617647e-01 2.794118e-01 2.588145e-01
1.715686e-01 2.794118e-01 3.340939e-01
1.813725e-01 2.794118e-01 4.185080e-01
1.911765e-01 2.794118e-01 5.087382e-01
2.009804e-01 2.794118e-01 6.001228e-01
2.107843e-01 2.794118e-01 6.869756e-01
2.205882e-01 2.794118e-01 7.631286e-01
2.303922e-01 2.794118e-01 8.226393e-01
2.401961e-01 2.794118e-01 8.605508e-01
2.500000e-01 2.794118e-01 8.735723e-01
2.598039e-01 2.794118e-01 8.605508e-01
2.696078e-01 2.794118e-01 8.226393e-01
2.794118e-01 2.794118e-01 7.631286e-01
2.892157e-01 2.794118e-01 6.869756e-01
2.990196e-01 2.794118e-01 6.001228e-01
3.088235e-01 2.794118e-01 5.087382e-01
3.186275e-01 2.794118e-01 4.185080e-01
3.284314e-01 2.794118e-01 3.340939e-01
3.382353e-01 2.794118e-01 2.588145e-01
3.480392e-01 2.794118e-01 1.945647e-01
3.578431e-01 2.794118e-01 1.419367e-01
3.676471e-01 2.794118e-01 1.004802e-01
3.774510e-01 2.794118e-01 6.902747e-02
3.872549e-01 2.794118e-01 4.601703e-02
3.970588e-01 2.794118e-01 2.976943e-02
4.068627e-01 2.794118e-01 1.868864e-02
4.166667e-01 2.794118e-01 1.138519e-02
4.264706e-01 2.794118e-01 6.730665e-03
4.362745e-01 2.794118e-01 3.861278e-03
4.460784e-01 2.794118e-01 2.149609e-03
4.558824e-01 2.794118e-01 1.161297e-03
4.656863e-01 2.794118e-01 6.088106e-04
4.754902e-01 2.794118e-01 3.097252e-04
4.852941e-01 2.794118e-01 1.529066e-04
4.950980e-01 2.794118e-01 7.325396e-05
5.049020e-01 2.794118e-01 3.405582e-05
5.147059e-01 2.794118e-01 1.536409e-05
5.245098e-01 2.794118e-01 6.726323e-06
5.343137e-01 2.794118e-01 2.857616e-06
5.441176e-01 2.794118e-01 1.178109e-06
5.539216e-01 2.794118e-01 4.713267e-07
5.637255e-01 2.794118e-01 1.829844e-07
5.735294e-01 2.794118e-01 6.893844e-08
5.833333e-01 2.794118e-01 2.520369e-08
5.931373e-01 2.794118e-01 8.941741e-09
6.029412e-01 2.794118e-01 3.078473e-09
6.127451e-01 2.794118e-01 1.028499e-09
6.225490e-01 2.794118e-01 3.334477e-10
6.323529e-01 2.794118e-01 1.049076e-10
6.421569e-01 2.794118e-01 3.202886e-11
6.519608e-01 2.794118e-01 9.489235e-12
6.617647e-01 2.794118e-01 2.728200e-12
6.715686e-01 2.794118e-01 7.611612e-13
6.813725e-01 2.794118e-01 2.060783e-13
6.911765e-01 2.794118e-01 5.414313e-14
7.009804e-01 2.794118e-01 1.380415e-14
7.107843e-01 2.794118e-01 3.415319e-15
7.205882e-01 2.794118e-01 8.199892e-16
7.303922e-01 2.794118e-01 1.910471e-16
7.401961e-01 2.794118e-01 4.319444e-17
7.500000e-01 2.794118e-01 9.476995e-18
7.598039e-01 2.794118e-01 2.017757e-18
7.696078e-01 2.794118e-01 4.168907e-19
7.794118e-01 2.794118e-01 8.358549e-20
7.892157e-01 2.794118e-01 1.626279e-20
7.990196e-01 2.794118e-01 3.070537e-21
8.088235e-01 2.794118e-01 5.625860e-22
8.186275e-01 2.794118e-01 1.000274e-22
8.284314e-01 2.794118e-01 1.725854e-23
8.382353e-01 2.794118e-01 2.889646e-24
8.480392e-01 2.794118e-01 4.695052e-25
8.578431e-01 2.794118e-01 7.402725e-26
8.676471e-01 2.794118e-01 1.132656e-26
8.774510e-01 2.794118e-01 1.681744e-27
8.872549e-01 2.794118e-01 2.423131e-28
8.970588e-01 2.794118e-01 3.388045e-29
9.068627e-01 2.794118e-01 4.597025e-30
9.166667e-01 2.794118e-01 6.052849e-31
9.264706e-01 2.794118e-01 7.733892e-32
9.362745e-01 2.794118e-01 9.589406e-33
9.460784e-01 2.794118e-01 1.153827e-33
9.558824e-01 2.794118e-01 1.347239e-34
9.656863e-01 2.794118e-01 1.526526e-35
9.754902e-01 2.794118e-01 1.678491e-36
9.852941e-01 2.794118e-01 1.790973e-37
9.950980e-01 2.794118e-01 1.529066e-04
4.901961e-03 2.892157e-01 1.612251e-37
1.470588e-02 2.892157e-01 1.376479e-04
2.450980e-02 2.892157e-01 2.788176e-04
3.431373e-02 2.892157e-01 5.480571e-04
4.411765e-02 2.892157e-01 1.045410e-03
5.392157e-02 2.892157e-01 1.935098e-03
6.372549e-02 2.892157e-01 3.475959e-03
7.352941e-02 2.892157e-01 6.059008e-03
8.333333e-02 2.892157e-01 1.024905e-02
9.313725e-02 2.892157e-01 1.682369e-02
1.029412e-01 2.892157e-01 2.679872e-02
1.127451e-01 2.892157e-01 4.142496e-02
1.225490e-01 2.892157e-01 6.213918e-02
1.323529e-01 2.892157e-01 9.045327e-02
1.421569e-01 2.892157e-01 1.277728e-01
1.519608e-01 2.892157e-01 1.751490e-01
1.617647e-01 2.892157e-01 2.329873e-01
1.715686e-01 2.892157e-01 3.007545e-01
1.813725e-01 2.892157e-01 3.767449e-01
1.911765e-01 2.892157e-01 4.579709e-01
2.009804e-01 2.892157e-01 5.402362e-01
2.107843e-01 2.892157e-01 6.184219e-01
2.205882e-01 2.892157e-01 6.869756e-01
2.303922e-01 2.892157e-01 7.405477e-01
2.401961e-01 2.892157e-01 7.746760e-01
2.500000e-01 2.892157e-01 7.863980e-01
2.598039e-01 2.892157e-01 7.746760e-01
2.696078e-01 2.892157e-01 7.405477e-01
2.794118e-01 2.892157e-01 6.869756e-01
2.892157e-01 2.892157e-01 6.184219e-01
2.990196e-01 2.892157e-01 5.402362e-01
3.088235e-01 2.892157e-01 4.579709e-01
3.186275e-01 2.892157e-01 3.767449e-01
3.284314e-01 2.892157e-01 3.007545e-01
3.382353e-01 2.892157e-01 2.329873e-01
3.480392e-01 2.892157e-01 1.751490e-01
3.578431e-01 2.892157e-01 1.277728e-01
3.676471e-01 2.892157e-01 9.045327e-02
3.774510e-01 2.892157e-01 6.213918e-02
3.872549e-01 2.892157e-01 4.142496e-02
3.970588e-01 2.892157e-01 2.679872e-02
4.068627e-01 2.892157e-01 1.682369e-02
4.166667e-01 2.892157e-01 1.024905e-02
4.264706e-01 2.892157e-01 6.059008e-03
4.362745e-01 2.892157e-01 3.475959e-03
4.460784e-01 2.892157e-01 1.935098e-03
4.558824e-01 2.892157e-01 1.045410e-03
4.656863e-01 2.892157e-01 5.480571e-04
4.754902e-01 2.892157e-01 2.788176e-04
4.852941e-01 2.892157e-01 1.376479e-04
4.950980e-01 2.892157e-01 6.594391e-05
5.049020e-01 2.892157e-01 3.065737e-05
5.147059e-01 2.892157e-01 1.383090e-05
5.245098e-01 2.892157e-01 6.055099e-06
5.343137e-01 2.892157e-01 2.572453e-06
5.441176e-01 2.892157e-01 1.060544e-06
5.539216e-01 2.892157e-01 4.242927e-07
5.637255e-01 2.892157e-01 1.647243e-07
5.735294e-01 2.892157e-01 6.205903e-08
5.833333e-01 2.892157e-01 2.268860e-08
5.931373e-01 2.892157e-01 8.049439e-09
6.029412e-01 2.892157e-01 2.771270e-09
6.127451e-01 2.892157e-01 9.258646e-10
6.225490e-01 2.892157e-01 3.001728e-10
6.323529e-01 2.892157e-01 9.443881e-11
6.421569e-01 2.892157e-01 2.883268e-11
6.519608e-01 2.892157e-01 8.542299e-12
6.617647e-01 2.892157e-01 2.455952e-12
6.715686e-01 2.892157e-01 6.852045e-13
6.813725e-01 2.892157e-01 1.855137e-13
6.911765e-01 2.892157e-01 4.874016e-14
7.009804e-01 2.892157e-01 1.242663e-14
7.107843e-01 2.892157e-01 3.074502e-15
7.205882e-01 2.892157e-01 7.381620e-16
7.303922e-01 2.892157e-01 1.719824e-16
7.401961e-01 2.892157e-01 3.888404e-17
7.500000e-01 2.892157e-01 8.531281e-18
7.598039e-01 2.892157e-01 1.816404e-18
7.696078e-01 2.892157e-01 3.752889e-19
7.794118e-01 2.892157e-01 7.524445e-20
7.892157e-01 2.892157e-01 1.463991e-20
7.990196e-01 2.892157e-01 2.764126e-21
8.088235e-01 2.892157e-01 5.064452e-22
8.186275e-01 2.892157e-01 9.004558e-23
8.284314e-01 2.892157e-01 1.553630e-23
8.382353e-01 2.892157e-01 2.601286e-24
8.480392e-01 2.892157e-01 4.226531e-25
8.578431e-01 2.892157e-01 6.664003e-26
8.676471e-01 2.892157e-01 1.019628e-26
8.774510e-01 2.892157e-01 1.513922e-27
8.872549e-01 2.892157e-01 2.181325e-28
8.970588e-01 2.892157e-01 3.049950e-29
9.068627e-01 2.892157e-01 4.138285e-30
9.166667e-01 2.892157e-01 5.448832e-31
9.264706e-01 2.892157e-01 6.962123e-32
9.362745e-01 2.892157e-01 8.632473e-33
9.460784e-01 2.892157e-01 1.038686e-33
9.558824e-01 2.892157e-01 1.212798e-34
9.656863e-01 2.892157e-01 1.374193e-35
9.754902e-01 2.892157e-01 1.510993e-36
9.852941e-01 2.892157e-01 1.612251e-37
9.950980e-01 2.892157e-01 1.376479e-04
4.901961e-03 2.990196e-01 1.408418e-37
1.470588e-02 2.990196e-01 1.202454e-04
2.450980e-02 2.990196e-01 2.435673e-04
3.431373e-02 2.990196e-01 4.787675e-04
4.411765e-02 2.990196e-01 9.132415e-04
5.392157e-02 2.990196e-01 1.690448e-03
6.372549e-02 2.990196e-01 3.036502e-03
7.352941e-02 2.990196e-01 5.292982e-03
8.333333e-02 2.990196e-01 8.953289e-03
9.313725e-02 2.990196e-01 1.469671e-02
1.029412e-01 2.990196e-01 2.341062e-02
1.127451e-01 2.990196e-01 3.618770e-02
1.225490e-01 2.990196e-01 5.428307e-02
1.323529e-01 2.990196e-01 7.901747e-02
1.421569e-01 2.990196e-01 1.116187e-01
1.519608e-01 2.990196e-01 1.530053e-01
1.617647e-01 2.990196e-01 2.035312e-01
1.715686e-01 2.990196e-01 2.627308e-01
1.813725e-01 2.990196e-01 3.291139e-01
1.911765e-01 2.990196e-01 4.000707e-01
2.009804e-01 2.990196e-01 4.719354e-01
2.107843e-01 2.990196e-01 5.402362e-01
2.205882e-01 2.990196e-01 6.001228e-01
2.303922e-01 2.990196e-01 6.469220e-01
2.401961e-01 2.990196e-01 6.767355e-01
2.500000e-01 2.990196e-01 6.869756e-01
2.598039e-01 2.990196e-01 6.767355e-01
2.696078e-01 2.990196e-01 6.469220e-01
2.794118e-01 2.990196e-01 6.001228e-01
2.892157e-01 2.990196e-01 5.402362e-01
2.990196e-01 2.990196e-01 4.719354e-01
3.088235e-01 2.990196e-01 4.000707e-01
3.186275e-01 2.990196e-01 3.291139e-01
3.284314e-01 2.990196e-01 2.627308e-01
3.382353e-01 2.990196e-01 2.035312e-01
3.480392e-01 2.990196e-01 1.530053e-01
3.578431e-01 2.990196e-01 1.116187e-01
3.676471e-01 2.990196e-01 7.901747e-02
3.774510e-01 2.990196e-01 5.428307e-02
3.872549e-01 2.990196e-01 3.618770e-02
3.970588e-01 2.990196e-01 2.341062e-02
4.068627e-01 2.990196e-01 1.469671e-02
4.166667e-01 2.990196e-01 8.953289e-03
4.264706e-01 2.990196e-01 5.292982e-03
4.362745e-01 2.990196e-01 3.036502e-03
4.460784e-01 2.990196e-01 1.690448e-03
4.558824e-01 2.990196e-01 9.132415e-04
4.656863e-01 2.990196e-01 4.787675e-04
4.754902e-01 2.990196e-01 2.435673e-04
4.852941e-01 2.990196e-01 1.202454e-04
4.950980e-01 2.990196e-01 5.760677e-05
5.049020e-01 2.990196e-01 2.678143e-05
5.147059e-01 2.990196e-01 1.208229e-05
5.245098e-01 2.990196e-01 5.289567e-06
5.343137e-01 2.990196e-01 2.247224e-06
5.441176e-01 2.990196e-01 9.264622e-07
5.539216e-01 2.990196e-01 3.706504e-07
5.637255e-01 2.990196e-01 1.438986e-07
5.735294e-01 2.990196e-01 5.421305e-08
5.833333e-01 2.990196e-01 1.982013e-08
5.931373e-01 2.990196e-01 7.031767e-09
6.029412e-01 2.990196e-01 2.420905e-09
6.127451e-01 2.990196e-01 8.088097e-10
6.225490e-01 2.990196e-01 2.622226e-10
6.323529e-01 2.990196e-01 8.249913e-11
6.421569e-01 2.990196e-01 2.518743e-11
6.519608e-01 2.990196e-01 7.462316e-12
6.617647e-01 2.990196e-01 2.145452e-12
6.715686e-01 2.990196e-01 5.985757e-13
6.813725e-01 2.990196e-01 1.620596e-13
6.911765e-01 2.990196e-01 4.257805e-14
7.009804e-01 2.990196e-01 1.085556e-14
7.107843e-01 2.990196e-01 2.685800e-15
7.205882e-01 2.990196e-01 6.448379e-16
7.303922e-01 2.990196e-01 1.502390e-16
7.401961e-01 2.990196e-01 3.396802e-17
7.500000e-01 2.990196e-01 7.452691e-18
7.598039e-01 2.990196e-01 1.586760e-18
7.696078e-01 2.990196e-01 3.278420e-19
7.794118e-01 2.990196e-01 6.573147e-20
7.892157e-01 2.990196e-01 1.278902e-20
7.990196e-01 2.990196e-01 2.414664e-21
8.088235e-01 2.990196e-01 4.424165e-22
8.186275e-01 2.990196e-01 7.866133e-23
8.284314e-01 2.990196e-01 1.357208e-23
8.382353e-01 2.990196e-01 2.272412e-24
8.480392e-01 2.990196e-01 3.692180e-25
8.578431e-01 2.990196e-01 5.821488e-26
8.676471e-01 2.990196e-01 8.907185e-27
8.774510e-01 2.990196e-01 1.322520e-27
8.872549e-01 2.990196e-01 1.905545e-28
8.970588e-01 2.990196e-01 2.664352e-29
9.068627e-01 2.990196e-01 3.615092e-30
9.166667e-01 2.990196e-01 4.759949e-31
9.264706e-01 2.990196e-01 6.081918e-32
9.362745e-01 2.990196e-01 7.541090e-33
9.460784e-01 2.990196e-01 9.073670e-34
9.558824e-01 2.990196e-01 1.059466e-34
9.656863e-01 2.990196e-01 1.200457e-35
9.754902e-01 2.990196e-01 1.319962e-36
9.852941e-01 2.990196e-01 1.408418e-37
9.950980e-01 2.990196e-01 1.202454e-04
4.901961e-03 3.088235e-01 1.193949e-37
1.470588e-02 3.088235e-01 1.019349e-04
2.450980e-02 3.088235e-01 2.064777e-04
3.431373e-02 3.088235e-01 4.058624e-04
4.411765e-02 3.088235e-01 7.741762e-04
5.392157e-02 3.088235e-01 1.433033e-03
6.372549e-02 3.088235e-01 2.574113e-03
7.352941e-02 3.088235e-01 4.486985e-03
8.333333e-02 3.088235e-01 7.589912e-03
9.313725e-02 3.088235e-01 1.245874e-02
1.029412e-01 3.088235e-01 1.984573e-02
1.127451e-01 3.088235e-01 3.067716e-02
1.225490e-01 3.088235e-01 4.601703e-02
1.323529e-01 3.088235e-01 6.698496e-02
1.421569e-01 3.088235e-01 9.462182e-02
1.519608e-01 3.088235e-01 1.297062e-01
1.617647e-01 3.088235e-01 1.725382e-01
1.715686e-01 3.088235e-01 2.227230e-01
1.813725e-01 3.088235e-01 2.789975e-01
1.911765e-01 3.088235e-01 3.391493e-01
2.009804e-01 3.088235e-01 4.000707e-01
2.107843e-01 3.088235e-01 4.579709e-01
2.205882e-01 3.088235e-01 5.087382e-01
2.303922e-01 3.088235e-01 5.484109e-01
2.401961e-01 3.088235e-01 5.736845e-01
2.500000e-01 3.088235e-01 5.823653e-01
2.598039e-01 3.088235e-01 5.736845e-01
2.696078e-01 3.088235e-01 5.484109e-01
2.794118e-01 3.088235e-01 5.087382e-01
2.892157e-01 3.088235e-01 4.579709e-01
2.990196e-01 3.088235e-01 4.000707e-01
3.088235e-01 3.088235e-01 3.391493e-01
3.186275e-01 3.088235e-01 2.789975e-01
3.284314e-01 3.088235e-01 2.227230e-01
3.382353e-01 3.088235e-01 1.725382e-01
3.480392e-01 3.088235e-01 1.297062e-01
3.578431e-01 3.088235e-01 9.462182e-02
3.676471e-01 3.088235e-01 6.698496e-02
3.774510e-01 3.088235e-01 4.601703e-02
3.872549e-01 3.088235e-01 3.067716e-02
3.970588e-01 3.088235e-01 1.984573e-02
4.068627e-01 3.088235e-01 1.245874e-02
4.166667e-01 3.088235e-01 7.589912e-03
4.264706e-01 3.088235e-01 4.486985e-03
4.362745e-01 3.088235e-01 2.574113e-03
4.460784e-01 3.088235e-01 1.433033e-03
4.558824e-01 3.088235e-01 7.741762e-04
4.656863e-01 3.088235e-01 4.058624e-04
4.754902e-01 3.088235e-01 2.064777e-04
4.852941e-01 3.088235e-01 1.019349e-04
4.950980e-01 3.088235e-01 4.883461e-05
5.049020e-01 3.088235e-01 2.270325e-05
5.147059e-01 3.088235e-01 1.024244e-05
5.245098e-01 3.088235e-01 4.484090e-06
5.343137e-01 3.088235e-01 1.905024e-06
5.441176e-01 3.088235e-01 7.853837e-07
5.539216e-01 3.088235e-01 3.142090e-07
5.637255e-01 3.088235e-01 1.219862e-07
5.735294e-01 3.088235e-01 4.595767e-08
5.833333e-01 3.088235e-01 1.680199e-08
5.931373e-01 3.088235e-01 5.960994e-09
6.029412e-01 3.088235e-01 2.052258e-09
6.127451e-01 3.088235e-01 6.856469e-10
6.225490e-01 3.088235e-01 2.222923e-10
6.323529e-01 3.088235e-01 6.993644e-11
6.421569e-01 3.088235e-01 2.135197e-11
6.519608e-01 3.088235e-01 6.325980e-12
6.617647e-01 3.088235e-01 1.818749e-12
6.715686e-01 3.088235e-01 5.074266e-13
6.813725e-01 3.088235e-01 1.373817e-13
6.911765e-01 3.088235e-01 3.609441e-14
7.009804e-01 3.088235e-01 9.202509e-15
7.107843e-01 3.088235e-01 2.276815e-15
7.205882e-01 3.088235e-01 5.466442e-16
7.303922e-01 3.088235e-01 1.273611e-16
7.401961e-01 3.088235e-01 2.879549e-17
7.500000e-01 3.088235e-01 6.317820e-18
7.598039e-01 3.088235e-01 1.345133e-18
7.696078e-01 3.088235e-01 2.779194e-19
7.794118e-01 3.088235e-01 5.572210e-20
7.892157e-01 3.088235e-01 1.084155e-20
7.990196e-01 3.088235e-01 2.046967e-21
8.088235e-01 3.088235e-01 3.750468e-22
8.186275e-01 3.088235e-01 6.668305e-23
8.284314e-01 3.088235e-01 1.150537e-23
8.382353e-01 3.088235e-01 1.926377e-24
8.480392e-01 3.088235e-01 3.129947e-25
8.578431e-01 3.088235e-01 4.935012e-26
8.676471e-01 3.088235e-01 7.550829e-27
8.774510e-01 3.088235e-01 1.121131e-27
8.872549e-01 3.088235e-01 1.615375e-28
8.970588e-01 3.088235e-01 2.258634e-29
9.068627e-01 3.088235e-01 3.064598e-30
9.166667e-01 3.088235e-01 4.035120e-31
9.264706e-01 3.088235e-01 5.155784e-32
9.362745e-01 3.088235e-01 6.392758e-33
9.460784e-01 3.088235e-01 7.691962e-34
9.558824e-01 3.088235e-01 8.981344e-35
9.656863e-01 3.088235e-01 1.017656e-35
9.754902e-01 3.088235e-01 1.118963e-36
9.852941e-01 3.088235e-01 1.193949e-37
9.950980e-01 3.088235e-01 1.019349e-04
4.901961e-03 3.186275e-01 9.821892e-38
1.470588e-02 3.186275e-01 8.385563e-05
2.450980e-02 3.186275e-01 1.698567e-04
3.431373e-02 3.186275e-01 3.338784e-04
4.411765e-02 3.186275e-01 6.368678e-04
5.392157e-02 3.186275e-01 1.178869e-03
6.372549e-02 3.186275e-01 2.117567e-03
7.352941e-02 3.186275e-01 3.691170e-03
8.333333e-02 3.186275e-01 6.243761e-03
9.313725e-02 3.186275e-01 1.024905e-02
1.029412e-01 3.186275e-01 1.632588e-02
1.127451e-01 3.186275e-01 2.523624e-02
1.225490e-01 3.186275e-01 3.785542e-02
1.323529e-01 3.186275e-01 5.510446e-02
1.421569e-01 3.186275e-01 7.783963e-02
1.519608e-01 3.186275e-01 1.067014e-01
1.617647e-01 3.186275e-01 1.419367e-01
1.715686e-01 3.186275e-01 1.832207e-01
1.813725e-01 3.186275e-01 2.295144e-01
1.911765e-01 3.186275e-01 2.789975e-01
2.009804e-01 3.186275e-01 3.291139e-01
2.107843e-01 3.186275e-01 3.767449e-01
2.205882e-01 3.186275e-01 4.185080e-01
2.303922e-01 3.186275e-01 4.511444e-01
2.401961e-01 3.186275e-01 4.719354e-01
2.500000e-01 3.186275e-01 4.790766e-01
2.598039e-01 3.186275e-01 4.719354e-01
2.696078e-01 3.186275e-01 4.511444e-01
2.794118e-01 3.186275e-01 4.185080e-01
2.892157e-01 3.186275e-01 3.767449e-01
2.990196e-01 3.186275e-01 3.291139e-01
3.088235e-01 3.186275e-01 2.789975e-01
3.186275e-01 3.186275e-01 2.295144e-01
3.284314e-01 3.186275e-01 1.832207e-01
3.382353e-01 3.186275e-01 1.419367e-01
3.480392e-01 3.186275e-01 1.067014e-01
3.578431e-01 3.186275e-01 7.783963e-02
3.676471e-01 3.186275e-01 5.510446e-02
3.774510e-01 3.186275e-01 3.785542e-02
3.872549e-01 3.186275e-01 2.523624e-02
3.970588e-01 3.186275e-01 1.632588e-02
4.068627e-01 3.186275e-01 1.024905e-02
4.166667e-01 3.186275e-01 6.243761e-03
4.264706e-01 3.186275e-01 3.691170e-03
4.362745e-01 3.186275e-01 2.117567e-03
4.460784e-01 3.186275e-01 1.178869e-03
4.558824e-01 3.186275e-01 6.368678e-04
4.656863e-01 3.186275e-01 3.338784e-04
4.754902e-01 3.186275e-01 1.698567e-04
4.852941e-01 3.186275e-01 8.385563e-05
4.950980e-01 3.186275e-01 4.017327e-05
5.049020e-01 3.186275e-01 1.867658e-05
5.147059e-01 3.186275e-01 8.425835e-06
5.245098e-01 3.186275e-01 3.688789e-06
5.343137e-01 3.186275e-01 1.567148e-06
5.441176e-01 3.186275e-01 6.460875e-07
5.539216e-01 3.186275e-01 2.584807e-07
5.637255e-01 3.186275e-01 1.003506e-07
5.735294e-01 3.186275e-01 3.780659e-08
5.833333e-01 3.186275e-01 1.382198e-08
5.931373e-01 3.186275e-01 4.903748e-09
6.029412e-01 3.186275e-01 1.688268e-09
6.127451e-01 3.186275e-01 5.640401e-10
6.225490e-01 3.186275e-01 1.828664e-10
6.323529e-01 3.186275e-01 5.753247e-11
6.421569e-01 3.186275e-01 1.756497e-11
6.519608e-01 3.186275e-01 5.204000e-12
6.617647e-01 3.186275e-01 1.496175e-12
6.715686e-01 3.186275e-01 4.174291e-13
6.813725e-01 3.186275e-01 1.130156e-13
6.911765e-01 3.186275e-01 2.969268e-14
7.009804e-01 3.186275e-01 7.570346e-15
7.107843e-01 3.186275e-01 1.872998e-15
7.205882e-01 3.186275e-01 4.496910e-16
7.303922e-01 3.186275e-01 1.047723e-16
7.401961e-01 3.186275e-01 2.368830e-17
7.500000e-01 3.186275e-01 5.197287e-18
7.598039e-01 3.186275e-01 1.106560e-18
7.696078e-01 3.186275e-01 2.286274e-19
7.794118e-01 3.186275e-01 4.583919e-20
7.892157e-01 3.186275e-01 8.918689e-21
7.990196e-01 3.186275e-01 1.683916e-21
8.088235e-01 3.186275e-01 3.085283e-22
8.186275e-01 3.186275e-01 5.485610e-23
8.284314e-01 3.186275e-01 9.464771e-24
8.382353e-01 3.186275e-01 1.584713e-24
8.480392e-01 3.186275e-01 2.574818e-25
8.578431e-01 3.186275e-01 4.059735e-26
8.676471e-01 3.186275e-01 6.211609e-27
8.774510e-01 3.186275e-01 9.222865e-28
8.872549e-01 3.186275e-01 1.328871e-28
8.970588e-01 3.186275e-01 1.858041e-29
9.068627e-01 3.186275e-01 2.521059e-30
9.166667e-01 3.186275e-01 3.319448e-31
9.264706e-01 3.186275e-01 4.241351e-32
9.362745e-01 3.186275e-01 5.258934e-33
9.460784e-01 3.186275e-01 6.327711e-34
9.558824e-01 3.186275e-01 7.388407e-35
9.656863e-01 3.186275e-01 8.371635e-36
9.754902e-01 3.186275e-01 9.205027e-37
9.852941e-01 3.186275e-01 9.821892e-38
9.950980e-01 3.186275e-01 8.385563e-05
4.901961e-03 3.284314e-01 7.840792e-38
1.470588e-02 3.284314e-01 6.694174e-05
2.450980e-02 3.284314e-01 1.355962e-04
3.431373e-02 3.284314e-01 2.665343e-04
4.411765e-02 3.284314e-01 5.084100e-04
5.392157e-02 3.284314e-01 9.410882e-04
6.372549e-02 3.284314e-01 1.690448e-03
7.352941e-02 3.284314e-01 2.946652e-03
8.333333e-02 3.284314e-01 4.984378e-03
9.313725e-02 3.284314e-01 8.181793e-03
1.029412e-01 3.284314e-01 1.303291e-02
1.127451e-01 3.284314e-01 2.014603e-02
1.225490e-01 3.284314e-01 3.021989e-02
1.323529e-01 3.284314e-01 4.398975e-02
1.421569e-01 3.284314e-01 6.213918e-02
1.519608e-01 3.284314e-01 8.517946e-02
1.617647e-01 3.284314e-01 1.133077e-01
1.715686e-01 3.284314e-01 1.462647e-01
1.813725e-01 3.284314e-01 1.832207e-01
1.911765e-01 3.284314e-01 2.227230e-01
2.009804e-01 3.284314e-01 2.627308e-01
2.107843e-01 3.284314e-01 3.007545e-01
2.205882e-01 3.284314e-01 3.340939e-01
2.303922e-01 3.284314e-01 3.601474e-01
2.401961e-01 3.284314e-01 3.767449e-01
2.500000e-01 3.284314e-01 3.824456e-01
2.598039e-01 3.284314e-01 3.767449e-01
2.696078e-01 3.284314e-01 3.601474e-01
2.794118e-01 3.284314e-01 3.340939e-01
2.892157e-01 3.284314e-01 3.007545e-01
2.990196e-01 3.284314e-01 2.627308e-01
3.088235e-01 3.284314e-01 2.227230e-01
3.186275e-01 3.284314e-01 1.832207e-01
3.284314e-01 3.284314e-01 1.462647e-01
3.382353e-01 3.284314e-01 1.133077e-01
3.480392e-01 3.284314e-01 8.517946e-02
3.578431e-01 3.284314e-01 6.213918e-02
3.676471e-01 3.284314e-01 4.398975e-02
3.774510e-01 3.284314e-01 3.021989e-02
3.872549e-01 3.284314e-01 2.014603e-02
3.970588e-01 3.284314e-01 1.303291e-02
4.068627e-01 3.284314e-01 8.181793e-03
4.166667e-01 3.284314e-01 4.984378e-03
4.264706e-01 3.284314e-01 2.946652e-03
4.362745e-01 3.284314e-01 1.690448e-03
4.460784e-01 3.284314e-01 9.410882e-04
4.558824e-01 3.284314e-01 5.084100e-04
4.656863e-01 3.284314e-01 2.665343e-04
4.754902e-01 3.284314e-01 1.355962e-04
4.852941e-01 3.284314e-01 6.694174e-05
4.950980e-01 3.284314e-01 3.207022e-05
5.049020e-01 3.284314e-01 1.490947e-05
5.147059e-01 3.284314e-01 6.726323e-06
5.245098e-01 3.284314e-01 2.944751e-06
5.343137e-01 3.284314e-01 1.251050e-06
5.441176e-01 3.284314e-01 5.157701e-07
5.539216e-01 3.284314e-01 2.063445e-07
5.637255e-01 3.284314e-01 8.010967e-08
5.735294e-01 3.284314e-01 3.018091e-08
5.833333e-01 3.284314e-01 1.103405e-08
5.931373e-01 3.284314e-01 3.914650e-09
6.029412e-01 3.284314e-01 1.347740e-09
6.127451e-01 3.284314e-01 4.502718e-10
6.225490e-01 3.284314e-01 1.459818e-10
6.323529e-01 3.284314e-01 4.592803e-11
6.421569e-01 3.284314e-01 1.402207e-11
6.519608e-01 3.284314e-01 4.154340e-12
6.617647e-01 3.284314e-01 1.194393e-12
6.715686e-01 3.284314e-01 3.332326e-13
6.813725e-01 3.284314e-01 9.022008e-14
6.911765e-01 3.284314e-01 2.370359e-14
7.009804e-01 3.284314e-01 6.043388e-15
7.107843e-01 3.284314e-01 1.495210e-15
7.205882e-01 3.284314e-01 3.589872e-16
7.303922e-01 3.284314e-01 8.363945e-17
7.401961e-01 3.284314e-01 1.891031e-17
7.500000e-01 3.284314e-01 4.148982e-18
7.598039e-01 3.284314e-01 8.833638e-19
7.696078e-01 3.284314e-01 1.825127e-19
7.794118e-01 3.284314e-01 3.659332e-20
7.892157e-01 3.284314e-01 7.119767e-21
7.990196e-01 3.284314e-01 1.344266e-21
8.088235e-01 3.284314e-01 2.462973e-22
8.186275e-01 3.284314e-01 4.379148e-23
8.284314e-01 3.284314e-01 7.555704e-24
8.382353e-01 3.284314e-01 1.265073e-24
8.480392e-01 3.284314e-01 2.055471e-25
8.578431e-01 3.284314e-01 3.240876e-26
8.676471e-01 3.284314e-01 4.958712e-27
8.774510e-01 3.284314e-01 7.362590e-28
8.872549e-01 3.284314e-01 1.060835e-28
8.970588e-01 3.284314e-01 1.483269e-29
9.068627e-01 3.284314e-01 2.012555e-30
9.166667e-01 3.284314e-01 2.649907e-31
9.264706e-01 3.284314e-01 3.385860e-32
9.362745e-01 3.284314e-01 4.198194e-33
9.460784e-01 3.284314e-01 5.051396e-34
9.558824e-01 3.284314e-01 5.898147e-35
9.656863e-01 3.284314e-01 6.683055e-36
9.754902e-01 3.284314e-01 7.348350e-37
9.852941e-01 3.284314e-01 7.840792e-38
9.950980e-01 3.284314e-01 6.694174e-05
4.901961e-03 3.382353e-01 6.074073e-38
1.470588e-02 3.382353e-01 5.185816e-05
2.450980e-02 3.382353e-01 1.050431e-04
3.431373e-02 3.382353e-01 2.064777e-04
4.411765e-02 3.382353e-01 3.938530e-04
5.392157e-02 3.382353e-01 7.290384e-04
6.372549e-02 3.382353e-01 1.309550e-03
7.352941e-02 3.382353e-01 2.282700e-03
8.333333e-02 3.382353e-01 3.861278e-03
9.313725e-02 3.382353e-01 6.338239e-03
1.029412e-01 3.382353e-01 1.009628e-02
1.127451e-01 3.382353e-01 1.560664e-02
1.225490e-01 3.382353e-01 2.341062e-02
1.323529e-01 3.382353e-01 3.407780e-02
1.421569e-01 3.382353e-01 4.813773e-02
1.519608e-01 3.382353e-01 6.598648e-02
1.617647e-01 3.382353e-01 8.777676e-02
1.715686e-01 3.382353e-01 1.133077e-01
1.813725e-01 3.382353e-01 1.419367e-01
1.911765e-01 3.382353e-01 1.725382e-01
2.009804e-01 3.382353e-01 2.035312e-01
2.107843e-01 3.382353e-01 2.329873e-01
2.205882e-01 3.382353e-01 2.588145e-01
2.303922e-01 3.382353e-01 2.789975e-01
2.401961e-01 3.382353e-01 2.918552e-01
2.500000e-01 3.382353e-01 2.962714e-01
2.598039e-01 3.382353e-01 2.918552e-01
2.696078e-01 3.382353e-01 2.789975e-01
2.794118e-01 3.382353e-01 2.588145e-01
2.892157e-01 3.382353e-01 2.329873e-01
2.990196e-01 3.382353e-01 2.035312e-01
3.088235e-01 3.382353e-01 1.725382e-01
3.186275e-01 3.382353e-01 1.419367e-01
3.284314e-01 3.382353e-01 1.133077e-01
3.382353e-01 3.382353e-01 8.777676e-02
3.480392e-01 3.382353e-01 6.598648e-02
3.578431e-01 3.382353e-01 4.813773e-02
3.676471e-01 3.382353e-01 3.407780e-02
3.774510e-01 3.382353e-01 2.341062e-02
3.872549e-01 3.382353e-01 1.560664e-02
3.970588e-01 3.382353e-01 1.009628e-02
4.068627e-01 3.382353e-01 6.338239e-03
4.166667e-01 3.382353e-01 3.861278e-03
4.264706e-01 3.382353e-01 2.282700e-03
4.362745e-01 3.382353e-01 1.309550e-03
4.460784e-01 3.382353e-01 7.290384e-04
4.558824e-01 3.382353e-01 3.938530e-04
4.656863e-01 3.382353e-01 2.064777e-04
4.754902e-01 3.382353e-01 1.050431e-04
4.852941e-01 3.382353e-01 5.185816e-05
4.950980e-01 3.382353e-01 2.484403e-05
5.049020e-01 3.382353e-01 1.155001e-05
5.147059e-01 3.382353e-01 5.210721e-06
5.245098e-01 3.382353e-01 2.281228e-06
5.343137e-01 3.382353e-01 9.691584e-07
5.441176e-01 3.382353e-01 3.995547e-07
5.539216e-01 3.382353e-01 1.598501e-07
5.637255e-01 3.382353e-01 6.205903e-08
5.735294e-01 3.382353e-01 2.338042e-08
5.833333e-01 3.382353e-01 8.547813e-09
5.931373e-01 3.382353e-01 3.032585e-09
6.029412e-01 3.382353e-01 1.044062e-09
6.127451e-01 3.382353e-01 3.488147e-10
6.225490e-01 3.382353e-01 1.130886e-10
6.323529e-01 3.382353e-01 3.557934e-11
6.421569e-01 3.382353e-01 1.086256e-11
6.519608e-01 3.382353e-01 3.218267e-12
6.617647e-01 3.382353e-01 9.252673e-13
6.715686e-01 3.382353e-01 2.581473e-13
6.813725e-01 3.382353e-01 6.989132e-14
6.911765e-01 3.382353e-01 1.836260e-14
7.009804e-01 3.382353e-01 4.681667e-15
7.107843e-01 3.382353e-01 1.158303e-15
7.205882e-01 3.382353e-01 2.780988e-16
7.303922e-01 3.382353e-01 6.479347e-17
7.401961e-01 3.382353e-01 1.464936e-17
7.500000e-01 3.382353e-01 3.214116e-18
7.598039e-01 3.382353e-01 6.843207e-19
7.696078e-01 3.382353e-01 1.413882e-19
7.794118e-01 3.382353e-01 2.834796e-20
7.892157e-01 3.382353e-01 5.515512e-21
7.990196e-01 3.382353e-01 1.041370e-21
8.088235e-01 3.382353e-01 1.908006e-22
8.186275e-01 3.382353e-01 3.392421e-23
8.284314e-01 3.382353e-01 5.853222e-24
8.382353e-01 3.382353e-01 9.800213e-25
8.480392e-01 3.382353e-01 1.592324e-25
8.578431e-01 3.382353e-01 2.510629e-26
8.676471e-01 3.382353e-01 3.841395e-27
8.774510e-01 3.382353e-01 5.703622e-28
8.872549e-01 3.382353e-01 8.218031e-29
8.970588e-01 3.382353e-01 1.149053e-29
9.068627e-01 3.382353e-01 1.559078e-30
9.166667e-01 3.382353e-01 2.052819e-31
9.264706e-01 3.382353e-01 2.622944e-32
9.362745e-01 3.382353e-01 3.252240e-33
9.460784e-01 3.382353e-01 3.913195e-34
9.558824e-01 3.382353e-01 4.569152e-35
9.656863e-01 3.382353e-01 5.177202e-36
9.754902e-01 3.382353e-01 5.692590e-37
9.852941e-01 3.382353e-01 6.074073e-38
9.950980e-01 3.382353e-01 5.185816e-05
4.901961e-03 3.480392e-01 4.566205e-38
1.470588e-02 3.480392e-01 3.898455e-05
2.450980e-02 3.480392e-01 7.896649e-05
3.431373e-02 3.480392e-01 1.552203e-04
4.411765e-02 3.480392e-01 2.960803e-04
5.392157e-02 3.480392e-01 5.480571e-04
6.372549e-02 3.480392e-01 9.844584e-04
7.352941e-02 3.480392e-01 1.716028e-03
8.333333e-02 3.480392e-01 2.902729e-03
9.313725e-02 3.480392e-01 4.764792e-03
1.029412e-01 3.480392e-01 7.589912e-03
1.127451e-01 3.480392e-01 1.173235e-02
1.225490e-01 3.480392e-01 1.759901e-02
1.323529e-01 3.480392e-01 2.561810e-02
1.421569e-01 3.480392e-01 3.618770e-02
1.519608e-01 3.480392e-01 4.960556e-02
1.617647e-01 3.480392e-01 6.598648e-02
1.715686e-01 3.480392e-01 8.517946e-02
1.813725e-01 3.480392e-01 1.067014e-01
1.911765e-01 3.480392e-01 1.297062e-01
2.009804e-01 3.480392e-01 1.530053e-01
2.107843e-01 3.480392e-01 1.751490e-01
2.205882e-01 3.480392e-01 1.945647e-01
2.303922e-01 3.480392e-01 2.097373e-01
2.401961e-01 3.480392e-01 2.194031e-01
2.500000e-01 3.480392e-01 2.227230e-01
2.598039e-01 3.480392e-01 2.194031e-01
2.696078e-01 3.480392e-01 2.097373e-01
2.794118e-01 3.480392e-01 1.945647e-01
2.892157e-01 3.480392e-01 1.751490e-01
2.990196e-01 3.480392e-01 1.530053e-01
3.088235e-01 3.480392e-01 1.297062e-01
3.186275e-01 3.480392e-01 1.067014e-01
3.284314e-01 3.480392e-01 8.517946e-02
3.382353e-01 3.480392e-01 6.598648e-02
3.480392e-01 3.480392e-01 4.960556e-02
3.578431e-01 3.480392e-01 3.618770e-02
3.676471e-01 3.480392e-01 2.561810e-02
3.774510e-01 3.480392e-01 1.759901e-02
3.872549e-01 3.480392e-01 1.173235e-02
3.970588e-01 3.480392e-01 7.589912e-03
4.068627e-01 3.480392e-01 4.764792e-03
4.166667e-01 3.480392e-01 2.902729e-03
4.264706e-01 3.480392e-01 1.716028e-03
4.362745e-01 3.480392e-01 9.844584e-04
4.460784e-01 3.480392e-01 5.480571e-04
4.558824e-01 3.480392e-01 2.960803e-04
4.656863e-01 3.480392e-01 1.552203e-04
4.754902e-01 3.480392e-01 7.896649e-05
4.852941e-01 3.480392e-01 3.898455e-05
4.950980e-01 3.480392e-01 1.867658e-05
5.049020e-01 3.480392e-01 8.682757e-06
5.147059e-01 3.480392e-01 3.917177e-06
5.245098e-01 3.480392e-01 1.714921e-06
5.343137e-01 3.480392e-01 7.285681e-07
5.441176e-01 3.480392e-01 3.003666e-07
5.539216e-01 3.480392e-01 1.201679e-07
5.637255e-01 3.480392e-01 4.665309e-08
5.735294e-01 3.480392e-01 1.757631e-08
5.833333e-01 3.480392e-01 6.425847e-09
5.931373e-01 3.480392e-01 2.279756e-09
6.029412e-01 3.480392e-01 7.848770e-10
6.127451e-01 3.480392e-01 2.622226e-10
6.225490e-01 3.480392e-01 8.501471e-11
6.323529e-01 3.480392e-01 2.674689e-11
6.421569e-01 3.480392e-01 8.165969e-12
6.519608e-01 3.480392e-01 2.419343e-12
6.617647e-01 3.480392e-01 6.955728e-13
6.715686e-01 3.480392e-01 1.940631e-13
6.813725e-01 3.480392e-01 5.254104e-14
6.911765e-01 3.480392e-01 1.380415e-14
7.009804e-01 3.480392e-01 3.519459e-15
7.107843e-01 3.480392e-01 8.707581e-16
7.205882e-01 3.480392e-01 2.090617e-16
7.303922e-01 3.480392e-01 4.870871e-17
7.401961e-01 3.480392e-01 1.101271e-17
7.500000e-01 3.480392e-01 2.416223e-18
7.598039e-01 3.480392e-01 5.144404e-19
7.696078e-01 3.480392e-01 1.062890e-19
7.794118e-01 3.480392e-01 2.131068e-20
7.892157e-01 3.480392e-01 4.146305e-21
7.990196e-01 3.480392e-01 7.828536e-22
8.088235e-01 3.480392e-01 1.434350e-22
8.186275e-01 3.480392e-01 2.550264e-23
8.284314e-01 3.480392e-01 4.400179e-24
8.382353e-01 3.480392e-01 7.367343e-25
8.480392e-01 3.480392e-01 1.197035e-25
8.578431e-01 3.480392e-01 1.887374e-26
8.676471e-01 3.480392e-01 2.887782e-27
8.774510e-01 3.480392e-01 4.287717e-28
8.872549e-01 3.480392e-01 6.177932e-29
8.970588e-01 3.480392e-01 8.638046e-30
9.068627e-01 3.480392e-01 1.172042e-30
9.166667e-01 3.480392e-01 1.543214e-31
9.264706e-01 3.480392e-01 1.971807e-32
9.362745e-01 3.480392e-01 2.444882e-33
9.460784e-01 3.480392e-01 2.941757e-34
9.558824e-01 3.480392e-01 3.434876e-35
9.656863e-01 3.480392e-01 3.891979e-36
9.754902e-01 3.480392e-01 4.279424e-37
9.852941e-01 3.480392e-01 4.566205e-38
9.950980e-01 3.480392e-01 3.898455e-05
4.901961e-03 3.578431e-01 3.331088e-38
1.470588e-02 3.578431e-01 2.843958e-05
2.450980e-02 3.578431e-01 5.760677e-05
3.431373e-02 3.578431e-01 1.132346e-04
4.411765e-02 3.578431e-01 2.159933e-04
5.392157e-02 3.578431e-01 3.998126e-04
6.372549e-02 3.578431e-01 7.181713e-04
7.352941e-02 3.578431e-01 1.251858e-03
8.333333e-02 3.578431e-01 2.117567e-03
9.313725e-02 3.578431e-01 3.475959e-03
1.029412e-01 3.578431e-01 5.536910e-03
1.127451e-01 3.578431e-01 8.558853e-03
1.225490e-01 3.578431e-01 1.283864e-02
1.323529e-01 3.578431e-01 1.868864e-02
1.421569e-01 3.578431e-01 2.639926e-02
1.519608e-01 3.578431e-01 3.618770e-02
1.617647e-01 3.578431e-01 4.813773e-02
1.715686e-01 3.578431e-01 6.213918e-02
1.813725e-01 3.578431e-01 7.783963e-02
1.911765e-01 3.578431e-01 9.462182e-02
2.009804e-01 3.578431e-01 1.116187e-01
2.107843e-01 3.578431e-01 1.277728e-01
2.205882e-01 3.578431e-01 1.419367e-01
2.303922e-01 3.578431e-01 1.530053e-01
2.401961e-01 3.578431e-01 1.600566e-01
2.500000e-01 3.578431e-01 1.624785e-01
2.598039e-01 3.578431e-01 1.600566e-01
2.696078e-01 3.578431e-01 1.530053e-01
2.794118e-01 3.578431e-01 1.419367e-01
2.892157e-01 3.578431e-01 1.277728e-01
2.990196e-01 3.578431e-01 1.116187e-01
3.088235e-01 3.578431e-01 9.462182e-02
3.186275e-01 3.578431e-01 7.783963e-02
3.284314e-01 3.578431e-01 6.213918e-02
3.382353e-01 3.578431e-01 4.813773e-02
3.480392e-01 3.578431e-01 3.618770e-02
3.578431e-01 3.578431e-01 2.639926e-02
3.676471e-01 3.578431e-01 1.868864e-02
3.774510e-01 3.578431e-01 1.283864e-02
3.872549e-01 3.578431e-01 8.558853e-03
3.970588e-01 3.578431e-01 5.536910e-03
4.068627e-01 3.578431e-01 3.475959e-03
4.166667e-01 3.578431e-01 2.117567e-03
4.264706e-01 3.578431e-01 1.251858e-03
4.362745e-01 3.578431e-01 7.181713e-04
4.460784e-01 3.578431e-01 3.998126e-04
4.558824e-01 3.578431e-01 2.159933e-04
4.656863e-01 3.578431e-01 1.132346e-04
4.754902e-01 3.578431e-01 5.760677e-05
4.852941e-01 3.578431e-01 2.843958e-05
4.950980e-01 3.578431e-01 1.362474e-05
5.049020e-01 3.578431e-01 6.334150e-06
5.147059e-01 3.578431e-01 2.857616e-06
5.245098e-01 3.578431e-01 1.251050e-06
5.343137e-01 3.578431e-01 5.314970e-07
5.441176e-01 3.578431e-01 2.191201e-07
5.539216e-01 3.578431e-01 8.766354e-08
5.637255e-01 3.578431e-01 3.403385e-08
5.735294e-01 3.578431e-01 1.282208e-08
5.833333e-01 3.578431e-01 4.687714e-09
5.931373e-01 3.578431e-01 1.663103e-09
6.029412e-01 3.578431e-01 5.725749e-10
6.127451e-01 3.578431e-01 1.912938e-10
6.225490e-01 3.578431e-01 6.201900e-11
6.323529e-01 3.578431e-01 1.951210e-11
6.421569e-01 3.578431e-01 5.957148e-12
6.519608e-01 3.578431e-01 1.764933e-12
6.617647e-01 3.578431e-01 5.074266e-13
6.715686e-01 3.578431e-01 1.415708e-13
6.813725e-01 3.578431e-01 3.832916e-14
6.911765e-01 3.578431e-01 1.007025e-14
7.009804e-01 3.578431e-01 2.567477e-15
7.107843e-01 3.578431e-01 6.352259e-16
7.205882e-01 3.578431e-01 1.525124e-16
7.303922e-01 3.578431e-01 3.553345e-17
7.401961e-01 3.578431e-01 8.033871e-18
7.500000e-01 3.578431e-01 1.762656e-18
7.598039e-01 3.578431e-01 3.752889e-19
7.696078e-01 3.578431e-01 7.753882e-20
7.794118e-01 3.578431e-01 1.554633e-20
7.892157e-01 3.578431e-01 3.024767e-21
7.990196e-01 3.578431e-01 5.710988e-22
8.088235e-01 3.578431e-01 1.046371e-22
8.186275e-01 3.578431e-01 1.860441e-23
8.284314e-01 3.578431e-01 3.209971e-24
8.382353e-01 3.578431e-01 5.374544e-25
8.480392e-01 3.578431e-01 8.732477e-26
8.578431e-01 3.578431e-01 1.376856e-26
8.676471e-01 3.578431e-01 2.106663e-27
8.774510e-01 3.578431e-01 3.127928e-28
8.872549e-01 3.578431e-01 4.506858e-29
8.970588e-01 3.578431e-01 6.301533e-30
9.068627e-01 3.578431e-01 8.550152e-31
9.166667e-01 3.578431e-01 1.125789e-31
9.264706e-01 3.578431e-01 1.438451e-32
9.362745e-01 3.578431e-01 1.783564e-33
9.460784e-01 3.578431e-01 2.146039e-34
9.558824e-01 3.578431e-01 2.505773e-35
9.656863e-01 3.578431e-01 2.839234e-36
9.754902e-01 3.578431e-01 3.121878e-37
9.852941e-01 3.578431e-01 3.331088e-38
9.950980e-01 3.578431e-01 2.843958e-05
4.901961e-03 3.676471e-01 2.358153e-38
1.470588e-02 3.676471e-01 2.013303e-05
2.450980e-02 3.676471e-01 4.078116e-05
3.431373e-02 3.676471e-01 8.016138e-05
4.411765e-02 3.676471e-01 1.529066e-04
5.392157e-02 3.676471e-01 2.830365e-04
6.372549e-02 3.676471e-01 5.084100e-04
7.352941e-02 3.676471e-01 8.862188e-04
8.333333e-02 3.676471e-01 1.499074e-03
9.313725e-02 3.676471e-01 2.460711e-03
1.029412e-01 3.676471e-01 3.919706e-03
1.127451e-01 3.676471e-01 6.059008e-03
1.225490e-01 3.676471e-01 9.088767e-03
1.323529e-01 3.676471e-01 1.323012e-02
1.421569e-01 3.676471e-01 1.868864e-02
1.519608e-01 3.676471e-01 2.561810e-02
1.617647e-01 3.676471e-01 3.407780e-02
1.715686e-01 3.676471e-01 4.398975e-02
1.813725e-01 3.676471e-01 5.510446e-02
1.911765e-01 3.676471e-01 6.698496e-02
2.009804e-01 3.676471e-01 7.901747e-02
2.107843e-01 3.676471e-01 9.045327e-02
2.205882e-01 3.676471e-01 1.004802e-01
2.303922e-01 3.676471e-01 1.083160e-01
2.401961e-01 3.676471e-01 1.133077e-01
2.500000e-01 3.676471e-01 1.150222e-01
2.598039e-01 3.676471e-01 1.133077e-01
2.696078e-01 3.676471e-01 1.083160e-01
2.794118e-01 3.676471e-01 1.004802e-01
2.892157e-01 3.676471e-01 9.045327e-02
2.990196e-01 3.676471e-01 7.901747e-02
3.088235e-01 3.676471e-01 6.698496e-02
3.186275e-01 3.676471e-01 5.510446e-02
3.284314e-01 3.676471e-01 4.398975e-02
3.382353e-01 3.676471e-01 3.407780e-02
3.480392e-01 3.676471e-01 2.561810e-02
3.578431e-01 3.676471e-01 1.868864e-02
3.676471e-01 3.676471e-01 1.323012e-02
3.774510e-01 3.676471e-01 9.088767e-03
3.872549e-01 3.676471e-01 6.059008e-03
3.970588e-01 3.676471e-01 3.919706e-03
4.068627e-01 3.676471e-01 2.460711e-03
4.166667e-01 3.676471e-01 1.499074e-03
4.264706e-01 3.676471e-01 8.862188e-04
4.362745e-01 3.676471e-01 5.084100e-04
4.460784e-01 3.676471e-01 2.830365e-04
4.558824e-01 3.676471e-01 1.529066e-04
4.656863e-01 3.676471e-01 8.016138e-05
4.754902e-01 3.676471e-01 4.078116e-05
4.852941e-01 3.676471e-01 2.013303e-05
4.950980e-01 3.676471e-01 9.645263e-06
5.049020e-01 3.676471e-01 4.484090e-06
5.147059e-01 3.676471e-01 2.022972e-06
5.245098e-01 3.676471e-01 8.856471e-07
5.343137e-01 3.676471e-01 3.762589e-07
5.441176e-01 3.676471e-01 1.551202e-07
5.539216e-01 3.676471e-01 6.205903e-08
5.637255e-01 3.676471e-01 2.409334e-08
5.735294e-01 3.676471e-01 9.077044e-09
5.833333e-01 3.676471e-01 3.318540e-09
5.931373e-01 3.676471e-01 1.177348e-09
6.029412e-01 3.676471e-01 4.053389e-10
6.127451e-01 3.676471e-01 1.354213e-10
6.225490e-01 3.676471e-01 4.390467e-11
6.323529e-01 3.676471e-01 1.381306e-11
6.421569e-01 3.676471e-01 4.217202e-12
6.519608e-01 3.676471e-01 1.249436e-12
6.617647e-01 3.676471e-01 3.592190e-13
6.715686e-01 3.676471e-01 1.002212e-13
6.813725e-01 3.676471e-01 2.713409e-14
6.911765e-01 3.676471e-01 7.128962e-15
7.009804e-01 3.676471e-01 1.817576e-15
7.107843e-01 3.676471e-01 4.496910e-16
7.205882e-01 3.676471e-01 1.079670e-16
7.303922e-01 3.676471e-01 2.515494e-17
7.401961e-01 3.676471e-01 5.687361e-18
7.500000e-01 3.676471e-01 1.247825e-18
7.598039e-01 3.676471e-01 2.656756e-19
7.696078e-01 3.676471e-01 5.489151e-20
7.794118e-01 3.676471e-01 1.100560e-20
7.892157e-01 3.676471e-01 2.141302e-21
7.990196e-01 3.676471e-01 4.042939e-22
8.088235e-01 3.676471e-01 7.407503e-23
8.186275e-01 3.676471e-01 1.317049e-23
8.284314e-01 3.676471e-01 2.272412e-24
8.382353e-01 3.676471e-01 3.804763e-25
8.480392e-01 3.676471e-01 6.181921e-26
8.578431e-01 3.676471e-01 9.747081e-27
8.676471e-01 3.676471e-01 1.491355e-27
8.774510e-01 3.676471e-01 2.214332e-28
8.872549e-01 3.676471e-01 3.190508e-29
8.970588e-01 3.676471e-01 4.461000e-30
9.068627e-01 3.676471e-01 6.052849e-31
9.166667e-01 3.676471e-01 7.969715e-32
9.264706e-01 3.676471e-01 1.018313e-32
9.362745e-01 3.676471e-01 1.262626e-33
9.460784e-01 3.676471e-01 1.519230e-34
9.558824e-01 3.676471e-01 1.773894e-35
9.656863e-01 3.676471e-01 2.009959e-36
9.754902e-01 3.676471e-01 2.210049e-37
9.852941e-01 3.676471e-01 2.358153e-38
9.950980e-01 3.676471e-01 2.013303e-05
4.901961e-03 3.774510e-01 1.619994e-38
1.470588e-02 3.774510e-01 1.383090e-05
2.450980e-02 3.774510e-01 2.801566e-05
3.431373e-02 3.774510e-01 5.506891e-05
4.411765e-02 3.774510e-01 1.050431e-04
5.392157e-02 3.774510e-01 1.944392e-04
6.372549e-02 3.774510e-01 3.492652e-04
7.352941e-02 3.774510e-01 6.088106e-04
8.333333e-02 3.774510e-01 1.029827e-03
9.313725e-02 3.774510e-01 1.690448e-03
1.029412e-01 3.774510e-01 2.692742e-03
1.127451e-01 3.774510e-01 4.162391e-03
1.225490e-01 3.774510e-01 6.243761e-03
1.323529e-01 3.774510e-01 9.088767e-03
1.421569e-01 3.774510e-01 1.283864e-02
1.519608e-01 3.774510e-01 1.759901e-02
1.617647e-01 3.774510e-01 2.341062e-02
1.715686e-01 3.774510e-01 3.021989e-02
1.813725e-01 3.774510e-01 3.785542e-02
1.911765e-01 3.774510e-01 4.601703e-02
2.009804e-01 3.774510e-01 5.428307e-02
2.107843e-01 3.774510e-01 6.213918e-02
2.205882e-01 3.774510e-01 6.902747e-02
2.303922e-01 3.774510e-01 7.441041e-02
2.401961e-01 3.774510e-01 7.783963e-02
2.500000e-01 3.774510e-01 7.901747e-02
2.598039e-01 3.774510e-01 7.783963e-02
2.696078e-01 3.774510e-01 7.441041e-02
2.794118e-01 3.774510e-01 6.902747e-02
2.892157e-01 3.774510e-01 6.213918e-02
2.990196e-01 3.774510e-01 5.428307e-02
3.088235e-01 3.774510e-01 4.601703e-02
3.186275e-01 3.774510e-01 3.785542e-02
3.284314e-01 3.774510e-01 3.021989e-02
3.382353e-01 3.774510e-01 2.341062e-02
3.480392e-01 3.774510e-01 1.759901e-02
3.578431e-01 3.774510e-01 1.283864e-02
3.676471e-01 3.774510e-01 9.088767e-03
3.774510e-01 3.774510e-01 6.243761e-03
3.872549e-01 3.774510e-01 4.162391e-03
3.970588e-01 3.774510e-01 2.692742e-03
4.068627e-01 3.774510e-01 1.690448e-03
4.166667e-01 3.774510e-01 1.029827e-03
4.264706e-01 3.774510e-01 6.088106e-04
4.362745e-01 3.774510e-01 3.492652e-04
4.460784e-01 3.774510e-01 1.944392e-04
4.558824e-01 3.774510e-01 1.050431e-04
4.656863e-01 3.774510e-01 5.506891e-05
4.754902e-01 3.774510e-01 2.801566e-05
4.852941e-01 3.774510e-01 1.383090e-05
4.950980e-01 3.774510e-01 6.626060e-06
5.049020e-01 3.774510e-01 3.080460e-06
5.147059e-01 3.774510e-01 1.389732e-06
5.245098e-01 3.774510e-01 6.084179e-07
5.343137e-01 3.774510e-01 2.584807e-07
5.441176e-01 3.774510e-01 1.065638e-07
5.539216e-01 3.774510e-01 4.263304e-08
5.637255e-01 3.774510e-01 1.655154e-08
5.735294e-01 3.774510e-01 6.235707e-09
5.833333e-01 3.774510e-01 2.279756e-09
5.931373e-01 3.774510e-01 8.088097e-10
6.029412e-01 3.774510e-01 2.784579e-10
6.127451e-01 3.774510e-01 9.303110e-11
6.225490e-01 3.774510e-01 3.016144e-11
6.323529e-01 3.774510e-01 9.489235e-12
6.421569e-01 3.774510e-01 2.897115e-12
6.519608e-01 3.774510e-01 8.583323e-13
6.617647e-01 3.774510e-01 2.467746e-13
6.715686e-01 3.774510e-01 6.884952e-14
6.813725e-01 3.774510e-01 1.864046e-14
6.911765e-01 3.774510e-01 4.897423e-15
7.009804e-01 3.774510e-01 1.248630e-15
7.107843e-01 3.774510e-01 3.089267e-16
7.205882e-01 3.774510e-01 7.417070e-17
7.303922e-01 3.774510e-01 1.728083e-17
7.401961e-01 3.774510e-01 3.907078e-18
7.500000e-01 3.774510e-01 8.572252e-19
7.598039e-01 3.774510e-01 1.825127e-19
7.696078e-01 3.774510e-01 3.770912e-20
7.794118e-01 3.774510e-01 7.560581e-21
7.892157e-01 3.774510e-01 1.471022e-21
7.990196e-01 3.774510e-01 2.777401e-22
8.088235e-01 3.774510e-01 5.088774e-23
8.186275e-01 3.774510e-01 9.047802e-24
8.284314e-01 3.774510e-01 1.561091e-24
8.382353e-01 3.774510e-01 2.613779e-25
8.480392e-01 3.774510e-01 4.246828e-26
8.578431e-01 3.774510e-01 6.696006e-27
8.676471e-01 3.774510e-01 1.024524e-27
8.774510e-01 3.774510e-01 1.521192e-28
8.872549e-01 3.774510e-01 2.191801e-29
8.970588e-01 3.774510e-01 3.064598e-30
9.068627e-01 3.774510e-01 4.158159e-31
9.166667e-01 3.774510e-01 5.475000e-32
9.264706e-01 3.774510e-01 6.995558e-33
9.362745e-01 3.774510e-01 8.673931e-34
9.460784e-01 3.774510e-01 1.043674e-34
9.558824e-01 3.774510e-01 1.218622e-35
9.656863e-01 3.774510e-01 1.380793e-36
9.754902e-01 3.774510e-01 1.518250e-37
9.852941e-01 3.774510e-01 1.619994e-38
9.950980e-01 3.774510e-01 1.383090e-05
4.901961e-03 3.872549e-01 1.079966e-38
1.470588e-02 3.872549e-01 9.220342e-06
2.450980e-02 3.872549e-01 1.867658e-05
3.431373e-02 3.872549e-01 3.671158e-05
4.411765e-02 3.872549e-01 7.002677e-05
5.392157e-02 3.872549e-01 1.296225e-04
6.372549e-02 3.872549e-01 2.328370e-04
7.352941e-02 3.872549e-01 4.058624e-04
8.333333e-02 3.872549e-01 6.865324e-04
9.313725e-02 3.872549e-01 1.126934e-03
1.029412e-01 3.872549e-01 1.795111e-03
1.127451e-01 3.872549e-01 2.774849e-03
1.225490e-01 3.872549e-01 4.162391e-03
1.323529e-01 3.872549e-01 6.059008e-03
1.421569e-01 3.872549e-01 8.558853e-03
1.519608e-01 3.872549e-01 1.173235e-02
1.617647e-01 3.872549e-01 1.560664e-02
1.715686e-01 3.872549e-01 2.014603e-02
1.813725e-01 3.872549e-01 2.523624e-02
1.911765e-01 3.872549e-01 3.067716e-02
2.009804e-01 3.872549e-01 3.618770e-02
2.107843e-01 3.872549e-01 4.142496e-02
2.205882e-01 3.872549e-01 4.601703e-02
2.303922e-01 3.872549e-01 4.960556e-02
2.401961e-01 3.872549e-01 5.189164e-02
2.500000e-01 3.872549e-01 5.267684e-02
2.598039e-01 3.872549e-01 5.189164e-02
2.696078e-01 3.872549e-01 4.960556e-02
2.794118e-01 3.872549e-01 4.601703e-02
2.892157e-01 3.872549e-01 4.142496e-02
2.990196e-01 3.872549e-01 3.618770e-02
3.088235e-01 3.872549e-01 3.067716e-02
3.186275e-01 3.872549e-01 2.523624e-02
3.284314e-01 3.872549e-01 2.014603e-02
3.382353e-01 3.872549e-01 1.560664e-02
3.480392e-01 3.872549e-01 1.173235e-02
3.578431e-01 3.872549e-01 8.558853e-03
3.676471e-01 3.872549e-01 6.059008e-03
3.774510e-01 3.872549e-01 4.162391e-03
3.872549e-01 3.872549e-01 2.774849e-03
3.970588e-01 3.872549e-01 1.795111e-03
4.068627e-01 3.872549e-01 1.126934e-03
4.166667e-01 3.872549e-01 6.865324e-04
4.264706e-01 3.872549e-01 4.058624e-04
4.362745e-01 3.872549e-01 2.328370e-04
4.460784e-01 3.872549e-01 1.296225e-04
4.558824e-01 3.872549e-01 7.002677e-05
4.656863e-01 3.872549e-01 3.671158e-05
4.754902e-01 3.872549e-01 1.867658e-05
4.852941e-01 3.872549e-01 9.220342e-06
4.950980e-01 3.872549e-01 4.417250e-06
5.049020e-01 3.872549e-01 2.053583e-06
5.147059e-01 3.872549e-01 9.264622e-07
5.245098e-01 3.872549e-01 4.056006e-07
5.343137e-01 3.872549e-01 1.723156e-07
5.441176e-01 3.872549e-01 7.104052e-08
5.539216e-01 3.872549e-01 2.842123e-08
5.637255e-01 3.872549e-01 1.103405e-08
5.735294e-01 3.872549e-01 4.157022e-09
5.833333e-01 3.872549e-01 1.519795e-09
5.931373e-01 3.872549e-01 5.391914e-10
6.029412e-01 3.872549e-01 1.856334e-10
6.127451e-01 3.872549e-01 6.201900e-11
6.225490e-01 3.872549e-01 2.010706e-11
6.323529e-01 3.872549e-01 6.325980e-12
6.421569e-01 3.872549e-01 1.931356e-12
6.519608e-01 3.872549e-01 5.722055e-13
6.617647e-01 3.872549e-01 1.645118e-13
6.715686e-01 3.872549e-01 4.589840e-14
6.813725e-01 3.872549e-01 1.242663e-14
6.911765e-01 3.872549e-01 3.264857e-15
7.009804e-01 3.872549e-01 8.323970e-16
7.107843e-01 3.872549e-01 2.059454e-16
7.205882e-01 3.872549e-01 4.944575e-17
7.303922e-01 3.872549e-01 1.152023e-17
7.401961e-01 3.872549e-01 2.604646e-18
7.500000e-01 3.872549e-01 5.714675e-19
7.598039e-01 3.872549e-01 1.216717e-19
7.696078e-01 3.872549e-01 2.513871e-20
7.794118e-01 3.872549e-01 5.040246e-21
7.892157e-01 3.872549e-01 9.806540e-22
7.990196e-01 3.872549e-01 1.851549e-22
8.088235e-01 3.872549e-01 3.392421e-23
8.186275e-01 3.872549e-01 6.031699e-24
8.284314e-01 3.872549e-01 1.040698e-24
8.382353e-01 3.872549e-01 1.742471e-25
8.480392e-01 3.872549e-01 2.831140e-26
8.578431e-01 3.872549e-01 4.463879e-27
8.676471e-01 3.872549e-01 6.829972e-28
8.774510e-01 3.872549e-01 1.014100e-28
8.872549e-01 3.872549e-01 1.461160e-29
8.970588e-01 3.872549e-01 2.043008e-30
9.068627e-01 3.872549e-01 2.772029e-31
9.166667e-01 3.872549e-01 3.649898e-32
9.264706e-01 3.872549e-01 4.663575e-33
9.362745e-01 3.872549e-01 5.782459e-34
9.460784e-01 3.872549e-01 6.957631e-35
9.558824e-01 3.872549e-01 8.123919e-36
9.656863e-01 3.872549e-01 9.205027e-37
9.754902e-01 3.872549e-01 1.012138e-37
9.852941e-01 3.872549e-01 1.079966e-38
9.950980e-01 3.872549e-01 9.220342e-06
4.901961e-03 3.970588e-01 6.986535e-39
1.470588e-02 3.970588e-01 5.964842e-06
2.450980e-02 3.970588e-01 1.208229e-05
3.431373e-02 3.970588e-01 2.374953e-05
4.411765e-02 3.970588e-01 4.530185e-05
5.392157e-02 3.970588e-01 8.385563e-05
6.372549e-02 3.970588e-01 1.506273e-04
7.352941e-02 3.970588e-01 2.625613e-04
8.333333e-02 3.970588e-01 4.441329e-04
9.313725e-02 3.970588e-01 7.290384e-04
1.029412e-01 3.970588e-01 1.161297e-03
1.127451e-01 3.970588e-01 1.795111e-03
1.225490e-01 3.970588e-01 2.692742e-03
1.323529e-01 3.970588e-01 3.919706e-03
1.421569e-01 3.970588e-01 5.536910e-03
1.519608e-01 3.970588e-01 7.589912e-03
1.617647e-01 3.970588e-01 1.009628e-02
1.715686e-01 3.970588e-01 1.303291e-02
1.813725e-01 3.970588e-01 1.632588e-02
1.911765e-01 3.970588e-01 1.984573e-02
2.009804e-01 3.970588e-01 2.341062e-02
2.107843e-01 3.970588e-01 2.679872e-02
2.205882e-01 3.970588e-01 2.976943e-02
2.303922e-01 3.970588e-01 3.209092e-02
2.401961e-01 3.970588e-01 3.356984e-02
2.500000e-01 3.970588e-01 3.407780e-02
2.598039e-01 3.970588e-01 3.356984e-02
2.696078e-01 3.970588e-01 3.209092e-02
2.794118e-01 3.970588e-01 2.976943e-02
2.892157e-01 3.970588e-01 2.679872e-02
2.990196e-01 3.970588e-01 2.341062e-02
3.088235e-01 3.970588e-01 1.984573e-02
3.186275e-01 3.970588e-01 1.632588e-02
3.284314e-01 3.970588e-01 1.303291e-02
3.382353e-01 3.970588e-01 1.009628e-02
3.480392e-01 3.970588e-01 7.589912e-03
3.578431e-01 3.970588e-01 5.536910e-03
3.676471e-01 3.970588e-01 3.919706e-03
3.774510e-01 3.970588e-01 2.692742e-03
3.872549e-01 3.970588e-01 1.795111e-03
3.970588e-01 3.970588e-01 1.161297e-03
4.068627e-01 3.970588e-01 7.290384e-04
4.166667e-01 3.970588e-01 4.441329e-04
4.264706e-01 3.970588e-01 2.625613e-04
4.362745e-01 3.970588e-01 1.506273e-04
4.460784e-01 3.970588e-01 8.385563e-05
4.558824e-01 3.970588e-01 4.530185e-05
4.656863e-01 3.970588e-01 2.374953e-05
4.754902e-01 3.970588e-01 1.208229e-05
4.852941e-01 3.970588e-01 5.964842e-06
4.950980e-01 3.970588e-01 2.857616e-06
5.049020e-01 3.970588e-01 1.328508e-06
5.147059e-01 3.970588e-01 5.993488e-07
5.245098e-01 3.970588e-01 2.623919e-07
5.343137e-01 3.970588e-01 1.114748e-07
5.441176e-01 3.970588e-01 4.595767e-08
5.539216e-01 3.970588e-01 1.838632e-08
5.637255e-01 3.970588e-01 7.138169e-09
5.735294e-01 3.970588e-01 2.689269e-09
5.833333e-01 3.970588e-01 9.831886e-10
5.931373e-01 3.970588e-01 3.488147e-10
6.029412e-01 3.970588e-01 1.200903e-10
6.127451e-01 3.970588e-01 4.012145e-11
6.225490e-01 3.970588e-01 1.300770e-11
6.323529e-01 3.970588e-01 4.092415e-12
6.421569e-01 3.970588e-01 1.249436e-12
6.519608e-01 3.970588e-01 3.701723e-13
6.617647e-01 3.970588e-01 1.064263e-13
6.715686e-01 3.970588e-01 2.969268e-14
6.813725e-01 3.970588e-01 8.039057e-15
6.911765e-01 3.970588e-01 2.112108e-15
7.009804e-01 3.970588e-01 5.384959e-16
7.107843e-01 3.970588e-01 1.332306e-16
7.205882e-01 3.970588e-01 3.198754e-17
7.303922e-01 3.970588e-01 7.452691e-18
7.401961e-01 3.970588e-01 1.685003e-18
7.500000e-01 3.970588e-01 3.696949e-19
7.598039e-01 3.970588e-01 7.871210e-20
7.696078e-01 3.970588e-01 1.626279e-20
7.794118e-01 3.970588e-01 3.260646e-21
7.892157e-01 3.970588e-01 6.344066e-22
7.990196e-01 3.970588e-01 1.197807e-22
8.088235e-01 3.970588e-01 2.194632e-23
8.186275e-01 3.970588e-01 3.902039e-24
8.284314e-01 3.970588e-01 6.732507e-25
8.382353e-01 3.970588e-01 1.127242e-25
8.480392e-01 3.970588e-01 1.831526e-26
8.578431e-01 3.970588e-01 2.887782e-27
8.676471e-01 3.970588e-01 4.418459e-28
8.774510e-01 3.970588e-01 6.560434e-29
8.872549e-01 3.970588e-01 9.452563e-30
8.970588e-01 3.970588e-01 1.321667e-30
9.068627e-01 3.970588e-01 1.793286e-31
9.166667e-01 3.970588e-01 2.361199e-32
9.264706e-01 3.970588e-01 3.016969e-33
9.362745e-01 3.970588e-01 3.740799e-34
9.460784e-01 3.970588e-01 4.501044e-35
9.558824e-01 3.970588e-01 5.255542e-36
9.656863e-01 3.970588e-01 5.954934e-37
9.754902e-01 3.970588e-01 6.547745e-38
9.852941e-01 3.970588e-01 6.986535e-39
9.950980e-01 3.970588e-01 5.964842e-06
4.901961e-03 4.068627e-01 4.386004e-39
1.470588e-02 4.068627e-01 3.744606e-06
2.450980e-02 4.068627e-01 7.585016e-06
3.431373e-02 4.068627e-01 1.490947e-05
4.411765e-02 4.068627e-01 2.843958e-05
5.392157e-02 4.068627e-01 5.264286e-05
6.372549e-02 4.068627e-01 9.456078e-05
7.352941e-02 4.068627e-01 1.648306e-04
8.333333e-02 4.068627e-01 2.788176e-04
9.313725e-02 4.068627e-01 4.576754e-04
1.029412e-01 4.068627e-01 7.290384e-04
1.127451e-01 4.068627e-01 1.126934e-03
1.225490e-01 4.068627e-01 1.690448e-03
1.323529e-01 4.068627e-01 2.460711e-03
1.421569e-01 4.068627e-01 3.475959e-03
1.519608e-01 4.068627e-01 4.764792e-03
1.617647e-01 4.068627e-01 6.338239e-03
1.715686e-01 4.068627e-01 8.181793e-03
1.813725e-01 4.068627e-01 1.024905e-02
1.911765e-01 4.068627e-01 1.245874e-02
2.009804e-01 4.068627e-01 1.469671e-02
2.107843e-01 4.068627e-01 1.682369e-02
2.205882e-01 4.068627e-01 1.868864e-02
2.303922e-01 4.068627e-01 2.014603e-02
2.401961e-01 4.068627e-01 2.107446e-02
2.500000e-01 4.068627e-01 2.139335e-02
2.598039e-01 4.068627e-01 2.107446e-02
2.696078e-01 4.068627e-01 2.014603e-02
2.794118e-01 4.068627e-01 1.868864e-02
2.892157e-01 4.068627e-01 1.682369e-02
2.990196e-01 4.068627e-01 1.469671e-02
3.088235e-01 4.068627e-01 1.245874e-02
3.186275e-01 4.068627e-01 1.024905e-02
3.284314e-01 4.068627e-01 8.181793e-03
3.382353e-01 4.068627e-01 6.338239e-03
3.480392e-01 4.068627e-01 4.764792e-03
3.578431e-01 4.068627e-01 3.475959e-03
3.676471e-01 4.068627e-01 2.460711e-03
3.774510e-01 4.068627e-01 1.690448e-03
3.872549e-01 4.068627e-01 1.126934e-03
3.970588e-01 4.068627e-01 7.290384e-04
4.068627e-01 4.068627e-01 4.576754e-04
4.166667e-01 4.068627e-01 2.788176e-04
4.264706e-01 4.068627e-01 1.648306e-04
4.362745e-01 4.068627e-01 9.456078e-05
4.460784e-01 4.068627e-01 5.264286e-05
4.558824e-01 4.068627e-01 2.843958e-05
4.656863e-01 4.068627e-01 1.490947e-05
4.754902e-01 4.068627e-01 7.585016e-06
4.852941e-01 4.068627e-01 3.744606e-06
4.950980e-01 4.068627e-01 1.793953e-06
5.049020e-01 4.068627e-01 8.340101e-07
5.147059e-01 4.068627e-01 3.762589e-07
5.245098e-01 4.068627e-01 1.647243e-07
5.343137e-01 4.068627e-01 6.998159e-08
5.441176e-01 4.068627e-01 2.885129e-08
5.539216e-01 4.068627e-01 1.154256e-08
5.637255e-01 4.068627e-01 4.481197e-09
5.735294e-01 4.068627e-01 1.688268e-09
5.833333e-01 4.068627e-01 6.172258e-10
5.931373e-01 4.068627e-01 2.189788e-10
6.029412e-01 4.068627e-01 7.539027e-11
6.127451e-01 4.068627e-01 2.518743e-11
6.225490e-01 4.068627e-01 8.165969e-12
6.323529e-01 4.068627e-01 2.569135e-12
6.421569e-01 4.068627e-01 7.843707e-13
6.519608e-01 4.068627e-01 2.323866e-13
6.617647e-01 4.068627e-01 6.681227e-14
6.715686e-01 4.068627e-01 1.864046e-14
6.813725e-01 4.068627e-01 5.046756e-15
6.911765e-01 4.068627e-01 1.325938e-15
7.009804e-01 4.068627e-01 3.380567e-16
7.107843e-01 4.068627e-01 8.363945e-17
7.205882e-01 4.068627e-01 2.008113e-17
7.303922e-01 4.068627e-01 4.678647e-18
7.401961e-01 4.068627e-01 1.057810e-18
7.500000e-01 4.068627e-01 2.320869e-19
7.598039e-01 4.068627e-01 4.941385e-20
7.696078e-01 4.068627e-01 1.020945e-20
7.794118e-01 4.068627e-01 2.046967e-21
7.892157e-01 4.068627e-01 3.982675e-22
7.990196e-01 4.068627e-01 7.519591e-23
8.088235e-01 4.068627e-01 1.377745e-23
8.186275e-01 4.068627e-01 2.449620e-24
8.284314e-01 4.068627e-01 4.226531e-25
8.382353e-01 4.068627e-01 7.076598e-26
8.480392e-01 4.068627e-01 1.149795e-26
8.578431e-01 4.068627e-01 1.812890e-27
8.676471e-01 4.068627e-01 2.773818e-28
8.774510e-01 4.068627e-01 4.118506e-29
8.872549e-01 4.068627e-01 5.934127e-30
8.970588e-01 4.068627e-01 8.297154e-31
9.068627e-01 4.068627e-01 1.125789e-31
9.166667e-01 4.068627e-01 1.482313e-32
9.264706e-01 4.068627e-01 1.893992e-33
9.362745e-01 4.068627e-01 2.348398e-34
9.460784e-01 4.068627e-01 2.825664e-35
9.558824e-01 4.068627e-01 3.299322e-36
9.656863e-01 4.068627e-01 3.738386e-37
9.754902e-01 4.068627e-01 4.110541e-38
9.852941e-01 4.068627e-01 4.386004e-39
9.950980e-01 4.068627e-01 3.744606e-06
4.901961e-03 4.166667e-01 2.671970e-39
1.470588e-02 4.166667e-01 2.281228e-06
2.450980e-02 4.166667e-01 4.620820e-06
3.431373e-02 4.166667e-01 9.082903e-06
4.411765e-02 4.166667e-01 1.732550e-05
5.392157e-02 4.166667e-01 3.207022e-05
6.372549e-02 4.166667e-01 5.760677e-05
7.352941e-02 4.166667e-01 1.004154e-04
8.333333e-02 4.166667e-01 1.698567e-04
9.313725e-02 4.166667e-01 2.788176e-04
1.029412e-01 4.166667e-01 4.441329e-04
1.127451e-01 4.166667e-01 6.865324e-04
1.225490e-01 4.166667e-01 1.029827e-03
1.323529e-01 4.166667e-01 1.499074e-03
1.421569e-01 4.166667e-01 2.117567e-03
1.519608e-01 4.166667e-01 2.902729e-03
1.617647e-01 4.166667e-01 3.861278e-03
1.715686e-01 4.166667e-01 4.984378e-03
1.813725e-01 4.166667e-01 6.243761e-03
1.911765e-01 4.166667e-01 7.589912e-03
2.009804e-01 4.166667e-01 8.953289e-03
2.107843e-01 4.166667e-01 1.024905e-02
2.205882e-01 4.166667e-01 1.138519e-02
2.303922e-01 4.166667e-01 1.227303e-02
2.401961e-01 4.166667e-01 1.283864e-02
2.500000e-01 4.166667e-01 1.303291e-02
2.598039e-01 4.166667e-01 1.283864e-02
2.696078e-01 4.166667e-01 1.227303e-02
2.794118e-01 4.166667e-01 1.138519e-02
2.892157e-01 4.166667e-01 1.024905e-02
2.990196e-01 4.166667e-01 8.953289e-03
3.088235e-01 4.166667e-01 7.589912e-03
3.186275e-01 4.166667e-01 6.243761e-03
3.284314e-01 4.166667e-01 4.984378e-03
3.382353e-01 4.166667e-01 3.861278e-03
3.480392e-01 4.166667e-01 2.902729e-03
3.578431e-01 4.166667e-01 2.117567e-03
3.676471e-01 4.166667e-01 1.499074e-03
3.774510e-01 4.166667e-01 1.029827e-03
3.872549e-01 4.166667e-01 6.865324e-04
3.970588e-01 4.166667e-01 4.441329e-04
4.068627e-01 4.166667e-01 2.788176e-04
4.166667e-01 4.166667e-01 1.698567e-04
4.264706e-01 4.166667e-01 1.004154e-04
4.362745e-01 4.166667e-01 5.760677e-05
4.460784e-01 4.166667e-01 3.207022e-05
4.558824e-01 4.166667e-01 1.732550e-05
4.656863e-01 4.166667e-01 9.082903e-06
4.754902e-01 4.166667e-01 4.620820e-06
4.852941e-01 4.166667e-01 2.281228e-06
4.950980e-01 4.166667e-01 1.092883e-06
5.049020e-01 4.166667e-01 5.080820e-07
5.147059e-01 4.166667e-01 2.292183e-07
5.245098e-01 4.166667e-01 1.003506e-07
5.343137e-01 4.166667e-01 4.263304e-08
5.441176e-01 4.166667e-01 1.757631e-08
5.539216e-01 4.166667e-01 7.031767e-09
5.637255e-01 4.166667e-01 2.729962e-09
5.735294e-01 4.166667e-01 1.028499e-09
5.833333e-01 4.166667e-01 3.760162e-10
5.931373e-01 4.166667e-01 1.334027e-10
6.029412e-01 4.166667e-01 4.592803e-11
6.127451e-01 4.166667e-01 1.534427e-11
6.225490e-01 4.166667e-01 4.974738e-12
6.323529e-01 4.166667e-01 1.565126e-12
6.421569e-01 4.166667e-01 4.778415e-13
6.519608e-01 4.166667e-01 1.415708e-13
6.617647e-01 4.166667e-01 4.070228e-14
6.715686e-01 4.166667e-01 1.135584e-14
6.813725e-01 4.166667e-01 3.074502e-15
6.911765e-01 4.166667e-01 8.077664e-16
7.009804e-01 4.166667e-01 2.059454e-16
7.107843e-01 4.166667e-01 5.095346e-17
7.205882e-01 4.166667e-01 1.223350e-17
7.303922e-01 4.166667e-01 2.850249e-18
7.401961e-01 4.166667e-01 6.444219e-19
7.500000e-01 4.166667e-01 1.413882e-19
7.598039e-01 4.166667e-01 3.010310e-20
7.696078e-01 4.166667e-01 6.219631e-21
7.794118e-01 4.166667e-01 1.247020e-21
7.892157e-01 4.166667e-01 2.426260e-22
7.990196e-01 4.166667e-01 4.580962e-23
8.088235e-01 4.166667e-01 8.393273e-24
8.186275e-01 4.166667e-01 1.492318e-24
8.284314e-01 4.166667e-01 2.574818e-25
8.382353e-01 4.166667e-01 4.311090e-26
8.480392e-01 4.166667e-01 7.004593e-27
8.578431e-01 4.166667e-01 1.104419e-27
8.676471e-01 4.166667e-01 1.689820e-28
8.774510e-01 4.166667e-01 2.509009e-29
8.872549e-01 4.166667e-01 3.615092e-30
8.970588e-01 4.166667e-01 5.054657e-31
9.068627e-01 4.166667e-01 6.858345e-32
9.166667e-01 4.166667e-01 9.030302e-33
9.264706e-01 4.166667e-01 1.153827e-33
9.362745e-01 4.166667e-01 1.430652e-34
9.460784e-01 4.166667e-01 1.721405e-35
9.558824e-01 4.166667e-01 2.009959e-36
9.656863e-01 4.166667e-01 2.277439e-37
9.754902e-01 4.166667e-01 2.504156e-38
9.852941e-01 4.166667e-01 2.671970e-39
9.950980e-01 4.166667e-01 2.281228e-06
4.901961e-03 4.264706e-01 1.579608e-39
1.470588e-02 4.264706e-01 1.348610e-06
2.450980e-02 4.264706e-01 2.731724e-06
3.431373e-02 4.264706e-01 5.369607e-06
4.411765e-02 4.264706e-01 1.024244e-05
5.392157e-02 4.264706e-01 1.895919e-05
6.372549e-02 4.264706e-01 3.405582e-05
7.352941e-02 4.264706e-01 5.936333e-05
8.333333e-02 4.264706e-01 1.004154e-04
9.313725e-02 4.264706e-01 1.648306e-04
1.029412e-01 4.264706e-01 2.625613e-04
1.127451e-01 4.264706e-01 4.058624e-04
1.225490e-01 4.264706e-01 6.088106e-04
1.323529e-01 4.264706e-01 8.862188e-04
1.421569e-01 4.264706e-01 1.251858e-03
1.519608e-01 4.264706e-01 1.716028e-03
1.617647e-01 4.264706e-01 2.282700e-03
1.715686e-01 4.264706e-01 2.946652e-03
1.813725e-01 4.264706e-01 3.691170e-03
1.911765e-01 4.264706e-01 4.486985e-03
2.009804e-01 4.264706e-01 5.292982e-03
2.107843e-01 4.264706e-01 6.059008e-03
2.205882e-01 4.264706e-01 6.730665e-03
2.303922e-01 4.264706e-01 7.255540e-03
2.401961e-01 4.264706e-01 7.589912e-03
2.500000e-01 4.264706e-01 7.704760e-03
2.598039e-01 4.264706e-01 7.589912e-03
2.696078e-01 4.264706e-01 7.255540e-03
2.794118e-01 4.264706e-01 6.730665e-03
2.892157e-01 4.264706e-01 6.059008e-03
2.990196e-01 4.264706e-01 5.292982e-03
3.088235e-01 4.264706e-01 4.486985e-03
3.186275e-01 4.264706e-01 3.691170e-03
3.284314e-01 4.264706e-01 2.946652e-03
3.382353e-01 4.264706e-01 2.282700e-03
3.480392e-01 4.264706e-01 1.716028e-03
3.578431e-01 4.264706e-01 1.251858e-03
3.676471e-01 4.264706e-01 8.862188e-04
3.774510e-01 4.264706e-01 6.088106e-04
3.872549e-01 4.264706e-01 4.058624e-04
3.970588e-01 4.264706e-01 2.625613e-04
4.068627e-01 4.264706e-01 1.648306e-04
4.166667e-01 4.264706e-01 1.004154e-04
4.264706e-01 4.264706e-01 5.936333e-05
4.362745e-01 4.264706e-01 3.405582e-05
4.460784e-01 4.264706e-01 1.895919e-05
4.558824e-01 4.264706e-01 1.024244e-05
4.656863e-01 4.264706e-01 5.369607e-06
4.754902e-01 4.264706e-01 2.731724e-06
4.852941e-01 4.264706e-01 1.348610e-06
4.950980e-01 4.264706e-01 6.460875e-07
5.049020e-01 4.264706e-01 3.003666e-07
5.147059e-01 4.264706e-01 1.355087e-07
5.245098e-01 4.264706e-01 5.932503e-08
5.343137e-01 4.264706e-01 2.520369e-08
5.441176e-01 4.264706e-01 1.039072e-08
5.539216e-01 4.264706e-01 4.157022e-09
5.637255e-01 4.264706e-01 1.613892e-09
5.735294e-01 4.264706e-01 6.080254e-10
5.833333e-01 4.264706e-01 2.222923e-10
5.931373e-01 4.264706e-01 7.886464e-11
6.029412e-01 4.264706e-01 2.715161e-11
6.127451e-01 4.264706e-01 9.071188e-12
6.225490e-01 4.264706e-01 2.940953e-12
6.323529e-01 4.264706e-01 9.252673e-13
6.421569e-01 4.264706e-01 2.824891e-13
6.519608e-01 4.264706e-01 8.369345e-14
6.617647e-01 4.264706e-01 2.406227e-14
6.715686e-01 4.264706e-01 6.713313e-15
6.813725e-01 4.264706e-01 1.817576e-15
6.911765e-01 4.264706e-01 4.775332e-16
7.009804e-01 4.264706e-01 1.217503e-16
7.107843e-01 4.264706e-01 3.012253e-17
7.205882e-01 4.264706e-01 7.232166e-18
7.303922e-01 4.264706e-01 1.685003e-18
7.401961e-01 4.264706e-01 3.809677e-19
7.500000e-01 4.264706e-01 8.358549e-20
7.598039e-01 4.264706e-01 1.779627e-20
7.696078e-01 4.264706e-01 3.676905e-21
7.794118e-01 4.264706e-01 7.372099e-22
7.892157e-01 4.264706e-01 1.434350e-22
7.990196e-01 4.264706e-01 2.708161e-23
8.088235e-01 4.264706e-01 4.961913e-24
8.186275e-01 4.264706e-01 8.822244e-25
8.284314e-01 4.264706e-01 1.522174e-25
8.382353e-01 4.264706e-01 2.548619e-26
8.480392e-01 4.264706e-01 4.140957e-27
8.578431e-01 4.264706e-01 6.529078e-28
8.676471e-01 4.264706e-01 9.989835e-29
8.774510e-01 4.264706e-01 1.483269e-29
8.872549e-01 4.264706e-01 2.137160e-30
8.970588e-01 4.264706e-01 2.988199e-31
9.068627e-01 4.264706e-01 4.054498e-32
9.166667e-01 4.264706e-01 5.338510e-33
9.264706e-01 4.264706e-01 6.821162e-34
9.362745e-01 4.264706e-01 8.457693e-35
9.460784e-01 4.264706e-01 1.017656e-35
9.558824e-01 4.264706e-01 1.188242e-36
9.656863e-01 4.264706e-01 1.346370e-37
9.754902e-01 4.264706e-01 1.480401e-38
9.852941e-01 4.264706e-01 1.579608e-39
9.950980e-01 4.264706e-01 1.348610e-06
4.901961e-03 4.362745e-01 9.061967e-40
1.470588e-02 4.362745e-01 7.736767e-07
2.450980e-02 4.362745e-01 1.567148e-06
3.431373e-02 4.362745e-01 3.080460e-06
4.411765e-02 4.362745e-01 5.875930e-06
5.392157e-02 4.362745e-01 1.087659e-05
6.372549e-02 4.362745e-01 1.953730e-05
7.352941e-02 4.362745e-01 3.405582e-05
8.333333e-02 4.362745e-01 5.760677e-05
9.313725e-02 4.362745e-01 9.456078e-05
1.029412e-01 4.362745e-01 1.506273e-04
1.127451e-01 4.362745e-01 2.328370e-04
1.225490e-01 4.362745e-01 3.492652e-04
1.323529e-01 4.362745e-01 5.084100e-04
1.421569e-01 4.362745e-01 7.181713e-04
1.519608e-01 4.362745e-01 9.844584e-04
1.617647e-01 4.362745e-01 1.309550e-03
1.715686e-01 4.362745e-01 1.690448e-03
1.813725e-01 4.362745e-01 2.117567e-03
1.911765e-01 4.362745e-01 2.574113e-03
2.009804e-01 4.362745e-01 3.036502e-03
2.107843e-01 4.362745e-01 3.475959e-03
2.205882e-01 4.362745e-01 3.861278e-03
2.303922e-01 4.362745e-01 4.162391e-03
2.401961e-01 4.362745e-01 4.354215e-03
2.500000e-01 4.362745e-01 4.420101e-03
2.598039e-01 4.362745e-01 4.354215e-03
2.696078e-01 4.362745e-01 4.162391e-03
2.794118e-01 4.362745e-01 3.861278e-03
2.892157e-01 4.362745e-01 3.475959e-03
2.990196e-01 4.362745e-01 3.036502e-03
3.088235e-01 4.362745e-01 2.574113e-03
3.186275e-01 4.362745e-01 2.117567e-03
3.284314e-01 4.362745e-01 1.690448e-03
3.382353e-01 4.362745e-01 1.309550e-03
3.480392e-01 4.362745e-01 9.844584e-04
3.578431e-01 4.362745e-01 7.181713e-04
3.676471e-01 4.362745e-01 5.084100e-04
3.774510e-01 4.362745e-01 3.492652e-04
3.872549e-01 4.362745e-01 2.328370e-04
3.970588e-01 4.362745e-01 1.506273e-04
4.068627e-01 4.362745e-01 9.456078e-05
4.166667e-01 4.362745e-01 5.760677e-05
4.264706e-01 4.362745e-01 3.405582e-05
4.362745e-01 4.362745e-01 1.953730e-05
4.460784e-01 4.362745e-01 1.087659e-05
4.558824e-01 4.362745e-01 5.875930e-06
4.656863e-01 4.362745e-01 3.080460e-06
4.754902e-01 4.362745e-01 1.567148e-06
4.852941e-01 4.362745e-01 7.736767e-07
4.950980e-01 4.362745e-01 3.706504e-07
5.049020e-01 4.362745e-01 1.723156e-07
5.147059e-01 4.362745e-01 7.773923e-08
5.245098e-01 4.362745e-01 3.403385e-08
5.343137e-01 4.362745e-01 1.445897e-08
5.441176e-01 4.362745e-01 5.960994e-09
5.539216e-01 4.362745e-01 2.384819e-09
5.637255e-01 4.362745e-01 9.258646e-10
5.735294e-01 4.362745e-01 3.488147e-10
5.833333e-01 4.362745e-01 1.275256e-10
5.931373e-01 4.362745e-01 4.524342e-11
6.029412e-01 4.362745e-01 1.557646e-11
6.127451e-01 4.362745e-01 5.204000e-12
6.225490e-01 4.362745e-01 1.687179e-12
6.323529e-01 4.362745e-01 5.308115e-13
6.421569e-01 4.362745e-01 1.620596e-13
6.519608e-01 4.362745e-01 4.801363e-14
6.617647e-01 4.362745e-01 1.380415e-14
6.715686e-01 4.362745e-01 3.851324e-15
6.813725e-01 4.362745e-01 1.042715e-15
6.911765e-01 4.362745e-01 2.739534e-16
7.009804e-01 4.362745e-01 6.984624e-17
7.107843e-01 4.362745e-01 1.728083e-17
7.205882e-01 4.362745e-01 4.148982e-18
7.303922e-01 4.362745e-01 9.666599e-19
7.401961e-01 4.362745e-01 2.185552e-19
7.500000e-01 4.362745e-01 4.795170e-20
7.598039e-01 4.362745e-01 1.020945e-20
7.696078e-01 4.362745e-01 2.109384e-21
7.794118e-01 4.362745e-01 4.229259e-22
7.892157e-01 4.362745e-01 8.228645e-23
7.990196e-01 4.362745e-01 1.553630e-23
8.088235e-01 4.362745e-01 2.846573e-24
8.186275e-01 4.362745e-01 5.061185e-25
8.284314e-01 4.362745e-01 8.732477e-26
8.382353e-01 4.362745e-01 1.462103e-26
8.480392e-01 4.362745e-01 2.375603e-27
8.578431e-01 4.362745e-01 3.745631e-28
8.676471e-01 4.362745e-01 5.731013e-29
8.774510e-01 4.362745e-01 8.509287e-30
8.872549e-01 4.362745e-01 1.226056e-30
8.970588e-01 4.362745e-01 1.714283e-31
9.068627e-01 4.362745e-01 2.326003e-32
9.166667e-01 4.362745e-01 3.062621e-33
9.264706e-01 4.362745e-01 3.913195e-34
9.362745e-01 4.362745e-01 4.852048e-35
9.460784e-01 4.362745e-01 5.838132e-36
9.558824e-01 4.362745e-01 6.816761e-37
9.656863e-01 4.362745e-01 7.723917e-38
9.754902e-01 4.362745e-01 8.492829e-39
9.852941e-01 4.362745e-01 9.061967e-40
9.950980e-01 4.362745e-01 7.736767e-07
4.901961e-03 4.460784e-01 5.044880e-40
1.470588e-02 4.460784e-01 4.307130e-07
2.450980e-02 4.460784e-01 8.724456e-07
3.431373e-02 4.460784e-01 1.714921e-06
4.411765e-02 4.460784e-01 3.271184e-06
5.392157e-02 4.460784e-01 6.055099e-06
6.372549e-02 4.460784e-01 1.087659e-05
7.352941e-02 4.460784e-01 1.895919e-05
8.333333e-02 4.460784e-01 3.207022e-05
9.313725e-02 4.460784e-01 5.264286e-05
1.029412e-01 4.460784e-01 8.385563e-05
1.127451e-01 4.460784e-01 1.296225e-04
1.225490e-01 4.460784e-01 1.944392e-04
1.323529e-01 4.460784e-01 2.830365e-04
1.421569e-01 4.460784e-01 3.998126e-04
1.519608e-01 4.460784e-01 5.480571e-04
1.617647e-01 4.460784e-01 7.290384e-04
1.715686e-01 4.460784e-01 9.410882e-04
1.813725e-01 4.460784e-01 1.178869e-03
1.911765e-01 4.460784e-01 1.433033e-03
2.009804e-01 4.460784e-01 1.690448e-03
2.107843e-01 4.460784e-01 1.935098e-03
2.205882e-01 4.460784e-01 2.149609e-03
2.303922e-01 4.460784e-01 2.317241e-03
2.401961e-01 4.460784e-01 2.424032e-03
2.500000e-01 4.460784e-01 2.460711e-03
2.598039e-01 4.460784e-01 2.424032e-03
2.696078e-01 4.460784e-01 2.317241e-03
2.794118e-01 4.460784e-01 2.149609e-03
2.892157e-01 4.460784e-01 1.935098e-03
2.990196e-01 4.460784e-01 1.690448e-03
3.088235e-01 4.460784e-01 1.433033e-03
3.186275e-01 4.460784e-01 1.178869e-03
3.284314e-01 4.460784e-01 9.410882e-04
3.382353e-01 4.460784e-01 7.290384e-04
3.480392e-01 4.460784e-01 5.480571e-04
3.578431e-01 4.460784e-01 3.998126e-04
3.676471e-01 4.460784e-01 2.830365e-04
3.774510e-01 4.460784e-01 1.944392e-04
3.872549e-01 4.460784e-01 1.296225e-04
3.970588e-01 4.460784e-01 8.385563e-05
4.068627e-01 4.460784e-01 5.264286e-05
4.166667e-01 4.460784e-01 3.207022e-05
4.264706e-01 4.460784e-01 1.895919e-05
4.362745e-01 4.460784e-01 1.087659e-05
4.460784e-01 4.460784e-01 6.055099e-06
4.558824e-01 4.460784e-01 3.271184e-06
4.656863e-01 4.460784e-01 1.714921e-06
4.754902e-01 4.460784e-01 8.724456e-07
4.852941e-01 4.460784e-01 4.307130e-07
4.950980e-01 4.460784e-01 2.063445e-07
5.049020e-01 4.460784e-01 9.592971e-08
5.147059e-01 4.460784e-01 4.327815e-08
5.245098e-01 4.460784e-01 1.894696e-08
5.343137e-01 4.460784e-01 8.049439e-09
5.441176e-01 4.460784e-01 3.318540e-09
5.539216e-01 4.460784e-01 1.327651e-09
5.637255e-01 4.460784e-01 5.154373e-10
5.735294e-01 4.460784e-01 1.941884e-10
5.833333e-01 4.460784e-01 7.099469e-11
5.931373e-01 4.460784e-01 2.518743e-11
6.029412e-01 4.460784e-01 8.671557e-12
6.127451e-01 4.460784e-01 2.897115e-12
6.225490e-01 4.460784e-01 9.392680e-13
6.323529e-01 4.460784e-01 2.955076e-13
6.421569e-01 4.460784e-01 9.022008e-14
6.519608e-01 4.460784e-01 2.672963e-14
6.617647e-01 4.460784e-01 7.684897e-15
6.715686e-01 4.460784e-01 2.144067e-15
6.813725e-01 4.460784e-01 5.804892e-16
6.911765e-01 4.460784e-01 1.525124e-16
7.009804e-01 4.460784e-01 3.888404e-17
7.107843e-01 4.460784e-01 9.620397e-18
7.205882e-01 4.460784e-01 2.309776e-18
7.303922e-01 4.460784e-01 5.381485e-19
7.401961e-01 4.460784e-01 1.216717e-19
7.500000e-01 4.460784e-01 2.669515e-20
7.598039e-01 4.460784e-01 5.683692e-21
7.696078e-01 4.460784e-01 1.174313e-21
7.794118e-01 4.460784e-01 2.354467e-22
7.892157e-01 4.460784e-01 4.580962e-23
7.990196e-01 4.460784e-01 8.649202e-24
8.088235e-01 4.460784e-01 1.584713e-24
8.186275e-01 4.460784e-01 2.817608e-25
8.284314e-01 4.460784e-01 4.861450e-26
8.382353e-01 4.460784e-01 8.139662e-27
8.480392e-01 4.460784e-01 1.322520e-27
8.578431e-01 4.460784e-01 2.085227e-28
8.676471e-01 4.460784e-01 3.190508e-29
8.774510e-01 4.460784e-01 4.737198e-30
8.872549e-01 4.460784e-01 6.825565e-31
8.970588e-01 4.460784e-01 9.543573e-32
9.068627e-01 4.460784e-01 1.294907e-32
9.166667e-01 4.460784e-01 1.704989e-33
9.264706e-01 4.460784e-01 2.178512e-34
9.362745e-01 4.460784e-01 2.701180e-35
9.460784e-01 4.460784e-01 3.250142e-36
9.558824e-01 4.460784e-01 3.794954e-37
9.656863e-01 4.460784e-01 4.299976e-38
9.754902e-01 4.460784e-01 4.728036e-39
9.852941e-01 4.460784e-01 5.044880e-40
9.950980e-01 4.460784e-01 4.307130e-07
4.901961e-03 4.558824e-01 2.725427e-40
1.470588e-02 4.558824e-01 2.326868e-07
2.450980e-02 4.558824e-01 4.713267e-07
3.431373e-02 4.558824e-01 9.264622e-07
4.411765e-02 4.558824e-01 1.767212e-06
5.392157e-02 4.558824e-01 3.271184e-06
6.372549e-02 4.558824e-01 5.875930e-06
7.352941e-02 4.558824e-01 1.024244e-05
8.333333e-02 4.558824e-01 1.732550e-05
9.313725e-02 4.558824e-01 2.843958e-05
1.029412e-01 4.558824e-01 4.530185e-05
1.127451e-01 4.558824e-01 7.002677e-05
1.225490e-01 4.558824e-01 1.050431e-04
1.323529e-01 4.558824e-01 1.529066e-04
1.421569e-01 4.558824e-01 2.159933e-04
1.519608e-01 4.558824e-01 2.960803e-04
1.617647e-01 4.558824e-01 3.938530e-04
1.715686e-01 4.558824e-01 5.084100e-04
1.813725e-01 4.558824e-01 6.368678e-04
1.911765e-01 4.558824e-01 7.741762e-04
2.009804e-01 4.558824e-01 9.132415e-04
2.107843e-01 4.558824e-01 1.045410e-03
2.205882e-01 4.558824e-01 1.161297e-03
2.303922e-01 4.558824e-01 1.251858e-03
2.401961e-01 4.558824e-01 1.309550e-03
2.500000e-01 4.558824e-01 1.329365e-03
2.598039e-01 4.558824e-01 1.309550e-03
2.696078e-01 4.558824e-01 1.251858e-03
2.794118e-01 4.558824e-01 1.161297e-03
2.892157e-01 4.558824e-01 1.045410e-03
2.990196e-01 4.558824e-01 9.132415e-04
3.088235e-01 4.558824e-01 7.741762e-04
3.186275e-01 4.558824e-01 6.368678e-04
3.284314e-01 4.558824e-01 5.084100e-04
3.382353e-01 4.558824e-01 3.938530e-04
3.480392e-01 4.558824e-01 2.960803e-04
3.578431e-01 4.558824e-01 2.159933e-04
3.676471e-01 4.558824e-01 1.529066e-04
3.774510e-01 4.558824e-01 1.050431e-04
3.872549e-01 4.558824e-01 7.002677e-05
3.970588e-01 4.558824e-01 4.530185e-05
4.068627e-01 4.558824e-01 2.843958e-05
4.166667e-01 4.558824e-01 1.732550e-05
4.264706e-01 4.558824e-01 1.024244e-05
4.362745e-01 4.558824e-01 5.875930e-06
4.460784e-01 4.558824e-01 3.271184e-06
4.558824e-01 4.558824e-01 1.767212e-06
4.656863e-01 4.558824e-01 9.264622e-07
4.754902e-01 4.558824e-01 4.713267e-07
4.852941e-01 4.558824e-01 2.326868e-07
4.950980e-01 4.558824e-01 1.114748e-07
5.049020e-01 4.558824e-01 5.182470e-08
5.147059e-01 4.558824e-01 2.338042e-08
5.245098e-01 4.558824e-01 1.023583e-08
5.343137e-01 4.558824e-01 4.348599e-09
5.441176e-01 4.558824e-01 1.792796e-09
5.539216e-01 4.558824e-01 7.172450e-10
5.637255e-01 4.558824e-01 2.784579e-10
5.735294e-01 4.558824e-01 1.049076e-10
5.833333e-01 4.558824e-01 3.835391e-11
5.931373e-01 4.558824e-01 1.360716e-11
6.029412e-01 4.558824e-01 4.684690e-12
6.127451e-01 4.558824e-01 1.565126e-12
6.225490e-01 4.558824e-01 5.074266e-13
6.323529e-01 4.558824e-01 1.596439e-13
6.421569e-01 4.558824e-01 4.874016e-14
6.519608e-01 4.558824e-01 1.444032e-14
6.617647e-01 4.558824e-01 4.151660e-15
6.715686e-01 4.558824e-01 1.158303e-15
6.813725e-01 4.558824e-01 3.136013e-16
6.911765e-01 4.558824e-01 8.239272e-17
7.009804e-01 4.558824e-01 2.100657e-17
7.107843e-01 4.558824e-01 5.197287e-18
7.205882e-01 4.558824e-01 1.247825e-18
7.303922e-01 4.558824e-01 2.907273e-19
7.401961e-01 4.558824e-01 6.573147e-20
7.500000e-01 4.558824e-01 1.442169e-20
7.598039e-01 4.558824e-01 3.070537e-21
7.696078e-01 4.558824e-01 6.344066e-22
7.794118e-01 4.558824e-01 1.271969e-22
7.892157e-01 4.558824e-01 2.474802e-23
7.990196e-01 4.558824e-01 4.672612e-24
8.088235e-01 4.558824e-01 8.561195e-25
8.186275e-01 4.558824e-01 1.522174e-25
8.284314e-01 4.558824e-01 2.626332e-26
8.382353e-01 4.558824e-01 4.397341e-27
8.480392e-01 4.558824e-01 7.144732e-28
8.578431e-01 4.558824e-01 1.126515e-28
8.676471e-01 4.558824e-01 1.723628e-29
8.774510e-01 4.558824e-01 2.559206e-30
8.872549e-01 4.558824e-01 3.687418e-31
8.970588e-01 4.558824e-01 5.155784e-32
9.068627e-01 4.558824e-01 6.995558e-33
9.166667e-01 4.558824e-01 9.210969e-34
9.264706e-01 4.558824e-01 1.176911e-34
9.362745e-01 4.558824e-01 1.459275e-35
9.460784e-01 4.558824e-01 1.755844e-36
9.558824e-01 4.558824e-01 2.050172e-37
9.656863e-01 4.558824e-01 2.323003e-38
9.754902e-01 4.558824e-01 2.554256e-39
9.852941e-01 4.558824e-01 2.725427e-40
9.950980e-01 4.558824e-01 2.326868e-07
4.901961e-03 4.656863e-01 1.428807e-40
1.470588e-02 4.656863e-01 1.219862e-07
2.450980e-02 4.656863e-01 2.470934e-07
3.431373e-02 4.656863e-01 4.856985e-07
4.411765e-02 4.656863e-01 9.264622e-07
5.392157e-02 4.656863e-01 1.714921e-06
6.372549e-02 4.656863e-01 3.080460e-06
7.352941e-02 4.656863e-01 5.369607e-06
8.333333e-02 4.656863e-01 9.082903e-06
9.313725e-02 4.656863e-01 1.490947e-05
1.029412e-01 4.656863e-01 2.374953e-05
1.127451e-01 4.656863e-01 3.671158e-05
1.225490e-01 4.656863e-01 5.506891e-05
1.323529e-01 4.656863e-01 8.016138e-05
1.421569e-01 4.656863e-01 1.132346e-04
1.519608e-01 4.656863e-01 1.552203e-04
1.617647e-01 4.656863e-01 2.064777e-04
1.715686e-01 4.656863e-01 2.665343e-04
1.813725e-01 4.656863e-01 3.338784e-04
1.911765e-01 4.656863e-01 4.058624e-04
2.009804e-01 4.656863e-01 4.787675e-04
2.107843e-01 4.656863e-01 5.480571e-04
2.205882e-01 4.656863e-01 6.088106e-04
2.303922e-01 4.656863e-01 6.562873e-04
2.401961e-01 4.656863e-01 6.865324e-04
2.500000e-01 4.656863e-01 6.969207e-04
2.598039e-01 4.656863e-01 6.865324e-04
2.696078e-01 4.656863e-01 6.562873e-04
2.794118e-01 4.656863e-01 6.088106e-04
2.892157e-01 4.656863e-01 5.480571e-04
2.990196e-01 4.656863e-01 4.787675e-04
3.088235e-01 4.656863e-01 4.058624e-04
3.186275e-01 4.656863e-01 3.338784e-04
3.284314e-01 4.656863e-01 2.665343e-04
3.382353e-01 4.656863e-01 2.064777e-04
3.480392e-01 4.656863e-01 1.552203e-04
3.578431e-01 4.656863e-01 1.132346e-04
3.676471e-01 4.656863e-01 8.016138e-05
3.774510e-01 4.656863e-01 5.506891e-05
3.872549e-01 4.656863e-01 3.671158e-05
3.970588e-01 4.656863e-01 2.374953e-05
4.068627e-01 4.656863e-01 1.490947e-05
4.166667e-01 4.656863e-01 9.082903e-06
4.264706e-01 4.656863e-01 5.369607e-06
4.362745e-01 4.656863e-01 3.080460e-06
4.460784e-01 4.656863e-01 1.714921e-06
4.558824e-01 4.656863e-01 9.264622e-07
4.656863e-01 4.656863e-01 4.856985e-07
4.754902e-01 4.656863e-01 2.470934e-07
4.852941e-01 4.656863e-01 1.219862e-07
4.950980e-01 4.656863e-01 5.844073e-08
5.049020e-01 4.656863e-01 2.716914e-08
5.147059e-01 4.656863e-01 1.225720e-08
5.245098e-01 4.656863e-01 5.366143e-09
5.343137e-01 4.656863e-01 2.279756e-09
5.441176e-01 4.656863e-01 9.398744e-10
5.539216e-01 4.656863e-01 3.760162e-10
5.637255e-01 4.656863e-01 1.459818e-10
5.735294e-01 4.656863e-01 5.499788e-11
5.833333e-01 4.656863e-01 2.010706e-11
5.931373e-01 4.656863e-01 7.133564e-12
6.029412e-01 4.656863e-01 2.455952e-12
6.127451e-01 4.656863e-01 8.205186e-13
6.225490e-01 4.656863e-01 2.660188e-13
6.323529e-01 4.656863e-01 8.369345e-14
6.421569e-01 4.656863e-01 2.555206e-14
6.519608e-01 4.656863e-01 7.570346e-15
6.617647e-01 4.656863e-01 2.176511e-15
6.715686e-01 4.656863e-01 6.072411e-16
6.813725e-01 4.656863e-01 1.644057e-16
6.911765e-01 4.656863e-01 4.319444e-17
7.009804e-01 4.656863e-01 1.101271e-17
7.107843e-01 4.656863e-01 2.724682e-18
7.205882e-01 4.656863e-01 6.541731e-19
7.303922e-01 4.656863e-01 1.524140e-19
7.401961e-01 4.656863e-01 3.445977e-20
7.500000e-01 4.656863e-01 7.560581e-21
7.598039e-01 4.656863e-01 1.609731e-21
7.696078e-01 4.656863e-01 3.325881e-22
7.794118e-01 4.656863e-01 6.668305e-23
7.892157e-01 4.656863e-01 1.297417e-23
7.990196e-01 4.656863e-01 2.449620e-24
8.088235e-01 4.656863e-01 4.488212e-25
8.186275e-01 4.656863e-01 7.980008e-26
8.284314e-01 4.656863e-01 1.376856e-26
8.382353e-01 4.656863e-01 2.305309e-27
8.480392e-01 4.656863e-01 3.745631e-28
8.578431e-01 4.656863e-01 5.905764e-29
8.676471e-01 4.656863e-01 9.036132e-30
8.774510e-01 4.656863e-01 1.341666e-30
8.872549e-01 4.656863e-01 1.933131e-31
8.970588e-01 4.656863e-01 2.702923e-32
9.068627e-01 4.656863e-01 3.667426e-33
9.166667e-01 4.656863e-01 4.828857e-34
9.264706e-01 4.656863e-01 6.169964e-35
9.362745e-01 4.656863e-01 7.650260e-36
9.460784e-01 4.656863e-01 9.205027e-37
9.558824e-01 4.656863e-01 1.074804e-37
9.656863e-01 4.656863e-01 1.217836e-38
9.754902e-01 4.656863e-01 1.339071e-39
9.852941e-01 4.656863e-01 1.428807e-40
9.950980e-01 4.656863e-01 1.219862e-07
4.901961e-03 4.754902e-01 7.268887e-41
1.470588e-02 4.754902e-01 6.205903e-08
2.450980e-02 4.754902e-01 1.257058e-07
3.431373e-02 4.754902e-01 2.470934e-07
4.411765e-02 4.754902e-01 4.713267e-07
5.392157e-02 4.754902e-01 8.724456e-07
6.372549e-02 4.754902e-01 1.567148e-06
7.352941e-02 4.754902e-01 2.731724e-06
8.333333e-02 4.754902e-01 4.620820e-06
9.313725e-02 4.754902e-01 7.585016e-06
1.029412e-01 4.754902e-01 1.208229e-05
1.127451e-01 4.754902e-01 1.867658e-05
1.225490e-01 4.754902e-01 2.801566e-05
1.323529e-01 4.754902e-01 4.078116e-05
1.421569e-01 4.754902e-01 5.760677e-05
1.519608e-01 4.754902e-01 7.896649e-05
1.617647e-01 4.754902e-01 1.050431e-04
1.715686e-01 4.754902e-01 1.355962e-04
1.813725e-01 4.754902e-01 1.698567e-04
1.911765e-01 4.754902e-01 2.064777e-04
2.009804e-01 4.754902e-01 2.435673e-04
2.107843e-01 4.754902e-01 2.788176e-04
2.205882e-01 4.754902e-01 3.097252e-04
2.303922e-01 4.754902e-01 3.338784e-04
2.401961e-01 4.754902e-01 3.492652e-04
2.500000e-01 4.754902e-01 3.545502e-04
2.598039e-01 4.754902e-01 3.492652e-04
2.696078e-01 4.754902e-01 3.338784e-04
2.794118e-01 4.754902e-01 3.097252e-04
2.892157e-01 4.754902e-01 2.788176e-04
2.990196e-01 4.754902e-01 2.435673e-04
3.088235e-01 4.754902e-01 2.064777e-04
3.186275e-01 4.754902e-01 1.698567e-04
3.284314e-01 4.754902e-01 1.355962e-04
3.382353e-01 4.754902e-01 1.050431e-04
3.480392e-01 4.754902e-01 7.896649e-05
3.578431e-01 4.754902e-01 5.760677e-05
3.676471e-01 4.754902e-01 4.078116e-05
3.774510e-01 4.754902e-01 2.801566e-05
3.872549e-01 4.754902e-01 1.867658e-05
3.970588e-01 4.754902e-01 1.208229e-05
4.068627e-01 4.754902e-01 7.585016e-06
4.166667e-01 4.754902e-01 4.620820e-06
4.264706e-01 4.754902e-01 2.731724e-06
4.362745e-01 4.754902e-01 1.567148e-06
4.460784e-01 4.754902e-01 8.724456e-07
4.558824e-01 4.754902e-01 4.713267e-07
4.656863e-01 4.754902e-01 2.470934e-07
4.754902e-01 4.754902e-01 1.257058e-07
4.852941e-01 4.754902e-01 6.205903e-08
4.950980e-01 4.754902e-01 2.973103e-08
5.049020e-01 4.754902e-01 1.382198e-08
5.147059e-01 4.754902e-01 6.235707e-09
5.245098e-01 4.754902e-01 2.729962e-09
5.343137e-01 4.754902e-01 1.159799e-09
5.441176e-01 4.754902e-01 4.781500e-10
5.539216e-01 4.754902e-01 1.912938e-10
5.637255e-01 4.754902e-01 7.426650e-11
5.735294e-01 4.754902e-01 2.797952e-11
5.833333e-01 4.754902e-01 1.022923e-11
5.931373e-01 4.754902e-01 3.629116e-12
6.029412e-01 4.754902e-01 1.249436e-12
6.127451e-01 4.754902e-01 4.174291e-13
6.225490e-01 4.754902e-01 1.353339e-13
6.323529e-01 4.754902e-01 4.257805e-14
6.421569e-01 4.754902e-01 1.299931e-14
6.519608e-01 4.754902e-01 3.851324e-15
6.617647e-01 4.754902e-01 1.107274e-15
6.715686e-01 4.754902e-01 3.089267e-16
6.813725e-01 4.754902e-01 8.363945e-17
6.911765e-01 4.754902e-01 2.197466e-17
7.009804e-01 4.754902e-01 5.602585e-18
7.107843e-01 4.754902e-01 1.386149e-18
7.205882e-01 4.754902e-01 3.328028e-19
7.303922e-01 4.754902e-01 7.753882e-20
7.401961e-01 4.754902e-01 1.753100e-20
7.500000e-01 4.754902e-01 3.846356e-21
7.598039e-01 4.754902e-01 8.189316e-22
7.696078e-01 4.754902e-01 1.692003e-22
7.794118e-01 4.754902e-01 3.392421e-23
7.892157e-01 4.754902e-01 6.600453e-24
7.990196e-01 4.754902e-01 1.246215e-24
8.088235e-01 4.754902e-01 2.283325e-25
8.186275e-01 4.754902e-01 4.059735e-26
8.284314e-01 4.754902e-01 7.004593e-27
8.382353e-01 4.754902e-01 1.172799e-27
8.480392e-01 4.754902e-01 1.905545e-28
8.578431e-01 4.754902e-01 3.004488e-29
8.676471e-01 4.754902e-01 4.597025e-30
8.774510e-01 4.754902e-01 6.825565e-31
8.872549e-01 4.754902e-01 9.834577e-32
8.970588e-01 4.754902e-01 1.375080e-32
9.068627e-01 4.754902e-01 1.865760e-33
9.166667e-01 4.754902e-01 2.456624e-34
9.264706e-01 4.754902e-01 3.138896e-35
9.362745e-01 4.754902e-01 3.891979e-36
9.460784e-01 4.754902e-01 4.682949e-37
9.558824e-01 4.754902e-01 5.467938e-38
9.656863e-01 4.754902e-01 6.195595e-39
9.754902e-01 4.754902e-01 6.812364e-40
9.852941e-01 4.754902e-01 7.268887e-41
9.950980e-01 4.754902e-01 6.205903e-08
4.901961e-03 4.852941e-01 3.588538e-41
1.470588e-02 4.852941e-01 3.063759e-08
2.450980e-02 4.852941e-01 6.205903e-08
3.431373e-02 4.852941e-01 1.219862e-07
4.411765e-02 4.852941e-01 2.326868e-07
5.392157e-02 4.852941e-01 4.307130e-07
6.372549e-02 4.852941e-01 7.736767e-07
7.352941e-02 4.852941e-01 1.348610e-06
8.333333e-02 4.852941e-01 2.281228e-06
9.313725e-02 4.852941e-01 3.744606e-06
1.029412e-01 4.852941e-01 5.964842e-06
1.127451e-01 4.852941e-01 9.220342e-06
1.225490e-01 4.852941e-01 1.383090e-05
1.323529e-01 4.852941e-01 2.013303e-05
1.421569e-01 4.852941e-01 2.843958e-05
1.519608e-01 4.852941e-01 3.898455e-05
1.617647e-01 4.852941e-01 5.185816e-05
1.715686e-01 4.852941e-01 6.694174e-05
1.813725e-01 4.852941e-01 8.385563e-05
1.911765e-01 4.852941e-01 1.019349e-04
2.009804e-01 4.852941e-01 1.202454e-04
2.107843e-01 4.852941e-01 1.376479e-04
2.205882e-01 4.852941e-01 1.529066e-04
2.303922e-01 4.852941e-01 1.648306e-04
2.401961e-01 4.852941e-01 1.724269e-04
2.500000e-01 4.852941e-01 1.750360e-04
2.598039e-01 4.852941e-01 1.724269e-04
2.696078e-01 4.852941e-01 1.648306e-04
2.794118e-01 4.852941e-01 1.529066e-04
2.892157e-01 4.852941e-01 1.376479e-04
2.990196e-01 4.852941e-01 1.202454e-04
3.088235e-01 4.852941e-01 1.019349e-04
3.186275e-01 4.852941e-01 8.385563e-05
3.284314e-01 4.852941e-01 6.694174e-05
3.382353e-01 4.852941e-01 5.185816e-05
3.480392e-01 4.852941e-01 3.898455e-05
3.578431e-01 4.852941e-01 2.843958e-05
3.676471e-01 4.852941e-01 2.013303e-05
3.774510e-01 4.852941e-01 1.383090e-05
3.872549e-01 4.852941e-01 9.220342e-06
3.970588e-01 4.852941e-01 5.964842e-06
4.068627e-01 4.852941e-01 3.744606e-06
4.166667e-01 4.852941e-01 2.281228e-06
4.264706e-01 4.852941e-01 1.348610e-06
4.362745e-01 4.852941e-01 7.736767e-07
4.460784e-01 4.852941e-01 4.307130e-07
4.558824e-01 4.852941e-01 2.326868e-07
4.656863e-01 4.852941e-01 1.219862e-07
4.754902e-01 4.852941e-01 6.205903e-08
4.852941e-01 4.852941e-01 3.063759e-08
4.950980e-01 4.852941e-01 1.467775e-08
5.049020e-01 4.852941e-01 6.823698e-09
5.147059e-01 4.852941e-01 3.078473e-09
5.245098e-01 4.852941e-01 1.347740e-09
5.343137e-01 4.852941e-01 5.725749e-10
5.441176e-01 4.852941e-01 2.360553e-10
5.539216e-01 4.852941e-01 9.443881e-11
5.637255e-01 4.852941e-01 3.666423e-11
5.735294e-01 4.852941e-01 1.381306e-11
5.833333e-01 4.852941e-01 5.050014e-12
5.931373e-01 4.852941e-01 1.791639e-12
6.029412e-01 4.852941e-01 6.168276e-13
6.127451e-01 4.852941e-01 2.060783e-13
6.225490e-01 4.852941e-01 6.681227e-14
6.323529e-01 4.852941e-01 2.102013e-14
6.421569e-01 4.852941e-01 6.417559e-15
6.519608e-01 4.852941e-01 1.901339e-15
6.617647e-01 4.852941e-01 5.466442e-16
6.715686e-01 4.852941e-01 1.525124e-16
6.813725e-01 4.852941e-01 4.129151e-17
6.911765e-01 4.852941e-01 1.084855e-17
7.009804e-01 4.852941e-01 2.765910e-18
7.107843e-01 4.852941e-01 6.843207e-19
7.205882e-01 4.852941e-01 1.642996e-19
7.303922e-01 4.852941e-01 3.827972e-20
7.401961e-01 4.852941e-01 8.654785e-21
7.500000e-01 4.852941e-01 1.898887e-21
7.598039e-01 4.852941e-01 4.042939e-22
7.696078e-01 4.852941e-01 8.353157e-23
7.794118e-01 4.852941e-01 1.674786e-23
7.892157e-01 4.852941e-01 3.258543e-24
7.990196e-01 4.852941e-01 6.152374e-25
8.088235e-01 4.852941e-01 1.127242e-25
8.186275e-01 4.852941e-01 2.004229e-26
8.284314e-01 4.852941e-01 3.458060e-27
8.382353e-01 4.852941e-01 5.789927e-28
8.480392e-01 4.852941e-01 9.407385e-29
8.578431e-01 4.852941e-01 1.483269e-29
8.676471e-01 4.852941e-01 2.269481e-30
8.774510e-01 4.852941e-01 3.369677e-31
8.872549e-01 4.852941e-01 4.855180e-32
8.970588e-01 4.852941e-01 6.788560e-33
9.068627e-01 4.852941e-01 9.210969e-34
9.166667e-01 4.852941e-01 1.212798e-34
9.264706e-01 4.852941e-01 1.549625e-35
9.362745e-01 4.852941e-01 1.921410e-36
9.460784e-01 4.852941e-01 2.311900e-37
9.558824e-01 4.852941e-01 2.699437e-38
9.656863e-01 4.852941e-01 3.058670e-39
9.754902e-01 4.852941e-01 3.363159e-40
9.852941e-01 4.852941e-01 3.588538e-41
9.950980e-01 4.852941e-01 3.063759e-08
4.901961e-03 4.950980e-01 1.719184e-41
1.470588e-02 4.950980e-01 1.467775e-08
2.450980e-02 4.950980e-01 2.973103e-08
3.431373e-02 4.950980e-01 5.844073e-08
4.411765e-02 4.950980e-01 1.114748e-07
5.392157e-02 4.950980e-01 2.063445e-07
6.372549e-02 4.950980e-01 3.706504e-07
7.352941e-02 4.950980e-01 6.460875e-07
8.333333e-02 4.950980e-01 1.092883e-06
9.313725e-02 4.950980e-01 1.793953e-06
1.029412e-01 4.950980e-01 2.857616e-06
1.127451e-01 4.950980e-01 4.417250e-06
1.225490e-01 4.950980e-01 6.626060e-06
1.323529e-01 4.950980e-01 9.645263e-06
1.421569e-01 4.950980e-01 1.362474e-05
1.519608e-01 4.950980e-01 1.867658e-05
1.617647e-01 4.950980e-01 2.484403e-05
1.715686e-01 4.950980e-01 3.207022e-05
1.813725e-01 4.950980e-01 4.017327e-05
1.911765e-01 4.950980e-01 4.883461e-05
2.009804e-01 4.950980e-01 5.760677e-05
2.107843e-01 4.950980e-01 6.594391e-05
2.205882e-01 4.950980e-01 7.325396e-05
2.303922e-01 4.950980e-01 7.896649e-05
2.401961e-01 4.950980e-01 8.260568e-05
2.500000e-01 4.950980e-01 8.385563e-05
2.598039e-01 4.950980e-01 8.260568e-05
2.696078e-01 4.950980e-01 7.896649e-05
2.794118e-01 4.950980e-01 7.325396e-05
2.892157e-01 4.950980e-01 6.594391e-05
2.990196e-01 4.950980e-01 5.760677e-05
3.088235e-01 4.950980e-01 4.883461e-05
3.186275e-01 4.950980e-01 4.017327e-05
3.284314e-01 4.950980e-01 3.207022e-05
3.382353e-01 4.950980e-01 2.484403e-05
3.480392e-01 4.950980e-01 1.867658e-05
3.578431e-01 4.950980e-01 1.362474e-05
3.676471e-01 4.950980e-01 9.645263e-06
3.774510e-01 4.950980e-01 6.626060e-06
3.872549e-01 4.950980e-01 4.417250e-06
3.970588e-01 4.950980e-01 2.857616e-06
4.068627e-01 4.950980e-01 1.793953e-06
4.166667e-01 4.950980e-01 1.092883e-06
4.264706e-01 4.950980e-01 6.460875e-07
4.362745e-01 4.950980e-01 3.706504e-07
4.460784e-01 4.950980e-01 2.063445e-07
4.558824e-01 4.950980e-01 1.114748e-07
4.656863e-01 4.950980e-01 5.844073e-08
4.754902e-01 4.950980e-01 2.973103e-08
4.852941e-01 4.950980e-01 1.467775e-08
4.950980e-01 4.950980e-01 7.031767e-09
5.049020e-01 4.950980e-01 3.269074e-09
5.147059e-01 4.950980e-01 1.474824e-09
5.245098e-01 4.950980e-01 6.456707e-10
5.343137e-01 4.950980e-01 2.743072e-10
5.441176e-01 4.950980e-01 1.130886e-10
5.539216e-01 4.950980e-01 4.524342e-11
5.637255e-01 4.950980e-01 1.756497e-11
5.735294e-01 4.950980e-01 6.617513e-12
5.833333e-01 4.950980e-01 2.419343e-12
5.931373e-01 4.950980e-01 8.583323e-13
6.029412e-01 4.950980e-01 2.955076e-13
6.127451e-01 4.950980e-01 9.872730e-14
6.225490e-01 4.950980e-01 3.200819e-14
6.323529e-01 4.950980e-01 1.007025e-14
6.421569e-01 4.950980e-01 3.074502e-15
6.519608e-01 4.950980e-01 9.108872e-16
6.617647e-01 4.950980e-01 2.618844e-16
6.715686e-01 4.950980e-01 7.306511e-17
6.813725e-01 4.950980e-01 1.978180e-17
6.911765e-01 4.950980e-01 5.197287e-18
7.009804e-01 4.950980e-01 1.325083e-18
7.107843e-01 4.950980e-01 3.278420e-19
7.205882e-01 4.950980e-01 7.871210e-20
7.303922e-01 4.950980e-01 1.833892e-20
7.401961e-01 4.950980e-01 4.146305e-21
7.500000e-01 4.950980e-01 9.097123e-22
7.598039e-01 4.950980e-01 1.936878e-22
7.696078e-01 4.950980e-01 4.001802e-23
7.794118e-01 4.950980e-01 8.023508e-24
7.892157e-01 4.950980e-01 1.561091e-24
7.990196e-01 4.950980e-01 2.947458e-25
8.088235e-01 4.950980e-01 5.400355e-26
8.186275e-01 4.950980e-01 9.601790e-27
8.284314e-01 4.950980e-01 1.656676e-27
8.382353e-01 4.950980e-01 2.773818e-28
8.480392e-01 4.950980e-01 4.506858e-29
8.578431e-01 4.950980e-01 7.105996e-30
8.676471e-01 4.950980e-01 1.087255e-30
8.774510e-01 4.950980e-01 1.614333e-31
8.872549e-01 4.950980e-01 2.326003e-32
8.970588e-01 4.950980e-01 3.252240e-33
9.068627e-01 4.950980e-01 4.412760e-34
9.166667e-01 4.950980e-01 5.810229e-35
9.264706e-01 4.950980e-01 7.423889e-36
9.362745e-01 4.950980e-01 9.205027e-37
9.460784e-01 4.950980e-01 1.107577e-37
9.558824e-01 4.950980e-01 1.293237e-38
9.656863e-01 4.950980e-01 1.465337e-39
9.754902e-01 4.950980e-01 1.611211e-40
9.852941e-01 4.950980e-01 1.719184e-41
9.950980e-01 4.950980e-01 1.467775e-08
4.901961e-03 5.049020e-01 7.992501e-42
1.470588e-02 5.049020e-01 6.823698e-09
2.450980e-02 5.049020e-01 1.382198e-08
3.431373e-02 5.049020e-01 2.716914e-08
4.411765e-02 5.049020e-01 5.182470e-08
5.392157e-02 5.049020e-01 9.592971e-08
6.372549e-02 5.049020e-01 1.723156e-07
7.352941e-02 5.049020e-01 3.003666e-07
8.333333e-02 5.049020e-01 5.080820e-07
9.313725e-02 5.049020e-01 8.340101e-07
1.029412e-01 5.049020e-01 1.328508e-06
1.127451e-01 5.049020e-01 2.053583e-06
1.225490e-01 5.049020e-01 3.080460e-06
1.323529e-01 5.049020e-01 4.484090e-06
1.421569e-01 5.049020e-01 6.334150e-06
1.519608e-01 5.049020e-01 8.682757e-06
1.617647e-01 5.049020e-01 1.155001e-05
1.715686e-01 5.049020e-01 1.490947e-05
1.813725e-01 5.049020e-01 1.867658e-05
1.911765e-01 5.049020e-01 2.270325e-05
2.009804e-01 5.049020e-01 2.678143e-05
2.107843e-01 5.049020e-01 3.065737e-05
2.205882e-01 5.049020e-01 3.405582e-05
2.303922e-01 5.049020e-01 3.671158e-05
2.401961e-01 5.049020e-01 3.840344e-05
2.500000e-01 5.049020e-01 3.898455e-05
2.598039e-01 5.049020e-01 3.840344e-05
2.696078e-01 5.049020e-01 3.671158e-05
2.794118e-01 5.049020e-01 3.405582e-05
2.892157e-01 5.049020e-01 3.065737e-05
2.990196e-01 5.049020e-01 2.678143e-05
3.088235e-01 5.049020e-01 2.270325e-05
3.186275e-01 5.049020e-01 1.867658e-05
3.284314e-01 5.049020e-01 1.490947e-05
3.382353e-01 5.049020e-01 1.155001e-05
3.480392e-01 5.049020e-01 8.682757e-06
3.578431e-01 5.049020e-01 6.334150e-06
3.676471e-01 5.049020e-01 4.484090e-06
3.774510e-01 5.049020e-01 3.080460e-06
3.872549e-01 5.049020e-01 2.053583e-06
3.970588e-01 5.049020e-01 1.328508e-06
4.068627e-01 5.049020e-01 8.340101e-07
4.166667e-01 5.049020e-01 5.080820e-07
4.264706e-01 5.049020e-01 3.003666e-07
4.362745e-01 5.049020e-01 1.723156e-07
4.460784e-01 5.049020e-01 9.592971e-08
4.558824e-01 5.049020e-01 5.182470e-08
4.656863e-01 5.049020e-01 2.716914e-08
4.754902e-01 5.049020e-01 1.382198e-08
4.852941e-01 5.049020e-01 6.823698e-09
4.950980e-01 5.049020e-01 3.269074e-09
5.049020e-01 5.049020e-01 1.519795e-09
5.147059e-01 5.049020e-01 6.856469e-10
5.245098e-01 5.049020e-01 3.001728e-10
5.343137e-01 5.049020e-01 1.275256e-10
5.441176e-01 5.049020e-01 5.257496e-11
5.539216e-01 5.049020e-01 2.103370e-11
5.637255e-01 5.049020e-01 8.165969e-12
5.735294e-01 5.049020e-01 3.076487e-12
5.833333e-01 5.049020e-01 1.124754e-12
5.931373e-01 5.049020e-01 3.990393e-13
6.029412e-01 5.049020e-01 1.373817e-13
6.127451e-01 5.049020e-01 4.589840e-14
6.225490e-01 5.049020e-01 1.488063e-14
6.323529e-01 5.049020e-01 4.681667e-15
6.421569e-01 5.049020e-01 1.429338e-15
6.519608e-01 5.049020e-01 4.234721e-16
6.617647e-01 5.049020e-01 1.217503e-16
6.715686e-01 5.049020e-01 3.396802e-17
6.813725e-01 5.049020e-01 9.196572e-18
6.911765e-01 5.049020e-01 2.416223e-18
7.009804e-01 5.049020e-01 6.160320e-19
7.107843e-01 5.049020e-01 1.524140e-19
7.205882e-01 5.049020e-01 3.659332e-20
7.303922e-01 5.049020e-01 8.525777e-21
7.401961e-01 5.049020e-01 1.927620e-21
7.500000e-01 5.049020e-01 4.229259e-22
7.598039e-01 5.049020e-01 9.004558e-23
7.696078e-01 5.049020e-01 1.860441e-23
7.794118e-01 5.049020e-01 3.730135e-24
7.892157e-01 5.049020e-01 7.257525e-25
7.990196e-01 5.049020e-01 1.370275e-25
8.088235e-01 5.049020e-01 2.510629e-26
8.186275e-01 5.049020e-01 4.463879e-27
8.284314e-01 5.049020e-01 7.701897e-28
8.382353e-01 5.049020e-01 1.289550e-28
8.480392e-01 5.049020e-01 2.095241e-29
8.578431e-01 5.049020e-01 3.303583e-30
8.676471e-01 5.049020e-01 5.054657e-31
8.774510e-01 5.049020e-01 7.505047e-32
8.872549e-01 5.049020e-01 1.081360e-32
8.970588e-01 5.049020e-01 1.511969e-33
9.068627e-01 5.049020e-01 2.051495e-34
9.166667e-01 5.049020e-01 2.701180e-35
9.264706e-01 5.049020e-01 3.451372e-36
9.362745e-01 5.049020e-01 4.279424e-37
9.460784e-01 5.049020e-01 5.149134e-38
9.558824e-01 5.049020e-01 6.012268e-39
9.656863e-01 5.049020e-01 6.812364e-40
9.754902e-01 5.049020e-01 7.490531e-41
9.852941e-01 5.049020e-01 7.992501e-42
9.950980e-01 5.049020e-01 6.823698e-09
4.901961e-03 5.147059e-01 3.605772e-42
1.470588e-02 5.147059e-01 3.078473e-09
2.450980e-02 5.147059e-01 6.235707e-09
3.431373e-02 5.147059e-01 1.225720e-08
4.411765e-02 5.147059e-01 2.338042e-08
5.392157e-02 5.147059e-01 4.327815e-08
6.372549e-02 5.147059e-01 7.773923e-08
7.352941e-02 5.147059e-01 1.355087e-07
8.333333e-02 5.147059e-01 2.292183e-07
9.313725e-02 5.147059e-01 3.762589e-07
1.029412e-01 5.147059e-01 5.993488e-07
1.127451e-01 5.147059e-01 9.264622e-07
1.225490e-01 5.147059e-01 1.389732e-06
1.323529e-01 5.147059e-01 2.022972e-06
1.421569e-01 5.147059e-01 2.857616e-06
1.519608e-01 5.147059e-01 3.917177e-06
1.617647e-01 5.147059e-01 5.210721e-06
1.715686e-01 5.147059e-01 6.726323e-06
1.813725e-01 5.147059e-01 8.425835e-06
1.911765e-01 5.147059e-01 1.024244e-05
2.009804e-01 5.147059e-01 1.208229e-05
2.107843e-01 5.147059e-01 1.383090e-05
2.205882e-01 5.147059e-01 1.536409e-05
2.303922e-01 5.147059e-01 1.656222e-05
2.401961e-01 5.147059e-01 1.732550e-05
2.500000e-01 5.147059e-01 1.758766e-05
2.598039e-01 5.147059e-01 1.732550e-05
2.696078e-01 5.147059e-01 1.656222e-05
2.794118e-01 5.147059e-01 1.536409e-05
2.892157e-01 5.147059e-01 1.383090e-05
2.990196e-01 5.147059e-01 1.208229e-05
3.088235e-01 5.147059e-01 1.024244e-05
3.186275e-01 5.147059e-01 8.425835e-06
3.284314e-01 5.147059e-01 6.726323e-06
3.382353e-01 5.147059e-01 5.210721e-06
3.480392e-01 5.147059e-01 3.917177e-06
3.578431e-01 5.147059e-01 2.857616e-06
3.676471e-01 5.147059e-01 2.022972e-06
3.774510e-01 5.147059e-01 1.389732e-06
3.872549e-01 5.147059e-01 9.264622e-07
3.970588e-01 5.147059e-01 5.993488e-07
4.068627e-01 5.147059e-01 3.762589e-07
4.166667e-01 5.147059e-01 2.292183e-07
4.264706e-01 5.147059e-01 1.355087e-07
4.362745e-01 5.147059e-01 7.773923e-08
4.460784e-01 5.147059e-01 4.327815e-08
4.558824e-01 5.147059e-01 2.338042e-08
4.656863e-01 5.147059e-01 1.225720e-08
4.754902e-01 5.147059e-01 6.235707e-09
4.852941e-01 5.147059e-01 3.078473e-09
4.950980e-01 5.147059e-01 1.474824e-09
5.049020e-01 5.147059e-01 6.856469e-10
5.147059e-01 5.147059e-01 3.093257e-10
5.245098e-01 5.147059e-01 1.354213e-10
5.343137e-01 5.147059e-01 5.753247e-11
5.441176e-01 5.147059e-01 2.371889e-11
5.539216e-01 5.147059e-01 9.489235e-12
5.637255e-01 5.147059e-01 3.684031e-12
5.735294e-01 5.147059e-01 1.387940e-12
5.833333e-01 5.147059e-01 5.074266e-13
5.931373e-01 5.147059e-01 1.800243e-13
6.029412e-01 5.147059e-01 6.197899e-14
6.127451e-01 5.147059e-01 2.070680e-14
6.225490e-01 5.147059e-01 6.713313e-15
6.323529e-01 5.147059e-01 2.112108e-15
6.421569e-01 5.147059e-01 6.448379e-16
6.519608e-01 5.147059e-01 1.910471e-16
6.617647e-01 5.147059e-01 5.492694e-17
6.715686e-01 5.147059e-01 1.532448e-17
6.813725e-01 5.147059e-01 4.148982e-18
6.911765e-01 5.147059e-01 1.090065e-18
7.009804e-01 5.147059e-01 2.779194e-19
7.107843e-01 5.147059e-01 6.876072e-20
7.205882e-01 5.147059e-01 1.650887e-20
7.303922e-01 5.147059e-01 3.846356e-21
7.401961e-01 5.147059e-01 8.696350e-22
7.500000e-01 5.147059e-01 1.908006e-22
7.598039e-01 5.147059e-01 4.062356e-23
7.696078e-01 5.147059e-01 8.393273e-24
7.794118e-01 5.147059e-01 1.682829e-24
7.892157e-01 5.147059e-01 3.274192e-25
7.990196e-01 5.147059e-01 6.181921e-26
8.088235e-01 5.147059e-01 1.132656e-26
8.186275e-01 5.147059e-01 2.013854e-27
8.284314e-01 5.147059e-01 3.474667e-28
8.382353e-01 5.147059e-01 5.817733e-29
8.480392e-01 5.147059e-01 9.452563e-30
8.578431e-01 5.147059e-01 1.490393e-30
8.676471e-01 5.147059e-01 2.280380e-31
8.774510e-01 5.147059e-01 3.385860e-32
8.872549e-01 5.147059e-01 4.878497e-33
8.970588e-01 5.147059e-01 6.821162e-34
9.068627e-01 5.147059e-01 9.255205e-35
9.166667e-01 5.147059e-01 1.218622e-35
9.264706e-01 5.147059e-01 1.557067e-36
9.362745e-01 5.147059e-01 1.930638e-37
9.460784e-01 5.147059e-01 2.323003e-38
9.558824e-01 5.147059e-01 2.712401e-39
9.656863e-01 5.147059e-01 3.073360e-40
9.754902e-01 5.147059e-01 3.379311e-41
9.852941e-01 5.147059e-01 3.605772e-42
9.950980e-01 5.147059e-01 3.078473e-09
4.901961e-03 5.245098e-01 1.578589e-42
1.470588e-02 5.245098e-01 1.347740e-09
2.450980e-02 5.245098e-01 2.729962e-09
3.431373e-02 5.245098e-01 5.366143e-09
4.411765e-02 5.245098e-01 1.023583e-08
5.392157e-02 5.245098e-01 1.894696e-08
6.372549e-02 5.245098e-01 3.403385e-08
7.352941e-02 5.245098e-01 5.932503e-08
8.333333e-02 5.245098e-01 1.003506e-07
9.313725e-02 5.245098e-01 1.647243e-07
1.029412e-01 5.245098e-01 2.623919e-07
1.127451e-01 5.245098e-01 4.056006e-07
1.225490e-01 5.245098e-01 6.084179e-07
1.323529e-01 5.245098e-01 8.856471e-07
1.421569e-01 5.245098e-01 1.251050e-06
1.519608e-01 5.245098e-01 1.714921e-06
1.617647e-01 5.245098e-01 2.281228e-06
1.715686e-01 5.245098e-01 2.944751e-06
1.813725e-01 5.245098e-01 3.688789e-06
1.911765e-01 5.245098e-01 4.484090e-06
2.009804e-01 5.245098e-01 5.289567e-06
2.107843e-01 5.245098e-01 6.055099e-06
2.205882e-01 5.245098e-01 6.726323e-06
2.303922e-01 5.245098e-01 7.250859e-06
2.401961e-01 5.245098e-01 7.585016e-06
2.500000e-01 5.245098e-01 7.699789e-06
2.598039e-01 5.245098e-01 7.585016e-06
2.696078e-01 5.245098e-01 7.250859e-06
2.794118e-01 5.245098e-01 6.726323e-06
2.892157e-01 5.245098e-01 6.055099e-06
2.990196e-01 5.245098e-01 5.289567e-06
3.088235e-01 5.245098e-01 4.484090e-06
3.186275e-01 5.245098e-01 3.688789e-06
3.284314e-01 5.245098e-01 2.944751e-06
3.382353e-01 5.245098e-01 2.281228e-06
3.480392e-01 5.245098e-01 1.714921e-06
3.578431e-01 5.245098e-01 1.251050e-06
3.676471e-01 5.245098e-01 8.856471e-07
3.774510e-01 5.245098e-01 6.084179e-07
3.872549e-01 5.245098e-01 4.056006e-07
3.970588e-01 5.245098e-01 2.623919e-07
4.068627e-01 5.245098e-01 1.647243e-07
4.166667e-01 5.245098e-01 1.003506e-07
4.264706e-01 5.245098e-01 5.932503e-08
4.362745e-01 5.245098e-01 3.403385e-08
4.460784e-01 5.245098e-01 1.894696e-08
4.558824e-01 5.245098e-01 1.023583e-08
4.656863e-01 5.245098e-01 5.366143e-09
4.754902e-01 5.245098e-01 2.729962e-09
4.852941e-01 5.245098e-01 1.347740e-09
4.950980e-01 5.245098e-01 6.456707e-10
5.049020e-01 5.245098e-01 3.001728e-10
5.147059e-01 5.245098e-01 1.354213e-10
5.245098e-01 5.245098e-01 5.928676e-11
5.343137e-01 5.245098e-01 2.518743e-11
5.441176e-01 5.245098e-01 1.038401e-11
5.539216e-01 5.245098e-01 4.154340e-12
5.637255e-01 5.245098e-01 1.612850e-12
5.735294e-01 5.245098e-01 6.076331e-13
5.833333e-01 5.245098e-01 2.221489e-13
5.931373e-01 5.245098e-01 7.881376e-14
6.029412e-01 5.245098e-01 2.713409e-14
6.127451e-01 5.245098e-01 9.065336e-15
6.225490e-01 5.245098e-01 2.939055e-15
6.323529e-01 5.245098e-01 9.246703e-16
6.421569e-01 5.245098e-01 2.823068e-16
6.519608e-01 5.245098e-01 8.363945e-17
6.617647e-01 5.245098e-01 2.404674e-17
6.715686e-01 5.245098e-01 6.708982e-18
6.813725e-01 5.245098e-01 1.816404e-18
6.911765e-01 5.245098e-01 4.772252e-19
7.009804e-01 5.245098e-01 1.216717e-19
7.107843e-01 5.245098e-01 3.010310e-20
7.205882e-01 5.245098e-01 7.227500e-21
7.303922e-01 5.245098e-01 1.683916e-21
7.401961e-01 5.245098e-01 3.807219e-22
7.500000e-01 5.245098e-01 8.353157e-23
7.598039e-01 5.245098e-01 1.778479e-23
7.696078e-01 5.245098e-01 3.674533e-24
7.794118e-01 5.245098e-01 7.367343e-25
7.892157e-01 5.245098e-01 1.433425e-25
7.990196e-01 5.245098e-01 2.706414e-26
8.088235e-01 5.245098e-01 4.958712e-27
8.186275e-01 5.245098e-01 8.816553e-28
8.284314e-01 5.245098e-01 1.521192e-28
8.382353e-01 5.245098e-01 2.546974e-29
8.480392e-01 5.245098e-01 4.138285e-30
8.578431e-01 5.245098e-01 6.524866e-31
8.676471e-01 5.245098e-01 9.983390e-32
8.774510e-01 5.245098e-01 1.482313e-32
8.872549e-01 5.245098e-01 2.135782e-33
8.970588e-01 5.245098e-01 2.986271e-34
9.068627e-01 5.245098e-01 4.051883e-35
9.166667e-01 5.245098e-01 5.335066e-36
9.264706e-01 5.245098e-01 6.816761e-37
9.362745e-01 5.245098e-01 8.452237e-38
9.460784e-01 5.245098e-01 1.016999e-38
9.558824e-01 5.245098e-01 1.187476e-39
9.656863e-01 5.245098e-01 1.345502e-40
9.754902e-01 5.245098e-01 1.479446e-41
9.852941e-01 5.245098e-01 1.578589e-42
9.950980e-01 5.245098e-01 1.347740e-09
4.901961e-03 5.343137e-01 6.706489e-43
1.470588e-02 5.343137e-01 5.725749e-10
2.450980e-02 5.343137e-01 1.159799e-09
3.431373e-02 5.343137e-01 2.279756e-09
4.411765e-02 5.343137e-01 4.348599e-09
5.392157e-02 5.343137e-01 8.049439e-09
6.372549e-02 5.343137e-01 1.445897e-08
7.352941e-02 5.343137e-01 2.520369e-08
8.333333e-02 5.343137e-01 4.263304e-08
9.313725e-02 5.343137e-01 6.998159e-08
1.029412e-01 5.343137e-01 1.114748e-07
1.127451e-01 5.343137e-01 1.723156e-07
1.225490e-01 5.343137e-01 2.584807e-07
1.323529e-01 5.343137e-01 3.762589e-07
1.421569e-01 5.343137e-01 5.314970e-07
1.519608e-01 5.343137e-01 7.285681e-07
1.617647e-01 5.343137e-01 9.691584e-07
1.715686e-01 5.343137e-01 1.251050e-06
1.813725e-01 5.343137e-01 1.567148e-06
1.911765e-01 5.343137e-01 1.905024e-06
2.009804e-01 5.343137e-01 2.247224e-06
2.107843e-01 5.343137e-01 2.572453e-06
2.205882e-01 5.343137e-01 2.857616e-06
2.303922e-01 5.343137e-01 3.080460e-06
2.401961e-01 5.343137e-01 3.222424e-06
2.500000e-01 5.343137e-01 3.271184e-06
2.598039e-01 5.343137e-01 3.222424e-06
2.696078e-01 5.343137e-01 3.080460e-06
2.794118e-01 5.343137e-01 2.857616e-06
2.892157e-01 5.343137e-01 2.572453e-06
2.990196e-01 5.343137e-01 2.247224e-06
3.088235e-01 5.343137e-01 1.905024e-06
3.186275e-01 5.343137e-01 1.567148e-06
3.284314e-01 5.343137e-01 1.251050e-06
3.382353e-01 5.343137e-01 9.691584e-07
3.480392e-01 5.343137e-01 7.285681e-07
3.578431e-01 5.343137e-01 5.314970e-07
3.676471e-01 5.343137e-01 3.762589e-07
3.774510e-01 5.343137e-01 2.584807e-07
3.872549e-01 5.343137e-01 1.723156e-07
3.970588e-01 5.343137e-01 1.114748e-07
4.068627e-01 5.343137e-01 6.998159e-08
4.166667e-01 5.343137e-01 4.263304e-08
4.264706e-01 5.343137e-01 2.520369e-08
4.362745e-01 5.343137e-01 1.445897e-08
4.460784e-01 5.343137e-01 8.049439e-09
4.558824e-01 5.343137e-01 4.348599e-09
4.656863e-01 5.343137e-01 2.279756e-09
4.754902e-01 5.343137e-01 1.159799e-09
4.852941e-01 5.343137e-01 5.725749e-10
4.950980e-01 5.343137e-01 2.743072e-10
5.049020e-01 5.343137e-01 1.275256e-10
5.147059e-01 5.343137e-01 5.753247e-11
5.245098e-01 5.343137e-01 2.518743e-11
5.343137e-01 5.343137e-01 1.070065e-11
5.441176e-01 5.343137e-01 4.411552e-12
5.539216e-01 5.343137e-01 1.764933e-12
5.637255e-01 5.343137e-01 6.852045e-13
5.735294e-01 5.343137e-01 2.581473e-13
5.833333e-01 5.343137e-01 9.437788e-14
5.931373e-01 5.343137e-01 3.348330e-14
6.029412e-01 5.343137e-01 1.152767e-14
6.127451e-01 5.343137e-01 3.851324e-15
6.225490e-01 5.343137e-01 1.248630e-15
6.323529e-01 5.343137e-01 3.928376e-16
6.421569e-01 5.343137e-01 1.199354e-16
6.519608e-01 5.343137e-01 3.553345e-17
6.617647e-01 5.343137e-01 1.021604e-17
6.715686e-01 5.343137e-01 2.850249e-18
6.813725e-01 5.343137e-01 7.716822e-19
6.911765e-01 5.343137e-01 2.027447e-19
7.009804e-01 5.343137e-01 5.169110e-20
7.107843e-01 5.343137e-01 1.278902e-20
7.205882e-01 5.343137e-01 3.070537e-21
7.303922e-01 5.343137e-01 7.153959e-22
7.401961e-01 5.343137e-01 1.617462e-22
7.500000e-01 5.343137e-01 3.548761e-23
7.598039e-01 5.343137e-01 7.555704e-24
7.696078e-01 5.343137e-01 1.561091e-24
7.794118e-01 5.343137e-01 3.129947e-25
7.892157e-01 5.343137e-01 6.089773e-26
7.990196e-01 5.343137e-01 1.149795e-26
8.088235e-01 5.343137e-01 2.106663e-27
8.186275e-01 5.343137e-01 3.745631e-28
8.284314e-01 5.343137e-01 6.462643e-29
8.382353e-01 5.343137e-01 1.082058e-29
8.480392e-01 5.343137e-01 1.758112e-30
8.578431e-01 5.343137e-01 2.772029e-31
8.676471e-01 5.343137e-01 4.241351e-32
8.774510e-01 5.343137e-01 6.297467e-33
8.872549e-01 5.343137e-01 9.073670e-34
8.970588e-01 5.343137e-01 1.268689e-34
9.068627e-01 5.343137e-01 1.721405e-35
9.166667e-01 5.343137e-01 2.266553e-36
9.264706e-01 5.343137e-01 2.896038e-37
9.362745e-01 5.343137e-01 3.590855e-38
9.460784e-01 5.343137e-01 4.320626e-39
9.558824e-01 5.343137e-01 5.044880e-40
9.656863e-01 5.343137e-01 5.716239e-41
9.754902e-01 5.343137e-01 6.285287e-42
9.852941e-01 5.343137e-01 6.706489e-43
9.950980e-01 5.343137e-01 5.725749e-10
4.901961e-03 5.441176e-01 2.764882e-43
1.470588e-02 5.441176e-01 2.360553e-10
2.450980e-02 5.441176e-01 4.781500e-10
3.431373e-02 5.441176e-01 9.398744e-10
4.411765e-02 5.441176e-01 1.792796e-09
5.392157e-02 5.441176e-01 3.318540e-09
6.372549e-02 5.441176e-01 5.960994e-09
7.352941e-02 5.441176e-01 1.039072e-08
8.333333e-02 5.441176e-01 1.757631e-08
9.313725e-02 5.441176e-01 2.885129e-08
1.029412e-01 5.441176e-01 4.595767e-08
1.127451e-01 5.441176e-01 7.104052e-08
1.225490e-01 5.441176e-01 1.065638e-07
1.323529e-01 5.441176e-01 1.551202e-07
1.421569e-01 5.441176e-01 2.191201e-07
1.519608e-01 5.441176e-01 3.003666e-07
1.617647e-01 5.441176e-01 3.995547e-07
1.715686e-01 5.441176e-01 5.157701e-07
1.813725e-01 5.441176e-01 6.460875e-07
1.911765e-01 5.441176e-01 7.853837e-07
2.009804e-01 5.441176e-01 9.264622e-07
2.107843e-01 5.441176e-01 1.060544e-06
2.205882e-01 5.441176e-01 1.178109e-06
2.303922e-01 5.441176e-01 1.269980e-06
2.401961e-01 5.441176e-01 1.328508e-06
2.500000e-01 5.441176e-01 1.348610e-06
2.598039e-01 5.441176e-01 1.328508e-06
2.696078e-01 5.441176e-01 1.269980e-06
2.794118e-01 5.441176e-01 1.178109e-06
2.892157e-01 5.441176e-01 1.060544e-06
2.990196e-01 5.441176e-01 9.264622e-07
3.088235e-01 5.441176e-01 7.853837e-07
3.186275e-01 5.441176e-01 6.460875e-07
3.284314e-01 5.441176e-01 5.157701e-07
3.382353e-01 5.441176e-01 3.995547e-07
3.480392e-01 5.441176e-01 3.003666e-07
3.578431e-01 5.441176e-01 2.191201e-07
3.676471e-01 5.441176e-01 1.551202e-07
3.774510e-01 5.441176e-01 1.065638e-07
3.872549e-01 5.441176e-01 7.104052e-08
3.970588e-01 5.441176e-01 4.595767e-08
4.068627e-01 5.441176e-01 2.885129e-08
4.166667e-01 5.441176e-01 1.757631e-08
4.264706e-01 5.441176e-01 1.039072e-08
4.362745e-01 5.441176e-01 5.960994e-09
4.460784e-01 5.441176e-01 3.318540e-09
4.558824e-01 5.441176e-01 1.792796e-09
4.656863e-01 5.441176e-01 9.398744e-10
4.754902e-01 5.441176e-01 4.781500e-10
4.852941e-01 5.441176e-01 2.360553e-10
4.950980e-01 5.441176e-01 1.130886e-10
5.049020e-01 5.441176e-01 5.257496e-11
5.147059e-01 5.441176e-01 2.371889e-11
5.245098e-01 5.441176e-01 1.038401e-11
5.343137e-01 5.441176e-01 4.411552e-12
5.441176e-01 5.441176e-01 1.818749e-12
5.539216e-01 5.441176e-01 7.276284e-13
5.637255e-01 5.441176e-01 2.824891e-13
5.735294e-01 5.441176e-01 1.064263e-13
5.833333e-01 5.441176e-01 3.890914e-14
5.931373e-01 5.441176e-01 1.380415e-14
6.029412e-01 5.441176e-01 4.752509e-15
6.127451e-01 5.441176e-01 1.587784e-15
6.225490e-01 5.441176e-01 5.147725e-16
6.323529e-01 5.441176e-01 1.619551e-16
6.421569e-01 5.441176e-01 4.944575e-17
6.519608e-01 5.441176e-01 1.464936e-17
6.617647e-01 5.441176e-01 4.211762e-18
6.715686e-01 5.441176e-01 1.175071e-18
6.813725e-01 5.441176e-01 3.181412e-19
6.911765e-01 5.441176e-01 8.358549e-20
7.009804e-01 5.441176e-01 2.131068e-20
7.107843e-01 5.441176e-01 5.272527e-21
7.205882e-01 5.441176e-01 1.265889e-21
7.303922e-01 5.441176e-01 2.949361e-22
7.401961e-01 5.441176e-01 6.668305e-23
7.500000e-01 5.441176e-01 1.463047e-23
7.598039e-01 5.441176e-01 3.114988e-24
7.696078e-01 5.441176e-01 6.435907e-25
7.794118e-01 5.441176e-01 1.290383e-25
7.892157e-01 5.441176e-01 2.510629e-26
7.990196e-01 5.441176e-01 4.740256e-27
8.088235e-01 5.441176e-01 8.685133e-28
8.186275e-01 5.441176e-01 1.544210e-28
8.284314e-01 5.441176e-01 2.664352e-29
8.382353e-01 5.441176e-01 4.461000e-30
8.480392e-01 5.441176e-01 7.248164e-31
8.578431e-01 5.441176e-01 1.142824e-31
8.676471e-01 5.441176e-01 1.748580e-32
8.774510e-01 5.441176e-01 2.596255e-33
8.872549e-01 5.441176e-01 3.740799e-34
8.970588e-01 5.441176e-01 5.230423e-35
9.068627e-01 5.441176e-01 7.096831e-36
9.166667e-01 5.441176e-01 9.344314e-37
9.264706e-01 5.441176e-01 1.193949e-37
9.362745e-01 5.441176e-01 1.480401e-38
9.460784e-01 5.441176e-01 1.781263e-39
9.558824e-01 5.441176e-01 2.079851e-40
9.656863e-01 5.441176e-01 2.356632e-41
9.754902e-01 5.441176e-01 2.591234e-42
9.852941e-01 5.441176e-01 2.764882e-43
9.950980e-01 5.441176e-01 2.360553e-10
4.901961e-03 5.539216e-01 1.106148e-43
1.470588e-02 5.539216e-01 9.443881e-11
2.450980e-02 5.539216e-01 1.912938e-10
3.431373e-02 5.539216e-01 3.760162e-10
4.411765e-02 5.539216e-01 7.172450e-10
5.392157e-02 5.539216e-01 1.327651e-09
6.372549e-02 5.539216e-01 2.384819e-09
7.352941e-02 5.539216e-01 4.157022e-09
8.333333e-02 5.539216e-01 7.031767e-09
9.313725e-02 5.539216e-01 1.154256e-08
1.029412e-01 5.539216e-01 1.838632e-08
1.127451e-01 5.539216e-01 2.842123e-08
1.225490e-01 5.539216e-01 4.263304e-08
1.323529e-01 5.539216e-01 6.205903e-08
1.421569e-01 5.539216e-01 8.766354e-08
1.519608e-01 5.539216e-01 1.201679e-07
1.617647e-01 5.539216e-01 1.598501e-07
1.715686e-01 5.539216e-01 2.063445e-07
1.813725e-01 5.539216e-01 2.584807e-07
1.911765e-01 5.539216e-01 3.142090e-07
2.009804e-01 5.539216e-01 3.706504e-07
2.107843e-01 5.539216e-01 4.242927e-07
2.205882e-01 5.539216e-01 4.713267e-07
2.303922e-01 5.539216e-01 5.080820e-07
2.401961e-01 5.539216e-01 5.314970e-07
2.500000e-01 5.539216e-01 5.395394e-07
2.598039e-01 5.539216e-01 5.314970e-07
2.696078e-01 5.539216e-01 5.080820e-07
2.794118e-01 5.539216e-01 4.713267e-07
2.892157e-01 5.539216e-01 4.242927e-07
2.990196e-01 5.539216e-01 3.706504e-07
3.088235e-01 5.539216e-01 3.142090e-07
3.186275e-01 5.539216e-01 2.584807e-07
3.284314e-01 5.539216e-01 2.063445e-07
3.382353e-01 5.539216e-01 1.598501e-07
3.480392e-01 5.539216e-01 1.201679e-07
3.578431e-01 5.539216e-01 8.766354e-08
3.676471e-01 5.539216e-01 6.205903e-08
3.774510e-01 5.539216e-01 4.263304e-08
3.872549e-01 5.539216e-01 2.842123e-08
3.970588e-01 5.539216e-01 1.838632e-08
4.068627e-01 5.539216e-01 1.154256e-08
4.166667e-01 5.539216e-01 7.031767e-09
4.264706e-01 5.539216e-01 4.157022e-09
4.362745e-01 5.539216e-01 2.384819e-09
4.460784e-01 5.539216e-01 1.327651e-09
4.558824e-01 5.539216e-01 7.172450e-10
4.656863e-01 5.539216e-01 3.760162e-10
4.754902e-01 5.539216e-01 1.912938e-10
4.852941e-01 5.539216e-01 9.443881e-11
4.950980e-01 5.539216e-01 4.524342e-11
5.049020e-01 5.539216e-01 2.103370e-11
5.147059e-01 5.539216e-01 9.489235e-12
5.245098e-01 5.539216e-01 4.154340e-12
5.343137e-01 5.539216e-01 1.764933e-12
5.441176e-01 5.539216e-01 7.276284e-13
5.539216e-01 5.539216e-01 2.911028e-13
5.637255e-01 5.539216e-01 1.130156e-13
5.735294e-01 5.539216e-01 4.257805e-14
5.833333e-01 5.539216e-01 1.556641e-14
5.931373e-01 5.539216e-01 5.522636e-15
6.029412e-01 5.539216e-01 1.901339e-15
6.127451e-01 5.539216e-01 6.352259e-16
6.225490e-01 5.539216e-01 2.059454e-16
6.323529e-01 5.539216e-01 6.479347e-17
6.421569e-01 5.539216e-01 1.978180e-17
6.519608e-01 5.539216e-01 5.860781e-18
6.617647e-01 5.539216e-01 1.685003e-18
6.715686e-01 5.539216e-01 4.701116e-19
6.813725e-01 5.539216e-01 1.272790e-19
6.911765e-01 5.539216e-01 3.344011e-20
7.009804e-01 5.539216e-01 8.525777e-21
7.107843e-01 5.539216e-01 2.109384e-21
7.205882e-01 5.539216e-01 5.064452e-22
7.303922e-01 5.539216e-01 1.179953e-22
7.401961e-01 5.539216e-01 2.667793e-23
7.500000e-01 5.539216e-01 5.853222e-24
7.598039e-01 5.539216e-01 1.246215e-24
7.696078e-01 5.539216e-01 2.574818e-25
7.794118e-01 5.539216e-01 5.162443e-26
7.892157e-01 5.539216e-01 1.004429e-26
7.990196e-01 5.539216e-01 1.896438e-27
8.088235e-01 5.539216e-01 3.474667e-28
8.186275e-01 5.539216e-01 6.177932e-29
8.284314e-01 5.539216e-01 1.065929e-29
8.382353e-01 5.539216e-01 1.784715e-30
8.480392e-01 5.539216e-01 2.899778e-31
8.578431e-01 5.539216e-01 4.572102e-32
8.676471e-01 5.539216e-01 6.995558e-33
8.774510e-01 5.539216e-01 1.038686e-33
8.872549e-01 5.539216e-01 1.496584e-34
8.970588e-01 5.539216e-01 2.092539e-35
9.068627e-01 5.539216e-01 2.839234e-36
9.166667e-01 5.539216e-01 3.738386e-37
9.264706e-01 5.539216e-01 4.776639e-38
9.362745e-01 5.539216e-01 5.922649e-39
9.460784e-01 5.539216e-01 7.126313e-40
9.558824e-01 5.539216e-01 8.320876e-41
9.656863e-01 5.539216e-01 9.428195e-42
9.754902e-01 5.539216e-01 1.036677e-42
9.852941e-01 5.539216e-01 1.106148e-43
9.950980e-01 5.539216e-01 9.443881e-11
4.901961e-03 5.637255e-01 4.294429e-44
1.470588e-02 5.637255e-01 3.666423e-11
2.450980e-02 5.637255e-01 7.426650e-11
3.431373e-02 5.637255e-01 1.459818e-10
4.411765e-02 5.637255e-01 2.784579e-10
5.392157e-02 5.637255e-01 5.154373e-10
6.372549e-02 5.637255e-01 9.258646e-10
7.352941e-02 5.637255e-01 1.613892e-09
8.333333e-02 5.637255e-01 2.729962e-09
9.313725e-02 5.637255e-01 4.481197e-09
1.029412e-01 5.637255e-01 7.138169e-09
1.127451e-01 5.637255e-01 1.103405e-08
1.225490e-01 5.637255e-01 1.655154e-08
1.323529e-01 5.637255e-01 2.409334e-08
1.421569e-01 5.637255e-01 3.403385e-08
1.519608e-01 5.637255e-01 4.665309e-08
1.617647e-01 5.637255e-01 6.205903e-08
1.715686e-01 5.637255e-01 8.010967e-08
1.813725e-01 5.637255e-01 1.003506e-07
1.911765e-01 5.637255e-01 1.219862e-07
2.009804e-01 5.637255e-01 1.438986e-07
2.107843e-01 5.637255e-01 1.647243e-07
2.205882e-01 5.637255e-01 1.829844e-07
2.303922e-01 5.637255e-01 1.972540e-07
2.401961e-01 5.637255e-01 2.063445e-07
2.500000e-01 5.637255e-01 2.094668e-07
2.598039e-01 5.637255e-01 2.063445e-07
2.696078e-01 5.637255e-01 1.972540e-07
2.794118e-01 5.637255e-01 1.829844e-07
2.892157e-01 5.637255e-01 1.647243e-07
2.990196e-01 5.637255e-01 1.438986e-07
3.088235e-01 5.637255e-01 1.219862e-07
3.186275e-01 5.637255e-01 1.003506e-07
3.284314e-01 5.637255e-01 8.010967e-08
3.382353e-01 5.637255e-01 6.205903e-08
3.480392e-01 5.637255e-01 4.665309e-08
3.578431e-01 5.637255e-01 3.403385e-08
3.676471e-01 5.637255e-01 2.409334e-08
3.774510e-01 5.637255e-01 1.655154e-08
3.872549e-01 5.637255e-01 1.103405e-08
3.970588e-01 5.637255e-01 7.138169e-09
4.068627e-01 5.637255e-01 4.481197e-09
4.166667e-01 5.637255e-01 2.729962e-09
4.264706e-01 5.637255e-01 1.613892e-09
4.362745e-01 5.637255e-01 9.258646e-10
4.460784e-01 5.637255e-01 5.154373e-10
4.558824e-01 5.637255e-01 2.784579e-10
4.656863e-01 5.637255e-01 1.459818e-10
4.754902e-01 5.637255e-01 7.426650e-11
4.852941e-01 5.637255e-01 3.666423e-11
4.950980e-01 5.637255e-01 1.756497e-11
5.049020e-01 5.637255e-01 8.165969e-12
5.147059e-01 5.637255e-01 3.684031e-12
5.245098e-01 5.637255e-01 1.612850e-12
5.343137e-01 5.637255e-01 6.852045e-13
5.441176e-01 5.637255e-01 2.824891e-13
5.539216e-01 5.637255e-01 1.130156e-13
5.637255e-01 5.637255e-01 4.387635e-14
5.735294e-01 5.637255e-01 1.653019e-14
5.833333e-01 5.637255e-01 6.043388e-15
5.931373e-01 5.637255e-01 2.144067e-15
6.029412e-01 5.637255e-01 7.381620e-16
6.127451e-01 5.637255e-01 2.466154e-16
6.225490e-01 5.637255e-01 7.995473e-17
6.323529e-01 5.637255e-01 2.515494e-17
6.421569e-01 5.637255e-01 7.679939e-18
6.519608e-01 5.637255e-01 2.275347e-18
6.617647e-01 5.637255e-01 6.541731e-19
6.715686e-01 5.637255e-01 1.825127e-19
6.813725e-01 5.637255e-01 4.941385e-20
6.911765e-01 5.637255e-01 1.298254e-20
7.009804e-01 5.637255e-01 3.309985e-21
7.107843e-01 5.637255e-01 8.189316e-22
7.205882e-01 5.637255e-01 1.966186e-22
7.303922e-01 5.637255e-01 4.580962e-23
7.401961e-01 5.637255e-01 1.035724e-23
7.500000e-01 5.637255e-01 2.272412e-24
7.598039e-01 5.637255e-01 4.838215e-25
7.696078e-01 5.637255e-01 9.996284e-26
7.794118e-01 5.637255e-01 2.004229e-26
7.892157e-01 5.637255e-01 3.899521e-27
7.990196e-01 5.637255e-01 7.362590e-28
8.088235e-01 5.637255e-01 1.348979e-28
8.186275e-01 5.637255e-01 2.398475e-29
8.284314e-01 5.637255e-01 4.138285e-30
8.382353e-01 5.637255e-01 6.928847e-31
8.480392e-01 5.637255e-01 1.125789e-31
8.578431e-01 5.637255e-01 1.775039e-32
8.676471e-01 5.637255e-01 2.715904e-33
8.774510e-01 5.637255e-01 4.032517e-34
8.872549e-01 5.637255e-01 5.810229e-35
8.970588e-01 5.637255e-01 8.123919e-36
9.068627e-01 5.637255e-01 1.102283e-36
9.166667e-01 5.637255e-01 1.451364e-37
9.264706e-01 5.637255e-01 1.854447e-38
9.362745e-01 5.637255e-01 2.299366e-39
9.460784e-01 5.637255e-01 2.766667e-40
9.558824e-01 5.637255e-01 3.230436e-41
9.656863e-01 5.637255e-01 3.660333e-42
9.754902e-01 5.637255e-01 4.024717e-43
9.852941e-01 5.637255e-01 4.294429e-44
9.950980e-01 5.637255e-01 3.666423e-11
4.901961e-03 5.735294e-01 1.617904e-44
1.470588e-02 5.735294e-01 1.381306e-11
2.450980e-02 5.735294e-01 2.797952e-11
3.431373e-02 5.735294e-01 5.499788e-11
4.411765e-02 5.735294e-01 1.049076e-10
5.392157e-02 5.735294e-01 1.941884e-10
6.372549e-02 5.735294e-01 3.488147e-10
7.352941e-02 5.735294e-01 6.080254e-10
8.333333e-02 5.735294e-01 1.028499e-09
9.313725e-02 5.735294e-01 1.688268e-09
1.029412e-01 5.735294e-01 2.689269e-09
1.127451e-01 5.735294e-01 4.157022e-09
1.225490e-01 5.735294e-01 6.235707e-09
1.323529e-01 5.735294e-01 9.077044e-09
1.421569e-01 5.735294e-01 1.282208e-08
1.519608e-01 5.735294e-01 1.757631e-08
1.617647e-01 5.735294e-01 2.338042e-08
1.715686e-01 5.735294e-01 3.018091e-08
1.813725e-01 5.735294e-01 3.780659e-08
1.911765e-01 5.735294e-01 4.595767e-08
2.009804e-01 5.735294e-01 5.421305e-08
2.107843e-01 5.735294e-01 6.205903e-08
2.205882e-01 5.735294e-01 6.893844e-08
2.303922e-01 5.735294e-01 7.431444e-08
2.401961e-01 5.735294e-01 7.773923e-08
2.500000e-01 5.735294e-01 7.891555e-08
2.598039e-01 5.735294e-01 7.773923e-08
2.696078e-01 5.735294e-01 7.431444e-08
2.794118e-01 5.735294e-01 6.893844e-08
2.892157e-01 5.735294e-01 6.205903e-08
2.990196e-01 5.735294e-01 5.421305e-08
3.088235e-01 5.735294e-01 4.595767e-08
3.186275e-01 5.735294e-01 3.780659e-08
3.284314e-01 5.735294e-01 3.018091e-08
3.382353e-01 5.735294e-01 2.338042e-08
3.480392e-01 5.735294e-01 1.757631e-08
3.578431e-01 5.735294e-01 1.282208e-08
3.676471e-01 5.735294e-01 9.077044e-09
3.774510e-01 5.735294e-01 6.235707e-09
3.872549e-01 5.735294e-01 4.157022e-09
3.970588e-01 5.735294e-01 2.689269e-09
4.068627e-01 5.735294e-01 1.688268e-09
4.166667e-01 5.735294e-01 1.028499e-09
4.264706e-01 5.735294e-01 6.080254e-10
4.362745e-01 5.735294e-01 3.488147e-10
4.460784e-01 5.735294e-01 1.941884e-10
4.558824e-01 5.735294e-01 1.049076e-10
4.656863e-01 5.735294e-01 5.499788e-11
4.754902e-01 5.735294e-01 2.797952e-11
4.852941e-01 5.735294e-01 1.381306e-11
4.950980e-01 5.735294e-01 6.617513e-12
5.049020e-01 5.735294e-01 3.076487e-12
5.147059e-01 5.735294e-01 1.387940e-12
5.245098e-01 5.735294e-01 6.076331e-13
5.343137e-01 5.735294e-01 2.581473e-13
5.441176e-01 5.735294e-01 1.064263e-13
5.539216e-01 5.735294e-01 4.257805e-14
5.637255e-01 5.735294e-01 1.653019e-14
5.735294e-01 5.735294e-01 6.227664e-15
5.833333e-01 5.735294e-01 2.276815e-15
5.931373e-01 5.735294e-01 8.077664e-16
6.029412e-01 5.735294e-01 2.780988e-16
6.127451e-01 5.735294e-01 9.291110e-17
6.225490e-01 5.735294e-01 3.012253e-17
6.323529e-01 5.735294e-01 9.476995e-18
6.421569e-01 5.735294e-01 2.893378e-18
6.519608e-01 5.735294e-01 8.572252e-19
6.617647e-01 5.735294e-01 2.464563e-19
6.715686e-01 5.735294e-01 6.876072e-20
6.813725e-01 5.735294e-01 1.861642e-20
6.911765e-01 5.735294e-01 4.891106e-21
7.009804e-01 5.735294e-01 1.247020e-21
7.107843e-01 5.735294e-01 3.085283e-22
7.205882e-01 5.735294e-01 7.407503e-23
7.303922e-01 5.735294e-01 1.725854e-23
7.401961e-01 5.735294e-01 3.902039e-24
7.500000e-01 5.735294e-01 8.561195e-25
7.598039e-01 5.735294e-01 1.822773e-25
7.696078e-01 5.735294e-01 3.766049e-26
7.794118e-01 5.735294e-01 7.550829e-27
7.892157e-01 5.735294e-01 1.469125e-27
7.990196e-01 5.735294e-01 2.773818e-28
8.088235e-01 5.735294e-01 5.082210e-29
8.186275e-01 5.735294e-01 9.036132e-30
8.284314e-01 5.735294e-01 1.559078e-30
8.382353e-01 5.735294e-01 2.610408e-31
8.480392e-01 5.735294e-01 4.241351e-32
8.578431e-01 5.735294e-01 6.687370e-33
8.676471e-01 5.735294e-01 1.023203e-33
8.774510e-01 5.735294e-01 1.519230e-34
8.872549e-01 5.735294e-01 2.188974e-35
8.970588e-01 5.735294e-01 3.060645e-36
9.068627e-01 5.735294e-01 4.152796e-37
9.166667e-01 5.735294e-01 5.467938e-38
9.264706e-01 5.735294e-01 6.986535e-39
9.362745e-01 5.735294e-01 8.662743e-40
9.460784e-01 5.735294e-01 1.042328e-40
9.558824e-01 5.735294e-01 1.217050e-41
9.656863e-01 5.735294e-01 1.379012e-42
9.754902e-01 5.735294e-01 1.516292e-43
9.852941e-01 5.735294e-01 1.617904e-44
9.950980e-01 5.735294e-01 1.381306e-11
4.901961e-03 5.833333e-01 5.915010e-45
1.470588e-02 5.833333e-01 5.050014e-12
2.450980e-02 5.833333e-01 1.022923e-11
3.431373e-02 5.833333e-01 2.010706e-11
4.411765e-02 5.833333e-01 3.835391e-11
5.392157e-02 5.833333e-01 7.099469e-11
6.372549e-02 5.833333e-01 1.275256e-10
7.352941e-02 5.833333e-01 2.222923e-10
8.333333e-02 5.833333e-01 3.760162e-10
9.313725e-02 5.833333e-01 6.172258e-10
1.029412e-01 5.833333e-01 9.831886e-10
1.127451e-01 5.833333e-01 1.519795e-09
1.225490e-01 5.833333e-01 2.279756e-09
1.323529e-01 5.833333e-01 3.318540e-09
1.421569e-01 5.833333e-01 4.687714e-09
1.519608e-01 5.833333e-01 6.425847e-09
1.617647e-01 5.833333e-01 8.547813e-09
1.715686e-01 5.833333e-01 1.103405e-08
1.813725e-01 5.833333e-01 1.382198e-08
1.911765e-01 5.833333e-01 1.680199e-08
2.009804e-01 5.833333e-01 1.982013e-08
2.107843e-01 5.833333e-01 2.268860e-08
2.205882e-01 5.833333e-01 2.520369e-08
2.303922e-01 5.833333e-01 2.716914e-08
2.401961e-01 5.833333e-01 2.842123e-08
2.500000e-01 5.833333e-01 2.885129e-08
2.598039e-01 5.833333e-01 2.842123e-08
2.696078e-01 5.833333e-01 2.716914e-08
2.794118e-01 5.833333e-01 2.520369e-08
2.892157e-01 5.833333e-01 2.268860e-08
2.990196e-01 5.833333e-01 1.982013e-08
3.088235e-01 5.833333e-01 1.680199e-08
3.186275e-01 5.833333e-01 1.382198e-08
3.284314e-01 5.833333e-01 1.103405e-08
3.382353e-01 5.833333e-01 8.547813e-09
3.480392e-01 5.833333e-01 6.425847e-09
3.578431e-01 5.833333e-01 4.687714e-09
3.676471e-01 5.833333e-01 3.318540e-09
3.774510e-01 5.833333e-01 2.279756e-09
3.872549e-01 5.833333e-01 1.519795e-09
3.970588e-01 5.833333e-01 9.831886e-10
4.068627e-01 5.833333e-01 6.172258e-10
4.166667e-01 5.833333e-01 3.760162e-10
4.264706e-01 5.833333e-01 2.222923e-10
4.362745e-01 5.833333e-01 1.275256e-10
4.460784e-01 5.833333e-01 7.099469e-11
4.558824e-01 5.833333e-01 3.835391e-11
4.656863e-01 5.833333e-01 2.010706e-11
4.754902e-01 5.833333e-01 1.022923e-11
4.852941e-01 5.833333e-01 5.050014e-12
4.950980e-01 5.833333e-01 2.419343e-12
5.049020e-01 5.833333e-01 1.124754e-12
5.147059e-01 5.833333e-01 5.074266e-13
5.245098e-01 5.833333e-01 2.221489e-13
5.343137e-01 5.833333e-01 9.437788e-14
5.441176e-01 5.833333e-01 3.890914e-14
5.539216e-01 5.833333e-01 1.556641e-14
5.637255e-01 5.833333e-01 6.043388e-15
5.735294e-01 5.833333e-01 2.276815e-15
5.833333e-01 5.833333e-01 8.323970e-16
5.931373e-01 5.833333e-01 2.953170e-16
6.029412e-01 5.833333e-01 1.016721e-16
6.127451e-01 5.833333e-01 3.396802e-17
6.225490e-01 5.833333e-01 1.101271e-17
6.323529e-01 5.833333e-01 3.464761e-18
6.421569e-01 5.833333e-01 1.057810e-18
6.519608e-01 5.833333e-01 3.133990e-19
6.617647e-01 5.833333e-01 9.010371e-20
6.715686e-01 5.833333e-01 2.513871e-20
6.813725e-01 5.833333e-01 6.806106e-21
6.911765e-01 5.833333e-01 1.788174e-21
7.009804e-01 5.833333e-01 4.559067e-22
7.107843e-01 5.833333e-01 1.127970e-22
7.205882e-01 5.833333e-01 2.708161e-23
7.303922e-01 5.833333e-01 6.309671e-24
7.401961e-01 5.833333e-01 1.426574e-24
7.500000e-01 5.833333e-01 3.129947e-25
7.598039e-01 5.833333e-01 6.664003e-26
7.696078e-01 5.833333e-01 1.376856e-26
7.794118e-01 5.833333e-01 2.760561e-27
7.892157e-01 5.833333e-01 5.371076e-28
7.990196e-01 5.833333e-01 1.014100e-28
8.088235e-01 5.833333e-01 1.858041e-29
8.186275e-01 5.833333e-01 3.303583e-30
8.284314e-01 5.833333e-01 5.699942e-31
8.382353e-01 5.833333e-01 9.543573e-32
8.480392e-01 5.833333e-01 1.550625e-32
8.578431e-01 5.833333e-01 2.444882e-33
8.676471e-01 5.833333e-01 3.740799e-34
8.774510e-01 5.833333e-01 5.554260e-35
8.872549e-01 5.833333e-01 8.002823e-36
8.970588e-01 5.833333e-01 1.118963e-36
9.068627e-01 5.833333e-01 1.518250e-37
9.166667e-01 5.833333e-01 1.999062e-38
9.264706e-01 5.833333e-01 2.554256e-39
9.362745e-01 5.833333e-01 3.167073e-40
9.460784e-01 5.833333e-01 3.810719e-41
9.558824e-01 5.833333e-01 4.449499e-42
9.656863e-01 5.833333e-01 5.041626e-43
9.754902e-01 5.833333e-01 5.543517e-44
9.852941e-01 5.833333e-01 5.915010e-45
9.950980e-01 5.833333e-01 5.050014e-12
4.901961e-03 5.931373e-01 2.098522e-45
1.470588e-02 5.931373e-01 1.791639e-12
2.450980e-02 5.931373e-01 3.629116e-12
3.431373e-02 5.931373e-01 7.133564e-12
4.411765e-02 5.931373e-01 1.360716e-11
5.392157e-02 5.931373e-01 2.518743e-11
6.372549e-02 5.931373e-01 4.524342e-11
7.352941e-02 5.931373e-01 7.886464e-11
8.333333e-02 5.931373e-01 1.334027e-10
9.313725e-02 5.931373e-01 2.189788e-10
1.029412e-01 5.931373e-01 3.488147e-10
1.127451e-01 5.931373e-01 5.391914e-10
1.225490e-01 5.931373e-01 8.088097e-10
1.323529e-01 5.931373e-01 1.177348e-09
1.421569e-01 5.931373e-01 1.663103e-09
1.519608e-01 5.931373e-01 2.279756e-09
1.617647e-01 5.931373e-01 3.032585e-09
1.715686e-01 5.931373e-01 3.914650e-09
1.813725e-01 5.931373e-01 4.903748e-09
1.911765e-01 5.931373e-01 5.960994e-09
2.009804e-01 5.931373e-01 7.031767e-09
2.107843e-01 5.931373e-01 8.049439e-09
2.205882e-01 5.931373e-01 8.941741e-09
2.303922e-01 5.931373e-01 9.639041e-09
2.401961e-01 5.931373e-01 1.008326e-08
2.500000e-01 5.931373e-01 1.023583e-08
2.598039e-01 5.931373e-01 1.008326e-08
2.696078e-01 5.931373e-01 9.639041e-09
2.794118e-01 5.931373e-01 8.941741e-09
2.892157e-01 5.931373e-01 8.049439e-09
2.990196e-01 5.931373e-01 7.031767e-09
3.088235e-01 5.931373e-01 5.960994e-09
3.186275e-01 5.931373e-01 4.903748e-09
3.284314e-01 5.931373e-01 3.914650e-09
3.382353e-01 5.931373e-01 3.032585e-09
3.480392e-01 5.931373e-01 2.279756e-09
3.578431e-01 5.931373e-01 1.663103e-09
3.676471e-01 5.931373e-01 1.177348e-09
3.774510e-01 5.931373e-01 8.088097e-10
3.872549e-01 5.931373e-01 5.391914e-10
3.970588e-01 5.931373e-01 3.488147e-10
4.068627e-01 5.931373e-01 2.189788e-10
4.166667e-01 5.931373e-01 1.334027e-10
4.264706e-01 5.931373e-01 7.886464e-11
4.362745e-01 5.931373e-01 4.524342e-11
4.460784e-01 5.931373e-01 2.518743e-11
4.558824e-01 5.931373e-01 1.360716e-11
4.656863e-01 5.931373e-01 7.133564e-12
4.754902e-01 5.931373e-01 3.629116e-12
4.852941e-01 5.931373e-01 1.791639e-12
4.950980e-01 5.931373e-01 8.583323e-13
5.049020e-01 5.931373e-01 3.990393e-13
5.147059e-01 5.931373e-01 1.800243e-13
5.245098e-01 5.931373e-01 7.881376e-14
5.343137e-01 5.931373e-01 3.348330e-14
5.441176e-01 5.931373e-01 1.380415e-14
5.539216e-01 5.931373e-01 5.522636e-15
5.637255e-01 5.931373e-01 2.144067e-15
5.735294e-01 5.931373e-01 8.077664e-16
5.833333e-01 5.931373e-01 2.953170e-16
5.931373e-01 5.931373e-01 1.047723e-16
6.029412e-01 5.931373e-01 3.607112e-17
6.127451e-01 5.931373e-01 1.205114e-17
6.225490e-01 5.931373e-01 3.907078e-18
6.323529e-01 5.931373e-01 1.229225e-18
6.421569e-01 5.931373e-01 3.752889e-19
6.519608e-01 5.931373e-01 1.111874e-19
6.617647e-01 5.931373e-01 3.196691e-20
6.715686e-01 5.931373e-01 8.918689e-21
6.813725e-01 5.931373e-01 2.414664e-21
6.911765e-01 5.931373e-01 6.344066e-22
7.009804e-01 5.931373e-01 1.617462e-22
7.107843e-01 5.931373e-01 4.001802e-23
7.205882e-01 5.931373e-01 9.607989e-24
7.303922e-01 5.931373e-01 2.238539e-24
7.401961e-01 5.931373e-01 5.061185e-25
7.500000e-01 5.931373e-01 1.110440e-25
7.598039e-01 5.931373e-01 2.364248e-26
7.696078e-01 5.931373e-01 4.884797e-27
7.794118e-01 5.931373e-01 9.793891e-28
7.892157e-01 5.931373e-01 1.905545e-28
7.990196e-01 5.931373e-01 3.597813e-29
8.088235e-01 5.931373e-01 6.591940e-30
8.186275e-01 5.931373e-01 1.172042e-30
8.284314e-01 5.931373e-01 2.022220e-31
8.382353e-01 5.931373e-01 3.385860e-32
8.480392e-01 5.931373e-01 5.501293e-33
8.578431e-01 5.931373e-01 8.673931e-34
8.676471e-01 5.931373e-01 1.327157e-34
8.774510e-01 5.931373e-01 1.970535e-35
8.872549e-01 5.931373e-01 2.839234e-36
8.970588e-01 5.931373e-01 3.969845e-37
9.068627e-01 5.931373e-01 5.386432e-38
9.166667e-01 5.931373e-01 7.092252e-39
9.264706e-01 5.931373e-01 9.061967e-40
9.362745e-01 5.931373e-01 1.123611e-40
9.460784e-01 5.931373e-01 1.351963e-41
9.558824e-01 5.931373e-01 1.578589e-42
9.656863e-01 5.931373e-01 1.788663e-43
9.754902e-01 5.931373e-01 1.966724e-44
9.852941e-01 5.931373e-01 2.098522e-45
9.950980e-01 5.931373e-01 1.791639e-12
4.901961e-03 6.029412e-01 7.224814e-46
1.470588e-02 6.029412e-01 6.168276e-13
2.450980e-02 6.029412e-01 1.249436e-12
3.431373e-02 6.029412e-01 2.455952e-12
4.411765e-02 6.029412e-01 4.684690e-12
5.392157e-02 6.029412e-01 8.671557e-12
6.372549e-02 6.029412e-01 1.557646e-11
7.352941e-02 6.029412e-01 2.715161e-11
8.333333e-02 6.029412e-01 4.592803e-11
9.313725e-02 6.029412e-01 7.539027e-11
1.029412e-01 6.029412e-01 1.200903e-10
1.127451e-01 6.029412e-01 1.856334e-10
1.225490e-01 6.029412e-01 2.784579e-10
1.323529e-01 6.029412e-01 4.053389e-10
1.421569e-01 6.029412e-01 5.725749e-10
1.519608e-01 6.029412e-01 7.848770e-10
1.617647e-01 6.029412e-01 1.044062e-09
1.715686e-01 6.029412e-01 1.347740e-09
1.813725e-01 6.029412e-01 1.688268e-09
1.911765e-01 6.029412e-01 2.052258e-09
2.009804e-01 6.029412e-01 2.420905e-09
2.107843e-01 6.029412e-01 2.771270e-09
2.205882e-01 6.029412e-01 3.078473e-09
2.303922e-01 6.029412e-01 3.318540e-09
2.401961e-01 6.029412e-01 3.471476e-09
2.500000e-01 6.029412e-01 3.524005e-09
2.598039e-01 6.029412e-01 3.471476e-09
2.696078e-01 6.029412e-01 3.318540e-09
2.794118e-01 6.029412e-01 3.078473e-09
2.892157e-01 6.029412e-01 2.771270e-09
2.990196e-01 6.029412e-01 2.420905e-09
3.088235e-01 6.029412e-01 2.052258e-09
3.186275e-01 6.029412e-01 1.688268e-09
3.284314e-01 6.029412e-01 1.347740e-09
3.382353e-01 6.029412e-01 1.044062e-09
3.480392e-01 6.029412e-01 7.848770e-10
3.578431e-01 6.029412e-01 5.725749e-10
3.676471e-01 6.029412e-01 4.053389e-10
3.774510e-01 6.029412e-01 2.784579e-10
3.872549e-01 6.029412e-01 1.856334e-10
3.970588e-01 6.029412e-01 1.200903e-10
4.068627e-01 6.029412e-01 7.539027e-11
4.166667e-01 6.029412e-01 4.592803e-11
4.264706e-01 6.029412e-01 2.715161e-11
4.362745e-01 6.029412e-01 1.557646e-11
4.460784e-01 6.029412e-01 8.671557e-12
4.558824e-01 6.029412e-01 4.684690e-12
4.656863e-01 6.029412e-01 2.455952e-12
4.754902e-01 6.029412e-01 1.249436e-12
4.852941e-01 6.029412e-01 6.168276e-13
4.950980e-01 6.029412e-01 2.955076e-13
5.049020e-01 6.029412e-01 1.373817e-13
5.147059e-01 6.029412e-01 6.197899e-14
5.245098e-01 6.029412e-01 2.713409e-14
5.343137e-01 6.029412e-01 1.152767e-14
5.441176e-01 6.029412e-01 4.752509e-15
5.539216e-01 6.029412e-01 1.901339e-15
5.637255e-01 6.029412e-01 7.381620e-16
5.735294e-01 6.029412e-01 2.780988e-16
5.833333e-01 6.029412e-01 1.016721e-16
5.931373e-01 6.029412e-01 3.607112e-17
6.029412e-01 6.029412e-01 1.241861e-17
6.127451e-01 6.029412e-01 4.148982e-18
6.225490e-01 6.029412e-01 1.345133e-18
6.323529e-01 6.029412e-01 4.231989e-19
6.421569e-01 6.029412e-01 1.292049e-19
6.519608e-01 6.029412e-01 3.827972e-20
6.617647e-01 6.029412e-01 1.100560e-20
6.715686e-01 6.029412e-01 3.070537e-21
6.813725e-01 6.029412e-01 8.313233e-22
6.911765e-01 6.029412e-01 2.184142e-22
7.009804e-01 6.029412e-01 5.568616e-23
7.107843e-01 6.029412e-01 1.377745e-23
7.205882e-01 6.029412e-01 3.307850e-24
7.303922e-01 6.029412e-01 7.706869e-25
7.401961e-01 6.029412e-01 1.742471e-25
7.500000e-01 6.029412e-01 3.823035e-26
7.598039e-01 6.029412e-01 8.139662e-27
7.696078e-01 6.029412e-01 1.681744e-27
7.794118e-01 6.029412e-01 3.371852e-28
7.892157e-01 6.029412e-01 6.560434e-29
7.990196e-01 6.029412e-01 1.238659e-29
8.088235e-01 6.029412e-01 2.269481e-30
8.186275e-01 6.029412e-01 4.035120e-31
8.284314e-01 6.029412e-01 6.962123e-32
8.382353e-01 6.029412e-01 1.165688e-32
8.480392e-01 6.029412e-01 1.893992e-33
8.578431e-01 6.029412e-01 2.986271e-34
8.676471e-01 6.029412e-01 4.569152e-35
8.774510e-01 6.029412e-01 6.784181e-36
8.872549e-01 6.029412e-01 9.774948e-37
8.970588e-01 6.029412e-01 1.366743e-37
9.068627e-01 6.029412e-01 1.854447e-38
9.166667e-01 6.029412e-01 2.441729e-39
9.264706e-01 6.029412e-01 3.119864e-40
9.362745e-01 6.029412e-01 3.868381e-41
9.460784e-01 6.029412e-01 4.654555e-42
9.558824e-01 6.029412e-01 5.434785e-43
9.656863e-01 6.029412e-01 6.158030e-44
9.754902e-01 6.029412e-01 6.771059e-45
9.852941e-01 6.029412e-01 7.224814e-46
9.950980e-01 6.029412e-01 6.168276e-13
4.901961e-03 6.127451e-01 2.413767e-46
1.470588e-02 6.127451e-01 2.060783e-13
2.450980e-02 6.127451e-01 4.174291e-13
3.431373e-02 6.127451e-01 8.205186e-13
4.411765e-02 6.127451e-01 1.565126e-12
5.392157e-02 6.127451e-01 2.897115e-12
6.372549e-02 6.127451e-01 5.204000e-12
7.352941e-02 6.127451e-01 9.071188e-12
8.333333e-02 6.127451e-01 1.534427e-11
9.313725e-02 6.127451e-01 2.518743e-11
1.029412e-01 6.127451e-01 4.012145e-11
1.127451e-01 6.127451e-01 6.201900e-11
1.225490e-01 6.127451e-01 9.303110e-11
1.323529e-01 6.127451e-01 1.354213e-10
1.421569e-01 6.127451e-01 1.912938e-10
1.519608e-01 6.127451e-01 2.622226e-10
1.617647e-01 6.127451e-01 3.488147e-10
1.715686e-01 6.127451e-01 4.502718e-10
1.813725e-01 6.127451e-01 5.640401e-10
1.911765e-01 6.127451e-01 6.856469e-10
2.009804e-01 6.127451e-01 8.088097e-10
2.107843e-01 6.127451e-01 9.258646e-10
2.205882e-01 6.127451e-01 1.028499e-09
2.303922e-01 6.127451e-01 1.108704e-09
2.401961e-01 6.127451e-01 1.159799e-09
2.500000e-01 6.127451e-01 1.177348e-09
2.598039e-01 6.127451e-01 1.159799e-09
2.696078e-01 6.127451e-01 1.108704e-09
2.794118e-01 6.127451e-01 1.028499e-09
2.892157e-01 6.127451e-01 9.258646e-10
2.990196e-01 6.127451e-01 8.088097e-10
3.088235e-01 6.127451e-01 6.856469e-10
3.186275e-01 6.127451e-01 5.640401e-10
3.284314e-01 6.127451e-01 4.502718e-10
3.382353e-01 6.127451e-01 3.488147e-10
3.480392e-01 6.127451e-01 2.622226e-10
3.578431e-01 6.127451e-01 1.912938e-10
3.676471e-01 6.127451e-01 1.354213e-10
3.774510e-01 6.127451e-01 9.303110e-11
3.872549e-01 6.127451e-01 6.201900e-11
3.970588e-01 6.127451e-01 4.012145e-11
4.068627e-01 6.127451e-01 2.518743e-11
4.166667e-01 6.127451e-01 1.534427e-11
4.264706e-01 6.127451e-01 9.071188e-12
4.362745e-01 6.127451e-01 5.204000e-12
4.460784e-01 6.127451e-01 2.897115e-12
4.558824e-01 6.127451e-01 1.565126e-12
4.656863e-01 6.127451e-01 8.205186e-13
4.754902e-01 6.127451e-01 4.174291e-13
4.852941e-01 6.127451e-01 2.060783e-13
4.950980e-01 6.127451e-01 9.872730e-14
5.049020e-01 6.127451e-01 4.589840e-14
5.147059e-01 6.127451e-01 2.070680e-14
5.245098e-01 6.127451e-01 9.065336e-15
5.343137e-01 6.127451e-01 3.851324e-15
5.441176e-01 6.127451e-01 1.587784e-15
5.539216e-01 6.127451e-01 6.352259e-16
5.637255e-01 6.127451e-01 2.466154e-16
5.735294e-01 6.127451e-01 9.291110e-17
5.833333e-01 6.127451e-01 3.396802e-17
5.931373e-01 6.127451e-01 1.205114e-17
6.029412e-01 6.127451e-01 4.148982e-18
6.127451e-01 6.127451e-01 1.386149e-18
6.225490e-01 6.127451e-01 4.494009e-19
6.323529e-01 6.127451e-01 1.413882e-19
6.421569e-01 6.127451e-01 4.316657e-20
6.519608e-01 6.127451e-01 1.278902e-20
6.617647e-01 6.127451e-01 3.676905e-21
6.715686e-01 6.127451e-01 1.025848e-21
6.813725e-01 6.127451e-01 2.777401e-22
6.911765e-01 6.127451e-01 7.297087e-23
7.009804e-01 6.127451e-01 1.860441e-23
7.107843e-01 6.127451e-01 4.602962e-24
7.205882e-01 6.127451e-01 1.105132e-24
7.303922e-01 6.127451e-01 2.574818e-25
7.401961e-01 6.127451e-01 5.821488e-26
7.500000e-01 6.127451e-01 1.277253e-26
7.598039e-01 6.127451e-01 2.719412e-27
7.696078e-01 6.127451e-01 5.618603e-28
7.794118e-01 6.127451e-01 1.126515e-28
7.892157e-01 6.127451e-01 2.191801e-29
7.990196e-01 6.127451e-01 4.138285e-30
8.088235e-01 6.127451e-01 7.582197e-31
8.186275e-01 6.127451e-01 1.348109e-31
8.284314e-01 6.127451e-01 2.326003e-32
8.382353e-01 6.127451e-01 3.894492e-33
8.480392e-01 6.127451e-01 6.327711e-34
8.578431e-01 6.127451e-01 9.976949e-35
8.676471e-01 6.127451e-01 1.526526e-35
8.774510e-01 6.127451e-01 2.266553e-36
8.872549e-01 6.127451e-01 3.265751e-37
8.970588e-01 6.127451e-01 4.566205e-38
9.068627e-01 6.127451e-01 6.195595e-39
9.166667e-01 6.127451e-01 8.157668e-40
9.264706e-01 6.127451e-01 1.042328e-40
9.362745e-01 6.127451e-01 1.292403e-41
9.460784e-01 6.127451e-01 1.555058e-42
9.558824e-01 6.127451e-01 1.815728e-43
9.656863e-01 6.127451e-01 2.057360e-44
9.754902e-01 6.127451e-01 2.262170e-45
9.852941e-01 6.127451e-01 2.413767e-46
9.950980e-01 6.127451e-01 2.060783e-13
4.901961e-03 6.225490e-01 7.825627e-47
1.470588e-02 6.225490e-01 6.681227e-14
2.450980e-02 6.225490e-01 1.353339e-13
3.431373e-02 6.225490e-01 2.660188e-13
4.411765e-02 6.225490e-01 5.074266e-13
5.392157e-02 6.225490e-01 9.392680e-13
6.372549e-02 6.225490e-01 1.687179e-12
7.352941e-02 6.225490e-01 2.940953e-12
8.333333e-02 6.225490e-01 4.974738e-12
9.313725e-02 6.225490e-01 8.165969e-12
1.029412e-01 6.225490e-01 1.300770e-11
1.127451e-01 6.225490e-01 2.010706e-11
1.225490e-01 6.225490e-01 3.016144e-11
1.323529e-01 6.225490e-01 4.390467e-11
1.421569e-01 6.225490e-01 6.201900e-11
1.519608e-01 6.225490e-01 8.501471e-11
1.617647e-01 6.225490e-01 1.130886e-10
1.715686e-01 6.225490e-01 1.459818e-10
1.813725e-01 6.225490e-01 1.828664e-10
1.911765e-01 6.225490e-01 2.222923e-10
2.009804e-01 6.225490e-01 2.622226e-10
2.107843e-01 6.225490e-01 3.001728e-10
2.205882e-01 6.225490e-01 3.334477e-10
2.303922e-01 6.225490e-01 3.594508e-10
2.401961e-01 6.225490e-01 3.760162e-10
2.500000e-01 6.225490e-01 3.817059e-10
2.598039e-01 6.225490e-01 3.760162e-10
2.696078e-01 6.225490e-01 3.594508e-10
2.794118e-01 6.225490e-01 3.334477e-10
2.892157e-01 6.225490e-01 3.001728e-10
2.990196e-01 6.225490e-01 2.622226e-10
3.088235e-01 6.225490e-01 2.222923e-10
3.186275e-01 6.225490e-01 1.828664e-10
3.284314e-01 6.225490e-01 1.459818e-10
3.382353e-01 6.225490e-01 1.130886e-10
3.480392e-01 6.225490e-01 8.501471e-11
3.578431e-01 6.225490e-01 6.201900e-11
3.676471e-01 6.225490e-01 4.390467e-11
3.774510e-01 6.225490e-01 3.016144e-11
3.872549e-01 6.225490e-01 2.010706e-11
3.970588e-01 6.225490e-01 1.300770e-11
4.068627e-01 6.225490e-01 8.165969e-12
4.166667e-01 6.225490e-01 4.974738e-12
4.264706e-01 6.225490e-01 2.940953e-12
4.362745e-01 6.225490e-01 1.687179e-12
4.460784e-01 6.225490e-01 9.392680e-13
4.558824e-01 6.225490e-01 5.074266e-13
4.656863e-01 6.225490e-01 2.660188e-13
4.754902e-01 6.225490e-01 1.353339e-13
4.852941e-01 6.225490e-01 6.681227e-14
4.950980e-01 6.225490e-01 3.200819e-14
5.049020e-01 6.225490e-01 1.488063e-14
5.147059e-01 6.225490e-01 6.713313e-15
5.245098e-01 6.225490e-01 2.939055e-15
5.343137e-01 6.225490e-01 1.248630e-15
5.441176e-01 6.225490e-01 5.147725e-16
5.539216e-01 6.225490e-01 2.059454e-16
5.637255e-01 6.225490e-01 7.995473e-17
5.735294e-01 6.225490e-01 3.012253e-17
5.833333e-01 6.225490e-01 1.101271e-17
5.931373e-01 6.225490e-01 3.907078e-18
6.029412e-01 6.225490e-01 1.345133e-18
6.127451e-01 6.225490e-01 4.494009e-19
6.225490e-01 6.225490e-01 1.456994e-19
6.323529e-01 6.225490e-01 4.583919e-20
6.421569e-01 6.225490e-01 1.399495e-20
6.519608e-01 6.225490e-01 4.146305e-21
6.617647e-01 6.225490e-01 1.192083e-21
6.715686e-01 6.225490e-01 3.325881e-22
6.813725e-01 6.225490e-01 9.004558e-23
6.911765e-01 6.225490e-01 2.365775e-23
7.009804e-01 6.225490e-01 6.031699e-24
7.107843e-01 6.225490e-01 1.492318e-24
7.205882e-01 6.225490e-01 3.582929e-25
7.303922e-01 6.225490e-01 8.347768e-26
7.401961e-01 6.225490e-01 1.887374e-26
7.500000e-01 6.225490e-01 4.140957e-27
7.598039e-01 6.225490e-01 8.816553e-28
7.696078e-01 6.225490e-01 1.821597e-28
7.794118e-01 6.225490e-01 3.652254e-29
7.892157e-01 6.225490e-01 7.105996e-30
7.990196e-01 6.225490e-01 1.341666e-30
8.088235e-01 6.225490e-01 2.458210e-31
8.186275e-01 6.225490e-01 4.370679e-32
8.284314e-01 6.225490e-01 7.541090e-33
8.382353e-01 6.225490e-01 1.262626e-33
8.480392e-01 6.225490e-01 2.051495e-34
8.578431e-01 6.225490e-01 3.234608e-35
8.676471e-01 6.225490e-01 4.949121e-36
8.774510e-01 6.225490e-01 7.348350e-37
8.872549e-01 6.225490e-01 1.058783e-37
8.970588e-01 6.225490e-01 1.480401e-38
9.068627e-01 6.225490e-01 2.008662e-39
9.166667e-01 6.225490e-01 2.644782e-40
9.264706e-01 6.225490e-01 3.379311e-41
9.362745e-01 6.225490e-01 4.190074e-42
9.460784e-01 6.225490e-01 5.041626e-43
9.558824e-01 6.225490e-01 5.886739e-44
9.656863e-01 6.225490e-01 6.670129e-45
9.754902e-01 6.225490e-01 7.334137e-46
9.852941e-01 6.225490e-01 7.825627e-47
9.950980e-01 6.225490e-01 6.681227e-14
4.901961e-03 6.323529e-01 2.462058e-47
1.470588e-02 6.323529e-01 2.102013e-14
2.450980e-02 6.323529e-01 4.257805e-14
3.431373e-02 6.323529e-01 8.369345e-14
4.411765e-02 6.323529e-01 1.596439e-13
5.392157e-02 6.323529e-01 2.955076e-13
6.372549e-02 6.323529e-01 5.308115e-13
7.352941e-02 6.323529e-01 9.252673e-13
8.333333e-02 6.323529e-01 1.565126e-12
9.313725e-02 6.323529e-01 2.569135e-12
1.029412e-01 6.323529e-01 4.092415e-12
1.127451e-01 6.323529e-01 6.325980e-12
1.225490e-01 6.323529e-01 9.489235e-12
1.323529e-01 6.323529e-01 1.381306e-11
1.421569e-01 6.323529e-01 1.951210e-11
1.519608e-01 6.323529e-01 2.674689e-11
1.617647e-01 6.323529e-01 3.557934e-11
1.715686e-01 6.323529e-01 4.592803e-11
1.813725e-01 6.323529e-01 5.753247e-11
1.911765e-01 6.323529e-01 6.993644e-11
2.009804e-01 6.323529e-01 8.249913e-11
2.107843e-01 6.323529e-01 9.443881e-11
2.205882e-01 6.323529e-01 1.049076e-10
2.303922e-01 6.323529e-01 1.130886e-10
2.401961e-01 6.323529e-01 1.183003e-10
2.500000e-01 6.323529e-01 1.200903e-10
2.598039e-01 6.323529e-01 1.183003e-10
2.696078e-01 6.323529e-01 1.130886e-10
2.794118e-01 6.323529e-01 1.049076e-10
2.892157e-01 6.323529e-01 9.443881e-11
2.990196e-01 6.323529e-01 8.249913e-11
3.088235e-01 6.323529e-01 6.993644e-11
3.186275e-01 6.323529e-01 5.753247e-11
3.284314e-01 6.323529e-01 4.592803e-11
3.382353e-01 6.323529e-01 3.557934e-11
3.480392e-01 6.323529e-01 2.674689e-11
3.578431e-01 6.323529e-01 1.951210e-11
3.676471e-01 6.323529e-01 1.381306e-11
3.774510e-01 6.323529e-01 9.489235e-12
3.872549e-01 6.323529e-01 6.325980e-12
3.970588e-01 6.323529e-01 4.092415e-12
4.068627e-01 6.323529e-01 2.569135e-12
4.166667e-01 6.323529e-01 1.565126e-12
4.264706e-01 6.323529e-01 9.252673e-13
4.362745e-01 6.323529e-01 5.308115e-13
4.460784e-01 6.323529e-01 2.955076e-13
4.558824e-01 6.323529e-01 1.596439e-13
4.656863e-01 6.323529e-01 8.369345e-14
4.754902e-01 6.323529e-01 4.257805e-14
4.852941e-01 6.323529e-01 2.102013e-14
4.950980e-01 6.323529e-01 1.007025e-14
5.049020e-01 6.323529e-01 4.681667e-15
5.147059e-01 6.323529e-01 2.112108e-15
5.245098e-01 6.323529e-01 9.246703e-16
5.343137e-01 6.323529e-01 3.928376e-16
5.441176e-01 6.323529e-01 1.619551e-16
5.539216e-01 6.323529e-01 6.479347e-17
5.637255e-01 6.323529e-01 2.515494e-17
5.735294e-01 6.323529e-01 9.476995e-18
5.833333e-01 6.323529e-01 3.464761e-18
5.931373e-01 6.323529e-01 1.229225e-18
6.029412e-01 6.323529e-01 4.231989e-19
6.127451e-01 6.323529e-01 1.413882e-19
6.225490e-01 6.323529e-01 4.583919e-20
6.323529e-01 6.323529e-01 1.442169e-20
6.421569e-01 6.323529e-01 4.403020e-21
6.519608e-01 6.323529e-01 1.304489e-21
6.617647e-01 6.323529e-01 3.750468e-22
6.715686e-01 6.323529e-01 1.046371e-22
6.813725e-01 6.323529e-01 2.832967e-23
6.911765e-01 6.323529e-01 7.443078e-24
7.009804e-01 6.323529e-01 1.897662e-24
7.107843e-01 6.323529e-01 4.695052e-25
7.205882e-01 6.323529e-01 1.127242e-25
7.303922e-01 6.323529e-01 2.626332e-26
7.401961e-01 6.323529e-01 5.937957e-27
7.500000e-01 6.323529e-01 1.302806e-27
7.598039e-01 6.323529e-01 2.773818e-28
7.696078e-01 6.323529e-01 5.731013e-29
7.794118e-01 6.323529e-01 1.149053e-29
7.892157e-01 6.323529e-01 2.235652e-30
7.990196e-01 6.323529e-01 4.221079e-31
8.088235e-01 6.323529e-01 7.733892e-32
8.186275e-01 6.323529e-01 1.375080e-32
8.284314e-01 6.323529e-01 2.372539e-33
8.382353e-01 6.323529e-01 3.972408e-34
8.480392e-01 6.323529e-01 6.454308e-35
8.578431e-01 6.323529e-01 1.017656e-35
8.676471e-01 6.323529e-01 1.557067e-36
8.774510e-01 6.323529e-01 2.311900e-37
8.872549e-01 6.323529e-01 3.331088e-38
8.970588e-01 6.323529e-01 4.657560e-39
9.068627e-01 6.323529e-01 6.319549e-40
9.166667e-01 6.323529e-01 8.320876e-41
9.264706e-01 6.323529e-01 1.063181e-41
9.362745e-01 6.323529e-01 1.318259e-42
9.460784e-01 6.323529e-01 1.586170e-43
9.558824e-01 6.323529e-01 1.852055e-44
9.656863e-01 6.323529e-01 2.098522e-45
9.754902e-01 6.323529e-01 2.307428e-46
9.852941e-01 6.323529e-01 2.462058e-47
9.950980e-01 6.323529e-01 2.102013e-14
4.901961e-03 6.421569e-01 7.516796e-48
1.470588e-02 6.421569e-01 6.417559e-15
2.450980e-02 6.421569e-01 1.299931e-14
3.431373e-02 6.421569e-01 2.555206e-14
4.411765e-02 6.421569e-01 4.874016e-14
5.392157e-02 6.421569e-01 9.022008e-14
6.372549e-02 6.421569e-01 1.620596e-13
7.352941e-02 6.421569e-01 2.824891e-13
8.333333e-02 6.421569e-01 4.778415e-13
9.313725e-02 6.421569e-01 7.843707e-13
1.029412e-01 6.421569e-01 1.249436e-12
1.127451e-01 6.421569e-01 1.931356e-12
1.225490e-01 6.421569e-01 2.897115e-12
1.323529e-01 6.421569e-01 4.217202e-12
1.421569e-01 6.421569e-01 5.957148e-12
1.519608e-01 6.421569e-01 8.165969e-12
1.617647e-01 6.421569e-01 1.086256e-11
1.715686e-01 6.421569e-01 1.402207e-11
1.813725e-01 6.421569e-01 1.756497e-11
1.911765e-01 6.421569e-01 2.135197e-11
2.009804e-01 6.421569e-01 2.518743e-11
2.107843e-01 6.421569e-01 2.883268e-11
2.205882e-01 6.421569e-01 3.202886e-11
2.303922e-01 6.421569e-01 3.452655e-11
2.401961e-01 6.421569e-01 3.611771e-11
2.500000e-01 6.421569e-01 3.666423e-11
2.598039e-01 6.421569e-01 3.611771e-11
2.696078e-01 6.421569e-01 3.452655e-11
2.794118e-01 6.421569e-01 3.202886e-11
2.892157e-01 6.421569e-01 2.883268e-11
2.990196e-01 6.421569e-01 2.518743e-11
3.088235e-01 6.421569e-01 2.135197e-11
3.186275e-01 6.421569e-01 1.756497e-11
3.284314e-01 6.421569e-01 1.402207e-11
3.382353e-01 6.421569e-01 1.086256e-11
3.480392e-01 6.421569e-01 8.165969e-12
3.578431e-01 6.421569e-01 5.957148e-12
3.676471e-01 6.421569e-01 4.217202e-12
3.774510e-01 6.421569e-01 2.897115e-12
3.872549e-01 6.421569e-01 1.931356e-12
3.970588e-01 6.421569e-01 1.249436e-12
4.068627e-01 6.421569e-01 7.843707e-13
4.166667e-01 6.421569e-01 4.778415e-13
4.264706e-01 6.421569e-01 2.824891e-13
4.362745e-01 6.421569e-01 1.620596e-13
4.460784e-01 6.421569e-01 9.022008e-14
4.558824e-01 6.421569e-01 4.874016e-14
4.656863e-01 6.421569e-01 2.555206e-14
4.754902e-01 6.421569e-01 1.299931e-14
4.852941e-01 6.421569e-01 6.417559e-15
4.950980e-01 6.421569e-01 3.074502e-15
5.049020e-01 6.421569e-01 1.429338e-15
5.147059e-01 6.421569e-01 6.448379e-16
5.245098e-01 6.421569e-01 2.823068e-16
5.343137e-01 6.421569e-01 1.199354e-16
5.441176e-01 6.421569e-01 4.944575e-17
5.539216e-01 6.421569e-01 1.978180e-17
5.637255e-01 6.421569e-01 7.679939e-18
5.735294e-01 6.421569e-01 2.893378e-18
5.833333e-01 6.421569e-01 1.057810e-18
5.931373e-01 6.421569e-01 3.752889e-19
6.029412e-01 6.421569e-01 1.292049e-19
6.127451e-01 6.421569e-01 4.316657e-20
6.225490e-01 6.421569e-01 1.399495e-20
6.323529e-01 6.421569e-01 4.403020e-21
6.421569e-01 6.421569e-01 1.344266e-21
6.519608e-01 6.421569e-01 3.982675e-22
6.617647e-01 6.421569e-01 1.145038e-22
6.715686e-01 6.421569e-01 3.194628e-23
6.813725e-01 6.421569e-01 8.649202e-24
6.911765e-01 6.421569e-01 2.272412e-24
7.009804e-01 6.421569e-01 5.793664e-25
7.107843e-01 6.421569e-01 1.433425e-25
7.205882e-01 6.421569e-01 3.441532e-26
7.303922e-01 6.421569e-01 8.018332e-27
7.401961e-01 6.421569e-01 1.812890e-27
7.500000e-01 6.421569e-01 3.977538e-28
7.598039e-01 6.421569e-01 8.468617e-29
7.696078e-01 6.421569e-01 1.749709e-29
7.794118e-01 6.421569e-01 3.508121e-30
7.892157e-01 6.421569e-01 6.825565e-31
7.990196e-01 6.421569e-01 1.288718e-31
8.088235e-01 6.421569e-01 2.361199e-32
8.186275e-01 6.421569e-01 4.198194e-33
8.284314e-01 6.421569e-01 7.243488e-34
8.382353e-01 6.421569e-01 1.212798e-34
8.480392e-01 6.421569e-01 1.970535e-35
8.578431e-01 6.421569e-01 3.106957e-36
8.676471e-01 6.421569e-01 4.753809e-37
8.774510e-01 6.421569e-01 7.058355e-38
8.872549e-01 6.421569e-01 1.016999e-38
8.970588e-01 6.421569e-01 1.421978e-39
9.068627e-01 6.421569e-01 1.929392e-40
9.166667e-01 6.421569e-01 2.540408e-41
9.264706e-01 6.421569e-01 3.245950e-42
9.362745e-01 6.421569e-01 4.024717e-43
9.460784e-01 6.421569e-01 4.842663e-44
9.558824e-01 6.421569e-01 5.654425e-45
9.656863e-01 6.421569e-01 6.406899e-46
9.754902e-01 6.421569e-01 7.044703e-47
9.852941e-01 6.421569e-01 7.516796e-48
9.950980e-01 6.421569e-01 6.417559e-15
4.901961e-03 6.519608e-01 2.227012e-48
1.470588e-02 6.519608e-01 1.901339e-15
2.450980e-02 6.519608e-01 3.851324e-15
3.431373e-02 6.519608e-01 7.570346e-15
4.411765e-02 6.519608e-01 1.444032e-14
5.392157e-02 6.519608e-01 2.672963e-14
6.372549e-02 6.519608e-01 4.801363e-14
7.352941e-02 6.519608e-01 8.369345e-14
8.333333e-02 6.519608e-01 1.415708e-13
9.313725e-02 6.519608e-01 2.323866e-13
1.029412e-01 6.519608e-01 3.701723e-13
1.127451e-01 6.519608e-01 5.722055e-13
1.225490e-01 6.519608e-01 8.583323e-13
1.323529e-01 6.519608e-01 1.249436e-12
1.421569e-01 6.519608e-01 1.764933e-12
1.519608e-01 6.519608e-01 2.419343e-12
1.617647e-01 6.519608e-01 3.218267e-12
1.715686e-01 6.519608e-01 4.154340e-12
1.813725e-01 6.519608e-01 5.204000e-12
1.911765e-01 6.519608e-01 6.325980e-12
2.009804e-01 6.519608e-01 7.462316e-12
2.107843e-01 6.519608e-01 8.542299e-12
2.205882e-01 6.519608e-01 9.489235e-12
2.303922e-01 6.519608e-01 1.022923e-11
2.401961e-01 6.519608e-01 1.070065e-11
2.500000e-01 6.519608e-01 1.086256e-11
2.598039e-01 6.519608e-01 1.070065e-11
2.696078e-01 6.519608e-01 1.022923e-11
2.794118e-01 6.519608e-01 9.489235e-12
2.892157e-01 6.519608e-01 8.542299e-12
2.990196e-01 6.519608e-01 7.462316e-12
3.088235e-01 6.519608e-01 6.325980e-12
3.186275e-01 6.519608e-01 5.204000e-12
3.284314e-01 6.519608e-01 4.154340e-12
3.382353e-01 6.519608e-01 3.218267e-12
3.480392e-01 6.519608e-01 2.419343e-12
3.578431e-01 6.519608e-01 1.764933e-12
3.676471e-01 6.519608e-01 1.249436e-12
3.774510e-01 6.519608e-01 8.583323e-13
3.872549e-01 6.519608e-01 5.722055e-13
3.970588e-01 6.519608e-01 3.701723e-13
4.068627e-01 6.519608e-01 2.323866e-13
4.166667e-01 6.519608e-01 1.415708e-13
4.264706e-01 6.519608e-01 8.369345e-14
4.362745e-01 6.519608e-01 4.801363e-14
4.460784e-01 6.519608e-01 2.672963e-14
4.558824e-01 6.519608e-01 1.444032e-14
4.656863e-01 6.519608e-01 7.570346e-15
4.754902e-01 6.519608e-01 3.851324e-15
4.852941e-01 6.519608e-01 1.901339e-15
4.950980e-01 6.519608e-01 9.108872e-16
5.049020e-01 6.519608e-01 4.234721e-16
5.147059e-01 6.519608e-01 1.910471e-16
5.245098e-01 6.519608e-01 8.363945e-17
5.343137e-01 6.519608e-01 3.553345e-17
5.441176e-01 6.519608e-01 1.464936e-17
5.539216e-01 6.519608e-01 5.860781e-18
5.637255e-01 6.519608e-01 2.275347e-18
5.735294e-01 6.519608e-01 8.572252e-19
5.833333e-01 6.519608e-01 3.133990e-19
5.931373e-01 6.519608e-01 1.111874e-19
6.029412e-01 6.519608e-01 3.827972e-20
6.127451e-01 6.519608e-01 1.278902e-20
6.225490e-01 6.519608e-01 4.146305e-21
6.323529e-01 6.519608e-01 1.304489e-21
6.421569e-01 6.519608e-01 3.982675e-22
6.519608e-01 6.519608e-01 1.179953e-22
6.617647e-01 6.519608e-01 3.392421e-23
6.715686e-01 6.519608e-01 9.464771e-24
6.813725e-01 6.519608e-01 2.562511e-24
6.911765e-01 6.519608e-01 6.732507e-25
7.009804e-01 6.519608e-01 1.716497e-25
7.107843e-01 6.519608e-01 4.246828e-26
7.205882e-01 6.519608e-01 1.019628e-26
7.303922e-01 6.519608e-01 2.375603e-27
7.401961e-01 6.519608e-01 5.371076e-28
7.500000e-01 6.519608e-01 1.178431e-28
7.598039e-01 6.519608e-01 2.509009e-29
7.696078e-01 6.519608e-01 5.183889e-30
7.794118e-01 6.519608e-01 1.039356e-30
7.892157e-01 6.519608e-01 2.022220e-31
7.990196e-01 6.519608e-01 3.818104e-32
8.088235e-01 6.519608e-01 6.995558e-33
8.186275e-01 6.519608e-01 1.243805e-33
8.284314e-01 6.519608e-01 2.146039e-34
8.382353e-01 6.519608e-01 3.593173e-35
8.480392e-01 6.519608e-01 5.838132e-36
8.578431e-01 6.519608e-01 9.205027e-37
8.676471e-01 6.519608e-01 1.408418e-37
8.774510e-01 6.519608e-01 2.091189e-38
8.872549e-01 6.519608e-01 3.013078e-39
8.970588e-01 6.519608e-01 4.212915e-40
9.068627e-01 6.519608e-01 5.716239e-41
9.166667e-01 6.519608e-01 7.526504e-42
9.264706e-01 6.519608e-01 9.616822e-43
9.362745e-01 6.519608e-01 1.192409e-43
9.460784e-01 6.519608e-01 1.434743e-44
9.558824e-01 6.519608e-01 1.675245e-45
9.656863e-01 6.519608e-01 1.898181e-46
9.754902e-01 6.519608e-01 2.087144e-47
9.852941e-01 6.519608e-01 2.227012e-48
9.950980e-01 6.519608e-01 1.901339e-15
4.901961e-03 6.617647e-01 6.402766e-49
1.470588e-02 6.617647e-01 5.466442e-16
2.450980e-02 6.617647e-01 1.107274e-15
3.431373e-02 6.617647e-01 2.176511e-15
4.411765e-02 6.617647e-01 4.151660e-15
5.392157e-02 6.617647e-01 7.684897e-15
6.372549e-02 6.617647e-01 1.380415e-14
7.352941e-02 6.617647e-01 2.406227e-14
8.333333e-02 6.617647e-01 4.070228e-14
9.313725e-02 6.617647e-01 6.681227e-14
1.029412e-01 6.617647e-01 1.064263e-13
1.127451e-01 6.617647e-01 1.645118e-13
1.225490e-01 6.617647e-01 2.467746e-13
1.323529e-01 6.617647e-01 3.592190e-13
1.421569e-01 6.617647e-01 5.074266e-13
1.519608e-01 6.617647e-01 6.955728e-13
1.617647e-01 6.617647e-01 9.252673e-13
1.715686e-01 6.617647e-01 1.194393e-12
1.813725e-01 6.617647e-01 1.496175e-12
1.911765e-01 6.617647e-01 1.818749e-12
2.009804e-01 6.617647e-01 2.145452e-12
2.107843e-01 6.617647e-01 2.455952e-12
2.205882e-01 6.617647e-01 2.728200e-12
2.303922e-01 6.617647e-01 2.940953e-12
2.401961e-01 6.617647e-01 3.076487e-12
2.500000e-01 6.617647e-01 3.123039e-12
2.598039e-01 6.617647e-01 3.076487e-12
2.696078e-01 6.617647e-01 2.940953e-12
2.794118e-01 6.617647e-01 2.728200e-12
2.892157e-01 6.617647e-01 2.455952e-12
2.990196e-01 6.617647e-01 2.145452e-12
3.088235e-01 6.617647e-01 1.818749e-12
3.186275e-01 6.617647e-01 1.496175e-12
3.284314e-01 6.617647e-01 1.194393e-12
3.382353e-01 6.617647e-01 9.252673e-13
3.480392e-01 6.617647e-01 6.955728e-13
3.578431e-01 6.617647e-01 5.074266e-13
3.676471e-01 6.617647e-01 3.592190e-13
3.774510e-01 6.617647e-01 2.467746e-13
3.872549e-01 6.617647e-01 1.645118e-13
3.970588e-01 6.617647e-01 1.064263e-13
4.068627e-01 6.617647e-01 6.681227e-14
4.166667e-01 6.617647e-01 4.070228e-14
4.264706e-01 6.617647e-01 2.406227e-14
4.362745e-01 6.617647e-01 1.380415e-14
4.460784e-01 6.617647e-01 7.684897e-15
4.558824e-01 6.617647e-01 4.151660e-15
4.656863e-01 6.617647e-01 2.176511e-15
4.754902e-01 6.617647e-01 1.107274e-15
4.852941e-01 6.617647e-01 5.466442e-16
4.950980e-01 6.617647e-01 2.618844e-16
5.049020e-01 6.617647e-01 1.217503e-16
5.147059e-01 6.617647e-01 5.492694e-17
5.245098e-01 6.617647e-01 2.404674e-17
5.343137e-01 6.617647e-01 1.021604e-17
5.441176e-01 6.617647e-01 4.211762e-18
5.539216e-01 6.617647e-01 1.685003e-18
5.637255e-01 6.617647e-01 6.541731e-19
5.735294e-01 6.617647e-01 2.464563e-19
5.833333e-01 6.617647e-01 9.010371e-20
5.931373e-01 6.617647e-01 3.196691e-20
6.029412e-01 6.617647e-01 1.100560e-20
6.127451e-01 6.617647e-01 3.676905e-21
6.225490e-01 6.617647e-01 1.192083e-21
6.323529e-01 6.617647e-01 3.750468e-22
6.421569e-01 6.617647e-01 1.145038e-22
6.519608e-01 6.617647e-01 3.392421e-23
6.617647e-01 6.617647e-01 9.753373e-24
6.715686e-01 6.617647e-01 2.721167e-24
6.813725e-01 6.617647e-01 7.367343e-25
6.911765e-01 6.617647e-01 1.935628e-25
7.009804e-01 6.617647e-01 4.935012e-26
7.107843e-01 6.617647e-01 1.220983e-26
7.205882e-01 6.617647e-01 2.931478e-27
7.303922e-01 6.617647e-01 6.829972e-28
7.401961e-01 6.617647e-01 1.544210e-28
7.500000e-01 6.617647e-01 3.388045e-29
7.598039e-01 6.617647e-01 7.213521e-30
7.696078e-01 6.617647e-01 1.490393e-30
7.794118e-01 6.617647e-01 2.988199e-31
7.892157e-01 6.617647e-01 5.813979e-32
7.990196e-01 6.617647e-01 1.097723e-32
8.088235e-01 6.617647e-01 2.011256e-33
8.186275e-01 6.617647e-01 3.575999e-34
8.284314e-01 6.617647e-01 6.169964e-35
8.382353e-01 6.617647e-01 1.033054e-35
8.480392e-01 6.617647e-01 1.678491e-36
8.578431e-01 6.617647e-01 2.646489e-37
8.676471e-01 6.617647e-01 4.049269e-38
8.774510e-01 6.617647e-01 6.012268e-39
8.872549e-01 6.617647e-01 8.662743e-40
8.970588e-01 6.617647e-01 1.211233e-40
9.068627e-01 6.617647e-01 1.643446e-41
9.166667e-01 6.617647e-01 2.163906e-42
9.264706e-01 6.617647e-01 2.764882e-43
9.362745e-01 6.617647e-01 3.428232e-44
9.460784e-01 6.617647e-01 4.124954e-45
9.558824e-01 6.617647e-01 4.816408e-46
9.656863e-01 6.617647e-01 5.457362e-47
9.754902e-01 6.617647e-01 6.000640e-48
9.852941e-01 6.617647e-01 6.402766e-49
9.950980e-01 6.617647e-01 5.466442e-16
4.901961e-03 6.715686e-01 1.786356e-49
1.470588e-02 6.715686e-01 1.525124e-16
2.450980e-02 6.715686e-01 3.089267e-16
3.431373e-02 6.715686e-01 6.072411e-16
4.411765e-02 6.715686e-01 1.158303e-15
5.392157e-02 6.715686e-01 2.144067e-15
6.372549e-02 6.715686e-01 3.851324e-15
7.352941e-02 6.715686e-01 6.713313e-15
8.333333e-02 6.715686e-01 1.135584e-14
9.313725e-02 6.715686e-01 1.864046e-14
1.029412e-01 6.715686e-01 2.969268e-14
1.127451e-01 6.715686e-01 4.589840e-14
1.225490e-01 6.715686e-01 6.884952e-14
1.323529e-01 6.715686e-01 1.002212e-13
1.421569e-01 6.715686e-01 1.415708e-13
1.519608e-01 6.715686e-01 1.940631e-13
1.617647e-01 6.715686e-01 2.581473e-13
1.715686e-01 6.715686e-01 3.332326e-13
1.813725e-01 6.715686e-01 4.174291e-13
1.911765e-01 6.715686e-01 5.074266e-13
2.009804e-01 6.715686e-01 5.985757e-13
2.107843e-01 6.715686e-01 6.852045e-13
2.205882e-01 6.715686e-01 7.611612e-13
2.303922e-01 6.715686e-01 8.205186e-13
2.401961e-01 6.715686e-01 8.583323e-13
2.500000e-01 6.715686e-01 8.713202e-13
2.598039e-01 6.715686e-01 8.583323e-13
2.696078e-01 6.715686e-01 8.205186e-13
2.794118e-01 6.715686e-01 7.611612e-13
2.892157e-01 6.715686e-01 6.852045e-13
2.990196e-01 6.715686e-01 5.985757e-13
3.088235e-01 6.715686e-01 5.074266e-13
3.186275e-01 6.715686e-01 4.174291e-13
3.284314e-01 6.715686e-01 3.332326e-13
3.382353e-01 6.715686e-01 2.581473e-13
3.480392e-01 6.715686e-01 1.940631e-13
3.578431e-01 6.715686e-01 1.415708e-13
3.676471e-01 6.715686e-01 1.002212e-13
3.774510e-01 6.715686e-01 6.884952e-14
3.872549e-01 6.715686e-01 4.589840e-14
3.970588e-01 6.715686e-01 2.969268e-14
4.068627e-01 6.715686e-01 1.864046e-14
4.166667e-01 6.715686e-01 1.135584e-14
4.264706e-01 6.715686e-01 6.713313e-15
4.362745e-01 6.715686e-01 3.851324e-15
4.460784e-01 6.715686e-01 2.144067e-15
4.558824e-01 6.715686e-01 1.158303e-15
4.656863e-01 6.715686e-01 6.072411e-16
4.754902e-01 6.715686e-01 3.089267e-16
4.852941e-01 6.715686e-01 1.525124e-16
4.950980e-01 6.715686e-01 7.306511e-17
5.049020e-01 6.715686e-01 3.396802e-17
5.147059e-01 6.715686e-01 1.532448e-17
5.245098e-01 6.715686e-01 6.708982e-18
5.343137e-01 6.715686e-01 2.850249e-18
5.441176e-01 6.715686e-01 1.175071e-18
5.539216e-01 6.715686e-01 4.701116e-19
5.637255e-01 6.715686e-01 1.825127e-19
5.735294e-01 6.715686e-01 6.876072e-20
5.833333e-01 6.715686e-01 2.513871e-20
5.931373e-01 6.715686e-01 8.918689e-21
6.029412e-01 6.715686e-01 3.070537e-21
6.127451e-01 6.715686e-01 1.025848e-21
6.225490e-01 6.715686e-01 3.325881e-22
6.323529e-01 6.715686e-01 1.046371e-22
6.421569e-01 6.715686e-01 3.194628e-23
6.519608e-01 6.715686e-01 9.464771e-24
6.617647e-01 6.715686e-01 2.721167e-24
6.715686e-01 6.715686e-01 7.591990e-25
6.813725e-01 6.715686e-01 2.055471e-25
6.911765e-01 6.715686e-01 5.400355e-26
7.009804e-01 6.715686e-01 1.376856e-26
7.107843e-01 6.715686e-01 3.406514e-27
7.205882e-01 6.715686e-01 8.178753e-28
7.303922e-01 6.715686e-01 1.905545e-28
7.401961e-01 6.715686e-01 4.308308e-29
7.500000e-01 6.715686e-01 9.452563e-30
7.598039e-01 6.715686e-01 2.012555e-30
7.696078e-01 6.715686e-01 4.158159e-31
7.794118e-01 6.715686e-01 8.337001e-32
7.892157e-01 6.715686e-01 1.622086e-32
7.990196e-01 6.715686e-01 3.062621e-33
8.088235e-01 6.715686e-01 5.611356e-34
8.186275e-01 6.715686e-01 9.976949e-35
8.284314e-01 6.715686e-01 1.721405e-35
8.382353e-01 6.715686e-01 2.882196e-36
8.480392e-01 6.715686e-01 4.682949e-37
8.578431e-01 6.715686e-01 7.383640e-38
8.676471e-01 6.715686e-01 1.129736e-38
8.774510e-01 6.715686e-01 1.677408e-39
8.872549e-01 6.715686e-01 2.416884e-40
8.970588e-01 6.715686e-01 3.379311e-41
9.068627e-01 6.715686e-01 4.585174e-42
9.166667e-01 6.715686e-01 6.037245e-43
9.264706e-01 6.715686e-01 7.713954e-44
9.362745e-01 6.715686e-01 9.564684e-45
9.460784e-01 6.715686e-01 1.150852e-45
9.558824e-01 6.715686e-01 1.343766e-46
9.656863e-01 6.715686e-01 1.522591e-47
9.754902e-01 6.715686e-01 1.674164e-48
9.852941e-01 6.715686e-01 1.786356e-49
9.950980e-01 6.715686e-01 1.525124e-16
4.901961e-03 6.813725e-01 4.836417e-50
1.470588e-02 6.813725e-01 4.129151e-17
2.450980e-02 6.813725e-01 8.363945e-17
3.431373e-02 6.813725e-01 1.644057e-16
4.411765e-02 6.813725e-01 3.136013e-16
5.392157e-02 6.813725e-01 5.804892e-16
6.372549e-02 6.813725e-01 1.042715e-15
7.352941e-02 6.813725e-01 1.817576e-15
8.333333e-02 6.813725e-01 3.074502e-15
9.313725e-02 6.813725e-01 5.046756e-15
1.029412e-01 6.813725e-01 8.039057e-15
1.127451e-01 6.813725e-01 1.242663e-14
1.225490e-01 6.813725e-01 1.864046e-14
1.323529e-01 6.813725e-01 2.713409e-14
1.421569e-01 6.813725e-01 3.832916e-14
1.519608e-01 6.813725e-01 5.254104e-14
1.617647e-01 6.813725e-01 6.989132e-14
1.715686e-01 6.813725e-01 9.022008e-14
1.813725e-01 6.813725e-01 1.130156e-13
1.911765e-01 6.813725e-01 1.373817e-13
2.009804e-01 6.813725e-01 1.620596e-13
2.107843e-01 6.813725e-01 1.855137e-13
2.205882e-01 6.813725e-01 2.060783e-13
2.303922e-01 6.813725e-01 2.221489e-13
2.401961e-01 6.813725e-01 2.323866e-13
2.500000e-01 6.813725e-01 2.359030e-13
2.598039e-01 6.813725e-01 2.323866e-13
2.696078e-01 6.813725e-01 2.221489e-13
2.794118e-01 6.813725e-01 2.060783e-13
2.892157e-01 6.813725e-01 1.855137e-13
2.990196e-01 6.813725e-01 1.620596e-13
3.088235e-01 6.813725e-01 1.373817e-13
3.186275e-01 6.813725e-01 1.130156e-13
3.284314e-01 6.813725e-01 9.022008e-14
3.382353e-01 6.813725e-01 6.989132e-14
3.480392e-01 6.813725e-01 5.254104e-14
3.578431e-01 6.813725e-01 3.832916e-14
3.676471e-01 6.813725e-01 2.713409e-14
3.774510e-01 6.813725e-01 1.864046e-14
3.872549e-01 6.813725e-01 1.242663e-14
3.970588e-01 6.813725e-01 8.039057e-15
4.068627e-01 6.813725e-01 5.046756e-15
4.166667e-01 6.813725e-01 3.074502e-15
4.264706e-01 6.813725e-01 1.817576e-15
4.362745e-01 6.813725e-01 1.042715e-15
4.460784e-01 6.813725e-01 5.804892e-16
4.558824e-01 6.813725e-01 3.136013e-16
4.656863e-01 6.813725e-01 1.644057e-16
4.754902e-01 6.813725e-01 8.363945e-17
4.852941e-01 6.813725e-01 4.129151e-17
4.950980e-01 6.813725e-01 1.978180e-17
5.049020e-01 6.813725e-01 9.196572e-18
5.147059e-01 6.813725e-01 4.148982e-18
5.245098e-01 6.813725e-01 1.816404e-18
5.343137e-01 6.813725e-01 7.716822e-19
5.441176e-01 6.813725e-01 3.181412e-19
5.539216e-01 6.813725e-01 1.272790e-19
5.637255e-01 6.813725e-01 4.941385e-20
5.735294e-01 6.813725e-01 1.861642e-20
5.833333e-01 6.813725e-01 6.806106e-21
5.931373e-01 6.813725e-01 2.414664e-21
6.029412e-01 6.813725e-01 8.313233e-22
6.127451e-01 6.813725e-01 2.777401e-22
6.225490e-01 6.813725e-01 9.004558e-23
6.323529e-01 6.813725e-01 2.832967e-23
6.421569e-01 6.813725e-01 8.649202e-24
6.519608e-01 6.813725e-01 2.562511e-24
6.617647e-01 6.813725e-01 7.367343e-25
6.715686e-01 6.813725e-01 2.055471e-25
6.813725e-01 6.813725e-01 5.565023e-26
6.911765e-01 6.813725e-01 1.462103e-26
7.009804e-01 6.813725e-01 3.727728e-27
7.107843e-01 6.813725e-01 9.222865e-28
7.205882e-01 6.813725e-01 2.214332e-28
7.303922e-01 6.813725e-01 5.159112e-29
7.401961e-01 6.813725e-01 1.166440e-29
7.500000e-01 6.813725e-01 2.559206e-30
7.598039e-01 6.813725e-01 5.448832e-31
7.696078e-01 6.813725e-01 1.125789e-31
7.794118e-01 6.813725e-01 2.257177e-32
7.892157e-01 6.813725e-01 4.391669e-33
7.990196e-01 6.813725e-01 8.291801e-34
8.088235e-01 6.813725e-01 1.519230e-34
8.186275e-01 6.813725e-01 2.701180e-35
8.284314e-01 6.813725e-01 4.660566e-36
8.382353e-01 6.813725e-01 7.803317e-37
8.480392e-01 6.813725e-01 1.267871e-37
8.578431e-01 6.813725e-01 1.999062e-38
8.676471e-01 6.813725e-01 3.058670e-39
8.774510e-01 6.813725e-01 4.541449e-40
8.872549e-01 6.813725e-01 6.543521e-41
8.970588e-01 6.813725e-01 9.149215e-42
9.068627e-01 6.813725e-01 1.241399e-42
9.166667e-01 6.813725e-01 1.634536e-43
9.264706e-01 6.813725e-01 2.088492e-44
9.362745e-01 6.813725e-01 2.589562e-45
9.460784e-01 6.813725e-01 3.115840e-46
9.558824e-01 6.813725e-01 3.638140e-47
9.656863e-01 6.813725e-01 4.122293e-48
9.754902e-01 6.813725e-01 4.532665e-49
9.852941e-01 6.813725e-01 4.836417e-50
9.950980e-01 6.813725e-01 4.129151e-17
4.901961e-03 6.911765e-01 1.270676e-50
1.470588e-02 6.911765e-01 1.084855e-17
2.450980e-02 6.911765e-01 2.197466e-17
3.431373e-02 6.911765e-01 4.319444e-17
4.411765e-02 6.911765e-01 8.239272e-17
5.392157e-02 6.911765e-01 1.525124e-16
6.372549e-02 6.911765e-01 2.739534e-16
7.352941e-02 6.911765e-01 4.775332e-16
8.333333e-02 6.911765e-01 8.077664e-16
9.313725e-02 6.911765e-01 1.325938e-15
1.029412e-01 6.911765e-01 2.112108e-15
1.127451e-01 6.911765e-01 3.264857e-15
1.225490e-01 6.911765e-01 4.897423e-15
1.323529e-01 6.911765e-01 7.128962e-15
1.421569e-01 6.911765e-01 1.007025e-14
1.519608e-01 6.911765e-01 1.380415e-14
1.617647e-01 6.911765e-01 1.836260e-14
1.715686e-01 6.911765e-01 2.370359e-14
1.813725e-01 6.911765e-01 2.969268e-14
1.911765e-01 6.911765e-01 3.609441e-14
2.009804e-01 6.911765e-01 4.257805e-14
2.107843e-01 6.911765e-01 4.874016e-14
2.205882e-01 6.911765e-01 5.414313e-14
2.303922e-01 6.911765e-01 5.836535e-14
2.401961e-01 6.911765e-01 6.105513e-14
2.500000e-01 6.911765e-01 6.197899e-14
2.598039e-01 6.911765e-01 6.105513e-14
2.696078e-01 6.911765e-01 5.836535e-14
2.794118e-01 6.911765e-01 5.414313e-14
2.892157e-01 6.911765e-01 4.874016e-14
2.990196e-01 6.911765e-01 4.257805e-14
3.088235e-01 6.911765e-01 3.609441e-14
3.186275e-01 6.911765e-01 2.969268e-14
3.284314e-01 6.911765e-01 2.370359e-14
3.382353e-01 6.911765e-01 1.836260e-14
3.480392e-01 6.911765e-01 1.380415e-14
3.578431e-01 6.911765e-01 1.007025e-14
3.676471e-01 6.911765e-01 7.128962e-15
3.774510e-01 6.911765e-01 4.897423e-15
3.872549e-01 6.911765e-01 3.264857e-15
3.970588e-01 6.911765e-01 2.112108e-15
4.068627e-01 6.911765e-01 1.325938e-15
4.166667e-01 6.911765e-01 8.077664e-16
4.264706e-01 6.911765e-01 4.775332e-16
4.362745e-01 6.911765e-01 2.739534e-16
4.460784e-01 6.911765e-01 1.525124e-16
4.558824e-01 6.911765e-01 8.239272e-17
4.656863e-01 6.911765e-01 4.319444e-17
4.754902e-01 6.911765e-01 2.197466e-17
4.852941e-01 6.911765e-01 1.084855e-17
4.950980e-01 6.911765e-01 5.197287e-18
5.049020e-01 6.911765e-01 2.416223e-18
5.147059e-01 6.911765e-01 1.090065e-18
5.245098e-01 6.911765e-01 4.772252e-19
5.343137e-01 6.911765e-01 2.027447e-19
5.441176e-01 6.911765e-01 8.358549e-20
5.539216e-01 6.911765e-01 3.344011e-20
5.637255e-01 6.911765e-01 1.298254e-20
5.735294e-01 6.911765e-01 4.891106e-21
5.833333e-01 6.911765e-01 1.788174e-21
5.931373e-01 6.911765e-01 6.344066e-22
6.029412e-01 6.911765e-01 2.184142e-22
6.127451e-01 6.911765e-01 7.297087e-23
6.225490e-01 6.911765e-01 2.365775e-23
6.323529e-01 6.911765e-01 7.443078e-24
6.421569e-01 6.911765e-01 2.272412e-24
6.519608e-01 6.911765e-01 6.732507e-25
6.617647e-01 6.911765e-01 1.935628e-25
6.715686e-01 6.911765e-01 5.400355e-26
6.813725e-01 6.911765e-01 1.462103e-26
6.911765e-01 6.911765e-01 3.841395e-27
7.009804e-01 6.911765e-01 9.793891e-28
7.107843e-01 6.911765e-01 2.423131e-28
7.205882e-01 6.911765e-01 5.817733e-29
7.303922e-01 6.911765e-01 1.355458e-29
7.401961e-01 6.911765e-01 3.064598e-30
7.500000e-01 6.911765e-01 6.723823e-31
7.598039e-01 6.911765e-01 1.431576e-31
7.696078e-01 6.911765e-01 2.957793e-32
7.794118e-01 6.911765e-01 5.930298e-33
7.892157e-01 6.911765e-01 1.153827e-33
7.990196e-01 6.911765e-01 2.178512e-34
8.088235e-01 6.911765e-01 3.991485e-35
8.186275e-01 6.911765e-01 7.096831e-36
8.284314e-01 6.911765e-01 1.224474e-36
8.382353e-01 6.911765e-01 2.050172e-37
8.480392e-01 6.911765e-01 3.331088e-38
8.578431e-01 6.911765e-01 5.252151e-39
8.676471e-01 6.911765e-01 8.036069e-40
8.774510e-01 6.911765e-01 1.193178e-40
8.872549e-01 6.911765e-01 1.719184e-41
8.970588e-01 6.911765e-01 2.403781e-42
9.068627e-01 6.911765e-01 3.261538e-43
9.166667e-01 6.911765e-01 4.294429e-44
9.264706e-01 6.911765e-01 5.487111e-45
9.362745e-01 6.911765e-01 6.803577e-46
9.460784e-01 6.911765e-01 8.186272e-47
9.558824e-01 6.911765e-01 9.558513e-48
9.656863e-01 6.911765e-01 1.083053e-48
9.754902e-01 6.911765e-01 1.190871e-49
9.852941e-01 6.911765e-01 1.270676e-50
9.950980e-01 6.911765e-01 1.084855e-17
4.901961e-03 7.009804e-01 3.239672e-51
1.470588e-02 7.009804e-01 2.765910e-18
2.450980e-02 7.009804e-01 5.602585e-18
3.431373e-02 7.009804e-01 1.101271e-17
4.411765e-02 7.009804e-01 2.100657e-17
5.392157e-02 7.009804e-01 3.888404e-17
6.372549e-02 7.009804e-01 6.984624e-17
7.352941e-02 7.009804e-01 1.217503e-16
8.333333e-02 7.009804e-01 2.059454e-16
9.313725e-02 7.009804e-01 3.380567e-16
1.029412e-01 7.009804e-01 5.384959e-16
1.127451e-01 7.009804e-01 8.323970e-16
1.225490e-01 7.009804e-01 1.248630e-15
1.323529e-01 7.009804e-01 1.817576e-15
1.421569e-01 7.009804e-01 2.567477e-15
1.519608e-01 7.009804e-01 3.519459e-15
1.617647e-01 7.009804e-01 4.681667e-15
1.715686e-01 7.009804e-01 6.043388e-15
1.813725e-01 7.009804e-01 7.570346e-15
1.911765e-01 7.009804e-01 9.202509e-15
2.009804e-01 7.009804e-01 1.085556e-14
2.107843e-01 7.009804e-01 1.242663e-14
2.205882e-01 7.009804e-01 1.380415e-14
2.303922e-01 7.009804e-01 1.488063e-14
2.401961e-01 7.009804e-01 1.556641e-14
2.500000e-01 7.009804e-01 1.580195e-14
2.598039e-01 7.009804e-01 1.556641e-14
2.696078e-01 7.009804e-01 1.488063e-14
2.794118e-01 7.009804e-01 1.380415e-14
2.892157e-01 7.009804e-01 1.242663e-14
2.990196e-01 7.009804e-01 1.085556e-14
3.088235e-01 7.009804e-01 9.202509e-15
3.186275e-01 7.009804e-01 7.570346e-15
3.284314e-01 7.009804e-01 6.043388e-15
3.382353e-01 7.009804e-01 4.681667e-15
3.480392e-01 7.009804e-01 3.519459e-15
3.578431e-01 7.009804e-01 2.567477e-15
3.676471e-01 7.009804e-01 1.817576e-15
3.774510e-01 7.009804e-01 1.248630e-15
3.872549e-01 7.009804e-01 8.323970e-16
3.970588e-01 7.009804e-01 5.384959e-16
4.068627e-01 7.009804e-01 3.380567e-16
4.166667e-01 7.009804e-01 2.059454e-16
4.264706e-01 7.009804e-01 1.217503e-16
4.362745e-01 7.009804e-01 6.984624e-17
4.460784e-01 7.009804e-01 3.888404e-17
4.558824e-01 7.009804e-01 2.100657e-17
4.656863e-01 7.009804e-01 1.101271e-17
4.754902e-01 7.009804e-01 5.602585e-18
4.852941e-01 7.009804e-01 2.765910e-18
4.950980e-01 7.009804e-01 1.325083e-18
5.049020e-01 7.009804e-01 6.160320e-19
5.147059e-01 7.009804e-01 2.779194e-19
5.245098e-01 7.009804e-01 1.216717e-19
5.343137e-01 7.009804e-01 5.169110e-20
5.441176e-01 7.009804e-01 2.131068e-20
5.539216e-01 7.009804e-01 8.525777e-21
5.637255e-01 7.009804e-01 3.309985e-21
5.735294e-01 7.009804e-01 1.247020e-21
5.833333e-01 7.009804e-01 4.559067e-22
5.931373e-01 7.009804e-01 1.617462e-22
6.029412e-01 7.009804e-01 5.568616e-23
6.127451e-01 7.009804e-01 1.860441e-23
6.225490e-01 7.009804e-01 6.031699e-24
6.323529e-01 7.009804e-01 1.897662e-24
6.421569e-01 7.009804e-01 5.793664e-25
6.519608e-01 7.009804e-01 1.716497e-25
6.617647e-01 7.009804e-01 4.935012e-26
6.715686e-01 7.009804e-01 1.376856e-26
6.813725e-01 7.009804e-01 3.727728e-27
6.911765e-01 7.009804e-01 9.793891e-28
7.009804e-01 7.009804e-01 2.497017e-28
7.107843e-01 7.009804e-01 6.177932e-29
7.205882e-01 7.009804e-01 1.483269e-29
7.303922e-01 7.009804e-01 3.455829e-30
7.401961e-01 7.009804e-01 7.813395e-31
7.500000e-01 7.009804e-01 1.714283e-31
7.598039e-01 7.009804e-01 3.649898e-32
7.696078e-01 7.009804e-01 7.541090e-33
7.794118e-01 7.009804e-01 1.511969e-33
7.892157e-01 7.009804e-01 2.941757e-34
7.990196e-01 7.009804e-01 5.554260e-35
8.088235e-01 7.009804e-01 1.017656e-35
8.186275e-01 7.009804e-01 1.809384e-36
8.284314e-01 7.009804e-01 3.121878e-37
8.382353e-01 7.009804e-01 5.227048e-38
8.480392e-01 7.009804e-01 8.492829e-39
8.578431e-01 7.009804e-01 1.339071e-39
8.676471e-01 7.009804e-01 2.048849e-40
8.774510e-01 7.009804e-01 3.042088e-41
8.872549e-01 7.009804e-01 4.383175e-42
8.970588e-01 7.009804e-01 6.128598e-43
9.068627e-01 7.009804e-01 8.315508e-44
9.166667e-01 7.009804e-01 1.094893e-44
9.264706e-01 7.009804e-01 1.398975e-45
9.362745e-01 7.009804e-01 1.734617e-46
9.460784e-01 7.009804e-01 2.087144e-47
9.558824e-01 7.009804e-01 2.437006e-48
9.656863e-01 7.009804e-01 2.761316e-49
9.754902e-01 7.009804e-01 3.036204e-50
9.852941e-01 7.009804e-01 3.239672e-51
9.950980e-01 7.009804e-01 2.765910e-18
4.901961e-03 7.107843e-01 8.015352e-52
1.470588e-02 7.107843e-01 6.843207e-19
2.450980e-02 7.107843e-01 1.386149e-18
3.431373e-02 7.107843e-01 2.724682e-18
4.411765e-02 7.107843e-01 5.197287e-18
5.392157e-02 7.107843e-01 9.620397e-18
6.372549e-02 7.107843e-01 1.728083e-17
7.352941e-02 7.107843e-01 3.012253e-17
8.333333e-02 7.107843e-01 5.095346e-17
9.313725e-02 7.107843e-01 8.363945e-17
1.029412e-01 7.107843e-01 1.332306e-16
1.127451e-01 7.107843e-01 2.059454e-16
1.225490e-01 7.107843e-01 3.089267e-16
1.323529e-01 7.107843e-01 4.496910e-16
1.421569e-01 7.107843e-01 6.352259e-16
1.519608e-01 7.107843e-01 8.707581e-16
1.617647e-01 7.107843e-01 1.158303e-15
1.715686e-01 7.107843e-01 1.495210e-15
1.813725e-01 7.107843e-01 1.872998e-15
1.911765e-01 7.107843e-01 2.276815e-15
2.009804e-01 7.107843e-01 2.685800e-15
2.107843e-01 7.107843e-01 3.074502e-15
2.205882e-01 7.107843e-01 3.415319e-15
2.303922e-01 7.107843e-01 3.681654e-15
2.401961e-01 7.107843e-01 3.851324e-15
2.500000e-01 7.107843e-01 3.909600e-15
2.598039e-01 7.107843e-01 3.851324e-15
2.696078e-01 7.107843e-01 3.681654e-15
2.794118e-01 7.107843e-01 3.415319e-15
2.892157e-01 7.107843e-01 3.074502e-15
2.990196e-01 7.107843e-01 2.685800e-15
3.088235e-01 7.107843e-01 2.276815e-15
3.186275e-01 7.107843e-01 1.872998e-15
3.284314e-01 7.107843e-01 1.495210e-15
3.382353e-01 7.107843e-01 1.158303e-15
3.480392e-01 7.107843e-01 8.707581e-16
3.578431e-01 7.107843e-01 6.352259e-16
3.676471e-01 7.107843e-01 4.496910e-16
3.774510e-01 7.107843e-01 3.089267e-16
3.872549e-01 7.107843e-01 2.059454e-16
3.970588e-01 7.107843e-01 1.332306e-16
4.068627e-01 7.107843e-01 8.363945e-17
4.166667e-01 7.107843e-01 5.095346e-17
4.264706e-01 7.107843e-01 3.012253e-17
4.362745e-01 7.107843e-01 1.728083e-17
4.460784e-01 7.107843e-01 9.620397e-18
4.558824e-01 7.107843e-01 5.197287e-18
4.656863e-01 7.107843e-01 2.724682e-18
4.754902e-01 7.107843e-01 1.386149e-18
4.852941e-01 7.107843e-01 6.843207e-19
4.950980e-01 7.107843e-01 3.278420e-19
5.049020e-01 7.107843e-01 1.524140e-19
5.147059e-01 7.107843e-01 6.876072e-20
5.245098e-01 7.107843e-01 3.010310e-20
5.343137e-01 7.107843e-01 1.278902e-20
5.441176e-01 7.107843e-01 5.272527e-21
5.539216e-01 7.107843e-01 2.109384e-21
5.637255e-01 7.107843e-01 8.189316e-22
5.735294e-01 7.107843e-01 3.085283e-22
5.833333e-01 7.107843e-01 1.127970e-22
5.931373e-01 7.107843e-01 4.001802e-23
6.029412e-01 7.107843e-01 1.377745e-23
6.127451e-01 7.107843e-01 4.602962e-24
6.225490e-01 7.107843e-01 1.492318e-24
6.323529e-01 7.107843e-01 4.695052e-25
6.421569e-01 7.107843e-01 1.433425e-25
6.519608e-01 7.107843e-01 4.246828e-26
6.617647e-01 7.107843e-01 1.220983e-26
6.715686e-01 7.107843e-01 3.406514e-27
6.813725e-01 7.107843e-01 9.222865e-28
6.911765e-01 7.107843e-01 2.423131e-28
7.009804e-01 7.107843e-01 6.177932e-29
7.107843e-01 7.107843e-01 1.528498e-29
7.205882e-01 7.107843e-01 3.669794e-30
7.303922e-01 7.107843e-01 8.550152e-31
7.401961e-01 7.107843e-01 1.933131e-31
7.500000e-01 7.107843e-01 4.241351e-32
7.598039e-01 7.107843e-01 9.030302e-33
7.696078e-01 7.107843e-01 1.865760e-33
7.794118e-01 7.107843e-01 3.740799e-34
7.892157e-01 7.107843e-01 7.278275e-35
7.990196e-01 7.107843e-01 1.374193e-35
8.088235e-01 7.107843e-01 2.517807e-36
8.186275e-01 7.107843e-01 4.476642e-37
8.284314e-01 7.107843e-01 7.723917e-38
8.382353e-01 7.107843e-01 1.293237e-38
8.480392e-01 7.107843e-01 2.101232e-39
8.578431e-01 7.107843e-01 3.313028e-40
8.676471e-01 7.107843e-01 5.069108e-41
8.774510e-01 7.107843e-01 7.526504e-42
8.872549e-01 7.107843e-01 1.084452e-42
8.970588e-01 7.107843e-01 1.516292e-43
9.068627e-01 7.107843e-01 2.057360e-44
9.166667e-01 7.107843e-01 2.708902e-45
9.264706e-01 7.107843e-01 3.461239e-46
9.362745e-01 7.107843e-01 4.291659e-47
9.460784e-01 7.107843e-01 5.163855e-48
9.558824e-01 7.107843e-01 6.029458e-49
9.656863e-01 7.107843e-01 6.831841e-50
9.754902e-01 7.107843e-01 7.511947e-51
9.852941e-01 7.107843e-01 8.015352e-52
9.950980e-01 7.107843e-01 6.843207e-19
4.901961e-03 7.205882e-01 1.924418e-52
1.470588e-02 7.205882e-01 1.642996e-19
2.450980e-02 7.205882e-01 3.328028e-19
3.431373e-02 7.205882e-01 6.541731e-19
4.411765e-02 7.205882e-01 1.247825e-18
5.392157e-02 7.205882e-01 2.309776e-18
6.372549e-02 7.205882e-01 4.148982e-18
7.352941e-02 7.205882e-01 7.232166e-18
8.333333e-02 7.205882e-01 1.223350e-17
9.313725e-02 7.205882e-01 2.008113e-17
1.029412e-01 7.205882e-01 3.198754e-17
1.127451e-01 7.205882e-01 4.944575e-17
1.225490e-01 7.205882e-01 7.417070e-17
1.323529e-01 7.205882e-01 1.079670e-16
1.421569e-01 7.205882e-01 1.525124e-16
1.519608e-01 7.205882e-01 2.090617e-16
1.617647e-01 7.205882e-01 2.780988e-16
1.715686e-01 7.205882e-01 3.589872e-16
1.813725e-01 7.205882e-01 4.496910e-16
1.911765e-01 7.205882e-01 5.466442e-16
2.009804e-01 7.205882e-01 6.448379e-16
2.107843e-01 7.205882e-01 7.381620e-16
2.205882e-01 7.205882e-01 8.199892e-16
2.303922e-01 7.205882e-01 8.839341e-16
2.401961e-01 7.205882e-01 9.246703e-16
2.500000e-01 7.205882e-01 9.386621e-16
2.598039e-01 7.205882e-01 9.246703e-16
2.696078e-01 7.205882e-01 8.839341e-16
2.794118e-01 7.205882e-01 8.199892e-16
2.892157e-01 7.205882e-01 7.381620e-16
2.990196e-01 7.205882e-01 6.448379e-16
3.088235e-01 7.205882e-01 5.466442e-16
3.186275e-01 7.205882e-01 4.496910e-16
3.284314e-01 7.205882e-01 3.589872e-16
3.382353e-01 7.205882e-01 2.780988e-16
3.480392e-01 7.205882e-01 2.090617e-16
3.578431e-01 7.205882e-01 1.525124e-16
3.676471e-01 7.205882e-01 1.079670e-16
3.774510e-01 7.205882e-01 7.417070e-17
3.872549e-01 7.205882e-01 4.944575e-17
3.970588e-01 7.205882e-01 3.198754e-17
4.068627e-01 7.205882e-01 2.008113e-17
4.166667e-01 7.205882e-01 1.223350e-17
4.264706e-01 7.205882e-01 7.232166e-18
4.362745e-01 7.205882e-01 4.148982e-18
4.460784e-01 7.205882e-01 2.309776e-18
4.558824e-01 7.205882e-01 1.247825e-18
4.656863e-01 7.205882e-01 6.541731e-19
4.754902e-01 7.205882e-01 3.328028e-19
4.852941e-01 7.205882e-01 1.642996e-19
4.950980e-01 7.205882e-01 7.871210e-20
5.049020e-01 7.205882e-01 3.659332e-20
5.147059e-01 7.205882e-01 1.650887e-20
5.245098e-01 7.205882e-01 7.227500e-21
5.343137e-01 7.205882e-01 3.070537e-21
5.441176e-01 7.205882e-01 1.265889e-21
5.539216e-01 7.205882e-01 5.064452e-22
5.637255e-01 7.205882e-01 1.966186e-22
5.735294e-01 7.205882e-01 7.407503e-23
5.833333e-01 7.205882e-01 2.708161e-23
5.931373e-01 7.205882e-01 9.607989e-24
6.029412e-01 7.205882e-01 3.307850e-24
6.127451e-01 7.205882e-01 1.105132e-24
6.225490e-01 7.205882e-01 3.582929e-25
6.323529e-01 7.205882e-01 1.127242e-25
6.421569e-01 7.205882e-01 3.441532e-26
6.519608e-01 7.205882e-01 1.019628e-26
6.617647e-01 7.205882e-01 2.931478e-27
6.715686e-01 7.205882e-01 8.178753e-28
6.813725e-01 7.205882e-01 2.214332e-28
6.911765e-01 7.205882e-01 5.817733e-29
7.009804e-01 7.205882e-01 1.483269e-29
7.107843e-01 7.205882e-01 3.669794e-30
7.205882e-01 7.205882e-01 8.810865e-31
7.303922e-01 7.205882e-01 2.052819e-31
7.401961e-01 7.205882e-01 4.641285e-32
7.500000e-01 7.205882e-01 1.018313e-32
7.598039e-01 7.205882e-01 2.168099e-33
7.696078e-01 7.205882e-01 4.479532e-34
7.794118e-01 7.205882e-01 8.981344e-35
7.892157e-01 7.205882e-01 1.747452e-35
7.990196e-01 7.205882e-01 3.299322e-36
8.088235e-01 7.205882e-01 6.045042e-37
8.186275e-01 7.205882e-01 1.074804e-37
8.284314e-01 7.205882e-01 1.854447e-38
8.382353e-01 7.205882e-01 3.104953e-39
8.480392e-01 7.205882e-01 5.044880e-40
8.578431e-01 7.205882e-01 7.954301e-41
8.676471e-01 7.205882e-01 1.217050e-41
8.774510e-01 7.205882e-01 1.807050e-42
8.872549e-01 7.205882e-01 2.603678e-43
8.970588e-01 7.205882e-01 3.640488e-44
9.068627e-01 7.205882e-01 4.939549e-45
9.166667e-01 7.205882e-01 6.503846e-46
9.264706e-01 7.205882e-01 8.310144e-47
9.362745e-01 7.205882e-01 1.030391e-47
9.460784e-01 7.205882e-01 1.239798e-48
9.558824e-01 7.205882e-01 1.447622e-49
9.656863e-01 7.205882e-01 1.640267e-50
9.754902e-01 7.205882e-01 1.803555e-51
9.852941e-01 7.205882e-01 1.924418e-52
9.950980e-01 7.205882e-01 1.642996e-19
4.901961e-03 7.303922e-01 4.483650e-53
1.470588e-02 7.303922e-01 3.827972e-20
2.450980e-02 7.303922e-01 7.753882e-20
3.431373e-02 7.303922e-01 1.524140e-19
4.411765e-02 7.303922e-01 2.907273e-19
5.392157e-02 7.303922e-01 5.381485e-19
6.372549e-02 7.303922e-01 9.666599e-19
7.352941e-02 7.303922e-01 1.685003e-18
8.333333e-02 7.303922e-01 2.850249e-18
9.313725e-02 7.303922e-01 4.678647e-18
1.029412e-01 7.303922e-01 7.452691e-18
1.127451e-01 7.303922e-01 1.152023e-17
1.225490e-01 7.303922e-01 1.728083e-17
1.323529e-01 7.303922e-01 2.515494e-17
1.421569e-01 7.303922e-01 3.553345e-17
1.519608e-01 7.303922e-01 4.870871e-17
1.617647e-01 7.303922e-01 6.479347e-17
1.715686e-01 7.303922e-01 8.363945e-17
1.813725e-01 7.303922e-01 1.047723e-16
1.911765e-01 7.303922e-01 1.273611e-16
2.009804e-01 7.303922e-01 1.502390e-16
2.107843e-01 7.303922e-01 1.719824e-16
2.205882e-01 7.303922e-01 1.910471e-16
2.303922e-01 7.303922e-01 2.059454e-16
2.401961e-01 7.303922e-01 2.154364e-16
2.500000e-01 7.303922e-01 2.186963e-16
2.598039e-01 7.303922e-01 2.154364e-16
2.696078e-01 7.303922e-01 2.059454e-16
2.794118e-01 7.303922e-01 1.910471e-16
2.892157e-01 7.303922e-01 1.719824e-16
2.990196e-01 7.303922e-01 1.502390e-16
3.088235e-01 7.303922e-01 1.273611e-16
3.186275e-01 7.303922e-01 1.047723e-16
3.284314e-01 7.303922e-01 8.363945e-17
3.382353e-01 7.303922e-01 6.479347e-17
3.480392e-01 7.303922e-01 4.870871e-17
3.578431e-01 7.303922e-01 3.553345e-17
3.676471e-01 7.303922e-01 2.515494e-17
3.774510e-01 7.303922e-01 1.728083e-17
3.872549e-01 7.303922e-01 1.152023e-17
3.970588e-01 7.303922e-01 7.452691e-18
4.068627e-01 7.303922e-01 4.678647e-18
4.166667e-01 7.303922e-01 2.850249e-18
4.264706e-01 7.303922e-01 1.685003e-18
4.362745e-01 7.303922e-01 9.666599e-19
4.460784e-01 7.303922e-01 5.381485e-19
4.558824e-01 7.303922e-01 2.907273e-19
4.656863e-01 7.303922e-01 1.524140e-19
4.754902e-01 7.303922e-01 7.753882e-20
4.852941e-01 7.303922e-01 3.827972e-20
4.950980e-01 7.303922e-01 1.833892e-20
5.049020e-01 7.303922e-01 8.525777e-21
5.147059e-01 7.303922e-01 3.846356e-21
5.245098e-01 7.303922e-01 1.683916e-21
5.343137e-01 7.303922e-01 7.153959e-22
5.441176e-01 7.303922e-01 2.949361e-22
5.539216e-01 7.303922e-01 1.179953e-22
5.637255e-01 7.303922e-01 4.580962e-23
5.735294e-01 7.303922e-01 1.725854e-23
5.833333e-01 7.303922e-01 6.309671e-24
5.931373e-01 7.303922e-01 2.238539e-24
6.029412e-01 7.303922e-01 7.706869e-25
6.127451e-01 7.303922e-01 2.574818e-25
6.225490e-01 7.303922e-01 8.347768e-26
6.323529e-01 7.303922e-01 2.626332e-26
6.421569e-01 7.303922e-01 8.018332e-27
6.519608e-01 7.303922e-01 2.375603e-27
6.617647e-01 7.303922e-01 6.829972e-28
6.715686e-01 7.303922e-01 1.905545e-28
6.813725e-01 7.303922e-01 5.159112e-29
6.911765e-01 7.303922e-01 1.355458e-29
7.009804e-01 7.303922e-01 3.455829e-30
7.107843e-01 7.303922e-01 8.550152e-31
7.205882e-01 7.303922e-01 2.052819e-31
7.303922e-01 7.303922e-01 4.782808e-32
7.401961e-01 7.303922e-01 1.081360e-32
7.500000e-01 7.303922e-01 2.372539e-33
7.598039e-01 7.303922e-01 5.051396e-34
7.696078e-01 7.303922e-01 1.043674e-34
7.794118e-01 7.303922e-01 2.092539e-35
7.892157e-01 7.303922e-01 4.071342e-36
7.990196e-01 7.303922e-01 7.687000e-37
8.088235e-01 7.303922e-01 1.408418e-37
8.186275e-01 7.303922e-01 2.504156e-38
8.284314e-01 7.303922e-01 4.320626e-39
8.382353e-01 7.303922e-01 7.234145e-40
8.480392e-01 7.303922e-01 1.175393e-40
8.578431e-01 7.303922e-01 1.853251e-41
8.676471e-01 7.303922e-01 2.835572e-42
8.774510e-01 7.303922e-01 4.210197e-43
8.872549e-01 7.303922e-01 6.066238e-44
8.970588e-01 7.303922e-01 8.481874e-45
9.068627e-01 7.303922e-01 1.150852e-45
9.166667e-01 7.303922e-01 1.515313e-46
9.264706e-01 7.303922e-01 1.936158e-47
9.362745e-01 7.303922e-01 2.400680e-48
9.460784e-01 7.303922e-01 2.888572e-49
9.558824e-01 7.303922e-01 3.372775e-50
9.656863e-01 7.303922e-01 3.821614e-51
9.754902e-01 7.303922e-01 4.202054e-52
9.852941e-01 7.303922e-01 4.483650e-53
9.950980e-01 7.303922e-01 3.827972e-20
4.901961e-03 7.401961e-01 1.013723e-53
1.470588e-02 7.401961e-01 8.654785e-21
2.450980e-02 7.401961e-01 1.753100e-20
3.431373e-02 7.401961e-01 3.445977e-20
4.411765e-02 7.401961e-01 6.573147e-20
5.392157e-02 7.401961e-01 1.216717e-19
6.372549e-02 7.401961e-01 2.185552e-19
7.352941e-02 7.401961e-01 3.809677e-19
8.333333e-02 7.401961e-01 6.444219e-19
9.313725e-02 7.401961e-01 1.057810e-18
1.029412e-01 7.401961e-01 1.685003e-18
1.127451e-01 7.401961e-01 2.604646e-18
1.225490e-01 7.401961e-01 3.907078e-18
1.323529e-01 7.401961e-01 5.687361e-18
1.421569e-01 7.401961e-01 8.033871e-18
1.519608e-01 7.401961e-01 1.101271e-17
1.617647e-01 7.401961e-01 1.464936e-17
1.715686e-01 7.401961e-01 1.891031e-17
1.813725e-01 7.401961e-01 2.368830e-17
1.911765e-01 7.401961e-01 2.879549e-17
2.009804e-01 7.401961e-01 3.396802e-17
2.107843e-01 7.401961e-01 3.888404e-17
2.205882e-01 7.401961e-01 4.319444e-17
2.303922e-01 7.401961e-01 4.656285e-17
2.401961e-01 7.401961e-01 4.870871e-17
2.500000e-01 7.401961e-01 4.944575e-17
2.598039e-01 7.401961e-01 4.870871e-17
2.696078e-01 7.401961e-01 4.656285e-17
2.794118e-01 7.401961e-01 4.319444e-17
2.892157e-01 7.401961e-01 3.888404e-17
2.990196e-01 7.401961e-01 3.396802e-17
3.088235e-01 7.401961e-01 2.879549e-17
3.186275e-01 7.401961e-01 2.368830e-17
3.284314e-01 7.401961e-01 1.891031e-17
3.382353e-01 7.401961e-01 1.464936e-17
3.480392e-01 7.401961e-01 1.101271e-17
3.578431e-01 7.401961e-01 8.033871e-18
3.676471e-01 7.401961e-01 5.687361e-18
3.774510e-01 7.401961e-01 3.907078e-18
3.872549e-01 7.401961e-01 2.604646e-18
3.970588e-01 7.401961e-01 1.685003e-18
4.068627e-01 7.401961e-01 1.057810e-18
4.166667e-01 7.401961e-01 6.444219e-19
4.264706e-01 7.401961e-01 3.809677e-19
4.362745e-01 7.401961e-01 2.185552e-19
4.460784e-01 7.401961e-01 1.216717e-19
4.558824e-01 7.401961e-01 6.573147e-20
4.656863e-01 7.401961e-01 3.445977e-20
4.754902e-01 7.401961e-01 1.753100e-20
4.852941e-01 7.401961e-01 8.654785e-21
4.950980e-01 7.401961e-01 4.146305e-21
5.049020e-01 7.401961e-01 1.927620e-21
5.147059e-01 7.401961e-01 8.696350e-22
5.245098e-01 7.401961e-01 3.807219e-22
5.343137e-01 7.401961e-01 1.617462e-22
5.441176e-01 7.401961e-01 6.668305e-23
5.539216e-01 7.401961e-01 2.667793e-23
5.637255e-01 7.401961e-01 1.035724e-23
5.735294e-01 7.401961e-01 3.902039e-24
5.833333e-01 7.401961e-01 1.426574e-24
5.931373e-01 7.401961e-01 5.061185e-25
6.029412e-01 7.401961e-01 1.742471e-25
6.127451e-01 7.401961e-01 5.821488e-26
6.225490e-01 7.401961e-01 1.887374e-26
6.323529e-01 7.401961e-01 5.937957e-27
6.421569e-01 7.401961e-01 1.812890e-27
6.519608e-01 7.401961e-01 5.371076e-28
6.617647e-01 7.401961e-01 1.544210e-28
6.715686e-01 7.401961e-01 4.308308e-29
6.813725e-01 7.401961e-01 1.166440e-29
6.911765e-01 7.401961e-01 3.064598e-30
7.009804e-01 7.401961e-01 7.813395e-31
7.107843e-01 7.401961e-01 1.933131e-31
7.205882e-01 7.401961e-01 4.641285e-32
7.303922e-01 7.401961e-01 1.081360e-32
7.401961e-01 7.401961e-01 2.444882e-33
7.500000e-01 7.401961e-01 5.364148e-34
7.598039e-01 7.401961e-01 1.142086e-34
7.696078e-01 7.401961e-01 2.359676e-35
7.794118e-01 7.401961e-01 4.731088e-36
7.892157e-01 7.401961e-01 9.205027e-37
7.990196e-01 7.401961e-01 1.737978e-37
8.088235e-01 7.401961e-01 3.184337e-38
8.186275e-01 7.401961e-01 5.661727e-39
8.284314e-01 7.401961e-01 9.768642e-40
8.382353e-01 7.401961e-01 1.635591e-40
8.480392e-01 7.401961e-01 2.657484e-41
8.578431e-01 7.401961e-01 4.190074e-42
8.676471e-01 7.401961e-01 6.411035e-43
8.774510e-01 7.401961e-01 9.518969e-44
8.872549e-01 7.401961e-01 1.371535e-44
8.970588e-01 7.401961e-01 1.917694e-45
9.068627e-01 7.401961e-01 2.601998e-46
9.166667e-01 7.401961e-01 3.426021e-47
9.264706e-01 7.401961e-01 4.377521e-48
9.362745e-01 7.401961e-01 5.427775e-49
9.460784e-01 7.401961e-01 6.530865e-50
9.558824e-01 7.401961e-01 7.625615e-51
9.656863e-01 7.401961e-01 8.640410e-52
9.754902e-01 7.401961e-01 9.500558e-53
9.852941e-01 7.401961e-01 1.013723e-53
9.950980e-01 7.401961e-01 8.654785e-21
4.901961e-03 7.500000e-01 2.224140e-54
1.470588e-02 7.500000e-01 1.898887e-21
2.450980e-02 7.500000e-01 3.846356e-21
3.431373e-02 7.500000e-01 7.560581e-21
4.411765e-02 7.500000e-01 1.442169e-20
5.392157e-02 7.500000e-01 2.669515e-20
6.372549e-02 7.500000e-01 4.795170e-20
7.352941e-02 7.500000e-01 8.358549e-20
8.333333e-02 7.500000e-01 1.413882e-19
9.313725e-02 7.500000e-01 2.320869e-19
1.029412e-01 7.500000e-01 3.696949e-19
1.127451e-01 7.500000e-01 5.714675e-19
1.225490e-01 7.500000e-01 8.572252e-19
1.323529e-01 7.500000e-01 1.247825e-18
1.421569e-01 7.500000e-01 1.762656e-18
1.519608e-01 7.500000e-01 2.416223e-18
1.617647e-01 7.500000e-01 3.214116e-18
1.715686e-01 7.500000e-01 4.148982e-18
1.813725e-01 7.500000e-01 5.197287e-18
1.911765e-01 7.500000e-01 6.317820e-18
2.009804e-01 7.500000e-01 7.452691e-18
2.107843e-01 7.500000e-01 8.531281e-18
2.205882e-01 7.500000e-01 9.476995e-18
2.303922e-01 7.500000e-01 1.021604e-17
2.401961e-01 7.500000e-01 1.068684e-17
2.500000e-01 7.500000e-01 1.084855e-17
2.598039e-01 7.500000e-01 1.068684e-17
2.696078e-01 7.500000e-01 1.021604e-17
2.794118e-01 7.500000e-01 9.476995e-18
2.892157e-01 7.500000e-01 8.531281e-18
2.990196e-01 7.500000e-01 7.452691e-18
3.088235e-01 7.500000e-01 6.317820e-18
3.186275e-01 7.500000e-01 5.197287e-18
3.284314e-01 7.500000e-01 4.148982e-18
3.382353e-01 7.500000e-01 3.214116e-18
3.480392e-01 7.500000e-01 2.416223e-18
3.578431e-01 7.500000e-01 1.762656e-18
3.676471e-01 7.500000e-01 1.247825e-18
3.774510e-01 7.500000e-01 8.572252e-19
3.872549e-01 7.500000e-01 5.714675e-19
3.970588e-01 7.500000e-01 3.696949e-19
4.068627e-01 7.500000e-01 2.320869e-19
4.166667e-01 7.500000e-01 1.413882e-19
4.264706e-01 7.500000e-01 8.358549e-20
4.362745e-01 7.500000e-01 4.795170e-20
4.460784e-01 7.500000e-01 2.669515e-20
4.558824e-01 7.500000e-01 1.442169e-20
4.656863e-01 7.500000e-01 7.560581e-21
4.754902e-01 7.500000e-01 3.846356e-21
4.852941e-01 7.500000e-01 1.898887e-21
4.950980e-01 7.500000e-01 9.097123e-22
5.049020e-01 7.500000e-01 4.229259e-22
5.147059e-01 7.500000e-01 1.908006e-22
5.245098e-01 7.500000e-01 8.353157e-23
5.343137e-01 7.500000e-01 3.548761e-23
5.441176e-01 7.500000e-01 1.463047e-23
5.539216e-01 7.500000e-01 5.853222e-24
5.637255e-01 7.500000e-01 2.272412e-24
5.735294e-01 7.500000e-01 8.561195e-25
5.833333e-01 7.500000e-01 3.129947e-25
5.931373e-01 7.500000e-01 1.110440e-25
6.029412e-01 7.500000e-01 3.823035e-26
6.127451e-01 7.500000e-01 1.277253e-26
6.225490e-01 7.500000e-01 4.140957e-27
6.323529e-01 7.500000e-01 1.302806e-27
6.421569e-01 7.500000e-01 3.977538e-28
6.519608e-01 7.500000e-01 1.178431e-28
6.617647e-01 7.500000e-01 3.388045e-29
6.715686e-01 7.500000e-01 9.452563e-30
6.813725e-01 7.500000e-01 2.559206e-30
6.911765e-01 7.500000e-01 6.723823e-31
7.009804e-01 7.500000e-01 1.714283e-31
7.107843e-01 7.500000e-01 4.241351e-32
7.205882e-01 7.500000e-01 1.018313e-32
7.303922e-01 7.500000e-01 2.372539e-33
7.401961e-01 7.500000e-01 5.364148e-34
7.500000e-01 7.500000e-01 1.176911e-34
7.598039e-01 7.500000e-01 2.505773e-35
7.696078e-01 7.500000e-01 5.177202e-36
7.794118e-01 7.500000e-01 1.038016e-36
7.892157e-01 7.500000e-01 2.019612e-37
7.990196e-01 7.500000e-01 3.813179e-38
8.088235e-01 7.500000e-01 6.986535e-39
8.186275e-01 7.500000e-01 1.242201e-39
8.284314e-01 7.500000e-01 2.143271e-40
8.382353e-01 7.500000e-01 3.588538e-41
8.480392e-01 7.500000e-01 5.830602e-42
8.578431e-01 7.500000e-01 9.193154e-43
8.676471e-01 7.500000e-01 1.406601e-43
8.774510e-01 7.500000e-01 2.088492e-44
8.872549e-01 7.500000e-01 3.009191e-45
8.970588e-01 7.500000e-01 4.207481e-46
9.068627e-01 7.500000e-01 5.708866e-47
9.166667e-01 7.500000e-01 7.516796e-48
9.264706e-01 7.500000e-01 9.604418e-49
9.362745e-01 7.500000e-01 1.190871e-49
9.460784e-01 7.500000e-01 1.432892e-50
9.558824e-01 7.500000e-01 1.673084e-51
9.656863e-01 7.500000e-01 1.895733e-52
9.754902e-01 7.500000e-01 2.084452e-53
9.852941e-01 7.500000e-01 2.224140e-54
9.950980e-01 7.500000e-01 1.898887e-21
4.901961e-03 7.598039e-01 4.735438e-55
1.470588e-02 7.598039e-01 4.042939e-22
2.450980e-02 7.598039e-01 8.189316e-22
3.431373e-02 7.598039e-01 1.609731e-21
4.411765e-02 7.598039e-01 3.070537e-21
5.392157e-02 7.598039e-01 5.683692e-21
6.372549e-02 7.598039e-01 1.020945e-20
7.352941e-02 7.598039e-01 1.779627e-20
8.333333e-02 7.598039e-01 3.010310e-20
9.313725e-02 7.598039e-01 4.941385e-20
1.029412e-01 7.598039e-01 7.871210e-20
1.127451e-01 7.598039e-01 1.216717e-19
1.225490e-01 7.598039e-01 1.825127e-19
1.323529e-01 7.598039e-01 2.656756e-19
1.421569e-01 7.598039e-01 3.752889e-19
1.519608e-01 7.598039e-01 5.144404e-19
1.617647e-01 7.598039e-01 6.843207e-19
1.715686e-01 7.598039e-01 8.833638e-19
1.813725e-01 7.598039e-01 1.106560e-18
1.911765e-01 7.598039e-01 1.345133e-18
2.009804e-01 7.598039e-01 1.586760e-18
2.107843e-01 7.598039e-01 1.816404e-18
2.205882e-01 7.598039e-01 2.017757e-18
2.303922e-01 7.598039e-01 2.175106e-18
2.401961e-01 7.598039e-01 2.275347e-18
2.500000e-01 7.598039e-01 2.309776e-18
2.598039e-01 7.598039e-01 2.275347e-18
2.696078e-01 7.598039e-01 2.175106e-18
2.794118e-01 7.598039e-01 2.017757e-18
2.892157e-01 7.598039e-01 1.816404e-18
2.990196e-01 7.598039e-01 1.586760e-18
3.088235e-01 7.598039e-01 1.345133e-18
3.186275e-01 7.598039e-01 1.106560e-18
3.284314e-01 7.598039e-01 8.833638e-19
3.382353e-01 7.598039e-01 6.843207e-19
3.480392e-01 7.598039e-01 5.144404e-19
3.578431e-01 7.598039e-01 3.752889e-19
3.676471e-01 7.598039e-01 2.656756e-19
3.774510e-01 7.598039e-01 1.825127e-19
3.872549e-01 7.598039e-01 1.216717e-19
3.970588e-01 7.598039e-01 7.871210e-20
4.068627e-01 7.598039e-01 4.941385e-20
4.166667e-01 7.598039e-01 3.010310e-20
4.264706e-01 7.598039e-01 1.779627e-20
4.362745e-01 7.598039e-01 1.020945e-20
4.460784e-01 7.598039e-01 5.683692e-21
4.558824e-01 7.598039e-01 3.070537e-21
4.656863e-01 7.598039e-01 1.609731e-21
4.754902e-01 7.598039e-01 8.189316e-22
4.852941e-01 7.598039e-01 4.042939e-22
4.950980e-01 7.598039e-01 1.936878e-22
5.049020e-01 7.598039e-01 9.004558e-23
5.147059e-01 7.598039e-01 4.062356e-23
5.245098e-01 7.598039e-01 1.778479e-23
5.343137e-01 7.598039e-01 7.555704e-24
5.441176e-01 7.598039e-01 3.114988e-24
5.539216e-01 7.598039e-01 1.246215e-24
5.637255e-01 7.598039e-01 4.838215e-25
5.735294e-01 7.598039e-01 1.822773e-25
5.833333e-01 7.598039e-01 6.664003e-26
5.931373e-01 7.598039e-01 2.364248e-26
6.029412e-01 7.598039e-01 8.139662e-27
6.127451e-01 7.598039e-01 2.719412e-27
6.225490e-01 7.598039e-01 8.816553e-28
6.323529e-01 7.598039e-01 2.773818e-28
6.421569e-01 7.598039e-01 8.468617e-29
6.519608e-01 7.598039e-01 2.509009e-29
6.617647e-01 7.598039e-01 7.213521e-30
6.715686e-01 7.598039e-01 2.012555e-30
6.813725e-01 7.598039e-01 5.448832e-31
6.911765e-01 7.598039e-01 1.431576e-31
7.009804e-01 7.598039e-01 3.649898e-32
7.107843e-01 7.598039e-01 9.030302e-33
7.205882e-01 7.598039e-01 2.168099e-33
7.303922e-01 7.598039e-01 5.051396e-34
7.401961e-01 7.598039e-01 1.142086e-34
7.500000e-01 7.598039e-01 2.505773e-35
7.598039e-01 7.598039e-01 5.335066e-36
7.696078e-01 7.598039e-01 1.102283e-36
7.794118e-01 7.598039e-01 2.210049e-37
7.892157e-01 7.598039e-01 4.299976e-38
7.990196e-01 7.598039e-01 8.118678e-39
8.088235e-01 7.598039e-01 1.487510e-39
8.186275e-01 7.598039e-01 2.644782e-40
8.284314e-01 7.598039e-01 4.563259e-41
8.382353e-01 7.598039e-01 7.640392e-42
8.480392e-01 7.598039e-01 1.241399e-42
8.578431e-01 7.598039e-01 1.957324e-43
8.676471e-01 7.598039e-01 2.994809e-44
8.774510e-01 7.598039e-01 4.446629e-45
8.872549e-01 7.598039e-01 6.406899e-46
8.970588e-01 7.598039e-01 8.958190e-47
9.068627e-01 7.598039e-01 1.215480e-47
9.166667e-01 7.598039e-01 1.600409e-48
9.264706e-01 7.598039e-01 2.044886e-49
9.362745e-01 7.598039e-01 2.535495e-50
9.460784e-01 7.598039e-01 3.050785e-51
9.558824e-01 7.598039e-01 3.562179e-52
9.656863e-01 7.598039e-01 4.036224e-53
9.754902e-01 7.598039e-01 4.438028e-54
9.852941e-01 7.598039e-01 4.735438e-55
9.950980e-01 7.598039e-01 4.042939e-22
4.901961e-03 7.696078e-01 9.783935e-56
1.470588e-02 7.696078e-01 8.353157e-23
2.450980e-02 7.696078e-01 1.692003e-22
3.431373e-02 7.696078e-01 3.325881e-22
4.411765e-02 7.696078e-01 6.344066e-22
5.392157e-02 7.696078e-01 1.174313e-21
6.372549e-02 7.696078e-01 2.109384e-21
7.352941e-02 7.696078e-01 3.676905e-21
8.333333e-02 7.696078e-01 6.219631e-21
9.313725e-02 7.696078e-01 1.020945e-20
1.029412e-01 7.696078e-01 1.626279e-20
1.127451e-01 7.696078e-01 2.513871e-20
1.225490e-01 7.696078e-01 3.770912e-20
1.323529e-01 7.696078e-01 5.489151e-20
1.421569e-01 7.696078e-01 7.753882e-20
1.519608e-01 7.696078e-01 1.062890e-19
1.617647e-01 7.696078e-01 1.413882e-19
1.715686e-01 7.696078e-01 1.825127e-19
1.813725e-01 7.696078e-01 2.286274e-19
1.911765e-01 7.696078e-01 2.779194e-19
2.009804e-01 7.696078e-01 3.278420e-19
2.107843e-01 7.696078e-01 3.752889e-19
2.205882e-01 7.696078e-01 4.168907e-19
2.303922e-01 7.696078e-01 4.494009e-19
2.401961e-01 7.696078e-01 4.701116e-19
2.500000e-01 7.696078e-01 4.772252e-19
2.598039e-01 7.696078e-01 4.701116e-19
2.696078e-01 7.696078e-01 4.494009e-19
2.794118e-01 7.696078e-01 4.168907e-19
2.892157e-01 7.696078e-01 3.752889e-19
2.990196e-01 7.696078e-01 3.278420e-19
3.088235e-01 7.696078e-01 2.779194e-19
3.186275e-01 7.696078e-01 2.286274e-19
3.284314e-01 7.696078e-01 1.825127e-19
3.382353e-01 7.696078e-01 1.413882e-19
3.480392e-01 7.696078e-01 1.062890e-19
3.578431e-01 7.696078e-01 7.753882e-20
3.676471e-01 7.696078e-01 5.489151e-20
3.774510e-01 7.696078e-01 3.770912e-20
3.872549e-01 7.696078e-01 2.513871e-20
3.970588e-01 7.696078e-01 1.626279e-20
4.068627e-01 7.696078e-01 1.020945e-20
4.166667e-01 7.696078e-01 6.219631e-21
4.264706e-01 7.696078e-01 3.676905e-21
4.362745e-01 7.696078e-01 2.109384e-21
4.460784e-01 7.696078e-01 1.174313e-21
4.558824e-01 7.696078e-01 6.344066e-22
4.656863e-01 7.696078e-01 3.325881e-22
4.754902e-01 7.696078e-01 1.692003e-22
4.852941e-01 7.696078e-01 8.353157e-23
4.950980e-01 7.696078e-01 4.001802e-23
5.049020e-01 7.696078e-01 1.860441e-23
5.147059e-01 7.696078e-01 8.393273e-24
5.245098e-01 7.696078e-01 3.674533e-24
5.343137e-01 7.696078e-01 1.561091e-24
5.441176e-01 7.696078e-01 6.435907e-25
5.539216e-01 7.696078e-01 2.574818e-25
5.637255e-01 7.696078e-01 9.996284e-26
5.735294e-01 7.696078e-01 3.766049e-26
5.833333e-01 7.696078e-01 1.376856e-26
5.931373e-01 7.696078e-01 4.884797e-27
6.029412e-01 7.696078e-01 1.681744e-27
6.127451e-01 7.696078e-01 5.618603e-28
6.225490e-01 7.696078e-01 1.821597e-28
6.323529e-01 7.696078e-01 5.731013e-29
6.421569e-01 7.696078e-01 1.749709e-29
6.519608e-01 7.696078e-01 5.183889e-30
6.617647e-01 7.696078e-01 1.490393e-30
6.715686e-01 7.696078e-01 4.158159e-31
6.813725e-01 7.696078e-01 1.125789e-31
6.911765e-01 7.696078e-01 2.957793e-32
7.009804e-01 7.696078e-01 7.541090e-33
7.107843e-01 7.696078e-01 1.865760e-33
7.205882e-01 7.696078e-01 4.479532e-34
7.303922e-01 7.696078e-01 1.043674e-34
7.401961e-01 7.696078e-01 2.359676e-35
7.500000e-01 7.696078e-01 5.177202e-36
7.598039e-01 7.696078e-01 1.102283e-36
7.696078e-01 7.696078e-01 2.277439e-37
7.794118e-01 7.696078e-01 4.566205e-38
7.892157e-01 7.696078e-01 8.884222e-39
7.990196e-01 7.696078e-01 1.677408e-39
8.088235e-01 7.696078e-01 3.073360e-40
8.186275e-01 7.696078e-01 5.464410e-41
8.284314e-01 7.696078e-01 9.428195e-42
8.382353e-01 7.696078e-01 1.578589e-42
8.480392e-01 7.696078e-01 2.564867e-43
8.578431e-01 7.696078e-01 4.044046e-44
8.676471e-01 7.696078e-01 6.187604e-45
8.774510e-01 7.696078e-01 9.187223e-46
8.872549e-01 7.696078e-01 1.323736e-46
8.970588e-01 7.696078e-01 1.850860e-47
9.068627e-01 7.696078e-01 2.511316e-48
9.166667e-01 7.696078e-01 3.306620e-49
9.264706e-01 7.696078e-01 4.224960e-50
9.362745e-01 7.696078e-01 5.238611e-51
9.460784e-01 7.696078e-01 6.303257e-52
9.558824e-01 7.696078e-01 7.359854e-53
9.656863e-01 7.696078e-01 8.339283e-54
9.754902e-01 7.696078e-01 9.169454e-55
9.852941e-01 7.696078e-01 9.783935e-56
9.950980e-01 7.696078e-01 8.353157e-23
4.901961e-03 7.794118e-01 1.961653e-56
1.470588e-02 7.794118e-01 1.674786e-23
2.450980e-02 7.794118e-01 3.392421e-23
3.431373e-02 7.794118e-01 6.668305e-23
4.411765e-02 7.794118e-01 1.271969e-22
5.392157e-02 7.794118e-01 2.354467e-22
6.372549e-02 7.794118e-01 4.229259e-22
7.352941e-02 7.794118e-01 7.372099e-22
8.333333e-02 7.794118e-01 1.247020e-21
9.313725e-02 7.794118e-01 2.046967e-21
1.029412e-01 7.794118e-01 3.260646e-21
1.127451e-01 7.794118e-01 5.040246e-21
1.225490e-01 7.794118e-01 7.560581e-21
1.323529e-01 7.794118e-01 1.100560e-20
1.421569e-01 7.794118e-01 1.554633e-20
1.519608e-01 7.794118e-01 2.131068e-20
1.617647e-01 7.794118e-01 2.834796e-20
1.715686e-01 7.794118e-01 3.659332e-20
1.813725e-01 7.794118e-01 4.583919e-20
1.911765e-01 7.794118e-01 5.572210e-20
2.009804e-01 7.794118e-01 6.573147e-20
2.107843e-01 7.794118e-01 7.524445e-20
2.205882e-01 7.794118e-01 8.358549e-20
2.303922e-01 7.794118e-01 9.010371e-20
2.401961e-01 7.794118e-01 9.425615e-20
2.500000e-01 7.794118e-01 9.568240e-20
2.598039e-01 7.794118e-01 9.425615e-20
2.696078e-01 7.794118e-01 9.010371e-20
2.794118e-01 7.794118e-01 8.358549e-20
2.892157e-01 7.794118e-01 7.524445e-20
2.990196e-01 7.794118e-01 6.573147e-20
3.088235e-01 7.794118e-01 5.572210e-20
3.186275e-01 7.794118e-01 4.583919e-20
3.284314e-01 7.794118e-01 3.659332e-20
3.382353e-01 7.794118e-01 2.834796e-20
3.480392e-01 7.794118e-01 2.131068e-20
3.578431e-01 7.794118e-01 1.554633e-20
3.676471e-01 7.794118e-01 1.100560e-20
3.774510e-01 7.794118e-01 7.560581e-21
3.872549e-01 7.794118e-01 5.040246e-21
3.970588e-01 7.794118e-01 3.260646e-21
4.068627e-01 7.794118e-01 2.046967e-21
4.166667e-01 7.794118e-01 1.247020e-21
4.264706e-01 7.794118e-01 7.372099e-22
4.362745e-01 7.794118e-01 4.229259e-22
4.460784e-01 7.794118e-01 2.354467e-22
4.558824e-01 7.794118e-01 1.271969e-22
4.656863e-01 7.794118e-01 6.668305e-23
4.754902e-01 7.794118e-01 3.392421e-23
4.852941e-01 7.794118e-01 1.674786e-23
4.950980e-01 7.794118e-01 8.023508e-24
5.049020e-01 7.794118e-01 3.730135e-24
5.147059e-01 7.794118e-01 1.682829e-24
5.245098e-01 7.794118e-01 7.367343e-25
5.343137e-01 7.794118e-01 3.129947e-25
5.441176e-01 7.794118e-01 1.290383e-25
5.539216e-01 7.794118e-01 5.162443e-26
5.637255e-01 7.794118e-01 2.004229e-26
5.735294e-01 7.794118e-01 7.550829e-27
5.833333e-01 7.794118e-01 2.760561e-27
5.931373e-01 7.794118e-01 9.793891e-28
6.029412e-01 7.794118e-01 3.371852e-28
6.127451e-01 7.794118e-01 1.126515e-28
6.225490e-01 7.794118e-01 3.652254e-29
6.323529e-01 7.794118e-01 1.149053e-29
6.421569e-01 7.794118e-01 3.508121e-30
6.519608e-01 7.794118e-01 1.039356e-30
6.617647e-01 7.794118e-01 2.988199e-31
6.715686e-01 7.794118e-01 8.337001e-32
6.813725e-01 7.794118e-01 2.257177e-32
6.911765e-01 7.794118e-01 5.930298e-33
7.009804e-01 7.794118e-01 1.511969e-33
7.107843e-01 7.794118e-01 3.740799e-34
7.205882e-01 7.794118e-01 8.981344e-35
7.303922e-01 7.794118e-01 2.092539e-35
7.401961e-01 7.794118e-01 4.731088e-36
7.500000e-01 7.794118e-01 1.038016e-36
7.598039e-01 7.794118e-01 2.210049e-37
7.696078e-01 7.794118e-01 4.566205e-38
7.794118e-01 7.794118e-01 9.155121e-39
7.892157e-01 7.794118e-01 1.781263e-39
7.990196e-01 7.794118e-01 3.363159e-40
8.088235e-01 7.794118e-01 6.162006e-41
8.186275e-01 7.794118e-01 1.095600e-41
8.284314e-01 7.794118e-01 1.890328e-42
8.382353e-01 7.794118e-01 3.165030e-43
8.480392e-01 7.794118e-01 5.142492e-44
8.578431e-01 7.794118e-01 8.108206e-45
8.676471e-01 7.794118e-01 1.240598e-45
8.774510e-01 7.794118e-01 1.842014e-46
8.872549e-01 7.794118e-01 2.654056e-47
8.970588e-01 7.794118e-01 3.710927e-48
9.068627e-01 7.794118e-01 5.035123e-49
9.166667e-01 7.794118e-01 6.629687e-50
9.264706e-01 7.794118e-01 8.470934e-51
9.362745e-01 7.794118e-01 1.050328e-51
9.460784e-01 7.794118e-01 1.263787e-52
9.558824e-01 7.794118e-01 1.475632e-53
9.656863e-01 7.794118e-01 1.672004e-54
9.754902e-01 7.794118e-01 1.838452e-55
9.852941e-01 7.794118e-01 1.961653e-56
9.950980e-01 7.794118e-01 1.674786e-23
4.901961e-03 7.892157e-01 3.816685e-57
1.470588e-02 7.892157e-01 3.258543e-24
2.450980e-02 7.892157e-01 6.600453e-24
3.431373e-02 7.892157e-01 1.297417e-23
4.411765e-02 7.892157e-01 2.474802e-23
5.392157e-02 7.892157e-01 4.580962e-23
6.372549e-02 7.892157e-01 8.228645e-23
7.352941e-02 7.892157e-01 1.434350e-22
8.333333e-02 7.892157e-01 2.426260e-22
9.313725e-02 7.892157e-01 3.982675e-22
1.029412e-01 7.892157e-01 6.344066e-22
1.127451e-01 7.892157e-01 9.806540e-22
1.225490e-01 7.892157e-01 1.471022e-21
1.323529e-01 7.892157e-01 2.141302e-21
1.421569e-01 7.892157e-01 3.024767e-21
1.519608e-01 7.892157e-01 4.146305e-21
1.617647e-01 7.892157e-01 5.515512e-21
1.715686e-01 7.892157e-01 7.119767e-21
1.813725e-01 7.892157e-01 8.918689e-21
1.911765e-01 7.892157e-01 1.084155e-20
2.009804e-01 7.892157e-01 1.278902e-20
2.107843e-01 7.892157e-01 1.463991e-20
2.205882e-01 7.892157e-01 1.626279e-20
2.303922e-01 7.892157e-01 1.753100e-20
2.401961e-01 7.892157e-01 1.833892e-20
2.500000e-01 7.892157e-01 1.861642e-20
2.598039e-01 7.892157e-01 1.833892e-20
2.696078e-01 7.892157e-01 1.753100e-20
2.794118e-01 7.892157e-01 1.626279e-20
2.892157e-01 7.892157e-01 1.463991e-20
2.990196e-01 7.892157e-01 1.278902e-20
3.088235e-01 7.892157e-01 1.084155e-20
3.186275e-01 7.892157e-01 8.918689e-21
3.284314e-01 7.892157e-01 7.119767e-21
3.382353e-01 7.892157e-01 5.515512e-21
3.480392e-01 7.892157e-01 4.146305e-21
3.578431e-01 7.892157e-01 3.024767e-21
3.676471e-01 7.892157e-01 2.141302e-21
3.774510e-01 7.892157e-01 1.471022e-21
3.872549e-01 7.892157e-01 9.806540e-22
3.970588e-01 7.892157e-01 6.344066e-22
4.068627e-01 7.892157e-01 3.982675e-22
4.166667e-01 7.892157e-01 2.426260e-22
4.264706e-01 7.892157e-01 1.434350e-22
4.362745e-01 7.892157e-01 8.228645e-23
4.460784e-01 7.892157e-01 4.580962e-23
4.558824e-01 7.892157e-01 2.474802e-23
4.656863e-01 7.892157e-01 1.297417e-23
4.754902e-01 7.892157e-01 6.600453e-24
4.852941e-01 7.892157e-01 3.258543e-24
4.950980e-01 7.892157e-01 1.561091e-24
5.049020e-01 7.892157e-01 7.257525e-25
5.147059e-01 7.892157e-01 3.274192e-25
5.245098e-01 7.892157e-01 1.433425e-25
5.343137e-01 7.892157e-01 6.089773e-26
5.441176e-01 7.892157e-01 2.510629e-26
5.539216e-01 7.892157e-01 1.004429e-26
5.637255e-01 7.892157e-01 3.899521e-27
5.735294e-01 7.892157e-01 1.469125e-27
5.833333e-01 7.892157e-01 5.371076e-28
5.931373e-01 7.892157e-01 1.905545e-28
6.029412e-01 7.892157e-01 6.560434e-29
6.127451e-01 7.892157e-01 2.191801e-29
6.225490e-01 7.892157e-01 7.105996e-30
6.323529e-01 7.892157e-01 2.235652e-30
6.421569e-01 7.892157e-01 6.825565e-31
6.519608e-01 7.892157e-01 2.022220e-31
6.617647e-01 7.892157e-01 5.813979e-32
6.715686e-01 7.892157e-01 1.622086e-32
6.813725e-01 7.892157e-01 4.391669e-33
6.911765e-01 7.892157e-01 1.153827e-33
7.009804e-01 7.892157e-01 2.941757e-34
7.107843e-01 7.892157e-01 7.278275e-35
7.205882e-01 7.892157e-01 1.747452e-35
7.303922e-01 7.892157e-01 4.071342e-36
7.401961e-01 7.892157e-01 9.205027e-37
7.500000e-01 7.892157e-01 2.019612e-37
7.598039e-01 7.892157e-01 4.299976e-38
7.696078e-01 7.892157e-01 8.884222e-39
7.794118e-01 7.892157e-01 1.781263e-39
7.892157e-01 7.892157e-01 3.465709e-40
7.990196e-01 7.892157e-01 6.543521e-41
8.088235e-01 7.892157e-01 1.198909e-41
8.186275e-01 7.892157e-01 2.131651e-42
8.284314e-01 7.892157e-01 3.677912e-43
8.382353e-01 7.892157e-01 6.158030e-44
8.480392e-01 7.892157e-01 1.000547e-44
8.578431e-01 7.892157e-01 1.577571e-45
8.676471e-01 7.892157e-01 2.413767e-46
8.774510e-01 7.892157e-01 3.583909e-47
8.872549e-01 7.892157e-01 5.163855e-48
8.970588e-01 7.892157e-01 7.220153e-49
9.068627e-01 7.892157e-01 9.796571e-50
9.166667e-01 7.892157e-01 1.289903e-50
9.264706e-01 7.892157e-01 1.648145e-51
9.362745e-01 7.892157e-01 2.043567e-52
9.460784e-01 7.892157e-01 2.458882e-53
9.558824e-01 7.892157e-01 2.871058e-54
9.656863e-01 7.892157e-01 3.253130e-55
9.754902e-01 7.892157e-01 3.576978e-56
9.852941e-01 7.892157e-01 3.816685e-57
9.950980e-01 7.892157e-01 3.258543e-24
4.901961e-03 7.990196e-01 7.206189e-58
1.470588e-02 7.990196e-01 6.152374e-25
2.450980e-02 7.990196e-01 1.246215e-24
3.431373e-02 7.990196e-01 2.449620e-24
4.411765e-02 7.990196e-01 4.672612e-24
5.392157e-02 7.990196e-01 8.649202e-24
6.372549e-02 7.990196e-01 1.553630e-23
7.352941e-02 7.990196e-01 2.708161e-23
8.333333e-02 7.990196e-01 4.580962e-23
9.313725e-02 7.990196e-01 7.519591e-23
1.029412e-01 7.990196e-01 1.197807e-22
1.127451e-01 7.990196e-01 1.851549e-22
1.225490e-01 7.990196e-01 2.777401e-22
1.323529e-01 7.990196e-01 4.042939e-22
1.421569e-01 7.990196e-01 5.710988e-22
1.519608e-01 7.990196e-01 7.828536e-22
1.617647e-01 7.990196e-01 1.041370e-21
1.715686e-01 7.990196e-01 1.344266e-21
1.813725e-01 7.990196e-01 1.683916e-21
1.911765e-01 7.990196e-01 2.046967e-21
2.009804e-01 7.990196e-01 2.414664e-21
2.107843e-01 7.990196e-01 2.764126e-21
2.205882e-01 7.990196e-01 3.070537e-21
2.303922e-01 7.990196e-01 3.309985e-21
2.401961e-01 7.990196e-01 3.462526e-21
2.500000e-01 7.990196e-01 3.514920e-21
2.598039e-01 7.990196e-01 3.462526e-21
2.696078e-01 7.990196e-01 3.309985e-21
2.794118e-01 7.990196e-01 3.070537e-21
2.892157e-01 7.990196e-01 2.764126e-21
2.990196e-01 7.990196e-01 2.414664e-21
3.088235e-01 7.990196e-01 2.046967e-21
3.186275e-01 7.990196e-01 1.683916e-21
3.284314e-01 7.990196e-01 1.344266e-21
3.382353e-01 7.990196e-01 1.041370e-21
3.480392e-01 7.990196e-01 7.828536e-22
3.578431e-01 7.990196e-01 5.710988e-22
3.676471e-01 7.990196e-01 4.042939e-22
3.774510e-01 7.990196e-01 2.777401e-22
3.872549e-01 7.990196e-01 1.851549e-22
3.970588e-01 7.990196e-01 1.197807e-22
4.068627e-01 7.990196e-01 7.519591e-23
4.166667e-01 7.990196e-01 4.580962e-23
4.264706e-01 7.990196e-01 2.708161e-23
4.362745e-01 7.990196e-01 1.553630e-23
4.460784e-01 7.990196e-01 8.649202e-24
4.558824e-01 7.990196e-01 4.672612e-24
4.656863e-01 7.990196e-01 2.449620e-24
4.754902e-01 7.990196e-01 1.246215e-24
4.852941e-01 7.990196e-01 6.152374e-25
4.950980e-01 7.990196e-01 2.947458e-25
5.049020e-01 7.990196e-01 1.370275e-25
5.147059e-01 7.990196e-01 6.181921e-26
5.245098e-01 7.990196e-01 2.706414e-26
5.343137e-01 7.990196e-01 1.149795e-26
5.441176e-01 7.990196e-01 4.740256e-27
5.539216e-01 7.990196e-01 1.896438e-27
5.637255e-01 7.990196e-01 7.362590e-28
5.735294e-01 7.990196e-01 2.773818e-28
5.833333e-01 7.990196e-01 1.014100e-28
5.931373e-01 7.990196e-01 3.597813e-29
6.029412e-01 7.990196e-01 1.238659e-29
6.127451e-01 7.990196e-01 4.138285e-30
6.225490e-01 7.990196e-01 1.341666e-30
6.323529e-01 7.990196e-01 4.221079e-31
6.421569e-01 7.990196e-01 1.288718e-31
6.519608e-01 7.990196e-01 3.818104e-32
6.617647e-01 7.990196e-01 1.097723e-32
6.715686e-01 7.990196e-01 3.062621e-33
6.813725e-01 7.990196e-01 8.291801e-34
6.911765e-01 7.990196e-01 2.178512e-34
7.009804e-01 7.990196e-01 5.554260e-35
7.107843e-01 7.990196e-01 1.374193e-35
7.205882e-01 7.990196e-01 3.299322e-36
7.303922e-01 7.990196e-01 7.687000e-37
7.401961e-01 7.990196e-01 1.737978e-37
7.500000e-01 7.990196e-01 3.813179e-38
7.598039e-01 7.990196e-01 8.118678e-39
7.696078e-01 7.990196e-01 1.677408e-39
7.794118e-01 7.990196e-01 3.363159e-40
7.892157e-01 7.990196e-01 6.543521e-41
7.990196e-01 7.990196e-01 1.235466e-41
8.088235e-01 7.990196e-01 2.263630e-42
8.186275e-01 7.990196e-01 4.024717e-43
8.284314e-01 7.990196e-01 6.944174e-44
8.382353e-01 7.990196e-01 1.162683e-44
8.480392e-01 7.990196e-01 1.889109e-45
8.578431e-01 7.990196e-01 2.978572e-46
8.676471e-01 7.990196e-01 4.557373e-47
8.774510e-01 7.990196e-01 6.766691e-48
8.872549e-01 7.990196e-01 9.749748e-49
8.970588e-01 7.990196e-01 1.363219e-49
9.068627e-01 7.990196e-01 1.849666e-50
9.166667e-01 7.990196e-01 2.435434e-51
9.264706e-01 7.990196e-01 3.111821e-52
9.362745e-01 7.990196e-01 3.858409e-53
9.460784e-01 7.990196e-01 4.642555e-54
9.558824e-01 7.990196e-01 5.420774e-55
9.656863e-01 7.990196e-01 6.142155e-56
9.754902e-01 7.990196e-01 6.753603e-57
9.852941e-01 7.990196e-01 7.206189e-58
9.950980e-01 7.990196e-01 6.152374e-25
4.901961e-03 8.088235e-01 1.320323e-58
1.470588e-02 8.088235e-01 1.127242e-25
2.450980e-02 8.088235e-01 2.283325e-25
3.431373e-02 8.088235e-01 4.488212e-25
4.411765e-02 8.088235e-01 8.561195e-25
5.392157e-02 8.088235e-01 1.584713e-24
6.372549e-02 8.088235e-01 2.846573e-24
7.352941e-02 8.088235e-01 4.961913e-24
8.333333e-02 8.088235e-01 8.393273e-24
9.313725e-02 8.088235e-01 1.377745e-23
1.029412e-01 8.088235e-01 2.194632e-23
1.127451e-01 8.088235e-01 3.392421e-23
1.225490e-01 8.088235e-01 5.088774e-23
1.323529e-01 8.088235e-01 7.407503e-23
1.421569e-01 8.088235e-01 1.046371e-22
1.519608e-01 8.088235e-01 1.434350e-22
1.617647e-01 8.088235e-01 1.908006e-22
1.715686e-01 8.088235e-01 2.462973e-22
1.813725e-01 8.088235e-01 3.085283e-22
1.911765e-01 8.088235e-01 3.750468e-22
2.009804e-01 8.088235e-01 4.424165e-22
2.107843e-01 8.088235e-01 5.064452e-22
2.205882e-01 8.088235e-01 5.625860e-22
2.303922e-01 8.088235e-01 6.064579e-22
2.401961e-01 8.088235e-01 6.344066e-22
2.500000e-01 8.088235e-01 6.440062e-22
2.598039e-01 8.088235e-01 6.344066e-22
2.696078e-01 8.088235e-01 6.064579e-22
2.794118e-01 8.088235e-01 5.625860e-22
2.892157e-01 8.088235e-01 5.064452e-22
2.990196e-01 8.088235e-01 4.424165e-22
3.088235e-01 8.088235e-01 3.750468e-22
3.186275e-01 8.088235e-01 3.085283e-22
3.284314e-01 8.088235e-01 2.462973e-22
3.382353e-01 8.088235e-01 1.908006e-22
3.480392e-01 8.088235e-01 1.434350e-22
3.578431e-01 8.088235e-01 1.046371e-22
3.676471e-01 8.088235e-01 7.407503e-23
3.774510e-01 8.088235e-01 5.088774e-23
3.872549e-01 8.088235e-01 3.392421e-23
3.970588e-01 8.088235e-01 2.194632e-23
4.068627e-01 8.088235e-01 1.377745e-23
4.166667e-01 8.088235e-01 8.393273e-24
4.264706e-01 8.088235e-01 4.961913e-24
4.362745e-01 8.088235e-01 2.846573e-24
4.460784e-01 8.088235e-01 1.584713e-24
4.558824e-01 8.088235e-01 8.561195e-25
4.656863e-01 8.088235e-01 4.488212e-25
4.754902e-01 8.088235e-01 2.283325e-25
4.852941e-01 8.088235e-01 1.127242e-25
4.950980e-01 8.088235e-01 5.400355e-26
5.049020e-01 8.088235e-01 2.510629e-26
5.147059e-01 8.088235e-01 1.132656e-26
5.245098e-01 8.088235e-01 4.958712e-27
5.343137e-01 8.088235e-01 2.106663e-27
5.441176e-01 8.088235e-01 8.685133e-28
5.539216e-01 8.088235e-01 3.474667e-28
5.637255e-01 8.088235e-01 1.348979e-28
5.735294e-01 8.088235e-01 5.082210e-29
5.833333e-01 8.088235e-01 1.858041e-29
5.931373e-01 8.088235e-01 6.591940e-30
6.029412e-01 8.088235e-01 2.269481e-30
6.127451e-01 8.088235e-01 7.582197e-31
6.225490e-01 8.088235e-01 2.458210e-31
6.323529e-01 8.088235e-01 7.733892e-32
6.421569e-01 8.088235e-01 2.361199e-32
6.519608e-01 8.088235e-01 6.995558e-33
6.617647e-01 8.088235e-01 2.011256e-33
6.715686e-01 8.088235e-01 5.611356e-34
6.813725e-01 8.088235e-01 1.519230e-34
6.911765e-01 8.088235e-01 3.991485e-35
7.009804e-01 8.088235e-01 1.017656e-35
7.107843e-01 8.088235e-01 2.517807e-36
7.205882e-01 8.088235e-01 6.045042e-37
7.303922e-01 8.088235e-01 1.408418e-37
7.401961e-01 8.088235e-01 3.184337e-38
7.500000e-01 8.088235e-01 6.986535e-39
7.598039e-01 8.088235e-01 1.487510e-39
7.696078e-01 8.088235e-01 3.073360e-40
7.794118e-01 8.088235e-01 6.162006e-41
7.892157e-01 8.088235e-01 1.198909e-41
7.990196e-01 8.088235e-01 2.263630e-42
8.088235e-01 8.088235e-01 4.147440e-43
8.186275e-01 8.088235e-01 7.374117e-44
8.284314e-01 8.088235e-01 1.272317e-44
8.382353e-01 8.088235e-01 2.130276e-45
8.480392e-01 8.088235e-01 3.461239e-46
8.578431e-01 8.088235e-01 5.457362e-47
8.676471e-01 8.088235e-01 8.350053e-48
8.774510e-01 8.088235e-01 1.239798e-48
8.872549e-01 8.088235e-01 1.786356e-49
8.970588e-01 8.088235e-01 2.497701e-50
9.068627e-01 8.088235e-01 3.388973e-51
9.166667e-01 8.088235e-01 4.462220e-52
9.264706e-01 8.088235e-01 5.701502e-53
9.362745e-01 8.088235e-01 7.069405e-54
9.460784e-01 8.088235e-01 8.506124e-55
9.558824e-01 8.088235e-01 9.931982e-56
9.656863e-01 8.088235e-01 1.125370e-56
9.754902e-01 8.088235e-01 1.237400e-57
9.852941e-01 8.088235e-01 1.320323e-58
9.950980e-01 8.088235e-01 1.127242e-25
4.901961e-03 8.186275e-01 2.347525e-59
1.470588e-02 8.186275e-01 2.004229e-26
2.450980e-02 8.186275e-01 4.059735e-26
3.431373e-02 8.186275e-01 7.980008e-26
4.411765e-02 8.186275e-01 1.522174e-25
5.392157e-02 8.186275e-01 2.817608e-25
6.372549e-02 8.186275e-01 5.061185e-25
7.352941e-02 8.186275e-01 8.822244e-25
8.333333e-02 8.186275e-01 1.492318e-24
9.313725e-02 8.186275e-01 2.449620e-24
1.029412e-01 8.186275e-01 3.902039e-24
1.127451e-01 8.186275e-01 6.031699e-24
1.225490e-01 8.186275e-01 9.047802e-24
1.323529e-01 8.186275e-01 1.317049e-23
1.421569e-01 8.186275e-01 1.860441e-23
1.519608e-01 8.186275e-01 2.550264e-23
1.617647e-01 8.186275e-01 3.392421e-23
1.715686e-01 8.186275e-01 4.379148e-23
1.813725e-01 8.186275e-01 5.485610e-23
1.911765e-01 8.186275e-01 6.668305e-23
2.009804e-01 8.186275e-01 7.866133e-23
2.107843e-01 8.186275e-01 9.004558e-23
2.205882e-01 8.186275e-01 1.000274e-22
2.303922e-01 8.186275e-01 1.078278e-22
2.401961e-01 8.186275e-01 1.127970e-22
2.500000e-01 8.186275e-01 1.145038e-22
2.598039e-01 8.186275e-01 1.127970e-22
2.696078e-01 8.186275e-01 1.078278e-22
2.794118e-01 8.186275e-01 1.000274e-22
2.892157e-01 8.186275e-01 9.004558e-23
2.990196e-01 8.186275e-01 7.866133e-23
3.088235e-01 8.186275e-01 6.668305e-23
3.186275e-01 8.186275e-01 5.485610e-23
3.284314e-01 8.186275e-01 4.379148e-23
3.382353e-01 8.186275e-01 3.392421e-23
3.480392e-01 8.186275e-01 2.550264e-23
3.578431e-01 8.186275e-01 1.860441e-23
3.676471e-01 8.186275e-01 1.317049e-23
3.774510e-01 8.186275e-01 9.047802e-24
3.872549e-01 8.186275e-01 6.031699e-24
3.970588e-01 8.186275e-01 3.902039e-24
4.068627e-01 8.186275e-01 2.449620e-24
4.166667e-01 8.186275e-01 1.492318e-24
4.264706e-01 8.186275e-01 8.822244e-25
4.362745e-01 8.186275e-01 5.061185e-25
4.460784e-01 8.186275e-01 2.817608e-25
4.558824e-01 8.186275e-01 1.522174e-25
4.656863e-01 8.186275e-01 7.980008e-26
4.754902e-01 8.186275e-01 4.059735e-26
4.852941e-01 8.186275e-01 2.004229e-26
4.950980e-01 8.186275e-01 9.601790e-27
5.049020e-01 8.186275e-01 4.463879e-27
5.147059e-01 8.186275e-01 2.013854e-27
5.245098e-01 8.186275e-01 8.816553e-28
5.343137e-01 8.186275e-01 3.745631e-28
5.441176e-01 8.186275e-01 1.544210e-28
5.539216e-01 8.186275e-01 6.177932e-29
5.637255e-01 8.186275e-01 2.398475e-29
5.735294e-01 8.186275e-01 9.036132e-30
5.833333e-01 8.186275e-01 3.303583e-30
5.931373e-01 8.186275e-01 1.172042e-30
6.029412e-01 8.186275e-01 4.035120e-31
6.127451e-01 8.186275e-01 1.348109e-31
6.225490e-01 8.186275e-01 4.370679e-32
6.323529e-01 8.186275e-01 1.375080e-32
6.421569e-01 8.186275e-01 4.198194e-33
6.519608e-01 8.186275e-01 1.243805e-33
6.617647e-01 8.186275e-01 3.575999e-34
6.715686e-01 8.186275e-01 9.976949e-35
6.813725e-01 8.186275e-01 2.701180e-35
6.911765e-01 8.186275e-01 7.096831e-36
7.009804e-01 8.186275e-01 1.809384e-36
7.107843e-01 8.186275e-01 4.476642e-37
7.205882e-01 8.186275e-01 1.074804e-37
7.303922e-01 8.186275e-01 2.504156e-38
7.401961e-01 8.186275e-01 5.661727e-39
7.500000e-01 8.186275e-01 1.242201e-39
7.598039e-01 8.186275e-01 2.644782e-40
7.696078e-01 8.186275e-01 5.464410e-41
7.794118e-01 8.186275e-01 1.095600e-41
7.892157e-01 8.186275e-01 2.131651e-42
7.990196e-01 8.186275e-01 4.024717e-43
8.088235e-01 8.186275e-01 7.374117e-44
8.186275e-01 8.186275e-01 1.311112e-44
8.284314e-01 8.186275e-01 2.262170e-45
8.382353e-01 8.186275e-01 3.787614e-46
8.480392e-01 8.186275e-01 6.154058e-47
8.578431e-01 8.186275e-01 9.703149e-48
8.676471e-01 8.186275e-01 1.484633e-48
8.774510e-01 8.186275e-01 2.204352e-49
8.872549e-01 8.186275e-01 3.176128e-50
8.970588e-01 8.186275e-01 4.440893e-51
9.068627e-01 8.186275e-01 6.025568e-52
9.166667e-01 8.186275e-01 7.933794e-53
9.264706e-01 8.186275e-01 1.013723e-53
9.362745e-01 8.186275e-01 1.256935e-54
9.460784e-01 8.186275e-01 1.512383e-55
9.558824e-01 8.186275e-01 1.765899e-56
9.656863e-01 8.186275e-01 2.000900e-57
9.754902e-01 8.186275e-01 2.200088e-58
9.852941e-01 8.186275e-01 2.347525e-59
9.950980e-01 8.186275e-01 2.004229e-26
4.901961e-03 8.284314e-01 4.050377e-60
1.470588e-02 8.284314e-01 3.458060e-27
2.450980e-02 8.284314e-01 7.004593e-27
3.431373e-02 8.284314e-01 1.376856e-26
4.411765e-02 8.284314e-01 2.626332e-26
5.392157e-02 8.284314e-01 4.861450e-26
6.372549e-02 8.284314e-01 8.732477e-26
7.352941e-02 8.284314e-01 1.522174e-25
8.333333e-02 8.284314e-01 2.574818e-25
9.313725e-02 8.284314e-01 4.226531e-25
1.029412e-01 8.284314e-01 6.732507e-25
1.127451e-01 8.284314e-01 1.040698e-24
1.225490e-01 8.284314e-01 1.561091e-24
1.323529e-01 8.284314e-01 2.272412e-24
1.421569e-01 8.284314e-01 3.209971e-24
1.519608e-01 8.284314e-01 4.400179e-24
1.617647e-01 8.284314e-01 5.853222e-24
1.715686e-01 8.284314e-01 7.555704e-24
1.813725e-01 8.284314e-01 9.464771e-24
1.911765e-01 8.284314e-01 1.150537e-23
2.009804e-01 8.284314e-01 1.357208e-23
2.107843e-01 8.284314e-01 1.553630e-23
2.205882e-01 8.284314e-01 1.725854e-23
2.303922e-01 8.284314e-01 1.860441e-23
2.401961e-01 8.284314e-01 1.946179e-23
2.500000e-01 8.284314e-01 1.975628e-23
2.598039e-01 8.284314e-01 1.946179e-23
2.696078e-01 8.284314e-01 1.860441e-23
2.794118e-01 8.284314e-01 1.725854e-23
2.892157e-01 8.284314e-01 1.553630e-23
2.990196e-01 8.284314e-01 1.357208e-23
3.088235e-01 8.284314e-01 1.150537e-23
3.186275e-01 8.284314e-01 9.464771e-24
3.284314e-01 8.284314e-01 7.555704e-24
3.382353e-01 8.284314e-01 5.853222e-24
3.480392e-01 8.284314e-01 4.400179e-24
3.578431e-01 8.284314e-01 3.209971e-24
3.676471e-01 8.284314e-01 2.272412e-24
3.774510e-01 8.284314e-01 1.561091e-24
3.872549e-01 8.284314e-01 1.040698e-24
3.970588e-01 8.284314e-01 6.732507e-25
4.068627e-01 8.284314e-01 4.226531e-25
4.166667e-01 8.284314e-01 2.574818e-25
4.264706e-01 8.284314e-01 1.522174e-25
4.362745e-01 8.284314e-01 8.732477e-26
4.460784e-01 8.284314e-01 4.861450e-26
4.558824e-01 8.284314e-01 2.626332e-26
4.656863e-01 8.284314e-01 1.376856e-26
4.754902e-01 8.284314e-01 7.004593e-27
4.852941e-01 8.284314e-01 3.458060e-27
4.950980e-01 8.284314e-01 1.656676e-27
5.049020e-01 8.284314e-01 7.701897e-28
5.147059e-01 8.284314e-01 3.474667e-28
5.245098e-01 8.284314e-01 1.521192e-28
5.343137e-01 8.284314e-01 6.462643e-29
5.441176e-01 8.284314e-01 2.664352e-29
5.539216e-01 8.284314e-01 1.065929e-29
5.637255e-01 8.284314e-01 4.138285e-30
5.735294e-01 8.284314e-01 1.559078e-30
5.833333e-01 8.284314e-01 5.699942e-31
5.931373e-01 8.284314e-01 2.022220e-31
6.029412e-01 8.284314e-01 6.962123e-32
6.127451e-01 8.284314e-01 2.326003e-32
6.225490e-01 8.284314e-01 7.541090e-33
6.323529e-01 8.284314e-01 2.372539e-33
6.421569e-01 8.284314e-01 7.243488e-34
6.519608e-01 8.284314e-01 2.146039e-34
6.617647e-01 8.284314e-01 6.169964e-35
6.715686e-01 8.284314e-01 1.721405e-35
6.813725e-01 8.284314e-01 4.660566e-36
6.911765e-01 8.284314e-01 1.224474e-36
7.009804e-01 8.284314e-01 3.121878e-37
7.107843e-01 8.284314e-01 7.723917e-38
7.205882e-01 8.284314e-01 1.854447e-38
7.303922e-01 8.284314e-01 4.320626e-39
7.401961e-01 8.284314e-01 9.768642e-40
7.500000e-01 8.284314e-01 2.143271e-40
7.598039e-01 8.284314e-01 4.563259e-41
7.696078e-01 8.284314e-01 9.428195e-42
7.794118e-01 8.284314e-01 1.890328e-42
7.892157e-01 8.284314e-01 3.677912e-43
7.990196e-01 8.284314e-01 6.944174e-44
8.088235e-01 8.284314e-01 1.272317e-44
8.186275e-01 8.284314e-01 2.262170e-45
8.284314e-01 8.284314e-01 3.903107e-46
8.382353e-01 8.284314e-01 6.535081e-47
8.480392e-01 8.284314e-01 1.061810e-47
8.578431e-01 8.284314e-01 1.674164e-48
8.676471e-01 8.284314e-01 2.561559e-49
8.774510e-01 8.284314e-01 3.803349e-50
8.872549e-01 8.284314e-01 5.480033e-51
8.970588e-01 8.284314e-01 7.662237e-52
9.068627e-01 8.284314e-01 1.039641e-52
9.166667e-01 8.284314e-01 1.368883e-53
9.264706e-01 8.284314e-01 1.749059e-54
9.362745e-01 8.284314e-01 2.168693e-55
9.460784e-01 8.284314e-01 2.609438e-56
9.558824e-01 8.284314e-01 3.046850e-57
9.656863e-01 8.284314e-01 3.452316e-58
9.754902e-01 8.284314e-01 3.795992e-59
9.852941e-01 8.284314e-01 4.050377e-60
9.950980e-01 8.284314e-01 3.458060e-27
4.901961e-03 8.382353e-01 6.781659e-61
1.470588e-02 8.382353e-01 5.789927e-28
2.450980e-02 8.382353e-01 1.172799e-27
3.431373e-02 8.382353e-01 2.305309e-27
4.411765e-02 8.382353e-01 4.397341e-27
5.392157e-02 8.382353e-01 8.139662e-27
6.372549e-02 8.382353e-01 1.462103e-26
7.352941e-02 8.382353e-01 2.548619e-26
8.333333e-02 8.382353e-01 4.311090e-26
9.313725e-02 8.382353e-01 7.076598e-26
1.029412e-01 8.382353e-01 1.127242e-25
1.127451e-01 8.382353e-01 1.742471e-25
1.225490e-01 8.382353e-01 2.613779e-25
1.323529e-01 8.382353e-01 3.804763e-25
1.421569e-01 8.382353e-01 5.374544e-25
1.519608e-01 8.382353e-01 7.367343e-25
1.617647e-01 8.382353e-01 9.800213e-25
1.715686e-01 8.382353e-01 1.265073e-24
1.813725e-01 8.382353e-01 1.584713e-24
1.911765e-01 8.382353e-01 1.926377e-24
2.009804e-01 8.382353e-01 2.272412e-24
2.107843e-01 8.382353e-01 2.601286e-24
2.205882e-01 8.382353e-01 2.889646e-24
2.303922e-01 8.382353e-01 3.114988e-24
2.401961e-01 8.382353e-01 3.258543e-24
2.500000e-01 8.382353e-01 3.307850e-24
2.598039e-01 8.382353e-01 3.258543e-24
2.696078e-01 8.382353e-01 3.114988e-24
2.794118e-01 8.382353e-01 2.889646e-24
2.892157e-01 8.382353e-01 2.601286e-24
2.990196e-01 8.382353e-01 2.272412e-24
3.088235e-01 8.382353e-01 1.926377e-24
3.186275e-01 8.382353e-01 1.584713e-24
3.284314e-01 8.382353e-01 1.265073e-24
3.382353e-01 8.382353e-01 9.800213e-25
3.480392e-01 8.382353e-01 7.367343e-25
3.578431e-01 8.382353e-01 5.374544e-25
3.676471e-01 8.382353e-01 3.804763e-25
3.774510e-01 8.382353e-01 2.613779e-25
3.872549e-01 8.382353e-01 1.742471e-25
3.970588e-01 8.382353e-01 1.127242e-25
4.068627e-01 8.382353e-01 7.076598e-26
4.166667e-01 8.382353e-01 4.311090e-26
4.264706e-01 8.382353e-01 2.548619e-26
4.362745e-01 8.382353e-01 1.462103e-26
4.460784e-01 8.382353e-01 8.139662e-27
4.558824e-01 8.382353e-01 4.397341e-27
4.656863e-01 8.382353e-01 2.305309e-27
4.754902e-01 8.382353e-01 1.172799e-27
4.852941e-01 8.382353e-01 5.789927e-28
4.950980e-01 8.382353e-01 2.773818e-28
5.049020e-01 8.382353e-01 1.289550e-28
5.147059e-01 8.382353e-01 5.817733e-29
5.245098e-01 8.382353e-01 2.546974e-29
5.343137e-01 8.382353e-01 1.082058e-29
5.441176e-01 8.382353e-01 4.461000e-30
5.539216e-01 8.382353e-01 1.784715e-30
5.637255e-01 8.382353e-01 6.928847e-31
5.735294e-01 8.382353e-01 2.610408e-31
5.833333e-01 8.382353e-01 9.543573e-32
5.931373e-01 8.382353e-01 3.385860e-32
6.029412e-01 8.382353e-01 1.165688e-32
6.127451e-01 8.382353e-01 3.894492e-33
6.225490e-01 8.382353e-01 1.262626e-33
6.323529e-01 8.382353e-01 3.972408e-34
6.421569e-01 8.382353e-01 1.212798e-34
6.519608e-01 8.382353e-01 3.593173e-35
6.617647e-01 8.382353e-01 1.033054e-35
6.715686e-01 8.382353e-01 2.882196e-36
6.813725e-01 8.382353e-01 7.803317e-37
6.911765e-01 8.382353e-01 2.050172e-37
7.009804e-01 8.382353e-01 5.227048e-38
7.107843e-01 8.382353e-01 1.293237e-38
7.205882e-01 8.382353e-01 3.104953e-39
7.303922e-01 8.382353e-01 7.234145e-40
7.401961e-01 8.382353e-01 1.635591e-40
7.500000e-01 8.382353e-01 3.588538e-41
7.598039e-01 8.382353e-01 7.640392e-42
7.696078e-01 8.382353e-01 1.578589e-42
7.794118e-01 8.382353e-01 3.165030e-43
7.892157e-01 8.382353e-01 6.158030e-44
7.990196e-01 8.382353e-01 1.162683e-44
8.088235e-01 8.382353e-01 2.130276e-45
8.186275e-01 8.382353e-01 3.787614e-46
8.284314e-01 8.382353e-01 6.535081e-47
8.382353e-01 8.382353e-01 1.094187e-47
8.480392e-01 8.382353e-01 1.777818e-48
8.578431e-01 8.382353e-01 2.803099e-49
8.676471e-01 8.382353e-01 4.288890e-50
8.774510e-01 8.382353e-01 6.368053e-51
8.872549e-01 8.382353e-01 9.175373e-52
8.970588e-01 8.382353e-01 1.282910e-52
9.068627e-01 8.382353e-01 1.740699e-53
9.166667e-01 8.382353e-01 2.291958e-54
9.264706e-01 8.382353e-01 2.928498e-55
9.362745e-01 8.382353e-01 3.631103e-56
9.460784e-01 8.382353e-01 4.369054e-57
9.558824e-01 8.382353e-01 5.101426e-58
9.656863e-01 8.382353e-01 5.780310e-59
9.754902e-01 8.382353e-01 6.355736e-60
9.852941e-01 8.382353e-01 6.781659e-61
9.950980e-01 8.382353e-01 5.789927e-28
4.901961e-03 8.480392e-01 1.101874e-61
1.470588e-02 8.480392e-01 9.407385e-29
2.450980e-02 8.480392e-01 1.905545e-28
3.431373e-02 8.480392e-01 3.745631e-28
4.411765e-02 8.480392e-01 7.144732e-28
5.392157e-02 8.480392e-01 1.322520e-27
6.372549e-02 8.480392e-01 2.375603e-27
7.352941e-02 8.480392e-01 4.140957e-27
8.333333e-02 8.480392e-01 7.004593e-27
9.313725e-02 8.480392e-01 1.149795e-26
1.029412e-01 8.480392e-01 1.831526e-26
1.127451e-01 8.480392e-01 2.831140e-26
1.225490e-01 8.480392e-01 4.246828e-26
1.323529e-01 8.480392e-01 6.181921e-26
1.421569e-01 8.480392e-01 8.732477e-26
1.519608e-01 8.480392e-01 1.197035e-25
1.617647e-01 8.480392e-01 1.592324e-25
1.715686e-01 8.480392e-01 2.055471e-25
1.813725e-01 8.480392e-01 2.574818e-25
1.911765e-01 8.480392e-01 3.129947e-25
2.009804e-01 8.480392e-01 3.692180e-25
2.107843e-01 8.480392e-01 4.226531e-25
2.205882e-01 8.480392e-01 4.695052e-25
2.303922e-01 8.480392e-01 5.061185e-25
2.401961e-01 8.480392e-01 5.294430e-25
2.500000e-01 8.480392e-01 5.374544e-25
2.598039e-01 8.480392e-01 5.294430e-25
2.696078e-01 8.480392e-01 5.061185e-25
2.794118e-01 8.480392e-01 4.695052e-25
2.892157e-01 8.480392e-01 4.226531e-25
2.990196e-01 8.480392e-01 3.692180e-25
3.088235e-01 8.480392e-01 3.129947e-25
3.186275e-01 8.480392e-01 2.574818e-25
3.284314e-01 8.480392e-01 2.055471e-25
3.382353e-01 8.480392e-01 1.592324e-25
3.480392e-01 8.480392e-01 1.197035e-25
3.578431e-01 8.480392e-01 8.732477e-26
3.676471e-01 8.480392e-01 6.181921e-26
3.774510e-01 8.480392e-01 4.246828e-26
3.872549e-01 8.480392e-01 2.831140e-26
3.970588e-01 8.480392e-01 1.831526e-26
4.068627e-01 8.480392e-01 1.149795e-26
4.166667e-01 8.480392e-01 7.004593e-27
4.264706e-01 8.480392e-01 4.140957e-27
4.362745e-01 8.480392e-01 2.375603e-27
4.460784e-01 8.480392e-01 1.322520e-27
4.558824e-01 8.480392e-01 7.144732e-28
4.656863e-01 8.480392e-01 3.745631e-28
4.754902e-01 8.480392e-01 1.905545e-28
4.852941e-01 8.480392e-01 9.407385e-29
4.950980e-01 8.480392e-01 4.506858e-29
5.049020e-01 8.480392e-01 2.095241e-29
5.147059e-01 8.480392e-01 9.452563e-30
5.245098e-01 8.480392e-01 4.138285e-30
5.343137e-01 8.480392e-01 1.758112e-30
5.441176e-01 8.480392e-01 7.248164e-31
5.539216e-01 8.480392e-01 2.899778e-31
5.637255e-01 8.480392e-01 1.125789e-31
5.735294e-01 8.480392e-01 4.241351e-32
5.833333e-01 8.480392e-01 1.550625e-32
5.931373e-01 8.480392e-01 5.501293e-33
6.029412e-01 8.480392e-01 1.893992e-33
6.127451e-01 8.480392e-01 6.327711e-34
6.225490e-01 8.480392e-01 2.051495e-34
6.323529e-01 8.480392e-01 6.454308e-35
6.421569e-01 8.480392e-01 1.970535e-35
6.519608e-01 8.480392e-01 5.838132e-36
6.617647e-01 8.480392e-01 1.678491e-36
6.715686e-01 8.480392e-01 4.682949e-37
6.813725e-01 8.480392e-01 1.267871e-37
6.911765e-01 8.480392e-01 3.331088e-38
7.009804e-01 8.480392e-01 8.492829e-39
7.107843e-01 8.480392e-01 2.101232e-39
7.205882e-01 8.480392e-01 5.044880e-40
7.303922e-01 8.480392e-01 1.175393e-40
7.401961e-01 8.480392e-01 2.657484e-41
7.500000e-01 8.480392e-01 5.830602e-42
7.598039e-01 8.480392e-01 1.241399e-42
7.696078e-01 8.480392e-01 2.564867e-43
7.794118e-01 8.480392e-01 5.142492e-44
7.892157e-01 8.480392e-01 1.000547e-44
7.990196e-01 8.480392e-01 1.889109e-45
8.088235e-01 8.480392e-01 3.461239e-46
8.186275e-01 8.480392e-01 6.154058e-47
8.284314e-01 8.480392e-01 1.061810e-47
8.382353e-01 8.480392e-01 1.777818e-48
8.480392e-01 8.480392e-01 2.888572e-49
8.578431e-01 8.480392e-01 4.554433e-50
8.676471e-01 8.480392e-01 6.968524e-51
8.774510e-01 8.480392e-01 1.034672e-51
8.872549e-01 8.480392e-01 1.490801e-52
8.970588e-01 8.480392e-01 2.084452e-53
9.068627e-01 8.480392e-01 2.828262e-54
9.166667e-01 8.480392e-01 3.723939e-55
9.264706e-01 8.480392e-01 4.758180e-56
9.362745e-01 8.480392e-01 5.899761e-57
9.460784e-01 8.480392e-01 7.098773e-58
9.558824e-01 8.480392e-01 8.288720e-59
9.656863e-01 8.480392e-01 9.391759e-60
9.754902e-01 8.480392e-01 1.032670e-60
9.852941e-01 8.480392e-01 1.101874e-61
9.950980e-01 8.480392e-01 9.407385e-29
4.901961e-03 8.578431e-01 1.737333e-62
1.470588e-02 8.578431e-01 1.483269e-29
2.450980e-02 8.578431e-01 3.004488e-29
3.431373e-02 8.578431e-01 5.905764e-29
4.411765e-02 8.578431e-01 1.126515e-28
5.392157e-02 8.578431e-01 2.085227e-28
6.372549e-02 8.578431e-01 3.745631e-28
7.352941e-02 8.578431e-01 6.529078e-28
8.333333e-02 8.578431e-01 1.104419e-27
9.313725e-02 8.578431e-01 1.812890e-27
1.029412e-01 8.578431e-01 2.887782e-27
1.127451e-01 8.578431e-01 4.463879e-27
1.225490e-01 8.578431e-01 6.696006e-27
1.323529e-01 8.578431e-01 9.747081e-27
1.421569e-01 8.578431e-01 1.376856e-26
1.519608e-01 8.578431e-01 1.887374e-26
1.617647e-01 8.578431e-01 2.510629e-26
1.715686e-01 8.578431e-01 3.240876e-26
1.813725e-01 8.578431e-01 4.059735e-26
1.911765e-01 8.578431e-01 4.935012e-26
2.009804e-01 8.578431e-01 5.821488e-26
2.107843e-01 8.578431e-01 6.664003e-26
2.205882e-01 8.578431e-01 7.402725e-26
2.303922e-01 8.578431e-01 7.980008e-26
2.401961e-01 8.578431e-01 8.347768e-26
2.500000e-01 8.578431e-01 8.474083e-26
2.598039e-01 8.578431e-01 8.347768e-26
2.696078e-01 8.578431e-01 7.980008e-26
2.794118e-01 8.578431e-01 7.402725e-26
2.892157e-01 8.578431e-01 6.664003e-26
2.990196e-01 8.578431e-01 5.821488e-26
3.088235e-01 8.578431e-01 4.935012e-26
3.186275e-01 8.578431e-01 4.059735e-26
3.284314e-01 8.578431e-01 3.240876e-26
3.382353e-01 8.578431e-01 2.510629e-26
3.480392e-01 8.578431e-01 1.887374e-26
3.578431e-01 8.578431e-01 1.376856e-26
3.676471e-01 8.578431e-01 9.747081e-27
3.774510e-01 8.578431e-01 6.696006e-27
3.872549e-01 8.578431e-01 4.463879e-27
3.970588e-01 8.578431e-01 2.887782e-27
4.068627e-01 8.578431e-01 1.812890e-27
4.166667e-01 8.578431e-01 1.104419e-27
4.264706e-01 8.578431e-01 6.529078e-28
4.362745e-01 8.578431e-01 3.745631e-28
4.460784e-01 8.578431e-01 2.085227e-28
4.558824e-01 8.578431e-01 1.126515e-28
4.656863e-01 8.578431e-01 5.905764e-29
4.754902e-01 8.578431e-01 3.004488e-29
4.852941e-01 8.578431e-01 1.483269e-29
4.950980e-01 8.578431e-01 7.105996e-30
5.049020e-01 8.578431e-01 3.303583e-30
5.147059e-01 8.578431e-01 1.490393e-30
5.245098e-01 8.578431e-01 6.524866e-31
5.343137e-01 8.578431e-01 2.772029e-31
5.441176e-01 8.578431e-01 1.142824e-31
5.539216e-01 8.578431e-01 4.572102e-32
5.637255e-01 8.578431e-01 1.775039e-32
5.735294e-01 8.578431e-01 6.687370e-33
5.833333e-01 8.578431e-01 2.444882e-33
5.931373e-01 8.578431e-01 8.673931e-34
6.029412e-01 8.578431e-01 2.986271e-34
6.127451e-01 8.578431e-01 9.976949e-35
6.225490e-01 8.578431e-01 3.234608e-35
6.323529e-01 8.578431e-01 1.017656e-35
6.421569e-01 8.578431e-01 3.106957e-36
6.519608e-01 8.578431e-01 9.205027e-37
6.617647e-01 8.578431e-01 2.646489e-37
6.715686e-01 8.578431e-01 7.383640e-38
6.813725e-01 8.578431e-01 1.999062e-38
6.911765e-01 8.578431e-01 5.252151e-39
7.009804e-01 8.578431e-01 1.339071e-39
7.107843e-01 8.578431e-01 3.313028e-40
7.205882e-01 8.578431e-01 7.954301e-41
7.303922e-01 8.578431e-01 1.853251e-41
7.401961e-01 8.578431e-01 4.190074e-42
7.500000e-01 8.578431e-01 9.193154e-43
7.598039e-01 8.578431e-01 1.957324e-43
7.696078e-01 8.578431e-01 4.044046e-44
7.794118e-01 8.578431e-01 8.108206e-45
7.892157e-01 8.578431e-01 1.577571e-45
7.990196e-01 8.578431e-01 2.978572e-46
8.088235e-01 8.578431e-01 5.457362e-47
8.186275e-01 8.578431e-01 9.703149e-48
8.284314e-01 8.578431e-01 1.674164e-48
8.382353e-01 8.578431e-01 2.803099e-49
8.480392e-01 8.578431e-01 4.554433e-50
8.578431e-01 8.578431e-01 7.181009e-51
8.676471e-01 8.578431e-01 1.098732e-51
8.774510e-01 8.578431e-01 1.631375e-52
8.872549e-01 8.578431e-01 2.350557e-53
8.970588e-01 8.578431e-01 3.286572e-54
9.068627e-01 8.578431e-01 4.459342e-55
9.166667e-01 8.578431e-01 5.871563e-56
9.264706e-01 8.578431e-01 7.502258e-57
9.362745e-01 8.578431e-01 9.302197e-58
9.460784e-01 8.578431e-01 1.119269e-58
9.558824e-01 8.578431e-01 1.306889e-59
9.656863e-01 8.578431e-01 1.480806e-60
9.754902e-01 8.578431e-01 1.628219e-61
9.852941e-01 8.578431e-01 1.737333e-62
9.950980e-01 8.578431e-01 1.483269e-29
4.901961e-03 8.676471e-01 2.658211e-63
1.470588e-02 8.676471e-01 2.269481e-30
2.450980e-02 8.676471e-01 4.597025e-30
3.431373e-02 8.676471e-01 9.036132e-30
4.411765e-02 8.676471e-01 1.723628e-29
5.392157e-02 8.676471e-01 3.190508e-29
6.372549e-02 8.676471e-01 5.731013e-29
7.352941e-02 8.676471e-01 9.989835e-29
8.333333e-02 8.676471e-01 1.689820e-28
9.313725e-02 8.676471e-01 2.773818e-28
1.029412e-01 8.676471e-01 4.418459e-28
1.127451e-01 8.676471e-01 6.829972e-28
1.225490e-01 8.676471e-01 1.024524e-27
1.323529e-01 8.676471e-01 1.491355e-27
1.421569e-01 8.676471e-01 2.106663e-27
1.519608e-01 8.676471e-01 2.887782e-27
1.617647e-01 8.676471e-01 3.841395e-27
1.715686e-01 8.676471e-01 4.958712e-27
1.813725e-01 8.676471e-01 6.211609e-27
1.911765e-01 8.676471e-01 7.550829e-27
2.009804e-01 8.676471e-01 8.907185e-27
2.107843e-01 8.676471e-01 1.019628e-26
2.205882e-01 8.676471e-01 1.132656e-26
2.303922e-01 8.676471e-01 1.220983e-26
2.401961e-01 8.676471e-01 1.277253e-26
2.500000e-01 8.676471e-01 1.296580e-26
2.598039e-01 8.676471e-01 1.277253e-26
2.696078e-01 8.676471e-01 1.220983e-26
2.794118e-01 8.676471e-01 1.132656e-26
2.892157e-01 8.676471e-01 1.019628e-26
2.990196e-01 8.676471e-01 8.907185e-27
3.088235e-01 8.676471e-01 7.550829e-27
3.186275e-01 8.676471e-01 6.211609e-27
3.284314e-01 8.676471e-01 4.958712e-27
3.382353e-01 8.676471e-01 3.841395e-27
3.480392e-01 8.676471e-01 2.887782e-27
3.578431e-01 8.676471e-01 2.106663e-27
3.676471e-01 8.676471e-01 1.491355e-27
3.774510e-01 8.676471e-01 1.024524e-27
3.872549e-01 8.676471e-01 6.829972e-28
3.970588e-01 8.676471e-01 4.418459e-28
4.068627e-01 8.676471e-01 2.773818e-28
4.166667e-01 8.676471e-01 1.689820e-28
4.264706e-01 8.676471e-01 9.989835e-29
4.362745e-01 8.676471e-01 5.731013e-29
4.460784e-01 8.676471e-01 3.190508e-29
4.558824e-01 8.676471e-01 1.723628e-29
4.656863e-01 8.676471e-01 9.036132e-30
4.754902e-01 8.676471e-01 4.597025e-30
4.852941e-01 8.676471e-01 2.269481e-30
4.950980e-01 8.676471e-01 1.087255e-30
5.049020e-01 8.676471e-01 5.054657e-31
5.147059e-01 8.676471e-01 2.280380e-31
5.245098e-01 8.676471e-01 9.983390e-32
5.343137e-01 8.676471e-01 4.241351e-32
5.441176e-01 8.676471e-01 1.748580e-32
5.539216e-01 8.676471e-01 6.995558e-33
5.637255e-01 8.676471e-01 2.715904e-33
5.735294e-01 8.676471e-01 1.023203e-33
5.833333e-01 8.676471e-01 3.740799e-34
5.931373e-01 8.676471e-01 1.327157e-34
6.029412e-01 8.676471e-01 4.569152e-35
6.127451e-01 8.676471e-01 1.526526e-35
6.225490e-01 8.676471e-01 4.949121e-36
6.323529e-01 8.676471e-01 1.557067e-36
6.421569e-01 8.676471e-01 4.753809e-37
6.519608e-01 8.676471e-01 1.408418e-37
6.617647e-01 8.676471e-01 4.049269e-38
6.715686e-01 8.676471e-01 1.129736e-38
6.813725e-01 8.676471e-01 3.058670e-39
6.911765e-01 8.676471e-01 8.036069e-40
7.009804e-01 8.676471e-01 2.048849e-40
7.107843e-01 8.676471e-01 5.069108e-41
7.205882e-01 8.676471e-01 1.217050e-41
7.303922e-01 8.676471e-01 2.835572e-42
7.401961e-01 8.676471e-01 6.411035e-43
7.500000e-01 8.676471e-01 1.406601e-43
7.598039e-01 8.676471e-01 2.994809e-44
7.696078e-01 8.676471e-01 6.187604e-45
7.794118e-01 8.676471e-01 1.240598e-45
7.892157e-01 8.676471e-01 2.413767e-46
7.990196e-01 8.676471e-01 4.557373e-47
8.088235e-01 8.676471e-01 8.350053e-48
8.186275e-01 8.676471e-01 1.484633e-48
8.284314e-01 8.676471e-01 2.561559e-49
8.382353e-01 8.676471e-01 4.288890e-50
8.480392e-01 8.676471e-01 6.968524e-51
8.578431e-01 8.676471e-01 1.098732e-51
8.676471e-01 8.676471e-01 1.681119e-52
8.774510e-01 8.676471e-01 2.496089e-53
8.872549e-01 8.676471e-01 3.596476e-54
8.970588e-01 8.676471e-01 5.028628e-55
9.068627e-01 8.676471e-01 6.823029e-56
9.166667e-01 8.676471e-01 8.983802e-57
9.264706e-01 8.676471e-01 1.147885e-57
9.362745e-01 8.676471e-01 1.423285e-58
9.460784e-01 8.676471e-01 1.712541e-59
9.558824e-01 8.676471e-01 1.999609e-60
9.656863e-01 8.676471e-01 2.265711e-61
9.754902e-01 8.676471e-01 2.491262e-62
9.852941e-01 8.676471e-01 2.658211e-63
9.950980e-01 8.676471e-01 2.269481e-30
4.901961e-03 8.774510e-01 3.946855e-64
1.470588e-02 8.774510e-01 3.369677e-31
2.450980e-02 8.774510e-01 6.825565e-31
3.431373e-02 8.774510e-01 1.341666e-30
4.411765e-02 8.774510e-01 2.559206e-30
5.392157e-02 8.774510e-01 4.737198e-30
6.372549e-02 8.774510e-01 8.509287e-30
7.352941e-02 8.774510e-01 1.483269e-29
8.333333e-02 8.774510e-01 2.509009e-29
9.313725e-02 8.774510e-01 4.118506e-29
1.029412e-01 8.774510e-01 6.560434e-29
1.127451e-01 8.774510e-01 1.014100e-28
1.225490e-01 8.774510e-01 1.521192e-28
1.323529e-01 8.774510e-01 2.214332e-28
1.421569e-01 8.774510e-01 3.127928e-28
1.519608e-01 8.774510e-01 4.287717e-28
1.617647e-01 8.774510e-01 5.703622e-28
1.715686e-01 8.774510e-01 7.362590e-28
1.813725e-01 8.774510e-01 9.222865e-28
1.911765e-01 8.774510e-01 1.121131e-27
2.009804e-01 8.774510e-01 1.322520e-27
2.107843e-01 8.774510e-01 1.513922e-27
2.205882e-01 8.774510e-01 1.681744e-27
2.303922e-01 8.774510e-01 1.812890e-27
2.401961e-01 8.774510e-01 1.896438e-27
2.500000e-01 8.774510e-01 1.925134e-27
2.598039e-01 8.774510e-01 1.896438e-27
2.696078e-01 8.774510e-01 1.812890e-27
2.794118e-01 8.774510e-01 1.681744e-27
2.892157e-01 8.774510e-01 1.513922e-27
2.990196e-01 8.774510e-01 1.322520e-27
3.088235e-01 8.774510e-01 1.121131e-27
3.186275e-01 8.774510e-01 9.222865e-28
3.284314e-01 8.774510e-01 7.362590e-28
3.382353e-01 8.774510e-01 5.703622e-28
3.480392e-01 8.774510e-01 4.287717e-28
3.578431e-01 8.774510e-01 3.127928e-28
3.676471e-01 8.774510e-01 2.214332e-28
3.774510e-01 8.774510e-01 1.521192e-28
3.872549e-01 8.774510e-01 1.014100e-28
3.970588e-01 8.774510e-01 6.560434e-29
4.068627e-01 8.774510e-01 4.118506e-29
4.166667e-01 8.774510e-01 2.509009e-29
4.264706e-01 8.774510e-01 1.483269e-29
4.362745e-01 8.774510e-01 8.509287e-30
4.460784e-01 8.774510e-01 4.737198e-30
4.558824e-01 8.774510e-01 2.559206e-30
4.656863e-01 8.774510e-01 1.341666e-30
4.754902e-01 8.774510e-01 6.825565e-31
4.852941e-01 8.774510e-01 3.369677e-31
4.950980e-01 8.774510e-01 1.614333e-31
5.049020e-01 8.774510e-01 7.505047e-32
5.147059e-01 8.774510e-01 3.385860e-32
5.245098e-01 8.774510e-01 1.482313e-32
5.343137e-01 8.774510e-01 6.297467e-33
5.441176e-01 8.774510e-01 2.596255e-33
5.539216e-01 8.774510e-01 1.038686e-33
5.637255e-01 8.774510e-01 4.032517e-34
5.735294e-01 8.774510e-01 1.519230e-34
5.833333e-01 8.774510e-01 5.554260e-35
5.931373e-01 8.774510e-01 1.970535e-35
6.029412e-01 8.774510e-01 6.784181e-36
6.127451e-01 8.774510e-01 2.266553e-36
6.225490e-01 8.774510e-01 7.348350e-37
6.323529e-01 8.774510e-01 2.311900e-37
6.421569e-01 8.774510e-01 7.058355e-38
6.519608e-01 8.774510e-01 2.091189e-38
6.617647e-01 8.774510e-01 6.012268e-39
6.715686e-01 8.774510e-01 1.677408e-39
6.813725e-01 8.774510e-01 4.541449e-40
6.911765e-01 8.774510e-01 1.193178e-40
7.009804e-01 8.774510e-01 3.042088e-41
7.107843e-01 8.774510e-01 7.526504e-42
7.205882e-01 8.774510e-01 1.807050e-42
7.303922e-01 8.774510e-01 4.210197e-43
7.401961e-01 8.774510e-01 9.518969e-44
7.500000e-01 8.774510e-01 2.088492e-44
7.598039e-01 8.774510e-01 4.446629e-45
7.696078e-01 8.774510e-01 9.187223e-46
7.794118e-01 8.774510e-01 1.842014e-46
7.892157e-01 8.774510e-01 3.583909e-47
7.990196e-01 8.774510e-01 6.766691e-48
8.088235e-01 8.774510e-01 1.239798e-48
8.186275e-01 8.774510e-01 2.204352e-49
8.284314e-01 8.774510e-01 3.803349e-50
8.382353e-01 8.774510e-01 6.368053e-51
8.480392e-01 8.774510e-01 1.034672e-51
8.578431e-01 8.774510e-01 1.631375e-52
8.676471e-01 8.774510e-01 2.496089e-53
8.774510e-01 8.774510e-01 3.706140e-54
8.872549e-01 8.774510e-01 5.339971e-55
8.970588e-01 8.774510e-01 7.466401e-56
9.068627e-01 8.774510e-01 1.013069e-56
9.166667e-01 8.774510e-01 1.333896e-57
9.264706e-01 8.774510e-01 1.704355e-58
9.362745e-01 8.774510e-01 2.113264e-59
9.460784e-01 8.774510e-01 2.542744e-60
9.558824e-01 8.774510e-01 2.968977e-61
9.656863e-01 8.774510e-01 3.364080e-62
9.754902e-01 8.774510e-01 3.698972e-63
9.852941e-01 8.774510e-01 3.946855e-64
9.950980e-01 8.774510e-01 3.369677e-31
4.901961e-03 8.872549e-01 5.686803e-65
1.470588e-02 8.872549e-01 4.855180e-32
2.450980e-02 8.872549e-01 9.834577e-32
3.431373e-02 8.872549e-01 1.933131e-31
4.411765e-02 8.872549e-01 3.687418e-31
5.392157e-02 8.872549e-01 6.825565e-31
6.372549e-02 8.872549e-01 1.226056e-30
7.352941e-02 8.872549e-01 2.137160e-30
8.333333e-02 8.872549e-01 3.615092e-30
9.313725e-02 8.872549e-01 5.934127e-30
1.029412e-01 8.872549e-01 9.452563e-30
1.127451e-01 8.872549e-01 1.461160e-29
1.225490e-01 8.872549e-01 2.191801e-29
1.323529e-01 8.872549e-01 3.190508e-29
1.421569e-01 8.872549e-01 4.506858e-29
1.519608e-01 8.872549e-01 6.177932e-29
1.617647e-01 8.872549e-01 8.218031e-29
1.715686e-01 8.872549e-01 1.060835e-28
1.813725e-01 8.872549e-01 1.328871e-28
1.911765e-01 8.872549e-01 1.615375e-28
2.009804e-01 8.872549e-01 1.905545e-28
2.107843e-01 8.872549e-01 2.181325e-28
2.205882e-01 8.872549e-01 2.423131e-28
2.303922e-01 8.872549e-01 2.612093e-28
2.401961e-01 8.872549e-01 2.732472e-28
2.500000e-01 8.872549e-01 2.773818e-28
2.598039e-01 8.872549e-01 2.732472e-28
2.696078e-01 8.872549e-01 2.612093e-28
2.794118e-01 8.872549e-01 2.423131e-28
2.892157e-01 8.872549e-01 2.181325e-28
2.990196e-01 8.872549e-01 1.905545e-28
3.088235e-01 8.872549e-01 1.615375e-28
3.186275e-01 8.872549e-01 1.328871e-28
3.284314e-01 8.872549e-01 1.060835e-28
3.382353e-01 8.872549e-01 8.218031e-29
3.480392e-01 8.872549e-01 6.177932e-29
3.578431e-01 8.872549e-01 4.506858e-29
3.676471e-01 8.872549e-01 3.190508e-29
3.774510e-01 8.872549e-01 2.191801e-29
3.872549e-01 8.872549e-01 1.461160e-29
3.970588e-01 8.872549e-01 9.452563e-30
4.068627e-01 8.872549e-01 5.934127e-30
4.166667e-01 8.872549e-01 3.615092e-30
4.264706e-01 8.872549e-01 2.137160e-30
4.362745e-01 8.872549e-01 1.226056e-30
4.460784e-01 8.872549e-01 6.825565e-31
4.558824e-01 8.872549e-01 3.687418e-31
4.656863e-01 8.872549e-01 1.933131e-31
4.754902e-01 8.872549e-01 9.834577e-32
4.852941e-01 8.872549e-01 4.855180e-32
4.950980e-01 8.872549e-01 2.326003e-32
5.049020e-01 8.872549e-01 1.081360e-32
5.147059e-01 8.872549e-01 4.878497e-33
5.245098e-01 8.872549e-01 2.135782e-33
5.343137e-01 8.872549e-01 9.073670e-34
5.441176e-01 8.872549e-01 3.740799e-34
5.539216e-01 8.872549e-01 1.496584e-34
5.637255e-01 8.872549e-01 5.810229e-35
5.735294e-01 8.872549e-01 2.188974e-35
5.833333e-01 8.872549e-01 8.002823e-36
5.931373e-01 8.872549e-01 2.839234e-36
6.029412e-01 8.872549e-01 9.774948e-37
6.127451e-01 8.872549e-01 3.265751e-37
6.225490e-01 8.872549e-01 1.058783e-37
6.323529e-01 8.872549e-01 3.331088e-38
6.421569e-01 8.872549e-01 1.016999e-38
6.519608e-01 8.872549e-01 3.013078e-39
6.617647e-01 8.872549e-01 8.662743e-40
6.715686e-01 8.872549e-01 2.416884e-40
6.813725e-01 8.872549e-01 6.543521e-41
6.911765e-01 8.872549e-01 1.719184e-41
7.009804e-01 8.872549e-01 4.383175e-42
7.107843e-01 8.872549e-01 1.084452e-42
7.205882e-01 8.872549e-01 2.603678e-43
7.303922e-01 8.872549e-01 6.066238e-44
7.401961e-01 8.872549e-01 1.371535e-44
7.500000e-01 8.872549e-01 3.009191e-45
7.598039e-01 8.872549e-01 6.406899e-46
7.696078e-01 8.872549e-01 1.323736e-46
7.794118e-01 8.872549e-01 2.654056e-47
7.892157e-01 8.872549e-01 5.163855e-48
7.990196e-01 8.872549e-01 9.749748e-49
8.088235e-01 8.872549e-01 1.786356e-49
8.186275e-01 8.872549e-01 3.176128e-50
8.284314e-01 8.872549e-01 5.480033e-51
8.382353e-01 8.872549e-01 9.175373e-52
8.480392e-01 8.872549e-01 1.490801e-52
8.578431e-01 8.872549e-01 2.350557e-53
8.676471e-01 8.872549e-01 3.596476e-54
8.774510e-01 8.872549e-01 5.339971e-55
8.872549e-01 8.872549e-01 7.694067e-56
8.970588e-01 8.872549e-01 1.075792e-56
9.068627e-01 8.872549e-01 1.459674e-57
9.166667e-01 8.872549e-01 1.921936e-58
9.264706e-01 8.872549e-01 2.455711e-59
9.362745e-01 8.872549e-01 3.044884e-60
9.460784e-01 8.872549e-01 3.663698e-61
9.558824e-01 8.872549e-01 4.277833e-62
9.656863e-01 8.872549e-01 4.847115e-63
9.754902e-01 8.872549e-01 5.329643e-64
9.852941e-01 8.872549e-01 5.686803e-65
9.950980e-01 8.872549e-01 4.855180e-32
4.901961e-03 8.970588e-01 7.951345e-66
1.470588e-02 8.970588e-01 6.788560e-33
2.450980e-02 8.970588e-01 1.375080e-32
3.431373e-02 8.970588e-01 2.702923e-32
4.411765e-02 8.970588e-01 5.155784e-32
5.392157e-02 8.970588e-01 9.543573e-32
6.372549e-02 8.970588e-01 1.714283e-31
7.352941e-02 8.970588e-01 2.988199e-31
8.333333e-02 8.970588e-01 5.054657e-31
9.313725e-02 8.970588e-01 8.297154e-31
1.029412e-01 8.970588e-01 1.321667e-30
1.127451e-01 8.970588e-01 2.043008e-30
1.225490e-01 8.970588e-01 3.064598e-30
1.323529e-01 8.970588e-01 4.461000e-30
1.421569e-01 8.970588e-01 6.301533e-30
1.519608e-01 8.970588e-01 8.638046e-30
1.617647e-01 8.970588e-01 1.149053e-29
1.715686e-01 8.970588e-01 1.483269e-29
1.813725e-01 8.970588e-01 1.858041e-29
1.911765e-01 8.970588e-01 2.258634e-29
2.009804e-01 8.970588e-01 2.664352e-29
2.107843e-01 8.970588e-01 3.049950e-29
2.205882e-01 8.970588e-01 3.388045e-29
2.303922e-01 8.970588e-01 3.652254e-29
2.401961e-01 8.970588e-01 3.820569e-29
2.500000e-01 8.970588e-01 3.878380e-29
2.598039e-01 8.970588e-01 3.820569e-29
2.696078e-01 8.970588e-01 3.652254e-29
2.794118e-01 8.970588e-01 3.388045e-29
2.892157e-01 8.970588e-01 3.049950e-29
2.990196e-01 8.970588e-01 2.664352e-29
3.088235e-01 8.970588e-01 2.258634e-29
3.186275e-01 8.970588e-01 1.858041e-29
3.284314e-01 8.970588e-01 1.483269e-29
3.382353e-01 8.970588e-01 1.149053e-29
3.480392e-01 8.970588e-01 8.638046e-30
3.578431e-01 8.970588e-01 6.301533e-30
3.676471e-01 8.970588e-01 4.461000e-30
3.774510e-01 8.970588e-01 3.064598e-30
3.872549e-01 8.970588e-01 2.043008e-30
3.970588e-01 8.970588e-01 1.321667e-30
4.068627e-01 8.970588e-01 8.297154e-31
4.166667e-01 8.970588e-01 5.054657e-31
4.264706e-01 8.970588e-01 2.988199e-31
4.362745e-01 8.970588e-01 1.714283e-31
4.460784e-01 8.970588e-01 9.543573e-32
4.558824e-01 8.970588e-01 5.155784e-32
4.656863e-01 8.970588e-01 2.702923e-32
4.754902e-01 8.970588e-01 1.375080e-32
4.852941e-01 8.970588e-01 6.788560e-33
4.950980e-01 8.970588e-01 3.252240e-33
5.049020e-01 8.970588e-01 1.511969e-33
5.147059e-01 8.970588e-01 6.821162e-34
5.245098e-01 8.970588e-01 2.986271e-34
5.343137e-01 8.970588e-01 1.268689e-34
5.441176e-01 8.970588e-01 5.230423e-35
5.539216e-01 8.970588e-01 2.092539e-35
5.637255e-01 8.970588e-01 8.123919e-36
5.735294e-01 8.970588e-01 3.060645e-36
5.833333e-01 8.970588e-01 1.118963e-36
5.931373e-01 8.970588e-01 3.969845e-37
6.029412e-01 8.970588e-01 1.366743e-37
6.127451e-01 8.970588e-01 4.566205e-38
6.225490e-01 8.970588e-01 1.480401e-38
6.323529e-01 8.970588e-01 4.657560e-39
6.421569e-01 8.970588e-01 1.421978e-39
6.519608e-01 8.970588e-01 4.212915e-40
6.617647e-01 8.970588e-01 1.211233e-40
6.715686e-01 8.970588e-01 3.379311e-41
6.813725e-01 8.970588e-01 9.149215e-42
6.911765e-01 8.970588e-01 2.403781e-42
7.009804e-01 8.970588e-01 6.128598e-43
7.107843e-01 8.970588e-01 1.516292e-43
7.205882e-01 8.970588e-01 3.640488e-44
7.303922e-01 8.970588e-01 8.481874e-45
7.401961e-01 8.970588e-01 1.917694e-45
7.500000e-01 8.970588e-01 4.207481e-46
7.598039e-01 8.970588e-01 8.958190e-47
7.696078e-01 8.970588e-01 1.850860e-47
7.794118e-01 8.970588e-01 3.710927e-48
7.892157e-01 8.970588e-01 7.220153e-49
7.990196e-01 8.970588e-01 1.363219e-49
8.088235e-01 8.970588e-01 2.497701e-50
8.186275e-01 8.970588e-01 4.440893e-51
8.284314e-01 8.970588e-01 7.662237e-52
8.382353e-01 8.970588e-01 1.282910e-52
8.480392e-01 8.970588e-01 2.084452e-53
8.578431e-01 8.970588e-01 3.286572e-54
8.676471e-01 8.970588e-01 5.028628e-55
8.774510e-01 8.970588e-01 7.466401e-56
8.872549e-01 8.970588e-01 1.075792e-56
8.970588e-01 8.970588e-01 1.504183e-57
9.068627e-01 8.970588e-01 2.040931e-58
9.166667e-01 8.970588e-01 2.687270e-59
9.264706e-01 8.970588e-01 3.433599e-60
9.362745e-01 8.970588e-01 4.257387e-61
9.460784e-01 8.970588e-01 5.122619e-62
9.558824e-01 8.970588e-01 5.981309e-63
9.656863e-01 8.970588e-01 6.777284e-64
9.754902e-01 8.970588e-01 7.451960e-65
9.852941e-01 8.970588e-01 7.951345e-66
9.950980e-01 8.970588e-01 6.788560e-33
4.901961e-03 9.068627e-01 1.078868e-66
1.470588e-02 9.068627e-01 9.210969e-34
2.450980e-02 9.068627e-01 1.865760e-33
3.431373e-02 9.068627e-01 3.667426e-33
4.411765e-02 9.068627e-01 6.995558e-33
5.392157e-02 9.068627e-01 1.294907e-32
6.372549e-02 9.068627e-01 2.326003e-32
7.352941e-02 9.068627e-01 4.054498e-32
8.333333e-02 9.068627e-01 6.858345e-32
9.313725e-02 9.068627e-01 1.125789e-31
1.029412e-01 9.068627e-01 1.793286e-31
1.127451e-01 9.068627e-01 2.772029e-31
1.225490e-01 9.068627e-01 4.158159e-31
1.323529e-01 9.068627e-01 6.052849e-31
1.421569e-01 9.068627e-01 8.550152e-31
1.519608e-01 9.068627e-01 1.172042e-30
1.617647e-01 9.068627e-01 1.559078e-30
1.715686e-01 9.068627e-01 2.012555e-30
1.813725e-01 9.068627e-01 2.521059e-30
1.911765e-01 9.068627e-01 3.064598e-30
2.009804e-01 9.068627e-01 3.615092e-30
2.107843e-01 9.068627e-01 4.138285e-30
2.205882e-01 9.068627e-01 4.597025e-30
2.303922e-01 9.068627e-01 4.955513e-30
2.401961e-01 9.068627e-01 5.183889e-30
2.500000e-01 9.068627e-01 5.262329e-30
2.598039e-01 9.068627e-01 5.183889e-30
2.696078e-01 9.068627e-01 4.955513e-30
2.794118e-01 9.068627e-01 4.597025e-30
2.892157e-01 9.068627e-01 4.138285e-30
2.990196e-01 9.068627e-01 3.615092e-30
3.088235e-01 9.068627e-01 3.064598e-30
3.186275e-01 9.068627e-01 2.521059e-30
3.284314e-01 9.068627e-01 2.012555e-30
3.382353e-01 9.068627e-01 1.559078e-30
3.480392e-01 9.068627e-01 1.172042e-30
3.578431e-01 9.068627e-01 8.550152e-31
3.676471e-01 9.068627e-01 6.052849e-31
3.774510e-01 9.068627e-01 4.158159e-31
3.872549e-01 9.068627e-01 2.772029e-31
3.970588e-01 9.068627e-01 1.793286e-31
4.068627e-01 9.068627e-01 1.125789e-31
4.166667e-01 9.068627e-01 6.858345e-32
4.264706e-01 9.068627e-01 4.054498e-32
4.362745e-01 9.068627e-01 2.326003e-32
4.460784e-01 9.068627e-01 1.294907e-32
4.558824e-01 9.068627e-01 6.995558e-33
4.656863e-01 9.068627e-01 3.667426e-33
4.754902e-01 9.068627e-01 1.865760e-33
4.852941e-01 9.068627e-01 9.210969e-34
4.950980e-01 9.068627e-01 4.412760e-34
5.049020e-01 9.068627e-01 2.051495e-34
5.147059e-01 9.068627e-01 9.255205e-35
5.245098e-01 9.068627e-01 4.051883e-35
5.343137e-01 9.068627e-01 1.721405e-35
5.441176e-01 9.068627e-01 7.096831e-36
5.539216e-01 9.068627e-01 2.839234e-36
5.637255e-01 9.068627e-01 1.102283e-36
5.735294e-01 9.068627e-01 4.152796e-37
5.833333e-01 9.068627e-01 1.518250e-37
5.931373e-01 9.068627e-01 5.386432e-38
6.029412e-01 9.068627e-01 1.854447e-38
6.127451e-01 9.068627e-01 6.195595e-39
6.225490e-01 9.068627e-01 2.008662e-39
6.323529e-01 9.068627e-01 6.319549e-40
6.421569e-01 9.068627e-01 1.929392e-40
6.519608e-01 9.068627e-01 5.716239e-41
6.617647e-01 9.068627e-01 1.643446e-41
6.715686e-01 9.068627e-01 4.585174e-42
6.813725e-01 9.068627e-01 1.241399e-42
6.911765e-01 9.068627e-01 3.261538e-43
7.009804e-01 9.068627e-01 8.315508e-44
7.107843e-01 9.068627e-01 2.057360e-44
7.205882e-01 9.068627e-01 4.939549e-45
7.303922e-01 9.068627e-01 1.150852e-45
7.401961e-01 9.068627e-01 2.601998e-46
7.500000e-01 9.068627e-01 5.708866e-47
7.598039e-01 9.068627e-01 1.215480e-47
7.696078e-01 9.068627e-01 2.511316e-48
7.794118e-01 9.068627e-01 5.035123e-49
7.892157e-01 9.068627e-01 9.796571e-50
7.990196e-01 9.068627e-01 1.849666e-50
8.088235e-01 9.068627e-01 3.388973e-51
8.186275e-01 9.068627e-01 6.025568e-52
8.284314e-01 9.068627e-01 1.039641e-52
8.382353e-01 9.068627e-01 1.740699e-53
8.480392e-01 9.068627e-01 2.828262e-54
8.578431e-01 9.068627e-01 4.459342e-55
8.676471e-01 9.068627e-01 6.823029e-56
8.774510e-01 9.068627e-01 1.013069e-56
8.872549e-01 9.068627e-01 1.459674e-57
8.970588e-01 9.068627e-01 2.040931e-58
9.068627e-01 9.068627e-01 2.769211e-59
9.166667e-01 9.068627e-01 3.646187e-60
9.264706e-01 9.068627e-01 4.658834e-61
9.362745e-01 9.068627e-01 5.776581e-62
9.460784e-01 9.068627e-01 6.950559e-63
9.558824e-01 9.068627e-01 8.115661e-64
9.656863e-01 9.068627e-01 9.195670e-65
9.754902e-01 9.068627e-01 1.011109e-65
9.852941e-01 9.068627e-01 1.078868e-66
9.950980e-01 9.068627e-01 9.210969e-34
4.901961e-03 9.166667e-01 1.420533e-67
1.470588e-02 9.166667e-01 1.212798e-34
2.450980e-02 9.166667e-01 2.456624e-34
3.431373e-02 9.166667e-01 4.828857e-34
4.411765e-02 9.166667e-01 9.210969e-34
5.392157e-02 9.166667e-01 1.704989e-33
6.372549e-02 9.166667e-01 3.062621e-33
7.352941e-02 9.166667e-01 5.338510e-33
8.333333e-02 9.166667e-01 9.030302e-33
9.313725e-02 9.166667e-01 1.482313e-32
1.029412e-01 9.166667e-01 2.361199e-32
1.127451e-01 9.166667e-01 3.649898e-32
1.225490e-01 9.166667e-01 5.475000e-32
1.323529e-01 9.166667e-01 7.969715e-32
1.421569e-01 9.166667e-01 1.125789e-31
1.519608e-01 9.166667e-01 1.543214e-31
1.617647e-01 9.166667e-01 2.052819e-31
1.715686e-01 9.166667e-01 2.649907e-31
1.813725e-01 9.166667e-01 3.319448e-31
1.911765e-01 9.166667e-01 4.035120e-31
2.009804e-01 9.166667e-01 4.759949e-31
2.107843e-01 9.166667e-01 5.448832e-31
2.205882e-01 9.166667e-01 6.052849e-31
2.303922e-01 9.166667e-01 6.524866e-31
2.401961e-01 9.166667e-01 6.825565e-31
2.500000e-01 9.166667e-01 6.928847e-31
2.598039e-01 9.166667e-01 6.825565e-31
2.696078e-01 9.166667e-01 6.524866e-31
2.794118e-01 9.166667e-01 6.052849e-31
2.892157e-01 9.166667e-01 5.448832e-31
2.990196e-01 9.166667e-01 4.759949e-31
3.088235e-01 9.166667e-01 4.035120e-31
3.186275e-01 9.166667e-01 3.319448e-31
3.284314e-01 9.166667e-01 2.649907e-31
3.382353e-01 9.166667e-01 2.052819e-31
3.480392e-01 9.166667e-01 1.543214e-31
3.578431e-01 9.166667e-01 1.125789e-31
3.676471e-01 9.166667e-01 7.969715e-32
3.774510e-01 9.166667e-01 5.475000e-32
3.872549e-01 9.166667e-01 3.649898e-32
3.970588e-01 9.166667e-01 2.361199e-32
4.068627e-01 9.166667e-01 1.482313e-32
4.166667e-01 9.166667e-01 9.030302e-33
4.264706e-01 9.166667e-01 5.338510e-33
4.362745e-01 9.166667e-01 3.062621e-33
4.460784e-01 9.166667e-01 1.704989e-33
4.558824e-01 9.166667e-01 9.210969e-34
4.656863e-01 9.166667e-01 4.828857e-34
4.754902e-01 9.166667e-01 2.456624e-34
4.852941e-01 9.166667e-01 1.212798e-34
4.950980e-01 9.166667e-01 5.810229e-35
5.049020e-01 9.166667e-01 2.701180e-35
5.147059e-01 9.166667e-01 1.218622e-35
5.245098e-01 9.166667e-01 5.335066e-36
5.343137e-01 9.166667e-01 2.266553e-36
5.441176e-01 9.166667e-01 9.344314e-37
5.539216e-01 9.166667e-01 3.738386e-37
5.637255e-01 9.166667e-01 1.451364e-37
5.735294e-01 9.166667e-01 5.467938e-38
5.833333e-01 9.166667e-01 1.999062e-38
5.931373e-01 9.166667e-01 7.092252e-39
6.029412e-01 9.166667e-01 2.441729e-39
6.127451e-01 9.166667e-01 8.157668e-40
6.225490e-01 9.166667e-01 2.644782e-40
6.323529e-01 9.166667e-01 8.320876e-41
6.421569e-01 9.166667e-01 2.540408e-41
6.519608e-01 9.166667e-01 7.526504e-42
6.617647e-01 9.166667e-01 2.163906e-42
6.715686e-01 9.166667e-01 6.037245e-43
6.813725e-01 9.166667e-01 1.634536e-43
6.911765e-01 9.166667e-01 4.294429e-44
7.009804e-01 9.166667e-01 1.094893e-44
7.107843e-01 9.166667e-01 2.708902e-45
7.205882e-01 9.166667e-01 6.503846e-46
7.303922e-01 9.166667e-01 1.515313e-46
7.401961e-01 9.166667e-01 3.426021e-47
7.500000e-01 9.166667e-01 7.516796e-48
7.598039e-01 9.166667e-01 1.600409e-48
7.696078e-01 9.166667e-01 3.306620e-49
7.794118e-01 9.166667e-01 6.629687e-50
7.892157e-01 9.166667e-01 1.289903e-50
7.990196e-01 9.166667e-01 2.435434e-51
8.088235e-01 9.166667e-01 4.462220e-52
8.186275e-01 9.166667e-01 7.933794e-53
8.284314e-01 9.166667e-01 1.368883e-53
8.382353e-01 9.166667e-01 2.291958e-54
8.480392e-01 9.166667e-01 3.723939e-55
8.578431e-01 9.166667e-01 5.871563e-56
8.676471e-01 9.166667e-01 8.983802e-57
8.774510e-01 9.166667e-01 1.333896e-57
8.872549e-01 9.166667e-01 1.921936e-58
8.970588e-01 9.166667e-01 2.687270e-59
9.068627e-01 9.166667e-01 3.646187e-60
9.166667e-01 9.166667e-01 4.800892e-61
9.264706e-01 9.166667e-01 6.134232e-62
9.362745e-01 9.166667e-01 7.605956e-63
9.460784e-01 9.166667e-01 9.151719e-64
9.558824e-01 9.166667e-01 1.068580e-64
9.656863e-01 9.166667e-01 1.210783e-65
9.754902e-01 9.166667e-01 1.331316e-66
9.852941e-01 9.166667e-01 1.420533e-67
9.950980e-01 9.166667e-01 1.212798e-34
4.901961e-03 9.264706e-01 1.815054e-68
1.470588e-02 9.264706e-01 1.549625e-35
2.450980e-02 9.264706e-01 3.138896e-35
3.431373e-02 9.264706e-01 6.169964e-35
4.411765e-02 9.264706e-01 1.176911e-34
5.392157e-02 9.264706e-01 2.178512e-34
6.372549e-02 9.264706e-01 3.913195e-34
7.352941e-02 9.264706e-01 6.821162e-34
8.333333e-02 9.264706e-01 1.153827e-33
9.313725e-02 9.264706e-01 1.893992e-33
1.029412e-01 9.264706e-01 3.016969e-33
1.127451e-01 9.264706e-01 4.663575e-33
1.225490e-01 9.264706e-01 6.995558e-33
1.323529e-01 9.264706e-01 1.018313e-32
1.421569e-01 9.264706e-01 1.438451e-32
1.519608e-01 9.264706e-01 1.971807e-32
1.617647e-01 9.264706e-01 2.622944e-32
1.715686e-01 9.264706e-01 3.385860e-32
1.813725e-01 9.264706e-01 4.241351e-32
1.911765e-01 9.264706e-01 5.155784e-32
2.009804e-01 9.264706e-01 6.081918e-32
2.107843e-01 9.264706e-01 6.962123e-32
2.205882e-01 9.264706e-01 7.733892e-32
2.303922e-01 9.264706e-01 8.337001e-32
2.401961e-01 9.264706e-01 8.721213e-32
2.500000e-01 9.264706e-01 8.853179e-32
2.598039e-01 9.264706e-01 8.721213e-32
2.696078e-01 9.264706e-01 8.337001e-32
2.794118e-01 9.264706e-01 7.733892e-32
2.892157e-01 9.264706e-01 6.962123e-32
2.990196e-01 9.264706e-01 6.081918e-32
3.088235e-01 9.264706e-01 5.155784e-32
3.186275e-01 9.264706e-01 4.241351e-32
3.284314e-01 9.264706e-01 3.385860e-32
3.382353e-01 9.264706e-01 2.622944e-32
3.480392e-01 9.264706e-01 1.971807e-32
3.578431e-01 9.264706e-01 1.438451e-32
3.676471e-01 9.264706e-01 1.018313e-32
3.774510e-01 9.264706e-01 6.995558e-33
3.872549e-01 9.264706e-01 4.663575e-33
3.970588e-01 9.264706e-01 3.016969e-33
4.068627e-01 9.264706e-01 1.893992e-33
4.166667e-01 9.264706e-01 1.153827e-33
4.264706e-01 9.264706e-01 6.821162e-34
4.362745e-01 9.264706e-01 3.913195e-34
4.460784e-01 9.264706e-01 2.178512e-34
4.558824e-01 9.264706e-01 1.176911e-34
4.656863e-01 9.264706e-01 6.169964e-35
4.754902e-01 9.264706e-01 3.138896e-35
4.852941e-01 9.264706e-01 1.549625e-35
4.950980e-01 9.264706e-01 7.423889e-36
5.049020e-01 9.264706e-01 3.451372e-36
5.147059e-01 9.264706e-01 1.557067e-36
5.245098e-01 9.264706e-01 6.816761e-37
5.343137e-01 9.264706e-01 2.896038e-37
5.441176e-01 9.264706e-01 1.193949e-37
5.539216e-01 9.264706e-01 4.776639e-38
5.637255e-01 9.264706e-01 1.854447e-38
5.735294e-01 9.264706e-01 6.986535e-39
5.833333e-01 9.264706e-01 2.554256e-39
5.931373e-01 9.264706e-01 9.061967e-40
6.029412e-01 9.264706e-01 3.119864e-40
6.127451e-01 9.264706e-01 1.042328e-40
6.225490e-01 9.264706e-01 3.379311e-41
6.323529e-01 9.264706e-01 1.063181e-41
6.421569e-01 9.264706e-01 3.245950e-42
6.519608e-01 9.264706e-01 9.616822e-43
6.617647e-01 9.264706e-01 2.764882e-43
6.715686e-01 9.264706e-01 7.713954e-44
6.813725e-01 9.264706e-01 2.088492e-44
6.911765e-01 9.264706e-01 5.487111e-45
7.009804e-01 9.264706e-01 1.398975e-45
7.107843e-01 9.264706e-01 3.461239e-46
7.205882e-01 9.264706e-01 8.310144e-47
7.303922e-01 9.264706e-01 1.936158e-47
7.401961e-01 9.264706e-01 4.377521e-48
7.500000e-01 9.264706e-01 9.604418e-49
7.598039e-01 9.264706e-01 2.044886e-49
7.696078e-01 9.264706e-01 4.224960e-50
7.794118e-01 9.264706e-01 8.470934e-51
7.892157e-01 9.264706e-01 1.648145e-51
7.990196e-01 9.264706e-01 3.111821e-52
8.088235e-01 9.264706e-01 5.701502e-53
8.186275e-01 9.264706e-01 1.013723e-53
8.284314e-01 9.264706e-01 1.749059e-54
8.382353e-01 9.264706e-01 2.928498e-55
8.480392e-01 9.264706e-01 4.758180e-56
8.578431e-01 9.264706e-01 7.502258e-57
8.676471e-01 9.264706e-01 1.147885e-57
8.774510e-01 9.264706e-01 1.704355e-58
8.872549e-01 9.264706e-01 2.455711e-59
8.970588e-01 9.264706e-01 3.433599e-60
9.068627e-01 9.264706e-01 4.658834e-61
9.166667e-01 9.264706e-01 6.134232e-62
9.264706e-01 9.264706e-01 7.837878e-63
9.362745e-01 9.264706e-01 9.718340e-64
9.460784e-01 9.264706e-01 1.169340e-64
9.558824e-01 9.264706e-01 1.365354e-65
9.656863e-01 9.264706e-01 1.547051e-66
9.754902e-01 9.264706e-01 1.701059e-67
9.852941e-01 9.264706e-01 1.815054e-68
9.950980e-01 9.264706e-01 1.549625e-35
4.901961e-03 9.362745e-01 2.250521e-69
1.470588e-02 9.362745e-01 1.921410e-36
2.450980e-02 9.362745e-01 3.891979e-36
3.431373e-02 9.362745e-01 7.650260e-36
4.411765e-02 9.362745e-01 1.459275e-35
5.392157e-02 9.362745e-01 2.701180e-35
6.372549e-02 9.362745e-01 4.852048e-35
7.352941e-02 9.362745e-01 8.457693e-35
8.333333e-02 9.362745e-01 1.430652e-34
9.313725e-02 9.362745e-01 2.348398e-34
1.029412e-01 9.362745e-01 3.740799e-34
1.127451e-01 9.362745e-01 5.782459e-34
1.225490e-01 9.362745e-01 8.673931e-34
1.323529e-01 9.362745e-01 1.262626e-33
1.421569e-01 9.362745e-01 1.783564e-33
1.519608e-01 9.362745e-01 2.444882e-33
1.617647e-01 9.362745e-01 3.252240e-33
1.715686e-01 9.362745e-01 4.198194e-33
1.813725e-01 9.362745e-01 5.258934e-33
1.911765e-01 9.362745e-01 6.392758e-33
2.009804e-01 9.362745e-01 7.541090e-33
2.107843e-01 9.362745e-01 8.632473e-33
2.205882e-01 9.362745e-01 9.589406e-33
2.303922e-01 9.362745e-01 1.033721e-32
2.401961e-01 9.362745e-01 1.081360e-32
2.500000e-01 9.362745e-01 1.097723e-32
2.598039e-01 9.362745e-01 1.081360e-32
2.696078e-01 9.362745e-01 1.033721e-32
2.794118e-01 9.362745e-01 9.589406e-33
2.892157e-01 9.362745e-01 8.632473e-33
2.990196e-01 9.362745e-01 7.541090e-33
3.088235e-01 9.362745e-01 6.392758e-33
3.186275e-01 9.362745e-01 5.258934e-33
3.284314e-01 9.362745e-01 4.198194e-33
3.382353e-01 9.362745e-01 3.252240e-33
3.480392e-01 9.362745e-01 2.444882e-33
3.578431e-01 9.362745e-01 1.783564e-33
3.676471e-01 9.362745e-01 1.262626e-33
3.774510e-01 9.362745e-01 8.673931e-34
3.872549e-01 9.362745e-01 5.782459e-34
3.970588e-01 9.362745e-01 3.740799e-34
4.068627e-01 9.362745e-01 2.348398e-34
4.166667e-01 9.362745e-01 1.430652e-34
4.264706e-01 9.362745e-01 8.457693e-35
4.362745e-01 9.362745e-01 4.852048e-35
4.460784e-01 9.362745e-01 2.701180e-35
4.558824e-01 9.362745e-01 1.459275e-35
4.656863e-01 9.362745e-01 7.650260e-36
4.754902e-01 9.362745e-01 3.891979e-36
4.852941e-01 9.362745e-01 1.921410e-36
4.950980e-01 9.362745e-01 9.205027e-37
5.049020e-01 9.362745e-01 4.279424e-37
5.147059e-01 9.362745e-01 1.930638e-37
5.245098e-01 9.362745e-01 8.452237e-38
5.343137e-01 9.362745e-01 3.590855e-38
5.441176e-01 9.362745e-01 1.480401e-38
5.539216e-01 9.362745e-01 5.922649e-39
5.637255e-01 9.362745e-01 2.299366e-39
5.735294e-01 9.362745e-01 8.662743e-40
5.833333e-01 9.362745e-01 3.167073e-40
5.931373e-01 9.362745e-01 1.123611e-40
6.029412e-01 9.362745e-01 3.868381e-41
6.127451e-01 9.362745e-01 1.292403e-41
6.225490e-01 9.362745e-01 4.190074e-42
6.323529e-01 9.362745e-01 1.318259e-42
6.421569e-01 9.362745e-01 4.024717e-43
6.519608e-01 9.362745e-01 1.192409e-43
6.617647e-01 9.362745e-01 3.428232e-44
6.715686e-01 9.362745e-01 9.564684e-45
6.813725e-01 9.362745e-01 2.589562e-45
6.911765e-01 9.362745e-01 6.803577e-46
7.009804e-01 9.362745e-01 1.734617e-46
7.107843e-01 9.362745e-01 4.291659e-47
7.205882e-01 9.362745e-01 1.030391e-47
7.303922e-01 9.362745e-01 2.400680e-48
7.401961e-01 9.362745e-01 5.427775e-49
7.500000e-01 9.362745e-01 1.190871e-49
7.598039e-01 9.362745e-01 2.535495e-50
7.696078e-01 9.362745e-01 5.238611e-51
7.794118e-01 9.362745e-01 1.050328e-51
7.892157e-01 9.362745e-01 2.043567e-52
7.990196e-01 9.362745e-01 3.858409e-53
8.088235e-01 9.362745e-01 7.069405e-54
8.186275e-01 9.362745e-01 1.256935e-54
8.284314e-01 9.362745e-01 2.168693e-55
8.382353e-01 9.362745e-01 3.631103e-56
8.480392e-01 9.362745e-01 5.899761e-57
8.578431e-01 9.362745e-01 9.302197e-58
8.676471e-01 9.362745e-01 1.423285e-58
8.774510e-01 9.362745e-01 2.113264e-59
8.872549e-01 9.362745e-01 3.044884e-60
8.970588e-01 9.362745e-01 4.257387e-61
9.068627e-01 9.362745e-01 5.776581e-62
9.166667e-01 9.362745e-01 7.605956e-63
9.264706e-01 9.362745e-01 9.718340e-64
9.362745e-01 9.362745e-01 1.204996e-64
9.460784e-01 9.362745e-01 1.449888e-65
9.558824e-01 9.362745e-01 1.692929e-66
9.656863e-01 9.362745e-01 1.918219e-67
9.754902e-01 9.362745e-01 2.109177e-68
9.852941e-01 9.362745e-01 2.250521e-69
9.950980e-01 9.362745e-01 1.921410e-36
4.901961e-03 9.460784e-01 2.707896e-70
1.470588e-02 9.460784e-01 2.311900e-37
2.450980e-02 9.460784e-01 4.682949e-37
3.431373e-02 9.460784e-01 9.205027e-37
4.411765e-02 9.460784e-01 1.755844e-36
5.392157e-02 9.460784e-01 3.250142e-36
6.372549e-02 9.460784e-01 5.838132e-36
7.352941e-02 9.460784e-01 1.017656e-35
8.333333e-02 9.460784e-01 1.721405e-35
9.313725e-02 9.460784e-01 2.825664e-35
1.029412e-01 9.460784e-01 4.501044e-35
1.127451e-01 9.460784e-01 6.957631e-35
1.225490e-01 9.460784e-01 1.043674e-34
1.323529e-01 9.460784e-01 1.519230e-34
1.421569e-01 9.460784e-01 2.146039e-34
1.519608e-01 9.460784e-01 2.941757e-34
1.617647e-01 9.460784e-01 3.913195e-34
1.715686e-01 9.460784e-01 5.051396e-34
1.813725e-01 9.460784e-01 6.327711e-34
1.911765e-01 9.460784e-01 7.691962e-34
2.009804e-01 9.460784e-01 9.073670e-34
2.107843e-01 9.460784e-01 1.038686e-33
2.205882e-01 9.460784e-01 1.153827e-33
2.303922e-01 9.460784e-01 1.243805e-33
2.401961e-01 9.460784e-01 1.301126e-33
2.500000e-01 9.460784e-01 1.320814e-33
2.598039e-01 9.460784e-01 1.301126e-33
2.696078e-01 9.460784e-01 1.243805e-33
2.794118e-01 9.460784e-01 1.153827e-33
2.892157e-01 9.460784e-01 1.038686e-33
2.990196e-01 9.460784e-01 9.073670e-34
3.088235e-01 9.460784e-01 7.691962e-34
3.186275e-01 9.460784e-01 6.327711e-34
3.284314e-01 9.460784e-01 5.051396e-34
3.382353e-01 9.460784e-01 3.913195e-34
3.480392e-01 9.460784e-01 2.941757e-34
3.578431e-01 9.460784e-01 2.146039e-34
3.676471e-01 9.460784e-01 1.519230e-34
3.774510e-01 9.460784e-01 1.043674e-34
3.872549e-01 9.460784e-01 6.957631e-35
3.970588e-01 9.460784e-01 4.501044e-35
4.068627e-01 9.460784e-01 2.825664e-35
4.166667e-01 9.460784e-01 1.721405e-35
4.264706e-01 9.460784e-01 1.017656e-35
4.362745e-01 9.460784e-01 5.838132e-36
4.460784e-01 9.460784e-01 3.250142e-36
4.558824e-01 9.460784e-01 1.755844e-36
4.656863e-01 9.460784e-01 9.205027e-37
4.754902e-01 9.460784e-01 4.682949e-37
4.852941e-01 9.460784e-01 2.311900e-37
4.950980e-01 9.460784e-01 1.107577e-37
5.049020e-01 9.460784e-01 5.149134e-38
5.147059e-01 9.460784e-01 2.323003e-38
5.245098e-01 9.460784e-01 1.016999e-38
5.343137e-01 9.460784e-01 4.320626e-39
5.441176e-01 9.460784e-01 1.781263e-39
5.539216e-01 9.460784e-01 7.126313e-40
5.637255e-01 9.460784e-01 2.766667e-40
5.735294e-01 9.460784e-01 1.042328e-40
5.833333e-01 9.460784e-01 3.810719e-41
5.931373e-01 9.460784e-01 1.351963e-41
6.029412e-01 9.460784e-01 4.654555e-42
6.127451e-01 9.460784e-01 1.555058e-42
6.225490e-01 9.460784e-01 5.041626e-43
6.323529e-01 9.460784e-01 1.586170e-43
6.421569e-01 9.460784e-01 4.842663e-44
6.519608e-01 9.460784e-01 1.434743e-44
6.617647e-01 9.460784e-01 4.124954e-45
6.715686e-01 9.460784e-01 1.150852e-45
6.813725e-01 9.460784e-01 3.115840e-46
6.911765e-01 9.460784e-01 8.186272e-47
7.009804e-01 9.460784e-01 2.087144e-47
7.107843e-01 9.460784e-01 5.163855e-48
7.205882e-01 9.460784e-01 1.239798e-48
7.303922e-01 9.460784e-01 2.888572e-49
7.401961e-01 9.460784e-01 6.530865e-50
7.500000e-01 9.460784e-01 1.432892e-50
7.598039e-01 9.460784e-01 3.050785e-51
7.696078e-01 9.460784e-01 6.303257e-52
7.794118e-01 9.460784e-01 1.263787e-52
7.892157e-01 9.460784e-01 2.458882e-53
7.990196e-01 9.460784e-01 4.642555e-54
8.088235e-01 9.460784e-01 8.506124e-55
8.186275e-01 9.460784e-01 1.512383e-55
8.284314e-01 9.460784e-01 2.609438e-56
8.382353e-01 9.460784e-01 4.369054e-57
8.480392e-01 9.460784e-01 7.098773e-58
8.578431e-01 9.460784e-01 1.119269e-58
8.676471e-01 9.460784e-01 1.712541e-59
8.774510e-01 9.460784e-01 2.542744e-60
8.872549e-01 9.460784e-01 3.663698e-61
8.970588e-01 9.460784e-01 5.122619e-62
9.068627e-01 9.460784e-01 6.950559e-63
9.166667e-01 9.460784e-01 9.151719e-64
9.264706e-01 9.460784e-01 1.169340e-64
9.362745e-01 9.460784e-01 1.449888e-65
9.460784e-01 9.460784e-01 1.744550e-66
9.558824e-01 9.460784e-01 2.036984e-67
9.656863e-01 9.460784e-01 2.308060e-68
9.754902e-01 9.460784e-01 2.537826e-69
9.852941e-01 9.460784e-01 2.707896e-70
9.950980e-01 9.460784e-01 2.311900e-37
4.901961e-03 9.558824e-01 3.161812e-71
1.470588e-02 9.558824e-01 2.699437e-38
2.450980e-02 9.558824e-01 5.467938e-38
3.431373e-02 9.558824e-01 1.074804e-37
4.411765e-02 9.558824e-01 2.050172e-37
5.392157e-02 9.558824e-01 3.794954e-37
6.372549e-02 9.558824e-01 6.816761e-37
7.352941e-02 9.558824e-01 1.188242e-36
8.333333e-02 9.558824e-01 2.009959e-36
9.313725e-02 9.558824e-01 3.299322e-36
1.029412e-01 9.558824e-01 5.255542e-36
1.127451e-01 9.558824e-01 8.123919e-36
1.225490e-01 9.558824e-01 1.218622e-35
1.323529e-01 9.558824e-01 1.773894e-35
1.421569e-01 9.558824e-01 2.505773e-35
1.519608e-01 9.558824e-01 3.434876e-35
1.617647e-01 9.558824e-01 4.569152e-35
1.715686e-01 9.558824e-01 5.898147e-35
1.813725e-01 9.558824e-01 7.388407e-35
1.911765e-01 9.558824e-01 8.981344e-35
2.009804e-01 9.558824e-01 1.059466e-34
2.107843e-01 9.558824e-01 1.212798e-34
2.205882e-01 9.558824e-01 1.347239e-34
2.303922e-01 9.558824e-01 1.452300e-34
2.401961e-01 9.558824e-01 1.519230e-34
2.500000e-01 9.558824e-01 1.542218e-34
2.598039e-01 9.558824e-01 1.519230e-34
2.696078e-01 9.558824e-01 1.452300e-34
2.794118e-01 9.558824e-01 1.347239e-34
2.892157e-01 9.558824e-01 1.212798e-34
2.990196e-01 9.558824e-01 1.059466e-34
3.088235e-01 9.558824e-01 8.981344e-35
3.186275e-01 9.558824e-01 7.388407e-35
3.284314e-01 9.558824e-01 5.898147e-35
3.382353e-01 9.558824e-01 4.569152e-35
3.480392e-01 9.558824e-01 3.434876e-35
3.578431e-01 9.558824e-01 2.505773e-35
3.676471e-01 9.558824e-01 1.773894e-35
3.774510e-01 9.558824e-01 1.218622e-35
3.872549e-01 9.558824e-01 8.123919e-36
3.970588e-01 9.558824e-01 5.255542e-36
4.068627e-01 9.558824e-01 3.299322e-36
4.166667e-01 9.558824e-01 2.009959e-36
4.264706e-01 9.558824e-01 1.188242e-36
4.362745e-01 9.558824e-01 6.816761e-37
4.460784e-01 9.558824e-01 3.794954e-37
4.558824e-01 9.558824e-01 2.050172e-37
4.656863e-01 9.558824e-01 1.074804e-37
4.754902e-01 9.558824e-01 5.467938e-38
4.852941e-01 9.558824e-01 2.699437e-38
4.950980e-01 9.558824e-01 1.293237e-38
5.049020e-01 9.558824e-01 6.012268e-39
5.147059e-01 9.558824e-01 2.712401e-39
5.245098e-01 9.558824e-01 1.187476e-39
5.343137e-01 9.558824e-01 5.044880e-40
5.441176e-01 9.558824e-01 2.079851e-40
5.539216e-01 9.558824e-01 8.320876e-41
5.637255e-01 9.558824e-01 3.230436e-41
5.735294e-01 9.558824e-01 1.217050e-41
5.833333e-01 9.558824e-01 4.449499e-42
5.931373e-01 9.558824e-01 1.578589e-42
6.029412e-01 9.558824e-01 5.434785e-43
6.127451e-01 9.558824e-01 1.815728e-43
6.225490e-01 9.558824e-01 5.886739e-44
6.323529e-01 9.558824e-01 1.852055e-44
6.421569e-01 9.558824e-01 5.654425e-45
6.519608e-01 9.558824e-01 1.675245e-45
6.617647e-01 9.558824e-01 4.816408e-46
6.715686e-01 9.558824e-01 1.343766e-46
6.813725e-01 9.558824e-01 3.638140e-47
6.911765e-01 9.558824e-01 9.558513e-48
7.009804e-01 9.558824e-01 2.437006e-48
7.107843e-01 9.558824e-01 6.029458e-49
7.205882e-01 9.558824e-01 1.447622e-49
7.303922e-01 9.558824e-01 3.372775e-50
7.401961e-01 9.558824e-01 7.625615e-51
7.500000e-01 9.558824e-01 1.673084e-51
7.598039e-01 9.558824e-01 3.562179e-52
7.696078e-01 9.558824e-01 7.359854e-53
7.794118e-01 9.558824e-01 1.475632e-53
7.892157e-01 9.558824e-01 2.871058e-54
7.990196e-01 9.558824e-01 5.420774e-55
8.088235e-01 9.558824e-01 9.931982e-56
8.186275e-01 9.558824e-01 1.765899e-56
8.284314e-01 9.558824e-01 3.046850e-57
8.382353e-01 9.558824e-01 5.101426e-58
8.480392e-01 9.558824e-01 8.288720e-59
8.578431e-01 9.558824e-01 1.306889e-59
8.676471e-01 9.558824e-01 1.999609e-60
8.774510e-01 9.558824e-01 2.968977e-61
8.872549e-01 9.558824e-01 4.277833e-62
8.970588e-01 9.558824e-01 5.981309e-63
9.068627e-01 9.558824e-01 8.115661e-64
9.166667e-01 9.558824e-01 1.068580e-64
9.264706e-01 9.558824e-01 1.365354e-65
9.362745e-01 9.558824e-01 1.692929e-66
9.460784e-01 9.558824e-01 2.036984e-67
9.558824e-01 9.558824e-01 2.378438e-68
9.656863e-01 9.558824e-01 2.694953e-69
9.754902e-01 9.558824e-01 2.963234e-70
9.852941e-01 9.558824e-01 3.161812e-71
9.950980e-01 9.558824e-01 2.699437e-38
4.901961e-03 9.656863e-01 3.582577e-72
1.470588e-02 9.656863e-01 3.058670e-39
2.450980e-02 9.656863e-01 6.195595e-39
3.431373e-02 9.656863e-01 1.217836e-38
4.411765e-02 9.656863e-01 2.323003e-38
5.392157e-02 9.656863e-01 4.299976e-38
6.372549e-02 9.656863e-01 7.723917e-38
7.352941e-02 9.656863e-01 1.346370e-37
8.333333e-02 9.656863e-01 2.277439e-37
9.313725e-02 9.656863e-01 3.738386e-37
1.029412e-01 9.656863e-01 5.954934e-37
1.127451e-01 9.656863e-01 9.205027e-37
1.225490e-01 9.656863e-01 1.380793e-36
1.323529e-01 9.656863e-01 2.009959e-36
1.421569e-01 9.656863e-01 2.839234e-36
1.519608e-01 9.656863e-01 3.891979e-36
1.617647e-01 9.656863e-01 5.177202e-36
1.715686e-01 9.656863e-01 6.683055e-36
1.813725e-01 9.656863e-01 8.371635e-36
1.911765e-01 9.656863e-01 1.017656e-35
2.009804e-01 9.656863e-01 1.200457e-35
2.107843e-01 9.656863e-01 1.374193e-35
2.205882e-01 9.656863e-01 1.526526e-35
2.303922e-01 9.656863e-01 1.645568e-35
2.401961e-01 9.656863e-01 1.721405e-35
2.500000e-01 9.656863e-01 1.747452e-35
2.598039e-01 9.656863e-01 1.721405e-35
2.696078e-01 9.656863e-01 1.645568e-35
2.794118e-01 9.656863e-01 1.526526e-35
2.892157e-01 9.656863e-01 1.374193e-35
2.990196e-01 9.656863e-01 1.200457e-35
3.088235e-01 9.656863e-01 1.017656e-35
3.186275e-01 9.656863e-01 8.371635e-36
3.284314e-01 9.656863e-01 6.683055e-36
3.382353e-01 9.656863e-01 5.177202e-36
3.480392e-01 9.656863e-01 3.891979e-36
3.578431e-01 9.656863e-01 2.839234e-36
3.676471e-01 9.656863e-01 2.009959e-36
3.774510e-01 9.656863e-01 1.380793e-36
3.872549e-01 9.656863e-01 9.205027e-37
3.970588e-01 9.656863e-01 5.954934e-37
4.068627e-01 9.656863e-01 3.738386e-37
4.166667e-01 9.656863e-01 2.277439e-37
4.264706e-01 9.656863e-01 1.346370e-37
4.362745e-01 9.656863e-01 7.723917e-38
4.460784e-01 9.656863e-01 4.299976e-38
4.558824e-01 9.656863e-01 2.323003e-38
4.656863e-01 9.656863e-01 1.217836e-38
4.754902e-01 9.656863e-01 6.195595e-39
4.852941e-01 9.656863e-01 3.058670e-39
4.950980e-01 9.656863e-01 1.465337e-39
5.049020e-01 9.656863e-01 6.812364e-40
5.147059e-01 9.656863e-01 3.073360e-40
5.245098e-01 9.656863e-01 1.345502e-40
5.343137e-01 9.656863e-01 5.716239e-41
5.441176e-01 9.656863e-01 2.356632e-41
5.539216e-01 9.656863e-01 9.428195e-42
5.637255e-01 9.656863e-01 3.660333e-42
5.735294e-01 9.656863e-01 1.379012e-42
5.833333e-01 9.656863e-01 5.041626e-43
5.931373e-01 9.656863e-01 1.788663e-43
6.029412e-01 9.656863e-01 6.158030e-44
6.127451e-01 9.656863e-01 2.057360e-44
6.225490e-01 9.656863e-01 6.670129e-45
6.323529e-01 9.656863e-01 2.098522e-45
6.421569e-01 9.656863e-01 6.406899e-46
6.519608e-01 9.656863e-01 1.898181e-46
6.617647e-01 9.656863e-01 5.457362e-47
6.715686e-01 9.656863e-01 1.522591e-47
6.813725e-01 9.656863e-01 4.122293e-48
6.911765e-01 9.656863e-01 1.083053e-48
7.009804e-01 9.656863e-01 2.761316e-49
7.107843e-01 9.656863e-01 6.831841e-50
7.205882e-01 9.656863e-01 1.640267e-50
7.303922e-01 9.656863e-01 3.821614e-51
7.401961e-01 9.656863e-01 8.640410e-52
7.500000e-01 9.656863e-01 1.895733e-52
7.598039e-01 9.656863e-01 4.036224e-53
7.696078e-01 9.656863e-01 8.339283e-54
7.794118e-01 9.656863e-01 1.672004e-54
7.892157e-01 9.656863e-01 3.253130e-55
7.990196e-01 9.656863e-01 6.142155e-56
8.088235e-01 9.656863e-01 1.125370e-56
8.186275e-01 9.656863e-01 2.000900e-57
8.284314e-01 9.656863e-01 3.452316e-58
8.382353e-01 9.656863e-01 5.780310e-59
8.480392e-01 9.656863e-01 9.391759e-60
8.578431e-01 9.656863e-01 1.480806e-60
8.676471e-01 9.656863e-01 2.265711e-61
8.774510e-01 9.656863e-01 3.364080e-62
8.872549e-01 9.656863e-01 4.847115e-63
8.970588e-01 9.656863e-01 6.777284e-64
9.068627e-01 9.656863e-01 9.195670e-65
9.166667e-01 9.656863e-01 1.210783e-65
9.264706e-01 9.656863e-01 1.547051e-66
9.362745e-01 9.656863e-01 1.918219e-67
9.460784e-01 9.656863e-01 2.308060e-68
9.558824e-01 9.656863e-01 2.694953e-69
9.656863e-01 9.656863e-01 3.053590e-70
9.754902e-01 9.656863e-01 3.357573e-71
9.852941e-01 9.656863e-01 3.582577e-72
9.950980e-01 9.656863e-01 3.058670e-39
4.901961e-03 9.754902e-01 3.939221e-73
1.470588e-02 9.754902e-01 3.363159e-40
2.450980e-02 9.754902e-01 6.812364e-40
3.431373e-02 9.754902e-01 1.339071e-39
4.411765e-02 9.754902e-01 2.554256e-39
5.392157e-02 9.754902e-01 4.728036e-39
6.372549e-02 9.754902e-01 8.492829e-39
7.352941e-02 9.754902e-01 1.480401e-38
8.333333e-02 9.754902e-01 2.504156e-38
9.313725e-02 9.754902e-01 4.110541e-38
1.029412e-01 9.754902e-01 6.547745e-38
1.127451e-01 9.754902e-01 1.012138e-37
1.225490e-01 9.754902e-01 1.518250e-37
1.323529e-01 9.754902e-01 2.210049e-37
1.421569e-01 9.754902e-01 3.121878e-37
1.519608e-01 9.754902e-01 4.279424e-37
1.617647e-01 9.754902e-01 5.692590e-37
1.715686e-01 9.754902e-01 7.348350e-37
1.813725e-01 9.754902e-01 9.205027e-37
1.911765e-01 9.754902e-01 1.118963e-36
2.009804e-01 9.754902e-01 1.319962e-36
2.107843e-01 9.754902e-01 1.510993e-36
2.205882e-01 9.754902e-01 1.678491e-36
2.303922e-01 9.754902e-01 1.809384e-36
2.401961e-01 9.754902e-01 1.892770e-36
2.500000e-01 9.754902e-01 1.921410e-36
2.598039e-01 9.754902e-01 1.892770e-36
2.696078e-01 9.754902e-01 1.809384e-36
2.794118e-01 9.754902e-01 1.678491e-36
2.892157e-01 9.754902e-01 1.510993e-36
2.990196e-01 9.754902e-01 1.319962e-36
3.088235e-01 9.754902e-01 1.118963e-36
3.186275e-01 9.754902e-01 9.205027e-37
3.284314e-01 9.754902e-01 7.348350e-37
3.382353e-01 9.754902e-01 5.692590e-37
3.480392e-01 9.754902e-01 4.279424e-37
3.578431e-01 9.754902e-01 3.121878e-37
3.676471e-01 9.754902e-01 2.210049e-37
3.774510e-01 9.754902e-01 1.518250e-37
3.872549e-01 9.754902e-01 1.012138e-37
3.970588e-01 9.754902e-01 6.547745e-38
4.068627e-01 9.754902e-01 4.110541e-38
4.166667e-01 9.754902e-01 2.504156e-38
4.264706e-01 9.754902e-01 1.480401e-38
4.362745e-01 9.754902e-01 8.492829e-39
4.460784e-01 9.754902e-01 4.728036e-39
4.558824e-01 9.754902e-01 2.554256e-39
4.656863e-01 9.754902e-01 1.339071e-39
4.754902e-01 9.754902e-01 6.812364e-40
4.852941e-01 9.754902e-01 3.363159e-40
4.950980e-01 9.754902e-01 1.611211e-40
5.049020e-01 9.754902e-01 7.490531e-41
5.147059e-01 9.754902e-01 3.379311e-41
5.245098e-01 9.754902e-01 1.479446e-41
5.343137e-01 9.754902e-01 6.285287e-42
5.441176e-01 9.754902e-01 2.591234e-42
5.539216e-01 9.754902e-01 1.036677e-42
5.637255e-01 9.754902e-01 4.024717e-43
5.735294e-01 9.754902e-01 1.516292e-43
5.833333e-01 9.754902e-01 5.543517e-44
5.931373e-01 9.754902e-01 1.966724e-44
6.029412e-01 9.754902e-01 6.771059e-45
6.127451e-01 9.754902e-01 2.262170e-45
6.225490e-01 9.754902e-01 7.334137e-46
6.323529e-01 9.754902e-01 2.307428e-46
6.421569e-01 9.754902e-01 7.044703e-47
6.519608e-01 9.754902e-01 2.087144e-47
6.617647e-01 9.754902e-01 6.000640e-48
6.715686e-01 9.754902e-01 1.674164e-48
6.813725e-01 9.754902e-01 4.532665e-49
6.911765e-01 9.754902e-01 1.190871e-49
7.009804e-01 9.754902e-01 3.036204e-50
7.107843e-01 9.754902e-01 7.511947e-51
7.205882e-01 9.754902e-01 1.803555e-51
7.303922e-01 9.754902e-01 4.202054e-52
7.401961e-01 9.754902e-01 9.500558e-53
7.500000e-01 9.754902e-01 2.084452e-53
7.598039e-01 9.754902e-01 4.438028e-54
7.696078e-01 9.754902e-01 9.169454e-55
7.794118e-01 9.754902e-01 1.838452e-55
7.892157e-01 9.754902e-01 3.576978e-56
7.990196e-01 9.754902e-01 6.753603e-57
8.088235e-01 9.754902e-01 1.237400e-57
8.186275e-01 9.754902e-01 2.200088e-58
8.284314e-01 9.754902e-01 3.795992e-59
8.382353e-01 9.754902e-01 6.355736e-60
8.480392e-01 9.754902e-01 1.032670e-60
8.578431e-01 9.754902e-01 1.628219e-61
8.676471e-01 9.754902e-01 2.491262e-62
8.774510e-01 9.754902e-01 3.698972e-63
8.872549e-01 9.754902e-01 5.329643e-64
8.970588e-01 9.754902e-01 7.451960e-65
9.068627e-01 9.754902e-01 1.011109e-65
9.166667e-01 9.754902e-01 1.331316e-66
9.264706e-01 9.754902e-01 1.701059e-67
9.362745e-01 9.754902e-01 2.109177e-68
9.460784e-01 9.754902e-01 2.537826e-69
9.558824e-01 9.754902e-01 2.963234e-70
9.656863e-01 9.754902e-01 3.357573e-71
9.754902e-01 9.754902e-01 3.691818e-72
9.852941e-01 9.754902e-01 3.939221e-73
9.950980e-01 9.754902e-01 3.363159e-40
4.901961e-03 9.852941e-01 4.203204e-74
1.470588e-02 9.852941e-01 3.588538e-41
2.450980e-02 9.852941e-01 7.268887e-41
3.431373e-02 9.852941e-01 1.428807e-40
4.411765e-02 9.852941e-01 2.725427e-40
5.392157e-02 9.852941e-01 5.044880e-40
6.372549e-02 9.852941e-01 9.061967e-40
7.352941e-02 9.852941e-01 1.579608e-39
8.333333e-02 9.852941e-01 2.671970e-39
9.313725e-02 9.852941e-01 4.386004e-39
1.029412e-01 9.852941e-01 6.986535e-39
1.127451e-01 9.852941e-01 1.079966e-38
1.225490e-01 9.852941e-01 1.619994e-38
1.323529e-01 9.852941e-01 2.358153e-38
1.421569e-01 9.852941e-01 3.331088e-38
1.519608e-01 9.852941e-01 4.566205e-38
1.617647e-01 9.852941e-01 6.074073e-38
1.715686e-01 9.852941e-01 7.840792e-38
1.813725e-01 9.852941e-01 9.821892e-38
1.911765e-01 9.852941e-01 1.193949e-37
2.009804e-01 9.852941e-01 1.408418e-37
2.107843e-01 9.852941e-01 1.612251e-37
2.205882e-01 9.852941e-01 1.790973e-37
2.303922e-01 9.852941e-01 1.930638e-37
2.401961e-01 9.852941e-01 2.019612e-37
2.500000e-01 9.852941e-01 2.050172e-37
2.598039e-01 9.852941e-01 2.019612e-37
2.696078e-01 9.852941e-01 1.930638e-37
2.794118e-01 9.852941e-01 1.790973e-37
2.892157e-01 9.852941e-01 1.612251e-37
2.990196e-01 9.852941e-01 1.408418e-37
3.088235e-01 9.852941e-01 1.193949e-37
3.186275e-01 9.852941e-01 9.821892e-38
3.284314e-01 9.852941e-01 7.840792e-38
3.382353e-01 9.852941e-01 6.074073e-38
3.480392e-01 9.852941e-01 4.566205e-38
3.578431e-01 9.852941e-01 3.331088e-38
3.676471e-01 9.852941e-01 2.358153e-38
3.774510e-01 9.852941e-01 1.619994e-38
3.872549e-01 9.852941e-01 1.079966e-38
3.970588e-01 9.852941e-01 6.986535e-39
4.068627e-01 9.852941e-01 4.386004e-39
4.166667e-01 9.852941e-01 2.671970e-39
4.264706e-01 9.852941e-01 1.579608e-39
4.362745e-01 9.852941e-01 9.061967e-40
4.460784e-01 9.852941e-01 5.044880e-40
4.558824e-01 9.852941e-01 2.725427e-40
4.656863e-01 9.852941e-01 1.428807e-40
4.754902e-01 9.852941e-01 7.268887e-41
4.852941e-01 9.852941e-01 3.588538e-41
4.950980e-01 9.852941e-01 1.719184e-41
5.049020e-01 9.852941e-01 7.992501e-42
5.147059e-01 9.852941e-01 3.605772e-42
5.245098e-01 9.852941e-01 1.578589e-42
5.343137e-01 9.852941e-01 6.706489e-43
5.441176e-01 9.852941e-01 2.764882e-43
5.539216e-01 9.852941e-01 1.106148e-43
5.637255e-01 9.852941e-01 4.294429e-44
5.735294e-01 9.852941e-01 1.617904e-44
5.833333e-01 9.852941e-01 5.915010e-45
5.931373e-01 9.852941e-01 2.098522e-45
6.029412e-01 9.852941e-01 7.224814e-46
6.127451e-01 9.852941e-01 2.413767e-46
6.225490e-01 9.852941e-01 7.825627e-47
6.323529e-01 9.852941e-01 2.462058e-47
6.421569e-01 9.852941e-01 7.516796e-48
6.519608e-01 9.852941e-01 2.227012e-48
6.617647e-01 9.852941e-01 6.402766e-49
6.715686e-01 9.852941e-01 1.786356e-49
6.813725e-01 9.852941e-01 4.836417e-50
6.911765e-01 9.852941e-01 1.270676e-50
7.009804e-01 9.852941e-01 3.239672e-51
7.107843e-01 9.852941e-01 8.015352e-52
7.205882e-01 9.852941e-01 1.924418e-52
7.303922e-01 9.852941e-01 4.483650e-53
7.401961e-01 9.852941e-01 1.013723e-53
7.500000e-01 9.852941e-01 2.224140e-54
7.598039e-01 9.852941e-01 4.735438e-55
7.696078e-01 9.852941e-01 9.783935e-56
7.794118e-01 9.852941e-01 1.961653e-56
7.892157e-01 9.852941e-01 3.816685e-57
7.990196e-01 9.852941e-01 7.206189e-58
8.088235e-01 9.852941e-01 1.320323e-58
8.186275e-01 9.852941e-01 2.347525e-59
8.284314e-01 9.852941e-01 4.050377e-60
8.382353e-01 9.852941e-01 6.781659e-61
8.480392e-01 9.852941e-01 1.101874e-61
8.578431e-01 9.852941e-01 1.737333e-62
8.676471e-01 9.852941e-01 2.658211e-63
8.774510e-01 9.852941e-01 3.946855e-64
8.872549e-01 9.852941e-01 5.686803e-65
8.970588e-01 9.852941e-01 7.951345e-66
9.068627e-01 9.852941e-01 1.078868e-66
9.166667e-01 9.852941e-01 1.420533e-67
9.264706e-01 9.852941e-01 1.815054e-68
9.362745e-01 9.852941e-01 2.250521e-69
9.460784e-01 9.852941e-01 2.707896e-70
9.558824e-01 9.852941e-01 3.161812e-71
9.656863e-01 9.852941e-01 3.582577e-72
9.754902e-01 9.852941e-01 3.939221e-73
9.852941e-01 9.852941e-01 4.203204e-74
9.950980e-01 9.852941e-01 3.588538e-41
4.901961e-03 9.950980e-01 3.588538e-41
1.470588e-02 9.950980e-01 3.063759e-08
2.450980e-02 9.950980e-01 6.205903e-08
3.431373e-02 9.950980e-01 1.219862e-07
4.411765e-02 9.950980e-01 2.326868e-07
5.392157e-02 9.950980e-01 4.307130e-07
6.372549e-02 9.950980e-01 7.736767e-07
7.352941e-02 9.950980e-01 1.348610e-06
8.333333e-02 9.950980e-01 2.281228e-06
9.313725e-02 9.950980e-01 3.744606e-06
1.029412e-01 9.950980e-01 5.964842e-06
1.127451e-01 9.950980e-01 9.220342e-06
1.225490e-01 9.950980e-01 1.383090e-05
1.323529e-01 9.950980e-01 2.013303e-05
1.421569e-01 9.950980e-01 2.843958e-05
1.519608e-01 9.950980e-01 3.898455e-05
1.617647e-01 9.950980e-01 5.185816e-05
1.715686e-01 9.950980e-01 6.694174e-05
1.813725e-01 9.950980e-01 8.385563e-05
1.911765e-01 9.950980e-01 1.019349e-04
2.009804e-01 9.950980e-01 1.202454e-04
2.107843e-01 9.950980e-01 1.376479e-04
2.205882e-01 9.950980e-01 1.529066e-04
2.303922e-01 9.950980e-01 1.648306e-04
2.401961e-01 9.950980e-01 1.724269e-04
2.500000e-01 9.950980e-01 1.750360e-04
2.598039e-01 9.950980e-01 1.724269e-04
2.696078e-01 9.950980e-01 1.648306e-04
2.794118e-01 9.950980e-01 1.529066e-04
2.892157e-01 9.950980e-01 1.376479e-04
2.990196e-01 9.950980e-01 1.202454e-04
3.088235e-01 9.950980e-01 1.019349e-04
3.186275e-01 9.950980e-01 8.385563e-05
3.284314e-01 9.950980e-01 6.694174e-05
3.382353e-01 9.950980e-01 5.185816e-05
3.480392e-01 9.950980e-01 3.898455e-05
3.578431e-01 9.950980e-01 2.843958e-05
3.676471e-01 9.950980e-01 2.013303e-05
3.774510e-01 9.950980e-01 1.383090e-05
3.872549e-01 9.950980e-01 9.220342e-06
3.970588e-01 9.950980e-01 5.964842e-06
4.068627e-01 9.950980e-01 3.744606e-06
4.166667e-01 9.950980e-01 2.281228e-06
4.264706e-01 9.950980e-01 1.348610e-06
4.362745e-01 9.950980e-01 7.736767e-07
4.460784e-01 9.950980e-01 4.307130e-07
4.558824e-01 9.950980e-01 2.326868e-07
4.656863e-01 9.950980e-01 1.219862e-07
4.754902e-01 9.950980e-01 6.205903e-08
4.852941e-01 9.950980e-01 3.063759e-08
4.950980e-01 9.950980e-01 1.467775e-08
5.049020e-01 9.950980e-01 6.823698e-09
5.147059e-01 9.950980e-01 3.078473e-09
5.245098e-01 9.950980e-01 1.347740e-09
5.343137e-01 9.950980e-01 5.725749e-10
5.441176e-01 9.950980e-01 2.360553e-10
5.539216e-01 9.950980e-01 9.443881e-11
5.637255e-01 9.950980e-01 3.666423e-11
5.735294e-01 9.950980e-01 1.381306e-11
5.833333e-01 9.950980e-01 5.050014e-12
5.931373e-01 9.950980e-01 1.791639e-12
6.029412e-01 9.950980e-01 6.168276e-13
6.127451e-01 9.950980e-01 2.060783e-13
6.225490e-01 9.950980e-01 6.681227e-14
6.323529e-01 9.950980e-01 2.102013e-14
6.421569e-01 9.950980e-01 6.417559e-15
6.519608e-01 9.950980e-01 1.901339e-15
6.617647e-01 9.950980e-01 5.466442e-16
6.715686e-01 9.950980e-01 1.525124e-16
6.813725e-01 9.950980e-01 4.129151e-17
6.911765e-01 9.950980e-01 1.084855e-17
7.009804e-01 9.950980e-01 2.765910e-18
7.107843e-01 9.950980e-01 6.843207e-19
7.205882e-01 9.950980e-01 1.642996e-19
7.303922e-01 9.950980e-01 3.827972e-20
7.401961e-01 9.950980e-01 8.654785e-21
7.500000e-01 9.950980e-01 1.898887e-21
7.598039e-01 9.950980e-01 4.042939e-22
7.696078e-01 9.950980e-01 8.353157e-23
7.794118e-01 9.950980e-01 1.674786e-23
7.892157e-01 9.950980e-01 3.258543e-24
7.990196e-01 9.950980e-01 6.152374e-25
8.088235e-01 9.950980e-01 1.127242e-25
8.186275e-01 9.950980e-01 2.004229e-26
8.284314e-01 9.950980e-01 3.458060e-27
8.382353e-01 9.950980e-01 5.789927e-28
8.480392e-01 9.950980e-01 9.407385e-29
8.578431e-01 9.950980e-01 1.483269e-29
8.676471e-01 9.950980e-01 2.269481e-30
8.774510e-01 9.950980e-01 3.369677e-31
8.872549e-01 9.950980e-01 4.855180e-32
8.970588e-01 9.950980e-01 6.788560e-33
9.068627e-01 9.950980e-01 9.210969e-34
9.166667e-01 9.950980e-01 1.212798e-34
9.264706e-01 9.950980e-01 1.549625e-35
9.362745e-01 9.950980e-01 1.921410e-36
9.460784e-01 9.950980e-01 2.311900e-37
9.558824e-01 9.950980e-01 2.699437e-38
9.656863e-01 9.950980e-01 3.058670e-39
9.754902e-01 9.950980e-01 3.363159e-40
9.852941e-01 9.950980e-01 3.588538e-41
9.950980e-01 9.950980e-01 3.063759e-08
