TITLE = "2D Linear Advection"
VARIABLES = "x" "y" "u"
ZONE I=102, J=102, F=POINT
4.901961e-03 4.901961e-03 1.384932e-10
1.470588e-02 4.901961e-03 8.010200e-11
2.450980e-02 4.901961e-03 -1.377891e-10
3.431373e-02 4.901961e-03 -1.086148e-10
4.411765e-02 4.901961e-03 1.133929e-10
5.392157e-02 4.901961e-03 1.573382e-10
6.372549e-02 4.901961e-03 -4.271414e-11
7.352941e-02 4.901961e-03 -1.908098e-10
8.333333e-02 4.901961e-03 -8.664304e-11
9.313725e-02 4.901961e-03 1.334345e-10
1.029412e-01 4.901961e-03 2.120583e-10
1.127451e-01 4.901961e-03 7.026425e-11
1.225490e-01 4.901961e-03 -1.497653e-10
1.323529e-01 4.901961e-03 -2.584910e-10
1.421569e-01 4.901961e-03 -1.805822e-10
1.519608e-01 4.901961e-03 2.352672e-11
1.617647e-01 4.901961e-03 2.377451e-10
1.715686e-01 4.901961e-03 3.744646e-10
1.813725e-01 4.901961e-03 4.066122e-10
1.911765e-01 4.901961e-03 3.503737e-10
2.009804e-01 4.901961e-03 2.255429e-10
2.107843e-01 4.901961e-03 1.033937e-11
2.205882e-01 4.901961e-03 -4.152803e-10
2.303922e-01 4.901961e-03 -1.363826e-09
2.401961e-01 4.901961e-03 -3.511287e-09
2.500000e-01 4.901961e-03 -8.191183e-09
2.598039e-01 4.901961e-03 -1.785606e-08
2.696078e-01 4.901961e-03 -3.673284e-08
2.794118e-01 4.901961e-03 -7.165451e-08
2.892157e-01 4.901961e-03 -1.329755e-07
2.990196e-01 4.901961e-03 -2.353749e-07
3.088235e-01 4.901961e-03 -3.982455e-07
3.186275e-01 4.901961e-03 -6.452904e-07
3.284314e-01 4.901961e-03 -1.002960e-06
3.382353e-01 4.901961e-03 -1.497493e-06
3.480392e-01 4.901961e-03 -2.150609e-06
3.578431e-01 4.901961e-03 -2.974274e-06
3.676471e-01 4.901961e-03 -3.965371e-06
3.774510e-01 4.901961e-03 -5.101421e-06
3.872549e-01 4.901961e-03 -6.338555e-06
3.970588e-01 4.901961e-03 -7.612704e-06
4.068627e-01 4.901961e-03 -8.844424e-06
4.166667e-01 4.901961e-03 -9.947000e-06
4.264706e-01 4.901961e-03 -1.083670e-05
4.362745e-01 4.901961e-03 -1.144344e-05
4.460784e-01 4.901961e-03 -1.172002e-05
4.558824e-01 4.901961e-03 -1.164810e-05
4.656863e-01 4.901961e-03 -1.124003e-05
4.754902e-01 4.901961e-03 -1.053622e-05
4.852941e-01 4.901961e-03 -9.598769e-06
4.950980e-01 4.901961e-03 -8.502753e-06
5.049020e-01 4.901961e-03 -7.326687e-06
5.147059e-01 4.901961e-03 -6.143880e-06
5.245098e-01 4.901961e-03 -5.015807e-06
5.343137e-01 4.901961e-03 -3.988145e-06
5.441176e-01 4.901961e-03 -3.089557e-06
5.539216e-01 4.901961e-03 -2.332782e-06
5.637255e-01 4.901961e-03 -1.717341e-06
5.735294e-01 4.901961e-03 -1.233079e-06
5.833333e-01 4.901961e-03 -8.638124e-07
5.931373e-01 4.901961e-03 -5.905827e-07
6.029412e-01 4.901961e-03 -3.941930e-07
6.127451e-01 4.901961e-03 -2.569417e-07
6.225490e-01 4.901961e-03 -1.636005e-07
6.323529e-01 4.901961e-03 -1.017847e-07
6.421569e-01 4.901961e-03 -6.189405e-08
6.519608e-01 4.901961e-03 -3.679605e-08
6.617647e-01 4.901961e-03 -2.139213e-08
6.715686e-01 4.901961e-03 -1.216518e-08
6.813725e-01 4.901961e-03 -6.768755e-09
6.911765e-01 4.901961e-03 -3.685612e-09
7.009804e-01 4.901961e-03 -1.964864e-09
7.107843e-01 4.901961e-03 -1.024626e-09
7.205882e-01 4.901961e-03 -5.256837e-10
7.303922e-01 4.901961e-03 -2.587198e-10
7.401961e-01 4.901961e-03 -1.365093e-10
7.500000e-01 4.901961e-03 -4.623839e-11
7.598039e-01 4.901961e-03 -5.853229e-11
7.696078e-01 4.901961e-03 3.780722e-11
7.794118e-01 4.901961e-03 -8.847140e-11
7.892157e-01 4.901961e-03 1.173274e-10
7.990196e-01 4.901961e-03 -1.565173e-10
8.088235e-01 4.901961e-03 1.714683e-10
8.186275e-01 4.901961e-03 -1.507112e-10
8.284314e-01 4.901961e-03 7.987934e-11
8.382353e-01 4.901961e-03 2.594836e-11
8.480392e-01 4.901961e-03 -1.210928e-10
8.578431e-01 4.901961e-03 1.436575e-10
8.676471e-01 4.901961e-03 -6.367643e-11
8.774510e-01 4.901961e-03 -7.052315e-11
8.872549e-01 4.901961e-03 1.438146e-10
8.970588e-01 4.901961e-03 -7.308931e-11
9.068627e-01 4.901961e-03 -8.125420e-11
9.166667e-01 4.901961e-03 1.415323e-10
9.264706e-01 4.901961e-03 -1.755815e-11
9.362745e-01 4.901961e-03 -1.352648e-10
9.460784e-01 4.901961e-03 8.818997e-11
9.558824e-01 4.901961e-03 1.030214e-10
9.656863e-01 4.901961e-03 -1.242044e-10
9.754902e-01 4.901961e-03 -7.959659e-11
9.852941e-01 4.901961e-03 1.384932e-10
9.950980e-01 4.901961e-03 8.010200e-11
4.901961e-03 1.470588e-02 8.010200e-11
1.470588e-02 1.470588e-02 4.655267e-11
2.450980e-02 1.470588e-02 -7.968734e-11
3.431373e-02 1.470588e-02 -6.305527e-11
4.411765e-02 1.470588e-02 6.554374e-11
5.392157e-02 1.470588e-02 9.125560e-11
6.372549e-02 1.470588e-02 -2.458311e-11
7.352941e-02 1.470588e-02 -1.106212e-10
8.333333e-02 1.470588e-02 -5.040466e-11
9.313725e-02 1.470588e-02 7.731948e-11
1.029412e-01 1.470588e-02 1.231569e-10
1.127451e-01 1.470588e-02 4.093862e-11
1.225490e-01 1.470588e-02 -8.697234e-11
1.323529e-01 1.470588e-02 -1.503556e-10
1.421569e-01 1.470588e-02 -1.051605e-10
1.519608e-01 1.470588e-02 1.365919e-11
1.617647e-01 1.470588e-02 1.385683e-10
1.715686e-01 1.470588e-02 2.184424e-10
1.813725e-01 1.470588e-02 2.373536e-10
1.911765e-01 1.470588e-02 2.045964e-10
2.009804e-01 1.470588e-02 1.315736e-10
2.107843e-01 1.470588e-02 5.353034e-12
2.205882e-01 1.470588e-02 -2.445745e-10
2.303922e-01 1.470588e-02 -8.015035e-10
2.401961e-01 1.470588e-02 -2.061626e-09
2.500000e-01 1.470588e-02 -4.806029e-09
2.598039e-01 1.470588e-02 -1.047047e-08
2.696078e-01 1.470588e-02 -2.152824e-08
2.794118e-01 1.470588e-02 -4.197581e-08
2.892157e-01 1.470588e-02 -7.786698e-08
2.990196e-01 1.470588e-02 -1.377812e-07
3.088235e-01 1.470588e-02 -2.330496e-07
3.186275e-01 1.470588e-02 -3.775178e-07
3.284314e-01 1.470588e-02 -5.866322e-07
3.382353e-01 1.470588e-02 -8.757117e-07
3.480392e-01 1.470588e-02 -1.257431e-06
3.578431e-01 1.470588e-02 -1.738767e-06
3.676471e-01 1.470588e-02 -2.317887e-06
3.774510e-01 1.470588e-02 -2.981650e-06
3.872549e-01 1.470588e-02 -3.704429e-06
3.970588e-01 1.470588e-02 -4.448804e-06
4.068627e-01 1.470588e-02 -5.168379e-06
4.166667e-01 1.470588e-02 -5.812512e-06
4.264706e-01 1.470588e-02 -6.332302e-06
4.362745e-01 1.470588e-02 -6.686822e-06
4.460784e-01 1.470588e-02 -6.848494e-06
4.558824e-01 1.470588e-02 -6.806600e-06
4.656863e-01 1.470588e-02 -6.568337e-06
4.754902e-01 1.470588e-02 -6.157289e-06
4.852941e-01 1.470588e-02 -5.609718e-06
4.950980e-01 1.470588e-02 -4.969460e-06
5.049020e-01 1.470588e-02 -4.282374e-06
5.147059e-01 1.470588e-02 -3.591287e-06
5.245098e-01 1.470588e-02 -2.932116e-06
5.343137e-01 1.470588e-02 -2.331562e-06
5.441176e-01 1.470588e-02 -1.806384e-06
5.539216e-01 1.470588e-02 -1.364043e-06
5.637255e-01 1.470588e-02 -1.004274e-06
5.735294e-01 1.470588e-02 -7.211572e-07
5.833333e-01 1.470588e-02 -5.052466e-07
5.931373e-01 1.470588e-02 -3.454704e-07
6.029412e-01 1.470588e-02 -2.306142e-07
6.127451e-01 1.470588e-02 -1.503348e-07
6.225490e-01 1.470588e-02 -9.573222e-08
6.323529e-01 1.470588e-02 -5.956689e-08
6.421569e-01 1.470588e-02 -3.622599e-08
6.519608e-01 1.470588e-02 -2.153880e-08
6.617647e-01 1.470588e-02 -1.252342e-08
6.715686e-01 1.470588e-02 -7.122548e-09
6.813725e-01 1.470588e-02 -3.963442e-09
6.911765e-01 1.470588e-02 -2.158337e-09
7.009804e-01 1.470588e-02 -1.150766e-09
7.107843e-01 1.470588e-02 -6.001529e-10
7.205882e-01 1.470588e-02 -3.079384e-10
7.303922e-01 1.470588e-02 -1.515661e-10
7.401961e-01 1.470588e-02 -7.998011e-11
7.500000e-01 1.470588e-02 -2.709395e-11
7.598039e-01 1.470588e-02 -3.428653e-11
7.696078e-01 1.470588e-02 2.211768e-11
7.794118e-01 1.470588e-02 -5.175681e-11
7.892157e-01 1.470588e-02 6.858109e-11
7.990196e-01 1.470588e-02 -9.143154e-11
8.088235e-01 1.470588e-02 1.000817e-10
8.186275e-01 1.470588e-02 -8.788302e-11
8.284314e-01 1.470588e-02 4.650290e-11
8.382353e-01 1.470588e-02 1.519100e-11
8.480392e-01 1.470588e-02 -7.054385e-11
8.578431e-01 1.470588e-02 8.355521e-11
8.676471e-01 1.470588e-02 -3.692580e-11
8.774510e-01 1.470588e-02 -4.108268e-11
8.872549e-01 1.470588e-02 8.352724e-11
8.970588e-01 1.470588e-02 -4.230740e-11
9.068627e-01 1.470588e-02 -4.726408e-11
9.166667e-01 1.470588e-02 8.204776e-11
9.264706e-01 1.470588e-02 -1.001673e-11
9.362745e-01 1.470588e-02 -7.845697e-11
9.460784e-01 1.470588e-02 5.095206e-11
9.558824e-01 1.470588e-02 5.980735e-11
9.656863e-01 1.470588e-02 -7.182341e-11
9.754902e-01 1.470588e-02 -4.625681e-11
9.852941e-01 1.470588e-02 8.010200e-11
9.950980e-01 1.470588e-02 4.655267e-11
4.901961e-03 2.450980e-02 -1.377891e-10
1.470588e-02 2.450980e-02 -7.968734e-11
2.450980e-02 2.450980e-02 1.370883e-10
3.431373e-02 2.450980e-02 1.080545e-10
4.411765e-02 2.450980e-02 -1.128159e-10
5.392157e-02 2.450980e-02 -1.565272e-10
6.372549e-02 2.450980e-02 4.249855e-11
7.352941e-02 2.450980e-02 1.898234e-10
8.333333e-02 2.450980e-02 8.619036e-11
9.313725e-02 2.450980e-02 -1.327407e-10
1.029412e-01 2.450980e-02 -2.109470e-10
1.127451e-01 2.450980e-02 -6.989383e-11
1.225490e-01 2.450980e-02 1.489717e-10
1.323529e-01 2.450980e-02 2.571143e-10
1.421569e-01 2.450980e-02 1.796172e-10
1.519608e-01 2.450980e-02 -2.339472e-11
1.617647e-01 2.450980e-02 -2.364494e-10
1.715686e-01 2.450980e-02 -3.724161e-10
1.813725e-01 2.450980e-02 -4.043783e-10
1.911765e-01 2.450980e-02 -3.484445e-10
2.009804e-01 2.450980e-02 -2.243124e-10
2.107843e-01 2.450980e-02 -1.034019e-11
2.205882e-01 2.450980e-02 4.128171e-10
2.303922e-01 2.450980e-02 1.355875e-09
2.401961e-01 2.450980e-02 3.490964e-09
2.500000e-01 2.450980e-02 8.144035e-09
2.598039e-01 2.450980e-02 1.775378e-08
2.696078e-01 2.450980e-02 3.652333e-08
2.794118e-01 2.450980e-02 7.124740e-08
2.892157e-01 2.450980e-02 1.322225e-07
2.990196e-01 2.450980e-02 2.340462e-07
3.088235e-01 2.450980e-02 3.960036e-07
3.186275e-01 2.450980e-02 6.416665e-07
3.284314e-01 2.450980e-02 9.973392e-07
3.382353e-01 2.450980e-02 1.489117e-06
3.480392e-01 2.450980e-02 2.138600e-06
3.578431e-01 2.450980e-02 2.957688e-06
3.676471e-01 2.450980e-02 3.943286e-06
3.774510e-01 2.450980e-02 5.073038e-06
3.872549e-01 2.450980e-02 6.303319e-06
3.970588e-01 2.450980e-02 7.570415e-06
4.068627e-01 2.450980e-02 8.795322e-06
4.166667e-01 2.450980e-02 9.891801e-06
4.264706e-01 2.450980e-02 1.077658e-05
4.362745e-01 2.450980e-02 1.137997e-05
4.460784e-01 2.450980e-02 1.165502e-05
4.558824e-01 2.450980e-02 1.158350e-05
4.656863e-01 2.450980e-02 1.117769e-05
4.754902e-01 2.450980e-02 1.047777e-05
4.852941e-01 2.450980e-02 9.545508e-06
4.950980e-01 2.450980e-02 8.455558e-06
5.049020e-01 2.450980e-02 7.286003e-06
5.147059e-01 2.450980e-02 6.109749e-06
5.245098e-01 2.450980e-02 4.987927e-06
5.343137e-01 2.450980e-02 3.965965e-06
5.441176e-01 2.450980e-02 3.072364e-06
5.539216e-01 2.450980e-02 2.319791e-06
5.637255e-01 2.450980e-02 1.707771e-06
5.735294e-01 2.450980e-02 1.226202e-06
5.833333e-01 2.450980e-02 8.589909e-07
5.931373e-01 2.450980e-02 5.872835e-07
6.029412e-01 2.450980e-02 3.919890e-07
6.127451e-01 2.450980e-02 2.555038e-07
6.225490e-01 2.450980e-02 1.626841e-07
6.323529e-01 2.450980e-02 1.012141e-07
6.421569e-01 2.450980e-02 6.154673e-08
6.519608e-01 2.450980e-02 3.658937e-08
6.617647e-01 2.450980e-02 2.127186e-08
6.715686e-01 2.450980e-02 1.209673e-08
6.813725e-01 2.450980e-02 6.730630e-09
6.911765e-01 2.450980e-02 3.664833e-09
7.009804e-01 2.450980e-02 1.953777e-09
7.107843e-01 2.450980e-02 1.018839e-09
7.205882e-01 2.450980e-02 5.227122e-10
7.303922e-01 2.450980e-02 2.572563e-10
7.401961e-01 2.450980e-02 1.357363e-10
7.500000e-01 2.450980e-02 4.597622e-11
7.598039e-01 2.450980e-02 5.820157e-11
7.696078e-01 2.450980e-02 -3.759613e-11
7.794118e-01 2.450980e-02 8.797711e-11
7.892157e-01 2.450980e-02 -1.166764e-10
7.990196e-01 2.450980e-02 1.556529e-10
8.088235e-01 2.450980e-02 -1.705272e-10
8.186275e-01 2.450980e-02 1.498892e-10
8.284314e-01 2.450980e-02 -7.944736e-11
8.382353e-01 2.450980e-02 -2.580649e-11
8.480392e-01 2.450980e-02 1.204421e-10
8.578431e-01 2.450980e-02 -1.428921e-10
8.676471e-01 2.450980e-02 6.334165e-11
8.774510e-01 2.450980e-02 7.014800e-11
8.872549e-01 2.450980e-02 -1.430597e-10
8.970588e-01 2.450980e-02 7.271140e-11
9.068627e-01 2.450980e-02 8.082762e-11
9.166667e-01 2.450980e-02 -1.408003e-10
9.264706e-01 2.450980e-02 1.747305e-11
9.362745e-01 2.450980e-02 1.345665e-10
9.460784e-01 2.450980e-02 -8.774229e-11
9.558824e-01 2.450980e-02 -1.024892e-10
9.656863e-01 2.450980e-02 1.235730e-10
9.754902e-01 2.450980e-02 7.918441e-11
9.852941e-01 2.450980e-02 -1.377891e-10
9.950980e-01 2.450980e-02 -7.968734e-11
4.901961e-03 3.431373e-02 -1.086148e-10
1.470588e-02 3.431373e-02 -6.305527e-11
2.450980e-02 3.431373e-02 1.080545e-10
3.431373e-02 3.431373e-02 8.542830e-11
4.411765e-02 3.431373e-02 -8.888540e-11
5.392157e-02 3.431373e-02 -1.236590e-10
6.372549e-02 3.431373e-02 3.336881e-11
7.352941e-02 3.431373e-02 1.499121e-10
8.333333e-02 3.431373e-02 6.825543e-11
9.313725e-02 3.431373e-02 -1.047894e-10
1.029412e-01 3.431373e-02 -1.668279e-10
1.127451e-01 3.431373e-02 -5.541743e-11
1.225490e-01 3.431373e-02 1.178068e-10
1.323529e-01 3.431373e-02 2.035888e-10
1.421569e-01 3.431373e-02 1.423566e-10
1.519608e-01 3.431373e-02 -1.849581e-11
1.617647e-01 3.431373e-02 -1.875254e-10
1.715686e-01 3.431373e-02 -2.955620e-10
1.813725e-01 3.431373e-02 -3.210990e-10
1.911765e-01 3.431373e-02 -2.767625e-10
2.009804e-01 3.431373e-02 -1.780316e-10
2.107843e-01 3.431373e-02 -7.490032e-12
2.205882e-01 3.431373e-02 3.300932e-10
2.303922e-01 3.431373e-02 1.082373e-09
2.401961e-01 3.431373e-02 2.784758e-09
2.500000e-01 3.431373e-02 6.492973e-09
2.598039e-01 3.431373e-02 1.414787e-08
2.696078e-01 3.431373e-02 2.909326e-08
2.794118e-01 3.431373e-02 5.673288e-08
2.892157e-01 3.431373e-02 1.052530e-07
2.990196e-01 3.431373e-02 1.862562e-07
3.088235e-01 3.431373e-02 3.150676e-07
3.186275e-01 3.431373e-02 5.104146e-07
3.284314e-01 3.431373e-02 7.931911e-07
3.382353e-01 3.431373e-02 1.184120e-06
3.480392e-01 3.431373e-02 1.700350e-06
3.578431e-01 3.431373e-02 2.351322e-06
3.676471e-01 3.431373e-02 3.134562e-06
3.774510e-01 3.431373e-02 4.032300e-06
3.872549e-01 3.431373e-02 5.009875e-06
3.970588e-01 3.431373e-02 6.016672e-06
4.068627e-01 3.431373e-02 6.989932e-06
4.166667e-01 3.431373e-02 7.861155e-06
4.264706e-01 3.431373e-02 8.564192e-06
4.362745e-01 3.431373e-02 9.043686e-06
4.460784e-01 3.431373e-02 9.262332e-06
4.558824e-01 3.431373e-02 9.205637e-06
4.656863e-01 3.431373e-02 8.883339e-06
4.754902e-01 3.431373e-02 8.327343e-06
4.852941e-01 3.431373e-02 7.586704e-06
4.950980e-01 3.431373e-02 6.720716e-06
5.049020e-01 3.431373e-02 5.791410e-06
5.147059e-01 3.431373e-02 4.856712e-06
5.245098e-01 3.431373e-02 3.965202e-06
5.343137e-01 3.431373e-02 3.152988e-06
5.441176e-01 3.431373e-02 2.442734e-06
5.539216e-01 3.431373e-02 1.844523e-06
5.637255e-01 3.431373e-02 1.357994e-06
5.735294e-01 3.431373e-02 9.751346e-07
5.833333e-01 3.431373e-02 6.831668e-07
5.931373e-01 3.431373e-02 4.671135e-07
6.029412e-01 3.431373e-02 3.118070e-07
6.127451e-01 3.431373e-02 2.032578e-07
6.225490e-01 3.431373e-02 1.294295e-07
6.323529e-01 3.431373e-02 8.053182e-08
6.421569e-01 3.431373e-02 4.897453e-08
6.519608e-01 3.431373e-02 2.911781e-08
6.617647e-01 3.431373e-02 1.692963e-08
6.715686e-01 3.431373e-02 9.628256e-09
6.813725e-01 3.431373e-02 5.357627e-09
6.911765e-01 3.431373e-02 2.917474e-09
7.009804e-01 3.431373e-02 1.555474e-09
7.107843e-01 3.431373e-02 8.111975e-10
7.205882e-01 3.431373e-02 4.162143e-10
7.303922e-01 3.431373e-02 2.048548e-10
7.401961e-01 3.431373e-02 1.080970e-10
7.500000e-01 3.431373e-02 3.661742e-11
7.598039e-01 3.431373e-02 4.634265e-11
7.696078e-01 3.431373e-02 -2.990536e-11
7.794118e-01 3.431373e-02 6.997975e-11
7.892157e-01 3.431373e-02 -9.274730e-11
7.990196e-01 3.431373e-02 1.236688e-10
8.088235e-01 3.431373e-02 -1.353967e-10
8.186275e-01 3.431373e-02 1.189208e-10
8.284314e-01 3.431373e-02 -6.295034e-11
8.382353e-01 3.431373e-02 -2.053966e-11
8.480392e-01 3.431373e-02 9.548524e-11
8.578431e-01 3.431373e-02 -1.131390e-10
8.676471e-01 3.431373e-02 5.003380e-11
8.774510e-01 3.431373e-02 5.561142e-11
8.872549e-01 3.431373e-02 -1.131435e-10
8.970588e-01 3.431373e-02 5.735241e-11
9.068627e-01 3.431373e-02 6.400261e-11
9.166667e-01 3.431373e-02 -1.111909e-10
9.264706e-01 3.431373e-02 1.362419e-11
9.362745e-01 3.431373e-02 1.063138e-10
9.460784e-01 3.431373e-02 -6.910479e-11
9.558824e-01 3.431373e-02 -8.102762e-11
9.656863e-01 3.431373e-02 9.739346e-11
9.754902e-01 3.431373e-02 6.265496e-11
9.852941e-01 3.431373e-02 -1.086148e-10
9.950980e-01 3.431373e-02 -6.305527e-11
4.901961e-03 4.411765e-02 1.133929e-10
1.470588e-02 4.411765e-02 6.554374e-11
2.450980e-02 4.411765e-02 -1.128159e-10
3.431373e-02 4.411765e-02 -8.888540e-11
4.411765e-02 4.411765e-02 9.284212e-11
5.392157e-02 4.411765e-02 1.287662e-10
6.372549e-02 4.411765e-02 -3.498575e-11
7.352941e-02 4.411765e-02 -1.561520e-10
8.333333e-02 4.411765e-02 -7.087708e-11
9.313725e-02 4.411765e-02 1.091856e-10
1.029412e-01 4.411765e-02 1.734726e-10
1.127451e-01 4.411765e-02 5.746265e-11
1.225490e-01 4.411765e-02 -1.224831e-10
1.323529e-01 4.411765e-02 -2.113616e-10
1.421569e-01 4.411765e-02 -1.476376e-10
1.519608e-01 4.411765e-02 1.921557e-11
1.617647e-01 4.411765e-02 1.942753e-10
1.715686e-01 4.411765e-02 3.059562e-10
1.813725e-01 4.411765e-02 3.321773e-10
1.911765e-01 4.411765e-02 2.862123e-10
2.009804e-01 4.411765e-02 1.842851e-10
2.107843e-01 4.411765e-02 8.683623e-12
2.205882e-01 4.411765e-02 -3.384979e-10
2.303922e-01 4.411765e-02 -1.112234e-09
2.401961e-01 4.411765e-02 -2.864158e-09
2.500000e-01 4.411765e-02 -6.682648e-09
2.598039e-01 4.411765e-02 -1.456968e-08
2.696078e-01 4.411765e-02 -2.997602e-08
2.794118e-01 4.411765e-02 -5.848070e-08
2.892157e-01 4.411765e-02 -1.085387e-07
2.990196e-01 4.411765e-02 -1.921375e-07
3.088235e-01 4.411765e-02 -3.251154e-07
3.186275e-01 4.411765e-02 -5.268323e-07
3.284314e-01 4.411765e-02 -8.188937e-07
3.382353e-01 4.411765e-02 -1.222735e-06
3.480392e-01 4.411765e-02 -1.756101e-06
3.578431e-01 4.411765e-02 -2.428772e-06
3.676471e-01 4.411765e-02 -3.238207e-06
3.774510e-01 4.411765e-02 -4.166053e-06
3.872549e-01 4.411765e-02 -5.176480e-06
3.970588e-01 4.411765e-02 -6.217158e-06
4.068627e-01 4.411765e-02 -7.223197e-06
4.166667e-01 4.411765e-02 -8.123763e-06
4.264706e-01 4.411765e-02 -8.850456e-06
4.362745e-01 4.411765e-02 -9.346037e-06
4.460784e-01 4.411765e-02 -9.571941e-06
4.558824e-01 4.411765e-02 -9.513195e-06
4.656863e-01 4.411765e-02 -9.179886e-06
4.754902e-01 4.411765e-02 -8.605020e-06
4.852941e-01 4.411765e-02 -7.839333e-06
4.950980e-01 4.411765e-02 -6.944141e-06
5.049020e-01 4.411765e-02 -5.983580e-06
5.147059e-01 4.411765e-02 -5.017529e-06
5.245098e-01 4.411765e-02 -4.096198e-06
5.343137e-01 4.411765e-02 -3.256892e-06
5.441176e-01 4.411765e-02 -2.523017e-06
5.539216e-01 4.411765e-02 -1.904974e-06
5.637255e-01 4.411765e-02 -1.402368e-06
5.735294e-01 4.411765e-02 -1.006900e-06
5.833333e-01 4.411765e-02 -7.053496e-07
5.931373e-01 4.411765e-02 -4.822307e-07
6.029412e-01 4.411765e-02 -3.218636e-07
6.127451e-01 4.411765e-02 -2.097906e-07
6.225490e-01 4.411765e-02 -1.335747e-07
6.323529e-01 4.411765e-02 -8.310182e-08
6.421569e-01 4.411765e-02 -5.053182e-08
6.519608e-01 4.411765e-02 -3.004037e-08
6.617647e-01 4.411765e-02 -1.746410e-08
6.715686e-01 4.411765e-02 -9.931136e-09
6.813725e-01 4.411765e-02 -5.525572e-09
6.911765e-01 4.411765e-02 -3.008614e-09
7.009804e-01 4.411765e-02 -1.603903e-09
7.107843e-01 4.411765e-02 -8.363729e-10
7.205882e-01 4.411765e-02 -4.290899e-10
7.303922e-01 4.411765e-02 -2.111761e-10
7.401961e-01 4.411765e-02 -1.114205e-10
7.500000e-01 4.411765e-02 -3.773902e-11
7.598039e-01 4.411765e-02 -4.777754e-11
7.696078e-01 4.411765e-02 3.087094e-11
7.794118e-01 4.411765e-02 -7.223933e-11
7.892157e-01 4.411765e-02 9.582046e-11
7.990196e-01 4.411765e-02 -1.278450e-10
8.088235e-01 4.411765e-02 1.400834e-10
8.186275e-01 4.411765e-02 -1.231498e-10
8.284314e-01 4.411765e-02 6.528963e-11
8.382353e-01 4.411765e-02 2.119757e-11
8.480392e-01 4.411765e-02 -9.898664e-11
8.578431e-01 4.411765e-02 1.174646e-10
8.676471e-01 4.411765e-02 -5.208968e-11
8.774510e-01 4.411765e-02 -5.766269e-11
8.872549e-01 4.411765e-02 1.176416e-10
8.970588e-01 4.411765e-02 -5.981755e-11
9.068627e-01 4.411765e-02 -6.646192e-11
9.166667e-01 4.411765e-02 1.158240e-10
9.264706e-01 4.411765e-02 -1.439971e-11
9.362745e-01 4.411765e-02 -1.106971e-10
9.460784e-01 4.411765e-02 7.221237e-11
9.558824e-01 4.411765e-02 8.430541e-11
9.656863e-01 4.411765e-02 -1.016948e-10
9.754902e-01 4.411765e-02 -6.512967e-11
9.852941e-01 4.411765e-02 1.133929e-10
9.950980e-01 4.411765e-02 6.554374e-11
4.901961e-03 5.392157e-02 1.573382e-10
1.470588e-02 5.392157e-02 9.125560e-11
2.450980e-02 5.392157e-02 -1.565272e-10
3.431373e-02 5.392157e-02 -1.236590e-10
4.411765e-02 5.392157e-02 1.287662e-10
5.392157e-02 5.392157e-02 1.790232e-10
6.372549e-02 5.392157e-02 -4.837452e-11
7.352941e-02 5.392157e-02 -2.170308e-10
8.333333e-02 5.392157e-02 -9.875226e-11
9.313725e-02 5.392157e-02 1.516994e-10
1.029412e-01 5.392157e-02 2.414064e-10
1.127451e-01 5.392157e-02 8.014982e-11
1.225490e-01 5.392157e-02 -1.704378e-10
1.323529e-01 5.392157e-02 -2.944555e-10
1.421569e-01 5.392157e-02 -2.058509e-10
1.519608e-01 5.392157e-02 2.673019e-11
1.617647e-01 5.392157e-02 2.710352e-10
1.715686e-01 5.392157e-02 4.271067e-10
1.813725e-01 5.392157e-02 4.639328e-10
1.911765e-01 5.392157e-02 3.998404e-10
2.009804e-01 5.392157e-02 2.572833e-10
2.107843e-01 5.392157e-02 1.122938e-11
2.205882e-01 5.392157e-02 -4.756488e-10
2.303922e-01 5.392157e-02 -1.560639e-09
2.401961e-01 5.392157e-02 -4.016341e-09
2.500000e-01 5.392157e-02 -9.366451e-09
2.598039e-01 5.392157e-02 -2.041260e-08
2.696078e-01 5.392157e-02 -4.198233e-08
2.794118e-01 5.392157e-02 -8.187813e-08
2.892157e-01 5.392157e-02 -1.519216e-07
2.990196e-01 5.392157e-02 -2.688696e-07
3.088235e-01 5.392157e-02 -4.548572e-07
3.186275e-01 5.392157e-02 -7.369360e-07
3.284314e-01 5.392157e-02 -1.145290e-06
3.382353e-01 5.392157e-02 -1.709859e-06
3.480392e-01 5.392157e-02 -2.455422e-06
3.578431e-01 5.392157e-02 -3.395627e-06
3.676471e-01 5.392157e-02 -4.526907e-06
3.774510e-01 5.392157e-02 -5.823605e-06
3.872549e-01 5.392157e-02 -7.235653e-06
3.970588e-01 5.392157e-02 -8.689937e-06
4.068627e-01 5.392157e-02 -1.009580e-05
4.166667e-01 5.392157e-02 -1.135428e-05
4.264706e-01 5.392157e-02 -1.236981e-05
4.362745e-01 5.392157e-02 -1.306243e-05
4.460784e-01 5.392157e-02 -1.337825e-05
4.558824e-01 5.392157e-02 -1.329633e-05
4.656863e-01 5.392157e-02 -1.283075e-05
4.754902e-01 5.392157e-02 -1.202759e-05
4.852941e-01 5.392157e-02 -1.095772e-05
4.950980e-01 5.392157e-02 -9.706818e-06
5.049020e-01 5.392157e-02 -8.364478e-06
5.147059e-01 5.392157e-02 -7.014377e-06
5.245098e-01 5.392157e-02 -5.726687e-06
5.343137e-01 5.392157e-02 -4.553558e-06
5.441176e-01 5.392157e-02 -3.527723e-06
5.539216e-01 5.392157e-02 -2.663738e-06
5.637255e-01 5.392157e-02 -1.961073e-06
5.735294e-01 5.392157e-02 -1.408149e-06
5.833333e-01 5.392157e-02 -9.865025e-07
5.931373e-01 5.392157e-02 -6.744984e-07
6.029412e-01 5.392157e-02 -4.502264e-07
6.127451e-01 5.392157e-02 -2.934801e-07
6.225490e-01 5.392157e-02 -1.868748e-07
6.323529e-01 5.392157e-02 -1.162709e-07
6.421569e-01 5.392157e-02 -7.070652e-08
6.519608e-01 5.392157e-02 -4.203719e-08
6.617647e-01 5.392157e-02 -2.444039e-08
6.715686e-01 5.392157e-02 -1.389933e-08
6.813725e-01 5.392157e-02 -7.734010e-09
6.911765e-01 5.392157e-02 -4.211390e-09
7.009804e-01 5.392157e-02 -2.245265e-09
7.107843e-01 5.392157e-02 -1.170896e-09
7.205882e-01 5.392157e-02 -6.007524e-10
7.303922e-01 5.392157e-02 -2.956747e-10
7.401961e-01 5.392157e-02 -1.560152e-10
7.500000e-01 5.392157e-02 -5.284713e-11
7.598039e-01 5.392157e-02 -6.689058e-11
7.696078e-01 5.392157e-02 4.318272e-11
7.794118e-01 5.392157e-02 -1.010476e-10
7.892157e-01 5.392157e-02 1.339550e-10
7.990196e-01 5.392157e-02 -1.786453e-10
8.088235e-01 5.392157e-02 1.956310e-10
8.186275e-01 5.392157e-02 -1.718666e-10
8.284314e-01 5.392157e-02 9.101047e-11
8.382353e-01 5.392157e-02 2.966833e-11
8.480392e-01 5.392157e-02 -1.380527e-10
8.578431e-01 5.392157e-02 1.636359e-10
8.676471e-01 5.392157e-02 -7.241026e-11
8.774510e-01 5.392157e-02 -8.041868e-11
8.872549e-01 5.392157e-02 1.637170e-10
8.970588e-01 5.392157e-02 -8.304643e-11
9.068627e-01 5.392157e-02 -9.259271e-11
9.166667e-01 5.392157e-02 1.609732e-10
9.264706e-01 5.392157e-02 -1.978719e-11
9.362745e-01 5.392157e-02 -1.539070e-10
9.460784e-01 5.392157e-02 1.001209e-10
9.558824e-01 5.392157e-02 1.172864e-10
9.656863e-01 5.392157e-02 -1.410867e-10
9.754902e-01 5.392157e-02 -9.067613e-11
9.852941e-01 5.392157e-02 1.573382e-10
9.950980e-01 5.392157e-02 9.125560e-11
4.901961e-03 6.372549e-02 -4.271414e-11
1.470588e-02 6.372549e-02 -2.458311e-11
2.450980e-02 6.372549e-02 4.249855e-11
3.431373e-02 6.372549e-02 3.336881e-11
4.411765e-02 6.372549e-02 -3.498575e-11
5.392157e-02 6.372549e-02 -4.837452e-11
6.372549e-02 6.372549e-02 1.322903e-11
7.352941e-02 6.372549e-02 5.867067e-11
8.333333e-02 6.372549e-02 2.654983e-11
9.313725e-02 6.372549e-02 -4.102542e-11
1.029412e-01 6.372549e-02 -6.504833e-11
1.127451e-01 6.372549e-02 -2.149004e-11
1.225490e-01 6.372549e-02 4.590397e-11
1.323529e-01 6.372549e-02 7.909827e-11
1.421569e-01 6.372549e-02 5.519262e-11
1.519608e-01 6.372549e-02 -7.183364e-12
1.617647e-01 6.372549e-02 -7.251054e-11
1.715686e-01 6.372549e-02 -1.140960e-10
1.813725e-01 6.372549e-02 -1.237821e-10
1.911765e-01 6.372549e-02 -1.066070e-10
2.009804e-01 6.372549e-02 -6.870848e-11
2.107843e-01 6.372549e-02 -3.618899e-12
2.205882e-01 6.372549e-02 1.248776e-10
2.303922e-01 6.372549e-02 4.112535e-10
2.401961e-01 6.372549e-02 1.060071e-09
2.500000e-01 6.372549e-02 2.475213e-09
2.598039e-01 6.372549e-02 5.400066e-09
2.696078e-01 6.372549e-02 1.111673e-08
2.794118e-01 6.372549e-02 2.169908e-08
2.892157e-01 6.372549e-02 4.029152e-08
2.990196e-01 6.372549e-02 7.135401e-08
3.088235e-01 6.372549e-02 1.207814e-07
3.186275e-01 6.372549e-02 1.957816e-07
3.284314e-01 6.372549e-02 3.044016e-07
3.382353e-01 6.372549e-02 4.546277e-07
3.480392e-01 6.372549e-02 6.530751e-07
3.578431e-01 6.372549e-02 9.033944e-07
3.676471e-01 6.372549e-02 1.204649e-06
3.774510e-01 6.372549e-02 1.550013e-06
3.872549e-01 6.372549e-02 1.926148e-06
3.970588e-01 6.372549e-02 2.313569e-06
4.068627e-01 6.372549e-02 2.688110e-06
4.166667e-01 6.372549e-02 3.023389e-06
4.264706e-01 6.372549e-02 3.293932e-06
4.362745e-01 6.372549e-02 3.478419e-06
4.460784e-01 6.372549e-02 3.562491e-06
4.558824e-01 6.372549e-02 3.540574e-06
4.656863e-01 6.372549e-02 3.416433e-06
4.754902e-01 6.372549e-02 3.202365e-06
4.852941e-01 6.372549e-02 2.917271e-06
4.950980e-01 6.372549e-02 2.583989e-06
5.049020e-01 6.372549e-02 2.226403e-06
5.147059e-01 6.372549e-02 1.866808e-06
5.245098e-01 6.372549e-02 1.523892e-06
5.343137e-01 6.372549e-02 1.211538e-06
5.441176e-01 6.372549e-02 9.384509e-07
5.539216e-01 6.372549e-02 7.084929e-07
5.637255e-01 6.372549e-02 5.215083e-07
5.735294e-01 6.372549e-02 3.744004e-07
5.833333e-01 6.372549e-02 2.622427e-07
5.931373e-01 6.372549e-02 1.792674e-07
6.029412e-01 6.372549e-02 1.196368e-07
6.127451e-01 6.372549e-02 7.796938e-08
6.225490e-01 6.372549e-02 4.963716e-08
6.323529e-01 6.372549e-02 3.087715e-08
6.421569e-01 6.372549e-02 1.877308e-08
6.519608e-01 6.372549e-02 1.115887e-08
6.617647e-01 6.372549e-02 6.486427e-09
6.715686e-01 6.372549e-02 3.688108e-09
6.813725e-01 6.372549e-02 2.051768e-09
6.911765e-01 6.372549e-02 1.117031e-09
7.009804e-01 6.372549e-02 5.954243e-10
7.107843e-01 6.372549e-02 3.104564e-10
7.205882e-01 6.372549e-02 1.592580e-10
7.303922e-01 6.372549e-02 7.837208e-11
7.401961e-01 6.372549e-02 4.134547e-11
7.500000e-01 6.372549e-02 1.400251e-11
7.598039e-01 6.372549e-02 1.773325e-11
7.696078e-01 6.372549e-02 -1.147492e-11
7.794118e-01 6.372549e-02 2.685263e-11
7.892157e-01 6.372549e-02 -3.565228e-11
7.990196e-01 6.372549e-02 4.760216e-11
8.088235e-01 6.372549e-02 -5.220864e-11
8.186275e-01 6.372549e-02 4.594548e-11
8.284314e-01 6.372549e-02 -2.439973e-11
8.382353e-01 6.372549e-02 -7.883164e-12
8.480392e-01 6.372549e-02 3.698449e-11
8.578431e-01 6.372549e-02 -4.396063e-11
8.676471e-01 6.372549e-02 1.955060e-11
8.774510e-01 6.372549e-02 2.155705e-11
8.872549e-01 6.372549e-02 -4.410758e-11
8.970588e-01 6.372549e-02 2.249972e-11
9.068627e-01 6.372549e-02 2.489160e-11
9.166667e-01 6.372549e-02 -4.351920e-11
9.264706e-01 6.372549e-02 5.489362e-12
9.362745e-01 6.372549e-02 4.158132e-11
9.460784e-01 6.372549e-02 -2.722440e-11
9.558824e-01 6.372549e-02 -3.164736e-11
9.656863e-01 6.372549e-02 3.831291e-11
9.754902e-01 6.372549e-02 2.442799e-11
9.852941e-01 6.372549e-02 -4.271414e-11
9.950980e-01 6.372549e-02 -2.458311e-11
4.901961e-03 7.352941e-02 -1.908098e-10
1.470588e-02 7.352941e-02 -1.106212e-10
2.450980e-02 7.352941e-02 1.898234e-10
3.431373e-02 7.352941e-02 1.499121e-10
4.411765e-02 7.352941e-02 -1.561520e-10
5.392157e-02 7.352941e-02 -2.170308e-10
6.372549e-02 7.352941e-02 5.867067e-11
7.352941e-02 7.352941e-02 2.630804e-10
8.333333e-02 7.352941e-02 1.196758e-10
9.313725e-02 7.352941e-02 -1.838507e-10
1.029412e-01 7.352941e-02 -2.925155e-10
1.127451e-01 7.352941e-02 -9.710777e-11
1.225490e-01 7.352941e-02 2.064491e-10
1.323529e-01 7.352941e-02 3.566259e-10
1.421569e-01 7.352941e-02 2.492926e-10
1.519608e-01 7.352941e-02 -3.231929e-11
1.617647e-01 7.352941e-02 -3.280364e-10
1.715686e-01 7.352941e-02 -5.168765e-10
1.813725e-01 7.352941e-02 -5.613716e-10
1.911765e-01 7.352941e-02 -4.837829e-10
2.009804e-01 7.352941e-02 -3.113727e-10
2.107843e-01 7.352941e-02 -1.399215e-11
2.205882e-01 7.352941e-02 5.742452e-10
2.303922e-01 7.352941e-02 1.885095e-09
2.401961e-01 7.352941e-02 4.852361e-09
2.500000e-01 7.352941e-02 1.131794e-08
2.598039e-01 7.352941e-02 2.466905e-08
2.696078e-01 7.352941e-02 5.074298e-08
2.794118e-01 7.352941e-02 9.897535e-08
2.892157e-01 7.352941e-02 1.836636e-07
2.990196e-01 7.352941e-02 3.250761e-07
3.088235e-01 7.352941e-02 5.499886e-07
3.186275e-01 7.352941e-02 8.911273e-07
3.284314e-01 7.352941e-02 1.385010e-06
3.382353e-01 7.352941e-02 2.067865e-06
3.480392e-01 7.352941e-02 2.969679e-06
3.578431e-01 7.352941e-02 4.106972e-06
3.676471e-01 7.352941e-02 5.475444e-06
3.774510e-01 7.352941e-02 7.044064e-06
3.872549e-01 7.352941e-02 8.752268e-06
3.970588e-01 7.352941e-02 1.051160e-05
4.068627e-01 7.352941e-02 1.221239e-05
4.166667e-01 7.352941e-02 1.373489e-05
4.264706e-01 7.352941e-02 1.496350e-05
4.362745e-01 7.352941e-02 1.580145e-05
4.460784e-01 7.352941e-02 1.618355e-05
4.558824e-01 7.352941e-02 1.608446e-05
4.656863e-01 7.352941e-02 1.552120e-05
4.754902e-01 7.352941e-02 1.454956e-05
4.852941e-01 7.352941e-02 1.325527e-05
4.950980e-01 7.352941e-02 1.174197e-05
5.049020e-01 7.352941e-02 1.011807e-05
5.147059e-01 7.352941e-02 8.484806e-06
5.245098e-01 7.352941e-02 6.927068e-06
5.343137e-01 7.352941e-02 5.507943e-06
5.441176e-01 7.352941e-02 4.267022e-06
5.539216e-01 7.352941e-02 3.221907e-06
5.637255e-01 7.352941e-02 2.371953e-06
5.735294e-01 7.352941e-02 1.703142e-06
5.833333e-01 7.352941e-02 1.193136e-06
5.931373e-01 7.352941e-02 8.157593e-07
6.029412e-01 7.352941e-02 5.445038e-07
6.127451e-01 7.352941e-02 3.549254e-07
6.225490e-01 7.352941e-02 2.259943e-07
6.323529e-01 7.352941e-02 1.406066e-07
6.421569e-01 7.352941e-02 8.550318e-08
6.519608e-01 7.352941e-02 5.083283e-08
6.617647e-01 7.352941e-02 2.955334e-08
6.715686e-01 7.352941e-02 1.680662e-08
6.813725e-01 7.352941e-02 9.351451e-09
6.911765e-01 7.352941e-02 5.091994e-09
7.009804e-01 7.352941e-02 2.714679e-09
7.107843e-01 7.352941e-02 1.415656e-09
7.205882e-01 7.352941e-02 7.263128e-10
7.303922e-01 7.352941e-02 3.574647e-10
7.401961e-01 7.352941e-02 1.886138e-10
7.500000e-01 7.352941e-02 6.388675e-11
7.598039e-01 7.352941e-02 8.087205e-11
7.696078e-01 7.352941e-02 -5.222723e-11
7.794118e-01 7.352941e-02 1.222097e-10
7.892157e-01 7.352941e-02 -1.620419e-10
7.990196e-01 7.352941e-02 2.161333e-10
8.088235e-01 7.352941e-02 -2.367268e-10
8.186275e-01 7.352941e-02 2.080086e-10
8.284314e-01 7.352941e-02 -1.101755e-10
8.382353e-01 7.352941e-02 -3.590696e-11
8.480392e-01 7.352941e-02 1.671588e-10
8.578431e-01 7.352941e-02 -1.981830e-10
8.676471e-01 7.352941e-02 8.772860e-11
8.774510e-01 7.352941e-02 9.740535e-11
8.872549e-01 7.352941e-02 -1.983681e-10
8.970588e-01 7.352941e-02 1.006627e-10
9.068627e-01 7.352941e-02 1.121941e-10
9.166667e-01 7.352941e-02 -1.951254e-10
9.264706e-01 7.352941e-02 2.402290e-11
9.362745e-01 7.352941e-02 1.865735e-10
9.460784e-01 7.352941e-02 -1.214223e-10
9.558824e-01 7.352941e-02 -1.421806e-10
9.656863e-01 7.352941e-02 1.711005e-10
9.754902e-01 7.352941e-02 1.099172e-10
9.852941e-01 7.352941e-02 -1.908098e-10
9.950980e-01 7.352941e-02 -1.106212e-10
4.901961e-03 8.333333e-02 -8.664304e-11
1.470588e-02 8.333333e-02 -5.040466e-11
2.450980e-02 8.333333e-02 8.619036e-11
3.431373e-02 8.333333e-02 6.825543e-11
4.411765e-02 8.333333e-02 -7.087708e-11
5.392157e-02 8.333333e-02 -9.875226e-11
6.372549e-02 8.333333e-02 2.654983e-11
7.352941e-02 8.333333e-02 1.196758e-10
8.333333e-02 8.333333e-02 5.457552e-11
9.313725e-02 8.333333e-02 -8.361121e-11
1.029412e-01 8.333333e-02 -1.332481e-10
1.127451e-01 8.333333e-02 -4.433660e-11
1.225490e-01 8.333333e-02 9.404758e-11
1.323529e-01 8.333333e-02 1.626532e-10
1.421569e-01 8.333333e-02 1.137979e-10
1.519608e-01 8.333333e-02 -1.472259e-11
1.617647e-01 8.333333e-02 -1.498485e-10
1.715686e-01 8.333333e-02 -2.362660e-10
1.813725e-01 8.333333e-02 -2.567393e-10
1.911765e-01 8.333333e-02 -2.213258e-10
2.009804e-01 8.333333e-02 -1.423766e-10
2.107843e-01 8.333333e-02 -5.939156e-12
2.205882e-01 8.333333e-02 2.641858e-10
2.303922e-01 8.333333e-02 8.661323e-10
2.401961e-01 8.333333e-02 2.228213e-09
2.500000e-01 8.333333e-02 5.194904e-09
2.598039e-01 8.333333e-02 1.131858e-08
2.696078e-01 8.333333e-02 2.327355e-08
2.794118e-01 8.333333e-02 4.538137e-08
2.892157e-01 8.333333e-02 8.418850e-08
2.990196e-01 8.333333e-02 1.489731e-07
3.088235e-01 8.333333e-02 2.519893e-07
3.186275e-01 8.333333e-02 4.082119e-07
3.284314e-01 8.333333e-02 6.343470e-07
3.382353e-01 8.333333e-02 9.469644e-07
3.480392e-01 8.333333e-02 1.359776e-06
3.578431e-01 8.333333e-02 1.880329e-06
3.676471e-01 8.333333e-02 2.506647e-06
3.774510e-01 8.333333e-02 3.224523e-06
3.872549e-01 8.333333e-02 4.006243e-06
3.970588e-01 8.333333e-02 4.811337e-06
4.068627e-01 8.333333e-02 5.589626e-06
4.166667e-01 8.333333e-02 6.286336e-06
4.264706e-01 8.333333e-02 6.848575e-06
4.362745e-01 8.333333e-02 7.232073e-06
4.460784e-01 8.333333e-02 7.406994e-06
4.558824e-01 8.333333e-02 7.361744e-06
4.656863e-01 8.333333e-02 7.104099e-06
4.754902e-01 8.333333e-02 6.659564e-06
4.852941e-01 8.333333e-02 6.067358e-06
4.950980e-01 8.333333e-02 5.374891e-06
5.049020e-01 8.333333e-02 4.631766e-06
5.147059e-01 8.333333e-02 3.884304e-06
5.245098e-01 8.333333e-02 3.171357e-06
5.343137e-01 8.333333e-02 2.521803e-06
5.441176e-01 8.333333e-02 1.953774e-06
5.539216e-01 8.333333e-02 1.475339e-06
5.637255e-01 8.333333e-02 1.086214e-06
5.735294e-01 8.333333e-02 7.799951e-07
5.833333e-01 8.333333e-02 5.464668e-07
5.931373e-01 8.333333e-02 3.736536e-07
6.029412e-01 8.333333e-02 2.494262e-07
6.127451e-01 8.333333e-02 1.625971e-07
6.225490e-01 8.333333e-02 1.035400e-07
6.323529e-01 8.333333e-02 6.442451e-08
6.421569e-01 8.333333e-02 3.917980e-08
6.519608e-01 8.333333e-02 2.329478e-08
6.617647e-01 8.333333e-02 1.354425e-08
6.715686e-01 8.333333e-02 7.703032e-09
6.813725e-01 8.333333e-02 4.286399e-09
6.911765e-01 8.333333e-02 2.334170e-09
7.009804e-01 8.333333e-02 1.244494e-09
7.107843e-01 8.333333e-02 6.490228e-10
7.205882e-01 8.333333e-02 3.330068e-10
7.303922e-01 8.333333e-02 1.639013e-10
7.401961e-01 8.333333e-02 8.648771e-11
7.500000e-01 8.333333e-02 2.929591e-11
7.598039e-01 8.333333e-02 3.707881e-11
7.696078e-01 8.333333e-02 -2.392554e-11
7.794118e-01 8.333333e-02 5.598127e-11
7.892157e-01 8.333333e-02 -7.418278e-11
7.990196e-01 8.333333e-02 9.889867e-11
8.088235e-01 8.333333e-02 -1.082537e-10
8.186275e-01 8.333333e-02 9.505257e-11
8.284314e-01 8.333333e-02 -5.028379e-11
8.382353e-01 8.333333e-02 -1.645632e-11
8.480392e-01 8.333333e-02 7.632761e-11
8.578431e-01 8.333333e-02 -9.038445e-11
8.676471e-01 8.333333e-02 3.992149e-11
8.774510e-01 8.333333e-02 4.447130e-11
8.872549e-01 8.333333e-02 -9.036597e-11
8.970588e-01 8.333333e-02 4.574285e-11
9.068627e-01 8.333333e-02 5.116262e-11
9.166667e-01 8.333333e-02 -8.875948e-11
9.264706e-01 8.333333e-02 1.080052e-11
9.362745e-01 8.333333e-02 8.489821e-11
9.460784e-01 8.333333e-02 -5.509414e-11
9.558824e-01 8.333333e-02 -6.473600e-11
9.656863e-01 8.333333e-02 7.768305e-11
9.754902e-01 8.333333e-02 5.008257e-11
9.852941e-01 8.333333e-02 -8.664304e-11
9.950980e-01 8.333333e-02 -5.040466e-11
4.901961e-03 9.313725e-02 1.334345e-10
1.470588e-02 9.313725e-02 7.731948e-11
2.450980e-02 9.313725e-02 -1.327407e-10
3.431373e-02 9.313725e-02 -1.047894e-10
4.411765e-02 9.313725e-02 1.091856e-10
5.392157e-02 9.313725e-02 1.516994e-10
6.372549e-02 9.313725e-02 -4.102542e-11
7.352941e-02 9.313725e-02 -1.838507e-10
8.333333e-02 9.313725e-02 -8.361121e-11
9.313725e-02 9.313725e-02 1.284368e-10
1.029412e-01 9.313725e-02 2.043041e-10
1.127451e-01 9.313725e-02 6.781857e-11
1.225490e-01 9.313725e-02 -1.441092e-10
1.323529e-01 9.313725e-02 -2.489003e-10
1.421569e-01 9.313725e-02 -1.739695e-10
1.519608e-01 9.313725e-02 2.249892e-11
1.617647e-01 9.313725e-02 2.287153e-10
1.715686e-01 9.313725e-02 3.603238e-10
1.813725e-01 9.313725e-02 3.912660e-10
1.911765e-01 9.313725e-02 3.371412e-10
2.009804e-01 9.313725e-02 2.170394e-10
2.107843e-01 9.313725e-02 1.007816e-11
2.205882e-01 9.313725e-02 -3.990965e-10
2.303922e-01 9.313725e-02 -1.310865e-09
2.401961e-01 9.313725e-02 -3.375045e-09
2.500000e-01 9.313725e-02 -7.873651e-09
2.598039e-01 9.313725e-02 -1.716472e-08
2.696078e-01 9.313725e-02 -3.531265e-08
2.794118e-01 9.313725e-02 -6.888839e-08
2.892157e-01 9.313725e-02 -1.278501e-07
2.990196e-01 9.313725e-02 -2.263165e-07
3.088235e-01 9.313725e-02 -3.829418e-07
3.186275e-01 9.313725e-02 -6.205284e-07
3.284314e-01 9.313725e-02 -9.645243e-07
3.382353e-01 9.313725e-02 -1.440178e-06
3.480392e-01 9.313725e-02 -2.068394e-06
3.578431e-01 9.313725e-02 -2.860695e-06
3.676471e-01 9.313725e-02 -3.814097e-06
3.774510e-01 9.313725e-02 -4.906987e-06
3.872549e-01 9.313725e-02 -6.097172e-06
3.970588e-01 9.313725e-02 -7.323021e-06
4.068627e-01 9.313725e-02 -8.508103e-06
4.166667e-01 9.313725e-02 -9.568987e-06
4.264706e-01 9.313725e-02 -1.042510e-05
4.362745e-01 9.313725e-02 -1.100901e-05
4.460784e-01 9.313725e-02 -1.127527e-05
4.558824e-01 9.313725e-02 -1.120624e-05
4.656863e-01 9.313725e-02 -1.081378e-05
4.754902e-01 9.313725e-02 -1.013675e-05
4.852941e-01 9.313725e-02 -9.234916e-06
4.950980e-01 9.313725e-02 -8.180490e-06
5.049020e-01 9.313725e-02 -7.049023e-06
5.147059e-01 9.313725e-02 -5.911052e-06
5.245098e-01 9.313725e-02 -4.825727e-06
5.343137e-01 9.313725e-02 -3.837003e-06
5.441176e-01 9.313725e-02 -2.972460e-06
5.539216e-01 9.313725e-02 -2.244356e-06
5.637255e-01 9.313725e-02 -1.652233e-06
5.735294e-01 9.313725e-02 -1.186321e-06
5.833333e-01 9.313725e-02 -8.310496e-07
5.931373e-01 9.313725e-02 -5.681771e-07
6.029412e-01 9.313725e-02 -3.792338e-07
6.127451e-01 9.313725e-02 -2.471879e-07
6.225490e-01 9.313725e-02 -1.573879e-07
6.323529e-01 9.313725e-02 -9.791814e-08
6.421569e-01 9.313725e-02 -5.954194e-08
6.519608e-01 9.313725e-02 -3.539716e-08
6.617647e-01 9.313725e-02 -2.057852e-08
6.715686e-01 9.313725e-02 -1.170231e-08
6.813725e-01 9.313725e-02 -6.511096e-09
6.911765e-01 9.313725e-02 -3.545253e-09
7.009804e-01 9.313725e-02 -1.890003e-09
7.107843e-01 9.313725e-02 -9.855702e-10
7.205882e-01 9.313725e-02 -5.056371e-10
7.303922e-01 9.313725e-02 -2.488498e-10
7.401961e-01 9.313725e-02 -1.312990e-10
7.500000e-01 9.313725e-02 -4.447169e-11
7.598039e-01 9.313725e-02 -5.630134e-11
7.696078e-01 9.313725e-02 3.637586e-11
7.794118e-01 9.313725e-02 -8.511853e-11
7.892157e-01 9.313725e-02 1.128938e-10
7.990196e-01 9.313725e-02 -1.506105e-10
8.088235e-01 9.313725e-02 1.650050e-10
8.186275e-01 9.313725e-02 -1.450268e-10
8.284314e-01 9.313725e-02 7.684262e-11
8.382353e-01 9.313725e-02 2.503535e-11
8.480392e-01 9.313725e-02 -1.166234e-10
8.578431e-01 9.313725e-02 1.383157e-10
8.676471e-01 9.313725e-02 -6.125692e-11
8.774510e-01 9.313725e-02 -6.799405e-11
8.872549e-01 9.313725e-02 1.385370e-10
8.970588e-01 9.313725e-02 -7.033747e-11
9.068627e-01 9.313725e-02 -7.836403e-11
9.166667e-01 9.313725e-02 1.363573e-10
9.264706e-01 9.313725e-02 -1.681993e-11
9.362745e-01 9.313725e-02 -1.304003e-10
9.460784e-01 9.313725e-02 8.490930e-11
9.558824e-01 9.313725e-02 9.937788e-11
9.656863e-01 9.313725e-02 -1.196498e-10
9.754902e-01 9.313725e-02 -7.682516e-11
9.852941e-01 9.313725e-02 1.334345e-10
9.950980e-01 9.313725e-02 7.731948e-11
4.901961e-03 1.029412e-01 2.120583e-10
1.470588e-02 1.029412e-01 1.231569e-10
2.450980e-02 1.029412e-01 -2.109470e-10
3.431373e-02 1.029412e-01 -1.668279e-10
4.411765e-02 1.029412e-01 1.734726e-10
5.392157e-02 1.029412e-01 2.414064e-10
6.372549e-02 1.029412e-01 -6.504833e-11
7.352941e-02 1.029412e-01 -2.925155e-10
8.333333e-02 1.029412e-01 -1.332481e-10
9.313725e-02 1.029412e-01 2.043041e-10
1.029412e-01 1.029412e-01 3.253382e-10
1.127451e-01 1.029412e-01 1.081634e-10
1.225490e-01 1.029412e-01 -2.294746e-10
1.323529e-01 1.029412e-01 -3.966532e-10
1.421569e-01 1.029412e-01 -2.774025e-10
1.519608e-01 1.029412e-01 3.580975e-11
1.617647e-01 1.029412e-01 3.648241e-10
1.715686e-01 1.029412e-01 5.750010e-10
1.813725e-01 1.029412e-01 6.245889e-10
1.911765e-01 1.029412e-01 5.383049e-10
2.009804e-01 1.029412e-01 3.464529e-10
2.107843e-01 1.029412e-01 1.546284e-11
2.205882e-01 1.029412e-01 -6.392823e-10
2.303922e-01 1.029412e-01 -2.098255e-09
2.401961e-01 1.029412e-01 -5.400570e-09
2.500000e-01 1.029412e-01 -1.259576e-08
2.598039e-01 1.029412e-01 -2.745271e-08
2.696078e-01 1.029412e-01 -5.646628e-08
2.794118e-01 1.029412e-01 -1.101347e-07
2.892157e-01 1.029412e-01 -2.043655e-07
2.990196e-01 1.029412e-01 -3.617090e-07
3.088235e-01 1.029412e-01 -6.119555e-07
3.186275e-01 1.029412e-01 -9.915158e-07
3.284314e-01 1.029412e-01 -1.541020e-06
3.382353e-01 1.029412e-01 -2.300775e-06
3.480392e-01 1.029412e-01 -3.304147e-06
3.578431e-01 1.029412e-01 -4.569521e-06
3.676471e-01 1.029412e-01 -6.092117e-06
3.774510e-01 1.029412e-01 -7.837415e-06
3.872549e-01 1.029412e-01 -9.738040e-06
3.970588e-01 1.029412e-01 -1.169558e-05
4.068627e-01 1.029412e-01 -1.358802e-05
4.166667e-01 1.029412e-01 -1.528213e-05
4.264706e-01 1.029412e-01 -1.664928e-05
4.362745e-01 1.029412e-01 -1.758179e-05
4.460784e-01 1.029412e-01 -1.800711e-05
4.558824e-01 1.029412e-01 -1.789704e-05
4.656863e-01 1.029412e-01 -1.727050e-05
4.754902e-01 1.029412e-01 -1.618954e-05
4.852941e-01 1.029412e-01 -1.474953e-05
4.950980e-01 1.029412e-01 -1.306580e-05
5.049020e-01 1.029412e-01 -1.125896e-05
5.147059e-01 1.029412e-01 -9.441652e-06
5.245098e-01 1.029412e-01 -7.708345e-06
5.343137e-01 1.029412e-01 -6.129242e-06
5.441176e-01 1.029412e-01 -4.748406e-06
5.539216e-01 1.029412e-01 -3.585433e-06
5.637255e-01 1.029412e-01 -2.639612e-06
5.735294e-01 1.029412e-01 -1.895355e-06
5.833333e-01 1.029412e-01 -1.327808e-06
5.931373e-01 1.029412e-01 -9.078464e-07
6.029412e-01 1.029412e-01 -6.059773e-07
6.127451e-01 1.029412e-01 -3.950004e-07
6.225490e-01 1.029412e-01 -2.515143e-07
6.323529e-01 1.029412e-01 -1.564860e-07
6.421569e-01 1.029412e-01 -9.516035e-08
6.519608e-01 1.029412e-01 -5.657466e-08
6.617647e-01 1.029412e-01 -3.289182e-08
6.715686e-01 1.029412e-01 -1.870530e-08
6.813725e-01 1.029412e-01 -1.040797e-08
6.911765e-01 1.029412e-01 -5.667315e-09
7.009804e-01 1.029412e-01 -3.021410e-09
7.107843e-01 1.029412e-01 -1.575616e-09
7.205882e-01 1.029412e-01 -8.083828e-10
7.303922e-01 1.029412e-01 -3.978562e-10
7.401961e-01 1.029412e-01 -2.099270e-10
7.500000e-01 1.029412e-01 -7.110376e-11
7.598039e-01 1.029412e-01 -9.001153e-11
7.696078e-01 1.029412e-01 5.812863e-11
7.794118e-01 1.029412e-01 -1.360110e-10
7.892157e-01 1.029412e-01 1.803275e-10
7.990196e-01 1.029412e-01 -2.405013e-10
8.088235e-01 1.029412e-01 2.633833e-10
8.186275e-01 1.029412e-01 -2.313878e-10
8.284314e-01 1.029412e-01 1.225021e-10
8.382353e-01 1.029412e-01 4.002501e-11
8.480392e-01 1.029412e-01 -1.859921e-10
8.578431e-01 1.029412e-01 2.204144e-10
8.676471e-01 1.029412e-01 -9.747528e-11
8.774510e-01 1.029412e-01 -1.084350e-10
8.872549e-01 1.029412e-01 2.206143e-10
8.970588e-01 1.029412e-01 -1.118282e-10
9.068627e-01 1.029412e-01 -1.248804e-10
9.166667e-01 1.029412e-01 2.169450e-10
9.264706e-01 1.029412e-01 -2.655703e-11
9.362745e-01 1.029412e-01 -2.075178e-10
9.460784e-01 1.029412e-01 1.348723e-10
9.558824e-01 1.029412e-01 1.582126e-10
9.656863e-01 1.029412e-01 -1.901339e-10
9.754902e-01 1.029412e-01 -1.223672e-10
9.852941e-01 1.029412e-01 2.120583e-10
9.950980e-01 1.029412e-01 1.231569e-10
4.901961e-03 1.127451e-01 7.026425e-11
1.470588e-02 1.127451e-01 4.093862e-11
2.450980e-02 1.127451e-01 -6.989383e-11
3.431373e-02 1.127451e-01 -5.541743e-11
4.411765e-02 1.127451e-01 5.746265e-11
5.392157e-02 1.127451e-01 8.014982e-11
6.372549e-02 1.127451e-01 -2.149004e-11
7.352941e-02 1.127451e-01 -9.710777e-11
8.333333e-02 1.127451e-01 -4.433660e-11
9.313725e-02 1.127451e-01 6.781857e-11
1.029412e-01 1.127451e-01 1.081634e-10
1.127451e-01 1.127451e-01 3.603609e-11
1.225490e-01 1.127451e-01 -7.631255e-11
1.323529e-01 1.127451e-01 -1.320593e-10
1.421569e-01 1.127451e-01 -9.243567e-11
1.519608e-01 1.127451e-01 1.191367e-11
1.617647e-01 1.127451e-01 1.216709e-10
1.715686e-01 1.127451e-01 1.918958e-10
1.813725e-01 1.127451e-01 2.085643e-10
1.911765e-01 1.127451e-01 1.798283e-10
2.009804e-01 1.127451e-01 1.157148e-10
2.107843e-01 1.127451e-01 4.890496e-12
2.205882e-01 1.127451e-01 -2.145462e-10
2.303922e-01 1.127451e-01 -7.035638e-10
2.401961e-01 1.127451e-01 -1.810138e-09
2.500000e-01 1.127451e-01 -4.220343e-09
2.598039e-01 1.127451e-01 -9.195345e-09
2.696078e-01 1.127451e-01 -1.890775e-08
2.794118e-01 1.127451e-01 -3.686831e-08
2.892157e-01 1.127451e-01 -6.839517e-08
2.990196e-01 1.127451e-01 -1.210255e-07
3.088235e-01 1.127451e-01 -2.047140e-07
3.186275e-01 1.127451e-01 -3.316252e-07
3.284314e-01 1.127451e-01 -5.153304e-07
3.382353e-01 1.127451e-01 -7.692901e-07
3.480392e-01 1.127451e-01 -1.104643e-06
3.578431e-01 1.127451e-01 -1.527522e-06
3.676471e-01 1.127451e-01 -2.036321e-06
3.774510e-01 1.127451e-01 -2.619502e-06
3.872549e-01 1.127451e-01 -3.254552e-06
3.970588e-01 1.127451e-01 -3.908599e-06
4.068627e-01 1.127451e-01 -4.540881e-06
4.166667e-01 1.127451e-01 -5.106902e-06
4.264706e-01 1.127451e-01 -5.563693e-06
4.362745e-01 1.127451e-01 -5.875289e-06
4.460784e-01 1.127451e-01 -6.017448e-06
4.558824e-01 1.127451e-01 -5.980746e-06
4.656863e-01 1.127451e-01 -5.771494e-06
4.754902e-01 1.127451e-01 -5.410408e-06
4.852941e-01 1.127451e-01 -4.929343e-06
4.950980e-01 1.127451e-01 -4.366812e-06
5.049020e-01 1.127451e-01 -3.763111e-06
5.147059e-01 1.127451e-01 -3.155872e-06
5.245098e-01 1.127451e-01 -2.576660e-06
5.343137e-01 1.127451e-01 -2.048939e-06
5.441176e-01 1.127451e-01 -1.587443e-06
5.539216e-01 1.127451e-01 -1.198730e-06
5.637255e-01 1.127451e-01 -8.825732e-07
5.735294e-01 1.127451e-01 -6.337717e-07
5.833333e-01 1.127451e-01 -4.440279e-07
5.931373e-01 1.127451e-01 -3.036133e-07
6.029412e-01 1.127451e-01 -2.026743e-07
6.127451e-01 1.127451e-01 -1.321216e-07
6.225490e-01 1.127451e-01 -8.413431e-08
6.323529e-01 1.127451e-01 -5.235038e-08
6.421569e-01 1.127451e-01 -3.183715e-08
6.519608e-01 1.127451e-01 -1.892924e-08
6.617647e-01 1.127451e-01 -1.100604e-08
6.715686e-01 1.127451e-01 -6.259492e-09
6.813725e-01 1.127451e-01 -3.483135e-09
6.911765e-01 1.127451e-01 -1.896748e-09
7.009804e-01 1.127451e-01 -1.011273e-09
7.107843e-01 1.127451e-01 -5.273911e-10
7.205882e-01 1.127451e-01 -2.705965e-10
7.303922e-01 1.127451e-01 -1.331821e-10
7.401961e-01 1.127451e-01 -7.027748e-11
7.500000e-01 1.127451e-01 -2.380286e-11
7.598039e-01 1.127451e-01 -3.013066e-11
7.696078e-01 1.127451e-01 1.944448e-11
7.794118e-01 1.127451e-01 -4.549014e-11
7.892157e-01 1.127451e-01 6.027595e-11
7.990196e-01 1.127451e-01 -8.034890e-11
8.088235e-01 1.127451e-01 8.793577e-11
8.186275e-01 1.127451e-01 -7.719518e-11
8.284314e-01 1.127451e-01 4.081665e-11
8.382353e-01 1.127451e-01 1.339129e-11
8.480392e-01 1.127451e-01 -6.199656e-11
8.578431e-01 1.127451e-01 7.337945e-11
8.676471e-01 1.127451e-01 -3.237969e-11
8.774510e-01 1.127451e-01 -3.613251e-11
8.872549e-01 1.127451e-01 7.335161e-11
8.970588e-01 1.127451e-01 -3.709124e-11
9.068627e-01 1.127451e-01 -4.155657e-11
9.166667e-01 1.127451e-01 7.201853e-11
9.264706e-01 1.127451e-01 -8.718128e-12
9.362745e-01 1.127451e-01 -6.890418e-11
9.460784e-01 1.127451e-01 4.466069e-11
9.558824e-01 1.127451e-01 5.255805e-11
9.656863e-01 1.127451e-01 -6.299296e-11
9.754902e-01 1.127451e-01 -4.067590e-11
9.852941e-01 1.127451e-01 7.026425e-11
9.950980e-01 1.127451e-01 4.093862e-11
4.901961e-03 1.225490e-01 -1.497653e-10
1.470588e-02 1.225490e-01 -8.697234e-11
2.450980e-02 1.225490e-01 1.489717e-10
3.431373e-02 1.225490e-01 1.178068e-10
4.411765e-02 1.225490e-01 -1.224831e-10
5.392157e-02 1.225490e-01 -1.704378e-10
6.372549e-02 1.225490e-01 4.590397e-11
7.352941e-02 1.225490e-01 2.064491e-10
8.333333e-02 1.225490e-01 9.404758e-11
9.313725e-02 1.225490e-01 -1.441092e-10
1.029412e-01 1.225490e-01 -2.294746e-10
1.127451e-01 1.225490e-01 -7.631255e-11
1.225490e-01 1.225490e-01 1.617246e-10
1.323529e-01 1.225490e-01 2.795370e-10
1.421569e-01 1.225490e-01 1.954880e-10
1.519608e-01 1.225490e-01 -2.514750e-11
1.617647e-01 1.225490e-01 -2.568102e-10
1.715686e-01 1.225490e-01 -4.047052e-10
1.813725e-01 1.225490e-01 -4.395131e-10
1.911765e-01 1.225490e-01 -3.787219e-10
2.009804e-01 1.225490e-01 -2.437518e-10
2.107843e-01 1.225490e-01 -1.111779e-11
2.205882e-01 1.225490e-01 4.488081e-10
2.303922e-01 1.225490e-01 1.473527e-09
2.401961e-01 1.225490e-01 3.793095e-09
2.500000e-01 1.225490e-01 8.847723e-09
2.598039e-01 1.225490e-01 1.928629e-08
2.696078e-01 1.225490e-01 3.967434e-08
2.794118e-01 1.225490e-01 7.739282e-08
2.892157e-01 1.225490e-01 1.436273e-07
2.990196e-01 1.225490e-01 2.542367e-07
3.088235e-01 1.225490e-01 4.301742e-07
3.186275e-01 1.225490e-01 6.970532e-07
3.284314e-01 1.225490e-01 1.083459e-06
3.382353e-01 1.225490e-01 1.617753e-06
3.480392e-01 1.225490e-01 2.323420e-06
3.578431e-01 1.225490e-01 3.213408e-06
3.676471e-01 1.225490e-01 4.284369e-06
3.774510e-01 1.225490e-01 5.512032e-06
3.872549e-01 1.225490e-01 6.849010e-06
3.970588e-01 1.225490e-01 8.226075e-06
4.068627e-01 1.225490e-01 9.557378e-06
4.166667e-01 1.225490e-01 1.074920e-05
4.264706e-01 1.225490e-01 1.171101e-05
4.362745e-01 1.225490e-01 1.236708e-05
4.460784e-01 1.225490e-01 1.266633e-05
4.558824e-01 1.225490e-01 1.258893e-05
4.656863e-01 1.225490e-01 1.214820e-05
4.754902e-01 1.225490e-01 1.138777e-05
4.852941e-01 1.225490e-01 1.037476e-05
4.950980e-01 1.225490e-01 9.190310e-06
5.049020e-01 1.225490e-01 7.919273e-06
5.147059e-01 1.225490e-01 6.640897e-06
5.245098e-01 1.225490e-01 5.421636e-06
5.343137e-01 1.225490e-01 4.310873e-06
5.441176e-01 1.225490e-01 3.339601e-06
5.539216e-01 1.225490e-01 2.521597e-06
5.637255e-01 1.225490e-01 1.856354e-06
5.735294e-01 1.225490e-01 1.332898e-06
5.833333e-01 1.225490e-01 9.337415e-07
5.931373e-01 1.225490e-01 6.383935e-07
6.029412e-01 1.225490e-01 4.261049e-07
6.127451e-01 1.225490e-01 2.777419e-07
6.225490e-01 1.225490e-01 1.768439e-07
6.323529e-01 1.225490e-01 1.100236e-07
6.421569e-01 1.225490e-01 6.690367e-08
6.519608e-01 1.225490e-01 3.977399e-08
6.617647e-01 1.225490e-01 2.312323e-08
6.715686e-01 1.225490e-01 1.314950e-08
6.813725e-01 1.225490e-01 7.316356e-09
6.911765e-01 1.225490e-01 3.983738e-09
7.009804e-01 1.225490e-01 2.123775e-09
7.107843e-01 1.225490e-01 1.107479e-09
7.205882e-01 1.225490e-01 5.681838e-10
7.303922e-01 1.225490e-01 2.796329e-10
7.401961e-01 1.225490e-01 1.475417e-10
7.500000e-01 1.225490e-01 4.997266e-11
7.598039e-01 1.225490e-01 6.326638e-11
7.696078e-01 1.225490e-01 -4.087421e-11
7.794118e-01 1.225490e-01 9.564168e-11
7.892157e-01 1.225490e-01 -1.268422e-10
7.990196e-01 1.225490e-01 1.692062e-10
8.088235e-01 1.225490e-01 -1.853567e-10
8.186275e-01 1.225490e-01 1.628846e-10
8.284314e-01 1.225490e-01 -8.626221e-11
8.382353e-01 1.225490e-01 -2.818553e-11
8.480392e-01 1.225490e-01 1.310323e-10
8.578431e-01 1.225490e-01 -1.553308e-10
8.676471e-01 1.225490e-01 6.871628e-11
8.774510e-01 1.225490e-01 7.645120e-11
8.872549e-01 1.225490e-01 -1.555923e-10
8.970588e-01 1.225490e-01 7.889440e-11
9.068627e-01 1.225490e-01 8.810711e-11
9.166667e-01 1.225490e-01 -1.531065e-10
9.264706e-01 1.225490e-01 1.875528e-11
9.362745e-01 1.225490e-01 1.464960e-10
9.460784e-01 1.225490e-01 -9.523557e-11
9.558824e-01 1.225490e-01 -1.117110e-10
9.656863e-01 1.225490e-01 1.342745e-10
9.754902e-01 1.225490e-01 8.641057e-11
9.852941e-01 1.225490e-01 -1.497653e-10
9.950980e-01 1.225490e-01 -8.697234e-11
4.901961e-03 1.323529e-01 -2.584910e-10
1.470588e-02 1.323529e-01 -1.503556e-10
2.450980e-02 1.323529e-01 2.571143e-10
3.431373e-02 1.323529e-01 2.035888e-10
4.411765e-02 1.323529e-01 -2.113616e-10
5.392157e-02 1.323529e-01 -2.944555e-10
6.372549e-02 1.323529e-01 7.909827e-11
7.352941e-02 1.323529e-01 3.566259e-10
8.333333e-02 1.323529e-01 1.626532e-10
9.313725e-02 1.323529e-01 -2.489003e-10
1.029412e-01 1.323529e-01 -3.966532e-10
1.127451e-01 1.323529e-01 -1.320593e-10
1.225490e-01 1.323529e-01 2.795370e-10
1.323529e-01 1.323529e-01 4.834555e-10
1.421569e-01 1.323529e-01 3.382428e-10
1.519608e-01 1.323529e-01 -4.343927e-11
1.617647e-01 1.323529e-01 -4.444318e-10
1.715686e-01 1.323529e-01 -7.006066e-10
1.813725e-01 1.323529e-01 -7.610606e-10
1.911765e-01 1.323529e-01 -6.559220e-10
2.009804e-01 1.323529e-01 -4.221522e-10
2.107843e-01 1.323529e-01 -1.891437e-11
2.205882e-01 1.323529e-01 7.786028e-10
2.303922e-01 1.323529e-01 2.555545e-09
2.401961e-01 1.323529e-01 6.577450e-09
2.500000e-01 1.323529e-01 1.534052e-08
2.598039e-01 1.323529e-01 3.343522e-08
2.696078e-01 1.323529e-01 6.877246e-08
2.794118e-01 1.323529e-01 1.341401e-07
2.892157e-01 1.323529e-01 2.489155e-07
2.990196e-01 1.323529e-01 4.405694e-07
3.088235e-01 1.323529e-01 7.453940e-07
3.186275e-01 1.323529e-01 1.207749e-06
3.284314e-01 1.323529e-01 1.877137e-06
3.382353e-01 1.323529e-01 2.802673e-06
3.480392e-01 1.323529e-01 4.025016e-06
3.578431e-01 1.323529e-01 5.566579e-06
3.676471e-01 1.323529e-01 7.421555e-06
3.774510e-01 1.323529e-01 9.547904e-06
3.872549e-01 1.323529e-01 1.186355e-05
3.970588e-01 1.323529e-01 1.424861e-05
4.068627e-01 1.323529e-01 1.655440e-05
4.166667e-01 1.323529e-01 1.861862e-05
4.264706e-01 1.323529e-01 2.028452e-05
4.362745e-01 1.323529e-01 2.142089e-05
4.460784e-01 1.323529e-01 2.193932e-05
4.558824e-01 1.323529e-01 2.180542e-05
4.656863e-01 1.323529e-01 2.104224e-05
4.754902e-01 1.323529e-01 1.972534e-05
4.852941e-01 1.323529e-01 1.797095e-05
4.950980e-01 1.323529e-01 1.591956e-05
5.049020e-01 1.323529e-01 1.371814e-05
5.147059e-01 1.323529e-01 1.150393e-05
5.245098e-01 1.323529e-01 9.392049e-06
5.343137e-01 1.323529e-01 7.468037e-06
5.441176e-01 1.323529e-01 5.785590e-06
5.539216e-01 1.323529e-01 4.368588e-06
5.637255e-01 1.323529e-01 3.216169e-06
5.735294e-01 1.323529e-01 2.309341e-06
5.833333e-01 1.323529e-01 1.617824e-06
5.931373e-01 1.323529e-01 1.106131e-06
6.029412e-01 1.323529e-01 7.383263e-07
6.127451e-01 1.323529e-01 4.812679e-07
6.225490e-01 1.323529e-01 3.064426e-07
6.323529e-01 1.323529e-01 1.906595e-07
6.421569e-01 1.323529e-01 1.159406e-07
6.519608e-01 1.323529e-01 6.892830e-08
6.617647e-01 1.323529e-01 4.007368e-08
6.715686e-01 1.323529e-01 2.278933e-08
6.813725e-01 1.323529e-01 1.268026e-08
6.911765e-01 1.323529e-01 6.904533e-09
7.009804e-01 1.323529e-01 3.680962e-09
7.107843e-01 1.323529e-01 1.919537e-09
7.205882e-01 1.323529e-01 9.848208e-10
7.303922e-01 1.323529e-01 4.846861e-10
7.401961e-01 1.323529e-01 2.557391e-10
7.500000e-01 1.323529e-01 8.661651e-11
7.598039e-01 1.323529e-01 1.096597e-10
7.696078e-01 1.323529e-01 -7.083121e-11
7.794118e-01 1.323529e-01 1.657236e-10
7.892157e-01 1.323529e-01 -2.197337e-10
7.990196e-01 1.323529e-01 2.930594e-10
8.088235e-01 1.323529e-01 -3.209415e-10
8.186275e-01 1.323529e-01 2.819372e-10
8.284314e-01 1.323529e-01 -1.492216e-10
8.382353e-01 1.323529e-01 -4.886439e-11
8.480392e-01 1.323529e-01 2.267425e-10
8.578431e-01 1.323529e-01 -2.686332e-10
8.676471e-01 1.323529e-01 1.187126e-10
8.774510e-01 1.323529e-01 1.322913e-10
8.872549e-01 1.323529e-01 -2.689496e-10
8.970588e-01 1.323529e-01 1.362118e-10
9.068627e-01 1.323529e-01 1.523756e-10
9.166667e-01 1.323529e-01 -2.644747e-10
9.264706e-01 1.323529e-01 3.221819e-11
9.362745e-01 1.323529e-01 2.530983e-10
9.460784e-01 1.323529e-01 -1.643150e-10
9.558824e-01 1.323529e-01 -1.930550e-10
9.656863e-01 1.323529e-01 2.317395e-10
9.754902e-01 1.323529e-01 1.493826e-10
9.852941e-01 1.323529e-01 -2.584910e-10
9.950980e-01 1.323529e-01 -1.503556e-10
4.901961e-03 1.421569e-01 -1.805822e-10
1.470588e-02 1.421569e-01 -1.051605e-10
2.450980e-02 1.421569e-01 1.796172e-10
3.431373e-02 1.421569e-01 1.423566e-10
4.411765e-02 1.421569e-01 -1.476376e-10
5.392157e-02 1.421569e-01 -2.058509e-10
6.372549e-02 1.421569e-01 5.519262e-11
7.352941e-02 1.421569e-01 2.492926e-10
8.333333e-02 1.421569e-01 1.137979e-10
9.313725e-02 1.421569e-01 -1.739695e-10
1.029412e-01 1.421569e-01 -2.774025e-10
1.127451e-01 1.421569e-01 -9.243567e-11
1.225490e-01 1.421569e-01 1.954880e-10
1.323529e-01 1.421569e-01 3.382428e-10
1.421569e-01 1.421569e-01 2.367276e-10
1.519608e-01 1.421569e-01 -3.035324e-11
1.617647e-01 1.421569e-01 -3.110672e-10
1.715686e-01 1.421569e-01 -4.904934e-10
1.813725e-01 1.421569e-01 -5.329231e-10
1.911765e-01 1.421569e-01 -4.593814e-10
2.009804e-01 1.421569e-01 -2.956974e-10
2.107843e-01 1.421569e-01 -1.321745e-11
2.205882e-01 1.421569e-01 5.456063e-10
2.303922e-01 1.421569e-01 1.790793e-09
2.401961e-01 1.421569e-01 4.609061e-09
2.500000e-01 1.421569e-01 1.074928e-08
2.598039e-01 1.421569e-01 2.342734e-08
2.696078e-01 1.421569e-01 4.818489e-08
2.794118e-01 1.421569e-01 9.397929e-08
2.892157e-01 1.421569e-01 1.743828e-07
2.990196e-01 1.421569e-01 3.086351e-07
3.088235e-01 1.421569e-01 5.221532e-07
3.186275e-01 1.421569e-01 8.460024e-07
3.284314e-01 1.421569e-01 1.314849e-06
3.382353e-01 1.421569e-01 1.963083e-06
3.480392e-01 1.421569e-01 2.819176e-06
3.578431e-01 1.421569e-01 3.898819e-06
3.676471e-01 1.421569e-01 5.197942e-06
3.774510e-01 1.421569e-01 6.687100e-06
3.872549e-01 1.421569e-01 8.308817e-06
3.970588e-01 1.421569e-01 9.979140e-06
4.068627e-01 1.421569e-01 1.159395e-05
4.166667e-01 1.421569e-01 1.303960e-05
4.264706e-01 1.421569e-01 1.420631e-05
4.362745e-01 1.421569e-01 1.500221e-05
4.460784e-01 1.421569e-01 1.536535e-05
4.558824e-01 1.421569e-01 1.527167e-05
4.656863e-01 1.421569e-01 1.473729e-05
4.754902e-01 1.421569e-01 1.381512e-05
4.852941e-01 1.421569e-01 1.258654e-05
4.950980e-01 1.421569e-01 1.114992e-05
5.049020e-01 1.421569e-01 9.608203e-06
5.147059e-01 1.421569e-01 8.057497e-06
5.245098e-01 1.421569e-01 6.578419e-06
5.343137e-01 1.421569e-01 5.230886e-06
5.441176e-01 1.421569e-01 4.052513e-06
5.539216e-01 1.421569e-01 3.060034e-06
5.637255e-01 1.421569e-01 2.252851e-06
5.735294e-01 1.421569e-01 1.617672e-06
5.833333e-01 1.421569e-01 1.133293e-06
5.931373e-01 1.421569e-01 7.748658e-07
6.029412e-01 1.421569e-01 5.172220e-07
6.127451e-01 1.421569e-01 3.371508e-07
6.225490e-01 1.421569e-01 2.146816e-07
6.323529e-01 1.421569e-01 1.335711e-07
6.421569e-01 1.421569e-01 8.122645e-08
6.519608e-01 1.421569e-01 4.829109e-08
6.617647e-01 1.421569e-01 2.807603e-08
6.715686e-01 1.421569e-01 1.596667e-08
6.813725e-01 1.421569e-01 8.884171e-09
6.911765e-01 1.421569e-01 4.837579e-09
7.009804e-01 1.421569e-01 2.579047e-09
7.107843e-01 1.421569e-01 1.344924e-09
7.205882e-01 1.421569e-01 6.900187e-10
7.303922e-01 1.421569e-01 3.395972e-10
7.401961e-01 1.421569e-01 1.791865e-10
7.500000e-01 1.421569e-01 6.068576e-11
7.598039e-01 1.421569e-01 7.683484e-11
7.696078e-01 1.421569e-01 -4.962527e-11
7.794118e-01 1.421569e-01 1.160969e-10
7.892157e-01 1.421569e-01 -1.539099e-10
7.990196e-01 1.421569e-01 2.052385e-10
8.088235e-01 1.421569e-01 -2.247209e-10
8.186275e-01 1.421569e-01 1.973622e-10
8.284314e-01 1.421569e-01 -1.044110e-10
8.382353e-01 1.421569e-01 -3.425061e-11
8.480392e-01 1.421569e-01 1.587008e-10
8.578431e-01 1.421569e-01 -1.879393e-10
8.676471e-01 1.421569e-01 8.298682e-11
8.774510e-01 1.421569e-01 9.259275e-11
8.872549e-01 1.421569e-01 -1.880933e-10
8.970588e-01 1.421569e-01 9.517871e-11
9.068627e-01 1.421569e-01 1.066054e-10
9.166667e-01 1.421569e-01 -1.848728e-10
9.264706e-01 1.421569e-01 2.243033e-11
9.362745e-01 1.421569e-01 1.769414e-10
9.460784e-01 1.421569e-01 -1.147613e-10
9.558824e-01 1.421569e-01 -1.349916e-10
9.656863e-01 1.421569e-01 1.618862e-10
9.754902e-01 1.421569e-01 1.044792e-10
9.852941e-01 1.421569e-01 -1.805822e-10
9.950980e-01 1.421569e-01 -1.051605e-10
4.901961e-03 1.519608e-01 2.352672e-11
1.470588e-02 1.519608e-01 1.365919e-11
2.450980e-02 1.519608e-01 -2.339472e-11
3.431373e-02 1.519608e-01 -1.849581e-11
4.411765e-02 1.519608e-01 1.921557e-11
5.392157e-02 1.519608e-01 2.673019e-11
6.372549e-02 1.519608e-01 -7.183364e-12
7.352941e-02 1.519608e-01 -3.231929e-11
8.333333e-02 1.519608e-01 -1.472259e-11
9.313725e-02 1.519608e-01 2.249892e-11
1.029412e-01 1.519608e-01 3.580975e-11
1.127451e-01 1.519608e-01 1.191367e-11
1.225490e-01 1.519608e-01 -2.514750e-11
1.323529e-01 1.519608e-01 -4.343927e-11
1.421569e-01 1.519608e-01 -3.035324e-11
1.519608e-01 1.519608e-01 3.873684e-12
1.617647e-01 1.519608e-01 3.972195e-11
1.715686e-01 1.519608e-01 6.252759e-11
1.813725e-01 1.519608e-01 6.781092e-11
1.911765e-01 1.519608e-01 5.832960e-11
2.009804e-01 1.519608e-01 3.742932e-11
2.107843e-01 1.519608e-01 1.524789e-12
2.205882e-01 1.519608e-01 -6.929399e-11
2.303922e-01 1.519608e-01 -2.268658e-10
2.401961e-01 1.519608e-01 -5.833312e-10
2.500000e-01 1.519608e-01 -1.359968e-09
2.598039e-01 1.519608e-01 -2.963915e-09
2.696078e-01 1.519608e-01 -6.097220e-09
2.794118e-01 1.519608e-01 -1.189539e-08
2.892157e-01 1.519608e-01 -2.208005e-08
2.990196e-01 1.519608e-01 -3.909327e-08
3.088235e-01 1.519608e-01 -6.616299e-08
3.186275e-01 1.519608e-01 -1.072368e-07
3.284314e-01 1.519608e-01 -1.667225e-07
3.382353e-01 1.519608e-01 -2.489957e-07
3.480392e-01 1.519608e-01 -3.576823e-07
3.578431e-01 1.519608e-01 -4.947853e-07
3.676471e-01 1.519608e-01 -6.597962e-07
3.774510e-01 1.519608e-01 -8.489798e-07
3.872549e-01 1.519608e-01 -1.055034e-06
3.970588e-01 1.519608e-01 -1.267287e-06
4.068627e-01 1.519608e-01 -1.472501e-06
4.166667e-01 1.519608e-01 -1.656221e-06
4.264706e-01 1.519608e-01 -1.804487e-06
4.362745e-01 1.519608e-01 -1.905615e-06
4.460784e-01 1.519608e-01 -1.951731e-06
4.558824e-01 1.519608e-01 -1.939775e-06
4.656863e-01 1.519608e-01 -1.871806e-06
4.754902e-01 1.519608e-01 -1.754557e-06
4.852941e-01 1.519608e-01 -1.598383e-06
4.950980e-01 1.519608e-01 -1.415796e-06
5.049020e-01 1.519608e-01 -1.219884e-06
5.147059e-01 1.519608e-01 -1.022864e-06
5.245098e-01 1.519608e-01 -8.349775e-07
5.343137e-01 1.519608e-01 -6.638334e-07
5.441176e-01 1.519608e-01 -5.142026e-07
5.539216e-01 1.519608e-01 -3.882023e-07
5.637255e-01 1.519608e-01 -2.857481e-07
5.735294e-01 1.519608e-01 -2.051434e-07
5.833333e-01 1.519608e-01 -1.436891e-07
5.931373e-01 1.519608e-01 -9.822479e-08
6.029412e-01 1.519608e-01 -6.555173e-08
6.127451e-01 1.519608e-01 -4.272127e-08
6.225490e-01 1.519608e-01 -2.719747e-08
6.323529e-01 1.519608e-01 -1.691849e-08
6.421569e-01 1.519608e-01 -1.028643e-08
6.519608e-01 1.519608e-01 -6.114420e-09
6.617647e-01 1.519608e-01 -3.554263e-09
6.715686e-01 1.519608e-01 -2.020967e-09
6.813725e-01 1.519608e-01 -1.124342e-09
6.911765e-01 1.519608e-01 -6.121442e-10
7.009804e-01 1.519608e-01 -3.263151e-10
7.107843e-01 1.519608e-01 -1.701522e-10
7.205882e-01 1.519608e-01 -8.729114e-11
7.303922e-01 1.519608e-01 -4.296058e-11
7.401961e-01 1.519608e-01 -2.266515e-11
7.500000e-01 1.519608e-01 -7.679722e-12
7.598039e-01 1.519608e-01 -9.718686e-12
7.696078e-01 1.519608e-01 6.283378e-12
7.794118e-01 1.519608e-01 -1.471323e-11
7.892157e-01 1.519608e-01 1.953650e-11
7.990196e-01 1.519608e-01 -2.609120e-11
8.088235e-01 1.519608e-01 2.862107e-11
8.186275e-01 1.519608e-01 -2.518913e-11
8.284314e-01 1.519608e-01 1.336838e-11
8.382353e-01 1.519608e-01 4.350484e-12
8.480392e-01 1.519608e-01 -2.032371e-11
8.578431e-01 1.519608e-01 2.413913e-11
8.676471e-01 1.519608e-01 -1.070392e-11
8.774510e-01 1.519608e-01 -1.189945e-11
8.872549e-01 1.519608e-01 2.427011e-11
8.970588e-01 1.519608e-01 -1.233093e-11
9.068627e-01 1.519608e-01 -1.376653e-11
9.166667e-01 1.519608e-01 2.396427e-11
9.264706e-01 1.519608e-01 -2.947436e-12
9.362745e-01 1.519608e-01 -2.296313e-11
9.460784e-01 1.519608e-01 1.494690e-11
9.558824e-01 1.519608e-01 1.752898e-11
9.656863e-01 1.519608e-01 -2.108790e-11
9.754902e-01 1.519608e-01 -1.356751e-11
9.852941e-01 1.519608e-01 2.352672e-11
9.950980e-01 1.519608e-01 1.365919e-11
4.901961e-03 1.617647e-01 2.377451e-10
1.470588e-02 1.617647e-01 1.385683e-10
2.450980e-02 1.617647e-01 -2.364494e-10
3.431373e-02 1.617647e-01 -1.875254e-10
4.411765e-02 1.617647e-01 1.942753e-10
5.392157e-02 1.617647e-01 2.710352e-10
6.372549e-02 1.617647e-01 -7.251054e-11
7.352941e-02 1.617647e-01 -3.280364e-10
8.333333e-02 1.617647e-01 -1.498485e-10
9.313725e-02 1.617647e-01 2.287153e-10
1.029412e-01 1.617647e-01 3.648241e-10
1.127451e-01 1.617647e-01 1.216709e-10
1.225490e-01 1.617647e-01 -2.568102e-10
1.323529e-01 1.617647e-01 -4.444318e-10
1.421569e-01 1.617647e-01 -3.110672e-10
1.519608e-01 1.617647e-01 3.972195e-11
1.617647e-01 1.617647e-01 4.082799e-10
1.715686e-01 1.617647e-01 6.437156e-10
1.813725e-01 1.617647e-01 6.992398e-10
1.911765e-01 1.617647e-01 6.025507e-10
2.009804e-01 1.617647e-01 3.876260e-10
2.107843e-01 1.617647e-01 1.696010e-11
2.205882e-01 1.617647e-01 -7.159494e-10
2.303922e-01 1.617647e-01 -2.348550e-09
2.401961e-01 1.617647e-01 -6.043148e-09
2.500000e-01 1.617647e-01 -1.409227e-08
2.598039e-01 1.617647e-01 -3.071180e-08
2.696078e-01 1.617647e-01 -6.316732e-08
2.794118e-01 1.617647e-01 -1.232038e-07
2.892157e-01 1.617647e-01 -2.286190e-07
2.990196e-01 1.617647e-01 -4.046456e-07
3.088235e-01 1.617647e-01 -6.846204e-07
3.186275e-01 1.617647e-01 -1.109293e-06
3.284314e-01 1.617647e-01 -1.724141e-06
3.382353e-01 1.617647e-01 -2.574288e-06
3.480392e-01 1.617647e-01 -3.697095e-06
3.578431e-01 1.617647e-01 -5.113166e-06
3.676471e-01 1.617647e-01 -6.817180e-06
3.774510e-01 1.617647e-01 -8.770532e-06
3.872549e-01 1.617647e-01 -1.089783e-05
3.970588e-01 1.617647e-01 -1.308896e-05
4.068627e-01 1.617647e-01 -1.520732e-05
4.166667e-01 1.617647e-01 -1.710381e-05
4.264706e-01 1.617647e-01 -1.863440e-05
4.362745e-01 1.617647e-01 -1.967855e-05
4.460784e-01 1.617647e-01 -2.015500e-05
4.558824e-01 1.617647e-01 -2.003215e-05
4.656863e-01 1.617647e-01 -1.933115e-05
4.754902e-01 1.617647e-01 -1.812143e-05
4.852941e-01 1.617647e-01 -1.650975e-05
4.950980e-01 1.617647e-01 -1.462518e-05
5.049020e-01 1.617647e-01 -1.260276e-05
5.147059e-01 1.617647e-01 -1.056858e-05
5.245098e-01 1.617647e-01 -8.628391e-06
5.343137e-01 1.617647e-01 -6.860797e-06
5.441176e-01 1.617647e-01 -5.315129e-06
5.539216e-01 1.617647e-01 -4.013330e-06
5.637255e-01 1.617647e-01 -2.954607e-06
5.735294e-01 1.617647e-01 -2.121513e-06
5.833333e-01 1.617647e-01 -1.486227e-06
5.931373e-01 1.617647e-01 -1.016147e-06
6.029412e-01 1.617647e-01 -6.782560e-07
6.127451e-01 1.617647e-01 -4.421070e-07
6.225490e-01 1.617647e-01 -2.815040e-07
6.323529e-01 1.617647e-01 -1.751414e-07
6.421569e-01 1.617647e-01 -1.065026e-07
6.519608e-01 1.617647e-01 -6.331647e-08
6.617647e-01 1.617647e-01 -3.681057e-08
6.715686e-01 1.617647e-01 -2.093337e-08
6.813725e-01 1.617647e-01 -1.164742e-08
6.911765e-01 1.617647e-01 -6.342058e-09
7.009804e-01 1.617647e-01 -3.381050e-09
7.107843e-01 1.617647e-01 -1.763118e-09
7.205882e-01 1.617647e-01 -9.045579e-10
7.303922e-01 1.617647e-01 -4.451798e-10
7.401961e-01 1.617647e-01 -2.348907e-10
7.500000e-01 1.617647e-01 -7.955390e-11
7.598039e-01 1.617647e-01 -1.007237e-10
7.696078e-01 1.617647e-01 6.507170e-11
7.794118e-01 1.617647e-01 -1.522465e-10
7.892157e-01 1.617647e-01 2.018842e-10
7.990196e-01 1.617647e-01 -2.692679e-10
8.088235e-01 1.617647e-01 2.949012e-10
8.186275e-01 1.617647e-01 -2.590602e-10
8.284314e-01 1.617647e-01 1.370828e-10
8.382353e-01 1.617647e-01 4.498846e-11
8.480392e-01 1.617647e-01 -2.084788e-10
8.578431e-01 1.617647e-01 2.469366e-10
8.676471e-01 1.617647e-01 -1.090390e-10
8.774510e-01 1.617647e-01 -1.217618e-10
8.872549e-01 1.617647e-01 2.473393e-10
8.970588e-01 1.617647e-01 -1.251413e-10
9.068627e-01 1.617647e-01 -1.402971e-10
9.166667e-01 1.617647e-01 2.432514e-10
9.264706e-01 1.617647e-01 -2.945083e-11
9.362745e-01 1.617647e-01 -2.329380e-10
9.460784e-01 1.617647e-01 1.510163e-10
9.558824e-01 1.617647e-01 1.777950e-10
9.656863e-01 1.617647e-01 -2.131071e-10
9.754902e-01 1.617647e-01 -1.376594e-10
9.852941e-01 1.617647e-01 2.377451e-10
9.950980e-01 1.617647e-01 1.385683e-10
4.901961e-03 1.715686e-01 3.744646e-10
1.470588e-02 1.715686e-01 2.184424e-10
2.450980e-02 1.715686e-01 -3.724161e-10
3.431373e-02 1.715686e-01 -2.955620e-10
4.411765e-02 1.715686e-01 3.059562e-10
5.392157e-02 1.715686e-01 4.271067e-10
6.372549e-02 1.715686e-01 -1.140960e-10
7.352941e-02 1.715686e-01 -5.168765e-10
8.333333e-02 1.715686e-01 -2.362660e-10
9.313725e-02 1.715686e-01 3.603238e-10
1.029412e-01 1.715686e-01 5.750010e-10
1.127451e-01 1.715686e-01 1.918958e-10
1.225490e-01 1.715686e-01 -4.047052e-10
1.323529e-01 1.715686e-01 -7.006066e-10
1.421569e-01 1.715686e-01 -4.904934e-10
1.519608e-01 1.715686e-01 6.252759e-11
1.617647e-01 1.715686e-01 6.437156e-10
1.715686e-01 1.715686e-01 1.015093e-09
1.813725e-01 1.715686e-01 1.102787e-09
1.911765e-01 1.715686e-01 9.504058e-10
2.009804e-01 1.715686e-01 6.114914e-10
2.107843e-01 1.715686e-01 2.685952e-11
2.205882e-01 1.715686e-01 -1.129250e-09
2.303922e-01 1.715686e-01 -3.704657e-09
2.401961e-01 1.715686e-01 -9.532865e-09
2.500000e-01 1.715686e-01 -2.223017e-08
2.598039e-01 1.715686e-01 -4.844666e-08
2.696078e-01 1.715686e-01 -9.964261e-08
2.794118e-01 1.715686e-01 -1.943433e-07
2.892157e-01 1.715686e-01 -3.606204e-07
2.990196e-01 1.715686e-01 -6.382713e-07
3.088235e-01 1.715686e-01 -1.079874e-06
3.186275e-01 1.715686e-01 -1.749698e-06
3.284314e-01 1.715686e-01 -2.719468e-06
3.382353e-01 1.715686e-01 -4.060347e-06
3.480392e-01 1.715686e-01 -5.831261e-06
3.578431e-01 1.715686e-01 -8.064698e-06
3.676471e-01 1.715686e-01 -1.075227e-05
3.774510e-01 1.715686e-01 -1.383309e-05
3.872549e-01 1.715686e-01 -1.718826e-05
3.970588e-01 1.715686e-01 -2.064410e-05
4.068627e-01 1.715686e-01 -2.398520e-05
4.166667e-01 1.715686e-01 -2.697638e-05
4.264706e-01 1.715686e-01 -2.939050e-05
4.362745e-01 1.715686e-01 -3.103744e-05
4.460784e-01 1.715686e-01 -3.178903e-05
4.558824e-01 1.715686e-01 -3.159542e-05
4.656863e-01 1.715686e-01 -3.048996e-05
4.754902e-01 1.715686e-01 -2.858212e-05
4.852941e-01 1.715686e-01 -2.604027e-05
4.950980e-01 1.715686e-01 -2.306799e-05
5.049020e-01 1.715686e-01 -1.987822e-05
5.147059e-01 1.715686e-01 -1.666987e-05
5.245098e-01 1.715686e-01 -1.360973e-05
5.343137e-01 1.715686e-01 -1.082177e-05
5.441176e-01 1.715686e-01 -8.383813e-06
5.539216e-01 1.715686e-01 -6.330482e-06
5.637255e-01 1.715686e-01 -4.660537e-06
5.735294e-01 1.715686e-01 -3.346463e-06
5.833333e-01 1.715686e-01 -2.344389e-06
5.931373e-01 1.715686e-01 -1.602894e-06
6.029412e-01 1.715686e-01 -1.069907e-06
6.127451e-01 1.715686e-01 -6.974026e-07
6.225490e-01 1.715686e-01 -4.440627e-07
6.323529e-01 1.715686e-01 -2.762814e-07
6.421569e-01 1.715686e-01 -1.680065e-07
6.519608e-01 1.715686e-01 -9.988151e-08
6.617647e-01 1.715686e-01 -5.806884e-08
6.715686e-01 1.715686e-01 -3.302261e-08
6.813725e-01 1.715686e-01 -1.837399e-08
6.911765e-01 1.715686e-01 -1.000471e-08
7.009804e-01 1.715686e-01 -5.333663e-09
7.107843e-01 1.715686e-01 -2.781343e-09
7.205882e-01 1.715686e-01 -1.426948e-09
7.303922e-01 1.715686e-01 -7.022705e-10
7.401961e-01 1.715686e-01 -3.705397e-10
7.500000e-01 1.715686e-01 -1.254893e-10
7.598039e-01 1.715686e-01 -1.588955e-10
7.696078e-01 1.715686e-01 1.026577e-10
7.794118e-01 1.715686e-01 -2.401647e-10
7.892157e-01 1.715686e-01 3.184458e-10
7.990196e-01 1.715686e-01 -4.246983e-10
8.088235e-01 1.715686e-01 4.650774e-10
8.186275e-01 1.715686e-01 -4.084939e-10
8.284314e-01 1.715686e-01 2.160914e-10
8.382353e-01 1.715686e-01 7.101242e-11
8.480392e-01 1.715686e-01 -3.287331e-10
8.578431e-01 1.715686e-01 3.892623e-10
8.676471e-01 1.715686e-01 -1.717896e-10
8.774510e-01 1.715686e-01 -1.920144e-10
8.872549e-01 1.715686e-01 3.898297e-10
8.970588e-01 1.715686e-01 -1.971132e-10
9.068627e-01 1.715686e-01 -2.211930e-10
9.166667e-01 1.715686e-01 3.832764e-10
9.264706e-01 1.715686e-01 -4.626634e-11
9.362745e-01 1.715686e-01 -3.670714e-10
9.460784e-01 1.715686e-01 2.378096e-10
9.558824e-01 1.715686e-01 2.802231e-10
9.656863e-01 1.715686e-01 -3.356446e-10
9.754902e-01 1.715686e-01 -2.170072e-10
9.852941e-01 1.715686e-01 3.744646e-10
9.950980e-01 1.715686e-01 2.184424e-10
4.901961e-03 1.813725e-01 4.066122e-10
1.470588e-02 1.813725e-01 2.373536e-10
2.450980e-02 1.813725e-01 -4.043783e-10
3.431373e-02 1.813725e-01 -3.210990e-10
4.411765e-02 1.813725e-01 3.321773e-10
5.392157e-02 1.813725e-01 4.639328e-10
6.372549e-02 1.813725e-01 -1.237821e-10
7.352941e-02 1.813725e-01 -5.613716e-10
8.333333e-02 1.813725e-01 -2.567393e-10
9.313725e-02 1.813725e-01 3.912660e-10
1.029412e-01 1.813725e-01 6.245889e-10
1.127451e-01 1.813725e-01 2.085643e-10
1.225490e-01 1.813725e-01 -4.395131e-10
1.323529e-01 1.813725e-01 -7.610606e-10
1.421569e-01 1.813725e-01 -5.329231e-10
1.519608e-01 1.813725e-01 6.781092e-11
1.617647e-01 1.813725e-01 6.992398e-10
1.715686e-01 1.813725e-01 1.102787e-09
1.813725e-01 1.813725e-01 1.198146e-09
1.911765e-01 1.813725e-01 1.032660e-09
2.009804e-01 1.813725e-01 6.645032e-10
2.107843e-01 1.813725e-01 2.939860e-11
2.205882e-01 1.813725e-01 -1.226541e-09
2.303922e-01 1.813725e-01 -4.024386e-09
2.401961e-01 1.813725e-01 -1.035609e-08
2.500000e-01 1.813725e-01 -2.415050e-08
2.598039e-01 1.813725e-01 -5.263247e-08
2.696078e-01 1.813725e-01 -1.082528e-07
2.794118e-01 1.813725e-01 -2.111379e-07
2.892157e-01 1.813725e-01 -3.917859e-07
2.990196e-01 1.813725e-01 -6.934338e-07
3.088235e-01 1.813725e-01 -1.173205e-06
3.186275e-01 1.813725e-01 -1.900923e-06
3.284314e-01 1.813725e-01 -2.954514e-06
3.382353e-01 1.813725e-01 -4.411295e-06
3.480392e-01 1.813725e-01 -6.335285e-06
3.578431e-01 1.813725e-01 -8.761788e-06
3.676471e-01 1.813725e-01 -1.168169e-05
3.774510e-01 1.813725e-01 -1.502886e-05
3.872549e-01 1.813725e-01 -1.867411e-05
3.970588e-01 1.813725e-01 -2.242876e-05
4.068627e-01 1.813725e-01 -2.605878e-05
4.166667e-01 1.813725e-01 -2.930866e-05
4.264706e-01 1.813725e-01 -3.193162e-05
4.362745e-01 1.813725e-01 -3.372109e-05
4.460784e-01 1.813725e-01 -3.453781e-05
4.558824e-01 1.813725e-01 -3.432760e-05
4.656863e-01 1.813725e-01 -3.312669e-05
4.754902e-01 1.813725e-01 -3.105400e-05
4.852941e-01 1.813725e-01 -2.829246e-05
4.950980e-01 1.813725e-01 -2.506321e-05
5.049020e-01 1.813725e-01 -2.159766e-05
5.147059e-01 1.813725e-01 -1.811187e-05
5.245098e-01 1.813725e-01 -1.478708e-05
5.343137e-01 1.813725e-01 -1.175799e-05
5.441176e-01 1.813725e-01 -9.109157e-06
5.539216e-01 1.813725e-01 -6.878206e-06
5.637255e-01 1.813725e-01 -5.063793e-06
5.735294e-01 1.813725e-01 -3.636031e-06
5.833333e-01 1.813725e-01 -2.547256e-06
5.931373e-01 1.813725e-01 -1.741603e-06
6.029412e-01 1.813725e-01 -1.162496e-06
6.127451e-01 1.813725e-01 -7.577566e-07
6.225490e-01 1.813725e-01 -4.824931e-07
6.323529e-01 1.813725e-01 -3.001919e-07
6.421569e-01 1.813725e-01 -1.825465e-07
6.519608e-01 1.813725e-01 -1.085257e-07
6.617647e-01 1.813725e-01 -6.309429e-08
6.715686e-01 1.813725e-01 -3.588042e-08
6.813725e-01 1.813725e-01 -1.996404e-08
6.911765e-01 1.813725e-01 -1.087046e-08
7.009804e-01 1.813725e-01 -5.795181e-09
7.107843e-01 1.813725e-01 -3.021994e-09
7.205882e-01 1.813725e-01 -1.550402e-09
7.303922e-01 1.813725e-01 -7.630218e-10
7.401961e-01 1.813725e-01 -4.025920e-10
7.500000e-01 1.813725e-01 -1.363380e-10
7.598039e-01 1.813725e-01 -1.726452e-10
7.696078e-01 1.813725e-01 1.115513e-10
7.794118e-01 1.813725e-01 -2.609539e-10
7.892157e-01 1.813725e-01 3.460062e-10
7.990196e-01 1.813725e-01 -4.614360e-10
8.088235e-01 1.813725e-01 5.052820e-10
8.186275e-01 1.813725e-01 -4.437704e-10
8.284314e-01 1.813725e-01 2.347052e-10
8.382353e-01 1.813725e-01 7.721310e-11
8.480392e-01 1.813725e-01 -3.571576e-10
8.578431e-01 1.813725e-01 4.228398e-10
8.676471e-01 1.813725e-01 -1.865332e-10
8.774510e-01 1.813725e-01 -2.086531e-10
8.872549e-01 1.813725e-01 4.234401e-10
8.970588e-01 1.813725e-01 -2.140126e-10
9.068627e-01 1.813725e-01 -2.403368e-10
9.166667e-01 1.813725e-01 4.162620e-10
9.264706e-01 1.813725e-01 -5.013473e-11
9.362745e-01 1.813725e-01 -3.987157e-10
9.460784e-01 1.813725e-01 2.581758e-10
9.558824e-01 1.813725e-01 3.044284e-10
9.656863e-01 1.813725e-01 -3.644457e-10
9.754902e-01 1.813725e-01 -2.357907e-10
9.852941e-01 1.813725e-01 4.066122e-10
9.950980e-01 1.813725e-01 2.373536e-10
4.901961e-03 1.911765e-01 3.503737e-10
1.470588e-02 1.911765e-01 2.045964e-10
2.450980e-02 1.911765e-01 -3.484445e-10
3.431373e-02 1.911765e-01 -2.767625e-10
4.411765e-02 1.911765e-01 2.862123e-10
5.392157e-02 1.911765e-01 3.998404e-10
6.372549e-02 1.911765e-01 -1.066070e-10
7.352941e-02 1.911765e-01 -4.837829e-10
8.333333e-02 1.911765e-01 -2.213258e-10
9.313725e-02 1.911765e-01 3.371412e-10
1.029412e-01 1.911765e-01 5.383049e-10
1.127451e-01 1.911765e-01 1.798283e-10
1.225490e-01 1.911765e-01 -3.787219e-10
1.323529e-01 1.911765e-01 -6.559220e-10
1.421569e-01 1.911765e-01 -4.593814e-10
1.519608e-01 1.911765e-01 5.832960e-11
1.617647e-01 1.911765e-01 6.025507e-10
1.715686e-01 1.911765e-01 9.504058e-10
1.813725e-01 1.911765e-01 1.032660e-09
1.911765e-01 1.911765e-01 8.901257e-10
2.009804e-01 1.911765e-01 5.729892e-10
2.107843e-01 1.911765e-01 2.596212e-11
2.205882e-01 1.911765e-01 -1.055751e-09
2.303922e-01 1.911765e-01 -3.465625e-09
2.401961e-01 1.911765e-01 -8.919840e-09
2.500000e-01 1.911765e-01 -2.080355e-08
2.598039e-01 1.911765e-01 -4.534209e-08
2.696078e-01 1.911765e-01 -9.326427e-08
2.794118e-01 1.911765e-01 -1.819135e-07
2.892157e-01 1.911765e-01 -3.375716e-07
2.990196e-01 1.911765e-01 -5.974992e-07
3.088235e-01 1.911765e-01 -1.010925e-06
3.186275e-01 1.911765e-01 -1.638024e-06
3.284314e-01 1.911765e-01 -2.545957e-06
3.382353e-01 1.911765e-01 -3.801360e-06
3.480392e-01 1.911765e-01 -5.459414e-06
3.578431e-01 1.911765e-01 -7.550553e-06
3.676471e-01 1.911765e-01 -1.006694e-05
3.774510e-01 1.911765e-01 -1.295157e-05
3.872549e-01 1.911765e-01 -1.609314e-05
3.970588e-01 1.911765e-01 -1.932904e-05
4.068627e-01 1.911765e-01 -2.245756e-05
4.166667e-01 1.911765e-01 -2.525852e-05
4.264706e-01 1.911765e-01 -2.751922e-05
4.362745e-01 1.911765e-01 -2.906161e-05
4.460784e-01 1.911765e-01 -2.976566e-05
4.558824e-01 1.911765e-01 -2.958467e-05
4.656863e-01 1.911765e-01 -2.854983e-05
4.754902e-01 1.911765e-01 -2.676364e-05
4.852941e-01 1.911765e-01 -2.438374e-05
4.950980e-01 1.911765e-01 -2.160072e-05
5.049020e-01 1.911765e-01 -1.861400e-05
5.147059e-01 1.911765e-01 -1.560982e-05
5.245098e-01 1.911765e-01 -1.274437e-05
5.343137e-01 1.911765e-01 -1.013375e-05
5.441176e-01 1.911765e-01 -7.850847e-06
5.539216e-01 1.911765e-01 -5.928084e-06
5.637255e-01 1.911765e-01 -4.364313e-06
5.735294e-01 1.911765e-01 -3.133777e-06
5.833333e-01 1.911765e-01 -2.195398e-06
5.931373e-01 1.911765e-01 -1.501032e-06
6.029412e-01 1.911765e-01 -1.001918e-06
6.127451e-01 1.911765e-01 -6.530860e-07
6.225490e-01 1.911765e-01 -4.158447e-07
6.323529e-01 1.911765e-01 -2.587249e-07
6.421569e-01 1.911765e-01 -1.573301e-07
6.519608e-01 1.911765e-01 -9.353398e-08
6.617647e-01 1.911765e-01 -5.437828e-08
6.715686e-01 1.911765e-01 -3.092367e-08
6.813725e-01 1.911765e-01 -1.720599e-08
6.911765e-01 1.911765e-01 -9.368635e-09
7.009804e-01 1.911765e-01 -4.994507e-09
7.107843e-01 1.911765e-01 -2.604449e-09
7.205882e-01 1.911765e-01 -1.336173e-09
7.303922e-01 1.911765e-01 -6.575834e-10
7.401961e-01 1.911765e-01 -3.469572e-10
7.500000e-01 1.911765e-01 -1.174916e-10
7.598039e-01 1.911765e-01 -1.487921e-10
7.696078e-01 1.911765e-01 9.615077e-11
7.794118e-01 1.911765e-01 -2.249128e-10
7.892157e-01 1.911765e-01 2.982205e-10
7.990196e-01 1.911765e-01 -3.976996e-10
8.088235e-01 1.911765e-01 4.354767e-10
8.186275e-01 1.911765e-01 -3.824407e-10
8.284314e-01 1.911765e-01 2.022344e-10
8.382353e-01 1.911765e-01 6.660131e-11
8.480392e-01 1.911765e-01 -3.078510e-10
8.578431e-01 1.911765e-01 3.644135e-10
8.676471e-01 1.911765e-01 -1.607126e-10
8.774510e-01 1.911765e-01 -1.798740e-10
8.872549e-01 1.911765e-01 3.649352e-10
8.970588e-01 1.911765e-01 -1.843918e-10
9.068627e-01 1.911765e-01 -2.071713e-10
9.166667e-01 1.911765e-01 3.587227e-10
9.264706e-01 1.911765e-01 -4.314888e-11
9.362745e-01 1.911765e-01 -3.436292e-10
9.460784e-01 1.911765e-01 2.224430e-10
9.558824e-01 1.911765e-01 2.623904e-10
9.656863e-01 1.911765e-01 -3.140325e-10
9.754902e-01 1.911765e-01 -2.032476e-10
9.852941e-01 1.911765e-01 3.503737e-10
9.950980e-01 1.911765e-01 2.045964e-10
4.901961e-03 2.009804e-01 2.255429e-10
1.470588e-02 2.009804e-01 1.315736e-10
2.450980e-02 2.009804e-01 -2.243124e-10
3.431373e-02 2.009804e-01 -1.780316e-10
4.411765e-02 2.009804e-01 1.842851e-10
5.392157e-02 2.009804e-01 2.572833e-10
6.372549e-02 2.009804e-01 -6.870848e-11
7.352941e-02 2.009804e-01 -3.113727e-10
8.333333e-02 2.009804e-01 -1.423766e-10
9.313725e-02 2.009804e-01 2.170394e-10
1.029412e-01 2.009804e-01 3.464529e-10
1.127451e-01 2.009804e-01 1.157148e-10
1.225490e-01 2.009804e-01 -2.437518e-10
1.323529e-01 2.009804e-01 -4.221522e-10
1.421569e-01 2.009804e-01 -2.956974e-10
1.519608e-01 2.009804e-01 3.742932e-11
1.617647e-01 2.009804e-01 3.876260e-10
1.715686e-01 2.009804e-01 6.114914e-10
1.813725e-01 2.009804e-01 6.645032e-10
1.911765e-01 2.009804e-01 5.729892e-10
2.009804e-01 2.009804e-01 3.693884e-10
2.107843e-01 2.009804e-01 1.842714e-11
2.205882e-01 2.009804e-01 -6.754417e-10
2.303922e-01 2.009804e-01 -2.221755e-09
2.401961e-01 2.009804e-01 -5.723079e-09
2.500000e-01 2.009804e-01 -1.335491e-08
2.598039e-01 2.009804e-01 -2.911899e-08
2.696078e-01 2.009804e-01 -5.991334e-08
2.794118e-01 2.009804e-01 -1.168906e-07
2.892157e-01 2.009804e-01 -2.169536e-07
2.990196e-01 2.009804e-01 -3.840687e-07
3.088235e-01 2.009804e-01 -6.499036e-07
3.186275e-01 2.009804e-01 -1.053172e-06
3.284314e-01 2.009804e-01 -1.637084e-06
3.382353e-01 2.009804e-01 -2.444521e-06
3.480392e-01 2.009804e-01 -3.510997e-06
3.578431e-01 2.009804e-01 -4.856110e-06
3.676471e-01 2.009804e-01 -6.474836e-06
3.774510e-01 2.009804e-01 -8.330528e-06
3.872549e-01 2.009804e-01 -1.035159e-05
3.970588e-01 2.009804e-01 -1.243342e-05
4.068627e-01 2.009804e-01 -1.444625e-05
4.166667e-01 2.009804e-01 -1.624841e-05
4.264706e-01 2.009804e-01 -1.770306e-05
4.362745e-01 2.009804e-01 -1.869562e-05
4.460784e-01 2.009804e-01 -1.914885e-05
4.558824e-01 2.009804e-01 -1.903267e-05
4.656863e-01 2.009804e-01 -1.836716e-05
4.754902e-01 2.009804e-01 -1.721821e-05
4.852941e-01 2.009804e-01 -1.568726e-05
4.950980e-01 2.009804e-01 -1.389691e-05
5.049020e-01 2.009804e-01 -1.197547e-05
5.147059e-01 2.009804e-01 -1.004276e-05
5.245098e-01 2.009804e-01 -8.199271e-06
5.343137e-01 2.009804e-01 -6.519714e-06
5.441176e-01 2.009804e-01 -5.050982e-06
5.539216e-01 2.009804e-01 -3.813945e-06
5.637255e-01 2.009804e-01 -2.807866e-06
5.735294e-01 2.009804e-01 -2.016177e-06
5.833333e-01 2.009804e-01 -1.412452e-06
5.931373e-01 2.009804e-01 -9.657167e-07
6.029412e-01 2.009804e-01 -6.446011e-07
6.127451e-01 2.009804e-01 -4.201728e-07
6.225490e-01 2.009804e-01 -2.675391e-07
6.323529e-01 2.009804e-01 -1.664533e-07
6.421569e-01 2.009804e-01 -1.012195e-07
6.519608e-01 2.009804e-01 -6.017539e-08
6.617647e-01 2.009804e-01 -3.498421e-08
6.715686e-01 2.009804e-01 -1.989456e-08
6.813725e-01 2.009804e-01 -1.106927e-08
6.911765e-01 2.009804e-01 -6.027147e-09
7.009804e-01 2.009804e-01 -3.213094e-09
7.107843e-01 2.009804e-01 -1.675489e-09
7.205882e-01 2.009804e-01 -8.595728e-10
7.303922e-01 2.009804e-01 -4.230236e-10
7.401961e-01 2.009804e-01 -2.231952e-10
7.500000e-01 2.009804e-01 -7.557675e-11
7.598039e-01 2.009804e-01 -9.572111e-11
7.696078e-01 2.009804e-01 6.186657e-11
7.794118e-01 2.009804e-01 -1.447050e-10
7.892157e-01 2.009804e-01 1.918751e-10
7.990196e-01 2.009804e-01 -2.558772e-10
8.088235e-01 2.009804e-01 2.801799e-10
8.186275e-01 2.009804e-01 -2.460476e-10
8.284314e-01 2.009804e-01 1.300894e-10
8.382353e-01 2.009804e-01 4.289636e-11
8.480392e-01 2.009804e-01 -1.981295e-10
8.578431e-01 2.009804e-01 2.345206e-10
8.676471e-01 2.009804e-01 -1.034336e-10
8.774510e-01 2.009804e-01 -1.157496e-10
8.872549e-01 2.009804e-01 2.348665e-10
8.970588e-01 2.009804e-01 -1.187081e-10
9.068627e-01 2.009804e-01 -1.332889e-10
9.166667e-01 2.009804e-01 2.308816e-10
9.264706e-01 2.009804e-01 -2.784287e-11
9.362745e-01 2.009804e-01 -2.211191e-10
9.460784e-01 2.009804e-01 1.432311e-10
9.558824e-01 2.009804e-01 1.687953e-10
9.656863e-01 2.009804e-01 -2.021613e-10
9.754902e-01 2.009804e-01 -1.307106e-10
9.852941e-01 2.009804e-01 2.255429e-10
9.950980e-01 2.009804e-01 1.315736e-10
4.901961e-03 2.107843e-01 1.033937e-11
1.470588e-02 2.107843e-01 5.353034e-12
2.450980e-02 2.107843e-01 -1.034019e-11
3.431373e-02 2.107843e-01 -7.490032e-12
4.411765e-02 2.107843e-01 8.683623e-12
5.392157e-02 2.107843e-01 1.122938e-11
6.372549e-02 2.107843e-01 -3.618899e-12
7.352941e-02 2.107843e-01 -1.399215e-11
8.333333e-02 2.107843e-01 -5.939156e-12
9.313725e-02 2.107843e-01 1.007816e-11
1.029412e-01 2.107843e-01 1.546284e-11
1.127451e-01 2.107843e-01 4.890496e-12
1.225490e-01 2.107843e-01 -1.111779e-11
1.323529e-01 2.107843e-01 -1.891437e-11
1.421569e-01 2.107843e-01 -1.321745e-11
1.519608e-01 2.107843e-01 1.524789e-12
1.617647e-01 2.107843e-01 1.696010e-11
1.715686e-01 2.107843e-01 2.685952e-11
1.813725e-01 2.107843e-01 2.939860e-11
1.911765e-01 2.107843e-01 2.596212e-11
2.009804e-01 2.107843e-01 1.842714e-11
2.107843e-01 2.107843e-01 6.144649e-12
2.205882e-01 2.107843e-01 -1.777835e-11
2.303922e-01 2.107843e-01 -7.274521e-11
2.401961e-01 2.107843e-01 -2.023027e-10
2.500000e-01 2.107843e-01 -4.945238e-10
2.598039e-01 2.107843e-01 -1.114466e-09
2.696078e-01 2.107843e-01 -2.350832e-09
2.794118e-01 2.107843e-01 -4.675882e-09
2.892157e-01 2.107843e-01 -8.812221e-09
2.990196e-01 2.107843e-01 -1.579264e-08
3.088235e-01 2.107843e-01 -2.699126e-08
3.186275e-01 2.107843e-01 -4.409856e-08
3.284314e-01 2.107843e-01 -6.901329e-08
3.382353e-01 2.107843e-01 -1.036335e-07
3.480392e-01 2.107843e-01 -1.495489e-07
3.578431e-01 2.107843e-01 -2.076643e-07
3.676471e-01 2.107843e-01 -2.778141e-07
3.774510e-01 2.107843e-01 -3.584490e-07
3.872549e-01 2.107843e-01 -4.464828e-07
3.970588e-01 2.107843e-01 -5.373709e-07
4.068627e-01 2.107843e-01 -6.254496e-07
4.166667e-01 2.107843e-01 -7.045135e-07
4.264706e-01 2.107843e-01 -7.685498e-07
4.362745e-01 2.107843e-01 -8.125068e-07
4.460784e-01 2.107843e-01 -8.329578e-07
4.558824e-01 2.107843e-01 -8.285391e-07
4.656863e-01 2.107843e-01 -8.000845e-07
4.754902e-01 2.107843e-01 -7.504431e-07
4.852941e-01 2.107843e-01 -6.840275e-07
4.950980e-01 2.107843e-01 -6.061886e-07
5.049020e-01 2.107843e-01 -5.225355e-07
5.147059e-01 2.107843e-01 -4.383129e-07
5.245098e-01 2.107843e-01 -3.579251e-07
5.343137e-01 2.107843e-01 -2.846502e-07
5.441176e-01 2.107843e-01 -2.205502e-07
5.539216e-01 2.107843e-01 -1.665479e-07
5.637255e-01 2.107843e-01 -1.226197e-07
5.735294e-01 2.107843e-01 -8.804799e-08
5.833333e-01 2.107843e-01 -6.168221e-08
5.931373e-01 2.107843e-01 -4.217167e-08
6.029412e-01 2.107843e-01 -2.814730e-08
6.127451e-01 2.107843e-01 -1.834588e-08
6.225490e-01 2.107843e-01 -1.168028e-08
6.323529e-01 2.107843e-01 -7.266150e-09
6.421569e-01 2.107843e-01 -4.417858e-09
6.519608e-01 2.107843e-01 -2.625987e-09
6.617647e-01 2.107843e-01 -1.526373e-09
6.715686e-01 2.107843e-01 -8.678137e-10
6.813725e-01 2.107843e-01 -4.827280e-10
6.911765e-01 2.107843e-01 -2.627683e-10
7.009804e-01 2.107843e-01 -1.400384e-10
7.107843e-01 2.107843e-01 -7.299845e-11
7.205882e-01 2.107843e-01 -3.743533e-11
7.303922e-01 2.107843e-01 -1.841490e-11
7.401961e-01 2.107843e-01 -9.712805e-12
7.500000e-01 2.107843e-01 -3.282482e-12
7.598039e-01 2.107843e-01 -4.170306e-12
7.696078e-01 2.107843e-01 2.708419e-12
7.794118e-01 2.107843e-01 -6.320562e-12
7.892157e-01 2.107843e-01 8.388615e-12
7.990196e-01 2.107843e-01 -1.118748e-11
8.088235e-01 2.107843e-01 1.225605e-11
8.186275e-01 2.107843e-01 -1.076572e-11
8.284314e-01 2.107843e-01 5.683965e-12
8.382353e-01 2.107843e-01 1.923979e-12
8.480392e-01 2.107843e-01 -8.794378e-12
8.578431e-01 2.107843e-01 1.047260e-11
8.676471e-01 2.107843e-01 -4.744762e-12
8.774510e-01 2.107843e-01 -4.999972e-12
8.872549e-01 2.107843e-01 1.048524e-11
8.970588e-01 2.107843e-01 -5.558612e-12
9.068627e-01 2.107843e-01 -5.673469e-12
9.166667e-01 2.107843e-01 1.039306e-11
9.264706e-01 2.107843e-01 -1.663999e-12
9.362745e-01 2.107843e-01 -9.687009e-12
9.460784e-01 2.107843e-01 6.786718e-12
9.558824e-01 2.107843e-01 7.146700e-12
9.656863e-01 2.107843e-01 -9.332655e-12
9.754902e-01 2.107843e-01 -5.340546e-12
9.852941e-01 2.107843e-01 1.033937e-11
9.950980e-01 2.107843e-01 5.353034e-12
4.901961e-03 2.205882e-01 -4.152803e-10
1.470588e-02 2.205882e-01 -2.445745e-10
2.450980e-02 2.205882e-01 4.128171e-10
3.431373e-02 2.205882e-01 3.300932e-10
4.411765e-02 2.205882e-01 -3.384979e-10
5.392157e-02 2.205882e-01 -4.756488e-10
6.372549e-02 2.205882e-01 1.248776e-10
7.352941e-02 2.205882e-01 5.742452e-10
8.333333e-02 2.205882e-01 2.641858e-10
9.313725e-02 2.205882e-01 -3.990965e-10
1.029412e-01 2.205882e-01 -6.392823e-10
1.127451e-01 2.205882e-01 -2.145462e-10
1.225490e-01 2.205882e-01 4.488081e-10
1.323529e-01 2.205882e-01 7.786028e-10
1.421569e-01 2.205882e-01 5.456063e-10
1.519608e-01 2.205882e-01 -6.929399e-11
1.617647e-01 2.205882e-01 -7.159494e-10
1.715686e-01 2.205882e-01 -1.129250e-09
1.813725e-01 2.205882e-01 -1.226541e-09
1.911765e-01 2.205882e-01 -1.055751e-09
2.009804e-01 2.205882e-01 -6.754417e-10
2.107843e-01 2.205882e-01 -1.777835e-11
2.205882e-01 2.205882e-01 1.283421e-09
2.303922e-01 2.205882e-01 4.177972e-09
2.401961e-01 2.205882e-01 1.071641e-08
2.500000e-01 2.205882e-01 2.493818e-08
2.598039e-01 2.205882e-01 5.426453e-08
2.696078e-01 2.205882e-01 1.114753e-07
2.794118e-01 2.205882e-01 2.172167e-07
2.892157e-01 2.205882e-01 4.027593e-07
2.990196e-01 2.205882e-01 7.124180e-07
3.088235e-01 2.205882e-01 1.204720e-06
3.186275e-01 2.205882e-01 1.951185e-06
3.284314e-01 2.205882e-01 3.031605e-06
3.382353e-01 2.205882e-01 4.525127e-06
3.480392e-01 2.205882e-01 6.497249e-06
3.578431e-01 2.205882e-01 8.984041e-06
3.676471e-01 2.205882e-01 1.197607e-05
3.774510e-01 2.205882e-01 1.540550e-05
3.872549e-01 2.205882e-01 1.913995e-05
3.970588e-01 2.205882e-01 2.298610e-05
4.068627e-01 2.205882e-01 2.670422e-05
4.166667e-01 2.205882e-01 3.003264e-05
4.264706e-01 2.205882e-01 3.271863e-05
4.362745e-01 2.205882e-01 3.455067e-05
4.460784e-01 2.205882e-01 3.538619e-05
4.558824e-01 2.205882e-01 3.516977e-05
4.656863e-01 2.205882e-01 3.393857e-05
4.754902e-01 2.205882e-01 3.181446e-05
4.852941e-01 2.205882e-01 2.898484e-05
4.950980e-01 2.205882e-01 2.567626e-05
5.049020e-01 2.205882e-01 2.212573e-05
5.147059e-01 2.205882e-01 1.855457e-05
5.245098e-01 2.205882e-01 1.514843e-05
5.343137e-01 2.205882e-01 1.204527e-05
5.441176e-01 2.205882e-01 9.331689e-06
5.539216e-01 2.205882e-01 7.046220e-06
5.637255e-01 2.205882e-01 5.187477e-06
5.735294e-01 2.205882e-01 3.724836e-06
5.833333e-01 2.205882e-01 2.609466e-06
5.931373e-01 2.205882e-01 1.784134e-06
6.029412e-01 2.205882e-01 1.190883e-06
6.127451e-01 2.205882e-01 7.762596e-07
6.225490e-01 2.205882e-01 4.942738e-07
6.323529e-01 2.205882e-01 3.075208e-07
6.421569e-01 2.205882e-01 1.870028e-07
6.519608e-01 2.205882e-01 1.111747e-07
6.617647e-01 2.205882e-01 6.463418e-08
6.715686e-01 2.205882e-01 3.675601e-08
6.813725e-01 2.205882e-01 2.045116e-08
6.911765e-01 2.205882e-01 1.113566e-08
7.009804e-01 2.205882e-01 5.936544e-09
7.107843e-01 2.205882e-01 3.095701e-09
7.205882e-01 2.205882e-01 1.588211e-09
7.303922e-01 2.205882e-01 7.816282e-10
7.401961e-01 2.205882e-01 4.124078e-10
7.500000e-01 2.205882e-01 1.396613e-10
7.598039e-01 2.205882e-01 1.768593e-10
7.696078e-01 2.205882e-01 -1.142835e-10
7.794118e-01 2.205882e-01 2.673404e-10
7.892157e-01 2.205882e-01 -3.544757e-10
7.990196e-01 2.205882e-01 4.727143e-10
8.088235e-01 2.205882e-01 -5.175922e-10
8.186275e-01 2.205882e-01 4.545113e-10
8.284314e-01 2.205882e-01 -2.402883e-10
8.382353e-01 2.205882e-01 -7.919230e-11
8.480392e-01 2.205882e-01 3.657272e-10
8.578431e-01 2.205882e-01 -4.326330e-10
8.676471e-01 2.205882e-01 1.903352e-10
8.774510e-01 2.205882e-01 2.141818e-10
8.872549e-01 2.205882e-01 -4.333488e-10
8.970588e-01 2.205882e-01 2.181131e-10
9.068627e-01 2.205882e-01 2.469132e-10
9.166667e-01 2.205882e-01 -4.257277e-10
9.264706e-01 2.205882e-01 4.992207e-11
9.362745e-01 2.205882e-01 4.086591e-10
9.460784e-01 2.205882e-01 -2.629580e-10
9.558824e-01 2.205882e-01 -3.128093e-10
9.656863e-01 2.205882e-01 3.720028e-10
9.754902e-01 2.205882e-01 2.428922e-10
9.852941e-01 2.205882e-01 -4.152803e-10
9.950980e-01 2.205882e-01 -2.445745e-10
4.901961e-03 2.303922e-01 -1.363826e-09
1.470588e-02 2.303922e-01 -8.015035e-10
2.450980e-02 2.303922e-01 1.355875e-09
3.431373e-02 2.303922e-01 1.082373e-09
4.411765e-02 2.303922e-01 -1.112234e-09
5.392157e-02 2.303922e-01 -1.560639e-09
6.372549e-02 2.303922e-01 4.112535e-10
7.352941e-02 2.303922e-01 1.885095e-09
8.333333e-02 2.303922e-01 8.661323e-10
9.313725e-02 2.303922e-01 -1.310865e-09
1.029412e-01 2.303922e-01 -2.098255e-09
1.127451e-01 2.303922e-01 -7.035638e-10
1.225490e-01 2.303922e-01 1.473527e-09
1.323529e-01 2.303922e-01 2.555545e-09
1.421569e-01 2.303922e-01 1.790793e-09
1.519608e-01 2.303922e-01 -2.268658e-10
1.617647e-01 2.303922e-01 -2.348550e-09
1.715686e-01 2.303922e-01 -3.704657e-09
1.813725e-01 2.303922e-01 -4.024386e-09
1.911765e-01 2.303922e-01 -3.465625e-09
2.009804e-01 2.303922e-01 -2.221755e-09
2.107843e-01 2.303922e-01 -7.274521e-11
2.205882e-01 2.303922e-01 4.177972e-09
2.303922e-01 2.303922e-01 1.363799e-08
2.401961e-01 2.303922e-01 3.502043e-08
2.500000e-01 2.303922e-01 8.155566e-08
2.598039e-01 2.303922e-01 1.775589e-07
2.696078e-01 2.303922e-01 3.649141e-07
2.794118e-01 2.303922e-01 7.113011e-07
2.892157e-01 2.303922e-01 1.319248e-06
2.990196e-01 2.303922e-01 2.334073e-06
3.088235e-01 2.303922e-01 3.947730e-06
3.186275e-01 2.303922e-01 6.394813e-06
3.284314e-01 2.303922e-01 9.937091e-06
3.382353e-01 2.303922e-01 1.483425e-05
3.480392e-01 2.303922e-01 2.130125e-05
3.578431e-01 2.303922e-01 2.945656e-05
3.676471e-01 2.303922e-01 3.926940e-05
3.774510e-01 2.303922e-01 5.051739e-05
3.872549e-01 2.303922e-01 6.276643e-05
3.970588e-01 2.303922e-01 7.538247e-05
4.068627e-01 2.303922e-01 8.757918e-05
4.166667e-01 2.303922e-01 9.849813e-05
4.264706e-01 2.303922e-01 1.073102e-04
4.362745e-01 2.303922e-01 1.133215e-04
4.460784e-01 2.303922e-01 1.160641e-04
4.558824e-01 2.303922e-01 1.153561e-04
4.656863e-01 2.303922e-01 1.113194e-04
4.754902e-01 2.303922e-01 1.043534e-04
4.852941e-01 2.303922e-01 9.507302e-05
4.950980e-01 2.303922e-01 8.422120e-05
5.049020e-01 2.303922e-01 7.257548e-05
5.147059e-01 2.303922e-01 6.086189e-05
5.245098e-01 2.303922e-01 4.968940e-05
5.343137e-01 2.303922e-01 3.951061e-05
5.441176e-01 2.303922e-01 3.060964e-05
5.539216e-01 2.303922e-01 2.311291e-05
5.637255e-01 2.303922e-01 1.701589e-05
5.735294e-01 2.303922e-01 1.221815e-05
5.833333e-01 2.303922e-01 8.559518e-06
5.931373e-01 2.303922e-01 5.852273e-06
6.029412e-01 2.303922e-01 3.906297e-06
6.127451e-01 2.303922e-01 2.546254e-06
6.225490e-01 2.303922e-01 1.621291e-06
6.323529e-01 2.303922e-01 1.008710e-06
6.421569e-01 2.303922e-01 6.133923e-07
6.519608e-01 2.303922e-01 3.646650e-07
6.617647e-01 2.303922e-01 2.120061e-07
6.715686e-01 2.303922e-01 1.205625e-07
6.813725e-01 2.303922e-01 6.708092e-08
6.911765e-01 2.303922e-01 3.652534e-08
7.009804e-01 2.303922e-01 1.947194e-08
7.107843e-01 2.303922e-01 1.015386e-08
7.205882e-01 2.303922e-01 5.209272e-09
7.303922e-01 2.303922e-01 2.563688e-09
7.401961e-01 2.303922e-01 1.352660e-09
7.500000e-01 2.303922e-01 4.580607e-10
7.598039e-01 2.303922e-01 5.800956e-10
7.696078e-01 2.303922e-01 -3.748866e-10
7.794118e-01 2.303922e-01 8.769289e-10
7.892157e-01 2.303922e-01 -1.162784e-09
7.990196e-01 2.303922e-01 1.550657e-09
8.088235e-01 2.303922e-01 -1.697902e-09
8.186275e-01 2.303922e-01 1.490985e-09
8.284314e-01 2.303922e-01 -7.882066e-10
8.382353e-01 2.303922e-01 -2.599729e-10
8.480392e-01 2.303922e-01 1.200185e-09
8.578431e-01 2.303922e-01 -1.419890e-09
8.676471e-01 2.303922e-01 6.249726e-10
8.774510e-01 2.303922e-01 7.025777e-10
8.872549e-01 2.303922e-01 -1.422326e-09
8.970588e-01 2.303922e-01 7.165261e-10
9.068627e-01 2.303922e-01 8.097566e-10
9.166667e-01 2.303922e-01 -1.397586e-09
9.264706e-01 2.303922e-01 1.649091e-10
9.362745e-01 2.303922e-01 1.340919e-09
9.460784e-01 2.303922e-01 -8.641209e-10
9.558824e-01 2.303922e-01 -1.025804e-09
9.656863e-01 2.303922e-01 1.221856e-09
9.754902e-01 2.303922e-01 7.960443e-10
9.852941e-01 2.303922e-01 -1.363826e-09
9.950980e-01 2.303922e-01 -8.015035e-10
4.901961e-03 2.401961e-01 -3.511287e-09
1.470588e-02 2.401961e-01 -2.061626e-09
2.450980e-02 2.401961e-01 3.490964e-09
3.431373e-02 2.401961e-01 2.784758e-09
4.411765e-02 2.401961e-01 -2.864158e-09
5.392157e-02 2.401961e-01 -4.016341e-09
6.372549e-02 2.401961e-01 1.060071e-09
7.352941e-02 2.401961e-01 4.852361e-09
8.333333e-02 2.401961e-01 2.228213e-09
9.313725e-02 2.401961e-01 -3.375045e-09
1.029412e-01 2.401961e-01 -5.400570e-09
1.127451e-01 2.401961e-01 -1.810138e-09
1.225490e-01 2.401961e-01 3.793095e-09
1.323529e-01 2.401961e-01 6.577450e-09
1.421569e-01 2.401961e-01 4.609061e-09
1.519608e-01 2.401961e-01 -5.833312e-10
1.617647e-01 2.401961e-01 -6.043148e-09
1.715686e-01 2.401961e-01 -9.532865e-09
1.813725e-01 2.401961e-01 -1.035609e-08
1.911765e-01 2.401961e-01 -8.919840e-09
2.009804e-01 2.401961e-01 -5.723079e-09
2.107843e-01 2.401961e-01 -2.023027e-10
2.205882e-01 2.401961e-01 1.071641e-08
2.303922e-01 2.401961e-01 3.502043e-08
2.401961e-01 2.401961e-01 8.996883e-08
2.500000e-01 2.401961e-01 2.095824e-07
2.598039e-01 2.401961e-01 4.563949e-07
2.696078e-01 2.401961e-01 9.381357e-07
2.794118e-01 2.401961e-01 1.828901e-06
2.892157e-01 2.401961e-01 3.392446e-06
2.990196e-01 2.401961e-01 6.002640e-06
3.088235e-01 2.401961e-01 1.015335e-05
3.186275e-01 2.401961e-01 1.644821e-05
3.284314e-01 2.401961e-01 2.556078e-05
3.382353e-01 2.401961e-01 3.815932e-05
3.480392e-01 2.401961e-01 5.479709e-05
3.578431e-01 2.401961e-01 7.577902e-05
3.676471e-01 2.401961e-01 1.010261e-04
3.774510e-01 2.401961e-01 1.299664e-04
3.872549e-01 2.401961e-01 1.614829e-04
3.970588e-01 2.401961e-01 1.939444e-04
4.068627e-01 2.401961e-01 2.253276e-04
4.166667e-01 2.401961e-01 2.534237e-04
4.264706e-01 2.401961e-01 2.760992e-04
4.362745e-01 2.401961e-01 2.915683e-04
4.460784e-01 2.401961e-01 2.986272e-04
4.558824e-01 2.401961e-01 2.968076e-04
4.656863e-01 2.401961e-01 2.864227e-04
4.754902e-01 2.401961e-01 2.685007e-04
4.852941e-01 2.401961e-01 2.446231e-04
4.950980e-01 2.401961e-01 2.167020e-04
5.049020e-01 2.401961e-01 1.867378e-04
5.147059e-01 2.401961e-01 1.565988e-04
5.245098e-01 2.401961e-01 1.278519e-04
5.343137e-01 2.401961e-01 1.016617e-04
5.441176e-01 2.401961e-01 7.875937e-05
5.539216e-01 2.401961e-01 5.947008e-05
5.637255e-01 2.401961e-01 4.378229e-05
5.735294e-01 2.401961e-01 3.143757e-05
5.833333e-01 2.401961e-01 2.202381e-05
5.931373e-01 2.401961e-01 1.505800e-05
6.029412e-01 2.401961e-01 1.005096e-05
6.127451e-01 2.401961e-01 6.551540e-06
6.225490e-01 2.401961e-01 4.171594e-06
6.323529e-01 2.401961e-01 2.595414e-06
6.421569e-01 2.401961e-01 1.578258e-06
6.519608e-01 2.401961e-01 9.382809e-07
6.617647e-01 2.401961e-01 5.454894e-07
6.715686e-01 2.401961e-01 3.102054e-07
6.813725e-01 2.401961e-01 1.725979e-07
6.911765e-01 2.401961e-01 9.397876e-08
7.009804e-01 2.401961e-01 5.010069e-08
7.107843e-01 2.401961e-01 2.612552e-08
7.205882e-01 2.401961e-01 1.340324e-08
7.303922e-01 2.401961e-01 6.596248e-09
7.401961e-01 2.401961e-01 3.480322e-09
7.500000e-01 2.401961e-01 1.178558e-09
7.598039e-01 2.401961e-01 1.492562e-09
7.696078e-01 2.401961e-01 -9.645946e-10
7.794118e-01 2.401961e-01 2.256354e-09
7.892157e-01 2.401961e-01 -2.991906e-09
7.990196e-01 2.401961e-01 3.989967e-09
8.088235e-01 2.401961e-01 -4.368904e-09
8.186275e-01 2.401961e-01 3.836532e-09
8.284314e-01 2.401961e-01 -2.028172e-09
8.382353e-01 2.401961e-01 -6.691144e-10
8.480392e-01 2.401961e-01 3.088755e-09
8.578431e-01 2.401961e-01 -3.654401e-09
8.676471e-01 2.401961e-01 1.608875e-09
8.774510e-01 2.401961e-01 1.807824e-09
8.872549e-01 2.401961e-01 -3.660820e-09
8.970588e-01 2.401961e-01 1.844965e-09
9.068627e-01 2.401961e-01 2.083448e-09
9.166667e-01 2.401961e-01 -3.597519e-09
9.264706e-01 2.401961e-01 4.256552e-10
9.362745e-01 2.401961e-01 3.450964e-09
9.460784e-01 2.401961e-01 -2.225347e-09
9.558824e-01 2.401961e-01 -2.639325e-09
9.656863e-01 2.401961e-01 3.145946e-09
9.754902e-01 2.401961e-01 2.047641e-09
9.852941e-01 2.401961e-01 -3.511287e-09
9.950980e-01 2.401961e-01 -2.061626e-09
4.901961e-03 2.500000e-01 -8.191183e-09
1.470588e-02 2.500000e-01 -4.806029e-09
2.450980e-02 2.500000e-01 8.144035e-09
3.431373e-02 2.500000e-01 6.492973e-09
4.411765e-02 2.500000e-01 -6.682648e-09
5.392157e-02 2.500000e-01 -9.366451e-09
6.372549e-02 2.500000e-01 2.475213e-09
7.352941e-02 2.500000e-01 1.131794e-08
8.333333e-02 2.500000e-01 5.194904e-09
9.313725e-02 2.500000e-01 -7.873651e-09
1.029412e-01 2.500000e-01 -1.259576e-08
1.127451e-01 2.500000e-01 -4.220343e-09
1.225490e-01 2.500000e-01 8.847723e-09
1.323529e-01 2.500000e-01 1.534052e-08
1.421569e-01 2.500000e-01 1.074928e-08
1.519608e-01 2.500000e-01 -1.359968e-09
1.617647e-01 2.500000e-01 -1.409227e-08
1.715686e-01 2.500000e-01 -2.223017e-08
1.813725e-01 2.500000e-01 -2.415050e-08
1.911765e-01 2.500000e-01 -2.080355e-08
2.009804e-01 2.500000e-01 -1.335491e-08
2.107843e-01 2.500000e-01 -4.945238e-10
2.205882e-01 2.500000e-01 2.493818e-08
2.303922e-01 2.500000e-01 8.155566e-08
2.401961e-01 2.500000e-01 2.095824e-07
2.500000e-01 2.500000e-01 4.883180e-07
2.598039e-01 2.500000e-01 1.063536e-06
2.696078e-01 2.500000e-01 2.186387e-06
2.794118e-01 2.500000e-01 4.262766e-06
2.892157e-01 2.500000e-01 7.907640e-06
2.990196e-01 2.500000e-01 1.399274e-05
3.088235e-01 2.500000e-01 2.366967e-05
3.186275e-01 2.500000e-01 3.834596e-05
3.284314e-01 2.500000e-01 5.959235e-05
3.382353e-01 2.500000e-01 8.896723e-05
3.480392e-01 2.500000e-01 1.277609e-04
3.578431e-01 2.500000e-01 1.766846e-04
3.676471e-01 2.500000e-01 2.355544e-04
3.774510e-01 2.500000e-01 3.030366e-04
3.872549e-01 2.500000e-01 3.765272e-04
3.970588e-01 2.500000e-01 4.522221e-04
4.068627e-01 2.500000e-01 5.254036e-04
4.166667e-01 2.500000e-01 5.909207e-04
4.264706e-01 2.500000e-01 6.437985e-04
4.362745e-01 2.500000e-01 6.798726e-04
4.460784e-01 2.500000e-01 6.963356e-04
4.558824e-01 2.500000e-01 6.920953e-04
4.656863e-01 2.500000e-01 6.678818e-04
4.754902e-01 2.500000e-01 6.260926e-04
4.852941e-01 2.500000e-01 5.704157e-04
4.950980e-01 2.500000e-01 5.053095e-04
5.049020e-01 2.500000e-01 4.354390e-04
5.147059e-01 2.500000e-01 3.651606e-04
5.245098e-01 2.500000e-01 2.981280e-04
5.343137e-01 2.500000e-01 2.370572e-04
5.441176e-01 2.500000e-01 1.836529e-04
5.539216e-01 2.500000e-01 1.386736e-04
5.637255e-01 2.500000e-01 1.020924e-04
5.735294e-01 2.500000e-01 7.330673e-05
5.833333e-01 2.500000e-01 5.135552e-05
5.931373e-01 2.500000e-01 3.511248e-05
6.029412e-01 2.500000e-01 2.343697e-05
6.127451e-01 2.500000e-01 1.527696e-05
6.225490e-01 2.500000e-01 9.727364e-06
6.323529e-01 2.500000e-01 6.052008e-06
6.421569e-01 2.500000e-01 3.680190e-06
6.519608e-01 2.500000e-01 2.187887e-06
6.617647e-01 2.500000e-01 1.271973e-06
6.715686e-01 2.500000e-01 7.233368e-07
6.813725e-01 2.500000e-01 4.024633e-07
6.911765e-01 2.500000e-01 2.191393e-07
7.009804e-01 2.500000e-01 1.168245e-07
7.107843e-01 2.500000e-01 6.091929e-08
7.205882e-01 2.500000e-01 3.125355e-08
7.303922e-01 2.500000e-01 1.538106e-08
7.401961e-01 2.500000e-01 8.115374e-09
7.500000e-01 2.500000e-01 2.748149e-09
7.598039e-01 2.500000e-01 3.480338e-09
7.696078e-01 2.500000e-01 -2.249245e-09
7.794118e-01 2.500000e-01 5.261388e-09
7.892157e-01 2.500000e-01 -6.976619e-09
7.990196e-01 2.500000e-01 9.304012e-09
8.088235e-01 2.500000e-01 -1.018777e-08
8.186275e-01 2.500000e-01 8.946484e-09
8.284314e-01 2.500000e-01 -4.729634e-09
8.382353e-01 2.500000e-01 -1.560389e-09
8.480392e-01 2.500000e-01 7.203325e-09
8.578431e-01 2.500000e-01 -8.522990e-09
8.676471e-01 2.500000e-01 3.753056e-09
8.774510e-01 2.500000e-01 4.215439e-09
8.872549e-01 2.500000e-01 -8.538147e-09
8.970588e-01 2.500000e-01 4.304409e-09
9.068627e-01 2.500000e-01 4.857897e-09
9.166667e-01 2.500000e-01 -8.391163e-09
9.264706e-01 2.500000e-01 9.949178e-10
9.362745e-01 2.500000e-01 8.048091e-09
9.460784e-01 2.500000e-01 -5.192383e-09
9.558824e-01 2.500000e-01 -6.154075e-09
9.656863e-01 2.500000e-01 7.339219e-09
9.754902e-01 2.500000e-01 4.773529e-09
9.852941e-01 2.500000e-01 -8.191183e-09
9.950980e-01 2.500000e-01 -4.806029e-09
4.901961e-03 2.598039e-01 -1.785606e-08
1.470588e-02 2.598039e-01 -1.047047e-08
2.450980e-02 2.598039e-01 1.775378e-08
3.431373e-02 2.598039e-01 1.414787e-08
4.411765e-02 2.598039e-01 -1.456968e-08
5.392157e-02 2.598039e-01 -2.041260e-08
6.372549e-02 2.598039e-01 5.400066e-09
7.352941e-02 2.598039e-01 2.466905e-08
8.333333e-02 2.598039e-01 1.131858e-08
9.313725e-02 2.598039e-01 -1.716472e-08
1.029412e-01 2.598039e-01 -2.745271e-08
1.127451e-01 2.598039e-01 -9.195345e-09
1.225490e-01 2.598039e-01 1.928629e-08
1.323529e-01 2.598039e-01 3.343522e-08
1.421569e-01 2.598039e-01 2.342734e-08
1.519608e-01 2.598039e-01 -2.963915e-09
1.617647e-01 2.598039e-01 -3.071180e-08
1.715686e-01 2.598039e-01 -4.844666e-08
1.813725e-01 2.598039e-01 -5.263247e-08
1.911765e-01 2.598039e-01 -4.534209e-08
2.009804e-01 2.598039e-01 -2.911899e-08
2.107843e-01 2.598039e-01 -1.114466e-09
2.205882e-01 2.598039e-01 5.426453e-08
2.303922e-01 2.598039e-01 1.775589e-07
2.401961e-01 2.598039e-01 4.563949e-07
2.500000e-01 2.598039e-01 1.063536e-06
2.598039e-01 2.598039e-01 2.316591e-06
2.696078e-01 2.598039e-01 4.762788e-06
2.794118e-01 2.598039e-01 9.286568e-06
2.892157e-01 2.598039e-01 1.722799e-05
2.990196e-01 2.598039e-01 3.048668e-05
3.088235e-01 2.598039e-01 5.157219e-05
3.186275e-01 2.598039e-01 8.355190e-05
3.284314e-01 2.598039e-01 1.298489e-04
3.382353e-01 2.598039e-01 1.938595e-04
3.480392e-01 2.598039e-01 2.783958e-04
3.578431e-01 2.598039e-01 3.850082e-04
3.676471e-01 2.598039e-01 5.132962e-04
3.774510e-01 2.598039e-01 6.603537e-04
3.872549e-01 2.598039e-01 8.205061e-04
3.970588e-01 2.598039e-01 9.854635e-04
4.068627e-01 2.598039e-01 1.144944e-03
4.166667e-01 2.598039e-01 1.287724e-03
4.264706e-01 2.598039e-01 1.402961e-03
4.362745e-01 2.598039e-01 1.481578e-03
4.460784e-01 2.598039e-01 1.517459e-03
4.558824e-01 2.598039e-01 1.508222e-03
4.656863e-01 2.598039e-01 1.455458e-03
4.754902e-01 2.598039e-01 1.364392e-03
4.852941e-01 2.598039e-01 1.243061e-03
4.950980e-01 2.598039e-01 1.101181e-03
5.049020e-01 2.598039e-01 9.489185e-04
5.147059e-01 2.598039e-01 7.957663e-04
5.245098e-01 2.598039e-01 6.496874e-04
5.343137e-01 2.598039e-01 5.166003e-04
5.441176e-01 2.598039e-01 4.002204e-04
5.539216e-01 2.598039e-01 3.022005e-04
5.637255e-01 2.598039e-01 2.224819e-04
5.735294e-01 2.598039e-01 1.597514e-04
5.833333e-01 2.598039e-01 1.119148e-04
5.931373e-01 2.598039e-01 7.651770e-05
6.029412e-01 2.598039e-01 5.107418e-05
6.127451e-01 2.598039e-01 3.329176e-05
6.225490e-01 2.598039e-01 2.119799e-05
6.323529e-01 2.598039e-01 1.318860e-05
6.421569e-01 2.598039e-01 8.019907e-06
6.519608e-01 2.598039e-01 4.767862e-06
6.617647e-01 2.598039e-01 2.771894e-06
6.715686e-01 2.598039e-01 1.576301e-06
6.813725e-01 2.598039e-01 8.770505e-07
6.911765e-01 2.598039e-01 4.775496e-07
7.009804e-01 2.598039e-01 2.545845e-07
7.107843e-01 2.598039e-01 1.327556e-07
7.205882e-01 2.598039e-01 6.810787e-08
7.303922e-01 2.598039e-01 3.351848e-08
7.401961e-01 2.598039e-01 1.768505e-08
7.500000e-01 2.598039e-01 5.988788e-09
7.598039e-01 2.598039e-01 7.584355e-09
7.696078e-01 2.598039e-01 -4.901552e-09
7.794118e-01 2.598039e-01 1.146566e-08
7.892157e-01 2.598039e-01 -1.520359e-08
7.990196e-01 2.598039e-01 2.027565e-08
8.088235e-01 2.598039e-01 -2.220183e-08
8.186275e-01 2.598039e-01 1.949706e-08
8.284314e-01 2.598039e-01 -1.030762e-08
8.382353e-01 2.598039e-01 -3.400333e-09
8.480392e-01 2.598039e-01 1.569881e-08
8.578431e-01 2.598039e-01 -1.857600e-08
8.676471e-01 2.598039e-01 8.181382e-09
8.774510e-01 2.598039e-01 9.185767e-09
8.872549e-01 2.598039e-01 -1.860915e-08
8.970588e-01 2.598039e-01 9.384265e-09
9.068627e-01 2.598039e-01 1.058532e-08
9.166667e-01 2.598039e-01 -1.828992e-08
9.264706e-01 2.598039e-01 2.172515e-09
9.362745e-01 2.598039e-01 1.753977e-08
9.460784e-01 2.598039e-01 -1.132096e-08
9.558824e-01 2.598039e-01 -1.340981e-08
9.656863e-01 2.598039e-01 1.599944e-08
9.754902e-01 2.598039e-01 1.039986e-08
9.852941e-01 2.598039e-01 -1.785606e-08
9.950980e-01 2.598039e-01 -1.047047e-08
4.901961e-03 2.696078e-01 -3.673284e-08
1.470588e-02 2.696078e-01 -2.152824e-08
2.450980e-02 2.696078e-01 3.652333e-08
3.431373e-02 2.696078e-01 2.909326e-08
4.411765e-02 2.696078e-01 -2.997602e-08
5.392157e-02 2.696078e-01 -4.198233e-08
6.372549e-02 2.696078e-01 1.111673e-08
7.352941e-02 2.696078e-01 5.074298e-08
8.333333e-02 2.696078e-01 2.327355e-08
9.313725e-02 2.696078e-01 -3.531265e-08
1.029412e-01 2.696078e-01 -5.646628e-08
1.127451e-01 2.696078e-01 -1.890775e-08
1.225490e-01 2.696078e-01 3.967434e-08
1.323529e-01 2.696078e-01 6.877246e-08
1.421569e-01 2.696078e-01 4.818489e-08
1.519608e-01 2.696078e-01 -6.097220e-09
1.617647e-01 2.696078e-01 -6.316732e-08
1.715686e-01 2.696078e-01 -9.964261e-08
1.813725e-01 2.696078e-01 -1.082528e-07
1.911765e-01 2.696078e-01 -9.326427e-08
2.009804e-01 2.696078e-01 -5.991334e-08
2.107843e-01 2.696078e-01 -2.350832e-09
2.205882e-01 2.696078e-01 1.114753e-07
2.303922e-01 2.696078e-01 3.649141e-07
2.401961e-01 2.696078e-01 9.381357e-07
2.500000e-01 2.696078e-01 2.186387e-06
2.598039e-01 2.696078e-01 4.762788e-06
2.696078e-01 2.696078e-01 9.792688e-06
2.794118e-01 2.696078e-01 1.909496e-05
2.892157e-01 2.696078e-01 3.542555e-05
2.990196e-01 2.696078e-01 6.269128e-05
3.088235e-01 2.696078e-01 1.060534e-04
3.186275e-01 2.696078e-01 1.718207e-04
3.284314e-01 2.696078e-01 2.670336e-04
3.382353e-01 2.696078e-01 3.986774e-04
3.480392e-01 2.696078e-01 5.725362e-04
3.578431e-01 2.696078e-01 7.917992e-04
3.676471e-01 2.696078e-01 1.055643e-03
3.774510e-01 2.696078e-01 1.358091e-03
3.872549e-01 2.696078e-01 1.687473e-03
3.970588e-01 2.696078e-01 2.026739e-03
4.068627e-01 2.696078e-01 2.354744e-03
4.166667e-01 2.696078e-01 2.648400e-03
4.264706e-01 2.696078e-01 2.885410e-03
4.362745e-01 2.696078e-01 3.047106e-03
4.460784e-01 2.696078e-01 3.120906e-03
4.558824e-01 2.696078e-01 3.101912e-03
4.656863e-01 2.696078e-01 2.993398e-03
4.754902e-01 2.696078e-01 2.806108e-03
4.852941e-01 2.696078e-01 2.556571e-03
4.950980e-01 2.696078e-01 2.264771e-03
5.049020e-01 2.696078e-01 1.951616e-03
5.147059e-01 2.696078e-01 1.636632e-03
5.245098e-01 2.696078e-01 1.336195e-03
5.343137e-01 2.696078e-01 1.062478e-03
5.441176e-01 2.696078e-01 8.231221e-04
5.539216e-01 2.696078e-01 6.215271e-04
5.637255e-01 2.696078e-01 4.575719e-04
5.735294e-01 2.696078e-01 3.285558e-04
5.833333e-01 2.696078e-01 2.301717e-04
5.931373e-01 2.696078e-01 1.573715e-04
6.029412e-01 2.696078e-01 1.050426e-04
6.127451e-01 2.696078e-01 6.847002e-05
6.225490e-01 2.696078e-01 4.359716e-05
6.323529e-01 2.696078e-01 2.712452e-05
6.421569e-01 2.696078e-01 1.649425e-05
6.519608e-01 2.696078e-01 9.805885e-06
6.617647e-01 2.696078e-01 5.700850e-06
6.715686e-01 2.696078e-01 3.241917e-06
6.813725e-01 2.696078e-01 1.803796e-06
6.911765e-01 2.696078e-01 9.821578e-07
7.009804e-01 2.696078e-01 5.235942e-07
7.107843e-01 2.696078e-01 2.730334e-07
7.205882e-01 2.696078e-01 1.400749e-07
7.303922e-01 2.696078e-01 6.893620e-08
7.401961e-01 2.696078e-01 3.637219e-08
7.500000e-01 2.696078e-01 1.231694e-08
7.598039e-01 2.696078e-01 1.559843e-08
7.696078e-01 2.696078e-01 -1.008078e-08
7.794118e-01 2.696078e-01 2.358095e-08
7.892157e-01 2.696078e-01 -3.126872e-08
7.990196e-01 2.696078e-01 4.170052e-08
8.088235e-01 2.696078e-01 -4.566249e-08
8.186275e-01 2.696078e-01 4.010023e-08
8.284314e-01 2.696078e-01 -2.120079e-08
8.382353e-01 2.696078e-01 -6.992707e-09
8.480392e-01 2.696078e-01 3.228866e-08
8.578431e-01 2.696078e-01 -3.820855e-08
8.676471e-01 2.696078e-01 1.683103e-08
8.774510e-01 2.696078e-01 1.889033e-08
8.872549e-01 2.696078e-01 -3.827661e-08
8.970588e-01 2.696078e-01 1.930713e-08
9.068627e-01 2.696078e-01 2.176775e-08
9.166667e-01 2.696078e-01 -3.762185e-08
9.264706e-01 2.696078e-01 4.475921e-09
9.362745e-01 2.696078e-01 3.607440e-08
9.460784e-01 2.696078e-01 -2.329275e-08
9.558824e-01 2.696078e-01 -2.757624e-08
9.656863e-01 2.696078e-01 3.291455e-08
9.754902e-01 2.696078e-01 2.138340e-08
9.852941e-01 2.696078e-01 -3.673284e-08
9.950980e-01 2.696078e-01 -2.152824e-08
4.901961e-03 2.794118e-01 -7.165451e-08
1.470588e-02 2.794118e-01 -4.197581e-08
2.450980e-02 2.794118e-01 7.124740e-08
3.431373e-02 2.794118e-01 5.673288e-08
4.411765e-02 2.794118e-01 -5.848070e-08
5.392157e-02 2.794118e-01 -8.187813e-08
6.372549e-02 2.794118e-01 2.169908e-08
7.352941e-02 2.794118e-01 9.897535e-08
8.333333e-02 2.794118e-01 4.538137e-08
9.313725e-02 2.794118e-01 -6.888839e-08
1.029412e-01 2.794118e-01 -1.101347e-07
1.127451e-01 2.794118e-01 -3.686831e-08
1.225490e-01 2.794118e-01 7.739282e-08
1.323529e-01 2.794118e-01 1.341401e-07
1.421569e-01 2.794118e-01 9.397929e-08
1.519608e-01 2.794118e-01 -1.189539e-08
1.617647e-01 2.794118e-01 -1.232038e-07
1.715686e-01 2.794118e-01 -1.943433e-07
1.813725e-01 2.794118e-01 -2.111379e-07
1.911765e-01 2.794118e-01 -1.819135e-07
2.009804e-01 2.794118e-01 -1.168906e-07
2.107843e-01 2.794118e-01 -4.675882e-09
2.205882e-01 2.794118e-01 2.172167e-07
2.303922e-01 2.794118e-01 7.113011e-07
2.401961e-01 2.794118e-01 1.828901e-06
2.500000e-01 2.794118e-01 4.262766e-06
2.598039e-01 2.794118e-01 9.286568e-06
2.696078e-01 2.794118e-01 1.909496e-05
2.794118e-01 2.794118e-01 3.723521e-05
2.892157e-01 2.794118e-01 6.908218e-05
2.990196e-01 2.794118e-01 1.222554e-04
3.088235e-01 2.794118e-01 2.068213e-04
3.186275e-01 2.794118e-01 3.350842e-04
3.284314e-01 2.794118e-01 5.207755e-04
3.382353e-01 2.794118e-01 7.775199e-04
3.480392e-01 2.794118e-01 1.116599e-03
3.578431e-01 2.794118e-01 1.544233e-03
3.676471e-01 2.794118e-01 2.058817e-03
3.774510e-01 2.794118e-01 2.648696e-03
3.872549e-01 2.794118e-01 3.291106e-03
3.970588e-01 2.794118e-01 3.952797e-03
4.068627e-01 2.794118e-01 4.592526e-03
4.166667e-01 2.794118e-01 5.165265e-03
4.264706e-01 2.794118e-01 5.627523e-03
4.362745e-01 2.794118e-01 5.942895e-03
4.460784e-01 2.794118e-01 6.086836e-03
4.558824e-01 2.794118e-01 6.049797e-03
4.656863e-01 2.794118e-01 5.838160e-03
4.754902e-01 2.794118e-01 5.472881e-03
4.852941e-01 2.794118e-01 4.986199e-03
4.950980e-01 2.794118e-01 4.417088e-03
5.049020e-01 2.794118e-01 3.806326e-03
5.147059e-01 2.794118e-01 3.191997e-03
5.245098e-01 2.794118e-01 2.606041e-03
5.343137e-01 2.794118e-01 2.072198e-03
5.441176e-01 2.794118e-01 1.605371e-03
5.539216e-01 2.794118e-01 1.212191e-03
5.637255e-01 2.794118e-01 8.924218e-04
5.735294e-01 2.794118e-01 6.407960e-04
5.833333e-01 2.794118e-01 4.489133e-04
5.931373e-01 2.794118e-01 3.069278e-04
6.029412e-01 2.794118e-01 2.048686e-04
6.127451e-01 2.794118e-01 1.335397e-04
6.225490e-01 2.794118e-01 8.502921e-05
6.323529e-01 2.794118e-01 5.290198e-05
6.421569e-01 2.794118e-01 3.216935e-05
6.519608e-01 2.794118e-01 1.912478e-05
6.617647e-01 2.794118e-01 1.111858e-05
6.715686e-01 2.794118e-01 6.322831e-06
6.813725e-01 2.794118e-01 3.518010e-06
6.911765e-01 2.794118e-01 1.915539e-06
7.009804e-01 2.794118e-01 1.021185e-06
7.107843e-01 2.794118e-01 5.325072e-07
7.205882e-01 2.794118e-01 2.731934e-07
7.303922e-01 2.794118e-01 1.344489e-07
7.401961e-01 2.794118e-01 7.093809e-08
7.500000e-01 2.794118e-01 2.402227e-08
7.598039e-01 2.794118e-01 3.042215e-08
7.696078e-01 2.794118e-01 -1.966078e-08
7.794118e-01 2.794118e-01 4.599068e-08
7.892157e-01 2.794118e-01 -6.098452e-08
7.990196e-01 2.794118e-01 8.133045e-08
8.088235e-01 2.794118e-01 -8.905840e-08
8.186275e-01 2.794118e-01 7.821112e-08
8.284314e-01 2.794118e-01 -4.135138e-08
8.382353e-01 2.794118e-01 -1.363642e-08
8.480392e-01 2.794118e-01 6.297522e-08
8.578431e-01 2.794118e-01 -7.452530e-08
8.676471e-01 2.794118e-01 3.283394e-08
8.774510e-01 2.794118e-01 3.683864e-08
8.872549e-01 2.794118e-01 -7.465727e-08
8.970588e-01 2.794118e-01 3.766643e-08
9.068627e-01 2.794118e-01 4.244867e-08
9.166667e-01 2.794118e-01 -7.338307e-08
9.264706e-01 2.794118e-01 8.742719e-09
9.362745e-01 2.794118e-01 7.035699e-08
9.460784e-01 2.794118e-01 -4.544343e-08
9.558824e-01 2.794118e-01 -5.377589e-08
9.656863e-01 2.794118e-01 6.420807e-08
9.754902e-01 2.794118e-01 4.169402e-08
9.852941e-01 2.794118e-01 -7.165451e-08
9.950980e-01 2.794118e-01 -4.197581e-08
4.901961e-03 2.892157e-01 -1.329755e-07
1.470588e-02 2.892157e-01 -7.786698e-08
2.450980e-02 2.892157e-01 1.322225e-07
3.431373e-02 2.892157e-01 1.052530e-07
4.411765e-02 2.892157e-01 -1.085387e-07
5.392157e-02 2.892157e-01 -1.519216e-07
6.372549e-02 2.892157e-01 4.029152e-08
7.352941e-02 2.892157e-01 1.836636e-07
8.333333e-02 2.892157e-01 8.418850e-08
9.313725e-02 2.892157e-01 -1.278501e-07
1.029412e-01 2.892157e-01 -2.043655e-07
1.127451e-01 2.892157e-01 -6.839517e-08
1.225490e-01 2.892157e-01 1.436273e-07
1.323529e-01 2.892157e-01 2.489155e-07
1.421569e-01 2.892157e-01 1.743828e-07
1.519608e-01 2.892157e-01 -2.208005e-08
1.617647e-01 2.892157e-01 -2.286190e-07
1.715686e-01 2.892157e-01 -3.606204e-07
1.813725e-01 2.892157e-01 -3.917859e-07
1.911765e-01 2.892157e-01 -3.375716e-07
2.009804e-01 2.892157e-01 -2.169536e-07
2.107843e-01 2.892157e-01 -8.812221e-09
2.205882e-01 2.892157e-01 4.027593e-07
2.303922e-01 2.892157e-01 1.319248e-06
2.401961e-01 2.892157e-01 3.392446e-06
2.500000e-01 2.892157e-01 7.907640e-06
2.598039e-01 2.892157e-01 1.722799e-05
2.696078e-01 2.892157e-01 3.542555e-05
2.794118e-01 2.892157e-01 6.908218e-05
2.892157e-01 2.892157e-01 1.281710e-04
2.990196e-01 2.892157e-01 2.268303e-04
3.088235e-01 2.892157e-01 3.837387e-04
3.186275e-01 2.892157e-01 6.217276e-04
3.284314e-01 2.892157e-01 9.662772e-04
3.382353e-01 2.892157e-01 1.442669e-03
3.480392e-01 2.892157e-01 2.071837e-03
3.578431e-01 2.892157e-01 2.865325e-03
3.676471e-01 2.892157e-01 3.820155e-03
3.774510e-01 2.892157e-01 4.914701e-03
3.872549e-01 2.892157e-01 6.106725e-03
3.970588e-01 2.892157e-01 7.334527e-03
4.068627e-01 2.892157e-01 8.521579e-03
4.166667e-01 2.892157e-01 9.584330e-03
4.264706e-01 2.892157e-01 1.044208e-02
4.362745e-01 2.892157e-01 1.102727e-02
4.460784e-01 2.892157e-01 1.129437e-02
4.558824e-01 2.892157e-01 1.122565e-02
4.656863e-01 2.892157e-01 1.083295e-02
4.754902e-01 2.892157e-01 1.015516e-02
4.852941e-01 2.892157e-01 9.252098e-03
4.950980e-01 2.892157e-01 8.196088e-03
5.049020e-01 2.892157e-01 7.062794e-03
5.147059e-01 2.892157e-01 5.922880e-03
5.245098e-01 2.892157e-01 4.835612e-03
5.343137e-01 2.892157e-01 3.845044e-03
5.441176e-01 2.892157e-01 2.978828e-03
5.539216e-01 2.892157e-01 2.249266e-03
5.637255e-01 2.892157e-01 1.655922e-03
5.735294e-01 2.892157e-01 1.189020e-03
5.833333e-01 2.892157e-01 8.329747e-04
5.931373e-01 2.892157e-01 5.695155e-04
6.029412e-01 2.892157e-01 3.801409e-04
6.127451e-01 2.892157e-01 2.477876e-04
6.225490e-01 2.892157e-01 1.577746e-04
6.323529e-01 2.892157e-01 9.816143e-05
6.421569e-01 2.892157e-01 5.969132e-05
6.519608e-01 2.892157e-01 3.548668e-05
6.617647e-01 2.892157e-01 2.063090e-05
6.715686e-01 2.892157e-01 1.173223e-05
6.813725e-01 2.892157e-01 6.527788e-06
6.911765e-01 2.892157e-01 3.554349e-06
7.009804e-01 2.892157e-01 1.894845e-06
7.107843e-01 2.892157e-01 9.880860e-07
7.205882e-01 2.892157e-01 5.069201e-07
7.303922e-01 2.892157e-01 2.494749e-07
7.401961e-01 2.892157e-01 1.316283e-07
7.500000e-01 2.892157e-01 4.457429e-08
7.598039e-01 2.892157e-01 5.644931e-08
7.696078e-01 2.892157e-01 -3.648101e-08
7.794118e-01 2.892157e-01 8.533700e-08
7.892157e-01 2.892157e-01 -1.131586e-07
7.990196e-01 2.892157e-01 1.509117e-07
8.088235e-01 2.892157e-01 -1.652523e-07
8.186275e-01 2.892157e-01 1.451265e-07
8.284314e-01 2.892157e-01 -7.673336e-08
8.382353e-01 2.892157e-01 -2.529920e-08
8.480392e-01 2.892157e-01 1.168535e-07
8.578431e-01 2.892157e-01 -1.382920e-07
8.676471e-01 2.892157e-01 6.093666e-08
8.774510e-01 2.892157e-01 6.834764e-08
8.872549e-01 2.892157e-01 -1.385348e-07
8.970588e-01 2.892157e-01 6.990823e-08
9.068627e-01 2.892157e-01 7.875387e-08
9.166667e-01 2.892157e-01 -1.361747e-07
9.264706e-01 2.892157e-01 1.624357e-08
9.362745e-01 2.892157e-01 1.305465e-07
9.460784e-01 2.892157e-01 -8.434384e-08
9.558824e-01 2.892157e-01 -9.976915e-08
9.656863e-01 2.892157e-01 1.191595e-07
9.754902e-01 2.892157e-01 7.734527e-08
9.852941e-01 2.892157e-01 -1.329755e-07
9.950980e-01 2.892157e-01 -7.786698e-08
4.901961e-03 2.990196e-01 -2.353749e-07
1.470588e-02 2.990196e-01 -1.377812e-07
2.450980e-02 2.990196e-01 2.340462e-07
3.431373e-02 2.990196e-01 1.862562e-07
4.411765e-02 2.990196e-01 -1.921375e-07
5.392157e-02 2.990196e-01 -2.688696e-07
6.372549e-02 2.990196e-01 7.135401e-08
7.352941e-02 2.990196e-01 3.250761e-07
8.333333e-02 2.990196e-01 1.489731e-07
9.313725e-02 2.990196e-01 -2.263165e-07
1.029412e-01 2.990196e-01 -3.617090e-07
1.127451e-01 2.990196e-01 -1.210255e-07
1.225490e-01 2.990196e-01 2.542367e-07
1.323529e-01 2.990196e-01 4.405694e-07
1.421569e-01 2.990196e-01 3.086351e-07
1.519608e-01 2.990196e-01 -3.909327e-08
1.617647e-01 2.990196e-01 -4.046456e-07
1.715686e-01 2.990196e-01 -6.382713e-07
1.813725e-01 2.990196e-01 -6.934338e-07
1.911765e-01 2.990196e-01 -5.974992e-07
2.009804e-01 2.990196e-01 -3.840687e-07
2.107843e-01 2.990196e-01 -1.579264e-08
2.205882e-01 2.990196e-01 7.124180e-07
2.303922e-01 2.990196e-01 2.334073e-06
2.401961e-01 2.990196e-01 6.002640e-06
2.500000e-01 2.990196e-01 1.399274e-05
2.598039e-01 2.990196e-01 3.048668e-05
2.696078e-01 2.990196e-01 6.269128e-05
2.794118e-01 2.990196e-01 1.222554e-04
2.892157e-01 2.990196e-01 2.268303e-04
2.990196e-01 2.990196e-01 4.014391e-04
3.088235e-01 2.990196e-01 6.791412e-04
3.186275e-01 2.990196e-01 1.100346e-03
3.284314e-01 2.990196e-01 1.710152e-03
3.382353e-01 2.990196e-01 2.553306e-03
3.480392e-01 2.990196e-01 3.666859e-03
3.578431e-01 2.990196e-01 5.071244e-03
3.676471e-01 2.990196e-01 6.761191e-03
3.774510e-01 2.990196e-01 8.698423e-03
3.872549e-01 2.990196e-01 1.080819e-02
3.970588e-01 2.990196e-01 1.298128e-02
4.068627e-01 2.990196e-01 1.508224e-02
4.166667e-01 2.990196e-01 1.696321e-02
4.264706e-01 2.990196e-01 1.848135e-02
4.362745e-01 2.990196e-01 1.951709e-02
4.460784e-01 2.990196e-01 1.998982e-02
4.558824e-01 2.990196e-01 1.986820e-02
4.656863e-01 2.990196e-01 1.917316e-02
4.754902e-01 2.990196e-01 1.797355e-02
4.852941e-01 2.990196e-01 1.637522e-02
4.950980e-01 2.990196e-01 1.450620e-02
5.049020e-01 2.990196e-01 1.250038e-02
5.147059e-01 2.990196e-01 1.048286e-02
5.245098e-01 2.990196e-01 8.558508e-03
5.343137e-01 2.990196e-01 6.805307e-03
5.441176e-01 2.990196e-01 5.272197e-03
5.539216e-01 2.990196e-01 3.980953e-03
5.637255e-01 2.990196e-01 2.930798e-03
5.735294e-01 2.990196e-01 2.104434e-03
5.833333e-01 2.990196e-01 1.474272e-03
5.931373e-01 2.990196e-01 1.007979e-03
6.029412e-01 2.990196e-01 6.728067e-04
6.127451e-01 2.990196e-01 4.385561e-04
6.225490e-01 2.990196e-01 2.792433e-04
6.323529e-01 2.990196e-01 1.737347e-04
6.421569e-01 2.990196e-01 1.056469e-04
6.519608e-01 2.990196e-01 6.280742e-05
6.617647e-01 2.990196e-01 3.651437e-05
6.715686e-01 2.990196e-01 2.076473e-05
6.813725e-01 2.990196e-01 1.155345e-05
6.911765e-01 2.990196e-01 6.290800e-06
7.009804e-01 2.990196e-01 3.353665e-06
7.107843e-01 2.990196e-01 1.748803e-06
7.205882e-01 2.990196e-01 8.971927e-07
7.303922e-01 2.990196e-01 4.415433e-07
7.401961e-01 2.990196e-01 2.329676e-07
7.500000e-01 2.990196e-01 7.889175e-08
7.598039e-01 2.990196e-01 9.990891e-08
7.696078e-01 2.990196e-01 -6.456688e-08
7.794118e-01 2.990196e-01 1.510364e-07
7.892157e-01 2.990196e-01 -2.002774e-07
7.990196e-01 2.990196e-01 2.670967e-07
8.088235e-01 2.990196e-01 -2.924796e-07
8.186275e-01 2.990196e-01 2.568619e-07
8.284314e-01 2.990196e-01 -1.358163e-07
8.382353e-01 2.990196e-01 -4.477004e-08
8.480392e-01 2.990196e-01 2.068165e-07
8.578431e-01 2.990196e-01 -2.447709e-07
8.676471e-01 2.990196e-01 1.078691e-07
8.774510e-01 2.990196e-01 1.209538e-07
8.872549e-01 2.990196e-01 -2.451965e-07
8.970588e-01 2.990196e-01 1.237542e-07
9.068627e-01 2.990196e-01 1.393659e-07
9.166667e-01 2.990196e-01 -2.410251e-07
9.264706e-01 2.990196e-01 2.878164e-08
9.362745e-01 2.990196e-01 2.310432e-07
9.460784e-01 2.990196e-01 -1.493104e-07
9.558824e-01 2.990196e-01 -1.765554e-07
9.656863e-01 2.990196e-01 2.109247e-07
9.754902e-01 2.990196e-01 1.368597e-07
9.852941e-01 2.990196e-01 -2.353749e-07
9.950980e-01 2.990196e-01 -1.377812e-07
4.901961e-03 3.088235e-01 -3.982455e-07
1.470588e-02 3.088235e-01 -2.330496e-07
2.450980e-02 3.088235e-01 3.960036e-07
3.431373e-02 3.088235e-01 3.150676e-07
4.411765e-02 3.088235e-01 -3.251154e-07
5.392157e-02 3.088235e-01 -4.548572e-07
6.372549e-02 3.088235e-01 1.207814e-07
7.352941e-02 3.088235e-01 5.499886e-07
8.333333e-02 3.088235e-01 2.519893e-07
9.313725e-02 3.088235e-01 -3.829418e-07
1.029412e-01 3.088235e-01 -6.119555e-07
1.127451e-01 3.088235e-01 -2.047140e-07
1.225490e-01 3.088235e-01 4.301742e-07
1.323529e-01 3.088235e-01 7.453940e-07
1.421569e-01 3.088235e-01 5.221532e-07
1.519608e-01 3.088235e-01 -6.616299e-08
1.617647e-01 3.088235e-01 -6.846204e-07
1.715686e-01 3.088235e-01 -1.079874e-06
1.813725e-01 3.088235e-01 -1.173205e-06
1.911765e-01 3.088235e-01 -1.010925e-06
2.009804e-01 3.088235e-01 -6.499036e-07
2.107843e-01 3.088235e-01 -2.699126e-08
2.205882e-01 3.088235e-01 1.204720e-06
2.303922e-01 3.088235e-01 3.947730e-06
2.401961e-01 3.088235e-01 1.015335e-05
2.500000e-01 3.088235e-01 2.366967e-05
2.598039e-01 3.088235e-01 5.157219e-05
2.696078e-01 3.088235e-01 1.060534e-04
2.794118e-01 3.088235e-01 2.068213e-04
2.892157e-01 3.088235e-01 3.837387e-04
2.990196e-01 3.088235e-01 6.791412e-04
3.088235e-01 3.088235e-01 1.148961e-03
3.186275e-01 3.088235e-01 1.861565e-03
3.284314e-01 3.088235e-01 2.893254e-03
3.382353e-01 3.088235e-01 4.319733e-03
3.480392e-01 3.088235e-01 6.203691e-03
3.578431e-01 3.088235e-01 8.579697e-03
3.676471e-01 3.088235e-01 1.143884e-02
3.774510e-01 3.088235e-01 1.471635e-02
3.872549e-01 3.088235e-01 1.828576e-02
3.970588e-01 3.088235e-01 2.196232e-02
4.068627e-01 3.088235e-01 2.551686e-02
4.166667e-01 3.088235e-01 2.869919e-02
4.264706e-01 3.088235e-01 3.126766e-02
4.362745e-01 3.088235e-01 3.301998e-02
4.460784e-01 3.088235e-01 3.381978e-02
4.558824e-01 3.088235e-01 3.361401e-02
4.656863e-01 3.088235e-01 3.243811e-02
4.754902e-01 3.088235e-01 3.040853e-02
4.852941e-01 3.088235e-01 2.770441e-02
4.950980e-01 3.088235e-01 2.454229e-02
5.049020e-01 3.088235e-01 2.114875e-02
5.147059e-01 3.088235e-01 1.773540e-02
5.245098e-01 3.088235e-01 1.447969e-02
5.343137e-01 3.088235e-01 1.151354e-02
5.441176e-01 3.088235e-01 8.919749e-03
5.539216e-01 3.088235e-01 6.735160e-03
5.637255e-01 3.088235e-01 4.958458e-03
5.735294e-01 3.088235e-01 3.560377e-03
5.833333e-01 3.088235e-01 2.494240e-03
5.931373e-01 3.088235e-01 1.705344e-03
6.029412e-01 3.088235e-01 1.138285e-03
6.127451e-01 3.088235e-01 7.419689e-04
6.225490e-01 3.088235e-01 4.724363e-04
6.323529e-01 3.088235e-01 2.939321e-04
6.421569e-01 3.088235e-01 1.787382e-04
6.519608e-01 3.088235e-01 1.062604e-04
6.617647e-01 3.088235e-01 6.177666e-05
6.715686e-01 3.088235e-01 3.513071e-05
6.813725e-01 3.088235e-01 1.954667e-05
6.911765e-01 3.088235e-01 1.064307e-05
7.009804e-01 3.088235e-01 5.673888e-06
7.107843e-01 3.088235e-01 2.958707e-06
7.205882e-01 3.088235e-01 1.517914e-06
7.303922e-01 3.088235e-01 7.470242e-07
7.401961e-01 3.088235e-01 3.941460e-07
7.500000e-01 3.088235e-01 1.334731e-07
7.598039e-01 3.088235e-01 1.690305e-07
7.696078e-01 3.088235e-01 -1.092366e-07
7.794118e-01 3.088235e-01 2.555293e-07
7.892157e-01 3.088235e-01 -3.388371e-07
7.990196e-01 3.088235e-01 4.518854e-07
8.088235e-01 3.088235e-01 -4.948314e-07
8.186275e-01 3.088235e-01 4.345759e-07
8.284314e-01 3.088235e-01 -2.297900e-07
8.382353e-01 3.088235e-01 -7.573277e-08
8.480392e-01 3.088235e-01 3.498971e-07
8.578431e-01 3.088235e-01 -4.141254e-07
8.676471e-01 3.088235e-01 1.825233e-07
8.774510e-01 3.088235e-01 2.046119e-07
8.872549e-01 3.088235e-01 -4.148378e-07
8.970588e-01 3.088235e-01 2.094070e-07
9.068627e-01 3.088235e-01 2.357533e-07
9.166667e-01 3.088235e-01 -4.077882e-07
9.264706e-01 3.088235e-01 4.874127e-08
9.362745e-01 3.088235e-01 3.908694e-07
9.460784e-01 3.088235e-01 -2.526523e-07
9.558824e-01 3.088235e-01 -2.986629e-07
9.656863e-01 3.088235e-01 3.568839e-07
9.754902e-01 3.088235e-01 2.314933e-07
9.852941e-01 3.088235e-01 -3.982455e-07
9.950980e-01 3.088235e-01 -2.330496e-07
4.901961e-03 3.186275e-01 -6.452904e-07
1.470588e-02 3.186275e-01 -3.775178e-07
2.450980e-02 3.186275e-01 6.416665e-07
3.431373e-02 3.186275e-01 5.104146e-07
4.411765e-02 3.186275e-01 -5.268323e-07
5.392157e-02 3.186275e-01 -7.369360e-07
6.372549e-02 3.186275e-01 1.957816e-07
7.352941e-02 3.186275e-01 8.911273e-07
8.333333e-02 3.186275e-01 4.082119e-07
9.313725e-02 3.186275e-01 -6.205284e-07
1.029412e-01 3.186275e-01 -9.915158e-07
1.127451e-01 3.186275e-01 -3.316252e-07
1.225490e-01 3.186275e-01 6.970532e-07
1.323529e-01 3.186275e-01 1.207749e-06
1.421569e-01 3.186275e-01 8.460024e-07
1.519608e-01 3.186275e-01 -1.072368e-07
1.617647e-01 3.186275e-01 -1.109293e-06
1.715686e-01 3.186275e-01 -1.749698e-06
1.813725e-01 3.186275e-01 -1.900923e-06
1.911765e-01 3.186275e-01 -1.638024e-06
2.009804e-01 3.186275e-01 -1.053172e-06
2.107843e-01 3.186275e-01 -4.409856e-08
2.205882e-01 3.186275e-01 1.951185e-06
2.303922e-01 3.186275e-01 6.394813e-06
2.401961e-01 3.186275e-01 1.644821e-05
2.500000e-01 3.186275e-01 3.834596e-05
2.598039e-01 3.186275e-01 8.355190e-05
2.696078e-01 3.186275e-01 1.718207e-04
2.794118e-01 3.186275e-01 3.350842e-04
2.892157e-01 3.186275e-01 6.217276e-04
2.990196e-01 3.186275e-01 1.100346e-03
3.088235e-01 3.186275e-01 1.861565e-03
3.186275e-01 3.186275e-01 3.016158e-03
3.284314e-01 3.186275e-01 4.687753e-03
3.382353e-01 3.186275e-01 6.999016e-03
3.480392e-01 3.186275e-01 1.005152e-02
3.578431e-01 3.186275e-01 1.390127e-02
3.676471e-01 3.186275e-01 1.853384e-02
3.774510e-01 3.186275e-01 2.384428e-02
3.872549e-01 3.186275e-01 2.962769e-02
3.970588e-01 3.186275e-01 3.558469e-02
4.068627e-01 3.186275e-01 4.134399e-02
4.166667e-01 3.186275e-01 4.650022e-02
4.264706e-01 3.186275e-01 5.066183e-02
4.362745e-01 3.186275e-01 5.350105e-02
4.460784e-01 3.186275e-01 5.479695e-02
4.558824e-01 3.186275e-01 5.446353e-02
4.656863e-01 3.186275e-01 5.255825e-02
4.754902e-01 3.186275e-01 4.926980e-02
4.852941e-01 3.186275e-01 4.488840e-02
4.950980e-01 3.186275e-01 3.976493e-02
5.049020e-01 3.186275e-01 3.426650e-02
5.147059e-01 3.186275e-01 2.873597e-02
5.245098e-01 3.186275e-01 2.346087e-02
5.343137e-01 3.186275e-01 1.865493e-02
5.441176e-01 3.186275e-01 1.445231e-02
5.539216e-01 3.186275e-01 1.091271e-02
5.637255e-01 3.186275e-01 8.033987e-03
5.735294e-01 3.186275e-01 5.768732e-03
5.833333e-01 3.186275e-01 4.041315e-03
5.931373e-01 3.186275e-01 2.763098e-03
6.029412e-01 3.186275e-01 1.844316e-03
6.127451e-01 3.186275e-01 1.202182e-03
6.225490e-01 3.186275e-01 7.654691e-04
6.323529e-01 3.186275e-01 4.762461e-04
6.421569e-01 3.186275e-01 2.896022e-04
6.519608e-01 3.186275e-01 1.721695e-04
6.617647e-01 3.186275e-01 1.000942e-04
6.715686e-01 3.186275e-01 5.692088e-05
6.813725e-01 3.186275e-01 3.167069e-05
6.911765e-01 3.186275e-01 1.724454e-05
7.009804e-01 3.186275e-01 9.193180e-06
7.107843e-01 3.186275e-01 4.793880e-06
7.205882e-01 3.186275e-01 2.459418e-06
7.303922e-01 3.186275e-01 1.210375e-06
7.401961e-01 3.186275e-01 6.386201e-07
7.500000e-01 3.186275e-01 2.162617e-07
7.598039e-01 3.186275e-01 2.738734e-07
7.696078e-01 3.186275e-01 -1.769907e-07
7.794118e-01 3.186275e-01 4.140223e-07
7.892157e-01 3.186275e-01 -5.490017e-07
7.990196e-01 3.186275e-01 7.321694e-07
8.088235e-01 3.186275e-01 -8.017555e-07
8.186275e-01 3.186275e-01 7.041315e-07
8.284314e-01 3.186275e-01 -3.723329e-07
8.382353e-01 3.186275e-01 -1.226893e-07
8.480392e-01 3.186275e-01 5.669139e-07
8.578431e-01 3.186275e-01 -6.710013e-07
8.676471e-01 3.186275e-01 2.957693e-07
8.774510e-01 3.186275e-01 3.314883e-07
8.872549e-01 3.186275e-01 -6.721427e-07
8.970588e-01 3.186275e-01 3.393381e-07
9.068627e-01 3.186275e-01 3.819313e-07
9.166667e-01 3.186275e-01 -6.607301e-07
9.264706e-01 3.186275e-01 7.903911e-08
9.362745e-01 3.186275e-01 6.332732e-07
9.460784e-01 3.186275e-01 -4.094161e-07
9.558824e-01 3.186275e-01 -4.838461e-07
9.656863e-01 3.186275e-01 5.782813e-07
9.754902e-01 3.186275e-01 3.750002e-07
9.852941e-01 3.186275e-01 -6.452904e-07
9.950980e-01 3.186275e-01 -3.775178e-07
4.901961e-03 3.284314e-01 -1.002960e-06
1.470588e-02 3.284314e-01 -5.866322e-07
2.450980e-02 3.284314e-01 9.973392e-07
3.431373e-02 3.284314e-01 7.931911e-07
4.411765e-02 3.284314e-01 -8.188937e-07
5.392157e-02 3.284314e-01 -1.145290e-06
6.372549e-02 3.284314e-01 3.044016e-07
7.352941e-02 3.284314e-01 1.385010e-06
8.333333e-02 3.284314e-01 6.343470e-07
9.313725e-02 3.284314e-01 -9.645243e-07
1.029412e-01 3.284314e-01 -1.541020e-06
1.127451e-01 3.284314e-01 -5.153304e-07
1.225490e-01 3.284314e-01 1.083459e-06
1.323529e-01 3.284314e-01 1.877137e-06
1.421569e-01 3.284314e-01 1.314849e-06
1.519608e-01 3.284314e-01 -1.667225e-07
1.617647e-01 3.284314e-01 -1.724141e-06
1.715686e-01 3.284314e-01 -2.719468e-06
1.813725e-01 3.284314e-01 -2.954514e-06
1.911765e-01 3.284314e-01 -2.545957e-06
2.009804e-01 3.284314e-01 -1.637084e-06
2.107843e-01 3.284314e-01 -6.901329e-08
2.205882e-01 3.284314e-01 3.031605e-06
2.303922e-01 3.284314e-01 9.937091e-06
2.401961e-01 3.284314e-01 2.556078e-05
2.500000e-01 3.284314e-01 5.959235e-05
2.598039e-01 3.284314e-01 1.298489e-04
2.696078e-01 3.284314e-01 2.670336e-04
2.794118e-01 3.284314e-01 5.207755e-04
2.892157e-01 3.284314e-01 9.662772e-04
2.990196e-01 3.284314e-01 1.710152e-03
3.088235e-01 3.284314e-01 2.893254e-03
3.186275e-01 3.284314e-01 4.687753e-03
3.284314e-01 3.284314e-01 7.285799e-03
3.382353e-01 3.284314e-01 1.087804e-02
3.480392e-01 3.284314e-01 1.562236e-02
3.578431e-01 3.284314e-01 2.160580e-02
3.676471e-01 3.284314e-01 2.880592e-02
3.774510e-01 3.284314e-01 3.705963e-02
3.872549e-01 3.284314e-01 4.604844e-02
3.970588e-01 3.284314e-01 5.530706e-02
4.068627e-01 3.284314e-01 6.425841e-02
4.166667e-01 3.284314e-01 7.227242e-02
4.264706e-01 3.284314e-01 7.874056e-02
4.362745e-01 3.284314e-01 8.315339e-02
4.460784e-01 3.284314e-01 8.516750e-02
4.558824e-01 3.284314e-01 8.464928e-02
4.656863e-01 3.284314e-01 8.168802e-02
4.754902e-01 3.284314e-01 7.657696e-02
4.852941e-01 3.284314e-01 6.976721e-02
4.950980e-01 3.284314e-01 6.180410e-02
5.049020e-01 3.284314e-01 5.325824e-02
5.147059e-01 3.284314e-01 4.466247e-02
5.245098e-01 3.284314e-01 3.646371e-02
5.343137e-01 3.284314e-01 2.899414e-02
5.441176e-01 3.284314e-01 2.246229e-02
5.539216e-01 3.284314e-01 1.696091e-02
5.637255e-01 3.284314e-01 1.248670e-02
5.735294e-01 3.284314e-01 8.965963e-03
5.833333e-01 3.284314e-01 6.281151e-03
5.931373e-01 3.284314e-01 4.294502e-03
6.029412e-01 3.284314e-01 2.866499e-03
6.127451e-01 3.284314e-01 1.868472e-03
6.225490e-01 3.284314e-01 1.189719e-03
6.323529e-01 3.284314e-01 7.401984e-04
6.421569e-01 3.284314e-01 4.501099e-04
6.519608e-01 3.284314e-01 2.675919e-04
6.617647e-01 3.284314e-01 1.555700e-04
6.715686e-01 3.284314e-01 8.846849e-05
6.813725e-01 3.284314e-01 4.922373e-05
6.911765e-01 3.284314e-01 2.680210e-05
7.009804e-01 3.284314e-01 1.428838e-05
7.107843e-01 3.284314e-01 7.450828e-06
7.205882e-01 3.284314e-01 3.822520e-06
7.303922e-01 3.284314e-01 1.881211e-06
7.401961e-01 3.284314e-01 9.925680e-07
7.500000e-01 3.284314e-01 3.361224e-07
7.598039e-01 3.284314e-01 4.256640e-07
7.696078e-01 3.284314e-01 -2.750842e-07
7.794118e-01 3.284314e-01 6.434862e-07
7.892157e-01 3.284314e-01 -8.532742e-07
7.990196e-01 3.284314e-01 1.137959e-06
8.088235e-01 3.284314e-01 -1.246115e-06
8.186275e-01 3.284314e-01 1.094392e-06
8.284314e-01 3.284314e-01 -5.787099e-07
8.382353e-01 3.284314e-01 -1.906629e-07
8.480392e-01 3.284314e-01 8.810987e-07
8.578431e-01 3.284314e-01 -1.042902e-06
8.676471e-01 3.284314e-01 4.597385e-07
8.774510e-01 3.284314e-01 5.151576e-07
8.872549e-01 3.284314e-01 -1.044656e-06
8.970588e-01 3.284314e-01 5.274665e-07
9.068627e-01 3.284314e-01 5.935373e-07
9.166667e-01 3.284314e-01 -1.026929e-06
9.264706e-01 3.284314e-01 1.229324e-07
9.362745e-01 3.284314e-01 9.841947e-07
9.460784e-01 3.284314e-01 -6.363936e-07
9.558824e-01 3.284314e-01 -7.519133e-07
9.656863e-01 3.284314e-01 8.988231e-07
9.754902e-01 3.284314e-01 5.827248e-07
9.852941e-01 3.284314e-01 -1.002960e-06
9.950980e-01 3.284314e-01 -5.866322e-07
4.901961e-03 3.382353e-01 -1.497493e-06
1.470588e-02 3.382353e-01 -8.757117e-07
2.450980e-02 3.382353e-01 1.489117e-06
3.431373e-02 3.382353e-01 1.184120e-06
4.411765e-02 3.382353e-01 -1.222735e-06
5.392157e-02 3.382353e-01 -1.709859e-06
6.372549e-02 3.382353e-01 4.546277e-07
7.352941e-02 3.382353e-01 2.067865e-06
8.333333e-02 3.382353e-01 9.469644e-07
9.313725e-02 3.382353e-01 -1.440178e-06
1.029412e-01 3.382353e-01 -2.300775e-06
1.127451e-01 3.382353e-01 -7.692901e-07
1.225490e-01 3.382353e-01 1.617753e-06
1.323529e-01 3.382353e-01 2.802673e-06
1.421569e-01 3.382353e-01 1.963083e-06
1.519608e-01 3.382353e-01 -2.489957e-07
1.617647e-01 3.382353e-01 -2.574288e-06
1.715686e-01 3.382353e-01 -4.060347e-06
1.813725e-01 3.382353e-01 -4.411295e-06
1.911765e-01 3.382353e-01 -3.801360e-06
2.009804e-01 3.382353e-01 -2.444521e-06
2.107843e-01 3.382353e-01 -1.036335e-07
2.205882e-01 3.382353e-01 4.525127e-06
2.303922e-01 3.382353e-01 1.483425e-05
2.401961e-01 3.382353e-01 3.815932e-05
2.500000e-01 3.382353e-01 8.896723e-05
2.598039e-01 3.382353e-01 1.938595e-04
2.696078e-01 3.382353e-01 3.986774e-04
2.794118e-01 3.382353e-01 7.775199e-04
2.892157e-01 3.382353e-01 1.442669e-03
2.990196e-01 3.382353e-01 2.553306e-03
3.088235e-01 3.382353e-01 4.319733e-03
3.186275e-01 3.382353e-01 6.999016e-03
3.284314e-01 3.382353e-01 1.087804e-02
3.382353e-01 3.382353e-01 1.624148e-02
3.480392e-01 3.382353e-01 2.332502e-02
3.578431e-01 3.382353e-01 3.225867e-02
3.676471e-01 3.382353e-01 4.300890e-02
3.774510e-01 3.382353e-01 5.533221e-02
3.872549e-01 3.382353e-01 6.875306e-02
3.970588e-01 3.382353e-01 8.257675e-02
4.068627e-01 3.382353e-01 9.594166e-02
4.166667e-01 3.382353e-01 1.079071e-01
4.264706e-01 3.382353e-01 1.175644e-01
4.362745e-01 3.382353e-01 1.241530e-01
4.460784e-01 3.382353e-01 1.271602e-01
4.558824e-01 3.382353e-01 1.263864e-01
4.656863e-01 3.382353e-01 1.219650e-01
4.754902e-01 3.382353e-01 1.143339e-01
4.852941e-01 3.382353e-01 1.041665e-01
4.950980e-01 3.382353e-01 9.227711e-02
5.049020e-01 3.382353e-01 7.951763e-02
5.147059e-01 3.382353e-01 6.668364e-02
5.245098e-01 3.382353e-01 5.444241e-02
5.343137e-01 3.382353e-01 4.328991e-02
5.441176e-01 3.382353e-01 3.353747e-02
5.539216e-01 3.382353e-01 2.532360e-02
5.637255e-01 3.382353e-01 1.864335e-02
5.735294e-01 3.382353e-01 1.338669e-02
5.833333e-01 3.382353e-01 9.378115e-03
5.931373e-01 3.382353e-01 6.411935e-03
6.029412e-01 3.382353e-01 4.279846e-03
6.127451e-01 3.382353e-01 2.789736e-03
6.225490e-01 3.382353e-01 1.776318e-03
6.323529e-01 3.382353e-01 1.105159e-03
6.421569e-01 3.382353e-01 6.720400e-04
6.519608e-01 3.382353e-01 3.995302e-04
6.617647e-01 3.382353e-01 2.322751e-04
6.715686e-01 3.382353e-01 1.320886e-04
6.813725e-01 3.382353e-01 7.349393e-05
6.911765e-01 3.382353e-01 4.001713e-05
7.009804e-01 3.382353e-01 2.133340e-05
7.107843e-01 3.382353e-01 1.112453e-05
7.205882e-01 3.382353e-01 5.707252e-06
7.303922e-01 3.382353e-01 2.808761e-06
7.401961e-01 3.382353e-01 1.481964e-06
7.500000e-01 3.382353e-01 5.018510e-07
7.598039e-01 3.382353e-01 6.355416e-07
7.696078e-01 3.382353e-01 -4.107154e-07
7.794118e-01 3.382353e-01 9.607593e-07
7.892157e-01 3.382353e-01 -1.273982e-06
7.990196e-01 3.382353e-01 1.699032e-06
8.088235e-01 3.382353e-01 -1.860516e-06
8.186275e-01 3.382353e-01 1.633994e-06
8.284314e-01 3.382353e-01 -8.640674e-07
8.382353e-01 3.382353e-01 -2.846361e-07
8.480392e-01 3.382353e-01 1.315500e-06
8.578431e-01 3.382353e-01 -1.557115e-06
8.676471e-01 3.382353e-01 6.864681e-07
8.774510e-01 3.382353e-01 7.690855e-07
8.872549e-01 3.382353e-01 -1.559703e-06
8.970588e-01 3.382353e-01 7.876024e-07
9.068627e-01 3.382353e-01 8.860820e-07
9.166667e-01 3.382353e-01 -1.533248e-06
9.264706e-01 3.382353e-01 1.836554e-07
9.362745e-01 3.382353e-01 1.469365e-06
9.460784e-01 3.382353e-01 -9.502447e-07
9.558824e-01 3.382353e-01 -1.122512e-06
9.656863e-01 3.382353e-01 1.342028e-06
9.754902e-01 3.382353e-01 8.698850e-07
9.852941e-01 3.382353e-01 -1.497493e-06
9.950980e-01 3.382353e-01 -8.757117e-07
4.901961e-03 3.480392e-01 -2.150609e-06
1.470588e-02 3.480392e-01 -1.257431e-06
2.450980e-02 3.480392e-01 2.138600e-06
3.431373e-02 3.480392e-01 1.700350e-06
4.411765e-02 3.480392e-01 -1.756101e-06
5.392157e-02 3.480392e-01 -2.455422e-06
6.372549e-02 3.480392e-01 6.530751e-07
7.352941e-02 3.480392e-01 2.969679e-06
8.333333e-02 3.480392e-01 1.359776e-06
9.313725e-02 3.480392e-01 -2.068394e-06
1.029412e-01 3.480392e-01 -3.304147e-06
1.127451e-01 3.480392e-01 -1.104643e-06
1.225490e-01 3.480392e-01 2.323420e-06
1.323529e-01 3.480392e-01 4.025016e-06
1.421569e-01 3.480392e-01 2.819176e-06
1.519608e-01 3.480392e-01 -3.576823e-07
1.617647e-01 3.480392e-01 -3.697095e-06
1.715686e-01 3.480392e-01 -5.831261e-06
1.813725e-01 3.480392e-01 -6.335285e-06
1.911765e-01 3.480392e-01 -5.459414e-06
2.009804e-01 3.480392e-01 -3.510997e-06
2.107843e-01 3.480392e-01 -1.495489e-07
2.205882e-01 3.480392e-01 6.497249e-06
2.303922e-01 3.480392e-01 2.130125e-05
2.401961e-01 3.480392e-01 5.479709e-05
2.500000e-01 3.480392e-01 1.277609e-04
2.598039e-01 3.480392e-01 2.783958e-04
2.696078e-01 3.480392e-01 5.725362e-04
2.794118e-01 3.480392e-01 1.116599e-03
2.892157e-01 3.480392e-01 2.071837e-03
2.990196e-01 3.480392e-01 3.666859e-03
3.088235e-01 3.480392e-01 6.203691e-03
3.186275e-01 3.480392e-01 1.005152e-02
3.284314e-01 3.480392e-01 1.562236e-02
3.382353e-01 3.480392e-01 2.332502e-02
3.480392e-01 3.480392e-01 3.349803e-02
3.578431e-01 3.480392e-01 4.632805e-02
3.676471e-01 3.480392e-01 6.176695e-02
3.774510e-01 3.480392e-01 7.946503e-02
3.872549e-01 3.480392e-01 9.873934e-02
3.970588e-01 3.480392e-01 1.185922e-01
4.068627e-01 3.480392e-01 1.377861e-01
4.166667e-01 3.480392e-01 1.549702e-01
4.264706e-01 3.480392e-01 1.688394e-01
4.362745e-01 3.480392e-01 1.783016e-01
4.460784e-01 3.480392e-01 1.826203e-01
4.558824e-01 3.480392e-01 1.815090e-01
4.656863e-01 3.480392e-01 1.751593e-01
4.754902e-01 3.480392e-01 1.641999e-01
4.852941e-01 3.480392e-01 1.495980e-01
4.950980e-01 3.480392e-01 1.325231e-01
5.049020e-01 3.480392e-01 1.141986e-01
5.147059e-01 3.480392e-01 9.576719e-02
5.245098e-01 3.480392e-01 7.818704e-02
5.343137e-01 3.480392e-01 6.217046e-02
5.441176e-01 3.480392e-01 4.816457e-02
5.539216e-01 3.480392e-01 3.636828e-02
5.637255e-01 3.480392e-01 2.677450e-02
5.735294e-01 3.480392e-01 1.922519e-02
5.833333e-01 3.480392e-01 1.346830e-02
5.931373e-01 3.480392e-01 9.208450e-03
6.029412e-01 3.480392e-01 6.146468e-03
6.127451e-01 3.480392e-01 4.006458e-03
6.225490e-01 3.480392e-01 2.551046e-03
6.323529e-01 3.480392e-01 1.587166e-03
6.421569e-01 3.480392e-01 9.651456e-04
6.519608e-01 3.480392e-01 5.737826e-04
6.617647e-01 3.480392e-01 3.335804e-04
6.715686e-01 3.480392e-01 1.896983e-04
6.813725e-01 3.480392e-01 1.055479e-04
6.911765e-01 3.480392e-01 5.747037e-05
7.009804e-01 3.480392e-01 3.063785e-05
7.107843e-01 3.480392e-01 1.597644e-05
7.205882e-01 3.480392e-01 8.196441e-06
7.303922e-01 3.480392e-01 4.033789e-06
7.401961e-01 3.480392e-01 2.128316e-06
7.500000e-01 3.480392e-01 7.207307e-07
7.598039e-01 3.480392e-01 9.127295e-07
7.696078e-01 3.480392e-01 -5.898448e-07
7.794118e-01 3.480392e-01 1.379784e-06
7.892157e-01 3.480392e-01 -1.829613e-06
7.990196e-01 3.480392e-01 2.440042e-06
8.088235e-01 3.480392e-01 -2.671957e-06
8.186275e-01 3.480392e-01 2.346649e-06
8.284314e-01 3.480392e-01 -1.240946e-06
8.382353e-01 3.480392e-01 -4.087335e-07
8.480392e-01 3.480392e-01 1.889199e-06
8.578431e-01 3.480392e-01 -2.236231e-06
8.676471e-01 3.480392e-01 9.859249e-07
8.774510e-01 3.480392e-01 1.104418e-06
8.872549e-01 3.480392e-01 -2.239906e-06
8.970588e-01 3.480392e-01 1.131180e-06
9.068627e-01 3.480392e-01 1.272402e-06
9.166667e-01 3.480392e-01 -2.201922e-06
9.264706e-01 3.480392e-01 2.638881e-07
9.362745e-01 3.480392e-01 2.110081e-06
9.460784e-01 3.480392e-01 -1.364762e-06
9.558824e-01 3.480392e-01 -1.611900e-06
9.656863e-01 3.480392e-01 1.927362e-06
9.754902e-01 3.480392e-01 1.249073e-06
9.852941e-01 3.480392e-01 -2.150609e-06
9.950980e-01 3.480392e-01 -1.257431e-06
4.901961e-03 3.578431e-01 -2.974274e-06
1.470588e-02 3.578431e-01 -1.738767e-06
2.450980e-02 3.578431e-01 2.957688e-06
3.431373e-02 3.578431e-01 2.351322e-06
4.411765e-02 3.578431e-01 -2.428772e-06
5.392157e-02 3.578431e-01 -3.395627e-06
6.372549e-02 3.578431e-01 9.033944e-07
7.352941e-02 3.578431e-01 4.106972e-06
8.333333e-02 3.578431e-01 1.880329e-06
9.313725e-02 3.578431e-01 -2.860695e-06
1.029412e-01 3.578431e-01 -4.569521e-06
1.127451e-01 3.578431e-01 -1.527522e-06
1.225490e-01 3.578431e-01 3.213408e-06
1.323529e-01 3.578431e-01 5.566579e-06
1.421569e-01 3.578431e-01 3.898819e-06
1.519608e-01 3.578431e-01 -4.947853e-07
1.617647e-01 3.578431e-01 -5.113166e-06
1.715686e-01 3.578431e-01 -8.064698e-06
1.813725e-01 3.578431e-01 -8.761788e-06
1.911765e-01 3.578431e-01 -7.550553e-06
2.009804e-01 3.578431e-01 -4.856110e-06
2.107843e-01 3.578431e-01 -2.076643e-07
2.205882e-01 3.578431e-01 8.984041e-06
2.303922e-01 3.578431e-01 2.945656e-05
2.401961e-01 3.578431e-01 7.577902e-05
2.500000e-01 3.578431e-01 1.766846e-04
2.598039e-01 3.578431e-01 3.850082e-04
2.696078e-01 3.578431e-01 7.917992e-04
2.794118e-01 3.578431e-01 1.544233e-03
2.892157e-01 3.578431e-01 2.865325e-03
2.990196e-01 3.578431e-01 5.071244e-03
3.088235e-01 3.578431e-01 8.579697e-03
3.186275e-01 3.578431e-01 1.390127e-02
3.284314e-01 3.578431e-01 2.160580e-02
3.382353e-01 3.578431e-01 3.225867e-02
3.480392e-01 3.578431e-01 4.632805e-02
3.578431e-01 3.578431e-01 6.407212e-02
3.676471e-01 3.578431e-01 8.542431e-02
3.774510e-01 3.578431e-01 1.099009e-01
3.872549e-01 3.578431e-01 1.365575e-01
3.970588e-01 3.578431e-01 1.640142e-01
4.068627e-01 3.578431e-01 1.905596e-01
4.166667e-01 3.578431e-01 2.143253e-01
4.264706e-01 3.578431e-01 2.335066e-01
4.362745e-01 3.578431e-01 2.465929e-01
4.460784e-01 3.578431e-01 2.525656e-01
4.558824e-01 3.578431e-01 2.510287e-01
4.656863e-01 3.578431e-01 2.422468e-01
4.754902e-01 3.578431e-01 2.270898e-01
4.852941e-01 3.578431e-01 2.068953e-01
4.950980e-01 3.578431e-01 1.832805e-01
5.049020e-01 3.578431e-01 1.579376e-01
5.147059e-01 3.578431e-01 1.324468e-01
5.245098e-01 3.578431e-01 1.081333e-01
5.343137e-01 3.578431e-01 8.598223e-02
5.441176e-01 3.578431e-01 6.661197e-02
5.539216e-01 3.578431e-01 5.029761e-02
5.637255e-01 3.578431e-01 3.702934e-02
5.735294e-01 3.578431e-01 2.658859e-02
5.833333e-01 3.578431e-01 1.862677e-02
5.931373e-01 3.578431e-01 1.273536e-02
6.029412e-01 3.578431e-01 8.500616e-03
6.127451e-01 3.578431e-01 5.540965e-03
6.225490e-01 3.578431e-01 3.528119e-03
6.323529e-01 3.578431e-01 2.195064e-03
6.421569e-01 3.578431e-01 1.334805e-03
6.519608e-01 3.578431e-01 7.935467e-04
6.617647e-01 3.578431e-01 4.613449e-04
6.715686e-01 3.578431e-01 2.623546e-04
6.813725e-01 3.578431e-01 1.459738e-04
6.911765e-01 3.578431e-01 7.948211e-05
7.009804e-01 3.578431e-01 4.237246e-05
7.107843e-01 3.578431e-01 2.209558e-05
7.205882e-01 3.578431e-01 1.133576e-05
7.303922e-01 3.578431e-01 5.578772e-06
7.401961e-01 3.578431e-01 2.943483e-06
7.500000e-01 3.578431e-01 9.967775e-07
7.598039e-01 3.578431e-01 1.262314e-06
7.696078e-01 3.578431e-01 -8.157599e-07
7.794118e-01 3.578431e-01 1.908250e-06
7.892157e-01 3.578431e-01 -2.530362e-06
7.990196e-01 3.578431e-01 3.374584e-06
8.088235e-01 3.578431e-01 -3.695324e-06
8.186275e-01 3.578431e-01 3.245431e-06
8.284314e-01 3.578431e-01 -1.716261e-06
8.382353e-01 3.578431e-01 -5.652275e-07
8.480392e-01 3.578431e-01 2.612713e-06
8.578431e-01 3.578431e-01 -3.092702e-06
8.676471e-01 3.578431e-01 1.363604e-06
8.774510e-01 3.578431e-01 1.527293e-06
8.872549e-01 3.578431e-01 -3.097729e-06
8.970588e-01 3.578431e-01 1.564503e-06
9.068627e-01 3.578431e-01 1.759567e-06
9.166667e-01 3.578431e-01 -3.045203e-06
9.264706e-01 3.578431e-01 3.651114e-07
9.362745e-01 3.578431e-01 2.918072e-06
9.460784e-01 3.578431e-01 -1.887545e-06
9.558824e-01 3.578431e-01 -2.229030e-06
9.656863e-01 3.578431e-01 2.665553e-06
9.754902e-01 3.578431e-01 1.727219e-06
9.852941e-01 3.578431e-01 -2.974274e-06
9.950980e-01 3.578431e-01 -1.738767e-06
4.901961e-03 3.676471e-01 -3.965371e-06
1.470588e-02 3.676471e-01 -2.317887e-06
2.450980e-02 3.676471e-01 3.943286e-06
3.431373e-02 3.676471e-01 3.134562e-06
4.411765e-02 3.676471e-01 -3.238207e-06
5.392157e-02 3.676471e-01 -4.526907e-06
6.372549e-02 3.676471e-01 1.204649e-06
7.352941e-02 3.676471e-01 5.475444e-06
8.333333e-02 3.676471e-01 2.506647e-06
9.313725e-02 3.676471e-01 -3.814097e-06
1.029412e-01 3.676471e-01 -6.092117e-06
1.127451e-01 3.676471e-01 -2.036321e-06
1.225490e-01 3.676471e-01 4.284369e-06
1.323529e-01 3.676471e-01 7.421555e-06
1.421569e-01 3.676471e-01 5.197942e-06
1.519608e-01 3.676471e-01 -6.597962e-07
1.617647e-01 3.676471e-01 -6.817180e-06
1.715686e-01 3.676471e-01 -1.075227e-05
1.813725e-01 3.676471e-01 -1.168169e-05
1.911765e-01 3.676471e-01 -1.006694e-05
2.009804e-01 3.676471e-01 -6.474836e-06
2.107843e-01 3.676471e-01 -2.778141e-07
2.205882e-01 3.676471e-01 1.197607e-05
2.303922e-01 3.676471e-01 3.926940e-05
2.401961e-01 3.676471e-01 1.010261e-04
2.500000e-01 3.676471e-01 2.355544e-04
2.598039e-01 3.676471e-01 5.132962e-04
2.696078e-01 3.676471e-01 1.055643e-03
2.794118e-01 3.676471e-01 2.058817e-03
2.892157e-01 3.676471e-01 3.820155e-03
2.990196e-01 3.676471e-01 6.761191e-03
3.088235e-01 3.676471e-01 1.143884e-02
3.186275e-01 3.676471e-01 1.853384e-02
3.284314e-01 3.676471e-01 2.880592e-02
3.382353e-01 3.676471e-01 4.300890e-02
3.480392e-01 3.676471e-01 6.176695e-02
3.578431e-01 3.676471e-01 8.542431e-02
3.676471e-01 3.676471e-01 1.138922e-01
3.774510e-01 3.676471e-01 1.465257e-01
3.872549e-01 3.676471e-01 1.820657e-01
3.970588e-01 3.676471e-01 2.186724e-01
4.068627e-01 3.676471e-01 2.540641e-01
4.166667e-01 3.676471e-01 2.857497e-01
4.264706e-01 3.676471e-01 3.113232e-01
4.362745e-01 3.676471e-01 3.287704e-01
4.460784e-01 3.676471e-01 3.367335e-01
4.558824e-01 3.676471e-01 3.346843e-01
4.656863e-01 3.676471e-01 3.229759e-01
4.754902e-01 3.676471e-01 3.027677e-01
4.852941e-01 3.676471e-01 2.758433e-01
4.950980e-01 3.676471e-01 2.443589e-01
5.049020e-01 3.676471e-01 2.105704e-01
5.147059e-01 3.676471e-01 1.765847e-01
5.245098e-01 3.676471e-01 1.441687e-01
5.343137e-01 3.676471e-01 1.146358e-01
5.441176e-01 3.676471e-01 8.881043e-02
5.539216e-01 3.676471e-01 6.705931e-02
5.637255e-01 3.676471e-01 4.936939e-02
5.735294e-01 3.676471e-01 3.544925e-02
5.833333e-01 3.676471e-01 2.483416e-02
5.931373e-01 3.676471e-01 1.697943e-02
6.029412e-01 3.676471e-01 1.133345e-02
6.127451e-01 3.676471e-01 7.387498e-03
6.225490e-01 3.676471e-01 4.703869e-03
6.323529e-01 3.676471e-01 2.926573e-03
6.421569e-01 3.676471e-01 1.779631e-03
6.519608e-01 3.676471e-01 1.057998e-03
6.617647e-01 3.676471e-01 6.150892e-04
6.715686e-01 3.676471e-01 3.497849e-04
6.813725e-01 3.676471e-01 1.946199e-04
6.911765e-01 3.676471e-01 1.059697e-04
7.009804e-01 3.676471e-01 5.649320e-05
7.107843e-01 3.676471e-01 2.945899e-05
7.205882e-01 3.676471e-01 1.511344e-05
7.303922e-01 3.676471e-01 7.437912e-06
7.401961e-01 3.676471e-01 3.924407e-06
7.500000e-01 3.676471e-01 1.328955e-06
7.598039e-01 3.676471e-01 1.682984e-06
7.696078e-01 3.676471e-01 -1.087613e-06
7.794118e-01 3.676471e-01 2.544173e-06
7.892157e-01 3.676471e-01 -3.373597e-06
7.990196e-01 3.676471e-01 4.499149e-06
8.088235e-01 3.676471e-01 -4.926772e-06
8.186275e-01 3.676471e-01 4.326962e-06
8.284314e-01 3.676471e-01 -2.288225e-06
8.382353e-01 3.676471e-01 -7.535273e-07
8.480392e-01 3.676471e-01 3.483317e-06
8.578431e-01 3.676471e-01 -4.123303e-06
8.676471e-01 3.676471e-01 1.818086e-06
8.774510e-01 3.676471e-01 2.036113e-06
8.872549e-01 3.676471e-01 -4.129934e-06
8.970588e-01 3.676471e-01 2.085939e-06
9.068627e-01 3.676471e-01 2.345731e-06
9.166667e-01 3.676471e-01 -4.059904e-06
9.264706e-01 3.676471e-01 4.869499e-07
9.362745e-01 3.676471e-01 3.890275e-06
9.460784e-01 3.676471e-01 -2.516623e-06
9.558824e-01 3.676471e-01 -2.971558e-06
9.656863e-01 3.676471e-01 3.553808e-06
9.754902e-01 3.676471e-01 2.302502e-06
9.852941e-01 3.676471e-01 -3.965371e-06
9.950980e-01 3.676471e-01 -2.317887e-06
4.901961e-03 3.774510e-01 -5.101421e-06
1.470588e-02 3.774510e-01 -2.981650e-06
2.450980e-02 3.774510e-01 5.073038e-06
3.431373e-02 3.774510e-01 4.032300e-06
4.411765e-02 3.774510e-01 -4.166053e-06
5.392157e-02 3.774510e-01 -5.823605e-06
6.372549e-02 3.774510e-01 1.550013e-06
7.352941e-02 3.774510e-01 7.044064e-06
8.333333e-02 3.774510e-01 3.224523e-06
9.313725e-02 3.774510e-01 -4.906987e-06
1.029412e-01 3.774510e-01 -7.837415e-06
1.127451e-01 3.774510e-01 -2.619502e-06
1.225490e-01 3.774510e-01 5.512032e-06
1.323529e-01 3.774510e-01 9.547904e-06
1.421569e-01 3.774510e-01 6.687100e-06
1.519608e-01 3.774510e-01 -8.489798e-07
1.617647e-01 3.774510e-01 -8.770532e-06
1.715686e-01 3.774510e-01 -1.383309e-05
1.813725e-01 3.774510e-01 -1.502886e-05
1.911765e-01 3.774510e-01 -1.295157e-05
2.009804e-01 3.774510e-01 -8.330528e-06
2.107843e-01 3.774510e-01 -3.584490e-07
2.205882e-01 3.774510e-01 1.540550e-05
2.303922e-01 3.774510e-01 5.051739e-05
2.401961e-01 3.774510e-01 1.299664e-04
2.500000e-01 3.774510e-01 3.030366e-04
2.598039e-01 3.774510e-01 6.603537e-04
2.696078e-01 3.774510e-01 1.358091e-03
2.794118e-01 3.774510e-01 2.648696e-03
2.892157e-01 3.774510e-01 4.914701e-03
2.990196e-01 3.774510e-01 8.698423e-03
3.088235e-01 3.774510e-01 1.471635e-02
3.186275e-01 3.774510e-01 2.384428e-02
3.284314e-01 3.774510e-01 3.705963e-02
3.382353e-01 3.774510e-01 5.533221e-02
3.480392e-01 3.774510e-01 7.946503e-02
3.578431e-01 3.774510e-01 1.099009e-01
3.676471e-01 3.774510e-01 1.465257e-01
3.774510e-01 3.774510e-01 1.885098e-01
3.872549e-01 3.774510e-01 2.342330e-01
3.970588e-01 3.774510e-01 2.813286e-01
4.068627e-01 3.774510e-01 3.268611e-01
4.166667e-01 3.774510e-01 3.676255e-01
4.264706e-01 3.774510e-01 4.005265e-01
4.362745e-01 3.774510e-01 4.229727e-01
4.460784e-01 3.774510e-01 4.332174e-01
4.558824e-01 3.774510e-01 4.305810e-01
4.656863e-01 3.774510e-01 4.155177e-01
4.754902e-01 3.774510e-01 3.895193e-01
4.852941e-01 3.774510e-01 3.548802e-01
4.950980e-01 3.774510e-01 3.143746e-01
5.049020e-01 3.774510e-01 2.709048e-01
5.147059e-01 3.774510e-01 2.271812e-01
5.245098e-01 3.774510e-01 1.854771e-01
5.343137e-01 3.774510e-01 1.474822e-01
5.441176e-01 3.774510e-01 1.142571e-01
5.539216e-01 3.774510e-01 8.627369e-02
5.637255e-01 3.774510e-01 6.351512e-02
5.735294e-01 3.774510e-01 4.560647e-02
5.833333e-01 3.774510e-01 3.194985e-02
5.931373e-01 3.774510e-01 2.184453e-02
6.029412e-01 3.774510e-01 1.458082e-02
6.127451e-01 3.774510e-01 9.504232e-03
6.225490e-01 3.774510e-01 6.051666e-03
6.323529e-01 3.774510e-01 3.765122e-03
6.421569e-01 3.774510e-01 2.289549e-03
6.519608e-01 3.774510e-01 1.361146e-03
6.617647e-01 3.774510e-01 7.913306e-04
6.715686e-01 3.774510e-01 4.500088e-04
6.813725e-01 3.774510e-01 2.503844e-04
6.911765e-01 3.774510e-01 1.363333e-04
7.009804e-01 3.774510e-01 7.268021e-05
7.107843e-01 3.774510e-01 3.789988e-05
7.205882e-01 3.774510e-01 1.944389e-05
7.303922e-01 3.774510e-01 9.569095e-06
7.401961e-01 3.774510e-01 5.048866e-06
7.500000e-01 3.774510e-01 1.709737e-06
7.598039e-01 3.774510e-01 2.165210e-06
7.696078e-01 3.774510e-01 -1.399248e-06
7.794118e-01 3.774510e-01 3.273150e-06
7.892157e-01 3.774510e-01 -4.340220e-06
7.990196e-01 3.774510e-01 5.788261e-06
8.088235e-01 3.774510e-01 -6.338402e-06
8.186275e-01 3.774510e-01 5.566737e-06
8.284314e-01 3.774510e-01 -2.943880e-06
8.382353e-01 3.774510e-01 -9.693661e-07
8.480392e-01 3.774510e-01 4.481281e-06
8.578431e-01 3.774510e-01 -5.304676e-06
8.676471e-01 3.774510e-01 2.339070e-06
8.774510e-01 3.774510e-01 2.619342e-06
8.872549e-01 3.774510e-01 -5.313120e-06
8.970588e-01 3.774510e-01 2.683668e-06
9.068627e-01 3.774510e-01 3.017600e-06
9.166667e-01 3.774510e-01 -5.223015e-06
9.264706e-01 3.774510e-01 6.266430e-07
9.362745e-01 3.774510e-01 5.004642e-06
9.460784e-01 3.774510e-01 -3.237729e-06
9.558824e-01 3.774510e-01 -3.822639e-06
9.656863e-01 3.774510e-01 4.571982e-06
9.754902e-01 3.774510e-01 2.961872e-06
9.852941e-01 3.774510e-01 -5.101421e-06
9.950980e-01 3.774510e-01 -2.981650e-06
4.901961e-03 3.872549e-01 -6.338555e-06
1.470588e-02 3.872549e-01 -3.704429e-06
2.450980e-02 3.872549e-01 6.303319e-06
3.431373e-02 3.872549e-01 5.009875e-06
4.411765e-02 3.872549e-01 -5.176480e-06
5.392157e-02 3.872549e-01 -7.235653e-06
6.372549e-02 3.872549e-01 1.926148e-06
7.352941e-02 3.872549e-01 8.752268e-06
8.333333e-02 3.872549e-01 4.006243e-06
9.313725e-02 3.872549e-01 -6.097172e-06
1.029412e-01 3.872549e-01 -9.738040e-06
1.127451e-01 3.872549e-01 -3.254552e-06
1.225490e-01 3.872549e-01 6.849010e-06
1.323529e-01 3.872549e-01 1.186355e-05
1.421569e-01 3.872549e-01 8.308817e-06
1.519608e-01 3.872549e-01 -1.055034e-06
1.617647e-01 3.872549e-01 -1.089783e-05
1.715686e-01 3.872549e-01 -1.718826e-05
1.813725e-01 3.872549e-01 -1.867411e-05
1.911765e-01 3.872549e-01 -1.609314e-05
2.009804e-01 3.872549e-01 -1.035159e-05
2.107843e-01 3.872549e-01 -4.464828e-07
2.205882e-01 3.872549e-01 1.913995e-05
2.303922e-01 3.872549e-01 6.276643e-05
2.401961e-01 3.872549e-01 1.614829e-04
2.500000e-01 3.872549e-01 3.765272e-04
2.598039e-01 3.872549e-01 8.205061e-04
2.696078e-01 3.872549e-01 1.687473e-03
2.794118e-01 3.872549e-01 3.291106e-03
2.892157e-01 3.872549e-01 6.106725e-03
2.990196e-01 3.872549e-01 1.080819e-02
3.088235e-01 3.872549e-01 1.828576e-02
3.186275e-01 3.872549e-01 2.962769e-02
3.284314e-01 3.872549e-01 4.604844e-02
3.382353e-01 3.872549e-01 6.875306e-02
3.480392e-01 3.872549e-01 9.873934e-02
3.578431e-01 3.872549e-01 1.365575e-01
3.676471e-01 3.872549e-01 1.820657e-01
3.774510e-01 3.872549e-01 2.342330e-01
3.872549e-01 3.872549e-01 2.910464e-01
3.970588e-01 3.872549e-01 3.495650e-01
4.068627e-01 3.872549e-01 4.061413e-01
4.166667e-01 3.872549e-01 4.567931e-01
4.264706e-01 3.872549e-01 4.976741e-01
4.362745e-01 3.872549e-01 5.255646e-01
4.460784e-01 3.872549e-01 5.382941e-01
4.558824e-01 3.872549e-01 5.350181e-01
4.656863e-01 3.872549e-01 5.163012e-01
4.754902e-01 3.872549e-01 4.839968e-01
4.852941e-01 3.872549e-01 4.409560e-01
4.950980e-01 3.872549e-01 3.906258e-01
5.049020e-01 3.872549e-01 3.366124e-01
5.147059e-01 3.872549e-01 2.822837e-01
5.245098e-01 3.872549e-01 2.304644e-01
5.343137e-01 3.872549e-01 1.832539e-01
5.441176e-01 3.872549e-01 1.419701e-01
5.539216e-01 3.872549e-01 1.071993e-01
5.637255e-01 3.872549e-01 7.892066e-02
5.735294e-01 3.872549e-01 5.666829e-02
5.833333e-01 3.872549e-01 3.969928e-02
5.931373e-01 3.872549e-01 2.714291e-02
6.029412e-01 3.872549e-01 1.811739e-02
6.127451e-01 3.872549e-01 1.180948e-02
6.225490e-01 3.872549e-01 7.519498e-03
6.323529e-01 3.872549e-01 4.678354e-03
6.421569e-01 3.872549e-01 2.844880e-03
6.519608e-01 3.872549e-01 1.691292e-03
6.617647e-01 3.872549e-01 9.832685e-04
6.715686e-01 3.872549e-01 5.591587e-04
6.813725e-01 3.872549e-01 3.111153e-04
6.911765e-01 3.872549e-01 1.694010e-04
7.009804e-01 3.872549e-01 9.030885e-05
7.107843e-01 3.872549e-01 4.709251e-05
7.205882e-01 3.872549e-01 2.416001e-05
7.303922e-01 3.872549e-01 1.189008e-05
7.401961e-01 3.872549e-01 6.273467e-06
7.500000e-01 3.872549e-01 2.124429e-06
7.598039e-01 3.872549e-01 2.690383e-06
7.696078e-01 3.872549e-01 -1.738639e-06
7.794118e-01 3.872549e-01 4.067050e-06
7.892157e-01 3.872549e-01 -5.392928e-06
7.990196e-01 3.872549e-01 7.192175e-06
8.088235e-01 3.872549e-01 -7.875738e-06
8.186275e-01 3.872549e-01 6.916910e-06
8.284314e-01 3.872549e-01 -3.657919e-06
8.382353e-01 3.872549e-01 -1.204415e-06
8.480392e-01 3.872549e-01 5.568087e-06
8.578431e-01 3.872549e-01 -6.591220e-06
8.676471e-01 3.872549e-01 2.906444e-06
8.774510e-01 3.872549e-01 3.254468e-06
8.872549e-01 3.872549e-01 -6.601611e-06
8.970588e-01 3.872549e-01 3.334611e-06
9.068627e-01 3.872549e-01 3.749237e-06
9.166667e-01 3.872549e-01 -6.489629e-06
9.264706e-01 3.872549e-01 7.787941e-07
9.362745e-01 3.872549e-01 6.218146e-06
9.460784e-01 3.872549e-01 -4.023018e-06
9.558824e-01 3.872549e-01 -4.749413e-06
9.656863e-01 3.872549e-01 5.680757e-06
9.754902e-01 3.872549e-01 3.679870e-06
9.852941e-01 3.872549e-01 -6.338555e-06
9.950980e-01 3.872549e-01 -3.704429e-06
4.901961e-03 3.970588e-01 -7.612704e-06
1.470588e-02 3.970588e-01 -4.448804e-06
2.450980e-02 3.970588e-01 7.570415e-06
3.431373e-02 3.970588e-01 6.016672e-06
4.411765e-02 3.970588e-01 -6.217158e-06
5.392157e-02 3.970588e-01 -8.689937e-06
6.372549e-02 3.970588e-01 2.313569e-06
7.352941e-02 3.970588e-01 1.051160e-05
8.333333e-02 3.970588e-01 4.811337e-06
9.313725e-02 3.970588e-01 -7.323021e-06
1.029412e-01 3.970588e-01 -1.169558e-05
1.127451e-01 3.970588e-01 -3.908599e-06
1.225490e-01 3.970588e-01 8.226075e-06
1.323529e-01 3.970588e-01 1.424861e-05
1.421569e-01 3.970588e-01 9.979140e-06
1.519608e-01 3.970588e-01 -1.267287e-06
1.617647e-01 3.970588e-01 -1.308896e-05
1.715686e-01 3.970588e-01 -2.064410e-05
1.813725e-01 3.970588e-01 -2.242876e-05
1.911765e-01 3.970588e-01 -1.932904e-05
2.009804e-01 3.970588e-01 -1.243342e-05
2.107843e-01 3.970588e-01 -5.373709e-07
2.205882e-01 3.970588e-01 2.298610e-05
2.303922e-01 3.970588e-01 7.538247e-05
2.401961e-01 3.970588e-01 1.939444e-04
2.500000e-01 3.970588e-01 4.522221e-04
2.598039e-01 3.970588e-01 9.854635e-04
2.696078e-01 3.970588e-01 2.026739e-03
2.794118e-01 3.970588e-01 3.952797e-03
2.892157e-01 3.970588e-01 7.334527e-03
2.990196e-01 3.970588e-01 1.298128e-02
3.088235e-01 3.970588e-01 2.196232e-02
3.186275e-01 3.970588e-01 3.558469e-02
3.284314e-01 3.970588e-01 5.530706e-02
3.382353e-01 3.970588e-01 8.257675e-02
3.480392e-01 3.970588e-01 1.185922e-01
3.578431e-01 3.970588e-01 1.640142e-01
3.676471e-01 3.970588e-01 2.186724e-01
3.774510e-01 3.970588e-01 2.813286e-01
3.872549e-01 3.970588e-01 3.495650e-01
3.970588e-01 3.970588e-01 4.198495e-01
4.068627e-01 3.970588e-01 4.878011e-01
4.166667e-01 3.970588e-01 5.486369e-01
4.264706e-01 3.970588e-01 5.977374e-01
4.362745e-01 3.970588e-01 6.312355e-01
4.460784e-01 3.970588e-01 6.465243e-01
4.558824e-01 3.970588e-01 6.425896e-01
4.656863e-01 3.970588e-01 6.201093e-01
4.754902e-01 3.970588e-01 5.813098e-01
4.852941e-01 3.970588e-01 5.296152e-01
4.950980e-01 3.970588e-01 4.691655e-01
5.049020e-01 3.970588e-01 4.042921e-01
5.147059e-01 3.970588e-01 3.390400e-01
5.245098e-01 3.970588e-01 2.768018e-01
5.343137e-01 3.970588e-01 2.200991e-01
5.441176e-01 3.970588e-01 1.705148e-01
5.539216e-01 3.970588e-01 1.287530e-01
5.637255e-01 3.970588e-01 9.478858e-02
5.735294e-01 3.970588e-01 6.806212e-02
5.833333e-01 3.970588e-01 4.768129e-02
5.931373e-01 3.970588e-01 3.260032e-02
6.029412e-01 3.970588e-01 2.176012e-02
6.127451e-01 3.970588e-01 1.418393e-02
6.225490e-01 3.970588e-01 9.031388e-03
6.323529e-01 3.970588e-01 5.618997e-03
6.421569e-01 3.970588e-01 3.416879e-03
6.519608e-01 3.970588e-01 2.031348e-03
6.617647e-01 3.970588e-01 1.180967e-03
6.715686e-01 3.970588e-01 6.715848e-04
6.813725e-01 3.970588e-01 3.736690e-04
6.911765e-01 3.970588e-01 2.034612e-04
7.009804e-01 3.970588e-01 1.084666e-04
7.107843e-01 3.970588e-01 5.656104e-05
7.205882e-01 3.970588e-01 2.901767e-05
7.303922e-01 3.970588e-01 1.428071e-05
7.401961e-01 3.970588e-01 7.534818e-06
7.500000e-01 3.970588e-01 2.551563e-06
7.598039e-01 3.970588e-01 3.231318e-06
7.696078e-01 3.970588e-01 -2.088221e-06
7.794118e-01 3.970588e-01 4.884779e-06
7.892157e-01 3.970588e-01 -6.477231e-06
7.990196e-01 3.970588e-01 8.638217e-06
8.088235e-01 3.970588e-01 -9.459200e-06
8.186275e-01 3.970588e-01 8.307587e-06
8.284314e-01 3.970588e-01 -4.393374e-06
8.382353e-01 3.970588e-01 -1.446511e-06
8.480392e-01 3.970588e-01 6.687474e-06
8.578431e-01 3.970588e-01 -7.916329e-06
8.676471e-01 3.970588e-01 3.490828e-06
8.774510e-01 3.970588e-01 3.908613e-06
8.872549e-01 3.970588e-01 -7.928694e-06
8.970588e-01 3.970588e-01 4.005059e-06
9.068627e-01 3.970588e-01 4.502765e-06
9.166667e-01 3.970588e-01 -7.794159e-06
9.264706e-01 3.970588e-01 9.355168e-07
9.362745e-01 3.970588e-01 7.467952e-06
9.460784e-01 3.970588e-01 -4.831817e-06
9.558824e-01 3.970588e-01 -5.703895e-06
9.656863e-01 3.970588e-01 6.822711e-06
9.754902e-01 3.970588e-01 4.419322e-06
9.852941e-01 3.970588e-01 -7.612704e-06
9.950980e-01 3.970588e-01 -4.448804e-06
4.901961e-03 4.068627e-01 -8.844424e-06
1.470588e-02 4.068627e-01 -5.168379e-06
2.450980e-02 4.068627e-01 8.795322e-06
3.431373e-02 4.068627e-01 6.989932e-06
4.411765e-02 4.068627e-01 -7.223197e-06
5.392157e-02 4.068627e-01 -1.009580e-05
6.372549e-02 4.068627e-01 2.688110e-06
7.352941e-02 4.068627e-01 1.221239e-05
8.333333e-02 4.068627e-01 5.589626e-06
9.313725e-02 4.068627e-01 -8.508103e-06
1.029412e-01 4.068627e-01 -1.358802e-05
1.127451e-01 4.068627e-01 -4.540881e-06
1.225490e-01 4.068627e-01 9.557378e-06
1.323529e-01 4.068627e-01 1.655440e-05
1.421569e-01 4.068627e-01 1.159395e-05
1.519608e-01 4.068627e-01 -1.472501e-06
1.617647e-01 4.068627e-01 -1.520732e-05
1.715686e-01 4.068627e-01 -2.398520e-05
1.813725e-01 4.068627e-01 -2.605878e-05
1.911765e-01 4.068627e-01 -2.245756e-05
2.009804e-01 4.068627e-01 -1.444625e-05
2.107843e-01 4.068627e-01 -6.254496e-07
2.205882e-01 4.068627e-01 2.670422e-05
2.303922e-01 4.068627e-01 8.757918e-05
2.401961e-01 4.068627e-01 2.253276e-04
2.500000e-01 4.068627e-01 5.254036e-04
2.598039e-01 4.068627e-01 1.144944e-03
2.696078e-01 4.068627e-01 2.354744e-03
2.794118e-01 4.068627e-01 4.592526e-03
2.892157e-01 4.068627e-01 8.521579e-03
2.990196e-01 4.068627e-01 1.508224e-02
3.088235e-01 4.068627e-01 2.551686e-02
3.186275e-01 4.068627e-01 4.134399e-02
3.284314e-01 4.068627e-01 6.425841e-02
3.382353e-01 4.068627e-01 9.594166e-02
3.480392e-01 4.068627e-01 1.377861e-01
3.578431e-01 4.068627e-01 1.905596e-01
3.676471e-01 4.068627e-01 2.540641e-01
3.774510e-01 4.068627e-01 3.268611e-01
3.872549e-01 4.068627e-01 4.061413e-01
3.970588e-01 4.068627e-01 4.878011e-01
4.068627e-01 4.068627e-01 5.667503e-01
4.166667e-01 4.068627e-01 6.374322e-01
4.264706e-01 4.068627e-01 6.944794e-01
4.362745e-01 4.068627e-01 7.333989e-01
4.460784e-01 4.068627e-01 7.511621e-01
4.558824e-01 4.068627e-01 7.465905e-01
4.656863e-01 4.068627e-01 7.204718e-01
4.754902e-01 4.068627e-01 6.753927e-01
4.852941e-01 4.068627e-01 6.153315e-01
4.950980e-01 4.068627e-01 5.450982e-01
5.049020e-01 4.068627e-01 4.697253e-01
5.147059e-01 4.068627e-01 3.939125e-01
5.245098e-01 4.068627e-01 3.216013e-01
5.343137e-01 4.068627e-01 2.557215e-01
5.441176e-01 4.068627e-01 1.981120e-01
5.539216e-01 4.068627e-01 1.495912e-01
5.637255e-01 4.068627e-01 1.101298e-01
5.735294e-01 4.068627e-01 7.907778e-02
5.833333e-01 4.068627e-01 5.539838e-02
5.931373e-01 4.068627e-01 3.787660e-02
6.029412e-01 4.068627e-01 2.528194e-02
6.127451e-01 4.068627e-01 1.647956e-02
6.225490e-01 4.068627e-01 1.049310e-02
6.323529e-01 4.068627e-01 6.528419e-03
6.421569e-01 4.068627e-01 3.969894e-03
6.519608e-01 4.068627e-01 2.360118e-03
6.617647e-01 4.068627e-01 1.372104e-03
6.715686e-01 4.068627e-01 7.802794e-04
6.813725e-01 4.068627e-01 4.341465e-04
6.911765e-01 4.068627e-01 2.363909e-04
7.009804e-01 4.068627e-01 1.260216e-04
7.107843e-01 4.068627e-01 6.571527e-05
7.205882e-01 4.068627e-01 3.371408e-05
7.303922e-01 4.068627e-01 1.659199e-05
7.401961e-01 4.068627e-01 8.754295e-06
7.500000e-01 4.068627e-01 2.964513e-06
7.598039e-01 4.068627e-01 3.754298e-06
7.696078e-01 4.068627e-01 -2.426205e-06
7.794118e-01 4.068627e-01 5.675369e-06
7.892157e-01 4.068627e-01 -7.525546e-06
7.990196e-01 4.068627e-01 1.003626e-05
8.088235e-01 4.068627e-01 -1.099009e-05
8.186275e-01 4.068627e-01 9.652081e-06
8.284314e-01 4.068627e-01 -5.104400e-06
8.382353e-01 4.068627e-01 -1.680566e-06
8.480392e-01 4.068627e-01 7.769669e-06
8.578431e-01 4.068627e-01 -9.197399e-06
8.676471e-01 4.068627e-01 4.055787e-06
8.774510e-01 4.068627e-01 4.541005e-06
8.872549e-01 4.068627e-01 -9.211641e-06
8.970588e-01 4.068627e-01 4.653208e-06
9.068627e-01 4.068627e-01 5.231218e-06
9.166667e-01 4.068627e-01 -9.055276e-06
9.264706e-01 4.068627e-01 1.087029e-06
9.362745e-01 4.068627e-01 8.676149e-06
9.460784e-01 4.068627e-01 -5.613694e-06
9.558824e-01 4.068627e-01 -6.626588e-06
9.656863e-01 4.068627e-01 7.926643e-06
9.754902e-01 4.068627e-01 5.134140e-06
9.852941e-01 4.068627e-01 -8.844424e-06
9.950980e-01 4.068627e-01 -5.168379e-06
4.901961e-03 4.166667e-01 -9.947000e-06
1.470588e-02 4.166667e-01 -5.812512e-06
2.450980e-02 4.166667e-01 9.891801e-06
3.431373e-02 4.166667e-01 7.861155e-06
4.411765e-02 4.166667e-01 -8.123763e-06
5.392157e-02 4.166667e-01 -1.135428e-05
6.372549e-02 4.166667e-01 3.023389e-06
7.352941e-02 4.166667e-01 1.373489e-05
8.333333e-02 4.166667e-01 6.286336e-06
9.313725e-02 4.166667e-01 -9.568987e-06
1.029412e-01 4.166667e-01 -1.528213e-05
1.127451e-01 4.166667e-01 -5.106902e-06
1.225490e-01 4.166667e-01 1.074920e-05
1.323529e-01 4.166667e-01 1.861862e-05
1.421569e-01 4.166667e-01 1.303960e-05
1.519608e-01 4.166667e-01 -1.656221e-06
1.617647e-01 4.166667e-01 -1.710381e-05
1.715686e-01 4.166667e-01 -2.697638e-05
1.813725e-01 4.166667e-01 -2.930866e-05
1.911765e-01 4.166667e-01 -2.525852e-05
2.009804e-01 4.166667e-01 -1.624841e-05
2.107843e-01 4.166667e-01 -7.045135e-07
2.205882e-01 4.166667e-01 3.003264e-05
2.303922e-01 4.166667e-01 9.849813e-05
2.401961e-01 4.166667e-01 2.534237e-04
2.500000e-01 4.166667e-01 5.909207e-04
2.598039e-01 4.166667e-01 1.287724e-03
2.696078e-01 4.166667e-01 2.648400e-03
2.794118e-01 4.166667e-01 5.165265e-03
2.892157e-01 4.166667e-01 9.584330e-03
2.990196e-01 4.166667e-01 1.696321e-02
3.088235e-01 4.166667e-01 2.869919e-02
3.186275e-01 4.166667e-01 4.650022e-02
3.284314e-01 4.166667e-01 7.227242e-02
3.382353e-01 4.166667e-01 1.079071e-01
3.480392e-01 4.166667e-01 1.549702e-01
3.578431e-01 4.166667e-01 2.143253e-01
3.676471e-01 4.166667e-01 2.857497e-01
3.774510e-01 4.166667e-01 3.676255e-01
3.872549e-01 4.166667e-01 4.567931e-01
3.970588e-01 4.166667e-01 5.486369e-01
4.068627e-01 4.166667e-01 6.374322e-01
4.166667e-01 4.166667e-01 7.169290e-01
4.264706e-01 4.166667e-01 7.810907e-01
4.362745e-01 4.166667e-01 8.248639e-01
4.460784e-01 4.166667e-01 8.448424e-01
4.558824e-01 4.166667e-01 8.397006e-01
4.656863e-01 4.166667e-01 8.103245e-01
4.754902e-01 4.166667e-01 7.596234e-01
4.852941e-01 4.166667e-01 6.920717e-01
4.950980e-01 4.166667e-01 6.130794e-01
5.049020e-01 4.166667e-01 5.283066e-01
5.147059e-01 4.166667e-01 4.430388e-01
5.245098e-01 4.166667e-01 3.617094e-01
5.343137e-01 4.166667e-01 2.876135e-01
5.441176e-01 4.166667e-01 2.228194e-01
5.539216e-01 4.166667e-01 1.682474e-01
5.637255e-01 4.166667e-01 1.238646e-01
5.735294e-01 4.166667e-01 8.893993e-02
5.833333e-01 4.166667e-01 6.230737e-02
5.931373e-01 4.166667e-01 4.260037e-02
6.029412e-01 4.166667e-01 2.843498e-02
6.127451e-01 4.166667e-01 1.853481e-02
6.225490e-01 4.166667e-01 1.180175e-02
6.323529e-01 4.166667e-01 7.342612e-03
6.421569e-01 4.166667e-01 4.465000e-03
6.519608e-01 4.166667e-01 2.654460e-03
6.617647e-01 4.166667e-01 1.543226e-03
6.715686e-01 4.166667e-01 8.775917e-04
6.813725e-01 4.166667e-01 4.882909e-04
6.911765e-01 4.166667e-01 2.658722e-04
7.009804e-01 4.166667e-01 1.417382e-04
7.107843e-01 4.166667e-01 7.391085e-05
7.205882e-01 4.166667e-01 3.791866e-05
7.303922e-01 4.166667e-01 1.866121e-05
7.401961e-01 4.166667e-01 9.846060e-06
7.500000e-01 4.166667e-01 3.334212e-06
7.598039e-01 4.166667e-01 4.222511e-06
7.696078e-01 4.166667e-01 -2.728802e-06
7.794118e-01 4.166667e-01 6.383175e-06
7.892157e-01 4.166667e-01 -8.464088e-06
7.990196e-01 4.166667e-01 1.128790e-05
8.088235e-01 4.166667e-01 -1.236065e-05
8.186275e-01 4.166667e-01 1.085576e-05
8.284314e-01 4.166667e-01 -5.740944e-06
8.382353e-01 4.166667e-01 -1.890113e-06
8.480392e-01 4.166667e-01 8.738500e-06
8.578431e-01 4.166667e-01 -1.034425e-05
8.676471e-01 4.166667e-01 4.561545e-06
8.774510e-01 4.166667e-01 5.107137e-06
8.872549e-01 4.166667e-01 -1.036014e-05
8.970588e-01 4.166667e-01 5.233423e-06
9.068627e-01 4.166667e-01 5.883326e-06
9.166667e-01 4.166667e-01 -1.018420e-05
9.264706e-01 4.166667e-01 1.222654e-06
9.362745e-01 4.166667e-01 9.757691e-06
9.460784e-01 4.166667e-01 -6.313597e-06
9.558824e-01 4.166667e-01 -7.452549e-06
9.656863e-01 4.166667e-01 8.914830e-06
9.754902e-01 4.166667e-01 5.774017e-06
9.852941e-01 4.166667e-01 -9.947000e-06
9.950980e-01 4.166667e-01 -5.812512e-06
4.901961e-03 4.264706e-01 -1.083670e-05
1.470588e-02 4.264706e-01 -6.332302e-06
2.450980e-02 4.264706e-01 1.077658e-05
3.431373e-02 4.264706e-01 8.564192e-06
4.411765e-02 4.264706e-01 -8.850456e-06
5.392157e-02 4.264706e-01 -1.236981e-05
6.372549e-02 4.264706e-01 3.293932e-06
7.352941e-02 4.264706e-01 1.496350e-05
8.333333e-02 4.264706e-01 6.848575e-06
9.313725e-02 4.264706e-01 -1.042510e-05
1.029412e-01 4.264706e-01 -1.664928e-05
1.127451e-01 4.264706e-01 -5.563693e-06
1.225490e-01 4.264706e-01 1.171101e-05
1.323529e-01 4.264706e-01 2.028452e-05
1.421569e-01 4.264706e-01 1.420631e-05
1.519608e-01 4.264706e-01 -1.804487e-06
1.617647e-01 4.264706e-01 -1.863440e-05
1.715686e-01 4.264706e-01 -2.939050e-05
1.813725e-01 4.264706e-01 -3.193162e-05
1.911765e-01 4.264706e-01 -2.751922e-05
2.009804e-01 4.264706e-01 -1.770306e-05
2.107843e-01 4.264706e-01 -7.685498e-07
2.205882e-01 4.264706e-01 3.271863e-05
2.303922e-01 4.264706e-01 1.073102e-04
2.401961e-01 4.264706e-01 2.760992e-04
2.500000e-01 4.264706e-01 6.437985e-04
2.598039e-01 4.264706e-01 1.402961e-03
2.696078e-01 4.264706e-01 2.885410e-03
2.794118e-01 4.264706e-01 5.627523e-03
2.892157e-01 4.264706e-01 1.044208e-02
2.990196e-01 4.264706e-01 1.848135e-02
3.088235e-01 4.264706e-01 3.126766e-02
3.186275e-01 4.264706e-01 5.066183e-02
3.284314e-01 4.264706e-01 7.874056e-02
3.382353e-01 4.264706e-01 1.175644e-01
3.480392e-01 4.264706e-01 1.688394e-01
3.578431e-01 4.264706e-01 2.335066e-01
3.676471e-01 4.264706e-01 3.113232e-01
3.774510e-01 4.264706e-01 4.005265e-01
3.872549e-01 4.264706e-01 4.976741e-01
3.970588e-01 4.264706e-01 5.977374e-01
4.068627e-01 4.264706e-01 6.944794e-01
4.166667e-01 4.264706e-01 7.810907e-01
4.264706e-01 4.264706e-01 8.509944e-01
4.362745e-01 4.264706e-01 8.986850e-01
4.460784e-01 4.264706e-01 9.204514e-01
4.558824e-01 4.264706e-01 9.148494e-01
4.656863e-01 4.264706e-01 8.828443e-01
4.754902e-01 4.264706e-01 8.276057e-01
4.852941e-01 4.264706e-01 7.540086e-01
4.950980e-01 4.264706e-01 6.679469e-01
5.049020e-01 4.264706e-01 5.755873e-01
5.147059e-01 4.264706e-01 4.826886e-01
5.245098e-01 4.264706e-01 3.940807e-01
5.343137e-01 4.264706e-01 3.133536e-01
5.441176e-01 4.264706e-01 2.427607e-01
5.539216e-01 4.264706e-01 1.833048e-01
5.637255e-01 4.264706e-01 1.349500e-01
5.735294e-01 4.264706e-01 9.689968e-02
5.833333e-01 4.264706e-01 6.788362e-02
5.931373e-01 4.264706e-01 4.641293e-02
6.029412e-01 4.264706e-01 3.097979e-02
6.127451e-01 4.264706e-01 2.019361e-02
6.225490e-01 4.264706e-01 1.285796e-02
6.323529e-01 4.264706e-01 7.999747e-03
6.421569e-01 4.264706e-01 4.864600e-03
6.519608e-01 4.264706e-01 2.892024e-03
6.617647e-01 4.264706e-01 1.681338e-03
6.715686e-01 4.264706e-01 9.561323e-04
6.813725e-01 4.264706e-01 5.319906e-04
6.911765e-01 4.264706e-01 2.896664e-04
7.009804e-01 4.264706e-01 1.544230e-04
7.107843e-01 4.264706e-01 8.052542e-05
7.205882e-01 4.264706e-01 4.131212e-05
7.303922e-01 4.264706e-01 2.033125e-05
7.401961e-01 4.264706e-01 1.072720e-05
7.500000e-01 4.264706e-01 3.632583e-06
7.598039e-01 4.264706e-01 4.600403e-06
7.696078e-01 4.264706e-01 -2.973037e-06
7.794118e-01 4.264706e-01 6.954449e-06
7.892157e-01 4.264706e-01 -9.221589e-06
7.990196e-01 4.264706e-01 1.229809e-05
8.088235e-01 4.264706e-01 -1.346681e-05
8.186275e-01 4.264706e-01 1.182721e-05
8.284314e-01 4.264706e-01 -6.254666e-06
8.382353e-01 4.264706e-01 -2.059244e-06
8.480392e-01 4.264706e-01 9.520401e-06
8.578431e-01 4.264706e-01 -1.126981e-05
8.676471e-01 4.264706e-01 4.969691e-06
8.774510e-01 4.264706e-01 5.564027e-06
8.872549e-01 4.264706e-01 -1.128699e-05
8.970588e-01 4.264706e-01 5.701637e-06
9.068627e-01 4.264706e-01 6.409577e-06
9.166667e-01 4.264706e-01 -1.109521e-05
9.264706e-01 4.264706e-01 1.332078e-06
9.362745e-01 4.264706e-01 1.063045e-05
9.460784e-01 4.264706e-01 -6.878365e-06
9.558824e-01 4.264706e-01 -8.119065e-06
9.656863e-01 4.264706e-01 9.712224e-06
9.754902e-01 4.264706e-01 6.290372e-06
9.852941e-01 4.264706e-01 -1.083670e-05
9.950980e-01 4.264706e-01 -6.332302e-06
4.901961e-03 4.362745e-01 -1.144344e-05
1.470588e-02 4.362745e-01 -6.686822e-06
2.450980e-02 4.362745e-01 1.137997e-05
3.431373e-02 4.362745e-01 9.043686e-06
4.411765e-02 4.362745e-01 -9.346037e-06
5.392157e-02 4.362745e-01 -1.306243e-05
6.372549e-02 4.362745e-01 3.478419e-06
7.352941e-02 4.362745e-01 1.580145e-05
8.333333e-02 4.362745e-01 7.232073e-06
9.313725e-02 4.362745e-01 -1.100901e-05
1.029412e-01 4.362745e-01 -1.758179e-05
1.127451e-01 4.362745e-01 -5.875289e-06
1.225490e-01 4.362745e-01 1.236708e-05
1.323529e-01 4.362745e-01 2.142089e-05
1.421569e-01 4.362745e-01 1.500221e-05
1.519608e-01 4.362745e-01 -1.905615e-06
1.617647e-01 4.362745e-01 -1.967855e-05
1.715686e-01 4.362745e-01 -3.103744e-05
1.813725e-01 4.362745e-01 -3.372109e-05
1.911765e-01 4.362745e-01 -2.906161e-05
2.009804e-01 4.362745e-01 -1.869562e-05
2.107843e-01 4.362745e-01 -8.125068e-07
2.205882e-01 4.362745e-01 3.455067e-05
2.303922e-01 4.362745e-01 1.133215e-04
2.401961e-01 4.362745e-01 2.915683e-04
2.500000e-01 4.362745e-01 6.798726e-04
2.598039e-01 4.362745e-01 1.481578e-03
2.696078e-01 4.362745e-01 3.047106e-03
2.794118e-01 4.362745e-01 5.942895e-03
2.892157e-01 4.362745e-01 1.102727e-02
2.990196e-01 4.362745e-01 1.951709e-02
3.088235e-01 4.362745e-01 3.301998e-02
3.186275e-01 4.362745e-01 5.350105e-02
3.284314e-01 4.362745e-01 8.315339e-02
3.382353e-01 4.362745e-01 1.241530e-01
3.480392e-01 4.362745e-01 1.783016e-01
3.578431e-01 4.362745e-01 2.465929e-01
3.676471e-01 4.362745e-01 3.287704e-01
3.774510e-01 4.362745e-01 4.229727e-01
3.872549e-01 4.362745e-01 5.255646e-01
3.970588e-01 4.362745e-01 6.312355e-01
4.068627e-01 4.362745e-01 7.333989e-01
4.166667e-01 4.362745e-01 8.248639e-01
4.264706e-01 4.362745e-01 8.986850e-01
4.362745e-01 4.362745e-01 9.490483e-01
4.460784e-01 4.362745e-01 9.720344e-01
4.558824e-01 4.362745e-01 9.661185e-01
4.656863e-01 4.362745e-01 9.323199e-01
4.754902e-01 4.362745e-01 8.739856e-01
4.852941e-01 4.362745e-01 7.962641e-01
4.950980e-01 4.362745e-01 7.053795e-01
5.049020e-01 4.362745e-01 6.078440e-01
5.147059e-01 4.362745e-01 5.097392e-01
5.245098e-01 4.362745e-01 4.161656e-01
5.343137e-01 4.362745e-01 3.309144e-01
5.441176e-01 4.362745e-01 2.563655e-01
5.539216e-01 4.362745e-01 1.935775e-01
5.637255e-01 4.362745e-01 1.425128e-01
5.735294e-01 4.362745e-01 1.023301e-01
5.833333e-01 4.362745e-01 7.168797e-02
5.931373e-01 4.362745e-01 4.901402e-02
6.029412e-01 4.362745e-01 3.271597e-02
6.127451e-01 4.362745e-01 2.132530e-02
6.225490e-01 4.362745e-01 1.357854e-02
6.323529e-01 4.362745e-01 8.448070e-03
6.421569e-01 4.362745e-01 5.137222e-03
6.519608e-01 4.362745e-01 3.054098e-03
6.617647e-01 4.362745e-01 1.775563e-03
6.715686e-01 4.362745e-01 1.009715e-03
6.813725e-01 4.362745e-01 5.618039e-04
6.911765e-01 4.362745e-01 3.058995e-04
7.009804e-01 4.362745e-01 1.630769e-04
7.107843e-01 4.362745e-01 8.503802e-05
7.205882e-01 4.362745e-01 4.362720e-05
7.303922e-01 4.362745e-01 2.147057e-05
7.401961e-01 4.362745e-01 1.132833e-05
7.500000e-01 4.362745e-01 3.836127e-06
7.598039e-01 4.362745e-01 4.858209e-06
7.696078e-01 4.362745e-01 -3.139674e-06
7.794118e-01 4.362745e-01 7.344199e-06
7.892157e-01 4.362745e-01 -9.738392e-06
7.990196e-01 4.362745e-01 1.298727e-05
8.088235e-01 4.362745e-01 -1.422146e-05
8.186275e-01 4.362745e-01 1.248993e-05
8.284314e-01 4.362745e-01 -6.605106e-06
8.382353e-01 4.362745e-01 -2.174643e-06
8.480392e-01 4.362745e-01 1.005380e-05
8.578431e-01 4.362745e-01 -1.190116e-05
8.676471e-01 4.362745e-01 5.248076e-06
8.774510e-01 4.362745e-01 5.875698e-06
8.872549e-01 4.362745e-01 -1.191918e-05
8.970588e-01 4.362745e-01 6.020968e-06
9.068627e-01 4.362745e-01 6.768536e-06
9.166667e-01 4.362745e-01 -1.171655e-05
9.264706e-01 4.362745e-01 1.406677e-06
9.362745e-01 4.362745e-01 1.122570e-05
9.460784e-01 4.362745e-01 -7.263512e-06
9.558824e-01 4.362745e-01 -8.573653e-06
9.656863e-01 4.362745e-01 1.025602e-05
9.754902e-01 4.362745e-01 6.642551e-06
9.852941e-01 4.362745e-01 -1.144344e-05
9.950980e-01 4.362745e-01 -6.686822e-06
4.901961e-03 4.460784e-01 -1.172002e-05
1.470588e-02 4.460784e-01 -6.848494e-06
2.450980e-02 4.460784e-01 1.165502e-05
3.431373e-02 4.460784e-01 9.262332e-06
4.411765e-02 4.460784e-01 -9.571941e-06
5.392157e-02 4.460784e-01 -1.337825e-05
6.372549e-02 4.460784e-01 3.562491e-06
7.352941e-02 4.460784e-01 1.618355e-05
8.333333e-02 4.460784e-01 7.406994e-06
9.313725e-02 4.460784e-01 -1.127527e-05
1.029412e-01 4.460784e-01 -1.800711e-05
1.127451e-01 4.460784e-01 -6.017448e-06
1.225490e-01 4.460784e-01 1.266633e-05
1.323529e-01 4.460784e-01 2.193932e-05
1.421569e-01 4.460784e-01 1.536535e-05
1.519608e-01 4.460784e-01 -1.951731e-06
1.617647e-01 4.460784e-01 -2.015500e-05
1.715686e-01 4.460784e-01 -3.178903e-05
1.813725e-01 4.460784e-01 -3.453781e-05
1.911765e-01 4.460784e-01 -2.976566e-05
2.009804e-01 4.460784e-01 -1.914885e-05
2.107843e-01 4.460784e-01 -8.329578e-07
2.205882e-01 4.460784e-01 3.538619e-05
2.303922e-01 4.460784e-01 1.160641e-04
2.401961e-01 4.460784e-01 2.986272e-04
2.500000e-01 4.460784e-01 6.963356e-04
2.598039e-01 4.460784e-01 1.517459e-03
2.696078e-01 4.460784e-01 3.120906e-03
2.794118e-01 4.460784e-01 6.086836e-03
2.892157e-01 4.460784e-01 1.129437e-02
2.990196e-01 4.460784e-01 1.998982e-02
3.088235e-01 4.460784e-01 3.381978e-02
3.186275e-01 4.460784e-01 5.479695e-02
3.284314e-01 4.460784e-01 8.516750e-02
3.382353e-01 4.460784e-01 1.271602e-01
3.480392e-01 4.460784e-01 1.826203e-01
3.578431e-01 4.460784e-01 2.525656e-01
3.676471e-01 4.460784e-01 3.367335e-01
3.774510e-01 4.460784e-01 4.332174e-01
3.872549e-01 4.460784e-01 5.382941e-01
3.970588e-01 4.460784e-01 6.465243e-01
4.068627e-01 4.460784e-01 7.511621e-01
4.166667e-01 4.460784e-01 8.448424e-01
4.264706e-01 4.460784e-01 9.204514e-01
4.362745e-01 4.460784e-01 9.720344e-01
4.460784e-01 4.460784e-01 9.955773e-01
4.558824e-01 4.460784e-01 9.895181e-01
4.656863e-01 4.460784e-01 9.549009e-01
4.754902e-01 4.460784e-01 8.951538e-01
4.852941e-01 4.460784e-01 8.155499e-01
4.950980e-01 4.460784e-01 7.224641e-01
5.049020e-01 4.460784e-01 6.225663e-01
5.147059e-01 4.460784e-01 5.220854e-01
5.245098e-01 4.460784e-01 4.262454e-01
5.343137e-01 4.460784e-01 3.389294e-01
5.441176e-01 4.460784e-01 2.625749e-01
5.539216e-01 4.460784e-01 1.982662e-01
5.637255e-01 4.460784e-01 1.459646e-01
5.735294e-01 4.460784e-01 1.048087e-01
5.833333e-01 4.460784e-01 7.342434e-02
5.931373e-01 4.460784e-01 5.020120e-02
6.029412e-01 4.460784e-01 3.350839e-02
6.127451e-01 4.460784e-01 2.184183e-02
6.225490e-01 4.460784e-01 1.390743e-02
6.323529e-01 4.460784e-01 8.652691e-03
6.421569e-01 4.460784e-01 5.261650e-03
6.519608e-01 4.460784e-01 3.128070e-03
6.617647e-01 4.460784e-01 1.818568e-03
6.715686e-01 4.460784e-01 1.034171e-03
6.813725e-01 4.460784e-01 5.754105e-04
6.911765e-01 4.460784e-01 3.133081e-04
7.009804e-01 4.460784e-01 1.670264e-04
7.107843e-01 4.460784e-01 8.709744e-05
7.205882e-01 4.460784e-01 4.468372e-05
7.303922e-01 4.460784e-01 2.199050e-05
7.401961e-01 4.460784e-01 1.160265e-05
7.500000e-01 4.460784e-01 3.929001e-06
7.598039e-01 4.460784e-01 4.975867e-06
7.696078e-01 4.460784e-01 -3.215746e-06
7.794118e-01 4.460784e-01 7.522094e-06
7.892157e-01 4.460784e-01 -9.974280e-06
7.990196e-01 4.460784e-01 1.330182e-05
8.088235e-01 4.460784e-01 -1.456586e-05
8.186275e-01 4.460784e-01 1.279235e-05
8.284314e-01 4.460784e-01 -6.764992e-06
8.382353e-01 4.460784e-01 -2.227330e-06
8.480392e-01 4.460784e-01 1.029718e-05
8.578431e-01 4.460784e-01 -1.218918e-05
8.676471e-01 4.460784e-01 5.375035e-06
8.774510e-01 4.460784e-01 6.017899e-06
8.872549e-01 4.460784e-01 -1.220752e-05
8.970588e-01 4.460784e-01 6.166565e-06
9.068627e-01 4.460784e-01 6.932272e-06
9.166667e-01 4.460784e-01 -1.199987e-05
9.264706e-01 4.460784e-01 1.440640e-06
9.362745e-01 4.460784e-01 1.149713e-05
9.460784e-01 4.460784e-01 -7.439066e-06
9.558824e-01 4.460784e-01 -8.780946e-06
9.656863e-01 4.460784e-01 1.050390e-05
9.754902e-01 4.460784e-01 6.803156e-06
9.852941e-01 4.460784e-01 -1.172002e-05
9.950980e-01 4.460784e-01 -6.848494e-06
4.901961e-03 4.558824e-01 -1.164810e-05
1.470588e-02 4.558824e-01 -6.806600e-06
2.450980e-02 4.558824e-01 1.158350e-05
3.431373e-02 4.558824e-01 9.205637e-06
4.411765e-02 4.558824e-01 -9.513195e-06
5.392157e-02 4.558824e-01 -1.329633e-05
6.372549e-02 4.558824e-01 3.540574e-06
7.352941e-02 4.558824e-01 1.608446e-05
8.333333e-02 4.558824e-01 7.361744e-06
9.313725e-02 4.558824e-01 -1.120624e-05
1.029412e-01 4.558824e-01 -1.789704e-05
1.127451e-01 4.558824e-01 -5.980746e-06
1.225490e-01 4.558824e-01 1.258893e-05
1.323529e-01 4.558824e-01 2.180542e-05
1.421569e-01 4.558824e-01 1.527167e-05
1.519608e-01 4.558824e-01 -1.939775e-06
1.617647e-01 4.558824e-01 -2.003215e-05
1.715686e-01 4.558824e-01 -3.159542e-05
1.813725e-01 4.558824e-01 -3.432760e-05
1.911765e-01 4.558824e-01 -2.958467e-05
2.009804e-01 4.558824e-01 -1.903267e-05
2.107843e-01 4.558824e-01 -8.285391e-07
2.205882e-01 4.558824e-01 3.516977e-05
2.303922e-01 4.558824e-01 1.153561e-04
2.401961e-01 4.558824e-01 2.968076e-04
2.500000e-01 4.558824e-01 6.920953e-04
2.598039e-01 4.558824e-01 1.508222e-03
2.696078e-01 4.558824e-01 3.101912e-03
2.794118e-01 4.558824e-01 6.049797e-03
2.892157e-01 4.558824e-01 1.122565e-02
2.990196e-01 4.558824e-01 1.986820e-02
3.088235e-01 4.558824e-01 3.361401e-02
3.186275e-01 4.558824e-01 5.446353e-02
3.284314e-01 4.558824e-01 8.464928e-02
3.382353e-01 4.558824e-01 1.263864e-01
3.480392e-01 4.558824e-01 1.815090e-01
3.578431e-01 4.558824e-01 2.510287e-01
3.676471e-01 4.558824e-01 3.346843e-01
3.774510e-01 4.558824e-01 4.305810e-01
3.872549e-01 4.558824e-01 5.350181e-01
3.970588e-01 4.558824e-01 6.425896e-01
4.068627e-01 4.558824e-01 7.465905e-01
4.166667e-01 4.558824e-01 8.397006e-01
4.264706e-01 4.558824e-01 9.148494e-01
4.362745e-01 4.558824e-01 9.661185e-01
4.460784e-01 4.558824e-01 9.895181e-01
4.558824e-01 4.558824e-01 9.834958e-01
4.656863e-01 4.558824e-01 9.490893e-01
4.754902e-01 4.558824e-01 8.897059e-01
4.852941e-01 4.558824e-01 8.105865e-01
4.950980e-01 4.558824e-01 7.180673e-01
5.049020e-01 4.558824e-01 6.187776e-01
5.147059e-01 4.558824e-01 5.189082e-01
5.245098e-01 4.558824e-01 4.236515e-01
5.343137e-01 4.558824e-01 3.368669e-01
5.441176e-01 4.558824e-01 2.609770e-01
5.539216e-01 4.558824e-01 1.970597e-01
5.637255e-01 4.558824e-01 1.450764e-01
5.735294e-01 4.558824e-01 1.041709e-01
5.833333e-01 4.558824e-01 7.297755e-02
5.931373e-01 4.558824e-01 4.989572e-02
6.029412e-01 4.558824e-01 3.330449e-02
6.127451e-01 4.558824e-01 2.170891e-02
6.225490e-01 4.558824e-01 1.382280e-02
6.323529e-01 4.558824e-01 8.600035e-03
6.421569e-01 4.558824e-01 5.229629e-03
6.519608e-01 4.558824e-01 3.109033e-03
6.617647e-01 4.558824e-01 1.807500e-03
6.715686e-01 4.558824e-01 1.027876e-03
6.813725e-01 4.558824e-01 5.719078e-04
6.911765e-01 4.558824e-01 3.114007e-04
7.009804e-01 4.558824e-01 1.660094e-04
7.107843e-01 4.558824e-01 8.656707e-05
7.205882e-01 4.558824e-01 4.441158e-05
7.303922e-01 4.558824e-01 2.185654e-05
7.401961e-01 4.558824e-01 1.153196e-05
7.500000e-01 4.558824e-01 3.905044e-06
7.598039e-01 4.558824e-01 4.945571e-06
7.696078e-01 4.558824e-01 -3.196205e-06
7.794118e-01 4.558824e-01 7.476333e-06
7.892157e-01 4.558824e-01 -9.913602e-06
7.990196e-01 4.558824e-01 1.322086e-05
8.088235e-01 4.558824e-01 -1.447717e-05
8.186275e-01 4.558824e-01 1.271441e-05
8.284314e-01 4.558824e-01 -6.723719e-06
8.382353e-01 4.558824e-01 -2.213812e-06
8.480392e-01 4.558824e-01 1.023441e-05
8.578431e-01 4.558824e-01 -1.211478e-05
8.676471e-01 4.558824e-01 5.342149e-06
8.774510e-01 4.558824e-01 5.981202e-06
8.872549e-01 4.558824e-01 -1.213291e-05
8.970588e-01 4.558824e-01 6.128778e-06
9.068627e-01 4.558824e-01 6.889932e-06
9.166667e-01 4.558824e-01 -1.192639e-05
9.264706e-01 4.558824e-01 1.431718e-06
9.362745e-01 4.558824e-01 1.142673e-05
9.460784e-01 4.558824e-01 -7.393393e-06
9.558824e-01 4.558824e-01 -8.727203e-06
9.656863e-01 4.558824e-01 1.043944e-05
9.754902e-01 4.558824e-01 6.761541e-06
9.852941e-01 4.558824e-01 -1.164810e-05
9.950980e-01 4.558824e-01 -6.806600e-06
4.901961e-03 4.656863e-01 -1.124003e-05
1.470588e-02 4.656863e-01 -6.568337e-06
2.450980e-02 4.656863e-01 1.117769e-05
3.431373e-02 4.656863e-01 8.883339e-06
4.411765e-02 4.656863e-01 -9.179886e-06
5.392157e-02 4.656863e-01 -1.283075e-05
6.372549e-02 4.656863e-01 3.416433e-06
7.352941e-02 4.656863e-01 1.552120e-05
8.333333e-02 4.656863e-01 7.104099e-06
9.313725e-02 4.656863e-01 -1.081378e-05
1.029412e-01 4.656863e-01 -1.727050e-05
1.127451e-01 4.656863e-01 -5.771494e-06
1.225490e-01 4.656863e-01 1.214820e-05
1.323529e-01 4.656863e-01 2.104224e-05
1.421569e-01 4.656863e-01 1.473729e-05
1.519608e-01 4.656863e-01 -1.871806e-06
1.617647e-01 4.656863e-01 -1.933115e-05
1.715686e-01 4.656863e-01 -3.048996e-05
1.813725e-01 4.656863e-01 -3.312669e-05
1.911765e-01 4.656863e-01 -2.854983e-05
2.009804e-01 4.656863e-01 -1.836716e-05
2.107843e-01 4.656863e-01 -8.000845e-07
2.205882e-01 4.656863e-01 3.393857e-05
2.303922e-01 4.656863e-01 1.113194e-04
2.401961e-01 4.656863e-01 2.864227e-04
2.500000e-01 4.656863e-01 6.678818e-04
2.598039e-01 4.656863e-01 1.455458e-03
2.696078e-01 4.656863e-01 2.993398e-03
2.794118e-01 4.656863e-01 5.838160e-03
2.892157e-01 4.656863e-01 1.083295e-02
2.990196e-01 4.656863e-01 1.917316e-02
3.088235e-01 4.656863e-01 3.243811e-02
3.186275e-01 4.656863e-01 5.255825e-02
3.284314e-01 4.656863e-01 8.168802e-02
3.382353e-01 4.656863e-01 1.219650e-01
3.480392e-01 4.656863e-01 1.751593e-01
3.578431e-01 4.656863e-01 2.422468e-01
3.676471e-01 4.656863e-01 3.229759e-01
3.774510e-01 4.656863e-01 4.155177e-01
3.872549e-01 4.656863e-01 5.163012e-01
3.970588e-01 4.656863e-01 6.201093e-01
4.068627e-01 4.656863e-01 7.204718e-01
4.166667e-01 4.656863e-01 8.103245e-01
4.264706e-01 4.656863e-01 8.828443e-01
4.362745e-01 4.656863e-01 9.323199e-01
4.460784e-01 4.656863e-01 9.549009e-01
4.558824e-01 4.656863e-01 9.490893e-01
4.656863e-01 4.656863e-01 9.158866e-01
4.754902e-01 4.656863e-01 8.585807e-01
4.852941e-01 4.656863e-01 7.822293e-01
4.950980e-01 4.656863e-01 6.929468e-01
5.049020e-01 4.656863e-01 5.971306e-01
5.147059e-01 4.656863e-01 5.007550e-01
5.245098e-01 4.656863e-01 4.088308e-01
5.343137e-01 4.656863e-01 3.250823e-01
5.441176e-01 4.656863e-01 2.518473e-01
5.539216e-01 4.656863e-01 1.901659e-01
5.637255e-01 4.656863e-01 1.400012e-01
5.735294e-01 4.656863e-01 1.005267e-01
5.833333e-01 4.656863e-01 7.042458e-02
5.931373e-01 4.656863e-01 4.815022e-02
6.029412e-01 4.656863e-01 3.213940e-02
6.127451e-01 4.656863e-01 2.094947e-02
6.225490e-01 4.656863e-01 1.333923e-02
6.323529e-01 4.656863e-01 8.299175e-03
6.421569e-01 4.656863e-01 5.046676e-03
6.519608e-01 4.656863e-01 3.000266e-03
6.617647e-01 4.656863e-01 1.744265e-03
6.715686e-01 4.656863e-01 9.919153e-04
6.813725e-01 4.656863e-01 5.518992e-04
6.911765e-01 4.656863e-01 3.005059e-04
7.009804e-01 4.656863e-01 1.602012e-04
7.107843e-01 4.656863e-01 8.353825e-05
7.205882e-01 4.656863e-01 4.285765e-05
7.303922e-01 4.656863e-01 2.109178e-05
7.401961e-01 4.656863e-01 1.112844e-05
7.500000e-01 4.656863e-01 3.768381e-06
7.598039e-01 4.656863e-01 4.772538e-06
7.696078e-01 4.656863e-01 -3.084421e-06
7.794118e-01 4.656863e-01 7.214801e-06
7.892157e-01 4.656863e-01 -9.566817e-06
7.990196e-01 4.656863e-01 1.275836e-05
8.088235e-01 4.656863e-01 -1.397068e-05
8.186275e-01 4.656863e-01 1.226953e-05
8.284314e-01 4.656863e-01 -6.488393e-06
8.382353e-01 4.656863e-01 -2.136419e-06
8.480392e-01 4.656863e-01 9.876298e-06
8.578431e-01 4.656863e-01 -1.169076e-05
8.676471e-01 4.656863e-01 5.155075e-06
8.774510e-01 4.656863e-01 5.771922e-06
8.872549e-01 4.656863e-01 -1.170816e-05
8.970588e-01 4.656863e-01 5.914098e-06
9.068627e-01 4.656863e-01 6.648794e-06
9.166667e-01 4.656863e-01 -1.150874e-05
9.264706e-01 4.656863e-01 1.381440e-06
9.362745e-01 4.656863e-01 1.102662e-05
9.460784e-01 4.656863e-01 -7.134333e-06
9.558824e-01 4.656863e-01 -8.421656e-06
9.656863e-01 4.656863e-01 1.007370e-05
9.754902e-01 4.656863e-01 6.524854e-06
9.852941e-01 4.656863e-01 -1.124003e-05
9.950980e-01 4.656863e-01 -6.568337e-06
4.901961e-03 4.754902e-01 -1.053622e-05
1.470588e-02 4.754902e-01 -6.157289e-06
2.450980e-02 4.754902e-01 1.047777e-05
3.431373e-02 4.754902e-01 8.327343e-06
4.411765e-02 4.754902e-01 -8.605020e-06
5.392157e-02 4.754902e-01 -1.202759e-05
6.372549e-02 4.754902e-01 3.202365e-06
7.352941e-02 4.754902e-01 1.454956e-05
8.333333e-02 4.754902e-01 6.659564e-06
9.313725e-02 4.754902e-01 -1.013675e-05
1.029412e-01 4.754902e-01 -1.618954e-05
1.127451e-01 4.754902e-01 -5.410408e-06
1.225490e-01 4.754902e-01 1.138777e-05
1.323529e-01 4.754902e-01 1.972534e-05
1.421569e-01 4.754902e-01 1.381512e-05
1.519608e-01 4.754902e-01 -1.754557e-06
1.617647e-01 4.754902e-01 -1.812143e-05
1.715686e-01 4.754902e-01 -2.858212e-05
1.813725e-01 4.754902e-01 -3.105400e-05
1.911765e-01 4.754902e-01 -2.676364e-05
2.009804e-01 4.754902e-01 -1.721821e-05
2.107843e-01 4.754902e-01 -7.504431e-07
2.205882e-01 4.754902e-01 3.181446e-05
2.303922e-01 4.754902e-01 1.043534e-04
2.401961e-01 4.754902e-01 2.685007e-04
2.500000e-01 4.754902e-01 6.260926e-04
2.598039e-01 4.754902e-01 1.364392e-03
2.696078e-01 4.754902e-01 2.806108e-03
2.794118e-01 4.754902e-01 5.472881e-03
2.892157e-01 4.754902e-01 1.015516e-02
2.990196e-01 4.754902e-01 1.797355e-02
3.088235e-01 4.754902e-01 3.040853e-02
3.186275e-01 4.754902e-01 4.926980e-02
3.284314e-01 4.754902e-01 7.657696e-02
3.382353e-01 4.754902e-01 1.143339e-01
3.480392e-01 4.754902e-01 1.641999e-01
3.578431e-01 4.754902e-01 2.270898e-01
3.676471e-01 4.754902e-01 3.027677e-01
3.774510e-01 4.754902e-01 3.895193e-01
3.872549e-01 4.754902e-01 4.839968e-01
3.970588e-01 4.754902e-01 5.813098e-01
4.068627e-01 4.754902e-01 6.753927e-01
4.166667e-01 4.754902e-01 7.596234e-01
4.264706e-01 4.754902e-01 8.276057e-01
4.362745e-01 4.754902e-01 8.739856e-01
4.460784e-01 4.754902e-01 8.951538e-01
4.558824e-01 4.754902e-01 8.897059e-01
4.656863e-01 4.754902e-01 8.585807e-01
4.754902e-01 4.754902e-01 8.048605e-01
4.852941e-01 4.754902e-01 7.332863e-01
4.950980e-01 4.754902e-01 6.495902e-01
5.049020e-01 4.754902e-01 5.597691e-01
5.147059e-01 4.754902e-01 4.694237e-01
5.245098e-01 4.754902e-01 3.832510e-01
5.343137e-01 4.754902e-01 3.047425e-01
5.441176e-01 4.754902e-01 2.360897e-01
5.539216e-01 4.754902e-01 1.782676e-01
5.637255e-01 4.754902e-01 1.312416e-01
5.735294e-01 4.754902e-01 9.423696e-02
5.833333e-01 4.754902e-01 6.601825e-02
5.931373e-01 4.754902e-01 4.513755e-02
6.029412e-01 4.754902e-01 3.012849e-02
6.127451e-01 4.754902e-01 1.963869e-02
6.225490e-01 4.754902e-01 1.250461e-02
6.323529e-01 4.754902e-01 7.779904e-03
6.421569e-01 4.754902e-01 4.730909e-03
6.519608e-01 4.754902e-01 2.812540e-03
6.617647e-01 4.754902e-01 1.635126e-03
6.715686e-01 4.754902e-01 9.298504e-04
6.813725e-01 4.754902e-01 5.173660e-04
6.911765e-01 4.754902e-01 2.817026e-04
7.009804e-01 4.754902e-01 1.501769e-04
7.107843e-01 4.754902e-01 7.831092e-05
7.205882e-01 4.754902e-01 4.017583e-05
7.303922e-01 4.754902e-01 1.977193e-05
7.401961e-01 4.754902e-01 1.043206e-05
7.500000e-01 4.754902e-01 3.532543e-06
7.598039e-01 4.754902e-01 4.473904e-06
7.696078e-01 4.754902e-01 -2.891464e-06
7.794118e-01 4.754902e-01 6.763397e-06
7.892157e-01 4.754902e-01 -8.968265e-06
7.990196e-01 4.754902e-01 1.196009e-05
8.088235e-01 4.754902e-01 -1.309653e-05
8.186275e-01 4.754902e-01 1.150177e-05
8.284314e-01 4.754902e-01 -6.082318e-06
8.382353e-01 4.754902e-01 -2.002812e-06
8.480392e-01 4.754902e-01 9.258298e-06
8.578431e-01 4.754902e-01 -1.095910e-05
8.676471e-01 4.754902e-01 4.832339e-06
8.774510e-01 4.754902e-01 5.410777e-06
8.872549e-01 4.754902e-01 -1.097534e-05
8.970588e-01 4.754902e-01 5.543787e-06
9.068627e-01 4.754902e-01 6.232732e-06
9.166667e-01 4.754902e-01 -1.078827e-05
9.264706e-01 4.754902e-01 1.294789e-06
9.362745e-01 4.754902e-01 1.033639e-05
9.460784e-01 4.754902e-01 -6.687540e-06
9.558824e-01 4.754902e-01 -7.894553e-06
9.656863e-01 4.754902e-01 9.442902e-06
9.754902e-01 4.754902e-01 6.116523e-06
9.852941e-01 4.754902e-01 -1.053622e-05
9.950980e-01 4.754902e-01 -6.157289e-06
4.901961e-03 4.852941e-01 -9.598769e-06
1.470588e-02 4.852941e-01 -5.609718e-06
2.450980e-02 4.852941e-01 9.545508e-06
3.431373e-02 4.852941e-01 7.586704e-06
4.411765e-02 4.852941e-01 -7.839333e-06
5.392157e-02 4.852941e-01 -1.095772e-05
6.372549e-02 4.852941e-01 2.917271e-06
7.352941e-02 4.852941e-01 1.325527e-05
8.333333e-02 4.852941e-01 6.067358e-06
9.313725e-02 4.852941e-01 -9.234916e-06
1.029412e-01 4.852941e-01 -1.474953e-05
1.127451e-01 4.852941e-01 -4.929343e-06
1.225490e-01 4.852941e-01 1.037476e-05
1.323529e-01 4.852941e-01 1.797095e-05
1.421569e-01 4.852941e-01 1.258654e-05
1.519608e-01 4.852941e-01 -1.598383e-06
1.617647e-01 4.852941e-01 -1.650975e-05
1.715686e-01 4.852941e-01 -2.604027e-05
1.813725e-01 4.852941e-01 -2.829246e-05
1.911765e-01 4.852941e-01 -2.438374e-05
2.009804e-01 4.852941e-01 -1.568726e-05
2.107843e-01 4.852941e-01 -6.840275e-07
2.205882e-01 4.852941e-01 2.898484e-05
2.303922e-01 4.852941e-01 9.507302e-05
2.401961e-01 4.852941e-01 2.446231e-04
2.500000e-01 4.852941e-01 5.704157e-04
2.598039e-01 4.852941e-01 1.243061e-03
2.696078e-01 4.852941e-01 2.556571e-03
2.794118e-01 4.852941e-01 4.986199e-03
2.892157e-01 4.852941e-01 9.252098e-03
2.990196e-01 4.852941e-01 1.637522e-02
3.088235e-01 4.852941e-01 2.770441e-02
3.186275e-01 4.852941e-01 4.488840e-02
3.284314e-01 4.852941e-01 6.976721e-02
3.382353e-01 4.852941e-01 1.041665e-01
3.480392e-01 4.852941e-01 1.495980e-01
3.578431e-01 4.852941e-01 2.068953e-01
3.676471e-01 4.852941e-01 2.758433e-01
3.774510e-01 4.852941e-01 3.548802e-01
3.872549e-01 4.852941e-01 4.409560e-01
3.970588e-01 4.852941e-01 5.296152e-01
4.068627e-01 4.852941e-01 6.153315e-01
4.166667e-01 4.852941e-01 6.920717e-01
4.264706e-01 4.852941e-01 7.540086e-01
4.362745e-01 4.852941e-01 7.962641e-01
4.460784e-01 4.852941e-01 8.155499e-01
4.558824e-01 4.852941e-01 8.105865e-01
4.656863e-01 4.852941e-01 7.822293e-01
4.754902e-01 4.852941e-01 7.332863e-01
4.852941e-01 4.852941e-01 6.680772e-01
4.950980e-01 4.852941e-01 5.918239e-01
5.049020e-01 4.852941e-01 5.099905e-01
5.147059e-01 4.852941e-01 4.276792e-01
5.245098e-01 4.852941e-01 3.491697e-01
5.343137e-01 4.852941e-01 2.776427e-01
5.441176e-01 4.852941e-01 2.150949e-01
5.539216e-01 4.852941e-01 1.624149e-01
5.637255e-01 4.852941e-01 1.195707e-01
5.735294e-01 4.852941e-01 8.585675e-02
5.833333e-01 4.852941e-01 6.014744e-02
5.931373e-01 4.852941e-01 4.112359e-02
6.029412e-01 4.852941e-01 2.744924e-02
6.127451e-01 4.852941e-01 1.789227e-02
6.225490e-01 4.852941e-01 1.139261e-02
6.323529e-01 4.852941e-01 7.088051e-03
6.421569e-01 4.852941e-01 4.310196e-03
6.519608e-01 4.852941e-01 2.562423e-03
6.617647e-01 4.852941e-01 1.489715e-03
6.715686e-01 4.852941e-01 8.471585e-04
6.813725e-01 4.852941e-01 4.713561e-04
6.911765e-01 4.852941e-01 2.566502e-04
7.009804e-01 4.852941e-01 1.368212e-04
7.107843e-01 4.852941e-01 7.134642e-05
7.205882e-01 4.852941e-01 3.660278e-05
7.303922e-01 4.852941e-01 1.801348e-05
7.401961e-01 4.852941e-01 9.504256e-06
7.500000e-01 4.852941e-01 3.218346e-06
7.598039e-01 4.852941e-01 4.076026e-06
7.696078e-01 4.852941e-01 -2.634363e-06
7.794118e-01 4.852941e-01 6.161960e-06
7.892157e-01 4.852941e-01 -8.170773e-06
7.990196e-01 4.852941e-01 1.089653e-05
8.088235e-01 4.852941e-01 -1.193187e-05
8.186275e-01 4.852941e-01 1.047888e-05
8.284314e-01 4.852941e-01 -5.541334e-06
8.382353e-01 4.852941e-01 -1.824782e-06
8.480392e-01 4.852941e-01 8.434950e-06
8.578431e-01 4.852941e-01 -9.984377e-06
8.676471e-01 4.852941e-01 4.402427e-06
8.774510e-01 4.852941e-01 4.929634e-06
8.872549e-01 4.852941e-01 -9.999116e-06
8.970588e-01 4.852941e-01 5.050528e-06
9.068627e-01 4.852941e-01 5.678455e-06
9.166667e-01 4.852941e-01 -9.828567e-06
9.264706e-01 4.852941e-01 1.179419e-06
9.362745e-01 4.852941e-01 9.416958e-06
9.460784e-01 4.852941e-01 -6.092448e-06
9.558824e-01 4.852941e-01 -7.192399e-06
9.656863e-01 4.852941e-01 8.602711e-06
9.754902e-01 4.852941e-01 5.572573e-06
9.852941e-01 4.852941e-01 -9.598769e-06
9.950980e-01 4.852941e-01 -5.609718e-06
4.901961e-03 4.950980e-01 -8.502753e-06
1.470588e-02 4.950980e-01 -4.969460e-06
2.450980e-02 4.950980e-01 8.455558e-06
3.431373e-02 4.950980e-01 6.720716e-06
4.411765e-02 4.950980e-01 -6.944141e-06
5.392157e-02 4.950980e-01 -9.706818e-06
6.372549e-02 4.950980e-01 2.583989e-06
7.352941e-02 4.950980e-01 1.174197e-05
8.333333e-02 4.950980e-01 5.374891e-06
9.313725e-02 4.950980e-01 -8.180490e-06
1.029412e-01 4.950980e-01 -1.306580e-05
1.127451e-01 4.950980e-01 -4.366812e-06
1.225490e-01 4.950980e-01 9.190310e-06
1.323529e-01 4.950980e-01 1.591956e-05
1.421569e-01 4.950980e-01 1.114992e-05
1.519608e-01 4.950980e-01 -1.415796e-06
1.617647e-01 4.950980e-01 -1.462518e-05
1.715686e-01 4.950980e-01 -2.306799e-05
1.813725e-01 4.950980e-01 -2.506321e-05
1.911765e-01 4.950980e-01 -2.160072e-05
2.009804e-01 4.950980e-01 -1.389691e-05
2.107843e-01 4.950980e-01 -6.061886e-07
2.205882e-01 4.950980e-01 2.567626e-05
2.303922e-01 4.950980e-01 8.422120e-05
2.401961e-01 4.950980e-01 2.167020e-04
2.500000e-01 4.950980e-01 5.053095e-04
2.598039e-01 4.950980e-01 1.101181e-03
2.696078e-01 4.950980e-01 2.264771e-03
2.794118e-01 4.950980e-01 4.417088e-03
2.892157e-01 4.950980e-01 8.196088e-03
2.990196e-01 4.950980e-01 1.450620e-02
3.088235e-01 4.950980e-01 2.454229e-02
3.186275e-01 4.950980e-01 3.976493e-02
3.284314e-01 4.950980e-01 6.180410e-02
3.382353e-01 4.950980e-01 9.227711e-02
3.480392e-01 4.950980e-01 1.325231e-01
3.578431e-01 4.950980e-01 1.832805e-01
3.676471e-01 4.950980e-01 2.443589e-01
3.774510e-01 4.950980e-01 3.143746e-01
3.872549e-01 4.950980e-01 3.906258e-01
3.970588e-01 4.950980e-01 4.691655e-01
4.068627e-01 4.950980e-01 5.450982e-01
4.166667e-01 4.950980e-01 6.130794e-01
4.264706e-01 4.950980e-01 6.679469e-01
4.362745e-01 4.950980e-01 7.053795e-01
4.460784e-01 4.950980e-01 7.224641e-01
4.558824e-01 4.950980e-01 7.180673e-01
4.656863e-01 4.950980e-01 6.929468e-01
4.754902e-01 4.950980e-01 6.495902e-01
4.852941e-01 4.950980e-01 5.918239e-01
4.950980e-01 4.950980e-01 5.242742e-01
5.049020e-01 4.950980e-01 4.517811e-01
5.147059e-01 4.950980e-01 3.788647e-01
5.245098e-01 4.950980e-01 3.093161e-01
5.343137e-01 4.950980e-01 2.459531e-01
5.441176e-01 4.950980e-01 1.905444e-01
5.539216e-01 4.950980e-01 1.438771e-01
5.637255e-01 4.950980e-01 1.059231e-01
5.735294e-01 4.950980e-01 7.605722e-02
5.833333e-01 4.950980e-01 5.328231e-02
5.931373e-01 4.950980e-01 3.642981e-02
6.029412e-01 4.950980e-01 2.431622e-02
6.127451e-01 4.950980e-01 1.585006e-02
6.225490e-01 4.950980e-01 1.009226e-02
6.323529e-01 4.950980e-01 6.279023e-03
6.421569e-01 4.950980e-01 3.818229e-03
6.519608e-01 4.950980e-01 2.269946e-03
6.617647e-01 4.950980e-01 1.319677e-03
6.715686e-01 4.950980e-01 7.504620e-04
6.813725e-01 4.950980e-01 4.175541e-04
6.911765e-01 4.950980e-01 2.273552e-04
7.009804e-01 4.950980e-01 1.212038e-04
7.107843e-01 4.950980e-01 6.320251e-05
7.205882e-01 4.950980e-01 3.242467e-05
7.303922e-01 4.950980e-01 1.595727e-05
7.401961e-01 4.950980e-01 8.419346e-06
7.500000e-01 4.950980e-01 2.850951e-06
7.598039e-01 4.950980e-01 3.610767e-06
7.696078e-01 4.950980e-01 -2.333708e-06
7.794118e-01 4.950980e-01 5.458656e-06
7.892157e-01 4.950980e-01 -7.238205e-06
7.990196e-01 4.950980e-01 9.652834e-06
8.088235e-01 4.950980e-01 -1.056998e-05
8.186275e-01 4.950980e-01 9.282781e-06
8.284314e-01 4.950980e-01 -4.908763e-06
8.382353e-01 4.950980e-01 -1.616581e-06
8.480392e-01 4.950980e-01 7.472186e-06
8.578431e-01 4.950980e-01 -8.844643e-06
8.676471e-01 4.950980e-01 3.899768e-06
8.774510e-01 4.950980e-01 4.367017e-06
8.872549e-01 4.950980e-01 -8.857657e-06
8.970588e-01 4.950980e-01 4.473825e-06
9.068627e-01 4.950980e-01 5.030340e-06
9.166667e-01 4.950980e-01 -8.706467e-06
9.264706e-01 4.950980e-01 1.044576e-06
9.362745e-01 4.950980e-01 8.341935e-06
9.460784e-01 4.950980e-01 -5.396713e-06
9.558824e-01 4.950980e-01 -6.371409e-06
9.656863e-01 4.950980e-01 7.620406e-06
9.754902e-01 4.950980e-01 4.936549e-06
9.852941e-01 4.950980e-01 -8.502753e-06
9.950980e-01 4.950980e-01 -4.969460e-06
4.901961e-03 5.049020e-01 -7.326687e-06
1.470588e-02 5.049020e-01 -4.282374e-06
2.450980e-02 5.049020e-01 7.286003e-06
3.431373e-02 5.049020e-01 5.791410e-06
4.411765e-02 5.049020e-01 -5.983580e-06
5.392157e-02 5.049020e-01 -8.364478e-06
6.372549e-02 5.049020e-01 2.226403e-06
7.352941e-02 5.049020e-01 1.011807e-05
8.333333e-02 5.049020e-01 4.631766e-06
9.313725e-02 5.049020e-01 -7.049023e-06
1.029412e-01 5.049020e-01 -1.125896e-05
1.127451e-01 5.049020e-01 -3.763111e-06
1.225490e-01 5.049020e-01 7.919273e-06
1.323529e-01 5.049020e-01 1.371814e-05
1.421569e-01 5.049020e-01 9.608203e-06
1.519608e-01 5.049020e-01 -1.219884e-06
1.617647e-01 5.049020e-01 -1.260276e-05
1.715686e-01 5.049020e-01 -1.987822e-05
1.813725e-01 5.049020e-01 -2.159766e-05
1.911765e-01 5.049020e-01 -1.861400e-05
2.009804e-01 5.049020e-01 -1.197547e-05
2.107843e-01 5.049020e-01 -5.225355e-07
2.205882e-01 5.049020e-01 2.212573e-05
2.303922e-01 5.049020e-01 7.257548e-05
2.401961e-01 5.049020e-01 1.867378e-04
2.500000e-01 5.049020e-01 4.354390e-04
2.598039e-01 5.049020e-01 9.489185e-04
2.696078e-01 5.049020e-01 1.951616e-03
2.794118e-01 5.049020e-01 3.806326e-03
2.892157e-01 5.049020e-01 7.062794e-03
2.990196e-01 5.049020e-01 1.250038e-02
3.088235e-01 5.049020e-01 2.114875e-02
3.186275e-01 5.049020e-01 3.426650e-02
3.284314e-01 5.049020e-01 5.325824e-02
3.382353e-01 5.049020e-01 7.951763e-02
3.480392e-01 5.049020e-01 1.141986e-01
3.578431e-01 5.049020e-01 1.579376e-01
3.676471e-01 5.049020e-01 2.105704e-01
3.774510e-01 5.049020e-01 2.709048e-01
3.872549e-01 5.049020e-01 3.366124e-01
3.970588e-01 5.049020e-01 4.042921e-01
4.068627e-01 5.049020e-01 4.697253e-01
4.166667e-01 5.049020e-01 5.283066e-01
4.264706e-01 5.049020e-01 5.755873e-01
4.362745e-01 5.049020e-01 6.078440e-01
4.460784e-01 5.049020e-01 6.225663e-01
4.558824e-01 5.049020e-01 6.187776e-01
4.656863e-01 5.049020e-01 5.971306e-01
4.754902e-01 5.049020e-01 5.597691e-01
4.852941e-01 5.049020e-01 5.099905e-01
4.950980e-01 5.049020e-01 4.517811e-01
5.049020e-01 5.049020e-01 3.893119e-01
5.147059e-01 5.049020e-01 3.264779e-01
5.245098e-01 5.049020e-01 2.665460e-01
5.343137e-01 5.049020e-01 2.119444e-01
5.441176e-01 5.049020e-01 1.641972e-01
5.539216e-01 5.049020e-01 1.239828e-01
5.637255e-01 5.049020e-01 9.127679e-02
5.735294e-01 5.049020e-01 6.554052e-02
5.833333e-01 5.049020e-01 4.591477e-02
5.931373e-01 5.049020e-01 3.139252e-02
6.029412e-01 5.049020e-01 2.095392e-02
6.127451e-01 5.049020e-01 1.365840e-02
6.225490e-01 5.049020e-01 8.696756e-03
6.323529e-01 5.049020e-01 5.410789e-03
6.421569e-01 5.049020e-01 3.290260e-03
6.519608e-01 5.049020e-01 1.956066e-03
6.617647e-01 5.049020e-01 1.137195e-03
6.715686e-01 5.049020e-01 6.466896e-04
6.813725e-01 5.049020e-01 3.598152e-04
6.911765e-01 5.049020e-01 1.959165e-04
7.009804e-01 5.049020e-01 1.044436e-04
7.107843e-01 5.049020e-01 5.446273e-05
7.205882e-01 5.049020e-01 2.794087e-05
7.303922e-01 5.049020e-01 1.375061e-05
7.401961e-01 5.049020e-01 7.255067e-06
7.500000e-01 5.049020e-01 2.456685e-06
7.598039e-01 5.049020e-01 3.111465e-06
7.696078e-01 5.049020e-01 -2.011043e-06
7.794118e-01 5.049020e-01 4.703879e-06
7.892157e-01 5.049020e-01 -6.237382e-06
7.990196e-01 5.049020e-01 8.318123e-06
8.088235e-01 5.049020e-01 -9.108430e-06
8.186275e-01 5.049020e-01 7.999176e-06
8.284314e-01 5.049020e-01 -4.229932e-06
8.382353e-01 5.049020e-01 -1.393126e-06
8.480392e-01 5.049020e-01 6.438983e-06
8.578431e-01 5.049020e-01 -7.621557e-06
8.676471e-01 5.049020e-01 3.360379e-06
8.774510e-01 5.049020e-01 3.763232e-06
8.872549e-01 5.049020e-01 -7.632742e-06
8.970588e-01 5.049020e-01 3.854996e-06
9.068627e-01 5.049020e-01 4.334816e-06
9.166667e-01 5.049020e-01 -7.502363e-06
9.264706e-01 5.049020e-01 8.999254e-07
9.362745e-01 5.049020e-01 7.188334e-06
9.460784e-01 5.049020e-01 -4.650179e-06
9.558824e-01 5.049020e-01 -5.490393e-06
9.656863e-01 5.049020e-01 6.566359e-06
9.754902e-01 5.049020e-01 4.254007e-06
9.852941e-01 5.049020e-01 -7.326687e-06
9.950980e-01 5.049020e-01 -4.282374e-06
4.901961e-03 5.147059e-01 -6.143880e-06
1.470588e-02 5.147059e-01 -3.591287e-06
2.450980e-02 5.147059e-01 6.109749e-06
3.431373e-02 5.147059e-01 4.856712e-06
4.411765e-02 5.147059e-01 -5.017529e-06
5.392157e-02 5.147059e-01 -7.014377e-06
6.372549e-02 5.147059e-01 1.866808e-06
7.352941e-02 5.147059e-01 8.484806e-06
8.333333e-02 5.147059e-01 3.884304e-06
9.313725e-02 5.147059e-01 -5.911052e-06
1.029412e-01 5.147059e-01 -9.441652e-06
1.127451e-01 5.147059e-01 -3.155872e-06
1.225490e-01 5.147059e-01 6.640897e-06
1.323529e-01 5.147059e-01 1.150393e-05
1.421569e-01 5.147059e-01 8.057497e-06
1.519608e-01 5.147059e-01 -1.022864e-06
1.617647e-01 5.147059e-01 -1.056858e-05
1.715686e-01 5.147059e-01 -1.666987e-05
1.813725e-01 5.147059e-01 -1.811187e-05
1.911765e-01 5.147059e-01 -1.560982e-05
2.009804e-01 5.147059e-01 -1.004276e-05
2.107843e-01 5.147059e-01 -4.383129e-07
2.205882e-01 5.147059e-01 1.855457e-05
2.303922e-01 5.147059e-01 6.086189e-05
2.401961e-01 5.147059e-01 1.565988e-04
2.500000e-01 5.147059e-01 3.651606e-04
2.598039e-01 5.147059e-01 7.957663e-04
2.696078e-01 5.147059e-01 1.636632e-03
2.794118e-01 5.147059e-01 3.191997e-03
2.892157e-01 5.147059e-01 5.922880e-03
2.990196e-01 5.147059e-01 1.048286e-02
3.088235e-01 5.147059e-01 1.773540e-02
3.186275e-01 5.147059e-01 2.873597e-02
3.284314e-01 5.147059e-01 4.466247e-02
3.382353e-01 5.147059e-01 6.668364e-02
3.480392e-01 5.147059e-01 9.576719e-02
3.578431e-01 5.147059e-01 1.324468e-01
3.676471e-01 5.147059e-01 1.765847e-01
3.774510e-01 5.147059e-01 2.271812e-01
3.872549e-01 5.147059e-01 2.822837e-01
3.970588e-01 5.147059e-01 3.390400e-01
4.068627e-01 5.147059e-01 3.939125e-01
4.166667e-01 5.147059e-01 4.430388e-01
4.264706e-01 5.147059e-01 4.826886e-01
4.362745e-01 5.147059e-01 5.097392e-01
4.460784e-01 5.147059e-01 5.220854e-01
4.558824e-01 5.147059e-01 5.189082e-01
4.656863e-01 5.147059e-01 5.007550e-01
4.754902e-01 5.147059e-01 4.694237e-01
4.852941e-01 5.147059e-01 4.276792e-01
4.950980e-01 5.147059e-01 3.788647e-01
5.049020e-01 5.147059e-01 3.264779e-01
5.147059e-01 5.147059e-01 2.737852e-01
5.245098e-01 5.147059e-01 2.235261e-01
5.343137e-01 5.147059e-01 1.777371e-01
5.441176e-01 5.147059e-01 1.376962e-01
5.539216e-01 5.147059e-01 1.039723e-01
5.637255e-01 5.147059e-01 7.654492e-02
5.735294e-01 5.147059e-01 5.496242e-02
5.833333e-01 5.147059e-01 3.850421e-02
5.931373e-01 5.147059e-01 2.632582e-02
6.029412e-01 5.147059e-01 1.757198e-02
6.127451e-01 5.147059e-01 1.145395e-02
6.225490e-01 5.147059e-01 7.293103e-03
6.323529e-01 5.147059e-01 4.537487e-03
6.421569e-01 5.147059e-01 2.759210e-03
6.519608e-01 5.147059e-01 1.640354e-03
6.617647e-01 5.147059e-01 9.536495e-04
6.715686e-01 5.147059e-01 5.423119e-04
6.813725e-01 5.147059e-01 3.017396e-04
6.911765e-01 5.147059e-01 1.642946e-04
7.009804e-01 5.147059e-01 8.758574e-05
7.107843e-01 5.147059e-01 4.567203e-05
7.205882e-01 5.147059e-01 2.343096e-05
7.303922e-01 5.147059e-01 1.153112e-05
7.401961e-01 5.147059e-01 6.084012e-06
7.500000e-01 5.147059e-01 2.060129e-06
7.598039e-01 5.147059e-01 2.609253e-06
7.696078e-01 5.147059e-01 -1.686487e-06
7.794118e-01 5.147059e-01 3.944691e-06
7.892157e-01 5.147059e-01 -5.230709e-06
7.990196e-01 5.147059e-01 6.975616e-06
8.088235e-01 5.147059e-01 -7.638354e-06
8.186275e-01 5.147059e-01 6.708095e-06
8.284314e-01 5.147059e-01 -3.547164e-06
8.382353e-01 5.147059e-01 -1.168348e-06
8.480392e-01 5.147059e-01 5.399759e-06
8.578431e-01 5.147059e-01 -6.391374e-06
8.676471e-01 5.147059e-01 2.817888e-06
8.774510e-01 5.147059e-01 3.155918e-06
8.872549e-01 5.147059e-01 -6.400734e-06
8.970588e-01 5.147059e-01 3.232622e-06
9.068627e-01 5.147059e-01 3.635239e-06
9.166667e-01 5.147059e-01 -6.291317e-06
9.264706e-01 5.147059e-01 7.544856e-07
9.362745e-01 5.147059e-01 6.028064e-06
9.460784e-01 5.147059e-01 -3.899385e-06
9.558824e-01 5.147059e-01 -4.604267e-06
9.656863e-01 5.147059e-01 5.506277e-06
9.754902e-01 5.147059e-01 3.567492e-06
9.852941e-01 5.147059e-01 -6.143880e-06
9.950980e-01 5.147059e-01 -3.591287e-06
4.901961e-03 5.245098e-01 -5.015807e-06
1.470588e-02 5.245098e-01 -2.932116e-06
2.450980e-02 5.245098e-01 4.987927e-06
3.431373e-02 5.245098e-01 3.965202e-06
4.411765e-02 5.245098e-01 -4.096198e-06
5.392157e-02 5.245098e-01 -5.726687e-06
6.372549e-02 5.245098e-01 1.523892e-06
7.352941e-02 5.245098e-01 6.927068e-06
8.333333e-02 5.245098e-01 3.171357e-06
9.313725e-02 5.245098e-01 -4.825727e-06
1.029412e-01 5.245098e-01 -7.708345e-06
1.127451e-01 5.245098e-01 -2.576660e-06
1.225490e-01 5.245098e-01 5.421636e-06
1.323529e-01 5.245098e-01 9.392049e-06
1.421569e-01 5.245098e-01 6.578419e-06
1.519608e-01 5.245098e-01 -8.349775e-07
1.617647e-01 5.245098e-01 -8.628391e-06
1.715686e-01 5.245098e-01 -1.360973e-05
1.813725e-01 5.245098e-01 -1.478708e-05
1.911765e-01 5.245098e-01 -1.274437e-05
2.009804e-01 5.245098e-01 -8.199271e-06
2.107843e-01 5.245098e-01 -3.579251e-07
2.205882e-01 5.245098e-01 1.514843e-05
2.303922e-01 5.245098e-01 4.968940e-05
2.401961e-01 5.245098e-01 1.278519e-04
2.500000e-01 5.245098e-01 2.981280e-04
2.598039e-01 5.245098e-01 6.496874e-04
2.696078e-01 5.245098e-01 1.336195e-03
2.794118e-01 5.245098e-01 2.606041e-03
2.892157e-01 5.245098e-01 4.835612e-03
2.990196e-01 5.245098e-01 8.558508e-03
3.088235e-01 5.245098e-01 1.447969e-02
3.186275e-01 5.245098e-01 2.346087e-02
3.284314e-01 5.245098e-01 3.646371e-02
3.382353e-01 5.245098e-01 5.444241e-02
3.480392e-01 5.245098e-01 7.818704e-02
3.578431e-01 5.245098e-01 1.081333e-01
3.676471e-01 5.245098e-01 1.441687e-01
3.774510e-01 5.245098e-01 1.854771e-01
3.872549e-01 5.245098e-01 2.304644e-01
3.970588e-01 5.245098e-01 2.768018e-01
4.068627e-01 5.245098e-01 3.216013e-01
4.166667e-01 5.245098e-01 3.617094e-01
4.264706e-01 5.245098e-01 3.940807e-01
4.362745e-01 5.245098e-01 4.161656e-01
4.460784e-01 5.245098e-01 4.262454e-01
4.558824e-01 5.245098e-01 4.236515e-01
4.656863e-01 5.245098e-01 4.088308e-01
4.754902e-01 5.245098e-01 3.832510e-01
4.852941e-01 5.245098e-01 3.491697e-01
4.950980e-01 5.245098e-01 3.093161e-01
5.049020e-01 5.245098e-01 2.665460e-01
5.147059e-01 5.245098e-01 2.235261e-01
5.245098e-01 5.245098e-01 1.824932e-01
5.343137e-01 5.245098e-01 1.451097e-01
5.441176e-01 5.245098e-01 1.124191e-01
5.539216e-01 5.245098e-01 8.488593e-02
5.637255e-01 5.245098e-01 6.249345e-02
5.735294e-01 5.245098e-01 4.487287e-02
5.833333e-01 5.245098e-01 3.143592e-02
5.931373e-01 5.245098e-01 2.149313e-02
6.029412e-01 5.245098e-01 1.434625e-02
6.127451e-01 5.245098e-01 9.351312e-03
6.225490e-01 5.245098e-01 5.954281e-03
6.323529e-01 5.245098e-01 3.704521e-03
6.421569e-01 5.245098e-01 2.252688e-03
6.519608e-01 5.245098e-01 1.339225e-03
6.617647e-01 5.245098e-01 7.785819e-04
6.715686e-01 5.245098e-01 4.427557e-04
6.813725e-01 5.245098e-01 2.463467e-04
6.911765e-01 5.245098e-01 1.341334e-04
7.009804e-01 5.245098e-01 7.150667e-05
7.107843e-01 5.245098e-01 3.728745e-05
7.205882e-01 5.245098e-01 1.912941e-05
7.303922e-01 5.245098e-01 9.414171e-06
7.401961e-01 5.245098e-01 4.967067e-06
7.500000e-01 5.245098e-01 1.681901e-06
7.598039e-01 5.245098e-01 2.130242e-06
7.696078e-01 5.245098e-01 -1.376914e-06
7.794118e-01 5.245098e-01 3.220564e-06
7.892157e-01 5.245098e-01 -4.270524e-06
7.990196e-01 5.245098e-01 5.695112e-06
8.088235e-01 5.245098e-01 -6.236180e-06
8.186275e-01 5.245098e-01 5.476659e-06
8.284314e-01 5.245098e-01 -2.895952e-06
8.382353e-01 5.245098e-01 -9.539352e-07
8.480392e-01 5.245098e-01 4.408539e-06
8.578431e-01 5.245098e-01 -5.218042e-06
8.676471e-01 5.245098e-01 2.300493e-06
8.774510e-01 5.245098e-01 2.576646e-06
8.872549e-01 5.245098e-01 -5.225673e-06
8.970588e-01 5.245098e-01 2.639050e-06
9.068627e-01 5.245098e-01 2.967973e-06
9.166667e-01 5.245098e-01 -5.136276e-06
9.264706e-01 5.245098e-01 6.158148e-07
9.362745e-01 5.245098e-01 4.921432e-06
9.460784e-01 5.245098e-01 -3.183352e-06
9.558824e-01 5.245098e-01 -3.759086e-06
9.656863e-01 5.245098e-01 4.495253e-06
9.754902e-01 5.245098e-01 2.912683e-06
9.852941e-01 5.245098e-01 -5.015807e-06
9.950980e-01 5.245098e-01 -2.932116e-06
4.901961e-03 5.343137e-01 -3.988145e-06
1.470588e-02 5.343137e-01 -2.331562e-06
2.450980e-02 5.343137e-01 3.965965e-06
3.431373e-02 5.343137e-01 3.152988e-06
4.411765e-02 5.343137e-01 -3.256892e-06
5.392157e-02 5.343137e-01 -4.553558e-06
6.372549e-02 5.343137e-01 1.211538e-06
7.352941e-02 5.343137e-01 5.507943e-06
8.333333e-02 5.343137e-01 2.521803e-06
9.313725e-02 5.343137e-01 -3.837003e-06
1.029412e-01 5.343137e-01 -6.129242e-06
1.127451e-01 5.343137e-01 -2.048939e-06
1.225490e-01 5.343137e-01 4.310873e-06
1.323529e-01 5.343137e-01 7.468037e-06
1.421569e-01 5.343137e-01 5.230886e-06
1.519608e-01 5.343137e-01 -6.638334e-07
1.617647e-01 5.343137e-01 -6.860797e-06
1.715686e-01 5.343137e-01 -1.082177e-05
1.813725e-01 5.343137e-01 -1.175799e-05
1.911765e-01 5.343137e-01 -1.013375e-05
2.009804e-01 5.343137e-01 -6.519714e-06
2.107843e-01 5.343137e-01 -2.846502e-07
2.205882e-01 5.343137e-01 1.204527e-05
2.303922e-01 5.343137e-01 3.951061e-05
2.401961e-01 5.343137e-01 1.016617e-04
2.500000e-01 5.343137e-01 2.370572e-04
2.598039e-01 5.343137e-01 5.166003e-04
2.696078e-01 5.343137e-01 1.062478e-03
2.794118e-01 5.343137e-01 2.072198e-03
2.892157e-01 5.343137e-01 3.845044e-03
2.990196e-01 5.343137e-01 6.805307e-03
3.088235e-01 5.343137e-01 1.151354e-02
3.186275e-01 5.343137e-01 1.865493e-02
3.284314e-01 5.343137e-01 2.899414e-02
3.382353e-01 5.343137e-01 4.328991e-02
3.480392e-01 5.343137e-01 6.217046e-02
3.578431e-01 5.343137e-01 8.598223e-02
3.676471e-01 5.343137e-01 1.146358e-01
3.774510e-01 5.343137e-01 1.474822e-01
3.872549e-01 5.343137e-01 1.832539e-01
3.970588e-01 5.343137e-01 2.200991e-01
4.068627e-01 5.343137e-01 2.557215e-01
4.166667e-01 5.343137e-01 2.876135e-01
4.264706e-01 5.343137e-01 3.133536e-01
4.362745e-01 5.343137e-01 3.309144e-01
4.460784e-01 5.343137e-01 3.389294e-01
4.558824e-01 5.343137e-01 3.368669e-01
4.656863e-01 5.343137e-01 3.250823e-01
4.754902e-01 5.343137e-01 3.047425e-01
4.852941e-01 5.343137e-01 2.776427e-01
4.950980e-01 5.343137e-01 2.459531e-01
5.049020e-01 5.343137e-01 2.119444e-01
5.147059e-01 5.343137e-01 1.777371e-01
5.245098e-01 5.343137e-01 1.451097e-01
5.343137e-01 5.343137e-01 1.153841e-01
5.441176e-01 5.343137e-01 8.939019e-02
5.539216e-01 5.343137e-01 6.749711e-02
5.637255e-01 5.343137e-01 4.969171e-02
5.735294e-01 5.343137e-01 3.568068e-02
5.833333e-01 5.343137e-01 2.499627e-02
5.931373e-01 5.343137e-01 1.709025e-02
6.029412e-01 5.343137e-01 1.140741e-02
6.127451e-01 5.343137e-01 7.435684e-03
6.225490e-01 5.343137e-01 4.734536e-03
6.323529e-01 5.343137e-01 2.945641e-03
6.421569e-01 5.343137e-01 1.791218e-03
6.519608e-01 5.343137e-01 1.064879e-03
6.617647e-01 5.343137e-01 6.190855e-04
6.715686e-01 5.343137e-01 3.520545e-04
6.813725e-01 5.343137e-01 1.958808e-04
6.911765e-01 5.343137e-01 1.066551e-04
7.009804e-01 5.343137e-01 5.685783e-05
7.107843e-01 5.343137e-01 2.964870e-05
7.205882e-01 5.343137e-01 1.521051e-05
7.303922e-01 5.343137e-01 7.485540e-06
7.401961e-01 5.343137e-01 3.949483e-06
7.500000e-01 5.343137e-01 1.337324e-06
7.598039e-01 5.343137e-01 1.693840e-06
7.696078e-01 5.343137e-01 -1.094869e-06
7.794118e-01 5.343137e-01 2.560838e-06
7.892157e-01 5.343137e-01 -3.395731e-06
7.990196e-01 5.343137e-01 4.528492e-06
8.088235e-01 5.343137e-01 -4.958715e-06
8.186275e-01 5.343137e-01 4.354757e-06
8.284314e-01 5.343137e-01 -2.302677e-06
8.382353e-01 5.343137e-01 -7.585756e-07
8.480392e-01 5.343137e-01 3.505478e-06
8.578431e-01 5.343137e-01 -4.149091e-06
8.676471e-01 5.343137e-01 1.829150e-06
8.774510e-01 5.343137e-01 2.048882e-06
8.872549e-01 5.343137e-01 -4.155153e-06
8.970588e-01 5.343137e-01 2.098320e-06
9.068627e-01 5.343137e-01 2.360046e-06
9.166667e-01 5.343137e-01 -4.084015e-06
9.264706e-01 5.343137e-01 4.895240e-07
9.362745e-01 5.343137e-01 3.913254e-06
9.460784e-01 5.343137e-01 -2.531071e-06
9.558824e-01 5.343137e-01 -2.989083e-06
9.656863e-01 5.343137e-01 3.574228e-06
9.754902e-01 5.343137e-01 2.316104e-06
9.852941e-01 5.343137e-01 -3.988145e-06
9.950980e-01 5.343137e-01 -2.331562e-06
4.901961e-03 5.441176e-01 -3.089557e-06
1.470588e-02 5.441176e-01 -1.806384e-06
2.450980e-02 5.441176e-01 3.072364e-06
3.431373e-02 5.441176e-01 2.442734e-06
4.411765e-02 5.441176e-01 -2.523017e-06
5.392157e-02 5.441176e-01 -3.527723e-06
6.372549e-02 5.441176e-01 9.384509e-07
7.352941e-02 5.441176e-01 4.267022e-06
8.333333e-02 5.441176e-01 1.953774e-06
9.313725e-02 5.441176e-01 -2.972460e-06
1.029412e-01 5.441176e-01 -4.748406e-06
1.127451e-01 5.441176e-01 -1.587443e-06
1.225490e-01 5.441176e-01 3.339601e-06
1.323529e-01 5.441176e-01 5.785590e-06
1.421569e-01 5.441176e-01 4.052513e-06
1.519608e-01 5.441176e-01 -5.142026e-07
1.617647e-01 5.441176e-01 -5.315129e-06
1.715686e-01 5.441176e-01 -8.383813e-06
1.813725e-01 5.441176e-01 -9.109157e-06
1.911765e-01 5.441176e-01 -7.850847e-06
2.009804e-01 5.441176e-01 -5.050982e-06
2.107843e-01 5.441176e-01 -2.205502e-07
2.205882e-01 5.441176e-01 9.331689e-06
2.303922e-01 5.441176e-01 3.060964e-05
2.401961e-01 5.441176e-01 7.875937e-05
2.500000e-01 5.441176e-01 1.836529e-04
2.598039e-01 5.441176e-01 4.002204e-04
2.696078e-01 5.441176e-01 8.231221e-04
2.794118e-01 5.441176e-01 1.605371e-03
2.892157e-01 5.441176e-01 2.978828e-03
2.990196e-01 5.441176e-01 5.272197e-03
3.088235e-01 5.441176e-01 8.919749e-03
3.186275e-01 5.441176e-01 1.445231e-02
3.284314e-01 5.441176e-01 2.246229e-02
3.382353e-01 5.441176e-01 3.353747e-02
3.480392e-01 5.441176e-01 4.816457e-02
3.578431e-01 5.441176e-01 6.661197e-02
3.676471e-01 5.441176e-01 8.881043e-02
3.774510e-01 5.441176e-01 1.142571e-01
3.872549e-01 5.441176e-01 1.419701e-01
3.970588e-01 5.441176e-01 1.705148e-01
4.068627e-01 5.441176e-01 1.981120e-01
4.166667e-01 5.441176e-01 2.228194e-01
4.264706e-01 5.441176e-01 2.427607e-01
4.362745e-01 5.441176e-01 2.563655e-01
4.460784e-01 5.441176e-01 2.625749e-01
4.558824e-01 5.441176e-01 2.609770e-01
4.656863e-01 5.441176e-01 2.518473e-01
4.754902e-01 5.441176e-01 2.360897e-01
4.852941e-01 5.441176e-01 2.150949e-01
4.950980e-01 5.441176e-01 1.905444e-01
5.049020e-01 5.441176e-01 1.641972e-01
5.147059e-01 5.441176e-01 1.376962e-01
5.245098e-01 5.441176e-01 1.124191e-01
5.343137e-01 5.441176e-01 8.939019e-02
5.441176e-01 5.441176e-01 6.925221e-02
5.539216e-01 5.441176e-01 5.229123e-02
5.637255e-01 5.441176e-01 3.849705e-02
5.735294e-01 5.441176e-01 2.764244e-02
5.833333e-01 5.441176e-01 1.936504e-02
5.931373e-01 5.441176e-01 1.324010e-02
6.029412e-01 5.441176e-01 8.837501e-03
6.127451e-01 5.441176e-01 5.760540e-03
6.225490e-01 5.441176e-01 3.667916e-03
6.323529e-01 5.441176e-01 2.282030e-03
6.421569e-01 5.441176e-01 1.387680e-03
6.519608e-01 5.441176e-01 8.249754e-04
6.617647e-01 5.441176e-01 4.796127e-04
6.715686e-01 5.441176e-01 2.727403e-04
6.813725e-01 5.441176e-01 1.517507e-04
6.911765e-01 5.441176e-01 8.262654e-05
7.009804e-01 5.441176e-01 4.404813e-05
7.107843e-01 5.441176e-01 2.296899e-05
7.205882e-01 5.441176e-01 1.178363e-05
7.303922e-01 5.441176e-01 5.799057e-06
7.401961e-01 5.441176e-01 3.059664e-06
7.500000e-01 5.441176e-01 1.036014e-06
7.598039e-01 5.441176e-01 1.312228e-06
7.696078e-01 5.441176e-01 -8.482272e-07
7.794118e-01 5.441176e-01 1.983931e-06
7.892157e-01 5.441176e-01 -2.630751e-06
7.990196e-01 5.441176e-01 3.508321e-06
8.088235e-01 5.441176e-01 -3.841619e-06
8.186275e-01 5.441176e-01 3.373702e-06
8.284314e-01 5.441176e-01 -1.783895e-06
8.382353e-01 5.441176e-01 -5.877262e-07
8.480392e-01 5.441176e-01 2.715782e-06
8.578431e-01 5.441176e-01 -3.214351e-06
8.676471e-01 5.441176e-01 1.417007e-06
8.774510e-01 5.441176e-01 1.587360e-06
8.872549e-01 5.441176e-01 -3.219046e-06
8.970588e-01 5.441176e-01 1.625511e-06
9.068627e-01 5.441176e-01 1.828427e-06
9.166667e-01 5.441176e-01 -3.163893e-06
9.264706e-01 5.441176e-01 3.791283e-07
9.362745e-01 5.441176e-01 3.031661e-06
9.460784e-01 5.441176e-01 -1.960733e-06
9.558824e-01 5.441176e-01 -2.315742e-06
9.656863e-01 5.441176e-01 2.768888e-06
9.754902e-01 5.441176e-01 1.794404e-06
9.852941e-01 5.441176e-01 -3.089557e-06
9.950980e-01 5.441176e-01 -1.806384e-06
4.901961e-03 5.539216e-01 -2.332782e-06
1.470588e-02 5.539216e-01 -1.364043e-06
2.450980e-02 5.539216e-01 2.319791e-06
3.431373e-02 5.539216e-01 1.844523e-06
4.411765e-02 5.539216e-01 -1.904974e-06
5.392157e-02 5.539216e-01 -2.663738e-06
6.372549e-02 5.539216e-01 7.084929e-07
7.352941e-02 5.539216e-01 3.221907e-06
8.333333e-02 5.539216e-01 1.475339e-06
9.313725e-02 5.539216e-01 -2.244356e-06
1.029412e-01 5.539216e-01 -3.585433e-06
1.127451e-01 5.539216e-01 -1.198730e-06
1.225490e-01 5.539216e-01 2.521597e-06
1.323529e-01 5.539216e-01 4.368588e-06
1.421569e-01 5.539216e-01 3.060034e-06
1.519608e-01 5.539216e-01 -3.882023e-07
1.617647e-01 5.539216e-01 -4.013330e-06
1.715686e-01 5.539216e-01 -6.330482e-06
1.813725e-01 5.539216e-01 -6.878206e-06
1.911765e-01 5.539216e-01 -5.928084e-06
2.009804e-01 5.539216e-01 -3.813945e-06
2.107843e-01 5.539216e-01 -1.665479e-07
2.205882e-01 5.539216e-01 7.046220e-06
2.303922e-01 5.539216e-01 2.311291e-05
2.401961e-01 5.539216e-01 5.947008e-05
2.500000e-01 5.539216e-01 1.386736e-04
2.598039e-01 5.539216e-01 3.022005e-04
2.696078e-01 5.539216e-01 6.215271e-04
2.794118e-01 5.539216e-01 1.212191e-03
2.892157e-01 5.539216e-01 2.249266e-03
2.990196e-01 5.539216e-01 3.980953e-03
3.088235e-01 5.539216e-01 6.735160e-03
3.186275e-01 5.539216e-01 1.091271e-02
3.284314e-01 5.539216e-01 1.696091e-02
3.382353e-01 5.539216e-01 2.532360e-02
3.480392e-01 5.539216e-01 3.636828e-02
3.578431e-01 5.539216e-01 5.029761e-02
3.676471e-01 5.539216e-01 6.705931e-02
3.774510e-01 5.539216e-01 8.627369e-02
3.872549e-01 5.539216e-01 1.071993e-01
3.970588e-01 5.539216e-01 1.287530e-01
4.068627e-01 5.539216e-01 1.495912e-01
4.166667e-01 5.539216e-01 1.682474e-01
4.264706e-01 5.539216e-01 1.833048e-01
4.362745e-01 5.539216e-01 1.935775e-01
4.460784e-01 5.539216e-01 1.982662e-01
4.558824e-01 5.539216e-01 1.970597e-01
4.656863e-01 5.539216e-01 1.901659e-01
4.754902e-01 5.539216e-01 1.782676e-01
4.852941e-01 5.539216e-01 1.624149e-01
4.950980e-01 5.539216e-01 1.438771e-01
5.049020e-01 5.539216e-01 1.239828e-01
5.147059e-01 5.539216e-01 1.039723e-01
5.245098e-01 5.539216e-01 8.488593e-02
5.343137e-01 5.539216e-01 6.749711e-02
5.441176e-01 5.539216e-01 5.229123e-02
5.539216e-01 5.539216e-01 3.948425e-02
5.637255e-01 5.539216e-01 2.906848e-02
5.735294e-01 5.539216e-01 2.087234e-02
5.833333e-01 5.539216e-01 1.462220e-02
5.931373e-01 5.539216e-01 9.997364e-03
6.029412e-01 5.539216e-01 6.673034e-03
6.127451e-01 5.539216e-01 4.349674e-03
6.225490e-01 5.539216e-01 2.769571e-03
6.323529e-01 5.539216e-01 1.723114e-03
6.421569e-01 5.539216e-01 1.047808e-03
6.519608e-01 5.539216e-01 6.229205e-04
6.617647e-01 5.539216e-01 3.621443e-04
6.715686e-01 5.539216e-01 2.059395e-04
6.813725e-01 5.539216e-01 1.145830e-04
6.911765e-01 5.539216e-01 6.238904e-05
7.009804e-01 5.539216e-01 3.325947e-05
7.107843e-01 5.539216e-01 1.734318e-05
7.205882e-01 5.539216e-01 8.897436e-06
7.303922e-01 5.539216e-01 4.378670e-06
7.401961e-01 5.539216e-01 2.310242e-06
7.500000e-01 5.539216e-01 7.822483e-07
7.598039e-01 5.539216e-01 9.908241e-07
7.696078e-01 5.539216e-01 -6.404921e-07
7.794118e-01 5.539216e-01 1.498035e-06
7.892157e-01 5.539216e-01 -1.986451e-06
7.990196e-01 5.539216e-01 2.649091e-06
8.088235e-01 5.539216e-01 -2.900757e-06
8.186275e-01 5.539216e-01 2.547426e-06
8.284314e-01 5.539216e-01 -1.346968e-06
8.382353e-01 5.539216e-01 -4.438174e-07
8.480392e-01 5.539216e-01 2.050667e-06
8.578431e-01 5.539216e-01 -2.427091e-06
8.676471e-01 5.539216e-01 1.069907e-06
8.774510e-01 5.539216e-01 1.198636e-06
8.872549e-01 5.539216e-01 -2.430636e-06
8.970588e-01 5.539216e-01 1.227325e-06
9.068627e-01 5.539216e-01 1.380666e-06
9.166667e-01 5.539216e-01 -2.388960e-06
9.264706e-01 5.539216e-01 2.861836e-07
9.362745e-01 5.539216e-01 2.289162e-06
9.460784e-01 5.539216e-01 -1.480419e-06
9.558824e-01 5.539216e-01 -1.748624e-06
9.656863e-01 5.539216e-01 2.090647e-06
9.754902e-01 5.539216e-01 1.354993e-06
9.852941e-01 5.539216e-01 -2.332782e-06
9.950980e-01 5.539216e-01 -1.364043e-06
4.901961e-03 5.637255e-01 -1.717341e-06
1.470588e-02 5.637255e-01 -1.004274e-06
2.450980e-02 5.637255e-01 1.707771e-06
3.431373e-02 5.637255e-01 1.357994e-06
4.411765e-02 5.637255e-01 -1.402368e-06
5.392157e-02 5.637255e-01 -1.961073e-06
6.372549e-02 5.637255e-01 5.215083e-07
7.352941e-02 5.637255e-01 2.371953e-06
8.333333e-02 5.637255e-01 1.086214e-06
9.313725e-02 5.637255e-01 -1.652233e-06
1.029412e-01 5.637255e-01 -2.639612e-06
1.127451e-01 5.637255e-01 -8.825732e-07
1.225490e-01 5.637255e-01 1.856354e-06
1.323529e-01 5.637255e-01 3.216169e-06
1.421569e-01 5.637255e-01 2.252851e-06
1.519608e-01 5.637255e-01 -2.857481e-07
1.617647e-01 5.637255e-01 -2.954607e-06
1.715686e-01 5.637255e-01 -4.660537e-06
1.813725e-01 5.637255e-01 -5.063793e-06
1.911765e-01 5.637255e-01 -4.364313e-06
2.009804e-01 5.637255e-01 -2.807866e-06
2.107843e-01 5.637255e-01 -1.226197e-07
2.205882e-01 5.637255e-01 5.187477e-06
2.303922e-01 5.637255e-01 1.701589e-05
2.401961e-01 5.637255e-01 4.378229e-05
2.500000e-01 5.637255e-01 1.020924e-04
2.598039e-01 5.637255e-01 2.224819e-04
2.696078e-01 5.637255e-01 4.575719e-04
2.794118e-01 5.637255e-01 8.924218e-04
2.892157e-01 5.637255e-01 1.655922e-03
2.990196e-01 5.637255e-01 2.930798e-03
3.088235e-01 5.637255e-01 4.958458e-03
3.186275e-01 5.637255e-01 8.033987e-03
3.284314e-01 5.637255e-01 1.248670e-02
3.382353e-01 5.637255e-01 1.864335e-02
3.480392e-01 5.637255e-01 2.677450e-02
3.578431e-01 5.637255e-01 3.702934e-02
3.676471e-01 5.637255e-01 4.936939e-02
3.774510e-01 5.637255e-01 6.351512e-02
3.872549e-01 5.637255e-01 7.892066e-02
3.970588e-01 5.637255e-01 9.478858e-02
4.068627e-01 5.637255e-01 1.101298e-01
4.166667e-01 5.637255e-01 1.238646e-01
4.264706e-01 5.637255e-01 1.349500e-01
4.362745e-01 5.637255e-01 1.425128e-01
4.460784e-01 5.637255e-01 1.459646e-01
4.558824e-01 5.637255e-01 1.450764e-01
4.656863e-01 5.637255e-01 1.400012e-01
4.754902e-01 5.637255e-01 1.312416e-01
4.852941e-01 5.637255e-01 1.195707e-01
4.950980e-01 5.637255e-01 1.059231e-01
5.049020e-01 5.637255e-01 9.127679e-02
5.147059e-01 5.637255e-01 7.654492e-02
5.245098e-01 5.637255e-01 6.249345e-02
5.343137e-01 5.637255e-01 4.969171e-02
5.441176e-01 5.637255e-01 3.849705e-02
5.539216e-01 5.637255e-01 2.906848e-02
5.637255e-01 5.637255e-01 2.140033e-02
5.735294e-01 5.637255e-01 1.536629e-02
5.833333e-01 5.637255e-01 1.076491e-02
5.931373e-01 5.637255e-01 7.360086e-03
6.029412e-01 5.637255e-01 4.912701e-03
6.127451e-01 5.637255e-01 3.202236e-03
6.225490e-01 5.637255e-01 2.038960e-03
6.323529e-01 5.637255e-01 1.268556e-03
6.421569e-01 5.637255e-01 7.713948e-04
6.519608e-01 5.637255e-01 4.585927e-04
6.617647e-01 5.637255e-01 2.666094e-04
6.715686e-01 5.637255e-01 1.516117e-04
6.813725e-01 5.637255e-01 8.435532e-05
6.911765e-01 5.637255e-01 4.593035e-05
7.009804e-01 5.637255e-01 2.448532e-05
7.107843e-01 5.637255e-01 1.276787e-05
7.205882e-01 5.637255e-01 6.550179e-06
7.303922e-01 5.637255e-01 3.223512e-06
7.401961e-01 5.637255e-01 1.700763e-06
7.500000e-01 5.637255e-01 5.758718e-07
7.598039e-01 5.637255e-01 7.294348e-07
7.696078e-01 5.637255e-01 -4.715404e-07
7.794118e-01 5.637255e-01 1.102862e-06
7.892157e-01 5.637255e-01 -1.462445e-06
7.990196e-01 5.637255e-01 1.950285e-06
8.088235e-01 5.637255e-01 -2.135562e-06
8.186275e-01 5.637255e-01 1.875428e-06
8.284314e-01 5.637255e-01 -9.916297e-07
8.382353e-01 5.637255e-01 -3.267673e-07
8.480392e-01 5.637255e-01 1.509732e-06
8.578431e-01 5.637255e-01 -1.786829e-06
8.676471e-01 5.637255e-01 7.876336e-07
8.774510e-01 5.637255e-01 8.824793e-07
8.872549e-01 5.637255e-01 -1.789441e-06
8.970588e-01 5.637255e-01 9.035109e-07
9.068627e-01 5.637255e-01 1.016494e-06
9.166667e-01 5.637255e-01 -1.758736e-06
9.264706e-01 5.637255e-01 2.106215e-07
9.362745e-01 5.637255e-01 1.685302e-06
9.460784e-01 5.637255e-01 -1.089819e-06
9.558824e-01 5.637255e-01 -1.287385e-06
9.656863e-01 5.637255e-01 1.539078e-06
9.754902e-01 5.637255e-01 9.976086e-07
9.852941e-01 5.637255e-01 -1.717341e-06
9.950980e-01 5.637255e-01 -1.004274e-06
4.901961e-03 5.735294e-01 -1.233079e-06
1.470588e-02 5.735294e-01 -7.211572e-07
2.450980e-02 5.735294e-01 1.226202e-06
3.431373e-02 5.735294e-01 9.751346e-07
4.411765e-02 5.735294e-01 -1.006900e-06
5.392157e-02 5.735294e-01 -1.408149e-06
6.372549e-02 5.735294e-01 3.744004e-07
7.352941e-02 5.735294e-01 1.703142e-06
8.333333e-02 5.735294e-01 7.799951e-07
9.313725e-02 5.735294e-01 -1.186321e-06
1.029412e-01 5.735294e-01 -1.895355e-06
1.127451e-01 5.735294e-01 -6.337717e-07
1.225490e-01 5.735294e-01 1.332898e-06
1.323529e-01 5.735294e-01 2.309341e-06
1.421569e-01 5.735294e-01 1.617672e-06
1.519608e-01 5.735294e-01 -2.051434e-07
1.617647e-01 5.735294e-01 -2.121513e-06
1.715686e-01 5.735294e-01 -3.346463e-06
1.813725e-01 5.735294e-01 -3.636031e-06
1.911765e-01 5.735294e-01 -3.133777e-06
2.009804e-01 5.735294e-01 -2.016177e-06
2.107843e-01 5.735294e-01 -8.804799e-08
2.205882e-01 5.735294e-01 3.724836e-06
2.303922e-01 5.735294e-01 1.221815e-05
2.401961e-01 5.735294e-01 3.143757e-05
2.500000e-01 5.735294e-01 7.330673e-05
2.598039e-01 5.735294e-01 1.597514e-04
2.696078e-01 5.735294e-01 3.285558e-04
2.794118e-01 5.735294e-01 6.407960e-04
2.892157e-01 5.735294e-01 1.189020e-03
2.990196e-01 5.735294e-01 2.104434e-03
3.088235e-01 5.735294e-01 3.560377e-03
3.186275e-01 5.735294e-01 5.768732e-03
3.284314e-01 5.735294e-01 8.965963e-03
3.382353e-01 5.735294e-01 1.338669e-02
3.480392e-01 5.735294e-01 1.922519e-02
3.578431e-01 5.735294e-01 2.658859e-02
3.676471e-01 5.735294e-01 3.544925e-02
3.774510e-01 5.735294e-01 4.560647e-02
3.872549e-01 5.735294e-01 5.666829e-02
3.970588e-01 5.735294e-01 6.806212e-02
4.068627e-01 5.735294e-01 7.907778e-02
4.166667e-01 5.735294e-01 8.893993e-02
4.264706e-01 5.735294e-01 9.689968e-02
4.362745e-01 5.735294e-01 1.023301e-01
4.460784e-01 5.735294e-01 1.048087e-01
4.558824e-01 5.735294e-01 1.041709e-01
4.656863e-01 5.735294e-01 1.005267e-01
4.754902e-01 5.735294e-01 9.423696e-02
4.852941e-01 5.735294e-01 8.585675e-02
4.950980e-01 5.735294e-01 7.605722e-02
5.049020e-01 5.735294e-01 6.554052e-02
5.147059e-01 5.735294e-01 5.496242e-02
5.245098e-01 5.735294e-01 4.487287e-02
5.343137e-01 5.735294e-01 3.568068e-02
5.441176e-01 5.735294e-01 2.764244e-02
5.539216e-01 5.735294e-01 2.087234e-02
5.637255e-01 5.735294e-01 1.536629e-02
5.735294e-01 5.735294e-01 1.103360e-02
5.833333e-01 5.735294e-01 7.729626e-03
5.931373e-01 5.735294e-01 5.284824e-03
6.029412e-01 5.735294e-01 3.527505e-03
6.127451e-01 5.735294e-01 2.299324e-03
6.225490e-01 5.735294e-01 1.464047e-03
6.323529e-01 5.735294e-01 9.108678e-04
6.421569e-01 5.735294e-01 5.538878e-04
6.519608e-01 5.735294e-01 3.292847e-04
6.617647e-01 5.735294e-01 1.914341e-04
6.715686e-01 5.735294e-01 1.088618e-04
6.813725e-01 5.735294e-01 6.056957e-05
6.911765e-01 5.735294e-01 3.297925e-05
7.009804e-01 5.735294e-01 1.758109e-05
7.107843e-01 5.735294e-01 9.167634e-06
7.205882e-01 5.735294e-01 4.703173e-06
7.303922e-01 5.735294e-01 2.314546e-06
7.401961e-01 5.735294e-01 1.221178e-06
7.500000e-01 5.735294e-01 4.134813e-07
7.598039e-01 5.735294e-01 5.237523e-07
7.696078e-01 5.735294e-01 -3.385904e-07
7.794118e-01 5.735294e-01 7.918998e-07
7.892157e-01 5.735294e-01 -1.050103e-06
7.990196e-01 5.735294e-01 1.400393e-06
8.088235e-01 5.735294e-01 -1.533430e-06
8.186275e-01 5.735294e-01 1.346636e-06
8.284314e-01 5.735294e-01 -7.120210e-07
8.382353e-01 5.735294e-01 -2.346521e-07
8.480392e-01 5.735294e-01 1.084066e-06
8.578431e-01 5.735294e-01 -1.283014e-06
8.676471e-01 5.735294e-01 5.655270e-07
8.774510e-01 5.735294e-01 6.336857e-07
8.872549e-01 5.735294e-01 -1.284892e-06
8.970588e-01 5.735294e-01 6.487214e-07
9.068627e-01 5.735294e-01 7.299179e-07
9.166667e-01 5.735294e-01 -1.262828e-06
9.264706e-01 5.735294e-01 1.511846e-07
9.362745e-01 5.735294e-01 1.210128e-06
9.460784e-01 5.735294e-01 -7.824844e-07
9.558824e-01 5.735294e-01 -9.244286e-07
9.656863e-01 5.735294e-01 1.105076e-06
9.754902e-01 5.735294e-01 7.163688e-07
9.852941e-01 5.735294e-01 -1.233079e-06
9.950980e-01 5.735294e-01 -7.211572e-07
4.901961e-03 5.833333e-01 -8.638124e-07
1.470588e-02 5.833333e-01 -5.052466e-07
2.450980e-02 5.833333e-01 8.589909e-07
3.431373e-02 5.833333e-01 6.831668e-07
4.411765e-02 5.833333e-01 -7.053496e-07
5.392157e-02 5.833333e-01 -9.865025e-07
6.372549e-02 5.833333e-01 2.622427e-07
7.352941e-02 5.833333e-01 1.193136e-06
8.333333e-02 5.833333e-01 5.464668e-07
9.313725e-02 5.833333e-01 -8.310496e-07
1.029412e-01 5.833333e-01 -1.327808e-06
1.127451e-01 5.833333e-01 -4.440279e-07
1.225490e-01 5.833333e-01 9.337415e-07
1.323529e-01 5.833333e-01 1.617824e-06
1.421569e-01 5.833333e-01 1.133293e-06
1.519608e-01 5.833333e-01 -1.436891e-07
1.617647e-01 5.833333e-01 -1.486227e-06
1.715686e-01 5.833333e-01 -2.344389e-06
1.813725e-01 5.833333e-01 -2.547256e-06
1.911765e-01 5.833333e-01 -2.195398e-06
2.009804e-01 5.833333e-01 -1.412452e-06
2.107843e-01 5.833333e-01 -6.168221e-08
2.205882e-01 5.833333e-01 2.609466e-06
2.303922e-01 5.833333e-01 8.559518e-06
2.401961e-01 5.833333e-01 2.202381e-05
2.500000e-01 5.833333e-01 5.135552e-05
2.598039e-01 5.833333e-01 1.119148e-04
2.696078e-01 5.833333e-01 2.301717e-04
2.794118e-01 5.833333e-01 4.489133e-04
2.892157e-01 5.833333e-01 8.329747e-04
2.990196e-01 5.833333e-01 1.474272e-03
3.088235e-01 5.833333e-01 2.494240e-03
3.186275e-01 5.833333e-01 4.041315e-03
3.284314e-01 5.833333e-01 6.281151e-03
3.382353e-01 5.833333e-01 9.378115e-03
3.480392e-01 5.833333e-01 1.346830e-02
3.578431e-01 5.833333e-01 1.862677e-02
3.676471e-01 5.833333e-01 2.483416e-02
3.774510e-01 5.833333e-01 3.194985e-02
3.872549e-01 5.833333e-01 3.969928e-02
3.970588e-01 5.833333e-01 4.768129e-02
4.068627e-01 5.833333e-01 5.539838e-02
4.166667e-01 5.833333e-01 6.230737e-02
4.264706e-01 5.833333e-01 6.788362e-02
4.362745e-01 5.833333e-01 7.168797e-02
4.460784e-01 5.833333e-01 7.342434e-02
4.558824e-01 5.833333e-01 7.297755e-02
4.656863e-01 5.833333e-01 7.042458e-02
4.754902e-01 5.833333e-01 6.601825e-02
4.852941e-01 5.833333e-01 6.014744e-02
4.950980e-01 5.833333e-01 5.328231e-02
5.049020e-01 5.833333e-01 4.591477e-02
5.147059e-01 5.833333e-01 3.850421e-02
5.245098e-01 5.833333e-01 3.143592e-02
5.343137e-01 5.833333e-01 2.499627e-02
5.441176e-01 5.833333e-01 1.936504e-02
5.539216e-01 5.833333e-01 1.462220e-02
5.637255e-01 5.833333e-01 1.076491e-02
5.735294e-01 5.833333e-01 7.729626e-03
5.833333e-01 5.833333e-01 5.415009e-03
5.931373e-01 5.833333e-01 3.702293e-03
6.029412e-01 5.833333e-01 2.471198e-03
6.127451e-01 5.833333e-01 1.610792e-03
6.225490e-01 5.833333e-01 1.025637e-03
6.323529e-01 5.833333e-01 6.381071e-04
6.421569e-01 5.833333e-01 3.880247e-04
6.519608e-01 5.833333e-01 2.306792e-04
6.617647e-01 5.833333e-01 1.341082e-04
6.715686e-01 5.833333e-01 7.626246e-05
6.813725e-01 5.833333e-01 4.243153e-05
6.911765e-01 5.833333e-01 2.310330e-05
7.009804e-01 5.833333e-01 1.231623e-05
7.107843e-01 5.833333e-01 6.422264e-06
7.205882e-01 5.833333e-01 3.294735e-06
7.303922e-01 5.833333e-01 1.621414e-06
7.401961e-01 5.833333e-01 8.554727e-07
7.500000e-01 5.833333e-01 2.896526e-07
7.598039e-01 5.833333e-01 3.669081e-07
7.696078e-01 5.833333e-01 -2.372048e-07
7.794118e-01 5.833333e-01 5.547691e-07
7.892157e-01 5.833333e-01 -7.356607e-07
7.990196e-01 5.833333e-01 9.810594e-07
8.088235e-01 5.833333e-01 -1.074260e-06
8.186275e-01 5.833333e-01 9.433954e-07
8.284314e-01 5.833333e-01 -4.988038e-07
8.382353e-01 5.833333e-01 -1.644010e-07
8.480392e-01 5.833333e-01 7.594615e-07
8.578431e-01 5.833333e-01 -8.988220e-07
8.676471e-01 5.833333e-01 3.961650e-07
8.774510e-01 5.833333e-01 4.439539e-07
8.872549e-01 5.833333e-01 -9.001400e-07
8.970588e-01 5.833333e-01 4.544402e-07
9.068627e-01 5.833333e-01 5.113734e-07
9.166667e-01 5.833333e-01 -8.846721e-07
9.264706e-01 5.833333e-01 1.058772e-07
9.362745e-01 5.833333e-01 8.477728e-07
9.460784e-01 5.833333e-01 -5.481391e-07
9.558824e-01 5.833333e-01 -6.476399e-07
9.656863e-01 5.833333e-01 7.741376e-07
9.754902e-01 5.833333e-01 5.018904e-07
9.852941e-01 5.833333e-01 -8.638124e-07
9.950980e-01 5.833333e-01 -5.052466e-07
4.901961e-03 5.931373e-01 -5.905827e-07
1.470588e-02 5.931373e-01 -3.454704e-07
2.450980e-02 5.931373e-01 5.872835e-07
3.431373e-02 5.931373e-01 4.671135e-07
4.411765e-02 5.931373e-01 -4.822307e-07
5.392157e-02 5.931373e-01 -6.744984e-07
6.372549e-02 5.931373e-01 1.792674e-07
7.352941e-02 5.931373e-01 8.157593e-07
8.333333e-02 5.931373e-01 3.736536e-07
9.313725e-02 5.931373e-01 -5.681771e-07
1.029412e-01 5.931373e-01 -9.078464e-07
1.127451e-01 5.931373e-01 -3.036133e-07
1.225490e-01 5.931373e-01 6.383935e-07
1.323529e-01 5.931373e-01 1.106131e-06
1.421569e-01 5.931373e-01 7.748658e-07
1.519608e-01 5.931373e-01 -9.822479e-08
1.617647e-01 5.931373e-01 -1.016147e-06
1.715686e-01 5.931373e-01 -1.602894e-06
1.813725e-01 5.931373e-01 -1.741603e-06
1.911765e-01 5.931373e-01 -1.501032e-06
2.009804e-01 5.931373e-01 -9.657167e-07
2.107843e-01 5.931373e-01 -4.217167e-08
2.205882e-01 5.931373e-01 1.784134e-06
2.303922e-01 5.931373e-01 5.852273e-06
2.401961e-01 5.931373e-01 1.505800e-05
2.500000e-01 5.931373e-01 3.511248e-05
2.598039e-01 5.931373e-01 7.651770e-05
2.696078e-01 5.931373e-01 1.573715e-04
2.794118e-01 5.931373e-01 3.069278e-04
2.892157e-01 5.931373e-01 5.695155e-04
2.990196e-01 5.931373e-01 1.007979e-03
3.088235e-01 5.931373e-01 1.705344e-03
3.186275e-01 5.931373e-01 2.763098e-03
3.284314e-01 5.931373e-01 4.294502e-03
3.382353e-01 5.931373e-01 6.411935e-03
3.480392e-01 5.931373e-01 9.208450e-03
3.578431e-01 5.931373e-01 1.273536e-02
3.676471e-01 5.931373e-01 1.697943e-02
3.774510e-01 5.931373e-01 2.184453e-02
3.872549e-01 5.931373e-01 2.714291e-02
3.970588e-01 5.931373e-01 3.260032e-02
4.068627e-01 5.931373e-01 3.787660e-02
4.166667e-01 5.931373e-01 4.260037e-02
4.264706e-01 5.931373e-01 4.641293e-02
4.362745e-01 5.931373e-01 4.901402e-02
4.460784e-01 5.931373e-01 5.020120e-02
4.558824e-01 5.931373e-01 4.989572e-02
4.656863e-01 5.931373e-01 4.815022e-02
4.754902e-01 5.931373e-01 4.513755e-02
4.852941e-01 5.931373e-01 4.112359e-02
4.950980e-01 5.931373e-01 3.642981e-02
5.049020e-01 5.931373e-01 3.139252e-02
5.147059e-01 5.931373e-01 2.632582e-02
5.245098e-01 5.931373e-01 2.149313e-02
5.343137e-01 5.931373e-01 1.709025e-02
5.441176e-01 5.931373e-01 1.324010e-02
5.539216e-01 5.931373e-01 9.997364e-03
5.637255e-01 5.931373e-01 7.360086e-03
5.735294e-01 5.931373e-01 5.284824e-03
5.833333e-01 5.931373e-01 3.702293e-03
5.931373e-01 5.931373e-01 2.531291e-03
6.029412e-01 5.931373e-01 1.689578e-03
6.127451e-01 5.931373e-01 1.101310e-03
6.225490e-01 5.931373e-01 7.012344e-04
6.323529e-01 5.931373e-01 4.362771e-04
6.421569e-01 5.931373e-01 2.652940e-04
6.519608e-01 5.931373e-01 1.577160e-04
6.617647e-01 5.931373e-01 9.168993e-05
6.715686e-01 5.931373e-01 5.214063e-05
6.813725e-01 5.931373e-01 2.901036e-05
6.911765e-01 5.931373e-01 1.579565e-05
7.009804e-01 5.931373e-01 8.420544e-06
7.107843e-01 5.931373e-01 4.390855e-06
7.205882e-01 5.931373e-01 2.252579e-06
7.303922e-01 5.931373e-01 1.108542e-06
7.401961e-01 5.931373e-01 5.848749e-07
7.500000e-01 5.931373e-01 1.980288e-07
7.598039e-01 5.931373e-01 2.508527e-07
7.696078e-01 5.931373e-01 -1.621824e-07
7.794118e-01 5.931373e-01 3.793020e-07
7.892157e-01 5.931373e-01 -5.029842e-07
7.990196e-01 5.931373e-01 6.707674e-07
8.088235e-01 5.931373e-01 -7.344906e-07
8.186275e-01 5.931373e-01 6.450138e-07
8.284314e-01 5.931373e-01 -3.410348e-07
8.382353e-01 5.931373e-01 -1.124129e-07
8.480392e-01 5.931373e-01 5.192636e-07
8.578431e-01 5.931373e-01 -6.145373e-07
8.676471e-01 5.931373e-01 2.708513e-07
8.774510e-01 5.931373e-01 3.035530e-07
8.872549e-01 5.931373e-01 -6.154405e-07
8.970588e-01 5.931373e-01 3.106901e-07
9.068627e-01 5.931373e-01 3.496515e-07
9.166667e-01 5.931373e-01 -6.048574e-07
9.264706e-01 5.931373e-01 7.236473e-08
9.362745e-01 5.931373e-01 5.796433e-07
9.460784e-01 5.931373e-01 -3.747469e-07
9.558824e-01 5.931373e-01 -4.428200e-07
9.656863e-01 5.931373e-01 5.292692e-07
9.754902e-01 5.931373e-01 3.431744e-07
9.852941e-01 5.931373e-01 -5.905827e-07
9.950980e-01 5.931373e-01 -3.454704e-07
4.901961e-03 6.029412e-01 -3.941930e-07
1.470588e-02 6.029412e-01 -2.306142e-07
2.450980e-02 6.029412e-01 3.919890e-07
3.431373e-02 6.029412e-01 3.118070e-07
4.411765e-02 6.029412e-01 -3.218636e-07
5.392157e-02 6.029412e-01 -4.502264e-07
6.372549e-02 6.029412e-01 1.196368e-07
7.352941e-02 6.029412e-01 5.445038e-07
8.333333e-02 6.029412e-01 2.494262e-07
9.313725e-02 6.029412e-01 -3.792338e-07
1.029412e-01 6.029412e-01 -6.059773e-07
1.127451e-01 6.029412e-01 -2.026743e-07
1.225490e-01 6.029412e-01 4.261049e-07
1.323529e-01 6.029412e-01 7.383263e-07
1.421569e-01 6.029412e-01 5.172220e-07
1.519608e-01 6.029412e-01 -6.555173e-08
1.617647e-01 6.029412e-01 -6.782560e-07
1.715686e-01 6.029412e-01 -1.069907e-06
1.813725e-01 6.029412e-01 -1.162496e-06
1.911765e-01 6.029412e-01 -1.001918e-06
2.009804e-01 6.029412e-01 -6.446011e-07
2.107843e-01 6.029412e-01 -2.814730e-08
2.205882e-01 6.029412e-01 1.190883e-06
2.303922e-01 6.029412e-01 3.906297e-06
2.401961e-01 6.029412e-01 1.005096e-05
2.500000e-01 6.029412e-01 2.343697e-05
2.598039e-01 6.029412e-01 5.107418e-05
2.696078e-01 6.029412e-01 1.050426e-04
2.794118e-01 6.029412e-01 2.048686e-04
2.892157e-01 6.029412e-01 3.801409e-04
2.990196e-01 6.029412e-01 6.728067e-04
3.088235e-01 6.029412e-01 1.138285e-03
3.186275e-01 6.029412e-01 1.844316e-03
3.284314e-01 6.029412e-01 2.866499e-03
3.382353e-01 6.029412e-01 4.279846e-03
3.480392e-01 6.029412e-01 6.146468e-03
3.578431e-01 6.029412e-01 8.500616e-03
3.676471e-01 6.029412e-01 1.133345e-02
3.774510e-01 6.029412e-01 1.458082e-02
3.872549e-01 6.029412e-01 1.811739e-02
3.970588e-01 6.029412e-01 2.176012e-02
4.068627e-01 6.029412e-01 2.528194e-02
4.166667e-01 6.029412e-01 2.843498e-02
4.264706e-01 6.029412e-01 3.097979e-02
4.362745e-01 6.029412e-01 3.271597e-02
4.460784e-01 6.029412e-01 3.350839e-02
4.558824e-01 6.029412e-01 3.330449e-02
4.656863e-01 6.029412e-01 3.213940e-02
4.754902e-01 6.029412e-01 3.012849e-02
4.852941e-01 6.029412e-01 2.744924e-02
4.950980e-01 6.029412e-01 2.431622e-02
5.049020e-01 6.029412e-01 2.095392e-02
5.147059e-01 6.029412e-01 1.757198e-02
5.245098e-01 6.029412e-01 1.434625e-02
5.343137e-01 6.029412e-01 1.140741e-02
5.441176e-01 6.029412e-01 8.837501e-03
5.539216e-01 6.029412e-01 6.673034e-03
5.637255e-01 6.029412e-01 4.912701e-03
5.735294e-01 6.029412e-01 3.527505e-03
5.833333e-01 6.029412e-01 2.471198e-03
5.931373e-01 6.029412e-01 1.689578e-03
6.029412e-01 6.029412e-01 1.127752e-03
6.127451e-01 6.029412e-01 7.350969e-04
6.225490e-01 6.029412e-01 4.680557e-04
6.323529e-01 6.029412e-01 2.912031e-04
6.421569e-01 6.029412e-01 1.770762e-04
6.519608e-01 6.029412e-01 1.052707e-04
6.617647e-01 6.029412e-01 6.120017e-05
6.715686e-01 6.029412e-01 3.480217e-05
6.813725e-01 6.029412e-01 1.936342e-05
6.911765e-01 6.029412e-01 1.054302e-05
7.009804e-01 6.029412e-01 5.620391e-06
7.107843e-01 6.029412e-01 2.930719e-06
7.205882e-01 6.029412e-01 1.503501e-06
7.303922e-01 6.029412e-01 7.399019e-07
7.401961e-01 6.029412e-01 3.903766e-07
7.500000e-01 6.029412e-01 1.321730e-07
7.598039e-01 6.029412e-01 1.674343e-07
7.696078e-01 6.029412e-01 -1.082553e-07
7.794118e-01 6.029412e-01 2.531763e-07
7.892157e-01 6.029412e-01 -3.357350e-07
7.990196e-01 6.029412e-01 4.477280e-07
8.088235e-01 6.029412e-01 -4.902628e-07
8.186275e-01 6.029412e-01 4.305368e-07
8.284314e-01 6.029412e-01 -2.276323e-07
8.382353e-01 6.029412e-01 -7.504011e-08
8.480392e-01 6.029412e-01 3.466062e-07
8.578431e-01 6.029412e-01 -4.101939e-07
8.676471e-01 6.029412e-01 1.807807e-07
8.774510e-01 6.029412e-01 2.026274e-07
8.872549e-01 6.029412e-01 -4.107984e-07
8.970588e-01 6.029412e-01 2.073693e-07
9.068627e-01 6.029412e-01 2.333994e-07
9.166667e-01 6.029412e-01 -4.037296e-07
9.264706e-01 6.029412e-01 4.828536e-08
9.362745e-01 6.029412e-01 3.869094e-07
9.460784e-01 6.029412e-01 -2.501220e-07
9.558824e-01 6.029412e-01 -2.955891e-07
9.656863e-01 6.029412e-01 3.532660e-07
9.754902e-01 6.029412e-01 2.290809e-07
9.852941e-01 6.029412e-01 -3.941930e-07
9.950980e-01 6.029412e-01 -2.306142e-07
4.901961e-03 6.127451e-01 -2.569417e-07
1.470588e-02 6.127451e-01 -1.503348e-07
2.450980e-02 6.127451e-01 2.555038e-07
3.431373e-02 6.127451e-01 2.032578e-07
4.411765e-02 6.127451e-01 -2.097906e-07
5.392157e-02 6.127451e-01 -2.934801e-07
6.372549e-02 6.127451e-01 7.796938e-08
7.352941e-02 6.127451e-01 3.549254e-07
8.333333e-02 6.127451e-01 1.625971e-07
9.313725e-02 6.127451e-01 -2.471879e-07
1.029412e-01 6.127451e-01 -3.950004e-07
1.127451e-01 6.127451e-01 -1.321216e-07
1.225490e-01 6.127451e-01 2.777419e-07
1.323529e-01 6.127451e-01 4.812679e-07
1.421569e-01 6.127451e-01 3.371508e-07
1.519608e-01 6.127451e-01 -4.272127e-08
1.617647e-01 6.127451e-01 -4.421070e-07
1.715686e-01 6.127451e-01 -6.974026e-07
1.813725e-01 6.127451e-01 -7.577566e-07
1.911765e-01 6.127451e-01 -6.530860e-07
2.009804e-01 6.127451e-01 -4.201728e-07
2.107843e-01 6.127451e-01 -1.834588e-08
2.205882e-01 6.127451e-01 7.762596e-07
2.303922e-01 6.127451e-01 2.546254e-06
2.401961e-01 6.127451e-01 6.551540e-06
2.500000e-01 6.127451e-01 1.527696e-05
2.598039e-01 6.127451e-01 3.329176e-05
2.696078e-01 6.127451e-01 6.847002e-05
2.794118e-01 6.127451e-01 1.335397e-04
2.892157e-01 6.127451e-01 2.477876e-04
2.990196e-01 6.127451e-01 4.385561e-04
3.088235e-01 6.127451e-01 7.419689e-04
3.186275e-01 6.127451e-01 1.202182e-03
3.284314e-01 6.127451e-01 1.868472e-03
3.382353e-01 6.127451e-01 2.789736e-03
3.480392e-01 6.127451e-01 4.006458e-03
3.578431e-01 6.127451e-01 5.540965e-03
3.676471e-01 6.127451e-01 7.387498e-03
3.774510e-01 6.127451e-01 9.504232e-03
3.872549e-01 6.127451e-01 1.180948e-02
3.970588e-01 6.127451e-01 1.418393e-02
4.068627e-01 6.127451e-01 1.647956e-02
4.166667e-01 6.127451e-01 1.853481e-02
4.264706e-01 6.127451e-01 2.019361e-02
4.362745e-01 6.127451e-01 2.132530e-02
4.460784e-01 6.127451e-01 2.184183e-02
4.558824e-01 6.127451e-01 2.170891e-02
4.656863e-01 6.127451e-01 2.094947e-02
4.754902e-01 6.127451e-01 1.963869e-02
4.852941e-01 6.127451e-01 1.789227e-02
4.950980e-01 6.127451e-01 1.585006e-02
5.049020e-01 6.127451e-01 1.365840e-02
5.147059e-01 6.127451e-01 1.145395e-02
5.245098e-01 6.127451e-01 9.351312e-03
5.343137e-01 6.127451e-01 7.435684e-03
5.441176e-01 6.127451e-01 5.760540e-03
5.539216e-01 6.127451e-01 4.349674e-03
5.637255e-01 6.127451e-01 3.202236e-03
5.735294e-01 6.127451e-01 2.299324e-03
5.833333e-01 6.127451e-01 1.610792e-03
5.931373e-01 6.127451e-01 1.101310e-03
6.029412e-01 6.127451e-01 7.350969e-04
6.127451e-01 6.127451e-01 4.791537e-04
6.225490e-01 6.127451e-01 3.050893e-04
6.323529e-01 6.127451e-01 1.898124e-04
6.421569e-01 6.127451e-01 1.154219e-04
6.519608e-01 6.127451e-01 6.861743e-05
6.617647e-01 6.127451e-01 3.989133e-05
6.715686e-01 6.127451e-01 2.268459e-05
6.813725e-01 6.127451e-01 1.262134e-05
6.911765e-01 6.127451e-01 6.872067e-06
7.009804e-01 6.127451e-01 3.663427e-06
7.107843e-01 6.127451e-01 1.910265e-06
7.205882e-01 6.127451e-01 9.799897e-07
7.303922e-01 6.127451e-01 4.822702e-07
7.401961e-01 6.127451e-01 2.544477e-07
7.500000e-01 6.127451e-01 8.614918e-08
7.598039e-01 6.127451e-01 1.091351e-07
7.696078e-01 6.127451e-01 -7.056516e-08
7.794118e-01 6.127451e-01 1.650275e-07
7.892157e-01 6.127451e-01 -2.188440e-07
7.990196e-01 6.127451e-01 2.918451e-07
8.088235e-01 6.127451e-01 -3.195714e-07
8.186275e-01 6.127451e-01 2.806390e-07
8.284314e-01 6.127451e-01 -1.483768e-07
8.382353e-01 6.127451e-01 -4.891778e-08
8.480392e-01 6.127451e-01 2.259339e-07
8.578431e-01 6.127451e-01 -2.673788e-07
8.676471e-01 6.127451e-01 1.178339e-07
8.774510e-01 6.127451e-01 1.320866e-07
8.872549e-01 6.127451e-01 -2.677741e-07
8.970588e-01 6.127451e-01 1.351632e-07
9.068627e-01 6.127451e-01 1.521464e-07
9.166667e-01 6.127451e-01 -2.631634e-07
9.264706e-01 6.127451e-01 3.146294e-08
9.362745e-01 6.127451e-01 2.522060e-07
9.460784e-01 6.127451e-01 -1.630283e-07
9.558824e-01 6.127451e-01 -1.926848e-07
9.656863e-01 6.127451e-01 2.302632e-07
9.754902e-01 6.127451e-01 1.493348e-07
9.852941e-01 6.127451e-01 -2.569417e-07
9.950980e-01 6.127451e-01 -1.503348e-07
4.901961e-03 6.225490e-01 -1.636005e-07
1.470588e-02 6.225490e-01 -9.573222e-08
2.450980e-02 6.225490e-01 1.626841e-07
3.431373e-02 6.225490e-01 1.294295e-07
4.411765e-02 6.225490e-01 -1.335747e-07
5.392157e-02 6.225490e-01 -1.868748e-07
6.372549e-02 6.225490e-01 4.963716e-08
7.352941e-02 6.225490e-01 2.259943e-07
8.333333e-02 6.225490e-01 1.035400e-07
9.313725e-02 6.225490e-01 -1.573879e-07
1.029412e-01 6.225490e-01 -2.515143e-07
1.127451e-01 6.225490e-01 -8.413431e-08
1.225490e-01 6.225490e-01 1.768439e-07
1.323529e-01 6.225490e-01 3.064426e-07
1.421569e-01 6.225490e-01 2.146816e-07
1.519608e-01 6.225490e-01 -2.719747e-08
1.617647e-01 6.225490e-01 -2.815040e-07
1.715686e-01 6.225490e-01 -4.440627e-07
1.813725e-01 6.225490e-01 -4.824931e-07
1.911765e-01 6.225490e-01 -4.158447e-07
2.009804e-01 6.225490e-01 -2.675391e-07
2.107843e-01 6.225490e-01 -1.168028e-08
2.205882e-01 6.225490e-01 4.942738e-07
2.303922e-01 6.225490e-01 1.621291e-06
2.401961e-01 6.225490e-01 4.171594e-06
2.500000e-01 6.225490e-01 9.727364e-06
2.598039e-01 6.225490e-01 2.119799e-05
2.696078e-01 6.225490e-01 4.359716e-05
2.794118e-01 6.225490e-01 8.502921e-05
2.892157e-01 6.225490e-01 1.577746e-04
2.990196e-01 6.225490e-01 2.792433e-04
3.088235e-01 6.225490e-01 4.724363e-04
3.186275e-01 6.225490e-01 7.654691e-04
3.284314e-01 6.225490e-01 1.189719e-03
3.382353e-01 6.225490e-01 1.776318e-03
3.480392e-01 6.225490e-01 2.551046e-03
3.578431e-01 6.225490e-01 3.528119e-03
3.676471e-01 6.225490e-01 4.703869e-03
3.774510e-01 6.225490e-01 6.051666e-03
3.872549e-01 6.225490e-01 7.519498e-03
3.970588e-01 6.225490e-01 9.031388e-03
4.068627e-01 6.225490e-01 1.049310e-02
4.166667e-01 6.225490e-01 1.180175e-02
4.264706e-01 6.225490e-01 1.285796e-02
4.362745e-01 6.225490e-01 1.357854e-02
4.460784e-01 6.225490e-01 1.390743e-02
4.558824e-01 6.225490e-01 1.382280e-02
4.656863e-01 6.225490e-01 1.333923e-02
4.754902e-01 6.225490e-01 1.250461e-02
4.852941e-01 6.225490e-01 1.139261e-02
4.950980e-01 6.225490e-01 1.009226e-02
5.049020e-01 6.225490e-01 8.696756e-03
5.147059e-01 6.225490e-01 7.293103e-03
5.245098e-01 6.225490e-01 5.954281e-03
5.343137e-01 6.225490e-01 4.734536e-03
5.441176e-01 6.225490e-01 3.667916e-03
5.539216e-01 6.225490e-01 2.769571e-03
5.637255e-01 6.225490e-01 2.038960e-03
5.735294e-01 6.225490e-01 1.464047e-03
5.833333e-01 6.225490e-01 1.025637e-03
5.931373e-01 6.225490e-01 7.012344e-04
6.029412e-01 6.225490e-01 4.680557e-04
6.127451e-01 6.225490e-01 3.050893e-04
6.225490e-01 6.225490e-01 1.942578e-04
6.323529e-01 6.225490e-01 1.208579e-04
6.421569e-01 6.225490e-01 7.349159e-05
6.519608e-01 6.225490e-01 4.369010e-05
6.617647e-01 6.225490e-01 2.539955e-05
6.715686e-01 6.225490e-01 1.444366e-05
6.813725e-01 6.225490e-01 8.036199e-06
6.911765e-01 6.225490e-01 4.375534e-06
7.009804e-01 6.225490e-01 2.332543e-06
7.107843e-01 6.225490e-01 1.216282e-06
7.205882e-01 6.225490e-01 6.239655e-07
7.303922e-01 6.225490e-01 3.070632e-07
7.401961e-01 6.225490e-01 1.620072e-07
7.500000e-01 6.225490e-01 5.485043e-08
7.598039e-01 6.225490e-01 6.948733e-08
7.696078e-01 6.225490e-01 -4.493183e-08
7.794118e-01 6.225490e-01 1.050780e-07
7.892157e-01 6.225490e-01 -1.393462e-07
7.990196e-01 6.225490e-01 1.858290e-07
8.088235e-01 6.225490e-01 -2.034839e-07
8.186275e-01 6.225490e-01 1.786936e-07
8.284314e-01 6.225490e-01 -9.447602e-08
8.382353e-01 6.225490e-01 -3.115032e-08
8.480392e-01 6.225490e-01 1.438633e-07
8.578431e-01 6.225490e-01 -1.702506e-07
8.676471e-01 6.225490e-01 7.502610e-08
8.774510e-01 6.225490e-01 8.410915e-08
8.872549e-01 6.225490e-01 -1.705032e-07
8.970588e-01 6.225490e-01 8.605908e-08
9.068627e-01 6.225490e-01 9.688311e-08
9.166667e-01 6.225490e-01 -1.675655e-07
9.264706e-01 6.225490e-01 2.002656e-08
9.362745e-01 6.225490e-01 1.605928e-07
9.460784e-01 6.225490e-01 -1.038002e-07
9.558824e-01 6.225490e-01 -1.226963e-07
9.656863e-01 6.225490e-01 1.466127e-07
9.754902e-01 6.225490e-01 9.509505e-08
9.852941e-01 6.225490e-01 -1.636005e-07
9.950980e-01 6.225490e-01 -9.573222e-08
4.901961e-03 6.323529e-01 -1.017847e-07
1.470588e-02 6.323529e-01 -5.956689e-08
2.450980e-02 6.323529e-01 1.012141e-07
3.431373e-02 6.323529e-01 8.053182e-08
4.411765e-02 6.323529e-01 -8.310182e-08
5.392157e-02 6.323529e-01 -1.162709e-07
6.372549e-02 6.323529e-01 3.087715e-08
7.352941e-02 6.323529e-01 1.406066e-07
8.333333e-02 6.323529e-01 6.442451e-08
9.313725e-02 6.323529e-01 -9.791814e-08
1.029412e-01 6.323529e-01 -1.564860e-07
1.127451e-01 6.323529e-01 -5.235038e-08
1.225490e-01 6.323529e-01 1.100236e-07
1.323529e-01 6.323529e-01 1.906595e-07
1.421569e-01 6.323529e-01 1.335711e-07
1.519608e-01 6.323529e-01 -1.691849e-08
1.617647e-01 6.323529e-01 -1.751414e-07
1.715686e-01 6.323529e-01 -2.762814e-07
1.813725e-01 6.323529e-01 -3.001919e-07
1.911765e-01 6.323529e-01 -2.587249e-07
2.009804e-01 6.323529e-01 -1.664533e-07
2.107843e-01 6.323529e-01 -7.266150e-09
2.205882e-01 6.323529e-01 3.075208e-07
2.303922e-01 6.323529e-01 1.008710e-06
2.401961e-01 6.323529e-01 2.595414e-06
2.500000e-01 6.323529e-01 6.052008e-06
2.598039e-01 6.323529e-01 1.318860e-05
2.696078e-01 6.323529e-01 2.712452e-05
2.794118e-01 6.323529e-01 5.290198e-05
2.892157e-01 6.323529e-01 9.816143e-05
2.990196e-01 6.323529e-01 1.737347e-04
3.088235e-01 6.323529e-01 2.939321e-04
3.186275e-01 6.323529e-01 4.762461e-04
3.284314e-01 6.323529e-01 7.401984e-04
3.382353e-01 6.323529e-01 1.105159e-03
3.480392e-01 6.323529e-01 1.587166e-03
3.578431e-01 6.323529e-01 2.195064e-03
3.676471e-01 6.323529e-01 2.926573e-03
3.774510e-01 6.323529e-01 3.765122e-03
3.872549e-01 6.323529e-01 4.678354e-03
3.970588e-01 6.323529e-01 5.618997e-03
4.068627e-01 6.323529e-01 6.528419e-03
4.166667e-01 6.323529e-01 7.342612e-03
4.264706e-01 6.323529e-01 7.999747e-03
4.362745e-01 6.323529e-01 8.448070e-03
4.460784e-01 6.323529e-01 8.652691e-03
4.558824e-01 6.323529e-01 8.600035e-03
4.656863e-01 6.323529e-01 8.299175e-03
4.754902e-01 6.323529e-01 7.779904e-03
4.852941e-01 6.323529e-01 7.088051e-03
4.950980e-01 6.323529e-01 6.279023e-03
5.049020e-01 6.323529e-01 5.410789e-03
5.147059e-01 6.323529e-01 4.537487e-03
5.245098e-01 6.323529e-01 3.704521e-03
5.343137e-01 6.323529e-01 2.945641e-03
5.441176e-01 6.323529e-01 2.282030e-03
5.539216e-01 6.323529e-01 1.723114e-03
5.637255e-01 6.323529e-01 1.268556e-03
5.735294e-01 6.323529e-01 9.108678e-04
5.833333e-01 6.323529e-01 6.381071e-04
5.931373e-01 6.323529e-01 4.362771e-04
6.029412e-01 6.323529e-01 2.912031e-04
6.127451e-01 6.323529e-01 1.898124e-04
6.225490e-01 6.323529e-01 1.208579e-04
6.323529e-01 6.323529e-01 7.519190e-05
6.421569e-01 6.323529e-01 4.572277e-05
6.519608e-01 6.323529e-01 2.718171e-05
6.617647e-01 6.323529e-01 1.580224e-05
6.715686e-01 6.323529e-01 8.986046e-06
6.813725e-01 6.323529e-01 4.999662e-06
6.911765e-01 6.323529e-01 2.722197e-06
7.009804e-01 6.323529e-01 1.451165e-06
7.107843e-01 6.323529e-01 7.566930e-07
7.205882e-01 6.323529e-01 3.881898e-07
7.303922e-01 6.323529e-01 1.910335e-07
7.401961e-01 6.323529e-01 1.007893e-07
7.500000e-01 6.323529e-01 3.412345e-08
7.598039e-01 6.323529e-01 4.323062e-08
7.696078e-01 6.323529e-01 -2.795528e-08
7.794118e-01 6.323529e-01 6.537517e-08
7.892157e-01 6.323529e-01 -8.669658e-08
7.990196e-01 6.323529e-01 1.156167e-07
8.088235e-01 6.323529e-01 -1.266014e-07
8.186275e-01 6.323529e-01 1.111775e-07
8.284314e-01 6.323529e-01 -5.877933e-08
8.382353e-01 6.323529e-01 -1.938223e-08
8.480392e-01 6.323529e-01 8.950873e-08
8.578431e-01 6.323529e-01 -1.059247e-07
8.676471e-01 6.323529e-01 4.667692e-08
8.774510e-01 6.323529e-01 5.233293e-08
8.872549e-01 6.323529e-01 -1.060825e-07
8.970588e-01 6.323529e-01 5.354052e-08
9.068627e-01 6.323529e-01 6.028123e-08
9.166667e-01 6.323529e-01 -1.042537e-07
9.264706e-01 6.323529e-01 1.245548e-08
9.362745e-01 6.323529e-01 9.991820e-08
9.460784e-01 6.323529e-01 -6.457748e-08
9.558824e-01 6.323529e-01 -7.634195e-08
9.656863e-01 6.323529e-01 9.121503e-08
9.754902e-01 6.323529e-01 5.917023e-08
9.852941e-01 6.323529e-01 -1.017847e-07
9.950980e-01 6.323529e-01 -5.956689e-08
4.901961e-03 6.421569e-01 -6.189405e-08
1.470588e-02 6.421569e-01 -3.622599e-08
2.450980e-02 6.421569e-01 6.154673e-08
3.431373e-02 6.421569e-01 4.897453e-08
4.411765e-02 6.421569e-01 -5.053182e-08
5.392157e-02 6.421569e-01 -7.070652e-08
6.372549e-02 6.421569e-01 1.877308e-08
7.352941e-02 6.421569e-01 8.550318e-08
8.333333e-02 6.421569e-01 3.917980e-08
9.313725e-02 6.421569e-01 -5.954194e-08
1.029412e-01 6.421569e-01 -9.516035e-08
1.127451e-01 6.421569e-01 -3.183715e-08
1.225490e-01 6.421569e-01 6.690367e-08
1.323529e-01 6.421569e-01 1.159406e-07
1.421569e-01 6.421569e-01 8.122645e-08
1.519608e-01 6.421569e-01 -1.028643e-08
1.617647e-01 6.421569e-01 -1.065026e-07
1.715686e-01 6.421569e-01 -1.680065e-07
1.813725e-01 6.421569e-01 -1.825465e-07
1.911765e-01 6.421569e-01 -1.573301e-07
2.009804e-01 6.421569e-01 -1.012195e-07
2.107843e-01 6.421569e-01 -4.417858e-09
2.205882e-01 6.421569e-01 1.870028e-07
2.303922e-01 6.421569e-01 6.133923e-07
2.401961e-01 6.421569e-01 1.578258e-06
2.500000e-01 6.421569e-01 3.680190e-06
2.598039e-01 6.421569e-01 8.019907e-06
2.696078e-01 6.421569e-01 1.649425e-05
2.794118e-01 6.421569e-01 3.216935e-05
2.892157e-01 6.421569e-01 5.969132e-05
2.990196e-01 6.421569e-01 1.056469e-04
3.088235e-01 6.421569e-01 1.787382e-04
3.186275e-01 6.421569e-01 2.896022e-04
3.284314e-01 6.421569e-01 4.501099e-04
3.382353e-01 6.421569e-01 6.720400e-04
3.480392e-01 6.421569e-01 9.651456e-04
3.578431e-01 6.421569e-01 1.334805e-03
3.676471e-01 6.421569e-01 1.779631e-03
3.774510e-01 6.421569e-01 2.289549e-03
3.872549e-01 6.421569e-01 2.844880e-03
3.970588e-01 6.421569e-01 3.416879e-03
4.068627e-01 6.421569e-01 3.969894e-03
4.166667e-01 6.421569e-01 4.465000e-03
4.264706e-01 6.421569e-01 4.864600e-03
4.362745e-01 6.421569e-01 5.137222e-03
4.460784e-01 6.421569e-01 5.261650e-03
4.558824e-01 6.421569e-01 5.229629e-03
4.656863e-01 6.421569e-01 5.046676e-03
4.754902e-01 6.421569e-01 4.730909e-03
4.852941e-01 6.421569e-01 4.310196e-03
4.950980e-01 6.421569e-01 3.818229e-03
5.049020e-01 6.421569e-01 3.290260e-03
5.147059e-01 6.421569e-01 2.759210e-03
5.245098e-01 6.421569e-01 2.252688e-03
5.343137e-01 6.421569e-01 1.791218e-03
5.441176e-01 6.421569e-01 1.387680e-03
5.539216e-01 6.421569e-01 1.047808e-03
5.637255e-01 6.421569e-01 7.713948e-04
5.735294e-01 6.421569e-01 5.538878e-04
5.833333e-01 6.421569e-01 3.880247e-04
5.931373e-01 6.421569e-01 2.652940e-04
6.029412e-01 6.421569e-01 1.770762e-04
6.127451e-01 6.421569e-01 1.154219e-04
6.225490e-01 6.421569e-01 7.349159e-05
6.323529e-01 6.421569e-01 4.572277e-05
6.421569e-01 6.421569e-01 2.780308e-05
6.519608e-01 6.421569e-01 1.652860e-05
6.617647e-01 6.421569e-01 9.608962e-06
6.715686e-01 6.421569e-01 5.464183e-06
6.813725e-01 6.421569e-01 3.040155e-06
6.911765e-01 6.421569e-01 1.655287e-06
7.009804e-01 6.421569e-01 8.824064e-07
7.107843e-01 6.421569e-01 4.601187e-07
7.205882e-01 6.421569e-01 2.360437e-07
7.303922e-01 6.421569e-01 1.161598e-07
7.401961e-01 6.421569e-01 6.128570e-08
7.500000e-01 6.421569e-01 2.074866e-08
7.598039e-01 6.421569e-01 2.628707e-08
7.696078e-01 6.421569e-01 -1.699965e-08
7.794118e-01 6.421569e-01 3.975391e-08
7.892157e-01 6.421569e-01 -5.271996e-08
7.990196e-01 6.421569e-01 7.030636e-08
8.088235e-01 6.421569e-01 -7.698641e-08
8.186275e-01 6.421569e-01 6.760704e-08
8.284314e-01 6.421569e-01 -3.574336e-08
8.382353e-01 6.421569e-01 -1.178720e-08
8.480392e-01 6.421569e-01 5.443123e-08
8.578431e-01 6.421569e-01 -6.441305e-08
8.676471e-01 6.421569e-01 2.838312e-08
8.774510e-01 6.421569e-01 3.182543e-08
8.872549e-01 6.421569e-01 -6.450943e-08
8.970588e-01 6.421569e-01 3.255642e-08
9.068627e-01 6.421569e-01 3.665930e-08
9.166667e-01 6.421569e-01 -6.339671e-08
9.264706e-01 6.421569e-01 7.571527e-09
9.362745e-01 6.421569e-01 6.076192e-08
9.460784e-01 6.421569e-01 -3.926743e-08
9.558824e-01 6.421569e-01 -4.642625e-08
9.656863e-01 6.421569e-01 5.546637e-08
9.754902e-01 6.421569e-01 3.598463e-08
9.852941e-01 6.421569e-01 -6.189405e-08
9.950980e-01 6.421569e-01 -3.622599e-08
4.901961e-03 6.519608e-01 -3.679605e-08
1.470588e-02 6.519608e-01 -2.153880e-08
2.450980e-02 6.519608e-01 3.658937e-08
3.431373e-02 6.519608e-01 2.911781e-08
4.411765e-02 6.519608e-01 -3.004037e-08
5.392157e-02 6.519608e-01 -4.203719e-08
6.372549e-02 6.519608e-01 1.115887e-08
7.352941e-02 6.519608e-01 5.083283e-08
8.333333e-02 6.519608e-01 2.329478e-08
9.313725e-02 6.519608e-01 -3.539716e-08
1.029412e-01 6.519608e-01 -5.657466e-08
1.127451e-01 6.519608e-01 -1.892924e-08
1.225490e-01 6.519608e-01 3.977399e-08
1.323529e-01 6.519608e-01 6.892830e-08
1.421569e-01 6.519608e-01 4.829109e-08
1.519608e-01 6.519608e-01 -6.114420e-09
1.617647e-01 6.519608e-01 -6.331647e-08
1.715686e-01 6.519608e-01 -9.988151e-08
1.813725e-01 6.519608e-01 -1.085257e-07
1.911765e-01 6.519608e-01 -9.353398e-08
2.009804e-01 6.519608e-01 -6.017539e-08
2.107843e-01 6.519608e-01 -2.625987e-09
2.205882e-01 6.519608e-01 1.111747e-07
2.303922e-01 6.519608e-01 3.646650e-07
2.401961e-01 6.519608e-01 9.382809e-07
2.500000e-01 6.519608e-01 2.187887e-06
2.598039e-01 6.519608e-01 4.767862e-06
2.696078e-01 6.519608e-01 9.805885e-06
2.794118e-01 6.519608e-01 1.912478e-05
2.892157e-01 6.519608e-01 3.548668e-05
2.990196e-01 6.519608e-01 6.280742e-05
3.088235e-01 6.519608e-01 1.062604e-04
3.186275e-01 6.519608e-01 1.721695e-04
3.284314e-01 6.519608e-01 2.675919e-04
3.382353e-01 6.519608e-01 3.995302e-04
3.480392e-01 6.519608e-01 5.737826e-04
3.578431e-01 6.519608e-01 7.935467e-04
3.676471e-01 6.519608e-01 1.057998e-03
3.774510e-01 6.519608e-01 1.361146e-03
3.872549e-01 6.519608e-01 1.691292e-03
3.970588e-01 6.519608e-01 2.031348e-03
4.068627e-01 6.519608e-01 2.360118e-03
4.166667e-01 6.519608e-01 2.654460e-03
4.264706e-01 6.519608e-01 2.892024e-03
4.362745e-01 6.519608e-01 3.054098e-03
4.460784e-01 6.519608e-01 3.128070e-03
4.558824e-01 6.519608e-01 3.109033e-03
4.656863e-01 6.519608e-01 3.000266e-03
4.754902e-01 6.519608e-01 2.812540e-03
4.852941e-01 6.519608e-01 2.562423e-03
4.950980e-01 6.519608e-01 2.269946e-03
5.049020e-01 6.519608e-01 1.956066e-03
5.147059e-01 6.519608e-01 1.640354e-03
5.245098e-01 6.519608e-01 1.339225e-03
5.343137e-01 6.519608e-01 1.064879e-03
5.441176e-01 6.519608e-01 8.249754e-04
5.539216e-01 6.519608e-01 6.229205e-04
5.637255e-01 6.519608e-01 4.585927e-04
5.735294e-01 6.519608e-01 3.292847e-04
5.833333e-01 6.519608e-01 2.306792e-04
5.931373e-01 6.519608e-01 1.577160e-04
6.029412e-01 6.519608e-01 1.052707e-04
6.127451e-01 6.519608e-01 6.861743e-05
6.225490e-01 6.519608e-01 4.369010e-05
6.323529e-01 6.519608e-01 2.718171e-05
6.421569e-01 6.519608e-01 1.652860e-05
6.519608e-01 6.519608e-01 9.826024e-06
6.617647e-01 6.519608e-01 5.712379e-06
6.715686e-01 6.519608e-01 3.248361e-06
6.813725e-01 6.519608e-01 1.807313e-06
6.911765e-01 6.519608e-01 9.840317e-07
7.009804e-01 6.519608e-01 5.245692e-07
7.107843e-01 6.519608e-01 2.735283e-07
7.205882e-01 6.519608e-01 1.403210e-07
7.303922e-01 6.519608e-01 6.905325e-08
7.401961e-01 6.519608e-01 3.643221e-08
7.500000e-01 6.519608e-01 1.233413e-08
7.598039e-01 6.519608e-01 1.562698e-08
7.696078e-01 6.519608e-01 -1.010647e-08
7.794118e-01 6.519608e-01 2.363361e-08
7.892157e-01 6.519608e-01 -3.134237e-08
7.990196e-01 6.519608e-01 4.179770e-08
8.088235e-01 6.519608e-01 -4.576926e-08
8.186275e-01 6.519608e-01 4.019311e-08
8.284314e-01 6.519608e-01 -2.124963e-08
8.382353e-01 6.519608e-01 -7.008097e-09
8.480392e-01 6.519608e-01 3.236052e-08
8.578431e-01 6.519608e-01 -3.829441e-08
8.676471e-01 6.519608e-01 1.687345e-08
8.774510e-01 6.519608e-01 1.892162e-08
8.872549e-01 6.519608e-01 -3.835199e-08
8.970588e-01 6.519608e-01 1.935426e-08
9.068627e-01 6.519608e-01 2.179573e-08
9.166667e-01 6.519608e-01 -3.769011e-08
9.264706e-01 6.519608e-01 4.499799e-09
9.362745e-01 6.519608e-01 3.612468e-08
9.460784e-01 6.519608e-01 -2.334370e-08
9.558824e-01 6.519608e-01 -2.760258e-08
9.656863e-01 6.519608e-01 3.297455e-08
9.754902e-01 6.519608e-01 2.139522e-08
9.852941e-01 6.519608e-01 -3.679605e-08
9.950980e-01 6.519608e-01 -2.153880e-08
4.901961e-03 6.617647e-01 -2.139213e-08
1.470588e-02 6.617647e-01 -1.252342e-08
2.450980e-02 6.617647e-01 2.127186e-08
3.431373e-02 6.617647e-01 1.692963e-08
4.411765e-02 6.617647e-01 -1.746410e-08
5.392157e-02 6.617647e-01 -2.444039e-08
6.372549e-02 6.617647e-01 6.486427e-09
7.352941e-02 6.617647e-01 2.955334e-08
8.333333e-02 6.617647e-01 1.354425e-08
9.313725e-02 6.617647e-01 -2.057852e-08
1.029412e-01 6.617647e-01 -3.289182e-08
1.127451e-01 6.617647e-01 -1.100604e-08
1.225490e-01 6.617647e-01 2.312323e-08
1.323529e-01 6.617647e-01 4.007368e-08
1.421569e-01 6.617647e-01 2.807603e-08
1.519608e-01 6.617647e-01 -3.554263e-09
1.617647e-01 6.617647e-01 -3.681057e-08
1.715686e-01 6.617647e-01 -5.806884e-08
1.813725e-01 6.617647e-01 -6.309429e-08
1.911765e-01 6.617647e-01 -5.437828e-08
2.009804e-01 6.617647e-01 -3.498421e-08
2.107843e-01 6.617647e-01 -1.526373e-09
2.205882e-01 6.617647e-01 6.463418e-08
2.303922e-01 6.617647e-01 2.120061e-07
2.401961e-01 6.617647e-01 5.454894e-07
2.500000e-01 6.617647e-01 1.271973e-06
2.598039e-01 6.617647e-01 2.771894e-06
2.696078e-01 6.617647e-01 5.700850e-06
2.794118e-01 6.617647e-01 1.111858e-05
2.892157e-01 6.617647e-01 2.063090e-05
2.990196e-01 6.617647e-01 3.651437e-05
3.088235e-01 6.617647e-01 6.177666e-05
3.186275e-01 6.617647e-01 1.000942e-04
3.284314e-01 6.617647e-01 1.555700e-04
3.382353e-01 6.617647e-01 2.322751e-04
3.480392e-01 6.617647e-01 3.335804e-04
3.578431e-01 6.617647e-01 4.613449e-04
3.676471e-01 6.617647e-01 6.150892e-04
3.774510e-01 6.617647e-01 7.913306e-04
3.872549e-01 6.617647e-01 9.832685e-04
3.970588e-01 6.617647e-01 1.180967e-03
4.068627e-01 6.617647e-01 1.372104e-03
4.166667e-01 6.617647e-01 1.543226e-03
4.264706e-01 6.617647e-01 1.681338e-03
4.362745e-01 6.617647e-01 1.775563e-03
4.460784e-01 6.617647e-01 1.818568e-03
4.558824e-01 6.617647e-01 1.807500e-03
4.656863e-01 6.617647e-01 1.744265e-03
4.754902e-01 6.617647e-01 1.635126e-03
4.852941e-01 6.617647e-01 1.489715e-03
4.950980e-01 6.617647e-01 1.319677e-03
5.049020e-01 6.617647e-01 1.137195e-03
5.147059e-01 6.617647e-01 9.536495e-04
5.245098e-01 6.617647e-01 7.785819e-04
5.343137e-01 6.617647e-01 6.190855e-04
5.441176e-01 6.617647e-01 4.796127e-04
5.539216e-01 6.617647e-01 3.621443e-04
5.637255e-01 6.617647e-01 2.666094e-04
5.735294e-01 6.617647e-01 1.914341e-04
5.833333e-01 6.617647e-01 1.341082e-04
5.931373e-01 6.617647e-01 9.168993e-05
6.029412e-01 6.617647e-01 6.120017e-05
6.127451e-01 6.617647e-01 3.989133e-05
6.225490e-01 6.617647e-01 2.539955e-05
6.323529e-01 6.617647e-01 1.580224e-05
6.421569e-01 6.617647e-01 9.608962e-06
6.519608e-01 6.617647e-01 5.712379e-06
6.617647e-01 6.617647e-01 3.320891e-06
6.715686e-01 6.617647e-01 1.888428e-06
6.813725e-01 6.617647e-01 1.050674e-06
6.911765e-01 6.617647e-01 5.720604e-07
7.009804e-01 6.617647e-01 3.049536e-07
7.107843e-01 6.617647e-01 1.590125e-07
7.205882e-01 6.617647e-01 8.157358e-08
7.303922e-01 6.617647e-01 4.014291e-08
7.401961e-01 6.617647e-01 2.117914e-08
7.500000e-01 6.617647e-01 7.170060e-09
7.598039e-01 6.617647e-01 9.084573e-09
7.696078e-01 6.617647e-01 -5.875671e-09
7.794118e-01 6.617647e-01 1.373972e-08
7.892157e-01 6.617647e-01 -1.822162e-08
7.990196e-01 6.617647e-01 2.430014e-08
8.088235e-01 6.617647e-01 -2.660924e-08
8.186275e-01 6.617647e-01 2.336741e-08
8.284314e-01 6.617647e-01 -1.235400e-08
8.382353e-01 6.617647e-01 -4.074615e-09
8.480392e-01 6.617647e-01 1.881404e-08
8.578431e-01 6.617647e-01 -2.226367e-08
8.676471e-01 6.617647e-01 9.809527e-09
8.774510e-01 6.617647e-01 1.100124e-08
8.872549e-01 6.617647e-01 -2.229731e-08
8.970588e-01 6.617647e-01 1.125167e-08
9.068627e-01 6.617647e-01 1.267239e-08
9.166667e-01 6.617647e-01 -2.191233e-08
9.264706e-01 6.617647e-01 2.615201e-09
9.362745e-01 6.617647e-01 2.100278e-08
9.460784e-01 6.617647e-01 -1.357087e-08
9.558824e-01 6.617647e-01 -1.604856e-08
9.656863e-01 6.617647e-01 1.917029e-08
9.754902e-01 6.617647e-01 1.243989e-08
9.852941e-01 6.617647e-01 -2.139213e-08
9.950980e-01 6.617647e-01 -1.252342e-08
4.901961e-03 6.715686e-01 -1.216518e-08
1.470588e-02 6.715686e-01 -7.122548e-09
2.450980e-02 6.715686e-01 1.209673e-08
3.431373e-02 6.715686e-01 9.628256e-09
4.411765e-02 6.715686e-01 -9.931136e-09
5.392157e-02 6.715686e-01 -1.389933e-08
6.372549e-02 6.715686e-01 3.688108e-09
7.352941e-02 6.715686e-01 1.680662e-08
8.333333e-02 6.715686e-01 7.703032e-09
9.313725e-02 6.715686e-01 -1.170231e-08
1.029412e-01 6.715686e-01 -1.870530e-08
1.127451e-01 6.715686e-01 -6.259492e-09
1.225490e-01 6.715686e-01 1.314950e-08
1.323529e-01 6.715686e-01 2.278933e-08
1.421569e-01 6.715686e-01 1.596667e-08
1.519608e-01 6.715686e-01 -2.020967e-09
1.617647e-01 6.715686e-01 -2.093337e-08
1.715686e-01 6.715686e-01 -3.302261e-08
1.813725e-01 6.715686e-01 -3.588042e-08
1.911765e-01 6.715686e-01 -3.092367e-08
2.009804e-01 6.715686e-01 -1.989456e-08
2.107843e-01 6.715686e-01 -8.678137e-10
2.205882e-01 6.715686e-01 3.675601e-08
2.303922e-01 6.715686e-01 1.205625e-07
2.401961e-01 6.715686e-01 3.102054e-07
2.500000e-01 6.715686e-01 7.233368e-07
2.598039e-01 6.715686e-01 1.576301e-06
2.696078e-01 6.715686e-01 3.241917e-06
2.794118e-01 6.715686e-01 6.322831e-06
2.892157e-01 6.715686e-01 1.173223e-05
2.990196e-01 6.715686e-01 2.076473e-05
3.088235e-01 6.715686e-01 3.513071e-05
3.186275e-01 6.715686e-01 5.692088e-05
3.284314e-01 6.715686e-01 8.846849e-05
3.382353e-01 6.715686e-01 1.320886e-04
3.480392e-01 6.715686e-01 1.896983e-04
3.578431e-01 6.715686e-01 2.623546e-04
3.676471e-01 6.715686e-01 3.497849e-04
3.774510e-01 6.715686e-01 4.500088e-04
3.872549e-01 6.715686e-01 5.591587e-04
3.970588e-01 6.715686e-01 6.715848e-04
4.068627e-01 6.715686e-01 7.802794e-04
4.166667e-01 6.715686e-01 8.775917e-04
4.264706e-01 6.715686e-01 9.561323e-04
4.362745e-01 6.715686e-01 1.009715e-03
4.460784e-01 6.715686e-01 1.034171e-03
4.558824e-01 6.715686e-01 1.027876e-03
4.656863e-01 6.715686e-01 9.919153e-04
4.754902e-01 6.715686e-01 9.298504e-04
4.852941e-01 6.715686e-01 8.471585e-04
4.950980e-01 6.715686e-01 7.504620e-04
5.049020e-01 6.715686e-01 6.466896e-04
5.147059e-01 6.715686e-01 5.423119e-04
5.245098e-01 6.715686e-01 4.427557e-04
5.343137e-01 6.715686e-01 3.520545e-04
5.441176e-01 6.715686e-01 2.727403e-04
5.539216e-01 6.715686e-01 2.059395e-04
5.637255e-01 6.715686e-01 1.516117e-04
5.735294e-01 6.715686e-01 1.088618e-04
5.833333e-01 6.715686e-01 7.626246e-05
5.931373e-01 6.715686e-01 5.214063e-05
6.029412e-01 6.715686e-01 3.480217e-05
6.127451e-01 6.715686e-01 2.268459e-05
6.225490e-01 6.715686e-01 1.444366e-05
6.323529e-01 6.715686e-01 8.986046e-06
6.421569e-01 6.715686e-01 5.464183e-06
6.519608e-01 6.715686e-01 3.248361e-06
6.617647e-01 6.715686e-01 1.888428e-06
6.715686e-01 6.715686e-01 1.073852e-06
6.813725e-01 6.715686e-01 5.974619e-07
6.911765e-01 6.715686e-01 3.252988e-07
7.009804e-01 6.715686e-01 1.734093e-07
7.107843e-01 6.715686e-01 9.042067e-08
7.205882e-01 6.715686e-01 4.638566e-08
7.303922e-01 6.715686e-01 2.282658e-08
7.401961e-01 6.715686e-01 1.204310e-08
7.500000e-01 6.715686e-01 4.077030e-09
7.598039e-01 6.715686e-01 5.165847e-09
7.696078e-01 6.715686e-01 -3.341370e-09
7.794118e-01 6.715686e-01 7.813302e-09
7.892157e-01 6.715686e-01 -1.036219e-08
7.990196e-01 6.715686e-01 1.381894e-08
8.088235e-01 6.715686e-01 -1.513217e-08
8.186275e-01 6.715686e-01 1.328862e-08
8.284314e-01 6.715686e-01 -7.025457e-09
8.382353e-01 6.715686e-01 -2.317291e-09
8.480392e-01 6.715686e-01 1.069939e-08
8.578431e-01 6.715686e-01 -1.266102e-08
8.676471e-01 6.715686e-01 5.578329e-09
8.774510e-01 6.715686e-01 6.256549e-09
8.872549e-01 6.715686e-01 -1.268026e-08
8.970588e-01 6.715686e-01 6.398370e-09
9.068627e-01 6.715686e-01 7.207026e-09
9.166667e-01 6.715686e-01 -1.246123e-08
9.264706e-01 6.715686e-01 1.486727e-09
9.362745e-01 6.715686e-01 1.194431e-08
9.460784e-01 6.715686e-01 -7.717162e-09
9.558824e-01 6.715686e-01 -9.127119e-09
9.656863e-01 6.715686e-01 1.090160e-08
9.754902e-01 6.715686e-01 7.075018e-09
9.852941e-01 6.715686e-01 -1.216518e-08
9.950980e-01 6.715686e-01 -7.122548e-09
4.901961e-03 6.813725e-01 -6.768755e-09
1.470588e-02 6.813725e-01 -3.963442e-09
2.450980e-02 6.813725e-01 6.730630e-09
3.431373e-02 6.813725e-01 5.357627e-09
4.411765e-02 6.813725e-01 -5.525572e-09
5.392157e-02 6.813725e-01 -7.734010e-09
6.372549e-02 6.813725e-01 2.051768e-09
7.352941e-02 6.813725e-01 9.351451e-09
8.333333e-02 6.813725e-01 4.286399e-09
9.313725e-02 6.813725e-01 -6.511096e-09
1.029412e-01 6.813725e-01 -1.040797e-08
1.127451e-01 6.813725e-01 -3.483135e-09
1.225490e-01 6.813725e-01 7.316356e-09
1.323529e-01 6.813725e-01 1.268026e-08
1.421569e-01 6.813725e-01 8.884171e-09
1.519608e-01 6.813725e-01 -1.124342e-09
1.617647e-01 6.813725e-01 -1.164742e-08
1.715686e-01 6.813725e-01 -1.837399e-08
1.813725e-01 6.813725e-01 -1.996404e-08
1.911765e-01 6.813725e-01 -1.720599e-08
2.009804e-01 6.813725e-01 -1.106927e-08
2.107843e-01 6.813725e-01 -4.827280e-10
2.205882e-01 6.813725e-01 2.045116e-08
2.303922e-01 6.813725e-01 6.708092e-08
2.401961e-01 6.813725e-01 1.725979e-07
2.500000e-01 6.813725e-01 4.024633e-07
2.598039e-01 6.813725e-01 8.770505e-07
2.696078e-01 6.813725e-01 1.803796e-06
2.794118e-01 6.813725e-01 3.518010e-06
2.892157e-01 6.813725e-01 6.527788e-06
2.990196e-01 6.813725e-01 1.155345e-05
3.088235e-01 6.813725e-01 1.954667e-05
3.186275e-01 6.813725e-01 3.167069e-05
3.284314e-01 6.813725e-01 4.922373e-05
3.382353e-01 6.813725e-01 7.349393e-05
3.480392e-01 6.813725e-01 1.055479e-04
3.578431e-01 6.813725e-01 1.459738e-04
3.676471e-01 6.813725e-01 1.946199e-04
3.774510e-01 6.813725e-01 2.503844e-04
3.872549e-01 6.813725e-01 3.111153e-04
3.970588e-01 6.813725e-01 3.736690e-04
4.068627e-01 6.813725e-01 4.341465e-04
4.166667e-01 6.813725e-01 4.882909e-04
4.264706e-01 6.813725e-01 5.319906e-04
4.362745e-01 6.813725e-01 5.618039e-04
4.460784e-01 6.813725e-01 5.754105e-04
4.558824e-01 6.813725e-01 5.719078e-04
4.656863e-01 6.813725e-01 5.518992e-04
4.754902e-01 6.813725e-01 5.173660e-04
4.852941e-01 6.813725e-01 4.713561e-04
4.950980e-01 6.813725e-01 4.175541e-04
5.049020e-01 6.813725e-01 3.598152e-04
5.147059e-01 6.813725e-01 3.017396e-04
5.245098e-01 6.813725e-01 2.463467e-04
5.343137e-01 6.813725e-01 1.958808e-04
5.441176e-01 6.813725e-01 1.517507e-04
5.539216e-01 6.813725e-01 1.145830e-04
5.637255e-01 6.813725e-01 8.435532e-05
5.735294e-01 6.813725e-01 6.056957e-05
5.833333e-01 6.813725e-01 4.243153e-05
5.931373e-01 6.813725e-01 2.901036e-05
6.029412e-01 6.813725e-01 1.936342e-05
6.127451e-01 6.813725e-01 1.262134e-05
6.225490e-01 6.813725e-01 8.036199e-06
6.323529e-01 6.813725e-01 4.999662e-06
6.421569e-01 6.813725e-01 3.040155e-06
6.519608e-01 6.813725e-01 1.807313e-06
6.617647e-01 6.813725e-01 1.050674e-06
6.715686e-01 6.813725e-01 5.974619e-07
6.813725e-01 6.813725e-01 3.324100e-07
6.911765e-01 6.813725e-01 1.809857e-07
7.009804e-01 6.813725e-01 9.647883e-08
7.107843e-01 6.813725e-01 5.030664e-08
7.205882e-01 6.813725e-01 2.580708e-08
7.303922e-01 6.813725e-01 1.269970e-08
7.401961e-01 6.813725e-01 6.700217e-09
7.500000e-01 6.813725e-01 2.268221e-09
7.598039e-01 6.813725e-01 2.874085e-09
7.696078e-01 6.813725e-01 -1.859149e-09
7.794118e-01 6.813725e-01 4.347239e-09
7.892157e-01 6.813725e-01 -5.765522e-09
7.990196e-01 6.813725e-01 7.688889e-09
8.088235e-01 6.813725e-01 -8.419636e-09
8.186275e-01 6.813725e-01 7.393893e-09
8.284314e-01 6.813725e-01 -3.909008e-09
8.382353e-01 6.813725e-01 -1.289422e-09
8.480392e-01 6.813725e-01 5.953323e-09
8.578431e-01 6.813725e-01 -7.044744e-09
8.676471e-01 6.813725e-01 3.103743e-09
8.774510e-01 6.813725e-01 3.481383e-09
8.872549e-01 6.813725e-01 -7.055512e-09
8.970588e-01 6.813725e-01 3.559978e-09
9.068627e-01 6.813725e-01 4.010310e-09
9.166667e-01 6.813725e-01 -6.933597e-09
9.264706e-01 6.813725e-01 8.269632e-10
9.362745e-01 6.813725e-01 6.646149e-09
9.460784e-01 6.813725e-01 -4.293715e-09
9.558824e-01 6.813725e-01 -5.078741e-09
9.656863e-01 6.813725e-01 6.065651e-09
9.754902e-01 6.813725e-01 3.936980e-09
9.852941e-01 6.813725e-01 -6.768755e-09
9.950980e-01 6.813725e-01 -3.963442e-09
4.901961e-03 6.911765e-01 -3.685612e-09
1.470588e-02 6.911765e-01 -2.158337e-09
2.450980e-02 6.911765e-01 3.664833e-09
3.431373e-02 6.911765e-01 2.917474e-09
4.411765e-02 6.911765e-01 -3.008614e-09
5.392157e-02 6.911765e-01 -4.211390e-09
6.372549e-02 6.911765e-01 1.117031e-09
7.352941e-02 6.911765e-01 5.091994e-09
8.333333e-02 6.911765e-01 2.334170e-09
9.313725e-02 6.911765e-01 -3.545253e-09
1.029412e-01 6.911765e-01 -5.667315e-09
1.127451e-01 6.911765e-01 -1.896748e-09
1.225490e-01 6.911765e-01 3.983738e-09
1.323529e-01 6.911765e-01 6.904533e-09
1.421569e-01 6.911765e-01 4.837579e-09
1.519608e-01 6.911765e-01 -6.121442e-10
1.617647e-01 6.911765e-01 -6.342058e-09
1.715686e-01 6.911765e-01 -1.000471e-08
1.813725e-01 6.911765e-01 -1.087046e-08
1.911765e-01 6.911765e-01 -9.368635e-09
2.009804e-01 6.911765e-01 -6.027147e-09
2.107843e-01 6.911765e-01 -2.627683e-10
2.205882e-01 6.911765e-01 1.113566e-08
2.303922e-01 6.911765e-01 3.652534e-08
2.401961e-01 6.911765e-01 9.397876e-08
2.500000e-01 6.911765e-01 2.191393e-07
2.598039e-01 6.911765e-01 4.775496e-07
2.696078e-01 6.911765e-01 9.821578e-07
2.794118e-01 6.911765e-01 1.915539e-06
2.892157e-01 6.911765e-01 3.554349e-06
2.990196e-01 6.911765e-01 6.290800e-06
3.088235e-01 6.911765e-01 1.064307e-05
3.186275e-01 6.911765e-01 1.724454e-05
3.284314e-01 6.911765e-01 2.680210e-05
3.382353e-01 6.911765e-01 4.001713e-05
3.480392e-01 6.911765e-01 5.747037e-05
3.578431e-01 6.911765e-01 7.948211e-05
3.676471e-01 6.911765e-01 1.059697e-04
3.774510e-01 6.911765e-01 1.363333e-04
3.872549e-01 6.911765e-01 1.694010e-04
3.970588e-01 6.911765e-01 2.034612e-04
4.068627e-01 6.911765e-01 2.363909e-04
4.166667e-01 6.911765e-01 2.658722e-04
4.264706e-01 6.911765e-01 2.896664e-04
4.362745e-01 6.911765e-01 3.058995e-04
4.460784e-01 6.911765e-01 3.133081e-04
4.558824e-01 6.911765e-01 3.114007e-04
4.656863e-01 6.911765e-01 3.005059e-04
4.754902e-01 6.911765e-01 2.817026e-04
4.852941e-01 6.911765e-01 2.566502e-04
4.950980e-01 6.911765e-01 2.273552e-04
5.049020e-01 6.911765e-01 1.959165e-04
5.147059e-01 6.911765e-01 1.642946e-04
5.245098e-01 6.911765e-01 1.341334e-04
5.343137e-01 6.911765e-01 1.066551e-04
5.441176e-01 6.911765e-01 8.262654e-05
5.539216e-01 6.911765e-01 6.238904e-05
5.637255e-01 6.911765e-01 4.593035e-05
5.735294e-01 6.911765e-01 3.297925e-05
5.833333e-01 6.911765e-01 2.310330e-05
5.931373e-01 6.911765e-01 1.579565e-05
6.029412e-01 6.911765e-01 1.054302e-05
6.127451e-01 6.911765e-01 6.872067e-06
6.225490e-01 6.911765e-01 4.375534e-06
6.323529e-01 6.911765e-01 2.722197e-06
6.421569e-01 6.911765e-01 1.655287e-06
6.519608e-01 6.911765e-01 9.840317e-07
6.617647e-01 6.911765e-01 5.720604e-07
6.715686e-01 6.911765e-01 3.252988e-07
6.813725e-01 6.911765e-01 1.809857e-07
6.911765e-01 6.911765e-01 9.853997e-08
7.009804e-01 6.911765e-01 5.252886e-08
7.107843e-01 6.911765e-01 2.738980e-08
7.205882e-01 6.911765e-01 1.405077e-08
7.303922e-01 6.911765e-01 6.914364e-09
7.401961e-01 6.911765e-01 3.647919e-09
7.500000e-01 6.911765e-01 1.234901e-09
7.598039e-01 6.911765e-01 1.564818e-09
7.696078e-01 6.911765e-01 -1.012306e-09
7.794118e-01 6.911765e-01 2.367008e-09
7.892157e-01 6.911765e-01 -3.139307e-09
7.990196e-01 6.911765e-01 4.186593e-09
8.088235e-01 6.911765e-01 -4.584522e-09
8.186275e-01 6.911765e-01 4.026016e-09
8.284314e-01 6.911765e-01 -2.128475e-09
8.382353e-01 6.911765e-01 -7.021265e-10
8.480392e-01 6.911765e-01 3.241670e-09
8.578431e-01 6.911765e-01 -3.835935e-09
8.676471e-01 6.911765e-01 1.689967e-09
8.774510e-01 6.911765e-01 1.895734e-09
8.872549e-01 6.911765e-01 -3.841835e-09
8.970588e-01 6.911765e-01 1.938368e-09
9.068627e-01 6.911765e-01 2.183780e-09
9.166667e-01 6.911765e-01 -3.775430e-09
9.264706e-01 6.911765e-01 4.501488e-10
9.362745e-01 6.911765e-01 3.619005e-09
9.460784e-01 6.911765e-01 -2.337867e-09
9.558824e-01 6.911765e-01 -2.765593e-09
9.656863e-01 6.911765e-01 3.302746e-09
9.754902e-01 6.911765e-01 2.143919e-09
9.852941e-01 6.911765e-01 -3.685612e-09
9.950980e-01 6.911765e-01 -2.158337e-09
4.901961e-03 7.009804e-01 -1.964864e-09
1.470588e-02 7.009804e-01 -1.150766e-09
2.450980e-02 7.009804e-01 1.953777e-09
3.431373e-02 7.009804e-01 1.555474e-09
4.411765e-02 7.009804e-01 -1.603903e-09
5.392157e-02 7.009804e-01 -2.245265e-09
6.372549e-02 7.009804e-01 5.954243e-10
7.352941e-02 7.009804e-01 2.714679e-09
8.333333e-02 7.009804e-01 1.244494e-09
9.313725e-02 7.009804e-01 -1.890003e-09
1.029412e-01 7.009804e-01 -3.021410e-09
1.127451e-01 7.009804e-01 -1.011273e-09
1.225490e-01 7.009804e-01 2.123775e-09
1.323529e-01 7.009804e-01 3.680962e-09
1.421569e-01 7.009804e-01 2.579047e-09
1.519608e-01 7.009804e-01 -3.263151e-10
1.617647e-01 7.009804e-01 -3.381050e-09
1.715686e-01 7.009804e-01 -5.333663e-09
1.813725e-01 7.009804e-01 -5.795181e-09
1.911765e-01 7.009804e-01 -4.994507e-09
2.009804e-01 7.009804e-01 -3.213094e-09
2.107843e-01 7.009804e-01 -1.400384e-10
2.205882e-01 7.009804e-01 5.936544e-09
2.303922e-01 7.009804e-01 1.947194e-08
2.401961e-01 7.009804e-01 5.010069e-08
2.500000e-01 7.009804e-01 1.168245e-07
2.598039e-01 7.009804e-01 2.545845e-07
2.696078e-01 7.009804e-01 5.235942e-07
2.794118e-01 7.009804e-01 1.021185e-06
2.892157e-01 7.009804e-01 1.894845e-06
2.990196e-01 7.009804e-01 3.353665e-06
3.088235e-01 7.009804e-01 5.673888e-06
3.186275e-01 7.009804e-01 9.193180e-06
3.284314e-01 7.009804e-01 1.428838e-05
3.382353e-01 7.009804e-01 2.133340e-05
3.480392e-01 7.009804e-01 3.063785e-05
3.578431e-01 7.009804e-01 4.237246e-05
3.676471e-01 7.009804e-01 5.649320e-05
3.774510e-01 7.009804e-01 7.268021e-05
3.872549e-01 7.009804e-01 9.030885e-05
3.970588e-01 7.009804e-01 1.084666e-04
4.068627e-01 7.009804e-01 1.260216e-04
4.166667e-01 7.009804e-01 1.417382e-04
4.264706e-01 7.009804e-01 1.544230e-04
4.362745e-01 7.009804e-01 1.630769e-04
4.460784e-01 7.009804e-01 1.670264e-04
4.558824e-01 7.009804e-01 1.660094e-04
4.656863e-01 7.009804e-01 1.602012e-04
4.754902e-01 7.009804e-01 1.501769e-04
4.852941e-01 7.009804e-01 1.368212e-04
4.950980e-01 7.009804e-01 1.212038e-04
5.049020e-01 7.009804e-01 1.044436e-04
5.147059e-01 7.009804e-01 8.758574e-05
5.245098e-01 7.009804e-01 7.150667e-05
5.343137e-01 7.009804e-01 5.685783e-05
5.441176e-01 7.009804e-01 4.404813e-05
5.539216e-01 7.009804e-01 3.325947e-05
5.637255e-01 7.009804e-01 2.448532e-05
5.735294e-01 7.009804e-01 1.758109e-05
5.833333e-01 7.009804e-01 1.231623e-05
5.931373e-01 7.009804e-01 8.420544e-06
6.029412e-01 7.009804e-01 5.620391e-06
6.127451e-01 7.009804e-01 3.663427e-06
6.225490e-01 7.009804e-01 2.332543e-06
6.323529e-01 7.009804e-01 1.451165e-06
6.421569e-01 7.009804e-01 8.824064e-07
6.519608e-01 7.009804e-01 5.245692e-07
6.617647e-01 7.009804e-01 3.049536e-07
6.715686e-01 7.009804e-01 1.734093e-07
6.813725e-01 7.009804e-01 9.647883e-08
6.911765e-01 7.009804e-01 5.252886e-08
7.009804e-01 7.009804e-01 2.800150e-08
7.107843e-01 7.009804e-01 1.460057e-08
7.205882e-01 7.009804e-01 7.489938e-09
7.303922e-01 7.009804e-01 3.685766e-09
7.401961e-01 7.009804e-01 1.944546e-09
7.500000e-01 7.009804e-01 6.582563e-10
7.598039e-01 7.009804e-01 8.341517e-10
7.696078e-01 7.009804e-01 -5.396700e-10
7.794118e-01 7.009804e-01 1.261841e-09
7.892157e-01 7.009804e-01 -1.673587e-09
7.990196e-01 7.009804e-01 2.231914e-09
8.088235e-01 7.009804e-01 -2.444077e-09
8.186275e-01 7.009804e-01 2.146340e-09
8.284314e-01 7.009804e-01 -1.134730e-09
8.382353e-01 7.009804e-01 -3.743278e-10
8.480392e-01 7.009804e-01 1.728217e-09
8.578431e-01 7.009804e-01 -2.045024e-09
8.676471e-01 7.009804e-01 9.009346e-10
8.774510e-01 7.009804e-01 1.010701e-09
8.872549e-01 7.009804e-01 -2.048189e-09
8.970588e-01 7.009804e-01 1.033351e-09
9.068627e-01 7.009804e-01 1.164288e-09
9.166667e-01 7.009804e-01 -2.012778e-09
9.264706e-01 7.009804e-01 2.399126e-10
9.362745e-01 7.009804e-01 1.929433e-09
9.460784e-01 7.009804e-01 -1.246319e-09
9.558824e-01 7.009804e-01 -1.474490e-09
9.656863e-01 7.009804e-01 1.760741e-09
9.754902e-01 7.009804e-01 1.143074e-09
9.852941e-01 7.009804e-01 -1.964864e-09
9.950980e-01 7.009804e-01 -1.150766e-09
4.901961e-03 7.107843e-01 -1.024626e-09
1.470588e-02 7.107843e-01 -6.001529e-10
2.450980e-02 7.107843e-01 1.018839e-09
3.431373e-02 7.107843e-01 8.111975e-10
4.411765e-02 7.107843e-01 -8.363729e-10
5.392157e-02 7.107843e-01 -1.170896e-09
6.372549e-02 7.107843e-01 3.104564e-10
7.352941e-02 7.107843e-01 1.415656e-09
8.333333e-02 7.107843e-01 6.490228e-10
9.313725e-02 7.107843e-01 -9.855702e-10
1.029412e-01 7.107843e-01 -1.575616e-09
1.127451e-01 7.107843e-01 -5.273911e-10
1.225490e-01 7.107843e-01 1.107479e-09
1.323529e-01 7.107843e-01 1.919537e-09
1.421569e-01 7.107843e-01 1.344924e-09
1.519608e-01 7.107843e-01 -1.701522e-10
1.617647e-01 7.107843e-01 -1.763118e-09
1.715686e-01 7.107843e-01 -2.781343e-09
1.813725e-01 7.107843e-01 -3.021994e-09
1.911765e-01 7.107843e-01 -2.604449e-09
2.009804e-01 7.107843e-01 -1.675489e-09
2.107843e-01 7.107843e-01 -7.299845e-11
2.205882e-01 7.107843e-01 3.095701e-09
2.303922e-01 7.107843e-01 1.015386e-08
2.401961e-01 7.107843e-01 2.612552e-08
2.500000e-01 7.107843e-01 6.091929e-08
2.598039e-01 7.107843e-01 1.327556e-07
2.696078e-01 7.107843e-01 2.730334e-07
2.794118e-01 7.107843e-01 5.325072e-07
2.892157e-01 7.107843e-01 9.880860e-07
2.990196e-01 7.107843e-01 1.748803e-06
3.088235e-01 7.107843e-01 2.958707e-06
3.186275e-01 7.107843e-01 4.793880e-06
3.284314e-01 7.107843e-01 7.450828e-06
3.382353e-01 7.107843e-01 1.112453e-05
3.480392e-01 7.107843e-01 1.597644e-05
3.578431e-01 7.107843e-01 2.209558e-05
3.676471e-01 7.107843e-01 2.945899e-05
3.774510e-01 7.107843e-01 3.789988e-05
3.872549e-01 7.107843e-01 4.709251e-05
3.970588e-01 7.107843e-01 5.656104e-05
4.068627e-01 7.107843e-01 6.571527e-05
4.166667e-01 7.107843e-01 7.391085e-05
4.264706e-01 7.107843e-01 8.052542e-05
4.362745e-01 7.107843e-01 8.503802e-05
4.460784e-01 7.107843e-01 8.709744e-05
4.558824e-01 7.107843e-01 8.656707e-05
4.656863e-01 7.107843e-01 8.353825e-05
4.754902e-01 7.107843e-01 7.831092e-05
4.852941e-01 7.107843e-01 7.134642e-05
4.950980e-01 7.107843e-01 6.320251e-05
5.049020e-01 7.107843e-01 5.446273e-05
5.147059e-01 7.107843e-01 4.567203e-05
5.245098e-01 7.107843e-01 3.728745e-05
5.343137e-01 7.107843e-01 2.964870e-05
5.441176e-01 7.107843e-01 2.296899e-05
5.539216e-01 7.107843e-01 1.734318e-05
5.637255e-01 7.107843e-01 1.276787e-05
5.735294e-01 7.107843e-01 9.167634e-06
5.833333e-01 7.107843e-01 6.422264e-06
5.931373e-01 7.107843e-01 4.390855e-06
6.029412e-01 7.107843e-01 2.930719e-06
6.127451e-01 7.107843e-01 1.910265e-06
6.225490e-01 7.107843e-01 1.216282e-06
6.323529e-01 7.107843e-01 7.566930e-07
6.421569e-01 7.107843e-01 4.601187e-07
6.519608e-01 7.107843e-01 2.735283e-07
6.617647e-01 7.107843e-01 1.590125e-07
6.715686e-01 7.107843e-01 9.042067e-08
6.813725e-01 7.107843e-01 5.030664e-08
6.911765e-01 7.107843e-01 2.738980e-08
7.009804e-01 7.107843e-01 1.460057e-08
7.107843e-01 7.107843e-01 7.612998e-09
7.205882e-01 7.107843e-01 3.905363e-09
7.303922e-01 7.107843e-01 1.921800e-09
7.401961e-01 7.107843e-01 1.013902e-09
7.500000e-01 7.107843e-01 3.432120e-10
7.598039e-01 7.107843e-01 4.349421e-10
7.696078e-01 7.107843e-01 -2.814177e-10
7.794118e-01 7.107843e-01 6.579844e-10
7.892157e-01 7.107843e-01 -8.727087e-10
7.990196e-01 7.107843e-01 1.163861e-09
8.088235e-01 7.107843e-01 -1.274510e-09
8.186275e-01 7.107843e-01 1.119256e-09
8.284314e-01 7.107843e-01 -5.917321e-10
8.382353e-01 7.107843e-01 -1.952055e-10
8.480392e-01 7.107843e-01 9.012295e-10
8.578431e-01 7.107843e-01 -1.066434e-09
8.676471e-01 7.107843e-01 4.698059e-10
8.774510e-01 7.107843e-01 5.270782e-10
8.872549e-01 7.107843e-01 -1.068095e-09
8.970588e-01 7.107843e-01 5.388520e-10
9.068627e-01 7.107843e-01 6.071828e-10
9.166667e-01 7.107843e-01 -1.049626e-09
9.264706e-01 7.107843e-01 1.250740e-10
9.362745e-01 7.107843e-01 1.006187e-09
9.460784e-01 7.107843e-01 -6.499032e-10
9.558824e-01 7.107843e-01 -7.689589e-10
9.656863e-01 7.107843e-01 9.181746e-10
9.754902e-01 7.107843e-01 5.961398e-10
9.852941e-01 7.107843e-01 -1.024626e-09
9.950980e-01 7.107843e-01 -6.001529e-10
4.901961e-03 7.205882e-01 -5.256837e-10
1.470588e-02 7.205882e-01 -3.079384e-10
2.450980e-02 7.205882e-01 5.227122e-10
3.431373e-02 7.205882e-01 4.162143e-10
4.411765e-02 7.205882e-01 -4.290899e-10
5.392157e-02 7.205882e-01 -6.007524e-10
6.372549e-02 7.205882e-01 1.592580e-10
7.352941e-02 7.205882e-01 7.263128e-10
8.333333e-02 7.205882e-01 3.330068e-10
9.313725e-02 7.205882e-01 -5.056371e-10
1.029412e-01 7.205882e-01 -8.083828e-10
1.127451e-01 7.205882e-01 -2.705965e-10
1.225490e-01 7.205882e-01 5.681838e-10
1.323529e-01 7.205882e-01 9.848208e-10
1.421569e-01 7.205882e-01 6.900187e-10
1.519608e-01 7.205882e-01 -8.729114e-11
1.617647e-01 7.205882e-01 -9.045579e-10
1.715686e-01 7.205882e-01 -1.426948e-09
1.813725e-01 7.205882e-01 -1.550402e-09
1.911765e-01 7.205882e-01 -1.336173e-09
2.009804e-01 7.205882e-01 -8.595728e-10
2.107843e-01 7.205882e-01 -3.743533e-11
2.205882e-01 7.205882e-01 1.588211e-09
2.303922e-01 7.205882e-01 5.209272e-09
2.401961e-01 7.205882e-01 1.340324e-08
2.500000e-01 7.205882e-01 3.125355e-08
2.598039e-01 7.205882e-01 6.810787e-08
2.696078e-01 7.205882e-01 1.400749e-07
2.794118e-01 7.205882e-01 2.731934e-07
2.892157e-01 7.205882e-01 5.069201e-07
2.990196e-01 7.205882e-01 8.971927e-07
3.088235e-01 7.205882e-01 1.517914e-06
3.186275e-01 7.205882e-01 2.459418e-06
3.284314e-01 7.205882e-01 3.822520e-06
3.382353e-01 7.205882e-01 5.707252e-06
3.480392e-01 7.205882e-01 8.196441e-06
3.578431e-01 7.205882e-01 1.133576e-05
3.676471e-01 7.205882e-01 1.511344e-05
3.774510e-01 7.205882e-01 1.944389e-05
3.872549e-01 7.205882e-01 2.416001e-05
3.970588e-01 7.205882e-01 2.901767e-05
4.068627e-01 7.205882e-01 3.371408e-05
4.166667e-01 7.205882e-01 3.791866e-05
4.264706e-01 7.205882e-01 4.131212e-05
4.362745e-01 7.205882e-01 4.362720e-05
4.460784e-01 7.205882e-01 4.468372e-05
4.558824e-01 7.205882e-01 4.441158e-05
4.656863e-01 7.205882e-01 4.285765e-05
4.754902e-01 7.205882e-01 4.017583e-05
4.852941e-01 7.205882e-01 3.660278e-05
4.950980e-01 7.205882e-01 3.242467e-05
5.049020e-01 7.205882e-01 2.794087e-05
5.147059e-01 7.205882e-01 2.343096e-05
5.245098e-01 7.205882e-01 1.912941e-05
5.343137e-01 7.205882e-01 1.521051e-05
5.441176e-01 7.205882e-01 1.178363e-05
5.539216e-01 7.205882e-01 8.897436e-06
5.637255e-01 7.205882e-01 6.550179e-06
5.735294e-01 7.205882e-01 4.703173e-06
5.833333e-01 7.205882e-01 3.294735e-06
5.931373e-01 7.205882e-01 2.252579e-06
6.029412e-01 7.205882e-01 1.503501e-06
6.127451e-01 7.205882e-01 9.799897e-07
6.225490e-01 7.205882e-01 6.239655e-07
6.323529e-01 7.205882e-01 3.881898e-07
6.421569e-01 7.205882e-01 2.360437e-07
6.519608e-01 7.205882e-01 1.403210e-07
6.617647e-01 7.205882e-01 8.157358e-08
6.715686e-01 7.205882e-01 4.638566e-08
6.813725e-01 7.205882e-01 2.580708e-08
6.911765e-01 7.205882e-01 1.405077e-08
7.009804e-01 7.205882e-01 7.489938e-09
7.107843e-01 7.205882e-01 3.905363e-09
7.205882e-01 7.205882e-01 2.003383e-09
7.303922e-01 7.205882e-01 9.858432e-10
7.401961e-01 7.205882e-01 5.201074e-10
7.500000e-01 7.205882e-01 1.760549e-10
7.598039e-01 7.205882e-01 2.231196e-10
7.696078e-01 7.205882e-01 -1.443768e-10
7.794118e-01 7.205882e-01 3.375582e-10
7.892157e-01 7.205882e-01 -4.477273e-10
7.990196e-01 7.205882e-01 5.971020e-10
8.088235e-01 7.205882e-01 -6.538763e-10
8.186275e-01 7.205882e-01 5.742289e-10
8.284314e-01 7.205882e-01 -3.035876e-10
8.382353e-01 7.205882e-01 -1.001504e-10
8.480392e-01 7.205882e-01 4.623780e-10
8.578431e-01 7.205882e-01 -5.471357e-10
8.676471e-01 7.205882e-01 2.410297e-10
8.774510e-01 7.205882e-01 2.704284e-10
8.872549e-01 7.205882e-01 -5.479940e-10
8.970588e-01 7.205882e-01 2.764509e-10
9.068627e-01 7.205882e-01 3.115331e-10
9.166667e-01 7.205882e-01 -5.385170e-10
9.264706e-01 7.205882e-01 6.415181e-11
9.362745e-01 7.205882e-01 5.162434e-10
9.460784e-01 7.205882e-01 -3.334225e-10
9.558824e-01 7.205882e-01 -3.945402e-10
9.656863e-01 7.205882e-01 4.710661e-10
9.754902e-01 7.205882e-01 3.058782e-10
9.852941e-01 7.205882e-01 -5.256837e-10
9.950980e-01 7.205882e-01 -3.079384e-10
4.901961e-03 7.303922e-01 -2.587198e-10
1.470588e-02 7.303922e-01 -1.515661e-10
2.450980e-02 7.303922e-01 2.572563e-10
3.431373e-02 7.303922e-01 2.048548e-10
4.411765e-02 7.303922e-01 -2.111761e-10
5.392157e-02 7.303922e-01 -2.956747e-10
6.372549e-02 7.303922e-01 7.837208e-11
7.352941e-02 7.303922e-01 3.574647e-10
8.333333e-02 7.303922e-01 1.639013e-10
9.313725e-02 7.303922e-01 -2.488498e-10
1.029412e-01 7.303922e-01 -3.978562e-10
1.127451e-01 7.303922e-01 -1.331821e-10
1.225490e-01 7.303922e-01 2.796329e-10
1.323529e-01 7.303922e-01 4.846861e-10
1.421569e-01 7.303922e-01 3.395972e-10
1.519608e-01 7.303922e-01 -4.296058e-11
1.617647e-01 7.303922e-01 -4.451798e-10
1.715686e-01 7.303922e-01 -7.022705e-10
1.813725e-01 7.303922e-01 -7.630218e-10
1.911765e-01 7.303922e-01 -6.575834e-10
2.009804e-01 7.303922e-01 -4.230236e-10
2.107843e-01 7.303922e-01 -1.841490e-11
2.205882e-01 7.303922e-01 7.816282e-10
2.303922e-01 7.303922e-01 2.563688e-09
2.401961e-01 7.303922e-01 6.596248e-09
2.500000e-01 7.303922e-01 1.538106e-08
2.598039e-01 7.303922e-01 3.351848e-08
2.696078e-01 7.303922e-01 6.893620e-08
2.794118e-01 7.303922e-01 1.344489e-07
2.892157e-01 7.303922e-01 2.494749e-07
2.990196e-01 7.303922e-01 4.415433e-07
3.088235e-01 7.303922e-01 7.470242e-07
3.186275e-01 7.303922e-01 1.210375e-06
3.284314e-01 7.303922e-01 1.881211e-06
3.382353e-01 7.303922e-01 2.808761e-06
3.480392e-01 7.303922e-01 4.033789e-06
3.578431e-01 7.303922e-01 5.578772e-06
3.676471e-01 7.303922e-01 7.437912e-06
3.774510e-01 7.303922e-01 9.569095e-06
3.872549e-01 7.303922e-01 1.189008e-05
3.970588e-01 7.303922e-01 1.428071e-05
4.068627e-01 7.303922e-01 1.659199e-05
4.166667e-01 7.303922e-01 1.866121e-05
4.264706e-01 7.303922e-01 2.033125e-05
4.362745e-01 7.303922e-01 2.147057e-05
4.460784e-01 7.303922e-01 2.199050e-05
4.558824e-01 7.303922e-01 2.185654e-05
4.656863e-01 7.303922e-01 2.109178e-05
4.754902e-01 7.303922e-01 1.977193e-05
4.852941e-01 7.303922e-01 1.801348e-05
4.950980e-01 7.303922e-01 1.595727e-05
5.049020e-01 7.303922e-01 1.375061e-05
5.147059e-01 7.303922e-01 1.153112e-05
5.245098e-01 7.303922e-01 9.414171e-06
5.343137e-01 7.303922e-01 7.485540e-06
5.441176e-01 7.303922e-01 5.799057e-06
5.539216e-01 7.303922e-01 4.378670e-06
5.637255e-01 7.303922e-01 3.223512e-06
5.735294e-01 7.303922e-01 2.314546e-06
5.833333e-01 7.303922e-01 1.621414e-06
5.931373e-01 7.303922e-01 1.108542e-06
6.029412e-01 7.303922e-01 7.399019e-07
6.127451e-01 7.303922e-01 4.822702e-07
6.225490e-01 7.303922e-01 3.070632e-07
6.323529e-01 7.303922e-01 1.910335e-07
6.421569e-01 7.303922e-01 1.161598e-07
6.519608e-01 7.303922e-01 6.905325e-08
6.617647e-01 7.303922e-01 4.014291e-08
6.715686e-01 7.303922e-01 2.282658e-08
6.813725e-01 7.303922e-01 1.269970e-08
6.911765e-01 7.303922e-01 6.914364e-09
7.009804e-01 7.303922e-01 3.685766e-09
7.107843e-01 7.303922e-01 1.921800e-09
7.205882e-01 7.303922e-01 9.858432e-10
7.303922e-01 7.303922e-01 4.851195e-10
7.401961e-01 7.303922e-01 2.559358e-10
7.500000e-01 7.303922e-01 8.663138e-11
7.598039e-01 7.303922e-01 1.097956e-10
7.696078e-01 7.303922e-01 -7.105328e-11
7.794118e-01 7.303922e-01 1.661203e-10
7.892157e-01 7.303922e-01 -2.203428e-10
7.990196e-01 7.303922e-01 2.938578e-10
8.088235e-01 7.303922e-01 -3.218029e-10
8.186275e-01 7.303922e-01 2.826075e-10
8.284314e-01 7.303922e-01 -1.494129e-10
8.382353e-01 7.303922e-01 -4.928837e-11
8.480392e-01 7.303922e-01 2.275620e-10
8.578431e-01 7.303922e-01 -2.692770e-10
8.676471e-01 7.303922e-01 1.186235e-10
8.774510e-01 7.303922e-01 1.330966e-10
8.872549e-01 7.303922e-01 -2.697022e-10
8.970588e-01 7.303922e-01 1.360552e-10
9.068627e-01 7.303922e-01 1.533300e-10
9.166667e-01 7.303922e-01 -2.650381e-10
9.264706e-01 7.303922e-01 3.156648e-11
9.362745e-01 7.303922e-01 2.540808e-10
9.460784e-01 7.303922e-01 -1.640930e-10
9.558824e-01 7.303922e-01 -1.941863e-10
9.656863e-01 7.303922e-01 2.318382e-10
9.754902e-01 7.303922e-01 1.505517e-10
9.852941e-01 7.303922e-01 -2.587198e-10
9.950980e-01 7.303922e-01 -1.515661e-10
4.901961e-03 7.401961e-01 -1.365093e-10
1.470588e-02 7.401961e-01 -7.998011e-11
2.450980e-02 7.401961e-01 1.357363e-10
3.431373e-02 7.401961e-01 1.080970e-10
4.411765e-02 7.401961e-01 -1.114205e-10
5.392157e-02 7.401961e-01 -1.560152e-10
6.372549e-02 7.401961e-01 4.134547e-11
7.352941e-02 7.401961e-01 1.886138e-10
8.333333e-02 7.401961e-01 8.648771e-11
9.313725e-02 7.401961e-01 -1.312990e-10
1.029412e-01 7.401961e-01 -2.099270e-10
1.127451e-01 7.401961e-01 -7.027748e-11
1.225490e-01 7.401961e-01 1.475417e-10
1.323529e-01 7.401961e-01 2.557391e-10
1.421569e-01 7.401961e-01 1.791865e-10
1.519608e-01 7.401961e-01 -2.266515e-11
1.617647e-01 7.401961e-01 -2.348907e-10
1.715686e-01 7.401961e-01 -3.705397e-10
1.813725e-01 7.401961e-01 -4.025920e-10
1.911765e-01 7.401961e-01 -3.469572e-10
2.009804e-01 7.401961e-01 -2.231952e-10
2.107843e-01 7.401961e-01 -9.712805e-12
2.205882e-01 7.401961e-01 4.124078e-10
2.303922e-01 7.401961e-01 1.352660e-09
2.401961e-01 7.401961e-01 3.480322e-09
2.500000e-01 7.401961e-01 8.115374e-09
2.598039e-01 7.401961e-01 1.768505e-08
2.696078e-01 7.401961e-01 3.637219e-08
2.794118e-01 7.401961e-01 7.093809e-08
2.892157e-01 7.401961e-01 1.316283e-07
2.990196e-01 7.401961e-01 2.329676e-07
3.088235e-01 7.401961e-01 3.941460e-07
3.186275e-01 7.401961e-01 6.386201e-07
3.284314e-01 7.401961e-01 9.925680e-07
3.382353e-01 7.401961e-01 1.481964e-06
3.480392e-01 7.401961e-01 2.128316e-06
3.578431e-01 7.401961e-01 2.943483e-06
3.676471e-01 7.401961e-01 3.924407e-06
3.774510e-01 7.401961e-01 5.048866e-06
3.872549e-01 7.401961e-01 6.273467e-06
3.970588e-01 7.401961e-01 7.534818e-06
4.068627e-01 7.401961e-01 8.754295e-06
4.166667e-01 7.401961e-01 9.846060e-06
4.264706e-01 7.401961e-01 1.072720e-05
4.362745e-01 7.401961e-01 1.132833e-05
4.460784e-01 7.401961e-01 1.160265e-05
4.558824e-01 7.401961e-01 1.153196e-05
4.656863e-01 7.401961e-01 1.112844e-05
4.754902e-01 7.401961e-01 1.043206e-05
4.852941e-01 7.401961e-01 9.504256e-06
4.950980e-01 7.401961e-01 8.419346e-06
5.049020e-01 7.401961e-01 7.255067e-06
5.147059e-01 7.401961e-01 6.084012e-06
5.245098e-01 7.401961e-01 4.967067e-06
5.343137e-01 7.401961e-01 3.949483e-06
5.441176e-01 7.401961e-01 3.059664e-06
5.539216e-01 7.401961e-01 2.310242e-06
5.637255e-01 7.401961e-01 1.700763e-06
5.735294e-01 7.401961e-01 1.221178e-06
5.833333e-01 7.401961e-01 8.554727e-07
5.931373e-01 7.401961e-01 5.848749e-07
6.029412e-01 7.401961e-01 3.903766e-07
6.127451e-01 7.401961e-01 2.544477e-07
6.225490e-01 7.401961e-01 1.620072e-07
6.323529e-01 7.401961e-01 1.007893e-07
6.421569e-01 7.401961e-01 6.128570e-08
6.519608e-01 7.401961e-01 3.643221e-08
6.617647e-01 7.401961e-01 2.117914e-08
6.715686e-01 7.401961e-01 1.204310e-08
6.813725e-01 7.401961e-01 6.700217e-09
6.911765e-01 7.401961e-01 3.647919e-09
7.009804e-01 7.401961e-01 1.944546e-09
7.107843e-01 7.401961e-01 1.013902e-09
7.205882e-01 7.401961e-01 5.201074e-10
7.303922e-01 7.401961e-01 2.559358e-10
7.401961e-01 7.401961e-01 1.350240e-10
7.500000e-01 7.401961e-01 4.570297e-11
7.598039e-01 7.401961e-01 5.792597e-11
7.696078e-01 7.401961e-01 -3.748949e-11
7.794118e-01 7.401961e-01 8.764674e-11
7.892157e-01 7.401961e-01 -1.162578e-10
7.990196e-01 7.401961e-01 1.550468e-10
8.088235e-01 7.401961e-01 -1.697930e-10
8.186275e-01 7.401961e-01 1.491130e-10
8.284314e-01 7.401961e-01 -7.883532e-11
8.382353e-01 7.401961e-01 -2.600709e-11
8.480392e-01 7.401961e-01 1.200713e-10
8.578431e-01 7.401961e-01 -1.420809e-10
8.676471e-01 7.401961e-01 6.258847e-11
8.774510e-01 7.401961e-01 7.023011e-11
8.872549e-01 7.401961e-01 -1.423068e-10
8.970588e-01 7.401961e-01 7.178522e-11
9.068627e-01 7.401961e-01 8.090769e-11
9.166667e-01 7.401961e-01 -1.398452e-10
9.264706e-01 7.401961e-01 1.665038e-11
9.362745e-01 7.401961e-01 1.340673e-10
9.460784e-01 7.401961e-01 -8.657806e-11
9.558824e-01 7.401961e-01 -1.024668e-10
9.656863e-01 7.401961e-01 1.223247e-10
9.754902e-01 7.401961e-01 7.944452e-11
9.852941e-01 7.401961e-01 -1.365093e-10
9.950980e-01 7.401961e-01 -7.998011e-11
4.901961e-03 7.500000e-01 -4.623839e-11
1.470588e-02 7.500000e-01 -2.709395e-11
2.450980e-02 7.500000e-01 4.597622e-11
3.431373e-02 7.500000e-01 3.661742e-11
4.411765e-02 7.500000e-01 -3.773902e-11
5.392157e-02 7.500000e-01 -5.284713e-11
6.372549e-02 7.500000e-01 1.400251e-11
7.352941e-02 7.500000e-01 6.388675e-11
8.333333e-02 7.500000e-01 2.929591e-11
9.313725e-02 7.500000e-01 -4.447169e-11
1.029412e-01 7.500000e-01 -7.110376e-11
1.127451e-01 7.500000e-01 -2.380286e-11
1.225490e-01 7.500000e-01 4.997266e-11
1.323529e-01 7.500000e-01 8.661651e-11
1.421569e-01 7.500000e-01 6.068576e-11
1.519608e-01 7.500000e-01 -7.679722e-12
1.617647e-01 7.500000e-01 -7.955390e-11
1.715686e-01 7.500000e-01 -1.254893e-10
1.813725e-01 7.500000e-01 -1.363380e-10
1.911765e-01 7.500000e-01 -1.174916e-10
2.009804e-01 7.500000e-01 -7.557675e-11
2.107843e-01 7.500000e-01 -3.282482e-12
2.205882e-01 7.500000e-01 1.396613e-10
2.303922e-01 7.500000e-01 4.580607e-10
2.401961e-01 7.500000e-01 1.178558e-09
2.500000e-01 7.500000e-01 2.748149e-09
2.598039e-01 7.500000e-01 5.988788e-09
2.696078e-01 7.500000e-01 1.231694e-08
2.794118e-01 7.500000e-01 2.402227e-08
2.892157e-01 7.500000e-01 4.457429e-08
2.990196e-01 7.500000e-01 7.889175e-08
3.088235e-01 7.500000e-01 1.334731e-07
3.186275e-01 7.500000e-01 2.162617e-07
3.284314e-01 7.500000e-01 3.361224e-07
3.382353e-01 7.500000e-01 5.018510e-07
3.480392e-01 7.500000e-01 7.207307e-07
3.578431e-01 7.500000e-01 9.967775e-07
3.676471e-01 7.500000e-01 1.328955e-06
3.774510e-01 7.500000e-01 1.709737e-06
3.872549e-01 7.500000e-01 2.124429e-06
3.970588e-01 7.500000e-01 2.551563e-06
4.068627e-01 7.500000e-01 2.964513e-06
4.166667e-01 7.500000e-01 3.334212e-06
4.264706e-01 7.500000e-01 3.632583e-06
4.362745e-01 7.500000e-01 3.836127e-06
4.460784e-01 7.500000e-01 3.929001e-06
4.558824e-01 7.500000e-01 3.905044e-06
4.656863e-01 7.500000e-01 3.768381e-06
4.754902e-01 7.500000e-01 3.532543e-06
4.852941e-01 7.500000e-01 3.218346e-06
4.950980e-01 7.500000e-01 2.850951e-06
5.049020e-01 7.500000e-01 2.456685e-06
5.147059e-01 7.500000e-01 2.060129e-06
5.245098e-01 7.500000e-01 1.681901e-06
5.343137e-01 7.500000e-01 1.337324e-06
5.441176e-01 7.500000e-01 1.036014e-06
5.539216e-01 7.500000e-01 7.822483e-07
5.637255e-01 7.500000e-01 5.758718e-07
5.735294e-01 7.500000e-01 4.134813e-07
5.833333e-01 7.500000e-01 2.896526e-07
5.931373e-01 7.500000e-01 1.980288e-07
6.029412e-01 7.500000e-01 1.321730e-07
6.127451e-01 7.500000e-01 8.614918e-08
6.225490e-01 7.500000e-01 5.485043e-08
6.323529e-01 7.500000e-01 3.412345e-08
6.421569e-01 7.500000e-01 2.074866e-08
6.519608e-01 7.500000e-01 1.233413e-08
6.617647e-01 7.500000e-01 7.170060e-09
6.715686e-01 7.500000e-01 4.077030e-09
6.813725e-01 7.500000e-01 2.268221e-09
6.911765e-01 7.500000e-01 1.234901e-09
7.009804e-01 7.500000e-01 6.582563e-10
7.107843e-01 7.500000e-01 3.432120e-10
7.205882e-01 7.500000e-01 1.760549e-10
7.303922e-01 7.500000e-01 8.663138e-11
7.401961e-01 7.500000e-01 4.570297e-11
7.500000e-01 7.500000e-01 1.546814e-11
7.598039e-01 7.500000e-01 1.960832e-11
7.696078e-01 7.500000e-01 -1.269477e-11
7.794118e-01 7.500000e-01 2.967607e-11
7.892157e-01 7.500000e-01 -3.936753e-11
7.990196e-01 7.500000e-01 5.250437e-11
8.088235e-01 7.500000e-01 -5.750149e-11
8.186275e-01 7.500000e-01 5.050084e-11
8.284314e-01 7.500000e-01 -2.670211e-11
8.382353e-01 7.500000e-01 -8.805451e-12
8.480392e-01 7.500000e-01 4.066523e-11
8.578431e-01 7.500000e-01 -4.812218e-11
8.676471e-01 7.500000e-01 2.119981e-11
8.774510e-01 7.500000e-01 2.378643e-11
8.872549e-01 7.500000e-01 -4.820046e-11
8.970588e-01 7.500000e-01 2.431450e-11
9.068627e-01 7.500000e-01 2.740512e-11
9.166667e-01 7.500000e-01 -4.736808e-11
9.264706e-01 7.500000e-01 5.638605e-12
9.362745e-01 7.500000e-01 4.541249e-11
9.460784e-01 7.500000e-01 -2.932472e-11
9.558824e-01 7.500000e-01 -3.470991e-11
9.656863e-01 7.500000e-01 4.143349e-11
9.754902e-01 7.500000e-01 2.691236e-11
9.852941e-01 7.500000e-01 -4.623839e-11
9.950980e-01 7.500000e-01 -2.709395e-11
4.901961e-03 7.598039e-01 -5.853229e-11
1.470588e-02 7.598039e-01 -3.428653e-11
2.450980e-02 7.598039e-01 5.820157e-11
3.431373e-02 7.598039e-01 4.634265e-11
4.411765e-02 7.598039e-01 -4.777754e-11
5.392157e-02 7.598039e-01 -6.689058e-11
6.372549e-02 7.598039e-01 1.773325e-11
7.352941e-02 7.598039e-01 8.087205e-11
8.333333e-02 7.598039e-01 3.707881e-11
9.313725e-02 7.598039e-01 -5.630134e-11
1.029412e-01 7.598039e-01 -9.001153e-11
1.127451e-01 7.598039e-01 -3.013066e-11
1.225490e-01 7.598039e-01 6.326638e-11
1.323529e-01 7.598039e-01 1.096597e-10
1.421569e-01 7.598039e-01 7.683484e-11
1.519608e-01 7.598039e-01 -9.718686e-12
1.617647e-01 7.598039e-01 -1.007237e-10
1.715686e-01 7.598039e-01 -1.588955e-10
1.813725e-01 7.598039e-01 -1.726452e-10
1.911765e-01 7.598039e-01 -1.487921e-10
2.009804e-01 7.598039e-01 -9.572111e-11
2.107843e-01 7.598039e-01 -4.170306e-12
2.205882e-01 7.598039e-01 1.768593e-10
2.303922e-01 7.598039e-01 5.800956e-10
2.401961e-01 7.598039e-01 1.492562e-09
2.500000e-01 7.598039e-01 3.480338e-09
2.598039e-01 7.598039e-01 7.584355e-09
2.696078e-01 7.598039e-01 1.559843e-08
2.794118e-01 7.598039e-01 3.042215e-08
2.892157e-01 7.598039e-01 5.644931e-08
2.990196e-01 7.598039e-01 9.990891e-08
3.088235e-01 7.598039e-01 1.690305e-07
3.186275e-01 7.598039e-01 2.738734e-07
3.284314e-01 7.598039e-01 4.256640e-07
3.382353e-01 7.598039e-01 6.355416e-07
3.480392e-01 7.598039e-01 9.127295e-07
3.578431e-01 7.598039e-01 1.262314e-06
3.676471e-01 7.598039e-01 1.682984e-06
3.774510e-01 7.598039e-01 2.165210e-06
3.872549e-01 7.598039e-01 2.690383e-06
3.970588e-01 7.598039e-01 3.231318e-06
4.068627e-01 7.598039e-01 3.754298e-06
4.166667e-01 7.598039e-01 4.222511e-06
4.264706e-01 7.598039e-01 4.600403e-06
4.362745e-01 7.598039e-01 4.858209e-06
4.460784e-01 7.598039e-01 4.975867e-06
4.558824e-01 7.598039e-01 4.945571e-06
4.656863e-01 7.598039e-01 4.772538e-06
4.754902e-01 7.598039e-01 4.473904e-06
4.852941e-01 7.598039e-01 4.076026e-06
4.950980e-01 7.598039e-01 3.610767e-06
5.049020e-01 7.598039e-01 3.111465e-06
5.147059e-01 7.598039e-01 2.609253e-06
5.245098e-01 7.598039e-01 2.130242e-06
5.343137e-01 7.598039e-01 1.693840e-06
5.441176e-01 7.598039e-01 1.312228e-06
5.539216e-01 7.598039e-01 9.908241e-07
5.637255e-01 7.598039e-01 7.294348e-07
5.735294e-01 7.598039e-01 5.237523e-07
5.833333e-01 7.598039e-01 3.669081e-07
5.931373e-01 7.598039e-01 2.508527e-07
6.029412e-01 7.598039e-01 1.674343e-07
6.127451e-01 7.598039e-01 1.091351e-07
6.225490e-01 7.598039e-01 6.948733e-08
6.323529e-01 7.598039e-01 4.323062e-08
6.421569e-01 7.598039e-01 2.628707e-08
6.519608e-01 7.598039e-01 1.562698e-08
6.617647e-01 7.598039e-01 9.084573e-09
6.715686e-01 7.598039e-01 5.165847e-09
6.813725e-01 7.598039e-01 2.874085e-09
6.911765e-01 7.598039e-01 1.564818e-09
7.009804e-01 7.598039e-01 8.341517e-10
7.107843e-01 7.598039e-01 4.349421e-10
7.205882e-01 7.598039e-01 2.231196e-10
7.303922e-01 7.598039e-01 1.097956e-10
7.401961e-01 7.598039e-01 5.792597e-11
7.500000e-01 7.598039e-01 1.960832e-11
7.598039e-01 7.598039e-01 2.484893e-11
7.696078e-01 7.598039e-01 -1.607761e-11
7.794118e-01 7.598039e-01 3.759118e-11
7.892157e-01 7.598039e-01 -4.985814e-11
7.990196e-01 7.598039e-01 6.649137e-11
8.088235e-01 7.598039e-01 -7.281206e-11
8.186275e-01 7.598039e-01 6.394174e-11
8.284314e-01 7.598039e-01 -3.380408e-11
8.382353e-01 7.598039e-01 -1.115301e-11
8.480392e-01 7.598039e-01 5.148663e-11
8.578431e-01 7.598039e-01 -6.092323e-11
8.676471e-01 7.598039e-01 2.683781e-11
8.774510e-01 7.598039e-01 3.011215e-11
8.872549e-01 7.598039e-01 -6.101781e-11
8.970588e-01 7.598039e-01 3.078182e-11
9.068627e-01 7.598039e-01 3.468811e-11
9.166667e-01 7.598039e-01 -5.996171e-11
9.264706e-01 7.598039e-01 7.143271e-12
9.362745e-01 7.598039e-01 5.748107e-11
9.460784e-01 7.598039e-01 -3.712528e-11
9.558824e-01 7.598039e-01 -4.392952e-11
9.656863e-01 7.598039e-01 5.245100e-11
9.754902e-01 7.598039e-01 3.405721e-11
9.852941e-01 7.598039e-01 -5.853229e-11
9.950980e-01 7.598039e-01 -3.428653e-11
4.901961e-03 7.696078e-01 3.780722e-11
1.470588e-02 7.696078e-01 2.211768e-11
2.450980e-02 7.696078e-01 -3.759613e-11
3.431373e-02 7.696078e-01 -2.990536e-11
4.411765e-02 7.696078e-01 3.087094e-11
5.392157e-02 7.696078e-01 4.318272e-11
6.372549e-02 7.696078e-01 -1.147492e-11
7.352941e-02 7.696078e-01 -5.222723e-11
8.333333e-02 7.696078e-01 -2.392554e-11
9.313725e-02 7.696078e-01 3.637586e-11
1.029412e-01 7.696078e-01 5.812863e-11
1.127451e-01 7.696078e-01 1.944448e-11
1.225490e-01 7.696078e-01 -4.087421e-11
1.323529e-01 7.696078e-01 -7.083121e-11
1.421569e-01 7.696078e-01 -4.962527e-11
1.519608e-01 7.696078e-01 6.283378e-12
1.617647e-01 7.696078e-01 6.507170e-11
1.715686e-01 7.696078e-01 1.026577e-10
1.813725e-01 7.696078e-01 1.115513e-10
1.911765e-01 7.696078e-01 9.615077e-11
2.009804e-01 7.696078e-01 6.186657e-11
2.107843e-01 7.696078e-01 2.708419e-12
2.205882e-01 7.696078e-01 -1.142835e-10
2.303922e-01 7.696078e-01 -3.748866e-10
2.401961e-01 7.696078e-01 -9.645946e-10
2.500000e-01 7.696078e-01 -2.249245e-09
2.598039e-01 7.696078e-01 -4.901552e-09
2.696078e-01 7.696078e-01 -1.008078e-08
2.794118e-01 7.696078e-01 -1.966078e-08
2.892157e-01 7.696078e-01 -3.648101e-08
2.990196e-01 7.696078e-01 -6.456688e-08
3.088235e-01 7.696078e-01 -1.092366e-07
3.186275e-01 7.696078e-01 -1.769907e-07
3.284314e-01 7.696078e-01 -2.750842e-07
3.382353e-01 7.696078e-01 -4.107154e-07
3.480392e-01 7.696078e-01 -5.898448e-07
3.578431e-01 7.696078e-01 -8.157599e-07
3.676471e-01 7.696078e-01 -1.087613e-06
3.774510e-01 7.696078e-01 -1.399248e-06
3.872549e-01 7.696078e-01 -1.738639e-06
3.970588e-01 7.696078e-01 -2.088221e-06
4.068627e-01 7.696078e-01 -2.426205e-06
4.166667e-01 7.696078e-01 -2.728802e-06
4.264706e-01 7.696078e-01 -2.973037e-06
4.362745e-01 7.696078e-01 -3.139674e-06
4.460784e-01 7.696078e-01 -3.215746e-06
4.558824e-01 7.696078e-01 -3.196205e-06
4.656863e-01 7.696078e-01 -3.084421e-06
4.754902e-01 7.696078e-01 -2.891464e-06
4.852941e-01 7.696078e-01 -2.634363e-06
4.950980e-01 7.696078e-01 -2.333708e-06
5.049020e-01 7.696078e-01 -2.011043e-06
5.147059e-01 7.696078e-01 -1.686487e-06
5.245098e-01 7.696078e-01 -1.376914e-06
5.343137e-01 7.696078e-01 -1.094869e-06
5.441176e-01 7.696078e-01 -8.482272e-07
5.539216e-01 7.696078e-01 -6.404921e-07
5.637255e-01 7.696078e-01 -4.715404e-07
5.735294e-01 7.696078e-01 -3.385904e-07
5.833333e-01 7.696078e-01 -2.372048e-07
5.931373e-01 7.696078e-01 -1.621824e-07
6.029412e-01 7.696078e-01 -1.082553e-07
6.127451e-01 7.696078e-01 -7.056516e-08
6.225490e-01 7.696078e-01 -4.493183e-08
6.323529e-01 7.696078e-01 -2.795528e-08
6.421569e-01 7.696078e-01 -1.699965e-08
6.519608e-01 7.696078e-01 -1.010647e-08
6.617647e-01 7.696078e-01 -5.875671e-09
6.715686e-01 7.696078e-01 -3.341370e-09
6.813725e-01 7.696078e-01 -1.859149e-09
6.911765e-01 7.696078e-01 -1.012306e-09
7.009804e-01 7.696078e-01 -5.396700e-10
7.107843e-01 7.696078e-01 -2.814177e-10
7.205882e-01 7.696078e-01 -1.443768e-10
7.303922e-01 7.696078e-01 -7.105328e-11
7.401961e-01 7.696078e-01 -3.748949e-11
7.500000e-01 7.696078e-01 -1.269477e-11
7.598039e-01 7.696078e-01 -1.607761e-11
7.696078e-01 7.696078e-01 1.038979e-11
7.794118e-01 7.696078e-01 -2.430203e-11
7.892157e-01 7.696078e-01 3.222134e-11
7.990196e-01 7.696078e-01 -4.296661e-11
8.088235e-01 7.696078e-01 4.704343e-11
8.186275e-01 7.696078e-01 -4.130811e-11
8.284314e-01 7.696078e-01 2.183620e-11
8.382353e-01 7.696078e-01 7.203928e-12
8.480392e-01 7.696078e-01 -3.325516e-11
8.578431e-01 7.696078e-01 3.935093e-11
8.676471e-01 7.696078e-01 -1.733956e-11
8.774510e-01 7.696078e-01 -1.944000e-11
8.872549e-01 7.696078e-01 3.940577e-11
8.970588e-01 7.696078e-01 -1.988960e-11
9.068627e-01 7.696078e-01 -2.238877e-11
9.166667e-01 7.696078e-01 3.872435e-11
9.264706e-01 7.696078e-01 -4.630534e-12
9.362745e-01 7.696078e-01 -3.711004e-11
9.460784e-01 7.696078e-01 2.398962e-11
9.558824e-01 7.696078e-01 2.835023e-11
9.656863e-01 7.696078e-01 -3.388204e-11
9.754902e-01 7.696078e-01 -2.197075e-11
9.852941e-01 7.696078e-01 3.780722e-11
9.950980e-01 7.696078e-01 2.211768e-11
4.901961e-03 7.794118e-01 -8.847140e-11
1.470588e-02 7.794118e-01 -5.175681e-11
2.450980e-02 7.794118e-01 8.797711e-11
3.431373e-02 7.794118e-01 6.997975e-11
4.411765e-02 7.794118e-01 -7.223933e-11
5.392157e-02 7.794118e-01 -1.010476e-10
6.372549e-02 7.794118e-01 2.685263e-11
7.352941e-02 7.794118e-01 1.222097e-10
8.333333e-02 7.794118e-01 5.598127e-11
9.313725e-02 7.794118e-01 -8.511853e-11
1.029412e-01 7.794118e-01 -1.360110e-10
1.127451e-01 7.794118e-01 -4.549014e-11
1.225490e-01 7.794118e-01 9.564168e-11
1.323529e-01 7.794118e-01 1.657236e-10
1.421569e-01 7.794118e-01 1.160969e-10
1.519608e-01 7.794118e-01 -1.471323e-11
1.617647e-01 7.794118e-01 -1.522465e-10
1.715686e-01 7.794118e-01 -2.401647e-10
1.813725e-01 7.794118e-01 -2.609539e-10
1.911765e-01 7.794118e-01 -2.249128e-10
2.009804e-01 7.794118e-01 -1.447050e-10
2.107843e-01 7.794118e-01 -6.320562e-12
2.205882e-01 7.794118e-01 2.673404e-10
2.303922e-01 7.794118e-01 8.769289e-10
2.401961e-01 7.794118e-01 2.256354e-09
2.500000e-01 7.794118e-01 5.261388e-09
2.598039e-01 7.794118e-01 1.146566e-08
2.696078e-01 7.794118e-01 2.358095e-08
2.794118e-01 7.794118e-01 4.599068e-08
2.892157e-01 7.794118e-01 8.533700e-08
2.990196e-01 7.794118e-01 1.510364e-07
3.088235e-01 7.794118e-01 2.555293e-07
3.186275e-01 7.794118e-01 4.140223e-07
3.284314e-01 7.794118e-01 6.434862e-07
3.382353e-01 7.794118e-01 9.607593e-07
3.480392e-01 7.794118e-01 1.379784e-06
3.578431e-01 7.794118e-01 1.908250e-06
3.676471e-01 7.794118e-01 2.544173e-06
3.774510e-01 7.794118e-01 3.273150e-06
3.872549e-01 7.794118e-01 4.067050e-06
3.970588e-01 7.794118e-01 4.884779e-06
4.068627e-01 7.794118e-01 5.675369e-06
4.166667e-01 7.794118e-01 6.383175e-06
4.264706e-01 7.794118e-01 6.954449e-06
4.362745e-01 7.794118e-01 7.344199e-06
4.460784e-01 7.794118e-01 7.522094e-06
4.558824e-01 7.794118e-01 7.476333e-06
4.656863e-01 7.794118e-01 7.214801e-06
4.754902e-01 7.794118e-01 6.763397e-06
4.852941e-01 7.794118e-01 6.161960e-06
4.950980e-01 7.794118e-01 5.458656e-06
5.049020e-01 7.794118e-01 4.703879e-06
5.147059e-01 7.794118e-01 3.944691e-06
5.245098e-01 7.794118e-01 3.220564e-06
5.343137e-01 7.794118e-01 2.560838e-06
5.441176e-01 7.794118e-01 1.983931e-06
5.539216e-01 7.794118e-01 1.498035e-06
5.637255e-01 7.794118e-01 1.102862e-06
5.735294e-01 7.794118e-01 7.918998e-07
5.833333e-01 7.794118e-01 5.547691e-07
5.931373e-01 7.794118e-01 3.793020e-07
6.029412e-01 7.794118e-01 2.531763e-07
6.127451e-01 7.794118e-01 1.650275e-07
6.225490e-01 7.794118e-01 1.050780e-07
6.323529e-01 7.794118e-01 6.537517e-08
6.421569e-01 7.794118e-01 3.975391e-08
6.519608e-01 7.794118e-01 2.363361e-08
6.617647e-01 7.794118e-01 1.373972e-08
6.715686e-01 7.794118e-01 7.813302e-09
6.813725e-01 7.794118e-01 4.347239e-09
6.911765e-01 7.794118e-01 2.367008e-09
7.009804e-01 7.794118e-01 1.261841e-09
7.107843e-01 7.794118e-01 6.579844e-10
7.205882e-01 7.794118e-01 3.375582e-10
7.303922e-01 7.794118e-01 1.661203e-10
7.401961e-01 7.794118e-01 8.764674e-11
7.500000e-01 7.794118e-01 2.967607e-11
7.598039e-01 7.794118e-01 3.759118e-11
7.696078e-01 7.794118e-01 -2.430203e-11
7.794118e-01 7.794118e-01 5.683668e-11
7.892157e-01 7.794118e-01 -7.536764e-11
7.990196e-01 7.794118e-01 1.005066e-10
8.088235e-01 7.794118e-01 -1.100519e-10
8.186275e-01 7.794118e-01 9.664240e-11
8.284314e-01 7.794118e-01 -5.109447e-11
8.382353e-01 7.794118e-01 -1.684558e-11
8.480392e-01 7.794118e-01 7.780062e-11
8.578431e-01 7.794118e-01 -9.207116e-11
8.676471e-01 7.794118e-01 4.057630e-11
8.774510e-01 7.794118e-01 4.548080e-11
8.872549e-01 7.794118e-01 -9.220351e-11
8.970588e-01 7.794118e-01 4.654321e-11
9.068627e-01 7.794118e-01 5.238524e-11
9.166667e-01 7.794118e-01 -9.061411e-11
9.264706e-01 7.794118e-01 1.083761e-11
9.362745e-01 7.794118e-01 8.683733e-11
9.460784e-01 7.794118e-01 -5.613742e-11
9.558824e-01 7.794118e-01 -6.634034e-11
9.656863e-01 7.794118e-01 7.928618e-11
9.754902e-01 7.794118e-01 5.141284e-11
9.852941e-01 7.794118e-01 -8.847140e-11
9.950980e-01 7.794118e-01 -5.175681e-11
4.901961e-03 7.892157e-01 1.173274e-10
1.470588e-02 7.892157e-01 6.858109e-11
2.450980e-02 7.892157e-01 -1.166764e-10
3.431373e-02 7.892157e-01 -9.274730e-11
4.411765e-02 7.892157e-01 9.582046e-11
5.392157e-02 7.892157e-01 1.339550e-10
6.372549e-02 7.892157e-01 -3.565228e-11
7.352941e-02 7.892157e-01 -1.620419e-10
8.333333e-02 7.892157e-01 -7.418278e-11
9.313725e-02 7.892157e-01 1.128938e-10
1.029412e-01 7.892157e-01 1.803275e-10
1.127451e-01 7.892157e-01 6.027595e-11
1.225490e-01 7.892157e-01 -1.268422e-10
1.323529e-01 7.892157e-01 -2.197337e-10
1.421569e-01 7.892157e-01 -1.539099e-10
1.519608e-01 7.892157e-01 1.953650e-11
1.617647e-01 7.892157e-01 2.018842e-10
1.715686e-01 7.892157e-01 3.184458e-10
1.813725e-01 7.892157e-01 3.460062e-10
1.911765e-01 7.892157e-01 2.982205e-10
2.009804e-01 7.892157e-01 1.918751e-10
2.107843e-01 7.892157e-01 8.388615e-12
2.205882e-01 7.892157e-01 -3.544757e-10
2.303922e-01 7.892157e-01 -1.162784e-09
2.401961e-01 7.892157e-01 -2.991906e-09
2.500000e-01 7.892157e-01 -6.976619e-09
2.598039e-01 7.892157e-01 -1.520359e-08
2.696078e-01 7.892157e-01 -3.126872e-08
2.794118e-01 7.892157e-01 -6.098452e-08
2.892157e-01 7.892157e-01 -1.131586e-07
2.990196e-01 7.892157e-01 -2.002774e-07
3.088235e-01 7.892157e-01 -3.388371e-07
3.186275e-01 7.892157e-01 -5.490017e-07
3.284314e-01 7.892157e-01 -8.532742e-07
3.382353e-01 7.892157e-01 -1.273982e-06
3.480392e-01 7.892157e-01 -1.829613e-06
3.578431e-01 7.892157e-01 -2.530362e-06
3.676471e-01 7.892157e-01 -3.373597e-06
3.774510e-01 7.892157e-01 -4.340220e-06
3.872549e-01 7.892157e-01 -5.392928e-06
3.970588e-01 7.892157e-01 -6.477231e-06
4.068627e-01 7.892157e-01 -7.525546e-06
4.166667e-01 7.892157e-01 -8.464088e-06
4.264706e-01 7.892157e-01 -9.221589e-06
4.362745e-01 7.892157e-01 -9.738392e-06
4.460784e-01 7.892157e-01 -9.974280e-06
4.558824e-01 7.892157e-01 -9.913602e-06
4.656863e-01 7.892157e-01 -9.566817e-06
4.754902e-01 7.892157e-01 -8.968265e-06
4.852941e-01 7.892157e-01 -8.170773e-06
4.950980e-01 7.892157e-01 -7.238205e-06
5.049020e-01 7.892157e-01 -6.237382e-06
5.147059e-01 7.892157e-01 -5.230709e-06
5.245098e-01 7.892157e-01 -4.270524e-06
5.343137e-01 7.892157e-01 -3.395731e-06
5.441176e-01 7.892157e-01 -2.630751e-06
5.539216e-01 7.892157e-01 -1.986451e-06
5.637255e-01 7.892157e-01 -1.462445e-06
5.735294e-01 7.892157e-01 -1.050103e-06
5.833333e-01 7.892157e-01 -7.356607e-07
5.931373e-01 7.892157e-01 -5.029842e-07
6.029412e-01 7.892157e-01 -3.357350e-07
6.127451e-01 7.892157e-01 -2.188440e-07
6.225490e-01 7.892157e-01 -1.393462e-07
6.323529e-01 7.892157e-01 -8.669658e-08
6.421569e-01 7.892157e-01 -5.271996e-08
6.519608e-01 7.892157e-01 -3.134237e-08
6.617647e-01 7.892157e-01 -1.822162e-08
6.715686e-01 7.892157e-01 -1.036219e-08
6.813725e-01 7.892157e-01 -5.765522e-09
6.911765e-01 7.892157e-01 -3.139307e-09
7.009804e-01 7.892157e-01 -1.673587e-09
7.107843e-01 7.892157e-01 -8.727087e-10
7.205882e-01 7.892157e-01 -4.477273e-10
7.303922e-01 7.892157e-01 -2.203428e-10
7.401961e-01 7.892157e-01 -1.162578e-10
7.500000e-01 7.892157e-01 -3.936753e-11
7.598039e-01 7.892157e-01 -4.985814e-11
7.696078e-01 7.892157e-01 3.222134e-11
7.794118e-01 7.892157e-01 -7.536764e-11
7.892157e-01 7.892157e-01 9.993262e-11
7.990196e-01 7.892157e-01 -1.332647e-10
8.088235e-01 7.892157e-01 1.459192e-10
8.186275e-01 7.892157e-01 -1.281422e-10
8.284314e-01 7.892157e-01 6.775512e-11
8.382353e-01 7.892157e-01 2.232194e-11
8.480392e-01 7.892157e-01 -1.031448e-10
8.578431e-01 7.892157e-01 1.220793e-10
8.676471e-01 7.892157e-01 -5.381942e-11
8.774510e-01 7.892157e-01 -6.027955e-11
8.872549e-01 7.892157e-01 1.222492e-10
8.970588e-01 7.892157e-01 -6.173733e-11
9.068627e-01 7.892157e-01 -6.942847e-11
9.166667e-01 7.892157e-01 1.201511e-10
9.264706e-01 7.892157e-01 -1.440780e-11
9.362745e-01 7.892157e-01 -1.151202e-10
9.460784e-01 7.892157e-01 7.446643e-11
9.558824e-01 7.892157e-01 8.792737e-11
9.656863e-01 7.892157e-01 -1.051519e-10
9.754902e-01 7.892157e-01 -6.812704e-11
9.852941e-01 7.892157e-01 1.173274e-10
9.950980e-01 7.892157e-01 6.858109e-11
4.901961e-03 7.990196e-01 -1.565173e-10
1.470588e-02 7.990196e-01 -9.143154e-11
2.450980e-02 7.990196e-01 1.556529e-10
3.431373e-02 7.990196e-01 1.236688e-10
4.411765e-02 7.990196e-01 -1.278450e-10
5.392157e-02 7.990196e-01 -1.786453e-10
6.372549e-02 7.990196e-01 4.760216e-11
7.352941e-02 7.990196e-01 2.161333e-10
8.333333e-02 7.990196e-01 9.889867e-11
9.313725e-02 7.990196e-01 -1.506105e-10
1.029412e-01 7.990196e-01 -2.405013e-10
1.127451e-01 7.990196e-01 -8.034890e-11
1.225490e-01 7.990196e-01 1.692062e-10
1.323529e-01 7.990196e-01 2.930594e-10
1.421569e-01 7.990196e-01 2.052385e-10
1.519608e-01 7.990196e-01 -2.609120e-11
1.617647e-01 7.990196e-01 -2.692679e-10
1.715686e-01 7.990196e-01 -4.246983e-10
1.813725e-01 7.990196e-01 -4.614360e-10
1.911765e-01 7.990196e-01 -3.976996e-10
2.009804e-01 7.990196e-01 -2.558772e-10
2.107843e-01 7.990196e-01 -1.118748e-11
2.205882e-01 7.990196e-01 4.727143e-10
2.303922e-01 7.990196e-01 1.550657e-09
2.401961e-01 7.990196e-01 3.989967e-09
2.500000e-01 7.990196e-01 9.304012e-09
2.598039e-01 7.990196e-01 2.027565e-08
2.696078e-01 7.990196e-01 4.170052e-08
2.794118e-01 7.990196e-01 8.133045e-08
2.892157e-01 7.990196e-01 1.509117e-07
2.990196e-01 7.990196e-01 2.670967e-07
3.088235e-01 7.990196e-01 4.518854e-07
3.186275e-01 7.990196e-01 7.321694e-07
3.284314e-01 7.990196e-01 1.137959e-06
3.382353e-01 7.990196e-01 1.699032e-06
3.480392e-01 7.990196e-01 2.440042e-06
3.578431e-01 7.990196e-01 3.374584e-06
3.676471e-01 7.990196e-01 4.499149e-06
3.774510e-01 7.990196e-01 5.788261e-06
3.872549e-01 7.990196e-01 7.192175e-06
3.970588e-01 7.990196e-01 8.638217e-06
4.068627e-01 7.990196e-01 1.003626e-05
4.166667e-01 7.990196e-01 1.128790e-05
4.264706e-01 7.990196e-01 1.229809e-05
4.362745e-01 7.990196e-01 1.298727e-05
4.460784e-01 7.990196e-01 1.330182e-05
4.558824e-01 7.990196e-01 1.322086e-05
4.656863e-01 7.990196e-01 1.275836e-05
4.754902e-01 7.990196e-01 1.196009e-05
4.852941e-01 7.990196e-01 1.089653e-05
4.950980e-01 7.990196e-01 9.652834e-06
5.049020e-01 7.990196e-01 8.318123e-06
5.147059e-01 7.990196e-01 6.975616e-06
5.245098e-01 7.990196e-01 5.695112e-06
5.343137e-01 7.990196e-01 4.528492e-06
5.441176e-01 7.990196e-01 3.508321e-06
5.539216e-01 7.990196e-01 2.649091e-06
5.637255e-01 7.990196e-01 1.950285e-06
5.735294e-01 7.990196e-01 1.400393e-06
5.833333e-01 7.990196e-01 9.810594e-07
5.931373e-01 7.990196e-01 6.707674e-07
6.029412e-01 7.990196e-01 4.477280e-07
6.127451e-01 7.990196e-01 2.918451e-07
6.225490e-01 7.990196e-01 1.858290e-07
6.323529e-01 7.990196e-01 1.156167e-07
6.421569e-01 7.990196e-01 7.030636e-08
6.519608e-01 7.990196e-01 4.179770e-08
6.617647e-01 7.990196e-01 2.430014e-08
6.715686e-01 7.990196e-01 1.381894e-08
6.813725e-01 7.990196e-01 7.688889e-09
6.911765e-01 7.990196e-01 4.186593e-09
7.009804e-01 7.990196e-01 2.231914e-09
7.107843e-01 7.990196e-01 1.163861e-09
7.205882e-01 7.990196e-01 5.971020e-10
7.303922e-01 7.990196e-01 2.938578e-10
7.401961e-01 7.990196e-01 1.550468e-10
7.500000e-01 7.990196e-01 5.250437e-11
7.598039e-01 7.990196e-01 6.649137e-11
7.696078e-01 7.990196e-01 -4.296661e-11
7.794118e-01 7.990196e-01 1.005066e-10
7.892157e-01 7.990196e-01 -1.332647e-10
7.990196e-01 7.990196e-01 1.777181e-10
8.088235e-01 7.990196e-01 -1.945990e-10
8.186275e-01 7.990196e-01 1.709001e-10
8.284314e-01 7.990196e-01 -9.037592e-11
8.382353e-01 7.990196e-01 -2.975016e-11
8.480392e-01 7.990196e-01 1.375478e-10
8.578431e-01 7.990196e-01 -1.628204e-10
8.676471e-01 7.990196e-01 7.180347e-11
8.774510e-01 7.990196e-01 8.036973e-11
8.872549e-01 7.990196e-01 -1.630460e-10
8.970588e-01 7.990196e-01 8.237132e-11
9.068627e-01 7.990196e-01 9.257058e-11
9.166667e-01 7.990196e-01 -1.602620e-10
9.264706e-01 7.990196e-01 1.925705e-11
9.362745e-01 7.990196e-01 1.535298e-10
9.460784e-01 7.990196e-01 -9.935875e-11
9.558824e-01 7.990196e-01 -1.172450e-10
9.656863e-01 7.990196e-01 1.402803e-10
9.754902e-01 7.990196e-01 9.082779e-11
9.852941e-01 7.990196e-01 -1.565173e-10
9.950980e-01 7.990196e-01 -9.143154e-11
4.901961e-03 8.088235e-01 1.714683e-10
1.470588e-02 8.088235e-01 1.000817e-10
2.450980e-02 8.088235e-01 -1.705272e-10
3.431373e-02 8.088235e-01 -1.353967e-10
4.411765e-02 8.088235e-01 1.400834e-10
5.392157e-02 8.088235e-01 1.956310e-10
6.372549e-02 8.088235e-01 -5.220864e-11
7.352941e-02 8.088235e-01 -2.367268e-10
8.333333e-02 8.088235e-01 -1.082537e-10
9.313725e-02 8.088235e-01 1.650050e-10
1.029412e-01 8.088235e-01 2.633833e-10
1.127451e-01 8.088235e-01 8.793577e-11
1.225490e-01 8.088235e-01 -1.853567e-10
1.323529e-01 8.088235e-01 -3.209415e-10
1.421569e-01 8.088235e-01 -2.247209e-10
1.519608e-01 8.088235e-01 2.862107e-11
1.617647e-01 8.088235e-01 2.949012e-10
1.715686e-01 8.088235e-01 4.650774e-10
1.813725e-01 8.088235e-01 5.052820e-10
1.911765e-01 8.088235e-01 4.354767e-10
2.009804e-01 8.088235e-01 2.801799e-10
2.107843e-01 8.088235e-01 1.225605e-11
2.205882e-01 8.088235e-01 -5.175922e-10
2.303922e-01 8.088235e-01 -1.697902e-09
2.401961e-01 8.088235e-01 -4.368904e-09
2.500000e-01 8.088235e-01 -1.018777e-08
2.598039e-01 8.088235e-01 -2.220183e-08
2.696078e-01 8.088235e-01 -4.566249e-08
2.794118e-01 8.088235e-01 -8.905840e-08
2.892157e-01 8.088235e-01 -1.652523e-07
2.990196e-01 8.088235e-01 -2.924796e-07
3.088235e-01 8.088235e-01 -4.948314e-07
3.186275e-01 8.088235e-01 -8.017555e-07
3.284314e-01 8.088235e-01 -1.246115e-06
3.382353e-01 8.088235e-01 -1.860516e-06
3.480392e-01 8.088235e-01 -2.671957e-06
3.578431e-01 8.088235e-01 -3.695324e-06
3.676471e-01 8.088235e-01 -4.926772e-06
3.774510e-01 8.088235e-01 -6.338402e-06
3.872549e-01 8.088235e-01 -7.875738e-06
3.970588e-01 8.088235e-01 -9.459200e-06
4.068627e-01 8.088235e-01 -1.099009e-05
4.166667e-01 8.088235e-01 -1.236065e-05
4.264706e-01 8.088235e-01 -1.346681e-05
4.362745e-01 8.088235e-01 -1.422146e-05
4.460784e-01 8.088235e-01 -1.456586e-05
4.558824e-01 8.088235e-01 -1.447717e-05
4.656863e-01 8.088235e-01 -1.397068e-05
4.754902e-01 8.088235e-01 -1.309653e-05
4.852941e-01 8.088235e-01 -1.193187e-05
4.950980e-01 8.088235e-01 -1.056998e-05
5.049020e-01 8.088235e-01 -9.108430e-06
5.147059e-01 8.088235e-01 -7.638354e-06
5.245098e-01 8.088235e-01 -6.236180e-06
5.343137e-01 8.088235e-01 -4.958715e-06
5.441176e-01 8.088235e-01 -3.841619e-06
5.539216e-01 8.088235e-01 -2.900757e-06
5.637255e-01 8.088235e-01 -2.135562e-06
5.735294e-01 8.088235e-01 -1.533430e-06
5.833333e-01 8.088235e-01 -1.074260e-06
5.931373e-01 8.088235e-01 -7.344906e-07
6.029412e-01 8.088235e-01 -4.902628e-07
6.127451e-01 8.088235e-01 -3.195714e-07
6.225490e-01 8.088235e-01 -2.034839e-07
6.323529e-01 8.088235e-01 -1.266014e-07
6.421569e-01 8.088235e-01 -7.698641e-08
6.519608e-01 8.088235e-01 -4.576926e-08
6.617647e-01 8.088235e-01 -2.660924e-08
6.715686e-01 8.088235e-01 -1.513217e-08
6.813725e-01 8.088235e-01 -8.419636e-09
6.911765e-01 8.088235e-01 -4.584522e-09
7.009804e-01 8.088235e-01 -2.444077e-09
7.107843e-01 8.088235e-01 -1.274510e-09
7.205882e-01 8.088235e-01 -6.538763e-10
7.303922e-01 8.088235e-01 -3.218029e-10
7.401961e-01 8.088235e-01 -1.697930e-10
7.500000e-01 8.088235e-01 -5.750149e-11
7.598039e-01 8.088235e-01 -7.281206e-11
7.696078e-01 8.088235e-01 4.704343e-11
7.794118e-01 8.088235e-01 -1.100519e-10
7.892157e-01 8.088235e-01 1.459192e-10
7.990196e-01 8.088235e-01 -1.945990e-10
8.088235e-01 8.088235e-01 2.130904e-10
8.186275e-01 8.088235e-01 -1.871518e-10
8.284314e-01 8.088235e-01 9.898783e-11
8.382353e-01 8.088235e-01 3.255165e-11
8.480392e-01 8.088235e-01 -1.506102e-10
8.578431e-01 8.088235e-01 1.783154e-10
8.676471e-01 8.088235e-01 -7.866985e-11
8.774510e-01 8.088235e-01 -8.798060e-11
8.872549e-01 8.088235e-01 1.785630e-10
8.970588e-01 8.088235e-01 -9.025579e-11
9.068627e-01 8.088235e-01 -1.013412e-10
9.166667e-01 8.088235e-01 1.755364e-10
9.264706e-01 8.088235e-01 -2.114991e-11
9.362745e-01 8.088235e-01 -1.681314e-10
9.460784e-01 8.088235e-01 1.088770e-10
9.558824e-01 8.088235e-01 1.283682e-10
9.656863e-01 8.088235e-01 -1.536879e-10
9.754902e-01 8.088235e-01 -9.942302e-11
9.852941e-01 8.088235e-01 1.714683e-10
9.950980e-01 8.088235e-01 1.000817e-10
4.901961e-03 8.186275e-01 -1.507112e-10
1.470588e-02 8.186275e-01 -8.788302e-11
2.450980e-02 8.186275e-01 1.498892e-10
3.431373e-02 8.186275e-01 1.189208e-10
4.411765e-02 8.186275e-01 -1.231498e-10
5.392157e-02 8.186275e-01 -1.718666e-10
6.372549e-02 8.186275e-01 4.594548e-11
7.352941e-02 8.186275e-01 2.080086e-10
8.333333e-02 8.186275e-01 9.505257e-11
9.313725e-02 8.186275e-01 -1.450268e-10
1.029412e-01 8.186275e-01 -2.313878e-10
1.127451e-01 8.186275e-01 -7.719518e-11
1.225490e-01 8.186275e-01 1.628846e-10
1.323529e-01 8.186275e-01 2.819372e-10
1.421569e-01 8.186275e-01 1.973622e-10
1.519608e-01 8.186275e-01 -2.518913e-11
1.617647e-01 8.186275e-01 -2.590602e-10
1.715686e-01 8.186275e-01 -4.084939e-10
1.813725e-01 8.186275e-01 -4.437704e-10
1.911765e-01 8.186275e-01 -3.824407e-10
2.009804e-01 8.186275e-01 -2.460476e-10
2.107843e-01 8.186275e-01 -1.076572e-11
2.205882e-01 8.186275e-01 4.545113e-10
2.303922e-01 8.186275e-01 1.490985e-09
2.401961e-01 8.186275e-01 3.836532e-09
2.500000e-01 8.186275e-01 8.946484e-09
2.598039e-01 8.186275e-01 1.949706e-08
2.696078e-01 8.186275e-01 4.010023e-08
2.794118e-01 8.186275e-01 7.821112e-08
2.892157e-01 8.186275e-01 1.451265e-07
2.990196e-01 8.186275e-01 2.568619e-07
3.088235e-01 8.186275e-01 4.345759e-07
3.186275e-01 8.186275e-01 7.041315e-07
3.284314e-01 8.186275e-01 1.094392e-06
3.382353e-01 8.186275e-01 1.633994e-06
3.480392e-01 8.186275e-01 2.346649e-06
3.578431e-01 8.186275e-01 3.245431e-06
3.676471e-01 8.186275e-01 4.326962e-06
3.774510e-01 8.186275e-01 5.566737e-06
3.872549e-01 8.186275e-01 6.916910e-06
3.970588e-01 8.186275e-01 8.307587e-06
4.068627e-01 8.186275e-01 9.652081e-06
4.166667e-01 8.186275e-01 1.085576e-05
4.264706e-01 8.186275e-01 1.182721e-05
4.362745e-01 8.186275e-01 1.248993e-05
4.460784e-01 8.186275e-01 1.279235e-05
4.558824e-01 8.186275e-01 1.271441e-05
4.656863e-01 8.186275e-01 1.226953e-05
4.754902e-01 8.186275e-01 1.150177e-05
4.852941e-01 8.186275e-01 1.047888e-05
4.950980e-01 8.186275e-01 9.282781e-06
5.049020e-01 8.186275e-01 7.999176e-06
5.147059e-01 8.186275e-01 6.708095e-06
5.245098e-01 8.186275e-01 5.476659e-06
5.343137e-01 8.186275e-01 4.354757e-06
5.441176e-01 8.186275e-01 3.373702e-06
5.539216e-01 8.186275e-01 2.547426e-06
5.637255e-01 8.186275e-01 1.875428e-06
5.735294e-01 8.186275e-01 1.346636e-06
5.833333e-01 8.186275e-01 9.433954e-07
5.931373e-01 8.186275e-01 6.450138e-07
6.029412e-01 8.186275e-01 4.305368e-07
6.127451e-01 8.186275e-01 2.806390e-07
6.225490e-01 8.186275e-01 1.786936e-07
6.323529e-01 8.186275e-01 1.111775e-07
6.421569e-01 8.186275e-01 6.760704e-08
6.519608e-01 8.186275e-01 4.019311e-08
6.617647e-01 8.186275e-01 2.336741e-08
6.715686e-01 8.186275e-01 1.328862e-08
6.813725e-01 8.186275e-01 7.393893e-09
6.911765e-01 8.186275e-01 4.026016e-09
7.009804e-01 8.186275e-01 2.146340e-09
7.107843e-01 8.186275e-01 1.119256e-09
7.205882e-01 8.186275e-01 5.742289e-10
7.303922e-01 8.186275e-01 2.826075e-10
7.401961e-01 8.186275e-01 1.491130e-10
7.500000e-01 8.186275e-01 5.050084e-11
7.598039e-01 8.186275e-01 6.394174e-11
7.696078e-01 8.186275e-01 -4.130811e-11
7.794118e-01 8.186275e-01 9.664240e-11
7.892157e-01 8.186275e-01 -1.281422e-10
7.990196e-01 8.186275e-01 1.709001e-10
8.088235e-01 8.186275e-01 -1.871518e-10
8.186275e-01 8.186275e-01 1.643876e-10
8.284314e-01 8.186275e-01 -8.696876e-11
8.382353e-01 8.186275e-01 -2.856264e-11
8.480392e-01 8.186275e-01 1.322781e-10
8.578431e-01 8.186275e-01 -1.566489e-10
8.676471e-01 8.186275e-01 6.914705e-11
8.774510e-01 8.186275e-01 7.725380e-11
8.872549e-01 8.186275e-01 -1.568749e-10
8.970588e-01 8.186275e-01 7.934117e-11
9.068627e-01 8.186275e-01 8.899513e-11
9.166667e-01 8.186275e-01 -1.542456e-10
9.264706e-01 8.186275e-01 1.864306e-11
9.362745e-01 8.186275e-01 1.477105e-10
9.460784e-01 8.186275e-01 -9.572302e-11
9.558824e-01 8.186275e-01 -1.127511e-10
9.656863e-01 8.186275e-01 1.350906e-10
9.754902e-01 8.186275e-01 8.730658e-11
9.852941e-01 8.186275e-01 -1.507112e-10
9.950980e-01 8.186275e-01 -8.788302e-11
4.901961e-03 8.284314e-01 7.987934e-11
1.470588e-02 8.284314e-01 4.650290e-11
2.450980e-02 8.284314e-01 -7.944736e-11
3.431373e-02 8.284314e-01 -6.295034e-11
4.411765e-02 8.284314e-01 6.528963e-11
5.392157e-02 8.284314e-01 9.101047e-11
6.372549e-02 8.284314e-01 -2.439973e-11
7.352941e-02 8.284314e-01 -1.101755e-10
8.333333e-02 8.284314e-01 -5.028379e-11
9.313725e-02 8.284314e-01 7.684262e-11
1.029412e-01 8.284314e-01 1.225021e-10
1.127451e-01 8.284314e-01 4.081665e-11
1.225490e-01 8.284314e-01 -8.626221e-11
1.323529e-01 8.284314e-01 -1.492216e-10
1.421569e-01 8.284314e-01 -1.044110e-10
1.519608e-01 8.284314e-01 1.336838e-11
1.617647e-01 8.284314e-01 1.370828e-10
1.715686e-01 8.284314e-01 2.160914e-10
1.813725e-01 8.284314e-01 2.347052e-10
1.911765e-01 8.284314e-01 2.022344e-10
2.009804e-01 8.284314e-01 1.300894e-10
2.107843e-01 8.284314e-01 5.683965e-12
2.205882e-01 8.284314e-01 -2.402883e-10
2.303922e-01 8.284314e-01 -7.882066e-10
2.401961e-01 8.284314e-01 -2.028172e-09
2.500000e-01 8.284314e-01 -4.729634e-09
2.598039e-01 8.284314e-01 -1.030762e-08
2.696078e-01 8.284314e-01 -2.120079e-08
2.794118e-01 8.284314e-01 -4.135138e-08
2.892157e-01 8.284314e-01 -7.673336e-08
2.990196e-01 8.284314e-01 -1.358163e-07
3.088235e-01 8.284314e-01 -2.297900e-07
3.186275e-01 8.284314e-01 -3.723329e-07
3.284314e-01 8.284314e-01 -5.787099e-07
3.382353e-01 8.284314e-01 -8.640674e-07
3.480392e-01 8.284314e-01 -1.240946e-06
3.578431e-01 8.284314e-01 -1.716261e-06
3.676471e-01 8.284314e-01 -2.288225e-06
3.774510e-01 8.284314e-01 -2.943880e-06
3.872549e-01 8.284314e-01 -3.657919e-06
3.970588e-01 8.284314e-01 -4.393374e-06
4.068627e-01 8.284314e-01 -5.104400e-06
4.166667e-01 8.284314e-01 -5.740944e-06
4.264706e-01 8.284314e-01 -6.254666e-06
4.362745e-01 8.284314e-01 -6.605106e-06
4.460784e-01 8.284314e-01 -6.764992e-06
4.558824e-01 8.284314e-01 -6.723719e-06
4.656863e-01 8.284314e-01 -6.488393e-06
4.754902e-01 8.284314e-01 -6.082318e-06
4.852941e-01 8.284314e-01 -5.541334e-06
4.950980e-01 8.284314e-01 -4.908763e-06
5.049020e-01 8.284314e-01 -4.229932e-06
5.147059e-01 8.284314e-01 -3.547164e-06
5.245098e-01 8.284314e-01 -2.895952e-06
5.343137e-01 8.284314e-01 -2.302677e-06
5.441176e-01 8.284314e-01 -1.783895e-06
5.539216e-01 8.284314e-01 -1.346968e-06
5.637255e-01 8.284314e-01 -9.916297e-07
5.735294e-01 8.284314e-01 -7.120210e-07
5.833333e-01 8.284314e-01 -4.988038e-07
5.931373e-01 8.284314e-01 -3.410348e-07
6.029412e-01 8.284314e-01 -2.276323e-07
6.127451e-01 8.284314e-01 -1.483768e-07
6.225490e-01 8.284314e-01 -9.447602e-08
6.323529e-01 8.284314e-01 -5.877933e-08
6.421569e-01 8.284314e-01 -3.574336e-08
6.519608e-01 8.284314e-01 -2.124963e-08
6.617647e-01 8.284314e-01 -1.235400e-08
6.715686e-01 8.284314e-01 -7.025457e-09
6.813725e-01 8.284314e-01 -3.909008e-09
6.911765e-01 8.284314e-01 -2.128475e-09
7.009804e-01 8.284314e-01 -1.134730e-09
7.107843e-01 8.284314e-01 -5.917321e-10
7.205882e-01 8.284314e-01 -3.035876e-10
7.303922e-01 8.284314e-01 -1.494129e-10
7.401961e-01 8.284314e-01 -7.883532e-11
7.500000e-01 8.284314e-01 -2.670211e-11
7.598039e-01 8.284314e-01 -3.380408e-11
7.696078e-01 8.284314e-01 2.183620e-11
7.794118e-01 8.284314e-01 -5.109447e-11
7.892157e-01 8.284314e-01 6.775512e-11
7.990196e-01 8.284314e-01 -9.037592e-11
8.088235e-01 8.284314e-01 9.898783e-11
8.186275e-01 8.284314e-01 -8.696876e-11
8.284314e-01 8.284314e-01 4.603432e-11
8.382353e-01 8.284314e-01 1.508302e-11
8.480392e-01 8.284314e-01 -6.997951e-11
8.578431e-01 8.284314e-01 8.291394e-11
8.676471e-01 8.284314e-01 -3.663605e-11
8.774510e-01 8.284314e-01 -4.085982e-11
8.872549e-01 8.284314e-01 8.305501e-11
8.970588e-01 8.284314e-01 -4.205314e-11
9.068627e-01 8.284314e-01 -4.708648e-11
9.166667e-01 8.284314e-01 8.170205e-11
9.264706e-01 8.284314e-01 -9.930067e-12
9.362745e-01 8.284314e-01 -7.821973e-11
9.460784e-01 8.284314e-01 5.075651e-11
9.558824e-01 8.284314e-01 5.968621e-11
9.656863e-01 8.284314e-01 -7.160600e-11
9.754902e-01 8.284314e-01 -4.619913e-11
9.852941e-01 8.284314e-01 7.987934e-11
9.950980e-01 8.284314e-01 4.650290e-11
4.901961e-03 8.382353e-01 2.594836e-11
1.470588e-02 8.382353e-01 1.519100e-11
2.450980e-02 8.382353e-01 -2.580649e-11
3.431373e-02 8.382353e-01 -2.053966e-11
4.411765e-02 8.382353e-01 2.119757e-11
5.392157e-02 8.382353e-01 2.966833e-11
6.372549e-02 8.382353e-01 -7.883164e-12
7.352941e-02 8.382353e-01 -3.590696e-11
8.333333e-02 8.382353e-01 -1.645632e-11
9.313725e-02 8.382353e-01 2.503535e-11
1.029412e-01 8.382353e-01 4.002501e-11
1.127451e-01 8.382353e-01 1.339129e-11
1.225490e-01 8.382353e-01 -2.818553e-11
1.323529e-01 8.382353e-01 -4.886439e-11
1.421569e-01 8.382353e-01 -3.425061e-11
1.519608e-01 8.382353e-01 4.350484e-12
1.617647e-01 8.382353e-01 4.498846e-11
1.715686e-01 8.382353e-01 7.101242e-11
1.813725e-01 8.382353e-01 7.721310e-11
1.911765e-01 8.382353e-01 6.660131e-11
2.009804e-01 8.382353e-01 4.289636e-11
2.107843e-01 8.382353e-01 1.923979e-12
2.205882e-01 8.382353e-01 -7.919230e-11
2.303922e-01 8.382353e-01 -2.599729e-10
2.401961e-01 8.382353e-01 -6.691144e-10
2.500000e-01 8.382353e-01 -1.560389e-09
2.598039e-01 8.382353e-01 -3.400333e-09
2.696078e-01 8.382353e-01 -6.992707e-09
2.794118e-01 8.382353e-01 -1.363642e-08
2.892157e-01 8.382353e-01 -2.529920e-08
2.990196e-01 8.382353e-01 -4.477004e-08
3.088235e-01 8.382353e-01 -7.573277e-08
3.186275e-01 8.382353e-01 -1.226893e-07
3.284314e-01 8.382353e-01 -1.906629e-07
3.382353e-01 8.382353e-01 -2.846361e-07
3.480392e-01 8.382353e-01 -4.087335e-07
3.578431e-01 8.382353e-01 -5.652275e-07
3.676471e-01 8.382353e-01 -7.535273e-07
3.774510e-01 8.382353e-01 -9.693661e-07
3.872549e-01 8.382353e-01 -1.204415e-06
3.970588e-01 8.382353e-01 -1.446511e-06
4.068627e-01 8.382353e-01 -1.680566e-06
4.166667e-01 8.382353e-01 -1.890113e-06
4.264706e-01 8.382353e-01 -2.059244e-06
4.362745e-01 8.382353e-01 -2.174643e-06
4.460784e-01 8.382353e-01 -2.227330e-06
4.558824e-01 8.382353e-01 -2.213812e-06
4.656863e-01 8.382353e-01 -2.136419e-06
4.754902e-01 8.382353e-01 -2.002812e-06
4.852941e-01 8.382353e-01 -1.824782e-06
4.950980e-01 8.382353e-01 -1.616581e-06
5.049020e-01 8.382353e-01 -1.393126e-06
5.147059e-01 8.382353e-01 -1.168348e-06
5.245098e-01 8.382353e-01 -9.539352e-07
5.343137e-01 8.382353e-01 -7.585756e-07
5.441176e-01 8.382353e-01 -5.877262e-07
5.539216e-01 8.382353e-01 -4.438174e-07
5.637255e-01 8.382353e-01 -3.267673e-07
5.735294e-01 8.382353e-01 -2.346521e-07
5.833333e-01 8.382353e-01 -1.644010e-07
5.931373e-01 8.382353e-01 -1.124129e-07
6.029412e-01 8.382353e-01 -7.504011e-08
6.127451e-01 8.382353e-01 -4.891778e-08
6.225490e-01 8.382353e-01 -3.115032e-08
6.323529e-01 8.382353e-01 -1.938223e-08
6.421569e-01 8.382353e-01 -1.178720e-08
6.519608e-01 8.382353e-01 -7.008097e-09
6.617647e-01 8.382353e-01 -4.074615e-09
6.715686e-01 8.382353e-01 -2.317291e-09
6.813725e-01 8.382353e-01 -1.289422e-09
6.911765e-01 8.382353e-01 -7.021265e-10
7.009804e-01 8.382353e-01 -3.743278e-10
7.107843e-01 8.382353e-01 -1.952055e-10
7.205882e-01 8.382353e-01 -1.001504e-10
7.303922e-01 8.382353e-01 -4.928837e-11
7.401961e-01 8.382353e-01 -2.600709e-11
7.500000e-01 8.382353e-01 -8.805451e-12
7.598039e-01 8.382353e-01 -1.115301e-11
7.696078e-01 8.382353e-01 7.203928e-12
7.794118e-01 8.382353e-01 -1.684558e-11
7.892157e-01 8.382353e-01 2.232194e-11
7.990196e-01 8.382353e-01 -2.975016e-11
8.088235e-01 8.382353e-01 3.255165e-11
8.186275e-01 8.382353e-01 -2.856264e-11
8.284314e-01 8.382353e-01 1.508302e-11
8.382353e-01 8.382353e-01 4.986667e-12
8.480392e-01 8.382353e-01 -2.296339e-11
8.578431e-01 8.382353e-01 2.714645e-11
8.676471e-01 8.382353e-01 -1.194623e-11
8.774510e-01 8.382353e-01 -1.340451e-11
8.872549e-01 8.382353e-01 2.713813e-11
8.970588e-01 8.382353e-01 -1.368088e-11
9.068627e-01 8.382353e-01 -1.541101e-11
9.166667e-01 8.382353e-01 2.662535e-11
9.264706e-01 8.382353e-01 -3.171821e-12
9.362745e-01 8.382353e-01 -2.550186e-11
9.460784e-01 8.382353e-01 1.646880e-11
9.558824e-01 8.382353e-01 1.947598e-11
9.656863e-01 8.382353e-01 -2.325623e-11
9.754902e-01 8.382353e-01 -1.509157e-11
9.852941e-01 8.382353e-01 2.594836e-11
9.950980e-01 8.382353e-01 1.519100e-11
4.901961e-03 8.480392e-01 -1.210928e-10
1.470588e-02 8.480392e-01 -7.054385e-11
2.450980e-02 8.480392e-01 1.204421e-10
3.431373e-02 8.480392e-01 9.548524e-11
4.411765e-02 8.480392e-01 -9.898664e-11
5.392157e-02 8.480392e-01 -1.380527e-10
6.372549e-02 8.480392e-01 3.698449e-11
7.352941e-02 8.480392e-01 1.671588e-10
8.333333e-02 8.480392e-01 7.632761e-11
9.313725e-02 8.480392e-01 -1.166234e-10
1.029412e-01 8.480392e-01 -1.859921e-10
1.127451e-01 8.480392e-01 -6.199656e-11
1.225490e-01 8.480392e-01 1.310323e-10
1.323529e-01 8.480392e-01 2.267425e-10
1.421569e-01 8.480392e-01 1.587008e-10
1.519608e-01 8.480392e-01 -2.032371e-11
1.617647e-01 8.480392e-01 -2.084788e-10
1.715686e-01 8.480392e-01 -3.287331e-10
1.813725e-01 8.480392e-01 -3.571576e-10
1.911765e-01 8.480392e-01 -3.078510e-10
2.009804e-01 8.480392e-01 -1.981295e-10
2.107843e-01 8.480392e-01 -8.794378e-12
2.205882e-01 8.480392e-01 3.657272e-10
2.303922e-01 8.480392e-01 1.200185e-09
2.401961e-01 8.480392e-01 3.088755e-09
2.500000e-01 8.480392e-01 7.203325e-09
2.598039e-01 8.480392e-01 1.569881e-08
2.696078e-01 8.480392e-01 3.228866e-08
2.794118e-01 8.480392e-01 6.297522e-08
2.892157e-01 8.480392e-01 1.168535e-07
2.990196e-01 8.480392e-01 2.068165e-07
3.088235e-01 8.480392e-01 3.498971e-07
3.186275e-01 8.480392e-01 5.669139e-07
3.284314e-01 8.480392e-01 8.810987e-07
3.382353e-01 8.480392e-01 1.315500e-06
3.480392e-01 8.480392e-01 1.889199e-06
3.578431e-01 8.480392e-01 2.612713e-06
3.676471e-01 8.480392e-01 3.483317e-06
3.774510e-01 8.480392e-01 4.481281e-06
3.872549e-01 8.480392e-01 5.568087e-06
3.970588e-01 8.480392e-01 6.687474e-06
4.068627e-01 8.480392e-01 7.769669e-06
4.166667e-01 8.480392e-01 8.738500e-06
4.264706e-01 8.480392e-01 9.520401e-06
4.362745e-01 8.480392e-01 1.005380e-05
4.460784e-01 8.480392e-01 1.029718e-05
4.558824e-01 8.480392e-01 1.023441e-05
4.656863e-01 8.480392e-01 9.876298e-06
4.754902e-01 8.480392e-01 9.258298e-06
4.852941e-01 8.480392e-01 8.434950e-06
4.950980e-01 8.480392e-01 7.472186e-06
5.049020e-01 8.480392e-01 6.438983e-06
5.147059e-01 8.480392e-01 5.399759e-06
5.245098e-01 8.480392e-01 4.408539e-06
5.343137e-01 8.480392e-01 3.505478e-06
5.441176e-01 8.480392e-01 2.715782e-06
5.539216e-01 8.480392e-01 2.050667e-06
5.637255e-01 8.480392e-01 1.509732e-06
5.735294e-01 8.480392e-01 1.084066e-06
5.833333e-01 8.480392e-01 7.594615e-07
5.931373e-01 8.480392e-01 5.192636e-07
6.029412e-01 8.480392e-01 3.466062e-07
6.127451e-01 8.480392e-01 2.259339e-07
6.225490e-01 8.480392e-01 1.438633e-07
6.323529e-01 8.480392e-01 8.950873e-08
6.421569e-01 8.480392e-01 5.443123e-08
6.519608e-01 8.480392e-01 3.236052e-08
6.617647e-01 8.480392e-01 1.881404e-08
6.715686e-01 8.480392e-01 1.069939e-08
6.813725e-01 8.480392e-01 5.953323e-09
6.911765e-01 8.480392e-01 3.241670e-09
7.009804e-01 8.480392e-01 1.728217e-09
7.107843e-01 8.480392e-01 9.012295e-10
7.205882e-01 8.480392e-01 4.623780e-10
7.303922e-01 8.480392e-01 2.275620e-10
7.401961e-01 8.480392e-01 1.200713e-10
7.500000e-01 8.480392e-01 4.066523e-11
7.598039e-01 8.480392e-01 5.148663e-11
7.696078e-01 8.480392e-01 -3.325516e-11
7.794118e-01 8.480392e-01 7.780062e-11
7.892157e-01 8.480392e-01 -1.031448e-10
7.990196e-01 8.480392e-01 1.375478e-10
8.088235e-01 8.480392e-01 -1.506102e-10
8.186275e-01 8.480392e-01 1.322781e-10
8.284314e-01 8.480392e-01 -6.997951e-11
8.382353e-01 8.480392e-01 -2.296339e-11
8.480392e-01 8.480392e-01 1.063853e-10
8.578431e-01 8.480392e-01 -1.259848e-10
8.676471e-01 8.480392e-01 5.562458e-11
8.774510e-01 8.480392e-01 6.208627e-11
8.872549e-01 8.480392e-01 -1.261084e-10
8.970588e-01 8.480392e-01 6.380383e-11
9.068627e-01 8.480392e-01 7.149265e-11
9.166667e-01 8.480392e-01 -1.239608e-10
9.264706e-01 8.480392e-01 1.502381e-11
9.362745e-01 8.480392e-01 1.186606e-10
9.460784e-01 8.480392e-01 -7.694317e-11
9.558824e-01 8.480392e-01 -9.054144e-11
9.656863e-01 8.480392e-01 1.085521e-10
9.754902e-01 8.480392e-01 7.008527e-11
9.852941e-01 8.480392e-01 -1.210928e-10
9.950980e-01 8.480392e-01 -7.054385e-11
4.901961e-03 8.578431e-01 1.436575e-10
1.470588e-02 8.578431e-01 8.355521e-11
2.450980e-02 8.578431e-01 -1.428921e-10
3.431373e-02 8.578431e-01 -1.131390e-10
4.411765e-02 8.578431e-01 1.174646e-10
5.392157e-02 8.578431e-01 1.636359e-10
6.372549e-02 8.578431e-01 -4.396063e-11
7.352941e-02 8.578431e-01 -1.981830e-10
8.333333e-02 8.578431e-01 -9.038445e-11
9.313725e-02 8.578431e-01 1.383157e-10
1.029412e-01 8.578431e-01 2.204144e-10
1.127451e-01 8.578431e-01 7.337945e-11
1.225490e-01 8.578431e-01 -1.553308e-10
1.323529e-01 8.578431e-01 -2.686332e-10
1.421569e-01 8.578431e-01 -1.879393e-10
1.519608e-01 8.578431e-01 2.413913e-11
1.617647e-01 8.578431e-01 2.469366e-10
1.715686e-01 8.578431e-01 3.892623e-10
1.813725e-01 8.578431e-01 4.228398e-10
1.911765e-01 8.578431e-01 3.644135e-10
2.009804e-01 8.578431e-01 2.345206e-10
2.107843e-01 8.578431e-01 1.047260e-11
2.205882e-01 8.578431e-01 -4.326330e-10
2.303922e-01 8.578431e-01 -1.419890e-09
2.401961e-01 8.578431e-01 -3.654401e-09
2.500000e-01 8.578431e-01 -8.522990e-09
2.598039e-01 8.578431e-01 -1.857600e-08
2.696078e-01 8.578431e-01 -3.820855e-08
2.794118e-01 8.578431e-01 -7.452530e-08
2.892157e-01 8.578431e-01 -1.382920e-07
2.990196e-01 8.578431e-01 -2.447709e-07
3.088235e-01 8.578431e-01 -4.141254e-07
3.186275e-01 8.578431e-01 -6.710013e-07
3.284314e-01 8.578431e-01 -1.042902e-06
3.382353e-01 8.578431e-01 -1.557115e-06
3.480392e-01 8.578431e-01 -2.236231e-06
3.578431e-01 8.578431e-01 -3.092702e-06
3.676471e-01 8.578431e-01 -4.123303e-06
3.774510e-01 8.578431e-01 -5.304676e-06
3.872549e-01 8.578431e-01 -6.591220e-06
3.970588e-01 8.578431e-01 -7.916329e-06
4.068627e-01 8.578431e-01 -9.197399e-06
4.166667e-01 8.578431e-01 -1.034425e-05
4.264706e-01 8.578431e-01 -1.126981e-05
4.362745e-01 8.578431e-01 -1.190116e-05
4.460784e-01 8.578431e-01 -1.218918e-05
4.558824e-01 8.578431e-01 -1.211478e-05
4.656863e-01 8.578431e-01 -1.169076e-05
4.754902e-01 8.578431e-01 -1.095910e-05
4.852941e-01 8.578431e-01 -9.984377e-06
4.950980e-01 8.578431e-01 -8.844643e-06
5.049020e-01 8.578431e-01 -7.621557e-06
5.147059e-01 8.578431e-01 -6.391374e-06
5.245098e-01 8.578431e-01 -5.218042e-06
5.343137e-01 8.578431e-01 -4.149091e-06
5.441176e-01 8.578431e-01 -3.214351e-06
5.539216e-01 8.578431e-01 -2.427091e-06
5.637255e-01 8.578431e-01 -1.786829e-06
5.735294e-01 8.578431e-01 -1.283014e-06
5.833333e-01 8.578431e-01 -8.988220e-07
5.931373e-01 8.578431e-01 -6.145373e-07
6.029412e-01 8.578431e-01 -4.101939e-07
6.127451e-01 8.578431e-01 -2.673788e-07
6.225490e-01 8.578431e-01 -1.702506e-07
6.323529e-01 8.578431e-01 -1.059247e-07
6.421569e-01 8.578431e-01 -6.441305e-08
6.519608e-01 8.578431e-01 -3.829441e-08
6.617647e-01 8.578431e-01 -2.226367e-08
6.715686e-01 8.578431e-01 -1.266102e-08
6.813725e-01 8.578431e-01 -7.044744e-09
6.911765e-01 8.578431e-01 -3.835935e-09
7.009804e-01 8.578431e-01 -2.045024e-09
7.107843e-01 8.578431e-01 -1.066434e-09
7.205882e-01 8.578431e-01 -5.471357e-10
7.303922e-01 8.578431e-01 -2.692770e-10
7.401961e-01 8.578431e-01 -1.420809e-10
7.500000e-01 8.578431e-01 -4.812218e-11
7.598039e-01 8.578431e-01 -6.092323e-11
7.696078e-01 8.578431e-01 3.935093e-11
7.794118e-01 8.578431e-01 -9.207116e-11
7.892157e-01 8.578431e-01 1.220793e-10
7.990196e-01 8.578431e-01 -1.628204e-10
8.088235e-01 8.578431e-01 1.783154e-10
8.186275e-01 8.578431e-01 -1.566489e-10
8.284314e-01 8.578431e-01 8.291394e-11
8.382353e-01 8.578431e-01 2.714645e-11
8.480392e-01 8.578431e-01 -1.259848e-10
8.578431e-01 8.578431e-01 1.492673e-10
8.676471e-01 8.578431e-01 -6.596795e-11
8.774510e-01 8.578431e-01 -7.350700e-11
8.872549e-01 8.578431e-01 1.494509e-10
8.970588e-01 8.578431e-01 -7.569598e-11
9.068627e-01 8.578431e-01 -8.467196e-11
9.166667e-01 8.578431e-01 1.469730e-10
9.264706e-01 8.578431e-01 -1.790904e-11
9.362745e-01 8.578431e-01 -1.406519e-10
9.460784e-01 8.578431e-01 9.131936e-11
9.558824e-01 8.578431e-01 1.072845e-10
9.656863e-01 8.578431e-01 -1.287903e-10
9.754902e-01 8.578431e-01 -8.301432e-11
9.852941e-01 8.578431e-01 1.436575e-10
9.950980e-01 8.578431e-01 8.355521e-11
4.901961e-03 8.676471e-01 -6.367643e-11
1.470588e-02 8.676471e-01 -3.692580e-11
2.450980e-02 8.676471e-01 6.334165e-11
3.431373e-02 8.676471e-01 5.003380e-11
4.411765e-02 8.676471e-01 -5.208968e-11
5.392157e-02 8.676471e-01 -7.241026e-11
6.372549e-02 8.676471e-01 1.955060e-11
7.352941e-02 8.676471e-01 8.772860e-11
8.333333e-02 8.676471e-01 3.992149e-11
9.313725e-02 8.676471e-01 -6.125692e-11
1.029412e-01 8.676471e-01 -9.747528e-11
1.127451e-01 8.676471e-01 -3.237969e-11
1.225490e-01 8.676471e-01 6.871628e-11
1.323529e-01 8.676471e-01 1.187126e-10
1.421569e-01 8.676471e-01 8.298682e-11
1.519608e-01 8.676471e-01 -1.070392e-11
1.617647e-01 8.676471e-01 -1.090390e-10
1.715686e-01 8.676471e-01 -1.717896e-10
1.813725e-01 8.676471e-01 -1.865332e-10
1.911765e-01 8.676471e-01 -1.607126e-10
2.009804e-01 8.676471e-01 -1.034336e-10
2.107843e-01 8.676471e-01 -4.744762e-12
2.205882e-01 8.676471e-01 1.903352e-10
2.303922e-01 8.676471e-01 6.249726e-10
2.401961e-01 8.676471e-01 1.608875e-09
2.500000e-01 8.676471e-01 3.753056e-09
2.598039e-01 8.676471e-01 8.181382e-09
2.696078e-01 8.676471e-01 1.683103e-08
2.794118e-01 8.676471e-01 3.283394e-08
2.892157e-01 8.676471e-01 6.093666e-08
2.990196e-01 8.676471e-01 1.078691e-07
3.088235e-01 8.676471e-01 1.825233e-07
3.186275e-01 8.676471e-01 2.957693e-07
3.284314e-01 8.676471e-01 4.597385e-07
3.382353e-01 8.676471e-01 6.864681e-07
3.480392e-01 8.676471e-01 9.859249e-07
3.578431e-01 8.676471e-01 1.363604e-06
3.676471e-01 8.676471e-01 1.818086e-06
3.774510e-01 8.676471e-01 2.339070e-06
3.872549e-01 8.676471e-01 2.906444e-06
3.970588e-01 8.676471e-01 3.490828e-06
4.068627e-01 8.676471e-01 4.055787e-06
4.166667e-01 8.676471e-01 4.561545e-06
4.264706e-01 8.676471e-01 4.969691e-06
4.362745e-01 8.676471e-01 5.248076e-06
4.460784e-01 8.676471e-01 5.375035e-06
4.558824e-01 8.676471e-01 5.342149e-06
4.656863e-01 8.676471e-01 5.155075e-06
4.754902e-01 8.676471e-01 4.832339e-06
4.852941e-01 8.676471e-01 4.402427e-06
4.950980e-01 8.676471e-01 3.899768e-06
5.049020e-01 8.676471e-01 3.360379e-06
5.147059e-01 8.676471e-01 2.817888e-06
5.245098e-01 8.676471e-01 2.300493e-06
5.343137e-01 8.676471e-01 1.829150e-06
5.441176e-01 8.676471e-01 1.417007e-06
5.539216e-01 8.676471e-01 1.069907e-06
5.637255e-01 8.676471e-01 7.876336e-07
5.735294e-01 8.676471e-01 5.655270e-07
5.833333e-01 8.676471e-01 3.961650e-07
5.931373e-01 8.676471e-01 2.708513e-07
6.029412e-01 8.676471e-01 1.807807e-07
6.127451e-01 8.676471e-01 1.178339e-07
6.225490e-01 8.676471e-01 7.502610e-08
6.323529e-01 8.676471e-01 4.667692e-08
6.421569e-01 8.676471e-01 2.838312e-08
6.519608e-01 8.676471e-01 1.687345e-08
6.617647e-01 8.676471e-01 9.809527e-09
6.715686e-01 8.676471e-01 5.578329e-09
6.813725e-01 8.676471e-01 3.103743e-09
6.911765e-01 8.676471e-01 1.689967e-09
7.009804e-01 8.676471e-01 9.009346e-10
7.107843e-01 8.676471e-01 4.698059e-10
7.205882e-01 8.676471e-01 2.410297e-10
7.303922e-01 8.676471e-01 1.186235e-10
7.401961e-01 8.676471e-01 6.258847e-11
7.500000e-01 8.676471e-01 2.119981e-11
7.598039e-01 8.676471e-01 2.683781e-11
7.696078e-01 8.676471e-01 -1.733956e-11
7.794118e-01 8.676471e-01 4.057630e-11
7.892157e-01 8.676471e-01 -5.381942e-11
7.990196e-01 8.676471e-01 7.180347e-11
8.088235e-01 8.676471e-01 -7.866985e-11
8.186275e-01 8.676471e-01 6.914705e-11
8.284314e-01 8.676471e-01 -3.663605e-11
8.382353e-01 8.676471e-01 -1.194623e-11
8.480392e-01 8.676471e-01 5.562458e-11
8.578431e-01 8.676471e-01 -6.596795e-11
8.676471e-01 8.676471e-01 2.920847e-11
8.774510e-01 8.676471e-01 3.244718e-11
8.872549e-01 8.676471e-01 -6.609315e-11
8.970588e-01 8.676471e-01 3.354544e-11
9.068627e-01 8.676471e-01 3.740512e-11
9.166667e-01 8.676471e-01 -6.506338e-11
9.264706e-01 8.676471e-01 8.008004e-12
9.362745e-01 8.676471e-01 6.223942e-11
9.460784e-01 8.676471e-01 -4.050697e-11
9.558824e-01 8.676471e-01 -4.744622e-11
9.656863e-01 8.676471e-01 5.709426e-11
9.754902e-01 8.676471e-01 3.668820e-11
9.852941e-01 8.676471e-01 -6.367643e-11
9.950980e-01 8.676471e-01 -3.692580e-11
4.901961e-03 8.774510e-01 -7.052315e-11
1.470588e-02 8.774510e-01 -4.108268e-11
2.450980e-02 8.774510e-01 7.014800e-11
3.431373e-02 8.774510e-01 5.561142e-11
4.411765e-02 8.774510e-01 -5.766269e-11
5.392157e-02 8.774510e-01 -8.041868e-11
6.372549e-02 8.774510e-01 2.155705e-11
7.352941e-02 8.774510e-01 9.740535e-11
8.333333e-02 8.774510e-01 4.447130e-11
9.313725e-02 8.774510e-01 -6.799405e-11
1.029412e-01 8.774510e-01 -1.084350e-10
1.127451e-01 8.774510e-01 -3.613251e-11
1.225490e-01 8.774510e-01 7.645120e-11
1.323529e-01 8.774510e-01 1.322913e-10
1.421569e-01 8.774510e-01 9.259275e-11
1.519608e-01 8.774510e-01 -1.189945e-11
1.617647e-01 8.774510e-01 -1.217618e-10
1.715686e-01 8.774510e-01 -1.920144e-10
1.813725e-01 8.774510e-01 -2.086531e-10
1.911765e-01 8.774510e-01 -1.798740e-10
2.009804e-01 8.774510e-01 -1.157496e-10
2.107843e-01 8.774510e-01 -4.999972e-12
2.205882e-01 8.774510e-01 2.141818e-10
2.303922e-01 8.774510e-01 7.025777e-10
2.401961e-01 8.774510e-01 1.807824e-09
2.500000e-01 8.774510e-01 4.215439e-09
2.598039e-01 8.774510e-01 9.185767e-09
2.696078e-01 8.774510e-01 1.889033e-08
2.794118e-01 8.774510e-01 3.683864e-08
2.892157e-01 8.774510e-01 6.834764e-08
2.990196e-01 8.774510e-01 1.209538e-07
3.088235e-01 8.774510e-01 2.046119e-07
3.186275e-01 8.774510e-01 3.314883e-07
3.284314e-01 8.774510e-01 5.151576e-07
3.382353e-01 8.774510e-01 7.690855e-07
3.480392e-01 8.774510e-01 1.104418e-06
3.578431e-01 8.774510e-01 1.527293e-06
3.676471e-01 8.774510e-01 2.036113e-06
3.774510e-01 8.774510e-01 2.619342e-06
3.872549e-01 8.774510e-01 3.254468e-06
3.970588e-01 8.774510e-01 3.908613e-06
4.068627e-01 8.774510e-01 4.541005e-06
4.166667e-01 8.774510e-01 5.107137e-06
4.264706e-01 8.774510e-01 5.564027e-06
4.362745e-01 8.774510e-01 5.875698e-06
4.460784e-01 8.774510e-01 6.017899e-06
4.558824e-01 8.774510e-01 5.981202e-06
4.656863e-01 8.774510e-01 5.771922e-06
4.754902e-01 8.774510e-01 5.410777e-06
4.852941e-01 8.774510e-01 4.929634e-06
4.950980e-01 8.774510e-01 4.367017e-06
5.049020e-01 8.774510e-01 3.763232e-06
5.147059e-01 8.774510e-01 3.155918e-06
5.245098e-01 8.774510e-01 2.576646e-06
5.343137e-01 8.774510e-01 2.048882e-06
5.441176e-01 8.774510e-01 1.587360e-06
5.539216e-01 8.774510e-01 1.198636e-06
5.637255e-01 8.774510e-01 8.824793e-07
5.735294e-01 8.774510e-01 6.336857e-07
5.833333e-01 8.774510e-01 4.439539e-07
5.931373e-01 8.774510e-01 3.035530e-07
6.029412e-01 8.774510e-01 2.026274e-07
6.127451e-01 8.774510e-01 1.320866e-07
6.225490e-01 8.774510e-01 8.410915e-08
6.323529e-01 8.774510e-01 5.233293e-08
6.421569e-01 8.774510e-01 3.182543e-08
6.519608e-01 8.774510e-01 1.892162e-08
6.617647e-01 8.774510e-01 1.100124e-08
6.715686e-01 8.774510e-01 6.256549e-09
6.813725e-01 8.774510e-01 3.481383e-09
6.911765e-01 8.774510e-01 1.895734e-09
7.009804e-01 8.774510e-01 1.010701e-09
7.107843e-01 8.774510e-01 5.270782e-10
7.205882e-01 8.774510e-01 2.704284e-10
7.303922e-01 8.774510e-01 1.330966e-10
7.401961e-01 8.774510e-01 7.023011e-11
7.500000e-01 8.774510e-01 2.378643e-11
7.598039e-01 8.774510e-01 3.011215e-11
7.696078e-01 8.774510e-01 -1.944000e-11
7.794118e-01 8.774510e-01 4.548080e-11
7.892157e-01 8.774510e-01 -6.027955e-11
7.990196e-01 8.774510e-01 8.036973e-11
8.088235e-01 8.774510e-01 -8.798060e-11
8.186275e-01 8.774510e-01 7.725380e-11
8.284314e-01 8.774510e-01 -4.085982e-11
8.382353e-01 8.774510e-01 -1.340451e-11
8.480392e-01 8.774510e-01 6.208627e-11
8.578431e-01 8.774510e-01 -7.350700e-11
8.676471e-01 8.774510e-01 3.244718e-11
8.774510e-01 8.774510e-01 3.620806e-11
8.872549e-01 8.774510e-01 -7.352931e-11
8.970588e-01 8.774510e-01 3.719382e-11
9.068627e-01 8.774510e-01 4.166914e-11
9.166667e-01 8.774510e-01 -7.223651e-11
9.264706e-01 8.774510e-01 8.752613e-12
9.362745e-01 8.774510e-01 6.912896e-11
9.460784e-01 8.774510e-01 -4.481931e-11
9.558824e-01 8.774510e-01 -5.273723e-11
9.656863e-01 8.774510e-01 6.322266e-11
9.754902e-01 8.774510e-01 4.081741e-11
9.852941e-01 8.774510e-01 -7.052315e-11
9.950980e-01 8.774510e-01 -4.108268e-11
4.901961e-03 8.872549e-01 1.438146e-10
1.470588e-02 8.872549e-01 8.352724e-11
2.450980e-02 8.872549e-01 -1.430597e-10
3.431373e-02 8.872549e-01 -1.131435e-10
4.411765e-02 8.872549e-01 1.176416e-10
5.392157e-02 8.872549e-01 1.637170e-10
6.372549e-02 8.872549e-01 -4.410758e-11
7.352941e-02 8.872549e-01 -1.983681e-10
8.333333e-02 8.872549e-01 -9.036597e-11
9.313725e-02 8.872549e-01 1.385370e-10
1.029412e-01 8.872549e-01 2.206143e-10
1.127451e-01 8.872549e-01 7.335161e-11
1.225490e-01 8.872549e-01 -1.555923e-10
1.323529e-01 8.872549e-01 -2.689496e-10
1.421569e-01 8.872549e-01 -1.880933e-10
1.519608e-01 8.872549e-01 2.427011e-11
1.617647e-01 8.872549e-01 2.473393e-10
1.715686e-01 8.872549e-01 3.898297e-10
1.813725e-01 8.872549e-01 4.234401e-10
1.911765e-01 8.872549e-01 3.649352e-10
2.009804e-01 8.872549e-01 2.348665e-10
2.107843e-01 8.872549e-01 1.048524e-11
2.205882e-01 8.872549e-01 -4.333488e-10
2.303922e-01 8.872549e-01 -1.422326e-09
2.401961e-01 8.872549e-01 -3.660820e-09
2.500000e-01 8.872549e-01 -8.538147e-09
2.598039e-01 8.872549e-01 -1.860915e-08
2.696078e-01 8.872549e-01 -3.827661e-08
2.794118e-01 8.872549e-01 -7.465727e-08
2.892157e-01 8.872549e-01 -1.385348e-07
2.990196e-01 8.872549e-01 -2.451965e-07
3.088235e-01 8.872549e-01 -4.148378e-07
3.186275e-01 8.872549e-01 -6.721427e-07
3.284314e-01 8.872549e-01 -1.044656e-06
3.382353e-01 8.872549e-01 -1.559703e-06
3.480392e-01 8.872549e-01 -2.239906e-06
3.578431e-01 8.872549e-01 -3.097729e-06
3.676471e-01 8.872549e-01 -4.129934e-06
3.774510e-01 8.872549e-01 -5.313120e-06
3.872549e-01 8.872549e-01 -6.601611e-06
3.970588e-01 8.872549e-01 -7.928694e-06
4.068627e-01 8.872549e-01 -9.211641e-06
4.166667e-01 8.872549e-01 -1.036014e-05
4.264706e-01 8.872549e-01 -1.128699e-05
4.362745e-01 8.872549e-01 -1.191918e-05
4.460784e-01 8.872549e-01 -1.220752e-05
4.558824e-01 8.872549e-01 -1.213291e-05
4.656863e-01 8.872549e-01 -1.170816e-05
4.754902e-01 8.872549e-01 -1.097534e-05
4.852941e-01 8.872549e-01 -9.999116e-06
4.950980e-01 8.872549e-01 -8.857657e-06
5.049020e-01 8.872549e-01 -7.632742e-06
5.147059e-01 8.872549e-01 -6.400734e-06
5.245098e-01 8.872549e-01 -5.225673e-06
5.343137e-01 8.872549e-01 -4.155153e-06
5.441176e-01 8.872549e-01 -3.219046e-06
5.539216e-01 8.872549e-01 -2.430636e-06
5.637255e-01 8.872549e-01 -1.789441e-06
5.735294e-01 8.872549e-01 -1.284892e-06
5.833333e-01 8.872549e-01 -9.001400e-07
5.931373e-01 8.872549e-01 -6.154405e-07
6.029412e-01 8.872549e-01 -4.107984e-07
6.127451e-01 8.872549e-01 -2.677741e-07
6.225490e-01 8.872549e-01 -1.705032e-07
6.323529e-01 8.872549e-01 -1.060825e-07
6.421569e-01 8.872549e-01 -6.450943e-08
6.519608e-01 8.872549e-01 -3.835199e-08
6.617647e-01 8.872549e-01 -2.229731e-08
6.715686e-01 8.872549e-01 -1.268026e-08
6.813725e-01 8.872549e-01 -7.055512e-09
6.911765e-01 8.872549e-01 -3.841835e-09
7.009804e-01 8.872549e-01 -2.048189e-09
7.107843e-01 8.872549e-01 -1.068095e-09
7.205882e-01 8.872549e-01 -5.479940e-10
7.303922e-01 8.872549e-01 -2.697022e-10
7.401961e-01 8.872549e-01 -1.423068e-10
7.500000e-01 8.872549e-01 -4.820046e-11
7.598039e-01 8.872549e-01 -6.101781e-11
7.696078e-01 8.872549e-01 3.940577e-11
7.794118e-01 8.872549e-01 -9.220351e-11
7.892157e-01 8.872549e-01 1.222492e-10
7.990196e-01 8.872549e-01 -1.630460e-10
8.088235e-01 8.872549e-01 1.785630e-10
8.186275e-01 8.872549e-01 -1.568749e-10
8.284314e-01 8.872549e-01 8.305501e-11
8.382353e-01 8.872549e-01 2.713813e-11
8.480392e-01 8.872549e-01 -1.261084e-10
8.578431e-01 8.872549e-01 1.494509e-10
8.676471e-01 8.872549e-01 -6.609315e-11
8.774510e-01 8.872549e-01 -7.352931e-11
8.872549e-01 8.872549e-01 1.495984e-10
8.970588e-01 8.872549e-01 -7.583061e-11
9.068627e-01 8.872549e-01 -8.468684e-11
9.166667e-01 8.872549e-01 1.471193e-10
9.264706e-01 8.872549e-01 -1.800742e-11
9.362745e-01 8.872549e-01 -1.407326e-10
9.460784e-01 8.872549e-01 9.146486e-11
9.558824e-01 8.872549e-01 1.072990e-10
9.656863e-01 8.872549e-01 -1.289446e-10
9.754902e-01 8.872549e-01 -8.299112e-11
9.852941e-01 8.872549e-01 1.438146e-10
9.950980e-01 8.872549e-01 8.352724e-11
4.901961e-03 8.970588e-01 -7.308931e-11
1.470588e-02 8.970588e-01 -4.230740e-11
2.450980e-02 8.970588e-01 7.271140e-11
3.431373e-02 8.970588e-01 5.735241e-11
4.411765e-02 8.970588e-01 -5.981755e-11
5.392157e-02 8.970588e-01 -8.304643e-11
6.372549e-02 8.970588e-01 2.249972e-11
7.352941e-02 8.970588e-01 1.006627e-10
8.333333e-02 8.970588e-01 4.574285e-11
9.313725e-02 8.970588e-01 -7.033747e-11
1.029412e-01 8.970588e-01 -1.118282e-10
1.127451e-01 8.970588e-01 -3.709124e-11
1.225490e-01 8.970588e-01 7.889440e-11
1.323529e-01 8.970588e-01 1.362118e-10
1.421569e-01 8.970588e-01 9.517871e-11
1.519608e-01 8.970588e-01 -1.233093e-11
1.617647e-01 8.970588e-01 -1.251413e-10
1.715686e-01 8.970588e-01 -1.971132e-10
1.813725e-01 8.970588e-01 -2.140126e-10
1.911765e-01 8.970588e-01 -1.843918e-10
2.009804e-01 8.970588e-01 -1.187081e-10
2.107843e-01 8.970588e-01 -5.558612e-12
2.205882e-01 8.970588e-01 2.181131e-10
2.303922e-01 8.970588e-01 7.165261e-10
2.401961e-01 8.970588e-01 1.844965e-09
2.500000e-01 8.970588e-01 4.304409e-09
2.598039e-01 8.970588e-01 9.384265e-09
2.696078e-01 8.970588e-01 1.930713e-08
2.794118e-01 8.970588e-01 3.766643e-08
2.892157e-01 8.970588e-01 6.990823e-08
2.990196e-01 8.970588e-01 1.237542e-07
3.088235e-01 8.970588e-01 2.094070e-07
3.186275e-01 8.970588e-01 3.393381e-07
3.284314e-01 8.970588e-01 5.274665e-07
3.382353e-01 8.970588e-01 7.876024e-07
3.480392e-01 8.970588e-01 1.131180e-06
3.578431e-01 8.970588e-01 1.564503e-06
3.676471e-01 8.970588e-01 2.085939e-06
3.774510e-01 8.970588e-01 2.683668e-06
3.872549e-01 8.970588e-01 3.334611e-06
3.970588e-01 8.970588e-01 4.005059e-06
4.068627e-01 8.970588e-01 4.653208e-06
4.166667e-01 8.970588e-01 5.233423e-06
4.264706e-01 8.970588e-01 5.701637e-06
4.362745e-01 8.970588e-01 6.020968e-06
4.460784e-01 8.970588e-01 6.166565e-06
4.558824e-01 8.970588e-01 6.128778e-06
4.656863e-01 8.970588e-01 5.914098e-06
4.754902e-01 8.970588e-01 5.543787e-06
4.852941e-01 8.970588e-01 5.050528e-06
4.950980e-01 8.970588e-01 4.473825e-06
5.049020e-01 8.970588e-01 3.854996e-06
5.147059e-01 8.970588e-01 3.232622e-06
5.245098e-01 8.970588e-01 2.639050e-06
5.343137e-01 8.970588e-01 2.098320e-06
5.441176e-01 8.970588e-01 1.625511e-06
5.539216e-01 8.970588e-01 1.227325e-06
5.637255e-01 8.970588e-01 9.035109e-07
5.735294e-01 8.970588e-01 6.487214e-07
5.833333e-01 8.970588e-01 4.544402e-07
5.931373e-01 8.970588e-01 3.106901e-07
6.029412e-01 8.970588e-01 2.073693e-07
6.127451e-01 8.970588e-01 1.351632e-07
6.225490e-01 8.970588e-01 8.605908e-08
6.323529e-01 8.970588e-01 5.354052e-08
6.421569e-01 8.970588e-01 3.255642e-08
6.519608e-01 8.970588e-01 1.935426e-08
6.617647e-01 8.970588e-01 1.125167e-08
6.715686e-01 8.970588e-01 6.398370e-09
6.813725e-01 8.970588e-01 3.559978e-09
6.911765e-01 8.970588e-01 1.938368e-09
7.009804e-01 8.970588e-01 1.033351e-09
7.107843e-01 8.970588e-01 5.388520e-10
7.205882e-01 8.970588e-01 2.764509e-10
7.303922e-01 8.970588e-01 1.360552e-10
7.401961e-01 8.970588e-01 7.178522e-11
7.500000e-01 8.970588e-01 2.431450e-11
7.598039e-01 8.970588e-01 3.078182e-11
7.696078e-01 8.970588e-01 -1.988960e-11
7.794118e-01 8.970588e-01 4.654321e-11
7.892157e-01 8.970588e-01 -6.173733e-11
7.990196e-01 8.970588e-01 8.237132e-11
8.088235e-01 8.970588e-01 -9.025579e-11
8.186275e-01 8.970588e-01 7.934117e-11
8.284314e-01 8.970588e-01 -4.205314e-11
8.382353e-01 8.970588e-01 -1.368088e-11
8.480392e-01 8.970588e-01 6.380383e-11
8.578431e-01 8.970588e-01 -7.569598e-11
8.676471e-01 8.970588e-01 3.354544e-11
8.774510e-01 8.970588e-01 3.719382e-11
8.872549e-01 8.970588e-01 -7.583061e-11
8.970588e-01 8.970588e-01 3.852800e-11
9.068627e-01 8.970588e-01 4.287621e-11
9.166667e-01 8.970588e-01 -7.466073e-11
9.264706e-01 8.970588e-01 9.241686e-12
9.362745e-01 8.970588e-01 7.138693e-11
9.460784e-01 8.970588e-01 -4.652212e-11
9.558824e-01 8.970588e-01 -5.439168e-11
9.656863e-01 8.970588e-01 6.554208e-11
9.754902e-01 8.970588e-01 4.203768e-11
9.852941e-01 8.970588e-01 -7.308931e-11
9.950980e-01 8.970588e-01 -4.230740e-11
4.901961e-03 9.068627e-01 -8.125420e-11
1.470588e-02 9.068627e-01 -4.726408e-11
2.450980e-02 9.068627e-01 8.082762e-11
3.431373e-02 9.068627e-01 6.400261e-11
4.411765e-02 9.068627e-01 -6.646192e-11
5.392157e-02 9.068627e-01 -9.259271e-11
6.372549e-02 9.068627e-01 2.489160e-11
7.352941e-02 9.068627e-01 1.121941e-10
8.333333e-02 9.068627e-01 5.116262e-11
9.313725e-02 9.068627e-01 -7.836403e-11
1.029412e-01 9.068627e-01 -1.248804e-10
1.127451e-01 9.068627e-01 -4.155657e-11
1.225490e-01 9.068627e-01 8.810711e-11
1.323529e-01 9.068627e-01 1.523756e-10
1.421569e-01 9.068627e-01 1.066054e-10
1.519608e-01 9.068627e-01 -1.376653e-11
1.617647e-01 9.068627e-01 -1.402971e-10
1.715686e-01 9.068627e-01 -2.211930e-10
1.813725e-01 9.068627e-01 -2.403368e-10
1.911765e-01 9.068627e-01 -2.071713e-10
2.009804e-01 9.068627e-01 -1.332889e-10
2.107843e-01 9.068627e-01 -5.673469e-12
2.205882e-01 9.068627e-01 2.469132e-10
2.303922e-01 9.068627e-01 8.097566e-10
2.401961e-01 9.068627e-01 2.083448e-09
2.500000e-01 9.068627e-01 4.857897e-09
2.598039e-01 9.068627e-01 1.058532e-08
2.696078e-01 9.068627e-01 2.176775e-08
2.794118e-01 9.068627e-01 4.244867e-08
2.892157e-01 9.068627e-01 7.875387e-08
2.990196e-01 9.068627e-01 1.393659e-07
3.088235e-01 9.068627e-01 2.357533e-07
3.186275e-01 9.068627e-01 3.819313e-07
3.284314e-01 9.068627e-01 5.935373e-07
3.382353e-01 9.068627e-01 8.860820e-07
3.480392e-01 9.068627e-01 1.272402e-06
3.578431e-01 9.068627e-01 1.759567e-06
3.676471e-01 9.068627e-01 2.345731e-06
3.774510e-01 9.068627e-01 3.017600e-06
3.872549e-01 9.068627e-01 3.749237e-06
3.970588e-01 9.068627e-01 4.502765e-06
4.068627e-01 9.068627e-01 5.231218e-06
4.166667e-01 9.068627e-01 5.883326e-06
4.264706e-01 9.068627e-01 6.409577e-06
4.362745e-01 9.068627e-01 6.768536e-06
4.460784e-01 9.068627e-01 6.932272e-06
4.558824e-01 9.068627e-01 6.889932e-06
4.656863e-01 9.068627e-01 6.648794e-06
4.754902e-01 9.068627e-01 6.232732e-06
4.852941e-01 9.068627e-01 5.678455e-06
4.950980e-01 9.068627e-01 5.030340e-06
5.049020e-01 9.068627e-01 4.334816e-06
5.147059e-01 9.068627e-01 3.635239e-06
5.245098e-01 9.068627e-01 2.967973e-06
5.343137e-01 9.068627e-01 2.360046e-06
5.441176e-01 9.068627e-01 1.828427e-06
5.539216e-01 9.068627e-01 1.380666e-06
5.637255e-01 9.068627e-01 1.016494e-06
5.735294e-01 9.068627e-01 7.299179e-07
5.833333e-01 9.068627e-01 5.113734e-07
5.931373e-01 9.068627e-01 3.496515e-07
6.029412e-01 9.068627e-01 2.333994e-07
6.127451e-01 9.068627e-01 1.521464e-07
6.225490e-01 9.068627e-01 9.688311e-08
6.323529e-01 9.068627e-01 6.028123e-08
6.421569e-01 9.068627e-01 3.665930e-08
6.519608e-01 9.068627e-01 2.179573e-08
6.617647e-01 9.068627e-01 1.267239e-08
6.715686e-01 9.068627e-01 7.207026e-09
6.813725e-01 9.068627e-01 4.010310e-09
6.911765e-01 9.068627e-01 2.183780e-09
7.009804e-01 9.068627e-01 1.164288e-09
7.107843e-01 9.068627e-01 6.071828e-10
7.205882e-01 9.068627e-01 3.115331e-10
7.303922e-01 9.068627e-01 1.533300e-10
7.401961e-01 9.068627e-01 8.090769e-11
7.500000e-01 9.068627e-01 2.740512e-11
7.598039e-01 9.068627e-01 3.468811e-11
7.696078e-01 9.068627e-01 -2.238877e-11
7.794118e-01 9.068627e-01 5.238524e-11
7.892157e-01 9.068627e-01 -6.942847e-11
7.990196e-01 9.068627e-01 9.257058e-11
8.088235e-01 9.068627e-01 -1.013412e-10
8.186275e-01 9.068627e-01 8.899513e-11
8.284314e-01 9.068627e-01 -4.708648e-11
8.382353e-01 9.068627e-01 -1.541101e-11
8.480392e-01 9.068627e-01 7.149265e-11
8.578431e-01 9.068627e-01 -8.467196e-11
8.676471e-01 9.068627e-01 3.740512e-11
8.774510e-01 9.068627e-01 4.166914e-11
8.872549e-01 9.068627e-01 -8.468684e-11
8.970588e-01 9.068627e-01 4.287621e-11
9.068627e-01 9.068627e-01 4.795455e-11
9.166667e-01 9.068627e-01 -8.320884e-11
9.264706e-01 9.068627e-01 1.013077e-11
9.362745e-01 9.068627e-01 7.959883e-11
9.460784e-01 9.068627e-01 -5.166412e-11
9.558824e-01 9.068627e-01 -6.069950e-11
9.656863e-01 9.068627e-01 7.285006e-11
9.754902e-01 9.068627e-01 4.696113e-11
9.852941e-01 9.068627e-01 -8.125420e-11
9.950980e-01 9.068627e-01 -4.726408e-11
4.901961e-03 9.166667e-01 1.415323e-10
1.470588e-02 9.166667e-01 8.204776e-11
2.450980e-02 9.166667e-01 -1.408003e-10
3.431373e-02 9.166667e-01 -1.111909e-10
4.411765e-02 9.166667e-01 1.158240e-10
5.392157e-02 9.166667e-01 1.609732e-10
6.372549e-02 9.166667e-01 -4.351920e-11
7.352941e-02 9.166667e-01 -1.951254e-10
8.333333e-02 9.166667e-01 -8.875948e-11
9.313725e-02 9.166667e-01 1.363573e-10
1.029412e-01 9.166667e-01 2.169450e-10
1.127451e-01 9.166667e-01 7.201853e-11
1.225490e-01 9.166667e-01 -1.531065e-10
1.323529e-01 9.166667e-01 -2.644747e-10
1.421569e-01 9.166667e-01 -1.848728e-10
1.519608e-01 9.166667e-01 2.396427e-11
1.617647e-01 9.166667e-01 2.432514e-10
1.715686e-01 9.166667e-01 3.832764e-10
1.813725e-01 9.166667e-01 4.162620e-10
1.911765e-01 9.166667e-01 3.587227e-10
2.009804e-01 9.166667e-01 2.308816e-10
2.107843e-01 9.166667e-01 1.039306e-11
2.205882e-01 9.166667e-01 -4.257277e-10
2.303922e-01 9.166667e-01 -1.397586e-09
2.401961e-01 9.166667e-01 -3.597519e-09
2.500000e-01 9.166667e-01 -8.391163e-09
2.598039e-01 9.166667e-01 -1.828992e-08
2.696078e-01 9.166667e-01 -3.762185e-08
2.794118e-01 9.166667e-01 -7.338307e-08
2.892157e-01 9.166667e-01 -1.361747e-07
2.990196e-01 9.166667e-01 -2.410251e-07
3.088235e-01 9.166667e-01 -4.077882e-07
3.186275e-01 9.166667e-01 -6.607301e-07
3.284314e-01 9.166667e-01 -1.026929e-06
3.382353e-01 9.166667e-01 -1.533248e-06
3.480392e-01 9.166667e-01 -2.201922e-06
3.578431e-01 9.166667e-01 -3.045203e-06
3.676471e-01 9.166667e-01 -4.059904e-06
3.774510e-01 9.166667e-01 -5.223015e-06
3.872549e-01 9.166667e-01 -6.489629e-06
3.970588e-01 9.166667e-01 -7.794159e-06
4.068627e-01 9.166667e-01 -9.055276e-06
4.166667e-01 9.166667e-01 -1.018420e-05
4.264706e-01 9.166667e-01 -1.109521e-05
4.362745e-01 9.166667e-01 -1.171655e-05
4.460784e-01 9.166667e-01 -1.199987e-05
4.558824e-01 9.166667e-01 -1.192639e-05
4.656863e-01 9.166667e-01 -1.150874e-05
4.754902e-01 9.166667e-01 -1.078827e-05
4.852941e-01 9.166667e-01 -9.828567e-06
4.950980e-01 9.166667e-01 -8.706467e-06
5.049020e-01 9.166667e-01 -7.502363e-06
5.147059e-01 9.166667e-01 -6.291317e-06
5.245098e-01 9.166667e-01 -5.136276e-06
5.343137e-01 9.166667e-01 -4.084015e-06
5.441176e-01 9.166667e-01 -3.163893e-06
5.539216e-01 9.166667e-01 -2.388960e-06
5.637255e-01 9.166667e-01 -1.758736e-06
5.735294e-01 9.166667e-01 -1.262828e-06
5.833333e-01 9.166667e-01 -8.846721e-07
5.931373e-01 9.166667e-01 -6.048574e-07
6.029412e-01 9.166667e-01 -4.037296e-07
6.127451e-01 9.166667e-01 -2.631634e-07
6.225490e-01 9.166667e-01 -1.675655e-07
6.323529e-01 9.166667e-01 -1.042537e-07
6.421569e-01 9.166667e-01 -6.339671e-08
6.519608e-01 9.166667e-01 -3.769011e-08
6.617647e-01 9.166667e-01 -2.191233e-08
6.715686e-01 9.166667e-01 -1.246123e-08
6.813725e-01 9.166667e-01 -6.933597e-09
6.911765e-01 9.166667e-01 -3.775430e-09
7.009804e-01 9.166667e-01 -2.012778e-09
7.107843e-01 9.166667e-01 -1.049626e-09
7.205882e-01 9.166667e-01 -5.385170e-10
7.303922e-01 9.166667e-01 -2.650381e-10
7.401961e-01 9.166667e-01 -1.398452e-10
7.500000e-01 9.166667e-01 -4.736808e-11
7.598039e-01 9.166667e-01 -5.996171e-11
7.696078e-01 9.166667e-01 3.872435e-11
7.794118e-01 9.166667e-01 -9.061411e-11
7.892157e-01 9.166667e-01 1.201511e-10
7.990196e-01 9.166667e-01 -1.602620e-10
8.088235e-01 9.166667e-01 1.755364e-10
8.186275e-01 9.166667e-01 -1.542456e-10
8.284314e-01 9.166667e-01 8.170205e-11
8.382353e-01 9.166667e-01 2.662535e-11
8.480392e-01 9.166667e-01 -1.239608e-10
8.578431e-01 9.166667e-01 1.469730e-10
8.676471e-01 9.166667e-01 -6.506338e-11
8.774510e-01 9.166667e-01 -7.223651e-11
8.872549e-01 9.166667e-01 1.471193e-10
8.970588e-01 9.166667e-01 -7.466073e-11
9.068627e-01 9.166667e-01 -8.320884e-11
9.166667e-01 9.166667e-01 1.447233e-10
9.264706e-01 9.166667e-01 -1.782175e-11
9.362745e-01 9.166667e-01 -1.383818e-10
9.460784e-01 9.166667e-01 9.006456e-11
9.558824e-01 9.166667e-01 1.054557e-10
9.656863e-01 9.166667e-01 -1.269129e-10
9.754902e-01 9.166667e-01 -8.152535e-11
9.852941e-01 9.166667e-01 1.415323e-10
9.950980e-01 9.166667e-01 8.204776e-11
4.901961e-03 9.264706e-01 -1.755815e-11
1.470588e-02 9.264706e-01 -1.001673e-11
2.450980e-02 9.264706e-01 1.747305e-11
3.431373e-02 9.264706e-01 1.362419e-11
4.411765e-02 9.264706e-01 -1.439971e-11
5.392157e-02 9.264706e-01 -1.978719e-11
6.372549e-02 9.264706e-01 5.489362e-12
7.352941e-02 9.264706e-01 2.402290e-11
8.333333e-02 9.264706e-01 1.080052e-11
9.313725e-02 9.264706e-01 -1.681993e-11
1.029412e-01 9.264706e-01 -2.655703e-11
1.127451e-01 9.264706e-01 -8.718128e-12
1.225490e-01 9.264706e-01 1.875528e-11
1.323529e-01 9.264706e-01 3.221819e-11
1.421569e-01 9.264706e-01 2.243033e-11
1.519608e-01 9.264706e-01 -2.947436e-12
1.617647e-01 9.264706e-01 -2.945083e-11
1.715686e-01 9.264706e-01 -4.626634e-11
1.813725e-01 9.264706e-01 -5.013473e-11
1.911765e-01 9.264706e-01 -4.314888e-11
2.009804e-01 9.264706e-01 -2.784287e-11
2.107843e-01 9.264706e-01 -1.663999e-12
2.205882e-01 9.264706e-01 4.992207e-11
2.303922e-01 9.264706e-01 1.649091e-10
2.401961e-01 9.264706e-01 4.256552e-10
2.500000e-01 9.264706e-01 9.949178e-10
2.598039e-01 9.264706e-01 2.172515e-09
2.696078e-01 9.264706e-01 4.475921e-09
2.794118e-01 9.264706e-01 8.742719e-09
2.892157e-01 9.264706e-01 1.624357e-08
2.990196e-01 9.264706e-01 2.878164e-08
3.088235e-01 9.264706e-01 4.874127e-08
3.186275e-01 9.264706e-01 7.903911e-08
3.284314e-01 9.264706e-01 1.229324e-07
3.382353e-01 9.264706e-01 1.836554e-07
3.480392e-01 9.264706e-01 2.638881e-07
3.578431e-01 9.264706e-01 3.651114e-07
3.676471e-01 9.264706e-01 4.869499e-07
3.774510e-01 9.264706e-01 6.266430e-07
3.872549e-01 9.264706e-01 7.787941e-07
3.970588e-01 9.264706e-01 9.355168e-07
4.068627e-01 9.264706e-01 1.087029e-06
4.166667e-01 9.264706e-01 1.222654e-06
4.264706e-01 9.264706e-01 1.332078e-06
4.362745e-01 9.264706e-01 1.406677e-06
4.460784e-01 9.264706e-01 1.440640e-06
4.558824e-01 9.264706e-01 1.431718e-06
4.656863e-01 9.264706e-01 1.381440e-06
4.754902e-01 9.264706e-01 1.294789e-06
4.852941e-01 9.264706e-01 1.179419e-06
4.950980e-01 9.264706e-01 1.044576e-06
5.049020e-01 9.264706e-01 8.999254e-07
5.147059e-01 9.264706e-01 7.544856e-07
5.245098e-01 9.264706e-01 6.158148e-07
5.343137e-01 9.264706e-01 4.895240e-07
5.441176e-01 9.264706e-01 3.791283e-07
5.539216e-01 9.264706e-01 2.861836e-07
5.637255e-01 9.264706e-01 2.106215e-07
5.735294e-01 9.264706e-01 1.511846e-07
5.833333e-01 9.264706e-01 1.058772e-07
5.931373e-01 9.264706e-01 7.236473e-08
6.029412e-01 9.264706e-01 4.828536e-08
6.127451e-01 9.264706e-01 3.146294e-08
6.225490e-01 9.264706e-01 2.002656e-08
6.323529e-01 9.264706e-01 1.245548e-08
6.421569e-01 9.264706e-01 7.571527e-09
6.519608e-01 9.264706e-01 4.499799e-09
6.617647e-01 9.264706e-01 2.615201e-09
6.715686e-01 9.264706e-01 1.486727e-09
6.813725e-01 9.264706e-01 8.269632e-10
6.911765e-01 9.264706e-01 4.501488e-10
7.009804e-01 9.264706e-01 2.399126e-10
7.107843e-01 9.264706e-01 1.250740e-10
7.205882e-01 9.264706e-01 6.415181e-11
7.303922e-01 9.264706e-01 3.156648e-11
7.401961e-01 9.264706e-01 1.665038e-11
7.500000e-01 9.264706e-01 5.638605e-12
7.598039e-01 9.264706e-01 7.143271e-12
7.696078e-01 9.264706e-01 -4.630534e-12
7.794118e-01 9.264706e-01 1.083761e-11
7.892157e-01 9.264706e-01 -1.440780e-11
7.990196e-01 9.264706e-01 1.925705e-11
8.088235e-01 9.264706e-01 -2.114991e-11
8.186275e-01 9.264706e-01 1.864306e-11
8.284314e-01 9.264706e-01 -9.930067e-12
8.382353e-01 9.264706e-01 -3.171821e-12
8.480392e-01 9.264706e-01 1.502381e-11
8.578431e-01 9.264706e-01 -1.790904e-11
8.676471e-01 9.264706e-01 8.008004e-12
8.774510e-01 9.264706e-01 8.752613e-12
8.872549e-01 9.264706e-01 -1.800742e-11
8.970588e-01 9.264706e-01 9.241686e-12
9.068627e-01 9.264706e-01 1.013077e-11
9.166667e-01 9.264706e-01 -1.782175e-11
9.264706e-01 9.264706e-01 2.312057e-12
9.362745e-01 9.264706e-01 1.700809e-11
9.460784e-01 9.264706e-01 -1.121431e-11
9.558824e-01 9.264706e-01 -1.292241e-11
9.656863e-01 9.264706e-01 1.575511e-11
9.754902e-01 9.264706e-01 9.954672e-12
9.852941e-01 9.264706e-01 -1.755815e-11
9.950980e-01 9.264706e-01 -1.001673e-11
4.901961e-03 9.362745e-01 -1.352648e-10
1.470588e-02 9.362745e-01 -7.845697e-11
2.450980e-02 9.362745e-01 1.345665e-10
3.431373e-02 9.362745e-01 1.063138e-10
4.411765e-02 9.362745e-01 -1.106971e-10
5.392157e-02 9.362745e-01 -1.539070e-10
6.372549e-02 9.362745e-01 4.158132e-11
7.352941e-02 9.362745e-01 1.865735e-10
8.333333e-02 9.362745e-01 8.489821e-11
9.313725e-02 9.362745e-01 -1.304003e-10
1.029412e-01 9.362745e-01 -2.075178e-10
1.127451e-01 9.362745e-01 -6.890418e-11
1.225490e-01 9.362745e-01 1.464960e-10
1.323529e-01 9.362745e-01 2.530983e-10
1.421569e-01 9.362745e-01 1.769414e-10
1.519608e-01 9.362745e-01 -2.296313e-11
1.617647e-01 9.362745e-01 -2.329380e-10
1.715686e-01 9.362745e-01 -3.670714e-10
1.813725e-01 9.362745e-01 -3.987157e-10
1.911765e-01 9.362745e-01 -3.436292e-10
2.009804e-01 9.362745e-01 -2.211191e-10
2.107843e-01 9.362745e-01 -9.687009e-12
2.205882e-01 9.362745e-01 4.086591e-10
2.303922e-01 9.362745e-01 1.340919e-09
2.401961e-01 9.362745e-01 3.450964e-09
2.500000e-01 9.362745e-01 8.048091e-09
2.598039e-01 9.362745e-01 1.753977e-08
2.696078e-01 9.362745e-01 3.607440e-08
2.794118e-01 9.362745e-01 7.035699e-08
2.892157e-01 9.362745e-01 1.305465e-07
2.990196e-01 9.362745e-01 2.310432e-07
3.088235e-01 9.362745e-01 3.908694e-07
3.186275e-01 9.362745e-01 6.332732e-07
3.284314e-01 9.362745e-01 9.841947e-07
3.382353e-01 9.362745e-01 1.469365e-06
3.480392e-01 9.362745e-01 2.110081e-06
3.578431e-01 9.362745e-01 2.918072e-06
3.676471e-01 9.362745e-01 3.890275e-06
3.774510e-01 9.362745e-01 5.004642e-06
3.872549e-01 9.362745e-01 6.218146e-06
3.970588e-01 9.362745e-01 7.467952e-06
4.068627e-01 9.362745e-01 8.676149e-06
4.166667e-01 9.362745e-01 9.757691e-06
4.264706e-01 9.362745e-01 1.063045e-05
4.362745e-01 9.362745e-01 1.122570e-05
4.460784e-01 9.362745e-01 1.149713e-05
4.558824e-01 9.362745e-01 1.142673e-05
4.656863e-01 9.362745e-01 1.102662e-05
4.754902e-01 9.362745e-01 1.033639e-05
4.852941e-01 9.362745e-01 9.416958e-06
4.950980e-01 9.362745e-01 8.341935e-06
5.049020e-01 9.362745e-01 7.188334e-06
5.147059e-01 9.362745e-01 6.028064e-06
5.245098e-01 9.362745e-01 4.921432e-06
5.343137e-01 9.362745e-01 3.913254e-06
5.441176e-01 9.362745e-01 3.031661e-06
5.539216e-01 9.362745e-01 2.289162e-06
5.637255e-01 9.362745e-01 1.685302e-06
5.735294e-01 9.362745e-01 1.210128e-06
5.833333e-01 9.362745e-01 8.477728e-07
5.931373e-01 9.362745e-01 5.796433e-07
6.029412e-01 9.362745e-01 3.869094e-07
6.127451e-01 9.362745e-01 2.522060e-07
6.225490e-01 9.362745e-01 1.605928e-07
6.323529e-01 9.362745e-01 9.991820e-08
6.421569e-01 9.362745e-01 6.076192e-08
6.519608e-01 9.362745e-01 3.612468e-08
6.617647e-01 9.362745e-01 2.100278e-08
6.715686e-01 9.362745e-01 1.194431e-08
6.813725e-01 9.362745e-01 6.646149e-09
6.911765e-01 9.362745e-01 3.619005e-09
7.009804e-01 9.362745e-01 1.929433e-09
7.107843e-01 9.362745e-01 1.006187e-09
7.205882e-01 9.362745e-01 5.162434e-10
7.303922e-01 9.362745e-01 2.540808e-10
7.401961e-01 9.362745e-01 1.340673e-10
7.500000e-01 9.362745e-01 4.541249e-11
7.598039e-01 9.362745e-01 5.748107e-11
7.696078e-01 9.362745e-01 -3.711004e-11
7.794118e-01 9.362745e-01 8.683733e-11
7.892157e-01 9.362745e-01 -1.151202e-10
7.990196e-01 9.362745e-01 1.535298e-10
8.088235e-01 9.362745e-01 -1.681314e-10
8.186275e-01 9.362745e-01 1.477105e-10
8.284314e-01 9.362745e-01 -7.821973e-11
8.382353e-01 9.362745e-01 -2.550186e-11
8.480392e-01 9.362745e-01 1.186606e-10
8.578431e-01 9.362745e-01 -1.406519e-10
8.676471e-01 9.362745e-01 6.223942e-11
8.774510e-01 9.362745e-01 6.912896e-11
8.872549e-01 9.362745e-01 -1.407326e-10
8.970588e-01 9.362745e-01 7.138693e-11
9.068627e-01 9.362745e-01 7.959883e-11
9.166667e-01 9.362745e-01 -1.383818e-10
9.264706e-01 9.362745e-01 1.700809e-11
9.362745e-01 9.362745e-01 1.323129e-10
9.460784e-01 9.362745e-01 -8.607161e-11
9.558824e-01 9.362745e-01 -1.008337e-10
9.656863e-01 9.362745e-01 1.212923e-10
9.754902e-01 9.362745e-01 7.795827e-11
9.852941e-01 9.362745e-01 -1.352648e-10
9.950980e-01 9.362745e-01 -7.845697e-11
4.901961e-03 9.460784e-01 8.818997e-11
1.470588e-02 9.460784e-01 5.095206e-11
2.450980e-02 9.460784e-01 -8.774229e-11
3.431373e-02 9.460784e-01 -6.910479e-11
4.411765e-02 9.460784e-01 7.221237e-11
5.392157e-02 9.460784e-01 1.001209e-10
6.372549e-02 9.460784e-01 -2.722440e-11
7.352941e-02 9.460784e-01 -1.214223e-10
8.333333e-02 9.460784e-01 -5.509414e-11
9.313725e-02 9.460784e-01 8.490930e-11
1.029412e-01 9.460784e-01 1.348723e-10
1.127451e-01 9.460784e-01 4.466069e-11
1.225490e-01 9.460784e-01 -9.523557e-11
1.323529e-01 9.460784e-01 -1.643150e-10
1.421569e-01 9.460784e-01 -1.147613e-10
1.519608e-01 9.460784e-01 1.494690e-11
1.617647e-01 9.460784e-01 1.510163e-10
1.715686e-01 9.460784e-01 2.378096e-10
1.813725e-01 9.460784e-01 2.581758e-10
1.911765e-01 9.460784e-01 2.224430e-10
2.009804e-01 9.460784e-01 1.432311e-10
2.107843e-01 9.460784e-01 6.786718e-12
2.205882e-01 9.460784e-01 -2.629580e-10
2.303922e-01 9.460784e-01 -8.641209e-10
2.401961e-01 9.460784e-01 -2.225347e-09
2.500000e-01 9.460784e-01 -5.192383e-09
2.598039e-01 9.460784e-01 -1.132096e-08
2.696078e-01 9.460784e-01 -2.329275e-08
2.794118e-01 9.460784e-01 -4.544343e-08
2.892157e-01 9.460784e-01 -8.434384e-08
2.990196e-01 9.460784e-01 -1.493104e-07
3.088235e-01 9.460784e-01 -2.526523e-07
3.186275e-01 9.460784e-01 -4.094161e-07
3.284314e-01 9.460784e-01 -6.363936e-07
3.382353e-01 9.460784e-01 -9.502447e-07
3.480392e-01 9.460784e-01 -1.364762e-06
3.578431e-01 9.460784e-01 -1.887545e-06
3.676471e-01 9.460784e-01 -2.516623e-06
3.774510e-01 9.460784e-01 -3.237729e-06
3.872549e-01 9.460784e-01 -4.023018e-06
3.970588e-01 9.460784e-01 -4.831817e-06
4.068627e-01 9.460784e-01 -5.613694e-06
4.166667e-01 9.460784e-01 -6.313597e-06
4.264706e-01 9.460784e-01 -6.878365e-06
4.362745e-01 9.460784e-01 -7.263512e-06
4.460784e-01 9.460784e-01 -7.439066e-06
4.558824e-01 9.460784e-01 -7.393393e-06
4.656863e-01 9.460784e-01 -7.134333e-06
4.754902e-01 9.460784e-01 -6.687540e-06
4.852941e-01 9.460784e-01 -6.092448e-06
4.950980e-01 9.460784e-01 -5.396713e-06
5.049020e-01 9.460784e-01 -4.650179e-06
5.147059e-01 9.460784e-01 -3.899385e-06
5.245098e-01 9.460784e-01 -3.183352e-06
5.343137e-01 9.460784e-01 -2.531071e-06
5.441176e-01 9.460784e-01 -1.960733e-06
5.539216e-01 9.460784e-01 -1.480419e-06
5.637255e-01 9.460784e-01 -1.089819e-06
5.735294e-01 9.460784e-01 -7.824844e-07
5.833333e-01 9.460784e-01 -5.481391e-07
5.931373e-01 9.460784e-01 -3.747469e-07
6.029412e-01 9.460784e-01 -2.501220e-07
6.127451e-01 9.460784e-01 -1.630283e-07
6.225490e-01 9.460784e-01 -1.038002e-07
6.323529e-01 9.460784e-01 -6.457748e-08
6.421569e-01 9.460784e-01 -3.926743e-08
6.519608e-01 9.460784e-01 -2.334370e-08
6.617647e-01 9.460784e-01 -1.357087e-08
6.715686e-01 9.460784e-01 -7.717162e-09
6.813725e-01 9.460784e-01 -4.293715e-09
6.911765e-01 9.460784e-01 -2.337867e-09
7.009804e-01 9.460784e-01 -1.246319e-09
7.107843e-01 9.460784e-01 -6.499032e-10
7.205882e-01 9.460784e-01 -3.334225e-10
7.303922e-01 9.460784e-01 -1.640930e-10
7.401961e-01 9.460784e-01 -8.657806e-11
7.500000e-01 9.460784e-01 -2.932472e-11
7.598039e-01 9.460784e-01 -3.712528e-11
7.696078e-01 9.460784e-01 2.398962e-11
7.794118e-01 9.460784e-01 -5.613742e-11
7.892157e-01 9.460784e-01 7.446643e-11
7.990196e-01 9.460784e-01 -9.935875e-11
8.088235e-01 9.460784e-01 1.088770e-10
8.186275e-01 9.460784e-01 -9.572302e-11
8.284314e-01 9.460784e-01 5.075651e-11
8.382353e-01 9.460784e-01 1.646880e-11
8.480392e-01 9.460784e-01 -7.694317e-11
8.578431e-01 9.460784e-01 9.131936e-11
8.676471e-01 9.460784e-01 -4.050697e-11
8.774510e-01 9.460784e-01 -4.481931e-11
8.872549e-01 9.460784e-01 9.146486e-11
8.970588e-01 9.460784e-01 -4.652212e-11
9.068627e-01 9.460784e-01 -5.166412e-11
9.166667e-01 9.460784e-01 9.006456e-11
9.264706e-01 9.460784e-01 -1.121431e-11
9.362745e-01 9.460784e-01 -8.607161e-11
9.460784e-01 9.460784e-01 5.616895e-11
9.558824e-01 9.460784e-01 6.554456e-11
9.656863e-01 9.460784e-01 -7.909371e-11
9.754902e-01 9.460784e-01 -5.063055e-11
9.852941e-01 9.460784e-01 8.818997e-11
9.950980e-01 9.460784e-01 5.095206e-11
4.901961e-03 9.558824e-01 1.030214e-10
1.470588e-02 9.558824e-01 5.980735e-11
2.450980e-02 9.558824e-01 -1.024892e-10
3.431373e-02 9.558824e-01 -8.102762e-11
4.411765e-02 9.558824e-01 8.430541e-11
5.392157e-02 9.558824e-01 1.172864e-10
6.372549e-02 9.558824e-01 -3.164736e-11
7.352941e-02 9.558824e-01 -1.421806e-10
8.333333e-02 9.558824e-01 -6.473600e-11
9.313725e-02 9.558824e-01 9.937788e-11
1.029412e-01 9.558824e-01 1.582126e-10
1.127451e-01 9.558824e-01 5.255805e-11
1.225490e-01 9.558824e-01 -1.117110e-10
1.323529e-01 9.558824e-01 -1.930550e-10
1.421569e-01 9.558824e-01 -1.349916e-10
1.519608e-01 9.558824e-01 1.752898e-11
1.617647e-01 9.558824e-01 1.777950e-10
1.715686e-01 9.558824e-01 2.802231e-10
1.813725e-01 9.558824e-01 3.044284e-10
1.911765e-01 9.558824e-01 2.623904e-10
2.009804e-01 9.558824e-01 1.687953e-10
2.107843e-01 9.558824e-01 7.146700e-12
2.205882e-01 9.558824e-01 -3.128093e-10
2.303922e-01 9.558824e-01 -1.025804e-09
2.401961e-01 9.558824e-01 -2.639325e-09
2.500000e-01 9.558824e-01 -6.154075e-09
2.598039e-01 9.558824e-01 -1.340981e-08
2.696078e-01 9.558824e-01 -2.757624e-08
2.794118e-01 9.558824e-01 -5.377589e-08
2.892157e-01 9.558824e-01 -9.976915e-08
2.990196e-01 9.558824e-01 -1.765554e-07
3.088235e-01 9.558824e-01 -2.986629e-07
3.186275e-01 9.558824e-01 -4.838461e-07
3.284314e-01 9.558824e-01 -7.519133e-07
3.382353e-01 9.558824e-01 -1.122512e-06
3.480392e-01 9.558824e-01 -1.611900e-06
3.578431e-01 9.558824e-01 -2.229030e-06
3.676471e-01 9.558824e-01 -2.971558e-06
3.774510e-01 9.558824e-01 -3.822639e-06
3.872549e-01 9.558824e-01 -4.749413e-06
3.970588e-01 9.558824e-01 -5.703895e-06
4.068627e-01 9.558824e-01 -6.626588e-06
4.166667e-01 9.558824e-01 -7.452549e-06
4.264706e-01 9.558824e-01 -8.119065e-06
4.362745e-01 9.558824e-01 -8.573653e-06
4.460784e-01 9.558824e-01 -8.780946e-06
4.558824e-01 9.558824e-01 -8.727203e-06
4.656863e-01 9.558824e-01 -8.421656e-06
4.754902e-01 9.558824e-01 -7.894553e-06
4.852941e-01 9.558824e-01 -7.192399e-06
4.950980e-01 9.558824e-01 -6.371409e-06
5.049020e-01 9.558824e-01 -5.490393e-06
5.147059e-01 9.558824e-01 -4.604267e-06
5.245098e-01 9.558824e-01 -3.759086e-06
5.343137e-01 9.558824e-01 -2.989083e-06
5.441176e-01 9.558824e-01 -2.315742e-06
5.539216e-01 9.558824e-01 -1.748624e-06
5.637255e-01 9.558824e-01 -1.287385e-06
5.735294e-01 9.558824e-01 -9.244286e-07
5.833333e-01 9.558824e-01 -6.476399e-07
5.931373e-01 9.558824e-01 -4.428200e-07
6.029412e-01 9.558824e-01 -2.955891e-07
6.127451e-01 9.558824e-01 -1.926848e-07
6.225490e-01 9.558824e-01 -1.226963e-07
6.323529e-01 9.558824e-01 -7.634195e-08
6.421569e-01 9.558824e-01 -4.642625e-08
6.519608e-01 9.558824e-01 -2.760258e-08
6.617647e-01 9.558824e-01 -1.604856e-08
6.715686e-01 9.558824e-01 -9.127119e-09
6.813725e-01 9.558824e-01 -5.078741e-09
6.911765e-01 9.558824e-01 -2.765593e-09
7.009804e-01 9.558824e-01 -1.474490e-09
7.107843e-01 9.558824e-01 -7.689589e-10
7.205882e-01 9.558824e-01 -3.945402e-10
7.303922e-01 9.558824e-01 -1.941863e-10
7.401961e-01 9.558824e-01 -1.024668e-10
7.500000e-01 9.558824e-01 -3.470991e-11
7.598039e-01 9.558824e-01 -4.392952e-11
7.696078e-01 9.558824e-01 2.835023e-11
7.794118e-01 9.558824e-01 -6.634034e-11
7.892157e-01 9.558824e-01 8.792737e-11
7.990196e-01 9.558824e-01 -1.172450e-10
8.088235e-01 9.558824e-01 1.283682e-10
8.186275e-01 9.558824e-01 -1.127511e-10
8.284314e-01 9.558824e-01 5.968621e-11
8.382353e-01 9.558824e-01 1.947598e-11
8.480392e-01 9.558824e-01 -9.054144e-11
8.578431e-01 9.558824e-01 1.072845e-10
8.676471e-01 9.558824e-01 -4.744622e-11
8.774510e-01 9.558824e-01 -5.273723e-11
8.872549e-01 9.558824e-01 1.072990e-10
8.970588e-01 9.558824e-01 -5.439168e-11
9.068627e-01 9.558824e-01 -6.069950e-11
9.166667e-01 9.558824e-01 1.054557e-10
9.264706e-01 9.558824e-01 -1.292241e-11
9.362745e-01 9.558824e-01 -1.008337e-10
9.460784e-01 9.558824e-01 6.554456e-11
9.558824e-01 9.558824e-01 7.685264e-11
9.656863e-01 9.558824e-01 -9.237731e-11
9.754902e-01 9.558824e-01 -5.942735e-11
9.852941e-01 9.558824e-01 1.030214e-10
9.950980e-01 9.558824e-01 5.980735e-11
4.901961e-03 9.656863e-01 -1.242044e-10
1.470588e-02 9.656863e-01 -7.182341e-11
2.450980e-02 9.656863e-01 1.235730e-10
3.431373e-02 9.656863e-01 9.739346e-11
4.411765e-02 9.656863e-01 -1.016948e-10
5.392157e-02 9.656863e-01 -1.410867e-10
6.372549e-02 9.656863e-01 3.831291e-11
7.352941e-02 9.656863e-01 1.711005e-10
8.333333e-02 9.656863e-01 7.768305e-11
9.313725e-02 9.656863e-01 -1.196498e-10
1.029412e-01 9.656863e-01 -1.901339e-10
1.127451e-01 9.656863e-01 -6.299296e-11
1.225490e-01 9.656863e-01 1.342745e-10
1.323529e-01 9.656863e-01 2.317395e-10
1.421569e-01 9.656863e-01 1.618862e-10
1.519608e-01 9.656863e-01 -2.108790e-11
1.617647e-01 9.656863e-01 -2.131071e-10
1.715686e-01 9.656863e-01 -3.356446e-10
1.813725e-01 9.656863e-01 -3.644457e-10
1.911765e-01 9.656863e-01 -3.140325e-10
2.009804e-01 9.656863e-01 -2.021613e-10
2.107843e-01 9.656863e-01 -9.332655e-12
2.205882e-01 9.656863e-01 3.720028e-10
2.303922e-01 9.656863e-01 1.221856e-09
2.401961e-01 9.656863e-01 3.145946e-09
2.500000e-01 9.656863e-01 7.339219e-09
2.598039e-01 9.656863e-01 1.599944e-08
2.696078e-01 9.656863e-01 3.291455e-08
2.794118e-01 9.656863e-01 6.420807e-08
2.892157e-01 9.656863e-01 1.191595e-07
2.990196e-01 9.656863e-01 2.109247e-07
3.088235e-01 9.656863e-01 3.568839e-07
3.186275e-01 9.656863e-01 5.782813e-07
3.284314e-01 9.656863e-01 8.988231e-07
3.382353e-01 9.656863e-01 1.342028e-06
3.480392e-01 9.656863e-01 1.927362e-06
3.578431e-01 9.656863e-01 2.665553e-06
3.676471e-01 9.656863e-01 3.553808e-06
3.774510e-01 9.656863e-01 4.571982e-06
3.872549e-01 9.656863e-01 5.680757e-06
3.970588e-01 9.656863e-01 6.822711e-06
4.068627e-01 9.656863e-01 7.926643e-06
4.166667e-01 9.656863e-01 8.914830e-06
4.264706e-01 9.656863e-01 9.712224e-06
4.362745e-01 9.656863e-01 1.025602e-05
4.460784e-01 9.656863e-01 1.050390e-05
4.558824e-01 9.656863e-01 1.043944e-05
4.656863e-01 9.656863e-01 1.007370e-05
4.754902e-01 9.656863e-01 9.442902e-06
4.852941e-01 9.656863e-01 8.602711e-06
4.950980e-01 9.656863e-01 7.620406e-06
5.049020e-01 9.656863e-01 6.566359e-06
5.147059e-01 9.656863e-01 5.506277e-06
5.245098e-01 9.656863e-01 4.495253e-06
5.343137e-01 9.656863e-01 3.574228e-06
5.441176e-01 9.656863e-01 2.768888e-06
5.539216e-01 9.656863e-01 2.090647e-06
5.637255e-01 9.656863e-01 1.539078e-06
5.735294e-01 9.656863e-01 1.105076e-06
5.833333e-01 9.656863e-01 7.741376e-07
5.931373e-01 9.656863e-01 5.292692e-07
6.029412e-01 9.656863e-01 3.532660e-07
6.127451e-01 9.656863e-01 2.302632e-07
6.225490e-01 9.656863e-01 1.466127e-07
6.323529e-01 9.656863e-01 9.121503e-08
6.421569e-01 9.656863e-01 5.546637e-08
6.519608e-01 9.656863e-01 3.297455e-08
6.617647e-01 9.656863e-01 1.917029e-08
6.715686e-01 9.656863e-01 1.090160e-08
6.813725e-01 9.656863e-01 6.065651e-09
6.911765e-01 9.656863e-01 3.302746e-09
7.009804e-01 9.656863e-01 1.760741e-09
7.107843e-01 9.656863e-01 9.181746e-10
7.205882e-01 9.656863e-01 4.710661e-10
7.303922e-01 9.656863e-01 2.318382e-10
7.401961e-01 9.656863e-01 1.223247e-10
7.500000e-01 9.656863e-01 4.143349e-11
7.598039e-01 9.656863e-01 5.245100e-11
7.696078e-01 9.656863e-01 -3.388204e-11
7.794118e-01 9.656863e-01 7.928618e-11
7.892157e-01 9.656863e-01 -1.051519e-10
7.990196e-01 9.656863e-01 1.402803e-10
8.088235e-01 9.656863e-01 -1.536879e-10
8.186275e-01 9.656863e-01 1.350906e-10
8.284314e-01 9.656863e-01 -7.160600e-11
8.382353e-01 9.656863e-01 -2.325623e-11
8.480392e-01 9.656863e-01 1.085521e-10
8.578431e-01 9.656863e-01 -1.287903e-10
8.676471e-01 9.656863e-01 5.709426e-11
8.774510e-01 9.656863e-01 6.322266e-11
8.872549e-01 9.656863e-01 -1.289446e-10
8.970588e-01 9.656863e-01 6.554208e-11
9.068627e-01 9.656863e-01 7.285006e-11
9.166667e-01 9.656863e-01 -1.269129e-10
9.264706e-01 9.656863e-01 1.575511e-11
9.362745e-01 9.656863e-01 1.212923e-10
9.460784e-01 9.656863e-01 -7.909371e-11
9.558824e-01 9.656863e-01 -9.237731e-11
9.656863e-01 9.656863e-01 1.113904e-10
9.754902e-01 9.656863e-01 7.137020e-11
9.852941e-01 9.656863e-01 -1.242044e-10
9.950980e-01 9.656863e-01 -7.182341e-11
4.901961e-03 9.754902e-01 -7.959659e-11
1.470588e-02 9.754902e-01 -4.625681e-11
2.450980e-02 9.754902e-01 7.918441e-11
3.431373e-02 9.754902e-01 6.265496e-11
4.411765e-02 9.754902e-01 -6.512967e-11
5.392157e-02 9.754902e-01 -9.067613e-11
6.372549e-02 9.754902e-01 2.442799e-11
7.352941e-02 9.754902e-01 1.099172e-10
8.333333e-02 9.754902e-01 5.008257e-11
9.313725e-02 9.754902e-01 -7.682516e-11
1.029412e-01 9.754902e-01 -1.223672e-10
1.127451e-01 9.754902e-01 -4.067590e-11
1.225490e-01 9.754902e-01 8.641057e-11
1.323529e-01 9.754902e-01 1.493826e-10
1.421569e-01 9.754902e-01 1.044792e-10
1.519608e-01 9.754902e-01 -1.356751e-11
1.617647e-01 9.754902e-01 -1.376594e-10
1.715686e-01 9.754902e-01 -2.170072e-10
1.813725e-01 9.754902e-01 -2.357907e-10
1.911765e-01 9.754902e-01 -2.032476e-10
2.009804e-01 9.754902e-01 -1.307106e-10
2.107843e-01 9.754902e-01 -5.340546e-12
2.205882e-01 9.754902e-01 2.428922e-10
2.303922e-01 9.754902e-01 7.960443e-10
2.401961e-01 9.754902e-01 2.047641e-09
2.500000e-01 9.754902e-01 4.773529e-09
2.598039e-01 9.754902e-01 1.039986e-08
2.696078e-01 9.754902e-01 2.138340e-08
2.794118e-01 9.754902e-01 4.169402e-08
2.892157e-01 9.754902e-01 7.734527e-08
2.990196e-01 9.754902e-01 1.368597e-07
3.088235e-01 9.754902e-01 2.314933e-07
3.186275e-01 9.754902e-01 3.750002e-07
3.284314e-01 9.754902e-01 5.827248e-07
3.382353e-01 9.754902e-01 8.698850e-07
3.480392e-01 9.754902e-01 1.249073e-06
3.578431e-01 9.754902e-01 1.727219e-06
3.676471e-01 9.754902e-01 2.302502e-06
3.774510e-01 9.754902e-01 2.961872e-06
3.872549e-01 9.754902e-01 3.679870e-06
3.970588e-01 9.754902e-01 4.419322e-06
4.068627e-01 9.754902e-01 5.134140e-06
4.166667e-01 9.754902e-01 5.774017e-06
4.264706e-01 9.754902e-01 6.290372e-06
4.362745e-01 9.754902e-01 6.642551e-06
4.460784e-01 9.754902e-01 6.803156e-06
4.558824e-01 9.754902e-01 6.761541e-06
4.656863e-01 9.754902e-01 6.524854e-06
4.754902e-01 9.754902e-01 6.116523e-06
4.852941e-01 9.754902e-01 5.572573e-06
4.950980e-01 9.754902e-01 4.936549e-06
5.049020e-01 9.754902e-01 4.254007e-06
5.147059e-01 9.754902e-01 3.567492e-06
5.245098e-01 9.754902e-01 2.912683e-06
5.343137e-01 9.754902e-01 2.316104e-06
5.441176e-01 9.754902e-01 1.794404e-06
5.539216e-01 9.754902e-01 1.354993e-06
5.637255e-01 9.754902e-01 9.976086e-07
5.735294e-01 9.754902e-01 7.163688e-07
5.833333e-01 9.754902e-01 5.018904e-07
5.931373e-01 9.754902e-01 3.431744e-07
6.029412e-01 9.754902e-01 2.290809e-07
6.127451e-01 9.754902e-01 1.493348e-07
6.225490e-01 9.754902e-01 9.509505e-08
6.323529e-01 9.754902e-01 5.917023e-08
6.421569e-01 9.754902e-01 3.598463e-08
6.519608e-01 9.754902e-01 2.139522e-08
6.617647e-01 9.754902e-01 1.243989e-08
6.715686e-01 9.754902e-01 7.075018e-09
6.813725e-01 9.754902e-01 3.936980e-09
6.911765e-01 9.754902e-01 2.143919e-09
7.009804e-01 9.754902e-01 1.143074e-09
7.107843e-01 9.754902e-01 5.961398e-10
7.205882e-01 9.754902e-01 3.058782e-10
7.303922e-01 9.754902e-01 1.505517e-10
7.401961e-01 9.754902e-01 7.944452e-11
7.500000e-01 9.754902e-01 2.691236e-11
7.598039e-01 9.754902e-01 3.405721e-11
7.696078e-01 9.754902e-01 -2.197075e-11
7.794118e-01 9.754902e-01 5.141284e-11
7.892157e-01 9.754902e-01 -6.812704e-11
7.990196e-01 9.754902e-01 9.082779e-11
8.088235e-01 9.754902e-01 -9.942302e-11
8.186275e-01 9.754902e-01 8.730658e-11
8.284314e-01 9.754902e-01 -4.619913e-11
8.382353e-01 9.754902e-01 -1.509157e-11
8.480392e-01 9.754902e-01 7.008527e-11
8.578431e-01 9.754902e-01 -8.301432e-11
8.676471e-01 9.754902e-01 3.668820e-11
8.774510e-01 9.754902e-01 4.081741e-11
8.872549e-01 9.754902e-01 -8.299112e-11
8.970588e-01 9.754902e-01 4.203768e-11
9.068627e-01 9.754902e-01 4.696113e-11
9.166667e-01 9.754902e-01 -8.152535e-11
9.264706e-01 9.754902e-01 9.954672e-12
9.362745e-01 9.754902e-01 7.795827e-11
9.460784e-01 9.754902e-01 -5.063055e-11
9.558824e-01 9.754902e-01 -5.942735e-11
9.656863e-01 9.754902e-01 7.137020e-11
9.754902e-01 9.754902e-01 4.596271e-11
9.852941e-01 9.754902e-01 -7.959659e-11
9.950980e-01 9.754902e-01 -4.625681e-11
4.901961e-03 9.852941e-01 1.384932e-10
1.470588e-02 9.852941e-01 8.010200e-11
2.450980e-02 9.852941e-01 -1.377891e-10
3.431373e-02 9.852941e-01 -1.086148e-10
4.411765e-02 9.852941e-01 1.133929e-10
5.392157e-02 9.852941e-01 1.573382e-10
6.372549e-02 9.852941e-01 -4.271414e-11
7.352941e-02 9.852941e-01 -1.908098e-10
8.333333e-02 9.852941e-01 -8.664304e-11
9.313725e-02 9.852941e-01 1.334345e-10
1.029412e-01 9.852941e-01 2.120583e-10
1.127451e-01 9.852941e-01 7.026425e-11
1.225490e-01 9.852941e-01 -1.497653e-10
1.323529e-01 9.852941e-01 -2.584910e-10
1.421569e-01 9.852941e-01 -1.805822e-10
1.519608e-01 9.852941e-01 2.352672e-11
1.617647e-01 9.852941e-01 2.377451e-10
1.715686e-01 9.852941e-01 3.744646e-10
1.813725e-01 9.852941e-01 4.066122e-10
1.911765e-01 9.852941e-01 3.503737e-10
2.009804e-01 9.852941e-01 2.255429e-10
2.107843e-01 9.852941e-01 1.033937e-11
2.205882e-01 9.852941e-01 -4.152803e-10
2.303922e-01 9.852941e-01 -1.363826e-09
2.401961e-01 9.852941e-01 -3.511287e-09
2.500000e-01 9.852941e-01 -8.191183e-09
2.598039e-01 9.852941e-01 -1.785606e-08
2.696078e-01 9.852941e-01 -3.673284e-08
2.794118e-01 9.852941e-01 -7.165451e-08
2.892157e-01 9.852941e-01 -1.329755e-07
2.990196e-01 9.852941e-01 -2.353749e-07
3.088235e-01 9.852941e-01 -3.982455e-07
3.186275e-01 9.852941e-01 -6.452904e-07
3.284314e-01 9.852941e-01 -1.002960e-06
3.382353e-01 9.852941e-01 -1.497493e-06
3.480392e-01 9.852941e-01 -2.150609e-06
3.578431e-01 9.852941e-01 -2.974274e-06
3.676471e-01 9.852941e-01 -3.965371e-06
3.774510e-01 9.852941e-01 -5.101421e-06
3.872549e-01 9.852941e-01 -6.338555e-06
3.970588e-01 9.852941e-01 -7.612704e-06
4.068627e-01 9.852941e-01 -8.844424e-06
4.166667e-01 9.852941e-01 -9.947000e-06
4.264706e-01 9.852941e-01 -1.083670e-05
4.362745e-01 9.852941e-01 -1.144344e-05
4.460784e-01 9.852941e-01 -1.172002e-05
4.558824e-01 9.852941e-01 -1.164810e-05
4.656863e-01 9.852941e-01 -1.124003e-05
4.754902e-01 9.852941e-01 -1.053622e-05
4.852941e-01 9.852941e-01 -9.598769e-06
4.950980e-01 9.852941e-01 -8.502753e-06
5.049020e-01 9.852941e-01 -7.326687e-06
5.147059e-01 9.852941e-01 -6.143880e-06
5.245098e-01 9.852941e-01 -5.015807e-06
5.343137e-01 9.852941e-01 -3.988145e-06
5.441176e-01 9.852941e-01 -3.089557e-06
5.539216e-01 9.852941e-01 -2.332782e-06
5.637255e-01 9.852941e-01 -1.717341e-06
5.735294e-01 9.852941e-01 -1.233079e-06
5.833333e-01 9.852941e-01 -8.638124e-07
5.931373e-01 9.852941e-01 -5.905827e-07
6.029412e-01 9.852941e-01 -3.941930e-07
6.127451e-01 9.852941e-01 -2.569417e-07
6.225490e-01 9.852941e-01 -1.636005e-07
6.323529e-01 9.852941e-01 -1.017847e-07
6.421569e-01 9.852941e-01 -6.189405e-08
6.519608e-01 9.852941e-01 -3.679605e-08
6.617647e-01 9.852941e-01 -2.139213e-08
6.715686e-01 9.852941e-01 -1.216518e-08
6.813725e-01 9.852941e-01 -6.768755e-09
6.911765e-01 9.852941e-01 -3.685612e-09
7.009804e-01 9.852941e-01 -1.964864e-09
7.107843e-01 9.852941e-01 -1.024626e-09
7.205882e-01 9.852941e-01 -5.256837e-10
7.303922e-01 9.852941e-01 -2.587198e-10
7.401961e-01 9.852941e-01 -1.365093e-10
7.500000e-01 9.852941e-01 -4.623839e-11
7.598039e-01 9.852941e-01 -5.853229e-11
7.696078e-01 9.852941e-01 3.780722e-11
7.794118e-01 9.852941e-01 -8.847140e-11
7.892157e-01 9.852941e-01 1.173274e-10
7.990196e-01 9.852941e-01 -1.565173e-10
8.088235e-01 9.852941e-01 1.714683e-10
8.186275e-01 9.852941e-01 -1.507112e-10
8.284314e-01 9.852941e-01 7.987934e-11
8.382353e-01 9.852941e-01 2.594836e-11
8.480392e-01 9.852941e-01 -1.210928e-10
8.578431e-01 9.852941e-01 1.436575e-10
8.676471e-01 9.852941e-01 -6.367643e-11
8.774510e-01 9.852941e-01 -7.052315e-11
8.872549e-01 9.852941e-01 1.438146e-10
8.970588e-01 9.852941e-01 -7.308931e-11
9.068627e-01 9.852941e-01 -8.125420e-11
9.166667e-01 9.852941e-01 1.415323e-10
9.264706e-01 9.852941e-01 -1.755815e-11
9.362745e-01 9.852941e-01 -1.352648e-10
9.460784e-01 9.852941e-01 8.818997e-11
9.558824e-01 9.852941e-01 1.030214e-10
9.656863e-01 9.852941e-01 -1.242044e-10
9.754902e-01 9.852941e-01 -7.959659e-11
9.852941e-01 9.852941e-01 1.384932e-10
9.950980e-01 9.852941e-01 8.010200e-11
4.901961e-03 9.950980e-01 8.010200e-11
1.470588e-02 9.950980e-01 4.655267e-11
2.450980e-02 9.950980e-01 -7.968734e-11
3.431373e-02 9.950980e-01 -6.305527e-11
4.411765e-02 9.950980e-01 6.554374e-11
5.392157e-02 9.950980e-01 9.125560e-11
6.372549e-02 9.950980e-01 -2.458311e-11
7.352941e-02 9.950980e-01 -1.106212e-10
8.333333e-02 9.950980e-01 -5.040466e-11
9.313725e-02 9.950980e-01 7.731948e-11
1.029412e-01 9.950980e-01 1.231569e-10
1.127451e-01 9.950980e-01 4.093862e-11
1.225490e-01 9.950980e-01 -8.697234e-11
1.323529e-01 9.950980e-01 -1.503556e-10
1.421569e-01 9.950980e-01 -1.051605e-10
1.519608e-01 9.950980e-01 1.365919e-11
1.617647e-01 9.950980e-01 1.385683e-10
1.715686e-01 9.950980e-01 2.184424e-10
1.813725e-01 9.950980e-01 2.373536e-10
1.911765e-01 9.950980e-01 2.045964e-10
2.009804e-01 9.950980e-01 1.315736e-10
2.107843e-01 9.950980e-01 5.353034e-12
2.205882e-01 9.950980e-01 -2.445745e-10
2.303922e-01 9.950980e-01 -8.015035e-10
2.401961e-01 9.950980e-01 -2.061626e-09
2.500000e-01 9.950980e-01 -4.806029e-09
2.598039e-01 9.950980e-01 -1.047047e-08
2.696078e-01 9.950980e-01 -2.152824e-08
2.794118e-01 9.950980e-01 -4.197581e-08
2.892157e-01 9.950980e-01 -7.786698e-08
2.990196e-01 9.950980e-01 -1.377812e-07
3.088235e-01 9.950980e-01 -2.330496e-07
3.186275e-01 9.950980e-01 -3.775178e-07
3.284314e-01 9.950980e-01 -5.866322e-07
3.382353e-01 9.950980e-01 -8.757117e-07
3.480392e-01 9.950980e-01 -1.257431e-06
3.578431e-01 9.950980e-01 -1.738767e-06
3.676471e-01 9.950980e-01 -2.317887e-06
3.774510e-01 9.950980e-01 -2.981650e-06
3.872549e-01 9.950980e-01 -3.704429e-06
3.970588e-01 9.950980e-01 -4.448804e-06
4.068627e-01 9.950980e-01 -5.168379e-06
4.166667e-01 9.950980e-01 -5.812512e-06
4.264706e-01 9.950980e-01 -6.332302e-06
4.362745e-01 9.950980e-01 -6.686822e-06
4.460784e-01 9.950980e-01 -6.848494e-06
4.558824e-01 9.950980e-01 -6.806600e-06
4.656863e-01 9.950980e-01 -6.568337e-06
4.754902e-01 9.950980e-01 -6.157289e-06
4.852941e-01 9.950980e-01 -5.609718e-06
4.950980e-01 9.950980e-01 -4.969460e-06
5.049020e-01 9.950980e-01 -4.282374e-06
5.147059e-01 9.950980e-01 -3.591287e-06
5.245098e-01 9.950980e-01 -2.932116e-06
5.343137e-01 9.950980e-01 -2.331562e-06
5.441176e-01 9.950980e-01 -1.806384e-06
5.539216e-01 9.950980e-01 -1.364043e-06
5.637255e-01 9.950980e-01 -1.004274e-06
5.735294e-01 9.950980e-01 -7.211572e-07
5.833333e-01 9.950980e-01 -5.052466e-07
5.931373e-01 9.950980e-01 -3.454704e-07
6.029412e-01 9.950980e-01 -2.306142e-07
6.127451e-01 9.950980e-01 -1.503348e-07
6.225490e-01 9.950980e-01 -9.573222e-08
6.323529e-01 9.950980e-01 -5.956689e-08
6.421569e-01 9.950980e-01 -3.622599e-08
6.519608e-01 9.950980e-01 -2.153880e-08
6.617647e-01 9.950980e-01 -1.252342e-08
6.715686e-01 9.950980e-01 -7.122548e-09
6.813725e-01 9.950980e-01 -3.963442e-09
6.911765e-01 9.950980e-01 -2.158337e-09
7.009804e-01 9.950980e-01 -1.150766e-09
7.107843e-01 9.950980e-01 -6.001529e-10
7.205882e-01 9.950980e-01 -3.079384e-10
7.303922e-01 9.950980e-01 -1.515661e-10
7.401961e-01 9.950980e-01 -7.998011e-11
7.500000e-01 9.950980e-01 -2.709395e-11
7.598039e-01 9.950980e-01 -3.428653e-11
7.696078e-01 9.950980e-01 2.211768e-11
7.794118e-01 9.950980e-01 -5.175681e-11
7.892157e-01 9.950980e-01 6.858109e-11
7.990196e-01 9.950980e-01 -9.143154e-11
8.088235e-01 9.950980e-01 1.000817e-10
8.186275e-01 9.950980e-01 -8.788302e-11
8.284314e-01 9.950980e-01 4.650290e-11
8.382353e-01 9.950980e-01 1.519100e-11
8.480392e-01 9.950980e-01 -7.054385e-11
8.578431e-01 9.950980e-01 8.355521e-11
8.676471e-01 9.950980e-01 -3.692580e-11
8.774510e-01 9.950980e-01 -4.108268e-11
8.872549e-01 9.950980e-01 8.352724e-11
8.970588e-01 9.950980e-01 -4.230740e-11
9.068627e-01 9.950980e-01 -4.726408e-11
9.166667e-01 9.950980e-01 8.204776e-11
9.264706e-01 9.950980e-01 -1.001673e-11
9.362745e-01 9.950980e-01 -7.845697e-11
9.460784e-01 9.950980e-01 5.095206e-11
9.558824e-01 9.950980e-01 5.980735e-11
9.656863e-01 9.950980e-01 -7.182341e-11
9.754902e-01 9.950980e-01 -4.625681e-11
9.852941e-01 9.950980e-01 8.010200e-11
9.950980e-01 9.950980e-01 4.655267e-11
