TITLE = "2D Linear Advection"
VARIABLES = "x" "y" "u"
ZONE I=102, J=102, F=POINT
4.901961e-03 4.901961e-03 1.716067e-04
1.470588e-02 4.901961e-03 1.012762e-04
2.450980e-02 4.901961e-03 -1.673395e-04
3.431373e-02 4.901961e-03 -1.158056e-04
4.411765e-02 4.901961e-03 1.448983e-04
5.392157e-02 4.901961e-03 1.371847e-04
6.372549e-02 4.901961e-03 -1.021972e-04
7.352941e-02 4.901961e-03 -1.535273e-04
8.333333e-02 4.901961e-03 4.147391e-05
9.313725e-02 4.901961e-03 1.495394e-04
1.029412e-01 4.901961e-03 2.555505e-05
1.127451e-01 4.901961e-03 -1.141697e-04
1.225490e-01 4.901961e-03 -7.696561e-05
1.323529e-01 4.901961e-03 5.134504e-05
1.421569e-01 4.901961e-03 8.989788e-05
1.519608e-01 4.901961e-03 1.466873e-05
1.617647e-01 4.901961e-03 -5.858308e-05
1.715686e-01 4.901961e-03 -5.046669e-05
1.813725e-01 4.901961e-03 6.502338e-06
1.911765e-01 4.901961e-03 4.049216e-05
2.009804e-01 4.901961e-03 2.693057e-05
2.107843e-01 4.901961e-03 -5.533154e-06
2.205882e-01 4.901961e-03 -2.230692e-05
2.303922e-01 4.901961e-03 -1.575405e-05
2.401961e-01 4.901961e-03 -1.669011e-07
2.500000e-01 4.901961e-03 9.377870e-06
2.598039e-01 4.901961e-03 8.924553e-06
2.696078e-01 4.901961e-03 3.260803e-06
2.794118e-01 4.901961e-03 -1.704465e-06
2.892157e-01 4.901961e-03 -3.443444e-06
2.990196e-01 4.901961e-03 -2.652425e-06
3.088235e-01 4.901961e-03 -1.083670e-06
3.186275e-01 4.901961e-03 9.107933e-08
3.284314e-01 4.901961e-03 6.465850e-07
3.382353e-01 4.901961e-03 8.760532e-07
3.480392e-01 4.901961e-03 1.026455e-06
3.578431e-01 4.901961e-03 9.690057e-07
3.676471e-01 4.901961e-03 2.302668e-07
3.774510e-01 4.901961e-03 -1.609243e-06
3.872549e-01 4.901961e-03 -4.270792e-06
3.970588e-01 4.901961e-03 -6.225051e-06
4.068627e-01 4.901961e-03 -4.758250e-06
4.166667e-01 4.901961e-03 2.888519e-06
4.264706e-01 4.901961e-03 1.734409e-05
4.362745e-01 4.901961e-03 3.473348e-05
4.460784e-01 4.901961e-03 4.562323e-05
4.558824e-01 4.901961e-03 3.680806e-05
4.656863e-01 4.901961e-03 -3.534918e-06
4.754902e-01 4.901961e-03 -7.856622e-05
4.852941e-01 4.901961e-03 -1.763486e-04
4.950980e-01 4.901961e-03 -2.678719e-04
5.049020e-01 4.901961e-03 -3.120387e-04
5.147059e-01 4.901961e-03 -2.674196e-04
5.245098e-01 4.901961e-03 -1.074026e-04
5.343137e-01 4.901961e-03 1.667838e-04
5.441176e-01 4.901961e-03 5.206258e-04
5.539216e-01 4.901961e-03 8.914533e-04
5.637255e-01 4.901961e-03 1.203239e-03
5.735294e-01 4.901961e-03 1.386489e-03
5.833333e-01 4.901961e-03 1.396778e-03
5.931373e-01 4.901961e-03 1.225962e-03
6.029412e-01 4.901961e-03 9.031937e-04
6.127451e-01 4.901961e-03 4.856551e-04
6.225490e-01 4.901961e-03 4.356838e-05
6.323529e-01 4.901961e-03 -3.566801e-04
6.421569e-01 4.901961e-03 -6.659986e-04
6.519608e-01 4.901961e-03 -8.579411e-04
6.617647e-01 4.901961e-03 -9.327936e-04
6.715686e-01 4.901961e-03 -9.060161e-04
6.813725e-01 4.901961e-03 -8.073723e-04
6.911765e-01 4.901961e-03 -6.704548e-04
7.009804e-01 4.901961e-03 -5.164048e-04
7.107843e-01 4.901961e-03 -3.769488e-04
7.205882e-01 4.901961e-03 -2.569383e-04
7.303922e-01 4.901961e-03 -1.561918e-04
7.401961e-01 4.901961e-03 -9.858717e-05
7.500000e-01 4.901961e-03 -4.816000e-05
7.598039e-01 4.901961e-03 -1.111726e-05
7.696078e-01 4.901961e-03 -1.856741e-05
7.794118e-01 4.901961e-03 5.511233e-06
7.892157e-01 4.901961e-03 2.189096e-05
7.990196e-01 4.901961e-03 -2.113258e-05
8.088235e-01 4.901961e-03 8.167842e-06
8.186275e-01 4.901961e-03 3.743282e-05
8.284314e-01 4.901961e-03 -3.824889e-05
8.382353e-01 4.901961e-03 -9.638766e-06
8.480392e-01 4.901961e-03 6.614052e-05
8.578431e-01 4.901961e-03 -3.698281e-05
8.676471e-01 4.901961e-03 -5.886260e-05
8.774510e-01 4.901961e-03 8.846604e-05
8.872549e-01 4.901961e-03 2.138789e-05
8.970588e-01 4.901961e-03 -1.217239e-04
9.068627e-01 4.901961e-03 3.353028e-05
9.166667e-01 4.901961e-03 1.312658e-04
9.264706e-01 4.901961e-03 -8.829073e-05
9.362745e-01 4.901961e-03 -1.229624e-04
9.460784e-01 4.901961e-03 1.317399e-04
9.558824e-01 4.901961e-03 1.086169e-04
9.656863e-01 4.901961e-03 -1.596377e-04
9.754902e-01 4.901961e-03 -9.917401e-05
9.852941e-01 4.901961e-03 1.716067e-04
9.950980e-01 4.901961e-03 1.012762e-04
4.901961e-03 1.470588e-02 1.012762e-04
1.470588e-02 1.470588e-02 -1.715338e-04
2.450980e-02 1.470588e-02 -1.098805e-04
3.431373e-02 1.470588e-02 1.582474e-04
4.411765e-02 1.470588e-02 1.288118e-04
5.392157e-02 1.470588e-02 -1.253292e-04
6.372549e-02 1.470588e-02 -1.491239e-04
7.352941e-02 1.470588e-02 7.230154e-05
8.333333e-02 1.470588e-02 1.565249e-04
9.313725e-02 1.470588e-02 -5.847155e-06
1.029412e-01 1.470588e-02 -1.366213e-04
1.127451e-01 1.470588e-02 -5.653127e-05
1.225490e-01 1.470588e-02 8.479019e-05
1.323529e-01 1.470588e-02 9.044501e-05
1.421569e-01 1.470588e-02 -1.564191e-05
1.519608e-01 1.470588e-02 -7.936331e-05
1.617647e-01 1.470588e-02 -3.903676e-05
1.715686e-01 1.470588e-02 3.230632e-05
1.813725e-01 1.470588e-02 5.118465e-05
1.911765e-01 1.470588e-02 1.524341e-05
2.009804e-01 1.470588e-02 -2.348856e-05
2.107843e-01 1.470588e-02 -2.921431e-05
2.205882e-01 1.470588e-02 -9.017933e-06
2.303922e-01 1.470588e-02 1.088495e-05
2.401961e-01 1.470588e-02 1.532111e-05
2.500000e-01 1.470588e-02 7.469055e-06
2.598039e-01 1.470588e-02 -1.968441e-06
2.696078e-01 1.470588e-02 -6.148181e-06
2.794118e-01 1.470588e-02 -4.966934e-06
2.892157e-01 1.470588e-02 -1.717834e-06
2.990196e-01 1.470588e-02 7.841700e-07
3.088235e-01 1.470588e-02 1.669949e-06
3.186275e-01 1.470588e-02 1.448283e-06
3.284314e-01 1.470588e-02 9.009314e-07
3.382353e-01 1.470588e-02 4.098086e-07
3.480392e-01 1.470588e-02 -1.122803e-07
3.578431e-01 1.470588e-02 -9.011808e-07
3.676471e-01 1.470588e-02 -1.894580e-06
3.774510e-01 1.470588e-02 -2.410457e-06
3.872549e-01 1.470588e-02 -1.221048e-06
3.970588e-01 1.470588e-02 2.771469e-06
4.068627e-01 1.470588e-02 9.334453e-06
4.166667e-01 1.470588e-02 1.572696e-05
4.264706e-01 1.470588e-02 1.648587e-05
4.362745e-01 1.470588e-02 5.056768e-06
4.460784e-01 1.470588e-02 -2.259138e-05
4.558824e-01 1.470588e-02 -6.347868e-05
4.656863e-01 1.470588e-02 -1.045057e-04
4.754902e-01 1.470588e-02 -1.232166e-04
4.852941e-01 1.470588e-02 -9.377953e-05
4.950980e-01 1.470588e-02 2.778613e-06
5.049020e-01 1.470588e-02 1.675287e-04
5.147059e-01 1.470588e-02 3.765791e-04
5.245098e-01 1.470588e-02 5.820564e-04
5.343137e-01 1.470588e-02 7.223987e-04
5.441176e-01 1.470588e-02 7.394765e-04
5.539216e-01 1.470588e-02 5.970011e-04
5.637255e-01 1.470588e-02 2.937298e-04
5.735294e-01 1.470588e-02 -1.333233e-04
5.833333e-01 1.470588e-02 -6.169759e-04
5.931373e-01 1.470588e-02 -1.076486e-03
6.029412e-01 1.470588e-02 -1.437271e-03
6.127451e-01 1.470588e-02 -1.647798e-03
6.225490e-01 1.470588e-02 -1.688497e-03
6.323529e-01 1.470588e-02 -1.572875e-03
6.421569e-01 1.470588e-02 -1.338380e-03
6.519608e-01 1.470588e-02 -1.036529e-03
6.617647e-01 1.470588e-02 -7.188515e-04
6.715686e-01 1.470588e-02 -4.259325e-04
6.813725e-01 1.470588e-02 -1.889527e-04
6.911765e-01 1.470588e-02 -1.454095e-05
7.009804e-01 1.470588e-02 9.480758e-05
7.107843e-01 1.470588e-02 1.461549e-04
7.205882e-01 1.470588e-02 1.667851e-04
7.303922e-01 1.470588e-02 1.513789e-04
7.401961e-01 1.470588e-02 1.240807e-04
7.500000e-01 1.470588e-02 1.086034e-04
7.598039e-01 1.470588e-02 6.632761e-05
7.696078e-01 1.470588e-02 4.461522e-05
7.794118e-01 1.470588e-02 5.076755e-05
7.892157e-01 1.470588e-02 5.567430e-06
7.990196e-01 1.470588e-02 1.928179e-06
8.088235e-01 1.470588e-02 4.060277e-05
8.186275e-01 1.470588e-02 -1.800581e-05
8.284314e-01 1.470588e-02 -2.568097e-05
8.382353e-01 1.470588e-02 5.695963e-05
8.480392e-01 1.470588e-02 -1.034306e-05
8.578431e-01 1.470588e-02 -6.741695e-05
8.676471e-01 1.470588e-02 6.383523e-05
8.774510e-01 1.470588e-02 4.479507e-05
8.872549e-01 1.470588e-02 -1.084812e-04
8.970588e-01 1.470588e-02 3.689320e-06
9.068627e-01 1.470588e-02 1.306000e-04
9.166667e-01 1.470588e-02 -6.066504e-05
9.264706e-01 1.470588e-02 -1.305603e-04
9.362745e-01 1.470588e-02 1.111271e-04
9.460784e-01 1.470588e-02 1.181257e-04
9.558824e-01 1.470588e-02 -1.473984e-04
9.656863e-01 1.470588e-02 -1.053243e-04
9.754902e-01 1.470588e-02 1.675459e-04
9.852941e-01 1.470588e-02 1.012762e-04
9.950980e-01 1.470588e-02 -1.715338e-04
4.901961e-03 2.450980e-02 -1.673395e-04
1.470588e-02 2.450980e-02 -1.098805e-04
2.450980e-02 2.450980e-02 1.626457e-04
3.431373e-02 2.450980e-02 1.238251e-04
4.411765e-02 2.450980e-02 -1.392196e-04
5.392157e-02 2.450980e-02 -1.437046e-04
6.372549e-02 2.450980e-02 9.539428e-05
7.352941e-02 2.450980e-02 1.575678e-04
8.333333e-02 2.450980e-02 -3.409571e-05
9.313725e-02 2.450980e-02 -1.503832e-04
1.029412e-01 2.450980e-02 -3.223044e-05
1.127451e-01 2.450980e-02 1.118909e-04
1.225490e-01 2.450980e-02 8.135562e-05
1.323529e-01 2.450980e-02 -4.719325e-05
1.421569e-01 2.450980e-02 -9.102348e-05
1.519608e-01 2.450980e-02 -1.855954e-05
1.617647e-01 2.450980e-02 5.695249e-05
1.715686e-01 2.450980e-02 5.225126e-05
1.813725e-01 2.450980e-02 -4.058329e-06
1.911765e-01 2.450980e-02 -3.994503e-05
2.009804e-01 2.450980e-02 -2.819753e-05
2.107843e-01 2.450980e-02 4.145690e-06
2.205882e-01 2.450980e-02 2.198446e-05
2.303922e-01 2.450980e-02 1.636593e-05
2.401961e-01 2.450980e-02 9.120115e-07
2.500000e-01 2.450980e-02 -9.068043e-06
2.598039e-01 2.450980e-02 -9.073044e-06
2.696078e-01 2.450980e-02 -3.580480e-06
2.794118e-01 2.450980e-02 1.472891e-06
2.892157e-01 2.450980e-02 3.382363e-06
2.990196e-01 2.450980e-02 2.709176e-06
3.088235e-01 2.450980e-02 1.173130e-06
3.186275e-01 2.450980e-02 -2.140908e-08
3.284314e-01 2.450980e-02 -6.084656e-07
3.382353e-01 2.450980e-02 -8.632766e-07
3.480392e-01 2.450980e-02 -1.037901e-06
3.578431e-01 2.450980e-02 -1.014557e-06
3.676471e-01 2.450980e-02 -3.158578e-07
3.774510e-01 2.450980e-02 1.509524e-06
3.872549e-01 2.450980e-02 4.236172e-06
3.970588e-01 2.450980e-02 6.376349e-06
4.068627e-01 2.450980e-02 5.192413e-06
4.166667e-01 2.450980e-02 -2.210959e-06
4.264706e-01 2.450980e-02 -1.670953e-05
4.362745e-01 2.450980e-02 -3.469915e-05
4.460784e-01 2.450980e-02 -4.687200e-05
4.558824e-01 2.450980e-02 -3.981091e-05
4.656863e-01 2.450980e-02 -1.033736e-06
4.754902e-01 2.450980e-02 7.364737e-05
4.852941e-01 2.450980e-02 1.733785e-04
4.950980e-01 2.450980e-02 2.698099e-04
5.049020e-01 2.450980e-02 3.216112e-04
5.147059e-01 2.450980e-02 2.859812e-04
5.245098e-01 2.450980e-02 1.339448e-04
5.343137e-01 2.450980e-02 -1.360619e-04
5.441176e-01 2.450980e-02 -4.919224e-04
5.539216e-01 2.450980e-02 -8.721561e-04
5.637255e-01 2.450980e-02 -1.200216e-03
5.735294e-01 2.450980e-02 -1.404370e-03
5.833333e-01 2.450980e-02 -1.436759e-03
5.931373e-01 2.450980e-02 -1.285450e-03
6.029412e-01 2.450980e-02 -9.763855e-04
6.127451e-01 2.450980e-02 -5.648291e-04
6.225490e-01 2.450980e-02 -1.206741e-04
6.323529e-01 2.450980e-02 2.885089e-04
6.421569e-01 2.450980e-02 6.114715e-04
6.519608e-01 2.450980e-02 8.191371e-04
6.617647e-01 2.450980e-02 9.093862e-04
6.715686e-01 2.450980e-02 8.959222e-04
6.813725e-01 2.450980e-02 8.073027e-04
6.911765e-01 2.450980e-02 6.771213e-04
7.009804e-01 2.450980e-02 5.266042e-04
7.107843e-01 2.450980e-02 3.880735e-04
7.205882e-01 2.450980e-02 2.677597e-04
7.303922e-01 2.450980e-02 1.652174e-04
7.401961e-01 2.450980e-02 1.056265e-04
7.500000e-01 2.450980e-02 5.394259e-05
7.598039e-01 2.450980e-02 1.450270e-05
7.696078e-01 2.450980e-02 2.085524e-05
7.794118e-01 2.450980e-02 -3.088316e-06
7.892157e-01 2.450980e-02 -2.175654e-05
7.990196e-01 2.450980e-02 2.129368e-05
8.088235e-01 2.450980e-02 -6.266265e-06
8.186275e-01 2.450980e-02 -3.849195e-05
8.284314e-01 2.450980e-02 3.715789e-05
8.382353e-01 2.450980e-02 1.242226e-05
8.480392e-01 2.450980e-02 -6.692017e-05
8.578431e-01 2.450980e-02 3.387448e-05
8.676471e-01 2.450980e-02 6.217378e-05
8.774510e-01 2.450980e-02 -8.665171e-05
8.872549e-01 2.450980e-02 -2.669932e-05
8.970588e-01 2.450980e-02 1.223599e-04
9.068627e-01 2.450980e-02 -2.736474e-05
9.166667e-01 2.450980e-02 -1.346681e-04
9.264706e-01 2.450980e-02 8.232640e-05
9.362745e-01 2.450980e-02 1.287517e-04
9.460784e-01 2.450980e-02 -1.265262e-04
9.558824e-01 2.450980e-02 -1.160919e-04
9.656863e-01 2.450980e-02 1.551349e-04
9.754902e-01 2.450980e-02 1.075801e-04
9.852941e-01 2.450980e-02 -1.673395e-04
9.950980e-01 2.450980e-02 -1.098805e-04
4.901961e-03 3.431373e-02 -1.158056e-04
1.470588e-02 3.431373e-02 1.582474e-04
2.450980e-02 3.431373e-02 1.238251e-04
3.431373e-02 3.431373e-02 -1.438319e-04
4.411765e-02 3.431373e-02 -1.402142e-04
5.392157e-02 3.431373e-02 1.095199e-04
6.372549e-02 3.431373e-02 1.560065e-04
7.352941e-02 3.431373e-02 -5.598222e-05
8.333333e-02 3.431373e-02 -1.574089e-04
9.313725e-02 3.431373e-02 -8.764651e-06
1.029412e-01 3.431373e-02 1.314345e-04
1.127451e-01 3.431373e-02 6.649975e-05
1.225490e-01 3.431373e-02 -7.565352e-05
1.323529e-01 3.431373e-02 -9.368036e-05
1.421569e-01 3.431373e-02 6.590322e-06
1.519608e-01 3.431373e-02 7.641786e-05
1.617647e-01 3.431373e-02 4.401324e-05
1.715686e-01 3.431373e-02 -2.677192e-05
1.813725e-01 3.431373e-02 -5.087329e-05
1.911765e-01 3.431373e-02 -1.893134e-05
2.009804e-01 3.431373e-02 2.042263e-05
2.107843e-01 3.431373e-02 2.923890e-05
2.205882e-01 3.431373e-02 1.105665e-05
2.303922e-01 3.431373e-02 -9.143489e-06
2.401961e-01 3.431373e-02 -1.504608e-05
2.500000e-01 3.431373e-02 -8.274901e-06
2.598039e-01 3.431373e-02 1.050042e-06
2.696078e-01 3.431373e-02 5.726434e-06
2.794118e-01 3.431373e-02 5.060979e-06
2.892157e-01 3.431373e-02 2.037205e-06
2.990196e-01 3.431373e-02 -5.066136e-07
3.088235e-01 3.431373e-02 -1.538257e-06
3.186275e-01 3.431373e-02 -1.438892e-06
3.284314e-01 3.431373e-02 -9.540767e-07
3.382353e-01 3.431373e-02 -4.892857e-07
3.480392e-01 3.431373e-02 1.455911e-08
3.578431e-01 3.431373e-02 7.984704e-07
3.676471e-01 3.431373e-02 1.843310e-06
3.774510e-01 3.431373e-02 2.516372e-06
3.872549e-01 3.431373e-02 1.584673e-06
3.970588e-01 3.431373e-02 -2.170751e-06
4.068627e-01 3.431373e-02 -8.766797e-06
4.166667e-01 3.431373e-02 -1.575379e-05
4.264706e-01 3.431373e-02 -1.780502e-05
4.362745e-01 3.431373e-02 -8.105574e-06
4.460784e-01 3.431373e-02 1.818175e-05
4.558824e-01 3.431373e-02 5.932644e-05
4.656863e-01 3.431373e-02 1.034867e-04
4.754902e-01 3.431373e-02 1.287859e-04
4.852941e-01 3.431373e-02 1.086132e-04
4.950980e-01 3.431373e-02 2.154043e-05
5.049020e-01 3.431373e-02 -1.373109e-04
5.147059e-01 3.431373e-02 -3.481948e-04
5.245098e-01 3.431373e-02 -5.662831e-04
5.343137e-01 3.431373e-02 -7.306007e-04
5.441176e-01 3.431373e-02 -7.804211e-04
5.539216e-01 3.431373e-02 -6.739391e-04
5.637255e-01 3.431373e-02 -4.027253e-04
5.735294e-01 3.431373e-02 3.204368e-06
5.833333e-01 3.431373e-02 4.816084e-04
5.931373e-01 3.431373e-02 9.533631e-04
6.029412e-01 3.431373e-02 1.341858e-03
6.127451e-01 3.431373e-02 1.590587e-03
6.225490e-01 3.431373e-02 1.673410e-03
6.323529e-01 3.431373e-02 1.597286e-03
6.421569e-01 3.431373e-02 1.394546e-03
6.519608e-01 3.431373e-02 1.113640e-03
6.617647e-01 3.431373e-02 8.056494e-04
6.715686e-01 3.431373e-02 5.122860e-04
6.813725e-01 3.431373e-02 2.673478e-04
6.911765e-01 3.431373e-02 8.073100e-05
7.009804e-01 3.431373e-02 -4.304814e-05
7.107843e-01 3.431373e-02 -1.078608e-04
7.205882e-01 3.431373e-02 -1.401997e-04
7.303922e-01 3.431373e-02 -1.349543e-04
7.401961e-01 3.431373e-02 -1.136035e-04
7.500000e-01 3.431373e-02 -1.031161e-04
7.598039e-01 3.431373e-02 -6.495770e-05
7.696078e-01 3.431373e-02 -4.264556e-05
7.794118e-01 3.431373e-02 -5.086147e-05
7.892157e-01 3.431373e-02 -7.928116e-06
7.990196e-01 3.431373e-02 -1.817933e-08
8.088235e-01 3.431373e-02 -4.077395e-05
8.186275e-01 3.431373e-02 1.393023e-05
8.284314e-01 3.431373e-02 2.888986e-05
8.382353e-01 3.431373e-02 -5.495155e-05
8.480392e-01 3.431373e-02 3.683151e-06
8.578431e-01 3.431373e-02 6.970037e-05
8.676471e-01 3.431373e-02 -5.686039e-05
8.774510e-01 3.431373e-02 -5.251071e-05
8.872549e-01 3.431373e-02 1.042510e-04
8.970588e-01 3.431373e-02 8.195423e-06
9.068627e-01 3.431373e-02 -1.312342e-04
9.166667e-01 3.431373e-02 4.672398e-05
9.264706e-01 3.431373e-02 1.364757e-04
9.362745e-01 3.431373e-02 -9.697327e-05
9.460784e-01 3.431373e-02 -1.284770e-04
9.558824e-01 3.431373e-02 1.338940e-04
9.656863e-01 3.431373e-02 1.186200e-04
9.754902e-01 3.431373e-02 -1.545426e-04
9.852941e-01 3.431373e-02 -1.158056e-04
9.950980e-01 3.431373e-02 1.582474e-04
4.901961e-03 4.411765e-02 1.448983e-04
1.470588e-02 4.411765e-02 1.288118e-04
2.450980e-02 4.411765e-02 -1.392196e-04
3.431373e-02 4.411765e-02 -1.402142e-04
4.411765e-02 4.411765e-02 1.142561e-04
5.392157e-02 4.411765e-02 1.545019e-04
6.372549e-02 4.411765e-02 -6.967404e-05
7.352941e-02 4.411765e-02 -1.602269e-04
8.333333e-02 4.411765e-02 1.026510e-05
9.313725e-02 4.411765e-02 1.440085e-04
1.029412e-01 4.411765e-02 5.009217e-05
1.127451e-01 4.411765e-02 -9.852845e-05
1.225490e-01 4.411765e-02 -8.956090e-05
1.323529e-01 4.411765e-02 3.207956e-05
1.421569e-01 4.411765e-02 8.897252e-05
1.519608e-01 4.411765e-02 2.902547e-05
1.617647e-01 4.411765e-02 -4.871631e-05
1.715686e-01 4.411765e-02 -5.445951e-05
1.813725e-01 4.411765e-02 -3.473950e-06
1.911765e-01 4.411765e-02 3.592659e-05
2.009804e-01 4.411765e-02 3.030087e-05
2.107843e-01 4.411765e-02 2.588111e-07
2.205882e-01 4.411765e-02 -1.969689e-05
2.303922e-01 4.411765e-02 -1.721979e-05
2.401961e-01 4.411765e-02 -3.100316e-06
2.500000e-01 4.411765e-02 7.584756e-06
2.598039e-01 4.411765e-02 8.971267e-06
2.696078e-01 4.411765e-02 4.330920e-06
2.794118e-01 4.411765e-02 -6.796711e-07
2.892157e-01 4.411765e-02 -2.988965e-06
2.990196e-01 4.411765e-02 -2.715809e-06
3.088235e-01 4.411765e-02 -1.375011e-06
3.186275e-01 4.411765e-02 -1.943127e-07
3.284314e-01 4.411765e-02 4.539664e-07
3.382353e-01 4.411765e-02 7.733223e-07
3.480392e-01 4.411765e-02 1.014103e-06
3.578431e-01 4.411765e-02 1.096110e-06
3.676471e-01 4.411765e-02 5.556538e-07
3.774510e-01 4.411765e-02 -1.129318e-06
3.872549e-01 4.411765e-02 -3.905362e-06
3.970588e-01 4.411765e-02 -6.490335e-06
4.068627e-01 4.411765e-02 -6.223175e-06
4.166667e-01 4.411765e-02 4.617006e-08
4.264706e-01 4.411765e-02 1.389341e-05
4.362745e-01 4.411765e-02 3.273317e-05
4.460784e-01 4.411765e-02 4.814997e-05
4.558824e-01 4.411765e-02 4.681938e-05
4.656863e-01 4.411765e-02 1.493696e-05
4.754902e-01 4.411765e-02 -5.459254e-05
4.852941e-01 4.411765e-02 -1.548340e-04
4.950980e-01 4.411765e-02 -2.610439e-04
5.049020e-01 4.411765e-02 -3.334889e-04
5.147059e-01 4.411765e-02 -3.275543e-04
5.245098e-01 4.411765e-02 -2.086227e-04
5.343137e-01 4.411765e-02 3.339217e-05
5.441176e-01 4.411765e-02 3.756001e-04
5.539216e-01 4.411765e-02 7.637074e-04
5.637255e-01 4.411765e-02 1.123942e-03
5.735294e-01 4.411765e-02 1.381773e-03
5.833333e-01 4.411765e-02 1.481444e-03
5.931373e-01 4.411765e-02 1.399959e-03
6.029412e-01 4.411765e-02 1.151772e-03
6.127451e-01 4.411765e-02 7.829538e-04
6.225490e-01 4.411765e-02 3.582770e-04
6.323529e-01 4.411765e-02 -5.497178e-05
6.421569e-01 4.411765e-02 -4.018402e-04
6.519608e-01 4.411765e-02 -6.467659e-04
6.617647e-01 4.411765e-02 -7.802323e-04
6.715686e-01 4.411765e-02 -8.096347e-04
6.813725e-01 4.411765e-02 -7.580543e-04
6.911765e-01 4.411765e-02 -6.570467e-04
7.009804e-01 4.411765e-02 -5.268555e-04
7.107843e-01 4.411765e-02 -3.997138e-04
7.205882e-01 4.411765e-02 -2.857510e-04
7.303922e-01 4.411765e-02 -1.838319e-04
7.401961e-01 4.411765e-02 -1.216166e-04
7.500000e-01 4.411765e-02 -6.901566e-05
7.598039e-01 4.411765e-02 -2.450514e-05
7.696078e-01 4.411765e-02 -2.697187e-05
7.794118e-01 4.411765e-02 -4.706381e-06
7.892157e-01 4.411765e-02 1.981675e-05
7.990196e-01 4.411765e-02 -2.064824e-05
8.088235e-01 4.411765e-02 1.302234e-07
8.186275e-01 4.411765e-02 3.929957e-05
8.284314e-01 4.411765e-02 -3.172768e-05
8.382353e-01 4.411765e-02 -1.997378e-05
8.480392e-01 4.411765e-02 6.525444e-05
8.578431e-01 4.411765e-02 -2.264575e-05
8.676471e-01 4.411765e-02 -6.830980e-05
8.774510e-01 4.411765e-02 7.614803e-05
8.872549e-01 4.411765e-02 4.084659e-05
8.970588e-01 4.411765e-02 -1.170141e-04
9.068627e-01 4.411765e-02 7.515595e-06
9.166667e-01 4.411765e-02 1.367820e-04
9.264706e-01 4.411765e-02 -5.984976e-05
9.362745e-01 4.411765e-02 -1.382661e-04
9.460784e-01 4.411765e-02 1.036783e-04
9.558824e-01 4.411765e-02 1.313258e-04
9.656863e-01 4.411765e-02 -1.327121e-04
9.754902e-01 4.411765e-02 -1.260610e-04
9.852941e-01 4.411765e-02 1.448983e-04
9.950980e-01 4.411765e-02 1.288118e-04
4.901961e-03 5.392157e-02 1.371847e-04
1.470588e-02 5.392157e-02 -1.253292e-04
2.450980e-02 5.392157e-02 -1.437046e-04
3.431373e-02 5.392157e-02 1.095199e-04
4.411765e-02 5.392157e-02 1.545019e-04
5.392157e-02 5.392157e-02 -7.431697e-05
6.372549e-02 5.392157e-02 -1.610190e-04
7.352941e-02 5.392157e-02 2.251318e-05
8.333333e-02 5.392157e-02 1.510877e-04
9.313725e-02 5.392157e-02 3.576855e-05
1.029412e-01 5.392157e-02 -1.150138e-04
1.127451e-01 5.392157e-02 -8.186561e-05
1.225490e-01 5.392157e-02 5.461585e-05
1.323529e-01 5.392157e-02 9.500279e-05
1.421569e-01 5.392157e-02 1.079845e-05
1.519608e-01 5.392157e-02 -6.696575e-05
1.617647e-01 5.392157e-02 -5.115496e-05
1.715686e-01 5.392157e-02 1.495020e-05
1.813725e-01 5.392157e-02 4.767802e-05
1.911765e-01 5.392157e-02 2.493818e-05
2.009804e-01 5.392157e-02 -1.356467e-05
2.107843e-01 5.392157e-02 -2.777907e-05
2.205882e-01 5.392157e-02 -1.435693e-05
2.303922e-01 5.392157e-02 5.359148e-06
2.401961e-01 5.392157e-02 1.374170e-05
2.500000e-01 5.392157e-02 9.380970e-06
2.598039e-01 5.392157e-02 7.588381e-07
2.696078e-01 5.392157e-02 -4.619676e-06
2.794118e-01 5.392157e-02 -4.975292e-06
2.892157e-01 5.392157e-02 -2.543212e-06
2.990196e-01 5.392157e-02 -5.459260e-08
3.088235e-01 5.392157e-02 1.202507e-06
3.186275e-01 5.392157e-02 1.344879e-06
3.284314e-01 5.392157e-02 1.008034e-06
3.382353e-01 5.392157e-02 6.192079e-07
3.480392e-01 5.392157e-02 1.744895e-07
3.578431e-01 5.392157e-02 -5.649782e-07
3.676471e-01 5.392157e-02 -1.661734e-06
3.774510e-01 5.392157e-02 -2.604855e-06
3.872549e-01 5.392157e-02 -2.207047e-06
3.970588e-01 5.392157e-02 9.266782e-07
4.068627e-01 5.392157e-02 7.289677e-06
4.166667e-01 5.392157e-02 1.510170e-05
4.264706e-01 5.392157e-02 1.954070e-05
4.362745e-01 5.392157e-02 1.360277e-05
4.460784e-01 5.392157e-02 -8.878838e-06
4.558824e-01 5.392157e-02 -4.866073e-05
4.656863e-01 5.392157e-02 -9.687397e-05
4.754902e-01 5.392157e-02 -1.337727e-04
4.852941e-01 5.392157e-02 -1.324745e-04
4.950980e-01 5.392157e-02 -6.779194e-05
5.049020e-01 5.392157e-02 7.231345e-05
5.147059e-01 5.392157e-02 2.770796e-04
5.245098e-01 5.392157e-02 5.097217e-04
5.343137e-01 5.392157e-02 7.133082e-04
5.441176e-01 5.392157e-02 8.249587e-04
5.539216e-01 5.392157e-02 7.941241e-04
5.637255e-01 5.392157e-02 5.987655e-04
5.735294e-01 5.392157e-02 2.537883e-04
5.833333e-01 5.392157e-02 -1.912424e-04
5.931373e-01 5.392157e-02 -6.642299e-04
6.029412e-01 5.392157e-02 -1.088353e-03
6.127451e-01 5.392157e-02 -1.400155e-03
6.225490e-01 5.392157e-02 -1.561924e-03
6.323529e-01 5.392157e-02 -1.567441e-03
6.421569e-01 5.392157e-02 -1.437404e-03
6.519608e-01 5.392157e-02 -1.211819e-03
6.617647e-01 5.392157e-02 -9.383222e-04
6.715686e-01 5.392157e-02 -6.587553e-04
6.813725e-01 5.392157e-02 -4.103407e-04
6.911765e-01 5.392157e-02 -2.089062e-04
7.009804e-01 5.392157e-02 -6.274518e-05
7.107843e-01 5.392157e-02 2.558435e-05
7.205882e-01 5.392157e-02 7.960522e-05
7.303922e-01 5.392157e-02 9.484931e-05
7.401961e-01 5.392157e-02 8.658238e-05
7.500000e-01 5.392157e-02 8.660391e-05
7.598039e-01 5.392157e-02 5.857705e-05
7.696078e-01 5.392157e-02 3.648728e-05
7.794118e-01 5.392157e-02 4.831792e-05
7.892157e-01 5.392157e-02 1.196360e-05
7.990196e-01 5.392157e-02 -3.591292e-06
8.088235e-01 5.392157e-02 3.901860e-05
8.186275e-01 5.392157e-02 -5.500746e-06
8.284314e-01 5.392157e-02 -3.344801e-05
8.382353e-01 5.392157e-02 4.836685e-05
8.480392e-01 5.392157e-02 9.059106e-06
8.578431e-01 5.392157e-02 -7.043744e-05
8.676471e-01 5.392157e-02 4.084397e-05
8.774510e-01 5.392157e-02 6.434684e-05
8.872549e-01 5.392157e-02 -9.099815e-05
8.970588e-01 5.392157e-02 -3.010299e-05
9.068627e-01 5.392157e-02 1.257619e-04
9.166667e-01 5.392157e-02 -1.818614e-05
9.264706e-01 5.392157e-02 -1.406549e-04
9.362745e-01 5.392157e-02 6.550739e-05
9.460784e-01 5.392157e-02 1.413825e-04
9.558824e-01 5.392157e-02 -1.017904e-04
9.656863e-01 5.392157e-02 -1.375439e-04
9.754902e-01 5.392157e-02 1.223412e-04
9.852941e-01 5.392157e-02 1.371847e-04
9.950980e-01 5.392157e-02 -1.253292e-04
4.901961e-03 6.372549e-02 -1.021972e-04
1.470588e-02 6.372549e-02 -1.491239e-04
2.450980e-02 6.372549e-02 9.539428e-05
3.431373e-02 6.372549e-02 1.560065e-04
4.411765e-02 6.372549e-02 -6.967404e-05
5.392157e-02 6.372549e-02 -1.610190e-04
6.372549e-02 6.372549e-02 2.672489e-05
7.352941e-02 6.372549e-02 1.541737e-04
8.333333e-02 6.372549e-02 2.615462e-05
9.313725e-02 6.372549e-02 -1.253951e-04
1.029412e-01 6.372549e-02 -7.378645e-05
1.127451e-01 6.372549e-02 7.224215e-05
1.225490e-01 6.372549e-02 9.626883e-05
1.323529e-01 6.372549e-02 -7.303896e-06
1.421569e-01 6.372549e-02 -8.026898e-05
1.519608e-01 6.372549e-02 -4.297322e-05
1.617647e-01 6.372549e-02 3.320350e-05
1.715686e-01 6.372549e-02 5.434379e-05
1.813725e-01 6.372549e-02 1.464373e-05
1.911765e-01 6.372549e-02 -2.755763e-05
2.009804e-01 6.372549e-02 -3.155698e-05
2.107843e-01 6.372549e-02 -6.926309e-06
2.205882e-01 6.372549e-02 1.495896e-05
2.303922e-01 6.372549e-02 1.741307e-05
2.401961e-01 6.372549e-02 6.235744e-06
2.500000e-01 6.372549e-02 -4.830223e-06
2.598039e-01 6.372549e-02 -8.233803e-06
2.696078e-01 6.372549e-02 -5.198728e-06
2.794118e-01 6.372549e-02 -5.825207e-07
2.892157e-01 6.372549e-02 2.187482e-06
2.990196e-01 6.372549e-02 2.547170e-06
3.088235e-01 6.372549e-02 1.596770e-06
3.186275e-01 6.372549e-02 5.167154e-07
3.284314e-01 6.372549e-02 -1.839316e-07
3.382353e-01 6.372549e-02 -5.855629e-07
3.480392e-01 6.372549e-02 -9.177367e-07
3.578431e-01 6.372549e-02 -1.159091e-06
3.676471e-01 6.372549e-02 -8.915278e-07
3.774510e-01 6.372549e-02 4.860336e-07
3.872549e-01 6.372549e-02 3.185850e-06
3.970588e-01 6.372549e-02 6.311684e-06
4.068627e-01 6.372549e-02 7.467644e-06
4.166667e-01 6.372549e-02 3.287030e-06
4.264706e-01 6.372549e-02 -8.796416e-06
4.362745e-01 6.372549e-02 -2.791389e-05
4.460784e-01 6.372549e-02 -4.750073e-05
4.558824e-01 6.372549e-02 -5.512498e-05
4.656863e-01 6.372549e-02 -3.571036e-05
4.754902e-01 6.372549e-02 2.195230e-05
4.852941e-01 6.372549e-02 1.174185e-04
4.950980e-01 6.372549e-02 2.329781e-04
5.049020e-01 6.372549e-02 3.336746e-04
5.147059e-01 6.372549e-02 3.746442e-04
5.245098e-01 6.372549e-02 3.144672e-04
5.343137e-01 6.372549e-02 1.303190e-04
5.441176e-01 6.372549e-02 -1.706970e-04
5.539216e-01 6.372549e-02 -5.487516e-04
5.637255e-01 6.372549e-02 -9.388009e-04
5.735294e-01 6.372549e-02 -1.266370e-03
5.833333e-01 6.372549e-02 -1.466640e-03
5.931373e-01 6.372549e-02 -1.500616e-03
6.029412e-01 6.372549e-02 -1.363815e-03
6.127451e-01 6.372549e-02 -1.085039e-03
6.225490e-01 6.372549e-02 -7.170438e-04
6.323529e-01 6.372549e-02 -3.225373e-04
6.421569e-01 6.372549e-02 4.107082e-05
6.519608e-01 6.372549e-02 3.301948e-04
6.617647e-01 6.372549e-02 5.242236e-04
6.715686e-01 6.372549e-02 6.201257e-04
6.813725e-01 6.372549e-02 6.308931e-04
6.911765e-01 6.372549e-02 5.828343e-04
7.009804e-01 6.372549e-02 4.933881e-04
7.107843e-01 6.372549e-02 3.926147e-04
7.205882e-01 6.372549e-02 2.960764e-04
7.303922e-01 6.372549e-02 2.017663e-04
7.401961e-01 6.372549e-02 1.394492e-04
7.500000e-01 6.372549e-02 8.864067e-05
7.598039e-01 6.372549e-02 3.904103e-05
7.696078e-01 6.372549e-02 3.521077e-05
7.794118e-01 6.372549e-02 1.672203e-05
7.892157e-01 6.372549e-02 -1.526972e-05
7.990196e-01 6.372549e-02 1.857681e-05
8.088235e-01 6.372549e-02 9.296611e-06
8.186275e-01 6.372549e-02 -3.793409e-05
8.284314e-01 6.372549e-02 2.157000e-05
8.382353e-01 6.372549e-02 3.012104e-05
8.480392e-01 6.372549e-02 -5.860171e-05
8.578431e-01 6.372549e-02 4.319866e-06
8.676471e-01 6.372549e-02 7.323436e-05
8.774510e-01 6.372549e-02 -5.555697e-05
8.872549e-01 6.372549e-02 -5.953197e-05
8.970588e-01 6.372549e-02 1.016284e-04
9.068627e-01 6.372549e-02 2.275299e-05
9.166667e-01 6.372549e-02 -1.313683e-04
9.264706e-01 6.372549e-02 2.237941e-05
9.362745e-01 6.372549e-02 1.438667e-04
9.460784e-01 6.372549e-02 -6.292678e-05
9.558824e-01 6.372549e-02 -1.459373e-04
9.656863e-01 6.372549e-02 9.079516e-05
9.754902e-01 6.372549e-02 1.458684e-04
9.852941e-01 6.372549e-02 -1.021972e-04
9.950980e-01 6.372549e-02 -1.491239e-04
4.901961e-03 7.352941e-02 -1.535273e-04
1.470588e-02 7.352941e-02 7.230154e-05
2.450980e-02 7.352941e-02 1.575678e-04
3.431373e-02 7.352941e-02 -5.598222e-05
4.411765e-02 7.352941e-02 -1.602269e-04
5.392157e-02 7.352941e-02 2.251318e-05
6.372549e-02 7.352941e-02 1.541737e-04
7.352941e-02 7.352941e-02 2.278404e-05
8.333333e-02 7.352941e-02 -1.303419e-04
9.313725e-02 7.352941e-02 -6.787283e-05
1.029412e-01 7.352941e-02 8.411044e-05
1.127451e-01 7.352941e-02 9.503609e-05
1.225490e-01 7.352941e-02 -2.268567e-05
1.323529e-01 7.352941e-02 -8.879969e-05
1.421569e-01 7.352941e-02 -3.256472e-05
1.519608e-01 7.352941e-02 4.902909e-05
1.617647e-01 7.352941e-02 5.619595e-05
1.715686e-01 7.352941e-02 1.763339e-06
1.813725e-01 7.352941e-02 -3.948360e-05
1.911765e-01 7.352941e-02 -3.070936e-05
2.009804e-01 7.352941e-02 3.416564e-06
2.107843e-01 7.352941e-02 2.350644e-05
2.205882e-01 7.352941e-02 1.748208e-05
2.303922e-01 7.352941e-02 8.801066e-08
2.401961e-01 7.352941e-02 -1.084375e-05
2.500000e-01 7.352941e-02 -1.004008e-05
2.598039e-01 7.352941e-02 -3.092434e-06
2.696078e-01 7.352941e-02 2.749211e-06
2.794118e-01 7.352941e-02 4.429004e-06
2.892157e-01 7.352941e-02 2.997217e-06
2.990196e-01 7.352941e-02 8.017157e-07
3.088235e-01 7.352941e-02 -6.454929e-07
3.186275e-01 7.352941e-02 -1.100510e-06
3.284314e-01 7.352941e-02 -9.951610e-07
3.382353e-01 7.352941e-02 -7.448379e-07
3.480392e-01 7.352941e-02 -4.153902e-07
3.578431e-01 7.352941e-02 2.110776e-07
3.676471e-01 7.352941e-02 1.298786e-06
3.774510e-01 7.352941e-02 2.534118e-06
3.872549e-01 7.352941e-02 2.876371e-06
3.970588e-01 7.352941e-02 7.977071e-07
4.068627e-01 7.352941e-02 -4.795135e-06
4.166667e-01 7.352941e-02 -1.314765e-05
4.264706e-01 7.352941e-02 -2.046823e-05
4.362745e-01 7.352941e-02 -2.001506e-05
4.460784e-01 7.352941e-02 -4.288564e-06
4.558824e-01 7.352941e-02 3.076375e-05
4.656863e-01 7.352941e-02 8.094726e-05
4.754902e-01 7.352941e-02 1.308753e-04
4.852941e-01 7.352941e-02 1.553184e-04
4.950980e-01 7.352941e-02 1.258916e-04
5.049020e-01 7.352941e-02 2.174189e-05
5.147059e-01 7.352941e-02 -1.594160e-04
5.245098e-01 7.352941e-02 -3.945850e-04
5.343137e-01 7.352941e-02 -6.367554e-04
5.441176e-01 7.352941e-02 -8.250048e-04
5.539216e-01 7.352941e-02 -9.008012e-04
5.637255e-01 7.352941e-02 -8.252403e-04
5.735294e-01 7.352941e-02 -5.913801e-04
5.833333e-01 7.352941e-02 -2.274934e-04
5.931373e-01 7.352941e-02 2.097100e-04
6.029412e-01 7.352941e-02 6.492877e-04
6.127451e-01 7.352941e-02 1.023370e-03
6.225490e-01 7.352941e-02 1.281413e-03
6.323529e-01 7.352941e-02 1.399603e-03
6.421569e-01 7.352941e-02 1.380951e-03
6.519608e-01 7.352941e-02 1.250570e-03
6.617647e-01 7.352941e-02 1.047408e-03
6.715686e-01 7.352941e-02 8.100464e-04
6.813725e-01 7.352941e-02 5.773166e-04
6.911765e-01 7.352941e-02 3.719057e-04
7.009804e-01 7.352941e-02 2.066942e-04
7.107843e-01 7.352941e-02 9.281646e-05
7.205882e-01 7.352941e-02 1.290706e-05
7.303922e-01 7.352941e-02 -2.971779e-05
7.401961e-01 7.352941e-02 -4.072363e-05
7.500000e-01 7.352941e-02 -5.558671e-05
7.598039e-01 7.352941e-02 -4.402470e-05
7.696078e-01 7.352941e-02 -2.459589e-05
7.794118e-01 7.352941e-02 -4.049011e-05
7.892157e-01 7.352941e-02 -1.605458e-05
7.990196e-01 7.352941e-02 8.099056e-06
8.088235e-01 7.352941e-02 -3.340037e-05
8.186275e-01 7.352941e-02 -5.982231e-06
8.284314e-01 7.352941e-02 3.657785e-05
8.382353e-01 7.352941e-02 -3.572857e-05
8.480392e-01 7.352941e-02 -2.491704e-05
8.578431e-01 7.352941e-02 6.549827e-05
8.676471e-01 7.352941e-02 -1.659605e-05
8.774510e-01 7.352941e-02 -7.437300e-05
8.872549e-01 7.352941e-02 6.619362e-05
8.970588e-01 7.352941e-02 5.604905e-05
9.068627e-01 7.352941e-02 -1.082041e-04
9.166667e-01 7.352941e-02 -2.035233e-05
9.264706e-01 7.352941e-02 1.344016e-04
9.362745e-01 7.352941e-02 -1.927639e-05
9.460784e-01 7.352941e-02 -1.463918e-04
9.558824e-01 7.352941e-02 5.175113e-05
9.656863e-01 7.352941e-02 1.506735e-04
9.754902e-01 7.352941e-02 -7.048825e-05
9.852941e-01 7.352941e-02 -1.535273e-04
9.950980e-01 7.352941e-02 7.230154e-05
4.901961e-03 8.333333e-02 4.147391e-05
1.470588e-02 8.333333e-02 1.565249e-04
2.450980e-02 8.333333e-02 -3.409571e-05
3.431373e-02 8.333333e-02 -1.574089e-04
4.411765e-02 8.333333e-02 1.026510e-05
5.392157e-02 8.333333e-02 1.510877e-04
6.372549e-02 8.333333e-02 2.615462e-05
7.352941e-02 8.333333e-02 -1.303419e-04
8.333333e-02 8.333333e-02 -6.572176e-05
9.313725e-02 8.333333e-02 9.002931e-05
1.029412e-01 8.333333e-02 9.336377e-05
1.127451e-01 8.333333e-02 -3.366997e-05
1.225490e-01 8.333333e-02 -9.357082e-05
1.323529e-01 8.333333e-02 -2.246199e-05
1.421569e-01 8.333333e-02 6.127534e-05
1.519608e-01 8.333333e-02 5.459065e-05
1.617647e-01 8.333333e-02 -1.135161e-05
1.715686e-01 8.333333e-02 -4.821211e-05
1.813725e-01 8.333333e-02 -2.616085e-05
1.911765e-01 8.333333e-02 1.464676e-05
2.009804e-01 8.333333e-02 2.953260e-05
2.107843e-01 8.333333e-02 1.403310e-05
2.205882e-01 8.333333e-02 -7.678988e-06
2.303922e-01 8.333333e-02 -1.569038e-05
2.401961e-01 8.333333e-02 -9.260603e-06
2.500000e-01 8.333333e-02 1.004083e-06
2.598039e-01 8.333333e-02 6.419939e-06
2.696078e-01 8.333333e-02 5.645385e-06
2.794118e-01 8.333333e-02 2.030664e-06
2.892157e-01 8.333333e-02 -9.712073e-07
2.990196e-01 8.333333e-02 -2.049378e-06
3.088235e-01 8.333333e-02 -1.681104e-06
3.186275e-01 8.333333e-02 -8.504770e-07
3.284314e-01 8.333333e-02 -1.678248e-07
3.382353e-01 8.333333e-02 2.923402e-07
3.480392e-01 8.333333e-02 7.067230e-07
3.578431e-01 8.333333e-02 1.120762e-06
3.676471e-01 8.333333e-02 1.208153e-06
3.774510e-01 8.333333e-02 3.302725e-07
3.872549e-01 8.333333e-02 -2.022945e-06
3.970588e-01 8.333333e-02 -5.504296e-06
4.068627e-01 8.333333e-02 -8.266785e-06
4.166667e-01 8.333333e-02 -7.005724e-06
4.264706e-01 8.333333e-02 1.796284e-06
4.362745e-01 8.333333e-02 1.943597e-05
4.460784e-01 8.333333e-02 4.223470e-05
4.558824e-01 8.333333e-02 6.005816e-05
4.656863e-01 8.333333e-02 5.775217e-05
4.754902e-01 8.333333e-02 2.017767e-05
4.852941e-01 8.333333e-02 -6.021886e-05
4.950980e-01 8.333333e-02 -1.761218e-04
5.049020e-01 8.333333e-02 -3.019457e-04
5.147059e-01 8.333333e-02 -3.970363e-04
5.245098e-01 8.333333e-02 -4.157849e-04
5.343137e-01 8.333333e-02 -3.219756e-04
5.441176e-01 8.333333e-02 -1.024865e-04
5.539216e-01 8.333333e-02 2.248381e-04
5.637255e-01 8.333333e-02 6.124893e-04
5.735294e-01 8.333333e-02 9.938104e-04
5.833333e-01 8.333333e-02 1.299526e-03
5.931373e-01 8.333333e-02 1.474885e-03
6.029412e-01 8.333333e-02 1.492350e-03
6.127451e-01 8.333333e-02 1.356189e-03
6.225490e-01 8.333333e-02 1.098566e-03
6.323529e-01 8.333333e-02 7.697523e-04
6.421569e-01 8.333333e-02 4.240365e-04
6.519608e-01 8.333333e-02 1.102777e-04
6.617647e-01 8.333333e-02 -1.392918e-04
6.715686e-01 8.333333e-02 -3.089295e-04
6.813725e-01 8.333333e-02 -3.976113e-04
6.911765e-01 8.333333e-02 -4.221050e-04
7.009804e-01 8.333333e-02 -3.944270e-04
7.107843e-01 8.333333e-02 -3.386248e-04
7.205882e-01 8.333333e-02 -2.751331e-04
7.303922e-01 8.333333e-02 -2.012956e-04
7.401961e-01 8.333333e-02 -1.461869e-04
7.500000e-01 8.333333e-02 -1.032537e-04
7.598039e-01 8.333333e-02 -5.304910e-05
7.696078e-01 8.333333e-02 -4.196943e-05
7.794118e-01 8.333333e-02 -2.978251e-05
7.892157e-01 8.333333e-02 7.665533e-06
7.990196e-01 8.333333e-02 -1.444463e-05
8.088235e-01 8.333333e-02 -1.959404e-05
8.186275e-01 8.333333e-02 3.197389e-05
8.284314e-01 8.333333e-02 -7.371749e-06
8.382353e-01 8.333333e-02 -3.874018e-05
8.480392e-01 8.333333e-02 4.433743e-05
8.578431e-01 8.333333e-02 1.755750e-05
8.676471e-01 8.333333e-02 -7.096072e-05
8.774510e-01 8.333333e-02 2.544126e-05
8.872549e-01 8.333333e-02 7.480421e-05
8.970588e-01 8.333333e-02 -7.259865e-05
9.068627e-01 8.333333e-02 -5.551793e-05
9.166667e-01 8.333333e-02 1.107433e-04
9.264706e-01 8.333333e-02 2.365113e-05
9.362745e-01 8.333333e-02 -1.347178e-04
9.460784e-01 8.333333e-02 8.702463e-06
9.558824e-01 8.333333e-02 1.470504e-04
9.656863e-01 8.333333e-02 -3.221171e-05
9.754902e-01 8.333333e-02 -1.530329e-04
9.852941e-01 8.333333e-02 4.147391e-05
9.950980e-01 8.333333e-02 1.565249e-04
4.901961e-03 9.313725e-02 1.495394e-04
1.470588e-02 9.313725e-02 -5.847155e-06
2.450980e-02 9.313725e-02 -1.503832e-04
3.431373e-02 9.313725e-02 -8.764651e-06
4.411765e-02 9.313725e-02 1.440085e-04
5.392157e-02 9.313725e-02 3.576855e-05
6.372549e-02 9.313725e-02 -1.253951e-04
7.352941e-02 9.313725e-02 -6.787283e-05
8.333333e-02 9.313725e-02 9.002931e-05
9.313725e-02 9.313725e-02 9.264402e-05
1.029412e-01 9.313725e-02 -3.934887e-05
1.127451e-01 9.313725e-02 -9.580459e-05
1.225490e-01 9.313725e-02 -1.465238e-05
1.323529e-01 9.313725e-02 6.968842e-05
1.421569e-01 9.313725e-02 5.132097e-05
1.519608e-01 9.313725e-02 -2.286725e-05
1.617647e-01 9.313725e-02 -5.368215e-05
1.715686e-01 9.313725e-02 -1.950587e-05
1.813725e-01 9.313725e-02 2.505073e-05
1.911765e-01 9.313725e-02 3.257769e-05
2.009804e-01 9.313725e-02 8.050107e-06
2.107843e-01 9.313725e-02 -1.551525e-05
2.205882e-01 9.313725e-02 -1.837062e-05
2.303922e-01 9.313725e-02 -6.005583e-06
2.401961e-01 9.313725e-02 6.115808e-06
2.500000e-01 9.313725e-02 9.305852e-06
2.598039e-01 9.313725e-02 5.202074e-06
2.696078e-01 9.313725e-02 -2.894295e-07
2.794118e-01 9.313725e-02 -3.175210e-06
2.892157e-01 9.313725e-02 -3.057282e-06
2.990196e-01 9.313725e-02 -1.513517e-06
3.088235e-01 9.313725e-02 -7.295852e-08
3.186275e-01 9.313725e-02 6.628540e-07
3.284314e-01 9.313725e-02 8.363709e-07
3.382353e-01 9.313725e-02 7.836356e-07
3.480392e-01 9.313725e-02 6.305411e-07
3.578431e-01 9.313725e-02 2.076064e-07
3.676471e-01 9.313725e-02 -7.388795e-07
3.774510e-01 9.313725e-02 -2.148515e-06
3.872549e-01 9.313725e-02 -3.268458e-06
3.970588e-01 9.313725e-02 -2.610860e-06
4.068627e-01 9.313725e-02 1.448646e-06
4.166667e-01 9.313725e-02 9.389348e-06
4.264706e-01 9.313725e-02 1.903739e-05
4.362745e-01 9.313725e-02 2.478015e-05
4.460784e-01 9.313725e-02 1.855779e-05
4.558824e-01 9.313725e-02 -6.878771e-06
4.656863e-01 9.313725e-02 -5.312627e-05
4.754902e-01 9.313725e-02 -1.116612e-04
4.852941e-01 9.313725e-02 -1.623259e-04
4.950980e-01 9.313725e-02 -1.767345e-04
5.049020e-01 9.313725e-02 -1.267008e-04
5.147059e-01 9.313725e-02 4.608693e-06
5.245098e-01 9.313725e-02 2.128995e-04
5.343137e-01 9.313725e-02 4.686377e-04
5.441176e-01 9.313725e-02 7.211664e-04
5.539216e-01 9.313725e-02 9.105868e-04
5.637255e-01 9.313725e-02 9.838814e-04
5.735294e-01 9.313725e-02 9.100122e-04
5.833333e-01 9.313725e-02 6.890263e-04
5.931373e-01 9.313725e-02 3.522889e-04
6.029412e-01 9.313725e-02 -4.567818e-05
6.127451e-01 9.313725e-02 -4.412213e-04
6.225490e-01 9.313725e-02 -7.759977e-04
6.323529e-01 9.313725e-02 -1.009216e-03
6.421569e-01 9.313725e-02 -1.123084e-03
6.519608e-01 9.313725e-02 -1.122035e-03
6.617647e-01 9.313725e-02 -1.029501e-03
6.715686e-01 9.313725e-02 -8.748942e-04
6.813725e-01 9.313725e-02 -6.933980e-04
6.911765e-01 9.313725e-02 -5.123850e-04
7.009804e-01 9.313725e-02 -3.483347e-04
7.107843e-01 9.313725e-02 -2.206096e-04
7.205882e-01 9.313725e-02 -1.215090e-04
7.303922e-01 9.313725e-02 -5.281411e-05
7.401961e-01 9.313725e-02 -2.036279e-05
7.500000e-01 9.313725e-02 1.014352e-05
7.598039e-01 9.313725e-02 1.942269e-05
7.696078e-01 9.313725e-02 6.589373e-06
7.794118e-01 9.313725e-02 2.524091e-05
7.892157e-01 9.313725e-02 1.762369e-05
7.990196e-01 9.313725e-02 -1.211418e-05
8.088235e-01 9.313725e-02 2.243764e-05
8.186275e-01 9.313725e-02 1.741813e-05
8.284314e-01 9.313725e-02 -3.478710e-05
8.382353e-01 9.313725e-02 1.711049e-05
8.480392e-01 9.313725e-02 3.839968e-05
8.578431e-01 9.313725e-02 -5.098463e-05
8.676471e-01 9.313725e-02 -1.166507e-05
8.774510e-01 9.313725e-02 7.465013e-05
8.872549e-01 9.313725e-02 -3.043443e-05
8.970588e-01 9.313725e-02 -7.587995e-05
9.068627e-01 9.313725e-02 7.435879e-05
9.166667e-01 9.313725e-02 5.856844e-05
9.264706e-01 9.313725e-02 -1.089861e-04
9.362745e-01 9.313725e-02 -3.261970e-05
9.460784e-01 9.313725e-02 1.313205e-04
9.558824e-01 9.313725e-02 8.686324e-06
9.656863e-01 9.313725e-02 -1.436588e-04
9.754902e-01 9.313725e-02 5.534475e-06
9.852941e-01 9.313725e-02 1.495394e-04
9.950980e-01 9.313725e-02 -5.847155e-06
4.901961e-03 1.029412e-01 2.555505e-05
1.470588e-02 1.029412e-01 -1.366213e-04
2.450980e-02 1.029412e-01 -3.223044e-05
3.431373e-02 1.029412e-01 1.314345e-04
4.411765e-02 1.029412e-01 5.009217e-05
5.392157e-02 1.029412e-01 -1.150138e-04
6.372549e-02 1.029412e-01 -7.378645e-05
7.352941e-02 1.029412e-01 8.411044e-05
8.333333e-02 1.029412e-01 9.336377e-05
9.313725e-02 1.029412e-01 -3.934887e-05
1.029412e-01 1.029412e-01 -9.643432e-05
1.127451e-01 1.029412e-01 -1.043423e-05
1.225490e-01 1.029412e-01 7.450866e-05
1.323529e-01 1.029412e-01 4.808127e-05
1.421569e-01 1.029412e-01 -3.162376e-05
1.519608e-01 1.029412e-01 -5.655012e-05
1.617647e-01 1.029412e-01 -1.244327e-05
1.715686e-01 1.029412e-01 3.356489e-05
1.813725e-01 1.029412e-01 3.305117e-05
1.911765e-01 1.029412e-01 9.002490e-07
2.009804e-01 1.029412e-01 -2.223771e-05
2.107843e-01 1.029412e-01 -1.868162e-05
2.205882e-01 1.029412e-01 -1.045167e-06
2.303922e-01 1.029412e-01 1.112459e-05
2.401961e-01 1.029412e-01 1.065699e-05
2.500000e-01 1.029412e-01 3.070807e-06
2.598039e-01 1.029412e-01 -3.399371e-06
2.696078e-01 1.029412e-01 -5.069368e-06
2.794118e-01 1.029412e-01 -3.145110e-06
2.892157e-01 1.029412e-01 -4.632269e-07
2.990196e-01 1.029412e-01 1.152535e-06
3.088235e-01 1.029412e-01 1.455703e-06
3.186275e-01 1.029412e-01 1.042889e-06
3.284314e-01 1.029412e-01 5.088201e-07
3.382353e-01 1.029412e-01 6.815553e-08
3.480392e-01 1.029412e-01 -3.696353e-07
3.578431e-01 1.029412e-01 -9.037759e-07
3.676471e-01 1.029412e-01 -1.346910e-06
3.774510e-01 1.029412e-01 -1.117906e-06
3.872549e-01 1.029412e-01 5.213676e-07
3.970588e-01 1.029412e-01 3.842730e-06
4.068627e-01 1.029412e-01 7.850698e-06
4.166667e-01 1.029412e-01 9.814412e-06
4.264706e-01 1.029412e-01 5.770789e-06
4.362745e-01 1.029412e-01 -7.635636e-06
4.460784e-01 1.029412e-01 -3.032002e-05
4.558824e-01 1.029412e-01 -5.614546e-05
4.656863e-01 1.029412e-01 -7.225837e-05
4.754902e-01 1.029412e-01 -6.176493e-05
4.852941e-01 1.029412e-01 -9.850057e-06
4.950980e-01 1.029412e-01 8.836526e-05
5.049020e-01 1.029412e-01 2.213754e-04
5.147059e-01 1.029412e-01 3.596017e-04
5.245098e-01 1.029412e-01 4.604169e-04
5.343137e-01 1.029412e-01 4.792624e-04
5.441176e-01 1.029412e-01 3.835725e-04
5.539216e-01 1.029412e-01 1.647067e-04
5.637255e-01 1.029412e-01 -1.565455e-04
5.735294e-01 1.029412e-01 -5.331071e-04
5.833333e-01 1.029412e-01 -9.026150e-04
5.931373e-01 1.029412e-01 -1.202672e-03
6.029412e-01 1.029412e-01 -1.385625e-03
6.127451e-01 1.029412e-01 -1.428572e-03
6.225490e-01 1.029412e-01 -1.335919e-03
6.323529e-01 1.029412e-01 -1.135778e-03
6.421569e-01 1.029412e-01 -8.696208e-04
6.519608e-01 1.029412e-01 -5.834422e-04
6.617647e-01 1.029412e-01 -3.164031e-04
6.715686e-01 1.029412e-01 -9.528415e-05
6.813725e-01 1.029412e-01 6.390481e-05
6.911765e-01 1.029412e-01 1.644819e-04
7.009804e-01 1.029412e-01 2.103885e-04
7.107843e-01 1.029412e-01 2.149371e-04
7.205882e-01 1.029412e-01 1.998655e-04
7.303922e-01 1.029412e-01 1.624900e-04
7.401961e-01 1.029412e-01 1.260782e-04
7.500000e-01 1.029412e-01 9.968337e-05
7.598039e-01 1.029412e-01 5.829063e-05
7.696078e-01 1.029412e-01 4.197247e-05
7.794118e-01 1.029412e-01 3.826488e-05
7.892157e-01 1.029412e-01 1.905814e-06
7.990196e-01 1.029412e-01 8.157711e-06
8.088235e-01 1.029412e-01 2.671541e-05
8.186275e-01 1.029412e-01 -2.014285e-05
8.284314e-01 1.029412e-01 -7.951497e-06
8.382353e-01 1.029412e-01 4.056151e-05
8.480392e-01 1.029412e-01 -2.229746e-05
8.578431e-01 1.029412e-01 -3.615872e-05
8.676471e-01 1.029412e-01 5.626339e-05
8.774510e-01 1.029412e-01 8.855192e-06
8.872549e-01 1.029412e-01 -7.681928e-05
8.970588e-01 1.029412e-01 3.120958e-05
9.068627e-01 1.029412e-01 7.819482e-05
9.166667e-01 1.029412e-01 -7.106596e-05
9.264706e-01 1.029412e-01 -6.494746e-05
9.362745e-01 1.029412e-01 1.022391e-04
9.460784e-01 1.029412e-01 4.626746e-05
9.558824e-01 1.029412e-01 -1.225748e-04
9.656863e-01 1.029412e-01 -3.111120e-05
9.754902e-01 1.029412e-01 1.334971e-04
9.852941e-01 1.029412e-01 2.555505e-05
9.950980e-01 1.029412e-01 -1.366213e-04
4.901961e-03 1.127451e-01 -1.141697e-04
1.470588e-02 1.127451e-01 -5.653127e-05
2.450980e-02 1.127451e-01 1.118909e-04
3.431373e-02 1.127451e-01 6.649975e-05
4.411765e-02 1.127451e-01 -9.852845e-05
5.392157e-02 1.127451e-01 -8.186561e-05
6.372549e-02 1.127451e-01 7.224215e-05
7.352941e-02 1.127451e-01 9.503609e-05
8.333333e-02 1.127451e-01 -3.366997e-05
9.313725e-02 1.127451e-01 -9.580459e-05
1.029412e-01 1.127451e-01 -1.043423e-05
1.127451e-01 1.127451e-01 7.606782e-05
1.225490e-01 1.127451e-01 4.613180e-05
1.323529e-01 1.127451e-01 -3.702899e-05
1.421569e-01 1.127451e-01 -5.774955e-05
1.519608e-01 1.127451e-01 -6.405450e-06
1.617647e-01 1.127451e-01 3.977718e-05
1.715686e-01 1.127451e-01 3.187474e-05
1.813725e-01 1.127451e-01 -6.116525e-06
1.911765e-01 1.127451e-01 -2.726231e-05
2.009804e-01 1.127451e-01 -1.708262e-05
2.107843e-01 1.127451e-01 4.594098e-06
2.205882e-01 1.127451e-01 1.518654e-05
2.303922e-01 1.127451e-01 1.029488e-05
2.401961e-01 1.127451e-01 -2.704041e-07
2.500000e-01 1.127451e-01 -6.542463e-06
2.598039e-01 1.127451e-01 -6.062689e-06
2.696078e-01 1.127451e-01 -2.138495e-06
2.794118e-01 1.127451e-01 1.251218e-06
2.892157e-01 1.127451e-01 2.423597e-06
2.990196e-01 1.127451e-01 1.862475e-06
3.088235e-01 1.127451e-01 7.603931e-07
3.186275e-01 1.127451e-01 -8.008680e-08
3.284314e-01 1.127451e-01 -4.921985e-07
3.382353e-01 1.127451e-01 -6.550676e-07
3.480392e-01 1.127451e-01 -7.143828e-07
3.578431e-01 1.127451e-01 -5.732273e-07
3.676471e-01 1.127451e-01 6.018607e-08
3.774510e-01 1.127451e-01 1.378195e-06
3.872549e-01 1.127451e-01 3.045037e-06
3.970588e-01 1.127451e-01 3.889786e-06
4.068627e-01 1.127451e-01 2.076743e-06
4.166667e-01 1.127451e-01 -3.986995e-06
4.264706e-01 1.127451e-01 -1.412281e-05
4.362745e-01 1.127451e-01 -2.489321e-05
4.460784e-01 1.127451e-01 -2.922312e-05
4.558824e-01 1.127451e-01 -1.809178e-05
4.656863e-01 1.127451e-01 1.553347e-05
4.754902e-01 1.127451e-01 7.160548e-05
4.852941e-01 1.127451e-01 1.389510e-04
4.950980e-01 1.127451e-01 1.947460e-04
5.049020e-01 1.127451e-01 2.090157e-04
5.147059e-01 1.127451e-01 1.536587e-04
5.245098e-01 1.127451e-01 1.329477e-05
5.343137e-01 1.127451e-01 -2.060960e-04
5.441176e-01 1.127451e-01 -4.744748e-04
5.539216e-01 1.127451e-01 -7.427654e-04
5.637255e-01 1.127451e-01 -9.545353e-04
5.735294e-01 1.127451e-01 -1.060731e-03
5.833333e-01 1.127451e-01 -1.032754e-03
5.931373e-01 1.127451e-01 -8.696874e-04
6.029412e-01 1.127451e-01 -5.979183e-04
6.127451e-01 1.127451e-01 -2.633886e-04
6.225490e-01 1.127451e-01 7.998753e-05
6.323529e-01 1.127451e-01 3.827913e-04
6.421569e-01 1.127451e-01 6.097998e-04
6.519608e-01 1.127451e-01 7.433694e-04
6.617647e-01 1.127451e-01 7.859565e-04
6.715686e-01 1.127451e-01 7.512163e-04
6.813725e-01 1.127451e-01 6.629201e-04
6.911765e-01 1.127451e-01 5.471582e-04
7.009804e-01 1.127451e-01 4.206377e-04
7.107843e-01 1.127451e-01 3.068026e-04
7.205882e-01 1.127451e-01 2.094861e-04
7.303922e-01 1.127451e-01 1.289810e-04
7.401961e-01 1.127451e-01 8.114205e-05
7.500000e-01 1.127451e-01 4.060221e-05
7.598039e-01 1.127451e-01 1.199908e-05
7.696078e-01 1.127451e-01 1.450709e-05
7.794118e-01 1.127451e-01 -3.597376e-06
7.892157e-01 1.127451e-01 -1.414308e-05
7.990196e-01 1.127451e-01 1.390894e-05
8.088235e-01 1.127451e-01 -6.919083e-06
8.186275e-01 1.127451e-01 -2.411122e-05
8.284314e-01 1.127451e-01 2.571234e-05
8.382353e-01 1.127451e-01 3.958533e-06
8.480392e-01 1.127451e-01 -4.264254e-05
8.578431e-01 1.127451e-01 2.658253e-05
8.676471e-01 1.127451e-01 3.535561e-05
8.774510e-01 1.127451e-01 -5.893593e-05
8.872549e-01 1.127451e-01 -9.127035e-06
8.970588e-01 1.127451e-01 7.800914e-05
9.068627e-01 1.127451e-01 -2.728334e-05
9.166667e-01 1.127451e-01 -8.134457e-05
9.264706e-01 1.127451e-01 6.239198e-05
9.362745e-01 1.127451e-01 7.348827e-05
9.460784e-01 1.127451e-01 -8.956620e-05
9.558824e-01 1.127451e-01 -6.246564e-05
9.656863e-01 1.127451e-01 1.067358e-04
9.754902e-01 1.127451e-01 5.539560e-05
9.852941e-01 1.127451e-01 -1.141697e-04
9.950980e-01 1.127451e-01 -5.653127e-05
4.901961e-03 1.225490e-01 -7.696561e-05
1.470588e-02 1.225490e-01 8.479019e-05
2.450980e-02 1.225490e-01 8.135562e-05
3.431373e-02 1.225490e-01 -7.565352e-05
4.411765e-02 1.225490e-01 -8.956090e-05
5.392157e-02 1.225490e-01 5.461585e-05
6.372549e-02 1.225490e-01 9.626883e-05
7.352941e-02 1.225490e-01 -2.268567e-05
8.333333e-02 1.225490e-01 -9.357082e-05
9.313725e-02 1.225490e-01 -1.465238e-05
1.029412e-01 1.225490e-01 7.450866e-05
1.127451e-01 1.225490e-01 4.613180e-05
1.225490e-01 1.225490e-01 -3.884892e-05
1.323529e-01 1.225490e-01 -5.811105e-05
1.421569e-01 1.225490e-01 -2.400945e-06
1.519608e-01 1.225490e-01 4.372098e-05
1.617647e-01 1.225490e-01 3.010360e-05
1.715686e-01 1.225490e-01 -1.202019e-05
1.813725e-01 1.225490e-01 -3.055781e-05
1.911765e-01 1.225490e-01 -1.439266e-05
2.009804e-01 1.225490e-01 9.985773e-06
2.107843e-01 1.225490e-01 1.792344e-05
2.205882e-01 1.225490e-01 8.537279e-06
2.303922e-01 1.225490e-01 -4.117229e-06
2.401961e-01 1.225490e-01 -9.089574e-06
2.500000e-01 1.225490e-01 -5.919208e-06
2.598039e-01 1.225490e-01 -2.347394e-07
2.696078e-01 1.225490e-01 3.186821e-06
2.794118e-01 1.225490e-01 3.311038e-06
2.892157e-01 1.225490e-01 1.650049e-06
2.990196e-01 1.225490e-01 -1.266998e-08
3.088235e-01 1.225490e-01 -8.483192e-07
3.186275e-01 1.225490e-01 -9.381545e-07
3.284314e-01 1.225490e-01 -6.936600e-07
3.382353e-01 1.225490e-01 -3.898275e-07
3.480392e-01 1.225490e-01 -3.331292e-08
3.578431e-01 1.225490e-01 4.948448e-07
3.676471e-01 1.225490e-01 1.168653e-06
3.774510e-01 1.225490e-01 1.585924e-06
3.872549e-01 1.225490e-01 9.650221e-07
3.970588e-01 1.225490e-01 -1.471649e-06
4.068627e-01 1.225490e-01 -5.735737e-06
4.166667e-01 1.225490e-01 -1.024357e-05
4.264706e-01 1.225490e-01 -1.151879e-05
4.362745e-01 1.225490e-01 -5.056542e-06
4.460784e-01 1.225490e-01 1.243090e-05
4.558824e-01 1.225490e-01 3.996041e-05
4.656863e-01 1.225490e-01 6.981016e-05
4.754902e-01 1.225490e-01 8.735760e-05
4.852941e-01 1.225490e-01 7.438351e-05
4.950980e-01 1.225490e-01 1.558943e-05
5.049020e-01 1.225490e-01 -9.363746e-05
5.147059e-01 1.225490e-01 -2.413380e-04
5.245098e-01 1.225490e-01 -3.979833e-04
5.343137e-01 1.225490e-01 -5.218249e-04
5.441176e-01 1.225490e-01 -5.696128e-04
5.539216e-01 1.225490e-01 -5.094308e-04
5.637255e-01 1.225490e-01 -3.312935e-04
5.735294e-01 1.225490e-01 -5.179021e-05
5.833333e-01 1.225490e-01 2.889045e-04
5.931373e-01 1.225490e-01 6.366495e-04
6.029412e-01 1.225490e-01 9.363681e-04
6.127451e-01 1.225490e-01 1.144686e-03
6.225490e-01 1.225490e-01 1.238019e-03
6.323529e-01 1.225490e-01 1.215800e-03
6.421569e-01 1.225490e-01 1.096411e-03
6.519608e-01 1.225490e-01 9.111748e-04
6.617647e-01 1.225490e-01 6.958199e-04
6.715686e-01 1.225490e-01 4.809614e-04
6.813725e-01 1.225490e-01 2.929747e-04
6.911765e-01 1.225490e-01 1.426261e-04
7.009804e-01 1.225490e-01 3.503121e-05
7.107843e-01 1.225490e-01 -2.930727e-05
7.205882e-01 1.225490e-01 -6.726324e-05
7.303922e-01 1.225490e-01 -7.684154e-05
7.401961e-01 1.225490e-01 -6.995015e-05
7.500000e-01 1.225490e-01 -6.748653e-05
7.598039e-01 1.225490e-01 -4.629218e-05
7.696078e-01 1.225490e-01 -3.043391e-05
7.794118e-01 1.225490e-01 -3.568297e-05
7.892157e-01 1.225490e-01 -1.001232e-05
7.990196e-01 1.225490e-01 -6.868260e-07
8.088235e-01 1.225490e-01 -2.623226e-05
8.186275e-01 1.225490e-01 4.369062e-06
8.284314e-01 1.225490e-01 1.920601e-05
8.382353e-01 1.225490e-01 -3.177133e-05
8.480392e-01 1.225490e-01 -2.742517e-06
8.578431e-01 1.225490e-01 4.305519e-05
8.676471e-01 1.225490e-01 -2.906034e-05
8.774510e-01 1.225490e-01 -3.641904e-05
8.872549e-01 1.225490e-01 5.893113e-05
8.970588e-01 1.225490e-01 1.265649e-05
9.068627e-01 1.225490e-01 -7.791987e-05
9.166667e-01 1.225490e-01 1.861483e-05
9.264706e-01 1.225490e-01 8.416328e-05
9.362745e-01 1.225490e-01 -4.817124e-05
9.460784e-01 1.225490e-01 -8.203317e-05
9.558824e-01 1.225490e-01 7.031852e-05
9.656863e-01 1.225490e-01 7.791880e-05
9.754902e-01 1.225490e-01 -8.276938e-05
9.852941e-01 1.225490e-01 -7.696561e-05
9.950980e-01 1.225490e-01 8.479019e-05
4.901961e-03 1.323529e-01 5.134504e-05
1.470588e-02 1.323529e-01 9.044501e-05
2.450980e-02 1.323529e-01 -4.719325e-05
3.431373e-02 1.323529e-01 -9.368036e-05
4.411765e-02 1.323529e-01 3.207956e-05
5.392157e-02 1.323529e-01 9.500279e-05
6.372549e-02 1.323529e-01 -7.303896e-06
7.352941e-02 1.323529e-01 -8.879969e-05
8.333333e-02 1.323529e-01 -2.246199e-05
9.313725e-02 1.323529e-01 6.968842e-05
1.029412e-01 1.323529e-01 4.808127e-05
1.127451e-01 1.323529e-01 -3.702899e-05
1.225490e-01 1.323529e-01 -5.811105e-05
1.323529e-01 1.323529e-01 -1.004609e-06
1.421569e-01 1.323529e-01 4.560920e-05
1.519608e-01 1.323529e-01 2.864446e-05
1.617647e-01 1.323529e-01 -1.620272e-05
1.715686e-01 1.323529e-01 -3.244338e-05
1.813725e-01 1.323529e-01 -1.149514e-05
1.911765e-01 1.323529e-01 1.449303e-05
2.009804e-01 1.323529e-01 1.939533e-05
2.107843e-01 1.323529e-01 5.980549e-06
2.205882e-01 1.323529e-01 -7.814913e-06
2.303922e-01 1.323529e-01 -1.072339e-05
2.401961e-01 1.323529e-01 -4.768245e-06
2.500000e-01 1.323529e-01 2.143194e-06
2.598039e-01 1.323529e-01 4.890928e-06
2.696078e-01 1.323529e-01 3.546389e-06
2.794118e-01 1.323529e-01 8.067082e-07
2.892157e-01 1.323529e-01 -1.098257e-06
2.990196e-01 1.323529e-01 -1.567709e-06
3.088235e-01 1.323529e-01 -1.119457e-06
3.186275e-01 1.323529e-01 -4.628218e-07
3.284314e-01 1.323529e-01 2.887659e-08
3.382353e-01 1.323529e-01 3.416495e-07
3.480392e-01 1.323529e-01 5.829094e-07
3.578431e-01 1.323529e-01 7.328058e-07
3.676471e-01 1.323529e-01 5.405183e-07
3.774510e-01 1.323529e-01 -3.525367e-07
3.872549e-01 1.323529e-01 -2.058577e-06
3.970588e-01 1.323529e-01 -3.991291e-06
4.068627e-01 1.323529e-01 -4.618121e-06
4.166667e-01 1.323529e-01 -1.795118e-06
4.264706e-01 1.323529e-01 6.102475e-06
4.362745e-01 1.323529e-01 1.848276e-05
4.460784e-01 1.323529e-01 3.105442e-05
4.558824e-01 1.323529e-01 3.566653e-05
4.656863e-01 1.323529e-01 2.234556e-05
4.754902e-01 1.323529e-01 -1.647949e-05
4.852941e-01 1.323529e-01 -8.080997e-05
4.950980e-01 1.323529e-01 -1.591921e-04
5.049020e-01 1.323529e-01 -2.284254e-04
5.147059e-01 1.323529e-01 -2.581059e-04
5.245098e-01 1.323529e-01 -2.193250e-04
5.343137e-01 1.323529e-01 -9.489054e-05
5.441176e-01 1.323529e-01 1.126180e-04
5.539216e-01 1.323529e-01 3.782197e-04
5.637255e-01 1.323529e-01 6.587782e-04
5.735294e-01 1.323529e-01 9.030713e-04
5.833333e-01 1.323529e-01 1.064597e-03
5.931373e-01 1.323529e-01 1.112994e-03
6.029412e-01 1.323529e-01 1.040843e-03
6.127451e-01 1.323529e-01 8.639666e-04
6.225490e-01 1.323529e-01 6.159255e-04
6.323529e-01 1.323529e-01 3.391368e-04
6.421569e-01 1.323529e-01 7.425866e-05
6.519608e-01 1.323529e-01 -1.460168e-04
6.617647e-01 1.323529e-01 -3.038587e-04
6.715686e-01 1.323529e-01 -3.940401e-04
6.813725e-01 1.323529e-01 -4.223530e-04
6.911765e-01 1.323529e-01 -4.053909e-04
7.009804e-01 1.323529e-01 -3.549590e-04
7.107843e-01 1.323529e-01 -2.909408e-04
7.205882e-01 1.323529e-01 -2.263997e-04
7.303922e-01 1.323529e-01 -1.607419e-04
7.401961e-01 1.323529e-01 -1.138387e-04
7.500000e-01 1.323529e-01 -7.624768e-05
7.598039e-01 1.323529e-01 -3.897551e-05
7.696078e-01 1.323529e-01 -3.087253e-05
7.794118e-01 1.323529e-01 -1.787988e-05
7.892157e-01 1.323529e-01 5.358502e-06
7.990196e-01 1.323529e-01 -1.212820e-05
8.088235e-01 1.323529e-01 -8.718507e-06
8.186275e-01 1.323529e-01 2.192440e-05
8.284314e-01 1.323529e-01 -1.060022e-05
8.382353e-01 1.323529e-01 -2.026923e-05
8.480392e-01 1.323529e-01 3.315749e-05
8.578431e-01 1.323529e-01 1.485693e-06
8.676471e-01 1.323529e-01 -4.415878e-05
8.774510e-01 1.323529e-01 2.830025e-05
8.872549e-01 1.323529e-01 3.877186e-05
8.970588e-01 1.323529e-01 -5.633708e-05
9.068627e-01 1.323529e-01 -1.935290e-05
9.166667e-01 1.323529e-01 7.557905e-05
9.264706e-01 1.323529e-01 -5.731602e-06
9.362745e-01 1.323529e-01 -8.483502e-05
9.460784e-01 1.323529e-01 2.880931e-05
9.558824e-01 1.323529e-01 8.761162e-05
9.656863e-01 1.323529e-01 -4.484163e-05
9.754902e-01 1.323529e-01 -8.846386e-05
9.852941e-01 1.323529e-01 5.134504e-05
9.950980e-01 1.323529e-01 9.044501e-05
4.901961e-03 1.421569e-01 8.989788e-05
1.470588e-02 1.421569e-01 -1.564191e-05
2.450980e-02 1.421569e-01 -9.102348e-05
3.431373e-02 1.421569e-01 6.590322e-06
4.411765e-02 1.421569e-01 8.897252e-05
5.392157e-02 1.421569e-01 1.079845e-05
6.372549e-02 1.421569e-01 -8.026898e-05
7.352941e-02 1.421569e-01 -3.256472e-05
8.333333e-02 1.421569e-01 6.127534e-05
9.313725e-02 1.421569e-01 5.132097e-05
1.029412e-01 1.421569e-01 -3.162376e-05
1.127451e-01 1.421569e-01 -5.774955e-05
1.225490e-01 1.421569e-01 -2.400945e-06
1.323529e-01 1.421569e-01 4.560920e-05
1.421569e-01 1.421569e-01 2.809017e-05
1.519608e-01 1.421569e-01 -1.835349e-05
1.617647e-01 1.421569e-01 -3.334653e-05
1.715686e-01 1.421569e-01 -9.136371e-06
1.813725e-01 1.421569e-01 1.778711e-05
1.911765e-01 1.421569e-01 1.994105e-05
2.009804e-01 1.421569e-01 3.273404e-06
2.107843e-01 1.421569e-01 -1.091874e-05
2.205882e-01 1.421569e-01 -1.145192e-05
2.303922e-01 1.421569e-01 -2.975728e-06
2.401961e-01 1.421569e-01 4.542102e-06
2.500000e-01 1.421569e-01 6.068022e-06
2.598039e-01 1.421569e-01 3.097064e-06
2.696078e-01 1.421569e-01 -4.812385e-07
2.794118e-01 1.421569e-01 -2.223408e-06
2.892157e-01 1.421569e-01 -2.015277e-06
2.990196e-01 1.421569e-01 -9.386696e-07
3.088235e-01 1.421569e-01 2.129048e-08
3.186275e-01 1.421569e-01 4.983780e-07
3.284314e-01 1.421569e-01 5.960816e-07
3.382353e-01 1.421569e-01 5.258498e-07
3.480392e-01 1.421569e-01 3.597300e-07
3.578431e-01 1.421569e-01 2.352519e-10
3.676471e-01 1.421569e-01 -6.607721e-07
3.774510e-01 1.421569e-01 -1.486406e-06
3.872549e-01 1.421569e-01 -1.897044e-06
3.970588e-01 1.421569e-01 -9.357729e-07
4.068627e-01 1.421569e-01 2.241993e-06
4.166667e-01 1.421569e-01 7.500764e-06
4.264706e-01 1.421569e-01 1.285424e-05
4.362745e-01 1.421569e-01 1.423819e-05
4.460784e-01 1.421569e-01 6.545735e-06
4.558824e-01 1.421569e-01 -1.392686e-05
4.656863e-01 1.421569e-01 -4.628460e-05
4.754902e-01 1.421569e-01 -8.251832e-05
4.852941e-01 1.421569e-01 -1.073376e-04
4.950980e-01 1.421569e-01 -1.014063e-04
5.049020e-01 1.421569e-01 -4.766696e-05
5.147059e-01 1.421569e-01 6.113811e-05
5.245098e-01 1.421569e-01 2.166416e-04
5.343137e-01 1.421569e-01 3.934550e-04
5.441176e-01 1.421569e-01 5.535116e-04
5.539216e-01 1.421569e-01 6.553230e-04
5.637255e-01 1.421569e-01 6.653533e-04
5.735294e-01 1.421569e-01 5.677942e-04
5.833333e-01 1.421569e-01 3.695358e-04
5.931373e-01 1.421569e-01 9.875598e-05
6.029412e-01 1.421569e-01 -2.020638e-04
6.127451e-01 1.421569e-01 -4.866332e-04
6.225490e-01 1.421569e-01 -7.149373e-04
6.323529e-01 1.421569e-01 -8.612215e-04
6.421569e-01 1.421569e-01 -9.169073e-04
6.519608e-01 1.421569e-01 -8.891414e-04
6.617647e-01 1.421569e-01 -7.977721e-04
6.715686e-01 1.421569e-01 -6.658831e-04
6.813725e-01 1.421569e-01 -5.195073e-04
6.911765e-01 1.421569e-01 -3.780613e-04
7.009804e-01 1.421569e-01 -2.531082e-04
7.107843e-01 1.421569e-01 -1.570670e-04
7.205882e-01 1.421569e-01 -8.382254e-05
7.303922e-01 1.421569e-01 -3.438724e-05
7.401961e-01 1.421569e-01 -1.058195e-05
7.500000e-01 1.421569e-01 1.047987e-05
7.598039e-01 1.421569e-01 1.564431e-05
7.696078e-01 1.421569e-01 7.625868e-06
7.794118e-01 1.421569e-01 1.929156e-05
7.892157e-01 1.421569e-01 1.201527e-05
7.990196e-01 1.421569e-01 -5.860848e-06
8.088235e-01 1.421569e-01 1.636608e-05
8.186275e-01 1.421569e-01 9.498590e-06
8.284314e-01 1.421569e-01 -2.123573e-05
8.382353e-01 1.421569e-01 1.374240e-05
8.480392e-01 1.421569e-01 2.131216e-05
8.578431e-01 1.421569e-01 -3.331461e-05
8.676471e-01 1.421569e-01 -2.207279e-06
8.774510e-01 1.421569e-01 4.508041e-05
8.872549e-01 1.421569e-01 -2.454741e-05
8.970588e-01 1.421569e-01 -4.215648e-05
9.068627e-01 1.421569e-01 5.063749e-05
9.166667e-01 1.421569e-01 2.829990e-05
9.264706e-01 1.421569e-01 -6.979606e-05
9.362745e-01 1.421569e-01 -1.014631e-05
9.460784e-01 1.421569e-01 8.116935e-05
9.558824e-01 1.421569e-01 -5.800795e-06
9.656863e-01 1.421569e-01 -8.697770e-05
9.754902e-01 1.421569e-01 1.516332e-05
9.852941e-01 1.421569e-01 8.989788e-05
9.950980e-01 1.421569e-01 -1.564191e-05
4.901961e-03 1.519608e-01 1.466873e-05
1.470588e-02 1.519608e-01 -7.936331e-05
2.450980e-02 1.519608e-01 -1.855954e-05
3.431373e-02 1.519608e-01 7.641786e-05
4.411765e-02 1.519608e-01 2.902547e-05
5.392157e-02 1.519608e-01 -6.696575e-05
6.372549e-02 1.519608e-01 -4.297322e-05
7.352941e-02 1.519608e-01 4.902909e-05
8.333333e-02 1.519608e-01 5.459065e-05
9.313725e-02 1.519608e-01 -2.286725e-05
1.029412e-01 1.519608e-01 -5.655012e-05
1.127451e-01 1.519608e-01 -6.405450e-06
1.225490e-01 1.519608e-01 4.372098e-05
1.323529e-01 1.519608e-01 2.864446e-05
1.421569e-01 1.519608e-01 -1.835349e-05
1.519608e-01 1.519608e-01 -3.360534e-05
1.617647e-01 1.519608e-01 -7.829004e-06
1.715686e-01 1.519608e-01 1.976227e-05
1.813725e-01 1.519608e-01 1.999066e-05
1.911765e-01 1.519608e-01 9.631212e-07
2.009804e-01 1.519608e-01 -1.322492e-05
2.107843e-01 1.519608e-01 -1.151122e-05
2.205882e-01 1.519608e-01 -9.798597e-07
2.303922e-01 1.519608e-01 6.624005e-06
2.401961e-01 1.519608e-01 6.640907e-06
2.500000e-01 1.519608e-01 2.126920e-06
2.598039e-01 1.519608e-01 -1.937902e-06
2.696078e-01 1.519608e-01 -3.144373e-06
2.794118e-01 1.519608e-01 -2.070842e-06
2.892157e-01 1.519608e-01 -4.116099e-07
2.990196e-01 1.519608e-01 6.613607e-07
3.088235e-01 1.519608e-01 9.236374e-07
3.186275e-01 1.519608e-01 7.016525e-07
3.284314e-01 1.519608e-01 3.600601e-07
3.382353e-01 1.519608e-01 5.141194e-08
3.480392e-01 1.519608e-01 -2.534047e-07
3.578431e-01 1.519608e-01 -5.886024e-07
3.676471e-01 1.519608e-01 -8.159110e-07
3.774510e-01 1.519608e-01 -5.708801e-07
3.872549e-01 1.519608e-01 5.701125e-07
3.970588e-01 1.519608e-01 2.687893e-06
4.068627e-01 1.519608e-01 5.032973e-06
4.166667e-01 1.519608e-01 5.785657e-06
4.264706e-01 1.519608e-01 2.459110e-06
4.362745e-01 1.519608e-01 -6.854815e-06
4.460784e-01 1.519608e-01 -2.166123e-05
4.558824e-01 1.519608e-01 -3.747044e-05
4.656863e-01 1.519608e-01 -4.554776e-05
4.754902e-01 1.519608e-01 -3.486044e-05
4.852941e-01 1.519608e-01 3.784078e-06
4.950980e-01 1.519608e-01 7.258325e-05
5.049020e-01 1.519608e-01 1.626494e-04
5.147059e-01 1.519608e-01 2.531552e-04
5.245098e-01 1.519608e-01 3.149333e-04
5.343137e-01 1.519608e-01 3.180526e-04
5.441176e-01 1.519608e-01 2.411536e-04
5.539216e-01 1.519608e-01 7.935747e-05
5.637255e-01 1.519608e-01 -1.521790e-04
5.735294e-01 1.519608e-01 -4.205092e-04
5.833333e-01 1.519608e-01 -6.824018e-04
5.931373e-01 1.519608e-01 -8.947031e-04
6.029412e-01 1.519608e-01 -1.024370e-03
6.127451e-01 1.519608e-01 -1.055353e-03
6.225490e-01 1.519608e-01 -9.903863e-04
6.323529e-01 1.519608e-01 -8.486844e-04
6.421569e-01 1.519608e-01 -6.589456e-04
6.519608e-01 1.519608e-01 -4.532385e-04
6.617647e-01 1.519608e-01 -2.593821e-04
6.715686e-01 1.519608e-01 -9.664001e-05
6.813725e-01 1.519608e-01 2.303394e-05
6.911765e-01 1.519608e-01 1.009619e-04
7.009804e-01 1.519608e-01 1.397617e-04
7.107843e-01 1.519608e-01 1.480276e-04
7.205882e-01 1.519608e-01 1.407085e-04
7.303922e-01 1.519608e-01 1.171270e-04
7.401961e-01 1.519608e-01 9.233535e-05
7.500000e-01 1.519608e-01 7.350975e-05
7.598039e-01 1.519608e-01 4.532791e-05
7.696078e-01 1.519608e-01 3.239086e-05
7.794118e-01 1.519608e-01 2.829188e-05
7.892157e-01 1.519608e-01 4.657536e-06
7.990196e-01 1.519608e-01 6.744553e-06
8.088235e-01 1.519608e-01 1.746192e-05
8.186275e-01 1.519608e-01 -1.099889e-05
8.284314e-01 1.519608e-01 -4.633719e-06
8.382353e-01 1.519608e-01 2.432937e-05
8.480392e-01 1.519608e-01 -1.272910e-05
8.578431e-01 1.519608e-01 -2.151739e-05
8.676471e-01 1.519608e-01 3.298425e-05
8.774510e-01 1.519608e-01 5.511015e-06
8.872549e-01 1.519608e-01 -4.502790e-05
8.970588e-01 1.519608e-01 1.804570e-05
9.068627e-01 1.519608e-01 4.574818e-05
9.166667e-01 1.519608e-01 -4.135265e-05
9.264706e-01 1.519608e-01 -3.787326e-05
9.362745e-01 1.519608e-01 5.948198e-05
9.460784e-01 1.519608e-01 2.685603e-05
9.558824e-01 1.519608e-01 -7.124402e-05
9.656863e-01 1.519608e-01 -1.794381e-05
9.754902e-01 1.519608e-01 7.754191e-05
9.852941e-01 1.519608e-01 1.466873e-05
9.950980e-01 1.519608e-01 -7.936331e-05
4.901961e-03 1.617647e-01 -5.858308e-05
1.470588e-02 1.617647e-01 -3.903676e-05
2.450980e-02 1.617647e-01 5.695249e-05
3.431373e-02 1.617647e-01 4.401324e-05
4.411765e-02 1.617647e-01 -4.871631e-05
5.392157e-02 1.617647e-01 -5.115496e-05
6.372549e-02 1.617647e-01 3.320350e-05
7.352941e-02 1.617647e-01 5.619595e-05
8.333333e-02 1.617647e-01 -1.135161e-05
9.313725e-02 1.617647e-01 -5.368215e-05
1.029412e-01 1.617647e-01 -1.244327e-05
1.127451e-01 1.617647e-01 3.977718e-05
1.225490e-01 1.617647e-01 3.010360e-05
1.323529e-01 1.617647e-01 -1.620272e-05
1.421569e-01 1.617647e-01 -3.334653e-05
1.519608e-01 1.617647e-01 -7.829004e-06
1.617647e-01 1.617647e-01 2.041719e-05
1.715686e-01 1.617647e-01 1.991233e-05
1.813725e-01 1.617647e-01 -5.667122e-07
1.911765e-01 1.617647e-01 -1.470795e-05
2.009804e-01 1.617647e-01 -1.123219e-05
2.107843e-01 1.617647e-01 8.306039e-07
2.205882e-01 1.617647e-01 8.217314e-06
2.303922e-01 1.617647e-01 6.715372e-06
2.401961e-01 1.617647e-01 8.991323e-07
2.500000e-01 1.617647e-01 -3.309604e-06
2.598039e-01 1.617647e-01 -3.728989e-06
2.696078e-01 1.617647e-01 -1.749009e-06
2.794118e-01 1.617647e-01 3.445031e-07
2.892157e-01 1.617647e-01 1.313089e-06
2.990196e-01 1.617647e-01 1.200027e-06
3.088235e-01 1.617647e-01 6.198797e-07
3.186275e-01 1.617647e-01 8.396632e-08
3.284314e-01 1.617647e-01 -2.339257e-07
3.382353e-01 1.617647e-01 -3.881570e-07
3.480392e-01 1.617647e-01 -4.502350e-07
3.578431e-01 1.617647e-01 -3.696071e-07
3.676471e-01 1.617647e-01 1.751933e-08
3.774510e-01 1.617647e-01 8.230275e-07
3.872549e-01 1.617647e-01 1.847554e-06
3.970588e-01 1.617647e-01 2.381757e-06
4.068627e-01 1.617647e-01 1.290375e-06
4.166667e-01 1.617647e-01 -2.447690e-06
4.264706e-01 1.617647e-01 -8.792076e-06
4.362745e-01 1.617647e-01 -1.567470e-05
4.460784e-01 1.617647e-01 -1.867562e-05
4.558824e-01 1.617647e-01 -1.197610e-05
4.656863e-01 1.617647e-01 9.230303e-06
4.754902e-01 1.617647e-01 4.546454e-05
4.852941e-01 1.617647e-01 9.016786e-05
4.950980e-01 1.617647e-01 1.289915e-04
5.049020e-01 1.617647e-01 1.422656e-04
5.147059e-01 1.617647e-01 1.105380e-04
5.245098e-01 1.617647e-01 2.164571e-05
5.343137e-01 1.617647e-01 -1.231935e-04
5.441176e-01 1.617647e-01 -3.067819e-04
5.539216e-01 1.617647e-01 -4.982628e-04
5.637255e-01 1.617647e-01 -6.600340e-04
5.735294e-01 1.617647e-01 -7.572028e-04
5.833333e-01 1.617647e-01 -7.666327e-04
5.931373e-01 1.617647e-01 -6.827007e-04
6.029412e-01 1.617647e-01 -5.183014e-04
6.127451e-01 1.617647e-01 -3.008837e-04
6.225490e-01 1.617647e-01 -6.538488e-05
6.323529e-01 1.617647e-01 1.538375e-04
6.421569e-01 1.617647e-01 3.301798e-04
6.519608e-01 1.617647e-01 4.476984e-04
6.617647e-01 1.617647e-01 5.038387e-04
6.715686e-01 1.617647e-01 5.046334e-04
6.813725e-01 1.617647e-01 4.634705e-04
6.911765e-01 1.617647e-01 3.974916e-04
7.009804e-01 1.617647e-01 3.182646e-04
7.107843e-01 1.617647e-01 2.419132e-04
7.205882e-01 1.617647e-01 1.740233e-04
7.303922e-01 1.617647e-01 1.149971e-04
7.401961e-01 1.617647e-01 7.635013e-05
7.500000e-01 1.617647e-01 4.485965e-05
7.598039e-01 1.617647e-01 2.032533e-05
7.696078e-01 1.617647e-01 1.681549e-05
7.794118e-01 1.617647e-01 4.397633e-06
7.892157e-01 1.617647e-01 -5.982735e-06
7.990196e-01 1.617647e-01 8.958525e-06
8.088235e-01 1.617647e-01 -1.163858e-06
8.186275e-01 1.617647e-01 -1.455347e-05
8.284314e-01 1.617647e-01 1.314510e-05
8.382353e-01 1.617647e-01 5.292761e-06
8.480392e-01 1.617647e-01 -2.456867e-05
8.578431e-01 1.617647e-01 1.139477e-05
8.676471e-01 1.617647e-01 2.302157e-05
8.774510e-01 1.617647e-01 -3.071526e-05
8.872549e-01 1.617647e-01 -1.042982e-05
8.970588e-01 1.617647e-01 4.361992e-05
9.068627e-01 1.617647e-01 -8.940648e-06
9.166667e-01 1.617647e-01 -4.804515e-05
9.264706e-01 1.617647e-01 2.852115e-05
9.362745e-01 1.617647e-01 4.587664e-05
9.460784e-01 1.617647e-01 -4.418839e-05
9.558824e-01 1.617647e-01 -4.130779e-05
9.656863e-01 1.617647e-01 5.428088e-05
9.754902e-01 1.617647e-01 3.823681e-05
9.852941e-01 1.617647e-01 -5.858308e-05
9.950980e-01 1.617647e-01 -3.903676e-05
4.901961e-03 1.715686e-01 -5.046669e-05
1.470588e-02 1.715686e-01 3.230632e-05
2.450980e-02 1.715686e-01 5.225126e-05
3.431373e-02 1.715686e-01 -2.677192e-05
4.411765e-02 1.715686e-01 -5.445951e-05
5.392157e-02 1.715686e-01 1.495020e-05
6.372549e-02 1.715686e-01 5.434379e-05
7.352941e-02 1.715686e-01 1.763339e-06
8.333333e-02 1.715686e-01 -4.821211e-05
9.313725e-02 1.715686e-01 -1.950587e-05
1.029412e-01 1.715686e-01 3.356489e-05
1.127451e-01 1.715686e-01 3.187474e-05
1.225490e-01 1.715686e-01 -1.202019e-05
1.323529e-01 1.715686e-01 -3.244338e-05
1.421569e-01 1.715686e-01 -9.136371e-06
1.519608e-01 1.715686e-01 1.976227e-05
1.617647e-01 1.715686e-01 1.991233e-05
1.715686e-01 1.715686e-01 -1.099455e-06
1.813725e-01 1.715686e-01 -1.542329e-05
1.911765e-01 1.715686e-01 -1.092336e-05
2.009804e-01 1.715686e-01 2.174779e-06
2.107843e-01 1.715686e-01 9.291439e-06
2.205882e-01 1.715686e-01 6.495733e-06
2.303922e-01 1.715686e-01 -3.208766e-07
2.401961e-01 1.715686e-01 -4.432056e-06
2.500000e-01 1.715686e-01 -3.971748e-06
2.598039e-01 1.715686e-01 -1.165353e-06
2.696078e-01 1.715686e-01 1.172105e-06
2.794118e-01 1.715686e-01 1.848986e-06
2.892157e-01 1.715686e-01 1.268126e-06
2.990196e-01 1.715686e-01 3.553689e-07
3.088235e-01 1.715686e-01 -2.724199e-07
3.186275e-01 1.715686e-01 -4.920909e-07
3.284314e-01 1.715686e-01 -4.542925e-07
3.382353e-01 1.715686e-01 -3.154486e-07
3.480392e-01 1.715686e-01 -1.108633e-07
3.578431e-01 1.715686e-01 2.093091e-07
3.676471e-01 1.715686e-01 6.402108e-07
3.774510e-01 1.715686e-01 9.717847e-07
3.872549e-01 1.715686e-01 7.464545e-07
3.970588e-01 1.715686e-01 -5.601586e-07
4.068627e-01 1.715686e-01 -3.104246e-06
4.166667e-01 1.715686e-01 -6.129231e-06
4.264706e-01 1.715686e-01 -7.652870e-06
4.362745e-01 1.715686e-01 -4.802149e-06
4.460784e-01 1.715686e-01 4.966893e-06
4.558824e-01 1.715686e-01 2.197263e-05
4.656863e-01 1.715686e-01 4.248360e-05
4.754902e-01 1.715686e-01 5.804423e-05
4.852941e-01 1.715686e-01 5.685892e-05
4.950980e-01 1.715686e-01 2.740441e-05
5.049020e-01 1.715686e-01 -3.662330e-05
5.147059e-01 1.715686e-01 -1.318190e-04
5.245098e-01 1.715686e-01 -2.430606e-04
5.343137e-01 1.715686e-01 -3.453436e-04
5.441176e-01 1.715686e-01 -4.094427e-04
5.539216e-01 1.715686e-01 -4.098635e-04
5.637255e-01 1.715686e-01 -3.325302e-04
5.735294e-01 1.715686e-01 -1.796206e-04
5.833333e-01 1.715686e-01 3.008947e-05
5.931373e-01 1.715686e-01 2.654938e-04
6.029412e-01 1.715686e-01 4.905120e-04
6.127451e-01 1.715686e-01 6.724615e-04
6.225490e-01 1.715686e-01 7.885294e-04
6.323529e-01 1.715686e-01 8.296885e-04
6.421569e-01 1.715686e-01 8.002103e-04
6.519608e-01 1.715686e-01 7.147639e-04
6.617647e-01 1.715686e-01 5.942986e-04
6.715686e-01 1.715686e-01 4.590106e-04
6.813725e-01 1.715686e-01 3.284476e-04
6.911765e-01 1.715686e-01 2.142041e-04
7.009804e-01 1.715686e-01 1.225654e-04
7.107843e-01 1.715686e-01 5.829589e-05
7.205882e-01 1.715686e-01 1.351867e-05
7.303922e-01 1.715686e-01 -1.132294e-05
7.401961e-01 1.715686e-01 -1.995760e-05
7.500000e-01 1.715686e-01 -2.759288e-05
7.598039e-01 1.715686e-01 -2.292275e-05
7.696078e-01 1.715686e-01 -1.497651e-05
7.794118e-01 1.715686e-01 -1.999528e-05
7.892157e-01 1.715686e-01 -8.888011e-06
7.990196e-01 1.715686e-01 3.150780e-07
8.088235e-01 1.715686e-01 -1.447535e-05
8.186275e-01 1.715686e-01 -2.152012e-06
8.284314e-01 1.715686e-01 1.231472e-05
8.382353e-01 1.715686e-01 -1.467537e-05
8.480392e-01 1.715686e-01 -7.423468e-06
8.578431e-01 1.715686e-01 2.380407e-05
8.676471e-01 1.715686e-01 -8.848058e-06
8.774510e-01 1.715686e-01 -2.506593e-05
8.872549e-01 1.715686e-01 2.634742e-05
8.970588e-01 1.715686e-01 1.627590e-05
9.068627e-01 1.715686e-01 -4.001174e-05
9.166667e-01 1.715686e-01 -1.957279e-06
9.264706e-01 1.715686e-01 4.739812e-05
9.362745e-01 1.715686e-01 -1.295970e-05
9.460784e-01 1.715686e-01 -4.979878e-05
9.558824e-01 1.715686e-01 2.476014e-05
9.656863e-01 1.715686e-01 4.999552e-05
9.754902e-01 1.715686e-01 -3.149557e-05
9.852941e-01 1.715686e-01 -5.046669e-05
9.950980e-01 1.715686e-01 3.230632e-05
4.901961e-03 1.813725e-01 6.502338e-06
1.470588e-02 1.813725e-01 5.118465e-05
2.450980e-02 1.813725e-01 -4.058329e-06
3.431373e-02 1.813725e-01 -5.087329e-05
4.411765e-02 1.813725e-01 -3.473950e-06
5.392157e-02 1.813725e-01 4.767802e-05
6.372549e-02 1.813725e-01 1.464373e-05
7.352941e-02 1.813725e-01 -3.948360e-05
8.333333e-02 1.813725e-01 -2.616085e-05
9.313725e-02 1.813725e-01 2.505073e-05
1.029412e-01 1.813725e-01 3.305117e-05
1.127451e-01 1.813725e-01 -6.116525e-06
1.225490e-01 1.813725e-01 -3.055781e-05
1.323529e-01 1.813725e-01 -1.149514e-05
1.421569e-01 1.813725e-01 1.778711e-05
1.519608e-01 1.813725e-01 1.999066e-05
1.617647e-01 1.813725e-01 -5.667122e-07
1.715686e-01 1.813725e-01 -1.542329e-05
1.813725e-01 1.813725e-01 -1.079558e-05
1.911765e-01 1.813725e-01 2.884800e-06
2.009804e-01 1.813725e-01 9.894820e-06
2.107843e-01 1.813725e-01 6.201765e-06
2.205882e-01 1.813725e-01 -1.323948e-06
2.303922e-01 1.813725e-01 -5.242158e-06
2.401961e-01 1.813725e-01 -3.961147e-06
2.500000e-01 1.813725e-01 -4.777112e-07
2.598039e-01 1.813725e-01 1.934275e-06
2.696078e-01 1.813725e-01 2.203363e-06
2.794118e-01 1.813725e-01 1.137113e-06
2.892157e-01 1.813725e-01 -3.626572e-08
2.990196e-01 1.813725e-01 -6.473688e-07
3.088235e-01 1.813725e-01 -6.866156e-07
3.186275e-01 1.813725e-01 -4.432482e-07
3.284314e-01 1.813725e-01 -1.647185e-07
3.382353e-01 1.813725e-01 6.485541e-08
3.480392e-01 1.813725e-01 2.640493e-07
3.578431e-01 1.813725e-01 4.257829e-07
3.676471e-01 1.813725e-01 4.245902e-07
3.774510e-01 1.813725e-01 3.495561e-08
3.872549e-01 1.813725e-01 -9.022376e-07
3.970588e-01 1.813725e-01 -2.203378e-06
4.068627e-01 1.813725e-01 -3.104418e-06
4.166667e-01 1.813725e-01 -2.295934e-06
4.264706e-01 1.813725e-01 1.566591e-06
4.362745e-01 1.813725e-01 8.881976e-06
4.460784e-01 1.813725e-01 1.799282e-05
4.558824e-01 1.813725e-01 2.458252e-05
4.656863e-01 1.813725e-01 2.225323e-05
4.754902e-01 1.813725e-01 4.594418e-06
4.852941e-01 1.813725e-01 -3.164425e-05
4.950980e-01 1.813725e-01 -8.339816e-05
5.049020e-01 1.813725e-01 -1.396468e-04
5.147059e-01 1.813725e-01 -1.825002e-04
5.245098e-01 1.813725e-01 -1.912890e-04
5.343137e-01 1.813725e-01 -1.486929e-04
5.441176e-01 1.813725e-01 -4.693638e-05
5.539216e-01 1.813725e-01 1.081902e-04
5.637255e-01 1.813725e-01 2.971077e-04
5.735294e-01 1.813725e-01 4.903320e-04
5.833333e-01 1.813725e-01 6.553643e-04
5.931373e-01 1.813725e-01 7.644270e-04
6.029412e-01 1.813725e-01 8.007508e-04
6.127451e-01 1.813725e-01 7.617213e-04
6.225490e-01 1.813725e-01 6.581231e-04
6.323529e-01 1.813725e-01 5.107136e-04
6.421569e-01 1.813725e-01 3.441294e-04
6.519608e-01 1.813725e-01 1.823810e-04
6.617647e-01 1.813725e-01 4.358587e-05
6.715686e-01 1.813725e-01 -6.166222e-05
6.813725e-01 1.813725e-01 -1.291152e-04
6.911765e-01 1.813725e-01 -1.636345e-04
7.009804e-01 1.813725e-01 -1.698660e-04
7.107843e-01 1.813725e-01 -1.570304e-04
7.205882e-01 1.813725e-01 -1.358082e-04
7.303922e-01 1.813725e-01 -1.065214e-04
7.401961e-01 1.813725e-01 -8.087827e-05
7.500000e-01 1.813725e-01 -6.041470e-05
7.598039e-01 1.813725e-01 -3.659330e-05
7.696078e-01 1.813725e-01 -2.655513e-05
7.794118e-01 1.813725e-01 -1.991203e-05
7.892157e-01 1.813725e-01 -3.307982e-06
7.990196e-01 1.813725e-01 -7.096062e-06
8.088235e-01 1.813725e-01 -1.009765e-05
8.186275e-01 1.813725e-01 8.896559e-06
8.284314e-01 1.813725e-01 -8.246035e-07
8.382353e-01 1.813725e-01 -1.453173e-05
8.480392e-01 1.813725e-01 1.256583e-05
8.578431e-01 1.813725e-01 8.811182e-06
8.676471e-01 1.813725e-01 -2.312470e-05
8.774510e-01 1.813725e-01 4.370058e-06
8.872549e-01 1.813725e-01 2.644255e-05
8.970588e-01 1.813725e-01 -2.002947e-05
9.068627e-01 1.813725e-01 -2.208395e-05
9.166667e-01 1.813725e-01 3.342726e-05
9.264706e-01 1.813725e-01 1.311491e-05
9.362745e-01 1.813725e-01 -4.243869e-05
9.460784e-01 1.813725e-01 -3.454926e-06
9.558824e-01 1.813725e-01 4.748830e-05
9.656863e-01 1.813725e-01 -3.719249e-06
9.754902e-01 1.813725e-01 -5.003145e-05
9.852941e-01 1.813725e-01 6.502338e-06
9.950980e-01 1.813725e-01 5.118465e-05
4.901961e-03 1.911765e-01 4.049216e-05
1.470588e-02 1.911765e-01 1.524341e-05
2.450980e-02 1.911765e-01 -3.994503e-05
3.431373e-02 1.911765e-01 -1.893134e-05
4.411765e-02 1.911765e-01 3.592659e-05
5.392157e-02 1.911765e-01 2.493818e-05
6.372549e-02 1.911765e-01 -2.755763e-05
7.352941e-02 1.911765e-01 -3.070936e-05
8.333333e-02 1.911765e-01 1.464676e-05
9.313725e-02 1.911765e-01 3.257769e-05
1.029412e-01 1.911765e-01 9.002490e-07
1.127451e-01 1.911765e-01 -2.726231e-05
1.225490e-01 1.911765e-01 -1.439266e-05
1.323529e-01 1.911765e-01 1.449303e-05
1.421569e-01 1.911765e-01 1.994105e-05
1.519608e-01 1.911765e-01 9.631212e-07
1.617647e-01 1.911765e-01 -1.470795e-05
1.715686e-01 1.911765e-01 -1.092336e-05
1.813725e-01 1.911765e-01 2.884800e-06
1.911765e-01 1.911765e-01 1.008758e-05
2.009804e-01 1.911765e-01 6.007955e-06
2.107843e-01 1.911765e-01 -1.973182e-06
2.205882e-01 1.911765e-01 -5.748060e-06
2.303922e-01 1.911765e-01 -3.826521e-06
2.401961e-01 1.911765e-01 1.643775e-07
2.500000e-01 1.911765e-01 2.545547e-06
2.598039e-01 1.911765e-01 2.378111e-06
2.696078e-01 1.911765e-01 8.703258e-07
2.794118e-01 1.911765e-01 -4.735118e-07
2.892157e-01 1.911765e-01 -9.769264e-07
2.990196e-01 1.911765e-01 -7.864246e-07
3.088235e-01 1.911765e-01 -3.473786e-07
3.186275e-01 1.911765e-01 1.659324e-08
3.284314e-01 1.911765e-01 2.144754e-07
3.382353e-01 1.911765e-01 2.900489e-07
3.480392e-01 1.911765e-01 2.830714e-07
3.578431e-01 1.911765e-01 1.569822e-07
3.676471e-01 1.911765e-01 -1.692075e-07
3.774510e-01 1.911765e-01 -6.975685e-07
3.872549e-01 1.911765e-01 -1.199113e-06
3.970588e-01 1.911765e-01 -1.147949e-06
4.068627e-01 1.911765e-01 1.255409e-07
4.166667e-01 1.911765e-01 2.998973e-06
4.264706e-01 1.911765e-01 6.947160e-06
4.362745e-01 1.911765e-01 1.007345e-05
4.460784e-01 1.911765e-01 9.215478e-06
4.558824e-01 1.911765e-01 9.428099e-07
4.656863e-01 1.911765e-01 -1.661777e-05
4.754902e-01 1.911765e-01 -4.171513e-05
4.852941e-01 1.911765e-01 -6.764695e-05
4.950980e-01 1.911765e-01 -8.315070e-05
5.049020e-01 1.911765e-01 -7.496562e-05
5.147059e-01 1.911765e-01 -3.212041e-05
5.245098e-01 1.911765e-01 4.939040e-05
5.343137e-01 1.911765e-01 1.633226e-04
5.441176e-01 1.911765e-01 2.927927e-04
5.539216e-01 1.911765e-01 4.133314e-04
5.637255e-01 1.911765e-01 4.986738e-04
5.735294e-01 1.911765e-01 5.275323e-04
5.833333e-01 1.911765e-01 4.892420e-04
5.931373e-01 1.911765e-01 3.864916e-04
6.029412e-01 1.911765e-01 2.345297e-04
6.127451e-01 1.911765e-01 5.711517e-05
6.225490e-01 1.911765e-01 -1.191435e-04
6.323529e-01 1.911765e-01 -2.705416e-04
6.421569e-01 1.911765e-01 -3.807806e-04
6.519608e-01 1.911765e-01 -4.422387e-04
6.617647e-01 1.911765e-01 -4.569890e-04
6.715686e-01 1.911765e-01 -4.326028e-04
6.813725e-01 1.911765e-01 -3.811786e-04
6.911765e-01 1.911765e-01 -3.159878e-04
7.009804e-01 1.911765e-01 -2.459105e-04
7.107843e-01 1.911765e-01 -1.821428e-04
7.205882e-01 1.911765e-01 -1.274074e-04
7.303922e-01 1.911765e-01 -8.225210e-05
7.401961e-01 1.911765e-01 -5.299675e-05
7.500000e-01 1.911765e-01 -2.945073e-05
7.598039e-01 1.911765e-01 -1.303477e-05
7.696078e-01 1.911765e-01 -1.023945e-05
7.794118e-01 1.911765e-01 -1.012957e-06
7.892157e-01 1.911765e-01 3.931905e-06
7.990196e-01 1.911765e-01 -5.526859e-06
8.088235e-01 1.911765e-01 2.855929e-06
8.186275e-01 1.911765e-01 8.437882e-06
8.284314e-01 1.911765e-01 -9.353924e-06
8.382353e-01 1.911765e-01 -4.329680e-07
8.480392e-01 1.911765e-01 1.483500e-05
8.578431e-01 1.911765e-01 -1.030402e-05
8.676471e-01 1.911765e-01 -1.107490e-05
8.774510e-01 1.911765e-01 2.111471e-05
8.872549e-01 1.911765e-01 1.112318e-06
8.970588e-01 1.911765e-01 -2.653675e-05
9.068627e-01 1.911765e-01 1.185685e-05
9.166667e-01 1.911765e-01 2.634585e-05
9.264706e-01 1.911765e-01 -2.376622e-05
9.362745e-01 1.911765e-01 -2.246110e-05
9.460784e-01 1.911765e-01 3.263866e-05
9.558824e-01 1.911765e-01 1.784722e-05
9.656863e-01 1.911765e-01 -3.809663e-05
9.754902e-01 1.911765e-01 -1.496309e-05
9.852941e-01 1.911765e-01 4.049216e-05
9.950980e-01 1.911765e-01 1.524341e-05
4.901961e-03 2.009804e-01 2.693057e-05
1.470588e-02 2.009804e-01 -2.348856e-05
2.450980e-02 2.009804e-01 -2.819753e-05
3.431373e-02 2.009804e-01 2.042263e-05
4.411765e-02 2.009804e-01 3.030087e-05
5.392157e-02 2.009804e-01 -1.356467e-05
6.372549e-02 2.009804e-01 -3.155698e-05
7.352941e-02 2.009804e-01 3.416564e-06
8.333333e-02 2.009804e-01 2.953260e-05
9.313725e-02 2.009804e-01 8.050107e-06
1.029412e-01 2.009804e-01 -2.223771e-05
1.127451e-01 2.009804e-01 -1.708262e-05
1.225490e-01 2.009804e-01 9.985773e-06
1.323529e-01 2.009804e-01 1.939533e-05
1.421569e-01 2.009804e-01 3.273404e-06
1.519608e-01 2.009804e-01 -1.322492e-05
1.617647e-01 2.009804e-01 -1.123219e-05
1.715686e-01 2.009804e-01 2.174779e-06
1.813725e-01 2.009804e-01 9.894820e-06
1.911765e-01 2.009804e-01 6.007955e-06
2.009804e-01 2.009804e-01 -2.196715e-06
2.107843e-01 2.009804e-01 -5.986400e-06
2.205882e-01 2.009804e-01 -3.689518e-06
2.303922e-01 2.009804e-01 6.489155e-07
2.401961e-01 2.009804e-01 2.973457e-06
2.500000e-01 2.009804e-01 2.421721e-06
2.598039e-01 2.009804e-01 5.530818e-07
2.696078e-01 2.009804e-01 -8.814168e-07
2.794118e-01 2.009804e-01 -1.221800e-06
2.892157e-01 2.009804e-01 -7.882042e-07
2.990196e-01 2.009804e-01 -1.824598e-07
3.088235e-01 2.009804e-01 2.165055e-07
3.186275e-01 2.009804e-01 3.446246e-07
3.284314e-01 2.009804e-01 3.027626e-07
3.382353e-01 2.009804e-01 1.896943e-07
3.480392e-01 2.009804e-01 3.117808e-08
3.578431e-01 2.009804e-01 -1.879747e-07
3.676471e-01 2.009804e-01 -4.340222e-07
3.774510e-01 2.009804e-01 -5.435572e-07
3.872549e-01 2.009804e-01 -2.288830e-07
3.970588e-01 2.009804e-01 7.698492e-07
4.068627e-01 2.009804e-01 2.393172e-06
4.166667e-01 2.009804e-01 3.955243e-06
4.264706e-01 2.009804e-01 4.053659e-06
4.362745e-01 2.009804e-01 9.383153e-07
4.460784e-01 2.009804e-01 -6.577506e-06
4.558824e-01 2.009804e-01 -1.788983e-05
4.656863e-01 2.009804e-01 -2.961200e-05
4.754902e-01 2.009804e-01 -3.550913e-05
4.852941e-01 2.009804e-01 -2.784438e-05
4.950980e-01 2.009804e-01 -7.091096e-08
5.049020e-01 2.009804e-01 4.989188e-05
5.147059e-01 2.009804e-01 1.170625e-04
5.245098e-01 2.009804e-01 1.887589e-04
5.343137e-01 2.009804e-01 2.466173e-04
5.441176e-01 2.009804e-01 2.709949e-04
5.539216e-01 2.009804e-01 2.465050e-04
5.637255e-01 2.009804e-01 1.668907e-04
5.735294e-01 2.009804e-01 3.757589e-05
5.833333e-01 2.009804e-01 -1.249863e-04
5.931373e-01 2.009804e-01 -2.970002e-04
6.029412e-01 2.009804e-01 -4.527941e-04
6.127451e-01 2.009804e-01 -5.705882e-04
6.225490e-01 2.009804e-01 -6.365932e-04
6.323529e-01 2.009804e-01 -6.471605e-04
6.421569e-01 2.009804e-01 -6.078572e-04
6.519608e-01 2.009804e-01 -5.310173e-04
6.617647e-01 2.009804e-01 -4.325975e-04
6.715686e-01 2.009804e-01 -3.273245e-04
6.813725e-01 2.009804e-01 -2.287929e-04
6.911765e-01 2.009804e-01 -1.445982e-04
7.009804e-01 2.009804e-01 -7.862028e-05
7.107843e-01 2.009804e-01 -3.319355e-05
7.205882e-01 2.009804e-01 -2.459005e-06
7.303922e-01 2.009804e-01 1.370374e-05
7.401961e-01 2.009804e-01 1.889559e-05
7.500000e-01 2.009804e-01 2.283313e-05
7.598039e-01 2.009804e-01 1.843616e-05
7.696078e-01 2.009804e-01 1.285511e-05
7.794118e-01 2.009804e-01 1.495426e-05
7.892157e-01 2.009804e-01 6.656704e-06
7.990196e-01 2.009804e-01 1.380805e-06
8.088235e-01 2.009804e-01 9.895221e-06
8.186275e-01 2.009804e-01 7.810237e-07
8.284314e-01 2.009804e-01 -6.631910e-06
8.382353e-01 2.009804e-01 9.932878e-06
8.480392e-01 2.009804e-01 2.987787e-06
8.578431e-01 2.009804e-01 -1.420513e-05
8.676471e-01 2.009804e-01 7.413771e-06
8.774510e-01 2.009804e-01 1.351463e-05
8.872549e-01 2.009804e-01 -1.747158e-05
8.970588e-01 2.009804e-01 -6.839294e-06
9.068627e-01 2.009804e-01 2.453821e-05
9.166667e-01 2.009804e-01 -2.601203e-06
9.264706e-01 2.009804e-01 -2.755989e-05
9.362745e-01 2.009804e-01 1.185494e-05
9.460784e-01 2.009804e-01 2.774393e-05
9.558824e-01 2.009804e-01 -1.891945e-05
9.656863e-01 2.009804e-01 -2.700321e-05
9.754902e-01 2.009804e-01 2.290787e-05
9.852941e-01 2.009804e-01 2.693057e-05
9.950980e-01 2.009804e-01 -2.348856e-05
4.901961e-03 2.107843e-01 -5.533154e-06
1.470588e-02 2.107843e-01 -2.921431e-05
2.450980e-02 2.107843e-01 4.145690e-06
3.431373e-02 2.107843e-01 2.923890e-05
4.411765e-02 2.107843e-01 2.588111e-07
5.392157e-02 2.107843e-01 -2.777907e-05
6.372549e-02 2.107843e-01 -6.926309e-06
7.352941e-02 2.107843e-01 2.350644e-05
8.333333e-02 2.107843e-01 1.403310e-05
9.313725e-02 2.107843e-01 -1.551525e-05
1.029412e-01 2.107843e-01 -1.868162e-05
1.127451e-01 2.107843e-01 4.594098e-06
1.225490e-01 2.107843e-01 1.792344e-05
1.323529e-01 2.107843e-01 5.980549e-06
1.421569e-01 2.107843e-01 -1.091874e-05
1.519608e-01 2.107843e-01 -1.151122e-05
1.617647e-01 2.107843e-01 8.306039e-07
1.715686e-01 2.107843e-01 9.291439e-06
1.813725e-01 2.107843e-01 6.201765e-06
1.911765e-01 2.107843e-01 -1.973182e-06
2.009804e-01 2.107843e-01 -5.986400e-06
2.107843e-01 2.107843e-01 -3.633901e-06
2.205882e-01 2.107843e-01 9.071775e-07
2.303922e-01 2.107843e-01 3.220897e-06
2.401961e-01 2.107843e-01 2.400906e-06
2.500000e-01 2.107843e-01 2.659862e-07
2.598039e-01 2.107843e-01 -1.209781e-06
2.696078e-01 2.107843e-01 -1.375881e-06
2.794118e-01 2.107843e-01 -7.174694e-07
2.892157e-01 2.107843e-01 1.664735e-08
2.990196e-01 2.107843e-01 4.088638e-07
3.088235e-01 2.107843e-01 4.429132e-07
3.186275e-01 2.107843e-01 2.910282e-07
3.284314e-01 2.107843e-01 1.073355e-07
3.382353e-01 2.107843e-01 -4.855036e-08
3.480392e-01 2.107843e-01 -1.766508e-07
3.578431e-01 2.107843e-01 -2.608112e-07
3.676471e-01 2.107843e-01 -2.184202e-07
3.774510e-01 2.107843e-01 7.723623e-08
3.872549e-01 2.107843e-01 6.848131e-07
3.970588e-01 2.107843e-01 1.427514e-06
4.068627e-01 2.107843e-01 1.772345e-06
4.166667e-01 2.107843e-01 9.013279e-07
4.264706e-01 2.107843e-01 -1.916007e-06
4.362745e-01 2.107843e-01 -6.683618e-06
4.460784e-01 2.107843e-01 -1.202069e-05
4.558824e-01 2.107843e-01 -1.489949e-05
4.656863e-01 2.107843e-01 -1.118264e-05
4.754902e-01 2.107843e-01 2.902610e-06
4.852941e-01 2.107843e-01 2.867417e-05
4.950980e-01 2.107843e-01 6.306162e-05
5.049020e-01 2.107843e-01 9.779348e-05
5.147059e-01 2.107843e-01 1.204287e-04
5.245098e-01 2.107843e-01 1.173110e-04
5.343137e-01 2.107843e-01 7.771628e-05
5.441176e-01 2.107843e-01 -2.147919e-06
5.539216e-01 2.107843e-01 -1.167500e-04
5.637255e-01 2.107843e-01 -2.514424e-04
5.735294e-01 2.107843e-01 -3.853740e-04
5.833333e-01 2.107843e-01 -4.962888e-04
5.931373e-01 2.107843e-01 -5.657393e-04
6.029412e-01 2.107843e-01 -5.831818e-04
6.127451e-01 2.107843e-01 -5.479020e-04
6.225490e-01 2.107843e-01 -4.682714e-04
6.323529e-01 2.107843e-01 -3.592846e-04
6.421569e-01 2.107843e-01 -2.383271e-04
6.519608e-01 2.107843e-01 -1.220841e-04
6.617647e-01 2.107843e-01 -2.304450e-05
6.715686e-01 2.107843e-01 5.164111e-05
6.813725e-01 2.107843e-01 9.924552e-05
6.911765e-01 2.107843e-01 1.232419e-04
7.009804e-01 2.107843e-01 1.271569e-04
7.107843e-01 2.107843e-01 1.174685e-04
7.205882e-01 2.107843e-01 1.015795e-04
7.303922e-01 2.107843e-01 8.026404e-05
7.401961e-01 2.107843e-01 6.126208e-05
7.500000e-01 2.107843e-01 4.573992e-05
7.598039e-01 2.107843e-01 2.869334e-05
7.696078e-01 2.107843e-01 2.065251e-05
7.794118e-01 2.107843e-01 1.499570e-05
7.892157e-01 2.107843e-01 3.943971e-06
7.990196e-01 2.107843e-01 5.623151e-06
8.088235e-01 2.107843e-01 6.621144e-06
8.186275e-01 2.107843e-01 -4.929480e-06
8.284314e-01 2.107843e-01 1.046825e-06
8.382353e-01 2.107843e-01 8.513687e-06
8.480392e-01 2.107843e-01 -7.634938e-06
8.578431e-01 2.107843e-01 -4.599602e-06
8.676471e-01 2.107843e-01 1.357807e-05
8.774510e-01 2.107843e-01 -3.307045e-06
8.872549e-01 2.107843e-01 -1.496552e-05
8.970588e-01 2.107843e-01 1.239701e-05
9.068627e-01 2.107843e-01 1.188942e-05
9.166667e-01 2.107843e-01 -1.989551e-05
9.264706e-01 2.107843e-01 -6.269455e-06
9.362745e-01 2.107843e-01 2.472827e-05
9.460784e-01 2.107843e-01 4.222142e-07
9.558824e-01 2.107843e-01 -2.729814e-05
9.656863e-01 2.107843e-01 3.858212e-06
9.754902e-01 2.107843e-01 2.855843e-05
9.852941e-01 2.107843e-01 -5.533154e-06
9.950980e-01 2.107843e-01 -2.921431e-05
4.901961e-03 2.205882e-01 -2.230692e-05
1.470588e-02 2.205882e-01 -9.017933e-06
2.450980e-02 2.205882e-01 2.198446e-05
3.431373e-02 2.205882e-01 1.105665e-05
4.411765e-02 2.205882e-01 -1.969689e-05
5.392157e-02 2.205882e-01 -1.435693e-05
6.372549e-02 2.205882e-01 1.495896e-05
7.352941e-02 2.205882e-01 1.748208e-05
8.333333e-02 2.205882e-01 -7.678988e-06
9.313725e-02 2.205882e-01 -1.837062e-05
1.029412e-01 2.205882e-01 -1.045167e-06
1.127451e-01 2.205882e-01 1.518654e-05
1.225490e-01 2.205882e-01 8.537279e-06
1.323529e-01 2.205882e-01 -7.814913e-06
1.421569e-01 2.205882e-01 -1.145192e-05
1.519608e-01 2.205882e-01 -9.798597e-07
1.617647e-01 2.205882e-01 8.217314e-06
1.715686e-01 2.205882e-01 6.495733e-06
1.813725e-01 2.205882e-01 -1.323948e-06
1.911765e-01 2.205882e-01 -5.748060e-06
2.009804e-01 2.205882e-01 -3.689518e-06
2.107843e-01 2.205882e-01 9.071775e-07
2.205882e-01 2.205882e-01 3.301287e-06
2.303922e-01 2.205882e-01 2.374210e-06
2.401961e-01 2.205882e-01 7.009551e-08
2.500000e-01 2.205882e-01 -1.433633e-06
2.598039e-01 2.205882e-01 -1.456761e-06
2.696078e-01 2.205882e-01 -6.149873e-07
2.794118e-01 2.205882e-01 2.104205e-07
2.892157e-01 2.205882e-01 5.697258e-07
2.990196e-01 2.205882e-01 5.009208e-07
3.088235e-01 2.205882e-01 2.502815e-07
3.186275e-01 2.205882e-01 1.919973e-08
3.284314e-01 2.205882e-01 -1.196894e-07
3.382353e-01 2.205882e-01 -1.780655e-07
3.480392e-01 2.205882e-01 -1.736088e-07
3.578431e-01 2.205882e-01 -8.625517e-08
3.676471e-01 2.205882e-01 1.235448e-07
3.774510e-01 2.205882e-01 4.415416e-07
3.872549e-01 2.205882e-01 7.117358e-07
3.970588e-01 2.205882e-01 6.057281e-07
4.068627e-01 2.205882e-01 -2.708036e-07
4.166667e-01 2.205882e-01 -2.100774e-06
4.264706e-01 2.205882e-01 -4.481178e-06
4.362745e-01 2.205882e-01 -6.153172e-06
4.460784e-01 2.205882e-01 -5.104562e-06
4.558824e-01 2.205882e-01 7.655743e-07
4.656863e-01 2.205882e-01 1.247292e-05
4.754902e-01 2.205882e-01 2.864368e-05
4.852941e-01 2.205882e-01 4.470401e-05
4.950980e-01 2.205882e-01 5.317917e-05
5.049020e-01 2.205882e-01 4.538366e-05
5.147059e-01 2.205882e-01 1.421374e-05
5.245098e-01 2.205882e-01 -4.281417e-05
5.343137e-01 2.205882e-01 -1.214224e-04
5.441176e-01 2.205882e-01 -2.103013e-04
5.539216e-01 2.205882e-01 -2.930765e-04
5.637255e-01 2.205882e-01 -3.520849e-04
5.735294e-01 2.205882e-01 -3.728354e-04
5.833333e-01 2.205882e-01 -3.477939e-04
5.931373e-01 2.205882e-01 -2.783035e-04
6.029412e-01 2.205882e-01 -1.741991e-04
6.127451e-01 2.205882e-01 -5.126035e-05
6.225490e-01 2.205882e-01 7.251267e-05
6.323529e-01 2.205882e-01 1.807046e-04
6.421569e-01 2.205882e-01 2.616629e-04
6.519608e-01 2.205882e-01 3.094463e-04
6.617647e-01 2.205882e-01 3.246903e-04
6.715686e-01 2.205882e-01 3.120384e-04
6.813725e-01 2.205882e-01 2.792973e-04
6.911765e-01 2.205882e-01 2.355399e-04
7.009804e-01 2.205882e-01 1.870773e-04
7.107843e-01 2.205882e-01 1.416429e-04
7.205882e-01 2.205882e-01 1.018877e-04
7.303922e-01 2.205882e-01 6.840313e-05
7.401961e-01 2.205882e-01 4.547696e-05
7.500000e-01 2.205882e-01 2.727726e-05
7.598039e-01 2.205882e-01 1.408768e-05
7.696078e-01 2.205882e-01 1.007093e-05
7.794118e-01 2.205882e-01 3.248388e-06
7.892157e-01 2.205882e-01 -9.791866e-07
7.990196e-01 2.205882e-01 3.904199e-06
8.088235e-01 2.205882e-01 -1.011260e-06
8.186275e-01 2.205882e-01 -4.818866e-06
8.284314e-01 2.205882e-01 5.263892e-06
8.382353e-01 2.205882e-01 5.931306e-07
8.480392e-01 2.205882e-01 -8.511704e-06
8.578431e-01 2.205882e-01 5.505762e-06
8.676471e-01 2.205882e-01 6.570635e-06
8.774510e-01 2.205882e-01 -1.174377e-05
8.872549e-01 2.205882e-01 -1.085806e-06
8.970588e-01 2.205882e-01 1.495176e-05
9.068627e-01 2.205882e-01 -6.174888e-06
9.166667e-01 2.205882e-01 -1.500037e-05
9.264706e-01 2.205882e-01 1.287084e-05
9.362745e-01 2.205882e-01 1.293651e-05
9.460784e-01 2.205882e-01 -1.787618e-05
9.558824e-01 2.205882e-01 -1.042808e-05
9.656863e-01 2.205882e-01 2.095864e-05
9.754902e-01 2.205882e-01 8.853501e-06
9.852941e-01 2.205882e-01 -2.230692e-05
9.950980e-01 2.205882e-01 -9.017933e-06
4.901961e-03 2.303922e-01 -1.575405e-05
1.470588e-02 2.303922e-01 1.088495e-05
2.450980e-02 2.303922e-01 1.636593e-05
3.431373e-02 2.303922e-01 -9.143489e-06
4.411765e-02 2.303922e-01 -1.721979e-05
5.392157e-02 2.303922e-01 5.359148e-06
6.372549e-02 2.303922e-01 1.741307e-05
7.352941e-02 2.303922e-01 8.801066e-08
8.333333e-02 2.303922e-01 -1.569038e-05
9.313725e-02 2.303922e-01 -6.005583e-06
1.029412e-01 2.303922e-01 1.112459e-05
1.127451e-01 2.303922e-01 1.029488e-05
1.225490e-01 2.303922e-01 -4.117229e-06
1.323529e-01 2.303922e-01 -1.072339e-05
1.421569e-01 2.303922e-01 -2.975728e-06
1.519608e-01 2.303922e-01 6.624005e-06
1.617647e-01 2.303922e-01 6.715372e-06
1.715686e-01 2.303922e-01 -3.208766e-07
1.813725e-01 2.303922e-01 -5.242158e-06
1.911765e-01 2.303922e-01 -3.826521e-06
2.009804e-01 2.303922e-01 6.489155e-07
2.107843e-01 2.303922e-01 3.220897e-06
2.205882e-01 2.303922e-01 2.374210e-06
2.303922e-01 2.303922e-01 1.053449e-09
2.401961e-01 2.303922e-01 -1.545465e-06
2.500000e-01 2.303922e-01 -1.490433e-06
2.598039e-01 2.303922e-01 -5.209240e-07
2.696078e-01 2.303922e-01 3.674000e-07
2.794118e-01 2.303922e-01 6.869158e-07
2.892157e-01 2.303922e-01 5.221311e-07
2.990196e-01 2.303922e-01 1.885441e-07
3.088235e-01 2.303922e-01 -7.215245e-08
3.186275e-01 2.303922e-01 -1.860595e-07
3.284314e-01 2.303922e-01 -1.881831e-07
3.382353e-01 2.303922e-01 -1.307834e-07
3.480392e-01 2.303922e-01 -3.457007e-08
3.578431e-01 2.303922e-01 1.012215e-07
3.676471e-01 2.303922e-01 2.506995e-07
3.774510e-01 2.303922e-01 3.143395e-07
3.872549e-01 2.303922e-01 1.206090e-07
3.970588e-01 2.303922e-01 -4.851445e-07
4.068627e-01 2.303922e-01 -1.465961e-06
4.166667e-01 2.303922e-01 -2.404503e-06
4.264706e-01 2.303922e-01 -2.440502e-06
4.362745e-01 2.303922e-01 -4.859387e-07
4.460784e-01 2.303922e-01 4.220950e-06
4.558824e-01 2.303922e-01 1.134764e-05
4.656863e-01 2.303922e-01 1.881523e-05
4.754902e-01 2.303922e-01 2.269450e-05
4.852941e-01 2.303922e-01 1.797790e-05
4.950980e-01 2.303922e-01 2.300573e-07
5.049020e-01 2.303922e-01 -3.231422e-05
5.147059e-01 2.303922e-01 -7.697734e-05
5.245098e-01 2.303922e-01 -1.260191e-04
5.343137e-01 2.303922e-01 -1.676848e-04
5.441176e-01 2.303922e-01 -1.888462e-04
5.539216e-01 2.303922e-01 -1.785323e-04
5.637255e-01 2.303922e-01 -1.312428e-04
5.735294e-01 2.303922e-01 -4.894521e-05
5.833333e-01 2.303922e-01 5.891239e-05
5.931373e-01 2.303922e-01 1.774134e-04
6.029412e-01 2.303922e-01 2.895101e-04
6.127451e-01 2.303922e-01 3.798122e-04
6.225490e-01 2.303922e-01 4.375281e-04
6.323529e-01 2.303922e-01 4.582407e-04
6.421569e-01 2.303922e-01 4.438220e-04
6.519608e-01 2.303922e-01 4.010326e-04
6.617647e-01 2.303922e-01 3.398256e-04
6.715686e-01 2.303922e-01 2.700231e-04
6.813725e-01 2.303922e-01 2.011760e-04
6.911765e-01 2.303922e-01 1.395246e-04
7.009804e-01 2.303922e-01 8.851300e-05
7.107843e-01 2.303922e-01 5.077588e-05
7.205882e-01 2.303922e-01 2.349072e-05
7.303922e-01 2.303922e-01 6.431184e-06
7.401961e-01 2.303922e-01 -1.945886e-06
7.500000e-01 2.303922e-01 -7.994007e-06
7.598039e-01 2.303922e-01 -8.269120e-06
7.696078e-01 2.303922e-01 -6.165555e-06
7.794118e-01 2.303922e-01 -8.182405e-06
7.892157e-01 2.303922e-01 -4.343079e-06
7.990196e-01 2.303922e-01 -8.124179e-07
8.088235e-01 2.303922e-01 -5.641905e-06
8.186275e-01 2.303922e-01 -1.317620e-06
8.284314e-01 2.303922e-01 3.809723e-06
8.382353e-01 2.303922e-01 -5.108222e-06
8.480392e-01 2.303922e-01 -2.594591e-06
8.578431e-01 2.303922e-01 7.775972e-06
8.676471e-01 2.303922e-01 -3.034473e-06
8.774510e-01 2.303922e-01 -8.140642e-06
8.872549e-01 2.303922e-01 8.684161e-06
8.970588e-01 2.303922e-01 5.048671e-06
9.068627e-01 2.303922e-01 -1.300778e-05
9.166667e-01 2.303922e-01 -2.651143e-07
9.264706e-01 2.303922e-01 1.518594e-05
9.362745e-01 2.303922e-01 -4.625933e-06
9.460784e-01 2.303922e-01 -1.575382e-05
9.558824e-01 2.303922e-01 8.440193e-06
9.656863e-01 2.303922e-01 1.566611e-05
9.754902e-01 2.303922e-01 -1.060604e-05
9.852941e-01 2.303922e-01 -1.575405e-05
9.950980e-01 2.303922e-01 1.088495e-05
4.901961e-03 2.401961e-01 -1.669011e-07
1.470588e-02 2.401961e-01 1.532111e-05
2.450980e-02 2.401961e-01 9.120115e-07
3.431373e-02 2.401961e-01 -1.504608e-05
4.411765e-02 2.401961e-01 -3.100316e-06
5.392157e-02 2.401961e-01 1.374170e-05
6.372549e-02 2.401961e-01 6.235744e-06
7.352941e-02 2.401961e-01 -1.084375e-05
8.333333e-02 2.401961e-01 -9.260603e-06
9.313725e-02 2.401961e-01 6.115808e-06
1.029412e-01 2.401961e-01 1.065699e-05
1.127451e-01 2.401961e-01 -2.704041e-07
1.225490e-01 2.401961e-01 -9.089574e-06
1.323529e-01 2.401961e-01 -4.768245e-06
1.421569e-01 2.401961e-01 4.542102e-06
1.519608e-01 2.401961e-01 6.640907e-06
1.617647e-01 2.401961e-01 8.991323e-07
1.715686e-01 2.401961e-01 -4.432056e-06
1.813725e-01 2.401961e-01 -3.961147e-06
1.911765e-01 2.401961e-01 1.643775e-07
2.009804e-01 2.401961e-01 2.973457e-06
2.107843e-01 2.401961e-01 2.400906e-06
2.205882e-01 2.401961e-01 7.009551e-08
2.303922e-01 2.401961e-01 -1.545465e-06
2.401961e-01 2.401961e-01 -1.498789e-06
2.500000e-01 2.401961e-01 -4.656507e-07
2.598039e-01 2.401961e-01 4.682127e-07
2.696078e-01 2.401961e-01 7.602785e-07
2.794118e-01 2.401961e-01 5.200334e-07
2.892157e-01 2.401961e-01 1.217209e-07
2.990196e-01 2.401961e-01 -1.561879e-07
3.088235e-01 2.401961e-01 -2.417353e-07
3.186275e-01 2.401961e-01 -1.958433e-07
3.284314e-01 2.401961e-01 -1.014562e-07
3.382353e-01 2.401961e-01 -4.392521e-09
3.480392e-01 2.401961e-01 8.302350e-08
3.578431e-01 2.401961e-01 1.456718e-07
3.676471e-01 2.401961e-01 1.349282e-07
3.774510e-01 2.401961e-01 -2.482608e-08
3.872549e-01 2.401961e-01 -3.765795e-07
3.970588e-01 2.401961e-01 -8.318775e-07
4.068627e-01 2.401961e-01 -1.088428e-06
4.166667e-01 2.401961e-01 -6.516363e-07
4.264706e-01 2.401961e-01 9.642017e-07
4.362745e-01 2.401961e-01 3.856565e-06
4.460784e-01 2.401961e-01 7.305577e-06
4.558824e-01 2.401961e-01 9.538811e-06
4.656863e-01 2.401961e-01 7.954786e-06
4.754902e-01 2.401961e-01 -6.054698e-08
4.852941e-01 2.401961e-01 -1.585465e-05
4.950980e-01 2.401961e-01 -3.819131e-05
5.049020e-01 2.401961e-01 -6.249068e-05
5.147059e-01 2.401961e-01 -8.114451e-05
5.245098e-01 2.401961e-01 -8.508221e-05
5.343137e-01 2.401961e-01 -6.627210e-05
5.441176e-01 2.401961e-01 -2.040829e-05
5.539216e-01 2.401961e-01 5.113944e-05
5.637255e-01 2.401961e-01 1.408557e-04
5.735294e-01 2.401961e-01 2.363488e-04
5.833333e-01 2.401961e-01 3.230331e-04
5.931373e-01 2.401961e-01 3.874353e-04
6.029412e-01 2.401961e-01 4.201329e-04
6.127451e-01 2.401961e-01 4.176034e-04
6.225490e-01 2.401961e-01 3.824012e-04
6.323529e-01 2.401961e-01 3.221710e-04
6.421569e-01 2.401961e-01 2.472723e-04
6.519608e-01 2.401961e-01 1.687242e-04
6.617647e-01 2.401961e-01 9.594256e-05
6.715686e-01 2.401961e-01 3.526690e-05
6.813725e-01 2.401961e-01 -9.516030e-06
6.911765e-01 2.401961e-01 -3.881465e-05
7.009804e-01 2.401961e-01 -5.390476e-05
7.107843e-01 2.401961e-01 -5.778857e-05
7.205882e-01 2.401961e-01 -5.526784e-05
7.303922e-01 2.401961e-01 -4.719446e-05
7.401961e-01 2.401961e-01 -3.805158e-05
7.500000e-01 2.401961e-01 -3.011327e-05
7.598039e-01 2.401961e-01 -2.035838e-05
7.696078e-01 2.401961e-01 -1.468024e-05
7.794118e-01 2.401961e-01 -1.131889e-05
7.892157e-01 2.401961e-01 -4.445867e-06
7.990196e-01 2.401961e-01 -3.913817e-06
8.088235e-01 2.401961e-01 -4.940345e-06
8.186275e-01 2.401961e-01 1.623572e-06
8.284314e-01 2.401961e-01 1.390211e-09
8.382353e-01 2.401961e-01 -5.097507e-06
8.480392e-01 2.401961e-01 2.982682e-06
8.578431e-01 2.401961e-01 3.550692e-06
8.676471e-01 2.401961e-01 -6.883930e-06
8.774510e-01 2.401961e-01 3.091025e-08
8.872549e-01 2.401961e-01 8.493255e-06
8.970588e-01 2.401961e-01 -4.825495e-06
9.068627e-01 2.401961e-01 -7.807464e-06
9.166667e-01 2.401961e-01 9.130709e-06
9.264706e-01 2.401961e-01 5.557527e-06
9.362745e-01 2.401961e-01 -1.220041e-05
9.460784e-01 2.401961e-01 -2.933685e-06
9.558824e-01 2.401961e-01 1.402800e-05
9.656863e-01 2.401961e-01 9.304224e-07
9.754902e-01 2.401961e-01 -1.497058e-05
9.852941e-01 2.401961e-01 -1.669011e-07
9.950980e-01 2.401961e-01 1.532111e-05
4.901961e-03 2.500000e-01 9.377870e-06
1.470588e-02 2.500000e-01 7.469055e-06
2.450980e-02 2.500000e-01 -9.068043e-06
3.431373e-02 2.500000e-01 -8.274901e-06
4.411765e-02 2.500000e-01 7.584756e-06
5.392157e-02 2.500000e-01 9.380970e-06
6.372549e-02 2.500000e-01 -4.830223e-06
7.352941e-02 2.500000e-01 -1.004008e-05
8.333333e-02 2.500000e-01 1.004083e-06
9.313725e-02 2.500000e-01 9.305852e-06
1.029412e-01 2.500000e-01 3.070807e-06
1.127451e-01 2.500000e-01 -6.542463e-06
1.225490e-01 2.500000e-01 -5.919208e-06
1.323529e-01 2.500000e-01 2.143194e-06
1.421569e-01 2.500000e-01 6.068022e-06
1.519608e-01 2.500000e-01 2.126920e-06
1.617647e-01 2.500000e-01 -3.309604e-06
1.715686e-01 2.500000e-01 -3.971748e-06
1.813725e-01 2.500000e-01 -4.777112e-07
1.911765e-01 2.500000e-01 2.545547e-06
2.009804e-01 2.500000e-01 2.421721e-06
2.107843e-01 2.500000e-01 2.659862e-07
2.205882e-01 2.500000e-01 -1.433633e-06
2.303922e-01 2.500000e-01 -1.490433e-06
2.401961e-01 2.500000e-01 -4.656507e-07
2.500000e-01 2.500000e-01 5.028723e-07
2.598039e-01 2.500000e-01 7.950084e-07
2.696078e-01 2.500000e-01 5.109024e-07
2.794118e-01 2.500000e-01 6.685289e-08
2.892157e-01 2.500000e-01 -2.222894e-07
2.990196e-01 2.500000e-01 -2.822105e-07
3.088235e-01 2.500000e-01 -1.962861e-07
3.186275e-01 2.500000e-01 -7.352924e-08
3.284314e-01 2.500000e-01 2.397701e-08
3.382353e-01 2.500000e-01 8.204717e-08
3.480392e-01 2.500000e-01 1.010537e-07
3.578431e-01 2.500000e-01 6.823096e-08
3.676471e-01 2.500000e-01 -4.080232e-08
3.774510e-01 2.500000e-01 -2.267665e-07
3.872549e-01 2.500000e-01 -4.140724e-07
3.970588e-01 2.500000e-01 -4.195698e-07
4.068627e-01 2.500000e-01 6.585777e-09
4.166667e-01 2.500000e-01 1.034866e-06
4.264706e-01 2.500000e-01 2.528666e-06
4.362745e-01 2.500000e-01 3.837799e-06
4.460784e-01 2.500000e-01 3.774063e-06
4.558824e-01 2.500000e-01 9.137084e-07
4.656863e-01 2.500000e-01 -5.746225e-06
4.754902e-01 2.500000e-01 -1.594292e-05
4.852941e-01 2.500000e-01 -2.746024e-05
4.950980e-01 2.500000e-01 -3.600558e-05
5.049020e-01 2.500000e-01 -3.592774e-05
5.147059e-01 2.500000e-01 -2.174656e-05
5.245098e-01 2.500000e-01 9.901169e-06
5.343137e-01 2.500000e-01 5.855695e-05
5.441176e-01 2.500000e-01 1.191545e-04
5.539216e-01 2.500000e-01 1.825672e-04
5.637255e-01 2.500000e-01 2.374571e-04
5.735294e-01 2.500000e-01 2.729208e-04
5.833333e-01 2.500000e-01 2.811544e-04
5.931373e-01 2.500000e-01 2.593279e-04
6.029412e-01 2.500000e-01 2.101706e-04
6.127451e-01 2.500000e-01 1.411633e-04
6.225490e-01 2.500000e-01 6.263538e-05
6.323529e-01 2.500000e-01 -1.446463e-05
6.421569e-01 2.500000e-01 -8.092944e-05
6.519608e-01 2.500000e-01 -1.303654e-04
6.617647e-01 2.500000e-01 -1.602984e-04
6.715686e-01 2.500000e-01 -1.713413e-04
6.813725e-01 2.500000e-01 -1.665001e-04
6.911765e-01 2.500000e-01 -1.507596e-04
7.009804e-01 2.500000e-01 -1.280171e-04
7.107843e-01 2.500000e-01 -1.032595e-04
7.205882e-01 2.500000e-01 -7.956498e-05
7.303922e-01 2.500000e-01 -5.769112e-05
7.401961e-01 2.500000e-01 -4.103205e-05
7.500000e-01 2.500000e-01 -2.765332e-05
7.598039e-01 2.500000e-01 -1.672442e-05
7.696078e-01 2.500000e-01 -1.166545e-05
7.794118e-01 2.500000e-01 -6.553769e-06
7.892157e-01 2.500000e-01 -2.008470e-06
7.990196e-01 2.500000e-01 -3.469179e-06
8.088235e-01 2.500000e-01 -1.293335e-06
8.186275e-01 2.500000e-01 2.290401e-06
8.284314e-01 2.500000e-01 -2.371805e-06
8.382353e-01 2.500000e-01 -1.630530e-06
8.480392e-01 2.500000e-01 4.383519e-06
8.578431e-01 2.500000e-01 -1.455403e-06
8.676471e-01 2.500000e-01 -4.538503e-06
8.774510e-01 2.500000e-01 5.003224e-06
8.872549e-01 2.500000e-01 2.570399e-06
8.970588e-01 2.500000e-01 -7.532080e-06
9.068627e-01 2.500000e-01 7.039725e-07
9.166667e-01 2.500000e-01 8.575584e-06
9.264706e-01 2.500000e-01 -4.096314e-06
9.362745e-01 2.500000e-01 -8.414667e-06
9.460784e-01 2.500000e-01 6.846446e-06
9.558824e-01 2.500000e-01 7.770636e-06
9.656863e-01 2.500000e-01 -8.626304e-06
9.754902e-01 2.500000e-01 -7.317865e-06
9.852941e-01 2.500000e-01 9.377870e-06
9.950980e-01 2.500000e-01 7.469055e-06
4.901961e-03 2.598039e-01 8.924553e-06
1.470588e-02 2.598039e-01 -1.968441e-06
2.450980e-02 2.598039e-01 -9.073044e-06
3.431373e-02 2.598039e-01 1.050042e-06
4.411765e-02 2.598039e-01 8.971267e-06
5.392157e-02 2.598039e-01 7.588381e-07
6.372549e-02 2.598039e-01 -8.233803e-06
7.352941e-02 2.598039e-01 -3.092434e-06
8.333333e-02 2.598039e-01 6.419939e-06
9.313725e-02 2.598039e-01 5.202074e-06
1.029412e-01 2.598039e-01 -3.399371e-06
1.127451e-01 2.598039e-01 -6.062689e-06
1.225490e-01 2.598039e-01 -2.347394e-07
1.323529e-01 2.598039e-01 4.890928e-06
1.421569e-01 2.598039e-01 3.097064e-06
1.519608e-01 2.598039e-01 -1.937902e-06
1.617647e-01 2.598039e-01 -3.728989e-06
1.715686e-01 2.598039e-01 -1.165353e-06
1.813725e-01 2.598039e-01 1.934275e-06
1.911765e-01 2.598039e-01 2.378111e-06
2.009804e-01 2.598039e-01 5.530818e-07
2.107843e-01 2.598039e-01 -1.209781e-06
2.205882e-01 2.598039e-01 -1.456761e-06
2.303922e-01 2.598039e-01 -5.209240e-07
2.401961e-01 2.598039e-01 4.682127e-07
2.500000e-01 2.598039e-01 7.950084e-07
2.598039e-01 2.598039e-01 5.065092e-07
2.696078e-01 2.598039e-01 3.646313e-08
2.794118e-01 2.598039e-01 -2.635835e-07
2.892157e-01 2.598039e-01 -3.068367e-07
2.990196e-01 2.598039e-01 -1.910034e-07
3.088235e-01 2.598039e-01 -4.662009e-08
3.186275e-01 2.598039e-01 5.174356e-08
3.284314e-01 2.598039e-01 9.130565e-08
3.382353e-01 2.598039e-01 8.628865e-08
3.480392e-01 2.598039e-01 4.703465e-08
3.578431e-01 2.598039e-01 -2.557959e-08
3.676471e-01 2.598039e-01 -1.209051e-07
3.774510e-01 2.598039e-01 -1.901725e-07
3.872549e-01 2.598039e-01 -1.353796e-07
3.970588e-01 2.598039e-01 1.562849e-07
4.068627e-01 2.598039e-01 7.204013e-07
4.166667e-01 2.598039e-01 1.391315e-06
4.264706e-01 2.598039e-01 1.718066e-06
4.362745e-01 2.598039e-01 1.017769e-06
4.460784e-01 2.598039e-01 -1.362881e-06
4.558824e-01 2.598039e-01 -5.598294e-06
4.656863e-01 2.598039e-01 -1.089555e-05
4.754902e-01 2.598039e-01 -1.521709e-05
4.852941e-01 2.598039e-01 -1.546701e-05
4.950980e-01 2.598039e-01 -8.258822e-06
5.049020e-01 2.598039e-01 8.859250e-06
5.147059e-01 2.598039e-01 3.609604e-05
5.245098e-01 2.598039e-01 7.053751e-05
5.343137e-01 2.598039e-01 1.061399e-04
5.441176e-01 2.598039e-01 1.347712e-04
5.539216e-01 2.598039e-01 1.480981e-04
5.637255e-01 2.598039e-01 1.397854e-04
5.735294e-01 2.598039e-01 1.073216e-04
5.833333e-01 2.598039e-01 5.290293e-05
5.931373e-01 2.598039e-01 -1.691861e-05
6.029412e-01 2.598039e-01 -9.265619e-05
6.127451e-01 2.598039e-01 -1.640014e-04
6.225490e-01 2.598039e-01 -2.219231e-04
6.323529e-01 2.598039e-01 -2.602986e-04
6.421569e-01 2.598039e-01 -2.767499e-04
6.519608e-01 2.598039e-01 -2.723164e-04
6.617647e-01 2.598039e-01 -2.510702e-04
6.715686e-01 2.598039e-01 -2.182016e-04
6.813725e-01 2.598039e-01 -1.796235e-04
6.911765e-01 2.598039e-01 -1.404499e-04
7.009804e-01 2.598039e-01 -1.039814e-04
7.107843e-01 2.598039e-01 -7.342987e-05
7.205882e-01 2.598039e-01 -4.881023e-05
7.303922e-01 2.598039e-01 -3.023693e-05
7.401961e-01 2.598039e-01 -1.816675e-05
7.500000e-01 2.598039e-01 -9.079132e-06
7.598039e-01 2.598039e-01 -3.887984e-06
7.696078e-01 2.598039e-01 -2.215393e-06
7.794118e-01 2.598039e-01 8.001986e-07
7.892157e-01 2.598039e-01 1.035659e-06
7.990196e-01 2.598039e-01 -7.669159e-07
8.088235e-01 2.598039e-01 1.912708e-06
8.186275e-01 2.598039e-01 1.369269e-06
8.284314e-01 2.598039e-01 -2.200043e-06
8.382353e-01 2.598039e-01 1.541863e-06
8.480392e-01 2.598039e-01 2.458557e-06
8.578431e-01 2.598039e-01 -3.485583e-06
8.676471e-01 2.598039e-01 -2.260193e-07
8.774510e-01 2.598039e-01 4.752402e-06
8.872549e-01 2.598039e-01 -2.582825e-06
8.970588e-01 2.598039e-01 -4.289455e-06
9.068627e-01 2.598039e-01 5.276659e-06
9.166667e-01 2.598039e-01 2.726846e-06
9.264706e-01 2.598039e-01 -7.141814e-06
9.362745e-01 2.598039e-01 -7.604578e-07
9.460784e-01 2.598039e-01 8.179335e-06
9.558824e-01 2.598039e-01 -9.229910e-07
9.656863e-01 2.598039e-01 -8.669318e-06
9.754902e-01 2.598039e-01 1.903695e-06
9.852941e-01 2.598039e-01 8.924553e-06
9.950980e-01 2.598039e-01 -1.968441e-06
4.901961e-03 2.696078e-01 3.260803e-06
1.470588e-02 2.696078e-01 -6.148181e-06
2.450980e-02 2.696078e-01 -3.580480e-06
3.431373e-02 2.696078e-01 5.726434e-06
4.411765e-02 2.696078e-01 4.330920e-06
5.392157e-02 2.696078e-01 -4.619676e-06
6.372549e-02 2.696078e-01 -5.198728e-06
7.352941e-02 2.696078e-01 2.749211e-06
8.333333e-02 2.696078e-01 5.645385e-06
9.313725e-02 2.696078e-01 -2.894295e-07
1.029412e-01 2.696078e-01 -5.069368e-06
1.127451e-01 2.696078e-01 -2.138495e-06
1.225490e-01 2.696078e-01 3.186821e-06
1.323529e-01 2.696078e-01 3.546389e-06
1.421569e-01 2.696078e-01 -4.812385e-07
1.519608e-01 2.696078e-01 -3.144373e-06
1.617647e-01 2.696078e-01 -1.749009e-06
1.715686e-01 2.696078e-01 1.172105e-06
1.813725e-01 2.696078e-01 2.203363e-06
1.911765e-01 2.696078e-01 8.703258e-07
2.009804e-01 2.696078e-01 -8.814168e-07
2.107843e-01 2.696078e-01 -1.375881e-06
2.205882e-01 2.696078e-01 -6.149873e-07
2.303922e-01 2.696078e-01 3.674000e-07
2.401961e-01 2.696078e-01 7.602785e-07
2.500000e-01 2.696078e-01 5.109024e-07
2.598039e-01 2.696078e-01 3.646313e-08
2.696078e-01 2.696078e-01 -2.774753e-07
2.794118e-01 2.696078e-01 -3.178933e-07
2.892157e-01 2.696078e-01 -1.845863e-07
2.990196e-01 2.696078e-01 -2.467343e-08
3.088235e-01 2.696078e-01 7.523372e-08
3.186275e-01 2.696078e-01 1.026300e-07
3.284314e-01 2.696078e-01 8.215146e-08
3.382353e-01 2.696078e-01 3.900384e-08
3.480392e-01 2.696078e-01 -1.354263e-08
3.578431e-01 2.696078e-01 -6.442018e-08
3.676471e-01 2.696078e-01 -8.761098e-08
3.774510e-01 2.696078e-01 -3.652708e-08
3.872549e-01 2.696078e-01 1.339930e-07
3.970588e-01 2.696078e-01 4.149571e-07
4.068627e-01 2.696078e-01 6.803178e-07
4.166667e-01 2.696078e-01 6.599518e-07
4.264706e-01 2.696078e-01 3.949205e-09
4.362745e-01 2.696078e-01 -1.531379e-06
4.460784e-01 2.696078e-01 -3.808937e-06
4.558824e-01 2.696078e-01 -6.061320e-06
4.656863e-01 2.696078e-01 -6.832512e-06
4.754902e-01 2.696078e-01 -4.254998e-06
4.852941e-01 2.696078e-01 3.307964e-06
4.950980e-01 2.696078e-01 1.640074e-05
5.049020e-01 2.696078e-01 3.370061e-05
5.147059e-01 2.696078e-01 5.169336e-05
5.245098e-01 2.696078e-01 6.506374e-05
5.343137e-01 2.696078e-01 6.782669e-05
5.441176e-01 2.696078e-01 5.493529e-05
5.539216e-01 2.696078e-01 2.388176e-05
5.637255e-01 2.696078e-01 -2.424035e-05
5.735294e-01 2.696078e-01 -8.459594e-05
5.833333e-01 2.696078e-01 -1.494683e-04
5.931373e-01 2.696078e-01 -2.098963e-04
6.029412e-01 2.696078e-01 -2.575741e-04
6.127451e-01 2.696078e-01 -2.865618e-04
6.225490e-01 2.696078e-01 -2.942361e-04
6.323529e-01 2.696078e-01 -2.815337e-04
6.421569e-01 2.696078e-01 -2.522521e-04
6.519608e-01 2.696078e-01 -2.119570e-04
6.617647e-01 2.696078e-01 -1.668378e-04
6.715686e-01 2.696078e-01 -1.221686e-04
6.813725e-01 2.696078e-01 -8.236340e-05
6.911765e-01 2.696078e-01 -4.962493e-05
7.009804e-01 2.696078e-01 -2.485428e-05
7.107843e-01 2.696078e-01 -8.140547e-06
7.205882e-01 2.696078e-01 2.607679e-06
7.303922e-01 2.696078e-01 7.917679e-06
7.401961e-01 2.696078e-01 9.556341e-06
7.500000e-01 2.696078e-01 1.009079e-05
7.598039e-01 2.696078e-01 8.163767e-06
7.696078e-01 2.696078e-01 6.274004e-06
7.794118e-01 2.696078e-01 5.815736e-06
7.892157e-01 2.696078e-01 3.000187e-06
7.990196e-01 2.696078e-01 1.796062e-06
8.088235e-01 2.696078e-01 2.999243e-06
8.186275e-01 2.696078e-01 2.298656e-07
8.284314e-01 2.696078e-01 -6.627771e-07
8.382353e-01 2.696078e-01 2.542872e-06
8.480392e-01 2.696078e-01 -8.114178e-08
8.578431e-01 2.696078e-01 -2.549010e-06
8.676471e-01 2.696078e-01 2.409180e-06
8.774510e-01 2.696078e-01 1.762092e-06
8.872549e-01 2.696078e-01 -3.985406e-06
8.970588e-01 2.696078e-01 1.533827e-07
9.068627e-01 2.696078e-01 4.714073e-06
9.166667e-01 2.696078e-01 -2.260970e-06
9.264706e-01 2.696078e-01 -4.566916e-06
9.362745e-01 2.696078e-01 4.064799e-06
9.460784e-01 2.696078e-01 3.991672e-06
9.558824e-01 2.696078e-01 -5.315918e-06
9.656863e-01 2.696078e-01 -3.445057e-06
9.754902e-01 2.696078e-01 5.999595e-06
9.852941e-01 2.696078e-01 3.260803e-06
9.950980e-01 2.696078e-01 -6.148181e-06
4.901961e-03 2.794118e-01 -1.704465e-06
1.470588e-02 2.794118e-01 -4.966934e-06
2.450980e-02 2.794118e-01 1.472891e-06
3.431373e-02 2.794118e-01 5.060979e-06
4.411765e-02 2.794118e-01 -6.796711e-07
5.392157e-02 2.794118e-01 -4.975292e-06
6.372549e-02 2.794118e-01 -5.825207e-07
7.352941e-02 2.794118e-01 4.429004e-06
8.333333e-02 2.794118e-01 2.030664e-06
9.313725e-02 2.794118e-01 -3.175210e-06
1.029412e-01 2.794118e-01 -3.145110e-06
1.127451e-01 2.794118e-01 1.251218e-06
1.225490e-01 2.794118e-01 3.311038e-06
1.323529e-01 2.794118e-01 8.067082e-07
1.421569e-01 2.794118e-01 -2.223408e-06
1.519608e-01 2.794118e-01 -2.070842e-06
1.617647e-01 2.794118e-01 3.445031e-07
1.715686e-01 2.794118e-01 1.848986e-06
1.813725e-01 2.794118e-01 1.137113e-06
1.911765e-01 2.794118e-01 -4.735118e-07
2.009804e-01 2.794118e-01 -1.221800e-06
2.107843e-01 2.794118e-01 -7.174694e-07
2.205882e-01 2.794118e-01 2.104205e-07
2.303922e-01 2.794118e-01 6.869158e-07
2.401961e-01 2.794118e-01 5.200334e-07
2.500000e-01 2.794118e-01 6.685289e-08
2.598039e-01 2.794118e-01 -2.635835e-07
2.696078e-01 2.794118e-01 -3.178933e-07
2.794118e-01 2.794118e-01 -1.817694e-07
2.892157e-01 2.794118e-01 -1.219808e-08
2.990196e-01 2.794118e-01 9.096302e-08
3.088235e-01 2.794118e-01 1.116167e-07
3.186275e-01 2.794118e-01 8.064892e-08
3.284314e-01 2.794118e-01 3.322988e-08
3.382353e-01 2.794118e-01 -1.038242e-08
3.480392e-01 2.794118e-01 -4.097483e-08
3.578431e-01 2.794118e-01 -4.773033e-08
3.676471e-01 2.794118e-01 -1.232107e-08
3.774510e-01 2.794118e-01 7.998012e-08
3.872549e-01 2.794118e-01 2.121810e-07
3.970588e-01 2.794118e-01 3.049662e-07
4.068627e-01 2.794118e-01 2.115507e-07
4.166667e-01 2.794118e-01 -2.318479e-07
4.264706e-01 2.794118e-01 -1.088715e-06
4.362745e-01 2.794118e-01 -2.168155e-06
4.460784e-01 2.794118e-01 -2.912165e-06
4.558824e-01 2.794118e-01 -2.427726e-06
4.656863e-01 2.794118e-01 2.596100e-07
4.754902e-01 2.794118e-01 5.740440e-06
4.852941e-01 2.794118e-01 1.367411e-05
4.950980e-01 2.794118e-01 2.238570e-05
5.049020e-01 2.794118e-01 2.884821e-05
5.147059e-01 2.794118e-01 2.919151e-05
5.245098e-01 2.794118e-01 1.968909e-05
5.343137e-01 2.794118e-01 -2.034894e-06
5.441176e-01 2.794118e-01 -3.597082e-05
5.539216e-01 2.794118e-01 -7.924462e-05
5.637255e-01 2.794118e-01 -1.264184e-04
5.735294e-01 2.794118e-01 -1.705388e-04
5.833333e-01 2.794118e-01 -2.046487e-04
5.931373e-01 2.794118e-01 -2.233343e-04
6.029412e-01 2.794118e-01 -2.238557e-04
6.127451e-01 2.794118e-01 -2.066232e-04
6.225490e-01 2.794118e-01 -1.748450e-04
6.323529e-01 2.794118e-01 -1.337208e-04
6.421569e-01 2.794118e-01 -8.910639e-05
6.519608e-01 2.794118e-01 -4.652368e-05
6.617647e-01 2.794118e-01 -1.015499e-05
6.715686e-01 2.794118e-01 1.761793e-05
6.813725e-01 2.794118e-01 3.585573e-05
6.911765e-01 2.794118e-01 4.556991e-05
7.009804e-01 2.794118e-01 4.805232e-05
7.107843e-01 2.794118e-01 4.538614e-05
7.205882e-01 2.794118e-01 4.000577e-05
7.303922e-01 2.794118e-01 3.266756e-05
7.401961e-01 2.794118e-01 2.559608e-05
7.500000e-01 2.794118e-01 1.943735e-05
7.598039e-01 2.794118e-01 1.329862e-05
7.696078e-01 2.794118e-01 9.532534e-06
7.794118e-01 2.794118e-01 6.703819e-06
7.892157e-01 2.794118e-01 3.241822e-06
7.990196e-01 2.794118e-01 2.749362e-06
8.088235e-01 2.794118e-01 2.253530e-06
8.186275e-01 2.794118e-01 -3.729149e-07
8.284314e-01 2.794118e-01 6.705474e-07
8.382353e-01 2.794118e-01 1.746974e-06
8.480392e-01 2.794118e-01 -1.432809e-06
8.578431e-01 2.794118e-01 -5.864064e-07
8.676471e-01 2.794118e-01 2.539899e-06
8.774510e-01 2.794118e-01 -8.878680e-07
8.872549e-01 2.794118e-01 -2.525262e-06
8.970588e-01 2.794118e-01 2.532750e-06
9.068627e-01 2.794118e-01 1.747621e-06
9.166667e-01 2.794118e-01 -3.744405e-06
9.264706e-01 2.794118e-01 -5.663002e-07
9.362745e-01 2.794118e-01 4.430440e-06
9.460784e-01 2.794118e-01 -5.744888e-07
9.558824e-01 2.794118e-01 -4.728142e-06
9.656863e-01 2.794118e-01 1.382503e-06
9.754902e-01 2.794118e-01 4.856929e-06
9.852941e-01 2.794118e-01 -1.704465e-06
9.950980e-01 2.794118e-01 -4.966934e-06
4.901961e-03 2.892157e-01 -3.443444e-06
1.470588e-02 2.892157e-01 -1.717834e-06
2.450980e-02 2.892157e-01 3.382363e-06
3.431373e-02 2.892157e-01 2.037205e-06
4.411765e-02 2.892157e-01 -2.988965e-06
5.392157e-02 2.892157e-01 -2.543212e-06
6.372549e-02 2.892157e-01 2.187482e-06
7.352941e-02 2.892157e-01 2.997217e-06
8.333333e-02 2.892157e-01 -9.712073e-07
9.313725e-02 2.892157e-01 -3.057282e-06
1.029412e-01 2.892157e-01 -4.632269e-07
1.127451e-01 2.892157e-01 2.423597e-06
1.225490e-01 2.892157e-01 1.650049e-06
1.323529e-01 2.892157e-01 -1.098257e-06
1.421569e-01 2.892157e-01 -2.015277e-06
1.519608e-01 2.892157e-01 -4.116099e-07
1.617647e-01 2.892157e-01 1.313089e-06
1.715686e-01 2.892157e-01 1.268126e-06
1.813725e-01 2.892157e-01 -3.626572e-08
1.911765e-01 2.892157e-01 -9.769264e-07
2.009804e-01 2.892157e-01 -7.882042e-07
2.107843e-01 2.892157e-01 1.664735e-08
2.205882e-01 2.892157e-01 5.697258e-07
2.303922e-01 2.892157e-01 5.221311e-07
2.401961e-01 2.892157e-01 1.217209e-07
2.500000e-01 2.892157e-01 -2.222894e-07
2.598039e-01 2.892157e-01 -3.068367e-07
2.696078e-01 2.892157e-01 -1.845863e-07
2.794118e-01 2.892157e-01 -1.219808e-08
2.892157e-01 2.892157e-01 9.651316e-08
2.990196e-01 2.892157e-01 1.164726e-07
3.088235e-01 2.892157e-01 7.983555e-08
3.186275e-01 2.892157e-01 2.841101e-08
3.284314e-01 2.892157e-01 -1.237129e-08
3.382353e-01 2.892157e-01 -3.426105e-08
3.480392e-01 2.892157e-01 -3.531259e-08
3.578431e-01 2.892157e-01 -1.199126e-08
3.676471e-01 2.892157e-01 3.748198e-08
3.774510e-01 2.892157e-01 9.912208e-08
3.872549e-01 2.892157e-01 1.283109e-07
3.970588e-01 2.892157e-01 5.067318e-08
4.068627e-01 2.892157e-01 -2.051870e-07
4.166667e-01 2.892157e-01 -6.397576e-07
4.264706e-01 2.892157e-01 -1.101422e-06
4.362745e-01 2.892157e-01 -1.241792e-06
4.460784e-01 2.892157e-01 -5.688830e-07
4.558824e-01 2.892157e-01 1.363355e-06
4.656863e-01 2.892157e-01 4.650992e-06
4.754902e-01 2.892157e-01 8.721095e-06
4.852941e-01 2.892157e-01 1.215360e-05
4.950980e-01 2.892157e-01 1.279490e-05
5.049020e-01 2.892157e-01 8.230111e-06
5.147059e-01 2.892157e-01 -3.460625e-06
5.245098e-01 2.892157e-01 -2.288005e-05
5.343137e-01 2.892157e-01 -4.872102e-05
5.441176e-01 2.892157e-01 -7.766357e-05
5.539216e-01 2.892157e-01 -1.048758e-04
5.637255e-01 2.892157e-01 -1.250284e-04
5.735294e-01 2.892157e-01 -1.335455e-04
5.833333e-01 2.892157e-01 -1.277298e-04
5.931373e-01 2.892157e-01 -1.074296e-04
6.029412e-01 2.892157e-01 -7.507209e-05
6.127451e-01 2.892157e-01 -3.509136e-05
6.225490e-01 2.892157e-01 7.094998e-06
6.323529e-01 2.892157e-01 4.614739e-05
6.421569e-01 2.892157e-01 7.787807e-05
6.519608e-01 2.892157e-01 9.965242e-05
6.617647e-01 2.892157e-01 1.107952e-04
6.715686e-01 2.892157e-01 1.121164e-04
6.813725e-01 2.892157e-01 1.055087e-04
6.911765e-01 2.892157e-01 9.367413e-05
7.009804e-01 2.892157e-01 7.877899e-05
7.107843e-01 2.892157e-01 6.331899e-05
7.205882e-01 2.892157e-01 4.881348e-05
7.303922e-01 2.892157e-01 3.580274e-05
7.401961e-01 2.892157e-01 2.565517e-05
7.500000e-01 2.892157e-01 1.753248e-05
7.598039e-01 2.892157e-01 1.118557e-05
7.696078e-01 2.892157e-01 7.624634e-06
7.794118e-01 2.892157e-01 4.464834e-06
7.892157e-01 2.892157e-01 2.118499e-06
7.990196e-01 2.892157e-01 2.096730e-06
8.088235e-01 2.892157e-01 8.087180e-07
8.186275e-01 2.892157e-01 -4.516914e-07
8.284314e-01 2.892157e-01 1.083425e-06
8.382353e-01 2.892157e-01 4.235126e-07
8.480392e-01 2.892157e-01 -1.420466e-06
8.578431e-01 2.892157e-01 7.814513e-07
8.676471e-01 2.892157e-01 1.288509e-06
8.774510e-01 2.892157e-01 -1.852152e-06
8.872549e-01 2.892157e-01 -4.220519e-07
8.970588e-01 2.892157e-01 2.481871e-06
9.068627e-01 2.892157e-01 -7.559071e-07
9.166667e-01 2.892157e-01 -2.570890e-06
9.264706e-01 2.892157e-01 1.865083e-06
9.362745e-01 2.892157e-01 2.293572e-06
9.460784e-01 2.892157e-01 -2.702151e-06
9.558824e-01 2.892157e-01 -1.923216e-06
9.656863e-01 2.892157e-01 3.219547e-06
9.754902e-01 2.892157e-01 1.687070e-06
9.852941e-01 2.892157e-01 -3.443444e-06
9.950980e-01 2.892157e-01 -1.717834e-06
4.901961e-03 2.990196e-01 -2.652425e-06
1.470588e-02 2.990196e-01 7.841700e-07
2.450980e-02 2.990196e-01 2.709176e-06
3.431373e-02 2.990196e-01 -5.066136e-07
4.411765e-02 2.990196e-01 -2.715809e-06
5.392157e-02 2.990196e-01 -5.459260e-08
6.372549e-02 2.990196e-01 2.547170e-06
7.352941e-02 2.990196e-01 8.017157e-07
8.333333e-02 2.990196e-01 -2.049378e-06
9.313725e-02 2.990196e-01 -1.513517e-06
1.029412e-01 2.990196e-01 1.152535e-06
1.127451e-01 2.990196e-01 1.862475e-06
1.225490e-01 2.990196e-01 -1.266998e-08
1.323529e-01 2.990196e-01 -1.567709e-06
1.421569e-01 2.990196e-01 -9.386696e-07
1.519608e-01 2.990196e-01 6.613607e-07
1.617647e-01 2.990196e-01 1.200027e-06
1.715686e-01 2.990196e-01 3.553689e-07
1.813725e-01 2.990196e-01 -6.473688e-07
1.911765e-01 2.990196e-01 -7.864246e-07
2.009804e-01 2.990196e-01 -1.824598e-07
2.107843e-01 2.990196e-01 4.088638e-07
2.205882e-01 2.990196e-01 5.009208e-07
2.303922e-01 2.990196e-01 1.885441e-07
2.401961e-01 2.990196e-01 -1.561879e-07
2.500000e-01 2.990196e-01 -2.822105e-07
2.598039e-01 2.990196e-01 -1.910034e-07
2.696078e-01 2.990196e-01 -2.467343e-08
2.794118e-01 2.990196e-01 9.096302e-08
2.892157e-01 2.990196e-01 1.164726e-07
2.990196e-01 2.990196e-01 7.955866e-08
3.088235e-01 2.990196e-01 2.564160e-08
3.186275e-01 2.990196e-01 -1.512748e-08
3.284314e-01 2.990196e-01 -3.371747e-08
3.382353e-01 2.990196e-01 -3.263434e-08
3.480392e-01 2.990196e-01 -1.596560e-08
3.578431e-01 2.990196e-01 1.248959e-08
3.676471e-01 2.990196e-01 4.300775e-08
3.774510e-01 2.990196e-01 5.233509e-08
3.872549e-01 2.990196e-01 4.799622e-09
3.970588e-01 2.990196e-01 -1.290789e-07
4.068627e-01 2.990196e-01 -3.357360e-07
4.166667e-01 2.990196e-01 -5.175243e-07
4.264706e-01 2.990196e-01 -4.774041e-07
4.362745e-01 2.990196e-01 3.547772e-08
4.460784e-01 2.990196e-01 1.200657e-06
4.558824e-01 2.990196e-01 2.942550e-06
4.656863e-01 2.990196e-01 4.757612e-06
4.754902e-01 2.990196e-01 5.654156e-06
4.852941e-01 2.990196e-01 4.295780e-06
4.950980e-01 2.990196e-01 -6.244208e-07
5.049020e-01 2.990196e-01 -9.851936e-06
5.147059e-01 2.990196e-01 -2.304988e-05
5.245098e-01 2.990196e-01 -3.850026e-05
5.343137e-01 2.990196e-01 -5.319704e-05
5.441176e-01 2.990196e-01 -6.338042e-05
5.539216e-01 2.990196e-01 -6.540337e-05
5.637255e-01 2.990196e-01 -5.669167e-05
5.735294e-01 2.990196e-01 -3.650450e-05
5.833333e-01 2.990196e-01 -6.262567e-06
5.931373e-01 2.990196e-01 3.066803e-05
6.029412e-01 2.990196e-01 6.965601e-05
6.127451e-01 2.990196e-01 1.057681e-04
6.225490e-01 2.990196e-01 1.347329e-04
6.323529e-01 2.990196e-01 1.536566e-04
6.421569e-01 2.990196e-01 1.614321e-04
6.519608e-01 2.990196e-01 1.585633e-04
6.617647e-01 2.990196e-01 1.470099e-04
6.715686e-01 2.990196e-01 1.293281e-04
6.813725e-01 2.990196e-01 1.084138e-04
6.911765e-01 2.990196e-01 8.687676e-05
7.009804e-01 2.990196e-01 6.648892e-05
7.107843e-01 2.990196e-01 4.888278e-05
7.205882e-01 2.990196e-01 3.433905e-05
7.303922e-01 2.990196e-01 2.297454e-05
7.401961e-01 2.990196e-01 1.497462e-05
7.500000e-01 2.990196e-01 8.969714e-06
7.598039e-01 2.990196e-01 5.107692e-06
7.696078e-01 2.990196e-01 3.118124e-06
7.794118e-01 2.990196e-01 1.148977e-06
7.892157e-01 2.990196e-01 4.629332e-07
7.990196e-01 2.990196e-01 6.949200e-07
8.088235e-01 2.990196e-01 -4.047964e-07
8.186275e-01 2.990196e-01 -3.273111e-07
8.284314e-01 2.990196e-01 7.523705e-07
8.382353e-01 2.990196e-01 -5.004559e-07
8.480392e-01 2.990196e-01 -7.509984e-07
8.578431e-01 2.990196e-01 1.112541e-06
8.676471e-01 2.990196e-01 1.053229e-08
8.774510e-01 2.990196e-01 -1.464874e-06
8.872549e-01 2.990196e-01 8.700705e-07
8.970588e-01 2.990196e-01 1.253834e-06
9.068627e-01 2.990196e-01 -1.682032e-06
9.166667e-01 2.990196e-01 -7.189515e-07
9.264706e-01 2.990196e-01 2.208419e-06
9.362745e-01 2.990196e-01 8.017342e-08
9.460784e-01 2.990196e-01 -2.476932e-06
9.558824e-01 2.990196e-01 4.516646e-07
9.656863e-01 2.990196e-01 2.589498e-06
9.754902e-01 2.990196e-01 -7.589928e-07
9.852941e-01 2.990196e-01 -2.652425e-06
9.950980e-01 2.990196e-01 7.841700e-07
4.901961e-03 3.088235e-01 -1.083670e-06
1.470588e-02 3.088235e-01 1.669949e-06
2.450980e-02 3.088235e-01 1.173130e-06
3.431373e-02 3.088235e-01 -1.538257e-06
4.411765e-02 3.088235e-01 -1.375011e-06
5.392157e-02 3.088235e-01 1.202507e-06
6.372549e-02 3.088235e-01 1.596770e-06
7.352941e-02 3.088235e-01 -6.454929e-07
8.333333e-02 3.088235e-01 -1.681104e-06
9.313725e-02 3.088235e-01 -7.295852e-08
1.029412e-01 3.088235e-01 1.455703e-06
1.127451e-01 3.088235e-01 7.603931e-07
1.225490e-01 3.088235e-01 -8.483192e-07
1.323529e-01 3.088235e-01 -1.119457e-06
1.421569e-01 3.088235e-01 2.129048e-08
1.519608e-01 3.088235e-01 9.236374e-07
1.617647e-01 3.088235e-01 6.198797e-07
1.715686e-01 3.088235e-01 -2.724199e-07
1.813725e-01 3.088235e-01 -6.866156e-07
1.911765e-01 3.088235e-01 -3.473786e-07
2.009804e-01 3.088235e-01 2.165055e-07
2.107843e-01 3.088235e-01 4.429132e-07
2.205882e-01 3.088235e-01 2.502815e-07
2.303922e-01 3.088235e-01 -7.215245e-08
2.401961e-01 3.088235e-01 -2.417353e-07
2.500000e-01 3.088235e-01 -1.962861e-07
2.598039e-01 3.088235e-01 -4.662009e-08
2.696078e-01 3.088235e-01 7.523372e-08
2.794118e-01 3.088235e-01 1.116167e-07
2.892157e-01 3.088235e-01 7.983555e-08
2.990196e-01 3.088235e-01 2.564160e-08
3.088235e-01 3.088235e-01 -1.626037e-08
3.186275e-01 3.088235e-01 -3.427903e-08
3.284314e-01 3.088235e-01 -3.238648e-08
3.382353e-01 3.088235e-01 -1.860446e-08
3.480392e-01 3.088235e-01 4.890015e-10
3.578431e-01 3.088235e-01 1.799569e-08
3.676471e-01 3.088235e-01 2.242334e-08
3.774510e-01 3.088235e-01 -2.408157e-09
3.872549e-01 3.088235e-01 -6.809955e-08
3.970588e-01 3.088235e-01 -1.627861e-07
4.068627e-01 3.088235e-01 -2.307977e-07
4.166667e-01 3.088235e-01 -1.680471e-07
4.264706e-01 3.088235e-01 1.470201e-07
4.362745e-01 3.088235e-01 7.777216e-07
4.460784e-01 3.088235e-01 1.624192e-06
4.558824e-01 3.088235e-01 2.334574e-06
4.656863e-01 3.088235e-01 2.296169e-06
4.754902e-01 3.088235e-01 7.605049e-07
4.852941e-01 3.088235e-01 -2.888540e-06
4.950980e-01 3.088235e-01 -8.782591e-06
5.049020e-01 3.088235e-01 -1.625451e-05
5.147059e-01 3.088235e-01 -2.370768e-05
5.245098e-01 3.088235e-01 -2.877760e-05
5.343137e-01 3.088235e-01 -2.880196e-05
5.441176e-01 3.088235e-01 -2.149921e-05
5.539216e-01 3.088235e-01 -5.662401e-06
5.637255e-01 3.088235e-01 1.835108e-05
5.735294e-01 3.088235e-01 4.850536e-05
5.833333e-01 3.088235e-01 8.139658e-05
5.931373e-01 3.088235e-01 1.129197e-04
6.029412e-01 3.088235e-01 1.390881e-04
6.127451e-01 3.088235e-01 1.568167e-04
6.225490e-01 3.088235e-01 1.644275e-04
6.323529e-01 3.088235e-01 1.618398e-04
6.421569e-01 3.088235e-01 1.503923e-04
6.519608e-01 3.088235e-01 1.323778e-04
6.617647e-01 3.088235e-01 1.106138e-04
6.715686e-01 3.088235e-01 8.769761e-05
6.813725e-01 3.088235e-01 6.595119e-05
6.911765e-01 3.088235e-01 4.684862e-05
7.009804e-01 3.088235e-01 3.116494e-05
7.107843e-01 3.088235e-01 1.930494e-05
7.205882e-01 3.088235e-01 1.065714e-05
7.303922e-01 3.088235e-01 4.976468e-06
7.401961e-01 3.088235e-01 1.641408e-06
7.500000e-01 3.088235e-01 -4.943322e-07
7.598039e-01 3.088235e-01 -1.172524e-06
7.696078e-01 3.088235e-01 -1.275316e-06
7.794118e-01 3.088235e-01 -1.596076e-06
7.892157e-01 3.088235e-01 -9.641629e-07
7.990196e-01 3.088235e-01 -5.857622e-07
8.088235e-01 3.088235e-01 -1.030480e-06
8.186275e-01 3.088235e-01 -2.303547e-07
8.284314e-01 3.088235e-01 1.873156e-07
8.382353e-01 3.088235e-01 -7.998049e-07
8.480392e-01 3.088235e-01 -1.081311e-07
8.578431e-01 3.088235e-01 7.806581e-07
8.676471e-01 3.088235e-01 -6.488337e-07
8.774510e-01 3.088235e-01 -6.325375e-07
8.872549e-01 3.088235e-01 1.133859e-06
8.970588e-01 3.088235e-01 8.647279e-08
9.068627e-01 3.088235e-01 -1.403012e-06
9.166667e-01 3.088235e-01 5.193489e-07
9.264706e-01 3.088235e-01 1.401938e-06
9.362745e-01 3.088235e-01 -1.051775e-06
9.460784e-01 3.088235e-01 -1.267539e-06
9.558824e-01 3.088235e-01 1.424343e-06
9.656863e-01 3.088235e-01 1.128770e-06
9.754902e-01 3.088235e-01 -1.628450e-06
9.852941e-01 3.088235e-01 -1.083670e-06
9.950980e-01 3.088235e-01 1.669949e-06
4.901961e-03 3.186275e-01 9.107933e-08
1.470588e-02 3.186275e-01 1.448283e-06
2.450980e-02 3.186275e-01 -2.140908e-08
3.431373e-02 3.186275e-01 -1.438892e-06
4.411765e-02 3.186275e-01 -1.943127e-07
5.392157e-02 3.186275e-01 1.344879e-06
6.372549e-02 3.186275e-01 5.167154e-07
7.352941e-02 3.186275e-01 -1.100510e-06
8.333333e-02 3.186275e-01 -8.504770e-07
9.313725e-02 3.186275e-01 6.628540e-07
1.029412e-01 3.186275e-01 1.042889e-06
1.127451e-01 3.186275e-01 -8.008680e-08
1.225490e-01 3.186275e-01 -9.381545e-07
1.323529e-01 3.186275e-01 -4.628218e-07
1.421569e-01 3.186275e-01 4.983780e-07
1.519608e-01 3.186275e-01 7.016525e-07
1.617647e-01 3.186275e-01 8.396632e-08
1.715686e-01 3.186275e-01 -4.920909e-07
1.813725e-01 3.186275e-01 -4.432482e-07
1.911765e-01 3.186275e-01 1.659324e-08
2.009804e-01 3.186275e-01 3.446246e-07
2.107843e-01 3.186275e-01 2.910282e-07
2.205882e-01 3.186275e-01 1.919973e-08
2.303922e-01 3.186275e-01 -1.860595e-07
2.401961e-01 3.186275e-01 -1.958433e-07
2.500000e-01 3.186275e-01 -7.352924e-08
2.598039e-01 3.186275e-01 5.174356e-08
2.696078e-01 3.186275e-01 1.026300e-07
2.794118e-01 3.186275e-01 8.064892e-08
2.892157e-01 3.186275e-01 2.841101e-08
2.990196e-01 3.186275e-01 -1.512748e-08
3.088235e-01 3.186275e-01 -3.427903e-08
3.186275e-01 3.186275e-01 -3.241276e-08
3.284314e-01 3.186275e-01 -1.955405e-08
3.382353e-01 3.186275e-01 -4.105302e-09
3.480392e-01 3.186275e-01 8.260506e-09
3.578431e-01 3.186275e-01 1.198780e-08
3.676471e-01 3.186275e-01 3.857341e-10
3.774510e-01 3.186275e-01 -3.068667e-08
3.872549e-01 3.186275e-01 -7.376404e-08
3.970588e-01 3.186275e-01 -9.967944e-08
4.068627e-01 3.186275e-01 -5.598508e-08
4.166667e-01 3.186275e-01 1.148878e-07
4.264706e-01 3.186275e-01 4.327785e-07
4.362745e-01 3.186275e-01 8.221095e-07
4.460784e-01 3.186275e-01 1.067227e-06
4.558824e-01 3.186275e-01 8.196592e-07
4.656863e-01 3.186275e-01 -3.106269e-07
4.754902e-01 3.186275e-01 -2.577245e-06
4.852941e-01 3.186275e-01 -5.874815e-06
4.950980e-01 3.186275e-01 -9.555145e-06
5.049020e-01 3.186275e-01 -1.237976e-05
5.147059e-01 3.186275e-01 -1.267851e-05
5.245098e-01 3.186275e-01 -8.716781e-06
5.343137e-01 3.186275e-01 8.093371e-07
5.441176e-01 3.186275e-01 1.629530e-05
5.539216e-01 3.186275e-01 3.692972e-05
5.637255e-01 3.186275e-01 6.069209e-05
5.735294e-01 3.186275e-01 8.467570e-05
5.833333e-01 3.186275e-01 1.056550e-04
5.931373e-01 3.186275e-01 1.207527e-04
6.029412e-01 3.186275e-01 1.280077e-04
6.127451e-01 3.186275e-01 1.267354e-04
6.225490e-01 3.186275e-01 1.175477e-04
6.323529e-01 3.186275e-01 1.021505e-04
6.421569e-01 3.186275e-01 8.287744e-05
6.519608e-01 3.186275e-01 6.223144e-05
6.617647e-01 3.186275e-01 4.246046e-05
6.715686e-01 3.186275e-01 2.516829e-05
6.813725e-01 3.186275e-01 1.140991e-05
6.911765e-01 3.186275e-01 1.374701e-06
7.009804e-01 3.186275e-01 -5.103031e-06
7.107843e-01 3.186275e-01 -8.546352e-06
7.205882e-01 3.186275e-01 -9.903461e-06
7.303922e-01 3.186275e-01 -9.580230e-06
7.401961e-01 3.186275e-01 -8.446748e-06
7.500000e-01 3.186275e-01 -7.105240e-06
7.598039e-01 3.186275e-01 -5.341296e-06
7.696078e-01 3.186275e-01 -4.026770e-06
7.794118e-01 3.186275e-01 -3.065197e-06
7.892157e-01 3.186275e-01 -1.769100e-06
7.990196e-01 3.186275e-01 -1.311774e-06
8.088235e-01 3.186275e-01 -1.141783e-06
8.186275e-01 3.186275e-01 -2.041065e-07
8.284314e-01 3.186275e-01 -2.431360e-07
8.382353e-01 3.186275e-01 -6.876667e-07
8.480392e-01 3.186275e-01 2.348825e-07
8.578431e-01 3.186275e-01 3.009980e-07
8.676471e-01 3.186275e-01 -7.371292e-07
8.774510e-01 3.186275e-01 1.983116e-08
8.872549e-01 3.186275e-01 8.260769e-07
8.970588e-01 3.186275e-01 -5.219709e-07
9.068627e-01 3.186275e-01 -7.262867e-07
9.166667e-01 3.186275e-01 9.223781e-07
9.264706e-01 3.186275e-01 4.685018e-07
9.362745e-01 3.186275e-01 -1.193452e-06
9.460784e-01 3.186275e-01 -1.927627e-07
9.558824e-01 3.186275e-01 1.341770e-06
9.656863e-01 3.186275e-01 -1.200660e-08
9.754902e-01 3.186275e-01 -1.415421e-06
9.852941e-01 3.186275e-01 9.107933e-08
9.950980e-01 3.186275e-01 1.448283e-06
4.901961e-03 3.284314e-01 6.465850e-07
1.470588e-02 3.284314e-01 9.009314e-07
2.450980e-02 3.284314e-01 -6.084656e-07
3.431373e-02 3.284314e-01 -9.540767e-07
4.411765e-02 3.284314e-01 4.539664e-07
5.392157e-02 3.284314e-01 1.008034e-06
6.372549e-02 3.284314e-01 -1.839316e-07
7.352941e-02 3.284314e-01 -9.951610e-07
8.333333e-02 3.284314e-01 -1.678248e-07
9.313725e-02 3.284314e-01 8.363709e-07
1.029412e-01 3.284314e-01 5.088201e-07
1.127451e-01 3.284314e-01 -4.921985e-07
1.225490e-01 3.284314e-01 -6.936600e-07
1.323529e-01 3.284314e-01 2.887659e-08
1.421569e-01 3.284314e-01 5.960816e-07
1.519608e-01 3.284314e-01 3.600601e-07
1.617647e-01 3.284314e-01 -2.339257e-07
1.715686e-01 3.284314e-01 -4.542925e-07
1.813725e-01 3.284314e-01 -1.647185e-07
1.911765e-01 3.284314e-01 2.144754e-07
2.009804e-01 3.284314e-01 3.027626e-07
2.107843e-01 3.284314e-01 1.073355e-07
2.205882e-01 3.284314e-01 -1.196894e-07
2.303922e-01 3.284314e-01 -1.881831e-07
2.401961e-01 3.284314e-01 -1.014562e-07
2.500000e-01 3.284314e-01 2.397701e-08
2.598039e-01 3.284314e-01 9.130565e-08
2.696078e-01 3.284314e-01 8.215146e-08
2.794118e-01 3.284314e-01 3.322988e-08
2.892157e-01 3.284314e-01 -1.237129e-08
2.990196e-01 3.284314e-01 -3.371747e-08
3.088235e-01 3.284314e-01 -3.238648e-08
3.186275e-01 3.284314e-01 -1.955405e-08
3.284314e-01 3.284314e-01 -5.180859e-09
3.382353e-01 3.284314e-01 5.253899e-09
3.480392e-01 3.284314e-01 9.027294e-09
3.578431e-01 3.284314e-01 4.050740e-09
3.676471e-01 3.284314e-01 -1.059620e-08
3.774510e-01 3.284314e-01 -3.077889e-08
3.872549e-01 3.284314e-01 -4.218529e-08
3.970588e-01 3.284314e-01 -1.921819e-08
4.068627e-01 3.284314e-01 6.559614e-08
4.166667e-01 3.284314e-01 2.186028e-07
4.264706e-01 3.284314e-01 3.939261e-07
4.362745e-01 3.284314e-01 4.705355e-07
4.460784e-01 3.284314e-01 2.606307e-07
4.558824e-01 3.284314e-01 -4.312461e-07
4.656863e-01 3.284314e-01 -1.697081e-06
4.754902e-01 3.284314e-01 -3.389680e-06
4.852941e-01 3.284314e-01 -5.016959e-06
4.950980e-01 3.284314e-01 -5.730419e-06
5.049020e-01 3.284314e-01 -4.452919e-06
5.147059e-01 3.284314e-01 -1.442568e-07
5.245098e-01 3.284314e-01 7.855351e-06
5.343137e-01 3.284314e-01 1.950943e-05
5.441176e-01 3.284314e-01 3.391270e-05
5.539216e-01 3.284314e-01 4.934338e-05
5.637255e-01 3.284314e-01 6.355214e-05
5.735294e-01 3.284314e-01 7.422272e-05
5.833333e-01 3.284314e-01 7.947656e-05
5.931373e-01 3.284314e-01 7.828819e-05
6.029412e-01 3.284314e-01 7.068723e-05
6.127451e-01 3.284314e-01 5.772992e-05
6.225490e-01 3.284314e-01 4.121708e-05
6.323529e-01 3.284314e-01 2.333097e-05
6.421569e-01 3.284314e-01 6.164717e-06
6.519608e-01 3.284314e-01 -8.564588e-06
6.617647e-01 3.284314e-01 -1.978055e-05
6.715686e-01 3.284314e-01 -2.708234e-05
6.813725e-01 3.284314e-01 -3.059017e-05
6.911765e-01 3.284314e-01 -3.099055e-05
7.009804e-01 3.284314e-01 -2.899293e-05
7.107843e-01 3.284314e-01 -2.552298e-05
7.205882e-01 3.284314e-01 -2.142011e-05
7.303922e-01 3.284314e-01 -1.706329e-05
7.401961e-01 3.284314e-01 -1.317198e-05
7.500000e-01 3.284314e-01 -9.819426e-06
7.598039e-01 3.284314e-01 -6.884813e-06
7.696078e-01 3.284314e-01 -4.922149e-06
7.794118e-01 3.284314e-01 -3.341794e-06
7.892157e-01 3.284314e-01 -1.948574e-06
7.990196e-01 3.284314e-01 -1.492161e-06
8.088235e-01 3.284314e-01 -9.624751e-07
8.186275e-01 3.284314e-01 -2.029517e-07
8.284314e-01 3.284314e-01 -4.494878e-07
8.382353e-01 3.284314e-01 -4.392939e-07
8.480392e-01 3.284314e-01 3.294871e-07
8.578431e-01 3.284314e-01 -5.676927e-08
8.676471e-01 3.284314e-01 -5.616553e-07
8.774510e-01 3.284314e-01 3.520312e-07
8.872549e-01 3.284314e-01 4.125727e-07
8.970588e-01 3.284314e-01 -6.768750e-07
9.068627e-01 3.284314e-01 -1.602513e-07
9.166667e-01 3.284314e-01 8.472767e-07
9.264706e-01 3.284314e-01 -1.446111e-07
9.362745e-01 3.284314e-01 -9.040415e-07
9.460784e-01 3.284314e-01 4.031401e-07
9.558824e-01 3.284314e-01 8.957218e-07
9.656863e-01 3.284314e-01 -5.758402e-07
9.754902e-01 3.284314e-01 -8.826139e-07
9.852941e-01 3.284314e-01 6.465850e-07
9.950980e-01 3.284314e-01 9.009314e-07
4.901961e-03 3.382353e-01 8.760532e-07
1.470588e-02 3.382353e-01 4.098086e-07
2.450980e-02 3.382353e-01 -8.632766e-07
3.431373e-02 3.382353e-01 -4.892857e-07
4.411765e-02 3.382353e-01 7.733223e-07
5.392157e-02 3.382353e-01 6.192079e-07
6.372549e-02 3.382353e-01 -5.855629e-07
7.352941e-02 3.382353e-01 -7.448379e-07
8.333333e-02 3.382353e-01 2.923402e-07
9.313725e-02 3.382353e-01 7.836356e-07
1.029412e-01 3.382353e-01 6.815553e-08
1.127451e-01 3.382353e-01 -6.550676e-07
1.225490e-01 3.382353e-01 -3.898275e-07
1.323529e-01 3.382353e-01 3.416495e-07
1.421569e-01 3.382353e-01 5.258498e-07
1.519608e-01 3.382353e-01 5.141194e-08
1.617647e-01 3.382353e-01 -3.881570e-07
1.715686e-01 3.382353e-01 -3.154486e-07
1.813725e-01 3.382353e-01 6.485541e-08
1.911765e-01 3.382353e-01 2.900489e-07
2.009804e-01 3.382353e-01 1.896943e-07
2.107843e-01 3.382353e-01 -4.855036e-08
2.205882e-01 3.382353e-01 -1.780655e-07
2.303922e-01 3.382353e-01 -1.307834e-07
2.401961e-01 3.382353e-01 -4.392521e-09
2.500000e-01 3.382353e-01 8.204717e-08
2.598039e-01 3.382353e-01 8.628865e-08
2.696078e-01 3.382353e-01 3.900384e-08
2.794118e-01 3.382353e-01 -1.038242e-08
2.892157e-01 3.382353e-01 -3.426105e-08
2.990196e-01 3.382353e-01 -3.263434e-08
3.088235e-01 3.382353e-01 -1.860446e-08
3.186275e-01 3.382353e-01 -4.105302e-09
3.284314e-01 3.382353e-01 5.253899e-09
3.382353e-01 3.382353e-01 8.503868e-09
3.480392e-01 3.382353e-01 6.148403e-09
3.578431e-01 3.382353e-01 -1.148505e-09
3.676471e-01 3.382353e-01 -1.121780e-08
3.774510e-01 3.382353e-01 -1.753637e-08
3.872549e-01 3.382353e-01 -7.928015e-09
3.970588e-01 3.382353e-01 3.122114e-08
4.068627e-01 3.382353e-01 1.030817e-07
4.166667e-01 3.382353e-01 1.835841e-07
4.264706e-01 3.382353e-01 2.088098e-07
4.362745e-01 3.382353e-01 8.020480e-08
4.460784e-01 3.382353e-01 -3.002976e-07
4.558824e-01 3.382353e-01 -9.637951e-07
4.656863e-01 3.382353e-01 -1.793317e-06
4.754902e-01 3.382353e-01 -2.463011e-06
4.852941e-01 3.382353e-01 -2.439736e-06
4.950980e-01 3.382353e-01 -1.077010e-06
5.049020e-01 3.382353e-01 2.200472e-06
5.147059e-01 3.382353e-01 7.664481e-06
5.245098e-01 3.382353e-01 1.507845e-05
5.343137e-01 3.382353e-01 2.360292e-05
5.441176e-01 3.382353e-01 3.186817e-05
5.539216e-01 3.382353e-01 3.821888e-05
5.637255e-01 3.382353e-01 4.107549e-05
5.735294e-01 3.382353e-01 3.931474e-05
5.833333e-01 3.382353e-01 3.255702e-05
5.931373e-01 3.382353e-01 2.128420e-05
6.029412e-01 3.382353e-01 6.746741e-06
6.127451e-01 3.382353e-01 -9.287243e-06
6.225490e-01 3.382353e-01 -2.490217e-05
6.323529e-01 3.382353e-01 -3.836664e-05
6.421569e-01 3.382353e-01 -4.844500e-05
6.519608e-01 3.382353e-01 -5.448447e-05
6.617647e-01 3.382353e-01 -5.648834e-05
6.715686e-01 3.382353e-01 -5.493030e-05
6.813725e-01 3.382353e-01 -5.061901e-05
6.911765e-01 3.382353e-01 -4.455296e-05
7.009804e-01 3.382353e-01 -3.755845e-05
7.107843e-01 3.382353e-01 -3.051982e-05
7.205882e-01 3.382353e-01 -2.394219e-05
7.303922e-01 3.382353e-01 -1.809473e-05
7.401961e-01 3.382353e-01 -1.338106e-05
7.500000e-01 3.382353e-01 -9.522685e-06
7.598039e-01 3.382353e-01 -6.524790e-06
7.696078e-01 3.382353e-01 -4.564391e-06
7.794118e-01 3.382353e-01 -2.907925e-06
7.892157e-01 3.382353e-01 -1.757248e-06
7.990196e-01 3.382353e-01 -1.362968e-06
8.088235e-01 3.382353e-01 -6.848384e-07
8.186275e-01 3.382353e-01 -2.095134e-07
8.284314e-01 3.382353e-01 -5.150346e-07
8.382353e-01 3.382353e-01 -1.916287e-07
8.480392e-01 3.382353e-01 3.069486e-07
8.578431e-01 3.382353e-01 -2.864183e-07
8.676471e-01 3.382353e-01 -3.327064e-07
8.774510e-01 3.382353e-01 4.939955e-07
8.872549e-01 3.382353e-01 6.413209e-08
8.970588e-01 3.382353e-01 -6.458380e-07
9.068627e-01 3.382353e-01 2.285287e-07
9.166667e-01 3.382353e-01 6.438040e-07
9.264706e-01 3.382353e-01 -5.022838e-07
9.362745e-01 3.382353e-01 -5.628762e-07
9.460784e-01 3.382353e-01 7.015261e-07
9.558824e-01 3.382353e-01 4.643916e-07
9.656863e-01 3.382353e-01 -8.232644e-07
9.754902e-01 3.382353e-01 -4.033079e-07
9.852941e-01 3.382353e-01 8.760532e-07
9.950980e-01 3.382353e-01 4.098086e-07
4.901961e-03 3.480392e-01 1.026455e-06
1.470588e-02 3.480392e-01 -1.122803e-07
2.450980e-02 3.480392e-01 -1.037901e-06
3.431373e-02 3.480392e-01 1.455911e-08
4.411765e-02 3.480392e-01 1.014103e-06
5.392157e-02 3.480392e-01 1.744895e-07
6.372549e-02 3.480392e-01 -9.177367e-07
7.352941e-02 3.480392e-01 -4.153902e-07
8.333333e-02 3.480392e-01 7.067230e-07
9.313725e-02 3.480392e-01 6.305411e-07
1.029412e-01 3.480392e-01 -3.696353e-07
1.127451e-01 3.480392e-01 -7.143828e-07
1.225490e-01 3.480392e-01 -3.331292e-08
1.323529e-01 3.480392e-01 5.829094e-07
1.421569e-01 3.480392e-01 3.597300e-07
1.519608e-01 3.480392e-01 -2.534047e-07
1.617647e-01 3.480392e-01 -4.502350e-07
1.715686e-01 3.480392e-01 -1.108633e-07
1.813725e-01 3.480392e-01 2.640493e-07
1.911765e-01 3.480392e-01 2.830714e-07
2.009804e-01 3.480392e-01 3.117808e-08
2.107843e-01 3.480392e-01 -1.766508e-07
2.205882e-01 3.480392e-01 -1.736088e-07
2.303922e-01 3.480392e-01 -3.457007e-08
2.401961e-01 3.480392e-01 8.302350e-08
2.500000e-01 3.480392e-01 1.010537e-07
2.598039e-01 3.480392e-01 4.703465e-08
2.696078e-01 3.480392e-01 -1.354263e-08
2.794118e-01 3.480392e-01 -4.097483e-08
2.892157e-01 3.480392e-01 -3.531259e-08
2.990196e-01 3.480392e-01 -1.596560e-08
3.088235e-01 3.480392e-01 4.890015e-10
3.186275e-01 3.480392e-01 8.260506e-09
3.284314e-01 3.480392e-01 9.027294e-09
3.382353e-01 3.480392e-01 6.148403e-09
3.480392e-01 3.480392e-01 1.591595e-09
3.578431e-01 3.480392e-01 -3.702783e-09
3.676471e-01 3.480392e-01 -7.497203e-09
3.774510e-01 3.480392e-01 -4.427432e-09
3.872549e-01 3.480392e-01 1.262135e-08
3.970588e-01 3.480392e-01 4.642312e-08
4.068627e-01 3.480392e-01 8.595011e-08
4.166667e-01 3.480392e-01 9.862151e-08
4.264706e-01 3.480392e-01 3.237422e-08
4.362745e-01 3.480392e-01 -1.645799e-07
4.460784e-01 3.480392e-01 -5.045086e-07
4.558824e-01 3.480392e-01 -9.112986e-07
4.656863e-01 3.480392e-01 -1.184445e-06
4.754902e-01 3.480392e-01 -1.004152e-06
4.852941e-01 3.480392e-01 1.762776e-09
4.950980e-01 3.480392e-01 2.130340e-06
5.049020e-01 3.480392e-01 5.445835e-06
5.147059e-01 3.480392e-01 9.646449e-06
5.245098e-01 3.480392e-01 1.401544e-05
5.343137e-01 3.480392e-01 1.749705e-05
5.441176e-01 3.480392e-01 1.889782e-05
5.539216e-01 3.480392e-01 1.716794e-05
5.637255e-01 3.480392e-01 1.168380e-05
5.735294e-01 3.480392e-01 2.447782e-06
5.833333e-01 3.480392e-01 -9.859253e-06
5.931373e-01 3.480392e-01 -2.398355e-05
6.029412e-01 3.480392e-01 -3.834324e-05
6.127451e-01 3.480392e-01 -5.132341e-05
6.225490e-01 3.480392e-01 -6.157616e-05
6.323529e-01 3.480392e-01 -6.821170e-05
6.421569e-01 3.480392e-01 -7.090823e-05
6.519608e-01 3.480392e-01 -6.985532e-05
6.617647e-01 3.480392e-01 -6.567753e-05
6.715686e-01 3.480392e-01 -5.920246e-05
6.813725e-01 3.480392e-01 -5.137889e-05
6.911765e-01 3.480392e-01 -4.305418e-05
7.009804e-01 3.480392e-01 -3.488869e-05
7.107843e-01 3.480392e-01 -2.747297e-05
7.205882e-01 3.480392e-01 -2.096586e-05
7.303922e-01 3.480392e-01 -1.556230e-05
7.401961e-01 3.480392e-01 -1.134206e-05
7.500000e-01 3.480392e-01 -7.917749e-06
7.598039e-01 3.480392e-01 -5.462199e-06
7.696078e-01 3.480392e-01 -3.793059e-06
7.794118e-01 3.480392e-01 -2.312155e-06
7.892157e-01 3.480392e-01 -1.527297e-06
7.990196e-01 3.480392e-01 -1.158589e-06
8.088235e-01 3.480392e-01 -4.222209e-07
8.186275e-01 3.480392e-01 -2.716272e-07
8.284314e-01 3.480392e-01 -5.235584e-07
8.382353e-01 3.480392e-01 5.519201e-08
8.480392e-01 3.480392e-01 2.071914e-07
8.578431e-01 3.480392e-01 -4.685170e-07
8.676471e-01 3.480392e-01 -5.695888e-08
8.774510e-01 3.480392e-01 5.545020e-07
8.872549e-01 3.480392e-01 -2.894138e-07
8.970588e-01 3.480392e-01 -5.289742e-07
9.068627e-01 3.480392e-01 5.841607e-07
9.166667e-01 3.480392e-01 3.673800e-07
9.264706e-01 3.480392e-01 -8.017689e-07
9.362745e-01 3.480392e-01 -1.667979e-07
9.460784e-01 3.480392e-01 9.288782e-07
9.558824e-01 3.480392e-01 -6.772252e-09
9.656863e-01 3.480392e-01 -9.940813e-07
9.754902e-01 3.480392e-01 1.074478e-07
9.852941e-01 3.480392e-01 1.026455e-06
9.950980e-01 3.480392e-01 -1.122803e-07
4.901961e-03 3.578431e-01 9.690057e-07
1.470588e-02 3.578431e-01 -9.011808e-07
2.450980e-02 3.578431e-01 -1.014557e-06
3.431373e-02 3.578431e-01 7.984704e-07
4.411765e-02 3.578431e-01 1.096110e-06
5.392157e-02 3.578431e-01 -5.649782e-07
6.372549e-02 3.578431e-01 -1.159091e-06
7.352941e-02 3.578431e-01 2.110776e-07
8.333333e-02 3.578431e-01 1.120762e-06
9.313725e-02 3.578431e-01 2.076064e-07
1.029412e-01 3.578431e-01 -9.037759e-07
1.127451e-01 3.578431e-01 -5.732273e-07
1.225490e-01 3.578431e-01 4.948448e-07
1.323529e-01 3.578431e-01 7.328058e-07
1.421569e-01 3.578431e-01 2.352519e-10
1.519608e-01 3.578431e-01 -5.886024e-07
1.617647e-01 3.578431e-01 -3.696071e-07
1.715686e-01 3.578431e-01 2.093091e-07
1.813725e-01 3.578431e-01 4.257829e-07
1.911765e-01 3.578431e-01 1.569822e-07
2.009804e-01 3.578431e-01 -1.879747e-07
2.107843e-01 3.578431e-01 -2.608112e-07
2.205882e-01 3.578431e-01 -8.625517e-08
2.303922e-01 3.578431e-01 1.012215e-07
2.401961e-01 3.578431e-01 1.456718e-07
2.500000e-01 3.578431e-01 6.823096e-08
2.598039e-01 3.578431e-01 -2.557959e-08
2.696078e-01 3.578431e-01 -6.442018e-08
2.794118e-01 3.578431e-01 -4.773033e-08
2.892157e-01 3.578431e-01 -1.199126e-08
2.990196e-01 3.578431e-01 1.248959e-08
3.088235e-01 3.578431e-01 1.799569e-08
3.186275e-01 3.578431e-01 1.198780e-08
3.284314e-01 3.578431e-01 4.050740e-09
3.382353e-01 3.578431e-01 -1.148505e-09
3.480392e-01 3.578431e-01 -3.702783e-09
3.578431e-01 3.578431e-01 -4.783949e-09
3.676471e-01 3.578431e-01 -3.335790e-09
3.774510e-01 3.578431e-01 4.298260e-09
3.872549e-01 3.578431e-01 2.097450e-08
3.970588e-01 3.578431e-01 4.266951e-08
4.068627e-01 3.578431e-01 5.289989e-08
4.166667e-01 3.578431e-01 2.274358e-08
4.264706e-01 3.578431e-01 -7.811695e-08
4.362745e-01 3.578431e-01 -2.574158e-07
4.460784e-01 3.578431e-01 -4.693731e-07
4.558824e-01 3.578431e-01 -5.920387e-07
4.656863e-01 3.578431e-01 -4.328858e-07
4.754902e-01 3.578431e-01 2.224442e-07
4.852941e-01 3.578431e-01 1.519424e-06
4.950980e-01 3.578431e-01 3.425166e-06
5.049020e-01 3.578431e-01 5.641405e-06
5.147059e-01 3.578431e-01 7.584461e-06
5.245098e-01 3.578431e-01 8.460310e-06
5.343137e-01 3.578431e-01 7.430361e-06
5.441176e-01 3.578431e-01 3.828038e-06
5.539216e-01 3.578431e-01 -2.638166e-06
5.637255e-01 3.578431e-01 -1.176006e-05
5.735294e-01 3.578431e-01 -2.282520e-05
5.833333e-01 3.578431e-01 -3.473824e-05
5.931373e-01 3.578431e-01 -4.622691e-05
6.029412e-01 3.578431e-01 -5.608805e-05
6.127451e-01 3.578431e-01 -6.338305e-05
6.225490e-01 3.578431e-01 -6.758227e-05
6.323529e-01 3.578431e-01 -6.857982e-05
6.421569e-01 3.578431e-01 -6.665286e-05
6.519608e-01 3.578431e-01 -6.235032e-05
6.617647e-01 3.578431e-01 -5.635212e-05
6.715686e-01 3.578431e-01 -4.935381e-05
6.813725e-01 3.578431e-01 -4.201520e-05
6.911765e-01 3.578431e-01 -3.479110e-05
7.009804e-01 3.578431e-01 -2.809457e-05
7.107843e-01 3.578431e-01 -2.216535e-05
7.205882e-01 3.578431e-01 -1.699328e-05
7.303922e-01 3.578431e-01 -1.280258e-05
7.401961e-01 3.578431e-01 -9.414284e-06
7.500000e-01 3.578431e-01 -6.621253e-06
7.598039e-01 3.578431e-01 -4.739789e-06
7.696078e-01 3.578431e-01 -3.237396e-06
7.794118e-01 3.578431e-01 -1.943039e-06
7.892157e-01 3.578431e-01 -1.476573e-06
7.990196e-01 3.578431e-01 -9.586376e-07
8.088235e-01 3.578431e-01 -2.300084e-07
8.186275e-01 3.578431e-01 -4.431255e-07
8.284314e-01 3.578431e-01 -4.412504e-07
8.382353e-01 3.578431e-01 3.255909e-07
8.480392e-01 3.578431e-01 -4.012658e-08
8.578431e-01 3.578431e-01 -5.826741e-07
8.676471e-01 3.578431e-01 3.589576e-07
8.774510e-01 3.578431e-01 4.565870e-07
8.872549e-01 3.578431e-01 -7.253708e-07
8.970588e-01 3.578431e-01 -1.853584e-07
9.068627e-01 3.578431e-01 9.433319e-07
9.166667e-01 3.578431e-01 -1.690408e-07
9.264706e-01 3.578431e-01 -1.022844e-06
9.362745e-01 3.578431e-01 4.980989e-07
9.460784e-01 3.578431e-01 1.010857e-06
9.558824e-01 3.578431e-01 -7.431525e-07
9.656863e-01 3.578431e-01 -9.751468e-07
9.754902e-01 3.578431e-01 8.802648e-07
9.852941e-01 3.578431e-01 9.690057e-07
9.950980e-01 3.578431e-01 -9.011808e-07
4.901961e-03 3.676471e-01 2.302668e-07
1.470588e-02 3.676471e-01 -1.894580e-06
2.450980e-02 3.676471e-01 -3.158578e-07
3.431373e-02 3.676471e-01 1.843310e-06
4.411765e-02 3.676471e-01 5.556538e-07
5.392157e-02 3.676471e-01 -1.661734e-06
6.372549e-02 3.676471e-01 -8.915278e-07
7.352941e-02 3.676471e-01 1.298786e-06
8.333333e-02 3.676471e-01 1.208153e-06
9.313725e-02 3.676471e-01 -7.388795e-07
1.029412e-01 3.676471e-01 -1.346910e-06
1.127451e-01 3.676471e-01 6.018607e-08
1.225490e-01 3.676471e-01 1.168653e-06
1.323529e-01 3.676471e-01 5.405183e-07
1.421569e-01 3.676471e-01 -6.607721e-07
1.519608e-01 3.676471e-01 -8.159110e-07
1.617647e-01 3.676471e-01 1.751933e-08
1.715686e-01 3.676471e-01 6.402108e-07
1.813725e-01 3.676471e-01 4.245902e-07
1.911765e-01 3.676471e-01 -1.692075e-07
2.009804e-01 3.676471e-01 -4.340222e-07
2.107843e-01 3.676471e-01 -2.184202e-07
2.205882e-01 3.676471e-01 1.235448e-07
2.303922e-01 3.676471e-01 2.506995e-07
2.401961e-01 3.676471e-01 1.349282e-07
2.500000e-01 3.676471e-01 -4.080232e-08
2.598039e-01 3.676471e-01 -1.209051e-07
2.696078e-01 3.676471e-01 -8.761098e-08
2.794118e-01 3.676471e-01 -1.232107e-08
2.892157e-01 3.676471e-01 3.748198e-08
2.990196e-01 3.676471e-01 4.300775e-08
3.088235e-01 3.676471e-01 2.242334e-08
3.186275e-01 3.676471e-01 3.857341e-10
3.284314e-01 3.676471e-01 -1.059620e-08
3.382353e-01 3.676471e-01 -1.121780e-08
3.480392e-01 3.676471e-01 -7.497203e-09
3.578431e-01 3.676471e-01 -3.335790e-09
3.676471e-01 3.676471e-01 2.008069e-09
3.774510e-01 3.676471e-01 1.147361e-08
3.872549e-01 3.676471e-01 2.493037e-08
3.970588e-01 3.676471e-01 3.408523e-08
4.068627e-01 3.676471e-01 2.128951e-08
4.166667e-01 3.676471e-01 -3.378340e-08
4.264706e-01 3.676471e-01 -1.378936e-07
4.362745e-01 3.676471e-01 -2.626259e-07
4.460784e-01 3.676471e-01 -3.289682e-07
4.558824e-01 3.676471e-01 -2.134851e-07
4.656863e-01 3.676471e-01 2.128279e-07
4.754902e-01 3.676471e-01 1.015443e-06
4.852941e-01 3.676471e-01 2.117504e-06
4.950980e-01 3.676471e-01 3.245556e-06
5.049020e-01 3.676471e-01 3.934066e-06
5.147059e-01 3.676471e-01 3.605605e-06
5.245098e-01 3.676471e-01 1.714182e-06
5.343137e-01 3.676471e-01 -2.090179e-06
5.441176e-01 3.676471e-01 -7.831406e-06
5.539216e-01 3.676471e-01 -1.516092e-05
5.637255e-01 3.676471e-01 -2.341280e-05
5.735294e-01 3.676471e-01 -3.174563e-05
5.833333e-01 3.676471e-01 -3.932268e-05
5.931373e-01 3.676471e-01 -4.547222e-05
6.029412e-01 3.676471e-01 -4.979474e-05
6.127451e-01 3.676471e-01 -5.216651e-05
6.225490e-01 3.676471e-01 -5.271626e-05
6.323529e-01 3.676471e-01 -5.170000e-05
6.421569e-01 3.676471e-01 -4.944151e-05
6.519608e-01 3.676471e-01 -4.625903e-05
6.617647e-01 3.676471e-01 -4.238508e-05
6.715686e-01 3.676471e-01 -3.807036e-05
6.813725e-01 3.676471e-01 -3.348528e-05
6.911765e-01 3.676471e-01 -2.874982e-05
7.009804e-01 3.676471e-01 -2.415225e-05
7.107843e-01 3.676471e-01 -1.971520e-05
7.205882e-01 3.676471e-01 -1.559714e-05
7.303922e-01 3.676471e-01 -1.212189e-05
7.401961e-01 3.676471e-01 -8.971412e-06
7.500000e-01 3.676471e-01 -6.413286e-06
7.598039e-01 3.676471e-01 -4.682681e-06
7.696078e-01 3.676471e-01 -2.972607e-06
7.794118e-01 3.676471e-01 -1.831912e-06
7.892157e-01 3.676471e-01 -1.509576e-06
7.990196e-01 3.676471e-01 -6.236141e-07
8.088235e-01 3.676471e-01 -1.204283e-07
8.186275e-01 3.676471e-01 -6.634077e-07
8.284314e-01 3.676471e-01 -1.082108e-07
8.382353e-01 3.676471e-01 5.465976e-07
8.480392e-01 3.676471e-01 -4.994163e-07
8.578431e-01 3.676471e-01 -4.268939e-07
8.676471e-01 3.676471e-01 9.021739e-07
8.774510e-01 3.676471e-01 -2.902325e-08
8.872549e-01 3.676471e-01 -1.091096e-06
8.970588e-01 3.676471e-01 5.972536e-07
9.068627e-01 3.676471e-01 1.031235e-06
9.166667e-01 3.676471e-01 -1.108513e-06
9.264706e-01 3.676471e-01 -7.970995e-07
9.362745e-01 3.676471e-01 1.489460e-06
9.460784e-01 3.676471e-01 5.211672e-07
9.558824e-01 3.676471e-01 -1.727679e-06
9.656863e-01 3.676471e-01 -3.086597e-07
9.754902e-01 3.676471e-01 1.854446e-06
9.852941e-01 3.676471e-01 2.302668e-07
9.950980e-01 3.676471e-01 -1.894580e-06
4.901961e-03 3.774510e-01 -1.609243e-06
1.470588e-02 3.774510e-01 -2.410457e-06
2.450980e-02 3.774510e-01 1.509524e-06
3.431373e-02 3.774510e-01 2.516372e-06
4.411765e-02 3.774510e-01 -1.129318e-06
5.392157e-02 3.774510e-01 -2.604855e-06
6.372549e-02 3.774510e-01 4.860336e-07
7.352941e-02 3.774510e-01 2.534118e-06
8.333333e-02 3.774510e-01 3.302725e-07
9.313725e-02 3.774510e-01 -2.148515e-06
1.029412e-01 3.774510e-01 -1.117906e-06
1.127451e-01 3.774510e-01 1.378195e-06
1.225490e-01 3.774510e-01 1.585924e-06
1.323529e-01 3.774510e-01 -3.525367e-07
1.421569e-01 3.774510e-01 -1.486406e-06
1.519608e-01 3.774510e-01 -5.708801e-07
1.617647e-01 3.774510e-01 8.230275e-07
1.715686e-01 3.774510e-01 9.717847e-07
1.813725e-01 3.774510e-01 3.495561e-08
1.911765e-01 3.774510e-01 -6.975685e-07
2.009804e-01 3.774510e-01 -5.435572e-07
2.107843e-01 3.774510e-01 7.723623e-08
2.205882e-01 3.774510e-01 4.415416e-07
2.303922e-01 3.774510e-01 3.143395e-07
2.401961e-01 3.774510e-01 -2.482608e-08
2.500000e-01 3.774510e-01 -2.267665e-07
2.598039e-01 3.774510e-01 -1.901725e-07
2.696078e-01 3.774510e-01 -3.652708e-08
2.794118e-01 3.774510e-01 7.998012e-08
2.892157e-01 3.774510e-01 9.912208e-08
2.990196e-01 3.774510e-01 5.233509e-08
3.088235e-01 3.774510e-01 -2.408157e-09
3.186275e-01 3.774510e-01 -3.068667e-08
3.284314e-01 3.774510e-01 -3.077889e-08
3.382353e-01 3.774510e-01 -1.753637e-08
3.480392e-01 3.774510e-01 -4.427432e-09
3.578431e-01 3.774510e-01 4.298260e-09
3.676471e-01 3.774510e-01 1.147361e-08
3.774510e-01 3.774510e-01 2.017195e-08
3.872549e-01 3.774510e-01 2.721906e-08
3.970588e-01 3.774510e-01 2.083548e-08
4.068627e-01 3.774510e-01 -1.455155e-08
4.166667e-01 3.774510e-01 -8.524659e-08
4.264706e-01 3.774510e-01 -1.708552e-07
4.362745e-01 3.774510e-01 -2.127667e-07
4.460784e-01 3.774510e-01 -1.219614e-07
4.558824e-01 3.774510e-01 1.852495e-07
4.656863e-01 3.774510e-01 7.284532e-07
4.754902e-01 3.774510e-01 1.403258e-06
4.852941e-01 3.774510e-01 1.953051e-06
4.950980e-01 3.774510e-01 2.000549e-06
5.049020e-01 3.774510e-01 1.145079e-06
5.147059e-01 3.774510e-01 -9.003896e-07
5.245098e-01 3.774510e-01 -4.184199e-06
5.343137e-01 3.774510e-01 -8.459546e-06
5.441176e-01 3.774510e-01 -1.322982e-05
5.539216e-01 3.774510e-01 -1.788968e-05
5.637255e-01 3.774510e-01 -2.190894e-05
5.735294e-01 3.774510e-01 -2.499459e-05
5.833333e-01 3.774510e-01 -2.715861e-05
5.931373e-01 3.774510e-01 -2.867792e-05
6.029412e-01 3.774510e-01 -2.995930e-05
6.127451e-01 3.774510e-01 -3.135071e-05
6.225490e-01 3.774510e-01 -3.303296e-05
6.323529e-01 3.774510e-01 -3.488923e-05
6.421569e-01 3.774510e-01 -3.662410e-05
6.519608e-01 3.774510e-01 -3.779878e-05
6.617647e-01 3.774510e-01 -3.796257e-05
6.715686e-01 3.774510e-01 -3.693446e-05
6.813725e-01 3.774510e-01 -3.455651e-05
6.911765e-01 3.774510e-01 -3.103583e-05
7.009804e-01 3.774510e-01 -2.682104e-05
7.107843e-01 3.774510e-01 -2.204030e-05
7.205882e-01 3.774510e-01 -1.740834e-05
7.303922e-01 3.774510e-01 -1.325085e-05
7.401961e-01 3.774510e-01 -9.313800e-06
7.500000e-01 3.774510e-01 -6.469127e-06
7.598039e-01 3.774510e-01 -4.369885e-06
7.696078e-01 3.774510e-01 -2.257599e-06
7.794118e-01 3.774510e-01 -1.464170e-06
7.892157e-01 3.774510e-01 -1.074519e-06
7.990196e-01 3.774510e-01 1.636640e-07
8.088235e-01 3.774510e-01 -4.025553e-08
8.186275e-01 3.774510e-01 -6.546977e-07
8.284314e-01 3.774510e-01 6.397380e-07
8.382353e-01 3.774510e-01 4.986538e-07
8.480392e-01 3.774510e-01 -1.047501e-06
8.578431e-01 3.774510e-01 2.880664e-07
8.676471e-01 3.774510e-01 1.269729e-06
8.774510e-01 3.774510e-01 -1.057247e-06
8.872549e-01 3.774510e-01 -9.151840e-07
8.970588e-01 3.774510e-01 1.774905e-06
9.068627e-01 3.774510e-01 3.065980e-07
9.166667e-01 3.774510e-01 -2.185196e-06
9.264706e-01 3.774510e-01 4.080343e-07
9.362745e-01 3.774510e-01 2.350613e-06
9.460784e-01 3.774510e-01 -1.022912e-06
9.558824e-01 3.774510e-01 -2.368174e-06
9.656863e-01 3.774510e-01 1.439772e-06
9.754902e-01 3.774510e-01 2.362729e-06
9.852941e-01 3.774510e-01 -1.609243e-06
9.950980e-01 3.774510e-01 -2.410457e-06
4.901961e-03 3.872549e-01 -4.270792e-06
1.470588e-02 3.872549e-01 -1.221048e-06
2.450980e-02 3.872549e-01 4.236172e-06
3.431373e-02 3.872549e-01 1.584673e-06
4.411765e-02 3.872549e-01 -3.905362e-06
5.392157e-02 3.872549e-01 -2.207047e-06
6.372549e-02 3.872549e-01 3.185850e-06
7.352941e-02 3.872549e-01 2.876371e-06
8.333333e-02 3.872549e-01 -2.022945e-06
9.313725e-02 3.872549e-01 -3.268458e-06
1.029412e-01 3.872549e-01 5.213676e-07
1.127451e-01 3.872549e-01 3.045037e-06
1.225490e-01 3.872549e-01 9.650221e-07
1.323529e-01 3.872549e-01 -2.058577e-06
1.421569e-01 3.872549e-01 -1.897044e-06
1.519608e-01 3.872549e-01 5.701125e-07
1.617647e-01 3.872549e-01 1.847554e-06
1.715686e-01 3.872549e-01 7.464545e-07
1.813725e-01 3.872549e-01 -9.022376e-07
1.911765e-01 3.872549e-01 -1.199113e-06
2.009804e-01 3.872549e-01 -2.288830e-07
2.107843e-01 3.872549e-01 6.848131e-07
2.205882e-01 3.872549e-01 7.117358e-07
2.303922e-01 3.872549e-01 1.206090e-07
2.401961e-01 3.872549e-01 -3.765795e-07
2.500000e-01 3.872549e-01 -4.140724e-07
2.598039e-01 3.872549e-01 -1.353796e-07
2.696078e-01 3.872549e-01 1.339930e-07
2.794118e-01 3.872549e-01 2.121810e-07
2.892157e-01 3.872549e-01 1.283109e-07
2.990196e-01 3.872549e-01 4.799622e-09
3.088235e-01 3.872549e-01 -6.809955e-08
3.186275e-01 3.872549e-01 -7.376404e-08
3.284314e-01 3.872549e-01 -4.218529e-08
3.382353e-01 3.872549e-01 -7.928015e-09
3.480392e-01 3.872549e-01 1.262135e-08
3.578431e-01 3.872549e-01 2.097450e-08
3.676471e-01 3.872549e-01 2.493037e-08
3.774510e-01 3.872549e-01 2.721906e-08
3.872549e-01 3.872549e-01 2.063000e-08
3.970588e-01 3.872549e-01 -7.930323e-09
4.068627e-01 3.872549e-01 -6.470410e-08
4.166667e-01 3.872549e-01 -1.324411e-07
4.264706e-01 3.872549e-01 -1.605126e-07
4.362745e-01 3.872549e-01 -7.503204e-08
4.460784e-01 3.872549e-01 1.837048e-07
4.558824e-01 3.872549e-01 6.044765e-07
4.656863e-01 3.872549e-01 1.055488e-06
4.754902e-01 3.872549e-01 1.277820e-06
4.852941e-01 3.872549e-01 9.480411e-07
4.950980e-01 3.872549e-01 -1.947252e-07
5.049020e-01 3.872549e-01 -2.201581e-06
5.147059e-01 3.872549e-01 -4.817307e-06
5.245098e-01 3.872549e-01 -7.499816e-06
5.343137e-01 3.872549e-01 -9.578199e-06
5.441176e-01 3.872549e-01 -1.050784e-05
5.539216e-01 3.872549e-01 -1.012836e-05
5.637255e-01 3.872549e-01 -8.807430e-06
5.735294e-01 3.872549e-01 -7.403806e-06
5.833333e-01 3.872549e-01 -7.022058e-06
5.931373e-01 3.872549e-01 -8.671520e-06
6.029412e-01 3.872549e-01 -1.290152e-05
6.127451e-01 3.872549e-01 -1.958855e-05
6.225490e-01 3.872549e-01 -2.794794e-05
6.323529e-01 3.872549e-01 -3.664606e-05
6.421569e-01 3.872549e-01 -4.428736e-05
6.519608e-01 3.872549e-01 -4.955801e-05
6.617647e-01 3.872549e-01 -5.167325e-05
6.715686e-01 3.872549e-01 -5.054361e-05
6.813725e-01 3.872549e-01 -4.633414e-05
6.911765e-01 3.872549e-01 -4.007398e-05
7.009804e-01 3.872549e-01 -3.267795e-05
7.107843e-01 3.872549e-01 -2.480643e-05
7.205882e-01 3.872549e-01 -1.787861e-05
7.303922e-01 3.872549e-01 -1.183963e-05
7.401961e-01 3.872549e-01 -6.779425e-06
7.500000e-01 3.872549e-01 -3.828863e-06
7.598039e-01 3.872549e-01 -1.425957e-06
7.696078e-01 3.872549e-01 4.436267e-07
7.794118e-01 3.872549e-01 2.327638e-07
7.892157e-01 3.872549e-01 7.391795e-07
7.990196e-01 3.872549e-01 1.695959e-06
8.088235e-01 3.872549e-01 1.522308e-07
8.186275e-01 3.872549e-01 4.048942e-08
8.284314e-01 3.872549e-01 1.735571e-06
8.382353e-01 3.872549e-01 -1.027713e-07
8.480392e-01 3.872549e-01 -1.247331e-06
8.578431e-01 3.872549e-01 1.658210e-06
8.676471e-01 3.872549e-01 8.515722e-07
8.774510e-01 3.872549e-01 -2.374592e-06
8.872549e-01 3.872549e-01 4.040602e-07
8.970588e-01 3.872549e-01 2.730424e-06
9.068627e-01 3.872549e-01 -1.671795e-06
9.166667e-01 3.872549e-01 -2.505470e-06
9.264706e-01 3.872549e-01 2.788340e-06
9.362745e-01 3.872549e-01 2.013486e-06
9.460784e-01 3.872549e-01 -3.579422e-06
9.558824e-01 3.872549e-01 -1.506709e-06
9.656863e-01 3.872549e-01 4.057770e-06
9.754902e-01 3.872549e-01 1.202559e-06
9.852941e-01 3.872549e-01 -4.270792e-06
9.950980e-01 3.872549e-01 -1.221048e-06
4.901961e-03 3.970588e-01 -6.225051e-06
1.470588e-02 3.970588e-01 2.771469e-06
2.450980e-02 3.970588e-01 6.376349e-06
3.431373e-02 3.970588e-01 -2.170751e-06
4.411765e-02 3.970588e-01 -6.490335e-06
5.392157e-02 3.970588e-01 9.266782e-07
6.372549e-02 3.970588e-01 6.311684e-06
7.352941e-02 3.970588e-01 7.977071e-07
8.333333e-02 3.970588e-01 -5.504296e-06
9.313725e-02 3.970588e-01 -2.610860e-06
1.029412e-01 3.970588e-01 3.842730e-06
1.127451e-01 3.970588e-01 3.889786e-06
1.225490e-01 3.970588e-01 -1.471649e-06
1.323529e-01 3.970588e-01 -3.991291e-06
1.421569e-01 3.970588e-01 -9.357729e-07
1.519608e-01 3.970588e-01 2.687893e-06
1.617647e-01 3.970588e-01 2.381757e-06
1.715686e-01 3.970588e-01 -5.601586e-07
1.813725e-01 3.970588e-01 -2.203378e-06
1.911765e-01 3.970588e-01 -1.147949e-06
2.009804e-01 3.970588e-01 7.698492e-07
2.107843e-01 3.970588e-01 1.427514e-06
2.205882e-01 3.970588e-01 6.057281e-07
2.303922e-01 3.970588e-01 -4.851445e-07
2.401961e-01 3.970588e-01 -8.318775e-07
2.500000e-01 3.970588e-01 -4.195698e-07
2.598039e-01 3.970588e-01 1.562849e-07
2.696078e-01 3.970588e-01 4.149571e-07
2.794118e-01 3.970588e-01 3.049662e-07
2.892157e-01 3.970588e-01 5.067318e-08
2.990196e-01 3.970588e-01 -1.290789e-07
3.088235e-01 3.970588e-01 -1.627861e-07
3.186275e-01 3.970588e-01 -9.967944e-08
3.284314e-01 3.970588e-01 -1.921819e-08
3.382353e-01 3.970588e-01 3.122114e-08
3.480392e-01 3.970588e-01 4.642312e-08
3.578431e-01 3.970588e-01 4.266951e-08
3.676471e-01 3.970588e-01 3.408523e-08
3.774510e-01 3.970588e-01 2.083548e-08
3.872549e-01 3.970588e-01 -7.930323e-09
3.970588e-01 3.970588e-01 -5.949151e-08
4.068627e-01 3.970588e-01 -1.187582e-07
4.166667e-01 3.970588e-01 -1.377166e-07
4.264706e-01 3.970588e-01 -4.751773e-08
4.362745e-01 3.970588e-01 1.996762e-07
4.460784e-01 3.970588e-01 5.701689e-07
4.558824e-01 3.970588e-01 9.023464e-07
4.656863e-01 3.970588e-01 9.175302e-07
4.754902e-01 3.970588e-01 3.160185e-07
4.852941e-01 3.970588e-01 -1.055982e-06
4.950980e-01 3.970588e-01 -3.035038e-06
5.049020e-01 3.970588e-01 -5.063410e-06
5.147059e-01 3.970588e-01 -6.289003e-06
5.245098e-01 3.970588e-01 -5.857415e-06
5.343137e-01 3.970588e-01 -3.313708e-06
5.441176e-01 3.970588e-01 1.043960e-06
5.539216e-01 3.970588e-01 6.031566e-06
5.637255e-01 3.970588e-01 9.774710e-06
5.735294e-01 3.970588e-01 1.020022e-05
5.833333e-01 3.970588e-01 5.703858e-06
5.931373e-01 3.970588e-01 -4.298555e-06
6.029412e-01 3.970588e-01 -1.902742e-05
6.127451e-01 3.970588e-01 -3.649280e-05
6.225490e-01 3.970588e-01 -5.391999e-05
6.323529e-01 3.970588e-01 -6.839340e-05
6.421569e-01 3.970588e-01 -7.771135e-05
6.519608e-01 3.970588e-01 -8.049874e-05
6.617647e-01 3.970588e-01 -7.687673e-05
6.715686e-01 3.970588e-01 -6.793242e-05
6.813725e-01 3.970588e-01 -5.522131e-05
6.911765e-01 3.970588e-01 -4.127878e-05
7.009804e-01 3.970588e-01 -2.749874e-05
7.107843e-01 3.970588e-01 -1.531949e-05
7.205882e-01 3.970588e-01 -6.312261e-06
7.303922e-01 3.970588e-01 6.164627e-07
7.401961e-01 3.970588e-01 4.803073e-06
7.500000e-01 3.970588e-01 5.960482e-06
7.598039e-01 3.970588e-01 7.146939e-06
7.696078e-01 3.970588e-01 6.705685e-06
7.794118e-01 3.970588e-01 4.368900e-06
7.892157e-01 3.970588e-01 4.606219e-06
7.990196e-01 3.970588e-01 3.822444e-06
8.088235e-01 3.970588e-01 6.112430e-07
8.186275e-01 3.970588e-01 1.758896e-06
8.284314e-01 3.970588e-01 2.619058e-06
8.382353e-01 3.970588e-01 -1.390296e-06
8.480392e-01 3.970588e-01 -4.334002e-07
8.578431e-01 3.970588e-01 3.215695e-06
8.676471e-01 3.970588e-01 -9.932070e-07
8.774510e-01 3.970588e-01 -3.077270e-06
8.872549e-01 3.970588e-01 3.094370e-06
8.970588e-01 3.970588e-01 2.227844e-06
9.068627e-01 3.970588e-01 -4.631289e-06
9.166667e-01 3.970588e-01 -7.472452e-07
9.264706e-01 3.970588e-01 5.566640e-06
9.362745e-01 3.970588e-01 -7.859105e-07
9.460784e-01 3.970588e-01 -5.978708e-06
9.558824e-01 3.970588e-01 2.007476e-06
9.656863e-01 3.970588e-01 6.122962e-06
9.754902e-01 3.970588e-01 -2.703551e-06
9.852941e-01 3.970588e-01 -6.225051e-06
9.950980e-01 3.970588e-01 2.771469e-06
4.901961e-03 4.068627e-01 -4.758250e-06
1.470588e-02 4.068627e-01 9.334453e-06
2.450980e-02 4.068627e-01 5.192413e-06
3.431373e-02 4.068627e-01 -8.766797e-06
4.411765e-02 4.068627e-01 -6.223175e-06
5.392157e-02 4.068627e-01 7.289677e-06
6.372549e-02 4.068627e-01 7.467644e-06
7.352941e-02 4.068627e-01 -4.795135e-06
8.333333e-02 4.068627e-01 -8.266785e-06
9.313725e-02 4.068627e-01 1.448646e-06
1.029412e-01 4.068627e-01 7.850698e-06
1.127451e-01 4.068627e-01 2.076743e-06
1.225490e-01 4.068627e-01 -5.735737e-06
1.323529e-01 4.068627e-01 -4.618121e-06
1.421569e-01 4.068627e-01 2.241993e-06
1.519608e-01 4.068627e-01 5.032973e-06
1.617647e-01 4.068627e-01 1.290375e-06
1.715686e-01 4.068627e-01 -3.104246e-06
1.813725e-01 4.068627e-01 -3.104418e-06
1.911765e-01 4.068627e-01 1.255409e-07
2.009804e-01 4.068627e-01 2.393172e-06
2.107843e-01 4.068627e-01 1.772345e-06
2.205882e-01 4.068627e-01 -2.708036e-07
2.303922e-01 4.068627e-01 -1.465961e-06
2.401961e-01 4.068627e-01 -1.088428e-06
2.500000e-01 4.068627e-01 6.585777e-09
2.598039e-01 4.068627e-01 7.204013e-07
2.696078e-01 4.068627e-01 6.803178e-07
2.794118e-01 4.068627e-01 2.115507e-07
2.892157e-01 4.068627e-01 -2.051870e-07
2.990196e-01 4.068627e-01 -3.357360e-07
3.088235e-01 4.068627e-01 -2.307977e-07
3.186275e-01 4.068627e-01 -5.598508e-08
3.284314e-01 4.068627e-01 6.559614e-08
3.382353e-01 4.068627e-01 1.030817e-07
3.480392e-01 4.068627e-01 8.595011e-08
3.578431e-01 4.068627e-01 5.289989e-08
3.676471e-01 4.068627e-01 2.128951e-08
3.774510e-01 4.068627e-01 -1.455155e-08
3.872549e-01 4.068627e-01 -6.470410e-08
3.970588e-01 4.068627e-01 -1.187582e-07
4.068627e-01 4.068627e-01 -1.312407e-07
4.166667e-01 4.068627e-01 -3.400742e-08
4.264706e-01 4.068627e-01 2.166788e-07
4.362745e-01 4.068627e-01 5.720519e-07
4.460784e-01 4.068627e-01 8.418140e-07
4.558824e-01 4.068627e-01 7.172631e-07
4.656863e-01 4.068627e-01 -9.969827e-08
4.754902e-01 4.068627e-01 -1.683350e-06
4.852941e-01 4.068627e-01 -3.678171e-06
4.950980e-01 4.068627e-01 -5.233922e-06
5.049020e-01 4.068627e-01 -5.191956e-06
5.147059e-01 4.068627e-01 -2.532664e-06
5.245098e-01 4.068627e-01 3.044498e-06
5.343137e-01 4.068627e-01 1.065139e-05
5.441176e-01 4.068627e-01 1.810288e-05
5.539216e-01 4.068627e-01 2.232081e-05
5.637255e-01 4.068627e-01 2.018775e-05
5.735294e-01 4.068627e-01 9.593988e-06
5.833333e-01 4.068627e-01 -9.675931e-06
5.931373e-01 4.068627e-01 -3.562339e-05
6.029412e-01 4.068627e-01 -6.427077e-05
6.127451e-01 4.068627e-01 -9.070492e-05
6.225490e-01 4.068627e-01 -1.101265e-04
6.323529e-01 4.068627e-01 -1.191312e-04
6.421569e-01 4.068627e-01 -1.164834e-04
6.519608e-01 4.068627e-01 -1.028807e-04
6.617647e-01 4.068627e-01 -8.138338e-05
6.715686e-01 4.068627e-01 -5.550798e-05
6.813725e-01 4.068627e-01 -2.912194e-05
6.911765e-01 4.068627e-01 -6.098598e-06
7.009804e-01 4.068627e-01 1.242536e-05
7.107843e-01 4.068627e-01 2.466952e-05
7.205882e-01 4.068627e-01 3.056843e-05
7.303922e-01 4.068627e-01 3.290765e-05
7.401961e-01 4.068627e-01 3.052524e-05
7.500000e-01 4.068627e-01 2.574494e-05
7.598039e-01 4.068627e-01 2.228671e-05
7.696078e-01 4.068627e-01 1.621295e-05
7.794118e-01 4.068627e-01 1.070478e-05
7.892157e-01 4.068627e-01 9.743761e-06
7.990196e-01 4.068627e-01 5.349871e-06
8.088235e-01 4.068627e-01 1.220155e-06
8.186275e-01 4.068627e-01 4.137238e-06
8.284314e-01 4.068627e-01 2.121711e-06
8.382353e-01 4.068627e-01 -3.081771e-06
8.480392e-01 4.068627e-01 1.880277e-06
8.578431e-01 4.068627e-01 3.704078e-06
8.676471e-01 4.068627e-01 -4.361619e-06
8.774510e-01 4.068627e-01 -1.740080e-06
8.872549e-01 4.068627e-01 6.355142e-06
8.970588e-01 4.068627e-01 -1.104682e-06
9.068627e-01 4.068627e-01 -7.035088e-06
9.166667e-01 4.068627e-01 4.052339e-06
9.264706e-01 4.068627e-01 6.639040e-06
9.362745e-01 4.068627e-01 -6.512896e-06
9.460784e-01 4.068627e-01 -5.777641e-06
9.558824e-01 4.068627e-01 8.204133e-06
9.656863e-01 4.068627e-01 5.010616e-06
9.754902e-01 4.068627e-01 -9.132794e-06
9.852941e-01 4.068627e-01 -4.758250e-06
9.950980e-01 4.068627e-01 9.334453e-06
4.901961e-03 4.166667e-01 2.888519e-06
1.470588e-02 4.166667e-01 1.572696e-05
2.450980e-02 4.166667e-01 -2.210959e-06
3.431373e-02 4.166667e-01 -1.575379e-05
4.411765e-02 4.166667e-01 4.617006e-08
5.392157e-02 4.166667e-01 1.510170e-05
6.372549e-02 4.166667e-01 3.287030e-06
7.352941e-02 4.166667e-01 -1.314765e-05
8.333333e-02 4.166667e-01 -7.005724e-06
9.313725e-02 4.166667e-01 9.389348e-06
1.029412e-01 4.166667e-01 9.814412e-06
1.127451e-01 4.166667e-01 -3.986995e-06
1.225490e-01 4.166667e-01 -1.024357e-05
1.323529e-01 4.166667e-01 -1.795118e-06
1.421569e-01 4.166667e-01 7.500764e-06
1.519608e-01 4.166667e-01 5.785657e-06
1.617647e-01 4.166667e-01 -2.447690e-06
1.715686e-01 4.166667e-01 -6.129231e-06
1.813725e-01 4.166667e-01 -2.295934e-06
1.911765e-01 4.166667e-01 2.998973e-06
2.009804e-01 4.166667e-01 3.955243e-06
2.107843e-01 4.166667e-01 9.013279e-07
2.205882e-01 4.166667e-01 -2.100774e-06
2.303922e-01 4.166667e-01 -2.404503e-06
2.401961e-01 4.166667e-01 -6.516363e-07
2.500000e-01 4.166667e-01 1.034866e-06
2.598039e-01 4.166667e-01 1.391315e-06
2.696078e-01 4.166667e-01 6.599518e-07
2.794118e-01 4.166667e-01 -2.318479e-07
2.892157e-01 4.166667e-01 -6.397576e-07
2.990196e-01 4.166667e-01 -5.175243e-07
3.088235e-01 4.166667e-01 -1.680471e-07
3.186275e-01 4.166667e-01 1.148878e-07
3.284314e-01 4.166667e-01 2.186028e-07
3.382353e-01 4.166667e-01 1.835841e-07
3.480392e-01 4.166667e-01 9.862151e-08
3.578431e-01 4.166667e-01 2.274358e-08
3.676471e-01 4.166667e-01 -3.378340e-08
3.774510e-01 4.166667e-01 -8.524659e-08
3.872549e-01 4.166667e-01 -1.324411e-07
3.970588e-01 4.166667e-01 -1.377166e-07
4.068627e-01 4.166667e-01 -3.400742e-08
4.166667e-01 4.166667e-01 2.235693e-07
4.264706e-01 4.166667e-01 5.795564e-07
4.362745e-01 4.166667e-01 8.209963e-07
4.460784e-01 4.166667e-01 6.063711e-07
4.558824e-01 4.166667e-01 -3.759098e-07
4.656863e-01 4.166667e-01 -2.145120e-06
4.754902e-01 4.166667e-01 -4.178960e-06
4.852941e-01 4.166667e-01 -5.353575e-06
4.950980e-01 4.166667e-01 -4.219718e-06
5.049020e-01 4.166667e-01 3.730318e-07
5.147059e-01 4.166667e-01 8.489228e-06
5.245098e-01 4.166667e-01 1.850000e-05
5.343137e-01 4.166667e-01 2.702427e-05
5.441176e-01 4.166667e-01 2.961092e-05
5.539216e-01 4.166667e-01 2.207996e-05
5.637255e-01 4.166667e-01 2.083575e-06
5.735294e-01 4.166667e-01 -2.964994e-05
5.833333e-01 4.166667e-01 -6.894547e-05
5.931373e-01 4.166667e-01 -1.089112e-04
6.029412e-01 4.166667e-01 -1.414762e-04
6.127451e-01 4.166667e-01 -1.596339e-04
6.225490e-01 4.166667e-01 -1.589114e-04
6.323529e-01 4.166667e-01 -1.388618e-04
6.421569e-01 4.166667e-01 -1.026800e-04
6.519608e-01 4.166667e-01 -5.621313e-05
6.617647e-01 4.166667e-01 -7.278494e-06
6.715686e-01 4.166667e-01 3.786396e-05
6.813725e-01 4.166667e-01 7.344278e-05
6.911765e-01 4.166667e-01 9.633038e-05
7.009804e-01 4.166667e-01 1.074860e-04
7.107843e-01 4.166667e-01 1.063957e-04
7.205882e-01 4.166667e-01 9.713771e-05
7.303922e-01 4.166667e-01 8.418687e-05
7.401961e-01 4.166667e-01 6.650508e-05
7.500000e-01 4.166667e-01 5.061486e-05
7.598039e-01 4.166667e-01 3.825182e-05
7.696078e-01 4.166667e-01 2.377852e-05
7.794118e-01 4.166667e-01 1.550367e-05
7.892157e-01 4.166667e-01 1.236156e-05
7.990196e-01 4.166667e-01 3.510838e-06
8.088235e-01 4.166667e-01 1.105615e-06
8.186275e-01 4.166667e-01 5.473472e-06
8.284314e-01 4.166667e-01 -1.286773e-06
8.382353e-01 4.166667e-01 -4.351755e-06
8.480392e-01 4.166667e-01 5.335297e-06
8.578431e-01 4.166667e-01 1.311665e-06
8.676471e-01 4.166667e-01 -8.153812e-06
8.774510e-01 4.166667e-01 2.880712e-06
8.872549e-01 4.166667e-01 7.966730e-06
8.970588e-01 4.166667e-01 -7.718536e-06
9.068627e-01 4.166667e-01 -6.098836e-06
9.166667e-01 4.166667e-01 1.127825e-05
9.264706e-01 4.166667e-01 3.026641e-06
9.362745e-01 4.166667e-01 -1.359479e-05
9.460784e-01 4.166667e-01 -6.704597e-08
9.558824e-01 4.166667e-01 1.480074e-05
9.656863e-01 4.166667e-01 -2.064323e-06
9.754902e-01 4.166667e-01 -1.540698e-05
9.852941e-01 4.166667e-01 2.888519e-06
9.950980e-01 4.166667e-01 1.572696e-05
4.901961e-03 4.264706e-01 1.734409e-05
1.470588e-02 4.264706e-01 1.648587e-05
2.450980e-02 4.264706e-01 -1.670953e-05
3.431373e-02 4.264706e-01 -1.780502e-05
4.411765e-02 4.264706e-01 1.389341e-05
5.392157e-02 4.264706e-01 1.954070e-05
6.372549e-02 4.264706e-01 -8.796416e-06
7.352941e-02 4.264706e-01 -2.046823e-05
8.333333e-02 4.264706e-01 1.796284e-06
9.313725e-02 4.264706e-01 1.903739e-05
1.029412e-01 4.264706e-01 5.770789e-06
1.127451e-01 4.264706e-01 -1.412281e-05
1.225490e-01 4.264706e-01 -1.151879e-05
1.323529e-01 4.264706e-01 6.102475e-06
1.421569e-01 4.264706e-01 1.285424e-05
1.519608e-01 4.264706e-01 2.459110e-06
1.617647e-01 4.264706e-01 -8.792076e-06
1.715686e-01 4.264706e-01 -7.652870e-06
1.813725e-01 4.264706e-01 1.566591e-06
1.911765e-01 4.264706e-01 6.947160e-06
2.009804e-01 4.264706e-01 4.053659e-06
2.107843e-01 4.264706e-01 -1.916007e-06
2.205882e-01 4.264706e-01 -4.481178e-06
2.303922e-01 4.264706e-01 -2.440502e-06
2.401961e-01 4.264706e-01 9.642017e-07
2.500000e-01 4.264706e-01 2.528666e-06
2.598039e-01 4.264706e-01 1.718066e-06
2.696078e-01 4.264706e-01 3.949205e-09
2.794118e-01 4.264706e-01 -1.088715e-06
2.892157e-01 4.264706e-01 -1.101422e-06
2.990196e-01 4.264706e-01 -4.774041e-07
3.088235e-01 4.264706e-01 1.470201e-07
3.186275e-01 4.264706e-01 4.327785e-07
3.284314e-01 4.264706e-01 3.939261e-07
3.382353e-01 4.264706e-01 2.088098e-07
3.480392e-01 4.264706e-01 3.237422e-08
3.578431e-01 4.264706e-01 -7.811695e-08
3.676471e-01 4.264706e-01 -1.378936e-07
3.774510e-01 4.264706e-01 -1.708552e-07
3.872549e-01 4.264706e-01 -1.605126e-07
3.970588e-01 4.264706e-01 -4.751773e-08
4.068627e-01 4.264706e-01 2.166788e-07
4.166667e-01 4.264706e-01 5.795564e-07
4.264706e-01 4.264706e-01 8.162399e-07
4.362745e-01 4.264706e-01 5.558355e-07
4.460784e-01 4.264706e-01 -5.374512e-07
4.558824e-01 4.264706e-01 -2.452989e-06
4.656863e-01 4.264706e-01 -4.533142e-06
4.754902e-01 4.264706e-01 -5.407261e-06
4.852941e-01 4.264706e-01 -3.355603e-06
4.950980e-01 4.264706e-01 2.874484e-06
5.049020e-01 4.264706e-01 1.304312e-05
5.147059e-01 4.264706e-01 2.465363e-05
5.245098e-01 4.264706e-01 3.295615e-05
5.343137e-01 4.264706e-01 3.200776e-05
5.441176e-01 4.264706e-01 1.662341e-05
5.539216e-01 4.264706e-01 -1.536075e-05
5.637255e-01 4.264706e-01 -6.144280e-05
5.735294e-01 4.264706e-01 -1.140860e-04
5.833333e-01 4.264706e-01 -1.621203e-04
5.931373e-01 4.264706e-01 -1.934131e-04
6.029412e-01 4.264706e-01 -1.981197e-04
6.127451e-01 4.264706e-01 -1.716221e-04
6.225490e-01 4.264706e-01 -1.154425e-04
6.323529e-01 4.264706e-01 -3.768793e-05
6.421569e-01 4.264706e-01 5.001483e-05
6.519608e-01 4.264706e-01 1.344495e-04
6.617647e-01 4.264706e-01 2.036098e-04
6.715686e-01 4.264706e-01 2.508229e-04
6.813725e-01 4.264706e-01 2.716338e-04
6.911765e-01 4.264706e-01 2.683256e-04
7.009804e-01 4.264706e-01 2.466607e-04
7.107843e-01 4.264706e-01 2.101436e-04
7.205882e-01 4.264706e-01 1.694135e-04
7.303922e-01 4.264706e-01 1.290242e-04
7.401961e-01 4.264706e-01 8.918232e-05
7.500000e-01 4.264706e-01 6.031747e-05
7.598039e-01 4.264706e-01 3.771756e-05
7.696078e-01 4.264706e-01 1.661828e-05
7.794118e-01 4.264706e-01 9.634727e-06
7.892157e-01 4.264706e-01 4.755883e-06
7.990196e-01 4.264706e-01 -5.974156e-06
8.088235e-01 4.264706e-01 -1.782169e-06
8.186275e-01 4.264706e-01 2.535099e-06
8.284314e-01 4.264706e-01 -8.743490e-06
8.382353e-01 4.264706e-01 -4.019139e-06
8.480392e-01 4.264706e-01 8.142536e-06
8.578431e-01 4.264706e-01 -5.430339e-06
8.676471e-01 4.264706e-01 -9.782558e-06
8.774510e-01 4.264706e-01 1.066309e-05
8.872549e-01 4.264706e-01 4.687967e-06
8.970588e-01 4.264706e-01 -1.587950e-05
9.068627e-01 4.264706e-01 1.183705e-06
9.166667e-01 4.264706e-01 1.769871e-05
9.264706e-01 4.264706e-01 -7.575444e-06
9.362745e-01 4.264706e-01 -1.771258e-05
9.460784e-01 4.264706e-01 1.263893e-05
9.558824e-01 4.264706e-01 1.680569e-05
9.656863e-01 4.264706e-01 -1.596223e-05
9.754902e-01 4.264706e-01 -1.617878e-05
9.852941e-01 4.264706e-01 1.734409e-05
9.950980e-01 4.264706e-01 1.648587e-05
4.901961e-03 4.362745e-01 3.473348e-05
1.470588e-02 4.362745e-01 5.056768e-06
2.450980e-02 4.362745e-01 -3.469915e-05
3.431373e-02 4.362745e-01 -8.105574e-06
4.411765e-02 4.362745e-01 3.273317e-05
5.392157e-02 4.362745e-01 1.360277e-05
6.372549e-02 4.362745e-01 -2.791389e-05
7.352941e-02 4.362745e-01 -2.001506e-05
8.333333e-02 4.362745e-01 1.943597e-05
9.313725e-02 4.362745e-01 2.478015e-05
1.029412e-01 4.362745e-01 -7.635636e-06
1.127451e-01 4.362745e-01 -2.489321e-05
1.225490e-01 4.362745e-01 -5.056542e-06
1.323529e-01 4.362745e-01 1.848276e-05
1.421569e-01 4.362745e-01 1.423819e-05
1.519608e-01 4.362745e-01 -6.854815e-06
1.617647e-01 4.362745e-01 -1.567470e-05
1.715686e-01 4.362745e-01 -4.802149e-06
1.813725e-01 4.362745e-01 8.881976e-06
1.911765e-01 4.362745e-01 1.007345e-05
2.009804e-01 4.362745e-01 9.383153e-07
2.107843e-01 4.362745e-01 -6.683618e-06
2.205882e-01 4.362745e-01 -6.153172e-06
2.303922e-01 4.362745e-01 -4.859387e-07
2.401961e-01 4.362745e-01 3.856565e-06
2.500000e-01 4.362745e-01 3.837799e-06
2.598039e-01 4.362745e-01 1.017769e-06
2.696078e-01 4.362745e-01 -1.531379e-06
2.794118e-01 4.362745e-01 -2.168155e-06
2.892157e-01 4.362745e-01 -1.241792e-06
2.990196e-01 4.362745e-01 3.547772e-08
3.088235e-01 4.362745e-01 7.777216e-07
3.186275e-01 4.362745e-01 8.221095e-07
3.284314e-01 4.362745e-01 4.705355e-07
3.382353e-01 4.362745e-01 8.020480e-08
3.480392e-01 4.362745e-01 -1.645799e-07
3.578431e-01 4.362745e-01 -2.574158e-07
3.676471e-01 4.362745e-01 -2.626259e-07
3.774510e-01 4.362745e-01 -2.127667e-07
3.872549e-01 4.362745e-01 -7.503204e-08
3.970588e-01 4.362745e-01 1.996762e-07
4.068627e-01 4.362745e-01 5.720519e-07
4.166667e-01 4.362745e-01 8.209963e-07
4.264706e-01 4.362745e-01 5.558355e-07
4.362745e-01 4.362745e-01 -5.909219e-07
4.460784e-01 4.362745e-01 -2.607123e-06
4.558824e-01 4.362745e-01 -4.740759e-06
4.656863e-01 4.362745e-01 -5.410542e-06
4.754902e-01 4.362745e-01 -2.644015e-06
4.852941e-01 4.362745e-01 4.908488e-06
4.950980e-01 4.362745e-01 1.668208e-05
5.049020e-01 4.362745e-01 2.924340e-05
5.147059e-01 4.362745e-01 3.636703e-05
5.245098e-01 4.362745e-01 3.054350e-05
5.343137e-01 4.362745e-01 5.724028e-06
5.441176e-01 4.362745e-01 -3.957879e-05
5.539216e-01 4.362745e-01 -1.000481e-04
5.637255e-01 4.362745e-01 -1.634091e-04
5.735294e-01 4.362745e-01 -2.126328e-04
5.833333e-01 4.362745e-01 -2.303925e-04
5.931373e-01 4.362745e-01 -2.038895e-04
6.029412e-01 4.362745e-01 -1.291337e-04
6.127451e-01 4.362745e-01 -1.264063e-05
6.225490e-01 4.362745e-01 1.300547e-04
6.323529e-01 4.362745e-01 2.770152e-04
6.421569e-01 4.362745e-01 4.068181e-04
6.519608e-01 4.362745e-01 5.008697e-04
6.617647e-01 4.362745e-01 5.487458e-04
6.715686e-01 4.362745e-01 5.498491e-04
6.813725e-01 4.362745e-01 5.078859e-04
6.911765e-01 4.362745e-01 4.369997e-04
7.009804e-01 4.362745e-01 3.499467e-04
7.107843e-01 4.362745e-01 2.569675e-04
7.205882e-01 4.362745e-01 1.749405e-04
7.303922e-01 4.362745e-01 1.043932e-04
7.401961e-01 4.362745e-01 4.778529e-05
7.500000e-01 4.362745e-01 1.521206e-05
7.598039e-01 4.362745e-01 -9.414536e-06
7.696078e-01 4.362745e-01 -2.532241e-05
7.794118e-01 4.362745e-01 -2.096077e-05
7.892157e-01 4.362745e-01 -2.334884e-05
7.990196e-01 4.362745e-01 -2.748960e-05
8.088235e-01 4.362745e-01 -1.041417e-05
8.186275e-01 4.362745e-01 -8.515367e-06
8.284314e-01 4.362745e-01 -1.977057e-05
8.382353e-01 4.362745e-01 -1.075266e-06
8.480392e-01 4.362745e-01 7.123876e-06
8.578431e-01 4.362745e-01 -1.620683e-05
8.676471e-01 4.362745e-01 -5.718322e-06
8.774510e-01 4.362745e-01 1.897717e-05
8.872549e-01 4.362745e-01 -6.246357e-06
8.970588e-01 4.362745e-01 -2.097017e-05
9.068627e-01 4.362745e-01 1.600550e-05
9.166667e-01 4.362745e-01 1.751359e-05
9.264706e-01 4.362745e-01 -2.447355e-05
9.362745e-01 4.362745e-01 -1.254776e-05
9.460784e-01 4.362745e-01 3.002033e-05
9.558824e-01 4.362745e-01 7.806190e-06
9.656863e-01 4.362745e-01 -3.325527e-05
9.754902e-01 4.362745e-01 -5.023114e-06
9.852941e-01 4.362745e-01 3.473348e-05
9.950980e-01 4.362745e-01 5.056768e-06
4.901961e-03 4.460784e-01 4.562323e-05
1.470588e-02 4.460784e-01 -2.259138e-05
2.450980e-02 4.460784e-01 -4.687200e-05
3.431373e-02 4.460784e-01 1.818175e-05
4.411765e-02 4.460784e-01 4.814997e-05
5.392157e-02 4.460784e-01 -8.878838e-06
6.372549e-02 4.460784e-01 -4.750073e-05
7.352941e-02 4.460784e-01 -4.288564e-06
8.333333e-02 4.460784e-01 4.223470e-05
9.313725e-02 4.460784e-01 1.855779e-05
1.029412e-01 4.460784e-01 -3.032002e-05
1.127451e-01 4.460784e-01 -2.922312e-05
1.225490e-01 4.460784e-01 1.243090e-05
1.323529e-01 4.460784e-01 3.105442e-05
1.421569e-01 4.460784e-01 6.545735e-06
1.519608e-01 4.460784e-01 -2.166123e-05
1.617647e-01 4.460784e-01 -1.867562e-05
1.715686e-01 4.460784e-01 4.966893e-06
1.813725e-01 4.460784e-01 1.799282e-05
1.911765e-01 4.460784e-01 9.215478e-06
2.009804e-01 4.460784e-01 -6.577506e-06
2.107843e-01 4.460784e-01 -1.202069e-05
2.205882e-01 4.460784e-01 -5.104562e-06
2.303922e-01 4.460784e-01 4.220950e-06
2.401961e-01 4.460784e-01 7.305577e-06
2.500000e-01 4.460784e-01 3.774063e-06
2.598039e-01 4.460784e-01 -1.362881e-06
2.696078e-01 4.460784e-01 -3.808937e-06
2.794118e-01 4.460784e-01 -2.912165e-06
2.892157e-01 4.460784e-01 -5.688830e-07
2.990196e-01 4.460784e-01 1.200657e-06
3.088235e-01 4.460784e-01 1.624192e-06
3.186275e-01 4.460784e-01 1.067227e-06
3.284314e-01 4.460784e-01 2.606307e-07
3.382353e-01 4.460784e-01 -3.002976e-07
3.480392e-01 4.460784e-01 -5.045086e-07
3.578431e-01 4.460784e-01 -4.693731e-07
3.676471e-01 4.460784e-01 -3.289682e-07
3.774510e-01 4.460784e-01 -1.219614e-07
3.872549e-01 4.460784e-01 1.837048e-07
3.970588e-01 4.460784e-01 5.701689e-07
4.068627e-01 4.460784e-01 8.418140e-07
4.166667e-01 4.460784e-01 6.063711e-07
4.264706e-01 4.460784e-01 -5.374512e-07
4.362745e-01 4.460784e-01 -2.607123e-06
4.460784e-01 4.460784e-01 -4.808676e-06
4.558824e-01 4.460784e-01 -5.398775e-06
4.656863e-01 4.460784e-01 -2.167602e-06
4.754902e-01 4.460784e-01 6.359998e-06
4.852941e-01 4.460784e-01 1.934327e-05
4.950980e-01 4.460784e-01 3.243591e-05
5.049020e-01 4.460784e-01 3.790983e-05
5.147059e-01 4.460784e-01 2.666673e-05
5.245098e-01 4.460784e-01 -8.082411e-06
5.343137e-01 4.460784e-01 -6.663427e-05
5.441176e-01 4.460784e-01 -1.398762e-04
5.539216e-01 4.460784e-01 -2.092382e-04
5.637255e-01 4.460784e-01 -2.503371e-04
5.735294e-01 4.460784e-01 -2.393547e-04
5.833333e-01 4.460784e-01 -1.607688e-04
5.931373e-01 4.460784e-01 -1.282007e-05
6.029412e-01 4.460784e-01 1.897069e-04
6.127451e-01 4.460784e-01 4.185479e-04
6.225490e-01 4.460784e-01 6.380042e-04
6.323529e-01 4.460784e-01 8.126225e-04
6.421569e-01 4.460784e-01 9.173011e-04
6.519608e-01 4.460784e-01 9.381516e-04
6.617647e-01 4.460784e-01 8.791906e-04
6.715686e-01 4.460784e-01 7.563573e-04
6.813725e-01 4.460784e-01 5.906825e-04
6.911765e-01 4.460784e-01 4.131191e-04
7.009804e-01 4.460784e-01 2.422933e-04
7.107843e-01 4.460784e-01 9.520038e-05
7.205882e-01 4.460784e-01 -1.140694e-05
7.303922e-01 4.460784e-01 -8.777428e-05
7.401961e-01 4.460784e-01 -1.294820e-04
7.500000e-01 4.460784e-01 -1.361866e-04
7.598039e-01 4.460784e-01 -1.377261e-04
7.696078e-01 4.460784e-01 -1.222060e-04
7.794118e-01 4.460784e-01 -8.966911e-05
7.892157e-01 4.460784e-01 -7.948146e-05
7.990196e-01 4.460784e-01 -6.204010e-05
8.088235e-01 4.460784e-01 -2.693075e-05
8.186275e-01 4.460784e-01 -2.956745e-05
8.284314e-01 4.460784e-01 -3.087374e-05
8.382353e-01 4.460784e-01 4.715474e-06
8.480392e-01 4.460784e-01 -1.108791e-06
8.578431e-01 4.460784e-01 -2.749779e-05
8.676471e-01 4.460784e-01 6.950353e-06
8.774510e-01 4.460784e-01 2.242842e-05
8.872549e-01 4.460784e-01 -2.478782e-05
8.970588e-01 4.460784e-01 -1.623758e-05
9.068627e-01 4.460784e-01 3.541703e-05
9.166667e-01 4.460784e-01 4.215291e-06
9.264706e-01 4.460784e-01 -4.195481e-05
9.362745e-01 4.460784e-01 7.526229e-06
9.460784e-01 4.460784e-01 4.439450e-05
9.558824e-01 4.460784e-01 -1.679012e-05
9.656863e-01 4.460784e-01 -4.504006e-05
9.754902e-01 4.460784e-01 2.202738e-05
9.852941e-01 4.460784e-01 4.562323e-05
9.950980e-01 4.460784e-01 -2.259138e-05
4.901961e-03 4.558824e-01 3.680806e-05
1.470588e-02 4.558824e-01 -6.347868e-05
2.450980e-02 4.558824e-01 -3.981091e-05
3.431373e-02 4.558824e-01 5.932644e-05
4.411765e-02 4.558824e-01 4.681938e-05
5.392157e-02 4.558824e-01 -4.866073e-05
6.372549e-02 4.558824e-01 -5.512498e-05
7.352941e-02 4.558824e-01 3.076375e-05
8.333333e-02 4.558824e-01 6.005816e-05
9.313725e-02 4.558824e-01 -6.878771e-06
1.029412e-01 4.558824e-01 -5.614546e-05
1.127451e-01 4.558824e-01 -1.809178e-05
1.225490e-01 4.558824e-01 3.996041e-05
1.323529e-01 4.558824e-01 3.566653e-05
1.421569e-01 4.558824e-01 -1.392686e-05
1.519608e-01 4.558824e-01 -3.747044e-05
1.617647e-01 4.558824e-01 -1.197610e-05
1.715686e-01 4.558824e-01 2.197263e-05
1.813725e-01 4.558824e-01 2.458252e-05
1.911765e-01 4.558824e-01 9.428099e-07
2.009804e-01 4.558824e-01 -1.788983e-05
2.107843e-01 4.558824e-01 -1.489949e-05
2.205882e-01 4.558824e-01 7.655743e-07
2.303922e-01 4.558824e-01 1.134764e-05
2.401961e-01 4.558824e-01 9.538811e-06
2.500000e-01 4.558824e-01 9.137084e-07
2.598039e-01 4.558824e-01 -5.598294e-06
2.696078e-01 4.558824e-01 -6.061320e-06
2.794118e-01 4.558824e-01 -2.427726e-06
2.892157e-01 4.558824e-01 1.363355e-06
2.990196e-01 4.558824e-01 2.942550e-06
3.088235e-01 4.558824e-01 2.334574e-06
3.186275e-01 4.558824e-01 8.196592e-07
3.284314e-01 4.558824e-01 -4.312461e-07
3.382353e-01 4.558824e-01 -9.637951e-07
3.480392e-01 4.558824e-01 -9.112986e-07
3.578431e-01 4.558824e-01 -5.920387e-07
3.676471e-01 4.558824e-01 -2.134851e-07
3.774510e-01 4.558824e-01 1.852495e-07
3.872549e-01 4.558824e-01 6.044765e-07
3.970588e-01 4.558824e-01 9.023464e-07
4.068627e-01 4.558824e-01 7.172631e-07
4.166667e-01 4.558824e-01 -3.759098e-07
4.264706e-01 4.558824e-01 -2.452989e-06
4.362745e-01 4.558824e-01 -4.740759e-06
4.460784e-01 4.558824e-01 -5.398775e-06
4.558824e-01 4.558824e-01 -1.999372e-06
4.656863e-01 4.558824e-01 7.118263e-06
4.754902e-01 4.558824e-01 2.096546e-05
4.852941e-01 4.558824e-01 3.441798e-05
4.950980e-01 4.558824e-01 3.831398e-05
5.049020e-01 4.558824e-01 2.196515e-05
5.147059e-01 4.558824e-01 -2.211365e-05
5.245098e-01 4.558824e-01 -9.271833e-05
5.343137e-01 4.558824e-01 -1.761239e-04
5.441176e-01 4.558824e-01 -2.462072e-04
5.539216e-01 4.558824e-01 -2.696525e-04
5.637255e-01 4.558824e-01 -2.153921e-04
5.735294e-01 4.558824e-01 -6.524218e-05
5.833333e-01 4.558824e-01 1.773887e-04
5.931373e-01 4.558824e-01 4.854679e-04
6.029412e-01 4.558824e-01 8.115769e-04
6.127451e-01 4.558824e-01 1.099923e-03
6.225490e-01 4.558824e-01 1.297983e-03
6.323529e-01 4.558824e-01 1.369649e-03
6.421569e-01 4.558824e-01 1.304279e-03
6.519608e-01 4.558824e-01 1.112839e-03
6.617647e-01 4.558824e-01 8.322352e-04
6.715686e-01 4.558824e-01 5.057750e-04
6.813725e-01 4.558824e-01 1.785903e-04
6.911765e-01 4.558824e-01 -1.040859e-04
7.009804e-01 4.558824e-01 -3.258889e-04
7.107843e-01 4.558824e-01 -4.694131e-04
7.205882e-01 4.558824e-01 -5.329533e-04
7.303922e-01 4.558824e-01 -5.454747e-04
7.401961e-01 4.558824e-01 -5.034552e-04
7.500000e-01 4.558824e-01 -4.296287e-04
7.598039e-01 4.558824e-01 -3.631812e-04
7.696078e-01 4.558824e-01 -2.770960e-04
7.794118e-01 4.558824e-01 -1.962725e-04
7.892157e-01 4.558824e-01 -1.582207e-04
7.990196e-01 4.558824e-01 -1.013950e-04
8.088235e-01 4.558824e-01 -4.875179e-05
8.186275e-01 4.558824e-01 -5.645109e-05
8.284314e-01 4.558824e-01 -3.442743e-05
8.382353e-01 4.558824e-01 1.268763e-05
8.480392e-01 4.558824e-01 -1.774213e-05
8.578431e-01 4.558824e-01 -3.204395e-05
8.676471e-01 4.558824e-01 2.834284e-05
8.774510e-01 4.558824e-01 1.424580e-05
8.872549e-01 4.558824e-01 -4.586970e-05
8.970588e-01 4.558824e-01 4.584544e-06
9.068627e-01 4.558824e-01 5.103880e-05
9.166667e-01 4.558824e-01 -2.579818e-05
9.264706e-01 4.558824e-01 -4.908178e-05
9.362745e-01 4.558824e-01 4.333439e-05
9.460784e-01 4.558824e-01 4.352429e-05
9.558824e-01 4.558824e-01 -5.544313e-05
9.656863e-01 4.558824e-01 -3.844531e-05
9.754902e-01 4.558824e-01 6.208624e-05
9.852941e-01 4.558824e-01 3.680806e-05
9.950980e-01 4.558824e-01 -6.347868e-05
4.901961e-03 4.656863e-01 -3.534918e-06
1.470588e-02 4.656863e-01 -1.045057e-04
2.450980e-02 4.656863e-01 -1.033736e-06
3.431373e-02 4.656863e-01 1.034867e-04
4.411765e-02 4.656863e-01 1.493696e-05
5.392157e-02 4.656863e-01 -9.687397e-05
6.372549e-02 4.656863e-01 -3.571036e-05
7.352941e-02 4.656863e-01 8.094726e-05
8.333333e-02 4.656863e-01 5.775217e-05
9.313725e-02 4.656863e-01 -5.312627e-05
1.029412e-01 4.656863e-01 -7.225837e-05
1.127451e-01 4.656863e-01 1.553347e-05
1.225490e-01 4.656863e-01 6.981016e-05
1.323529e-01 4.656863e-01 2.234556e-05
1.421569e-01 4.656863e-01 -4.628460e-05
1.519608e-01 4.656863e-01 -4.554776e-05
1.617647e-01 4.656863e-01 9.230303e-06
1.715686e-01 4.656863e-01 4.248360e-05
1.813725e-01 4.656863e-01 2.225323e-05
1.911765e-01 4.656863e-01 -1.661777e-05
2.009804e-01 4.656863e-01 -2.961200e-05
2.107843e-01 4.656863e-01 -1.118264e-05
2.205882e-01 4.656863e-01 1.247292e-05
2.303922e-01 4.656863e-01 1.881523e-05
2.401961e-01 4.656863e-01 7.954786e-06
2.500000e-01 4.656863e-01 -5.746225e-06
2.598039e-01 4.656863e-01 -1.089555e-05
2.696078e-01 4.656863e-01 -6.832512e-06
2.794118e-01 4.656863e-01 2.596100e-07
2.892157e-01 4.656863e-01 4.650992e-06
2.990196e-01 4.656863e-01 4.757612e-06
3.088235e-01 4.656863e-01 2.296169e-06
3.186275e-01 4.656863e-01 -3.106269e-07
3.284314e-01 4.656863e-01 -1.697081e-06
3.382353e-01 4.656863e-01 -1.793317e-06
3.480392e-01 4.656863e-01 -1.184445e-06
3.578431e-01 4.656863e-01 -4.328858e-07
3.676471e-01 4.656863e-01 2.128279e-07
3.774510e-01 4.656863e-01 7.284532e-07
3.872549e-01 4.656863e-01 1.055488e-06
3.970588e-01 4.656863e-01 9.175302e-07
4.068627e-01 4.656863e-01 -9.969827e-08
4.166667e-01 4.656863e-01 -2.145120e-06
4.264706e-01 4.656863e-01 -4.533142e-06
4.362745e-01 4.656863e-01 -5.410542e-06
4.460784e-01 4.656863e-01 -2.167602e-06
4.558824e-01 4.656863e-01 7.118263e-06
4.656863e-01 4.656863e-01 2.151045e-05
4.754902e-01 4.656863e-01 3.535839e-05
4.852941e-01 4.656863e-01 3.824548e-05
4.950980e-01 4.656863e-01 1.790004e-05
5.049020e-01 4.656863e-01 -3.397215e-05
5.147059e-01 4.656863e-01 -1.147029e-04
5.245098e-01 4.656863e-01 -2.056039e-04
5.343137e-01 4.656863e-01 -2.721391e-04
5.441176e-01 4.656863e-01 -2.709587e-04
5.539216e-01 4.656863e-01 -1.629557e-04
5.637255e-01 4.656863e-01 7.167998e-05
5.735294e-01 4.656863e-01 4.217625e-04
5.833333e-01 4.656863e-01 8.413571e-04
5.931373e-01 4.656863e-01 1.257650e-03
6.029412e-01 4.656863e-01 1.585577e-03
6.127451e-01 4.656863e-01 1.751292e-03
6.225490e-01 4.656863e-01 1.707179e-03
6.323529e-01 4.656863e-01 1.447226e-03
6.421569e-01 4.656863e-01 1.006069e-03
6.519608e-01 4.656863e-01 4.465150e-04
6.617647e-01 4.656863e-01 -1.448344e-04
6.715686e-01 4.656863e-01 -6.940786e-04
6.813725e-01 4.656863e-01 -1.135791e-03
6.911765e-01 4.656863e-01 -1.427729e-03
7.009804e-01 4.656863e-01 -1.573898e-03
7.107843e-01 4.656863e-01 -1.572179e-03
7.205882e-01 4.656863e-01 -1.458705e-03
7.303922e-01 4.656863e-01 -1.286576e-03
7.401961e-01 4.656863e-01 -1.058864e-03
7.500000e-01 4.656863e-01 -8.334977e-04
7.598039e-01 4.656863e-01 -6.438132e-04
7.696078e-01 4.656863e-01 -4.483987e-04
7.794118e-01 4.656863e-01 -3.068034e-04
7.892157e-01 4.656863e-01 -2.270884e-04
7.990196e-01 4.656863e-01 -1.204872e-04
8.088235e-01 4.656863e-01 -6.265090e-05
8.186275e-01 4.656863e-01 -7.421349e-05
8.284314e-01 4.656863e-01 -1.831474e-05
8.382353e-01 4.656863e-01 2.220373e-05
8.480392e-01 4.656863e-01 -3.872662e-05
8.578431e-01 4.656863e-01 -1.996839e-05
8.676471e-01 4.656863e-01 5.400727e-05
8.774510e-01 4.656863e-01 -1.055334e-05
8.872549e-01 4.656863e-01 -5.874613e-05
8.970588e-01 4.656863e-01 4.330371e-05
9.068627e-01 4.656863e-01 5.020533e-05
9.166667e-01 4.656863e-01 -6.905888e-05
9.264706e-01 4.656863e-01 -3.246846e-05
9.362745e-01 4.656863e-01 8.707556e-05
9.460784e-01 4.656863e-01 1.464910e-05
9.558824e-01 4.656863e-01 -9.712705e-05
9.656863e-01 4.656863e-01 -1.449164e-06
9.754902e-01 4.656863e-01 1.023591e-04
9.852941e-01 4.656863e-01 -3.534918e-06
9.950980e-01 4.656863e-01 -1.045057e-04
4.901961e-03 4.754902e-01 -7.856622e-05
1.470588e-02 4.754902e-01 -1.232166e-04
2.450980e-02 4.754902e-01 7.364737e-05
3.431373e-02 4.754902e-01 1.287859e-04
4.411765e-02 4.754902e-01 -5.459254e-05
5.392157e-02 4.754902e-01 -1.337727e-04
6.372549e-02 4.754902e-01 2.195230e-05
7.352941e-02 4.754902e-01 1.308753e-04
8.333333e-02 4.754902e-01 2.017767e-05
9.313725e-02 4.754902e-01 -1.116612e-04
1.029412e-01 4.754902e-01 -6.176493e-05
1.127451e-01 4.754902e-01 7.160548e-05
1.225490e-01 4.754902e-01 8.735760e-05
1.323529e-01 4.754902e-01 -1.647949e-05
1.421569e-01 4.754902e-01 -8.251832e-05
1.519608e-01 4.754902e-01 -3.486044e-05
1.617647e-01 4.754902e-01 4.546454e-05
1.715686e-01 4.754902e-01 5.804423e-05
1.813725e-01 4.754902e-01 4.594418e-06
1.911765e-01 4.754902e-01 -4.171513e-05
2.009804e-01 4.754902e-01 -3.550913e-05
2.107843e-01 4.754902e-01 2.902610e-06
2.205882e-01 4.754902e-01 2.864368e-05
2.303922e-01 4.754902e-01 2.269450e-05
2.401961e-01 4.754902e-01 -6.054698e-08
2.500000e-01 4.754902e-01 -1.594292e-05
2.598039e-01 4.754902e-01 -1.521709e-05
2.696078e-01 4.754902e-01 -4.254998e-06
2.794118e-01 4.754902e-01 5.740440e-06
2.892157e-01 4.754902e-01 8.721095e-06
2.990196e-01 4.754902e-01 5.654156e-06
3.088235e-01 4.754902e-01 7.605049e-07
3.186275e-01 4.754902e-01 -2.577245e-06
3.284314e-01 4.754902e-01 -3.389680e-06
3.382353e-01 4.754902e-01 -2.463011e-06
3.480392e-01 4.754902e-01 -1.004152e-06
3.578431e-01 4.754902e-01 2.224442e-07
3.676471e-01 4.754902e-01 1.015443e-06
3.774510e-01 4.754902e-01 1.403258e-06
3.872549e-01 4.754902e-01 1.277820e-06
3.970588e-01 4.754902e-01 3.160185e-07
4.068627e-01 4.754902e-01 -1.683350e-06
4.166667e-01 4.754902e-01 -4.178960e-06
4.264706e-01 4.754902e-01 -5.407261e-06
4.362745e-01 4.754902e-01 -2.644015e-06
4.460784e-01 4.754902e-01 6.359998e-06
4.558824e-01 4.754902e-01 2.096546e-05
4.656863e-01 4.754902e-01 3.535839e-05
4.754902e-01 4.754902e-01 3.816697e-05
4.852941e-01 4.754902e-01 1.557457e-05
4.950980e-01 4.754902e-01 -4.183358e-05
5.049020e-01 4.754902e-01 -1.303969e-04
5.147059e-01 4.754902e-01 -2.267835e-04
5.245098e-01 4.754902e-01 -2.877985e-04
5.343137e-01 4.754902e-01 -2.594273e-04
5.441176e-01 4.754902e-01 -9.399209e-05
5.539216e-01 4.754902e-01 2.290934e-04
5.637255e-01 4.754902e-01 6.872141e-04
5.735294e-01 4.754902e-01 1.209475e-03
5.833333e-01 4.754902e-01 1.687270e-03
5.931373e-01 4.754902e-01 1.998938e-03
6.029412e-01 4.754902e-01 2.039251e-03
6.127451e-01 4.754902e-01 1.751643e-03
6.225490e-01 4.754902e-01 1.138985e-03
6.323529e-01 4.754902e-01 2.726985e-04
6.421569e-01 4.754902e-01 -7.310958e-04
6.519608e-01 4.754902e-01 -1.735169e-03
6.617647e-01 4.754902e-01 -2.601737e-03
6.715686e-01 4.754902e-01 -3.242094e-03
6.813725e-01 4.754902e-01 -3.594598e-03
6.911765e-01 4.754902e-01 -3.657243e-03
7.009804e-01 4.754902e-01 -3.482145e-03
7.107843e-01 4.754902e-01 -3.107162e-03
7.205882e-01 4.754902e-01 -2.630602e-03
7.303922e-01 4.754902e-01 -2.126457e-03
7.401961e-01 4.754902e-01 -1.610884e-03
7.500000e-01 4.754902e-01 -1.178859e-03
7.598039e-01 4.754902e-01 -8.301325e-04
7.696078e-01 4.754902e-01 -5.166803e-04
7.794118e-01 4.754902e-01 -3.300966e-04
7.892157e-01 4.754902e-01 -2.120502e-04
7.990196e-01 4.754902e-01 -6.991393e-05
8.088235e-01 4.754902e-01 -3.810771e-05
8.186275e-01 4.754902e-01 -5.355888e-05
8.284314e-01 4.754902e-01 3.341262e-05
8.382353e-01 4.754902e-01 3.486696e-05
8.480392e-01 4.754902e-01 -5.240961e-05
8.578431e-01 4.754902e-01 1.827506e-05
8.676471e-01 4.754902e-01 7.478847e-05
8.774510e-01 4.754902e-01 -5.109018e-05
8.872549e-01 4.754902e-01 -4.904693e-05
8.970588e-01 4.754902e-01 9.352591e-05
9.068627e-01 4.754902e-01 2.014127e-05
9.166667e-01 4.754902e-01 -1.124166e-04
9.264706e-01 4.754902e-01 1.802355e-05
9.362745e-01 4.754902e-01 1.211249e-04
9.460784e-01 4.754902e-01 -4.892516e-05
9.558824e-01 4.754902e-01 -1.213533e-04
9.656863e-01 4.754902e-01 7.006957e-05
9.754902e-01 4.754902e-01 1.208731e-04
9.852941e-01 4.754902e-01 -7.856622e-05
9.950980e-01 4.754902e-01 -1.232166e-04
4.901961e-03 4.852941e-01 -1.763486e-04
1.470588e-02 4.852941e-01 -9.377953e-05
2.450980e-02 4.852941e-01 1.733785e-04
3.431373e-02 4.852941e-01 1.086132e-04
4.411765e-02 4.852941e-01 -1.548340e-04
5.392157e-02 4.852941e-01 -1.324745e-04
6.372549e-02 4.852941e-01 1.174185e-04
7.352941e-02 4.852941e-01 1.553184e-04
8.333333e-02 4.852941e-01 -6.021886e-05
9.313725e-02 4.852941e-01 -1.623259e-04
1.029412e-01 4.852941e-01 -9.850057e-06
1.127451e-01 4.852941e-01 1.389510e-04
1.225490e-01 4.852941e-01 7.438351e-05
1.323529e-01 4.852941e-01 -8.080997e-05
1.421569e-01 4.852941e-01 -1.073376e-04
1.519608e-01 4.852941e-01 3.784078e-06
1.617647e-01 4.852941e-01 9.016786e-05
1.715686e-01 4.852941e-01 5.685892e-05
1.813725e-01 4.852941e-01 -3.164425e-05
1.911765e-01 4.852941e-01 -6.764695e-05
2.009804e-01 4.852941e-01 -2.784438e-05
2.107843e-01 4.852941e-01 2.867417e-05
2.205882e-01 4.852941e-01 4.470401e-05
2.303922e-01 4.852941e-01 1.797790e-05
2.401961e-01 4.852941e-01 -1.585465e-05
2.500000e-01 4.852941e-01 -2.746024e-05
2.598039e-01 4.852941e-01 -1.546701e-05
2.696078e-01 4.852941e-01 3.307964e-06
2.794118e-01 4.852941e-01 1.367411e-05
2.892157e-01 4.852941e-01 1.215360e-05
2.990196e-01 4.852941e-01 4.295780e-06
3.088235e-01 4.852941e-01 -2.888540e-06
3.186275e-01 4.852941e-01 -5.874815e-06
3.284314e-01 4.852941e-01 -5.016959e-06
3.382353e-01 4.852941e-01 -2.439736e-06
3.480392e-01 4.852941e-01 1.762776e-09
3.578431e-01 4.852941e-01 1.519424e-06
3.676471e-01 4.852941e-01 2.117504e-06
3.774510e-01 4.852941e-01 1.953051e-06
3.872549e-01 4.852941e-01 9.480411e-07
3.970588e-01 4.852941e-01 -1.055982e-06
4.068627e-01 4.852941e-01 -3.678171e-06
4.166667e-01 4.852941e-01 -5.353575e-06
4.264706e-01 4.852941e-01 -3.355603e-06
4.362745e-01 4.852941e-01 4.908488e-06
4.460784e-01 4.852941e-01 1.934327e-05
4.558824e-01 4.852941e-01 3.441798e-05
4.656863e-01 4.852941e-01 3.824548e-05
4.754902e-01 4.852941e-01 1.557457e-05
4.852941e-01 4.852941e-01 -4.457641e-05
4.950980e-01 4.852941e-01 -1.385251e-04
5.049020e-01 4.852941e-01 -2.393242e-04
5.147059e-01 4.852941e-01 -2.957386e-04
5.245098e-01 4.852941e-01 -2.427956e-04
5.343137e-01 4.852941e-01 -2.381279e-05
5.441176e-01 4.852941e-01 3.824887e-04
5.539216e-01 4.852941e-01 9.390208e-04
5.637255e-01 4.852941e-01 1.543525e-03
5.735294e-01 4.852941e-01 2.041799e-03
5.833333e-01 4.852941e-01 2.262940e-03
5.931373e-01 4.852941e-01 2.064064e-03
6.029412e-01 4.852941e-01 1.372222e-03
6.127451e-01 4.852941e-01 2.137964e-04
6.225490e-01 4.852941e-01 -1.292636e-03
6.323529e-01 4.852941e-01 -2.947167e-03
6.421569e-01 4.852941e-01 -4.528457e-03
6.519608e-01 4.852941e-01 -5.826172e-03
6.617647e-01 4.852941e-01 -6.683053e-03
6.715686e-01 4.852941e-01 -7.041653e-03
6.813725e-01 4.852941e-01 -6.895374e-03
6.911765e-01 4.852941e-01 -6.338328e-03
7.009804e-01 4.852941e-01 -5.501672e-03
7.107843e-01 4.852941e-01 -4.490393e-03
7.205882e-01 4.852941e-01 -3.477753e-03
7.303922e-01 4.852941e-01 -2.539045e-03
7.401961e-01 4.852941e-01 -1.705489e-03
7.500000e-01 4.852941e-01 -1.089633e-03
7.598039e-01 4.852941e-01 -6.198510e-04
7.696078e-01 4.852941e-01 -2.562609e-04
7.794118e-01 4.852941e-01 -9.898643e-05
7.892157e-01 4.852941e-01 1.167408e-05
7.990196e-01 4.852941e-01 1.285134e-04
8.088235e-01 4.852941e-01 7.750450e-05
8.186275e-01 4.852941e-01 4.945237e-05
8.284314e-01 4.852941e-01 1.389082e-04
8.382353e-01 4.852941e-01 5.753221e-05
8.480392e-01 4.852941e-01 -3.937063e-05
8.578431e-01 4.852941e-01 8.787165e-05
8.676471e-01 4.852941e-01 7.918372e-05
8.774510e-01 4.852941e-01 -9.740795e-05
8.872549e-01 4.852941e-01 -3.695573e-06
8.970588e-01 4.852941e-01 1.392595e-04
9.068627e-01 4.852941e-01 -4.569039e-05
9.166667e-01 4.852941e-01 -1.340964e-04
9.264706e-01 4.852941e-01 1.024076e-04
9.362745e-01 4.852941e-01 1.213056e-04
9.460784e-01 4.852941e-01 -1.410715e-04
9.558824e-01 4.852941e-01 -1.030916e-04
9.656863e-01 4.852941e-01 1.658420e-04
9.754902e-01 4.852941e-01 9.231400e-05
9.852941e-01 4.852941e-01 -1.763486e-04
9.950980e-01 4.852941e-01 -9.377953e-05
4.901961e-03 4.950980e-01 -2.678719e-04
1.470588e-02 4.950980e-01 2.778613e-06
2.450980e-02 4.950980e-01 2.698099e-04
3.431373e-02 4.950980e-01 2.154043e-05
4.411765e-02 4.950980e-01 -2.610439e-04
5.392157e-02 4.950980e-01 -6.779194e-05
6.372549e-02 4.950980e-01 2.329781e-04
7.352941e-02 4.950980e-01 1.258916e-04
8.333333e-02 4.950980e-01 -1.761218e-04
9.313725e-02 4.950980e-01 -1.767345e-04
1.029412e-01 4.950980e-01 8.836526e-05
1.127451e-01 4.950980e-01 1.947460e-04
1.225490e-01 4.950980e-01 1.558943e-05
1.323529e-01 4.950980e-01 -1.591921e-04
1.421569e-01 4.950980e-01 -1.014063e-04
1.519608e-01 4.950980e-01 7.258325e-05
1.617647e-01 4.950980e-01 1.289915e-04
1.715686e-01 4.950980e-01 2.740441e-05
1.813725e-01 4.950980e-01 -8.339816e-05
1.911765e-01 4.950980e-01 -8.315070e-05
2.009804e-01 4.950980e-01 -7.091096e-08
2.107843e-01 4.950980e-01 6.306162e-05
2.205882e-01 4.950980e-01 5.317917e-05
2.303922e-01 4.950980e-01 2.300573e-07
2.401961e-01 4.950980e-01 -3.819131e-05
2.500000e-01 4.950980e-01 -3.600558e-05
2.598039e-01 4.950980e-01 -8.258822e-06
2.696078e-01 4.950980e-01 1.640074e-05
2.794118e-01 4.950980e-01 2.238570e-05
2.892157e-01 4.950980e-01 1.279490e-05
2.990196e-01 4.950980e-01 -6.244208e-07
3.088235e-01 4.950980e-01 -8.782591e-06
3.186275e-01 4.950980e-01 -9.555145e-06
3.284314e-01 4.950980e-01 -5.730419e-06
3.382353e-01 4.950980e-01 -1.077010e-06
3.480392e-01 4.950980e-01 2.130340e-06
3.578431e-01 4.950980e-01 3.425166e-06
3.676471e-01 4.950980e-01 3.245556e-06
3.774510e-01 4.950980e-01 2.000549e-06
3.872549e-01 4.950980e-01 -1.947252e-07
3.970588e-01 4.950980e-01 -3.035038e-06
4.068627e-01 4.950980e-01 -5.233922e-06
4.166667e-01 4.950980e-01 -4.219718e-06
4.264706e-01 4.950980e-01 2.874484e-06
4.362745e-01 4.950980e-01 1.668208e-05
4.460784e-01 4.950980e-01 3.243591e-05
4.558824e-01 4.950980e-01 3.831398e-05
4.656863e-01 4.950980e-01 1.790004e-05
4.754902e-01 4.950980e-01 -4.183358e-05
4.852941e-01 4.950980e-01 -1.385251e-04
4.950980e-01 4.950980e-01 -2.434593e-04
5.049020e-01 4.950980e-01 -2.987866e-04
5.147059e-01 4.950980e-01 -2.289698e-04
5.245098e-01 4.950980e-01 3.280385e-05
5.343137e-01 4.950980e-01 5.093489e-04
5.441176e-01 4.950980e-01 1.148940e-03
5.539216e-01 4.950980e-01 1.812613e-03
5.637255e-01 4.950980e-01 2.292188e-03
5.735294e-01 4.950980e-01 2.354358e-03
5.833333e-01 4.950980e-01 1.806987e-03
5.931373e-01 4.950980e-01 5.581462e-04
6.029412e-01 4.950980e-01 -1.341892e-03
6.127451e-01 4.950980e-01 -3.696567e-03
6.225490e-01 4.950980e-01 -6.205827e-03
6.323529e-01 4.950980e-01 -8.513069e-03
6.421569e-01 4.950980e-01 -1.030773e-02
6.519608e-01 4.950980e-01 -1.135567e-02
6.617647e-01 4.950980e-01 -1.156132e-02
6.715686e-01 4.950980e-01 -1.098025e-02
6.813725e-01 4.950980e-01 -9.737914e-03
6.911765e-01 4.950980e-01 -8.086987e-03
7.009804e-01 4.950980e-01 -6.257646e-03
7.107843e-01 4.950980e-01 -4.437350e-03
7.205882e-01 4.950980e-01 -2.857047e-03
7.303922e-01 4.950980e-01 -1.549966e-03
7.401961e-01 4.950980e-01 -5.515649e-04
7.500000e-01 4.950980e-01 5.811684e-05
7.598039e-01 4.950980e-01 4.622259e-04
7.696078e-01 4.950980e-01 6.742563e-04
7.794118e-01 4.950980e-01 6.335761e-04
7.892157e-01 4.950980e-01 6.171361e-04
7.990196e-01 4.950980e-01 5.798194e-04
8.088235e-01 4.950980e-01 3.587222e-04
8.186275e-01 4.950980e-01 2.888659e-04
8.284314e-01 4.950980e-01 3.162691e-04
8.382353e-01 4.950980e-01 1.048597e-04
8.480392e-01 4.950980e-01 2.449357e-05
8.578431e-01 4.950980e-01 1.860782e-04
8.676471e-01 4.950980e-01 5.798403e-05
8.774510e-01 4.950980e-01 -1.301041e-04
8.872549e-01 4.950980e-01 8.262631e-05
8.970588e-01 4.950980e-01 1.575147e-04
9.068627e-01 4.950980e-01 -1.414159e-04
9.166667e-01 4.950980e-01 -1.093661e-04
9.264706e-01 4.950980e-01 2.055319e-04
9.362745e-01 4.950980e-01 6.475688e-05
9.460784e-01 4.950980e-01 -2.392931e-04
9.558824e-01 4.950980e-01 -2.204213e-05
9.656863e-01 4.950980e-01 2.588099e-04
9.754902e-01 4.950980e-01 -1.964042e-06
9.852941e-01 4.950980e-01 -2.678719e-04
9.950980e-01 4.950980e-01 2.778613e-06
4.901961e-03 5.049020e-01 -3.120387e-04
1.470588e-02 5.049020e-01 1.675287e-04
2.450980e-02 5.049020e-01 3.216112e-04
3.431373e-02 5.049020e-01 -1.373109e-04
4.411765e-02 5.049020e-01 -3.334889e-04
5.392157e-02 5.049020e-01 7.231345e-05
6.372549e-02 5.049020e-01 3.336746e-04
7.352941e-02 5.049020e-01 2.174189e-05
8.333333e-02 5.049020e-01 -3.019457e-04
9.313725e-02 5.049020e-01 -1.267008e-04
1.029412e-01 5.049020e-01 2.213754e-04
1.127451e-01 5.049020e-01 2.090157e-04
1.225490e-01 5.049020e-01 -9.363746e-05
1.323529e-01 5.049020e-01 -2.284254e-04
1.421569e-01 5.049020e-01 -4.766696e-05
1.519608e-01 5.049020e-01 1.626494e-04
1.617647e-01 5.049020e-01 1.422656e-04
1.715686e-01 5.049020e-01 -3.662330e-05
1.813725e-01 5.049020e-01 -1.396468e-04
1.911765e-01 5.049020e-01 -7.496562e-05
2.009804e-01 5.049020e-01 4.989188e-05
2.107843e-01 5.049020e-01 9.779348e-05
2.205882e-01 5.049020e-01 4.538366e-05
2.303922e-01 5.049020e-01 -3.231422e-05
2.401961e-01 5.049020e-01 -6.249068e-05
2.500000e-01 5.049020e-01 -3.592774e-05
2.598039e-01 5.049020e-01 8.859250e-06
2.696078e-01 5.049020e-01 3.370061e-05
2.794118e-01 5.049020e-01 2.884821e-05
2.892157e-01 5.049020e-01 8.230111e-06
2.990196e-01 5.049020e-01 -9.851936e-06
3.088235e-01 5.049020e-01 -1.625451e-05
3.186275e-01 5.049020e-01 -1.237976e-05
3.284314e-01 5.049020e-01 -4.452919e-06
3.382353e-01 5.049020e-01 2.200472e-06
3.480392e-01 5.049020e-01 5.445835e-06
3.578431e-01 5.049020e-01 5.641405e-06
3.676471e-01 5.049020e-01 3.934066e-06
3.774510e-01 5.049020e-01 1.145079e-06
3.872549e-01 5.049020e-01 -2.201581e-06
3.970588e-01 5.049020e-01 -5.063410e-06
4.068627e-01 5.049020e-01 -5.191956e-06
4.166667e-01 5.049020e-01 3.730318e-07
4.264706e-01 5.049020e-01 1.304312e-05
4.362745e-01 5.049020e-01 2.924340e-05
4.460784e-01 5.049020e-01 3.790983e-05
4.558824e-01 5.049020e-01 2.196515e-05
4.656863e-01 5.049020e-01 -3.397215e-05
4.754902e-01 5.049020e-01 -1.303969e-04
4.852941e-01 5.049020e-01 -2.393242e-04
4.950980e-01 5.049020e-01 -2.987866e-04
5.049020e-01 5.049020e-01 -2.236387e-04
5.147059e-01 5.049020e-01 6.423736e-05
5.245098e-01 5.049020e-01 5.926789e-04
5.343137e-01 5.049020e-01 1.297676e-03
5.441176e-01 5.049020e-01 2.004193e-03
5.539216e-01 5.049020e-01 2.442503e-03
5.637255e-01 5.049020e-01 2.308009e-03
5.735294e-01 5.049020e-01 1.343685e-03
5.833333e-01 5.049020e-01 -5.667225e-04
5.931373e-01 5.049020e-01 -3.345309e-03
6.029412e-01 5.049020e-01 -6.702192e-03
6.127451e-01 5.049020e-01 -1.018866e-02
6.225490e-01 5.049020e-01 -1.329175e-02
6.323529e-01 5.049020e-01 -1.552992e-02
6.421569e-01 5.049020e-01 -1.658954e-02
6.519608e-01 5.049020e-01 -1.633090e-02
6.617647e-01 5.049020e-01 -1.485718e-02
6.715686e-01 5.049020e-01 -1.244799e-02
6.813725e-01 5.049020e-01 -9.449094e-03
6.911765e-01 5.049020e-01 -6.316491e-03
7.009804e-01 5.049020e-01 -3.367396e-03
7.107843e-01 5.049020e-01 -8.545155e-04
7.205882e-01 5.049020e-01 1.000446e-03
7.303922e-01 5.049020e-01 2.277948e-03
7.401961e-01 5.049020e-01 2.971351e-03
7.500000e-01 5.049020e-01 3.116471e-03
7.598039e-01 5.049020e-01 3.038483e-03
7.696078e-01 5.049020e-01 2.709138e-03
7.794118e-01 5.049020e-01 2.174410e-03
7.892157e-01 5.049020e-01 1.806931e-03
7.990196e-01 5.049020e-01 1.404954e-03
8.088235e-01 5.049020e-01 8.942086e-04
8.186275e-01 5.049020e-01 7.192361e-04
8.284314e-01 5.049020e-01 5.810645e-04
8.382353e-01 5.049020e-01 1.997646e-04
8.480392e-01 5.049020e-01 1.617586e-04
8.578431e-01 5.049020e-01 3.008709e-04
8.676471e-01 5.049020e-01 9.737769e-06
8.774510e-01 5.049020e-01 -1.240331e-04
8.872549e-01 5.049020e-01 2.019884e-04
8.970588e-01 5.049020e-01 1.250482e-04
9.068627e-01 5.049020e-01 -2.457782e-04
9.166667e-01 5.049020e-01 -1.971573e-05
9.264706e-01 5.049020e-01 2.969365e-04
9.362745e-01 5.049020e-01 -5.977823e-05
9.460784e-01 5.049020e-01 -3.072028e-04
9.558824e-01 5.049020e-01 1.266839e-04
9.656863e-01 5.049020e-01 3.093933e-04
9.754902e-01 5.049020e-01 -1.631195e-04
9.852941e-01 5.049020e-01 -3.120387e-04
9.950980e-01 5.049020e-01 1.675287e-04
4.901961e-03 5.147059e-01 -2.674196e-04
1.470588e-02 5.147059e-01 3.765791e-04
2.450980e-02 5.147059e-01 2.859812e-04
3.431373e-02 5.147059e-01 -3.481948e-04
4.411765e-02 5.147059e-01 -3.275543e-04
5.392157e-02 5.147059e-01 2.770796e-04
6.372549e-02 5.147059e-01 3.746442e-04
7.352941e-02 5.147059e-01 -1.594160e-04
8.333333e-02 5.147059e-01 -3.970363e-04
9.313725e-02 5.147059e-01 4.608693e-06
1.029412e-01 5.147059e-01 3.596017e-04
1.127451e-01 5.147059e-01 1.536587e-04
1.225490e-01 5.147059e-01 -2.413380e-04
1.323529e-01 5.147059e-01 -2.581059e-04
1.421569e-01 5.147059e-01 6.113811e-05
1.519608e-01 5.147059e-01 2.531552e-04
1.617647e-01 5.147059e-01 1.105380e-04
1.715686e-01 5.147059e-01 -1.318190e-04
1.813725e-01 5.147059e-01 -1.825002e-04
1.911765e-01 5.147059e-01 -3.212041e-05
2.009804e-01 5.147059e-01 1.170625e-04
2.107843e-01 5.147059e-01 1.204287e-04
2.205882e-01 5.147059e-01 1.421374e-05
2.303922e-01 5.147059e-01 -7.697734e-05
2.401961e-01 5.147059e-01 -8.114451e-05
2.500000e-01 5.147059e-01 -2.174656e-05
2.598039e-01 5.147059e-01 3.609604e-05
2.696078e-01 5.147059e-01 5.169336e-05
2.794118e-01 5.147059e-01 2.919151e-05
2.892157e-01 5.147059e-01 -3.460625e-06
2.990196e-01 5.147059e-01 -2.304988e-05
3.088235e-01 5.147059e-01 -2.370768e-05
3.186275e-01 5.147059e-01 -1.267851e-05
3.284314e-01 5.147059e-01 -1.442568e-07
3.382353e-01 5.147059e-01 7.664481e-06
3.480392e-01 5.147059e-01 9.646449e-06
3.578431e-01 5.147059e-01 7.584461e-06
3.676471e-01 5.147059e-01 3.605605e-06
3.774510e-01 5.147059e-01 -9.003896e-07
3.872549e-01 5.147059e-01 -4.817307e-06
3.970588e-01 5.147059e-01 -6.289003e-06
4.068627e-01 5.147059e-01 -2.532664e-06
4.166667e-01 5.147059e-01 8.489228e-06
4.264706e-01 5.147059e-01 2.465363e-05
4.362745e-01 5.147059e-01 3.636703e-05
4.460784e-01 5.147059e-01 2.666673e-05
4.558824e-01 5.147059e-01 -2.211365e-05
4.656863e-01 5.147059e-01 -1.147029e-04
4.754902e-01 5.147059e-01 -2.267835e-04
4.852941e-01 5.147059e-01 -2.957386e-04
4.950980e-01 5.147059e-01 -2.289698e-04
5.049020e-01 5.147059e-01 6.423736e-05
5.147059e-01 5.147059e-01 6.215997e-04
5.245098e-01 5.147059e-01 1.374553e-03
5.343137e-01 5.147059e-01 2.116757e-03
5.441176e-01 5.147059e-01 2.518714e-03
5.539216e-01 5.147059e-01 2.194163e-03
5.637255e-01 5.147059e-01 8.133808e-04
5.735294e-01 5.147059e-01 -1.781184e-03
5.833333e-01 5.147059e-01 -5.475807e-03
5.931373e-01 5.147059e-01 -9.874384e-03
6.029412e-01 5.147059e-01 -1.433918e-02
6.127451e-01 5.147059e-01 -1.813633e-02
6.225490e-01 5.147059e-01 -2.058795e-02
6.323529e-01 5.147059e-01 -2.121755e-02
6.421569e-01 5.147059e-01 -1.988798e-02
6.519608e-01 5.147059e-01 -1.674874e-02
6.617647e-01 5.147059e-01 -1.228399e-02
6.715686e-01 5.147059e-01 -7.115347e-03
6.813725e-01 5.147059e-01 -1.879762e-03
6.911765e-01 5.147059e-01 2.769806e-03
7.009804e-01 5.147059e-01 6.496705e-03
7.107843e-01 5.147059e-01 9.055561e-03
7.205882e-01 5.147059e-01 1.036448e-02
7.303922e-01 5.147059e-01 1.071654e-02
7.401961e-01 5.147059e-01 1.019632e-02
7.500000e-01 5.147059e-01 9.064367e-03
7.598039e-01 5.147059e-01 7.795214e-03
7.696078e-01 5.147059e-01 6.313627e-03
7.794118e-01 5.147059e-01 4.842387e-03
7.892157e-01 5.147059e-01 3.777830e-03
7.990196e-01 5.147059e-01 2.720464e-03
8.088235e-01 5.147059e-01 1.770775e-03
8.186275e-01 5.147059e-01 1.382546e-03
8.284314e-01 5.147059e-01 9.439771e-04
8.382353e-01 5.147059e-01 3.704588e-04
8.480392e-01 5.147059e-01 3.856853e-04
8.578431e-01 5.147059e-01 4.129331e-04
8.676471e-01 5.147059e-01 -5.526841e-05
8.774510e-01 5.147059e-01 -5.570180e-05
8.872549e-01 5.147059e-01 3.314443e-04
8.970588e-01 5.147059e-01 2.743845e-05
9.068627e-01 5.147059e-01 -3.246856e-04
9.166667e-01 5.147059e-01 1.375588e-04
9.264706e-01 5.147059e-01 3.371386e-04
9.362745e-01 5.147059e-01 -2.431988e-04
9.460784e-01 5.147059e-01 -3.037079e-04
9.558824e-01 5.147059e-01 3.249185e-04
9.656863e-01 5.147059e-01 2.764734e-04
9.754902e-01 5.147059e-01 -3.678852e-04
9.852941e-01 5.147059e-01 -2.674196e-04
9.950980e-01 5.147059e-01 3.765791e-04
4.901961e-03 5.245098e-01 -1.074026e-04
1.470588e-02 5.245098e-01 5.820564e-04
2.450980e-02 5.245098e-01 1.339448e-04
3.431373e-02 5.245098e-01 -5.662831e-04
4.411765e-02 5.245098e-01 -2.086227e-04
5.392157e-02 5.245098e-01 5.097217e-04
6.372549e-02 5.245098e-01 3.144672e-04
7.352941e-02 5.245098e-01 -3.945850e-04
8.333333e-02 5.245098e-01 -4.157849e-04
9.313725e-02 5.245098e-01 2.128995e-04
1.029412e-01 5.245098e-01 4.604169e-04
1.127451e-01 5.245098e-01 1.329477e-05
1.225490e-01 5.245098e-01 -3.979833e-04
1.323529e-01 5.245098e-01 -2.193250e-04
1.421569e-01 5.245098e-01 2.166416e-04
1.519608e-01 5.245098e-01 3.149333e-04
1.617647e-01 5.245098e-01 2.164571e-05
1.715686e-01 5.245098e-01 -2.430606e-04
1.813725e-01 5.245098e-01 -1.912890e-04
1.911765e-01 5.245098e-01 4.939040e-05
2.009804e-01 5.245098e-01 1.887589e-04
2.107843e-01 5.245098e-01 1.173110e-04
2.205882e-01 5.245098e-01 -4.281417e-05
2.303922e-01 5.245098e-01 -1.260191e-04
2.401961e-01 5.245098e-01 -8.508221e-05
2.500000e-01 5.245098e-01 9.901169e-06
2.598039e-01 5.245098e-01 7.053751e-05
2.696078e-01 5.245098e-01 6.506374e-05
2.794118e-01 5.245098e-01 1.968909e-05
2.892157e-01 5.245098e-01 -2.288005e-05
2.990196e-01 5.245098e-01 -3.850026e-05
3.088235e-01 5.245098e-01 -2.877760e-05
3.186275e-01 5.245098e-01 -8.716781e-06
3.284314e-01 5.245098e-01 7.855351e-06
3.382353e-01 5.245098e-01 1.507845e-05
3.480392e-01 5.245098e-01 1.401544e-05
3.578431e-01 5.245098e-01 8.460310e-06
3.676471e-01 5.245098e-01 1.714182e-06
3.774510e-01 5.245098e-01 -4.184199e-06
3.872549e-01 5.245098e-01 -7.499816e-06
3.970588e-01 5.245098e-01 -5.857415e-06
4.068627e-01 5.245098e-01 3.044498e-06
4.166667e-01 5.245098e-01 1.850000e-05
4.264706e-01 5.245098e-01 3.295615e-05
4.362745e-01 5.245098e-01 3.054350e-05
4.460784e-01 5.245098e-01 -8.082411e-06
4.558824e-01 5.245098e-01 -9.271833e-05
4.656863e-01 5.245098e-01 -2.056039e-04
4.754902e-01 5.245098e-01 -2.877985e-04
4.852941e-01 5.245098e-01 -2.427956e-04
4.950980e-01 5.245098e-01 3.280385e-05
5.049020e-01 5.245098e-01 5.926789e-04
5.147059e-01 5.245098e-01 1.374553e-03
5.245098e-01 5.245098e-01 2.153936e-03
5.343137e-01 5.245098e-01 2.548068e-03
5.441176e-01 5.245098e-01 2.090274e-03
5.539216e-01 5.245098e-01 3.625533e-04
5.637255e-01 5.245098e-01 -2.839784e-03
5.735294e-01 5.245098e-01 -7.384062e-03
5.833333e-01 5.245098e-01 -1.273634e-02
5.931373e-01 5.245098e-01 -1.804361e-02
6.029412e-01 5.245098e-01 -2.227098e-02
6.127451e-01 5.245098e-01 -2.446729e-02
6.225490e-01 5.245098e-01 -2.395991e-02
6.323529e-01 5.245098e-01 -2.053158e-02
6.421569e-01 5.245098e-01 -1.449859e-02
6.519608e-01 5.245098e-01 -6.556776e-03
6.617647e-01 5.245098e-01 2.233105e-03
6.715686e-01 5.245098e-01 1.081935e-02
6.813725e-01 5.245098e-01 1.825901e-02
6.911765e-01 5.245098e-01 2.379433e-02
7.009804e-01 5.245098e-01 2.721184e-02
7.107843e-01 5.245098e-01 2.841880e-02
7.205882e-01 5.245098e-01 2.766881e-02
7.303922e-01 5.245098e-01 2.558569e-02
7.401961e-01 5.245098e-01 2.243783e-02
7.500000e-01 5.245098e-01 1.882582e-02
7.598039e-01 5.245098e-01 1.534661e-02
7.696078e-01 5.245098e-01 1.188785e-02
7.794118e-01 5.245098e-01 8.898187e-03
7.892157e-01 5.245098e-01 6.673983e-03
7.990196e-01 5.245098e-01 4.611300e-03
8.088235e-01 5.245098e-01 3.051473e-03
8.186275e-01 5.245098e-01 2.294789e-03
8.284314e-01 5.245098e-01 1.408678e-03
8.382353e-01 5.245098e-01 6.438960e-04
8.480392e-01 5.245098e-01 6.934313e-04
8.578431e-01 5.245098e-01 5.008182e-04
8.676471e-01 5.245098e-01 -1.147004e-04
8.774510e-01 5.245098e-01 8.779937e-05
8.872549e-01 5.245098e-01 4.366687e-04
8.970588e-01 5.245098e-01 -1.328252e-04
9.068627e-01 5.245098e-01 -3.396013e-04
9.166667e-01 5.245098e-01 3.433838e-04
9.264706e-01 5.245098e-01 2.892702e-04
9.362745e-01 5.245098e-01 -4.529903e-04
9.460784e-01 5.245098e-01 -1.966325e-04
9.558824e-01 5.245098e-01 5.308925e-04
9.656863e-01 5.245098e-01 1.320394e-04
9.754902e-01 5.245098e-01 -5.694877e-04
9.852941e-01 5.245098e-01 -1.074026e-04
9.950980e-01 5.245098e-01 5.820564e-04
4.901961e-03 5.343137e-01 1.667838e-04
1.470588e-02 5.343137e-01 7.223987e-04
2.450980e-02 5.343137e-01 -1.360619e-04
3.431373e-02 5.343137e-01 -7.306007e-04
4.411765e-02 5.343137e-01 3.339217e-05
5.392157e-02 5.343137e-01 7.133082e-04
6.372549e-02 5.343137e-01 1.303190e-04
7.352941e-02 5.343137e-01 -6.367554e-04
8.333333e-02 5.343137e-01 -3.219756e-04
9.313725e-02 5.343137e-01 4.686377e-04
1.029412e-01 5.343137e-01 4.792624e-04
1.127451e-01 5.343137e-01 -2.060960e-04
1.225490e-01 5.343137e-01 -5.218249e-04
1.323529e-01 5.343137e-01 -9.489054e-05
1.421569e-01 5.343137e-01 3.934550e-04
1.519608e-01 5.343137e-01 3.180526e-04
1.617647e-01 5.343137e-01 -1.231935e-04
1.715686e-01 5.343137e-01 -3.453436e-04
1.813725e-01 5.343137e-01 -1.486929e-04
1.911765e-01 5.343137e-01 1.633226e-04
2.009804e-01 5.343137e-01 2.466173e-04
2.107843e-01 5.343137e-01 7.771628e-05
2.205882e-01 5.343137e-01 -1.214224e-04
2.303922e-01 5.343137e-01 -1.676848e-04
2.401961e-01 5.343137e-01 -6.627210e-05
2.500000e-01 5.343137e-01 5.855695e-05
2.598039e-01 5.343137e-01 1.061399e-04
2.696078e-01 5.343137e-01 6.782669e-05
2.794118e-01 5.343137e-01 -2.034894e-06
2.892157e-01 5.343137e-01 -4.872102e-05
2.990196e-01 5.343137e-01 -5.319704e-05
3.088235e-01 5.343137e-01 -2.880196e-05
3.186275e-01 5.343137e-01 8.093371e-07
3.284314e-01 5.343137e-01 1.950943e-05
3.382353e-01 5.343137e-01 2.360292e-05
3.480392e-01 5.343137e-01 1.749705e-05
3.578431e-01 5.343137e-01 7.430361e-06
3.676471e-01 5.343137e-01 -2.090179e-06
3.774510e-01 5.343137e-01 -8.459546e-06
3.872549e-01 5.343137e-01 -9.578199e-06
3.970588e-01 5.343137e-01 -3.313708e-06
4.068627e-01 5.343137e-01 1.065139e-05
4.166667e-01 5.343137e-01 2.702427e-05
4.264706e-01 5.343137e-01 3.200776e-05
4.362745e-01 5.343137e-01 5.724028e-06
4.460784e-01 5.343137e-01 -6.663427e-05
4.558824e-01 5.343137e-01 -1.761239e-04
4.656863e-01 5.343137e-01 -2.721391e-04
4.754902e-01 5.343137e-01 -2.594273e-04
4.852941e-01 5.343137e-01 -2.381279e-05
4.950980e-01 5.343137e-01 5.093489e-04
5.049020e-01 5.343137e-01 1.297676e-03
5.147059e-01 5.343137e-01 2.116757e-03
5.245098e-01 5.343137e-01 2.548068e-03
5.343137e-01 5.343137e-01 2.048754e-03
5.441176e-01 5.343137e-01 1.078406e-04
5.539216e-01 5.343137e-01 -3.552659e-03
5.637255e-01 5.343137e-01 -8.785377e-03
5.735294e-01 5.343137e-01 -1.493299e-02
5.833333e-01 5.343137e-01 -2.085875e-02
5.931373e-01 5.343137e-01 -2.517927e-02
6.029412e-01 5.343137e-01 -2.652851e-02
6.127451e-01 5.343137e-01 -2.395130e-02
6.225490e-01 5.343137e-01 -1.709730e-02
6.323529e-01 5.343137e-01 -6.386210e-03
6.421569e-01 5.343137e-01 7.061465e-03
6.519608e-01 5.343137e-01 2.172343e-02
6.617647e-01 5.343137e-01 3.580291e-02
6.715686e-01 5.343137e-01 4.780405e-02
6.813725e-01 5.343137e-01 5.655839e-02
6.911765e-01 5.343137e-01 6.140596e-02
7.009804e-01 5.343137e-01 6.248114e-02
7.107843e-01 5.343137e-01 6.006594e-02
7.205882e-01 5.343137e-01 5.499448e-02
7.303922e-01 5.343137e-01 4.834327e-02
7.401961e-01 5.343137e-01 4.067922e-02
7.500000e-01 5.343137e-01 3.303705e-02
7.598039e-01 5.343137e-01 2.607033e-02
7.696078e-01 5.343137e-01 1.965443e-02
7.794118e-01 5.343137e-01 1.446575e-02
7.892157e-01 5.343137e-01 1.053898e-02
7.990196e-01 5.343137e-01 7.102310e-03
8.088235e-01 5.343137e-01 4.752793e-03
8.186275e-01 5.343137e-01 3.436020e-03
8.284314e-01 5.343137e-01 1.969940e-03
8.382353e-01 5.343137e-01 1.036947e-03
8.480392e-01 5.343137e-01 1.062916e-03
8.578431e-01 5.343137e-01 5.477073e-04
8.676471e-01 5.343137e-01 -1.385429e-04
8.774510e-01 5.343137e-01 3.015855e-04
8.872549e-01 5.343137e-01 4.806404e-04
8.970588e-01 5.343137e-01 -3.327621e-04
9.068627e-01 5.343137e-01 -2.595823e-04
9.166667e-01 5.343137e-01 5.577489e-04
9.264706e-01 5.343137e-01 1.324168e-04
9.362745e-01 5.343137e-01 -6.383129e-04
9.460784e-01 5.343137e-01 2.388897e-05
9.558824e-01 5.343137e-01 6.874981e-04
9.656863e-01 5.343137e-01 -1.257553e-04
9.754902e-01 5.343137e-01 -7.076835e-04
9.852941e-01 5.343137e-01 1.667838e-04
9.950980e-01 5.343137e-01 7.223987e-04
4.901961e-03 5.441176e-01 5.206258e-04
1.470588e-02 5.441176e-01 7.394765e-04
2.450980e-02 5.441176e-01 -4.919224e-04
3.431373e-02 5.441176e-01 -7.804211e-04
4.411765e-02 5.441176e-01 3.756001e-04
5.392157e-02 5.441176e-01 8.249587e-04
6.372549e-02 5.441176e-01 -1.706970e-04
7.352941e-02 5.441176e-01 -8.250048e-04
8.333333e-02 5.441176e-01 -1.024865e-04
9.313725e-02 5.441176e-01 7.211664e-04
1.029412e-01 5.441176e-01 3.835725e-04
1.127451e-01 5.441176e-01 -4.744748e-04
1.225490e-01 5.441176e-01 -5.696128e-04
1.323529e-01 5.441176e-01 1.126180e-04
1.421569e-01 5.441176e-01 5.535116e-04
1.519608e-01 5.441176e-01 2.411536e-04
1.617647e-01 5.441176e-01 -3.067819e-04
1.715686e-01 5.441176e-01 -4.094427e-04
1.813725e-01 5.441176e-01 -4.693638e-05
1.911765e-01 5.441176e-01 2.927927e-04
2.009804e-01 5.441176e-01 2.709949e-04
2.107843e-01 5.441176e-01 -2.147919e-06
2.205882e-01 5.441176e-01 -2.103013e-04
2.303922e-01 5.441176e-01 -1.888462e-04
2.401961e-01 5.441176e-01 -2.040829e-05
2.500000e-01 5.441176e-01 1.191545e-04
2.598039e-01 5.441176e-01 1.347712e-04
2.696078e-01 5.441176e-01 5.493529e-05
2.794118e-01 5.441176e-01 -3.597082e-05
2.892157e-01 5.441176e-01 -7.766357e-05
2.990196e-01 5.441176e-01 -6.338042e-05
3.088235e-01 5.441176e-01 -2.149921e-05
3.186275e-01 5.441176e-01 1.629530e-05
3.284314e-01 5.441176e-01 3.391270e-05
3.382353e-01 5.441176e-01 3.186817e-05
3.480392e-01 5.441176e-01 1.889782e-05
3.578431e-01 5.441176e-01 3.828038e-06
3.676471e-01 5.441176e-01 -7.831406e-06
3.774510e-01 5.441176e-01 -1.322982e-05
3.872549e-01 5.441176e-01 -1.050784e-05
3.970588e-01 5.441176e-01 1.043960e-06
4.068627e-01 5.441176e-01 1.810288e-05
4.166667e-01 5.441176e-01 2.961092e-05
4.264706e-01 5.441176e-01 1.662341e-05
4.362745e-01 5.441176e-01 -3.957879e-05
4.460784e-01 5.441176e-01 -1.398762e-04
4.558824e-01 5.441176e-01 -2.462072e-04
4.656863e-01 5.441176e-01 -2.709587e-04
4.754902e-01 5.441176e-01 -9.399209e-05
4.852941e-01 5.441176e-01 3.824887e-04
4.950980e-01 5.441176e-01 1.148940e-03
5.049020e-01 5.441176e-01 2.004193e-03
5.147059e-01 5.441176e-01 2.518714e-03
5.245098e-01 5.441176e-01 2.090274e-03
5.343137e-01 5.441176e-01 1.078406e-04
5.441176e-01 5.441176e-01 -3.801093e-03
5.539216e-01 5.441176e-01 -9.520289e-03
5.637255e-01 5.441176e-01 -1.627358e-02
5.735294e-01 5.441176e-01 -2.264829e-02
5.833333e-01 5.441176e-01 -2.678917e-02
5.931373e-01 5.441176e-01 -2.683243e-02
6.029412e-01 5.441176e-01 -2.130670e-02
6.127451e-01 5.441176e-01 -9.631000e-03
6.225490e-01 5.441176e-01 7.767061e-03
6.323529e-01 5.441176e-01 2.936500e-02
6.421569e-01 5.441176e-01 5.286634e-02
6.519608e-01 5.441176e-01 7.567867e-02
6.617647e-01 5.441176e-01 9.520274e-02
6.715686e-01 5.441176e-01 1.095981e-01
6.813725e-01 5.441176e-01 1.176732e-01
6.911765e-01 5.441176e-01 1.191824e-01
7.009804e-01 5.441176e-01 1.149030e-01
7.107843e-01 5.441176e-01 1.057755e-01
7.205882e-01 5.441176e-01 9.347566e-02
7.303922e-01 5.441176e-01 7.963824e-02
7.401961e-01 5.441176e-01 6.524772e-02
7.500000e-01 5.441176e-01 5.181648e-02
7.598039e-01 5.441176e-01 3.995425e-02
7.696078e-01 5.441176e-01 2.955750e-02
7.794118e-01 5.441176e-01 2.146575e-02
7.892157e-01 5.441176e-01 1.527961e-02
7.990196e-01 5.441176e-01 1.013578e-02
8.088235e-01 5.441176e-01 6.827519e-03
8.186275e-01 5.441176e-01 4.747118e-03
8.284314e-01 5.441176e-01 2.612071e-03
8.382353e-01 5.441176e-01 1.547913e-03
8.480392e-01 5.441176e-01 1.454965e-03
8.578431e-01 5.441176e-01 5.473211e-04
8.676471e-01 5.441176e-01 -9.731090e-05
8.774510e-01 5.441176e-01 5.605432e-04
8.872549e-01 5.441176e-01 4.348406e-04
8.970588e-01 5.441176e-01 -5.319861e-04
9.068627e-01 5.441176e-01 -7.289702e-05
9.166667e-01 5.441176e-01 7.281720e-04
9.264706e-01 5.441176e-01 -1.282618e-04
9.362745e-01 5.441176e-01 -7.426026e-04
9.460784e-01 5.441176e-01 3.375179e-04
9.558824e-01 5.441176e-01 7.375874e-04
9.656863e-01 5.441176e-01 -4.665009e-04
9.754902e-01 5.441176e-01 -7.254933e-04
9.852941e-01 5.441176e-01 5.206258e-04
9.950980e-01 5.441176e-01 7.394765e-04
4.901961e-03 5.539216e-01 8.914533e-04
1.470588e-02 5.539216e-01 5.970011e-04
2.450980e-02 5.539216e-01 -8.721561e-04
3.431373e-02 5.539216e-01 -6.739391e-04
4.411765e-02 5.539216e-01 7.637074e-04
5.392157e-02 5.539216e-01 7.941241e-04
6.372549e-02 5.539216e-01 -5.487516e-04
7.352941e-02 5.539216e-01 -9.008012e-04
8.333333e-02 5.539216e-01 2.248381e-04
9.313725e-02 5.539216e-01 9.105868e-04
1.029412e-01 5.539216e-01 1.647067e-04
1.127451e-01 5.539216e-01 -7.427654e-04
1.225490e-01 5.539216e-01 -5.094308e-04
1.323529e-01 5.539216e-01 3.782197e-04
1.421569e-01 5.539216e-01 6.553230e-04
1.519608e-01 5.539216e-01 7.935747e-05
1.617647e-01 5.539216e-01 -4.982628e-04
1.715686e-01 5.539216e-01 -4.098635e-04
1.813725e-01 5.539216e-01 1.081902e-04
1.911765e-01 5.539216e-01 4.133314e-04
2.009804e-01 5.539216e-01 2.465050e-04
2.107843e-01 5.539216e-01 -1.167500e-04
2.205882e-01 5.539216e-01 -2.930765e-04
2.303922e-01 5.539216e-01 -1.785323e-04
2.401961e-01 5.539216e-01 5.113944e-05
2.500000e-01 5.539216e-01 1.825672e-04
2.598039e-01 5.539216e-01 1.480981e-04
2.696078e-01 5.539216e-01 2.388176e-05
2.794118e-01 5.539216e-01 -7.924462e-05
2.892157e-01 5.539216e-01 -1.048758e-04
2.990196e-01 5.539216e-01 -6.540337e-05
3.088235e-01 5.539216e-01 -5.662401e-06
3.186275e-01 5.539216e-01 3.692972e-05
3.284314e-01 5.539216e-01 4.934338e-05
3.382353e-01 5.539216e-01 3.821888e-05
3.480392e-01 5.539216e-01 1.716794e-05
3.578431e-01 5.539216e-01 -2.638166e-06
3.676471e-01 5.539216e-01 -1.516092e-05
3.774510e-01 5.539216e-01 -1.788968e-05
3.872549e-01 5.539216e-01 -1.012836e-05
3.970588e-01 5.539216e-01 6.031566e-06
4.068627e-01 5.539216e-01 2.232081e-05
4.166667e-01 5.539216e-01 2.207996e-05
4.264706e-01 5.539216e-01 -1.536075e-05
4.362745e-01 5.539216e-01 -1.000481e-04
4.460784e-01 5.539216e-01 -2.092382e-04
4.558824e-01 5.539216e-01 -2.696525e-04
4.656863e-01 5.539216e-01 -1.629557e-04
4.754902e-01 5.539216e-01 2.290934e-04
4.852941e-01 5.539216e-01 9.390208e-04
4.950980e-01 5.539216e-01 1.812613e-03
5.049020e-01 5.539216e-01 2.442503e-03
5.147059e-01 5.539216e-01 2.194163e-03
5.245098e-01 5.539216e-01 3.625533e-04
5.343137e-01 5.539216e-01 -3.552659e-03
5.441176e-01 5.539216e-01 -9.520289e-03
5.539216e-01 5.539216e-01 -1.672342e-02
5.637255e-01 5.539216e-01 -2.348126e-02
5.735294e-01 5.539216e-01 -2.746070e-02
5.833333e-01 5.539216e-01 -2.609880e-02
5.931373e-01 5.539216e-01 -1.726701e-02
6.029412e-01 5.539216e-01 2.114136e-04
6.127451e-01 5.539216e-01 2.601944e-02
6.225490e-01 5.539216e-01 5.840536e-02
6.323529e-01 5.539216e-01 9.425924e-02
6.421569e-01 5.539216e-01 1.297895e-01
6.519608e-01 5.539216e-01 1.611932e-01
6.617647e-01 5.539216e-01 1.851435e-01
6.715686e-01 5.539216e-01 1.996896e-01
6.813725e-01 5.539216e-01 2.039436e-01
6.911765e-01 5.539216e-01 1.984801e-01
7.009804e-01 5.539216e-01 1.850520e-01
7.107843e-01 5.539216e-01 1.655687e-01
7.205882e-01 5.539216e-01 1.427793e-01
7.303922e-01 5.539216e-01 1.189444e-01
7.401961e-01 5.539216e-01 9.556531e-02
7.500000e-01 5.539216e-01 7.460207e-02
7.598039e-01 5.539216e-01 5.649868e-02
7.696078e-01 5.539216e-01 4.120299e-02
7.794118e-01 5.539216e-01 2.958169e-02
7.892157e-01 5.539216e-01 2.065304e-02
7.990196e-01 5.539216e-01 1.356218e-02
8.088235e-01 5.539216e-01 9.159192e-03
8.186275e-01 5.539216e-01 6.134779e-03
8.284314e-01 5.539216e-01 3.307998e-03
8.382353e-01 5.539216e-01 2.151384e-03
8.480392e-01 5.539216e-01 1.820595e-03
8.578431e-01 5.539216e-01 5.066779e-04
8.676471e-01 5.539216e-01 2.841320e-05
8.774510e-01 5.539216e-01 8.231946e-04
8.872549e-01 5.539216e-01 2.891507e-04
8.970588e-01 5.539216e-01 -6.821695e-04
9.068627e-01 5.539216e-01 2.061509e-04
9.166667e-01 5.539216e-01 8.036142e-04
9.264706e-01 5.539216e-01 -4.588090e-04
9.362745e-01 5.539216e-01 -7.199396e-04
9.460784e-01 5.539216e-01 6.949644e-04
9.558824e-01 5.539216e-01 6.414833e-04
9.656863e-01 5.539216e-01 -8.315617e-04
9.754902e-01 5.539216e-01 -5.872257e-04
9.852941e-01 5.539216e-01 8.914533e-04
9.950980e-01 5.539216e-01 5.970011e-04
4.901961e-03 5.637255e-01 1.203239e-03
1.470588e-02 5.637255e-01 2.937298e-04
2.450980e-02 5.637255e-01 -1.200216e-03
3.431373e-02 5.637255e-01 -4.027253e-04
4.411765e-02 5.637255e-01 1.123942e-03
5.392157e-02 5.637255e-01 5.987655e-04
6.372549e-02 5.637255e-01 -9.388009e-04
7.352941e-02 5.637255e-01 -8.252403e-04
8.333333e-02 5.637255e-01 6.124893e-04
9.313725e-02 5.637255e-01 9.838814e-04
1.029412e-01 5.637255e-01 -1.565455e-04
1.127451e-01 5.637255e-01 -9.545353e-04
1.225490e-01 5.637255e-01 -3.312935e-04
1.323529e-01 5.637255e-01 6.587782e-04
1.421569e-01 5.637255e-01 6.653533e-04
1.519608e-01 5.637255e-01 -1.521790e-04
1.617647e-01 5.637255e-01 -6.600340e-04
1.715686e-01 5.637255e-01 -3.325302e-04
1.813725e-01 5.637255e-01 2.971077e-04
1.911765e-01 5.637255e-01 4.986738e-04
2.009804e-01 5.637255e-01 1.668907e-04
2.107843e-01 5.637255e-01 -2.514424e-04
2.205882e-01 5.637255e-01 -3.520849e-04
2.303922e-01 5.637255e-01 -1.312428e-04
2.401961e-01 5.637255e-01 1.408557e-04
2.500000e-01 5.637255e-01 2.374571e-04
2.598039e-01 5.637255e-01 1.397854e-04
2.696078e-01 5.637255e-01 -2.424035e-05
2.794118e-01 5.637255e-01 -1.264184e-04
2.892157e-01 5.637255e-01 -1.250284e-04
2.990196e-01 5.637255e-01 -5.669167e-05
3.088235e-01 5.637255e-01 1.835108e-05
3.186275e-01 5.637255e-01 6.069209e-05
3.284314e-01 5.637255e-01 6.355214e-05
3.382353e-01 5.637255e-01 4.107549e-05
3.480392e-01 5.637255e-01 1.168380e-05
3.578431e-01 5.637255e-01 -1.176006e-05
3.676471e-01 5.637255e-01 -2.341280e-05
3.774510e-01 5.637255e-01 -2.190894e-05
3.872549e-01 5.637255e-01 -8.807430e-06
3.970588e-01 5.637255e-01 9.774710e-06
4.068627e-01 5.637255e-01 2.018775e-05
4.166667e-01 5.637255e-01 2.083575e-06
4.264706e-01 5.637255e-01 -6.144280e-05
4.362745e-01 5.637255e-01 -1.634091e-04
4.460784e-01 5.637255e-01 -2.503371e-04
4.558824e-01 5.637255e-01 -2.153921e-04
4.656863e-01 5.637255e-01 7.167998e-05
4.754902e-01 5.637255e-01 6.872141e-04
4.852941e-01 5.637255e-01 1.543525e-03
4.950980e-01 5.637255e-01 2.292188e-03
5.049020e-01 5.637255e-01 2.308009e-03
5.147059e-01 5.637255e-01 8.133808e-04
5.245098e-01 5.637255e-01 -2.839784e-03
5.343137e-01 5.637255e-01 -8.785377e-03
5.441176e-01 5.637255e-01 -1.627358e-02
5.539216e-01 5.637255e-01 -2.348126e-02
5.637255e-01 5.637255e-01 -2.761227e-02
5.735294e-01 5.637255e-01 -2.537430e-02
5.833333e-01 5.637255e-01 -1.367520e-02
5.931373e-01 5.637255e-01 9.487910e-03
6.029412e-01 5.637255e-01 4.445123e-02
6.127451e-01 5.637255e-01 8.939285e-02
6.225490e-01 5.637255e-01 1.406839e-01
6.323529e-01 5.637255e-01 1.932146e-01
6.421569e-01 5.637255e-01 2.415097e-01
6.519608e-01 5.637255e-01 2.805756e-01
6.617647e-01 5.637255e-01 3.065972e-01
6.715686e-01 5.637255e-01 3.178744e-01
6.813725e-01 5.637255e-01 3.142463e-01
6.911765e-01 5.637255e-01 2.975493e-01
7.009804e-01 5.637255e-01 2.708338e-01
7.107843e-01 5.637255e-01 2.372638e-01
7.205882e-01 5.637255e-01 2.008164e-01
7.303922e-01 5.637255e-01 1.643902e-01
7.401961e-01 5.637255e-01 1.300566e-01
7.500000e-01 5.637255e-01 1.001115e-01
7.598039e-01 5.637255e-01 7.470923e-02
7.696078e-01 5.637255e-01 5.386286e-02
7.794118e-01 5.637255e-01 3.827268e-02
7.892157e-01 5.637255e-01 2.628379e-02
7.990196e-01 5.637255e-01 1.714873e-02
8.088235e-01 5.637255e-01 1.157148e-02
8.186275e-01 5.637255e-01 7.484061e-03
8.284314e-01 5.637255e-01 4.019586e-03
8.382353e-01 5.637255e-01 2.798734e-03
8.480392e-01 5.637255e-01 2.111461e-03
8.578431e-01 5.637255e-01 4.445011e-04
8.676471e-01 5.637255e-01 2.404147e-04
8.774510e-01 5.637255e-01 1.041103e-03
8.872549e-01 5.637255e-01 5.682800e-05
8.970588e-01 5.637255e-01 -7.400879e-04
9.068627e-01 5.637255e-01 5.380655e-04
9.166667e-01 5.637255e-01 7.493699e-04
9.264706e-01 5.637255e-01 -8.027838e-04
9.362745e-01 5.637255e-01 -5.496619e-04
9.460784e-01 5.637255e-01 1.028752e-03
9.558824e-01 5.637255e-01 3.906222e-04
9.656863e-01 5.637255e-01 -1.147683e-03
9.754902e-01 5.637255e-01 -2.914366e-04
9.852941e-01 5.637255e-01 1.203239e-03
9.950980e-01 5.637255e-01 2.937298e-04
4.901961e-03 5.735294e-01 1.386489e-03
1.470588e-02 5.735294e-01 -1.333233e-04
2.450980e-02 5.735294e-01 -1.404370e-03
3.431373e-02 5.735294e-01 3.204368e-06
4.411765e-02 5.735294e-01 1.381773e-03
5.392157e-02 5.735294e-01 2.537883e-04
6.372549e-02 5.735294e-01 -1.266370e-03
7.352941e-02 5.735294e-01 -5.913801e-04
8.333333e-02 5.735294e-01 9.938104e-04
9.313725e-02 5.735294e-01 9.100122e-04
1.029412e-01 5.735294e-01 -5.331071e-04
1.127451e-01 5.735294e-01 -1.060731e-03
1.225490e-01 5.735294e-01 -5.179021e-05
1.323529e-01 5.735294e-01 9.030713e-04
1.421569e-01 5.735294e-01 5.677942e-04
1.519608e-01 5.735294e-01 -4.205092e-04
1.617647e-01 5.735294e-01 -7.572028e-04
1.715686e-01 5.735294e-01 -1.796206e-04
1.813725e-01 5.735294e-01 4.903320e-04
1.911765e-01 5.735294e-01 5.275323e-04
2.009804e-01 5.735294e-01 3.757589e-05
2.107843e-01 5.735294e-01 -3.853740e-04
2.205882e-01 5.735294e-01 -3.728354e-04
2.303922e-01 5.735294e-01 -4.894521e-05
2.401961e-01 5.735294e-01 2.363488e-04
2.500000e-01 5.735294e-01 2.729208e-04
2.598039e-01 5.735294e-01 1.073216e-04
2.696078e-01 5.735294e-01 -8.459594e-05
2.794118e-01 5.735294e-01 -1.705388e-04
2.892157e-01 5.735294e-01 -1.335455e-04
2.990196e-01 5.735294e-01 -3.650450e-05
3.088235e-01 5.735294e-01 4.850536e-05
3.186275e-01 5.735294e-01 8.467570e-05
3.284314e-01 5.735294e-01 7.422272e-05
3.382353e-01 5.735294e-01 3.931474e-05
3.480392e-01 5.735294e-01 2.447782e-06
3.578431e-01 5.735294e-01 -2.282520e-05
3.676471e-01 5.735294e-01 -3.174563e-05
3.774510e-01 5.735294e-01 -2.499459e-05
3.872549e-01 5.735294e-01 -7.403806e-06
3.970588e-01 5.735294e-01 1.020022e-05
4.068627e-01 5.735294e-01 9.593988e-06
4.166667e-01 5.735294e-01 -2.964994e-05
4.264706e-01 5.735294e-01 -1.140860e-04
4.362745e-01 5.735294e-01 -2.126328e-04
4.460784e-01 5.735294e-01 -2.393547e-04
4.558824e-01 5.735294e-01 -6.524218e-05
4.656863e-01 5.735294e-01 4.217625e-04
4.754902e-01 5.735294e-01 1.209475e-03
4.852941e-01 5.735294e-01 2.041799e-03
4.950980e-01 5.735294e-01 2.354358e-03
5.049020e-01 5.735294e-01 1.343685e-03
5.147059e-01 5.735294e-01 -1.781184e-03
5.245098e-01 5.735294e-01 -7.384062e-03
5.343137e-01 5.735294e-01 -1.493299e-02
5.441176e-01 5.735294e-01 -2.264829e-02
5.539216e-01 5.735294e-01 -2.746070e-02
5.637255e-01 5.735294e-01 -2.537430e-02
5.735294e-01 5.735294e-01 -1.226589e-02
5.833333e-01 5.735294e-01 1.513314e-02
5.931373e-01 5.735294e-01 5.816904e-02
6.029412e-01 5.735294e-01 1.157170e-01
6.127451e-01 5.735294e-01 1.838572e-01
6.225490e-01 5.735294e-01 2.566265e-01
6.323529e-01 5.735294e-01 3.266678e-01
6.421569e-01 5.735294e-01 3.868259e-01
6.519608e-01 5.735294e-01 4.311241e-01
6.617647e-01 5.735294e-01 4.556526e-01
6.715686e-01 5.735294e-01 4.594098e-01
6.813725e-01 5.735294e-01 4.434218e-01
6.911765e-01 5.735294e-01 4.111944e-01
7.009804e-01 5.735294e-01 3.673277e-01
7.107843e-01 5.735294e-01 3.164467e-01
7.205882e-01 5.735294e-01 2.637950e-01
7.303922e-01 5.735294e-01 2.128557e-01
7.401961e-01 5.735294e-01 1.662588e-01
7.500000e-01 5.735294e-01 1.264514e-01
7.598039e-01 5.735294e-01 9.319354e-02
7.696078e-01 5.735294e-01 6.655023e-02
7.794118e-01 5.735294e-01 4.683518e-02
7.892157e-01 5.735294e-01 3.170971e-02
7.990196e-01 5.735294e-01 2.060602e-02
8.088235e-01 5.735294e-01 1.385167e-02
8.186275e-01 5.735294e-01 8.675703e-03
8.284314e-01 5.735294e-01 4.699812e-03
8.382353e-01 5.735294e-01 3.424821e-03
8.480392e-01 5.735294e-01 2.290406e-03
8.578431e-01 5.735294e-01 3.857318e-04
8.676471e-01 5.735294e-01 5.200136e-04
8.774510e-01 5.735294e-01 1.170982e-03
8.872549e-01 5.735294e-01 -2.273606e-04
8.970588e-01 5.735294e-01 -6.799802e-04
9.068627e-01 5.735294e-01 8.667892e-04
9.166667e-01 5.735294e-01 5.579077e-04
9.264706e-01 5.735294e-01 -1.094914e-03
9.362745e-01 5.735294e-01 -2.441368e-04
9.460784e-01 5.735294e-01 1.270296e-03
9.558824e-01 5.735294e-01 1.246127e-05
9.656863e-01 5.735294e-01 -1.345995e-03
9.754902e-01 5.735294e-01 1.258734e-04
9.852941e-01 5.735294e-01 1.386489e-03
9.950980e-01 5.735294e-01 -1.333233e-04
4.901961e-03 5.833333e-01 1.396778e-03
1.470588e-02 5.833333e-01 -6.169759e-04
2.450980e-02 5.833333e-01 -1.436759e-03
3.431373e-02 5.833333e-01 4.816084e-04
4.411765e-02 5.833333e-01 1.481444e-03
5.392157e-02 5.833333e-01 -1.912424e-04
6.372549e-02 5.833333e-01 -1.466640e-03
7.352941e-02 5.833333e-01 -2.274934e-04
8.333333e-02 5.833333e-01 1.299526e-03
9.313725e-02 5.833333e-01 6.890263e-04
1.029412e-01 5.833333e-01 -9.026150e-04
1.127451e-01 5.833333e-01 -1.032754e-03
1.225490e-01 5.833333e-01 2.889045e-04
1.323529e-01 5.833333e-01 1.064597e-03
1.421569e-01 5.833333e-01 3.695358e-04
1.519608e-01 5.833333e-01 -6.824018e-04
1.617647e-01 5.833333e-01 -7.666327e-04
1.715686e-01 5.833333e-01 3.008947e-05
1.813725e-01 5.833333e-01 6.553643e-04
1.911765e-01 5.833333e-01 4.892420e-04
2.009804e-01 5.833333e-01 -1.249863e-04
2.107843e-01 5.833333e-01 -4.962888e-04
2.205882e-01 5.833333e-01 -3.477939e-04
2.303922e-01 5.833333e-01 5.891239e-05
2.401961e-01 5.833333e-01 3.230331e-04
2.500000e-01 5.833333e-01 2.811544e-04
2.598039e-01 5.833333e-01 5.290293e-05
2.696078e-01 5.833333e-01 -1.494683e-04
2.794118e-01 5.833333e-01 -2.046487e-04
2.892157e-01 5.833333e-01 -1.277298e-04
2.990196e-01 5.833333e-01 -6.262567e-06
3.088235e-01 5.833333e-01 8.139658e-05
3.186275e-01 5.833333e-01 1.056550e-04
3.284314e-01 5.833333e-01 7.947656e-05
3.382353e-01 5.833333e-01 3.255702e-05
3.480392e-01 5.833333e-01 -9.859253e-06
3.578431e-01 5.833333e-01 -3.473824e-05
3.676471e-01 5.833333e-01 -3.932268e-05
3.774510e-01 5.833333e-01 -2.715861e-05
3.872549e-01 5.833333e-01 -7.022058e-06
3.970588e-01 5.833333e-01 5.703858e-06
4.068627e-01 5.833333e-01 -9.675931e-06
4.166667e-01 5.833333e-01 -6.894547e-05
4.264706e-01 5.833333e-01 -1.621203e-04
4.362745e-01 5.833333e-01 -2.303925e-04
4.460784e-01 5.833333e-01 -1.607688e-04
4.558824e-01 5.833333e-01 1.773887e-04
4.656863e-01 5.833333e-01 8.413571e-04
4.754902e-01 5.833333e-01 1.687270e-03
4.852941e-01 5.833333e-01 2.262940e-03
4.950980e-01 5.833333e-01 1.806987e-03
5.049020e-01 5.833333e-01 -5.667225e-04
5.147059e-01 5.833333e-01 -5.475807e-03
5.245098e-01 5.833333e-01 -1.273634e-02
5.343137e-01 5.833333e-01 -2.085875e-02
5.441176e-01 5.833333e-01 -2.678917e-02
5.539216e-01 5.833333e-01 -2.609880e-02
5.637255e-01 5.833333e-01 -1.367520e-02
5.735294e-01 5.833333e-01 1.513314e-02
5.833333e-01 5.833333e-01 6.327933e-02
5.931373e-01 5.833333e-01 1.308563e-01
6.029412e-01 5.833333e-01 2.146860e-01
6.127451e-01 5.833333e-01 3.082831e-01
6.225490e-01 5.833333e-01 4.030886e-01
6.323529e-01 5.833333e-01 4.894850e-01
6.421569e-01 5.833333e-01 5.588622e-01
6.519608e-01 5.833333e-01 6.046467e-01
6.617647e-01 5.833333e-01 6.233326e-01
6.715686e-01 5.833333e-01 6.150835e-01
6.813725e-01 5.833333e-01 5.825352e-01
6.911765e-01 5.833333e-01 5.311579e-01
7.009804e-01 5.833333e-01 4.672325e-01
7.107843e-01 5.833333e-01 3.969247e-01
7.205882e-01 5.833333e-01 3.266463e-01
7.303922e-01 5.833333e-01 2.603473e-01
7.401961e-01 5.833333e-01 2.011316e-01
7.500000e-01 5.833333e-01 1.513661e-01
7.598039e-01 5.833333e-01 1.103494e-01
7.696078e-01 5.833333e-01 7.815490e-02
7.794118e-01 5.833333e-01 5.450348e-02
7.892157e-01 5.833333e-01 3.644843e-02
7.990196e-01 5.833333e-01 2.362846e-02
8.088235e-01 5.833333e-01 1.578358e-02
8.186275e-01 5.833333e-01 9.604363e-03
8.284314e-01 5.833333e-01 5.297095e-03
8.382353e-01 5.833333e-01 3.959492e-03
8.480392e-01 5.833333e-01 2.339046e-03
8.578431e-01 5.833333e-01 3.540123e-04
8.676471e-01 5.833333e-01 8.311243e-04
8.774510e-01 5.833333e-01 1.185707e-03
8.872549e-01 5.833333e-01 -5.153877e-04
8.970588e-01 5.833333e-01 -5.011538e-04
9.068627e-01 5.833333e-01 1.133508e-03
9.166667e-01 5.833333e-01 2.520096e-04
9.264706e-01 5.833333e-01 -1.277789e-03
9.362745e-01 5.833333e-01 1.530362e-04
9.460784e-01 5.833333e-01 1.367835e-03
9.558824e-01 5.833333e-01 -4.351818e-04
9.656863e-01 5.833333e-01 -1.380287e-03
9.754902e-01 5.833333e-01 5.991168e-04
9.852941e-01 5.833333e-01 1.396778e-03
9.950980e-01 5.833333e-01 -6.169759e-04
4.901961e-03 5.931373e-01 1.225962e-03
1.470588e-02 5.931373e-01 -1.076486e-03
2.450980e-02 5.931373e-01 -1.285450e-03
3.431373e-02 5.931373e-01 9.533631e-04
4.411765e-02 5.931373e-01 1.399959e-03
5.392157e-02 5.931373e-01 -6.642299e-04
6.372549e-02 5.931373e-01 -1.500616e-03
7.352941e-02 5.931373e-01 2.097100e-04
8.333333e-02 5.931373e-01 1.474885e-03
9.313725e-02 5.931373e-01 3.522889e-04
1.029412e-01 5.931373e-01 -1.202672e-03
1.127451e-01 5.931373e-01 -8.696874e-04
1.225490e-01 5.931373e-01 6.366495e-04
1.323529e-01 5.931373e-01 1.112994e-03
1.421569e-01 5.931373e-01 9.875598e-05
1.519608e-01 5.931373e-01 -8.947031e-04
1.617647e-01 5.931373e-01 -6.827007e-04
1.715686e-01 5.931373e-01 2.654938e-04
1.813725e-01 5.931373e-01 7.644270e-04
1.911765e-01 5.931373e-01 3.864916e-04
2.009804e-01 5.931373e-01 -2.970002e-04
2.107843e-01 5.931373e-01 -5.657393e-04
2.205882e-01 5.931373e-01 -2.783035e-04
2.303922e-01 5.931373e-01 1.774134e-04
2.401961e-01 5.931373e-01 3.874353e-04
2.500000e-01 5.931373e-01 2.593279e-04
2.598039e-01 5.931373e-01 -1.691861e-05
2.696078e-01 5.931373e-01 -2.098963e-04
2.794118e-01 5.931373e-01 -2.233343e-04
2.892157e-01 5.931373e-01 -1.074296e-04
2.990196e-01 5.931373e-01 3.066803e-05
3.088235e-01 5.931373e-01 1.129197e-04
3.186275e-01 5.931373e-01 1.207527e-04
3.284314e-01 5.931373e-01 7.828819e-05
3.382353e-01 5.931373e-01 2.128420e-05
3.480392e-01 5.931373e-01 -2.398355e-05
3.578431e-01 5.931373e-01 -4.622691e-05
3.676471e-01 5.931373e-01 -4.547222e-05
3.774510e-01 5.931373e-01 -2.867792e-05
3.872549e-01 5.931373e-01 -8.671520e-06
3.970588e-01 5.931373e-01 -4.298555e-06
4.068627e-01 5.931373e-01 -3.562339e-05
4.166667e-01 5.931373e-01 -1.089112e-04
4.264706e-01 5.931373e-01 -1.934131e-04
4.362745e-01 5.931373e-01 -2.038895e-04
4.460784e-01 5.931373e-01 -1.282007e-05
4.558824e-01 5.931373e-01 4.854679e-04
4.656863e-01 5.931373e-01 1.257650e-03
4.754902e-01 5.931373e-01 1.998938e-03
4.852941e-01 5.931373e-01 2.064064e-03
4.950980e-01 5.931373e-01 5.581462e-04
5.049020e-01 5.931373e-01 -3.345309e-03
5.147059e-01 5.931373e-01 -9.874384e-03
5.245098e-01 5.931373e-01 -1.804361e-02
5.343137e-01 5.931373e-01 -2.517927e-02
5.441176e-01 5.931373e-01 -2.683243e-02
5.539216e-01 5.931373e-01 -1.726701e-02
5.637255e-01 5.931373e-01 9.487910e-03
5.735294e-01 5.931373e-01 5.816904e-02
5.833333e-01 5.931373e-01 1.308563e-01
5.931373e-01 5.931373e-01 2.258288e-01
6.029412e-01 5.931373e-01 3.374032e-01
6.127451e-01 5.931373e-01 4.562863e-01
6.225490e-01 5.931373e-01 5.713267e-01
6.323529e-01 5.931373e-01 6.708977e-01
6.421569e-01 5.931373e-01 7.453641e-01
6.519608e-01 5.931373e-01 7.880714e-01
6.617647e-01 5.931373e-01 7.964438e-01
6.715686e-01 5.931373e-01 7.722160e-01
6.813725e-01 5.931373e-01 7.199385e-01
6.911765e-01 5.931373e-01 6.471663e-01
7.009804e-01 5.931373e-01 5.618351e-01
7.107843e-01 5.931373e-01 4.715761e-01
7.205882e-01 5.931373e-01 3.837395e-01
7.303922e-01 5.931373e-01 3.025727e-01
7.401961e-01 5.931373e-01 2.315011e-01
7.500000e-01 5.931373e-01 1.725721e-01
7.598039e-01 5.931373e-01 1.246042e-01
7.696078e-01 5.931373e-01 8.761008e-02
7.794118e-01 5.931373e-01 6.056679e-02
7.892157e-01 5.931373e-01 4.006995e-02
7.990196e-01 5.931373e-01 2.593997e-02
8.088235e-01 5.931373e-01 1.718236e-02
8.186275e-01 5.931373e-01 1.019375e-02
8.284314e-01 5.931373e-01 5.761480e-03
8.382353e-01 5.931373e-01 4.340885e-03
8.480392e-01 5.931373e-01 2.260365e-03
8.578431e-01 5.931373e-01 3.647656e-04
8.676471e-01 5.931373e-01 1.128308e-03
8.774510e-01 5.931373e-01 1.080773e-03
8.872549e-01 5.931373e-01 -7.578529e-04
8.970588e-01 5.931373e-01 -2.284144e-04
9.068627e-01 5.931373e-01 1.291134e-03
9.166667e-01 5.931373e-01 -1.207093e-04
9.264706e-01 5.931373e-01 -1.316163e-03
9.362745e-01 5.931373e-01 5.776881e-04
9.460784e-01 5.931373e-01 1.299393e-03
9.558824e-01 5.931373e-01 -8.783781e-04
9.656863e-01 5.931373e-01 -1.238639e-03
9.754902e-01 5.931373e-01 1.049331e-03
9.852941e-01 5.931373e-01 1.225962e-03
9.950980e-01 5.931373e-01 -1.076486e-03
4.901961e-03 6.029412e-01 9.031937e-04
1.470588e-02 6.029412e-01 -1.437271e-03
2.450980e-02 6.029412e-01 -9.763855e-04
3.431373e-02 6.029412e-01 1.341858e-03
4.411765e-02 6.029412e-01 1.151772e-03
5.392157e-02 6.029412e-01 -1.088353e-03
6.372549e-02 6.029412e-01 -1.363815e-03
7.352941e-02 6.029412e-01 6.492877e-04
8.333333e-02 6.029412e-01 1.492350e-03
9.313725e-02 6.029412e-01 -4.567818e-05
1.029412e-01 6.029412e-01 -1.385625e-03
1.127451e-01 6.029412e-01 -5.979183e-04
1.225490e-01 6.029412e-01 9.363681e-04
1.323529e-01 6.029412e-01 1.040843e-03
1.421569e-01 6.029412e-01 -2.020638e-04
1.519608e-01 6.029412e-01 -1.024370e-03
1.617647e-01 6.029412e-01 -5.183014e-04
1.715686e-01 6.029412e-01 4.905120e-04
1.813725e-01 6.029412e-01 8.007508e-04
1.911765e-01 6.029412e-01 2.345297e-04
2.009804e-01 6.029412e-01 -4.527941e-04
2.107843e-01 6.029412e-01 -5.831818e-04
2.205882e-01 6.029412e-01 -1.741991e-04
2.303922e-01 6.029412e-01 2.895101e-04
2.401961e-01 6.029412e-01 4.201329e-04
2.500000e-01 6.029412e-01 2.101706e-04
2.598039e-01 6.029412e-01 -9.265619e-05
2.696078e-01 6.029412e-01 -2.575741e-04
2.794118e-01 6.029412e-01 -2.238557e-04
2.892157e-01 6.029412e-01 -7.507209e-05
2.990196e-01 6.029412e-01 6.965601e-05
3.088235e-01 6.029412e-01 1.390881e-04
3.186275e-01 6.029412e-01 1.280077e-04
3.284314e-01 6.029412e-01 7.068723e-05
3.382353e-01 6.029412e-01 6.746741e-06
3.480392e-01 6.029412e-01 -3.834324e-05
3.578431e-01 6.029412e-01 -5.608805e-05
3.676471e-01 6.029412e-01 -4.979474e-05
3.774510e-01 6.029412e-01 -2.995930e-05
3.872549e-01 6.029412e-01 -1.290152e-05
3.970588e-01 6.029412e-01 -1.902742e-05
4.068627e-01 6.029412e-01 -6.427077e-05
4.166667e-01 6.029412e-01 -1.414762e-04
4.264706e-01 6.029412e-01 -1.981197e-04
4.362745e-01 6.029412e-01 -1.291337e-04
4.460784e-01 6.029412e-01 1.897069e-04
4.558824e-01 6.029412e-01 8.115769e-04
4.656863e-01 6.029412e-01 1.585577e-03
4.754902e-01 6.029412e-01 2.039251e-03
4.852941e-01 6.029412e-01 1.372222e-03
4.950980e-01 6.029412e-01 -1.341892e-03
5.049020e-01 6.029412e-01 -6.702192e-03
5.147059e-01 6.029412e-01 -1.433918e-02
5.245098e-01 6.029412e-01 -2.227098e-02
5.343137e-01 6.029412e-01 -2.652851e-02
5.441176e-01 6.029412e-01 -2.130670e-02
5.539216e-01 6.029412e-01 2.114136e-04
5.637255e-01 6.029412e-01 4.445123e-02
5.735294e-01 6.029412e-01 1.157170e-01
5.833333e-01 6.029412e-01 2.146860e-01
5.931373e-01 6.029412e-01 3.374032e-01
6.029412e-01 6.029412e-01 4.754616e-01
6.127451e-01 6.029412e-01 6.168078e-01
6.225490e-01 6.029412e-01 7.479903e-01
6.323529e-01 6.029412e-01 8.558683e-01
6.421569e-01 6.029412e-01 9.303612e-01
6.519608e-01 6.029412e-01 9.652999e-01
6.617647e-01 6.029412e-01 9.595059e-01
6.715686e-01 6.029412e-01 9.165555e-01
6.813725e-01 6.029412e-01 8.430390e-01
6.911765e-01 6.029412e-01 7.485078e-01
7.009804e-01 6.029412e-01 6.423594e-01
7.107843e-01 6.029412e-01 5.334591e-01
7.205882e-01 6.029412e-01 4.297618e-01
7.303922e-01 6.029412e-01 3.356113e-01
7.401961e-01 6.029412e-01 2.545559e-01
7.500000e-01 6.029412e-01 1.881148e-01
7.598039e-01 6.029412e-01 1.346585e-01
7.696078e-01 6.029412e-01 9.405740e-02
7.794118e-01 6.029412e-01 6.447924e-02
7.892157e-01 6.029412e-01 4.226106e-02
7.990196e-01 6.029412e-01 2.733591e-02
8.088235e-01 6.029412e-01 1.792351e-02
8.186275e-01 6.029412e-01 1.040602e-02
8.284314e-01 6.029412e-01 6.051687e-03
8.382353e-01 6.029412e-01 4.527061e-03
8.480392e-01 6.029412e-01 2.076176e-03
8.578431e-01 6.029412e-01 4.210027e-04
8.676471e-01 6.029412e-01 1.367239e-03
8.774510e-01 6.029412e-01 8.746362e-04
8.872549e-01 6.029412e-01 -9.157880e-04
8.970588e-01 6.029412e-01 9.436747e-05
9.068627e-01 6.029412e-01 1.315178e-03
9.166667e-01 6.029412e-01 -4.997604e-04
9.264706e-01 6.029412e-01 -1.204813e-03
9.362745e-01 6.029412e-01 9.609311e-04
9.460784e-01 6.029412e-01 1.077281e-03
9.558824e-01 6.029412e-01 -1.245211e-03
9.656863e-01 6.029412e-01 -9.453952e-04
9.754902e-01 6.029412e-01 1.403465e-03
9.852941e-01 6.029412e-01 9.031937e-04
9.950980e-01 6.029412e-01 -1.437271e-03
4.901961e-03 6.127451e-01 4.856551e-04
1.470588e-02 6.127451e-01 -1.647798e-03
2.450980e-02 6.127451e-01 -5.648291e-04
3.431373e-02 6.127451e-01 1.590587e-03
4.411765e-02 6.127451e-01 7.829538e-04
5.392157e-02 6.127451e-01 -1.400155e-03
6.372549e-02 6.127451e-01 -1.085039e-03
7.352941e-02 6.127451e-01 1.023370e-03
8.333333e-02 6.127451e-01 1.356189e-03
9.313725e-02 6.127451e-01 -4.412213e-04
1.029412e-01 6.127451e-01 -1.428572e-03
1.127451e-01 6.127451e-01 -2.633886e-04
1.225490e-01 6.127451e-01 1.144686e-03
1.323529e-01 6.127451e-01 8.639666e-04
1.421569e-01 6.127451e-01 -4.866332e-04
1.519608e-01 6.127451e-01 -1.055353e-03
1.617647e-01 6.127451e-01 -3.008837e-04
1.715686e-01 6.127451e-01 6.724615e-04
1.813725e-01 6.127451e-01 7.617213e-04
1.911765e-01 6.127451e-01 5.711517e-05
2.009804e-01 6.127451e-01 -5.705882e-04
2.107843e-01 6.127451e-01 -5.479020e-04
2.205882e-01 6.127451e-01 -5.126035e-05
2.303922e-01 6.127451e-01 3.798122e-04
2.401961e-01 6.127451e-01 4.176034e-04
2.500000e-01 6.127451e-01 1.411633e-04
2.598039e-01 6.127451e-01 -1.640014e-04
2.696078e-01 6.127451e-01 -2.865618e-04
2.794118e-01 6.127451e-01 -2.066232e-04
2.892157e-01 6.127451e-01 -3.509136e-05
2.990196e-01 6.127451e-01 1.057681e-04
3.088235e-01 6.127451e-01 1.568167e-04
3.186275e-01 6.127451e-01 1.267354e-04
3.284314e-01 6.127451e-01 5.772992e-05
3.382353e-01 6.127451e-01 -9.287243e-06
3.480392e-01 6.127451e-01 -5.132341e-05
3.578431e-01 6.127451e-01 -6.338305e-05
3.676471e-01 6.127451e-01 -5.216651e-05
3.774510e-01 6.127451e-01 -3.135071e-05
3.872549e-01 6.127451e-01 -1.958855e-05
3.970588e-01 6.127451e-01 -3.649280e-05
4.068627e-01 6.127451e-01 -9.070492e-05
4.166667e-01 6.127451e-01 -1.596339e-04
4.264706e-01 6.127451e-01 -1.716221e-04
4.362745e-01 6.127451e-01 -1.264063e-05
4.460784e-01 6.127451e-01 4.185479e-04
4.558824e-01 6.127451e-01 1.099923e-03
4.656863e-01 6.127451e-01 1.751292e-03
4.754902e-01 6.127451e-01 1.751643e-03
4.852941e-01 6.127451e-01 2.137964e-04
4.950980e-01 6.127451e-01 -3.696567e-03
5.049020e-01 6.127451e-01 -1.018866e-02
5.147059e-01 6.127451e-01 -1.813633e-02
5.245098e-01 6.127451e-01 -2.446729e-02
5.343137e-01 6.127451e-01 -2.395130e-02
5.441176e-01 6.127451e-01 -9.631000e-03
5.539216e-01 6.127451e-01 2.601944e-02
5.637255e-01 6.127451e-01 8.939285e-02
5.735294e-01 6.127451e-01 1.838572e-01
5.833333e-01 6.127451e-01 3.082831e-01
5.931373e-01 6.127451e-01 4.562863e-01
6.029412e-01 6.127451e-01 6.168078e-01
6.127451e-01 6.127451e-01 7.753834e-01
6.225490e-01 6.127451e-01 9.168143e-01
6.323529e-01 6.127451e-01 1.027117e+00
6.421569e-01 6.127451e-01 1.096407e+00
6.519608e-01 6.127451e-01 1.119529e+00
6.617647e-01 6.127451e-01 1.097026e+00
6.715686e-01 6.127451e-01 1.034398e+00
6.813725e-01 6.127451e-01 9.401880e-01
6.911765e-01 6.127451e-01 8.256457e-01
7.009804e-01 6.127451e-01 7.012888e-01
7.107843e-01 6.127451e-01 5.768556e-01
7.205882e-01 6.127451e-01 4.605139e-01
7.303922e-01 6.127451e-01 3.564977e-01
7.401961e-01 6.127451e-01 2.682619e-01
7.500000e-01 6.127451e-01 1.966539e-01
7.598039e-01 6.127451e-01 1.396725e-01
7.696078e-01 6.127451e-01 9.696918e-02
7.794118e-01 6.127451e-01 6.593603e-02
7.892157e-01 6.127451e-01 4.286633e-02
7.990196e-01 6.127451e-01 2.771133e-02
8.088235e-01 6.127451e-01 1.795957e-02
8.186275e-01 6.127451e-01 1.024371e-02
8.284314e-01 6.127451e-01 6.141489e-03
8.382353e-01 6.127451e-01 4.503007e-03
8.480392e-01 6.127451e-01 1.820401e-03
8.578431e-01 6.127451e-01 5.130964e-04
8.676471e-01 6.127451e-01 1.514590e-03
8.774510e-01 6.127451e-01 6.029813e-04
8.872549e-01 6.127451e-01 -9.689381e-04
8.970588e-01 6.127451e-01 4.155534e-04
9.068627e-01 6.127451e-01 1.207912e-03
9.166667e-01 6.127451e-01 -8.265686e-04
9.264706e-01 6.127451e-01 -9.677574e-04
9.362745e-01 6.127451e-01 1.245397e-03
9.460784e-01 6.127451e-01 7.429583e-04
9.558824e-01 6.127451e-01 -1.482298e-03
9.656863e-01 6.127451e-01 -5.530904e-04
9.754902e-01 6.127451e-01 1.610921e-03
9.852941e-01 6.127451e-01 4.856551e-04
9.950980e-01 6.127451e-01 -1.647798e-03
4.901961e-03 6.225490e-01 4.356838e-05
1.470588e-02 6.225490e-01 -1.688497e-03
2.450980e-02 6.225490e-01 -1.206741e-04
3.431373e-02 6.225490e-01 1.673410e-03
4.411765e-02 6.225490e-01 3.582770e-04
5.392157e-02 6.225490e-01 -1.561924e-03
6.372549e-02 6.225490e-01 -7.170438e-04
7.352941e-02 6.225490e-01 1.281413e-03
8.333333e-02 6.225490e-01 1.098566e-03
9.313725e-02 6.225490e-01 -7.759977e-04
1.029412e-01 6.225490e-01 -1.335919e-03
1.127451e-01 6.225490e-01 7.998753e-05
1.225490e-01 6.225490e-01 1.238019e-03
1.323529e-01 6.225490e-01 6.159255e-04
1.421569e-01 6.225490e-01 -7.149373e-04
1.519608e-01 6.225490e-01 -9.903863e-04
1.617647e-01 6.225490e-01 -6.538488e-05
1.715686e-01 6.225490e-01 7.885294e-04
1.813725e-01 6.225490e-01 6.581231e-04
1.911765e-01 6.225490e-01 -1.191435e-04
2.009804e-01 6.225490e-01 -6.365932e-04
2.107843e-01 6.225490e-01 -4.682714e-04
2.205882e-01 6.225490e-01 7.251267e-05
2.303922e-01 6.225490e-01 4.375281e-04
2.401961e-01 6.225490e-01 3.824012e-04
2.500000e-01 6.225490e-01 6.263538e-05
2.598039e-01 6.225490e-01 -2.219231e-04
2.696078e-01 6.225490e-01 -2.942361e-04
2.794118e-01 6.225490e-01 -1.748450e-04
2.892157e-01 6.225490e-01 7.094998e-06
2.990196e-01 6.225490e-01 1.347329e-04
3.088235e-01 6.225490e-01 1.644275e-04
3.186275e-01 6.225490e-01 1.175477e-04
3.284314e-01 6.225490e-01 4.121708e-05
3.382353e-01 6.225490e-01 -2.490217e-05
3.480392e-01 6.225490e-01 -6.157616e-05
3.578431e-01 6.225490e-01 -6.758227e-05
3.676471e-01 6.225490e-01 -5.271626e-05
3.774510e-01 6.225490e-01 -3.303296e-05
3.872549e-01 6.225490e-01 -2.794794e-05
3.970588e-01 6.225490e-01 -5.391999e-05
4.068627e-01 6.225490e-01 -1.101265e-04
4.166667e-01 6.225490e-01 -1.589114e-04
4.264706e-01 6.225490e-01 -1.154425e-04
4.362745e-01 6.225490e-01 1.300547e-04
4.460784e-01 6.225490e-01 6.380042e-04
4.558824e-01 6.225490e-01 1.297983e-03
4.656863e-01 6.225490e-01 1.707179e-03
4.754902e-01 6.225490e-01 1.138985e-03
4.852941e-01 6.225490e-01 -1.292636e-03
4.950980e-01 6.225490e-01 -6.205827e-03
5.049020e-01 6.225490e-01 -1.329175e-02
5.147059e-01 6.225490e-01 -2.058795e-02
5.245098e-01 6.225490e-01 -2.395991e-02
5.343137e-01 6.225490e-01 -1.709730e-02
5.441176e-01 6.225490e-01 7.767061e-03
5.539216e-01 6.225490e-01 5.840536e-02
5.637255e-01 6.225490e-01 1.406839e-01
5.735294e-01 6.225490e-01 2.566265e-01
5.833333e-01 6.225490e-01 4.030886e-01
5.931373e-01 6.225490e-01 5.713267e-01
6.029412e-01 6.225490e-01 7.479903e-01
6.127451e-01 6.225490e-01 9.168143e-01
6.225490e-01 6.225490e-01 1.061588e+00
6.323529e-01 6.225490e-01 1.168240e+00
6.421569e-01 6.225490e-01 1.227692e+00
6.519608e-01 6.225490e-01 1.236207e+00
6.617647e-01 6.225490e-01 1.196188e+00
6.715686e-01 6.225490e-01 1.114932e+00
6.813725e-01 6.225490e-01 1.002641e+00
6.911765e-01 6.225490e-01 8.717956e-01
7.009804e-01 6.225490e-01 7.335861e-01
7.107843e-01 6.225490e-01 5.981804e-01
7.205882e-01 6.225490e-01 4.735625e-01
7.303922e-01 6.225490e-01 3.636697e-01
7.401961e-01 6.225490e-01 2.716614e-01
7.500000e-01 6.225490e-01 1.976530e-01
7.598039e-01 6.225490e-01 1.393789e-01
7.696078e-01 6.225490e-01 9.621695e-02
7.794118e-01 6.225490e-01 6.490925e-02
7.892157e-01 6.225490e-01 4.190366e-02
7.990196e-01 6.225490e-01 2.707284e-02
8.088235e-01 6.225490e-01 1.732284e-02
8.186275e-01 6.225490e-01 9.745793e-03
8.284314e-01 6.225490e-01 6.024161e-03
8.382353e-01 6.225490e-01 4.281593e-03
8.480392e-01 6.225490e-01 1.531078e-03
8.578431e-01 6.225490e-01 6.221838e-04
8.676471e-01 6.225490e-01 1.554153e-03
8.774510e-01 6.225490e-01 3.096040e-04
8.872549e-01 6.225490e-01 -9.182477e-04
8.970588e-01 6.225490e-01 6.875064e-04
9.068627e-01 6.225490e-01 9.953571e-04
9.166667e-01 6.225490e-01 -1.056822e-03
9.264706e-01 6.225490e-01 -6.503229e-04
9.362745e-01 6.225490e-01 1.396467e-03
9.460784e-01 6.225490e-01 3.553447e-04
9.558824e-01 6.225490e-01 -1.564523e-03
9.656863e-01 6.225490e-01 -1.284477e-04
9.754902e-01 6.225490e-01 1.652328e-03
9.852941e-01 6.225490e-01 4.356838e-05
9.950980e-01 6.225490e-01 -1.688497e-03
4.901961e-03 6.323529e-01 -3.566801e-04
1.470588e-02 6.323529e-01 -1.572875e-03
2.450980e-02 6.323529e-01 2.885089e-04
3.431373e-02 6.323529e-01 1.597286e-03
4.411765e-02 6.323529e-01 -5.497178e-05
5.392157e-02 6.323529e-01 -1.567441e-03
6.372549e-02 6.323529e-01 -3.225373e-04
7.352941e-02 6.323529e-01 1.399603e-03
8.333333e-02 6.323529e-01 7.697523e-04
9.313725e-02 6.323529e-01 -1.009216e-03
1.029412e-01 6.323529e-01 -1.135778e-03
1.127451e-01 6.323529e-01 3.827913e-04
1.225490e-01 6.323529e-01 1.215800e-03
1.323529e-01 6.323529e-01 3.391368e-04
1.421569e-01 6.323529e-01 -8.612215e-04
1.519608e-01 6.323529e-01 -8.486844e-04
1.617647e-01 6.323529e-01 1.538375e-04
1.715686e-01 6.323529e-01 8.296885e-04
1.813725e-01 6.323529e-01 5.107136e-04
1.911765e-01 6.323529e-01 -2.705416e-04
2.009804e-01 6.323529e-01 -6.471605e-04
2.107843e-01 6.323529e-01 -3.592846e-04
2.205882e-01 6.323529e-01 1.807046e-04
2.303922e-01 6.323529e-01 4.582407e-04
2.401961e-01 6.323529e-01 3.221710e-04
2.500000e-01 6.323529e-01 -1.446463e-05
2.598039e-01 6.323529e-01 -2.602986e-04
2.696078e-01 6.323529e-01 -2.815337e-04
2.794118e-01 6.323529e-01 -1.337208e-04
2.892157e-01 6.323529e-01 4.614739e-05
2.990196e-01 6.323529e-01 1.536566e-04
3.088235e-01 6.323529e-01 1.618398e-04
3.186275e-01 6.323529e-01 1.021505e-04
3.284314e-01 6.323529e-01 2.333097e-05
3.382353e-01 6.323529e-01 -3.836664e-05
3.480392e-01 6.323529e-01 -6.821170e-05
3.578431e-01 6.323529e-01 -6.857982e-05
3.676471e-01 6.323529e-01 -5.170000e-05
3.774510e-01 6.323529e-01 -3.488923e-05
3.872549e-01 6.323529e-01 -3.664606e-05
3.970588e-01 6.323529e-01 -6.839340e-05
4.068627e-01 6.323529e-01 -1.191312e-04
4.166667e-01 6.323529e-01 -1.388618e-04
4.264706e-01 6.323529e-01 -3.768793e-05
4.362745e-01 6.323529e-01 2.770152e-04
4.460784e-01 6.323529e-01 8.126225e-04
4.558824e-01 6.323529e-01 1.369649e-03
4.656863e-01 6.323529e-01 1.447226e-03
4.754902e-01 6.323529e-01 2.726985e-04
4.852941e-01 6.323529e-01 -2.947167e-03
4.950980e-01 6.323529e-01 -8.513069e-03
5.049020e-01 6.323529e-01 -1.552992e-02
5.147059e-01 6.323529e-01 -2.121755e-02
5.245098e-01 6.323529e-01 -2.053158e-02
5.343137e-01 6.323529e-01 -6.386210e-03
5.441176e-01 6.323529e-01 2.936500e-02
5.539216e-01 6.323529e-01 9.425924e-02
5.637255e-01 6.323529e-01 1.932146e-01
5.735294e-01 6.323529e-01 3.266678e-01
5.833333e-01 6.323529e-01 4.894850e-01
5.931373e-01 6.323529e-01 6.708977e-01
6.029412e-01 6.323529e-01 8.558683e-01
6.127451e-01 6.323529e-01 1.027117e+00
6.225490e-01 6.323529e-01 1.168240e+00
6.323529e-01 6.323529e-01 1.265805e+00
6.421569e-01 6.323529e-01 1.312033e+00
6.519608e-01 6.323529e-01 1.304838e+00
6.617647e-01 6.323529e-01 1.248401e+00
6.715686e-01 6.323529e-01 1.151502e+00
6.813725e-01 6.323529e-01 1.025539e+00
6.911765e-01 6.323529e-01 8.836481e-01
7.009804e-01 6.323529e-01 7.371932e-01
7.107843e-01 6.323529e-01 5.963048e-01
7.205882e-01 6.323529e-01 4.684310e-01
7.303922e-01 6.323529e-01 3.570655e-01
7.401961e-01 6.323529e-01 2.649124e-01
7.500000e-01 6.323529e-01 1.913824e-01
7.598039e-01 6.323529e-01 1.340681e-01
7.696078e-01 6.323529e-01 9.205313e-02
7.794118e-01 6.323529e-01 6.162550e-02
7.892157e-01 6.323529e-01 3.954457e-02
7.990196e-01 6.323529e-01 2.552802e-02
8.088235e-01 6.323529e-01 1.611278e-02
8.186275e-01 6.323529e-01 8.977461e-03
8.284314e-01 6.323529e-01 5.713148e-03
8.382353e-01 6.323529e-01 3.899025e-03
8.480392e-01 6.323529e-01 1.242412e-03
8.578431e-01 6.323529e-01 7.254571e-04
8.676471e-01 6.323529e-01 1.488921e-03
8.774510e-01 6.323529e-01 3.628739e-05
8.872549e-01 6.323529e-01 -7.835020e-04
8.970588e-01 6.323529e-01 8.766327e-04
9.068627e-01 6.323529e-01 7.192629e-04
9.166667e-01 6.323529e-01 -1.168760e-03
9.264706e-01 6.323529e-01 -3.070356e-04
9.362745e-01 6.323529e-01 1.407621e-03
9.460784e-01 6.323529e-01 -2.394374e-05
9.558824e-01 6.323529e-01 -1.497730e-03
9.656863e-01 6.323529e-01 2.638200e-04
9.754902e-01 6.323529e-01 1.540672e-03
9.852941e-01 6.323529e-01 -3.566801e-04
9.950980e-01 6.323529e-01 -1.572875e-03
4.901961e-03 6.421569e-01 -6.659986e-04
1.470588e-02 6.421569e-01 -1.338380e-03
2.450980e-02 6.421569e-01 6.114715e-04
3.431373e-02 6.421569e-01 1.394546e-03
4.411765e-02 6.421569e-01 -4.018402e-04
5.392157e-02 6.421569e-01 -1.437404e-03
6.372549e-02 6.421569e-01 4.107082e-05
7.352941e-02 6.421569e-01 1.380951e-03
8.333333e-02 6.421569e-01 4.240365e-04
9.313725e-02 6.421569e-01 -1.123084e-03
1.029412e-01 6.421569e-01 -8.696208e-04
1.127451e-01 6.421569e-01 6.097998e-04
1.225490e-01 6.421569e-01 1.096411e-03
1.323529e-01 6.421569e-01 7.425866e-05
1.421569e-01 6.421569e-01 -9.169073e-04
1.519608e-01 6.421569e-01 -6.589456e-04
1.617647e-01 6.421569e-01 3.301798e-04
1.715686e-01 6.421569e-01 8.002103e-04
1.813725e-01 6.421569e-01 3.441294e-04
1.911765e-01 6.421569e-01 -3.807806e-04
2.009804e-01 6.421569e-01 -6.078572e-04
2.107843e-01 6.421569e-01 -2.383271e-04
2.205882e-01 6.421569e-01 2.616629e-04
2.303922e-01 6.421569e-01 4.438220e-04
2.401961e-01 6.421569e-01 2.472723e-04
2.500000e-01 6.421569e-01 -8.092944e-05
2.598039e-01 6.421569e-01 -2.767499e-04
2.696078e-01 6.421569e-01 -2.522521e-04
2.794118e-01 6.421569e-01 -8.910639e-05
2.892157e-01 6.421569e-01 7.787807e-05
2.990196e-01 6.421569e-01 1.614321e-04
3.088235e-01 6.421569e-01 1.503923e-04
3.186275e-01 6.421569e-01 8.287744e-05
3.284314e-01 6.421569e-01 6.164717e-06
3.382353e-01 6.421569e-01 -4.844500e-05
3.480392e-01 6.421569e-01 -7.090823e-05
3.578431e-01 6.421569e-01 -6.665286e-05
3.676471e-01 6.421569e-01 -4.944151e-05
3.774510e-01 6.421569e-01 -3.662410e-05
3.872549e-01 6.421569e-01 -4.428736e-05
3.970588e-01 6.421569e-01 -7.771135e-05
4.068627e-01 6.421569e-01 -1.164834e-04
4.166667e-01 6.421569e-01 -1.026800e-04
4.264706e-01 6.421569e-01 5.001483e-05
4.362745e-01 6.421569e-01 4.068181e-04
4.460784e-01 6.421569e-01 9.173011e-04
4.558824e-01 6.421569e-01 1.304279e-03
4.656863e-01 6.421569e-01 1.006069e-03
4.754902e-01 6.421569e-01 -7.310958e-04
4.852941e-01 6.421569e-01 -4.528457e-03
4.950980e-01 6.421569e-01 -1.030773e-02
5.049020e-01 6.421569e-01 -1.658954e-02
5.147059e-01 6.421569e-01 -1.988798e-02
5.245098e-01 6.421569e-01 -1.449859e-02
5.343137e-01 6.421569e-01 7.061465e-03
5.441176e-01 6.421569e-01 5.286634e-02
5.539216e-01 6.421569e-01 1.297895e-01
5.637255e-01 6.421569e-01 2.415097e-01
5.735294e-01 6.421569e-01 3.868259e-01
5.833333e-01 6.421569e-01 5.588622e-01
5.931373e-01 6.421569e-01 7.453641e-01
6.029412e-01 6.421569e-01 9.303612e-01
6.127451e-01 6.421569e-01 1.096407e+00
6.225490e-01 6.421569e-01 1.227692e+00
6.323529e-01 6.421569e-01 1.312033e+00
6.421569e-01 6.421569e-01 1.343268e+00
6.519608e-01 6.421569e-01 1.320997e+00
6.617647e-01 6.421569e-01 1.250916e+00
6.715686e-01 6.421569e-01 1.142829e+00
6.813725e-01 6.421569e-01 1.008773e+00
6.911765e-01 6.421569e-01 8.619317e-01
7.009804e-01 6.421569e-01 7.133600e-01
7.107843e-01 6.421569e-01 5.727179e-01
7.205882e-01 6.421569e-01 4.466475e-01
7.303922e-01 6.421569e-01 3.381043e-01
7.401961e-01 6.421569e-01 2.492375e-01
7.500000e-01 6.421569e-01 1.788540e-01
7.598039e-01 6.421569e-01 1.245255e-01
7.696078e-01 6.421569e-01 8.505954e-02
7.794118e-01 6.421569e-01 5.652075e-02
7.892157e-01 6.421569e-01 3.608276e-02
7.990196e-01 6.421569e-01 2.326580e-02
8.088235e-01 6.421569e-01 1.447650e-02
8.186275e-01 6.421569e-01 8.020034e-03
8.284314e-01 6.421569e-01 5.240718e-03
8.382353e-01 6.421569e-01 3.406074e-03
8.480392e-01 6.421569e-01 9.799938e-04
8.578431e-01 6.421569e-01 8.027219e-04
8.676471e-01 6.421569e-01 1.337521e-03
8.774510e-01 6.421569e-01 -1.853980e-04
8.872549e-01 6.421569e-01 -5.954860e-04
8.970588e-01 6.421569e-01 9.680186e-04
9.068627e-01 6.421569e-01 4.253386e-04
9.166667e-01 6.421569e-01 -1.163583e-03
9.264706e-01 6.421569e-01 1.173872e-05
9.362745e-01 6.421569e-01 1.296560e-03
9.460784e-01 6.421569e-01 -3.442515e-04
9.558824e-01 6.421569e-01 -1.311648e-03
9.656863e-01 6.421569e-01 5.744537e-04
9.754902e-01 6.421569e-01 1.312413e-03
9.852941e-01 6.421569e-01 -6.659986e-04
9.950980e-01 6.421569e-01 -1.338380e-03
4.901961e-03 6.519608e-01 -8.579411e-04
1.470588e-02 6.519608e-01 -1.036529e-03
2.450980e-02 6.519608e-01 8.191371e-04
3.431373e-02 6.519608e-01 1.113640e-03
4.411765e-02 6.519608e-01 -6.467659e-04
5.392157e-02 6.519608e-01 -1.211819e-03
6.372549e-02 6.519608e-01 3.301948e-04
7.352941e-02 6.519608e-01 1.250570e-03
8.333333e-02 6.519608e-01 1.102777e-04
9.313725e-02 6.519608e-01 -1.122035e-03
1.029412e-01 6.519608e-01 -5.834422e-04
1.127451e-01 6.519608e-01 7.433694e-04
1.225490e-01 6.519608e-01 9.111748e-04
1.323529e-01 6.519608e-01 -1.460168e-04
1.421569e-01 6.519608e-01 -8.891414e-04
1.519608e-01 6.519608e-01 -4.532385e-04
1.617647e-01 6.519608e-01 4.476984e-04
1.715686e-01 6.519608e-01 7.147639e-04
1.813725e-01 6.519608e-01 1.823810e-04
1.911765e-01 6.519608e-01 -4.422387e-04
2.009804e-01 6.519608e-01 -5.310173e-04
2.107843e-01 6.519608e-01 -1.220841e-04
2.205882e-01 6.519608e-01 3.094463e-04
2.303922e-01 6.519608e-01 4.010326e-04
2.401961e-01 6.519608e-01 1.687242e-04
2.500000e-01 6.519608e-01 -1.303654e-04
2.598039e-01 6.519608e-01 -2.723164e-04
2.696078e-01 6.519608e-01 -2.119570e-04
2.794118e-01 6.519608e-01 -4.652368e-05
2.892157e-01 6.519608e-01 9.965242e-05
2.990196e-01 6.519608e-01 1.585633e-04
3.088235e-01 6.519608e-01 1.323778e-04
3.186275e-01 6.519608e-01 6.223144e-05
3.284314e-01 6.519608e-01 -8.564588e-06
3.382353e-01 6.519608e-01 -5.448447e-05
3.480392e-01 6.519608e-01 -6.985532e-05
3.578431e-01 6.519608e-01 -6.235032e-05
3.676471e-01 6.519608e-01 -4.625903e-05
3.774510e-01 6.519608e-01 -3.779878e-05
3.872549e-01 6.519608e-01 -4.955801e-05
3.970588e-01 6.519608e-01 -8.049874e-05
4.068627e-01 6.519608e-01 -1.028807e-04
4.166667e-01 6.519608e-01 -5.621313e-05
4.264706e-01 6.519608e-01 1.344495e-04
4.362745e-01 6.519608e-01 5.008697e-04
4.460784e-01 6.519608e-01 9.381516e-04
4.558824e-01 6.519608e-01 1.112839e-03
4.656863e-01 6.519608e-01 4.465150e-04
4.754902e-01 6.519608e-01 -1.735169e-03
4.852941e-01 6.519608e-01 -5.826172e-03
4.950980e-01 6.519608e-01 -1.135567e-02
5.049020e-01 6.519608e-01 -1.633090e-02
5.147059e-01 6.519608e-01 -1.674874e-02
5.245098e-01 6.519608e-01 -6.556776e-03
5.343137e-01 6.519608e-01 2.172343e-02
5.441176e-01 6.519608e-01 7.567867e-02
5.539216e-01 6.519608e-01 1.611932e-01
5.637255e-01 6.519608e-01 2.805756e-01
5.735294e-01 6.519608e-01 4.311241e-01
5.833333e-01 6.519608e-01 6.046467e-01
5.931373e-01 6.519608e-01 7.880714e-01
6.029412e-01 6.519608e-01 9.652999e-01
6.127451e-01 6.519608e-01 1.119529e+00
6.225490e-01 6.519608e-01 1.236207e+00
6.323529e-01 6.519608e-01 1.304838e+00
6.421569e-01 6.519608e-01 1.320997e+00
6.519608e-01 6.519608e-01 1.285824e+00
6.617647e-01 6.519608e-01 1.206121e+00
6.715686e-01 6.519608e-01 1.092189e+00
6.813725e-01 6.519608e-01 9.561163e-01
6.911765e-01 6.519608e-01 8.105632e-01
7.009804e-01 6.519608e-01 6.658580e-01
7.107843e-01 6.519608e-01 5.308350e-01
7.205882e-01 6.519608e-01 4.111620e-01
7.303922e-01 6.519608e-01 3.092168e-01
7.401961e-01 6.519608e-01 2.265592e-01
7.500000e-01 6.519608e-01 1.615453e-01
7.598039e-01 6.519608e-01 1.118329e-01
7.696078e-01 6.519608e-01 7.600729e-02
7.794118e-01 6.519608e-01 5.014224e-02
7.892157e-01 6.519608e-01 3.187177e-02
7.990196e-01 6.519608e-01 2.051621e-02
8.088235e-01 6.519608e-01 1.257989e-02
8.186275e-01 6.519608e-01 6.957007e-03
8.284314e-01 6.519608e-01 4.650754e-03
8.382353e-01 6.519608e-01 2.858273e-03
8.480392e-01 6.519608e-01 7.585733e-04
8.578431e-01 6.519608e-01 8.394584e-04
8.676471e-01 6.519608e-01 1.128834e-03
8.774510e-01 6.519608e-01 -3.374348e-04
8.872549e-01 6.519608e-01 -3.891905e-04
8.970588e-01 6.519608e-01 9.648829e-04
9.068627e-01 6.519608e-01 1.552116e-04
9.166667e-01 6.519608e-01 -1.061606e-03
9.264706e-01 6.519608e-01 2.673561e-04
9.362745e-01 6.519608e-01 1.098504e-03
9.460784e-01 6.519608e-01 -5.724489e-04
9.558824e-01 6.519608e-01 -1.051272e-03
9.656863e-01 6.519608e-01 7.753051e-04
9.754902e-01 6.519608e-01 1.017844e-03
9.852941e-01 6.519608e-01 -8.579411e-04
9.950980e-01 6.519608e-01 -1.036529e-03
4.901961e-03 6.617647e-01 -9.327936e-04
1.470588e-02 6.617647e-01 -7.188515e-04
2.450980e-02 6.617647e-01 9.093862e-04
3.431373e-02 6.617647e-01 8.056494e-04
4.411765e-02 6.617647e-01 -7.802323e-04
5.392157e-02 6.617647e-01 -9.383222e-04
6.372549e-02 6.617647e-01 5.242236e-04
7.352941e-02 6.617647e-01 1.047408e-03
8.333333e-02 6.617647e-01 -1.392918e-04
9.313725e-02 6.617647e-01 -1.029501e-03
1.029412e-01 6.617647e-01 -3.164031e-04
1.127451e-01 6.617647e-01 7.859565e-04
1.225490e-01 6.617647e-01 6.958199e-04
1.323529e-01 6.617647e-01 -3.038587e-04
1.421569e-01 6.617647e-01 -7.977721e-04
1.519608e-01 6.617647e-01 -2.593821e-04
1.617647e-01 6.617647e-01 5.038387e-04
1.715686e-01 6.617647e-01 5.942986e-04
1.813725e-01 6.617647e-01 4.358587e-05
1.911765e-01 6.617647e-01 -4.569890e-04
2.009804e-01 6.617647e-01 -4.325975e-04
2.107843e-01 6.617647e-01 -2.304450e-05
2.205882e-01 6.617647e-01 3.246903e-04
2.303922e-01 6.617647e-01 3.398256e-04
2.401961e-01 6.617647e-01 9.594256e-05
2.500000e-01 6.617647e-01 -1.602984e-04
2.598039e-01 6.617647e-01 -2.510702e-04
2.696078e-01 6.617647e-01 -1.668378e-04
2.794118e-01 6.617647e-01 -1.015499e-05
2.892157e-01 6.617647e-01 1.107952e-04
2.990196e-01 6.617647e-01 1.470099e-04
3.088235e-01 6.617647e-01 1.106138e-04
3.186275e-01 6.617647e-01 4.246046e-05
3.284314e-01 6.617647e-01 -1.978055e-05
3.382353e-01 6.617647e-01 -5.648834e-05
3.480392e-01 6.617647e-01 -6.567753e-05
3.578431e-01 6.617647e-01 -5.635212e-05
3.676471e-01 6.617647e-01 -4.238508e-05
3.774510e-01 6.617647e-01 -3.796257e-05
3.872549e-01 6.617647e-01 -5.167325e-05
3.970588e-01 6.617647e-01 -7.687673e-05
4.068627e-01 6.617647e-01 -8.138338e-05
4.166667e-01 6.617647e-01 -7.278494e-06
4.264706e-01 6.617647e-01 2.036098e-04
4.362745e-01 6.617647e-01 5.487458e-04
4.460784e-01 6.617647e-01 8.791906e-04
4.558824e-01 6.617647e-01 8.322352e-04
4.656863e-01 6.617647e-01 -1.448344e-04
4.754902e-01 6.617647e-01 -2.601737e-03
4.852941e-01 6.617647e-01 -6.683053e-03
4.950980e-01 6.617647e-01 -1.156132e-02
5.049020e-01 6.617647e-01 -1.485718e-02
5.147059e-01 6.617647e-01 -1.228399e-02
5.245098e-01 6.617647e-01 2.233105e-03
5.343137e-01 6.617647e-01 3.580291e-02
5.441176e-01 6.617647e-01 9.520274e-02
5.539216e-01 6.617647e-01 1.851435e-01
5.637255e-01 6.617647e-01 3.065972e-01
5.735294e-01 6.617647e-01 4.556526e-01
5.833333e-01 6.617647e-01 6.233326e-01
5.931373e-01 6.617647e-01 7.964438e-01
6.029412e-01 6.617647e-01 9.595059e-01
6.127451e-01 6.617647e-01 1.097026e+00
6.225490e-01 6.617647e-01 1.196188e+00
6.323529e-01 6.617647e-01 1.248401e+00
6.421569e-01 6.617647e-01 1.250916e+00
6.519608e-01 6.617647e-01 1.206121e+00
6.617647e-01 6.617647e-01 1.121449e+00
6.715686e-01 6.617647e-01 1.007168e+00
6.813725e-01 6.617647e-01 8.748790e-01
6.911765e-01 6.617647e-01 7.362556e-01
7.009804e-01 6.617647e-01 6.005834e-01
7.107843e-01 6.617647e-01 4.756289e-01
7.205882e-01 6.617647e-01 3.660217e-01
7.303922e-01 6.617647e-01 2.735746e-01
7.401961e-01 6.617647e-01 1.992853e-01
7.500000e-01 6.617647e-01 1.412338e-01
7.598039e-01 6.617647e-01 9.724886e-02
7.696078e-01 6.617647e-01 6.577204e-02
7.794118e-01 6.617647e-01 4.308775e-02
7.892157e-01 6.617647e-01 2.728797e-02
7.990196e-01 6.617647e-01 1.752614e-02
8.088235e-01 6.617647e-01 1.058845e-02
8.186275e-01 6.617647e-01 5.867172e-03
8.284314e-01 6.617647e-01 3.995194e-03
8.382353e-01 6.617647e-01 2.307264e-03
8.480392e-01 6.617647e-01 5.822205e-04
8.578431e-01 6.617647e-01 8.311189e-04
8.676471e-01 6.617647e-01 8.951048e-04
8.774510e-01 6.617647e-01 -4.178489e-04
8.872549e-01 6.617647e-01 -1.948906e-04
8.970588e-01 6.617647e-01 8.861380e-04
9.068627e-01 6.617647e-01 -6.305907e-05
9.166667e-01 6.617647e-01 -8.954084e-04
9.264706e-01 6.617647e-01 4.410349e-04
9.362745e-01 6.617647e-01 8.558611e-04
9.460784e-01 6.617647e-01 -6.991552e-04
9.558824e-01 6.617647e-01 -7.643256e-04
9.656863e-01 6.617647e-01 8.639913e-04
9.754902e-01 6.617647e-01 7.073642e-04
9.852941e-01 6.617647e-01 -9.327936e-04
9.950980e-01 6.617647e-01 -7.188515e-04
4.901961e-03 6.715686e-01 -9.060161e-04
1.470588e-02 6.715686e-01 -4.259325e-04
2.450980e-02 6.715686e-01 8.959222e-04
3.431373e-02 6.715686e-01 5.122860e-04
4.411765e-02 6.715686e-01 -8.096347e-04
5.392157e-02 6.715686e-01 -6.587553e-04
6.372549e-02 6.715686e-01 6.201257e-04
7.352941e-02 6.715686e-01 8.100464e-04
8.333333e-02 6.715686e-01 -3.089295e-04
9.313725e-02 6.715686e-01 -8.748942e-04
1.029412e-01 6.715686e-01 -9.528415e-05
1.127451e-01 6.715686e-01 7.512163e-04
1.225490e-01 6.715686e-01 4.809614e-04
1.323529e-01 6.715686e-01 -3.940401e-04
1.421569e-01 6.715686e-01 -6.658831e-04
1.519608e-01 6.715686e-01 -9.664001e-05
1.617647e-01 6.715686e-01 5.046334e-04
1.715686e-01 6.715686e-01 4.590106e-04
1.813725e-01 6.715686e-01 -6.166222e-05
1.911765e-01 6.715686e-01 -4.326028e-04
2.009804e-01 6.715686e-01 -3.273245e-04
2.107843e-01 6.715686e-01 5.164111e-05
2.205882e-01 6.715686e-01 3.120384e-04
2.303922e-01 6.715686e-01 2.700231e-04
2.401961e-01 6.715686e-01 3.526690e-05
2.500000e-01 6.715686e-01 -1.713413e-04
2.598039e-01 6.715686e-01 -2.182016e-04
2.696078e-01 6.715686e-01 -1.221686e-04
2.794118e-01 6.715686e-01 1.761793e-05
2.892157e-01 6.715686e-01 1.121164e-04
2.990196e-01 6.715686e-01 1.293281e-04
3.088235e-01 6.715686e-01 8.769761e-05
3.186275e-01 6.715686e-01 2.516829e-05
3.284314e-01 6.715686e-01 -2.708234e-05
3.382353e-01 6.715686e-01 -5.493030e-05
3.480392e-01 6.715686e-01 -5.920246e-05
3.578431e-01 6.715686e-01 -4.935381e-05
3.676471e-01 6.715686e-01 -3.807036e-05
3.774510e-01 6.715686e-01 -3.693446e-05
3.872549e-01 6.715686e-01 -5.054361e-05
3.970588e-01 6.715686e-01 -6.793242e-05
4.068627e-01 6.715686e-01 -5.550798e-05
4.166667e-01 6.715686e-01 3.786396e-05
4.264706e-01 6.715686e-01 2.508229e-04
4.362745e-01 6.715686e-01 5.498491e-04
4.460784e-01 6.715686e-01 7.563573e-04
4.558824e-01 6.715686e-01 5.057750e-04
4.656863e-01 6.715686e-01 -6.940786e-04
4.754902e-01 6.715686e-01 -3.242094e-03
4.852941e-01 6.715686e-01 -7.041653e-03
4.950980e-01 6.715686e-01 -1.098025e-02
5.049020e-01 6.715686e-01 -1.244799e-02
5.147059e-01 6.715686e-01 -7.115347e-03
5.245098e-01 6.715686e-01 1.081935e-02
5.343137e-01 6.715686e-01 4.780405e-02
5.441176e-01 6.715686e-01 1.095981e-01
5.539216e-01 6.715686e-01 1.996896e-01
5.637255e-01 6.715686e-01 3.178744e-01
5.735294e-01 6.715686e-01 4.594098e-01
5.833333e-01 6.715686e-01 6.150835e-01
5.931373e-01 6.715686e-01 7.722160e-01
6.029412e-01 6.715686e-01 9.165555e-01
6.127451e-01 6.715686e-01 1.034398e+00
6.225490e-01 6.715686e-01 1.114932e+00
6.323529e-01 6.715686e-01 1.151502e+00
6.421569e-01 6.715686e-01 1.142829e+00
6.519608e-01 6.715686e-01 1.092189e+00
6.617647e-01 6.715686e-01 1.007168e+00
6.715686e-01 6.715686e-01 8.975313e-01
6.813725e-01 6.715686e-01 7.739560e-01
6.911765e-01 6.715686e-01 6.467994e-01
7.009804e-01 6.715686e-01 5.241079e-01
7.107843e-01 6.715686e-01 4.124513e-01
7.205882e-01 6.715686e-01 3.154464e-01
7.303922e-01 6.715686e-01 2.343920e-01
7.401961e-01 6.715686e-01 1.697951e-01
7.500000e-01 6.715686e-01 1.196315e-01
7.598039e-01 6.715686e-01 8.195875e-02
7.696078e-01 6.715686e-01 5.516374e-02
7.794118e-01 6.715686e-01 3.589481e-02
7.892157e-01 6.715686e-01 2.266409e-02
7.990196e-01 6.715686e-01 1.451392e-02
8.088235e-01 6.715686e-01 8.640208e-03
8.186275e-01 6.715686e-01 4.814411e-03
8.284314e-01 6.715686e-01 3.322396e-03
8.382353e-01 6.715686e-01 1.792759e-03
8.480392e-01 6.715686e-01 4.485847e-04
8.578431e-01 6.715686e-01 7.804301e-04
8.676471e-01 6.715686e-01 6.638459e-04
8.774510e-01 6.715686e-01 -4.343704e-04
8.872549e-01 6.715686e-01 -3.359583e-05
8.970588e-01 6.715686e-01 7.557782e-04
9.068627e-01 6.715686e-01 -2.152318e-04
9.166667e-01 6.715686e-01 -6.976859e-04
9.264706e-01 6.715686e-01 5.294053e-04
9.362745e-01 6.715686e-01 6.061342e-04
9.460784e-01 6.715686e-01 -7.305694e-04
9.558824e-01 6.715686e-01 -4.899386e-04
9.656863e-01 6.715686e-01 8.533360e-04
9.754902e-01 6.715686e-01 4.207203e-04
9.852941e-01 6.715686e-01 -9.060161e-04
9.950980e-01 6.715686e-01 -4.259325e-04
4.901961e-03 6.813725e-01 -8.073723e-04
1.470588e-02 6.813725e-01 -1.889527e-04
2.450980e-02 6.813725e-01 8.073027e-04
3.431373e-02 6.813725e-01 2.673478e-04
4.411765e-02 6.813725e-01 -7.580543e-04
5.392157e-02 6.813725e-01 -4.103407e-04
6.372549e-02 6.813725e-01 6.308931e-04
7.352941e-02 6.813725e-01 5.773166e-04
8.333333e-02 6.813725e-01 -3.976113e-04
9.313725e-02 6.813725e-01 -6.933980e-04
1.029412e-01 6.813725e-01 6.390481e-05
1.127451e-01 6.813725e-01 6.629201e-04
1.225490e-01 6.813725e-01 2.929747e-04
1.323529e-01 6.813725e-01 -4.223530e-04
1.421569e-01 6.813725e-01 -5.195073e-04
1.519608e-01 6.813725e-01 2.303394e-05
1.617647e-01 6.813725e-01 4.634705e-04
1.715686e-01 6.813725e-01 3.284476e-04
1.813725e-01 6.813725e-01 -1.291152e-04
1.911765e-01 6.813725e-01 -3.811786e-04
2.009804e-01 6.813725e-01 -2.287929e-04
2.107843e-01 6.813725e-01 9.924552e-05
2.205882e-01 6.813725e-01 2.792973e-04
2.303922e-01 6.813725e-01 2.011760e-04
2.401961e-01 6.813725e-01 -9.516030e-06
2.500000e-01 6.813725e-01 -1.665001e-04
2.598039e-01 6.813725e-01 -1.796235e-04
2.696078e-01 6.813725e-01 -8.236340e-05
2.794118e-01 6.813725e-01 3.585573e-05
2.892157e-01 6.813725e-01 1.055087e-04
2.990196e-01 6.813725e-01 1.084138e-04
3.088235e-01 6.813725e-01 6.595119e-05
3.186275e-01 6.813725e-01 1.140991e-05
3.284314e-01 6.813725e-01 -3.059017e-05
3.382353e-01 6.813725e-01 -5.061901e-05
3.480392e-01 6.813725e-01 -5.137889e-05
3.578431e-01 6.813725e-01 -4.201520e-05
3.676471e-01 6.813725e-01 -3.348528e-05
3.774510e-01 6.813725e-01 -3.455651e-05
3.872549e-01 6.813725e-01 -4.633414e-05
3.970588e-01 6.813725e-01 -5.522131e-05
4.068627e-01 6.813725e-01 -2.912194e-05
4.166667e-01 6.813725e-01 7.344278e-05
4.264706e-01 6.813725e-01 2.716338e-04
4.362745e-01 6.813725e-01 5.078859e-04
4.460784e-01 6.813725e-01 5.906825e-04
4.558824e-01 6.813725e-01 1.785903e-04
4.656863e-01 6.813725e-01 -1.135791e-03
4.754902e-01 6.813725e-01 -3.594598e-03
4.852941e-01 6.813725e-01 -6.895374e-03
4.950980e-01 6.813725e-01 -9.737914e-03
5.049020e-01 6.813725e-01 -9.449094e-03
5.147059e-01 6.813725e-01 -1.879762e-03
5.245098e-01 6.813725e-01 1.825901e-02
5.343137e-01 6.813725e-01 5.655839e-02
5.441176e-01 6.813725e-01 1.176732e-01
5.539216e-01 6.813725e-01 2.039436e-01
5.637255e-01 6.813725e-01 3.142463e-01
5.735294e-01 6.813725e-01 4.434218e-01
5.833333e-01 6.813725e-01 5.825352e-01
5.931373e-01 6.813725e-01 7.199385e-01
6.029412e-01 6.813725e-01 8.430390e-01
6.127451e-01 6.813725e-01 9.401880e-01
6.225490e-01 6.813725e-01 1.002641e+00
6.323529e-01 6.813725e-01 1.025539e+00
6.421569e-01 6.813725e-01 1.008773e+00
6.519608e-01 6.813725e-01 9.561163e-01
6.617647e-01 6.813725e-01 8.748790e-01
6.715686e-01 6.813725e-01 7.739560e-01
6.813725e-01 6.813725e-01 6.627957e-01
6.911765e-01 6.813725e-01 5.502566e-01
7.009804e-01 6.813725e-01 4.430692e-01
7.107843e-01 6.813725e-01 3.465887e-01
7.205882e-01 6.813725e-01 2.635157e-01
7.303922e-01 6.813725e-01 1.947133e-01
7.401961e-01 6.813725e-01 1.403005e-01
7.500000e-01 6.813725e-01 9.829758e-02
7.598039e-01 6.813725e-01 6.702241e-02
7.696078e-01 6.813725e-01 4.489605e-02
7.794118e-01 6.813725e-01 2.902490e-02
7.892157e-01 6.813725e-01 1.828093e-02
7.990196e-01 6.813725e-01 1.166482e-02
8.088235e-01 6.813725e-01 6.845059e-03
8.186275e-01 6.813725e-01 3.847327e-03
8.284314e-01 6.813725e-01 2.676314e-03
8.382353e-01 6.813725e-01 1.343566e-03
8.480392e-01 6.813725e-01 3.494092e-04
8.578431e-01 6.813725e-01 6.963788e-04
8.676471e-01 6.813725e-01 4.585224e-04
8.774510e-01 6.813725e-01 -4.034476e-04
8.872549e-01 6.813725e-01 8.177351e-05
8.970588e-01 6.813725e-01 6.026488e-04
9.068627e-01 6.813725e-01 -2.994003e-04
9.166667e-01 6.813725e-01 -5.016813e-04
9.264706e-01 6.813725e-01 5.431334e-04
9.362745e-01 6.813725e-01 3.829074e-04
9.460784e-01 6.813725e-01 -6.873195e-04
9.558824e-01 6.813725e-01 -2.599763e-04
9.656863e-01 6.813725e-01 7.704237e-04
9.754902e-01 6.813725e-01 1.885085e-04
9.852941e-01 6.813725e-01 -8.073723e-04
9.950980e-01 6.813725e-01 -1.889527e-04
4.901961e-03 6.911765e-01 -6.704548e-04
1.470588e-02 6.911765e-01 -1.454095e-05
2.450980e-02 6.911765e-01 6.771213e-04
3.431373e-02 6.911765e-01 8.073100e-05
4.411765e-02 6.911765e-01 -6.570467e-04
5.392157e-02 6.911765e-01 -2.089062e-04
6.372549e-02 6.911765e-01 5.828343e-04
7.352941e-02 6.911765e-01 3.719057e-04
8.333333e-02 6.911765e-01 -4.221050e-04
9.313725e-02 6.911765e-01 -5.123850e-04
1.029412e-01 6.911765e-01 1.644819e-04
1.127451e-01 6.911765e-01 5.471582e-04
1.225490e-01 6.911765e-01 1.426261e-04
1.323529e-01 6.911765e-01 -4.053909e-04
1.421569e-01 6.911765e-01 -3.780613e-04
1.519608e-01 6.911765e-01 1.009619e-04
1.617647e-01 6.911765e-01 3.974916e-04
1.715686e-01 6.911765e-01 2.142041e-04
1.813725e-01 6.911765e-01 -1.636345e-04
1.911765e-01 6.911765e-01 -3.159878e-04
2.009804e-01 6.911765e-01 -1.445982e-04
2.107843e-01 6.911765e-01 1.232419e-04
2.205882e-01 6.911765e-01 2.355399e-04
2.303922e-01 6.911765e-01 1.395246e-04
2.401961e-01 6.911765e-01 -3.881465e-05
2.500000e-01 6.911765e-01 -1.507596e-04
2.598039e-01 6.911765e-01 -1.404499e-04
2.696078e-01 6.911765e-01 -4.962493e-05
2.794118e-01 6.911765e-01 4.556991e-05
2.892157e-01 6.911765e-01 9.367413e-05
2.990196e-01 6.911765e-01 8.687676e-05
3.088235e-01 6.911765e-01 4.684862e-05
3.186275e-01 6.911765e-01 1.374701e-06
3.284314e-01 6.911765e-01 -3.099055e-05
3.382353e-01 6.911765e-01 -4.455296e-05
3.480392e-01 6.911765e-01 -4.305418e-05
3.578431e-01 6.911765e-01 -3.479110e-05
3.676471e-01 6.911765e-01 -2.874982e-05
3.774510e-01 6.911765e-01 -3.103583e-05
3.872549e-01 6.911765e-01 -4.007398e-05
3.970588e-01 6.911765e-01 -4.127878e-05
4.068627e-01 6.911765e-01 -6.098598e-06
4.166667e-01 6.911765e-01 9.633038e-05
4.264706e-01 6.911765e-01 2.683256e-04
4.362745e-01 6.911765e-01 4.369997e-04
4.460784e-01 6.911765e-01 4.131191e-04
4.558824e-01 6.911765e-01 -1.040859e-04
4.656863e-01 6.911765e-01 -1.427729e-03
4.754902e-01 6.911765e-01 -3.657243e-03
4.852941e-01 6.911765e-01 -6.338328e-03
4.950980e-01 6.911765e-01 -8.086987e-03
5.049020e-01 6.911765e-01 -6.316491e-03
5.147059e-01 6.911765e-01 2.769806e-03
5.245098e-01 6.911765e-01 2.379433e-02
5.343137e-01 6.911765e-01 6.140596e-02
5.441176e-01 6.911765e-01 1.191824e-01
5.539216e-01 6.911765e-01 1.984801e-01
5.637255e-01 6.911765e-01 2.975493e-01
5.735294e-01 6.911765e-01 4.111944e-01
5.833333e-01 6.911765e-01 5.311579e-01
5.931373e-01 6.911765e-01 6.471663e-01
6.029412e-01 6.911765e-01 7.485078e-01
6.127451e-01 6.911765e-01 8.256457e-01
6.225490e-01 6.911765e-01 8.717956e-01
6.323529e-01 6.911765e-01 8.836481e-01
6.421569e-01 6.911765e-01 8.619317e-01
6.519608e-01 6.911765e-01 8.105632e-01
6.617647e-01 6.911765e-01 7.362556e-01
6.715686e-01 6.911765e-01 6.467994e-01
6.813725e-01 6.911765e-01 5.502566e-01
6.911765e-01 6.911765e-01 4.539461e-01
7.009804e-01 6.911765e-01 3.633105e-01
7.107843e-01 6.911765e-01 2.825600e-01
7.205882e-01 6.911765e-01 2.136159e-01
7.303922e-01 6.911765e-01 1.569951e-01
7.401961e-01 6.911765e-01 1.125380e-01
7.500000e-01 6.911765e-01 7.841933e-02
7.598039e-01 6.911765e-01 5.322571e-02
7.696078e-01 6.911765e-01 3.548493e-02
7.794118e-01 6.911765e-01 2.279728e-02
7.892157e-01 6.911765e-01 1.432958e-02
7.990196e-01 6.911765e-01 9.104017e-03
8.088235e-01 6.911765e-01 5.267852e-03
8.186275e-01 6.911765e-01 2.995586e-03
8.284314e-01 6.911765e-01 2.089374e-03
8.382353e-01 6.911765e-01 9.705428e-04
8.480392e-01 6.911765e-01 2.759625e-04
8.578431e-01 6.911765e-01 5.935959e-04
8.676471e-01 6.911765e-01 2.894689e-04
8.774510e-01 6.911765e-01 -3.446140e-04
8.872549e-01 6.911765e-01 1.533311e-04
8.970588e-01 6.911765e-01 4.494837e-04
9.068627e-01 6.911765e-01 -3.288482e-04
9.166667e-01 6.911765e-01 -3.272402e-04
9.264706e-01 6.911765e-01 5.048060e-04
9.362745e-01 6.911765e-01 2.008275e-04
9.460784e-01 6.911765e-01 -5.980548e-04
9.558824e-01 6.911765e-01 -8.404587e-05
9.656863e-01 6.911765e-01 6.473067e-04
9.754902e-01 6.911765e-01 1.733878e-05
9.852941e-01 6.911765e-01 -6.704548e-04
9.950980e-01 6.911765e-01 -1.454095e-05
4.901961e-03 7.009804e-01 -5.164048e-04
1.470588e-02 7.009804e-01 9.480758e-05
2.450980e-02 7.009804e-01 5.266042e-04
3.431373e-02 7.009804e-01 -4.304814e-05
4.411765e-02 7.009804e-01 -5.268555e-04
5.392157e-02 7.009804e-01 -6.274518e-05
6.372549e-02 7.009804e-01 4.933881e-04
7.352941e-02 7.009804e-01 2.066942e-04
8.333333e-02 7.009804e-01 -3.944270e-04
9.313725e-02 7.009804e-01 -3.483347e-04
1.029412e-01 7.009804e-01 2.103885e-04
1.127451e-01 7.009804e-01 4.206377e-04
1.225490e-01 7.009804e-01 3.503121e-05
1.323529e-01 7.009804e-01 -3.549590e-04
1.421569e-01 7.009804e-01 -2.531082e-04
1.519608e-01 7.009804e-01 1.397617e-04
1.617647e-01 7.009804e-01 3.182646e-04
1.715686e-01 7.009804e-01 1.225654e-04
1.813725e-01 7.009804e-01 -1.698660e-04
1.911765e-01 7.009804e-01 -2.459105e-04
2.009804e-01 7.009804e-01 -7.862028e-05
2.107843e-01 7.009804e-01 1.271569e-04
2.205882e-01 7.009804e-01 1.870773e-04
2.303922e-01 7.009804e-01 8.851300e-05
2.401961e-01 7.009804e-01 -5.390476e-05
2.500000e-01 7.009804e-01 -1.280171e-04
2.598039e-01 7.009804e-01 -1.039814e-04
2.696078e-01 7.009804e-01 -2.485428e-05
2.794118e-01 7.009804e-01 4.805232e-05
2.892157e-01 7.009804e-01 7.877899e-05
2.990196e-01 7.009804e-01 6.648892e-05
3.088235e-01 7.009804e-01 3.116494e-05
3.186275e-01 7.009804e-01 -5.103031e-06
3.284314e-01 7.009804e-01 -2.899293e-05
3.382353e-01 7.009804e-01 -3.755845e-05
3.480392e-01 7.009804e-01 -3.488869e-05
3.578431e-01 7.009804e-01 -2.809457e-05
3.676471e-01 7.009804e-01 -2.415225e-05
3.774510e-01 7.009804e-01 -2.682104e-05
3.872549e-01 7.009804e-01 -3.267795e-05
3.970588e-01 7.009804e-01 -2.749874e-05
4.068627e-01 7.009804e-01 1.242536e-05
4.166667e-01 7.009804e-01 1.074860e-04
4.264706e-01 7.009804e-01 2.466607e-04
4.362745e-01 7.009804e-01 3.499467e-04
4.460784e-01 7.009804e-01 2.422933e-04
4.558824e-01 7.009804e-01 -3.258889e-04
4.656863e-01 7.009804e-01 -1.573898e-03
4.754902e-01 7.009804e-01 -3.482145e-03
4.852941e-01 7.009804e-01 -5.501672e-03
4.950980e-01 7.009804e-01 -6.257646e-03
5.049020e-01 7.009804e-01 -3.367396e-03
5.147059e-01 7.009804e-01 6.496705e-03
5.245098e-01 7.009804e-01 2.721184e-02
5.343137e-01 7.009804e-01 6.248114e-02
5.441176e-01 7.009804e-01 1.149030e-01
5.539216e-01 7.009804e-01 1.850520e-01
5.637255e-01 7.009804e-01 2.708338e-01
5.735294e-01 7.009804e-01 3.673277e-01
5.833333e-01 7.009804e-01 4.672325e-01
5.931373e-01 7.009804e-01 5.618351e-01
6.029412e-01 7.009804e-01 6.423594e-01
6.127451e-01 7.009804e-01 7.012888e-01
6.225490e-01 7.009804e-01 7.335861e-01
6.323529e-01 7.009804e-01 7.371932e-01
6.421569e-01 7.009804e-01 7.133600e-01
6.519608e-01 7.009804e-01 6.658580e-01
6.617647e-01 7.009804e-01 6.005834e-01
6.715686e-01 7.009804e-01 5.241079e-01
6.813725e-01 7.009804e-01 4.430692e-01
6.911765e-01 7.009804e-01 3.633105e-01
7.009804e-01 7.009804e-01 2.890867e-01
7.107843e-01 7.009804e-01 2.235890e-01
7.205882e-01 7.009804e-01 1.681126e-01
7.303922e-01 7.009804e-01 1.229176e-01
7.401961e-01 7.009804e-01 8.767031e-02
7.500000e-01 7.009804e-01 6.077282e-02
7.598039e-01 7.009804e-01 4.107070e-02
7.696078e-01 7.009804e-01 2.725191e-02
7.794118e-01 7.009804e-01 1.740426e-02
7.892157e-01 7.009804e-01 1.092240e-02
7.990196e-01 7.009804e-01 6.903435e-03
8.088235e-01 7.009804e-01 3.942654e-03
8.186275e-01 7.009804e-01 2.274323e-03
8.284314e-01 7.009804e-01 1.579824e-03
8.382353e-01 7.009804e-01 6.774341e-04
8.480392e-01 7.009804e-01 2.219450e-04
8.578431e-01 7.009804e-01 4.816943e-04
8.676471e-01 7.009804e-01 1.615903e-04
8.774510e-01 7.009804e-01 -2.707523e-04
8.872549e-01 7.009804e-01 1.837645e-04
8.970588e-01 7.009804e-01 3.100342e-04
9.068627e-01 7.009804e-01 -3.132566e-04
9.166667e-01 7.009804e-01 -1.857586e-04
9.264706e-01 7.009804e-01 4.294793e-04
9.362745e-01 7.009804e-01 6.765795e-05
9.460784e-01 7.009804e-01 -4.812263e-04
9.558824e-01 7.009804e-01 3.339122e-05
9.656863e-01 7.009804e-01 5.042745e-04
9.754902e-01 7.009804e-01 -9.026557e-05
9.852941e-01 7.009804e-01 -5.164048e-04
9.950980e-01 7.009804e-01 9.480758e-05
4.901961e-03 7.107843e-01 -3.769488e-04
1.470588e-02 7.107843e-01 1.461549e-04
2.450980e-02 7.107843e-01 3.880735e-04
3.431373e-02 7.107843e-01 -1.078608e-04
4.411765e-02 7.107843e-01 -3.997138e-04
5.392157e-02 7.107843e-01 2.558435e-05
6.372549e-02 7.107843e-01 3.926147e-04
7.352941e-02 7.107843e-01 9.281646e-05
8.333333e-02 7.107843e-01 -3.386248e-04
9.313725e-02 7.107843e-01 -2.206096e-04
1.029412e-01 7.107843e-01 2.149371e-04
1.127451e-01 7.107843e-01 3.068026e-04
1.225490e-01 7.107843e-01 -2.930727e-05
1.323529e-01 7.107843e-01 -2.909408e-04
1.421569e-01 7.107843e-01 -1.570670e-04
1.519608e-01 7.107843e-01 1.480276e-04
1.617647e-01 7.107843e-01 2.419132e-04
1.715686e-01 7.107843e-01 5.829589e-05
1.813725e-01 7.107843e-01 -1.570304e-04
1.911765e-01 7.107843e-01 -1.821428e-04
2.009804e-01 7.107843e-01 -3.319355e-05
2.107843e-01 7.107843e-01 1.174685e-04
2.205882e-01 7.107843e-01 1.416429e-04
2.303922e-01 7.107843e-01 5.077588e-05
2.401961e-01 7.107843e-01 -5.778857e-05
2.500000e-01 7.107843e-01 -1.032595e-04
2.598039e-01 7.107843e-01 -7.342987e-05
2.696078e-01 7.107843e-01 -8.140547e-06
2.794118e-01 7.107843e-01 4.538614e-05
2.892157e-01 7.107843e-01 6.331899e-05
2.990196e-01 7.107843e-01 4.888278e-05
3.088235e-01 7.107843e-01 1.930494e-05
3.186275e-01 7.107843e-01 -8.546352e-06
3.284314e-01 7.107843e-01 -2.552298e-05
3.382353e-01 7.107843e-01 -3.051982e-05
3.480392e-01 7.107843e-01 -2.747297e-05
3.578431e-01 7.107843e-01 -2.216535e-05
3.676471e-01 7.107843e-01 -1.971520e-05
3.774510e-01 7.107843e-01 -2.204030e-05
3.872549e-01 7.107843e-01 -2.480643e-05
3.970588e-01 7.107843e-01 -1.531949e-05
4.068627e-01 7.107843e-01 2.466952e-05
4.166667e-01 7.107843e-01 1.063957e-04
4.264706e-01 7.107843e-01 2.101436e-04
4.362745e-01 7.107843e-01 2.569675e-04
4.460784e-01 7.107843e-01 9.520038e-05
4.558824e-01 7.107843e-01 -4.694131e-04
4.656863e-01 7.107843e-01 -1.572179e-03
4.754902e-01 7.107843e-01 -3.107162e-03
4.852941e-01 7.107843e-01 -4.490393e-03
4.950980e-01 7.107843e-01 -4.437350e-03
5.049020e-01 7.107843e-01 -8.545155e-04
5.147059e-01 7.107843e-01 9.055561e-03
5.245098e-01 7.107843e-01 2.841880e-02
5.343137e-01 7.107843e-01 6.006594e-02
5.441176e-01 7.107843e-01 1.057755e-01
5.539216e-01 7.107843e-01 1.655687e-01
5.637255e-01 7.107843e-01 2.372638e-01
5.735294e-01 7.107843e-01 3.164467e-01
5.833333e-01 7.107843e-01 3.969247e-01
5.931373e-01 7.107843e-01 4.715761e-01
6.029412e-01 7.107843e-01 5.334591e-01
6.127451e-01 7.107843e-01 5.768556e-01
6.225490e-01 7.107843e-01 5.981804e-01
6.323529e-01 7.107843e-01 5.963048e-01
6.421569e-01 7.107843e-01 5.727179e-01
6.519608e-01 7.107843e-01 5.308350e-01
6.617647e-01 7.107843e-01 4.756289e-01
6.715686e-01 7.107843e-01 4.124513e-01
6.813725e-01 7.107843e-01 3.465887e-01
6.911765e-01 7.107843e-01 2.825600e-01
7.009804e-01 7.107843e-01 2.235890e-01
7.107843e-01 7.107843e-01 1.720134e-01
7.205882e-01 7.107843e-01 1.286568e-01
7.303922e-01 7.107843e-01 9.360422e-02
7.401961e-01 7.107843e-01 6.643960e-02
7.500000e-01 7.107843e-01 4.582443e-02
7.598039e-01 7.107843e-01 3.084011e-02
7.696078e-01 7.107843e-01 2.036734e-02
7.794118e-01 7.107843e-01 1.293389e-02
7.892157e-01 7.107843e-01 8.105622e-03
7.990196e-01 7.107843e-01 5.093806e-03
8.088235e-01 7.107843e-01 2.873894e-03
8.186275e-01 7.107843e-01 1.683513e-03
8.284314e-01 7.107843e-01 1.159661e-03
8.382353e-01 7.107843e-01 4.582827e-04
8.480392e-01 7.107843e-01 1.772084e-04
8.578431e-01 7.107843e-01 3.746643e-04
8.676471e-01 7.107843e-01 7.549141e-05
8.774510e-01 7.107843e-01 -2.006062e-04
8.872549e-01 7.107843e-01 1.829277e-04
8.970588e-01 7.107843e-01 2.004454e-04
9.068627e-01 7.107843e-01 -2.724133e-04
9.166667e-01 7.107843e-01 -8.732102e-05
9.264706e-01 7.107843e-01 3.432691e-04
9.362745e-01 7.107843e-01 -1.385572e-05
9.460784e-01 7.107843e-01 -3.663023e-04
9.558824e-01 7.107843e-01 9.564563e-05
9.656863e-01 7.107843e-01 3.722610e-04
9.754902e-01 7.107843e-01 -1.411043e-04
9.852941e-01 7.107843e-01 -3.769488e-04
9.950980e-01 7.107843e-01 1.461549e-04
4.901961e-03 7.205882e-01 -2.569383e-04
1.470588e-02 7.205882e-01 1.667851e-04
2.450980e-02 7.205882e-01 2.677597e-04
3.431373e-02 7.205882e-01 -1.401997e-04
4.411765e-02 7.205882e-01 -2.857510e-04
5.392157e-02 7.205882e-01 7.960522e-05
6.372549e-02 7.205882e-01 2.960764e-04
7.352941e-02 7.205882e-01 1.290706e-05
8.333333e-02 7.205882e-01 -2.751331e-04
9.313725e-02 7.205882e-01 -1.215090e-04
1.029412e-01 7.205882e-01 1.998655e-04
1.127451e-01 7.205882e-01 2.094861e-04
1.225490e-01 7.205882e-01 -6.726324e-05
1.323529e-01 7.205882e-01 -2.263997e-04
1.421569e-01 7.205882e-01 -8.382254e-05
1.519608e-01 7.205882e-01 1.407085e-04
1.617647e-01 7.205882e-01 1.740233e-04
1.715686e-01 7.205882e-01 1.351867e-05
1.813725e-01 7.205882e-01 -1.358082e-04
1.911765e-01 7.205882e-01 -1.274074e-04
2.009804e-01 7.205882e-01 -2.459005e-06
2.107843e-01 7.205882e-01 1.015795e-04
2.205882e-01 7.205882e-01 1.018877e-04
2.303922e-01 7.205882e-01 2.349072e-05
2.401961e-01 7.205882e-01 -5.526784e-05
2.500000e-01 7.205882e-01 -7.956498e-05
2.598039e-01 7.205882e-01 -4.881023e-05
2.696078e-01 7.205882e-01 2.607679e-06
2.794118e-01 7.205882e-01 4.000577e-05
2.892157e-01 7.205882e-01 4.881348e-05
2.990196e-01 7.205882e-01 3.433905e-05
3.088235e-01 7.205882e-01 1.065714e-05
3.186275e-01 7.205882e-01 -9.903461e-06
3.284314e-01 7.205882e-01 -2.142011e-05
3.382353e-01 7.205882e-01 -2.394219e-05
3.480392e-01 7.205882e-01 -2.096586e-05
3.578431e-01 7.205882e-01 -1.699328e-05
3.676471e-01 7.205882e-01 -1.559714e-05
3.774510e-01 7.205882e-01 -1.740834e-05
3.872549e-01 7.205882e-01 -1.787861e-05
3.970588e-01 7.205882e-01 -6.312261e-06
4.068627e-01 7.205882e-01 3.056843e-05
4.166667e-01 7.205882e-01 9.713771e-05
4.264706e-01 7.205882e-01 1.694135e-04
4.362745e-01 7.205882e-01 1.749405e-04
4.460784e-01 7.205882e-01 -1.140694e-05
4.558824e-01 7.205882e-01 -5.329533e-04
4.656863e-01 7.205882e-01 -1.458705e-03
4.754902e-01 7.205882e-01 -2.630602e-03
4.852941e-01 7.205882e-01 -3.477753e-03
4.950980e-01 7.205882e-01 -2.857047e-03
5.049020e-01 7.205882e-01 1.000446e-03
5.147059e-01 7.205882e-01 1.036448e-02
5.245098e-01 7.205882e-01 2.766881e-02
5.343137e-01 7.205882e-01 5.499448e-02
5.441176e-01 7.205882e-01 9.347566e-02
5.539216e-01 7.205882e-01 1.427793e-01
5.637255e-01 7.205882e-01 2.008164e-01
5.735294e-01 7.205882e-01 2.637950e-01
5.833333e-01 7.205882e-01 3.266463e-01
5.931373e-01 7.205882e-01 3.837395e-01
6.029412e-01 7.205882e-01 4.297618e-01
6.127451e-01 7.205882e-01 4.605139e-01
6.225490e-01 7.205882e-01 4.735625e-01
6.323529e-01 7.205882e-01 4.684310e-01
6.421569e-01 7.205882e-01 4.466475e-01
6.519608e-01 7.205882e-01 4.111620e-01
6.617647e-01 7.205882e-01 3.660217e-01
6.715686e-01 7.205882e-01 3.154464e-01
6.813725e-01 7.205882e-01 2.635157e-01
6.911765e-01 7.205882e-01 2.136159e-01
7.009804e-01 7.205882e-01 1.681126e-01
7.107843e-01 7.205882e-01 1.286568e-01
7.205882e-01 7.205882e-01 9.573090e-02
7.303922e-01 7.205882e-01 6.931019e-02
7.401961e-01 7.205882e-01 4.895965e-02
7.500000e-01 7.205882e-01 3.360079e-02
7.598039e-01 7.205882e-01 2.252257e-02
7.696078e-01 7.205882e-01 1.480305e-02
7.794118e-01 7.205882e-01 9.348532e-03
7.892157e-01 7.205882e-01 5.853188e-03
7.990196e-01 7.205882e-01 3.653790e-03
8.088235e-01 7.205882e-01 2.037274e-03
8.186275e-01 7.205882e-01 1.216122e-03
8.284314e-01 7.205882e-01 8.252146e-04
8.382353e-01 7.205882e-01 2.975452e-04
8.480392e-01 7.205882e-01 1.425476e-04
8.578431e-01 7.205882e-01 2.806703e-04
8.676471e-01 7.205882e-01 1.765956e-05
8.774510e-01 7.205882e-01 -1.383155e-04
8.872549e-01 7.205882e-01 1.677428e-04
8.970588e-01 7.205882e-01 1.148579e-04
9.068627e-01 7.205882e-01 -2.236508e-04
9.166667e-01 7.205882e-01 -1.761207e-05
9.264706e-01 7.205882e-01 2.600625e-04
9.362745e-01 7.205882e-01 -6.445146e-05
9.460784e-01 7.205882e-01 -2.628425e-04
9.558824e-01 7.205882e-01 1.273368e-04
9.656863e-01 7.205882e-01 2.573968e-04
9.754902e-01 7.205882e-01 -1.618148e-04
9.852941e-01 7.205882e-01 -2.569383e-04
9.950980e-01 7.205882e-01 1.667851e-04
4.901961e-03 7.303922e-01 -1.561918e-04
1.470588e-02 7.303922e-01 1.513789e-04
2.450980e-02 7.303922e-01 1.652174e-04
3.431373e-02 7.303922e-01 -1.349543e-04
4.411765e-02 7.303922e-01 -1.838319e-04
5.392157e-02 7.303922e-01 9.484931e-05
6.372549e-02 7.303922e-01 2.017663e-04
7.352941e-02 7.303922e-01 -2.971779e-05
8.333333e-02 7.303922e-01 -2.012956e-04
9.313725e-02 7.303922e-01 -5.281411e-05
1.029412e-01 7.303922e-01 1.624900e-04
1.127451e-01 7.303922e-01 1.289810e-04
1.225490e-01 7.303922e-01 -7.684154e-05
1.323529e-01 7.303922e-01 -1.607419e-04
1.421569e-01 7.303922e-01 -3.438724e-05
1.519608e-01 7.303922e-01 1.171270e-04
1.617647e-01 7.303922e-01 1.149971e-04
1.715686e-01 7.303922e-01 -1.132294e-05
1.813725e-01 7.303922e-01 -1.065214e-04
1.911765e-01 7.303922e-01 -8.225210e-05
2.009804e-01 7.303922e-01 1.370374e-05
2.107843e-01 7.303922e-01 8.026404e-05
2.205882e-01 7.303922e-01 6.840313e-05
2.303922e-01 7.303922e-01 6.431184e-06
2.401961e-01 7.303922e-01 -4.719446e-05
2.500000e-01 7.303922e-01 -5.769112e-05
2.598039e-01 7.303922e-01 -3.023693e-05
2.696078e-01 7.303922e-01 7.917679e-06
2.794118e-01 7.303922e-01 3.266756e-05
2.892157e-01 7.303922e-01 3.580274e-05
2.990196e-01 7.303922e-01 2.297454e-05
3.088235e-01 7.303922e-01 4.976468e-06
3.186275e-01 7.303922e-01 -9.580230e-06
3.284314e-01 7.303922e-01 -1.706329e-05
3.382353e-01 7.303922e-01 -1.809473e-05
3.480392e-01 7.303922e-01 -1.556230e-05
3.578431e-01 7.303922e-01 -1.280258e-05
3.676471e-01 7.303922e-01 -1.212189e-05
3.774510e-01 7.303922e-01 -1.325085e-05
3.872549e-01 7.303922e-01 -1.183963e-05
3.970588e-01 7.303922e-01 6.164627e-07
4.068627e-01 7.303922e-01 3.290765e-05
4.166667e-01 7.303922e-01 8.418687e-05
4.264706e-01 7.303922e-01 1.290242e-04
4.362745e-01 7.303922e-01 1.043932e-04
4.460784e-01 7.303922e-01 -8.777428e-05
4.558824e-01 7.303922e-01 -5.454747e-04
4.656863e-01 7.303922e-01 -1.286576e-03
4.754902e-01 7.303922e-01 -2.126457e-03
4.852941e-01 7.303922e-01 -2.539045e-03
4.950980e-01 7.303922e-01 -1.549966e-03
5.049020e-01 7.303922e-01 2.277948e-03
5.147059e-01 7.303922e-01 1.071654e-02
5.245098e-01 7.303922e-01 2.558569e-02
5.343137e-01 7.303922e-01 4.834327e-02
5.441176e-01 7.303922e-01 7.963824e-02
5.539216e-01 7.303922e-01 1.189444e-01
5.637255e-01 7.303922e-01 1.643902e-01
5.735294e-01 7.303922e-01 2.128557e-01
5.833333e-01 7.303922e-01 2.603473e-01
5.931373e-01 7.303922e-01 3.025727e-01
6.029412e-01 7.303922e-01 3.356113e-01
6.127451e-01 7.303922e-01 3.564977e-01
6.225490e-01 7.303922e-01 3.636697e-01
6.323529e-01 7.303922e-01 3.570655e-01
6.421569e-01 7.303922e-01 3.381043e-01
6.519608e-01 7.303922e-01 3.092168e-01
6.617647e-01 7.303922e-01 2.735746e-01
6.715686e-01 7.303922e-01 2.343920e-01
6.813725e-01 7.303922e-01 1.947133e-01
6.911765e-01 7.303922e-01 1.569951e-01
7.009804e-01 7.303922e-01 1.229176e-01
7.107843e-01 7.303922e-01 9.360422e-02
7.205882e-01 7.303922e-01 6.931019e-02
7.303922e-01 7.303922e-01 4.995256e-02
7.401961e-01 7.303922e-01 3.512522e-02
7.500000e-01 7.303922e-01 2.399520e-02
7.598039e-01 7.303922e-01 1.602371e-02
7.696078e-01 7.303922e-01 1.048205e-02
7.794118e-01 7.303922e-01 6.587876e-03
7.892157e-01 7.303922e-01 4.121129e-03
7.990196e-01 7.303922e-01 2.552896e-03
8.088235e-01 7.303922e-01 1.411518e-03
8.186275e-01 7.303922e-01 8.579614e-04
8.284314e-01 7.303922e-01 5.681366e-04
8.382353e-01 7.303922e-01 1.902803e-04
8.480392e-01 7.303922e-01 1.138655e-04
8.578431e-01 7.303922e-01 1.974884e-04
8.676471e-01 7.303922e-01 -1.142535e-05
8.774510e-01 7.303922e-01 -8.482948e-05
8.872549e-01 7.303922e-01 1.357899e-04
8.970588e-01 7.303922e-01 5.464001e-05
9.068627e-01 7.303922e-01 -1.649191e-04
9.166667e-01 7.303922e-01 2.045681e-05
9.264706e-01 7.303922e-01 1.781606e-04
9.362745e-01 7.303922e-01 -8.014609e-05
9.460784e-01 7.303922e-01 -1.698675e-04
9.558824e-01 7.303922e-01 1.236949e-04
9.656863e-01 7.303922e-01 1.592812e-04
9.754902e-01 7.303922e-01 -1.472017e-04
9.852941e-01 7.303922e-01 -1.561918e-04
9.950980e-01 7.303922e-01 1.513789e-04
4.901961e-03 7.401961e-01 -9.858717e-05
1.470588e-02 7.401961e-01 1.240807e-04
2.450980e-02 7.401961e-01 1.056265e-04
3.431373e-02 7.401961e-01 -1.136035e-04
4.411765e-02 7.401961e-01 -1.216166e-04
5.392157e-02 7.401961e-01 8.658238e-05
6.372549e-02 7.401961e-01 1.394492e-04
7.352941e-02 7.401961e-01 -4.072363e-05
8.333333e-02 7.401961e-01 -1.461869e-04
9.313725e-02 7.401961e-01 -2.036279e-05
1.029412e-01 7.401961e-01 1.260782e-04
1.127451e-01 7.401961e-01 8.114205e-05
1.225490e-01 7.401961e-01 -6.995015e-05
1.323529e-01 7.401961e-01 -1.138387e-04
1.421569e-01 7.401961e-01 -1.058195e-05
1.519608e-01 7.401961e-01 9.233535e-05
1.617647e-01 7.401961e-01 7.635013e-05
1.715686e-01 7.401961e-01 -1.995760e-05
1.813725e-01 7.401961e-01 -8.087827e-05
1.911765e-01 7.401961e-01 -5.299675e-05
2.009804e-01 7.401961e-01 1.889559e-05
2.107843e-01 7.401961e-01 6.126208e-05
2.205882e-01 7.401961e-01 4.547696e-05
2.303922e-01 7.401961e-01 -1.945886e-06
2.401961e-01 7.401961e-01 -3.805158e-05
2.500000e-01 7.401961e-01 -4.103205e-05
2.598039e-01 7.401961e-01 -1.816675e-05
2.696078e-01 7.401961e-01 9.556341e-06
2.794118e-01 7.401961e-01 2.559608e-05
2.892157e-01 7.401961e-01 2.565517e-05
2.990196e-01 7.401961e-01 1.497462e-05
3.088235e-01 7.401961e-01 1.641408e-06
3.186275e-01 7.401961e-01 -8.446748e-06
3.284314e-01 7.401961e-01 -1.317198e-05
3.382353e-01 7.401961e-01 -1.338106e-05
3.480392e-01 7.401961e-01 -1.134206e-05
3.578431e-01 7.401961e-01 -9.414284e-06
3.676471e-01 7.401961e-01 -8.971412e-06
3.774510e-01 7.401961e-01 -9.313800e-06
3.872549e-01 7.401961e-01 -6.779425e-06
3.970588e-01 7.401961e-01 4.803073e-06
4.068627e-01 7.401961e-01 3.052524e-05
4.166667e-01 7.401961e-01 6.650508e-05
4.264706e-01 7.401961e-01 8.918232e-05
4.362745e-01 7.401961e-01 4.778529e-05
4.460784e-01 7.401961e-01 -1.294820e-04
4.558824e-01 7.401961e-01 -5.034552e-04
4.656863e-01 7.401961e-01 -1.058864e-03
4.754902e-01 7.401961e-01 -1.610884e-03
4.852941e-01 7.401961e-01 -1.705489e-03
4.950980e-01 7.401961e-01 -5.515649e-04
5.049020e-01 7.401961e-01 2.971351e-03
5.147059e-01 7.401961e-01 1.019632e-02
5.245098e-01 7.401961e-01 2.243783e-02
5.343137e-01 7.401961e-01 4.067922e-02
5.441176e-01 7.401961e-01 6.524772e-02
5.539216e-01 7.401961e-01 9.556531e-02
5.637255e-01 7.401961e-01 1.300566e-01
5.735294e-01 7.401961e-01 1.662588e-01
5.833333e-01 7.401961e-01 2.011316e-01
5.931373e-01 7.401961e-01 2.315011e-01
6.029412e-01 7.401961e-01 2.545559e-01
6.127451e-01 7.401961e-01 2.682619e-01
6.225490e-01 7.401961e-01 2.716614e-01
6.323529e-01 7.401961e-01 2.649124e-01
6.421569e-01 7.401961e-01 2.492375e-01
6.519608e-01 7.401961e-01 2.265592e-01
6.617647e-01 7.401961e-01 1.992853e-01
6.715686e-01 7.401961e-01 1.697951e-01
6.813725e-01 7.401961e-01 1.403005e-01
6.911765e-01 7.401961e-01 1.125380e-01
7.009804e-01 7.401961e-01 8.767031e-02
7.107843e-01 7.401961e-01 6.643960e-02
7.205882e-01 7.401961e-01 4.895965e-02
7.303922e-01 7.401961e-01 3.512522e-02
7.401961e-01 7.401961e-01 2.458656e-02
7.500000e-01 7.401961e-01 1.671765e-02
7.598039e-01 7.401961e-01 1.112062e-02
7.696078e-01 7.401961e-01 7.240331e-03
7.794118e-01 7.401961e-01 4.527593e-03
7.892157e-01 7.401961e-01 2.828759e-03
7.990196e-01 7.401961e-01 1.740030e-03
8.088235e-01 7.401961e-01 9.529349e-04
8.186275e-01 7.401961e-01 5.885741e-04
8.284314e-01 7.401961e-01 3.828012e-04
8.382353e-01 7.401961e-01 1.176914e-04
8.480392e-01 7.401961e-01 8.459592e-05
8.578431e-01 7.401961e-01 1.373163e-04
8.676471e-01 7.401961e-01 -2.192397e-05
8.774510e-01 7.401961e-01 -5.369048e-05
8.872549e-01 7.401961e-01 1.049792e-04
8.970588e-01 7.401961e-01 2.482184e-05
9.068627e-01 7.401961e-01 -1.205899e-04
9.166667e-01 7.401961e-01 3.122113e-05
9.264706e-01 7.401961e-01 1.236703e-04
9.362745e-01 7.401961e-01 -7.426055e-05
9.460784e-01 7.401961e-01 -1.128282e-04
9.558824e-01 7.401961e-01 1.046013e-04
9.656863e-01 7.401961e-01 1.020946e-04
9.754902e-01 7.401961e-01 -1.208102e-04
9.852941e-01 7.401961e-01 -9.858717e-05
9.950980e-01 7.401961e-01 1.240807e-04
4.901961e-03 7.500000e-01 -4.816000e-05
1.470588e-02 7.500000e-01 1.086034e-04
2.450980e-02 7.500000e-01 5.394259e-05
3.431373e-02 7.500000e-01 -1.031161e-04
4.411765e-02 7.500000e-01 -6.901566e-05
5.392157e-02 7.500000e-01 8.660391e-05
6.372549e-02 7.500000e-01 8.864067e-05
7.352941e-02 7.500000e-01 -5.558671e-05
8.333333e-02 7.500000e-01 -1.032537e-04
9.313725e-02 7.500000e-01 1.014352e-05
1.029412e-01 7.500000e-01 9.968337e-05
1.127451e-01 7.500000e-01 4.060221e-05
1.225490e-01 7.500000e-01 -6.748653e-05
1.323529e-01 7.500000e-01 -7.624768e-05
1.421569e-01 7.500000e-01 1.047987e-05
1.519608e-01 7.500000e-01 7.350975e-05
1.617647e-01 7.500000e-01 4.485965e-05
1.715686e-01 7.500000e-01 -2.759288e-05
1.813725e-01 7.500000e-01 -6.041470e-05
1.911765e-01 7.500000e-01 -2.945073e-05
2.009804e-01 7.500000e-01 2.283313e-05
2.107843e-01 7.500000e-01 4.573992e-05
2.205882e-01 7.500000e-01 2.727726e-05
2.303922e-01 7.500000e-01 -7.994007e-06
2.401961e-01 7.500000e-01 -3.011327e-05
2.500000e-01 7.500000e-01 -2.765332e-05
2.598039e-01 7.500000e-01 -9.079132e-06
2.696078e-01 7.500000e-01 1.009079e-05
2.794118e-01 7.500000e-01 1.943735e-05
2.892157e-01 7.500000e-01 1.753248e-05
2.990196e-01 7.500000e-01 8.969714e-06
3.088235e-01 7.500000e-01 -4.943322e-07
3.186275e-01 7.500000e-01 -7.105240e-06
3.284314e-01 7.500000e-01 -9.819426e-06
3.382353e-01 7.500000e-01 -9.522685e-06
3.480392e-01 7.500000e-01 -7.917749e-06
3.578431e-01 7.500000e-01 -6.621253e-06
3.676471e-01 7.500000e-01 -6.413286e-06
3.774510e-01 7.500000e-01 -6.469127e-06
3.872549e-01 7.500000e-01 -3.828863e-06
3.970588e-01 7.500000e-01 5.960482e-06
4.068627e-01 7.500000e-01 2.574494e-05
4.166667e-01 7.500000e-01 5.061486e-05
4.264706e-01 7.500000e-01 6.031747e-05
4.362745e-01 7.500000e-01 1.521206e-05
4.460784e-01 7.500000e-01 -1.361866e-04
4.558824e-01 7.500000e-01 -4.296287e-04
4.656863e-01 7.500000e-01 -8.334977e-04
4.754902e-01 7.500000e-01 -1.178859e-03
4.852941e-01 7.500000e-01 -1.089633e-03
4.950980e-01 7.500000e-01 5.811684e-05
5.049020e-01 7.500000e-01 3.116471e-03
5.147059e-01 7.500000e-01 9.064367e-03
5.245098e-01 7.500000e-01 1.882582e-02
5.343137e-01 7.500000e-01 3.303705e-02
5.441176e-01 7.500000e-01 5.181648e-02
5.539216e-01 7.500000e-01 7.460207e-02
5.637255e-01 7.500000e-01 1.001115e-01
5.735294e-01 7.500000e-01 1.264514e-01
5.833333e-01 7.500000e-01 1.513661e-01
5.931373e-01 7.500000e-01 1.725721e-01
6.029412e-01 7.500000e-01 1.881148e-01
6.127451e-01 7.500000e-01 1.966539e-01
6.225490e-01 7.500000e-01 1.976530e-01
6.323529e-01 7.500000e-01 1.913824e-01
6.421569e-01 7.500000e-01 1.788540e-01
6.519608e-01 7.500000e-01 1.615453e-01
6.617647e-01 7.500000e-01 1.412338e-01
6.715686e-01 7.500000e-01 1.196315e-01
6.813725e-01 7.500000e-01 9.829758e-02
6.911765e-01 7.500000e-01 7.841933e-02
7.009804e-01 7.500000e-01 6.077282e-02
7.107843e-01 7.500000e-01 4.582443e-02
7.205882e-01 7.500000e-01 3.360079e-02
7.303922e-01 7.500000e-01 2.399520e-02
7.401961e-01 7.500000e-01 1.671765e-02
7.500000e-01 7.500000e-01 1.131387e-02
7.598039e-01 7.500000e-01 7.498923e-03
7.696078e-01 7.500000e-01 4.857680e-03
7.794118e-01 7.500000e-01 3.023010e-03
7.892157e-01 7.500000e-01 1.889560e-03
7.990196e-01 7.500000e-01 1.150661e-03
8.088235e-01 7.500000e-01 6.245458e-04
8.186275e-01 7.500000e-01 3.970240e-04
8.284314e-01 7.500000e-01 2.480522e-04
8.382353e-01 7.500000e-01 6.721913e-05
8.480392e-01 7.500000e-01 6.730541e-05
8.578431e-01 7.500000e-01 9.158763e-05
8.676471e-01 7.500000e-01 -3.113814e-05
8.774510e-01 7.500000e-01 -2.620931e-05
8.872549e-01 7.500000e-01 8.277535e-05
8.970588e-01 7.500000e-01 -2.516063e-06
9.068627e-01 7.500000e-01 -8.589613e-05
9.166667e-01 7.500000e-01 4.498537e-05
9.264706e-01 7.500000e-01 7.921850e-05
9.362745e-01 7.500000e-01 -7.539966e-05
9.460784e-01 7.500000e-01 -6.459179e-05
9.558824e-01 7.500000e-01 9.544346e-05
9.656863e-01 7.500000e-01 5.251049e-05
9.754902e-01 7.500000e-01 -1.058993e-04
9.852941e-01 7.500000e-01 -4.816000e-05
9.950980e-01 7.500000e-01 1.086034e-04
4.901961e-03 7.598039e-01 -1.111726e-05
1.470588e-02 7.598039e-01 6.632761e-05
2.450980e-02 7.598039e-01 1.450270e-05
3.431373e-02 7.598039e-01 -6.495770e-05
4.411765e-02 7.598039e-01 -2.450514e-05
5.392157e-02 7.598039e-01 5.857705e-05
6.372549e-02 7.598039e-01 3.904103e-05
7.352941e-02 7.598039e-01 -4.402470e-05
8.333333e-02 7.598039e-01 -5.304910e-05
9.313725e-02 7.598039e-01 1.942269e-05
1.029412e-01 7.598039e-01 5.829063e-05
1.127451e-01 7.598039e-01 1.199908e-05
1.225490e-01 7.598039e-01 -4.629218e-05
1.323529e-01 7.598039e-01 -3.897551e-05
1.421569e-01 7.598039e-01 1.564431e-05
1.519608e-01 7.598039e-01 4.532791e-05
1.617647e-01 7.598039e-01 2.032533e-05
1.715686e-01 7.598039e-01 -2.292275e-05
1.813725e-01 7.598039e-01 -3.659330e-05
1.911765e-01 7.598039e-01 -1.303477e-05
2.009804e-01 7.598039e-01 1.843616e-05
2.107843e-01 7.598039e-01 2.869334e-05
2.205882e-01 7.598039e-01 1.408768e-05
2.303922e-01 7.598039e-01 -8.269120e-06
2.401961e-01 7.598039e-01 -2.035838e-05
2.500000e-01 7.598039e-01 -1.672442e-05
2.598039e-01 7.598039e-01 -3.887984e-06
2.696078e-01 7.598039e-01 8.163767e-06
2.794118e-01 7.598039e-01 1.329862e-05
2.892157e-01 7.598039e-01 1.118557e-05
2.990196e-01 7.598039e-01 5.107692e-06
3.088235e-01 7.598039e-01 -1.172524e-06
3.186275e-01 7.598039e-01 -5.341296e-06
3.284314e-01 7.598039e-01 -6.884813e-06
3.382353e-01 7.598039e-01 -6.524790e-06
3.480392e-01 7.598039e-01 -5.462199e-06
3.578431e-01 7.598039e-01 -4.739789e-06
3.676471e-01 7.598039e-01 -4.682681e-06
3.774510e-01 7.598039e-01 -4.369885e-06
3.872549e-01 7.598039e-01 -1.425957e-06
3.970588e-01 7.598039e-01 7.146939e-06
4.068627e-01 7.598039e-01 2.228671e-05
4.166667e-01 7.598039e-01 3.825182e-05
4.264706e-01 7.598039e-01 3.771756e-05
4.362745e-01 7.598039e-01 -9.414536e-06
4.460784e-01 7.598039e-01 -1.377261e-04
4.558824e-01 7.598039e-01 -3.631812e-04
4.656863e-01 7.598039e-01 -6.438132e-04
4.754902e-01 7.598039e-01 -8.301325e-04
4.852941e-01 7.598039e-01 -6.198510e-04
4.950980e-01 7.598039e-01 4.622259e-04
5.049020e-01 7.598039e-01 3.038483e-03
5.147059e-01 7.598039e-01 7.795214e-03
5.245098e-01 7.598039e-01 1.534661e-02
5.343137e-01 7.598039e-01 2.607033e-02
5.441176e-01 7.598039e-01 3.995425e-02
5.539216e-01 7.598039e-01 5.649868e-02
5.637255e-01 7.598039e-01 7.470923e-02
5.735294e-01 7.598039e-01 9.319354e-02
5.833333e-01 7.598039e-01 1.103494e-01
5.931373e-01 7.598039e-01 1.246042e-01
6.029412e-01 7.598039e-01 1.346585e-01
6.127451e-01 7.598039e-01 1.396725e-01
6.225490e-01 7.598039e-01 1.393789e-01
6.323529e-01 7.598039e-01 1.340681e-01
6.421569e-01 7.598039e-01 1.245255e-01
6.519608e-01 7.598039e-01 1.118329e-01
6.617647e-01 7.598039e-01 9.724886e-02
6.715686e-01 7.598039e-01 8.195875e-02
6.813725e-01 7.598039e-01 6.702241e-02
6.911765e-01 7.598039e-01 5.322571e-02
7.009804e-01 7.598039e-01 4.107070e-02
7.107843e-01 7.598039e-01 3.084011e-02
7.205882e-01 7.598039e-01 2.252257e-02
7.303922e-01 7.598039e-01 1.602371e-02
7.401961e-01 7.598039e-01 1.112062e-02
7.500000e-01 7.598039e-01 7.498923e-03
7.598039e-01 7.598039e-01 4.954654e-03
7.696078e-01 7.598039e-01 3.195111e-03
7.794118e-01 7.598039e-01 1.983509e-03
7.892157e-01 7.598039e-01 1.237486e-03
7.990196e-01 7.598039e-01 7.459128e-04
8.088235e-01 7.598039e-01 4.070054e-04
8.186275e-01 7.598039e-01 2.604377e-04
8.284314e-01 7.598039e-01 1.543144e-04
8.382353e-01 7.598039e-01 4.424382e-05
8.480392e-01 7.598039e-01 4.957818e-05
8.578431e-01 7.598039e-01 5.166290e-05
8.676471e-01 7.598039e-01 -2.262148e-05
8.774510e-01 7.598039e-01 -6.168565e-06
8.872549e-01 7.598039e-01 4.897592e-05
8.970588e-01 7.598039e-01 -1.217935e-05
9.068627e-01 7.598039e-01 -4.451417e-05
9.166667e-01 7.598039e-01 3.616872e-05
9.264706e-01 7.598039e-01 3.553467e-05
9.362745e-01 7.598039e-01 -5.129657e-05
9.460784e-01 7.598039e-01 -2.353037e-05
9.558824e-01 7.598039e-01 6.028990e-05
9.656863e-01 7.598039e-01 1.453359e-05
9.754902e-01 7.598039e-01 -6.473356e-05
9.852941e-01 7.598039e-01 -1.111726e-05
9.950980e-01 7.598039e-01 6.632761e-05
4.901961e-03 7.696078e-01 -1.856741e-05
1.470588e-02 7.696078e-01 4.461522e-05
2.450980e-02 7.696078e-01 2.085524e-05
3.431373e-02 7.696078e-01 -4.264556e-05
4.411765e-02 7.696078e-01 -2.697187e-05
5.392157e-02 7.696078e-01 3.648728e-05
6.372549e-02 7.696078e-01 3.521077e-05
7.352941e-02 7.696078e-01 -2.459589e-05
8.333333e-02 7.696078e-01 -4.196943e-05
9.313725e-02 7.696078e-01 6.589373e-06
1.029412e-01 7.696078e-01 4.197247e-05
1.127451e-01 7.696078e-01 1.450709e-05
1.225490e-01 7.696078e-01 -3.043391e-05
1.323529e-01 7.696078e-01 -3.087253e-05
1.421569e-01 7.696078e-01 7.625868e-06
1.519608e-01 7.696078e-01 3.239086e-05
1.617647e-01 7.696078e-01 1.681549e-05
1.715686e-01 7.696078e-01 -1.497651e-05
1.813725e-01 7.696078e-01 -2.655513e-05
1.911765e-01 7.696078e-01 -1.023945e-05
2.009804e-01 7.696078e-01 1.285511e-05
2.107843e-01 7.696078e-01 2.065251e-05
2.205882e-01 7.696078e-01 1.007093e-05
2.303922e-01 7.696078e-01 -6.165555e-06
2.401961e-01 7.696078e-01 -1.468024e-05
2.500000e-01 7.696078e-01 -1.166545e-05
2.598039e-01 7.696078e-01 -2.215393e-06
2.696078e-01 7.696078e-01 6.274004e-06
2.794118e-01 7.696078e-01 9.532534e-06
2.892157e-01 7.696078e-01 7.624634e-06
2.990196e-01 7.696078e-01 3.118124e-06
3.088235e-01 7.696078e-01 -1.275316e-06
3.186275e-01 7.696078e-01 -4.026770e-06
3.284314e-01 7.696078e-01 -4.922149e-06
3.382353e-01 7.696078e-01 -4.564391e-06
3.480392e-01 7.696078e-01 -3.793059e-06
3.578431e-01 7.696078e-01 -3.237396e-06
3.676471e-01 7.696078e-01 -2.972607e-06
3.774510e-01 7.696078e-01 -2.257599e-06
3.872549e-01 7.696078e-01 4.436267e-07
3.970588e-01 7.696078e-01 6.705685e-06
4.068627e-01 7.696078e-01 1.621295e-05
4.166667e-01 7.696078e-01 2.377852e-05
4.264706e-01 7.696078e-01 1.661828e-05
4.362745e-01 7.696078e-01 -2.532241e-05
4.460784e-01 7.696078e-01 -1.222060e-04
4.558824e-01 7.696078e-01 -2.770960e-04
4.656863e-01 7.696078e-01 -4.483987e-04
4.754902e-01 7.696078e-01 -5.166803e-04
4.852941e-01 7.696078e-01 -2.562609e-04
4.950980e-01 7.696078e-01 6.742563e-04
5.049020e-01 7.696078e-01 2.709138e-03
5.147059e-01 7.696078e-01 6.313627e-03
5.245098e-01 7.696078e-01 1.188785e-02
5.343137e-01 7.696078e-01 1.965443e-02
5.441176e-01 7.696078e-01 2.955750e-02
5.539216e-01 7.696078e-01 4.120299e-02
5.637255e-01 7.696078e-01 5.386286e-02
5.735294e-01 7.696078e-01 6.655023e-02
5.833333e-01 7.696078e-01 7.815490e-02
5.931373e-01 7.696078e-01 8.761008e-02
6.029412e-01 7.696078e-01 9.405740e-02
6.127451e-01 7.696078e-01 9.696918e-02
6.225490e-01 7.696078e-01 9.621695e-02
6.323529e-01 7.696078e-01 9.205313e-02
6.421569e-01 7.696078e-01 8.505954e-02
6.519608e-01 7.696078e-01 7.600729e-02
6.617647e-01 7.696078e-01 6.577204e-02
6.715686e-01 7.696078e-01 5.516374e-02
6.813725e-01 7.696078e-01 4.489605e-02
6.911765e-01 7.696078e-01 3.548493e-02
7.009804e-01 7.696078e-01 2.725191e-02
7.107843e-01 7.696078e-01 2.036734e-02
7.205882e-01 7.696078e-01 1.480305e-02
7.303922e-01 7.696078e-01 1.048205e-02
7.401961e-01 7.696078e-01 7.240331e-03
7.500000e-01 7.696078e-01 4.857680e-03
7.598039e-01 7.696078e-01 3.195111e-03
7.696078e-01 7.696078e-01 2.050904e-03
7.794118e-01 7.696078e-01 1.265034e-03
7.892157e-01 7.696078e-01 7.870217e-04
7.990196e-01 7.696078e-01 4.731015e-04
8.088235e-01 7.696078e-01 2.536781e-04
8.186275e-01 7.696078e-01 1.634364e-04
8.284314e-01 7.696078e-01 9.921322e-05
8.382353e-01 7.696078e-01 2.434414e-05
8.480392e-01 7.696078e-01 2.898376e-05
8.578431e-01 7.696078e-01 3.704435e-05
8.676471e-01 7.696078e-01 -1.539748e-05
8.774510e-01 7.696078e-01 -9.548230e-06
8.872549e-01 7.696078e-01 3.501348e-05
8.970588e-01 7.696078e-01 -3.006216e-06
9.068627e-01 7.696078e-01 -3.526118e-05
9.166667e-01 7.696078e-01 2.003908e-05
9.264706e-01 7.696078e-01 3.171615e-05
9.362745e-01 7.696078e-01 -3.191711e-05
9.460784e-01 7.696078e-01 -2.541160e-05
9.558824e-01 7.696078e-01 3.957840e-05
9.656863e-01 7.696078e-01 2.038335e-05
9.754902e-01 7.696078e-01 -4.354431e-05
9.852941e-01 7.696078e-01 -1.856741e-05
9.950980e-01 7.696078e-01 4.461522e-05
4.901961e-03 7.794118e-01 5.511233e-06
1.470588e-02 7.794118e-01 5.076755e-05
2.450980e-02 7.794118e-01 -3.088316e-06
3.431373e-02 7.794118e-01 -5.086147e-05
4.411765e-02 7.794118e-01 -4.706381e-06
5.392157e-02 7.794118e-01 4.831792e-05
6.372549e-02 7.794118e-01 1.672203e-05
7.352941e-02 7.794118e-01 -4.049011e-05
8.333333e-02 7.794118e-01 -2.978251e-05
9.313725e-02 7.794118e-01 2.524091e-05
1.029412e-01 7.794118e-01 3.826488e-05
1.127451e-01 7.794118e-01 -3.597376e-06
1.225490e-01 7.794118e-01 -3.568297e-05
1.323529e-01 7.794118e-01 -1.787988e-05
1.421569e-01 7.794118e-01 1.929156e-05
1.519608e-01 7.794118e-01 2.829188e-05
1.617647e-01 7.794118e-01 4.397633e-06
1.715686e-01 7.794118e-01 -1.999528e-05
1.813725e-01 7.794118e-01 -1.991203e-05
1.911765e-01 7.794118e-01 -1.012957e-06
2.009804e-01 7.794118e-01 1.495426e-05
2.107843e-01 7.794118e-01 1.499570e-05
2.205882e-01 7.794118e-01 3.248388e-06
2.303922e-01 7.794118e-01 -8.182405e-06
2.401961e-01 7.794118e-01 -1.131889e-05
2.500000e-01 7.794118e-01 -6.553769e-06
2.598039e-01 7.794118e-01 8.001986e-07
2.696078e-01 7.794118e-01 5.815736e-06
2.794118e-01 7.794118e-01 6.703819e-06
2.892157e-01 7.794118e-01 4.464834e-06
2.990196e-01 7.794118e-01 1.148977e-06
3.088235e-01 7.794118e-01 -1.596076e-06
3.186275e-01 7.794118e-01 -3.065197e-06
3.284314e-01 7.794118e-01 -3.341794e-06
3.382353e-01 7.794118e-01 -2.907925e-06
3.480392e-01 7.794118e-01 -2.312155e-06
3.578431e-01 7.794118e-01 -1.943039e-06
3.676471e-01 7.794118e-01 -1.831912e-06
3.774510e-01 7.794118e-01 -1.464170e-06
3.872549e-01 7.794118e-01 2.327638e-07
3.970588e-01 7.794118e-01 4.368900e-06
4.068627e-01 7.794118e-01 1.070478e-05
4.166667e-01 7.794118e-01 1.550367e-05
4.264706e-01 7.794118e-01 9.634727e-06
4.362745e-01 7.794118e-01 -2.096077e-05
4.460784e-01 7.794118e-01 -8.966911e-05
4.558824e-01 7.794118e-01 -1.962725e-04
4.656863e-01 7.794118e-01 -3.068034e-04
4.754902e-01 7.794118e-01 -3.300966e-04
4.852941e-01 7.794118e-01 -9.898643e-05
4.950980e-01 7.794118e-01 6.335761e-04
5.049020e-01 7.794118e-01 2.174410e-03
5.147059e-01 7.794118e-01 4.842387e-03
5.245098e-01 7.794118e-01 8.898187e-03
5.343137e-01 7.794118e-01 1.446575e-02
5.441176e-01 7.794118e-01 2.146575e-02
5.539216e-01 7.794118e-01 2.958169e-02
5.637255e-01 7.794118e-01 3.827268e-02
5.735294e-01 7.794118e-01 4.683518e-02
5.833333e-01 7.794118e-01 5.450348e-02
5.931373e-01 7.794118e-01 6.056679e-02
6.029412e-01 7.794118e-01 6.447924e-02
6.127451e-01 7.794118e-01 6.593603e-02
6.225490e-01 7.794118e-01 6.490925e-02
6.323529e-01 7.794118e-01 6.162550e-02
6.421569e-01 7.794118e-01 5.652075e-02
6.519608e-01 7.794118e-01 5.014224e-02
6.617647e-01 7.794118e-01 4.308775e-02
6.715686e-01 7.794118e-01 3.589481e-02
6.813725e-01 7.794118e-01 2.902490e-02
6.911765e-01 7.794118e-01 2.279728e-02
7.009804e-01 7.794118e-01 1.740426e-02
7.107843e-01 7.794118e-01 1.293389e-02
7.205882e-01 7.794118e-01 9.348532e-03
7.303922e-01 7.794118e-01 6.587876e-03
7.401961e-01 7.794118e-01 4.527593e-03
7.500000e-01 7.794118e-01 3.023010e-03
7.598039e-01 7.794118e-01 1.983509e-03
7.696078e-01 7.794118e-01 1.265034e-03
7.794118e-01 7.794118e-01 7.770554e-04
7.892157e-01 7.794118e-01 4.873099e-04
7.990196e-01 7.794118e-01 2.862195e-04
8.088235e-01 7.794118e-01 1.521477e-04
8.186275e-01 7.794118e-01 1.068575e-04
8.284314e-01 7.794118e-01 5.653495e-05
8.382353e-01 7.794118e-01 8.416617e-06
8.480392e-01 7.794118e-01 2.807628e-05
8.578431e-01 7.794118e-01 2.218992e-05
8.676471e-01 7.794118e-01 -2.255273e-05
8.774510e-01 7.794118e-01 3.519830e-06
8.872549e-01 7.794118e-01 3.172747e-05
8.970588e-01 7.794118e-01 -1.895455e-05
9.068627e-01 7.794118e-01 -2.536098e-05
9.166667e-01 7.794118e-01 3.393982e-05
9.264706e-01 7.794118e-01 1.551988e-05
9.362745e-01 7.794118e-01 -4.280386e-05
9.460784e-01 7.794118e-01 -5.001156e-06
9.558824e-01 7.794118e-01 4.743779e-05
9.656863e-01 7.794118e-01 -2.560919e-06
9.754902e-01 7.794118e-01 -4.962115e-05
9.852941e-01 7.794118e-01 5.511233e-06
9.950980e-01 7.794118e-01 5.076755e-05
4.901961e-03 7.892157e-01 2.189096e-05
1.470588e-02 7.892157e-01 5.567430e-06
2.450980e-02 7.892157e-01 -2.175654e-05
3.431373e-02 7.892157e-01 -7.928116e-06
4.411765e-02 7.892157e-01 1.981675e-05
5.392157e-02 7.892157e-01 1.196360e-05
6.372549e-02 7.892157e-01 -1.526972e-05
7.352941e-02 7.892157e-01 -1.605458e-05
8.333333e-02 7.892157e-01 7.665533e-06
9.313725e-02 7.892157e-01 1.762369e-05
1.029412e-01 7.892157e-01 1.905814e-06
1.127451e-01 7.892157e-01 -1.414308e-05
1.225490e-01 7.892157e-01 -1.001232e-05
1.323529e-01 7.892157e-01 5.358502e-06
1.421569e-01 7.892157e-01 1.201527e-05
1.519608e-01 7.892157e-01 4.657536e-06
1.617647e-01 7.892157e-01 -5.982735e-06
1.715686e-01 7.892157e-01 -8.888011e-06
1.813725e-01 7.892157e-01 -3.307982e-06
1.911765e-01 7.892157e-01 3.931905e-06
2.009804e-01 7.892157e-01 6.656704e-06
2.107843e-01 7.892157e-01 3.943971e-06
2.205882e-01 7.892157e-01 -9.791866e-07
2.303922e-01 7.892157e-01 -4.343079e-06
2.401961e-01 7.892157e-01 -4.445867e-06
2.500000e-01 7.892157e-01 -2.008470e-06
2.598039e-01 7.892157e-01 1.035659e-06
2.696078e-01 7.892157e-01 3.000187e-06
2.794118e-01 7.892157e-01 3.241822e-06
2.892157e-01 7.892157e-01 2.118499e-06
2.990196e-01 7.892157e-01 4.629332e-07
3.088235e-01 7.892157e-01 -9.641629e-07
3.186275e-01 7.892157e-01 -1.769100e-06
3.284314e-01 7.892157e-01 -1.948574e-06
3.382353e-01 7.892157e-01 -1.757248e-06
3.480392e-01 7.892157e-01 -1.527297e-06
3.578431e-01 7.892157e-01 -1.476573e-06
3.676471e-01 7.892157e-01 -1.509576e-06
3.774510e-01 7.892157e-01 -1.074519e-06
3.872549e-01 7.892157e-01 7.391795e-07
3.970588e-01 7.892157e-01 4.606219e-06
4.068627e-01 7.892157e-01 9.743761e-06
4.166667e-01 7.892157e-01 1.236156e-05
4.264706e-01 7.892157e-01 4.755883e-06
4.362745e-01 7.892157e-01 -2.334884e-05
4.460784e-01 7.892157e-01 -7.948146e-05
4.558824e-01 7.892157e-01 -1.582207e-04
4.656863e-01 7.892157e-01 -2.270884e-04
4.754902e-01 7.892157e-01 -2.120502e-04
4.852941e-01 7.892157e-01 1.167408e-05
4.950980e-01 7.892157e-01 6.171361e-04
5.049020e-01 7.892157e-01 1.806931e-03
5.147059e-01 7.892157e-01 3.777830e-03
5.245098e-01 7.892157e-01 6.673983e-03
5.343137e-01 7.892157e-01 1.053898e-02
5.441176e-01 7.892157e-01 1.527961e-02
5.539216e-01 7.892157e-01 2.065304e-02
5.637255e-01 7.892157e-01 2.628379e-02
5.735294e-01 7.892157e-01 3.170971e-02
5.833333e-01 7.892157e-01 3.644843e-02
5.931373e-01 7.892157e-01 4.006995e-02
6.029412e-01 7.892157e-01 4.226106e-02
6.127451e-01 7.892157e-01 4.286633e-02
6.225490e-01 7.892157e-01 4.190366e-02
6.323529e-01 7.892157e-01 3.954457e-02
6.421569e-01 7.892157e-01 3.608276e-02
6.519608e-01 7.892157e-01 3.187177e-02
6.617647e-01 7.892157e-01 2.728797e-02
6.715686e-01 7.892157e-01 2.266409e-02
6.813725e-01 7.892157e-01 1.828093e-02
6.911765e-01 7.892157e-01 1.432958e-02
7.009804e-01 7.892157e-01 1.092240e-02
7.107843e-01 7.892157e-01 8.105622e-03
7.205882e-01 7.892157e-01 5.853188e-03
7.303922e-01 7.892157e-01 4.121129e-03
7.401961e-01 7.892157e-01 2.828759e-03
7.500000e-01 7.892157e-01 1.889560e-03
7.598039e-01 7.892157e-01 1.237486e-03
7.696078e-01 7.892157e-01 7.870217e-04
7.794118e-01 7.892157e-01 4.873099e-04
7.892157e-01 7.892157e-01 3.016137e-04
7.990196e-01 7.892157e-01 1.748248e-04
8.088235e-01 7.892157e-01 1.002239e-04
8.186275e-01 7.892157e-01 6.392786e-05
8.284314e-01 7.892157e-01 2.880924e-05
8.382353e-01 7.892157e-01 1.404145e-05
8.480392e-01 7.892157e-01 1.757272e-05
8.578431e-01 7.892157e-01 1.485542e-06
8.676471e-01 7.892157e-01 -5.120557e-06
8.774510e-01 7.892157e-01 1.159617e-05
8.872549e-01 7.892157e-01 2.495980e-06
8.970588e-01 7.892157e-01 -1.367482e-05
9.068627e-01 7.892157e-01 5.978103e-06
9.166667e-01 7.892157e-01 1.364026e-05
9.264706e-01 7.892157e-01 -1.279290e-05
9.362745e-01 7.892157e-01 -1.073108e-05
9.460784e-01 7.892157e-01 1.775000e-05
9.558824e-01 7.892157e-01 7.514017e-06
9.656863e-01 7.892157e-01 -2.061549e-05
9.754902e-01 7.892157e-01 -5.489547e-06
9.852941e-01 7.892157e-01 2.189096e-05
9.950980e-01 7.892157e-01 5.567430e-06
4.901961e-03 7.990196e-01 -2.113258e-05
1.470588e-02 7.990196e-01 1.928179e-06
2.450980e-02 7.990196e-01 2.129368e-05
3.431373e-02 7.990196e-01 -1.817933e-08
4.411765e-02 7.990196e-01 -2.064824e-05
5.392157e-02 7.990196e-01 -3.591292e-06
6.372549e-02 7.990196e-01 1.857681e-05
7.352941e-02 7.990196e-01 8.099056e-06
8.333333e-02 7.990196e-01 -1.444463e-05
9.313725e-02 7.990196e-01 -1.211418e-05
1.029412e-01 7.990196e-01 8.157711e-06
1.127451e-01 7.990196e-01 1.390894e-05
1.225490e-01 7.990196e-01 -6.868260e-07
1.323529e-01 7.990196e-01 -1.212820e-05
1.421569e-01 7.990196e-01 -5.860848e-06
1.519608e-01 7.990196e-01 6.744553e-06
1.617647e-01 7.990196e-01 8.958525e-06
1.715686e-01 7.990196e-01 3.150780e-07
1.813725e-01 7.990196e-01 -7.096062e-06
1.911765e-01 7.990196e-01 -5.526859e-06
2.009804e-01 7.990196e-01 1.380805e-06
2.107843e-01 7.990196e-01 5.623151e-06
2.205882e-01 7.990196e-01 3.904199e-06
2.303922e-01 7.990196e-01 -8.124179e-07
2.401961e-01 7.990196e-01 -3.913817e-06
2.500000e-01 7.990196e-01 -3.469179e-06
2.598039e-01 7.990196e-01 -7.669159e-07
2.696078e-01 7.990196e-01 1.796062e-06
2.794118e-01 7.990196e-01 2.749362e-06
2.892157e-01 7.990196e-01 2.096730e-06
2.990196e-01 7.990196e-01 6.949200e-07
3.088235e-01 7.990196e-01 -5.857622e-07
3.186275e-01 7.990196e-01 -1.311774e-06
3.284314e-01 7.990196e-01 -1.492161e-06
3.382353e-01 7.990196e-01 -1.362968e-06
3.480392e-01 7.990196e-01 -1.158589e-06
3.578431e-01 7.990196e-01 -9.586376e-07
3.676471e-01 7.990196e-01 -6.236141e-07
3.774510e-01 7.990196e-01 1.636640e-07
3.872549e-01 7.990196e-01 1.695959e-06
3.970588e-01 7.990196e-01 3.822444e-06
4.068627e-01 7.990196e-01 5.349871e-06
4.166667e-01 7.990196e-01 3.510838e-06
4.264706e-01 7.990196e-01 -5.974156e-06
4.362745e-01 7.990196e-01 -2.748960e-05
4.460784e-01 7.990196e-01 -6.204010e-05
4.558824e-01 7.990196e-01 -1.013950e-04
4.656863e-01 7.990196e-01 -1.204872e-04
4.754902e-01 7.990196e-01 -6.991393e-05
4.852941e-01 7.990196e-01 1.285134e-04
4.950980e-01 7.990196e-01 5.798194e-04
5.049020e-01 7.990196e-01 1.404954e-03
5.147059e-01 7.990196e-01 2.720464e-03
5.245098e-01 7.990196e-01 4.611300e-03
5.343137e-01 7.990196e-01 7.102310e-03
5.441176e-01 7.990196e-01 1.013578e-02
5.539216e-01 7.990196e-01 1.356218e-02
5.637255e-01 7.990196e-01 1.714873e-02
5.735294e-01 7.990196e-01 2.060602e-02
5.833333e-01 7.990196e-01 2.362846e-02
5.931373e-01 7.990196e-01 2.593997e-02
6.029412e-01 7.990196e-01 2.733591e-02
6.127451e-01 7.990196e-01 2.771133e-02
6.225490e-01 7.990196e-01 2.707284e-02
6.323529e-01 7.990196e-01 2.552802e-02
6.421569e-01 7.990196e-01 2.326580e-02
6.519608e-01 7.990196e-01 2.051621e-02
6.617647e-01 7.990196e-01 1.752614e-02
6.715686e-01 7.990196e-01 1.451392e-02
6.813725e-01 7.990196e-01 1.166482e-02
6.911765e-01 7.990196e-01 9.104017e-03
7.009804e-01 7.990196e-01 6.903435e-03
7.107843e-01 7.990196e-01 5.093806e-03
7.205882e-01 7.990196e-01 3.653790e-03
7.303922e-01 7.990196e-01 2.552896e-03
7.401961e-01 7.990196e-01 1.740030e-03
7.500000e-01 7.990196e-01 1.150661e-03
7.598039e-01 7.990196e-01 7.459128e-04
7.696078e-01 7.990196e-01 4.731015e-04
7.794118e-01 7.990196e-01 2.862195e-04
7.892157e-01 7.990196e-01 1.748248e-04
7.990196e-01 7.990196e-01 1.062065e-04
8.088235e-01 7.990196e-01 5.394627e-05
8.186275e-01 7.990196e-01 3.242601e-05
8.284314e-01 7.990196e-01 2.462040e-05
8.382353e-01 7.990196e-01 4.938955e-06
8.480392e-01 7.990196e-01 4.670420e-07
8.578431e-01 7.990196e-01 1.186430e-05
8.676471e-01 7.990196e-01 1.013101e-06
8.774510e-01 7.990196e-01 -1.051693e-05
8.872549e-01 7.990196e-01 6.785227e-06
8.970588e-01 7.990196e-01 1.034122e-05
9.068627e-01 7.990196e-01 -1.207585e-05
9.166667e-01 7.990196e-01 -7.111331e-06
9.264706e-01 7.990196e-01 1.637432e-05
9.362745e-01 7.990196e-01 3.355859e-06
9.460784e-01 7.990196e-01 -1.898590e-05
9.558824e-01 7.990196e-01 -5.429465e-08
9.656863e-01 7.990196e-01 2.042519e-05
9.754902e-01 7.990196e-01 -1.863070e-06
9.852941e-01 7.990196e-01 -2.113258e-05
9.950980e-01 7.990196e-01 1.928179e-06
4.901961e-03 8.088235e-01 8.167842e-06
1.470588e-02 8.088235e-01 4.060277e-05
2.450980e-02 8.088235e-01 -6.266265e-06
3.431373e-02 8.088235e-01 -4.077395e-05
4.411765e-02 8.088235e-01 1.302234e-07
5.392157e-02 8.088235e-01 3.901860e-05
6.372549e-02 8.088235e-01 9.296611e-06
7.352941e-02 8.088235e-01 -3.340037e-05
8.333333e-02 8.088235e-01 -1.959404e-05
9.313725e-02 8.088235e-01 2.243764e-05
1.029412e-01 8.088235e-01 2.671541e-05
1.127451e-01 8.088235e-01 -6.919083e-06
1.225490e-01 8.088235e-01 -2.623226e-05
1.323529e-01 8.088235e-01 -8.718507e-06
1.421569e-01 8.088235e-01 1.636608e-05
1.519608e-01 8.088235e-01 1.746192e-05
1.617647e-01 8.088235e-01 -1.163858e-06
1.715686e-01 8.088235e-01 -1.447535e-05
1.813725e-01 8.088235e-01 -1.009765e-05
1.911765e-01 8.088235e-01 2.855929e-06
2.009804e-01 8.088235e-01 9.895221e-06
2.107843e-01 8.088235e-01 6.621144e-06
2.205882e-01 8.088235e-01 -1.011260e-06
2.303922e-01 8.088235e-01 -5.641905e-06
2.401961e-01 8.088235e-01 -4.940345e-06
2.500000e-01 8.088235e-01 -1.293335e-06
2.598039e-01 8.088235e-01 1.912708e-06
2.696078e-01 8.088235e-01 2.999243e-06
2.794118e-01 8.088235e-01 2.253530e-06
2.892157e-01 8.088235e-01 8.087180e-07
2.990196e-01 8.088235e-01 -4.047964e-07
3.088235e-01 8.088235e-01 -1.030480e-06
3.186275e-01 8.088235e-01 -1.141783e-06
3.284314e-01 8.088235e-01 -9.624751e-07
3.382353e-01 8.088235e-01 -6.848384e-07
3.480392e-01 8.088235e-01 -4.222209e-07
3.578431e-01 8.088235e-01 -2.300084e-07
3.676471e-01 8.088235e-01 -1.204283e-07
3.774510e-01 8.088235e-01 -4.025553e-08
3.872549e-01 8.088235e-01 1.522308e-07
3.970588e-01 8.088235e-01 6.112430e-07
4.068627e-01 8.088235e-01 1.220155e-06
4.166667e-01 8.088235e-01 1.105615e-06
4.264706e-01 8.088235e-01 -1.782169e-06
4.362745e-01 8.088235e-01 -1.041417e-05
4.460784e-01 8.088235e-01 -2.693075e-05
4.558824e-01 8.088235e-01 -4.875179e-05
4.656863e-01 8.088235e-01 -6.265090e-05
4.754902e-01 8.088235e-01 -3.810771e-05
4.852941e-01 8.088235e-01 7.750450e-05
4.950980e-01 8.088235e-01 3.587222e-04
5.049020e-01 8.088235e-01 8.942086e-04
5.147059e-01 8.088235e-01 1.770775e-03
5.245098e-01 8.088235e-01 3.051473e-03
5.343137e-01 8.088235e-01 4.752793e-03
5.441176e-01 8.088235e-01 6.827519e-03
5.539216e-01 8.088235e-01 9.159192e-03
5.637255e-01 8.088235e-01 1.157148e-02
5.735294e-01 8.088235e-01 1.385167e-02
5.833333e-01 8.088235e-01 1.578358e-02
5.931373e-01 8.088235e-01 1.718236e-02
6.029412e-01 8.088235e-01 1.792351e-02
6.127451e-01 8.088235e-01 1.795957e-02
6.225490e-01 8.088235e-01 1.732284e-02
6.323529e-01 8.088235e-01 1.611278e-02
6.421569e-01 8.088235e-01 1.447650e-02
6.519608e-01 8.088235e-01 1.257989e-02
6.617647e-01 8.088235e-01 1.058845e-02
6.715686e-01 8.088235e-01 8.640208e-03
6.813725e-01 8.088235e-01 6.845059e-03
6.911765e-01 8.088235e-01 5.267852e-03
7.009804e-01 8.088235e-01 3.942654e-03
7.107843e-01 8.088235e-01 2.873894e-03
7.205882e-01 8.088235e-01 2.037274e-03
7.303922e-01 8.088235e-01 1.411518e-03
7.401961e-01 8.088235e-01 9.529349e-04
7.500000e-01 8.088235e-01 6.245458e-04
7.598039e-01 8.088235e-01 4.070054e-04
7.696078e-01 8.088235e-01 2.536781e-04
7.794118e-01 8.088235e-01 1.521477e-04
7.892157e-01 8.088235e-01 1.002239e-04
7.990196e-01 8.088235e-01 5.394627e-05
8.088235e-01 8.088235e-01 2.515992e-05
8.186275e-01 8.088235e-01 2.770903e-05
8.284314e-01 8.088235e-01 9.654136e-06
8.382353e-01 8.088235e-01 -7.085199e-06
8.480392e-01 8.088235e-01 1.442143e-05
8.578431e-01 8.088235e-01 8.452796e-06
8.676471e-01 8.088235e-01 -1.908741e-05
8.774510e-01 8.088235e-01 5.234501e-06
8.872549e-01 8.088235e-01 2.169034e-05
8.970588e-01 8.088235e-01 -1.776144e-05
9.068627e-01 8.088235e-01 -1.669588e-05
9.166667e-01 8.088235e-01 2.827369e-05
9.264706e-01 8.088235e-01 8.550907e-06
9.362745e-01 8.088235e-01 -3.475240e-05
9.460784e-01 8.088235e-01 -2.151946e-07
9.558824e-01 8.088235e-01 3.809598e-05
9.656863e-01 8.088235e-01 -5.807187e-06
9.754902e-01 8.088235e-01 -3.970295e-05
9.852941e-01 8.088235e-01 8.167842e-06
9.950980e-01 8.088235e-01 4.060277e-05
4.901961e-03 8.186275e-01 3.743282e-05
1.470588e-02 8.186275e-01 -1.800581e-05
2.450980e-02 8.186275e-01 -3.849195e-05
3.431373e-02 8.186275e-01 1.393023e-05
4.411765e-02 8.186275e-01 3.929957e-05
5.392157e-02 8.186275e-01 -5.500746e-06
6.372549e-02 8.186275e-01 -3.793409e-05
7.352941e-02 8.186275e-01 -5.982231e-06
8.333333e-02 8.186275e-01 3.197389e-05
9.313725e-02 8.186275e-01 1.741813e-05
1.029412e-01 8.186275e-01 -2.014285e-05
1.127451e-01 8.186275e-01 -2.411122e-05
1.225490e-01 8.186275e-01 4.369062e-06
1.323529e-01 8.186275e-01 2.192440e-05
1.421569e-01 8.186275e-01 9.498590e-06
1.519608e-01 8.186275e-01 -1.099889e-05
1.617647e-01 8.186275e-01 -1.455347e-05
1.715686e-01 8.186275e-01 -2.152012e-06
1.813725e-01 8.186275e-01 8.896559e-06
1.911765e-01 8.186275e-01 8.437882e-06
2.009804e-01 8.186275e-01 7.810237e-07
2.107843e-01 8.186275e-01 -4.929480e-06
2.205882e-01 8.186275e-01 -4.818866e-06
2.303922e-01 8.186275e-01 -1.317620e-06
2.401961e-01 8.186275e-01 1.623572e-06
2.500000e-01 8.186275e-01 2.290401e-06
2.598039e-01 8.186275e-01 1.369269e-06
2.696078e-01 8.186275e-01 2.298656e-07
2.794118e-01 8.186275e-01 -3.729149e-07
2.892157e-01 8.186275e-01 -4.516914e-07
2.990196e-01 8.186275e-01 -3.273111e-07
3.088235e-01 8.186275e-01 -2.303547e-07
3.186275e-01 8.186275e-01 -2.041065e-07
3.284314e-01 8.186275e-01 -2.029517e-07
3.382353e-01 8.186275e-01 -2.095134e-07
3.480392e-01 8.186275e-01 -2.716272e-07
3.578431e-01 8.186275e-01 -4.431255e-07
3.676471e-01 8.186275e-01 -6.634077e-07
3.774510e-01 8.186275e-01 -6.546977e-07
3.872549e-01 8.186275e-01 4.048942e-08
3.970588e-01 8.186275e-01 1.758896e-06
4.068627e-01 8.186275e-01 4.137238e-06
4.166667e-01 8.186275e-01 5.473472e-06
4.264706e-01 8.186275e-01 2.535099e-06
4.362745e-01 8.186275e-01 -8.515367e-06
4.460784e-01 8.186275e-01 -2.956745e-05
4.558824e-01 8.186275e-01 -5.645109e-05
4.656863e-01 8.186275e-01 -7.421349e-05
4.754902e-01 8.186275e-01 -5.355888e-05
4.852941e-01 8.186275e-01 4.945237e-05
4.950980e-01 8.186275e-01 2.888659e-04
5.049020e-01 8.186275e-01 7.192361e-04
5.147059e-01 8.186275e-01 1.382546e-03
5.245098e-01 8.186275e-01 2.294789e-03
5.343137e-01 8.186275e-01 3.436020e-03
5.441176e-01 8.186275e-01 4.747118e-03
5.539216e-01 8.186275e-01 6.134779e-03
5.637255e-01 8.186275e-01 7.484061e-03
5.735294e-01 8.186275e-01 8.675703e-03
5.833333e-01 8.186275e-01 9.604363e-03
5.931373e-01 8.186275e-01 1.019375e-02
6.029412e-01 8.186275e-01 1.040602e-02
6.127451e-01 8.186275e-01 1.024371e-02
6.225490e-01 8.186275e-01 9.745793e-03
6.323529e-01 8.186275e-01 8.977461e-03
6.421569e-01 8.186275e-01 8.020034e-03
6.519608e-01 8.186275e-01 6.957007e-03
6.617647e-01 8.186275e-01 5.867172e-03
6.715686e-01 8.186275e-01 4.814411e-03
6.813725e-01 8.186275e-01 3.847327e-03
6.911765e-01 8.186275e-01 2.995586e-03
7.009804e-01 8.186275e-01 2.274323e-03
7.107843e-01 8.186275e-01 1.683513e-03
7.205882e-01 8.186275e-01 1.216122e-03
7.303922e-01 8.186275e-01 8.579614e-04
7.401961e-01 8.186275e-01 5.885741e-04
7.500000e-01 8.186275e-01 3.970240e-04
7.598039e-01 8.186275e-01 2.604377e-04
7.696078e-01 8.186275e-01 1.634364e-04
7.794118e-01 8.186275e-01 1.068575e-04
7.892157e-01 8.186275e-01 6.392786e-05
7.990196e-01 8.186275e-01 3.242601e-05
8.088235e-01 8.186275e-01 2.770903e-05
8.186275e-01 8.186275e-01 1.404203e-05
8.284314e-01 8.186275e-01 -3.043132e-06
8.382353e-01 8.186275e-01 1.130581e-05
8.480392e-01 8.186275e-01 8.988931e-06
8.578431e-01 8.186275e-01 -1.504630e-05
8.676471e-01 8.186275e-01 3.530608e-06
8.774510e-01 8.186275e-01 1.898682e-05
8.872549e-01 8.186275e-01 -1.555271e-05
8.970588e-01 8.186275e-01 -1.430956e-05
9.068627e-01 8.186275e-01 2.639745e-05
9.166667e-01 8.186275e-01 5.403402e-06
9.264706e-01 8.186275e-01 -3.294283e-05
9.362745e-01 8.186275e-01 4.624119e-06
9.460784e-01 8.186275e-01 3.583972e-05
9.558824e-01 8.186275e-01 -1.281033e-05
9.656863e-01 8.186275e-01 -3.677996e-05
9.754902e-01 8.186275e-01 1.752937e-05
9.852941e-01 8.186275e-01 3.743282e-05
9.950980e-01 8.186275e-01 -1.800581e-05
4.901961e-03 8.284314e-01 -3.824889e-05
1.470588e-02 8.284314e-01 -2.568097e-05
2.450980e-02 8.284314e-01 3.715789e-05
3.431373e-02 8.284314e-01 2.888986e-05
4.411765e-02 8.284314e-01 -3.172768e-05
5.392157e-02 8.284314e-01 -3.344801e-05
6.372549e-02 8.284314e-01 2.157000e-05
7.352941e-02 8.284314e-01 3.657785e-05
8.333333e-02 8.284314e-01 -7.371749e-06
9.313725e-02 8.284314e-01 -3.478710e-05
1.029412e-01 8.284314e-01 -7.951497e-06
1.127451e-01 8.284314e-01 2.571234e-05
1.225490e-01 8.284314e-01 1.920601e-05
1.323529e-01 8.284314e-01 -1.060022e-05
1.421569e-01 8.284314e-01 -2.123573e-05
1.519608e-01 8.284314e-01 -4.633719e-06
1.617647e-01 8.284314e-01 1.314510e-05
1.715686e-01 8.284314e-01 1.231472e-05
1.813725e-01 8.284314e-01 -8.246035e-07
1.911765e-01 8.284314e-01 -9.353924e-06
2.009804e-01 8.284314e-01 -6.631910e-06
2.107843e-01 8.284314e-01 1.046825e-06
2.205882e-01 8.284314e-01 5.263892e-06
2.303922e-01 8.284314e-01 3.809723e-06
2.401961e-01 8.284314e-01 1.390211e-09
2.500000e-01 8.284314e-01 -2.371805e-06
2.598039e-01 8.284314e-01 -2.200043e-06
2.696078e-01 8.284314e-01 -6.627771e-07
2.794118e-01 8.284314e-01 6.705474e-07
2.892157e-01 8.284314e-01 1.083425e-06
2.990196e-01 8.284314e-01 7.523705e-07
3.088235e-01 8.284314e-01 1.873156e-07
3.186275e-01 8.284314e-01 -2.431360e-07
3.284314e-01 8.284314e-01 -4.494878e-07
3.382353e-01 8.284314e-01 -5.150346e-07
3.480392e-01 8.284314e-01 -5.235584e-07
3.578431e-01 8.284314e-01 -4.412504e-07
3.676471e-01 8.284314e-01 -1.082108e-07
3.774510e-01 8.284314e-01 6.397380e-07
3.872549e-01 8.284314e-01 1.735571e-06
3.970588e-01 8.284314e-01 2.619058e-06
4.068627e-01 8.284314e-01 2.121711e-06
4.166667e-01 8.284314e-01 -1.286773e-06
4.264706e-01 8.284314e-01 -8.743490e-06
4.362745e-01 8.284314e-01 -1.977057e-05
4.460784e-01 8.284314e-01 -3.087374e-05
4.558824e-01 8.284314e-01 -3.442743e-05
4.656863e-01 8.284314e-01 -1.831474e-05
4.754902e-01 8.284314e-01 3.341262e-05
4.852941e-01 8.284314e-01 1.389082e-04
4.950980e-01 8.284314e-01 3.162691e-04
5.049020e-01 8.284314e-01 5.810645e-04
5.147059e-01 8.284314e-01 9.439771e-04
5.245098e-01 8.284314e-01 1.408678e-03
5.343137e-01 8.284314e-01 1.969940e-03
5.441176e-01 8.284314e-01 2.612071e-03
5.539216e-01 8.284314e-01 3.307998e-03
5.637255e-01 8.284314e-01 4.019586e-03
5.735294e-01 8.284314e-01 4.699812e-03
5.833333e-01 8.284314e-01 5.297095e-03
5.931373e-01 8.284314e-01 5.761480e-03
6.029412e-01 8.284314e-01 6.051687e-03
6.127451e-01 8.284314e-01 6.141489e-03
6.225490e-01 8.284314e-01 6.024161e-03
6.323529e-01 8.284314e-01 5.713148e-03
6.421569e-01 8.284314e-01 5.240718e-03
6.519608e-01 8.284314e-01 4.650754e-03
6.617647e-01 8.284314e-01 3.995194e-03
6.715686e-01 8.284314e-01 3.322396e-03
6.813725e-01 8.284314e-01 2.676314e-03
6.911765e-01 8.284314e-01 2.089374e-03
7.009804e-01 8.284314e-01 1.579824e-03
7.107843e-01 8.284314e-01 1.159661e-03
7.205882e-01 8.284314e-01 8.252146e-04
7.303922e-01 8.284314e-01 5.681366e-04
7.401961e-01 8.284314e-01 3.828012e-04
7.500000e-01 8.284314e-01 2.480522e-04
7.598039e-01 8.284314e-01 1.543144e-04
7.696078e-01 8.284314e-01 9.921322e-05
7.794118e-01 8.284314e-01 5.653495e-05
7.892157e-01 8.284314e-01 2.880924e-05
7.990196e-01 8.284314e-01 2.462040e-05
8.088235e-01 8.284314e-01 9.654136e-06
8.186275e-01 8.284314e-01 -3.043132e-06
8.284314e-01 8.284314e-01 1.181066e-05
8.382353e-01 8.284314e-01 4.814427e-06
8.480392e-01 8.284314e-01 -1.476871e-05
8.578431e-01 8.284314e-01 8.003524e-06
8.676471e-01 8.284314e-01 1.489569e-05
8.774510e-01 8.284314e-01 -1.979715e-05
8.872549e-01 8.284314e-01 -6.554529e-06
8.970588e-01 8.284314e-01 2.831090e-05
9.068627e-01 8.284314e-01 -5.857226e-06
9.166667e-01 8.284314e-01 -3.125565e-05
9.264706e-01 8.284314e-01 1.857771e-05
9.362745e-01 8.284314e-01 2.997359e-05
9.460784e-01 8.284314e-01 -2.880657e-05
9.558824e-01 8.284314e-01 -2.709265e-05
9.656863e-01 8.284314e-01 3.542740e-05
9.754902e-01 8.284314e-01 2.514648e-05
9.852941e-01 8.284314e-01 -3.824889e-05
9.950980e-01 8.284314e-01 -2.568097e-05
4.901961e-03 8.382353e-01 -9.638766e-06
1.470588e-02 8.382353e-01 5.695963e-05
2.450980e-02 8.382353e-01 1.242226e-05
3.431373e-02 8.382353e-01 -5.495155e-05
4.411765e-02 8.382353e-01 -1.997378e-05
5.392157e-02 8.382353e-01 4.836685e-05
6.372549e-02 8.382353e-01 3.012104e-05
7.352941e-02 8.382353e-01 -3.572857e-05
8.333333e-02 8.382353e-01 -3.874018e-05
9.313725e-02 8.382353e-01 1.711049e-05
1.029412e-01 8.382353e-01 4.056151e-05
1.127451e-01 8.382353e-01 3.958533e-06
1.225490e-01 8.382353e-01 -3.177133e-05
1.323529e-01 8.382353e-01 -2.026923e-05
1.421569e-01 8.382353e-01 1.374240e-05
1.519608e-01 8.382353e-01 2.432937e-05
1.617647e-01 8.382353e-01 5.292761e-06
1.715686e-01 8.382353e-01 -1.467537e-05
1.813725e-01 8.382353e-01 -1.453173e-05
1.911765e-01 8.382353e-01 -4.329680e-07
2.009804e-01 8.382353e-01 9.932878e-06
2.107843e-01 8.382353e-01 8.513687e-06
2.205882e-01 8.382353e-01 5.931306e-07
2.303922e-01 8.382353e-01 -5.108222e-06
2.401961e-01 8.382353e-01 -5.097507e-06
2.500000e-01 8.382353e-01 -1.630530e-06
2.598039e-01 8.382353e-01 1.541863e-06
2.696078e-01 8.382353e-01 2.542872e-06
2.794118e-01 8.382353e-01 1.746974e-06
2.892157e-01 8.382353e-01 4.235126e-07
2.990196e-01 8.382353e-01 -5.004559e-07
3.088235e-01 8.382353e-01 -7.998049e-07
3.186275e-01 8.382353e-01 -6.876667e-07
3.284314e-01 8.382353e-01 -4.392939e-07
3.382353e-01 8.382353e-01 -1.916287e-07
3.480392e-01 8.382353e-01 5.519201e-08
3.578431e-01 8.382353e-01 3.255909e-07
3.676471e-01 8.382353e-01 5.465976e-07
3.774510e-01 8.382353e-01 4.986538e-07
3.872549e-01 8.382353e-01 -1.027713e-07
3.970588e-01 8.382353e-01 -1.390296e-06
4.068627e-01 8.382353e-01 -3.081771e-06
4.166667e-01 8.382353e-01 -4.351755e-06
4.264706e-01 8.382353e-01 -4.019139e-06
4.362745e-01 8.382353e-01 -1.075266e-06
4.460784e-01 8.382353e-01 4.715474e-06
4.558824e-01 8.382353e-01 1.268763e-05
4.656863e-01 8.382353e-01 2.220373e-05
4.754902e-01 8.382353e-01 3.486696e-05
4.852941e-01 8.382353e-01 5.753221e-05
4.950980e-01 8.382353e-01 1.048597e-04
5.049020e-01 8.382353e-01 1.997646e-04
5.147059e-01 8.382353e-01 3.704588e-04
5.245098e-01 8.382353e-01 6.438960e-04
5.343137e-01 8.382353e-01 1.036947e-03
5.441176e-01 8.382353e-01 1.547913e-03
5.539216e-01 8.382353e-01 2.151384e-03
5.637255e-01 8.382353e-01 2.798734e-03
5.735294e-01 8.382353e-01 3.424821e-03
5.833333e-01 8.382353e-01 3.959492e-03
5.931373e-01 8.382353e-01 4.340885e-03
6.029412e-01 8.382353e-01 4.527061e-03
6.127451e-01 8.382353e-01 4.503007e-03
6.225490e-01 8.382353e-01 4.281593e-03
6.323529e-01 8.382353e-01 3.899025e-03
6.421569e-01 8.382353e-01 3.406074e-03
6.519608e-01 8.382353e-01 2.858273e-03
6.617647e-01 8.382353e-01 2.307264e-03
6.715686e-01 8.382353e-01 1.792759e-03
6.813725e-01 8.382353e-01 1.343566e-03
6.911765e-01 8.382353e-01 9.705428e-04
7.009804e-01 8.382353e-01 6.774341e-04
7.107843e-01 8.382353e-01 4.582827e-04
7.205882e-01 8.382353e-01 2.975452e-04
7.303922e-01 8.382353e-01 1.902803e-04
7.401961e-01 8.382353e-01 1.176914e-04
7.500000e-01 8.382353e-01 6.721913e-05
7.598039e-01 8.382353e-01 4.424382e-05
7.696078e-01 8.382353e-01 2.434414e-05
7.794118e-01 8.382353e-01 8.416617e-06
7.892157e-01 8.382353e-01 1.404145e-05
7.990196e-01 8.382353e-01 4.938955e-06
8.088235e-01 8.382353e-01 -7.085199e-06
8.186275e-01 8.382353e-01 1.130581e-05
8.284314e-01 8.382353e-01 4.814427e-06
8.382353e-01 8.382353e-01 -1.675558e-05
8.480392e-01 8.382353e-01 9.981788e-06
8.578431e-01 8.382353e-01 1.550355e-05
8.676471e-01 8.382353e-01 -2.386731e-05
8.774510e-01 8.382353e-01 -3.439647e-06
8.872549e-01 8.382353e-01 3.235433e-05
8.970588e-01 8.382353e-01 -1.349203e-05
9.068627e-01 8.382353e-01 -3.249678e-05
9.166667e-01 8.382353e-01 3.014306e-05
9.264706e-01 8.382353e-01 2.658208e-05
9.362745e-01 8.382353e-01 -4.297163e-05
9.460784e-01 8.382353e-01 -1.850895e-05
9.558824e-01 8.382353e-01 5.124036e-05
9.656863e-01 8.382353e-01 1.202854e-05
9.754902e-01 8.382353e-01 -5.565599e-05
9.852941e-01 8.382353e-01 -9.638766e-06
9.950980e-01 8.382353e-01 5.695963e-05
4.901961e-03 8.480392e-01 6.614052e-05
1.470588e-02 8.480392e-01 -1.034306e-05
2.450980e-02 8.480392e-01 -6.692017e-05
3.431373e-02 8.480392e-01 3.683151e-06
4.411765e-02 8.480392e-01 6.525444e-05
5.392157e-02 8.480392e-01 9.059106e-06
6.372549e-02 8.480392e-01 -5.860171e-05
7.352941e-02 8.480392e-01 -2.491704e-05
8.333333e-02 8.480392e-01 4.433743e-05
9.313725e-02 8.480392e-01 3.839968e-05
1.029412e-01 8.480392e-01 -2.229746e-05
1.127451e-01 8.480392e-01 -4.264254e-05
1.225490e-01 8.480392e-01 -2.742517e-06
1.323529e-01 8.480392e-01 3.315749e-05
1.421569e-01 8.480392e-01 2.131216e-05
1.519608e-01 8.480392e-01 -1.272910e-05
1.617647e-01 8.480392e-01 -2.456867e-05
1.715686e-01 8.480392e-01 -7.423468e-06
1.813725e-01 8.480392e-01 1.256583e-05
1.911765e-01 8.480392e-01 1.483500e-05
2.009804e-01 8.480392e-01 2.987787e-06
2.107843e-01 8.480392e-01 -7.634938e-06
2.205882e-01 8.480392e-01 -8.511704e-06
2.303922e-01 8.480392e-01 -2.594591e-06
2.401961e-01 8.480392e-01 2.982682e-06
2.500000e-01 8.480392e-01 4.383519e-06
2.598039e-01 8.480392e-01 2.458557e-06
2.696078e-01 8.480392e-01 -8.114178e-08
2.794118e-01 8.480392e-01 -1.432809e-06
2.892157e-01 8.480392e-01 -1.420466e-06
2.990196e-01 8.480392e-01 -7.509984e-07
3.088235e-01 8.480392e-01 -1.081311e-07
3.186275e-01 8.480392e-01 2.348825e-07
3.284314e-01 8.480392e-01 3.294871e-07
3.382353e-01 8.480392e-01 3.069486e-07
3.480392e-01 8.480392e-01 2.071914e-07
3.578431e-01 8.480392e-01 -4.012658e-08
3.676471e-01 8.480392e-01 -4.994163e-07
3.774510e-01 8.480392e-01 -1.047501e-06
3.872549e-01 8.480392e-01 -1.247331e-06
3.970588e-01 8.480392e-01 -4.334002e-07
4.068627e-01 8.480392e-01 1.880277e-06
4.166667e-01 8.480392e-01 5.335297e-06
4.264706e-01 8.480392e-01 8.142536e-06
4.362745e-01 8.480392e-01 7.123876e-06
4.460784e-01 8.480392e-01 -1.108791e-06
4.558824e-01 8.480392e-01 -1.774213e-05
4.656863e-01 8.480392e-01 -3.872662e-05
4.754902e-01 8.480392e-01 -5.240961e-05
4.852941e-01 8.480392e-01 -3.937063e-05
4.950980e-01 8.480392e-01 2.449357e-05
5.049020e-01 8.480392e-01 1.617586e-04
5.147059e-01 8.480392e-01 3.856853e-04
5.245098e-01 8.480392e-01 6.934313e-04
5.343137e-01 8.480392e-01 1.062916e-03
5.441176e-01 8.480392e-01 1.454965e-03
5.539216e-01 8.480392e-01 1.820595e-03
5.637255e-01 8.480392e-01 2.111461e-03
5.735294e-01 8.480392e-01 2.290406e-03
5.833333e-01 8.480392e-01 2.339046e-03
5.931373e-01 8.480392e-01 2.260365e-03
6.029412e-01 8.480392e-01 2.076176e-03
6.127451e-01 8.480392e-01 1.820401e-03
6.225490e-01 8.480392e-01 1.531078e-03
6.323529e-01 8.480392e-01 1.242412e-03
6.421569e-01 8.480392e-01 9.799938e-04
6.519608e-01 8.480392e-01 7.585733e-04
6.617647e-01 8.480392e-01 5.822205e-04
6.715686e-01 8.480392e-01 4.485847e-04
6.813725e-01 8.480392e-01 3.494092e-04
6.911765e-01 8.480392e-01 2.759625e-04
7.009804e-01 8.480392e-01 2.219450e-04
7.107843e-01 8.480392e-01 1.772084e-04
7.205882e-01 8.480392e-01 1.425476e-04
7.303922e-01 8.480392e-01 1.138655e-04
7.401961e-01 8.480392e-01 8.459592e-05
7.500000e-01 8.480392e-01 6.730541e-05
7.598039e-01 8.480392e-01 4.957818e-05
7.696078e-01 8.480392e-01 2.898376e-05
7.794118e-01 8.480392e-01 2.807628e-05
7.892157e-01 8.480392e-01 1.757272e-05
7.990196e-01 8.480392e-01 4.670420e-07
8.088235e-01 8.480392e-01 1.442143e-05
8.186275e-01 8.480392e-01 8.988931e-06
8.284314e-01 8.480392e-01 -1.476871e-05
8.382353e-01 8.480392e-01 9.981788e-06
8.480392e-01 8.480392e-01 1.636264e-05
8.578431e-01 8.480392e-01 -2.404530e-05
8.676471e-01 8.480392e-01 -2.313661e-06
8.774510e-01 8.480392e-01 3.327674e-05
8.872549e-01 8.480392e-01 -1.724081e-05
8.970588e-01 8.480392e-01 -3.150801e-05
9.068627e-01 8.480392e-01 3.659832e-05
9.166667e-01 8.480392e-01 2.163509e-05
9.264706e-01 8.480392e-01 -5.091875e-05
9.362745e-01 8.480392e-01 -8.464938e-06
9.460784e-01 8.480392e-01 5.950731e-05
9.558824e-01 8.480392e-01 -3.171502e-06
9.656863e-01 8.480392e-01 -6.393372e-05
9.754902e-01 8.480392e-01 1.001387e-05
9.852941e-01 8.480392e-01 6.614052e-05
9.950980e-01 8.480392e-01 -1.034306e-05
4.901961e-03 8.578431e-01 -3.698281e-05
1.470588e-02 8.578431e-01 -6.741695e-05
2.450980e-02 8.578431e-01 3.387448e-05
3.431373e-02 8.578431e-01 6.970037e-05
4.411765e-02 8.578431e-01 -2.264575e-05
5.392157e-02 8.578431e-01 -7.043744e-05
6.372549e-02 8.578431e-01 4.319866e-06
7.352941e-02 8.578431e-01 6.549827e-05
8.333333e-02 8.578431e-01 1.755750e-05
9.313725e-02 8.578431e-01 -5.098463e-05
1.029412e-01 8.578431e-01 -3.615872e-05
1.127451e-01 8.578431e-01 2.658253e-05
1.225490e-01 8.578431e-01 4.305519e-05
1.323529e-01 8.578431e-01 1.485693e-06
1.421569e-01 8.578431e-01 -3.331461e-05
1.519608e-01 8.578431e-01 -2.151739e-05
1.617647e-01 8.578431e-01 1.139477e-05
1.715686e-01 8.578431e-01 2.380407e-05
1.813725e-01 8.578431e-01 8.811182e-06
1.911765e-01 8.578431e-01 -1.030402e-05
2.009804e-01 8.578431e-01 -1.420513e-05
2.107843e-01 8.578431e-01 -4.599602e-06
2.205882e-01 8.578431e-01 5.505762e-06
2.303922e-01 8.578431e-01 7.775972e-06
2.401961e-01 8.578431e-01 3.550692e-06
2.500000e-01 8.578431e-01 -1.455403e-06
2.598039e-01 8.578431e-01 -3.485583e-06
2.696078e-01 8.578431e-01 -2.549010e-06
2.794118e-01 8.578431e-01 -5.864064e-07
2.892157e-01 8.578431e-01 7.814513e-07
2.990196e-01 8.578431e-01 1.112541e-06
3.088235e-01 8.578431e-01 7.806581e-07
3.186275e-01 8.578431e-01 3.009980e-07
3.284314e-01 8.578431e-01 -5.676927e-08
3.382353e-01 8.578431e-01 -2.864183e-07
3.480392e-01 8.578431e-01 -4.685170e-07
3.578431e-01 8.578431e-01 -5.826741e-07
3.676471e-01 8.578431e-01 -4.268939e-07
3.774510e-01 8.578431e-01 2.880664e-07
3.872549e-01 8.578431e-01 1.658210e-06
3.970588e-01 8.578431e-01 3.215695e-06
4.068627e-01 8.578431e-01 3.704078e-06
4.166667e-01 8.578431e-01 1.311665e-06
4.264706e-01 8.578431e-01 -5.430339e-06
4.362745e-01 8.578431e-01 -1.620683e-05
4.460784e-01 8.578431e-01 -2.749779e-05
4.558824e-01 8.578431e-01 -3.204395e-05
4.656863e-01 8.578431e-01 -1.996839e-05
4.754902e-01 8.578431e-01 1.827506e-05
4.852941e-01 8.578431e-01 8.787165e-05
4.950980e-01 8.578431e-01 1.860782e-04
5.049020e-01 8.578431e-01 3.008709e-04
5.147059e-01 8.578431e-01 4.129331e-04
5.245098e-01 8.578431e-01 5.008182e-04
5.343137e-01 8.578431e-01 5.477073e-04
5.441176e-01 8.578431e-01 5.473211e-04
5.539216e-01 8.578431e-01 5.066779e-04
5.637255e-01 8.578431e-01 4.445011e-04
5.735294e-01 8.578431e-01 3.857318e-04
5.833333e-01 8.578431e-01 3.540123e-04
5.931373e-01 8.578431e-01 3.647656e-04
6.029412e-01 8.578431e-01 4.210027e-04
6.127451e-01 8.578431e-01 5.130964e-04
6.225490e-01 8.578431e-01 6.221838e-04
6.323529e-01 8.578431e-01 7.254571e-04
6.421569e-01 8.578431e-01 8.027219e-04
6.519608e-01 8.578431e-01 8.394584e-04
6.617647e-01 8.578431e-01 8.311189e-04
6.715686e-01 8.578431e-01 7.804301e-04
6.813725e-01 8.578431e-01 6.963788e-04
6.911765e-01 8.578431e-01 5.935959e-04
7.009804e-01 8.578431e-01 4.816943e-04
7.107843e-01 8.578431e-01 3.746643e-04
7.205882e-01 8.578431e-01 2.806703e-04
7.303922e-01 8.578431e-01 1.974884e-04
7.401961e-01 8.578431e-01 1.373163e-04
7.500000e-01 8.578431e-01 9.158763e-05
7.598039e-01 8.578431e-01 5.166290e-05
7.696078e-01 8.578431e-01 3.704435e-05
7.794118e-01 8.578431e-01 2.218992e-05
7.892157e-01 8.578431e-01 1.485542e-06
7.990196e-01 8.578431e-01 1.186430e-05
8.088235e-01 8.578431e-01 8.452796e-06
8.186275e-01 8.578431e-01 -1.504630e-05
8.284314e-01 8.578431e-01 8.003524e-06
8.382353e-01 8.578431e-01 1.550355e-05
8.480392e-01 8.578431e-01 -2.404530e-05
8.578431e-01 8.578431e-01 -1.551569e-06
8.676471e-01 8.578431e-01 3.272824e-05
8.774510e-01 8.578431e-01 -2.028272e-05
8.872549e-01 8.578431e-01 -2.911184e-05
8.970588e-01 8.578431e-01 4.119833e-05
9.068627e-01 8.578431e-01 1.508302e-05
9.166667e-01 8.578431e-01 -5.571954e-05
9.264706e-01 8.578431e-01 3.303233e-06
9.362745e-01 8.578431e-01 6.287539e-05
9.460784e-01 8.578431e-01 -2.032123e-05
9.558824e-01 8.578431e-01 -6.516907e-05
9.656863e-01 8.578431e-01 3.217938e-05
9.754902e-01 8.578431e-01 6.593453e-05
9.852941e-01 8.578431e-01 -3.698281e-05
9.950980e-01 8.578431e-01 -6.741695e-05
4.901961e-03 8.676471e-01 -5.886260e-05
1.470588e-02 8.676471e-01 6.383523e-05
2.450980e-02 8.676471e-01 6.217378e-05
3.431373e-02 8.676471e-01 -5.686039e-05
4.411765e-02 8.676471e-01 -6.830980e-05
5.392157e-02 8.676471e-01 4.084397e-05
6.372549e-02 8.676471e-01 7.323436e-05
7.352941e-02 8.676471e-01 -1.659605e-05
8.333333e-02 8.676471e-01 -7.096072e-05
9.313725e-02 8.676471e-01 -1.166507e-05
1.029412e-01 8.676471e-01 5.626339e-05
1.127451e-01 8.676471e-01 3.535561e-05
1.225490e-01 8.676471e-01 -2.906034e-05
1.323529e-01 8.676471e-01 -4.415878e-05
1.421569e-01 8.676471e-01 -2.207279e-06
1.519608e-01 8.676471e-01 3.298425e-05
1.617647e-01 8.676471e-01 2.302157e-05
1.715686e-01 8.676471e-01 -8.848058e-06
1.813725e-01 8.676471e-01 -2.312470e-05
1.911765e-01 8.676471e-01 -1.107490e-05
2.009804e-01 8.676471e-01 7.413771e-06
2.107843e-01 8.676471e-01 1.357807e-05
2.205882e-01 8.676471e-01 6.570635e-06
2.303922e-01 8.676471e-01 -3.034473e-06
2.401961e-01 8.676471e-01 -6.883930e-06
2.500000e-01 8.676471e-01 -4.538503e-06
2.598039e-01 8.676471e-01 -2.260193e-07
2.696078e-01 8.676471e-01 2.409180e-06
2.794118e-01 8.676471e-01 2.539899e-06
2.892157e-01 8.676471e-01 1.288509e-06
2.990196e-01 8.676471e-01 1.053229e-08
3.088235e-01 8.676471e-01 -6.488337e-07
3.186275e-01 8.676471e-01 -7.371292e-07
3.284314e-01 8.676471e-01 -5.616553e-07
3.382353e-01 8.676471e-01 -3.327064e-07
3.480392e-01 8.676471e-01 -5.695888e-08
3.578431e-01 8.676471e-01 3.589576e-07
3.676471e-01 8.676471e-01 9.021739e-07
3.774510e-01 8.676471e-01 1.269729e-06
3.872549e-01 8.676471e-01 8.515722e-07
3.970588e-01 8.676471e-01 -9.932070e-07
4.068627e-01 8.676471e-01 -4.361619e-06
4.166667e-01 8.676471e-01 -8.153812e-06
4.264706e-01 8.676471e-01 -9.782558e-06
4.362745e-01 8.676471e-01 -5.718322e-06
4.460784e-01 8.676471e-01 6.950353e-06
4.558824e-01 8.676471e-01 2.834284e-05
4.656863e-01 8.676471e-01 5.400727e-05
4.754902e-01 8.676471e-01 7.478847e-05
4.852941e-01 8.676471e-01 7.918372e-05
4.950980e-01 8.676471e-01 5.798403e-05
5.049020e-01 8.676471e-01 9.737769e-06
5.147059e-01 8.676471e-01 -5.526841e-05
5.245098e-01 8.676471e-01 -1.147004e-04
5.343137e-01 8.676471e-01 -1.385429e-04
5.441176e-01 8.676471e-01 -9.731090e-05
5.539216e-01 8.676471e-01 2.841320e-05
5.637255e-01 8.676471e-01 2.404147e-04
5.735294e-01 8.676471e-01 5.200136e-04
5.833333e-01 8.676471e-01 8.311243e-04
5.931373e-01 8.676471e-01 1.128308e-03
6.029412e-01 8.676471e-01 1.367239e-03
6.127451e-01 8.676471e-01 1.514590e-03
6.225490e-01 8.676471e-01 1.554153e-03
6.323529e-01 8.676471e-01 1.488921e-03
6.421569e-01 8.676471e-01 1.337521e-03
6.519608e-01 8.676471e-01 1.128834e-03
6.617647e-01 8.676471e-01 8.951048e-04
6.715686e-01 8.676471e-01 6.638459e-04
6.813725e-01 8.676471e-01 4.585224e-04
6.911765e-01 8.676471e-01 2.894689e-04
7.009804e-01 8.676471e-01 1.615903e-04
7.107843e-01 8.676471e-01 7.549141e-05
7.205882e-01 8.676471e-01 1.765956e-05
7.303922e-01 8.676471e-01 -1.142535e-05
7.401961e-01 8.676471e-01 -2.192397e-05
7.500000e-01 8.676471e-01 -3.113814e-05
7.598039e-01 8.676471e-01 -2.262148e-05
7.696078e-01 8.676471e-01 -1.539748e-05
7.794118e-01 8.676471e-01 -2.255273e-05
7.892157e-01 8.676471e-01 -5.120557e-06
7.990196e-01 8.676471e-01 1.013101e-06
8.088235e-01 8.676471e-01 -1.908741e-05
8.186275e-01 8.676471e-01 3.530608e-06
8.284314e-01 8.676471e-01 1.489569e-05
8.382353e-01 8.676471e-01 -2.386731e-05
8.480392e-01 8.676471e-01 -2.313661e-06
8.578431e-01 8.676471e-01 3.272824e-05
8.676471e-01 8.676471e-01 -2.171917e-05
8.774510e-01 8.676471e-01 -2.789508e-05
8.872549e-01 8.676471e-01 4.448922e-05
8.970588e-01 8.676471e-01 1.004516e-05
9.068627e-01 8.676471e-01 -5.907812e-05
9.166667e-01 8.676471e-01 1.359729e-05
9.264706e-01 8.676471e-01 6.401308e-05
9.362745e-01 8.676471e-01 -3.601424e-05
9.460784e-01 8.676471e-01 -6.255894e-05
9.558824e-01 8.676471e-01 5.284419e-05
9.656863e-01 8.676471e-01 5.954217e-05
9.754902e-01 8.676471e-01 -6.231153e-05
9.852941e-01 8.676471e-01 -5.886260e-05
9.950980e-01 8.676471e-01 6.383523e-05
4.901961e-03 8.774510e-01 8.846604e-05
1.470588e-02 8.774510e-01 4.479507e-05
2.450980e-02 8.774510e-01 -8.665171e-05
3.431373e-02 8.774510e-01 -5.251071e-05
4.411765e-02 8.774510e-01 7.614803e-05
5.392157e-02 8.774510e-01 6.434684e-05
6.372549e-02 8.774510e-01 -5.555697e-05
7.352941e-02 8.774510e-01 -7.437300e-05
8.333333e-02 8.774510e-01 2.544126e-05
9.313725e-02 8.774510e-01 7.465013e-05
1.029412e-01 8.774510e-01 8.855192e-06
1.127451e-01 8.774510e-01 -5.893593e-05
1.225490e-01 8.774510e-01 -3.641904e-05
1.323529e-01 8.774510e-01 2.830025e-05
1.421569e-01 8.774510e-01 4.508041e-05
1.519608e-01 8.774510e-01 5.511015e-06
1.617647e-01 8.774510e-01 -3.071526e-05
1.715686e-01 8.774510e-01 -2.506593e-05
1.813725e-01 8.774510e-01 4.370058e-06
1.911765e-01 8.774510e-01 2.111471e-05
2.009804e-01 8.774510e-01 1.351463e-05
2.107843e-01 8.774510e-01 -3.307045e-06
2.205882e-01 8.774510e-01 -1.174377e-05
2.303922e-01 8.774510e-01 -8.140642e-06
2.401961e-01 8.774510e-01 3.091025e-08
2.500000e-01 8.774510e-01 5.003224e-06
2.598039e-01 8.774510e-01 4.752402e-06
2.696078e-01 8.774510e-01 1.762092e-06
2.794118e-01 8.774510e-01 -8.878680e-07
2.892157e-01 8.774510e-01 -1.852152e-06
2.990196e-01 8.774510e-01 -1.464874e-06
3.088235e-01 8.774510e-01 -6.325375e-07
3.186275e-01 8.774510e-01 1.983116e-08
3.284314e-01 8.774510e-01 3.520312e-07
3.382353e-01 8.774510e-01 4.939955e-07
3.480392e-01 8.774510e-01 5.545020e-07
3.578431e-01 8.774510e-01 4.565870e-07
3.676471e-01 8.774510e-01 -2.902325e-08
3.774510e-01 8.774510e-01 -1.057247e-06
3.872549e-01 8.774510e-01 -2.374592e-06
3.970588e-01 8.774510e-01 -3.077270e-06
4.068627e-01 8.774510e-01 -1.740080e-06
4.166667e-01 8.774510e-01 2.880712e-06
4.264706e-01 8.774510e-01 1.066309e-05
4.362745e-01 8.774510e-01 1.897717e-05
4.460784e-01 8.774510e-01 2.242842e-05
4.558824e-01 8.774510e-01 1.424580e-05
4.656863e-01 8.774510e-01 -1.055334e-05
4.754902e-01 8.774510e-01 -5.109018e-05
4.852941e-01 8.774510e-01 -9.740795e-05
4.950980e-01 8.774510e-01 -1.301041e-04
5.049020e-01 8.774510e-01 -1.240331e-04
5.147059e-01 8.774510e-01 -5.570180e-05
5.245098e-01 8.774510e-01 8.779937e-05
5.343137e-01 8.774510e-01 3.015855e-04
5.441176e-01 8.774510e-01 5.605432e-04
5.539216e-01 8.774510e-01 8.231946e-04
5.637255e-01 8.774510e-01 1.041103e-03
5.735294e-01 8.774510e-01 1.170982e-03
5.833333e-01 8.774510e-01 1.185707e-03
5.931373e-01 8.774510e-01 1.080773e-03
6.029412e-01 8.774510e-01 8.746362e-04
6.127451e-01 8.774510e-01 6.029813e-04
6.225490e-01 8.774510e-01 3.096040e-04
6.323529e-01 8.774510e-01 3.628739e-05
6.421569e-01 8.774510e-01 -1.853980e-04
6.519608e-01 8.774510e-01 -3.374348e-04
6.617647e-01 8.774510e-01 -4.178489e-04
6.715686e-01 8.774510e-01 -4.343704e-04
6.813725e-01 8.774510e-01 -4.034476e-04
6.911765e-01 8.774510e-01 -3.446140e-04
7.009804e-01 8.774510e-01 -2.707523e-04
7.107843e-01 8.774510e-01 -2.006062e-04
7.205882e-01 8.774510e-01 -1.383155e-04
7.303922e-01 8.774510e-01 -8.482948e-05
7.401961e-01 8.774510e-01 -5.369048e-05
7.500000e-01 8.774510e-01 -2.620931e-05
7.598039e-01 8.774510e-01 -6.168565e-06
7.696078e-01 8.774510e-01 -9.548230e-06
7.794118e-01 8.774510e-01 3.519830e-06
7.892157e-01 8.774510e-01 1.159617e-05
7.990196e-01 8.774510e-01 -1.051693e-05
8.088235e-01 8.774510e-01 5.234501e-06
8.186275e-01 8.774510e-01 1.898682e-05
8.284314e-01 8.774510e-01 -1.979715e-05
8.382353e-01 8.774510e-01 -3.439647e-06
8.480392e-01 8.774510e-01 3.327674e-05
8.578431e-01 8.774510e-01 -2.028272e-05
8.676471e-01 8.774510e-01 -2.789508e-05
8.774510e-01 8.774510e-01 4.564127e-05
8.872549e-01 8.774510e-01 7.690812e-06
8.970588e-01 8.774510e-01 -6.076178e-05
9.068627e-01 8.774510e-01 2.058761e-05
9.166667e-01 8.774510e-01 6.364139e-05
9.264706e-01 8.774510e-01 -4.796165e-05
9.362745e-01 8.774510e-01 -5.774968e-05
9.460784e-01 8.774510e-01 6.920694e-05
9.558824e-01 8.774510e-01 4.931713e-05
9.656863e-01 8.774510e-01 -8.265154e-05
9.754902e-01 8.774510e-01 -4.389217e-05
9.852941e-01 8.774510e-01 8.846604e-05
9.950980e-01 8.774510e-01 4.479507e-05
4.901961e-03 8.872549e-01 2.138789e-05
1.470588e-02 8.872549e-01 -1.084812e-04
2.450980e-02 8.872549e-01 -2.669932e-05
3.431373e-02 8.872549e-01 1.042510e-04
4.411765e-02 8.872549e-01 4.084659e-05
5.392157e-02 8.872549e-01 -9.099815e-05
6.372549e-02 8.872549e-01 -5.953197e-05
7.352941e-02 8.872549e-01 6.619362e-05
8.333333e-02 8.872549e-01 7.480421e-05
9.313725e-02 8.872549e-01 -3.043443e-05
1.029412e-01 8.872549e-01 -7.681928e-05
1.127451e-01 8.872549e-01 -9.127035e-06
1.225490e-01 8.872549e-01 5.893113e-05
1.323529e-01 8.872549e-01 3.877186e-05
1.421569e-01 8.872549e-01 -2.454741e-05
1.519608e-01 8.872549e-01 -4.502790e-05
1.617647e-01 8.872549e-01 -1.042982e-05
1.715686e-01 8.872549e-01 2.634742e-05
1.813725e-01 8.872549e-01 2.644255e-05
1.911765e-01 8.872549e-01 1.112318e-06
2.009804e-01 8.872549e-01 -1.747158e-05
2.107843e-01 8.872549e-01 -1.496552e-05
2.205882e-01 8.872549e-01 -1.085806e-06
2.303922e-01 8.872549e-01 8.684161e-06
2.401961e-01 8.872549e-01 8.493255e-06
2.500000e-01 8.872549e-01 2.570399e-06
2.598039e-01 8.872549e-01 -2.582825e-06
2.696078e-01 8.872549e-01 -3.985406e-06
2.794118e-01 8.872549e-01 -2.525262e-06
2.892157e-01 8.872549e-01 -4.220519e-07
2.990196e-01 8.872549e-01 8.700705e-07
3.088235e-01 8.872549e-01 1.133859e-06
3.186275e-01 8.872549e-01 8.260769e-07
3.284314e-01 8.872549e-01 4.125727e-07
3.382353e-01 8.872549e-01 6.413209e-08
3.480392e-01 8.872549e-01 -2.894138e-07
3.578431e-01 8.872549e-01 -7.253708e-07
3.676471e-01 8.872549e-01 -1.091096e-06
3.774510e-01 8.872549e-01 -9.151840e-07
3.872549e-01 8.872549e-01 4.040602e-07
3.970588e-01 8.872549e-01 3.094370e-06
4.068627e-01 8.872549e-01 6.355142e-06
4.166667e-01 8.872549e-01 7.966730e-06
4.264706e-01 8.872549e-01 4.687967e-06
4.362745e-01 8.872549e-01 -6.246357e-06
4.460784e-01 8.872549e-01 -2.478782e-05
4.558824e-01 8.872549e-01 -4.586970e-05
4.656863e-01 8.872549e-01 -5.874613e-05
4.754902e-01 8.872549e-01 -4.904693e-05
4.852941e-01 8.872549e-01 -3.695573e-06
4.950980e-01 8.872549e-01 8.262631e-05
5.049020e-01 8.872549e-01 2.019884e-04
5.147059e-01 8.872549e-01 3.314443e-04
5.245098e-01 8.872549e-01 4.366687e-04
5.343137e-01 8.872549e-01 4.806404e-04
5.441176e-01 8.872549e-01 4.348406e-04
5.539216e-01 8.872549e-01 2.891507e-04
5.637255e-01 8.872549e-01 5.682800e-05
5.735294e-01 8.872549e-01 -2.273606e-04
5.833333e-01 8.872549e-01 -5.153877e-04
5.931373e-01 8.872549e-01 -7.578529e-04
6.029412e-01 8.872549e-01 -9.157880e-04
6.127451e-01 8.872549e-01 -9.689381e-04
6.225490e-01 8.872549e-01 -9.182477e-04
6.323529e-01 8.872549e-01 -7.835020e-04
6.421569e-01 8.872549e-01 -5.954860e-04
6.519608e-01 8.872549e-01 -3.891905e-04
6.617647e-01 8.872549e-01 -1.948906e-04
6.715686e-01 8.872549e-01 -3.359583e-05
6.813725e-01 8.872549e-01 8.177351e-05
6.911765e-01 8.872549e-01 1.533311e-04
7.009804e-01 8.872549e-01 1.837645e-04
7.107843e-01 8.872549e-01 1.829277e-04
7.205882e-01 8.872549e-01 1.677428e-04
7.303922e-01 8.872549e-01 1.357899e-04
7.401961e-01 8.872549e-01 1.049792e-04
7.500000e-01 8.872549e-01 8.277535e-05
7.598039e-01 8.872549e-01 4.897592e-05
7.696078e-01 8.872549e-01 3.501348e-05
7.794118e-01 8.872549e-01 3.172747e-05
7.892157e-01 8.872549e-01 2.495980e-06
7.990196e-01 8.872549e-01 6.785227e-06
8.088235e-01 8.872549e-01 2.169034e-05
8.186275e-01 8.872549e-01 -1.555271e-05
8.284314e-01 8.872549e-01 -6.554529e-06
8.382353e-01 8.872549e-01 3.235433e-05
8.480392e-01 8.872549e-01 -1.724081e-05
8.578431e-01 8.872549e-01 -2.911184e-05
8.676471e-01 8.872549e-01 4.448922e-05
8.774510e-01 8.872549e-01 7.690812e-06
8.872549e-01 8.872549e-01 -6.116450e-05
8.970588e-01 8.872549e-01 2.411263e-05
9.068627e-01 8.872549e-01 6.262845e-05
9.166667e-01 8.872549e-01 -5.590491e-05
9.264706e-01 8.872549e-01 -5.238121e-05
9.362745e-01 8.872549e-01 8.087198e-05
9.460784e-01 8.872549e-01 3.771154e-05
9.558824e-01 8.872549e-01 -9.721093e-05
9.656863e-01 8.872549e-01 -2.576005e-05
9.754902e-01 8.872549e-01 1.059961e-04
9.852941e-01 8.872549e-01 2.138789e-05
9.950980e-01 8.872549e-01 -1.084812e-04
4.901961e-03 8.970588e-01 -1.217239e-04
1.470588e-02 8.970588e-01 3.689320e-06
2.450980e-02 8.970588e-01 1.223599e-04
3.431373e-02 8.970588e-01 8.195423e-06
4.411765e-02 8.970588e-01 -1.170141e-04
5.392157e-02 8.970588e-01 -3.010299e-05
6.372549e-02 8.970588e-01 1.016284e-04
7.352941e-02 8.970588e-01 5.604905e-05
8.333333e-02 8.970588e-01 -7.259865e-05
9.313725e-02 8.970588e-01 -7.587995e-05
1.029412e-01 8.970588e-01 3.120958e-05
1.127451e-01 8.970588e-01 7.800914e-05
1.225490e-01 8.970588e-01 1.265649e-05
1.323529e-01 8.970588e-01 -5.633708e-05
1.421569e-01 8.970588e-01 -4.215648e-05
1.519608e-01 8.970588e-01 1.804570e-05
1.617647e-01 8.970588e-01 4.361992e-05
1.715686e-01 8.970588e-01 1.627590e-05
1.813725e-01 8.970588e-01 -2.002947e-05
1.911765e-01 8.970588e-01 -2.653675e-05
2.009804e-01 8.970588e-01 -6.839294e-06
2.107843e-01 8.970588e-01 1.239701e-05
2.205882e-01 8.970588e-01 1.495176e-05
2.303922e-01 8.970588e-01 5.048671e-06
2.401961e-01 8.970588e-01 -4.825495e-06
2.500000e-01 8.970588e-01 -7.532080e-06
2.598039e-01 8.970588e-01 -4.289455e-06
2.696078e-01 8.970588e-01 1.533827e-07
2.794118e-01 8.970588e-01 2.532750e-06
2.892157e-01 8.970588e-01 2.481871e-06
2.990196e-01 8.970588e-01 1.253834e-06
3.088235e-01 8.970588e-01 8.647279e-08
3.186275e-01 8.970588e-01 -5.219709e-07
3.284314e-01 8.970588e-01 -6.768750e-07
3.382353e-01 8.970588e-01 -6.458380e-07
3.480392e-01 8.970588e-01 -5.289742e-07
3.578431e-01 8.970588e-01 -1.853584e-07
3.676471e-01 8.970588e-01 5.972536e-07
3.774510e-01 8.970588e-01 1.774905e-06
3.872549e-01 8.970588e-01 2.730424e-06
3.970588e-01 8.970588e-01 2.227844e-06
4.068627e-01 8.970588e-01 -1.104682e-06
4.166667e-01 8.970588e-01 -7.718536e-06
4.264706e-01 8.970588e-01 -1.587950e-05
4.362745e-01 8.970588e-01 -2.097017e-05
4.460784e-01 8.970588e-01 -1.623758e-05
4.558824e-01 8.970588e-01 4.584544e-06
4.656863e-01 8.970588e-01 4.330371e-05
4.754902e-01 8.970588e-01 9.352591e-05
4.852941e-01 8.970588e-01 1.392595e-04
4.950980e-01 8.970588e-01 1.575147e-04
5.049020e-01 8.970588e-01 1.250482e-04
5.147059e-01 8.970588e-01 2.743845e-05
5.245098e-01 8.970588e-01 -1.328252e-04
5.343137e-01 8.970588e-01 -3.327621e-04
5.441176e-01 8.970588e-01 -5.319861e-04
5.539216e-01 8.970588e-01 -6.821695e-04
5.637255e-01 8.970588e-01 -7.400879e-04
5.735294e-01 8.970588e-01 -6.799802e-04
5.833333e-01 8.970588e-01 -5.011538e-04
5.931373e-01 8.970588e-01 -2.284144e-04
6.029412e-01 8.970588e-01 9.436747e-05
6.127451e-01 8.970588e-01 4.155534e-04
6.225490e-01 8.970588e-01 6.875064e-04
6.323529e-01 8.970588e-01 8.766327e-04
6.421569e-01 8.970588e-01 9.680186e-04
6.519608e-01 8.970588e-01 9.648829e-04
6.617647e-01 8.970588e-01 8.861380e-04
6.715686e-01 8.970588e-01 7.557782e-04
6.813725e-01 8.970588e-01 6.026488e-04
6.911765e-01 8.970588e-01 4.494837e-04
7.009804e-01 8.970588e-01 3.100342e-04
7.107843e-01 8.970588e-01 2.004454e-04
7.205882e-01 8.970588e-01 1.148579e-04
7.303922e-01 8.970588e-01 5.464001e-05
7.401961e-01 8.970588e-01 2.482184e-05
7.500000e-01 8.970588e-01 -2.516063e-06
7.598039e-01 8.970588e-01 -1.217935e-05
7.696078e-01 8.970588e-01 -3.006216e-06
7.794118e-01 8.970588e-01 -1.895455e-05
7.892157e-01 8.970588e-01 -1.367482e-05
7.990196e-01 8.970588e-01 1.034122e-05
8.088235e-01 8.970588e-01 -1.776144e-05
8.186275e-01 8.970588e-01 -1.430956e-05
8.284314e-01 8.970588e-01 2.831090e-05
8.382353e-01 8.970588e-01 -1.349203e-05
8.480392e-01 8.970588e-01 -3.150801e-05
8.578431e-01 8.970588e-01 4.119833e-05
8.676471e-01 8.970588e-01 1.004516e-05
8.774510e-01 8.970588e-01 -6.076178e-05
8.872549e-01 8.970588e-01 2.411263e-05
8.970588e-01 8.970588e-01 6.212716e-05
9.068627e-01 8.970588e-01 -5.994139e-05
9.166667e-01 8.970588e-01 -4.834537e-05
9.264706e-01 8.970588e-01 8.830996e-05
9.362745e-01 8.970588e-01 2.742850e-05
9.460784e-01 8.970588e-01 -1.066896e-04
9.558824e-01 8.970588e-01 -8.060667e-06
9.656863e-01 8.970588e-01 1.168804e-04
9.754902e-01 8.970588e-01 -3.458808e-06
9.852941e-01 8.970588e-01 -1.217239e-04
9.950980e-01 8.970588e-01 3.689320e-06
4.901961e-03 9.068627e-01 3.353028e-05
1.470588e-02 9.068627e-01 1.306000e-04
2.450980e-02 9.068627e-01 -2.736474e-05
3.431373e-02 9.068627e-01 -1.312342e-04
4.411765e-02 9.068627e-01 7.515595e-06
5.392157e-02 9.068627e-01 1.257619e-04
6.372549e-02 9.068627e-01 2.275299e-05
7.352941e-02 9.068627e-01 -1.082041e-04
8.333333e-02 9.068627e-01 -5.551793e-05
9.313725e-02 9.068627e-01 7.435879e-05
1.029412e-01 9.068627e-01 7.819482e-05
1.127451e-01 9.068627e-01 -2.728334e-05
1.225490e-01 9.068627e-01 -7.791987e-05
1.323529e-01 9.068627e-01 -1.935290e-05
1.421569e-01 9.068627e-01 5.063749e-05
1.519608e-01 9.068627e-01 4.574818e-05
1.617647e-01 9.068627e-01 -8.940648e-06
1.715686e-01 9.068627e-01 -4.001174e-05
1.813725e-01 9.068627e-01 -2.208395e-05
1.911765e-01 9.068627e-01 1.185685e-05
2.009804e-01 9.068627e-01 2.453821e-05
2.107843e-01 9.068627e-01 1.188942e-05
2.205882e-01 9.068627e-01 -6.174888e-06
2.303922e-01 9.068627e-01 -1.300778e-05
2.401961e-01 9.068627e-01 -7.807464e-06
2.500000e-01 9.068627e-01 7.039725e-07
2.598039e-01 9.068627e-01 5.276659e-06
2.696078e-01 9.068627e-01 4.714073e-06
2.794118e-01 9.068627e-01 1.747621e-06
2.892157e-01 9.068627e-01 -7.559071e-07
2.990196e-01 9.068627e-01 -1.682032e-06
3.088235e-01 9.068627e-01 -1.403012e-06
3.186275e-01 9.068627e-01 -7.262867e-07
3.284314e-01 9.068627e-01 -1.602513e-07
3.382353e-01 9.068627e-01 2.285287e-07
3.480392e-01 9.068627e-01 5.841607e-07
3.578431e-01 9.068627e-01 9.433319e-07
3.676471e-01 9.068627e-01 1.031235e-06
3.774510e-01 9.068627e-01 3.065980e-07
3.872549e-01 9.068627e-01 -1.671795e-06
3.970588e-01 9.068627e-01 -4.631289e-06
4.068627e-01 9.068627e-01 -7.035088e-06
4.166667e-01 9.068627e-01 -6.098836e-06
4.264706e-01 9.068627e-01 1.183705e-06
4.362745e-01 9.068627e-01 1.600550e-05
4.460784e-01 9.068627e-01 3.541703e-05
4.558824e-01 9.068627e-01 5.103880e-05
4.656863e-01 9.068627e-01 5.020533e-05
4.754902e-01 9.068627e-01 2.014127e-05
4.852941e-01 9.068627e-01 -4.569039e-05
4.950980e-01 9.068627e-01 -1.414159e-04
5.049020e-01 9.068627e-01 -2.457782e-04
5.147059e-01 9.068627e-01 -3.246856e-04
5.245098e-01 9.068627e-01 -3.396013e-04
5.343137e-01 9.068627e-01 -2.595823e-04
5.441176e-01 9.068627e-01 -7.289702e-05
5.539216e-01 9.068627e-01 2.061509e-04
5.637255e-01 9.068627e-01 5.380655e-04
5.735294e-01 9.068627e-01 8.667892e-04
5.833333e-01 9.068627e-01 1.133508e-03
5.931373e-01 9.068627e-01 1.291134e-03
6.029412e-01 9.068627e-01 1.315178e-03
6.127451e-01 9.068627e-01 1.207912e-03
6.225490e-01 9.068627e-01 9.953571e-04
6.323529e-01 9.068627e-01 7.192629e-04
6.421569e-01 9.068627e-01 4.253386e-04
6.519608e-01 9.068627e-01 1.552116e-04
6.617647e-01 9.068627e-01 -6.305907e-05
6.715686e-01 9.068627e-01 -2.152318e-04
6.813725e-01 9.068627e-01 -2.994003e-04
6.911765e-01 9.068627e-01 -3.288482e-04
7.009804e-01 9.068627e-01 -3.132566e-04
7.107843e-01 9.068627e-01 -2.724133e-04
7.205882e-01 9.068627e-01 -2.236508e-04
7.303922e-01 9.068627e-01 -1.649191e-04
7.401961e-01 9.068627e-01 -1.205899e-04
7.500000e-01 9.068627e-01 -8.589613e-05
7.598039e-01 9.068627e-01 -4.451417e-05
7.696078e-01 9.068627e-01 -3.526118e-05
7.794118e-01 9.068627e-01 -2.536098e-05
7.892157e-01 9.068627e-01 5.978103e-06
7.990196e-01 9.068627e-01 -1.207585e-05
8.088235e-01 9.068627e-01 -1.669588e-05
8.186275e-01 9.068627e-01 2.639745e-05
8.284314e-01 9.068627e-01 -5.857226e-06
8.382353e-01 9.068627e-01 -3.249678e-05
8.480392e-01 9.068627e-01 3.659832e-05
8.578431e-01 9.068627e-01 1.508302e-05
8.676471e-01 9.068627e-01 -5.907812e-05
8.774510e-01 9.068627e-01 2.058761e-05
8.872549e-01 9.068627e-01 6.262845e-05
8.970588e-01 9.068627e-01 -5.994139e-05
9.068627e-01 9.068627e-01 -4.687921e-05
9.166667e-01 9.068627e-01 9.191353e-05
9.264706e-01 9.068627e-01 2.054102e-05
9.362745e-01 9.068627e-01 -1.121192e-04
9.460784e-01 9.068627e-01 6.302789e-06
9.558824e-01 9.068627e-01 1.225872e-04
9.656863e-01 9.068627e-01 -2.583971e-05
9.754902e-01 9.068627e-01 -1.276826e-04
9.852941e-01 9.068627e-01 3.353028e-05
9.950980e-01 9.068627e-01 1.306000e-04
4.901961e-03 9.166667e-01 1.312658e-04
1.470588e-02 9.166667e-01 -6.066504e-05
2.450980e-02 9.166667e-01 -1.346681e-04
3.431373e-02 9.166667e-01 4.672398e-05
4.411765e-02 9.166667e-01 1.367820e-04
5.392157e-02 9.166667e-01 -1.818614e-05
6.372549e-02 9.166667e-01 -1.313683e-04
7.352941e-02 9.166667e-01 -2.035233e-05
8.333333e-02 9.166667e-01 1.107433e-04
9.313725e-02 9.166667e-01 5.856844e-05
1.029412e-01 9.166667e-01 -7.106596e-05
1.127451e-01 9.166667e-01 -8.134457e-05
1.225490e-01 9.166667e-01 1.861483e-05
1.323529e-01 9.166667e-01 7.557905e-05
1.421569e-01 9.166667e-01 2.829990e-05
1.519608e-01 9.166667e-01 -4.135265e-05
1.617647e-01 9.166667e-01 -4.804515e-05
1.715686e-01 9.166667e-01 -1.957279e-06
1.813725e-01 9.166667e-01 3.342726e-05
1.911765e-01 9.166667e-01 2.634585e-05
2.009804e-01 9.166667e-01 -2.601203e-06
2.107843e-01 9.166667e-01 -1.989551e-05
2.205882e-01 9.166667e-01 -1.500037e-05
2.303922e-01 9.166667e-01 -2.651143e-07
2.401961e-01 9.166667e-01 9.130709e-06
2.500000e-01 9.166667e-01 8.575584e-06
2.598039e-01 9.166667e-01 2.726846e-06
2.696078e-01 9.166667e-01 -2.260970e-06
2.794118e-01 9.166667e-01 -3.744405e-06
2.892157e-01 9.166667e-01 -2.570890e-06
2.990196e-01 9.166667e-01 -7.189515e-07
3.088235e-01 9.166667e-01 5.193489e-07
3.186275e-01 9.166667e-01 9.223781e-07
3.284314e-01 9.166667e-01 8.472767e-07
3.382353e-01 9.166667e-01 6.438040e-07
3.480392e-01 9.166667e-01 3.673800e-07
3.578431e-01 9.166667e-01 -1.690408e-07
3.676471e-01 9.166667e-01 -1.108513e-06
3.774510e-01 9.166667e-01 -2.185196e-06
3.872549e-01 9.166667e-01 -2.505470e-06
3.970588e-01 9.166667e-01 -7.472452e-07
4.068627e-01 9.166667e-01 4.052339e-06
4.166667e-01 9.166667e-01 1.127825e-05
4.264706e-01 9.166667e-01 1.769871e-05
4.362745e-01 9.166667e-01 1.751359e-05
4.460784e-01 9.166667e-01 4.215291e-06
4.558824e-01 9.166667e-01 -2.579818e-05
4.656863e-01 9.166667e-01 -6.905888e-05
4.754902e-01 9.166667e-01 -1.124166e-04
4.852941e-01 9.166667e-01 -1.340964e-04
4.950980e-01 9.166667e-01 -1.093661e-04
5.049020e-01 9.166667e-01 -1.971573e-05
5.147059e-01 9.166667e-01 1.375588e-04
5.245098e-01 9.166667e-01 3.433838e-04
5.343137e-01 9.166667e-01 5.577489e-04
5.441176e-01 9.166667e-01 7.281720e-04
5.539216e-01 9.166667e-01 8.036142e-04
5.637255e-01 9.166667e-01 7.493699e-04
5.735294e-01 9.166667e-01 5.579077e-04
5.833333e-01 9.166667e-01 2.520096e-04
5.931373e-01 9.166667e-01 -1.207093e-04
6.029412e-01 9.166667e-01 -4.997604e-04
6.127451e-01 9.166667e-01 -8.265686e-04
6.225490e-01 9.166667e-01 -1.056822e-03
6.323529e-01 9.166667e-01 -1.168760e-03
6.421569e-01 9.166667e-01 -1.163583e-03
6.519608e-01 9.166667e-01 -1.061606e-03
6.617647e-01 9.166667e-01 -8.954084e-04
6.715686e-01 9.166667e-01 -6.976859e-04
6.813725e-01 9.166667e-01 -5.016813e-04
6.911765e-01 9.166667e-01 -3.272402e-04
7.009804e-01 9.166667e-01 -1.857586e-04
7.107843e-01 9.166667e-01 -8.732102e-05
7.205882e-01 9.166667e-01 -1.761207e-05
7.303922e-01 9.166667e-01 2.045681e-05
7.401961e-01 9.166667e-01 3.122113e-05
7.500000e-01 9.166667e-01 4.498537e-05
7.598039e-01 9.166667e-01 3.616872e-05
7.696078e-01 9.166667e-01 2.003908e-05
7.794118e-01 9.166667e-01 3.393982e-05
7.892157e-01 9.166667e-01 1.364026e-05
7.990196e-01 9.166667e-01 -7.111331e-06
8.088235e-01 9.166667e-01 2.827369e-05
8.186275e-01 9.166667e-01 5.403402e-06
8.284314e-01 9.166667e-01 -3.125565e-05
8.382353e-01 9.166667e-01 3.014306e-05
8.480392e-01 9.166667e-01 2.163509e-05
8.578431e-01 9.166667e-01 -5.571954e-05
8.676471e-01 9.166667e-01 1.359729e-05
8.774510e-01 9.166667e-01 6.364139e-05
8.872549e-01 9.166667e-01 -5.590491e-05
8.970588e-01 9.166667e-01 -4.834537e-05
9.068627e-01 9.166667e-01 9.191353e-05
9.166667e-01 9.166667e-01 1.813986e-05
9.264706e-01 9.166667e-01 -1.145023e-04
9.362745e-01 9.166667e-01 1.553247e-05
9.460784e-01 9.166667e-01 1.249579e-04
9.558824e-01 9.166667e-01 -4.317916e-05
9.656863e-01 9.166667e-01 -1.287687e-04
9.754902e-01 9.166667e-01 5.913935e-05
9.852941e-01 9.166667e-01 1.312658e-04
9.950980e-01 9.166667e-01 -6.066504e-05
4.901961e-03 9.264706e-01 -8.829073e-05
1.470588e-02 9.264706e-01 -1.305603e-04
2.450980e-02 9.264706e-01 8.232640e-05
3.431373e-02 9.264706e-01 1.364757e-04
4.411765e-02 9.264706e-01 -5.984976e-05
5.392157e-02 9.264706e-01 -1.406549e-04
6.372549e-02 9.264706e-01 2.237941e-05
7.352941e-02 9.264706e-01 1.344016e-04
8.333333e-02 9.264706e-01 2.365113e-05
9.313725e-02 9.264706e-01 -1.089861e-04
1.029412e-01 9.264706e-01 -6.494746e-05
1.127451e-01 9.264706e-01 6.239198e-05
1.225490e-01 9.264706e-01 8.416328e-05
1.323529e-01 9.264706e-01 -5.731602e-06
1.421569e-01 9.264706e-01 -6.979606e-05
1.519608e-01 9.264706e-01 -3.787326e-05
1.617647e-01 9.264706e-01 2.852115e-05
1.715686e-01 9.264706e-01 4.739812e-05
1.813725e-01 9.264706e-01 1.311491e-05
1.911765e-01 9.264706e-01 -2.376622e-05
2.009804e-01 9.264706e-01 -2.755989e-05
2.107843e-01 9.264706e-01 -6.269455e-06
2.205882e-01 9.264706e-01 1.287084e-05
2.303922e-01 9.264706e-01 1.518594e-05
2.401961e-01 9.264706e-01 5.557527e-06
2.500000e-01 9.264706e-01 -4.096314e-06
2.598039e-01 9.264706e-01 -7.141814e-06
2.696078e-01 9.264706e-01 -4.566916e-06
2.794118e-01 9.264706e-01 -5.663002e-07
2.892157e-01 9.264706e-01 1.865083e-06
2.990196e-01 9.264706e-01 2.208419e-06
3.088235e-01 9.264706e-01 1.401938e-06
3.186275e-01 9.264706e-01 4.685018e-07
3.284314e-01 9.264706e-01 -1.446111e-07
3.382353e-01 9.264706e-01 -5.022838e-07
3.480392e-01 9.264706e-01 -8.017689e-07
3.578431e-01 9.264706e-01 -1.022844e-06
3.676471e-01 9.264706e-01 -7.970995e-07
3.774510e-01 9.264706e-01 4.080343e-07
3.872549e-01 9.264706e-01 2.788340e-06
3.970588e-01 9.264706e-01 5.566640e-06
4.068627e-01 9.264706e-01 6.639040e-06
4.166667e-01 9.264706e-01 3.026641e-06
4.264706e-01 9.264706e-01 -7.575444e-06
4.362745e-01 9.264706e-01 -2.447355e-05
4.460784e-01 9.264706e-01 -4.195481e-05
4.558824e-01 9.264706e-01 -4.908178e-05
4.656863e-01 9.264706e-01 -3.246846e-05
4.754902e-01 9.264706e-01 1.802355e-05
4.852941e-01 9.264706e-01 1.024076e-04
4.950980e-01 9.264706e-01 2.055319e-04
5.049020e-01 9.264706e-01 2.969365e-04
5.147059e-01 9.264706e-01 3.371386e-04
5.245098e-01 9.264706e-01 2.892702e-04
5.343137e-01 9.264706e-01 1.324168e-04
5.441176e-01 9.264706e-01 -1.282618e-04
5.539216e-01 9.264706e-01 -4.588090e-04
5.637255e-01 9.264706e-01 -8.027838e-04
5.735294e-01 9.264706e-01 -1.094914e-03
5.833333e-01 9.264706e-01 -1.277789e-03
5.931373e-01 9.264706e-01 -1.316163e-03
6.029412e-01 9.264706e-01 -1.204813e-03
6.127451e-01 9.264706e-01 -9.677574e-04
6.225490e-01 9.264706e-01 -6.503229e-04
6.323529e-01 9.264706e-01 -3.070356e-04
6.421569e-01 9.264706e-01 1.173872e-05
6.519608e-01 9.264706e-01 2.673561e-04
6.617647e-01 9.264706e-01 4.410349e-04
6.715686e-01 9.264706e-01 5.294053e-04
6.813725e-01 9.264706e-01 5.431334e-04
6.911765e-01 9.264706e-01 5.048060e-04
7.009804e-01 9.264706e-01 4.294793e-04
7.107843e-01 9.264706e-01 3.432691e-04
7.205882e-01 9.264706e-01 2.600625e-04
7.303922e-01 9.264706e-01 1.781606e-04
7.401961e-01 9.264706e-01 1.236703e-04
7.500000e-01 9.264706e-01 7.921850e-05
7.598039e-01 9.264706e-01 3.553467e-05
7.696078e-01 9.264706e-01 3.171615e-05
7.794118e-01 9.264706e-01 1.551988e-05
7.892157e-01 9.264706e-01 -1.279290e-05
7.990196e-01 9.264706e-01 1.637432e-05
8.088235e-01 9.264706e-01 8.550907e-06
8.186275e-01 9.264706e-01 -3.294283e-05
8.284314e-01 9.264706e-01 1.857771e-05
8.382353e-01 9.264706e-01 2.658208e-05
8.480392e-01 9.264706e-01 -5.091875e-05
8.578431e-01 9.264706e-01 3.303233e-06
8.676471e-01 9.264706e-01 6.401308e-05
8.774510e-01 9.264706e-01 -4.796165e-05
8.872549e-01 9.264706e-01 -5.238121e-05
8.970588e-01 9.264706e-01 8.830996e-05
9.068627e-01 9.264706e-01 2.054102e-05
9.166667e-01 9.264706e-01 -1.145023e-04
9.264706e-01 9.264706e-01 1.870514e-05
9.362745e-01 9.264706e-01 1.256571e-04
9.460784e-01 9.264706e-01 -5.403957e-05
9.558824e-01 9.264706e-01 -1.276577e-04
9.656863e-01 9.264706e-01 7.835026e-05
9.754902e-01 9.264706e-01 1.277068e-04
9.852941e-01 9.264706e-01 -8.829073e-05
9.950980e-01 9.264706e-01 -1.305603e-04
4.901961e-03 9.362745e-01 -1.229624e-04
1.470588e-02 9.362745e-01 1.111271e-04
2.450980e-02 9.362745e-01 1.287517e-04
3.431373e-02 9.362745e-01 -9.697327e-05
4.411765e-02 9.362745e-01 -1.382661e-04
5.392157e-02 9.362745e-01 6.550739e-05
6.372549e-02 9.362745e-01 1.438667e-04
7.352941e-02 9.362745e-01 -1.927639e-05
8.333333e-02 9.362745e-01 -1.347178e-04
9.313725e-02 9.362745e-01 -3.261970e-05
1.029412e-01 9.362745e-01 1.022391e-04
1.127451e-01 9.362745e-01 7.348827e-05
1.225490e-01 9.362745e-01 -4.817124e-05
1.323529e-01 9.362745e-01 -8.483502e-05
1.421569e-01 9.362745e-01 -1.014631e-05
1.519608e-01 9.362745e-01 5.948198e-05
1.617647e-01 9.362745e-01 4.587664e-05
1.715686e-01 9.362745e-01 -1.295970e-05
1.813725e-01 9.362745e-01 -4.243869e-05
1.911765e-01 9.362745e-01 -2.246110e-05
2.009804e-01 9.362745e-01 1.185494e-05
2.107843e-01 9.362745e-01 2.472827e-05
2.205882e-01 9.362745e-01 1.293651e-05
2.303922e-01 9.362745e-01 -4.625933e-06
2.401961e-01 9.362745e-01 -1.220041e-05
2.500000e-01 9.362745e-01 -8.414667e-06
2.598039e-01 9.362745e-01 -7.604578e-07
2.696078e-01 9.362745e-01 4.064799e-06
2.794118e-01 9.362745e-01 4.430440e-06
2.892157e-01 9.362745e-01 2.293572e-06
2.990196e-01 9.362745e-01 8.017342e-08
3.088235e-01 9.362745e-01 -1.051775e-06
3.186275e-01 9.362745e-01 -1.193452e-06
3.284314e-01 9.362745e-01 -9.040415e-07
3.382353e-01 9.362745e-01 -5.628762e-07
3.480392e-01 9.362745e-01 -1.667979e-07
3.578431e-01 9.362745e-01 4.980989e-07
3.676471e-01 9.362745e-01 1.489460e-06
3.774510e-01 9.362745e-01 2.350613e-06
3.872549e-01 9.362745e-01 2.013486e-06
3.970588e-01 9.362745e-01 -7.859105e-07
4.068627e-01 9.362745e-01 -6.512896e-06
4.166667e-01 9.362745e-01 -1.359479e-05
4.264706e-01 9.362745e-01 -1.771258e-05
4.362745e-01 9.362745e-01 -1.254776e-05
4.460784e-01 9.362745e-01 7.526229e-06
4.558824e-01 9.362745e-01 4.333439e-05
4.656863e-01 9.362745e-01 8.707556e-05
4.754902e-01 9.362745e-01 1.211249e-04
4.852941e-01 9.362745e-01 1.213056e-04
4.950980e-01 9.362745e-01 6.475688e-05
5.049020e-01 9.362745e-01 -5.977823e-05
5.147059e-01 9.362745e-01 -2.431988e-04
5.245098e-01 9.362745e-01 -4.529903e-04
5.343137e-01 9.362745e-01 -6.383129e-04
5.441176e-01 9.362745e-01 -7.426026e-04
5.539216e-01 9.362745e-01 -7.199396e-04
5.637255e-01 9.362745e-01 -5.496619e-04
5.735294e-01 9.362745e-01 -2.441368e-04
5.833333e-01 9.362745e-01 1.530362e-04
5.931373e-01 9.362745e-01 5.776881e-04
6.029412e-01 9.362745e-01 9.609311e-04
6.127451e-01 9.362745e-01 1.245397e-03
6.225490e-01 9.362745e-01 1.396467e-03
6.323529e-01 9.362745e-01 1.407621e-03
6.421569e-01 9.362745e-01 1.296560e-03
6.519608e-01 9.362745e-01 1.098504e-03
6.617647e-01 9.362745e-01 8.558611e-04
6.715686e-01 9.362745e-01 6.061342e-04
6.813725e-01 9.362745e-01 3.829074e-04
6.911765e-01 9.362745e-01 2.008275e-04
7.009804e-01 9.362745e-01 6.765795e-05
7.107843e-01 9.362745e-01 -1.385572e-05
7.205882e-01 9.362745e-01 -6.445146e-05
7.303922e-01 9.362745e-01 -8.014609e-05
7.401961e-01 9.362745e-01 -7.426055e-05
7.500000e-01 9.362745e-01 -7.539966e-05
7.598039e-01 9.362745e-01 -5.129657e-05
7.696078e-01 9.362745e-01 -3.191711e-05
7.794118e-01 9.362745e-01 -4.280386e-05
7.892157e-01 9.362745e-01 -1.073108e-05
7.990196e-01 9.362745e-01 3.355859e-06
8.088235e-01 9.362745e-01 -3.475240e-05
8.186275e-01 9.362745e-01 4.624119e-06
8.284314e-01 9.362745e-01 2.997359e-05
8.382353e-01 9.362745e-01 -4.297163e-05
8.480392e-01 9.362745e-01 -8.464938e-06
8.578431e-01 9.362745e-01 6.287539e-05
8.676471e-01 9.362745e-01 -3.601424e-05
8.774510e-01 9.362745e-01 -5.774968e-05
8.872549e-01 9.362745e-01 8.087198e-05
8.970588e-01 9.362745e-01 2.742850e-05
9.068627e-01 9.362745e-01 -1.121192e-04
9.166667e-01 9.362745e-01 1.553247e-05
9.264706e-01 9.362745e-01 1.256571e-04
9.362745e-01 9.362745e-01 -5.772751e-05
9.460784e-01 9.362745e-01 -1.265149e-04
9.558824e-01 9.362745e-01 9.012038e-05
9.656863e-01 9.362745e-01 1.232265e-04
9.754902e-01 9.362745e-01 -1.084747e-04
9.852941e-01 9.362745e-01 -1.229624e-04
9.950980e-01 9.362745e-01 1.111271e-04
4.901961e-03 9.460784e-01 1.317399e-04
1.470588e-02 9.460784e-01 1.181257e-04
2.450980e-02 9.460784e-01 -1.265262e-04
3.431373e-02 9.460784e-01 -1.284770e-04
4.411765e-02 9.460784e-01 1.036783e-04
5.392157e-02 9.460784e-01 1.413825e-04
6.372549e-02 9.460784e-01 -6.292678e-05
7.352941e-02 9.460784e-01 -1.463918e-04
8.333333e-02 9.460784e-01 8.702463e-06
9.313725e-02 9.460784e-01 1.313205e-04
1.029412e-01 9.460784e-01 4.626746e-05
1.127451e-01 9.460784e-01 -8.956620e-05
1.225490e-01 9.460784e-01 -8.203317e-05
1.323529e-01 9.460784e-01 2.880931e-05
1.421569e-01 9.460784e-01 8.116935e-05
1.519608e-01 9.460784e-01 2.685603e-05
1.617647e-01 9.460784e-01 -4.418839e-05
1.715686e-01 9.460784e-01 -4.979878e-05
1.813725e-01 9.460784e-01 -3.454926e-06
1.911765e-01 9.460784e-01 3.263866e-05
2.009804e-01 9.460784e-01 2.774393e-05
2.107843e-01 9.460784e-01 4.222142e-07
2.205882e-01 9.460784e-01 -1.787618e-05
2.303922e-01 9.460784e-01 -1.575382e-05
2.401961e-01 9.460784e-01 -2.933685e-06
2.500000e-01 9.460784e-01 6.846446e-06
2.598039e-01 9.460784e-01 8.179335e-06
2.696078e-01 9.460784e-01 3.991672e-06
2.794118e-01 9.460784e-01 -5.744888e-07
2.892157e-01 9.460784e-01 -2.702151e-06
2.990196e-01 9.460784e-01 -2.476932e-06
3.088235e-01 9.460784e-01 -1.267539e-06
3.186275e-01 9.460784e-01 -1.927627e-07
3.284314e-01 9.460784e-01 4.031401e-07
3.382353e-01 9.460784e-01 7.015261e-07
3.480392e-01 9.460784e-01 9.288782e-07
3.578431e-01 9.460784e-01 1.010857e-06
3.676471e-01 9.460784e-01 5.211672e-07
3.774510e-01 9.460784e-01 -1.022912e-06
3.872549e-01 9.460784e-01 -3.579422e-06
3.970588e-01 9.460784e-01 -5.978708e-06
4.068627e-01 9.460784e-01 -5.777641e-06
4.166667e-01 9.460784e-01 -6.704597e-08
4.264706e-01 9.460784e-01 1.263893e-05
4.362745e-01 9.460784e-01 3.002033e-05
4.460784e-01 9.460784e-01 4.439450e-05
4.558824e-01 9.460784e-01 4.352429e-05
4.656863e-01 9.460784e-01 1.464910e-05
4.754902e-01 9.460784e-01 -4.892516e-05
4.852941e-01 9.460784e-01 -1.410715e-04
4.950980e-01 9.460784e-01 -2.392931e-04
5.049020e-01 9.460784e-01 -3.072028e-04
5.147059e-01 9.460784e-01 -3.037079e-04
5.245098e-01 9.460784e-01 -1.966325e-04
5.343137e-01 9.460784e-01 2.388897e-05
5.441176e-01 9.460784e-01 3.375179e-04
5.539216e-01 9.460784e-01 6.949644e-04
5.637255e-01 9.460784e-01 1.028752e-03
5.735294e-01 9.460784e-01 1.270296e-03
5.833333e-01 9.460784e-01 1.367835e-03
5.931373e-01 9.460784e-01 1.299393e-03
6.029412e-01 9.460784e-01 1.077281e-03
6.127451e-01 9.460784e-01 7.429583e-04
6.225490e-01 9.460784e-01 3.553447e-04
6.323529e-01 9.460784e-01 -2.394374e-05
6.421569e-01 9.460784e-01 -3.442515e-04
6.519608e-01 9.460784e-01 -5.724489e-04
6.617647e-01 9.460784e-01 -6.991552e-04
6.715686e-01 9.460784e-01 -7.305694e-04
6.813725e-01 9.460784e-01 -6.873195e-04
6.911765e-01 9.460784e-01 -5.980548e-04
7.009804e-01 9.460784e-01 -4.812263e-04
7.107843e-01 9.460784e-01 -3.663023e-04
7.205882e-01 9.460784e-01 -2.628425e-04
7.303922e-01 9.460784e-01 -1.698675e-04
7.401961e-01 9.460784e-01 -1.128282e-04
7.500000e-01 9.460784e-01 -6.459179e-05
7.598039e-01 9.460784e-01 -2.353037e-05
7.696078e-01 9.460784e-01 -2.541160e-05
7.794118e-01 9.460784e-01 -5.001156e-06
7.892157e-01 9.460784e-01 1.775000e-05
7.990196e-01 9.460784e-01 -1.898590e-05
8.088235e-01 9.460784e-01 -2.151946e-07
8.186275e-01 9.460784e-01 3.583972e-05
8.284314e-01 9.460784e-01 -2.880657e-05
8.382353e-01 9.460784e-01 -1.850895e-05
8.480392e-01 9.460784e-01 5.950731e-05
8.578431e-01 9.460784e-01 -2.032123e-05
8.676471e-01 9.460784e-01 -6.255894e-05
8.774510e-01 9.460784e-01 6.920694e-05
8.872549e-01 9.460784e-01 3.771154e-05
8.970588e-01 9.460784e-01 -1.066896e-04
9.068627e-01 9.460784e-01 6.302789e-06
9.166667e-01 9.460784e-01 1.249579e-04
9.264706e-01 9.460784e-01 -5.403957e-05
9.362745e-01 9.460784e-01 -1.265149e-04
9.460784e-01 9.460784e-01 9.407037e-05
9.558824e-01 9.460784e-01 1.203261e-04
9.656863e-01 9.460784e-01 -1.206069e-04
9.754902e-01 9.460784e-01 -1.156008e-04
9.852941e-01 9.460784e-01 1.317399e-04
9.950980e-01 9.460784e-01 1.181257e-04
4.901961e-03 9.558824e-01 1.086169e-04
1.470588e-02 9.558824e-01 -1.473984e-04
2.450980e-02 9.558824e-01 -1.160919e-04
3.431373e-02 9.558824e-01 1.338940e-04
4.411765e-02 9.558824e-01 1.313258e-04
5.392157e-02 9.558824e-01 -1.017904e-04
6.372549e-02 9.558824e-01 -1.459373e-04
7.352941e-02 9.558824e-01 5.175113e-05
8.333333e-02 9.558824e-01 1.470504e-04
9.313725e-02 9.558824e-01 8.686324e-06
1.029412e-01 9.558824e-01 -1.225748e-04
1.127451e-01 9.558824e-01 -6.246564e-05
1.225490e-01 9.558824e-01 7.031852e-05
1.323529e-01 9.558824e-01 8.761162e-05
1.421569e-01 9.558824e-01 -5.800795e-06
1.519608e-01 9.558824e-01 -7.124402e-05
1.617647e-01 9.558824e-01 -4.130779e-05
1.715686e-01 9.558824e-01 2.476014e-05
1.813725e-01 9.558824e-01 4.748830e-05
1.911765e-01 9.558824e-01 1.784722e-05
2.009804e-01 9.558824e-01 -1.891945e-05
2.107843e-01 9.558824e-01 -2.729814e-05
2.205882e-01 9.558824e-01 -1.042808e-05
2.303922e-01 9.558824e-01 8.440193e-06
2.401961e-01 9.558824e-01 1.402800e-05
2.500000e-01 9.558824e-01 7.770636e-06
2.598039e-01 9.558824e-01 -9.229910e-07
2.696078e-01 9.558824e-01 -5.315918e-06
2.794118e-01 9.558824e-01 -4.728142e-06
2.892157e-01 9.558824e-01 -1.923216e-06
2.990196e-01 9.558824e-01 4.516646e-07
3.088235e-01 9.558824e-01 1.424343e-06
3.186275e-01 9.558824e-01 1.341770e-06
3.284314e-01 9.558824e-01 8.957218e-07
3.382353e-01 9.558824e-01 4.643916e-07
3.480392e-01 9.558824e-01 -6.772252e-09
3.578431e-01 9.558824e-01 -7.431525e-07
3.676471e-01 9.558824e-01 -1.727679e-06
3.774510e-01 9.558824e-01 -2.368174e-06
3.872549e-01 9.558824e-01 -1.506709e-06
3.970588e-01 9.558824e-01 2.007476e-06
4.068627e-01 9.558824e-01 8.204133e-06
4.166667e-01 9.558824e-01 1.480074e-05
4.264706e-01 9.558824e-01 1.680569e-05
4.362745e-01 9.558824e-01 7.806190e-06
4.460784e-01 9.558824e-01 -1.679012e-05
4.558824e-01 9.558824e-01 -5.544313e-05
4.656863e-01 9.558824e-01 -9.712705e-05
4.754902e-01 9.558824e-01 -1.213533e-04
4.852941e-01 9.558824e-01 -1.030916e-04
4.950980e-01 9.558824e-01 -2.204213e-05
5.049020e-01 9.558824e-01 1.266839e-04
5.147059e-01 9.558824e-01 3.249185e-04
5.245098e-01 9.558824e-01 5.308925e-04
5.343137e-01 9.558824e-01 6.874981e-04
5.441176e-01 9.558824e-01 7.375874e-04
5.539216e-01 9.558824e-01 6.414833e-04
5.637255e-01 9.558824e-01 3.906222e-04
5.735294e-01 9.558824e-01 1.246127e-05
5.833333e-01 9.558824e-01 -4.351818e-04
5.931373e-01 9.558824e-01 -8.783781e-04
6.029412e-01 9.558824e-01 -1.245211e-03
6.127451e-01 9.558824e-01 -1.482298e-03
6.225490e-01 9.558824e-01 -1.564523e-03
6.323529e-01 9.558824e-01 -1.497730e-03
6.421569e-01 9.558824e-01 -1.311648e-03
6.519608e-01 9.558824e-01 -1.051272e-03
6.617647e-01 9.558824e-01 -7.643256e-04
6.715686e-01 9.558824e-01 -4.899386e-04
6.813725e-01 9.558824e-01 -2.599763e-04
6.911765e-01 9.558824e-01 -8.404587e-05
7.009804e-01 9.558824e-01 3.339122e-05
7.107843e-01 9.558824e-01 9.564563e-05
7.205882e-01 9.558824e-01 1.273368e-04
7.303922e-01 9.558824e-01 1.236949e-04
7.401961e-01 9.558824e-01 1.046013e-04
7.500000e-01 9.558824e-01 9.544346e-05
7.598039e-01 9.558824e-01 6.028990e-05
7.696078e-01 9.558824e-01 3.957840e-05
7.794118e-01 9.558824e-01 4.743779e-05
7.892157e-01 9.558824e-01 7.514017e-06
7.990196e-01 9.558824e-01 -5.429465e-08
8.088235e-01 9.558824e-01 3.809598e-05
8.186275e-01 9.558824e-01 -1.281033e-05
8.284314e-01 9.558824e-01 -2.709265e-05
8.382353e-01 9.558824e-01 5.124036e-05
8.480392e-01 9.558824e-01 -3.171502e-06
8.578431e-01 9.558824e-01 -6.516907e-05
8.676471e-01 9.558824e-01 5.284419e-05
8.774510e-01 9.558824e-01 4.931713e-05
8.872549e-01 9.558824e-01 -9.721093e-05
8.970588e-01 9.558824e-01 -8.060667e-06
9.068627e-01 9.558824e-01 1.225872e-04
9.166667e-01 9.558824e-01 -4.317916e-05
9.264706e-01 9.558824e-01 -1.276577e-04
9.362745e-01 9.558824e-01 9.012038e-05
9.460784e-01 9.558824e-01 1.203261e-04
9.558824e-01 9.558824e-01 -1.246370e-04
9.656863e-01 9.558824e-01 -1.112083e-04
9.754902e-01 9.558824e-01 1.439455e-04
9.852941e-01 9.558824e-01 1.086169e-04
9.950980e-01 9.558824e-01 -1.473984e-04
4.901961e-03 9.656863e-01 -1.596377e-04
1.470588e-02 9.656863e-01 -1.053243e-04
2.450980e-02 9.656863e-01 1.551349e-04
3.431373e-02 9.656863e-01 1.186200e-04
4.411765e-02 9.656863e-01 -1.327121e-04
5.392157e-02 9.656863e-01 -1.375439e-04
6.372549e-02 9.656863e-01 9.079516e-05
7.352941e-02 9.656863e-01 1.506735e-04
8.333333e-02 9.656863e-01 -3.221171e-05
9.313725e-02 9.656863e-01 -1.436588e-04
1.029412e-01 9.656863e-01 -3.111120e-05
1.127451e-01 9.656863e-01 1.067358e-04
1.225490e-01 9.656863e-01 7.791880e-05
1.323529e-01 9.656863e-01 -4.484163e-05
1.421569e-01 9.656863e-01 -8.697770e-05
1.519608e-01 9.656863e-01 -1.794381e-05
1.617647e-01 9.656863e-01 5.428088e-05
1.715686e-01 9.656863e-01 4.999552e-05
1.813725e-01 9.656863e-01 -3.719249e-06
1.911765e-01 9.656863e-01 -3.809663e-05
2.009804e-01 9.656863e-01 -2.700321e-05
2.107843e-01 9.656863e-01 3.858212e-06
2.205882e-01 9.656863e-01 2.095864e-05
2.303922e-01 9.656863e-01 1.566611e-05
2.401961e-01 9.656863e-01 9.304224e-07
2.500000e-01 9.656863e-01 -8.626304e-06
2.598039e-01 9.656863e-01 -8.669318e-06
2.696078e-01 9.656863e-01 -3.445057e-06
2.794118e-01 9.656863e-01 1.382503e-06
2.892157e-01 9.656863e-01 3.219547e-06
2.990196e-01 9.656863e-01 2.589498e-06
3.088235e-01 9.656863e-01 1.128770e-06
3.186275e-01 9.656863e-01 -1.200660e-08
3.284314e-01 9.656863e-01 -5.758402e-07
3.382353e-01 9.656863e-01 -8.232644e-07
3.480392e-01 9.656863e-01 -9.940813e-07
3.578431e-01 9.656863e-01 -9.751468e-07
3.676471e-01 9.656863e-01 -3.086597e-07
3.774510e-01 9.656863e-01 1.439772e-06
3.872549e-01 9.656863e-01 4.057770e-06
3.970588e-01 9.656863e-01 6.122962e-06
4.068627e-01 9.656863e-01 5.010616e-06
4.166667e-01 9.656863e-01 -2.064323e-06
4.264706e-01 9.656863e-01 -1.596223e-05
4.362745e-01 9.656863e-01 -3.325527e-05
4.460784e-01 9.656863e-01 -4.504006e-05
4.558824e-01 9.656863e-01 -3.844531e-05
4.656863e-01 9.656863e-01 -1.449164e-06
4.754902e-01 9.656863e-01 7.006957e-05
4.852941e-01 9.656863e-01 1.658420e-04
4.950980e-01 9.656863e-01 2.588099e-04
5.049020e-01 9.656863e-01 3.093933e-04
5.147059e-01 9.656863e-01 2.764734e-04
5.245098e-01 9.656863e-01 1.320394e-04
5.343137e-01 9.656863e-01 -1.257553e-04
5.441176e-01 9.656863e-01 -4.665009e-04
5.539216e-01 9.656863e-01 -8.315617e-04
5.637255e-01 9.656863e-01 -1.147683e-03
5.735294e-01 9.656863e-01 -1.345995e-03
5.833333e-01 9.656863e-01 -1.380287e-03
5.931373e-01 9.656863e-01 -1.238639e-03
6.029412e-01 9.656863e-01 -9.453952e-04
6.127451e-01 9.656863e-01 -5.530904e-04
6.225490e-01 9.656863e-01 -1.284477e-04
6.323529e-01 9.656863e-01 2.638200e-04
6.421569e-01 9.656863e-01 5.744537e-04
6.519608e-01 9.656863e-01 7.753051e-04
6.617647e-01 9.656863e-01 8.639913e-04
6.715686e-01 9.656863e-01 8.533360e-04
6.813725e-01 9.656863e-01 7.704237e-04
6.911765e-01 9.656863e-01 6.473067e-04
7.009804e-01 9.656863e-01 5.042745e-04
7.107843e-01 9.656863e-01 3.722610e-04
7.205882e-01 9.656863e-01 2.573968e-04
7.303922e-01 9.656863e-01 1.592812e-04
7.401961e-01 9.656863e-01 1.020946e-04
7.500000e-01 9.656863e-01 5.251049e-05
7.598039e-01 9.656863e-01 1.453359e-05
7.696078e-01 9.656863e-01 2.038335e-05
7.794118e-01 9.656863e-01 -2.560919e-06
7.892157e-01 9.656863e-01 -2.061549e-05
7.990196e-01 9.656863e-01 2.042519e-05
8.088235e-01 9.656863e-01 -5.807187e-06
8.186275e-01 9.656863e-01 -3.677996e-05
8.284314e-01 9.656863e-01 3.542740e-05
8.382353e-01 9.656863e-01 1.202854e-05
8.480392e-01 9.656863e-01 -6.393372e-05
8.578431e-01 9.656863e-01 3.217938e-05
8.676471e-01 9.656863e-01 5.954217e-05
8.774510e-01 9.656863e-01 -8.265154e-05
8.872549e-01 9.656863e-01 -2.576005e-05
8.970588e-01 9.656863e-01 1.168804e-04
9.068627e-01 9.656863e-01 -2.583971e-05
9.166667e-01 9.656863e-01 -1.287687e-04
9.264706e-01 9.656863e-01 7.835026e-05
9.362745e-01 9.656863e-01 1.232265e-04
9.460784e-01 9.656863e-01 -1.206069e-04
9.558824e-01 9.656863e-01 -1.112083e-04
9.656863e-01 9.656863e-01 1.479682e-04
9.754902e-01 9.656863e-01 1.031180e-04
9.852941e-01 9.656863e-01 -1.596377e-04
9.950980e-01 9.656863e-01 -1.053243e-04
4.901961e-03 9.754902e-01 -9.917401e-05
1.470588e-02 9.754902e-01 1.675459e-04
2.450980e-02 9.754902e-01 1.075801e-04
3.431373e-02 9.754902e-01 -1.545426e-04
4.411765e-02 9.754902e-01 -1.260610e-04
5.392157e-02 9.754902e-01 1.223412e-04
6.372549e-02 9.754902e-01 1.458684e-04
7.352941e-02 9.754902e-01 -7.048825e-05
8.333333e-02 9.754902e-01 -1.530329e-04
9.313725e-02 9.754902e-01 5.534475e-06
1.029412e-01 9.754902e-01 1.334971e-04
1.127451e-01 9.754902e-01 5.539560e-05
1.225490e-01 9.754902e-01 -8.276938e-05
1.323529e-01 9.754902e-01 -8.846386e-05
1.421569e-01 9.754902e-01 1.516332e-05
1.519608e-01 9.754902e-01 7.754191e-05
1.617647e-01 9.754902e-01 3.823681e-05
1.715686e-01 9.754902e-01 -3.149557e-05
1.813725e-01 9.754902e-01 -5.003145e-05
1.911765e-01 9.754902e-01 -1.496309e-05
2.009804e-01 9.754902e-01 2.290787e-05
2.107843e-01 9.754902e-01 2.855843e-05
2.205882e-01 9.754902e-01 8.853501e-06
2.303922e-01 9.754902e-01 -1.060604e-05
2.401961e-01 9.754902e-01 -1.497058e-05
2.500000e-01 9.754902e-01 -7.317865e-06
2.598039e-01 9.754902e-01 1.903695e-06
2.696078e-01 9.754902e-01 5.999595e-06
2.794118e-01 9.754902e-01 4.856929e-06
2.892157e-01 9.754902e-01 1.687070e-06
2.990196e-01 9.754902e-01 -7.589928e-07
3.088235e-01 9.754902e-01 -1.628450e-06
3.186275e-01 9.754902e-01 -1.415421e-06
3.284314e-01 9.754902e-01 -8.826139e-07
3.382353e-01 9.754902e-01 -4.033079e-07
3.480392e-01 9.754902e-01 1.074478e-07
3.578431e-01 9.754902e-01 8.802648e-07
3.676471e-01 9.754902e-01 1.854446e-06
3.774510e-01 9.754902e-01 2.362729e-06
3.872549e-01 9.754902e-01 1.202559e-06
3.970588e-01 9.754902e-01 -2.703551e-06
4.068627e-01 9.754902e-01 -9.132794e-06
4.166667e-01 9.754902e-01 -1.540698e-05
4.264706e-01 9.754902e-01 -1.617878e-05
4.362745e-01 9.754902e-01 -5.023114e-06
4.460784e-01 9.754902e-01 2.202738e-05
4.558824e-01 9.754902e-01 6.208624e-05
4.656863e-01 9.754902e-01 1.023591e-04
4.754902e-01 9.754902e-01 1.208731e-04
4.852941e-01 9.754902e-01 9.231400e-05
4.950980e-01 9.754902e-01 -1.964042e-06
5.049020e-01 9.754902e-01 -1.631195e-04
5.147059e-01 9.754902e-01 -3.678852e-04
5.245098e-01 9.754902e-01 -5.694877e-04
5.343137e-01 9.754902e-01 -7.076835e-04
5.441176e-01 9.754902e-01 -7.254933e-04
5.539216e-01 9.754902e-01 -5.872257e-04
5.637255e-01 9.754902e-01 -2.914366e-04
5.735294e-01 9.754902e-01 1.258734e-04
5.833333e-01 9.754902e-01 5.991168e-04
5.931373e-01 9.754902e-01 1.049331e-03
6.029412e-01 9.754902e-01 1.403465e-03
6.127451e-01 9.754902e-01 1.610921e-03
6.225490e-01 9.754902e-01 1.652328e-03
6.323529e-01 9.754902e-01 1.540672e-03
6.421569e-01 9.754902e-01 1.312413e-03
6.519608e-01 9.754902e-01 1.017844e-03
6.617647e-01 9.754902e-01 7.073642e-04
6.715686e-01 9.754902e-01 4.207203e-04
6.813725e-01 9.754902e-01 1.885085e-04
6.911765e-01 9.754902e-01 1.733878e-05
7.009804e-01 9.754902e-01 -9.026557e-05
7.107843e-01 9.754902e-01 -1.411043e-04
7.205882e-01 9.754902e-01 -1.618148e-04
7.303922e-01 9.754902e-01 -1.472017e-04
7.401961e-01 9.754902e-01 -1.208102e-04
7.500000e-01 9.754902e-01 -1.058993e-04
7.598039e-01 9.754902e-01 -6.473356e-05
7.696078e-01 9.754902e-01 -4.354431e-05
7.794118e-01 9.754902e-01 -4.962115e-05
7.892157e-01 9.754902e-01 -5.489547e-06
7.990196e-01 9.754902e-01 -1.863070e-06
8.088235e-01 9.754902e-01 -3.970295e-05
8.186275e-01 9.754902e-01 1.752937e-05
8.284314e-01 9.754902e-01 2.514648e-05
8.382353e-01 9.754902e-01 -5.565599e-05
8.480392e-01 9.754902e-01 1.001387e-05
8.578431e-01 9.754902e-01 6.593453e-05
8.676471e-01 9.754902e-01 -6.231153e-05
8.774510e-01 9.754902e-01 -4.389217e-05
8.872549e-01 9.754902e-01 1.059961e-04
8.970588e-01 9.754902e-01 -3.458808e-06
9.068627e-01 9.754902e-01 -1.276826e-04
9.166667e-01 9.754902e-01 5.913935e-05
9.264706e-01 9.754902e-01 1.277068e-04
9.362745e-01 9.754902e-01 -1.084747e-04
9.460784e-01 9.754902e-01 -1.156008e-04
9.558824e-01 9.754902e-01 1.439455e-04
9.656863e-01 9.754902e-01 1.031180e-04
9.754902e-01 9.754902e-01 -1.636500e-04
9.852941e-01 9.754902e-01 -9.917401e-05
9.950980e-01 9.754902e-01 1.675459e-04
4.901961e-03 9.852941e-01 1.716067e-04
1.470588e-02 9.852941e-01 1.012762e-04
2.450980e-02 9.852941e-01 -1.673395e-04
3.431373e-02 9.852941e-01 -1.158056e-04
4.411765e-02 9.852941e-01 1.448983e-04
5.392157e-02 9.852941e-01 1.371847e-04
6.372549e-02 9.852941e-01 -1.021972e-04
7.352941e-02 9.852941e-01 -1.535273e-04
8.333333e-02 9.852941e-01 4.147391e-05
9.313725e-02 9.852941e-01 1.495394e-04
1.029412e-01 9.852941e-01 2.555505e-05
1.127451e-01 9.852941e-01 -1.141697e-04
1.225490e-01 9.852941e-01 -7.696561e-05
1.323529e-01 9.852941e-01 5.134504e-05
1.421569e-01 9.852941e-01 8.989788e-05
1.519608e-01 9.852941e-01 1.466873e-05
1.617647e-01 9.852941e-01 -5.858308e-05
1.715686e-01 9.852941e-01 -5.046669e-05
1.813725e-01 9.852941e-01 6.502338e-06
1.911765e-01 9.852941e-01 4.049216e-05
2.009804e-01 9.852941e-01 2.693057e-05
2.107843e-01 9.852941e-01 -5.533154e-06
2.205882e-01 9.852941e-01 -2.230692e-05
2.303922e-01 9.852941e-01 -1.575405e-05
2.401961e-01 9.852941e-01 -1.669011e-07
2.500000e-01 9.852941e-01 9.377870e-06
2.598039e-01 9.852941e-01 8.924553e-06
2.696078e-01 9.852941e-01 3.260803e-06
2.794118e-01 9.852941e-01 -1.704465e-06
2.892157e-01 9.852941e-01 -3.443444e-06
2.990196e-01 9.852941e-01 -2.652425e-06
3.088235e-01 9.852941e-01 -1.083670e-06
3.186275e-01 9.852941e-01 9.107933e-08
3.284314e-01 9.852941e-01 6.465850e-07
3.382353e-01 9.852941e-01 8.760532e-07
3.480392e-01 9.852941e-01 1.026455e-06
3.578431e-01 9.852941e-01 9.690057e-07
3.676471e-01 9.852941e-01 2.302668e-07
3.774510e-01 9.852941e-01 -1.609243e-06
3.872549e-01 9.852941e-01 -4.270792e-06
3.970588e-01 9.852941e-01 -6.225051e-06
4.068627e-01 9.852941e-01 -4.758250e-06
4.166667e-01 9.852941e-01 2.888519e-06
4.264706e-01 9.852941e-01 1.734409e-05
4.362745e-01 9.852941e-01 3.473348e-05
4.460784e-01 9.852941e-01 4.562323e-05
4.558824e-01 9.852941e-01 3.680806e-05
4.656863e-01 9.852941e-01 -3.534918e-06
4.754902e-01 9.852941e-01 -7.856622e-05
4.852941e-01 9.852941e-01 -1.763486e-04
4.950980e-01 9.852941e-01 -2.678719e-04
5.049020e-01 9.852941e-01 -3.120387e-04
5.147059e-01 9.852941e-01 -2.674196e-04
5.245098e-01 9.852941e-01 -1.074026e-04
5.343137e-01 9.852941e-01 1.667838e-04
5.441176e-01 9.852941e-01 5.206258e-04
5.539216e-01 9.852941e-01 8.914533e-04
5.637255e-01 9.852941e-01 1.203239e-03
5.735294e-01 9.852941e-01 1.386489e-03
5.833333e-01 9.852941e-01 1.396778e-03
5.931373e-01 9.852941e-01 1.225962e-03
6.029412e-01 9.852941e-01 9.031937e-04
6.127451e-01 9.852941e-01 4.856551e-04
6.225490e-01 9.852941e-01 4.356838e-05
6.323529e-01 9.852941e-01 -3.566801e-04
6.421569e-01 9.852941e-01 -6.659986e-04
6.519608e-01 9.852941e-01 -8.579411e-04
6.617647e-01 9.852941e-01 -9.327936e-04
6.715686e-01 9.852941e-01 -9.060161e-04
6.813725e-01 9.852941e-01 -8.073723e-04
6.911765e-01 9.852941e-01 -6.704548e-04
7.009804e-01 9.852941e-01 -5.164048e-04
7.107843e-01 9.852941e-01 -3.769488e-04
7.205882e-01 9.852941e-01 -2.569383e-04
7.303922e-01 9.852941e-01 -1.561918e-04
7.401961e-01 9.852941e-01 -9.858717e-05
7.500000e-01 9.852941e-01 -4.816000e-05
7.598039e-01 9.852941e-01 -1.111726e-05
7.696078e-01 9.852941e-01 -1.856741e-05
7.794118e-01 9.852941e-01 5.511233e-06
7.892157e-01 9.852941e-01 2.189096e-05
7.990196e-01 9.852941e-01 -2.113258e-05
8.088235e-01 9.852941e-01 8.167842e-06
8.186275e-01 9.852941e-01 3.743282e-05
8.284314e-01 9.852941e-01 -3.824889e-05
8.382353e-01 9.852941e-01 -9.638766e-06
8.480392e-01 9.852941e-01 6.614052e-05
8.578431e-01 9.852941e-01 -3.698281e-05
8.676471e-01 9.852941e-01 -5.886260e-05
8.774510e-01 9.852941e-01 8.846604e-05
8.872549e-01 9.852941e-01 2.138789e-05
8.970588e-01 9.852941e-01 -1.217239e-04
9.068627e-01 9.852941e-01 3.353028e-05
9.166667e-01 9.852941e-01 1.312658e-04
9.264706e-01 9.852941e-01 -8.829073e-05
9.362745e-01 9.852941e-01 -1.229624e-04
9.460784e-01 9.852941e-01 1.317399e-04
9.558824e-01 9.852941e-01 1.086169e-04
9.656863e-01 9.852941e-01 -1.596377e-04
9.754902e-01 9.852941e-01 -9.917401e-05
9.852941e-01 9.852941e-01 1.716067e-04
9.950980e-01 9.852941e-01 1.012762e-04
4.901961e-03 9.950980e-01 1.012762e-04
1.470588e-02 9.950980e-01 -1.715338e-04
2.450980e-02 9.950980e-01 -1.098805e-04
3.431373e-02 9.950980e-01 1.582474e-04
4.411765e-02 9.950980e-01 1.288118e-04
5.392157e-02 9.950980e-01 -1.253292e-04
6.372549e-02 9.950980e-01 -1.491239e-04
7.352941e-02 9.950980e-01 7.230154e-05
8.333333e-02 9.950980e-01 1.565249e-04
9.313725e-02 9.950980e-01 -5.847155e-06
1.029412e-01 9.950980e-01 -1.366213e-04
1.127451e-01 9.950980e-01 -5.653127e-05
1.225490e-01 9.950980e-01 8.479019e-05
1.323529e-01 9.950980e-01 9.044501e-05
1.421569e-01 9.950980e-01 -1.564191e-05
1.519608e-01 9.950980e-01 -7.936331e-05
1.617647e-01 9.950980e-01 -3.903676e-05
1.715686e-01 9.950980e-01 3.230632e-05
1.813725e-01 9.950980e-01 5.118465e-05
1.911765e-01 9.950980e-01 1.524341e-05
2.009804e-01 9.950980e-01 -2.348856e-05
2.107843e-01 9.950980e-01 -2.921431e-05
2.205882e-01 9.950980e-01 -9.017933e-06
2.303922e-01 9.950980e-01 1.088495e-05
2.401961e-01 9.950980e-01 1.532111e-05
2.500000e-01 9.950980e-01 7.469055e-06
2.598039e-01 9.950980e-01 -1.968441e-06
2.696078e-01 9.950980e-01 -6.148181e-06
2.794118e-01 9.950980e-01 -4.966934e-06
2.892157e-01 9.950980e-01 -1.717834e-06
2.990196e-01 9.950980e-01 7.841700e-07
3.088235e-01 9.950980e-01 1.669949e-06
3.186275e-01 9.950980e-01 1.448283e-06
3.284314e-01 9.950980e-01 9.009314e-07
3.382353e-01 9.950980e-01 4.098086e-07
3.480392e-01 9.950980e-01 -1.122803e-07
3.578431e-01 9.950980e-01 -9.011808e-07
3.676471e-01 9.950980e-01 -1.894580e-06
3.774510e-01 9.950980e-01 -2.410457e-06
3.872549e-01 9.950980e-01 -1.221048e-06
3.970588e-01 9.950980e-01 2.771469e-06
4.068627e-01 9.950980e-01 9.334453e-06
4.166667e-01 9.950980e-01 1.572696e-05
4.264706e-01 9.950980e-01 1.648587e-05
4.362745e-01 9.950980e-01 5.056768e-06
4.460784e-01 9.950980e-01 -2.259138e-05
4.558824e-01 9.950980e-01 -6.347868e-05
4.656863e-01 9.950980e-01 -1.045057e-04
4.754902e-01 9.950980e-01 -1.232166e-04
4.852941e-01 9.950980e-01 -9.377953e-05
4.950980e-01 9.950980e-01 2.778613e-06
5.049020e-01 9.950980e-01 1.675287e-04
5.147059e-01 9.950980e-01 3.765791e-04
5.245098e-01 9.950980e-01 5.820564e-04
5.343137e-01 9.950980e-01 7.223987e-04
5.441176e-01 9.950980e-01 7.394765e-04
5.539216e-01 9.950980e-01 5.970011e-04
5.637255e-01 9.950980e-01 2.937298e-04
5.735294e-01 9.950980e-01 -1.333233e-04
5.833333e-01 9.950980e-01 -6.169759e-04
5.931373e-01 9.950980e-01 -1.076486e-03
6.029412e-01 9.950980e-01 -1.437271e-03
6.127451e-01 9.950980e-01 -1.647798e-03
6.225490e-01 9.950980e-01 -1.688497e-03
6.323529e-01 9.950980e-01 -1.572875e-03
6.421569e-01 9.950980e-01 -1.338380e-03
6.519608e-01 9.950980e-01 -1.036529e-03
6.617647e-01 9.950980e-01 -7.188515e-04
6.715686e-01 9.950980e-01 -4.259325e-04
6.813725e-01 9.950980e-01 -1.889527e-04
6.911765e-01 9.950980e-01 -1.454095e-05
7.009804e-01 9.950980e-01 9.480758e-05
7.107843e-01 9.950980e-01 1.461549e-04
7.205882e-01 9.950980e-01 1.667851e-04
7.303922e-01 9.950980e-01 1.513789e-04
7.401961e-01 9.950980e-01 1.240807e-04
7.500000e-01 9.950980e-01 1.086034e-04
7.598039e-01 9.950980e-01 6.632761e-05
7.696078e-01 9.950980e-01 4.461522e-05
7.794118e-01 9.950980e-01 5.076755e-05
7.892157e-01 9.950980e-01 5.567430e-06
7.990196e-01 9.950980e-01 1.928179e-06
8.088235e-01 9.950980e-01 4.060277e-05
8.186275e-01 9.950980e-01 -1.800581e-05
8.284314e-01 9.950980e-01 -2.568097e-05
8.382353e-01 9.950980e-01 5.695963e-05
8.480392e-01 9.950980e-01 -1.034306e-05
8.578431e-01 9.950980e-01 -6.741695e-05
8.676471e-01 9.950980e-01 6.383523e-05
8.774510e-01 9.950980e-01 4.479507e-05
8.872549e-01 9.950980e-01 -1.084812e-04
8.970588e-01 9.950980e-01 3.689320e-06
9.068627e-01 9.950980e-01 1.306000e-04
9.166667e-01 9.950980e-01 -6.066504e-05
9.264706e-01 9.950980e-01 -1.305603e-04
9.362745e-01 9.950980e-01 1.111271e-04
9.460784e-01 9.950980e-01 1.181257e-04
9.558824e-01 9.950980e-01 -1.473984e-04
9.656863e-01 9.950980e-01 -1.053243e-04
9.754902e-01 9.950980e-01 1.675459e-04
9.852941e-01 9.950980e-01 1.012762e-04
9.950980e-01 9.950980e-01 -1.715338e-04
