TITLE = "2D Linear Advection"
VARIABLES = "x" "y" "u"
ZONE I=102, J=102, F=POINT
4.901961e-03 4.901961e-03 -1.712096e-02
1.470588e-02 4.901961e-03 2.563914e-01
2.450980e-02 4.901961e-03 2.571199e-02
3.431373e-02 4.901961e-03 -2.517911e-01
4.411765e-02 4.901961e-03 -4.923841e-02
5.392157e-02 4.901961e-03 2.364952e-01
6.372549e-02 4.901961e-03 8.447475e-02
7.352941e-02 4.901961e-03 -2.060727e-01
8.333333e-02 4.901961e-03 -1.236119e-01
9.313725e-02 4.901961e-03 1.576646e-01
1.029412e-01 4.901961e-03 1.556464e-01
1.127451e-01 4.901961e-03 -9.249931e-02
1.225490e-01 4.901961e-03 -1.680394e-01
1.323529e-01 4.901961e-03 1.887585e-02
1.421569e-01 4.901961e-03 1.512840e-01
1.519608e-01 4.901961e-03 4.769375e-02
1.617647e-01 4.901961e-03 -1.047043e-01
1.715686e-01 4.901961e-03 -8.887050e-02
1.813725e-01 4.901961e-03 4.038915e-02
1.911765e-01 4.901961e-03 9.231409e-02
2.009804e-01 4.901961e-03 1.910848e-02
2.107843e-01 4.901961e-03 -6.072709e-02
2.205882e-01 4.901961e-03 -5.116820e-02
2.303922e-01 4.901961e-03 1.384714e-02
2.401961e-01 4.901961e-03 4.707163e-02
2.500000e-01 4.901961e-03 2.150839e-02
2.598039e-01 4.901961e-03 -1.904216e-02
2.696078e-01 4.901961e-03 -2.896860e-02
2.794118e-01 4.901961e-03 -8.089235e-03
2.892157e-01 4.901961e-03 1.381708e-02
2.990196e-01 4.901961e-03 1.629257e-02
3.088235e-01 4.901961e-03 3.847954e-03
3.186275e-01 4.901961e-03 -7.532730e-03
3.284314e-01 4.901961e-03 -8.821586e-03
3.382353e-01 4.901961e-03 -2.809145e-03
3.480392e-01 4.901961e-03 3.030384e-03
3.578431e-01 4.901961e-03 4.433598e-03
3.676471e-01 4.901961e-03 2.225601e-03
3.774510e-01 4.901961e-03 -5.471164e-04
3.872549e-01 4.901961e-03 -1.805092e-03
3.970588e-01 4.901961e-03 -1.421381e-03
4.068627e-01 4.901961e-03 -3.743561e-04
4.166667e-01 4.901961e-03 4.148034e-04
4.264706e-01 4.901961e-03 6.205958e-04
4.362745e-01 4.901961e-03 3.932023e-04
4.460784e-01 4.901961e-03 4.266833e-05
4.558824e-01 4.901961e-03 -1.921420e-04
4.656863e-01 4.901961e-03 -2.161141e-04
4.754902e-01 4.901961e-03 -1.821300e-05
4.852941e-01 4.901961e-03 2.255541e-04
4.950980e-01 4.901961e-03 3.576534e-04
5.049020e-01 4.901961e-03 1.829367e-04
5.147059e-01 4.901961e-03 -4.148825e-04
5.245098e-01 4.901961e-03 -8.854344e-04
5.343137e-01 4.901961e-03 -1.159994e-03
5.441176e-01 4.901961e-03 -4.762867e-04
5.539216e-01 4.901961e-03 1.275101e-03
5.637255e-01 4.901961e-03 2.410380e-03
5.735294e-01 4.901961e-03 3.575276e-03
5.833333e-01 4.901961e-03 2.218289e-03
5.931373e-01 4.901961e-03 -2.167931e-03
6.029412e-01 4.901961e-03 -4.715707e-03
6.127451e-01 4.901961e-03 -9.019059e-03
6.225490e-01 4.901961e-03 -9.406874e-03
6.323529e-01 4.901961e-03 -4.791027e-04
6.421569e-01 4.901961e-03 3.753690e-03
6.519608e-01 4.901961e-03 1.280616e-02
6.617647e-01 4.901961e-03 2.515914e-02
6.715686e-01 4.901961e-03 1.380192e-02
6.813725e-01 4.901961e-03 7.038826e-03
6.911765e-01 4.901961e-03 5.572915e-03
7.009804e-01 4.901961e-03 -2.843342e-02
7.107843e-01 4.901961e-03 -3.499746e-02
7.205882e-01 4.901961e-03 -1.117254e-02
7.303922e-01 4.901961e-03 -3.283127e-02
7.401961e-01 4.901961e-03 -1.525439e-02
7.500000e-01 4.901961e-03 5.768750e-02
7.598039e-01 4.901961e-03 4.143236e-02
7.696078e-01 4.901961e-03 3.514283e-02
7.794118e-01 4.901961e-03 1.289287e-01
7.892157e-01 4.901961e-03 1.035053e-01
7.990196e-01 4.901961e-03 1.491349e-02
8.088235e-01 4.901961e-03 1.031415e-01
8.186275e-01 4.901961e-03 1.278572e-01
8.284314e-01 4.901961e-03 -3.785886e-02
8.382353e-01 4.901961e-03 -8.680563e-03
8.480392e-01 4.901961e-03 1.414244e-01
8.578431e-01 4.901961e-03 -3.114140e-03
8.676471e-01 4.901961e-03 -1.342032e-01
8.774510e-01 4.901961e-03 8.046411e-02
8.872549e-01 4.901961e-03 1.360639e-01
8.970588e-01 4.901961e-03 -1.357302e-01
9.068627e-01 4.901961e-03 -1.094124e-01
9.166667e-01 4.901961e-03 1.857646e-01
9.264706e-01 4.901961e-03 7.883790e-02
9.362745e-01 4.901961e-03 -2.181208e-01
9.460784e-01 4.901961e-03 -4.624470e-02
9.558824e-01 4.901961e-03 2.411823e-01
9.656863e-01 4.901961e-03 2.566338e-02
9.754902e-01 4.901961e-03 -2.520152e-01
9.852941e-01 4.901961e-03 -1.712096e-02
9.950980e-01 4.901961e-03 2.563914e-01
4.901961e-03 1.470588e-02 2.563914e-01
1.470588e-02 1.470588e-02 2.183447e-02
2.450980e-02 1.470588e-02 -2.560187e-01
3.431373e-02 1.470588e-02 -3.797142e-02
4.411765e-02 1.470588e-02 2.464145e-01
5.392157e-02 1.470588e-02 6.812485e-02
6.372549e-02 1.470588e-02 -2.236293e-01
7.352941e-02 1.470588e-02 -1.063881e-01
8.333333e-02 1.470588e-02 1.838983e-01
9.313725e-02 1.470588e-02 1.432707e-01
1.029412e-01 1.470588e-02 -1.260330e-01
1.127451e-01 1.470588e-02 -1.665291e-01
1.225490e-01 1.470588e-02 5.469336e-02
1.323529e-01 1.470588e-02 1.644711e-01
1.421569e-01 1.470588e-02 1.784854e-02
1.519608e-01 1.470588e-02 -1.314056e-01
1.617647e-01 1.470588e-02 -7.370882e-02
1.715686e-01 1.470588e-02 7.303090e-02
1.813725e-01 1.470588e-02 9.631420e-02
1.911765e-01 1.470588e-02 -7.671004e-03
2.009804e-01 1.470588e-02 -8.015516e-02
2.107843e-01 1.470588e-02 -4.028374e-02
2.205882e-01 1.470588e-02 3.717553e-02
2.303922e-01 1.470588e-02 5.367713e-02
2.401961e-01 1.470588e-02 7.195133e-03
2.500000e-01 1.470588e-02 -3.451113e-02
2.598039e-01 1.470588e-02 -2.919599e-02
2.696078e-01 1.470588e-02 3.587692e-03
2.794118e-01 1.470588e-02 2.309673e-02
2.892157e-01 1.470588e-02 1.510291e-02
2.990196e-01 1.470588e-02 -3.857404e-03
3.088235e-01 1.470588e-02 -1.317067e-02
3.186275e-01 1.470588e-02 -8.293756e-03
3.284314e-01 1.470588e-02 1.519452e-03
3.382353e-01 1.470588e-02 6.563104e-03
3.480392e-01 1.470588e-02 4.814346e-03
3.578431e-01 1.470588e-02 2.968503e-04
3.676471e-01 1.470588e-02 -2.618298e-03
3.774510e-01 1.470588e-02 -2.604180e-03
3.872549e-01 1.470588e-02 -9.433108e-04
3.970588e-01 1.470588e-02 5.743895e-04
4.068627e-01 1.470588e-02 1.084880e-03
4.166667e-01 1.470588e-02 7.515939e-04
4.264706e-01 1.470588e-02 1.543642e-04
4.362745e-01 1.470588e-02 -2.615938e-04
4.460784e-01 1.470588e-02 -3.442026e-04
4.558824e-01 1.470588e-02 -1.829162e-04
4.656863e-01 1.470588e-02 7.181023e-05
4.754902e-01 1.470588e-02 2.299883e-04
4.852941e-01 1.470588e-02 1.497581e-04
4.950980e-01 1.470588e-02 -1.199838e-04
5.049020e-01 1.470588e-02 -5.392877e-04
5.147059e-01 1.470588e-02 -6.242986e-04
5.245098e-01 1.470588e-02 -2.067399e-04
5.343137e-01 1.470588e-02 5.854606e-04
5.441176e-01 1.470588e-02 1.829698e-03
5.539216e-01 1.470588e-02 1.864138e-03
5.637255e-01 1.470588e-02 8.347112e-04
5.735294e-01 1.470588e-02 -1.082536e-03
5.833333e-01 1.470588e-02 -4.810978e-03
5.931373e-01 1.470588e-02 -5.381661e-03
6.029412e-01 1.470588e-02 -3.791695e-03
6.127451e-01 1.470588e-02 -1.075682e-03
6.225490e-01 1.470588e-02 8.525290e-03
6.323529e-01 1.470588e-02 1.295332e-02
6.421569e-01 1.470588e-02 1.155895e-02
6.519608e-01 1.470588e-02 1.358184e-02
6.617647e-01 1.470588e-02 -1.947604e-03
6.715686e-01 1.470588e-02 -1.984169e-02
6.813725e-01 1.470588e-02 -1.837391e-02
6.911765e-01 1.470588e-02 -3.401598e-02
7.009804e-01 1.470588e-02 -3.653349e-02
7.107843e-01 1.470588e-02 3.115245e-03
7.205882e-01 1.470588e-02 7.686910e-03
7.303922e-01 1.470588e-02 1.392824e-02
7.401961e-01 1.470588e-02 7.731695e-02
7.500000e-01 1.470588e-02 7.156336e-02
7.598039e-01 1.470588e-02 3.116621e-02
7.696078e-01 1.470588e-02 8.911628e-02
7.794118e-01 1.470588e-02 7.996677e-02
7.892157e-01 1.470588e-02 -2.409371e-02
7.990196e-01 1.470588e-02 2.509545e-02
8.088235e-01 1.470588e-02 8.158361e-02
8.186275e-01 1.470588e-02 -5.550121e-02
8.284314e-01 1.470588e-02 -6.196459e-02
8.382353e-01 1.470588e-02 1.003323e-01
8.480392e-01 1.470588e-02 1.303541e-02
8.578431e-01 1.470588e-02 -1.351032e-01
8.676471e-01 1.470588e-02 4.681260e-02
8.774510e-01 1.470588e-02 1.453677e-01
8.872549e-01 1.470588e-02 -1.025894e-01
8.970588e-01 1.470588e-02 -1.208124e-01
9.068627e-01 1.470588e-02 1.667970e-01
9.166667e-01 1.470588e-02 1.003173e-01
9.264706e-01 1.470588e-02 -2.008583e-01
9.362745e-01 1.470588e-02 -6.170301e-02
9.460784e-01 1.470588e-02 2.332622e-01
9.558824e-01 1.470588e-02 3.778491e-02
9.656863e-01 1.470588e-02 -2.477566e-01
9.754902e-01 1.470588e-02 -2.121857e-02
9.852941e-01 1.470588e-02 2.563914e-01
9.950980e-01 1.470588e-02 2.183447e-02
4.901961e-03 2.450980e-02 2.571199e-02
1.470588e-02 2.450980e-02 -2.560187e-01
2.450980e-02 2.450980e-02 -3.408879e-02
3.431373e-02 2.450980e-02 2.510054e-01
4.411765e-02 2.450980e-02 5.741213e-02
5.392157e-02 2.450980e-02 -2.346558e-01
6.372549e-02 2.450980e-02 -9.194405e-02
7.352941e-02 2.450980e-02 2.029350e-01
8.333333e-02 2.450980e-02 1.298533e-01
9.313725e-02 2.450980e-02 -1.532274e-01
1.029412e-01 2.450980e-02 -1.600429e-01
1.127451e-01 2.450980e-02 8.718367e-02
1.225490e-01 2.450980e-02 1.701127e-01
1.323529e-01 2.450980e-02 -1.349959e-02
1.421569e-01 2.450980e-02 -1.509401e-01
1.519608e-01 2.450980e-02 -5.209413e-02
1.617647e-01 2.450980e-02 1.024399e-01
1.715686e-01 2.450980e-02 9.141243e-02
1.813725e-01 2.450980e-02 -3.727349e-02
1.911765e-01 2.450980e-02 -9.270009e-02
2.009804e-01 2.450980e-02 -2.178085e-02
2.107843e-01 2.450980e-02 5.947711e-02
2.205882e-01 2.450980e-02 5.246049e-02
2.303922e-01 2.450980e-02 -1.208932e-02
2.401961e-01 2.450980e-02 -4.688406e-02
2.500000e-01 2.450980e-02 -2.266948e-02
2.598039e-01 2.450980e-02 1.809322e-02
2.696078e-01 2.450980e-02 2.910632e-02
2.794118e-01 2.450980e-02 8.854660e-03
2.892157e-01 2.450980e-02 -1.332403e-02
2.990196e-01 2.450980e-02 -1.641993e-02
3.088235e-01 2.450980e-02 -4.277605e-03
3.186275e-01 2.450980e-02 7.259075e-03
3.284314e-01 2.450980e-02 8.862860e-03
3.382353e-01 2.450980e-02 3.015419e-03
3.480392e-01 2.450980e-02 -2.873118e-03
3.578431e-01 2.450980e-02 -4.414484e-03
3.676471e-01 2.450980e-02 -2.298938e-03
3.774510e-01 2.450980e-02 4.684329e-04
3.872549e-01 2.450980e-02 1.771091e-03
3.970588e-01 2.450980e-02 1.430228e-03
4.068627e-01 2.450980e-02 3.995806e-04
4.166667e-01 2.450980e-02 -3.956014e-04
4.264706e-01 2.450980e-02 -6.141278e-04
4.362745e-01 2.450980e-02 -3.957772e-04
4.460784e-01 2.450980e-02 -4.586104e-05
4.558824e-01 2.450980e-02 1.916757e-04
4.656863e-01 2.450980e-02 2.216560e-04
4.754902e-01 2.450980e-02 2.259065e-05
4.852941e-01 2.450980e-02 -2.246185e-04
4.950980e-01 2.450980e-02 -3.687385e-04
5.049020e-01 2.450980e-02 -2.016552e-04
5.147059e-01 2.450980e-02 3.994784e-04
5.245098e-01 2.450980e-02 8.888432e-04
5.343137e-01 2.450980e-02 1.192153e-03
5.441176e-01 2.450980e-02 5.278763e-04
5.539216e-01 2.450980e-02 -1.244974e-03
5.637255e-01 2.450980e-02 -2.446388e-03
5.735294e-01 2.450980e-02 -3.682802e-03
5.833333e-01 2.450980e-02 -2.392535e-03
5.931373e-01 2.450980e-02 2.077825e-03
6.029412e-01 2.450980e-02 4.842001e-03
6.127451e-01 2.450980e-02 9.372800e-03
6.225490e-01 2.450980e-02 1.006241e-02
6.323529e-01 2.450980e-02 1.034665e-03
6.421569e-01 2.450980e-02 -3.830946e-03
6.519608e-01 2.450980e-02 -1.369525e-02
6.617647e-01 2.450980e-02 -2.749505e-02
6.715686e-01 2.450980e-02 -1.737312e-02
6.813725e-01 2.450980e-02 -1.038969e-02
6.911765e-01 2.450980e-02 -7.882621e-03
7.009804e-01 2.450980e-02 2.943465e-02
7.107843e-01 2.450980e-02 4.276868e-02
7.205882e-01 2.450980e-02 2.655384e-02
7.303922e-01 2.450980e-02 5.749793e-02
7.401961e-01 2.450980e-02 5.192907e-02
7.500000e-01 2.450980e-02 -1.139301e-02
7.598039e-01 2.450980e-02 1.241117e-02
7.696078e-01 2.450980e-02 2.761248e-02
7.794118e-01 2.450980e-02 -6.209164e-02
7.892157e-01 2.450980e-02 -3.835228e-02
7.990196e-01 2.450980e-02 5.094780e-02
8.088235e-01 2.450980e-02 -3.901151e-02
8.186275e-01 2.450980e-02 -7.364522e-02
8.284314e-01 2.450980e-02 8.548419e-02
8.382353e-01 2.450980e-02 5.435806e-02
8.480392e-01 2.450980e-02 -1.061465e-01
8.578431e-01 2.450980e-02 2.686813e-02
8.676471e-01 2.450980e-02 1.579780e-01
8.774510e-01 2.450980e-02 -5.909061e-02
8.872549e-01 2.450980e-02 -1.272750e-01
8.970588e-01 2.450980e-02 1.409206e-01
9.068627e-01 2.450980e-02 1.213453e-01
9.166667e-01 2.450980e-02 -1.784778e-01
9.264706e-01 2.450980e-02 -8.266611e-02
9.362745e-01 2.450980e-02 2.183596e-01
9.460784e-01 2.450980e-02 5.517741e-02
9.558824e-01 2.450980e-02 -2.395954e-01
9.656863e-01 2.450980e-02 -3.335766e-02
9.754902e-01 2.450980e-02 2.520284e-01
9.852941e-01 2.450980e-02 2.571199e-02
9.950980e-01 2.450980e-02 -2.560187e-01
4.901961e-03 3.431373e-02 -2.517911e-01
1.470588e-02 3.431373e-02 -3.797142e-02
2.450980e-02 3.431373e-02 2.510054e-01
3.431373e-02 3.431373e-02 5.367506e-02
4.411765e-02 3.431373e-02 -2.399768e-01
5.392157e-02 3.431373e-02 -8.242406e-02
6.372549e-02 3.431373e-02 2.152450e-01
7.352941e-02 3.431373e-02 1.182354e-01
8.333333e-02 3.431373e-02 -1.735246e-01
9.313725e-02 3.431373e-02 -1.515226e-01
1.029412e-01 3.431373e-02 1.143677e-01
1.127451e-01 3.431373e-02 1.702929e-01
1.225490e-01 3.431373e-02 -4.317087e-02
1.323529e-01 3.431373e-02 -1.635365e-01
1.421569e-01 3.431373e-02 -2.734475e-02
1.519608e-01 3.431373e-02 1.266308e-01
1.617647e-01 3.431373e-02 7.948630e-02
1.715686e-01 3.431373e-02 -6.637350e-02
1.813725e-01 3.431373e-02 -9.767063e-02
1.911765e-01 3.431373e-02 1.639350e-03
2.009804e-01 3.431373e-02 7.790329e-02
2.107843e-01 3.431373e-02 4.367195e-02
2.205882e-01 3.431373e-02 -3.341973e-02
2.303922e-01 3.431373e-02 -5.388969e-02
2.401961e-01 3.431373e-02 -1.012339e-02
2.500000e-01 3.431373e-02 3.270385e-02
2.598039e-01 3.431373e-02 3.005415e-02
2.696078e-01 3.431373e-02 -1.692082e-03
2.794118e-01 3.431373e-02 -2.230024e-02
2.892157e-01 3.431373e-02 -1.580193e-02
2.990196e-01 3.431373e-02 2.775985e-03
3.088235e-01 3.431373e-02 1.277303e-02
3.186275e-01 3.431373e-02 8.674961e-03
3.284314e-01 3.431373e-02 -9.467223e-04
3.382353e-01 3.431373e-02 -6.315360e-03
3.480392e-01 3.431373e-02 -4.952874e-03
3.578431e-01 3.431373e-02 -5.691588e-04
3.676471e-01 3.431373e-02 2.456052e-03
3.774510e-01 3.431373e-02 2.614734e-03
3.872549e-01 3.431373e-02 1.045580e-03
3.970588e-01 3.431373e-02 -4.847148e-04
4.068627e-01 3.431373e-02 -1.056504e-03
4.166667e-01 3.431373e-02 -7.734909e-04
4.264706e-01 3.431373e-02 -1.909372e-04
4.362745e-01 3.431373e-02 2.381565e-04
4.460784e-01 3.431373e-02 3.432674e-04
4.558824e-01 3.431373e-02 1.966451e-04
4.656863e-01 3.431373e-02 -5.544616e-05
4.754902e-01 3.431373e-02 -2.282748e-04
4.852941e-01 3.431373e-02 -1.641749e-04
4.950980e-01 3.431373e-02 9.227608e-05
5.049020e-01 3.431373e-02 5.217317e-04
5.147059e-01 3.431373e-02 6.456680e-04
5.245098e-01 3.431373e-02 2.636816e-04
5.343137e-01 3.431373e-02 -5.018639e-04
5.441176e-01 3.431373e-02 -1.789185e-03
5.539216e-01 3.431373e-02 -1.943998e-03
5.637255e-01 3.431373e-02 -1.011782e-03
5.735294e-01 3.431373e-02 8.126776e-04
5.833333e-01 3.431373e-02 4.627879e-03
5.931373e-01 3.431373e-02 5.534329e-03
6.029412e-01 3.431373e-02 4.216729e-03
6.127451e-01 3.431373e-02 1.868478e-03
6.225490e-01 3.431373e-02 -7.645947e-03
6.323529e-01 3.431373e-02 -1.279015e-02
6.421569e-01 3.431373e-02 -1.209154e-02
6.519608e-01 3.431373e-02 -1.524106e-02
6.617647e-01 3.431373e-02 -1.241294e-03
6.715686e-01 3.431373e-02 1.685652e-02
6.813725e-01 3.431373e-02 1.613924e-02
6.911765e-01 3.431373e-02 3.297977e-02
7.009804e-01 3.431373e-02 4.019678e-02
7.107843e-01 3.431373e-02 5.420197e-03
7.205882e-01 3.431373e-02 4.696579e-03
7.303922e-01 3.431373e-02 6.258736e-03
7.401961e-01 3.431373e-02 -5.061961e-02
7.500000e-01 3.431373e-02 -4.288655e-02
7.598039e-01 3.431373e-02 3.990339e-03
7.696078e-01 3.431373e-02 -4.824271e-02
7.794118e-01 3.431373e-02 -4.241007e-02
7.892157e-01 3.431373e-02 6.284595e-02
7.990196e-01 3.431373e-02 1.897962e-02
8.088235e-01 3.431373e-02 -4.509600e-02
8.186275e-01 3.431373e-02 8.473843e-02
8.284314e-01 3.431373e-02 9.707346e-02
8.382353e-01 3.431373e-02 -7.006033e-02
8.480392e-01 3.431373e-02 1.409813e-03
8.578431e-01 3.431373e-02 1.522051e-01
8.676471e-01 3.431373e-02 -2.308297e-02
8.774510e-01 3.431373e-02 -1.377052e-01
8.872549e-01 3.431373e-02 1.005242e-01
8.970588e-01 3.431373e-02 1.337078e-01
9.068627e-01 3.431373e-02 -1.535413e-01
9.166667e-01 3.431373e-02 -1.081994e-01
9.264706e-01 3.431373e-02 1.949597e-01
9.362745e-01 3.431373e-02 7.610166e-02
9.460784e-01 3.431373e-02 -2.264442e-01
9.558824e-01 3.431373e-02 -5.232097e-02
9.656863e-01 3.431373e-02 2.431110e-01
9.754902e-01 3.431373e-02 3.731269e-02
9.852941e-01 3.431373e-02 -2.517911e-01
9.950980e-01 3.431373e-02 -3.797142e-02
4.901961e-03 4.411765e-02 -4.923841e-02
1.470588e-02 4.411765e-02 2.464145e-01
2.450980e-02 4.411765e-02 5.741213e-02
3.431373e-02 4.411765e-02 -2.399768e-01
4.411765e-02 4.411765e-02 -7.911376e-02
5.392157e-02 4.411765e-02 2.212692e-01
6.372549e-02 4.411765e-02 1.104806e-01
7.352941e-02 4.411765e-02 -1.868550e-01
8.333333e-02 4.411765e-02 -1.435129e-01
9.313725e-02 4.411765e-02 1.351140e-01
1.029412e-01 4.411765e-02 1.673386e-01
1.127451e-01 4.411765e-02 -6.879745e-02
1.225490e-01 4.411765e-02 -1.703543e-01
1.323529e-01 4.411765e-02 -2.545984e-03
1.421569e-01 4.411765e-02 1.448603e-01
1.519608e-01 4.411765e-02 6.310277e-02
1.617647e-01 4.411765e-02 -9.246101e-02
1.715686e-01 4.411765e-02 -9.574709e-02
1.813725e-01 4.411765e-02 2.701869e-02
1.911765e-01 4.411765e-02 9.078784e-02
2.009804e-01 4.411765e-02 2.881695e-02
2.107843e-01 4.411765e-02 -5.394640e-02
2.205882e-01 4.411765e-02 -5.454017e-02
2.303922e-01 4.411765e-02 6.614655e-03
2.401961e-01 4.411765e-02 4.489195e-02
2.500000e-01 4.411765e-02 2.535151e-02
2.598039e-01 4.411765e-02 -1.479633e-02
2.696078e-01 4.411765e-02 -2.865944e-02
2.794118e-01 4.411765e-02 -1.083643e-02
2.892157e-01 4.411765e-02 1.151465e-02
2.990196e-01 4.411765e-02 1.635797e-02
3.088235e-01 4.411765e-02 5.437210e-03
3.186275e-01 4.411765e-02 -6.270104e-03
3.284314e-01 4.411765e-02 -8.784937e-03
3.382353e-01 4.411765e-02 -3.577309e-03
3.480392e-01 4.411765e-02 2.333865e-03
3.578431e-01 4.411765e-02 4.279268e-03
3.676471e-01 4.411765e-02 2.501576e-03
3.774510e-01 4.411765e-02 -2.011275e-04
3.872549e-01 4.411765e-02 -1.638066e-03
3.970588e-01 4.411765e-02 -1.456556e-03
4.068627e-01 4.411765e-02 -5.004323e-04
4.166667e-01 4.411765e-02 3.108933e-04
4.264706e-01 4.411765e-02 5.857853e-04
4.362745e-01 4.411765e-02 4.151148e-04
4.460784e-01 4.411765e-02 8.205894e-05
4.558824e-01 4.411765e-02 -1.666985e-04
4.656863e-01 4.411765e-02 -2.216722e-04
4.754902e-01 4.411765e-02 -4.516928e-05
4.852941e-01 4.411765e-02 2.030644e-04
4.950980e-01 4.411765e-02 3.670333e-04
5.049020e-01 4.411765e-02 2.459850e-04
5.147059e-01 4.411765e-02 -3.311104e-04
5.245098e-01 4.411765e-02 -8.448003e-04
5.343137e-01 4.411765e-02 -1.212651e-03
5.441176e-01 4.411765e-02 -6.897336e-04
5.539216e-01 4.411765e-02 1.031623e-03
5.637255e-01 4.411765e-02 2.287749e-03
5.735294e-01 4.411765e-02 3.671109e-03
5.833333e-01 4.411765e-02 2.789462e-03
5.931373e-01 4.411765e-02 -1.482985e-03
6.029412e-01 4.411765e-02 -4.268936e-03
6.127451e-01 4.411765e-02 -8.896314e-03
6.225490e-01 4.411765e-02 -1.051064e-02
6.323529e-01 4.411765e-02 -2.248049e-03
6.421569e-01 4.411765e-02 2.372792e-03
6.519608e-01 4.411765e-02 1.141624e-02
6.617647e-01 4.411765e-02 2.599173e-02
6.715686e-01 4.411765e-02 1.766141e-02
6.813725e-01 4.411765e-02 1.094076e-02
6.911765e-01 4.411765e-02 1.091285e-02
7.009804e-01 4.411765e-02 -2.339081e-02
7.107843e-01 4.411765e-02 -3.744477e-02
7.205882e-01 4.411765e-02 -1.847507e-02
7.303922e-01 4.411765e-02 -4.488289e-02
7.401961e-01 4.411765e-02 -4.097497e-02
7.500000e-01 4.411765e-02 2.556007e-02
7.598039e-01 4.411765e-02 1.009318e-02
7.696078e-01 4.411765e-02 -7.414685e-03
7.794118e-01 4.411765e-02 8.222176e-02
7.892157e-01 4.411765e-02 6.937645e-02
7.990196e-01 4.411765e-02 -2.304645e-02
8.088235e-01 4.411765e-02 5.694743e-02
8.186275e-01 4.411765e-02 1.009116e-01
8.284314e-01 4.411765e-02 -5.622198e-02
8.382353e-01 4.411765e-02 -4.481855e-02
8.480392e-01 4.411765e-02 1.160923e-01
8.578431e-01 4.411765e-02 -1.939404e-03
8.676471e-01 4.411765e-02 -1.491552e-01
8.774510e-01 4.411765e-02 5.001858e-02
8.872549e-01 4.411765e-02 1.380403e-01
8.970588e-01 4.411765e-02 -1.219258e-01
9.068627e-01 4.411765e-02 -1.312931e-01
9.166667e-01 4.411765e-02 1.652836e-01
9.264706e-01 4.411765e-02 1.003764e-01
9.362745e-01 4.411765e-02 -2.053683e-01
9.460784e-01 4.411765e-02 -7.526672e-02
9.558824e-01 4.411765e-02 2.292062e-01
9.656863e-01 4.411765e-02 5.606945e-02
9.754902e-01 4.411765e-02 -2.424646e-01
9.852941e-01 4.411765e-02 -4.923841e-02
9.950980e-01 4.411765e-02 2.464145e-01
4.901961e-03 5.392157e-02 2.364952e-01
1.470588e-02 5.392157e-02 6.812485e-02
2.450980e-02 5.392157e-02 -2.346558e-01
3.431373e-02 5.392157e-02 -8.242406e-02
4.411765e-02 5.392157e-02 2.212692e-01
5.392157e-02 5.392157e-02 1.077701e-01
6.372549e-02 5.392157e-02 -1.934189e-01
7.352941e-02 5.392157e-02 -1.379174e-01
8.333333e-02 5.392157e-02 1.489732e-01
9.313725e-02 5.392157e-02 1.634242e-01
1.029412e-01 5.392157e-02 -8.887582e-02
1.127451e-01 5.392157e-02 -1.730675e-01
1.225490e-01 5.392157e-02 1.981029e-02
1.323529e-01 5.392157e-02 1.574380e-01
1.421569e-01 5.392157e-02 4.496745e-02
1.519608e-01 5.392157e-02 -1.140853e-01
1.617647e-01 5.392157e-02 -8.858235e-02
1.715686e-01 5.392157e-02 5.175073e-02
1.813725e-01 5.392157e-02 9.775251e-02
1.911765e-01 5.392157e-02 1.010627e-02
2.009804e-01 5.392157e-02 -7.150423e-02
2.107843e-01 5.392157e-02 -4.913107e-02
2.205882e-01 5.392157e-02 2.523614e-02
2.303922e-01 5.392157e-02 5.291246e-02
2.401961e-01 5.392157e-02 1.558999e-02
2.500000e-01 5.392157e-02 -2.831925e-02
2.598039e-01 5.392157e-02 -3.096860e-02
2.696078e-01 5.392157e-02 -2.087475e-03
2.794118e-01 5.392157e-02 2.015375e-02
2.892157e-01 5.392157e-02 1.678423e-02
2.990196e-01 5.392157e-02 -5.498612e-04
3.088235e-01 5.392157e-02 -1.164871e-02
3.186275e-01 5.392157e-02 -9.218405e-03
3.284314e-01 5.392157e-02 -2.375553e-04
3.382353e-01 5.392157e-02 5.644658e-03
3.480392e-01 5.392157e-02 5.105746e-03
3.578431e-01 5.392157e-02 1.118150e-03
3.676471e-01 5.392157e-02 -2.047847e-03
3.774510e-01 5.392157e-02 -2.561289e-03
3.872549e-01 5.392157e-02 -1.232815e-03
3.970588e-01 5.392157e-02 2.743101e-04
4.068627e-01 5.392157e-02 9.568147e-04
4.166667e-01 5.392157e-02 7.918073e-04
4.264706e-01 5.392157e-02 2.645670e-04
4.362745e-01 5.392157e-02 -1.739490e-04
4.460784e-01 5.392157e-02 -3.201380e-04
4.558824e-01 5.392157e-02 -2.116055e-04
4.656863e-01 5.392157e-02 2.466187e-05
4.754902e-01 5.392157e-02 2.134456e-04
4.852941e-01 5.392157e-02 1.824486e-04
4.950980e-01 5.392157e-02 -4.549338e-05
5.049020e-01 5.392157e-02 -4.747303e-04
5.147059e-01 5.392157e-02 -6.659036e-04
5.245098e-01 5.392157e-02 -3.565938e-04
5.343137e-01 5.392157e-02 3.383298e-04
5.441176e-01 5.392157e-02 1.646800e-03
5.539216e-01 5.392157e-02 2.008047e-03
5.637255e-01 5.392157e-02 1.248011e-03
5.735294e-01 5.392157e-02 -3.443570e-04
5.833333e-01 5.392157e-02 -4.140425e-03
5.931373e-01 5.392157e-02 -5.535677e-03
6.029412e-01 5.392157e-02 -4.553544e-03
6.127451e-01 5.392157e-02 -2.835350e-03
6.225490e-01 5.392157e-02 6.165525e-03
6.323529e-01 5.392157e-02 1.213946e-02
6.421569e-01 5.392157e-02 1.185607e-02
6.519608e-01 5.392157e-02 1.580877e-02
6.617647e-01 5.392157e-02 3.901580e-03
6.715686e-01 5.392157e-02 -1.482695e-02
6.813725e-01 5.392157e-02 -1.481787e-02
6.911765e-01 5.392157e-02 -3.046512e-02
7.009804e-01 5.392157e-02 -4.073648e-02
7.107843e-01 5.392157e-02 -7.209761e-03
7.205882e-01 5.392157e-02 -1.870651e-03
7.303922e-01 5.392157e-02 -4.384099e-03
7.401961e-01 5.392157e-02 5.353556e-02
7.500000e-01 5.392157e-02 5.688963e-02
7.598039e-01 5.392157e-02 1.134235e-02
7.696078e-01 5.392157e-02 6.065342e-02
7.794118e-01 5.392157e-02 6.703151e-02
7.892157e-01 5.392157e-02 -3.649412e-02
7.990196e-01 5.392157e-02 -6.869166e-03
8.088235e-01 5.392157e-02 6.403045e-02
8.186275e-01 5.392157e-02 -5.716607e-02
8.284314e-01 5.392157e-02 -9.094435e-02
8.382353e-01 5.392157e-02 7.012500e-02
8.480392e-01 5.392157e-02 2.025304e-02
8.578431e-01 5.392157e-02 -1.417845e-01
8.676471e-01 5.392157e-02 7.215131e-03
8.774510e-01 5.392157e-02 1.422999e-01
8.872549e-01 5.392157e-02 -7.700714e-02
8.970588e-01 5.392157e-02 -1.429366e-01
9.068627e-01 5.392157e-02 1.324001e-01
9.166667e-01 5.392157e-02 1.262748e-01
9.264706e-01 5.392157e-02 -1.746154e-01
9.362745e-01 5.392157e-02 -9.929609e-02
9.460784e-01 5.392157e-02 2.089322e-01
9.558824e-01 5.392157e-02 7.989340e-02
9.656863e-01 5.392157e-02 -2.271371e-01
9.754902e-01 5.392157e-02 -6.691632e-02
9.852941e-01 5.392157e-02 2.364952e-01
9.950980e-01 5.392157e-02 6.812485e-02
4.901961e-03 6.372549e-02 8.447475e-02
1.470588e-02 6.372549e-02 -2.236293e-01
2.450980e-02 6.372549e-02 -9.194405e-02
3.431373e-02 6.372549e-02 2.152450e-01
4.411765e-02 6.372549e-02 1.104806e-01
5.392157e-02 6.372549e-02 -1.934189e-01
6.372549e-02 6.372549e-02 -1.359177e-01
7.352941e-02 6.372549e-02 1.558812e-01
8.333333e-02 6.372549e-02 1.603094e-01
9.313725e-02 6.372549e-02 -1.025788e-01
1.029412e-01 6.372549e-02 -1.734509e-01
1.127451e-01 6.372549e-02 3.790890e-02
1.225490e-01 6.372549e-02 1.653493e-01
1.323529e-01 6.372549e-02 2.754317e-02
1.421569e-01 6.372549e-02 -1.307684e-01
1.519608e-01 6.372549e-02 -7.832165e-02
1.617647e-01 6.372549e-02 7.391076e-02
1.715686e-01 6.372549e-02 9.948956e-02
1.813725e-01 6.372549e-02 -1.009511e-02
1.911765e-01 6.372549e-02 -8.489387e-02
2.009804e-01 6.372549e-02 -3.892926e-02
2.107843e-01 6.372549e-02 4.353828e-02
2.205882e-01 6.372549e-02 5.605203e-02
2.303922e-01 6.372549e-02 2.200888e-03
2.401961e-01 6.372549e-02 -4.030616e-02
2.500000e-01 6.372549e-02 -2.874773e-02
2.598039e-01 6.372549e-02 9.121057e-03
2.696078e-01 6.372549e-02 2.701387e-02
2.794118e-01 6.372549e-02 1.360418e-02
2.892157e-01 6.372549e-02 -8.275210e-03
2.990196e-01 6.372549e-02 -1.571122e-02
3.088235e-01 6.372549e-02 -7.086278e-03
3.186275e-01 6.372549e-02 4.491018e-03
3.284314e-01 6.372549e-02 8.357193e-03
3.382353e-01 6.372549e-02 4.341183e-03
3.480392e-01 6.372549e-02 -1.396764e-03
3.578431e-01 6.372549e-02 -3.909686e-03
3.676471e-01 6.372549e-02 -2.729172e-03
3.774510e-01 6.372549e-02 -2.284908e-04
3.872549e-01 6.372549e-02 1.364843e-03
3.970588e-01 6.372549e-02 1.439511e-03
4.068627e-01 6.372549e-02 6.369609e-04
4.166667e-01 6.372549e-02 -1.669524e-04
4.264706e-01 6.372549e-02 -5.170338e-04
4.362745e-01 6.372549e-02 -4.257582e-04
4.460784e-01 6.372549e-02 -1.307892e-04
4.558824e-01 6.372549e-02 1.245696e-04
4.656863e-01 6.372549e-02 2.150314e-04
4.754902e-01 6.372549e-02 7.569795e-05
4.852941e-01 6.372549e-02 -1.663263e-04
4.950980e-01 6.372549e-02 -3.578935e-04
5.049020e-01 6.372549e-02 -3.077920e-04
5.147059e-01 6.372549e-02 2.167979e-04
5.245098e-01 6.372549e-02 7.569640e-04
5.343137e-01 6.372549e-02 1.213276e-03
5.441176e-01 6.372549e-02 9.124400e-04
5.539216e-01 6.372549e-02 -6.893557e-04
5.637255e-01 6.372549e-02 -2.015309e-03
5.735294e-01 6.372549e-02 -3.577272e-03
5.833333e-01 6.372549e-02 -3.313253e-03
5.931373e-01 6.372549e-02 5.991512e-04
6.029412e-01 6.372549e-02 3.459010e-03
6.127451e-01 6.372549e-02 8.151833e-03
6.225490e-01 6.372549e-02 1.108887e-02
6.323529e-01 6.372549e-02 4.012281e-03
6.421569e-01 6.372549e-02 -6.443969e-04
6.519608e-01 6.372549e-02 -8.816230e-03
6.617647e-01 6.372549e-02 -2.476738e-02
6.715686e-01 6.372549e-02 -1.975881e-02
6.813725e-01 6.372549e-02 -1.299129e-02
6.911765e-01 6.372549e-02 -1.488118e-02
7.009804e-01 6.372549e-02 1.710381e-02
7.107843e-01 6.372549e-02 3.706440e-02
7.205882e-01 6.372549e-02 2.106075e-02
7.303922e-01 6.372549e-02 4.710345e-02
7.401961e-01 6.372549e-02 5.387218e-02
7.500000e-01 6.372549e-02 -8.094823e-03
7.598039e-01 6.372549e-02 1.428949e-05
7.696078e-01 6.372549e-02 2.503478e-02
7.794118e-01 6.372549e-02 -5.929077e-02
7.892157e-01 6.372549e-02 -6.383983e-02
7.990196e-01 6.372549e-02 2.857824e-02
8.088235e-01 6.372549e-02 -3.687557e-02
8.186275e-01 6.372549e-02 -9.888588e-02
8.284314e-01 6.372549e-02 4.459134e-02
8.382353e-01 6.372549e-02 5.865374e-02
8.480392e-01 6.372549e-02 -1.033625e-01
8.578431e-01 6.372549e-02 -1.759857e-02
8.676471e-01 6.372549e-02 1.456630e-01
8.774510e-01 6.372549e-02 -2.300319e-02
8.872549e-01 6.372549e-02 -1.422467e-01
8.970588e-01 6.372549e-02 9.430714e-02
9.068627e-01 6.372549e-02 1.467702e-01
9.166667e-01 6.372549e-02 -1.367014e-01
9.264706e-01 6.372549e-02 -1.229908e-01
9.362745e-01 6.372549e-02 1.798389e-01
9.460784e-01 6.372549e-02 1.049927e-01
9.558824e-01 6.372549e-02 -2.053148e-01
9.656863e-01 6.372549e-02 -8.943209e-02
9.754902e-01 6.372549e-02 2.200952e-01
9.852941e-01 6.372549e-02 8.447475e-02
9.950980e-01 6.372549e-02 -2.236293e-01
4.901961e-03 7.352941e-02 -2.060727e-01
1.470588e-02 7.352941e-02 -1.063881e-01
2.450980e-02 7.352941e-02 2.029350e-01
3.431373e-02 7.352941e-02 1.182354e-01
4.411765e-02 7.352941e-02 -1.868550e-01
5.392157e-02 7.352941e-02 -1.379174e-01
6.372549e-02 7.352941e-02 1.558812e-01
7.352941e-02 7.352941e-02 1.591389e-01
8.333333e-02 7.352941e-02 -1.095078e-01
9.313725e-02 7.352941e-02 -1.730161e-01
1.029412e-01 7.352941e-02 5.054817e-02
1.127451e-01 7.352941e-02 1.698296e-01
1.225490e-01 7.352941e-02 1.282754e-02
1.323529e-01 7.352941e-02 -1.427308e-01
1.421569e-01 7.352941e-02 -6.716341e-02
1.519608e-01 7.352941e-02 9.233530e-02
1.617647e-01 7.352941e-02 9.737846e-02
1.715686e-01 7.352941e-02 -2.969103e-02
1.813725e-01 7.352941e-02 -9.387033e-02
1.911765e-01 7.352941e-02 -2.572392e-02
2.009804e-01 7.352941e-02 5.983761e-02
2.107843e-01 7.352941e-02 5.456870e-02
2.205882e-01 7.352941e-02 -1.302013e-02
2.303922e-01 7.352941e-02 -4.939653e-02
2.401961e-01 7.352941e-02 -2.241648e-02
2.500000e-01 7.352941e-02 2.115374e-02
2.598039e-01 7.352941e-02 3.093353e-02
2.696078e-01 7.352941e-02 7.168566e-03
2.794118e-01 7.352941e-02 -1.637750e-02
2.892157e-01 7.352941e-02 -1.742524e-02
2.990196e-01 7.352941e-02 -2.517667e-03
3.088235e-01 7.352941e-02 9.620729e-03
3.186275e-01 7.352941e-02 9.572022e-03
3.284314e-01 7.352941e-02 1.846177e-03
3.382353e-01 7.352941e-02 -4.488399e-03
3.480392e-01 7.352941e-02 -5.096788e-03
3.578431e-01 7.352941e-02 -1.819255e-03
3.676471e-01 7.352941e-02 1.403943e-03
3.774510e-01 7.352941e-02 2.378810e-03
3.872549e-01 7.352941e-02 1.434333e-03
3.970588e-01 7.352941e-02 2.254118e-05
4.068627e-01 7.352941e-02 -7.815048e-04
4.166667e-01 7.352941e-02 -7.833524e-04
4.264706e-01 7.352941e-02 -3.525548e-04
4.362745e-01 7.352941e-02 8.109111e-05
4.460784e-01 7.352941e-02 2.774422e-04
4.558824e-01 7.352941e-02 2.242634e-04
4.656863e-01 7.352941e-02 1.832450e-05
4.754902e-01 7.352941e-02 -1.868080e-04
4.852941e-01 7.352941e-02 -2.021272e-04
4.950980e-01 7.352941e-02 -2.228825e-05
5.049020e-01 7.352941e-02 3.931601e-04
5.147059e-01 7.352941e-02 6.714884e-04
5.245098e-01 7.352941e-02 4.750607e-04
5.343137e-01 7.352941e-02 -9.959395e-05
5.441176e-01 7.352941e-02 -1.397031e-03
5.539216e-01 7.352941e-02 -2.039131e-03
5.637255e-01 7.352941e-02 -1.553968e-03
5.735294e-01 7.352941e-02 -3.283863e-04
5.833333e-01 7.352941e-02 3.330125e-03
5.931373e-01 7.352941e-02 5.403374e-03
6.029412e-01 7.352941e-02 4.987469e-03
6.127451e-01 7.352941e-02 4.210856e-03
6.225490e-01 7.352941e-02 -3.804927e-03
6.323529e-01 7.352941e-02 -1.089373e-02
6.421569e-01 7.352941e-02 -1.154924e-02
6.519608e-01 7.352941e-02 -1.682691e-02
6.617647e-01 7.352941e-02 -8.561153e-03
6.715686e-01 7.352941e-02 1.028697e-02
6.813725e-01 7.352941e-02 1.184973e-02
6.911765e-01 7.352941e-02 2.655750e-02
7.009804e-01 7.352941e-02 4.277992e-02
7.107843e-01 7.352941e-02 1.541065e-02
7.205882e-01 7.352941e-02 7.716534e-03
7.303922e-01 7.352941e-02 1.556153e-02
7.401961e-01 7.352941e-02 -3.720664e-02
7.500000e-01 7.352941e-02 -5.176023e-02
7.598039e-01 7.352941e-02 -6.818364e-03
7.696078e-01 7.352941e-02 -4.800282e-02
7.794118e-01 7.352941e-02 -6.982545e-02
7.892157e-01 7.352941e-02 2.690576e-02
7.990196e-01 7.352941e-02 1.671153e-02
8.088235e-01 7.352941e-02 -6.266199e-02
8.186275e-01 7.352941e-02 3.914154e-02
8.284314e-01 7.352941e-02 9.780379e-02
8.382353e-01 7.352941e-02 -5.150156e-02
8.480392e-01 7.352941e-02 -3.606303e-02
8.578431e-01 7.352941e-02 1.320094e-01
8.676471e-01 7.352941e-02 2.253648e-02
8.774510e-01 7.352941e-02 -1.369151e-01
8.872549e-01 7.352941e-02 4.613051e-02
8.970588e-01 7.352941e-02 1.527547e-01
9.068627e-01 7.352941e-02 -9.613875e-02
9.166667e-01 7.352941e-02 -1.443471e-01
9.264706e-01 7.352941e-02 1.407943e-01
9.362745e-01 7.352941e-02 1.274633e-01
9.460784e-01 7.352941e-02 -1.762635e-01
9.558824e-01 7.352941e-02 -1.139599e-01
9.656863e-01 7.352941e-02 1.963570e-01
9.754902e-01 7.352941e-02 1.045900e-01
9.852941e-01 7.352941e-02 -2.060727e-01
9.950980e-01 7.352941e-02 -1.063881e-01
4.901961e-03 8.333333e-02 -1.236119e-01
1.470588e-02 8.333333e-02 1.838983e-01
2.450980e-02 8.333333e-02 1.298533e-01
3.431373e-02 8.333333e-02 -1.735246e-01
4.411765e-02 8.333333e-02 -1.435129e-01
5.392157e-02 8.333333e-02 1.489732e-01
6.372549e-02 8.333333e-02 1.603094e-01
7.352941e-02 8.333333e-02 -1.095078e-01
8.333333e-02 8.333333e-02 -1.727566e-01
9.313725e-02 8.333333e-02 5.702567e-02
1.029412e-01 8.333333e-02 1.720035e-01
1.127451e-01 8.333333e-02 2.267032e-03
1.225490e-01 8.333333e-02 -1.505635e-01
1.323529e-01 8.333333e-02 -5.704359e-02
1.421569e-01 8.333333e-02 1.065222e-01
1.519608e-01 8.333333e-02 9.308585e-02
1.617647e-01 8.333333e-02 -4.708741e-02
1.715686e-01 8.333333e-02 -9.893866e-02
1.813725e-01 8.333333e-02 -1.140241e-02
1.911765e-01 8.333333e-02 7.315526e-02
2.009804e-01 8.333333e-02 4.943390e-02
2.107843e-01 8.333333e-02 -2.835071e-02
2.205882e-01 8.333333e-02 -5.499389e-02
2.303922e-01 8.333333e-02 -1.302890e-02
2.401961e-01 8.333333e-02 3.249748e-02
2.500000e-01 8.333333e-02 3.145824e-02
2.598039e-01 8.333333e-02 -1.587838e-03
2.696078e-01 8.333333e-02 -2.354715e-02
2.794118e-01 8.333333e-02 -1.633159e-02
2.892157e-01 8.333333e-02 3.807243e-03
2.990196e-01 8.333333e-02 1.407780e-02
3.088235e-01 8.333333e-02 8.767388e-03
3.186275e-01 8.333333e-02 -2.036109e-03
3.284314e-01 8.333333e-02 -7.382717e-03
3.382353e-01 8.333333e-02 -5.065730e-03
3.480392e-01 8.333333e-02 1.525535e-04
3.578431e-01 8.333333e-02 3.241781e-03
3.676471e-01 8.333333e-02 2.870467e-03
3.774510e-01 8.333333e-02 7.545939e-04
3.872549e-01 8.333333e-02 -9.509027e-04
3.970588e-01 8.333333e-02 -1.343220e-03
4.068627e-01 8.333333e-02 -7.757529e-04
4.166667e-01 8.333333e-02 -2.305248e-05
4.264706e-01 8.333333e-02 4.038683e-04
4.362745e-01 8.333333e-02 4.177640e-04
4.460784e-01 8.333333e-02 1.862632e-04
4.558824e-01 8.333333e-02 -6.471556e-05
4.656863e-01 8.333333e-02 -1.954683e-04
4.754902e-01 8.333333e-02 -1.107574e-04
4.852941e-01 8.333333e-02 1.120035e-04
4.950980e-01 8.333333e-02 3.285669e-04
5.049020e-01 8.333333e-02 3.713769e-04
5.147059e-01 8.333333e-02 -6.124141e-05
5.245098e-01 8.333333e-02 -6.098968e-04
5.343137e-01 8.333333e-02 -1.157266e-03
5.441176e-01 8.333333e-02 -1.156055e-03
5.539216e-01 8.333333e-02 2.132350e-04
5.637255e-01 8.333333e-02 1.565438e-03
5.735294e-01 8.333333e-02 3.286520e-03
5.833333e-01 8.333333e-02 3.836197e-03
5.931373e-01 8.333333e-02 6.015786e-04
6.029412e-01 8.333333e-02 -2.196148e-03
6.127451e-01 8.333333e-02 -6.754487e-03
6.225490e-01 8.333333e-02 -1.127334e-02
6.323529e-01 8.333333e-02 -6.185269e-03
6.421569e-01 8.333333e-02 -1.892711e-03
6.519608e-01 8.333333e-02 4.613735e-03
6.617647e-01 8.333333e-02 2.138878e-02
6.715686e-01 8.333333e-02 2.092923e-02
6.813725e-01 8.333333e-02 1.489620e-02
6.911765e-01 8.333333e-02 1.988959e-02
7.009804e-01 8.333333e-02 -6.282935e-03
7.107843e-01 8.333333e-02 -3.088932e-02
7.205882e-01 8.333333e-02 -1.742751e-02
7.303922e-01 8.333333e-02 -3.945510e-02
7.401961e-01 8.333333e-02 -5.692443e-02
7.500000e-01 8.333333e-02 -1.854977e-03
7.598039e-01 8.333333e-02 1.259521e-03
7.696078e-01 8.333333e-02 -3.062690e-02
7.794118e-01 8.333333e-02 4.323439e-02
7.892157e-01 8.333333e-02 6.903347e-02
7.990196e-01 8.333333e-02 -1.920827e-02
8.088235e-01 8.333333e-02 2.366831e-02
8.186275e-01 8.333333e-02 1.033200e-01
8.284314e-01 8.333333e-02 -1.743419e-02
8.382353e-01 8.333333e-02 -6.402510e-02
8.480392e-01 8.333333e-02 8.925481e-02
8.578431e-01 8.333333e-02 4.637121e-02
8.676471e-01 8.333333e-02 -1.295679e-01
8.774510e-01 8.333333e-02 -8.502816e-03
8.872549e-01 8.333333e-02 1.422879e-01
8.970588e-01 8.333333e-02 -5.369913e-02
9.068627e-01 8.333333e-02 -1.572191e-01
9.166667e-01 8.333333e-02 9.498312e-02
9.264706e-01 8.333333e-02 1.450166e-01
9.362745e-01 8.333333e-02 -1.386723e-01
9.460784e-01 8.333333e-02 -1.361026e-01
9.558824e-01 8.333333e-02 1.652571e-01
9.656863e-01 8.333333e-02 1.260828e-01
9.754902e-01 8.333333e-02 -1.810114e-01
9.852941e-01 8.333333e-02 -1.236119e-01
9.950980e-01 8.333333e-02 1.838983e-01
4.901961e-03 9.313725e-02 1.576646e-01
1.470588e-02 9.313725e-02 1.432707e-01
2.450980e-02 9.313725e-02 -1.532274e-01
3.431373e-02 9.313725e-02 -1.515226e-01
4.411765e-02 9.313725e-02 1.351140e-01
5.392157e-02 9.313725e-02 1.634242e-01
6.372549e-02 9.313725e-02 -1.025788e-01
7.352941e-02 9.313725e-02 -1.730161e-01
8.333333e-02 9.313725e-02 5.702567e-02
9.313725e-02 9.313725e-02 1.726380e-01
1.029412e-01 9.313725e-02 -3.228881e-03
1.127451e-01 9.313725e-02 -1.549282e-01
1.225490e-01 9.313725e-02 -4.946295e-02
1.323529e-01 9.313725e-02 1.164280e-01
1.421569e-01 9.313725e-02 8.823898e-02
1.519608e-01 9.313725e-02 -6.124066e-02
1.617647e-01 9.313725e-02 -1.010632e-01
1.715686e-01 9.313725e-02 2.352099e-03
1.813725e-01 9.313725e-02 8.319549e-02
1.911765e-01 9.313725e-02 4.200395e-02
2.009804e-01 9.313725e-02 -4.243534e-02
2.107843e-01 9.313725e-02 -5.721914e-02
2.205882e-01 9.313725e-02 -1.931130e-03
2.303922e-01 9.313725e-02 4.205974e-02
2.401961e-01 9.313725e-02 2.880848e-02
2.500000e-01 9.313725e-02 -1.146773e-02
2.598039e-01 9.313725e-02 -2.883293e-02
2.696078e-01 9.313725e-02 -1.256957e-02
2.794118e-01 9.313725e-02 1.091183e-02
2.892157e-01 9.313725e-02 1.700382e-02
2.990196e-01 9.313725e-02 5.907368e-03
3.088235e-01 9.313725e-02 -6.621799e-03
3.186275e-01 9.313725e-02 -9.341088e-03
3.284314e-01 9.313725e-02 -3.593837e-03
3.382353e-01 9.313725e-02 2.839702e-03
3.480392e-01 9.313725e-02 4.743140e-03
3.578431e-01 9.313725e-02 2.515442e-03
3.676471e-01 9.313725e-02 -5.559103e-04
3.774510e-01 9.313725e-02 -2.004035e-03
3.872549e-01 9.313725e-02 -1.573601e-03
3.970588e-01 9.313725e-02 -3.700960e-04
4.068627e-01 9.313725e-02 5.216682e-04
4.166667e-01 9.313725e-02 7.197651e-04
4.264706e-01 9.313725e-02 4.323387e-04
4.362745e-01 9.313725e-02 3.436968e-05
4.460784e-01 9.313725e-02 -2.075532e-04
4.558824e-01 9.313725e-02 -2.231711e-04
4.656863e-01 9.313725e-02 -6.668261e-05
4.754902e-01 9.313725e-02 1.436772e-04
4.852941e-01 9.313725e-02 2.121641e-04
4.950980e-01 9.313725e-02 9.897142e-05
5.049020e-01 9.313725e-02 -2.737037e-04
5.147059e-01 9.313725e-02 -6.374371e-04
5.245098e-01 9.313725e-02 -5.855946e-04
5.343137e-01 9.313725e-02 -1.864760e-04
5.441176e-01 9.313725e-02 1.014738e-03
5.539216e-01 9.313725e-02 1.948661e-03
5.637255e-01 9.313725e-02 1.817844e-03
5.735294e-01 9.313725e-02 1.099651e-03
5.833333e-01 9.313725e-02 -2.156773e-03
5.931373e-01 9.313725e-02 -4.892808e-03
6.029412e-01 9.313725e-02 -5.170313e-03
6.127451e-01 9.313725e-02 -5.547897e-03
6.225490e-01 9.313725e-02 7.673935e-04
6.323529e-01 9.313725e-02 8.659255e-03
6.421569e-01 9.313725e-02 1.032574e-02
6.519608e-01 9.313725e-02 1.674044e-02
6.617647e-01 9.313725e-02 1.323738e-02
6.715686e-01 9.313725e-02 -4.446813e-03
6.813725e-01 9.313725e-02 -7.561028e-03
6.911765e-01 9.313725e-02 -1.982116e-02
7.009804e-01 9.313725e-02 -4.123077e-02
7.107843e-01 9.313725e-02 -2.192478e-02
7.205882e-01 9.313725e-02 -1.087141e-02
7.303922e-01 9.313725e-02 -2.304070e-02
7.401961e-01 9.313725e-02 2.162737e-02
7.500000e-01 9.313725e-02 4.942912e-02
7.598039e-01 9.313725e-02 9.230142e-03
7.696078e-01 9.313725e-02 3.901907e-02
7.794118e-01 9.313725e-02 7.750839e-02
7.892157e-01 9.313725e-02 -5.085604e-03
7.990196e-01 9.313725e-02 -1.842932e-02
8.088235e-01 9.313725e-02 6.466147e-02
8.186275e-01 9.313725e-02 -9.070370e-03
8.284314e-01 9.313725e-02 -9.354282e-02
8.382353e-01 9.313725e-02 3.130944e-02
8.480392e-01 9.313725e-02 5.547602e-02
8.578431e-01 9.313725e-02 -1.093066e-01
8.676471e-01 9.313725e-02 -5.317266e-02
8.774510e-01 9.313725e-02 1.231743e-01
8.872549e-01 9.313725e-02 -6.627089e-03
8.970588e-01 9.313725e-02 -1.532593e-01
9.068627e-01 9.313725e-02 4.867821e-02
9.166667e-01 9.313725e-02 1.558861e-01
9.264706e-01 9.313725e-02 -9.254427e-02
9.362745e-01 9.313725e-02 -1.512544e-01
9.460784e-01 9.313725e-02 1.272951e-01
9.558824e-01 9.313725e-02 1.455769e-01
9.656863e-01 9.313725e-02 -1.481316e-01
9.754902e-01 9.313725e-02 -1.408882e-01
9.852941e-01 9.313725e-02 1.576646e-01
9.950980e-01 9.313725e-02 1.432707e-01
4.901961e-03 1.029412e-01 1.556464e-01
1.470588e-02 1.029412e-01 -1.260330e-01
2.450980e-02 1.029412e-01 -1.600429e-01
3.431373e-02 1.029412e-01 1.143677e-01
4.411765e-02 1.029412e-01 1.673386e-01
5.392157e-02 1.029412e-01 -8.887582e-02
6.372549e-02 1.029412e-01 -1.734509e-01
7.352941e-02 1.029412e-01 5.054817e-02
8.333333e-02 1.029412e-01 1.720035e-01
9.313725e-02 1.029412e-01 -3.228881e-03
1.029412e-01 1.029412e-01 -1.563221e-01
1.127451e-01 1.029412e-01 -4.542390e-02
1.225490e-01 1.029412e-01 1.222344e-01
1.323529e-01 1.029412e-01 8.420040e-02
1.421569e-01 1.029412e-01 -7.157339e-02
1.519608e-01 1.029412e-01 -1.013732e-01
1.617647e-01 1.029412e-01 1.421555e-02
1.715686e-01 1.029412e-01 9.018478e-02
1.813725e-01 1.029412e-01 3.371964e-02
1.911765e-01 1.029412e-01 -5.440560e-02
2.009804e-01 1.029412e-01 -5.672399e-02
2.107843e-01 1.029412e-01 9.544738e-03
2.205882e-01 1.029412e-01 4.928949e-02
2.303922e-01 1.029412e-01 2.369812e-02
2.401961e-01 1.029412e-01 -2.131844e-02
2.500000e-01 1.029412e-01 -3.178731e-02
2.598039e-01 1.029412e-01 -6.737522e-03
2.696078e-01 1.029412e-01 1.780936e-02
2.794118e-01 1.029412e-01 1.793843e-02
2.892157e-01 1.029412e-01 1.383513e-03
2.990196e-01 1.029412e-01 -1.111453e-02
3.088235e-01 1.029412e-01 -9.867642e-03
3.186275e-01 1.029412e-01 -8.204327e-04
3.284314e-01 1.029412e-01 5.692755e-03
3.382353e-01 1.029412e-01 5.431595e-03
3.480392e-01 1.029412e-01 1.226057e-03
3.578431e-01 1.029412e-01 -2.232068e-03
3.676471e-01 1.029412e-01 -2.781109e-03
3.774510e-01 1.029412e-01 -1.269746e-03
3.872549e-01 1.029412e-01 4.124652e-04
3.970588e-01 1.029412e-01 1.120977e-03
4.068627e-01 1.029412e-01 8.620680e-04
4.166667e-01 1.029412e-01 2.313594e-04
4.264706e-01 1.029412e-01 -2.432510e-04
4.362745e-01 1.029412e-01 -3.721447e-04
4.460784e-01 1.029412e-01 -2.307284e-04
4.558824e-01 1.029412e-01 -6.170969e-06
4.656863e-01 1.029412e-01 1.575756e-04
4.754902e-01 1.029412e-01 1.393598e-04
4.852941e-01 1.029412e-01 -4.495594e-05
4.950980e-01 1.029412e-01 -2.721766e-04
5.049020e-01 1.029412e-01 -4.129656e-04
5.147059e-01 1.029412e-01 -1.153104e-04
5.245098e-01 1.029412e-01 4.027689e-04
5.343137e-01 1.029412e-01 1.008241e-03
5.441176e-01 1.029412e-01 1.336315e-03
5.539216e-01 1.029412e-01 3.311319e-04
5.637255e-01 1.029412e-01 -9.529116e-04
5.735294e-01 1.029412e-01 -2.716133e-03
5.833333e-01 1.029412e-01 -4.117748e-03
5.931373e-01 1.029412e-01 -1.888377e-03
6.029412e-01 1.029412e-01 6.424909e-04
6.127451e-01 1.029412e-01 4.706131e-03
6.225490e-01 1.029412e-01 1.060291e-02
6.323529e-01 1.029412e-01 8.114893e-03
6.421569e-01 1.029412e-01 4.512778e-03
6.519608e-01 1.029412e-01 2.678691e-04
6.617647e-01 1.029412e-01 -1.611091e-02
6.715686e-01 1.029412e-01 -2.073258e-02
6.813725e-01 1.029412e-01 -1.594841e-02
6.911765e-01 1.029412e-01 -2.365774e-02
7.009804e-01 1.029412e-01 -5.543033e-03
7.107843e-01 1.029412e-01 2.276383e-02
7.205882e-01 1.029412e-01 1.406014e-02
7.303922e-01 1.029412e-01 3.081795e-02
7.401961e-01 1.029412e-01 5.935909e-02
7.500000e-01 1.029412e-01 1.710780e-02
7.598039e-01 1.029412e-01 2.569632e-03
7.696078e-01 1.029412e-01 3.946904e-02
7.794118e-01 1.029412e-01 -1.700047e-02
7.892157e-01 1.029412e-01 -6.401052e-02
7.990196e-01 1.029412e-01 1.189960e-02
8.088235e-01 1.029412e-01 -3.615336e-03
8.186275e-01 1.029412e-01 -9.641766e-02
8.284314e-01 1.029412e-01 -1.081109e-02
8.382353e-01 1.029412e-01 6.653716e-02
8.480392e-01 1.029412e-01 -6.514767e-02
8.578431e-01 1.029412e-01 -7.247051e-02
8.676471e-01 1.029412e-01 1.023873e-01
8.774510e-01 1.029412e-01 4.241346e-02
8.872549e-01 1.029412e-01 -1.301849e-01
8.970588e-01 1.029412e-01 5.837878e-03
9.068627e-01 1.029412e-01 1.558158e-01
9.166667e-01 1.029412e-01 -4.205661e-02
9.264706e-01 1.029412e-01 -1.567330e-01
9.362745e-01 1.029412e-01 8.303388e-02
9.460784e-01 1.029412e-01 1.585163e-01
9.558824e-01 1.029412e-01 -1.085249e-01
9.656863e-01 1.029412e-01 -1.552014e-01
9.754902e-01 1.029412e-01 1.241005e-01
9.852941e-01 1.029412e-01 1.556464e-01
9.950980e-01 1.029412e-01 -1.260330e-01
4.901961e-03 1.127451e-01 -9.249931e-02
1.470588e-02 1.127451e-01 -1.665291e-01
2.450980e-02 1.127451e-01 8.718367e-02
3.431373e-02 1.127451e-01 1.702929e-01
4.411765e-02 1.127451e-01 -6.879745e-02
5.392157e-02 1.127451e-01 -1.730675e-01
6.372549e-02 1.127451e-01 3.790890e-02
7.352941e-02 1.127451e-01 1.698296e-01
8.333333e-02 1.127451e-01 2.267032e-03
9.313725e-02 1.127451e-01 -1.549282e-01
1.029412e-01 1.127451e-01 -4.542390e-02
1.127451e-01 1.127451e-01 1.241423e-01
1.225490e-01 1.127451e-01 8.193347e-02
1.323529e-01 1.127451e-01 -7.782754e-02
1.421569e-01 1.127451e-01 -1.009155e-01
1.519608e-01 1.127451e-01 2.325504e-02
1.617647e-01 1.127451e-01 9.464927e-02
1.715686e-01 1.127451e-01 2.588772e-02
1.813725e-01 1.127451e-01 -6.385516e-02
1.911765e-01 1.127451e-01 -5.445231e-02
2.009804e-01 1.127451e-01 2.028614e-02
2.107843e-01 1.127451e-01 5.414426e-02
2.205882e-01 1.127451e-01 1.709634e-02
2.303922e-01 1.127451e-01 -3.024525e-02
2.401961e-01 1.127451e-01 -3.245588e-02
2.500000e-01 1.127451e-01 3.257904e-04
2.598039e-01 1.127451e-01 2.372729e-02
2.696078e-01 1.127451e-01 1.685661e-02
2.794118e-01 1.127451e-01 -4.152168e-03
2.892157e-01 1.127451e-01 -1.482503e-02
2.990196e-01 1.127451e-01 -8.807053e-03
3.088235e-01 1.127451e-01 2.834733e-03
3.186275e-01 1.127451e-01 8.138114e-03
3.284314e-01 1.127451e-01 5.035988e-03
3.382353e-01 1.127451e-01 -8.323873e-04
3.480392e-01 1.127451e-01 -3.882403e-03
3.578431e-01 1.127451e-01 -2.978445e-03
3.676471e-01 1.127451e-01 -3.865222e-04
3.774510e-01 1.127451e-01 1.402691e-03
3.872549e-01 1.127451e-01 1.553762e-03
3.970588e-01 1.127451e-01 6.948336e-04
4.068627e-01 1.127451e-01 -1.942440e-04
4.166667e-01 1.127451e-01 -5.767118e-04
4.264706e-01 1.127451e-01 -4.699188e-04
4.362745e-01 1.127451e-01 -1.515053e-04
4.460784e-01 1.127451e-01 1.126248e-04
4.558824e-01 1.127451e-01 1.982405e-04
4.656863e-01 1.127451e-01 1.090925e-04
4.754902e-01 1.127451e-01 -8.588810e-05
4.852941e-01 1.127451e-01 -2.030641e-04
4.950980e-01 1.127451e-01 -1.691332e-04
5.049020e-01 1.127451e-01 1.239944e-04
5.147059e-01 1.127451e-01 5.437286e-04
5.245098e-01 1.127451e-01 6.492924e-04
5.343137e-01 1.127451e-01 4.683344e-04
5.441176e-01 1.127451e-01 -5.191339e-04
5.539216e-01 1.127451e-01 -1.675842e-03
5.637255e-01 1.127451e-01 -1.934997e-03
5.735294e-01 1.127451e-01 -1.808681e-03
5.833333e-01 1.127451e-01 7.179652e-04
5.931373e-01 1.127451e-01 3.905157e-03
6.029412e-01 1.127451e-01 4.913497e-03
6.127451e-01 1.127451e-01 6.456910e-03
6.225490e-01 1.127451e-01 2.527180e-03
6.323529e-01 1.127451e-01 -5.477158e-03
6.421569e-01 1.127451e-01 -8.152113e-03
6.519608e-01 1.127451e-01 -1.520029e-02
6.617647e-01 1.127451e-01 -1.705998e-02
6.715686e-01 1.127451e-01 -2.353812e-03
6.813725e-01 1.127451e-01 2.251470e-03
6.911765e-01 1.127451e-01 1.107162e-02
7.009804e-01 1.127451e-01 3.611774e-02
7.107843e-01 1.127451e-01 2.765417e-02
7.205882e-01 1.127451e-01 1.478335e-02
7.303922e-01 1.127451e-01 3.059168e-02
7.401961e-01 1.127451e-01 -8.947821e-04
7.500000e-01 1.127451e-01 -3.938992e-02
7.598039e-01 1.127451e-01 -8.211612e-03
7.696078e-01 1.127451e-01 -2.344042e-02
7.794118e-01 1.127451e-01 -7.539488e-02
7.892157e-01 1.127451e-01 -1.596283e-02
7.990196e-01 1.127451e-01 1.990451e-02
8.088235e-01 1.127451e-01 -5.882527e-02
8.186275e-01 1.127451e-01 -2.148913e-02
8.284314e-01 1.127451e-01 8.073981e-02
8.382353e-01 1.127451e-01 -6.614408e-03
8.480392e-01 1.127451e-01 -6.896663e-02
8.578431e-01 1.127451e-01 7.576578e-02
8.676471e-01 1.127451e-01 7.970686e-02
8.774510e-01 1.127451e-01 -9.626991e-02
8.872549e-01 1.127451e-01 -3.399094e-02
8.970588e-01 1.127451e-01 1.386872e-01
9.068627e-01 1.127451e-01 4.881321e-03
9.166667e-01 1.127451e-01 -1.518535e-01
9.264706e-01 1.127451e-01 3.414853e-02
9.362745e-01 1.127451e-01 1.604360e-01
9.460784e-01 1.127451e-01 -6.453771e-02
9.558824e-01 1.127451e-01 -1.632041e-01
9.656863e-01 1.127451e-01 8.412445e-02
9.754902e-01 1.127451e-01 1.637996e-01
9.852941e-01 1.127451e-01 -9.249931e-02
9.950980e-01 1.127451e-01 -1.665291e-01
4.901961e-03 1.225490e-01 -1.680394e-01
1.470588e-02 1.225490e-01 5.469336e-02
2.450980e-02 1.225490e-01 1.701127e-01
3.431373e-02 1.225490e-01 -4.317087e-02
4.411765e-02 1.225490e-01 -1.703543e-01
5.392157e-02 1.225490e-01 1.981029e-02
6.372549e-02 1.225490e-01 1.653493e-01
7.352941e-02 1.225490e-01 1.282754e-02
8.333333e-02 1.225490e-01 -1.505635e-01
9.313725e-02 1.225490e-01 -4.946295e-02
1.029412e-01 1.225490e-01 1.222344e-01
1.127451e-01 1.225490e-01 8.193347e-02
1.225490e-01 1.225490e-01 -7.991765e-02
1.323529e-01 1.225490e-01 -1.004774e-01
1.421569e-01 1.225490e-01 2.888453e-02
1.519608e-01 1.225490e-01 9.719446e-02
1.617647e-01 1.225490e-01 1.955633e-02
1.715686e-01 1.225490e-01 -7.072323e-02
1.813725e-01 1.225490e-01 -5.141787e-02
1.911765e-01 1.225490e-01 2.948965e-02
2.009804e-01 1.225490e-01 5.695933e-02
2.107843e-01 1.225490e-01 1.001069e-02
2.205882e-01 1.225490e-01 -3.770417e-02
2.303922e-01 1.225490e-01 -3.126068e-02
2.401961e-01 1.225490e-01 7.755431e-03
2.500000e-01 1.225490e-01 2.822372e-02
2.598039e-01 1.225490e-01 1.408942e-02
2.696078e-01 1.225490e-01 -9.984133e-03
2.794118e-01 1.225490e-01 -1.731573e-02
2.892157e-01 1.225490e-01 -6.326681e-03
2.990196e-01 1.225490e-01 6.821596e-03
3.088235e-01 1.225490e-01 9.734638e-03
3.186275e-01 1.225490e-01 3.542427e-03
3.284314e-01 1.225490e-01 -3.313803e-03
3.382353e-01 1.225490e-01 -5.118567e-03
3.480392e-01 1.225490e-01 -2.441131e-03
3.578431e-01 1.225490e-01 9.498054e-04
3.676471e-01 1.225490e-01 2.343671e-03
3.774510e-01 1.225490e-01 1.623533e-03
3.872549e-01 1.225490e-01 1.768326e-04
3.970588e-01 1.225490e-01 -7.572366e-04
4.068627e-01 1.225490e-01 -8.392216e-04
4.166667e-01 1.225490e-01 -4.106028e-04
4.264706e-01 1.225490e-01 5.136876e-05
4.362745e-01 1.225490e-01 2.789976e-04
4.460784e-01 1.225490e-01 2.455018e-04
4.558824e-01 1.225490e-01 7.524237e-05
4.656863e-01 1.225490e-01 -1.010334e-04
4.754902e-01 1.225490e-01 -1.509403e-04
4.852941e-01 1.225490e-01 -2.558867e-05
4.950980e-01 1.225490e-01 1.867359e-04
5.049020e-01 1.225490e-01 4.087674e-04
5.147059e-01 1.225490e-01 2.803516e-04
5.245098e-01 1.225490e-01 -1.514612e-04
5.343137e-01 1.225490e-01 -7.487855e-04
5.441176e-01 1.225490e-01 -1.369592e-03
5.539216e-01 1.225490e-01 -8.480066e-04
5.637255e-01 1.225490e-01 2.303406e-04
5.735294e-01 1.225490e-01 1.843986e-03
5.833333e-01 1.225490e-01 3.944275e-03
5.931373e-01 1.225490e-01 3.000458e-03
6.029412e-01 1.225490e-01 1.017154e-03
6.127451e-01 1.225490e-01 -2.113375e-03
6.225490e-01 1.225490e-01 -8.728599e-03
6.323529e-01 1.225490e-01 -9.211546e-03
6.421569e-01 1.225490e-01 -6.771961e-03
6.519608e-01 1.225490e-01 -5.250078e-03
6.617647e-01 1.225490e-01 8.831958e-03
6.715686e-01 1.225490e-01 1.811210e-02
6.813725e-01 1.225490e-01 1.540164e-02
6.911765e-01 1.225490e-01 2.507573e-02
7.009804e-01 1.225490e-01 1.731834e-02
7.107843e-01 1.225490e-01 -1.105584e-02
7.205882e-01 1.225490e-01 -8.114901e-03
7.303922e-01 1.225490e-01 -1.773551e-02
7.401961e-01 1.225490e-01 -5.378842e-02
7.500000e-01 1.225490e-01 -2.941298e-02
7.598039e-01 1.225490e-01 -5.541583e-03
7.696078e-01 1.225490e-01 -4.285703e-02
7.794118e-01 1.225490e-01 -1.021466e-02
7.892157e-01 1.225490e-01 5.194154e-02
7.990196e-01 1.225490e-01 -2.541505e-03
8.088235e-01 1.225490e-01 -1.548776e-02
8.186275e-01 1.225490e-01 7.898831e-02
8.284314e-01 1.225490e-01 3.806531e-02
8.382353e-01 1.225490e-01 -5.993592e-02
8.480392e-01 1.225490e-01 3.469253e-02
8.578431e-01 1.225490e-01 8.989479e-02
8.676471e-01 1.225490e-01 -6.294371e-02
8.774510e-01 1.225490e-01 -6.980067e-02
8.872549e-01 1.225490e-01 1.030607e-01
8.970588e-01 1.225490e-01 4.163004e-02
9.068627e-01 1.225490e-01 -1.355284e-01
9.166667e-01 1.225490e-01 -1.434645e-02
9.264706e-01 1.225490e-01 1.492934e-01
9.362745e-01 1.225490e-01 -1.898005e-02
9.460784e-01 1.225490e-01 -1.612070e-01
9.558824e-01 1.225490e-01 4.038091e-02
9.656863e-01 1.225490e-01 1.648073e-01
9.754902e-01 1.225490e-01 -5.392588e-02
9.852941e-01 1.225490e-01 -1.680394e-01
9.950980e-01 1.225490e-01 5.469336e-02
4.901961e-03 1.323529e-01 1.887585e-02
1.470588e-02 1.323529e-01 1.644711e-01
2.450980e-02 1.323529e-01 -1.349959e-02
3.431373e-02 1.323529e-01 -1.635365e-01
4.411765e-02 1.323529e-01 -2.545984e-03
5.392157e-02 1.323529e-01 1.574380e-01
6.372549e-02 1.323529e-01 2.754317e-02
7.352941e-02 1.323529e-01 -1.427308e-01
8.333333e-02 1.323529e-01 -5.704359e-02
9.313725e-02 1.323529e-01 1.164280e-01
1.029412e-01 1.323529e-01 8.420040e-02
1.127451e-01 1.323529e-01 -7.782754e-02
1.225490e-01 1.323529e-01 -1.004774e-01
1.323529e-01 1.323529e-01 3.079304e-02
1.421569e-01 1.323529e-01 9.832556e-02
1.519608e-01 1.323529e-01 1.546776e-02
1.617647e-01 1.323529e-01 -7.514210e-02
1.715686e-01 1.323529e-01 -4.853520e-02
1.813725e-01 1.323529e-01 3.665456e-02
1.911765e-01 1.323529e-01 5.827902e-02
2.009804e-01 1.323529e-01 3.334797e-03
2.107843e-01 1.323529e-01 -4.348893e-02
2.205882e-01 1.323529e-01 -2.883994e-02
2.303922e-01 1.323529e-01 1.481510e-02
2.401961e-01 1.323529e-01 3.119687e-02
2.500000e-01 1.323529e-01 1.018450e-02
2.598039e-01 1.323529e-01 -1.549536e-02
2.696078e-01 1.323529e-01 -1.844825e-02
2.794118e-01 1.323529e-01 -2.818525e-03
2.892157e-01 1.323529e-01 1.061430e-02
2.990196e-01 1.323529e-01 1.026204e-02
3.088235e-01 1.323529e-01 1.159706e-03
3.186275e-01 1.323529e-01 -5.808634e-03
3.284314e-01 1.323529e-01 -5.664813e-03
3.382353e-01 1.323529e-01 -1.195694e-03
3.480392e-01 1.323529e-01 2.492026e-03
3.578431e-01 1.323529e-01 2.979457e-03
3.676471e-01 1.323529e-01 1.228229e-03
3.774510e-01 1.323529e-01 -6.198308e-04
3.872549e-01 1.323529e-01 -1.303376e-03
3.970588e-01 1.323529e-01 -9.023704e-04
4.068627e-01 1.323529e-01 -1.492338e-04
4.166667e-01 1.323529e-01 3.525539e-04
4.264706e-01 1.323529e-01 4.352242e-04
4.362745e-01 1.323529e-01 2.410818e-04
4.460784e-01 1.323529e-01 -4.890255e-06
4.558824e-01 1.323529e-01 -1.446621e-04
4.656863e-01 1.323529e-01 -1.324278e-04
4.754902e-01 1.323529e-01 2.039361e-05
4.852941e-01 1.323529e-01 1.681393e-04
4.950980e-01 1.323529e-01 2.133045e-04
5.049020e-01 1.323529e-01 3.524866e-05
5.147059e-01 1.323529e-01 -3.829262e-04
5.245098e-01 1.323529e-01 -6.280845e-04
5.343137e-01 1.323529e-01 -6.779192e-04
5.441176e-01 1.323529e-01 -2.854657e-05
5.539216e-01 1.323529e-01 1.191352e-03
5.637255e-01 1.323529e-01 1.802117e-03
5.735294e-01 1.323529e-01 2.257711e-03
5.833333e-01 1.323529e-01 7.786178e-04
5.931373e-01 1.323529e-01 -2.418402e-03
6.029412e-01 1.323529e-01 -4.033420e-03
6.127451e-01 1.323529e-01 -6.496214e-03
6.225490e-01 1.323529e-01 -5.416523e-03
6.323529e-01 1.323529e-01 1.576554e-03
6.421569e-01 1.323529e-01 4.933910e-03
6.519608e-01 1.323529e-01 1.168733e-02
6.617647e-01 1.323529e-01 1.848631e-02
6.715686e-01 1.323529e-01 8.826012e-03
6.813725e-01 1.323529e-01 3.461910e-03
6.911765e-01 1.323529e-01 -9.391106e-04
7.009804e-01 1.323529e-01 -2.595600e-02
7.107843e-01 1.323529e-01 -2.915508e-02
7.205882e-01 1.323529e-01 -1.661232e-02
7.303922e-01 1.323529e-01 -3.361671e-02
7.401961e-01 1.323529e-01 -1.899753e-02
7.500000e-01 1.323529e-01 2.418685e-02
7.598039e-01 1.323529e-01 6.293953e-03
7.696078e-01 1.323529e-01 6.066757e-03
7.794118e-01 1.323529e-01 6.351025e-02
7.892157e-01 1.323529e-01 3.456716e-02
7.990196e-01 1.323529e-01 -1.704066e-02
8.088235e-01 1.323529e-01 4.635359e-02
8.186275e-01 1.323529e-01 4.824089e-02
8.284314e-01 1.323529e-01 -5.610812e-02
8.382353e-01 1.323529e-01 -1.643674e-02
8.480392e-01 1.323529e-01 7.233950e-02
8.578431e-01 1.323529e-01 -3.329191e-02
8.676471e-01 1.323529e-01 -9.277817e-02
8.774510e-01 1.323529e-01 5.763410e-02
8.872549e-01 1.323529e-01 6.693273e-02
8.970588e-01 1.323529e-01 -1.054329e-01
9.068627e-01 1.323529e-01 -5.401132e-02
9.166667e-01 1.323529e-01 1.264480e-01
9.264706e-01 1.323529e-01 2.488580e-02
9.362745e-01 1.323529e-01 -1.462044e-01
9.460784e-01 1.323529e-01 -2.928781e-03
9.558824e-01 1.323529e-01 1.563642e-01
9.656863e-01 1.323529e-01 -1.277694e-02
9.754902e-01 1.323529e-01 -1.618145e-01
9.852941e-01 1.323529e-01 1.887585e-02
9.950980e-01 1.323529e-01 1.644711e-01
4.901961e-03 1.421569e-01 1.512840e-01
1.470588e-02 1.421569e-01 1.784854e-02
2.450980e-02 1.421569e-01 -1.509401e-01
3.431373e-02 1.421569e-01 -2.734475e-02
4.411765e-02 1.421569e-01 1.448603e-01
5.392157e-02 1.421569e-01 4.496745e-02
6.372549e-02 1.421569e-01 -1.307684e-01
7.352941e-02 1.421569e-01 -6.716341e-02
8.333333e-02 1.421569e-01 1.065222e-01
9.313725e-02 1.421569e-01 8.823898e-02
1.029412e-01 1.421569e-01 -7.157339e-02
1.127451e-01 1.421569e-01 -1.009155e-01
1.225490e-01 1.421569e-01 2.888453e-02
1.323529e-01 1.421569e-01 9.832556e-02
1.421569e-01 1.421569e-01 1.405735e-02
1.519608e-01 1.421569e-01 -7.729202e-02
1.617647e-01 1.421569e-01 -4.651123e-02
1.715686e-01 1.421569e-01 4.151740e-02
1.813725e-01 1.421569e-01 5.869509e-02
1.911765e-01 1.421569e-01 -2.229270e-03
2.009804e-01 1.421569e-01 -4.764857e-02
2.107843e-01 1.421569e-01 -2.589488e-02
2.205882e-01 1.421569e-01 2.097305e-02
2.303922e-01 1.421569e-01 3.281792e-02
2.401961e-01 1.421569e-01 5.761450e-03
2.500000e-01 1.421569e-01 -2.026086e-02
2.598039e-01 1.421569e-01 -1.834879e-02
2.696078e-01 1.421569e-01 1.228141e-03
2.794118e-01 1.421569e-01 1.382310e-02
2.892157e-01 1.421569e-01 9.731515e-03
2.990196e-01 1.421569e-01 -1.769722e-03
3.088235e-01 1.421569e-01 -7.957198e-03
3.186275e-01 1.421569e-01 -5.413926e-03
3.284314e-01 1.421569e-01 5.803617e-04
3.382353e-01 1.421569e-01 3.955859e-03
3.480392e-01 1.421569e-01 3.132127e-03
3.578431e-01 1.421569e-01 3.875941e-04
3.676471e-01 1.421569e-01 -1.537680e-03
3.774510e-01 1.421569e-01 -1.667293e-03
3.872549e-01 1.421569e-01 -6.885050e-04
3.970588e-01 1.421569e-01 2.898297e-04
4.068627e-01 1.421569e-01 6.713683e-04
4.166667e-01 1.421569e-01 5.043228e-04
4.264706e-01 1.421569e-01 1.351681e-04
4.362745e-01 1.421569e-01 -1.436985e-04
4.460784e-01 1.421569e-01 -2.155854e-04
4.558824e-01 1.421569e-01 -1.245037e-04
4.656863e-01 1.421569e-01 3.317213e-05
4.754902e-01 1.421569e-01 1.369549e-04
4.852941e-01 1.421569e-01 8.501569e-05
4.950980e-01 1.421569e-01 -8.121281e-05
5.049020e-01 1.421569e-01 -3.425161e-04
5.147059e-01 1.421569e-01 -3.913949e-04
5.245098e-01 1.421569e-01 -1.041516e-04
5.343137e-01 1.421569e-01 3.959916e-04
5.441176e-01 1.421569e-01 1.189710e-03
5.539216e-01 1.421569e-01 1.204459e-03
5.637255e-01 1.421569e-01 4.800585e-04
5.735294e-01 1.421569e-01 -7.527987e-04
5.833333e-01 1.421569e-01 -3.169912e-03
5.931373e-01 1.421569e-01 -3.593157e-03
6.029412e-01 1.421569e-01 -2.434033e-03
6.127451e-01 1.421569e-01 -6.343165e-04
6.225490e-01 1.421569e-01 5.595168e-03
6.323529e-01 1.421569e-01 8.816884e-03
6.421569e-01 1.421569e-01 7.921134e-03
6.519608e-01 1.421569e-01 9.130296e-03
6.617647e-01 1.421569e-01 -5.536629e-04
6.715686e-01 1.421569e-01 -1.267734e-02
6.813725e-01 1.421569e-01 -1.254604e-02
6.911765e-01 1.421569e-01 -2.256287e-02
7.009804e-01 1.421569e-01 -2.562099e-02
7.107843e-01 1.421569e-01 -1.959953e-03
7.205882e-01 1.421569e-01 1.016301e-03
7.303922e-01 1.421569e-01 2.928930e-03
7.401961e-01 1.421569e-01 4.012546e-02
7.500000e-01 1.421569e-01 3.641593e-02
7.598039e-01 1.421569e-01 8.535313e-03
7.696078e-01 1.421569e-01 4.018693e-02
7.794118e-01 1.421569e-01 3.446894e-02
7.892157e-01 1.421569e-01 -3.099865e-02
7.990196e-01 1.421569e-01 -5.105470e-03
8.088235e-01 1.421569e-01 3.084203e-02
8.186275e-01 1.421569e-01 -4.972147e-02
8.284314e-01 1.421569e-01 -5.592238e-02
8.382353e-01 1.421569e-01 4.397878e-02
8.480392e-01 1.421569e-01 -1.948193e-03
8.578431e-01 1.421569e-01 -9.082067e-02
8.676471e-01 1.421569e-01 1.695329e-02
8.774510e-01 1.421569e-01 8.233794e-02
8.872549e-01 1.421569e-01 -6.202461e-02
8.970588e-01 1.421569e-01 -7.722449e-02
9.068627e-01 1.421569e-01 9.485908e-02
9.166667e-01 1.421569e-01 6.213137e-02
9.264706e-01 1.421569e-01 -1.179926e-01
9.362745e-01 1.421569e-01 -4.121705e-02
9.460784e-01 1.421569e-01 1.369184e-01
9.558824e-01 1.421569e-01 2.695772e-02
9.656863e-01 1.421569e-01 -1.460922e-01
9.754902e-01 1.421569e-01 -1.744390e-02
9.852941e-01 1.421569e-01 1.512840e-01
9.950980e-01 1.421569e-01 1.784854e-02
4.901961e-03 1.519608e-01 4.769375e-02
1.470588e-02 1.519608e-01 -1.314056e-01
2.450980e-02 1.519608e-01 -5.209413e-02
3.431373e-02 1.519608e-01 1.266308e-01
4.411765e-02 1.519608e-01 6.310277e-02
5.392157e-02 1.519608e-01 -1.140853e-01
6.372549e-02 1.519608e-01 -7.832165e-02
7.352941e-02 1.519608e-01 9.233530e-02
8.333333e-02 1.519608e-01 9.308585e-02
9.313725e-02 1.519608e-01 -6.124066e-02
1.029412e-01 1.519608e-01 -1.013732e-01
1.127451e-01 1.519608e-01 2.325504e-02
1.225490e-01 1.519608e-01 9.719446e-02
1.323529e-01 1.519608e-01 1.546776e-02
1.421569e-01 1.519608e-01 -7.729202e-02
1.519608e-01 1.519608e-01 -4.578683e-02
1.617647e-01 1.519608e-01 4.396624e-02
1.715686e-01 1.519608e-01 5.871749e-02
1.813725e-01 1.519608e-01 -6.188114e-03
1.911765e-01 1.519608e-01 -5.037546e-02
2.009804e-01 1.519608e-01 -2.307281e-02
2.107843e-01 1.519608e-01 2.590752e-02
2.205882e-01 1.519608e-01 3.342697e-02
2.303922e-01 1.519608e-01 1.399248e-03
2.401961e-01 1.519608e-01 -2.406969e-02
2.500000e-01 1.519608e-01 -1.732561e-02
2.598039e-01 1.519608e-01 5.339781e-03
2.696078e-01 1.519608e-01 1.624445e-02
2.794118e-01 1.519608e-01 8.337430e-03
2.892157e-01 1.519608e-01 -4.871887e-03
2.990196e-01 1.519608e-01 -9.524937e-03
3.088235e-01 1.519608e-01 -4.424609e-03
3.186275e-01 1.519608e-01 2.627646e-03
3.284314e-01 1.519608e-01 5.100769e-03
3.382353e-01 1.519608e-01 2.741486e-03
3.480392e-01 1.519608e-01 -7.749957e-04
3.578431e-01 1.519608e-01 -2.388957e-03
3.676471e-01 1.519608e-01 -1.727365e-03
3.774510e-01 1.519608e-01 -1.969364e-04
3.872549e-01 1.519608e-01 8.202268e-04
3.970588e-01 1.519608e-01 9.054909e-04
4.068627e-01 1.519608e-01 4.249508e-04
4.166667e-01 1.519608e-01 -8.142601e-05
4.264706e-01 1.519608e-01 -3.159419e-04
4.362745e-01 1.519608e-01 -2.717111e-04
4.460784e-01 1.519608e-01 -9.135212e-05
4.558824e-01 1.519608e-01 6.843205e-05
4.656863e-01 1.519608e-01 1.260449e-04
4.754902e-01 1.519608e-01 3.923905e-05
4.852941e-01 1.519608e-01 -1.087722e-04
4.950980e-01 1.519608e-01 -2.147117e-04
5.049020e-01 1.519608e-01 -1.699216e-04
5.147059e-01 1.519608e-01 1.721627e-04
5.245098e-01 1.519608e-01 5.016584e-04
5.343137e-01 1.519608e-01 7.459241e-04
5.441176e-01 1.519608e-01 5.147331e-04
5.539216e-01 1.519608e-01 -5.431851e-04
5.637255e-01 1.519608e-01 -1.372994e-03
5.735294e-01 1.519608e-01 -2.263895e-03
5.833333e-01 1.519608e-01 -1.992242e-03
5.931373e-01 1.519608e-01 6.292292e-04
6.029412e-01 1.519608e-01 2.537742e-03
6.127451e-01 1.519608e-01 5.390023e-03
6.225490e-01 1.519608e-01 7.068794e-03
6.323529e-01 1.519608e-01 2.312385e-03
6.421569e-01 1.519608e-01 -1.105715e-03
6.519608e-01 1.519608e-01 -6.445823e-03
6.617647e-01 1.519608e-01 -1.642865e-02
6.715686e-01 1.519608e-01 -1.323112e-02
6.813725e-01 1.519608e-01 -8.280987e-03
6.911765e-01 1.519608e-01 -8.471977e-03
7.009804e-01 1.519608e-01 1.190802e-02
7.107843e-01 1.519608e-01 2.503577e-02
7.205882e-01 1.519608e-01 1.565310e-02
7.303922e-01 1.519608e-01 3.075652e-02
7.401961e-01 1.519608e-01 3.383565e-02
7.500000e-01 1.519608e-01 -5.010108e-03
7.598039e-01 1.519608e-01 -2.257363e-03
7.696078e-01 1.519608e-01 1.095154e-02
7.794118e-01 1.519608e-01 -4.058029e-02
7.892157e-01 1.519608e-01 -4.398089e-02
7.990196e-01 1.519608e-01 1.087708e-02
8.088235e-01 1.519608e-01 -2.738650e-02
8.186275e-01 1.519608e-01 -6.282086e-02
8.284314e-01 1.519608e-01 2.331538e-02
8.382353e-01 1.519608e-01 3.232899e-02
8.480392e-01 1.519608e-01 -6.199948e-02
8.578431e-01 1.519608e-01 -9.984194e-03
8.676471e-01 1.519608e-01 8.595998e-02
8.774510e-01 1.519608e-01 -1.364727e-02
8.872549e-01 1.519608e-01 -8.243352e-02
8.970588e-01 1.519608e-01 5.683893e-02
9.068627e-01 1.519608e-01 8.583462e-02
9.166667e-01 1.519608e-01 -8.052616e-02
9.264706e-01 1.519608e-01 -7.060683e-02
9.362745e-01 1.519608e-01 1.062294e-01
9.460784e-01 1.519608e-01 6.013435e-02
9.558824e-01 1.519608e-01 -1.207122e-01
9.656863e-01 1.519608e-01 -5.066087e-02
9.754902e-01 1.519608e-01 1.293323e-01
9.852941e-01 1.519608e-01 4.769375e-02
9.950980e-01 1.519608e-01 -1.314056e-01
4.901961e-03 1.617647e-01 -1.047043e-01
1.470588e-02 1.617647e-01 -7.370882e-02
2.450980e-02 1.617647e-01 1.024399e-01
3.431373e-02 1.617647e-01 7.948630e-02
4.411765e-02 1.617647e-01 -9.246101e-02
5.392157e-02 1.617647e-01 -8.858235e-02
6.372549e-02 1.617647e-01 7.391076e-02
7.352941e-02 1.617647e-01 9.737846e-02
8.333333e-02 1.617647e-01 -4.708741e-02
9.313725e-02 1.617647e-01 -1.010632e-01
1.029412e-01 1.617647e-01 1.421555e-02
1.127451e-01 1.617647e-01 9.464927e-02
1.225490e-01 1.617647e-01 1.955633e-02
1.323529e-01 1.617647e-01 -7.514210e-02
1.421569e-01 1.617647e-01 -4.651123e-02
1.519608e-01 1.617647e-01 4.396624e-02
1.617647e-01 1.617647e-01 5.868548e-02
1.715686e-01 1.617647e-01 -8.238474e-03
1.813725e-01 1.617647e-01 -5.189557e-02
1.911765e-01 1.617647e-01 -2.089385e-02
2.009804e-01 1.617647e-01 2.946512e-02
2.107843e-01 1.617647e-01 3.342572e-02
2.205882e-01 1.617647e-01 -2.429425e-03
2.303922e-01 1.617647e-01 -2.689264e-02
2.401961e-01 1.617647e-01 -1.577402e-02
2.500000e-01 1.617647e-01 9.132355e-03
2.598039e-01 1.617647e-01 1.785471e-02
2.696078e-01 1.617647e-01 6.381019e-03
2.794118e-01 1.617647e-01 -7.823647e-03
2.892157e-01 1.617647e-01 -1.042820e-02
2.990196e-01 1.617647e-01 -2.876833e-03
3.088235e-01 1.617647e-01 4.681119e-03
3.186275e-01 1.617647e-01 5.782113e-03
3.284314e-01 1.617647e-01 1.862330e-03
3.382353e-01 1.617647e-01 -2.080210e-03
3.480392e-01 1.617647e-01 -3.012159e-03
3.578431e-01 1.617647e-01 -1.437833e-03
3.676471e-01 1.617647e-01 5.014980e-04
3.774510e-01 1.617647e-01 1.325125e-03
3.872549e-01 1.617647e-01 9.693936e-04
3.970588e-01 1.617647e-01 1.776505e-04
4.068627e-01 1.617647e-01 -3.727219e-04
4.166667e-01 1.617647e-01 -4.686728e-04
4.264706e-01 1.617647e-01 -2.645038e-04
4.362745e-01 1.617647e-01 -5.958834e-06
4.460784e-01 1.617647e-01 1.398527e-04
4.558824e-01 1.617647e-01 1.368836e-04
4.656863e-01 1.617647e-01 3.022008e-05
4.754902e-01 1.617647e-01 -9.666659e-05
4.852941e-01 1.617647e-01 -1.175977e-04
4.950980e-01 1.617647e-01 -2.343450e-05
5.049020e-01 1.617647e-01 2.173430e-04
5.147059e-01 1.617647e-01 4.099264e-04
5.245098e-01 1.617647e-01 3.049281e-04
5.343137e-01 1.617647e-01 -1.435804e-05
5.441176e-01 1.617647e-01 -7.932580e-04
5.539216e-01 1.617647e-01 -1.276195e-03
5.637255e-01 1.617647e-01 -1.006880e-03
5.735294e-01 1.617647e-01 -3.424323e-04
5.833333e-01 1.617647e-01 1.847524e-03
5.931373e-01 1.617647e-01 3.393085e-03
6.029412e-01 1.617647e-01 3.210835e-03
6.127451e-01 1.617647e-01 2.906111e-03
6.225490e-01 1.617647e-01 -1.687097e-03
6.323529e-01 1.617647e-01 -6.653346e-03
6.421569e-01 1.617647e-01 -7.403882e-03
6.519608e-01 1.617647e-01 -1.072124e-02
6.617647e-01 1.617647e-01 -6.894310e-03
6.715686e-01 1.617647e-01 5.085603e-03
6.813725e-01 1.617647e-01 7.447604e-03
6.911765e-01 1.617647e-01 1.585695e-02
7.009804e-01 1.617647e-01 2.764101e-02
7.107843e-01 1.617647e-01 1.340140e-02
7.205882e-01 1.617647e-01 6.141086e-03
7.303922e-01 1.617647e-01 1.091420e-02
7.401961e-01 1.617647e-01 -1.937913e-02
7.500000e-01 1.617647e-01 -3.423097e-02
7.598039e-01 1.617647e-01 -9.656292e-03
7.696078e-01 1.617647e-01 -3.004013e-02
7.794118e-01 1.617647e-01 -4.826003e-02
7.892157e-01 1.617647e-01 5.496145e-03
7.990196e-01 1.617647e-01 9.119754e-03
8.088235e-01 1.617647e-01 -3.781539e-02
8.186275e-01 1.617647e-01 1.389047e-02
8.284314e-01 1.617647e-01 5.810328e-02
8.382353e-01 1.617647e-01 -2.126905e-02
8.480392e-01 1.617647e-01 -2.542922e-02
8.578431e-01 1.617647e-01 7.205848e-02
8.676471e-01 1.617647e-01 2.506083e-02
8.774510e-01 1.617647e-01 -7.442264e-02
8.872549e-01 1.617647e-01 1.499190e-02
8.970588e-01 1.617647e-01 9.005929e-02
9.068627e-01 1.617647e-01 -4.052432e-02
9.166667e-01 1.617647e-01 -8.788267e-02
9.264706e-01 1.617647e-01 6.669233e-02
9.362745e-01 1.617647e-01 8.192200e-02
9.460784e-01 1.617647e-01 -8.718947e-02
9.558824e-01 1.617647e-01 -7.654741e-02
9.656863e-01 1.617647e-01 9.902238e-02
9.754902e-01 1.617647e-01 7.242565e-02
9.852941e-01 1.617647e-01 -1.047043e-01
9.950980e-01 1.617647e-01 -7.370882e-02
4.901961e-03 1.715686e-01 -8.887050e-02
1.470588e-02 1.715686e-01 7.303090e-02
2.450980e-02 1.715686e-01 9.141243e-02
3.431373e-02 1.715686e-01 -6.637350e-02
4.411765e-02 1.715686e-01 -9.574709e-02
5.392157e-02 1.715686e-01 5.175073e-02
6.372549e-02 1.715686e-01 9.948956e-02
7.352941e-02 1.715686e-01 -2.969103e-02
8.333333e-02 1.715686e-01 -9.893866e-02
9.313725e-02 1.715686e-01 2.352099e-03
1.029412e-01 1.715686e-01 9.018478e-02
1.127451e-01 1.715686e-01 2.588772e-02
1.225490e-01 1.715686e-01 -7.072323e-02
1.323529e-01 1.715686e-01 -4.853520e-02
1.421569e-01 1.715686e-01 4.151740e-02
1.519608e-01 1.715686e-01 5.871749e-02
1.617647e-01 1.715686e-01 -8.238474e-03
1.715686e-01 1.715686e-01 -5.238108e-02
1.813725e-01 1.715686e-01 -1.971454e-02
1.911765e-01 1.715686e-01 3.159886e-02
2.009804e-01 1.715686e-01 3.318766e-02
2.107843e-01 1.715686e-01 -5.380535e-03
2.205882e-01 1.715686e-01 -2.882015e-02
2.303922e-01 1.715686e-01 -1.409398e-02
2.401961e-01 1.715686e-01 1.234052e-02
2.500000e-01 1.715686e-01 1.876638e-02
2.598039e-01 1.715686e-01 4.194649e-03
2.696078e-01 1.715686e-01 -1.039895e-02
2.794118e-01 1.715686e-01 -1.071809e-02
2.892157e-01 1.715686e-01 -1.010158e-03
2.990196e-01 1.715686e-01 6.528869e-03
3.088235e-01 1.715686e-01 5.966320e-03
3.186275e-01 1.715686e-01 6.308607e-04
3.284314e-01 1.715686e-01 -3.347053e-03
3.382353e-01 1.715686e-01 -3.310333e-03
3.480392e-01 1.715686e-01 -8.311226e-04
3.578431e-01 1.715686e-01 1.292951e-03
3.676471e-01 1.715686e-01 1.695860e-03
3.774510e-01 1.715686e-01 8.208341e-04
3.872549e-01 1.715686e-01 -2.086828e-04
3.970588e-01 1.715686e-01 -6.736891e-04
4.068627e-01 1.715686e-01 -5.438014e-04
4.166667e-01 1.715686e-01 -1.655299e-04
4.264706e-01 1.715686e-01 1.339479e-04
4.362745e-01 1.715686e-01 2.258413e-04
4.460784e-01 1.715686e-01 1.466632e-04
4.558824e-01 1.715686e-01 1.137643e-05
4.656863e-01 1.715686e-01 -8.865816e-05
4.754902e-01 1.715686e-01 -7.700108e-05
4.852941e-01 1.715686e-01 3.695761e-05
4.950980e-01 1.715686e-01 1.679921e-04
5.049020e-01 1.715686e-01 2.426510e-04
5.147059e-01 1.715686e-01 4.316876e-05
5.245098e-01 1.715686e-01 -2.852599e-04
5.343137e-01 1.715686e-01 -6.349338e-04
5.441176e-01 1.715686e-01 -8.050066e-04
5.539216e-01 1.715686e-01 -1.304800e-04
5.637255e-01 1.715686e-01 7.061119e-04
5.735294e-01 1.715686e-01 1.757959e-03
5.833333e-01 1.715686e-01 2.561207e-03
5.931373e-01 1.715686e-01 1.052485e-03
6.029412e-01 1.715686e-01 -6.926317e-04
6.127451e-01 1.715686e-01 -3.234746e-03
6.225490e-01 1.715686e-01 -6.837350e-03
6.323529e-01 1.715686e-01 -5.157171e-03
6.421569e-01 1.715686e-01 -2.484744e-03
6.519608e-01 1.715686e-01 5.125025e-04
6.617647e-01 1.715686e-01 1.080381e-02
6.715686e-01 1.715686e-01 1.394113e-02
6.813725e-01 1.715686e-01 1.076013e-02
6.911765e-01 1.715686e-01 1.467413e-02
7.009804e-01 1.715686e-01 3.043716e-03
7.107843e-01 1.715686e-01 -1.515728e-02
7.205882e-01 1.715686e-01 -1.113590e-02
7.303922e-01 1.715686e-01 -2.140895e-02
7.401961e-01 1.715686e-01 -3.841299e-02
7.500000e-01 1.715686e-01 -1.300226e-02
7.598039e-01 1.715686e-01 -2.921993e-03
7.696078e-01 1.715686e-01 -2.309943e-02
7.794118e-01 1.715686e-01 1.125457e-02
7.892157e-01 1.715686e-01 4.020989e-02
7.990196e-01 1.715686e-01 -3.202984e-03
8.088235e-01 1.715686e-01 5.895061e-03
8.186275e-01 1.715686e-01 5.969936e-02
8.284314e-01 1.715686e-01 9.514236e-03
8.382353e-01 1.715686e-01 -3.611970e-02
8.480392e-01 1.715686e-01 3.934518e-02
8.578431e-01 1.715686e-01 4.272325e-02
8.676471e-01 1.715686e-01 -5.886007e-02
8.774510e-01 1.715686e-01 -2.432552e-02
8.872549e-01 1.715686e-01 7.477934e-02
8.970588e-01 1.715686e-01 -4.134217e-03
9.068627e-01 1.715686e-01 -9.003683e-02
9.166667e-01 1.715686e-01 2.432395e-02
9.264706e-01 1.715686e-01 8.961250e-02
9.362745e-01 1.715686e-01 -4.851999e-02
9.460784e-01 1.715686e-01 -9.086529e-02
9.558824e-01 1.715686e-01 6.286180e-02
9.656863e-01 1.715686e-01 8.859793e-02
9.754902e-01 1.715686e-01 -7.194581e-02
9.852941e-01 1.715686e-01 -8.887050e-02
9.950980e-01 1.715686e-01 7.303090e-02
4.901961e-03 1.813725e-01 4.038915e-02
1.470588e-02 1.813725e-01 9.631420e-02
2.450980e-02 1.813725e-01 -3.727349e-02
3.431373e-02 1.813725e-01 -9.767063e-02
4.411765e-02 1.813725e-01 2.701869e-02
5.392157e-02 1.813725e-01 9.775251e-02
6.372549e-02 1.813725e-01 -1.009511e-02
7.352941e-02 1.813725e-01 -9.387033e-02
8.333333e-02 1.813725e-01 -1.140241e-02
9.313725e-02 1.813725e-01 8.319549e-02
1.029412e-01 1.813725e-01 3.371964e-02
1.127451e-01 1.813725e-01 -6.385516e-02
1.225490e-01 1.813725e-01 -5.141787e-02
1.323529e-01 1.813725e-01 3.665456e-02
1.421569e-01 1.813725e-01 5.869509e-02
1.519608e-01 1.813725e-01 -6.188114e-03
1.617647e-01 1.813725e-01 -5.189557e-02
1.715686e-01 1.813725e-01 -1.971454e-02
1.813725e-01 1.813725e-01 3.230849e-02
1.911765e-01 1.813725e-01 3.299386e-02
2.009804e-01 1.813725e-01 -7.231485e-03
2.107843e-01 1.813725e-01 -2.999294e-02
2.205882e-01 1.813725e-01 -1.263221e-02
2.303922e-01 1.813725e-01 1.481068e-02
2.401961e-01 1.813725e-01 1.916875e-02
2.500000e-01 1.813725e-01 2.084694e-03
2.598039e-01 1.813725e-01 -1.247846e-02
2.696078e-01 1.813725e-01 -1.053946e-02
2.794118e-01 1.813725e-01 9.329380e-04
2.892157e-01 1.813725e-01 8.042056e-03
2.990196e-01 1.813725e-01 5.715383e-03
3.088235e-01 1.813725e-01 -7.811271e-04
3.186275e-01 1.813725e-01 -4.435191e-03
3.284314e-01 1.813725e-01 -3.263371e-03
3.382353e-01 1.813725e-01 3.218818e-06
3.480392e-01 1.813725e-01 2.057203e-03
3.578431e-01 1.813725e-01 1.861421e-03
3.676471e-01 1.813725e-01 4.685078e-04
3.774510e-01 1.813725e-01 -6.699403e-04
3.872549e-01 1.813725e-01 -9.142015e-04
3.970588e-01 1.813725e-01 -5.015316e-04
4.068627e-01 1.813725e-01 2.387756e-05
4.166667e-01 1.813725e-01 3.030380e-04
4.264706e-01 1.813725e-01 2.912341e-04
4.362745e-01 1.813725e-01 1.246132e-04
4.460784e-01 1.813725e-01 -3.815652e-05
4.558824e-01 1.813725e-01 -1.061545e-04
4.656863e-01 1.813725e-01 -6.994033e-05
4.754902e-01 1.813725e-01 4.037853e-05
4.852941e-01 1.813725e-01 1.135474e-04
4.950980e-01 1.813725e-01 9.954190e-05
5.049020e-01 1.813725e-01 -6.233145e-05
5.147059e-01 1.813725e-01 -3.219034e-04
5.245098e-01 1.813725e-01 -3.925269e-04
5.343137e-01 1.813725e-01 -2.960973e-04
5.441176e-01 1.813725e-01 2.679337e-04
5.539216e-01 1.813725e-01 1.011396e-03
5.637255e-01 1.813725e-01 1.189645e-03
5.735294e-01 1.813725e-01 1.145092e-03
5.833333e-01 1.813725e-01 -2.854849e-04
5.931373e-01 1.813725e-01 -2.356059e-03
6.029412e-01 1.813725e-01 -3.059292e-03
6.127451e-01 1.813725e-01 -4.031751e-03
6.225490e-01 1.813725e-01 -1.986924e-03
6.323529e-01 1.813725e-01 3.090067e-03
6.421569e-01 1.813725e-01 5.116326e-03
6.519608e-01 1.813725e-01 9.317593e-03
6.617647e-01 1.813725e-01 1.128499e-02
6.715686e-01 1.813725e-01 2.757790e-03
6.813725e-01 1.813725e-01 -1.117908e-03
6.911765e-01 1.813725e-01 -6.237490e-03
7.009804e-01 1.813725e-01 -2.195401e-02
7.107843e-01 1.813725e-01 -1.947110e-02
7.205882e-01 1.813725e-01 -1.113504e-02
7.303922e-01 1.813725e-01 -1.981351e-02
7.401961e-01 1.813725e-01 -3.161144e-03
7.500000e-01 1.813725e-01 2.240724e-02
7.598039e-01 1.813725e-01 7.794784e-03
7.696078e-01 1.813725e-01 1.432796e-02
7.794118e-01 1.813725e-01 4.653339e-02
7.892157e-01 1.813725e-01 1.709233e-02
7.990196e-01 1.813725e-01 -8.219415e-03
8.088235e-01 1.813725e-01 3.417207e-02
8.186275e-01 1.813725e-01 1.883413e-02
8.284314e-01 1.813725e-01 -4.278233e-02
8.382353e-01 1.813725e-01 -1.436765e-03
8.480392e-01 1.813725e-01 3.984281e-02
8.578431e-01 1.813725e-01 -3.769079e-02
8.676471e-01 1.813725e-01 -5.052207e-02
8.774510e-01 1.813725e-01 4.772377e-02
8.872549e-01 1.813725e-01 2.501063e-02
8.970588e-01 1.813725e-01 -7.541297e-02
9.068627e-01 1.813725e-01 -1.245202e-02
9.166667e-01 1.813725e-01 8.337811e-02
9.264706e-01 1.813725e-01 -9.225146e-03
9.362745e-01 1.813725e-01 -9.075543e-02
9.460784e-01 1.813725e-01 2.517406e-02
9.558824e-01 1.813725e-01 9.354027e-02
9.656863e-01 1.813725e-01 -3.590157e-02
9.754902e-01 1.813725e-01 -9.471877e-02
9.852941e-01 1.813725e-01 4.038915e-02
9.950980e-01 1.813725e-01 9.631420e-02
4.901961e-03 1.911765e-01 9.231409e-02
1.470588e-02 1.911765e-01 -7.671004e-03
2.450980e-02 1.911765e-01 -9.270009e-02
3.431373e-02 1.911765e-01 1.639350e-03
4.411765e-02 1.911765e-01 9.078784e-02
5.392157e-02 1.911765e-01 1.010627e-02
6.372549e-02 1.911765e-01 -8.489387e-02
7.352941e-02 1.911765e-01 -2.572392e-02
8.333333e-02 1.911765e-01 7.315526e-02
9.313725e-02 1.911765e-01 4.200395e-02
1.029412e-01 1.911765e-01 -5.440560e-02
1.127451e-01 1.911765e-01 -5.445231e-02
1.225490e-01 1.911765e-01 2.948965e-02
1.323529e-01 1.911765e-01 5.827902e-02
1.421569e-01 1.911765e-01 -2.229270e-03
1.519608e-01 1.911765e-01 -5.037546e-02
1.617647e-01 1.911765e-01 -2.089385e-02
1.715686e-01 1.911765e-01 3.159886e-02
1.813725e-01 1.911765e-01 3.299386e-02
1.911765e-01 1.911765e-01 -7.861132e-03
2.009804e-01 1.911765e-01 -3.054121e-02
2.107843e-01 1.911765e-01 -1.164903e-02
2.205882e-01 1.911765e-01 1.647267e-02
2.303922e-01 1.911765e-01 1.926992e-02
2.401961e-01 1.911765e-01 2.990687e-04
2.500000e-01 1.911765e-01 -1.403189e-02
2.598039e-01 1.911765e-01 -1.008285e-02
2.696078e-01 1.911765e-01 2.745786e-03
2.794118e-01 1.911765e-01 9.176843e-03
2.892157e-01 1.911765e-01 5.154212e-03
2.990196e-01 1.911765e-01 -2.207578e-03
3.088235e-01 1.911765e-01 -5.266327e-03
3.186275e-01 1.911765e-01 -2.917742e-03
3.284314e-01 1.911765e-01 9.500833e-04
3.382353e-01 1.911765e-01 2.698505e-03
3.480392e-01 1.911765e-01 1.800794e-03
3.578431e-01 1.911765e-01 -3.755448e-05
3.676471e-01 1.911765e-01 -1.129948e-03
3.774510e-01 1.911765e-01 -1.040632e-03
3.872549e-01 1.911765e-01 -3.329163e-04
3.970588e-01 1.911765e-01 2.759906e-04
4.068627e-01 1.911765e-01 4.603933e-04
4.166667e-01 1.911765e-01 3.046263e-04
4.264706e-01 1.911765e-01 5.195966e-05
4.362745e-01 1.911765e-01 -1.161182e-04
4.460784e-01 1.911765e-01 -1.411962e-04
4.558824e-01 1.911765e-01 -6.803924e-05
4.656863e-01 1.911765e-01 3.276146e-05
4.754902e-01 1.911765e-01 8.196918e-05
4.852941e-01 1.911765e-01 2.692696e-05
4.950980e-01 1.911765e-01 -8.615034e-05
5.049020e-01 1.911765e-01 -2.305659e-04
5.147059e-01 1.911765e-01 -2.007076e-04
5.245098e-01 1.911765e-01 3.655868e-05
5.343137e-01 1.911765e-01 3.709318e-04
5.441176e-01 1.911765e-01 8.042870e-04
5.539216e-01 1.911765e-01 6.322631e-04
5.637255e-01 1.911765e-01 2.024197e-05
5.735294e-01 1.911765e-01 -8.649351e-04
5.833333e-01 1.911765e-01 -2.278539e-03
5.931373e-01 1.911765e-01 -2.113913e-03
6.029412e-01 1.911765e-01 -9.916393e-04
6.127451e-01 1.911765e-01 6.067320e-04
6.225490e-01 1.911765e-01 4.669468e-03
6.323529e-01 1.911765e-01 5.991990e-03
6.421569e-01 1.911765e-01 4.756863e-03
6.519608e-01 1.911765e-01 4.404403e-03
6.617647e-01 1.911765e-01 -3.085200e-03
6.715686e-01 1.911765e-01 -1.036770e-02
6.813725e-01 1.911765e-01 -9.843645e-03
6.911765e-01 1.911765e-01 -1.558162e-02
7.009804e-01 1.911765e-01 -1.429184e-02
7.107843e-01 1.911765e-01 2.216597e-03
7.205882e-01 1.911765e-01 3.871557e-03
7.303922e-01 1.911765e-01 7.819940e-03
7.401961e-01 1.911765e-01 3.060190e-02
7.500000e-01 1.911765e-01 2.368918e-02
7.598039e-01 1.911765e-01 7.431214e-03
7.696078e-01 1.911765e-01 2.671211e-02
7.794118e-01 1.911765e-01 1.571271e-02
7.892157e-01 1.911765e-01 -2.375743e-02
7.990196e-01 1.911765e-01 -2.703563e-03
8.088235e-01 1.911765e-01 1.229280e-02
8.186275e-01 1.911765e-01 -3.912841e-02
8.284314e-01 1.911765e-01 -3.146038e-02
8.382353e-01 1.911765e-01 2.723917e-02
8.480392e-01 1.911765e-01 -1.119240e-02
8.578431e-01 1.911765e-01 -5.469483e-02
8.676471e-01 1.911765e-01 2.012626e-02
8.774510e-01 1.911765e-01 4.454602e-02
8.872549e-01 1.911765e-01 -4.668675e-02
8.970588e-01 1.911765e-01 -3.644795e-02
9.068627e-01 1.911765e-01 6.554751e-02
9.166667e-01 1.911765e-01 2.458975e-02
9.264706e-01 1.911765e-01 -7.645188e-02
9.362745e-01 1.911765e-01 -8.950071e-03
9.460784e-01 1.911765e-01 8.596314e-02
9.558824e-01 1.911765e-01 -9.603683e-04
9.656863e-01 1.911765e-01 -8.970642e-02
9.754902e-01 1.911765e-01 7.661240e-03
9.852941e-01 1.911765e-01 9.231409e-02
9.950980e-01 1.911765e-01 -7.671004e-03
4.901961e-03 2.009804e-01 1.910848e-02
1.470588e-02 2.009804e-01 -8.015516e-02
2.450980e-02 2.009804e-01 -2.178085e-02
3.431373e-02 2.009804e-01 7.790329e-02
4.411765e-02 2.009804e-01 2.881695e-02
5.392157e-02 2.009804e-01 -7.150423e-02
6.372549e-02 2.009804e-01 -3.892926e-02
7.352941e-02 2.009804e-01 5.983761e-02
8.333333e-02 2.009804e-01 4.943390e-02
9.313725e-02 2.009804e-01 -4.243534e-02
1.029412e-01 2.009804e-01 -5.672399e-02
1.127451e-01 2.009804e-01 2.028614e-02
1.225490e-01 2.009804e-01 5.695933e-02
1.323529e-01 2.009804e-01 3.334797e-03
1.421569e-01 2.009804e-01 -4.764857e-02
1.519608e-01 2.009804e-01 -2.307281e-02
1.617647e-01 2.009804e-01 2.946512e-02
1.715686e-01 2.009804e-01 3.318766e-02
1.813725e-01 2.009804e-01 -7.231485e-03
1.911765e-01 2.009804e-01 -3.054121e-02
2.009804e-01 2.009804e-01 -1.130354e-02
2.107843e-01 2.009804e-01 1.730493e-02
2.205882e-01 2.009804e-01 1.925011e-02
2.303922e-01 2.009804e-01 -9.836858e-04
2.401961e-01 2.009804e-01 -1.508603e-02
2.500000e-01 2.009804e-01 -9.541830e-03
2.598039e-01 2.009804e-01 4.275041e-03
2.696078e-01 2.009804e-01 9.956570e-03
2.794118e-01 2.009804e-01 4.434581e-03
2.892157e-01 2.009804e-01 -3.515261e-03
2.990196e-01 2.009804e-01 -5.824999e-03
3.088235e-01 2.009804e-01 -2.363302e-03
3.186275e-01 2.009804e-01 1.898472e-03
3.284314e-01 2.009804e-01 3.162669e-03
3.382353e-01 2.009804e-01 1.538923e-03
3.480392e-01 2.009804e-01 -6.255664e-04
3.578431e-01 2.009804e-01 -1.522622e-03
3.676471e-01 2.009804e-01 -1.028555e-03
3.774510e-01 2.009804e-01 -5.856787e-05
3.872549e-01 2.009804e-01 5.478832e-04
3.970588e-01 2.009804e-01 5.669329e-04
4.068627e-01 2.009804e-01 2.483971e-04
4.166667e-01 2.009804e-01 -6.873623e-05
4.264706e-01 2.009804e-01 -2.064348e-04
4.362745e-01 2.009804e-01 -1.691551e-04
4.460784e-01 2.009804e-01 -5.181420e-05
4.558824e-01 2.009804e-01 4.504013e-05
4.656863e-01 2.009804e-01 7.336829e-05
4.754902e-01 2.009804e-01 1.246627e-05
4.852941e-01 2.009804e-01 -7.611944e-05
4.950980e-01 2.009804e-01 -1.249670e-04
5.049020e-01 2.009804e-01 -7.319451e-05
5.147059e-01 2.009804e-01 1.550025e-04
5.245098e-01 2.009804e-01 3.401967e-04
5.343137e-01 2.009804e-01 4.391772e-04
5.441176e-01 2.009804e-01 2.179229e-04
5.539216e-01 2.009804e-01 -4.895076e-04
5.637255e-01 2.009804e-01 -9.677789e-04
5.735294e-01 2.009804e-01 -1.402219e-03
5.833333e-01 2.009804e-01 -1.012310e-03
5.931373e-01 2.009804e-01 7.950650e-04
6.029412e-01 2.009804e-01 2.002224e-03
6.127451e-01 2.009804e-01 3.643682e-03
6.225490e-01 2.009804e-01 4.217299e-03
6.323529e-01 2.009804e-01 7.471251e-04
6.421569e-01 2.009804e-01 -1.700363e-03
6.519608e-01 2.009804e-01 -5.310176e-03
6.617647e-01 2.009804e-01 -1.108223e-02
6.715686e-01 2.009804e-01 -8.181581e-03
6.813725e-01 2.009804e-01 -4.478075e-03
6.911765e-01 2.009804e-01 -3.310348e-03
7.009804e-01 2.009804e-01 1.025663e-02
7.107843e-01 2.009804e-01 1.773286e-02
7.205882e-01 2.009804e-01 1.194456e-02
7.303922e-01 2.009804e-01 2.081608e-02
7.401961e-01 2.009804e-01 1.992720e-02
7.500000e-01 2.009804e-01 -4.830061e-03
7.598039e-01 2.009804e-01 -2.832943e-03
7.696078e-01 2.009804e-01 2.375180e-03
7.794118e-01 2.009804e-01 -2.957909e-02
7.892157e-01 2.009804e-01 -2.829285e-02
7.990196e-01 2.009804e-01 3.680118e-03
8.088235e-01 2.009804e-01 -2.127797e-02
8.186275e-01 2.009804e-01 -3.740776e-02
8.284314e-01 2.009804e-01 1.599269e-02
8.382353e-01 2.009804e-01 1.620414e-02
8.480392e-01 2.009804e-01 -3.754995e-02
8.578431e-01 2.009804e-01 -2.444993e-04
8.676471e-01 2.009804e-01 5.143780e-02
8.774510e-01 2.009804e-01 -1.263778e-02
8.872549e-01 2.009804e-01 -4.525011e-02
8.970588e-01 2.009804e-01 3.962821e-02
9.068627e-01 2.009804e-01 4.628100e-02
9.166667e-01 2.009804e-01 -5.202776e-02
9.264706e-01 2.009804e-01 -3.486439e-02
9.362745e-01 2.009804e-01 6.668108e-02
9.460784e-01 2.009804e-01 2.765333e-02
9.558824e-01 2.009804e-01 -7.425369e-02
9.656863e-01 2.009804e-01 -2.120635e-02
9.754902e-01 2.009804e-01 7.889186e-02
9.852941e-01 2.009804e-01 1.910848e-02
9.950980e-01 2.009804e-01 -8.015516e-02
4.901961e-03 2.107843e-01 -6.072709e-02
1.470588e-02 2.107843e-01 -4.028374e-02
2.450980e-02 2.107843e-01 5.947711e-02
3.431373e-02 2.107843e-01 4.367195e-02
4.411765e-02 2.107843e-01 -5.394640e-02
5.392157e-02 2.107843e-01 -4.913107e-02
6.372549e-02 2.107843e-01 4.353828e-02
7.352941e-02 2.107843e-01 5.456870e-02
8.333333e-02 2.107843e-01 -2.835071e-02
9.313725e-02 2.107843e-01 -5.721914e-02
1.029412e-01 2.107843e-01 9.544738e-03
1.127451e-01 2.107843e-01 5.414426e-02
1.225490e-01 2.107843e-01 1.001069e-02
1.323529e-01 2.107843e-01 -4.348893e-02
1.421569e-01 2.107843e-01 -2.589488e-02
1.519608e-01 2.107843e-01 2.590752e-02
1.617647e-01 2.107843e-01 3.342572e-02
1.715686e-01 2.107843e-01 -5.380535e-03
1.813725e-01 2.107843e-01 -2.999294e-02
1.911765e-01 2.107843e-01 -1.164903e-02
2.009804e-01 2.107843e-01 1.730493e-02
2.107843e-01 2.107843e-01 1.922952e-02
2.205882e-01 2.107843e-01 -1.651615e-03
2.303922e-01 2.107843e-01 -1.568998e-02
2.401961e-01 2.107843e-01 -9.081942e-03
2.500000e-01 2.107843e-01 5.420738e-03
2.598039e-01 2.107843e-01 1.044447e-02
2.696078e-01 2.107843e-01 3.705160e-03
2.794118e-01 2.107843e-01 -4.614293e-03
2.892157e-01 2.107843e-01 -6.144910e-03
2.990196e-01 2.107843e-01 -1.707473e-03
3.088235e-01 2.107843e-01 2.761469e-03
3.186275e-01 2.107843e-01 3.439455e-03
3.284314e-01 2.107843e-01 1.132253e-03
3.382353e-01 2.107843e-01 -1.222678e-03
3.480392e-01 2.107843e-01 -1.806247e-03
3.578431e-01 2.107843e-01 -8.843209e-04
3.676471e-01 2.107843e-01 2.817906e-04
3.774510e-01 2.107843e-01 7.957033e-04
3.872549e-01 2.107843e-01 5.979119e-04
3.970588e-01 2.107843e-01 1.229975e-04
4.068627e-01 2.107843e-01 -2.181890e-04
4.166667e-01 2.107843e-01 -2.865730e-04
4.264706e-01 2.107843e-01 -1.680029e-04
4.362745e-01 2.107843e-01 -1.053711e-05
4.460784e-01 2.107843e-01 8.081280e-05
4.558824e-01 2.107843e-01 8.094200e-05
4.656863e-01 2.107843e-01 1.823767e-05
4.754902e-01 2.107843e-01 -5.615877e-05
4.852941e-01 2.107843e-01 -6.262557e-05
4.950980e-01 2.107843e-01 -6.948280e-07
5.049020e-01 2.107843e-01 1.430650e-04
5.147059e-01 2.107843e-01 2.493250e-04
5.245098e-01 2.107843e-01 1.601828e-04
5.343137e-01 2.107843e-01 -5.165014e-05
5.441176e-01 2.107843e-01 -5.253409e-04
5.539216e-01 2.107843e-01 -7.933610e-04
5.637255e-01 2.107843e-01 -5.598803e-04
5.735294e-01 2.107843e-01 -9.283504e-05
5.833333e-01 2.107843e-01 1.271141e-03
5.931373e-01 2.107843e-01 2.191053e-03
6.029412e-01 2.107843e-01 1.945704e-03
6.127451e-01 2.107843e-01 1.574524e-03
6.225490e-01 2.107843e-01 -1.380220e-03
6.323529e-01 2.107843e-01 -4.519357e-03
6.421569e-01 2.107843e-01 -4.919048e-03
6.519608e-01 2.107843e-01 -6.631238e-03
6.617647e-01 2.107843e-01 -3.919642e-03
6.715686e-01 2.107843e-01 3.790475e-03
6.813725e-01 2.107843e-01 5.716068e-03
6.911765e-01 2.107843e-01 1.094359e-02
7.009804e-01 2.107843e-01 1.779439e-02
7.107843e-01 2.107843e-01 8.873569e-03
7.205882e-01 2.107843e-01 3.721652e-03
7.303922e-01 2.107843e-01 5.390926e-03
7.401961e-01 2.107843e-01 -1.341224e-02
7.500000e-01 2.107843e-01 -2.274030e-02
7.598039e-01 2.107843e-01 -8.826014e-03
7.696078e-01 2.107843e-01 -2.070019e-02
7.794118e-01 2.107843e-01 -3.042015e-02
7.892157e-01 2.107843e-01 1.666937e-03
7.990196e-01 2.107843e-01 4.300534e-03
8.088235e-01 2.107843e-01 -2.157701e-02
8.186275e-01 2.107843e-01 9.483017e-03
8.284314e-01 2.107843e-01 3.469856e-02
8.382353e-01 2.107843e-01 -1.095405e-02
8.480392e-01 2.107843e-01 -1.224864e-02
8.578431e-01 2.107843e-01 4.316951e-02
8.676471e-01 2.107843e-01 1.466191e-02
8.774510e-01 2.107843e-01 -4.162142e-02
8.872549e-01 2.107843e-01 1.040214e-02
8.970588e-01 2.107843e-01 5.141876e-02
9.068627e-01 2.107843e-01 -2.417557e-02
9.166667e-01 2.107843e-01 -4.916908e-02
9.264706e-01 2.107843e-01 3.929922e-02
9.362745e-01 2.107843e-01 4.543226e-02
9.460784e-01 2.107843e-01 -5.088627e-02
9.558824e-01 2.107843e-01 -4.212543e-02
9.656863e-01 2.107843e-01 5.746427e-02
9.754902e-01 2.107843e-01 3.954508e-02
9.852941e-01 2.107843e-01 -6.072709e-02
9.950980e-01 2.107843e-01 -4.028374e-02
4.901961e-03 2.205882e-01 -5.116820e-02
1.470588e-02 2.205882e-01 3.717553e-02
2.450980e-02 2.205882e-01 5.246049e-02
3.431373e-02 2.205882e-01 -3.341973e-02
4.411765e-02 2.205882e-01 -5.454017e-02
5.392157e-02 2.205882e-01 2.523614e-02
6.372549e-02 2.205882e-01 5.605203e-02
7.352941e-02 2.205882e-01 -1.302013e-02
8.333333e-02 2.205882e-01 -5.499389e-02
9.313725e-02 2.205882e-01 -1.931130e-03
1.029412e-01 2.205882e-01 4.928949e-02
1.127451e-01 2.205882e-01 1.709634e-02
1.225490e-01 2.205882e-01 -3.770417e-02
1.323529e-01 2.205882e-01 -2.883994e-02
1.421569e-01 2.205882e-01 2.097305e-02
1.519608e-01 2.205882e-01 3.342697e-02
1.617647e-01 2.205882e-01 -2.429425e-03
1.715686e-01 2.205882e-01 -2.882015e-02
1.813725e-01 2.205882e-01 -1.263221e-02
1.911765e-01 2.205882e-01 1.647267e-02
2.009804e-01 2.205882e-01 1.925011e-02
2.107843e-01 2.205882e-01 -1.651615e-03
2.205882e-01 2.205882e-01 -1.588588e-02
2.303922e-01 2.205882e-01 -8.821452e-03
2.401961e-01 2.205882e-01 6.125981e-03
2.500000e-01 2.205882e-01 1.071554e-02
2.598039e-01 2.205882e-01 3.091629e-03
2.696078e-01 2.205882e-01 -5.455186e-03
2.794118e-01 2.205882e-01 -6.288591e-03
2.892157e-01 2.205882e-01 -1.054100e-03
2.990196e-01 2.205882e-01 3.484205e-03
3.088235e-01 2.205882e-01 3.554107e-03
3.186275e-01 2.205882e-01 6.511082e-04
3.284314e-01 2.205882e-01 -1.770235e-03
3.382353e-01 2.205882e-01 -1.967953e-03
3.480392e-01 2.205882e-01 -6.378504e-04
3.578431e-01 2.205882e-01 6.426133e-04
3.676471e-01 2.205882e-01 9.866574e-04
3.774510e-01 2.205882e-01 5.473657e-04
3.872549e-01 2.205882e-01 -5.507839e-05
3.970588e-01 2.205882e-01 -3.706214e-04
4.068627e-01 2.205882e-01 -3.353996e-04
4.166667e-01 2.205882e-01 -1.279827e-04
4.264706e-01 2.205882e-01 5.648216e-05
4.362745e-01 2.205882e-01 1.272085e-04
4.460784e-01 2.205882e-01 9.246082e-05
4.558824e-01 2.205882e-01 1.658451e-05
4.656863e-01 2.205882e-01 -4.437764e-05
4.754902e-01 2.205882e-01 -4.224403e-05
4.852941e-01 2.205882e-01 2.325336e-05
4.950980e-01 2.205882e-01 9.695076e-05
5.049020e-01 2.205882e-01 1.413561e-04
5.147059e-01 2.205882e-01 2.295255e-05
5.245098e-01 2.205882e-01 -1.782726e-04
5.343137e-01 2.205882e-01 -3.782829e-04
5.441176e-01 2.205882e-01 -4.853340e-04
5.539216e-01 2.205882e-01 -7.741772e-05
5.637255e-01 2.205882e-01 4.499097e-04
5.735294e-01 2.205882e-01 1.064140e-03
5.833333e-01 2.205882e-01 1.572506e-03
5.931373e-01 2.205882e-01 6.694939e-04
6.029412e-01 2.205882e-01 -4.755738e-04
6.127451e-01 2.205882e-01 -1.995007e-03
6.225490e-01 2.205882e-01 -4.237893e-03
6.323529e-01 2.205882e-01 -3.357562e-03
6.421569e-01 2.205882e-01 -1.537852e-03
6.519608e-01 2.205882e-01 3.505789e-04
6.617647e-01 2.205882e-01 6.614812e-03
6.715686e-01 2.205882e-01 9.084454e-03
6.813725e-01 2.205882e-01 7.201630e-03
6.911765e-01 2.205882e-01 9.232726e-03
7.009804e-01 2.205882e-01 2.554892e-03
7.107843e-01 2.205882e-01 -9.080068e-03
7.205882e-01 2.205882e-01 -7.961587e-03
7.303922e-01 2.205882e-01 -1.385296e-02
7.401961e-01 2.205882e-01 -2.453325e-02
7.500000e-01 2.205882e-01 -1.072819e-02
7.598039e-01 2.205882e-01 -3.305231e-03
7.696078e-01 2.205882e-01 -1.409504e-02
7.794118e-01 2.205882e-01 5.095083e-03
7.892157e-01 2.205882e-01 2.395536e-02
7.990196e-01 2.205882e-01 1.044680e-03
8.088235e-01 2.205882e-01 4.547336e-03
8.186275e-01 2.205882e-01 3.568086e-02
8.284314e-01 2.205882e-01 9.629752e-03
8.382353e-01 2.205882e-01 -1.845537e-02
8.480392e-01 2.205882e-01 2.183698e-02
8.578431e-01 2.205882e-01 2.645628e-02
8.676471e-01 2.205882e-01 -3.063795e-02
8.774510e-01 2.205882e-01 -1.552460e-02
8.872549e-01 2.205882e-01 4.084669e-02
8.970588e-01 2.205882e-01 4.372756e-04
9.068627e-01 2.205882e-01 -5.021913e-02
9.166667e-01 2.205882e-01 1.013856e-02
9.264706e-01 2.205882e-01 5.028571e-02
9.362745e-01 2.205882e-01 -2.383074e-02
9.460784e-01 2.205882e-01 -5.186307e-02
9.558824e-01 2.205882e-01 3.151496e-02
9.656863e-01 2.205882e-01 5.079363e-02
9.754902e-01 2.205882e-01 -3.666421e-02
9.852941e-01 2.205882e-01 -5.116820e-02
9.950980e-01 2.205882e-01 3.717553e-02
4.901961e-03 2.303922e-01 1.384714e-02
1.470588e-02 2.303922e-01 5.367713e-02
2.450980e-02 2.303922e-01 -1.208932e-02
3.431373e-02 2.303922e-01 -5.388969e-02
4.411765e-02 2.303922e-01 6.614655e-03
5.392157e-02 2.303922e-01 5.291246e-02
6.372549e-02 2.303922e-01 2.200888e-03
7.352941e-02 2.303922e-01 -4.939653e-02
8.333333e-02 2.303922e-01 -1.302890e-02
9.313725e-02 2.303922e-01 4.205974e-02
1.029412e-01 2.303922e-01 2.369812e-02
1.127451e-01 2.303922e-01 -3.024525e-02
1.225490e-01 2.303922e-01 -3.126068e-02
1.323529e-01 2.303922e-01 1.481510e-02
1.421569e-01 2.303922e-01 3.281792e-02
1.519608e-01 2.303922e-01 1.399248e-03
1.617647e-01 2.303922e-01 -2.689264e-02
1.715686e-01 2.303922e-01 -1.409398e-02
1.813725e-01 2.303922e-01 1.481068e-02
1.911765e-01 2.303922e-01 1.926992e-02
2.009804e-01 2.303922e-01 -9.836858e-04
2.107843e-01 2.303922e-01 -1.568998e-02
2.205882e-01 2.303922e-01 -8.821452e-03
2.303922e-01 2.303922e-01 6.363646e-03
2.401961e-01 2.303922e-01 1.083321e-02
2.500000e-01 2.303922e-01 2.686430e-03
2.598039e-01 2.303922e-01 -6.017918e-03
2.696078e-01 2.303922e-01 -6.326842e-03
2.794118e-01 2.303922e-01 -4.901733e-04
2.892157e-01 2.303922e-01 4.041689e-03
2.990196e-01 2.303922e-01 3.553558e-03
3.088235e-01 2.303922e-01 1.646066e-04
3.186275e-01 2.303922e-01 -2.230986e-03
3.284314e-01 2.303922e-01 -2.020028e-03
3.382353e-01 2.303922e-01 -3.315331e-04
3.480392e-01 2.303922e-01 9.838950e-04
3.578431e-01 2.303922e-01 1.105042e-03
3.676471e-01 2.303922e-01 4.262176e-04
3.774510e-01 2.303922e-01 -2.604698e-04
3.872549e-01 2.303922e-01 -5.024800e-04
3.970588e-01 2.303922e-01 -3.404972e-04
4.068627e-01 2.303922e-01 -5.109598e-05
4.166667e-01 2.303922e-01 1.395791e-04
4.264706e-01 2.303922e-01 1.691478e-04
4.362745e-01 2.303922e-01 9.299669e-05
4.460784e-01 2.303922e-01 -1.155758e-06
4.558824e-01 2.303922e-01 -5.088347e-05
4.656863e-01 2.303922e-01 -4.219661e-05
4.754902e-01 2.303922e-01 1.624671e-05
4.852941e-01 2.303922e-01 6.144559e-05
4.950980e-01 2.303922e-01 5.824702e-05
5.049020e-01 2.303922e-01 -2.531965e-05
5.147059e-01 2.303922e-01 -1.824165e-04
5.245098e-01 2.303922e-01 -2.344644e-04
5.343137e-01 2.303922e-01 -1.896598e-04
5.441176e-01 2.303922e-01 1.140346e-04
5.539216e-01 2.303922e-01 5.831223e-04
5.637255e-01 2.303922e-01 7.199771e-04
5.735294e-01 2.303922e-01 7.255805e-04
5.833333e-01 2.303922e-01 -2.941213e-05
5.931373e-01 2.303922e-01 -1.338757e-03
6.029412e-01 2.303922e-01 -1.854591e-03
6.127451e-01 2.303922e-01 -2.481242e-03
6.225490e-01 2.303922e-01 -1.557787e-03
6.323529e-01 2.303922e-01 1.529180e-03
6.421569e-01 2.303922e-01 3.042066e-03
6.519608e-01 2.303922e-01 5.525702e-03
6.617647e-01 2.303922e-01 7.335096e-03
6.715686e-01 2.303922e-01 2.760334e-03
6.813725e-01 2.303922e-01 -1.809015e-04
6.911765e-01 2.303922e-01 -3.083419e-03
7.009804e-01 2.303922e-01 -1.271303e-02
7.107843e-01 2.303922e-01 -1.324826e-02
7.205882e-01 2.303922e-01 -8.328764e-03
7.303922e-01 2.303922e-01 -1.298710e-02
7.401961e-01 2.303922e-01 -4.979665e-03
7.500000e-01 2.303922e-01 1.136581e-02
7.598039e-01 2.303922e-01 5.785546e-03
7.696078e-01 2.303922e-01 8.133769e-03
7.794118e-01 2.303922e-01 2.768326e-02
7.892157e-01 2.303922e-01 1.501763e-02
7.990196e-01 2.303922e-01 -1.794816e-03
8.088235e-01 2.303922e-01 1.972425e-02
8.186275e-01 2.303922e-01 1.544279e-02
8.284314e-01 2.303922e-01 -2.042115e-02
8.382353e-01 2.303922e-01 -3.699880e-03
8.480392e-01 2.303922e-01 2.253391e-02
8.578431e-01 2.303922e-01 -1.658045e-02
8.676471e-01 2.303922e-01 -3.084677e-02
8.774510e-01 2.303922e-01 2.132100e-02
8.872549e-01 2.303922e-01 1.742939e-02
8.970588e-01 2.303922e-01 -3.885360e-02
9.068627e-01 2.303922e-01 -1.337698e-02
9.166667e-01 2.303922e-01 4.340161e-02
9.264706e-01 2.303922e-01 1.741438e-03
9.362745e-01 2.303922e-01 -4.927049e-02
9.460784e-01 2.303922e-01 5.957244e-03
9.558824e-01 2.303922e-01 5.153128e-02
9.656863e-01 2.303922e-01 -1.160794e-02
9.754902e-01 2.303922e-01 -5.279205e-02
9.852941e-01 2.303922e-01 1.384714e-02
9.950980e-01 2.303922e-01 5.367713e-02
4.901961e-03 2.401961e-01 4.707163e-02
1.470588e-02 2.401961e-01 7.195133e-03
2.450980e-02 2.401961e-01 -4.688406e-02
3.431373e-02 2.401961e-01 -1.012339e-02
4.411765e-02 2.401961e-01 4.489195e-02
5.392157e-02 2.401961e-01 1.558999e-02
6.372549e-02 2.401961e-01 -4.030616e-02
7.352941e-02 2.401961e-01 -2.241648e-02
8.333333e-02 2.401961e-01 3.249748e-02
9.313725e-02 2.401961e-01 2.880848e-02
1.029412e-01 2.401961e-01 -2.131844e-02
1.127451e-01 2.401961e-01 -3.245588e-02
1.225490e-01 2.401961e-01 7.755431e-03
1.323529e-01 2.401961e-01 3.119687e-02
1.421569e-01 2.401961e-01 5.761450e-03
1.519608e-01 2.401961e-01 -2.406969e-02
1.617647e-01 2.401961e-01 -1.577402e-02
1.715686e-01 2.401961e-01 1.234052e-02
1.813725e-01 2.401961e-01 1.916875e-02
1.911765e-01 2.401961e-01 2.990687e-04
2.009804e-01 2.401961e-01 -1.508603e-02
2.107843e-01 2.401961e-01 -9.081942e-03
2.205882e-01 2.401961e-01 6.125981e-03
2.303922e-01 2.401961e-01 1.083321e-02
2.401961e-01 2.401961e-01 2.545203e-03
2.500000e-01 2.401961e-01 -6.298675e-03
2.598039e-01 2.401961e-01 -6.321821e-03
2.696078e-01 2.401961e-01 -8.008885e-05
2.794118e-01 2.401961e-01 4.430388e-03
2.892157e-01 2.401961e-01 3.492145e-03
2.990196e-01 2.401961e-01 -2.690116e-04
3.088235e-01 2.401961e-01 -2.588883e-03
3.186275e-01 2.401961e-01 -1.991570e-03
3.284314e-01 2.401961e-01 -9.645194e-06
3.382353e-01 2.401961e-01 1.277947e-03
3.480392e-01 2.401961e-01 1.152165e-03
3.578431e-01 2.401961e-01 2.566121e-04
3.676471e-01 2.401961e-01 -4.671823e-04
3.774510e-01 2.401961e-01 -5.980000e-04
3.872549e-01 2.401961e-01 -3.008559e-04
3.970588e-01 2.401961e-01 5.255220e-05
4.068627e-01 2.401961e-01 2.239780e-04
4.166667e-01 2.401961e-01 1.951362e-04
4.264706e-01 2.401961e-01 7.319061e-05
4.362745e-01 2.401961e-01 -3.379767e-05
4.460784e-01 2.401961e-01 -7.168812e-05
4.558824e-01 2.401961e-01 -4.760328e-05
4.656863e-01 2.401961e-01 4.295099e-06
4.754902e-01 2.401961e-01 4.113400e-05
4.852941e-01 2.401961e-01 2.007354e-05
4.950980e-01 2.401961e-01 -3.757750e-05
5.049020e-01 2.401961e-01 -1.245710e-04
5.147059e-01 2.401961e-01 -1.339683e-04
5.245098e-01 2.401961e-01 -8.835032e-06
5.343137e-01 2.401961e-01 1.726313e-04
5.441176e-01 2.401961e-01 4.506382e-04
5.539216e-01 2.401961e-01 4.361028e-04
5.637255e-01 2.401961e-01 1.038302e-04
5.735294e-01 2.401961e-01 -3.666265e-04
5.833333e-01 2.401961e-01 -1.251380e-03
5.931373e-01 2.401961e-01 -1.400837e-03
6.029412e-01 2.401961e-01 -8.102533e-04
6.127451e-01 2.401961e-01 -2.445760e-05
6.225490e-01 2.401961e-01 2.328246e-03
6.323529e-01 2.401961e-01 3.692286e-03
6.421569e-01 2.401961e-01 3.206851e-03
6.519608e-01 2.401961e-01 3.285019e-03
6.617647e-01 2.401961e-01 -4.248588e-04
6.715686e-01 2.401961e-01 -5.478853e-03
6.813725e-01 2.401961e-01 -6.018013e-03
6.911765e-01 2.401961e-01 -9.368147e-03
7.009804e-01 2.401961e-01 -1.048082e-02
7.107843e-01 2.401961e-01 -1.692060e-03
7.205882e-01 2.401961e-01 1.091190e-03
7.303922e-01 2.401961e-01 2.736939e-03
7.401961e-01 2.401961e-01 1.625433e-02
7.500000e-01 2.401961e-01 1.665453e-02
7.598039e-01 2.401961e-01 7.188900e-03
7.696078e-01 2.401961e-01 1.651530e-02
7.794118e-01 2.401961e-01 1.457123e-02
7.892157e-01 2.401961e-01 -8.325833e-03
7.990196e-01 2.401961e-01 -2.544845e-03
8.088235e-01 2.401961e-01 8.709162e-03
8.186275e-01 2.401961e-01 -1.752188e-02
8.284314e-01 2.401961e-01 -2.151405e-02
8.382353e-01 2.401961e-01 1.051575e-02
8.480392e-01 2.401961e-01 -2.292618e-03
8.578431e-01 2.401961e-01 -3.110439e-02
8.676471e-01 2.401961e-01 2.374311e-03
8.774510e-01 2.401961e-01 2.525674e-02
8.872549e-01 2.401961e-01 -1.920165e-02
8.970588e-01 2.401961e-01 -2.564711e-02
9.068627e-01 2.401961e-01 2.872535e-02
9.166667e-01 2.401961e-01 2.071676e-02
9.264706e-01 2.401961e-01 -3.625937e-02
9.362745e-01 2.401961e-01 -1.423256e-02
9.460784e-01 2.401961e-01 4.250802e-02
9.558824e-01 2.401961e-01 1.004546e-02
9.656863e-01 2.401961e-01 -4.531323e-02
9.754902e-01 2.401961e-01 -6.983632e-03
9.852941e-01 2.401961e-01 4.707163e-02
9.950980e-01 2.401961e-01 7.195133e-03
4.901961e-03 2.500000e-01 2.150839e-02
1.470588e-02 2.500000e-01 -3.451113e-02
2.450980e-02 2.500000e-01 -2.266948e-02
3.431373e-02 2.500000e-01 3.270385e-02
4.411765e-02 2.500000e-01 2.535151e-02
5.392157e-02 2.500000e-01 -2.831925e-02
6.372549e-02 2.500000e-01 -2.874773e-02
7.352941e-02 2.500000e-01 2.115374e-02
8.333333e-02 2.500000e-01 3.145824e-02
9.313725e-02 2.500000e-01 -1.146773e-02
1.029412e-01 2.500000e-01 -3.178731e-02
1.127451e-01 2.500000e-01 3.257904e-04
1.225490e-01 2.500000e-01 2.822372e-02
1.323529e-01 2.500000e-01 1.018450e-02
1.421569e-01 2.500000e-01 -2.026086e-02
1.519608e-01 2.500000e-01 -1.732561e-02
1.617647e-01 2.500000e-01 9.132355e-03
1.715686e-01 2.500000e-01 1.876638e-02
1.813725e-01 2.500000e-01 2.084694e-03
1.911765e-01 2.500000e-01 -1.403189e-02
2.009804e-01 2.500000e-01 -9.541830e-03
2.107843e-01 2.500000e-01 5.420738e-03
2.205882e-01 2.500000e-01 1.071554e-02
2.303922e-01 2.500000e-01 2.686430e-03
2.401961e-01 2.500000e-01 -6.298675e-03
2.500000e-01 2.500000e-01 -6.315271e-03
2.598039e-01 2.500000e-01 1.348856e-04
2.696078e-01 2.500000e-01 4.657652e-03
2.794118e-01 2.500000e-01 3.419790e-03
2.892157e-01 2.500000e-01 -6.064440e-04
2.990196e-01 2.500000e-01 -2.843920e-03
3.088235e-01 2.500000e-01 -1.918991e-03
3.186275e-01 2.500000e-01 2.891055e-04
3.284314e-01 2.500000e-01 1.511073e-03
3.382353e-01 2.500000e-01 1.142223e-03
3.480392e-01 2.500000e-01 6.507554e-05
3.578431e-01 2.500000e-01 -6.545234e-04
3.676471e-01 2.500000e-01 -6.515543e-04
3.774510e-01 2.500000e-01 -2.247788e-04
3.872549e-01 2.500000e-01 1.687137e-04
3.970588e-01 2.500000e-01 2.965350e-04
4.068627e-01 2.500000e-01 1.985315e-04
4.166667e-01 2.500000e-01 3.287342e-05
4.264706e-01 2.500000e-01 -7.669309e-05
4.362745e-01 2.500000e-01 -9.516445e-05
4.460784e-01 2.500000e-01 -5.067744e-05
4.558824e-01 2.500000e-01 3.715879e-06
4.656863e-01 2.500000e-01 3.338482e-05
4.754902e-01 2.500000e-01 1.497092e-05
4.852941e-01 2.500000e-01 -3.287047e-05
4.950980e-01 2.500000e-01 -6.759642e-05
5.049020e-01 2.500000e-01 -6.235473e-05
5.147059e-01 2.500000e-01 5.180327e-05
5.245098e-01 2.500000e-01 1.748243e-04
5.343137e-01 2.500000e-01 2.578258e-04
5.441176e-01 2.500000e-01 2.121851e-04
5.539216e-01 2.500000e-01 -1.616576e-04
5.637255e-01 2.500000e-01 -4.907987e-04
5.735294e-01 2.500000e-01 -8.003224e-04
5.833333e-01 2.500000e-01 -8.166332e-04
5.931373e-01 2.500000e-01 1.043659e-04
6.029412e-01 2.500000e-01 9.171471e-04
6.127451e-01 2.500000e-01 1.908959e-03
6.225490e-01 2.500000e-01 2.789915e-03
6.323529e-01 2.500000e-01 1.313195e-03
6.421569e-01 2.500000e-01 -2.642928e-04
6.519608e-01 2.500000e-01 -2.128675e-03
6.617647e-01 2.500000e-01 -6.048271e-03
6.715686e-01 2.500000e-01 -6.008375e-03
6.813725e-01 2.500000e-01 -3.966861e-03
6.911765e-01 2.500000e-01 -3.860149e-03
7.009804e-01 2.500000e-01 2.808472e-03
7.107843e-01 2.500000e-01 9.439666e-03
7.205882e-01 2.500000e-01 7.719104e-03
7.303922e-01 2.500000e-01 1.218481e-02
7.401961e-01 2.500000e-01 1.523320e-02
7.500000e-01 2.500000e-01 2.985996e-03
7.598039e-01 2.500000e-01 2.298757e-04
7.696078e-01 2.500000e-01 4.491658e-03
7.794118e-01 2.500000e-01 -1.157495e-02
7.892157e-01 2.500000e-01 -1.793903e-02
7.990196e-01 2.500000e-01 -1.559635e-03
8.088235e-01 2.500000e-01 -9.653886e-03
8.186275e-01 2.500000e-01 -2.408044e-02
8.284314e-01 2.500000e-01 -8.398322e-05
8.382353e-01 2.500000e-01 9.555367e-03
8.480392e-01 2.500000e-01 -1.821657e-02
8.578431e-01 2.500000e-01 -8.761292e-03
8.676471e-01 2.500000e-01 2.445701e-02
8.774510e-01 2.500000e-01 1.606216e-03
8.872549e-01 2.500000e-01 -2.553241e-02
8.970588e-01 2.500000e-01 1.143821e-02
9.068627e-01 2.500000e-01 2.934791e-02
9.166667e-01 2.500000e-01 -1.776087e-02
9.264706e-01 2.500000e-01 -2.559831e-02
9.362745e-01 2.500000e-01 2.662049e-02
9.460784e-01 2.500000e-01 2.427644e-02
9.558824e-01 2.500000e-01 -3.100033e-02
9.656863e-01 2.500000e-01 -2.195534e-02
9.754902e-01 2.500000e-01 3.401154e-02
9.852941e-01 2.500000e-01 2.150839e-02
9.950980e-01 2.500000e-01 -3.451113e-02
4.901961e-03 2.598039e-01 -1.904216e-02
1.470588e-02 2.598039e-01 -2.919599e-02
2.450980e-02 2.598039e-01 1.809322e-02
3.431373e-02 2.598039e-01 3.005415e-02
4.411765e-02 2.598039e-01 -1.479633e-02
5.392157e-02 2.598039e-01 -3.096860e-02
6.372549e-02 2.598039e-01 9.121057e-03
7.352941e-02 2.598039e-01 3.093353e-02
8.333333e-02 2.598039e-01 -1.587838e-03
9.313725e-02 2.598039e-01 -2.883293e-02
1.029412e-01 2.598039e-01 -6.737522e-03
1.127451e-01 2.598039e-01 2.372729e-02
1.225490e-01 2.598039e-01 1.408942e-02
1.323529e-01 2.598039e-01 -1.549536e-02
1.421569e-01 2.598039e-01 -1.834879e-02
1.519608e-01 2.598039e-01 5.339781e-03
1.617647e-01 2.598039e-01 1.785471e-02
1.715686e-01 2.598039e-01 4.194649e-03
1.813725e-01 2.598039e-01 -1.247846e-02
1.911765e-01 2.598039e-01 -1.008285e-02
2.009804e-01 2.598039e-01 4.275041e-03
2.107843e-01 2.598039e-01 1.044447e-02
2.205882e-01 2.598039e-01 3.091629e-03
2.303922e-01 2.598039e-01 -6.017918e-03
2.401961e-01 2.598039e-01 -6.321821e-03
2.500000e-01 2.598039e-01 1.348856e-04
2.598039e-01 2.598039e-01 4.732190e-03
2.696078e-01 2.598039e-01 3.373753e-03
2.794118e-01 2.598039e-01 -8.192600e-04
2.892157e-01 2.598039e-01 -3.004834e-03
2.990196e-01 2.598039e-01 -1.837814e-03
3.088235e-01 2.598039e-01 5.352008e-04
3.186275e-01 2.598039e-01 1.681307e-03
3.284314e-01 2.598039e-01 1.096529e-03
3.382353e-01 2.598039e-01 -1.231998e-04
3.480392e-01 2.598039e-01 -8.098068e-04
3.578431e-01 2.598039e-01 -6.668301e-04
3.676471e-01 2.598039e-01 -1.259012e-04
3.774510e-01 2.598039e-01 2.832101e-04
3.872549e-01 2.598039e-01 3.492399e-04
3.970588e-01 2.598039e-01 1.785175e-04
4.068627e-01 2.598039e-01 -2.216859e-05
4.166667e-01 2.598039e-01 -1.227222e-04
4.264706e-01 2.598039e-01 -1.120753e-04
4.362745e-01 2.598039e-01 -4.539060e-05
4.460784e-01 2.598039e-01 1.578830e-05
4.558824e-01 2.598039e-01 3.763387e-05
4.656863e-01 2.598039e-01 2.096127e-05
4.754902e-01 2.598039e-01 -1.904949e-05
4.852941e-01 2.598039e-01 -3.611490e-05
4.950980e-01 2.598039e-01 -1.685342e-05
5.049020e-01 2.598039e-01 5.096194e-05
5.147059e-01 2.598039e-01 1.371285e-04
5.245098e-01 2.598039e-01 1.251363e-04
5.343137e-01 2.598039e-01 4.456184e-05
5.441176e-01 2.598039e-01 -1.956022e-04
5.539216e-01 2.598039e-01 -4.463426e-04
5.637255e-01 2.598039e-01 -4.149065e-04
5.735294e-01 2.598039e-01 -2.683978e-04
5.833333e-01 2.598039e-01 3.898574e-04
5.931373e-01 2.598039e-01 1.157687e-03
6.029412e-01 2.598039e-01 1.260889e-03
6.127451e-01 2.598039e-01 1.332885e-03
6.225490e-01 2.598039e-01 1.595184e-04
6.323529e-01 2.598039e-01 -1.957594e-03
6.421569e-01 2.598039e-01 -2.709249e-03
6.519608e-01 2.598039e-01 -4.018511e-03
6.617647e-01 2.598039e-01 -3.945315e-03
6.715686e-01 2.598039e-01 6.106448e-07
6.813725e-01 2.598039e-01 2.016716e-03
6.911765e-01 2.598039e-01 4.636864e-03
7.009804e-01 2.598039e-01 1.018450e-02
7.107843e-01 2.598039e-01 8.279345e-03
7.205882e-01 2.598039e-01 4.719829e-03
7.303922e-01 2.598039e-01 6.340118e-03
7.401961e-01 2.598039e-01 -1.743774e-03
7.500000e-01 2.598039e-01 -1.098943e-02
7.598039e-01 2.598039e-01 -6.159693e-03
7.696078e-01 2.598039e-01 -9.945039e-03
7.794118e-01 2.598039e-01 -1.970873e-02
7.892157e-01 2.598039e-01 -7.238612e-03
7.990196e-01 2.598039e-01 4.027867e-04
8.088235e-01 2.598039e-01 -1.315464e-02
8.186275e-01 2.598039e-01 -3.939889e-03
8.284314e-01 2.598039e-01 1.598981e-02
8.382353e-01 2.598039e-01 -3.974136e-04
8.480392e-01 2.598039e-01 -1.051653e-02
8.578431e-01 2.598039e-01 1.695136e-02
8.676471e-01 2.598039e-01 1.582938e-02
8.774510e-01 2.598039e-01 -1.679410e-02
8.872549e-01 2.598039e-01 -3.644685e-03
8.970588e-01 2.598039e-01 2.671332e-02
9.068627e-01 2.598039e-01 -2.019941e-04
9.166667e-01 2.598039e-01 -2.727804e-02
9.264706e-01 2.598039e-01 8.413657e-03
9.362745e-01 2.598039e-01 2.881920e-02
9.460784e-01 2.598039e-01 -1.381711e-02
9.558824e-01 2.598039e-01 -2.882368e-02
9.656863e-01 2.598039e-01 1.744823e-02
9.754902e-01 2.598039e-01 2.868588e-02
9.852941e-01 2.598039e-01 -1.904216e-02
9.950980e-01 2.598039e-01 -2.919599e-02
4.901961e-03 2.696078e-01 -2.896860e-02
1.470588e-02 2.696078e-01 3.587692e-03
2.450980e-02 2.696078e-01 2.910632e-02
3.431373e-02 2.696078e-01 -1.692082e-03
4.411765e-02 2.696078e-01 -2.865944e-02
5.392157e-02 2.696078e-01 -2.087475e-03
6.372549e-02 2.696078e-01 2.701387e-02
7.352941e-02 2.696078e-01 7.168566e-03
8.333333e-02 2.696078e-01 -2.354715e-02
9.313725e-02 2.696078e-01 -1.256957e-02
1.029412e-01 2.696078e-01 1.780936e-02
1.127451e-01 2.696078e-01 1.685661e-02
1.225490e-01 2.696078e-01 -9.984133e-03
1.323529e-01 2.696078e-01 -1.844825e-02
1.421569e-01 2.696078e-01 1.228141e-03
1.519608e-01 2.696078e-01 1.624445e-02
1.617647e-01 2.696078e-01 6.381019e-03
1.715686e-01 2.696078e-01 -1.039895e-02
1.813725e-01 2.696078e-01 -1.053946e-02
1.911765e-01 2.696078e-01 2.745786e-03
2.009804e-01 2.696078e-01 9.956570e-03
2.107843e-01 2.696078e-01 3.705160e-03
2.205882e-01 2.696078e-01 -5.455186e-03
2.303922e-01 2.696078e-01 -6.326842e-03
2.401961e-01 2.696078e-01 -8.008885e-05
2.500000e-01 2.696078e-01 4.657652e-03
2.598039e-01 2.696078e-01 3.373753e-03
2.696078e-01 2.696078e-01 -8.918392e-04
2.794118e-01 2.696078e-01 -3.081986e-03
2.892157e-01 2.696078e-01 -1.776794e-03
2.990196e-01 2.696078e-01 7.087601e-04
3.088235e-01 2.696078e-01 1.794047e-03
3.186275e-01 2.696078e-01 1.037954e-03
3.284314e-01 2.696078e-01 -2.877683e-04
3.382353e-01 2.696078e-01 -9.282528e-04
3.480392e-01 2.696078e-01 -6.538883e-04
3.578431e-01 2.696078e-01 -1.936636e-05
3.676471e-01 2.696078e-01 3.852004e-04
3.774510e-01 2.696078e-01 3.797378e-04
3.872549e-01 2.696078e-01 1.396318e-04
3.970588e-01 2.696078e-01 -8.422578e-05
4.068627e-01 2.696078e-01 -1.643393e-04
4.166667e-01 2.696078e-01 -1.182641e-04
4.264706e-01 2.696078e-01 -2.891388e-05
4.362745e-01 2.696078e-01 3.576098e-05
4.460784e-01 2.696078e-01 4.952549e-05
4.558824e-01 2.696078e-01 2.622870e-05
4.656863e-01 2.696078e-01 -7.603321e-06
4.754902e-01 2.696078e-01 -2.343860e-05
4.852941e-01 2.696078e-01 -5.432159e-07
4.950980e-01 2.696078e-01 3.778732e-05
5.049020e-01 2.696078e-01 8.163563e-05
5.147059e-01 2.696078e-01 5.805327e-05
5.245098e-01 2.696078e-01 -4.382003e-05
5.343137e-01 2.696078e-01 -1.606671e-04
5.441176e-01 2.696078e-01 -2.979304e-04
5.539216e-01 2.696078e-01 -1.966160e-04
5.637255e-01 2.696078e-01 7.930383e-05
5.735294e-01 2.696078e-01 4.111003e-04
5.833333e-01 2.696078e-01 8.964043e-04
5.931373e-01 2.696078e-01 7.562571e-04
6.029412e-01 2.696078e-01 1.950165e-04
6.127451e-01 2.696078e-01 -4.981234e-04
6.225490e-01 2.696078e-01 -2.009018e-03
6.323529e-01 2.696078e-01 -2.447298e-03
6.421569e-01 2.696078e-01 -1.749737e-03
6.519608e-01 2.696078e-01 -1.249850e-03
6.617647e-01 2.696078e-01 1.758078e-03
6.715686e-01 2.696078e-01 4.689424e-03
6.813725e-01 2.696078e-01 4.631281e-03
6.911765e-01 2.696078e-01 6.330017e-03
7.009804e-01 2.696078e-01 5.347170e-03
7.107843e-01 2.696078e-01 -1.137365e-03
7.205882e-01 2.696078e-01 -2.752027e-03
7.303922e-01 2.696078e-01 -4.941654e-03
7.401961e-01 2.696078e-01 -1.309176e-02
7.500000e-01 2.696078e-01 -1.090226e-02
7.598039e-01 2.696078e-01 -5.136101e-03
7.696078e-01 2.696078e-01 -1.063457e-02
7.794118e-01 2.696078e-01 -5.846720e-03
7.892157e-01 2.696078e-01 8.112803e-03
7.990196e-01 2.696078e-01 2.146653e-03
8.088235e-01 2.696078e-01 -1.763810e-03
8.186275e-01 2.696078e-01 1.526692e-02
8.284314e-01 2.696078e-01 1.245174e-02
8.382353e-01 2.696078e-01 -6.428467e-03
8.480392e-01 2.696078e-01 5.941922e-03
8.578431e-01 2.696078e-01 1.885241e-02
8.676471e-01 2.696078e-01 -5.813509e-03
8.774510e-01 2.696078e-01 -1.314245e-02
8.872549e-01 2.696078e-01 1.559515e-02
8.970588e-01 2.696078e-01 1.104660e-02
9.068627e-01 2.696078e-01 -2.109859e-02
9.166667e-01 2.696078e-01 -7.025799e-03
9.264706e-01 2.696078e-01 2.420651e-02
9.362745e-01 2.696078e-01 1.710293e-03
9.460784e-01 2.696078e-01 -2.722901e-02
9.558824e-01 2.696078e-01 1.331421e-03
9.656863e-01 2.696078e-01 2.811997e-02
9.754902e-01 2.696078e-01 -3.613488e-03
9.852941e-01 2.696078e-01 -2.896860e-02
9.950980e-01 2.696078e-01 3.587692e-03
4.901961e-03 2.794118e-01 -8.089235e-03
1.470588e-02 2.794118e-01 2.309673e-02
2.450980e-02 2.794118e-01 8.854660e-03
3.431373e-02 2.794118e-01 -2.230024e-02
4.411765e-02 2.794118e-01 -1.083643e-02
5.392157e-02 2.794118e-01 2.015375e-02
6.372549e-02 2.794118e-01 1.360418e-02
7.352941e-02 2.794118e-01 -1.637750e-02
8.333333e-02 2.794118e-01 -1.633159e-02
9.313725e-02 2.794118e-01 1.091183e-02
1.029412e-01 2.794118e-01 1.793843e-02
1.127451e-01 2.794118e-01 -4.152168e-03
1.225490e-01 2.794118e-01 -1.731573e-02
1.323529e-01 2.794118e-01 -2.818525e-03
1.421569e-01 2.794118e-01 1.382310e-02
1.519608e-01 2.794118e-01 8.337430e-03
1.617647e-01 2.794118e-01 -7.823647e-03
1.715686e-01 2.794118e-01 -1.071809e-02
1.813725e-01 2.794118e-01 9.329380e-04
1.911765e-01 2.794118e-01 9.176843e-03
2.009804e-01 2.794118e-01 4.434581e-03
2.107843e-01 2.794118e-01 -4.614293e-03
2.205882e-01 2.794118e-01 -6.288591e-03
2.303922e-01 2.794118e-01 -4.901733e-04
2.401961e-01 2.794118e-01 4.430388e-03
2.500000e-01 2.794118e-01 3.419790e-03
2.598039e-01 2.794118e-01 -8.192600e-04
2.696078e-01 2.794118e-01 -3.081986e-03
2.794118e-01 2.794118e-01 -1.754349e-03
2.892157e-01 2.794118e-01 7.981491e-04
2.990196e-01 2.794118e-01 1.857276e-03
3.088235e-01 2.794118e-01 9.866217e-04
3.186275e-01 2.794118e-01 -4.140719e-04
3.284314e-01 2.794118e-01 -1.010984e-03
3.382353e-01 2.794118e-01 -6.256611e-04
3.480392e-01 2.794118e-01 8.107090e-05
3.578431e-01 2.794118e-01 4.684271e-04
3.676471e-01 2.794118e-01 3.905053e-04
3.774510e-01 2.794118e-01 8.945656e-05
3.872549e-01 2.794118e-01 -1.457975e-04
3.970588e-01 2.794118e-01 -1.965527e-04
4.068627e-01 2.794118e-01 -1.129620e-04
4.166667e-01 2.794118e-01 -3.230645e-06
4.264706e-01 2.794118e-01 5.940842e-05
4.362745e-01 2.794118e-01 6.168931e-05
4.460784e-01 2.794118e-01 2.791699e-05
4.558824e-01 2.794118e-01 -5.973187e-06
4.656863e-01 2.794118e-01 -2.009755e-05
4.754902e-01 2.794118e-01 -3.553391e-06
4.852941e-01 2.794118e-01 2.533266e-05
4.950980e-01 2.794118e-01 3.857706e-05
5.049020e-01 2.794118e-01 2.171457e-05
5.147059e-01 2.794118e-01 -5.915738e-05
5.245098e-01 2.794118e-01 -1.246369e-04
5.343137e-01 2.794118e-01 -1.486885e-04
5.441176e-01 2.794118e-01 -7.411172e-05
5.539216e-01 2.794118e-01 1.888811e-04
5.637255e-01 2.794118e-01 3.689006e-04
5.735294e-01 2.794118e-01 4.984088e-04
5.833333e-01 2.794118e-01 3.728823e-04
5.931373e-01 2.794118e-01 -3.112544e-04
6.029412e-01 2.794118e-01 -8.129961e-04
6.127451e-01 2.794118e-01 -1.363781e-03
6.225490e-01 2.794118e-01 -1.620549e-03
6.323529e-01 2.794118e-01 -3.533787e-04
6.421569e-01 2.794118e-01 7.816585e-04
6.519608e-01 2.794118e-01 2.117396e-03
6.617647e-01 2.794118e-01 4.318148e-03
6.715686e-01 2.794118e-01 3.600605e-03
6.813725e-01 2.794118e-01 1.931651e-03
6.911765e-01 2.794118e-01 1.164081e-03
7.009804e-01 2.794118e-01 -3.703507e-03
7.107843e-01 2.794118e-01 -7.335110e-03
7.205882e-01 2.794118e-01 -5.965351e-03
7.303922e-01 2.794118e-01 -8.601504e-03
7.401961e-01 2.794118e-01 -8.736021e-03
7.500000e-01 2.794118e-01 -1.876644e-04
7.598039e-01 2.794118e-01 1.045224e-03
7.696078e-01 2.794118e-01 -1.552199e-04
7.794118e-01 2.794118e-01 1.050238e-02
7.892157e-01 2.794118e-01 1.217619e-02
7.990196e-01 2.794118e-01 2.220686e-03
8.088235e-01 2.794118e-01 8.695779e-03
8.186275e-01 2.794118e-01 1.469894e-02
8.284314e-01 2.794118e-01 -1.677041e-03
8.382353e-01 2.794118e-01 -4.413373e-03
8.480392e-01 2.794118e-01 1.176016e-02
8.578431e-01 2.794118e-01 1.939835e-03
8.676471e-01 2.794118e-01 -1.566226e-02
8.774510e-01 2.794118e-01 1.796949e-03
8.872549e-01 2.794118e-01 1.390892e-02
8.970588e-01 2.794118e-01 -1.073613e-02
9.068627e-01 2.794118e-01 -1.564463e-02
9.166667e-01 2.794118e-01 1.380559e-02
9.264706e-01 2.794118e-01 1.194919e-02
9.362745e-01 2.794118e-01 -1.897574e-02
9.460784e-01 2.794118e-01 -1.050034e-02
9.558824e-01 2.794118e-01 2.115310e-02
9.656863e-01 2.794118e-01 8.569260e-03
9.754902e-01 2.794118e-01 -2.276308e-02
9.852941e-01 2.794118e-01 -8.089235e-03
9.950980e-01 2.794118e-01 2.309673e-02
4.901961e-03 2.892157e-01 1.381708e-02
1.470588e-02 2.892157e-01 1.510291e-02
2.450980e-02 2.892157e-01 -1.332403e-02
3.431373e-02 2.892157e-01 -1.580193e-02
4.411765e-02 2.892157e-01 1.151465e-02
5.392157e-02 2.892157e-01 1.678423e-02
6.372549e-02 2.892157e-01 -8.275210e-03
7.352941e-02 2.892157e-01 -1.742524e-02
8.333333e-02 2.892157e-01 3.807243e-03
9.313725e-02 2.892157e-01 1.700382e-02
1.029412e-01 2.892157e-01 1.383513e-03
1.127451e-01 2.892157e-01 -1.482503e-02
1.225490e-01 2.892157e-01 -6.326681e-03
1.323529e-01 2.892157e-01 1.061430e-02
1.421569e-01 2.892157e-01 9.731515e-03
1.519608e-01 2.892157e-01 -4.871887e-03
1.617647e-01 2.892157e-01 -1.042820e-02
1.715686e-01 2.892157e-01 -1.010158e-03
1.813725e-01 2.892157e-01 8.042056e-03
1.911765e-01 2.892157e-01 5.154212e-03
2.009804e-01 2.892157e-01 -3.515261e-03
2.107843e-01 2.892157e-01 -6.144910e-03
2.205882e-01 2.892157e-01 -1.054100e-03
2.303922e-01 2.892157e-01 4.041689e-03
2.401961e-01 2.892157e-01 3.492145e-03
2.500000e-01 2.892157e-01 -6.064440e-04
2.598039e-01 2.892157e-01 -3.004834e-03
2.696078e-01 2.892157e-01 -1.776794e-03
2.794118e-01 2.892157e-01 7.981491e-04
2.892157e-01 2.892157e-01 1.877527e-03
2.990196e-01 2.892157e-01 9.571494e-04
3.088235e-01 2.892157e-01 -4.930069e-04
3.186275e-01 2.892157e-01 -1.062190e-03
3.284314e-01 2.892157e-01 -5.949044e-04
3.382353e-01 2.892157e-01 1.646465e-04
3.480392e-01 2.892157e-01 5.307833e-04
3.578431e-01 2.892157e-01 3.872239e-04
3.676471e-01 2.892157e-01 3.623387e-05
3.774510e-01 2.892157e-01 -2.009297e-04
3.872549e-01 2.892157e-01 -2.177838e-04
3.970588e-01 2.892157e-01 -9.790400e-05
4.068627e-01 2.892157e-01 2.730550e-05
4.166667e-01 2.892157e-01 8.302132e-05
4.264706e-01 2.892157e-01 6.942746e-05
4.362745e-01 2.892157e-01 2.462247e-05
4.460784e-01 2.892157e-01 -1.266111e-05
4.558824e-01 2.892157e-01 -2.329004e-05
4.656863e-01 2.892157e-01 -1.080697e-05
4.754902e-01 2.892157e-01 1.301446e-05
4.852941e-01 2.892157e-01 1.834211e-05
4.950980e-01 2.892157e-01 9.538533e-07
5.049020e-01 2.892157e-01 -4.250535e-05
5.147059e-01 2.892157e-01 -8.685872e-05
5.245098e-01 2.892157e-01 -6.075837e-05
5.343137e-01 2.892157e-01 5.973450e-06
5.441176e-01 2.892157e-01 1.611273e-04
5.539216e-01 2.892157e-01 2.889417e-04
5.637255e-01 2.892157e-01 2.187324e-04
5.735294e-01 2.892157e-01 7.319193e-05
5.833333e-01 2.892157e-01 -3.754876e-04
5.931373e-01 2.892157e-01 -8.038872e-04
6.029412e-01 2.892157e-01 -7.638634e-04
6.127451e-01 2.892157e-01 -6.635772e-04
6.225490e-01 2.892157e-01 2.457191e-04
6.323529e-01 2.892157e-01 1.572065e-03
6.421569e-01 2.892157e-01 1.934645e-03
6.519608e-01 2.892157e-01 2.550970e-03
6.617647e-01 2.892157e-01 2.038189e-03
6.715686e-01 2.892157e-01 -7.276845e-04
6.813725e-01 2.892157e-01 -2.085988e-03
6.911765e-01 2.892157e-01 -3.902356e-03
7.009804e-01 2.892157e-01 -6.947321e-03
7.107843e-01 2.892157e-01 -5.049952e-03
7.205882e-01 2.892157e-01 -2.601207e-03
7.303922e-01 2.892157e-01 -2.851227e-03
7.401961e-01 2.892157e-01 2.996438e-03
7.500000e-01 2.892157e-01 8.264783e-03
7.598039e-01 2.892157e-01 5.239080e-03
7.696078e-01 2.892157e-01 8.078632e-03
7.794118e-01 2.892157e-01 1.280297e-02
7.892157e-01 2.892157e-01 4.126184e-03
7.990196e-01 2.892157e-01 3.369540e-04
8.088235e-01 2.892157e-01 7.789804e-03
8.186275e-01 2.892157e-01 3.758096e-04
8.284314e-01 2.892157e-01 -1.037541e-02
8.382353e-01 2.892157e-01 5.600063e-04
8.480392e-01 2.892157e-01 4.385957e-03
8.578431e-01 2.892157e-01 -1.202051e-02
8.676471e-01 2.892157e-01 -8.337116e-03
8.774510e-01 2.892157e-01 1.016185e-02
8.872549e-01 2.892157e-01 -3.675931e-04
8.970588e-01 2.892157e-01 -1.596105e-02
9.068627e-01 2.892157e-01 2.548743e-03
9.166667e-01 2.892157e-01 1.532446e-02
9.264706e-01 2.892157e-01 -7.614163e-03
9.362745e-01 2.892157e-01 -1.563329e-02
9.460784e-01 2.892157e-01 1.078476e-02
9.558824e-01 2.892157e-01 1.518854e-02
9.656863e-01 2.892157e-01 -1.285488e-02
9.754902e-01 2.892157e-01 -1.482207e-02
9.852941e-01 2.892157e-01 1.381708e-02
9.950980e-01 2.892157e-01 1.510291e-02
4.901961e-03 2.990196e-01 1.629257e-02
1.470588e-02 2.990196e-01 -3.857404e-03
2.450980e-02 2.990196e-01 -1.641993e-02
3.431373e-02 2.990196e-01 2.775985e-03
4.411765e-02 2.990196e-01 1.635797e-02
5.392157e-02 2.990196e-01 -5.498612e-04
6.372549e-02 2.990196e-01 -1.571122e-02
7.352941e-02 2.990196e-01 -2.517667e-03
8.333333e-02 2.990196e-01 1.407780e-02
9.313725e-02 2.990196e-01 5.907368e-03
1.029412e-01 2.990196e-01 -1.111453e-02
1.127451e-01 2.990196e-01 -8.807053e-03
1.225490e-01 2.990196e-01 6.821596e-03
1.323529e-01 2.990196e-01 1.026204e-02
1.421569e-01 2.990196e-01 -1.769722e-03
1.519608e-01 2.990196e-01 -9.524937e-03
1.617647e-01 2.990196e-01 -2.876833e-03
1.715686e-01 2.990196e-01 6.528869e-03
1.813725e-01 2.990196e-01 5.715383e-03
1.911765e-01 2.990196e-01 -2.207578e-03
2.009804e-01 2.990196e-01 -5.824999e-03
2.107843e-01 2.990196e-01 -1.707473e-03
2.205882e-01 2.990196e-01 3.484205e-03
2.303922e-01 2.990196e-01 3.553558e-03
2.401961e-01 2.990196e-01 -2.690116e-04
2.500000e-01 2.990196e-01 -2.843920e-03
2.598039e-01 2.990196e-01 -1.837814e-03
2.696078e-01 2.990196e-01 7.087601e-04
2.794118e-01 2.990196e-01 1.857276e-03
2.892157e-01 2.990196e-01 9.571494e-04
2.990196e-01 2.990196e-01 -5.198041e-04
3.088235e-01 2.990196e-01 -1.086392e-03
3.186275e-01 2.990196e-01 -5.719962e-04
3.284314e-01 2.990196e-01 2.239651e-04
3.382353e-01 2.990196e-01 5.730081e-04
3.480392e-01 2.990196e-01 3.768154e-04
3.578431e-01 2.990196e-01 -1.264195e-05
3.676471e-01 2.990196e-01 -2.459866e-04
3.774510e-01 2.990196e-01 -2.290402e-04
3.872549e-01 2.990196e-01 -7.675217e-05
3.970588e-01 2.990196e-01 5.853042e-05
4.068627e-01 2.990196e-01 1.033198e-04
4.166667e-01 2.990196e-01 7.175188e-05
4.264706e-01 2.990196e-01 1.580063e-05
4.362745e-01 2.990196e-01 -2.331602e-05
4.460784e-01 2.990196e-01 -3.046234e-05
4.558824e-01 2.990196e-01 -1.551516e-05
4.656863e-01 2.990196e-01 4.316385e-06
4.754902e-01 2.990196e-01 1.183484e-05
4.852941e-01 2.990196e-01 -4.233731e-06
4.950980e-01 2.990196e-01 -2.630401e-05
5.049020e-01 2.990196e-01 -4.775171e-05
5.147059e-01 2.990196e-01 -2.452310e-05
5.245098e-01 2.990196e-01 4.368187e-05
5.343137e-01 2.990196e-01 1.109532e-04
5.441176e-01 2.990196e-01 1.785115e-04
5.539216e-01 2.990196e-01 8.849046e-05
5.637255e-01 2.990196e-01 -1.005089e-04
5.735294e-01 2.990196e-01 -3.035927e-04
5.833333e-01 2.990196e-01 -5.654907e-04
5.931373e-01 2.990196e-01 -4.065054e-04
6.029412e-01 2.990196e-01 4.749243e-06
6.127451e-01 2.990196e-01 4.798549e-04
6.225490e-01 2.990196e-01 1.383887e-03
6.323529e-01 2.990196e-01 1.523705e-03
6.421569e-01 2.990196e-01 9.462328e-04
6.519608e-01 2.990196e-01 4.372724e-04
6.617647e-01 2.990196e-01 -1.568680e-03
6.715686e-01 2.990196e-01 -3.308453e-03
6.813725e-01 2.990196e-01 -3.170958e-03
6.911765e-01 2.990196e-01 -3.964052e-03
7.009804e-01 2.990196e-01 -2.851492e-03
7.107843e-01 2.990196e-01 1.388354e-03
7.205882e-01 2.990196e-01 2.562703e-03
7.303922e-01 2.990196e-01 4.262806e-03
7.401961e-01 2.990196e-01 9.006720e-03
7.500000e-01 2.990196e-01 7.186649e-03
7.598039e-01 2.990196e-01 3.706616e-03
7.696078e-01 2.990196e-01 6.523048e-03
7.794118e-01 2.990196e-01 2.686999e-03
7.892157e-01 2.990196e-01 -5.572803e-03
7.990196e-01 2.990196e-01 -1.910435e-03
8.088235e-01 2.990196e-01 -5.187645e-04
8.186275e-01 2.990196e-01 -1.046933e-02
8.284314e-01 2.990196e-01 -7.687219e-03
8.382353e-01 2.990196e-01 2.919895e-03
8.480392e-01 2.990196e-01 -4.960721e-03
8.578431e-01 2.990196e-01 -1.103835e-02
8.676471e-01 2.990196e-01 3.960389e-03
8.774510e-01 2.990196e-01 6.692033e-03
8.872549e-01 2.990196e-01 -9.747390e-03
8.970588e-01 2.990196e-01 -5.181430e-03
9.068627e-01 2.990196e-01 1.267554e-02
9.166667e-01 2.990196e-01 2.679067e-03
9.264706e-01 2.990196e-01 -1.402157e-02
9.362745e-01 2.990196e-01 6.877971e-04
9.460784e-01 2.990196e-01 1.559077e-02
9.558824e-01 2.990196e-01 -2.451447e-03
9.656863e-01 2.990196e-01 -1.584691e-02
9.754902e-01 2.990196e-01 3.863307e-03
9.852941e-01 2.990196e-01 1.629257e-02
9.950980e-01 2.990196e-01 -3.857404e-03
4.901961e-03 3.088235e-01 3.847954e-03
1.470588e-02 3.088235e-01 -1.317067e-02
2.450980e-02 3.088235e-01 -4.277605e-03
3.431373e-02 3.088235e-01 1.277303e-02
4.411765e-02 3.088235e-01 5.437210e-03
5.392157e-02 3.088235e-01 -1.164871e-02
6.372549e-02 3.088235e-01 -7.086278e-03
7.352941e-02 3.088235e-01 9.620729e-03
8.333333e-02 3.088235e-01 8.767388e-03
9.313725e-02 3.088235e-01 -6.621799e-03
1.029412e-01 3.088235e-01 -9.867642e-03
1.127451e-01 3.088235e-01 2.834733e-03
1.225490e-01 3.088235e-01 9.734638e-03
1.323529e-01 3.088235e-01 1.159706e-03
1.421569e-01 3.088235e-01 -7.957198e-03
1.519608e-01 3.088235e-01 -4.424609e-03
1.617647e-01 3.088235e-01 4.681119e-03
1.715686e-01 3.088235e-01 5.966320e-03
1.813725e-01 3.088235e-01 -7.811271e-04
1.911765e-01 3.088235e-01 -5.266327e-03
2.009804e-01 3.088235e-01 -2.363302e-03
2.107843e-01 3.088235e-01 2.761469e-03
2.205882e-01 3.088235e-01 3.554107e-03
2.303922e-01 3.088235e-01 1.646066e-04
2.401961e-01 3.088235e-01 -2.588883e-03
2.500000e-01 3.088235e-01 -1.918991e-03
2.598039e-01 3.088235e-01 5.352008e-04
2.696078e-01 3.088235e-01 1.794047e-03
2.794118e-01 3.088235e-01 9.866217e-04
2.892157e-01 3.088235e-01 -4.930069e-04
2.990196e-01 3.088235e-01 -1.086392e-03
3.088235e-01 3.088235e-01 -5.635986e-04
3.186275e-01 3.088235e-01 2.546244e-04
3.284314e-01 3.088235e-01 5.970996e-04
3.382353e-01 3.088235e-01 3.657592e-04
3.480392e-01 3.088235e-01 -5.139930e-05
3.578431e-01 3.088235e-01 -2.794810e-04
3.676471e-01 3.088235e-01 -2.329157e-04
3.774510e-01 3.088235e-01 -5.382784e-05
3.872549e-01 3.088235e-01 8.711896e-05
3.970588e-01 3.088235e-01 1.186239e-04
4.068627e-01 3.088235e-01 6.927387e-05
4.166667e-01 3.088235e-01 3.144120e-06
4.264706e-01 3.088235e-01 -3.535591e-05
4.362745e-01 3.088235e-01 -3.753166e-05
4.460784e-01 3.088235e-01 -1.758988e-05
4.558824e-01 3.088235e-01 2.380220e-06
4.656863e-01 3.088235e-01 1.048262e-05
4.754902e-01 3.088235e-01 5.605798e-07
4.852941e-01 3.088235e-01 -1.570631e-05
4.950980e-01 3.088235e-01 -2.057663e-05
5.049020e-01 3.088235e-01 -7.676944e-06
5.147059e-01 3.088235e-01 4.227948e-05
5.245098e-01 3.088235e-01 7.795936e-05
5.343137e-01 3.088235e-01 8.289102e-05
5.441176e-01 3.088235e-01 2.824963e-05
5.539216e-01 3.088235e-01 -1.367397e-04
5.637255e-01 3.088235e-01 -2.381667e-04
5.735294e-01 3.088235e-01 -2.930049e-04
5.833333e-01 3.088235e-01 -1.865427e-04
5.931373e-01 3.088235e-01 2.546158e-04
6.029412e-01 3.088235e-01 5.632422e-04
6.127451e-01 3.088235e-01 8.632055e-04
6.225490e-01 3.088235e-01 9.480512e-04
6.323529e-01 3.088235e-01 9.762101e-05
6.421569e-01 3.088235e-01 -6.677791e-04
6.519608e-01 3.088235e-01 -1.512831e-03
6.617647e-01 3.088235e-01 -2.781884e-03
6.715686e-01 3.088235e-01 -2.228851e-03
6.813725e-01 3.088235e-01 -1.052236e-03
6.911765e-01 3.088235e-01 -3.365838e-04
7.009804e-01 3.088235e-01 2.760773e-03
7.107843e-01 3.088235e-01 4.991627e-03
7.205882e-01 3.088235e-01 4.226644e-03
7.303922e-01 3.088235e-01 5.644798e-03
7.401961e-01 3.088235e-01 5.348124e-03
7.500000e-01 3.088235e-01 3.511077e-05
7.598039e-01 3.088235e-01 -9.922681e-04
7.696078e-01 3.088235e-01 -7.904822e-04
7.794118e-01 3.088235e-01 -7.205211e-03
7.892157e-01 3.088235e-01 -8.073233e-03
7.990196e-01 3.088235e-01 -2.459962e-03
8.088235e-01 3.088235e-01 -6.208527e-03
8.186275e-01 3.088235e-01 -9.112151e-03
8.284314e-01 3.088235e-01 5.450346e-04
8.382353e-01 3.088235e-01 1.934150e-03
8.480392e-01 3.088235e-01 -6.880435e-03
8.578431e-01 3.088235e-01 -7.045618e-04
8.676471e-01 3.088235e-01 8.961306e-03
8.774510e-01 3.088235e-01 -1.218618e-03
8.872549e-01 3.088235e-01 -7.420503e-03
8.970588e-01 3.088235e-01 6.656768e-03
9.068627e-01 3.088235e-01 8.606304e-03
9.166667e-01 3.088235e-01 -7.995537e-03
9.264706e-01 3.088235e-01 -6.111432e-03
9.362745e-01 3.088235e-01 1.103167e-02
9.460784e-01 3.088235e-01 5.338085e-03
9.558824e-01 3.088235e-01 -1.208786e-02
9.656863e-01 3.088235e-01 -4.124129e-03
9.754902e-01 3.088235e-01 1.299245e-02
9.852941e-01 3.088235e-01 3.847954e-03
9.950980e-01 3.088235e-01 -1.317067e-02
4.901961e-03 3.186275e-01 -7.532730e-03
1.470588e-02 3.186275e-01 -8.293756e-03
2.450980e-02 3.186275e-01 7.259075e-03
3.431373e-02 3.186275e-01 8.674961e-03
4.411765e-02 3.186275e-01 -6.270104e-03
5.392157e-02 3.186275e-01 -9.218405e-03
6.372549e-02 3.186275e-01 4.491018e-03
7.352941e-02 3.186275e-01 9.572022e-03
8.333333e-02 3.186275e-01 -2.036109e-03
9.313725e-02 3.186275e-01 -9.341088e-03
1.029412e-01 3.186275e-01 -8.204327e-04
1.127451e-01 3.186275e-01 8.138114e-03
1.225490e-01 3.186275e-01 3.542427e-03
1.323529e-01 3.186275e-01 -5.808634e-03
1.421569e-01 3.186275e-01 -5.413926e-03
1.519608e-01 3.186275e-01 2.627646e-03
1.617647e-01 3.186275e-01 5.782113e-03
1.715686e-01 3.186275e-01 6.308607e-04
1.813725e-01 3.186275e-01 -4.435191e-03
1.911765e-01 3.186275e-01 -2.917742e-03
2.009804e-01 3.186275e-01 1.898472e-03
2.107843e-01 3.186275e-01 3.439455e-03
2.205882e-01 3.186275e-01 6.511082e-04
2.303922e-01 3.186275e-01 -2.230986e-03
2.401961e-01 3.186275e-01 -1.991570e-03
2.500000e-01 3.186275e-01 2.891055e-04
2.598039e-01 3.186275e-01 1.681307e-03
2.696078e-01 3.186275e-01 1.037954e-03
2.794118e-01 3.186275e-01 -4.140719e-04
2.892157e-01 3.186275e-01 -1.062190e-03
2.990196e-01 3.186275e-01 -5.719962e-04
3.088235e-01 3.186275e-01 2.546244e-04
3.186275e-01 3.186275e-01 6.048901e-04
3.284314e-01 3.186275e-01 3.589342e-04
3.382353e-01 3.186275e-01 -7.611715e-05
3.480392e-01 3.186275e-01 -3.013272e-04
3.578431e-01 3.186275e-01 -2.326323e-04
3.676471e-01 3.186275e-01 -3.304897e-05
3.774510e-01 3.186275e-01 1.107133e-04
3.872549e-01 3.186275e-01 1.289197e-04
3.970588e-01 3.186275e-01 6.337098e-05
4.068627e-01 3.186275e-01 -1.079812e-05
4.166667e-01 3.186275e-01 -4.710922e-05
4.264706e-01 3.186275e-01 -4.228406e-05
4.362745e-01 3.186275e-01 -1.714095e-05
4.460784e-01 3.186275e-01 5.298704e-06
4.558824e-01 3.186275e-01 1.251168e-05
4.656863e-01 3.186275e-01 6.326521e-06
4.754902e-01 3.186275e-01 -6.869077e-06
4.852941e-01 3.186275e-01 -9.094287e-06
4.950980e-01 3.186275e-01 1.984565e-06
5.049020e-01 3.186275e-01 2.668499e-05
5.147059e-01 3.186275e-01 5.169429e-05
5.245098e-01 3.186275e-01 3.235520e-05
5.343137e-01 3.186275e-01 -1.053288e-05
5.441176e-01 3.186275e-01 -1.016782e-04
5.539216e-01 3.186275e-01 -1.758328e-04
5.637255e-01 3.186275e-01 -1.231947e-04
5.735294e-01 3.186275e-01 -2.477179e-05
5.833333e-01 3.186275e-01 2.457615e-04
5.931373e-01 3.186275e-01 5.047540e-04
6.029412e-01 3.186275e-01 4.626097e-04
6.127451e-01 3.186275e-01 3.673602e-04
6.225490e-01 3.186275e-01 -1.983365e-04
6.323529e-01 3.186275e-01 -1.025910e-03
6.421569e-01 3.186275e-01 -1.256939e-03
6.519608e-01 3.186275e-01 -1.572039e-03
6.617647e-01 3.186275e-01 -1.213767e-03
6.715686e-01 3.186275e-01 5.200841e-04
6.813725e-01 3.186275e-01 1.483581e-03
6.911765e-01 3.186275e-01 2.627862e-03
7.009804e-01 3.186275e-01 4.440524e-03
7.107843e-01 3.186275e-01 3.345933e-03
7.205882e-01 3.186275e-01 1.731032e-03
7.303922e-01 3.186275e-01 1.592965e-03
7.401961e-01 3.186275e-01 -2.001093e-03
7.500000e-01 3.186275e-01 -5.359951e-03
7.598039e-01 3.186275e-01 -3.929809e-03
7.696078e-01 3.186275e-01 -5.578367e-03
7.794118e-01 3.186275e-01 -8.253420e-03
7.892157e-01 3.186275e-01 -3.307127e-03
7.990196e-01 3.186275e-01 -8.595206e-04
8.088235e-01 3.186275e-01 -4.712957e-03
8.186275e-01 3.186275e-01 -3.881145e-04
8.284314e-01 3.186275e-01 5.883746e-03
8.382353e-01 3.186275e-01 7.101364e-05
8.480392e-01 3.186275e-01 -2.026579e-03
8.578431e-01 3.186275e-01 7.053265e-03
8.676471e-01 3.186275e-01 5.095394e-03
8.774510e-01 3.186275e-01 -5.175161e-03
8.872549e-01 3.186275e-01 4.661703e-04
8.970588e-01 3.186275e-01 9.011314e-03
9.068627e-01 3.186275e-01 -1.169400e-03
9.166667e-01 3.186275e-01 -8.300896e-03
9.264706e-01 3.186275e-01 4.200689e-03
9.362745e-01 3.186275e-01 8.628520e-03
9.460784e-01 3.186275e-01 -5.846202e-03
9.558824e-01 3.186275e-01 -8.331175e-03
9.656863e-01 3.186275e-01 7.005490e-03
9.754902e-01 3.186275e-01 8.137018e-03
9.852941e-01 3.186275e-01 -7.532730e-03
9.950980e-01 3.186275e-01 -8.293756e-03
4.901961e-03 3.284314e-01 -8.821586e-03
1.470588e-02 3.284314e-01 1.519452e-03
2.450980e-02 3.284314e-01 8.862860e-03
3.431373e-02 3.284314e-01 -9.467223e-04
4.411765e-02 3.284314e-01 -8.784937e-03
5.392157e-02 3.284314e-01 -2.375553e-04
6.372549e-02 3.284314e-01 8.357193e-03
7.352941e-02 3.284314e-01 1.846177e-03
8.333333e-02 3.284314e-01 -7.382717e-03
9.313725e-02 3.284314e-01 -3.593837e-03
1.029412e-01 3.284314e-01 5.692755e-03
1.127451e-01 3.284314e-01 5.035988e-03
1.225490e-01 3.284314e-01 -3.313803e-03
1.323529e-01 3.284314e-01 -5.664813e-03
1.421569e-01 3.284314e-01 5.803617e-04
1.519608e-01 3.284314e-01 5.100769e-03
1.617647e-01 3.284314e-01 1.862330e-03
1.715686e-01 3.284314e-01 -3.347053e-03
1.813725e-01 3.284314e-01 -3.263371e-03
1.911765e-01 3.284314e-01 9.500833e-04
2.009804e-01 3.284314e-01 3.162669e-03
2.107843e-01 3.284314e-01 1.132253e-03
2.205882e-01 3.284314e-01 -1.770235e-03
2.303922e-01 3.284314e-01 -2.020028e-03
2.401961e-01 3.284314e-01 -9.645194e-06
2.500000e-01 3.284314e-01 1.511073e-03
2.598039e-01 3.284314e-01 1.096529e-03
2.696078e-01 3.284314e-01 -2.877683e-04
2.794118e-01 3.284314e-01 -1.010984e-03
2.892157e-01 3.284314e-01 -5.949044e-04
2.990196e-01 3.284314e-01 2.239651e-04
3.088235e-01 3.284314e-01 5.970996e-04
3.186275e-01 3.284314e-01 3.589342e-04
3.284314e-01 3.284314e-01 -8.459103e-05
3.382353e-01 3.284314e-01 -3.120305e-04
3.480392e-01 3.284314e-01 -2.311248e-04
3.578431e-01 3.284314e-01 -1.748447e-05
3.676471e-01 3.284314e-01 1.280052e-04
3.774510e-01 3.284314e-01 1.350691e-04
3.872549e-01 3.284314e-01 5.602675e-05
3.970588e-01 3.284314e-01 -2.402448e-05
4.068627e-01 3.284314e-01 -5.709693e-05
4.166667e-01 3.284314e-01 -4.471740e-05
4.264706e-01 3.284314e-01 -1.409649e-05
4.362745e-01 3.284314e-01 1.008603e-05
4.460784e-01 3.284314e-01 1.676795e-05
4.558824e-01 3.284314e-01 9.905913e-06
4.656863e-01 3.284314e-01 -7.353751e-07
4.754902e-01 3.284314e-01 -5.544841e-06
4.852941e-01 3.284314e-01 3.414433e-06
4.950980e-01 3.284314e-01 1.543525e-05
5.049020e-01 3.284314e-01 2.709717e-05
5.147059e-01 3.284314e-01 1.399975e-05
5.245098e-01 3.284314e-01 -2.745233e-05
5.343137e-01 3.284314e-01 -6.566644e-05
5.441176e-01 3.284314e-01 -1.047777e-04
5.539216e-01 3.284314e-01 -5.320447e-05
5.637255e-01 3.284314e-01 6.437524e-05
5.735294e-01 3.284314e-01 1.828954e-04
5.833333e-01 3.284314e-01 3.384501e-04
5.931373e-01 3.284314e-01 2.516926e-04
6.029412e-01 3.284314e-01 -9.634372e-06
6.127451e-01 3.284314e-01 -2.981709e-04
6.225490e-01 3.284314e-01 -8.393622e-04
6.323529e-01 3.284314e-01 -9.604188e-04
6.421569e-01 3.284314e-01 -5.978237e-04
6.519608e-01 3.284314e-01 -2.579567e-04
6.617647e-01 3.284314e-01 9.369171e-04
6.715686e-01 3.284314e-01 2.080865e-03
6.813725e-01 3.284314e-01 2.085624e-03
6.911765e-01 3.284314e-01 2.507168e-03
7.009804e-01 3.284314e-01 1.896980e-03
7.107843e-01 3.284314e-01 -6.667050e-04
7.205882e-01 3.284314e-01 -1.671041e-03
7.303922e-01 3.284314e-01 -2.782573e-03
7.401961e-01 3.284314e-01 -5.667756e-03
7.500000e-01 3.284314e-01 -4.971510e-03
7.598039e-01 3.284314e-01 -2.912810e-03
7.696078e-01 3.284314e-01 -4.263432e-03
7.794118e-01 3.284314e-01 -2.156018e-03
7.892157e-01 3.284314e-01 2.807977e-03
7.990196e-01 3.284314e-01 1.354697e-03
8.088235e-01 3.284314e-01 5.779272e-04
8.186275e-01 3.284314e-01 6.147106e-03
8.284314e-01 3.284314e-01 5.143384e-03
8.382353e-01 3.284314e-01 -7.737470e-04
8.480392e-01 3.284314e-01 3.071904e-03
8.578431e-01 3.284314e-01 6.652792e-03
8.676471e-01 3.284314e-01 -1.356172e-03
8.774510e-01 3.284314e-01 -3.511608e-03
8.872549e-01 3.284314e-01 5.215171e-03
8.970588e-01 3.284314e-01 3.286299e-03
9.068627e-01 3.284314e-01 -6.575054e-03
9.166667e-01 3.284314e-01 -1.862096e-03
9.264706e-01 3.284314e-01 7.450798e-03
9.362745e-01 3.284314e-01 1.131347e-04
9.460784e-01 3.284314e-01 -8.386868e-03
9.558824e-01 3.284314e-01 7.746124e-04
9.656863e-01 3.284314e-01 8.540947e-03
9.754902e-01 3.284314e-01 -1.546710e-03
9.852941e-01 3.284314e-01 -8.821586e-03
9.950980e-01 3.284314e-01 1.519452e-03
4.901961e-03 3.382353e-01 -2.809145e-03
1.470588e-02 3.382353e-01 6.563104e-03
2.450980e-02 3.382353e-01 3.015419e-03
3.431373e-02 3.382353e-01 -6.315360e-03
4.411765e-02 3.382353e-01 -3.577309e-03
5.392157e-02 3.382353e-01 5.644658e-03
6.372549e-02 3.382353e-01 4.341183e-03
7.352941e-02 3.382353e-01 -4.488399e-03
8.333333e-02 3.382353e-01 -5.065730e-03
9.313725e-02 3.382353e-01 2.839702e-03
1.029412e-01 3.382353e-01 5.431595e-03
1.127451e-01 3.382353e-01 -8.323873e-04
1.225490e-01 3.382353e-01 -5.118567e-03
1.323529e-01 3.382353e-01 -1.195694e-03
1.421569e-01 3.382353e-01 3.955859e-03
1.519608e-01 3.382353e-01 2.741486e-03
1.617647e-01 3.382353e-01 -2.080210e-03
1.715686e-01 3.382353e-01 -3.310333e-03
1.813725e-01 3.382353e-01 3.218818e-06
1.911765e-01 3.382353e-01 2.698505e-03
2.009804e-01 3.382353e-01 1.538923e-03
2.107843e-01 3.382353e-01 -1.222678e-03
2.205882e-01 3.382353e-01 -1.967953e-03
2.303922e-01 3.382353e-01 -3.315331e-04
2.401961e-01 3.382353e-01 1.277947e-03
2.500000e-01 3.382353e-01 1.142223e-03
2.598039e-01 3.382353e-01 -1.231998e-04
2.696078e-01 3.382353e-01 -9.282528e-04
2.794118e-01 3.382353e-01 -6.256611e-04
2.892157e-01 3.382353e-01 1.646465e-04
2.990196e-01 3.382353e-01 5.730081e-04
3.088235e-01 3.382353e-01 3.657592e-04
3.186275e-01 3.382353e-01 -7.611715e-05
3.284314e-01 3.382353e-01 -3.120305e-04
3.382353e-01 3.382353e-01 -2.303881e-04
3.480392e-01 3.382353e-01 -9.194502e-06
3.578431e-01 3.382353e-01 1.384687e-04
3.676471e-01 3.382353e-01 1.382430e-04
3.774510e-01 3.382353e-01 4.922715e-05
3.872549e-01 3.382353e-01 -3.507475e-05
3.970588e-01 3.382353e-01 -6.463711e-05
4.068627e-01 3.382353e-01 -4.533423e-05
4.166667e-01 3.382353e-01 -9.534518e-06
4.264706e-01 3.382353e-01 1.547841e-05
4.362745e-01 3.382353e-01 2.095681e-05
4.460784e-01 3.382353e-01 1.216465e-05
4.558824e-01 3.382353e-01 1.218850e-06
4.656863e-01 3.382353e-01 -4.382213e-06
4.754902e-01 3.382353e-01 -2.417323e-07
4.852941e-01 3.382353e-01 8.726523e-06
4.950980e-01 3.382353e-01 1.121183e-05
5.049020e-01 3.382353e-01 4.921425e-06
5.147059e-01 3.382353e-01 -2.325565e-05
5.245098e-01 3.382353e-01 -4.569322e-05
5.343137e-01 3.382353e-01 -4.834461e-05
5.441176e-01 3.382353e-01 -2.089524e-05
5.539216e-01 3.382353e-01 7.528315e-05
5.637255e-01 3.382353e-01 1.411265e-04
5.735294e-01 3.382353e-01 1.732267e-04
5.833333e-01 3.382353e-01 1.245128e-04
5.931373e-01 3.382353e-01 -1.323855e-04
6.029412e-01 3.382353e-01 -3.348889e-04
6.127451e-01 3.382353e-01 -5.129194e-04
6.225490e-01 3.382353e-01 -5.976427e-04
6.323529e-01 3.382353e-01 -1.262997e-04
6.421569e-01 3.382353e-01 3.745636e-04
6.519608e-01 3.382353e-01 8.851122e-04
6.617647e-01 3.382353e-01 1.687437e-03
6.715686e-01 3.382353e-01 1.506388e-03
6.813725e-01 3.382353e-01 7.904211e-04
6.911765e-01 3.382353e-01 3.269278e-04
7.009804e-01 3.382353e-01 -1.467292e-03
7.107843e-01 3.382353e-01 -3.052639e-03
7.205882e-01 3.382353e-01 -2.855927e-03
7.303922e-01 3.382353e-01 -3.649355e-03
7.401961e-01 3.382353e-01 -3.716126e-03
7.500000e-01 3.382353e-01 -7.580382e-04
7.598039e-01 3.382353e-01 2.970275e-04
7.696078e-01 3.382353e-01 3.136064e-04
7.794118e-01 3.382353e-01 3.961309e-03
7.892157e-01 3.382353e-01 5.137685e-03
7.990196e-01 3.382353e-01 2.258512e-03
8.088235e-01 3.382353e-01 3.962361e-03
8.186275e-01 3.382353e-01 5.918249e-03
8.284314e-01 3.382353e-01 9.105397e-04
8.382353e-01 3.382353e-01 -6.245122e-04
8.480392e-01 3.382353e-01 3.950920e-03
8.578431e-01 3.382353e-01 1.193189e-03
8.676471e-01 3.382353e-01 -4.523200e-03
8.774510e-01 3.382353e-01 1.375660e-04
8.872549e-01 3.382353e-01 4.082506e-03
8.970588e-01 3.382353e-01 -3.000536e-03
9.068627e-01 3.382353e-01 -5.011502e-03
9.166667e-01 3.382353e-01 3.597510e-03
9.264706e-01 3.382353e-01 3.697036e-03
9.362745e-01 3.382353e-01 -5.411572e-03
9.460784e-01 3.382353e-01 -3.528420e-03
9.558824e-01 3.382353e-01 5.934646e-03
9.656863e-01 3.382353e-01 2.892259e-03
9.754902e-01 3.382353e-01 -6.492872e-03
9.852941e-01 3.382353e-01 -2.809145e-03
9.950980e-01 3.382353e-01 6.563104e-03
4.901961e-03 3.480392e-01 3.030384e-03
1.470588e-02 3.480392e-01 4.814346e-03
2.450980e-02 3.480392e-01 -2.873118e-03
3.431373e-02 3.480392e-01 -4.952874e-03
4.411765e-02 3.480392e-01 2.333865e-03
5.392157e-02 3.480392e-01 5.105746e-03
6.372549e-02 3.480392e-01 -1.396764e-03
7.352941e-02 3.480392e-01 -5.096788e-03
8.333333e-02 3.480392e-01 1.525535e-04
9.313725e-02 3.480392e-01 4.743140e-03
1.029412e-01 3.480392e-01 1.226057e-03
1.127451e-01 3.480392e-01 -3.882403e-03
1.225490e-01 3.480392e-01 -2.441131e-03
1.323529e-01 3.480392e-01 2.492026e-03
1.421569e-01 3.480392e-01 3.132127e-03
1.519608e-01 3.480392e-01 -7.749957e-04
1.617647e-01 3.480392e-01 -3.012159e-03
1.715686e-01 3.480392e-01 -8.311226e-04
1.813725e-01 3.480392e-01 2.057203e-03
1.911765e-01 3.480392e-01 1.800794e-03
2.009804e-01 3.480392e-01 -6.255664e-04
2.107843e-01 3.480392e-01 -1.806247e-03
2.205882e-01 3.480392e-01 -6.378504e-04
2.303922e-01 3.480392e-01 9.838950e-04
2.401961e-01 3.480392e-01 1.152165e-03
2.500000e-01 3.480392e-01 6.507554e-05
2.598039e-01 3.480392e-01 -8.098068e-04
2.696078e-01 3.480392e-01 -6.538883e-04
2.794118e-01 3.480392e-01 8.107090e-05
2.892157e-01 3.480392e-01 5.307833e-04
2.990196e-01 3.480392e-01 3.768154e-04
3.088235e-01 3.480392e-01 -5.139930e-05
3.186275e-01 3.480392e-01 -3.013272e-04
3.284314e-01 3.480392e-01 -2.311248e-04
3.382353e-01 3.480392e-01 -9.194502e-06
3.480392e-01 3.480392e-01 1.419625e-04
3.578431e-01 3.480392e-01 1.395169e-04
3.676471e-01 3.480392e-01 4.450389e-05
3.774510e-01 3.480392e-01 -4.290927e-05
3.872549e-01 3.480392e-01 -6.975538e-05
3.970588e-01 3.480392e-01 -4.476205e-05
4.068627e-01 3.480392e-01 -4.801730e-06
4.166667e-01 3.480392e-01 2.071463e-05
4.264706e-01 3.480392e-01 2.405728e-05
4.362745e-01 3.480392e-01 1.329312e-05
4.460784e-01 3.480392e-01 6.395168e-07
4.558824e-01 3.480392e-01 -5.159669e-06
4.656863e-01 3.480392e-01 -3.703137e-06
4.754902e-01 3.480392e-01 2.921232e-06
4.852941e-01 3.480392e-01 4.869875e-06
4.950980e-01 3.480392e-01 -8.461920e-07
5.049020e-01 3.480392e-01 -1.360730e-05
5.147059e-01 3.480392e-01 -2.979659e-05
5.245098e-01 3.480392e-01 -2.126910e-05
5.343137e-01 3.480392e-01 2.139151e-06
5.441176e-01 3.480392e-01 5.177946e-05
5.539216e-01 3.480392e-01 1.030728e-04
5.637255e-01 3.480392e-01 8.022127e-05
5.735294e-01 3.480392e-01 2.767871e-05
5.833333e-01 3.480392e-01 -1.191456e-04
5.931373e-01 3.480392e-01 -2.925193e-04
6.029412e-01 3.480392e-01 -2.919891e-04
6.127451e-01 3.480392e-01 -2.486574e-04
6.225490e-01 3.480392e-01 4.124554e-05
6.323529e-01 3.480392e-01 5.572005e-04
6.421569e-01 3.480392e-01 7.634601e-04
6.519608e-01 3.480392e-01 9.716710e-04
6.617647e-01 3.480392e-01 8.783231e-04
6.715686e-01 3.480392e-01 -8.441401e-05
6.813725e-01 3.480392e-01 -7.832149e-04
6.911765e-01 3.480392e-01 -1.485399e-03
7.009804e-01 3.480392e-01 -2.687780e-03
7.107843e-01 3.480392e-01 -2.399905e-03
7.205882e-01 3.480392e-01 -1.459995e-03
7.303922e-01 3.480392e-01 -1.328983e-03
7.401961e-01 3.480392e-01 5.770282e-04
7.500000e-01 3.480392e-01 2.887536e-03
7.598039e-01 3.480392e-01 2.570724e-03
7.696078e-01 3.480392e-01 3.423753e-03
7.794118e-01 3.480392e-01 5.276003e-03
7.892157e-01 3.480392e-01 3.075079e-03
7.990196e-01 3.480392e-01 1.291384e-03
8.088235e-01 3.480392e-01 3.159584e-03
8.186275e-01 3.480392e-01 1.275774e-03
8.284314e-01 3.480392e-01 -2.619744e-03
8.382353e-01 3.480392e-01 -3.151662e-04
8.480392e-01 3.480392e-01 1.304452e-03
8.578431e-01 3.480392e-01 -3.364505e-03
8.676471e-01 3.480392e-01 -3.367131e-03
8.774510e-01 3.480392e-01 2.131775e-03
8.872549e-01 3.480392e-01 1.959644e-04
8.970588e-01 3.480392e-01 -4.796797e-03
9.068627e-01 3.480392e-01 -3.768207e-04
9.166667e-01 3.480392e-01 4.279429e-03
9.264706e-01 3.480392e-01 -1.422627e-03
9.362745e-01 3.480392e-01 -4.838003e-03
9.460784e-01 3.480392e-01 2.121193e-03
9.558824e-01 3.480392e-01 4.725653e-03
9.656863e-01 3.480392e-01 -2.780683e-03
9.754902e-01 3.480392e-01 -4.733306e-03
9.852941e-01 3.480392e-01 3.030384e-03
9.950980e-01 3.480392e-01 4.814346e-03
4.901961e-03 3.578431e-01 4.433598e-03
1.470588e-02 3.578431e-01 2.968503e-04
2.450980e-02 3.578431e-01 -4.414484e-03
3.431373e-02 3.578431e-01 -5.691588e-04
4.411765e-02 3.578431e-01 4.279268e-03
5.392157e-02 3.578431e-01 1.118150e-03
6.372549e-02 3.578431e-01 -3.909686e-03
7.352941e-02 3.578431e-01 -1.819255e-03
8.333333e-02 3.578431e-01 3.241781e-03
9.313725e-02 3.578431e-01 2.515442e-03
1.029412e-01 3.578431e-01 -2.232068e-03
1.127451e-01 3.578431e-01 -2.978445e-03
1.225490e-01 3.578431e-01 9.498054e-04
1.323529e-01 3.578431e-01 2.979457e-03
1.421569e-01 3.578431e-01 3.875941e-04
1.519608e-01 3.578431e-01 -2.388957e-03
1.617647e-01 3.578431e-01 -1.437833e-03
1.715686e-01 3.578431e-01 1.292951e-03
1.813725e-01 3.578431e-01 1.861421e-03
1.911765e-01 3.578431e-01 -3.755448e-05
2.009804e-01 3.578431e-01 -1.522622e-03
2.107843e-01 3.578431e-01 -8.843209e-04
2.205882e-01 3.578431e-01 6.426133e-04
2.303922e-01 3.578431e-01 1.105042e-03
2.401961e-01 3.578431e-01 2.566121e-04
2.500000e-01 3.578431e-01 -6.545234e-04
2.598039e-01 3.578431e-01 -6.668301e-04
2.696078e-01 3.578431e-01 -1.936636e-05
2.794118e-01 3.578431e-01 4.684271e-04
2.892157e-01 3.578431e-01 3.872239e-04
2.990196e-01 3.578431e-01 -1.264195e-05
3.088235e-01 3.578431e-01 -2.794810e-04
3.186275e-01 3.578431e-01 -2.326323e-04
3.284314e-01 3.578431e-01 -1.748447e-05
3.382353e-01 3.578431e-01 1.384687e-04
3.480392e-01 3.578431e-01 1.395169e-04
3.578431e-01 3.578431e-01 4.281864e-05
3.676471e-01 3.578431e-01 -4.694505e-05
3.774510e-01 3.578431e-01 -7.267564e-05
3.872549e-01 3.578431e-01 -4.381860e-05
3.970588e-01 3.578431e-01 -7.797746e-07
4.068627e-01 3.578431e-01 2.498585e-05
4.166667e-01 3.578431e-01 2.621878e-05
4.264706e-01 3.578431e-01 1.319185e-05
4.362745e-01 3.578431e-01 -7.320626e-07
4.460784e-01 3.578431e-01 -7.265388e-06
4.558824e-01 3.578431e-01 -5.914486e-06
4.656863e-01 3.578431e-01 -1.162060e-06
4.754902e-01 3.578431e-01 2.335210e-06
4.852941e-01 3.578431e-01 -1.603028e-06
4.950980e-01 3.578431e-01 -8.019757e-06
5.049020e-01 3.578431e-01 -1.510090e-05
5.147059e-01 3.578431e-01 -1.129715e-05
5.245098e-01 3.578431e-01 1.161656e-05
5.343137e-01 3.578431e-01 3.377976e-05
5.441176e-01 3.578431e-01 6.017640e-05
5.539216e-01 3.578431e-01 4.301302e-05
5.637255e-01 3.578431e-01 -2.324872e-05
5.735294e-01 3.578431e-01 -9.085935e-05
5.833333e-01 3.578431e-01 -1.912279e-04
5.931373e-01 3.578431e-01 -1.782872e-04
6.029412e-01 3.578431e-01 -3.616883e-05
6.127451e-01 3.578431e-01 1.228586e-04
6.225490e-01 3.578431e-01 4.432580e-04
6.323529e-01 3.578431e-01 6.053937e-04
6.421569e-01 3.578431e-01 4.453552e-04
6.519608e-01 3.578431e-01 2.790136e-04
6.617647e-01 3.578431e-01 -3.462742e-04
6.715686e-01 3.578431e-01 -1.135813e-03
6.813725e-01 3.578431e-01 -1.307242e-03
6.911765e-01 3.578431e-01 -1.607681e-03
7.009804e-01 3.578431e-01 -1.504562e-03
7.107843e-01 3.578431e-01 -1.429856e-04
7.205882e-01 3.578431e-01 6.891964e-04
7.303922e-01 3.578431e-01 1.366174e-03
7.401961e-01 3.578431e-01 3.171611e-03
7.500000e-01 3.578431e-01 3.402371e-03
7.598039e-01 3.578431e-01 2.366878e-03
7.696078e-01 3.578431e-01 3.012632e-03
7.794118e-01 3.578431e-01 2.296728e-03
7.892157e-01 3.578431e-01 -5.656940e-04
7.990196e-01 3.578431e-01 -5.068245e-04
8.088235e-01 3.578431e-01 6.537405e-05
8.186275e-01 3.578431e-01 -2.876421e-03
8.284314e-01 3.578431e-01 -3.298073e-03
8.382353e-01 3.578431e-01 -2.303836e-04
8.480392e-01 3.578431e-01 -1.529997e-03
8.578431e-01 3.578431e-01 -3.976558e-03
8.676471e-01 3.578431e-01 -4.019201e-04
8.774510e-01 3.578431e-01 1.735355e-03
8.872549e-01 3.578431e-01 -2.383432e-03
8.970588e-01 3.578431e-01 -2.491171e-03
9.068627e-01 3.578431e-01 2.728573e-03
9.166667e-01 3.578431e-01 1.640777e-03
9.264706e-01 3.578431e-01 -3.526481e-03
9.362745e-01 3.578431e-01 -1.008887e-03
9.460784e-01 3.578431e-01 4.070493e-03
9.558824e-01 3.578431e-01 6.101592e-04
9.656863e-01 3.578431e-01 -4.250530e-03
9.754902e-01 3.578431e-01 -2.598565e-04
9.852941e-01 3.578431e-01 4.433598e-03
9.950980e-01 3.578431e-01 2.968503e-04
4.901961e-03 3.676471e-01 2.225601e-03
1.470588e-02 3.676471e-01 -2.618298e-03
2.450980e-02 3.676471e-01 -2.298938e-03
3.431373e-02 3.676471e-01 2.456052e-03
4.411765e-02 3.676471e-01 2.501576e-03
5.392157e-02 3.676471e-01 -2.047847e-03
6.372549e-02 3.676471e-01 -2.729172e-03
7.352941e-02 3.676471e-01 1.403943e-03
8.333333e-02 3.676471e-01 2.870467e-03
9.313725e-02 3.676471e-01 -5.559103e-04
1.029412e-01 3.676471e-01 -2.781109e-03
1.127451e-01 3.676471e-01 -3.865222e-04
1.225490e-01 3.676471e-01 2.343671e-03
1.323529e-01 3.676471e-01 1.228229e-03
1.421569e-01 3.676471e-01 -1.537680e-03
1.519608e-01 3.676471e-01 -1.727365e-03
1.617647e-01 3.676471e-01 5.014980e-04
1.715686e-01 3.676471e-01 1.695860e-03
1.813725e-01 3.676471e-01 4.685078e-04
1.911765e-01 3.676471e-01 -1.129948e-03
2.009804e-01 3.676471e-01 -1.028555e-03
2.107843e-01 3.676471e-01 2.817906e-04
2.205882e-01 3.676471e-01 9.866574e-04
2.303922e-01 3.676471e-01 4.262176e-04
2.401961e-01 3.676471e-01 -4.671823e-04
2.500000e-01 3.676471e-01 -6.515543e-04
2.598039e-01 3.676471e-01 -1.259012e-04
2.696078e-01 3.676471e-01 3.852004e-04
2.794118e-01 3.676471e-01 3.905053e-04
2.892157e-01 3.676471e-01 3.623387e-05
2.990196e-01 3.676471e-01 -2.459866e-04
3.088235e-01 3.676471e-01 -2.329157e-04
3.186275e-01 3.676471e-01 -3.304897e-05
3.284314e-01 3.676471e-01 1.280052e-04
3.382353e-01 3.676471e-01 1.382430e-04
3.480392e-01 3.676471e-01 4.450389e-05
3.578431e-01 3.676471e-01 -4.694505e-05
3.676471e-01 3.676471e-01 -7.361611e-05
3.774510e-01 3.676471e-01 -4.317871e-05
3.872549e-01 3.676471e-01 1.907480e-06
3.970588e-01 3.676471e-01 2.790998e-05
4.068627e-01 3.676471e-01 2.757338e-05
4.166667e-01 3.676471e-01 1.248390e-05
4.264706e-01 3.676471e-01 -2.431025e-06
4.362745e-01 3.676471e-01 -9.291560e-06
4.460784e-01 3.676471e-01 -7.721947e-06
4.558824e-01 3.676471e-01 -2.821862e-06
4.656863e-01 3.676471e-01 8.676637e-07
4.754902e-01 3.676471e-01 2.063490e-07
4.852941e-01 3.676471e-01 -4.506198e-06
4.950980e-01 3.676471e-01 -6.420334e-06
5.049020e-01 3.676471e-01 -4.787515e-06
5.147059e-01 3.676471e-01 9.104412e-06
5.245098e-01 3.676471e-01 2.467751e-05
5.343137e-01 3.676471e-01 2.905717e-05
5.441176e-01 3.676471e-01 2.139608e-05
5.539216e-01 3.676471e-01 -2.829496e-05
5.637255e-01 3.676471e-01 -7.503081e-05
5.735294e-01 3.676471e-01 -1.010552e-04
5.833333e-01 3.676471e-01 -9.829869e-05
5.931373e-01 3.676471e-01 2.922661e-05
6.029412e-01 3.676471e-01 1.644446e-04
6.127451e-01 3.676471e-01 2.797548e-04
6.225490e-01 3.676471e-01 3.870734e-04
6.323529e-01 3.676471e-01 1.953262e-04
6.421569e-01 3.676471e-01 -1.061065e-04
6.519608e-01 3.676471e-01 -4.010206e-04
6.617647e-01 3.676471e-01 -9.250052e-04
6.715686e-01 3.676471e-01 -1.038322e-03
6.813725e-01 3.676471e-01 -7.096252e-04
6.911765e-01 3.676471e-01 -4.931906e-04
7.009804e-01 3.676471e-01 4.079276e-04
7.107843e-01 3.676471e-01 1.548408e-03
7.205882e-01 3.676471e-01 1.749803e-03
7.303922e-01 3.676471e-01 2.260748e-03
7.401961e-01 3.676471e-01 2.695788e-03
7.500000e-01 3.676471e-01 1.382567e-03
7.598039e-01 3.676471e-01 4.901002e-04
7.696078e-01 3.676471e-01 4.577518e-04
7.794118e-01 3.676471e-01 -1.422220e-03
7.892157e-01 3.676471e-01 -2.780888e-03
7.990196e-01 3.676471e-01 -1.645723e-03
8.088235e-01 3.676471e-01 -2.219573e-03
8.186275e-01 3.676471e-01 -3.730446e-03
8.284314e-01 3.676471e-01 -1.681769e-03
8.382353e-01 3.676471e-01 -1.748449e-04
8.480392e-01 3.676471e-01 -2.277180e-03
8.578431e-01 3.676471e-01 -1.643992e-03
8.676471e-01 3.676471e-01 1.678871e-03
8.774510e-01 3.676471e-01 3.467654e-04
8.872549e-01 3.676471e-01 -2.245496e-03
8.970588e-01 3.676471e-01 6.652789e-04
9.068627e-01 3.676471e-01 2.772627e-03
9.166667e-01 3.676471e-01 -1.030658e-03
9.264706e-01 3.676471e-01 -2.330118e-03
9.362745e-01 3.676471e-01 2.012033e-03
9.460784e-01 3.676471e-01 2.457772e-03
9.558824e-01 3.676471e-01 -2.269033e-03
9.656863e-01 3.676471e-01 -2.198190e-03
9.754902e-01 3.676471e-01 2.609921e-03
9.852941e-01 3.676471e-01 2.225601e-03
9.950980e-01 3.676471e-01 -2.618298e-03
4.901961e-03 3.774510e-01 -5.471164e-04
1.470588e-02 3.774510e-01 -2.604180e-03
2.450980e-02 3.774510e-01 4.684329e-04
3.431373e-02 3.774510e-01 2.614734e-03
4.411765e-02 3.774510e-01 -2.011275e-04
5.392157e-02 3.774510e-01 -2.561289e-03
6.372549e-02 3.774510e-01 -2.284908e-04
7.352941e-02 3.774510e-01 2.378810e-03
8.333333e-02 3.774510e-01 7.545939e-04
9.313725e-02 3.774510e-01 -2.004035e-03
1.029412e-01 3.774510e-01 -1.269746e-03
1.127451e-01 3.774510e-01 1.402691e-03
1.225490e-01 3.774510e-01 1.623533e-03
1.323529e-01 3.774510e-01 -6.198308e-04
1.421569e-01 3.774510e-01 -1.667293e-03
1.519608e-01 3.774510e-01 -1.969364e-04
1.617647e-01 3.774510e-01 1.325125e-03
1.715686e-01 3.774510e-01 8.208341e-04
1.813725e-01 3.774510e-01 -6.699403e-04
1.911765e-01 3.774510e-01 -1.040632e-03
2.009804e-01 3.774510e-01 -5.856787e-05
2.107843e-01 3.774510e-01 7.957033e-04
2.205882e-01 3.774510e-01 5.473657e-04
2.303922e-01 3.774510e-01 -2.604698e-04
2.401961e-01 3.774510e-01 -5.980000e-04
2.500000e-01 3.774510e-01 -2.247788e-04
2.598039e-01 3.774510e-01 2.832101e-04
2.696078e-01 3.774510e-01 3.797378e-04
2.794118e-01 3.774510e-01 8.945656e-05
2.892157e-01 3.774510e-01 -2.009297e-04
2.990196e-01 3.774510e-01 -2.290402e-04
3.088235e-01 3.774510e-01 -5.382784e-05
3.186275e-01 3.774510e-01 1.107133e-04
3.284314e-01 3.774510e-01 1.350691e-04
3.382353e-01 3.774510e-01 4.922715e-05
3.480392e-01 3.774510e-01 -4.290927e-05
3.578431e-01 3.774510e-01 -7.267564e-05
3.676471e-01 3.774510e-01 -4.317871e-05
3.774510e-01 3.774510e-01 2.847031e-06
3.872549e-01 3.774510e-01 2.940007e-05
3.970588e-01 3.774510e-01 2.824650e-05
4.068627e-01 3.774510e-01 1.176814e-05
4.166667e-01 3.774510e-01 -4.054311e-06
4.264706e-01 3.774510e-01 -1.081651e-05
4.362745e-01 3.774510e-01 -8.999694e-06
4.460784e-01 3.774510e-01 -3.346177e-06
4.558824e-01 3.774510e-01 7.211424e-07
4.656863e-01 3.774510e-01 1.573061e-06
4.754902e-01 3.774510e-01 -1.042242e-06
4.852941e-01 3.774510e-01 -2.919363e-06
4.950980e-01 3.774510e-01 -5.752474e-07
5.049020e-01 3.774510e-01 5.151178e-06
5.147059e-01 3.774510e-01 1.575326e-05
5.245098e-01 3.774510e-01 1.545466e-05
5.343137e-01 3.774510e-01 5.049641e-06
5.441176e-01 3.774510e-01 -1.851057e-05
5.539216e-01 3.774510e-01 -5.472164e-05
5.637255e-01 3.774510e-01 -5.528431e-05
5.735294e-01 3.774510e-01 -3.503430e-05
5.833333e-01 3.774510e-01 3.145250e-05
5.931373e-01 3.774510e-01 1.457207e-04
6.029412e-01 3.774510e-01 1.808230e-04
6.127451e-01 3.774510e-01 1.824898e-04
6.225490e-01 3.774510e-01 7.687404e-05
6.323529e-01 3.774510e-01 -2.172728e-04
6.421569e-01 3.774510e-01 -4.065345e-04
6.519608e-01 3.774510e-01 -5.706658e-04
6.617647e-01 3.774510e-01 -6.618105e-04
6.715686e-01 3.774510e-01 -2.467512e-04
6.813725e-01 3.774510e-01 2.126769e-04
6.911765e-01 3.774510e-01 6.258628e-04
7.009804e-01 3.774510e-01 1.424818e-03
7.107843e-01 3.774510e-01 1.654793e-03
7.205882e-01 3.774510e-01 1.275654e-03
7.303922e-01 3.774510e-01 1.264947e-03
7.401961e-01 3.774510e-01 4.931840e-04
7.500000e-01 3.774510e-01 -9.806441e-04
7.598039e-01 3.774510e-01 -1.265411e-03
7.696078e-01 3.774510e-01 -1.708704e-03
7.794118e-01 3.774510e-01 -3.042505e-03
7.892157e-01 3.774510e-01 -2.562487e-03
7.990196e-01 3.774510e-01 -1.454135e-03
8.088235e-01 3.774510e-01 -2.249101e-03
8.186275e-01 3.774510e-01 -1.829886e-03
8.284314e-01 3.774510e-01 4.162747e-04
8.382353e-01 3.774510e-01 5.961669e-05
8.480392e-01 3.774510e-01 -1.101172e-03
8.578431e-01 3.774510e-01 9.565795e-04
8.676471e-01 3.774510e-01 1.938930e-03
8.774510e-01 3.774510e-01 -5.817604e-04
8.872549e-01 3.774510e-01 -5.796497e-04
8.970588e-01 3.774510e-01 2.173189e-03
9.068627e-01 3.774510e-01 1.029553e-03
9.166667e-01 3.774510e-01 -1.882608e-03
9.264706e-01 3.774510e-01 -5.481492e-05
9.362745e-01 3.774510e-01 2.482885e-03
9.460784e-01 3.774510e-01 -1.063393e-04
9.558824e-01 3.774510e-01 -2.459168e-03
9.656863e-01 3.774510e-01 4.685218e-04
9.754902e-01 3.774510e-01 2.576329e-03
9.852941e-01 3.774510e-01 -5.471164e-04
9.950980e-01 3.774510e-01 -2.604180e-03
4.901961e-03 3.872549e-01 -1.805092e-03
1.470588e-02 3.872549e-01 -9.433108e-04
2.450980e-02 3.872549e-01 1.771091e-03
3.431373e-02 3.872549e-01 1.045580e-03
4.411765e-02 3.872549e-01 -1.638066e-03
5.392157e-02 3.872549e-01 -1.232815e-03
6.372549e-02 3.872549e-01 1.364843e-03
7.352941e-02 3.872549e-01 1.434333e-03
8.333333e-02 3.872549e-01 -9.509027e-04
9.313725e-02 3.872549e-01 -1.573601e-03
1.029412e-01 3.872549e-01 4.124652e-04
1.127451e-01 3.872549e-01 1.553762e-03
1.225490e-01 3.872549e-01 1.768326e-04
1.323529e-01 3.872549e-01 -1.303376e-03
1.421569e-01 3.872549e-01 -6.885050e-04
1.519608e-01 3.872549e-01 8.202268e-04
1.617647e-01 3.872549e-01 9.693936e-04
1.715686e-01 3.872549e-01 -2.086828e-04
1.813725e-01 3.872549e-01 -9.142015e-04
1.911765e-01 3.872549e-01 -3.329163e-04
2.009804e-01 3.872549e-01 5.478832e-04
2.107843e-01 3.872549e-01 5.979119e-04
2.205882e-01 3.872549e-01 -5.507839e-05
2.303922e-01 3.872549e-01 -5.024800e-04
2.401961e-01 3.872549e-01 -3.008559e-04
2.500000e-01 3.872549e-01 1.687137e-04
2.598039e-01 3.872549e-01 3.492399e-04
2.696078e-01 3.872549e-01 1.396318e-04
2.794118e-01 3.872549e-01 -1.457975e-04
2.892157e-01 3.872549e-01 -2.177838e-04
2.990196e-01 3.872549e-01 -7.675217e-05
3.088235e-01 3.872549e-01 8.711896e-05
3.186275e-01 3.872549e-01 1.289197e-04
3.284314e-01 3.872549e-01 5.602675e-05
3.382353e-01 3.872549e-01 -3.507475e-05
3.480392e-01 3.872549e-01 -6.975538e-05
3.578431e-01 3.872549e-01 -4.381860e-05
3.676471e-01 3.872549e-01 1.907480e-06
3.774510e-01 3.872549e-01 2.940007e-05
3.872549e-01 3.872549e-01 2.844180e-05
3.970588e-01 3.872549e-01 1.132111e-05
4.068627e-01 3.872549e-01 -5.131321e-06
4.166667e-01 3.872549e-01 -1.190757e-05
4.264706e-01 3.872549e-01 -9.617881e-06
4.362745e-01 3.872549e-01 -3.526404e-06
4.460784e-01 3.872549e-01 1.322177e-06
4.558824e-01 3.872549e-01 2.523708e-06
4.656863e-01 3.872549e-01 1.272110e-06
4.754902e-01 3.872549e-01 -8.425495e-07
4.852941e-01 3.872549e-01 2.504118e-07
4.950980e-01 3.872549e-01 3.555207e-06
5.049020e-01 3.872549e-01 7.745086e-06
5.147059e-01 3.872549e-01 9.224217e-06
5.245098e-01 3.872549e-01 -1.141077e-06
5.343137e-01 3.872549e-01 -1.365051e-05
5.441176e-01 3.872549e-01 -3.100750e-05
5.539216e-01 3.872549e-01 -3.455044e-05
5.637255e-01 3.872549e-01 -4.367434e-06
5.735294e-01 3.872549e-01 3.143835e-05
5.833333e-01 3.872549e-01 9.304025e-05
5.931373e-01 3.872549e-01 1.228878e-04
6.029412e-01 3.872549e-01 6.729914e-05
6.127451e-01 3.872549e-01 -6.693051e-06
6.225490e-01 3.872549e-01 -1.769330e-04
6.323529e-01 3.872549e-01 -3.438351e-04
6.421569e-01 3.872549e-01 -3.303892e-04
6.519608e-01 3.872549e-01 -2.906295e-04
6.617647e-01 3.872549e-01 -4.093251e-05
6.715686e-01 3.872549e-01 4.510776e-04
6.813725e-01 3.872549e-01 7.031264e-04
6.911765e-01 3.872549e-01 9.551514e-04
7.009804e-01 3.872549e-01 1.152678e-03
7.107843e-01 3.872549e-01 6.356221e-04
7.205882e-01 3.872549e-01 8.062424e-05
7.303922e-01 3.872549e-01 -2.915300e-04
7.401961e-01 3.872549e-01 -1.334497e-03
7.500000e-01 3.872549e-01 -1.989491e-03
7.598039e-01 3.872549e-01 -1.711138e-03
7.696078e-01 3.872549e-01 -2.062902e-03
7.794118e-01 3.872549e-01 -2.161311e-03
7.892157e-01 3.872549e-01 -8.166516e-04
7.990196e-01 3.872549e-01 -3.392608e-04
8.088235e-01 3.872549e-01 -6.962740e-04
8.186275e-01 3.872549e-01 6.335503e-04
8.284314e-01 3.872549e-01 1.600307e-03
8.382353e-01 3.872549e-01 3.809075e-04
8.480392e-01 3.872549e-01 4.845293e-04
8.578431e-01 3.872549e-01 2.041924e-03
8.676471e-01 3.872549e-01 1.006640e-03
8.774510e-01 3.872549e-01 -6.442918e-04
8.872549e-01 3.872549e-01 8.318224e-04
8.970588e-01 3.872549e-01 1.722571e-03
9.068627e-01 3.872549e-01 -6.017527e-04
9.166667e-01 3.872549e-01 -1.164843e-03
9.264706e-01 3.872549e-01 1.305770e-03
9.362745e-01 3.872549e-01 1.182358e-03
9.460784e-01 3.872549e-01 -1.523334e-03
9.558824e-01 3.872549e-01 -1.009822e-03
9.656863e-01 3.872549e-01 1.711480e-03
9.754902e-01 3.872549e-01 9.187816e-04
9.852941e-01 3.872549e-01 -1.805092e-03
9.950980e-01 3.872549e-01 -9.433108e-04
4.901961e-03 3.970588e-01 -1.421381e-03
1.470588e-02 3.970588e-01 5.743895e-04
2.450980e-02 3.970588e-01 1.430228e-03
3.431373e-02 3.970588e-01 -4.847148e-04
4.411765e-02 3.970588e-01 -1.456556e-03
5.392157e-02 3.970588e-01 2.743101e-04
6.372549e-02 3.970588e-01 1.439511e-03
7.352941e-02 3.970588e-01 2.254118e-05
8.333333e-02 3.970588e-01 -1.343220e-03
9.313725e-02 3.970588e-01 -3.700960e-04
1.029412e-01 3.970588e-01 1.120977e-03
1.127451e-01 3.970588e-01 6.948336e-04
1.225490e-01 3.970588e-01 -7.572366e-04
1.323529e-01 3.970588e-01 -9.023704e-04
1.421569e-01 3.970588e-01 2.898297e-04
1.519608e-01 3.970588e-01 9.054909e-04
1.617647e-01 3.970588e-01 1.776505e-04
1.715686e-01 3.970588e-01 -6.736891e-04
1.813725e-01 3.970588e-01 -5.015316e-04
1.911765e-01 3.970588e-01 2.759906e-04
2.009804e-01 3.970588e-01 5.669329e-04
2.107843e-01 3.970588e-01 1.229975e-04
2.205882e-01 3.970588e-01 -3.706214e-04
2.303922e-01 3.970588e-01 -3.404972e-04
2.401961e-01 3.970588e-01 5.255220e-05
2.500000e-01 3.970588e-01 2.965350e-04
2.598039e-01 3.970588e-01 1.785175e-04
2.696078e-01 3.970588e-01 -8.422578e-05
2.794118e-01 3.970588e-01 -1.965527e-04
2.892157e-01 3.970588e-01 -9.790400e-05
2.990196e-01 3.970588e-01 5.853042e-05
3.088235e-01 3.970588e-01 1.186239e-04
3.186275e-01 3.970588e-01 6.337098e-05
3.284314e-01 3.970588e-01 -2.402448e-05
3.382353e-01 3.970588e-01 -6.463711e-05
3.480392e-01 3.970588e-01 -4.476205e-05
3.578431e-01 3.970588e-01 -7.797746e-07
3.676471e-01 3.970588e-01 2.790998e-05
3.774510e-01 3.970588e-01 2.824650e-05
3.872549e-01 3.970588e-01 1.132111e-05
3.970588e-01 3.970588e-01 -5.494563e-06
4.068627e-01 3.970588e-01 -1.246849e-05
4.166667e-01 3.970588e-01 -9.905749e-06
4.264706e-01 3.970588e-01 -3.431477e-06
4.362745e-01 3.970588e-01 1.829917e-06
4.460784e-01 3.970588e-01 3.479272e-06
4.558824e-01 3.970588e-01 2.320158e-06
4.656863e-01 3.970588e-01 5.785005e-07
4.754902e-01 3.970588e-01 -3.489719e-08
4.852941e-01 3.970588e-01 2.096070e-06
4.950980e-01 3.970588e-01 3.679292e-06
5.049020e-01 3.970588e-01 4.145070e-06
5.147059e-01 3.970588e-01 -8.840727e-07
5.245098e-01 3.970588e-01 -1.090588e-05
5.343137e-01 3.970588e-01 -1.619022e-05
5.441176e-01 3.970588e-01 -1.843297e-05
5.539216e-01 3.970588e-01 6.852540e-07
5.637255e-01 3.970588e-01 3.114609e-05
5.735294e-01 3.970588e-01 5.250787e-05
5.833333e-01 3.970588e-01 7.106358e-05
5.931373e-01 3.970588e-01 2.829561e-05
6.029412e-01 3.970588e-01 -5.115317e-05
6.127451e-01 3.970588e-01 -1.240477e-04
6.225490e-01 3.970588e-01 -2.245972e-04
6.323529e-01 3.970588e-01 -2.039273e-04
6.421569e-01 3.970588e-01 -6.254097e-05
6.519608e-01 3.970588e-01 8.595317e-05
6.617647e-01 3.970588e-01 3.921519e-04
6.715686e-01 3.970588e-01 6.266070e-04
6.813725e-01 3.970588e-01 5.793936e-04
6.911765e-01 3.970588e-01 5.470905e-04
7.009804e-01 3.970588e-01 2.283515e-04
7.107843e-01 3.970588e-01 -4.599615e-04
7.205882e-01 3.970588e-01 -8.133876e-04
7.303922e-01 3.970588e-01 -1.177854e-03
7.401961e-01 3.970588e-01 -1.731150e-03
7.500000e-01 3.970588e-01 -1.468629e-03
7.598039e-01 3.970588e-01 -9.630610e-04
7.696078e-01 3.970588e-01 -9.742226e-04
7.794118e-01 3.970588e-01 -2.263589e-04
7.892157e-01 3.970588e-01 8.657713e-04
7.990196e-01 3.970588e-01 7.295360e-04
8.088235e-01 3.970588e-01 8.547988e-04
8.186275e-01 3.970588e-01 1.895832e-03
8.284314e-01 3.970588e-01 1.517350e-03
8.382353e-01 3.970588e-01 5.054094e-04
8.480392e-01 3.970588e-01 1.228790e-03
8.578431e-01 3.970588e-01 1.514096e-03
8.676471e-01 3.970588e-01 -8.104139e-05
8.774510e-01 3.970588e-01 -2.599871e-04
8.872549e-01 3.970588e-01 1.139243e-03
8.970588e-01 3.970588e-01 4.132339e-04
9.068627e-01 3.970588e-01 -1.175892e-03
9.166667e-01 3.970588e-01 -6.094498e-05
9.264706e-01 3.970588e-01 1.270399e-03
9.362745e-01 3.970588e-01 -2.901470e-04
9.460784e-01 3.970588e-01 -1.410254e-03
9.558824e-01 3.970588e-01 4.222347e-04
9.656863e-01 3.970588e-01 1.368696e-03
9.754902e-01 3.970588e-01 -5.873184e-04
9.852941e-01 3.970588e-01 -1.421381e-03
9.950980e-01 3.970588e-01 5.743895e-04
4.901961e-03 4.068627e-01 -3.743561e-04
1.470588e-02 4.068627e-01 1.084880e-03
2.450980e-02 4.068627e-01 3.995806e-04
3.431373e-02 4.068627e-01 -1.056504e-03
4.411765e-02 4.068627e-01 -5.004323e-04
5.392157e-02 4.068627e-01 9.568147e-04
6.372549e-02 4.068627e-01 6.369609e-04
7.352941e-02 4.068627e-01 -7.815048e-04
8.333333e-02 4.068627e-01 -7.757529e-04
9.313725e-02 4.068627e-01 5.216682e-04
1.029412e-01 4.068627e-01 8.620680e-04
1.127451e-01 4.068627e-01 -1.942440e-04
1.225490e-01 4.068627e-01 -8.392216e-04
1.323529e-01 4.068627e-01 -1.492338e-04
1.421569e-01 4.068627e-01 6.713683e-04
1.519608e-01 4.068627e-01 4.249508e-04
1.617647e-01 4.068627e-01 -3.727219e-04
1.715686e-01 4.068627e-01 -5.438014e-04
1.813725e-01 4.068627e-01 2.387756e-05
1.911765e-01 4.068627e-01 4.603933e-04
2.009804e-01 4.068627e-01 2.483971e-04
2.107843e-01 4.068627e-01 -2.181890e-04
2.205882e-01 4.068627e-01 -3.353996e-04
2.303922e-01 4.068627e-01 -5.109598e-05
2.401961e-01 4.068627e-01 2.239780e-04
2.500000e-01 4.068627e-01 1.985315e-04
2.598039e-01 4.068627e-01 -2.216859e-05
2.696078e-01 4.068627e-01 -1.643393e-04
2.794118e-01 4.068627e-01 -1.129620e-04
2.892157e-01 4.068627e-01 2.730550e-05
2.990196e-01 4.068627e-01 1.033198e-04
3.088235e-01 4.068627e-01 6.927387e-05
3.186275e-01 4.068627e-01 -1.079812e-05
3.284314e-01 4.068627e-01 -5.709693e-05
3.382353e-01 4.068627e-01 -4.533423e-05
3.480392e-01 4.068627e-01 -4.801730e-06
3.578431e-01 4.068627e-01 2.498585e-05
3.676471e-01 4.068627e-01 2.757338e-05
3.774510e-01 4.068627e-01 1.176814e-05
3.872549e-01 4.068627e-01 -5.131321e-06
3.970588e-01 4.068627e-01 -1.246849e-05
4.068627e-01 4.068627e-01 -1.000947e-05
4.166667e-01 4.068627e-01 -3.293587e-06
4.264706e-01 4.068627e-01 2.171307e-06
4.362745e-01 4.068627e-01 4.108566e-06
4.460784e-01 4.068627e-01 2.963666e-06
4.558824e-01 4.068627e-01 1.049134e-06
4.656863e-01 4.068627e-01 -5.487577e-08
4.754902e-01 4.068627e-01 4.527810e-07
4.852941e-01 4.068627e-01 1.835576e-06
4.950980e-01 4.068627e-01 1.274229e-06
5.049020e-01 4.068627e-01 -7.092652e-07
5.147059e-01 4.068627e-01 -6.515312e-06
5.245098e-01 4.068627e-01 -1.005669e-05
5.343137e-01 4.068627e-01 -7.315954e-06
5.441176e-01 4.068627e-01 8.272413e-07
5.539216e-01 4.068627e-01 2.208235e-05
5.637255e-01 4.068627e-01 3.370840e-05
5.735294e-01 4.068627e-01 3.195564e-05
5.833333e-01 4.068627e-01 1.278881e-05
5.931373e-01 4.068627e-01 -4.901139e-05
6.029412e-01 4.068627e-01 -9.455747e-05
6.127451e-01 4.068627e-01 -1.191026e-04
6.225490e-01 4.068627e-01 -1.137328e-04
6.323529e-01 4.068627e-01 1.293648e-05
6.421569e-01 4.068627e-01 1.521337e-04
6.519608e-01 4.068627e-01 2.747374e-04
6.617647e-01 4.068627e-01 4.254883e-04
6.715686e-01 4.068627e-01 3.536380e-04
6.813725e-01 4.068627e-01 1.319444e-04
6.911765e-01 4.068627e-01 -7.180327e-05
7.009804e-01 4.068627e-01 -5.216756e-04
7.107843e-01 4.068627e-01 -9.127817e-04
7.205882e-01 4.068627e-01 -9.248600e-04
7.303922e-01 4.068627e-01 -1.031964e-03
7.401961e-01 4.068627e-01 -9.271234e-04
7.500000e-01 4.068627e-01 -2.252826e-04
7.598039e-01 4.068627e-01 1.812464e-04
7.696078e-01 4.068627e-01 4.208323e-04
7.794118e-01 4.068627e-01 1.246621e-03
7.892157e-01 4.068627e-01 1.568549e-03
7.990196e-01 4.068627e-01 1.147623e-03
8.088235e-01 4.068627e-01 1.438823e-03
8.186275e-01 4.068627e-01 1.665133e-03
8.284314e-01 4.068627e-01 6.979055e-04
8.382353e-01 4.068627e-01 3.455312e-04
8.480392e-01 4.068627e-01 9.554209e-04
8.578431e-01 4.068627e-01 3.274159e-04
8.676471e-01 4.068627e-01 -6.706887e-04
8.774510e-01 4.068627e-01 7.080947e-05
8.872549e-01 4.068627e-01 6.043653e-04
8.970588e-01 4.068627e-01 -6.018581e-04
9.068627e-01 4.068627e-01 -8.430799e-04
9.166667e-01 4.068627e-01 5.648511e-04
9.264706e-01 4.068627e-01 4.839842e-04
9.362745e-01 4.068627e-01 -9.600707e-04
9.460784e-01 4.068627e-01 -5.310145e-04
9.558824e-01 4.068627e-01 9.678220e-04
9.656863e-01 4.068627e-01 3.688491e-04
9.754902e-01 4.068627e-01 -1.087835e-03
9.852941e-01 4.068627e-01 -3.743561e-04
9.950980e-01 4.068627e-01 1.084880e-03
4.901961e-03 4.166667e-01 4.148034e-04
1.470588e-02 4.166667e-01 7.515939e-04
2.450980e-02 4.166667e-01 -3.956014e-04
3.431373e-02 4.166667e-01 -7.734909e-04
4.411765e-02 4.166667e-01 3.108933e-04
5.392157e-02 4.166667e-01 7.918073e-04
6.372549e-02 4.166667e-01 -1.669524e-04
7.352941e-02 4.166667e-01 -7.833524e-04
8.333333e-02 4.166667e-01 -2.305248e-05
9.313725e-02 4.166667e-01 7.197651e-04
1.029412e-01 4.166667e-01 2.313594e-04
1.127451e-01 4.166667e-01 -5.767118e-04
1.225490e-01 4.166667e-01 -4.106028e-04
1.323529e-01 4.166667e-01 3.525539e-04
1.421569e-01 4.166667e-01 5.043228e-04
1.519608e-01 4.166667e-01 -8.142601e-05
1.617647e-01 4.166667e-01 -4.686728e-04
1.715686e-01 4.166667e-01 -1.655299e-04
1.813725e-01 4.166667e-01 3.030380e-04
1.911765e-01 4.166667e-01 3.046263e-04
2.009804e-01 4.166667e-01 -6.873623e-05
2.107843e-01 4.166667e-01 -2.865730e-04
2.205882e-01 4.166667e-01 -1.279827e-04
2.303922e-01 4.166667e-01 1.395791e-04
2.401961e-01 4.166667e-01 1.951362e-04
2.500000e-01 4.166667e-01 3.287342e-05
2.598039e-01 4.166667e-01 -1.227222e-04
2.696078e-01 4.166667e-01 -1.182641e-04
2.794118e-01 4.166667e-01 -3.230645e-06
2.892157e-01 4.166667e-01 8.302132e-05
2.990196e-01 4.166667e-01 7.175188e-05
3.088235e-01 4.166667e-01 3.144120e-06
3.186275e-01 4.166667e-01 -4.710922e-05
3.284314e-01 4.166667e-01 -4.471740e-05
3.382353e-01 4.166667e-01 -9.534518e-06
3.480392e-01 4.166667e-01 2.071463e-05
3.578431e-01 4.166667e-01 2.621878e-05
3.676471e-01 4.166667e-01 1.248390e-05
3.774510e-01 4.166667e-01 -4.054311e-06
3.872549e-01 4.166667e-01 -1.190757e-05
3.970588e-01 4.166667e-01 -9.905749e-06
4.068627e-01 4.166667e-01 -3.293587e-06
4.166667e-01 4.166667e-01 2.322911e-06
4.264706e-01 4.166667e-01 4.351005e-06
4.362745e-01 4.166667e-01 3.340019e-06
4.460784e-01 4.166667e-01 1.154337e-06
4.558824e-01 4.166667e-01 -2.006576e-07
4.656863e-01 4.166667e-01 -4.201166e-07
4.754902e-01 4.166667e-01 3.719475e-07
4.852941e-01 4.166667e-01 4.746030e-07
4.950980e-01 4.166667e-01 -1.047305e-06
5.049020e-01 4.166667e-01 -3.162481e-06
5.147059e-01 4.166667e-01 -5.980385e-06
5.245098e-01 4.166667e-01 -3.433769e-06
5.343137e-01 4.166667e-01 2.568783e-06
5.441176e-01 4.166667e-01 1.183737e-05
5.539216e-01 4.166667e-01 2.189722e-05
5.637255e-01 4.166667e-01 1.489752e-05
5.735294e-01 4.166667e-01 -1.470827e-07
5.833333e-01 4.166667e-01 -3.031942e-05
5.931373e-01 4.166667e-01 -6.757969e-05
6.029412e-01 4.166667e-01 -6.484374e-05
6.127451e-01 4.166667e-01 -4.369513e-05
6.225490e-01 4.166667e-01 2.283008e-05
6.323529e-01 4.166667e-01 1.414361e-04
6.421569e-01 4.166667e-01 1.983309e-04
6.519608e-01 4.166667e-01 2.286396e-04
6.617647e-01 4.166667e-01 1.940133e-04
6.715686e-01 4.166667e-01 -2.771014e-05
6.813725e-01 4.166667e-01 -2.376586e-04
6.911765e-01 4.166667e-01 -4.286347e-04
7.009804e-01 4.166667e-01 -6.947741e-04
7.107843e-01 4.166667e-01 -6.791964e-04
7.205882e-01 4.166667e-01 -4.587662e-04
7.303922e-01 4.166667e-01 -3.226268e-04
7.401961e-01 4.166667e-01 1.312585e-04
7.500000e-01 4.166667e-01 7.175199e-04
7.598039e-01 4.166667e-01 8.560136e-04
7.696078e-01 4.166667e-01 1.098659e-03
7.794118e-01 4.166667e-01 1.485289e-03
7.892157e-01 4.166667e-01 1.162351e-03
7.990196e-01 4.166667e-01 7.759495e-04
8.088235e-01 4.166667e-01 9.514747e-04
8.186275e-01 4.166667e-01 5.567698e-04
8.284314e-01 4.166667e-01 -2.254459e-04
8.382353e-01 4.166667e-01 -3.394453e-05
8.480392e-01 4.166667e-01 1.595854e-04
8.578431e-01 4.166667e-01 -6.204041e-04
8.676471e-01 4.166667e-01 -7.163935e-04
8.774510e-01 4.166667e-01 1.288855e-04
8.872549e-01 4.166667e-01 -1.031375e-04
8.970588e-01 4.166667e-01 -8.778539e-04
9.068627e-01 4.166667e-01 -2.234873e-04
9.166667e-01 4.166667e-01 5.614692e-04
9.264706e-01 4.166667e-01 -2.444448e-04
9.362745e-01 4.166667e-01 -7.995447e-04
9.460784e-01 4.166667e-01 2.467927e-04
9.558824e-01 4.166667e-01 7.158280e-04
9.656863e-01 4.166667e-01 -3.945291e-04
9.754902e-01 4.166667e-01 -7.490423e-04
9.852941e-01 4.166667e-01 4.148034e-04
9.950980e-01 4.166667e-01 7.515939e-04
4.901961e-03 4.264706e-01 6.205958e-04
1.470588e-02 4.264706e-01 1.543642e-04
2.450980e-02 4.264706e-01 -6.141278e-04
3.431373e-02 4.264706e-01 -1.909372e-04
4.411765e-02 4.264706e-01 5.857853e-04
5.392157e-02 4.264706e-01 2.645670e-04
6.372549e-02 4.264706e-01 -5.170338e-04
7.352941e-02 4.264706e-01 -3.525548e-04
8.333333e-02 4.264706e-01 4.038683e-04
9.313725e-02 4.264706e-01 4.323387e-04
1.029412e-01 4.264706e-01 -2.432510e-04
1.127451e-01 4.264706e-01 -4.699188e-04
1.225490e-01 4.264706e-01 5.136876e-05
1.323529e-01 4.264706e-01 4.352242e-04
1.421569e-01 4.264706e-01 1.351681e-04
1.519608e-01 4.264706e-01 -3.159419e-04
1.617647e-01 4.264706e-01 -2.645038e-04
1.715686e-01 4.264706e-01 1.339479e-04
1.813725e-01 4.264706e-01 2.912341e-04
1.911765e-01 4.264706e-01 5.195966e-05
2.009804e-01 4.264706e-01 -2.064348e-04
2.107843e-01 4.264706e-01 -1.680029e-04
2.205882e-01 4.264706e-01 5.648216e-05
2.303922e-01 4.264706e-01 1.691478e-04
2.401961e-01 4.264706e-01 7.319061e-05
2.500000e-01 4.264706e-01 -7.669309e-05
2.598039e-01 4.264706e-01 -1.120753e-04
2.696078e-01 4.264706e-01 -2.891388e-05
2.794118e-01 4.264706e-01 5.940842e-05
2.892157e-01 4.264706e-01 6.942746e-05
2.990196e-01 4.264706e-01 1.580063e-05
3.088235e-01 4.264706e-01 -3.535591e-05
3.186275e-01 4.264706e-01 -4.228406e-05
3.284314e-01 4.264706e-01 -1.409649e-05
3.382353e-01 4.264706e-01 1.547841e-05
3.480392e-01 4.264706e-01 2.405728e-05
3.578431e-01 4.264706e-01 1.319185e-05
3.676471e-01 4.264706e-01 -2.431025e-06
3.774510e-01 4.264706e-01 -1.081651e-05
3.872549e-01 4.264706e-01 -9.617881e-06
3.970588e-01 4.264706e-01 -3.431477e-06
4.068627e-01 4.264706e-01 2.171307e-06
4.166667e-01 4.264706e-01 4.351005e-06
4.264706e-01 4.264706e-01 3.425534e-06
4.362745e-01 4.264706e-01 1.259360e-06
4.460784e-01 4.264706e-01 -4.211511e-07
4.558824e-01 4.264706e-01 -8.014758e-07
4.656863e-01 4.264706e-01 -4.904186e-07
4.754902e-01 4.264706e-01 -4.131454e-09
4.852941e-01 4.264706e-01 -6.992224e-07
4.950980e-01 4.264706e-01 -1.873420e-06
5.049020e-01 4.264706e-01 -2.728210e-06
5.147059e-01 4.264706e-01 -2.201208e-06
5.245098e-01 4.264706e-01 2.597556e-06
5.343137e-01 4.264706e-01 7.041069e-06
5.441176e-01 4.264706e-01 1.148458e-05
5.539216e-01 4.264706e-01 9.225767e-06
5.637255e-01 4.264706e-01 -5.339588e-06
5.735294e-01 4.264706e-01 -1.975412e-05
5.833333e-01 4.264706e-01 -3.894736e-05
5.931373e-01 4.264706e-01 -4.044536e-05
6.029412e-01 4.264706e-01 -8.825163e-06
6.127451e-01 4.264706e-01 2.897926e-05
6.225490e-01 4.264706e-01 9.449245e-05
6.323529e-01 4.264706e-01 1.423240e-04
6.421569e-01 4.264706e-01 1.152063e-04
6.519608e-01 4.264706e-01 6.730369e-05
6.617647e-01 4.264706e-01 -6.296562e-05
6.715686e-01 4.264706e-01 -2.575500e-04
6.813725e-01 4.264706e-01 -3.489653e-04
6.911765e-01 4.264706e-01 -4.205869e-04
7.009804e-01 4.264706e-01 -4.212274e-04
7.107843e-01 4.264706e-01 -1.586169e-04
7.205882e-01 4.264706e-01 1.063865e-04
7.303922e-01 4.264706e-01 3.368266e-04
7.401961e-01 4.264706e-01 7.638651e-04
7.500000e-01 4.264706e-01 9.811365e-04
7.598039e-01 4.264706e-01 8.935760e-04
7.696078e-01 4.264706e-01 9.881692e-04
7.794118e-01 4.264706e-01 8.914742e-04
7.892157e-01 4.264706e-01 3.512469e-04
7.990196e-01 4.264706e-01 1.561348e-04
8.088235e-01 4.264706e-01 1.365345e-04
8.186275e-01 4.264706e-01 -4.124178e-04
8.284314e-01 4.264706e-01 -6.819268e-04
8.382353e-01 4.264706e-01 -3.037863e-04
8.480392e-01 4.264706e-01 -4.455430e-04
8.578431e-01 4.264706e-01 -8.737939e-04
8.676471e-01 4.264706e-01 -4.091156e-04
8.774510e-01 4.264706e-01 4.098882e-05
8.872549e-01 4.264706e-01 -4.723792e-04
8.970588e-01 4.264706e-01 -5.719914e-04
9.068627e-01 4.264706e-01 2.237691e-04
9.166667e-01 4.264706e-01 2.402397e-04
9.264706e-01 4.264706e-01 -5.155846e-04
9.362745e-01 4.264706e-01 -2.726769e-04
9.460784e-01 4.264706e-01 5.379494e-04
9.558824e-01 4.264706e-01 1.829765e-04
9.656863e-01 4.264706e-01 -5.957572e-04
9.754902e-01 4.264706e-01 -1.487229e-04
9.852941e-01 4.264706e-01 6.205958e-04
9.950980e-01 4.264706e-01 1.543642e-04
4.901961e-03 4.362745e-01 3.932023e-04
1.470588e-02 4.362745e-01 -2.615938e-04
2.450980e-02 4.362745e-01 -3.957772e-04
3.431373e-02 4.362745e-01 2.381565e-04
4.411765e-02 4.362745e-01 4.151148e-04
5.392157e-02 4.362745e-01 -1.739490e-04
6.372549e-02 4.362745e-01 -4.257582e-04
7.352941e-02 4.362745e-01 8.109111e-05
8.333333e-02 4.362745e-01 4.177640e-04
9.313725e-02 4.362745e-01 3.436968e-05
1.029412e-01 4.362745e-01 -3.721447e-04
1.127451e-01 4.362745e-01 -1.515053e-04
1.225490e-01 4.362745e-01 2.789976e-04
1.323529e-01 4.362745e-01 2.410818e-04
1.421569e-01 4.362745e-01 -1.436985e-04
1.519608e-01 4.362745e-01 -2.717111e-04
1.617647e-01 4.362745e-01 -5.958834e-06
1.715686e-01 4.362745e-01 2.258413e-04
1.813725e-01 4.362745e-01 1.246132e-04
1.911765e-01 4.362745e-01 -1.161182e-04
2.009804e-01 4.362745e-01 -1.691551e-04
2.107843e-01 4.362745e-01 -1.053711e-05
2.205882e-01 4.362745e-01 1.272085e-04
2.303922e-01 4.362745e-01 9.299669e-05
2.401961e-01 4.362745e-01 -3.379767e-05
2.500000e-01 4.362745e-01 -9.516445e-05
2.598039e-01 4.362745e-01 -4.539060e-05
2.696078e-01 4.362745e-01 3.576098e-05
2.794118e-01 4.362745e-01 6.168931e-05
2.892157e-01 4.362745e-01 2.462247e-05
2.990196e-01 4.362745e-01 -2.331602e-05
3.088235e-01 4.362745e-01 -3.753166e-05
3.186275e-01 4.362745e-01 -1.714095e-05
3.284314e-01 4.362745e-01 1.008603e-05
3.382353e-01 4.362745e-01 2.095681e-05
3.480392e-01 4.362745e-01 1.329312e-05
3.578431e-01 4.362745e-01 -7.320626e-07
3.676471e-01 4.362745e-01 -9.291560e-06
3.774510e-01 4.362745e-01 -8.999694e-06
3.872549e-01 4.362745e-01 -3.526404e-06
3.970588e-01 4.362745e-01 1.829917e-06
4.068627e-01 4.362745e-01 4.108566e-06
4.166667e-01 4.362745e-01 3.340019e-06
4.264706e-01 4.362745e-01 1.259360e-06
4.362745e-01 4.362745e-01 -4.790629e-07
4.460784e-01 4.362745e-01 -1.083841e-06
4.558824e-01 4.362745e-01 -7.903367e-07
4.656863e-01 4.362745e-01 -4.064490e-07
4.754902e-01 4.362745e-01 -3.135170e-07
4.852941e-01 4.362745e-01 -1.040709e-06
4.950980e-01 4.362745e-01 -1.262931e-06
5.049020e-01 4.362745e-01 -8.443406e-07
5.147059e-01 4.362745e-01 1.264603e-06
5.245098e-01 4.362745e-01 4.745759e-06
5.343137e-01 4.362745e-01 5.596045e-06
5.441176e-01 4.362745e-01 4.663125e-06
5.539216e-01 4.362745e-01 -3.486114e-06
5.637255e-01 4.362745e-01 -1.456846e-05
5.735294e-01 4.362745e-01 -2.006676e-05
5.833333e-01 4.362745e-01 -2.172053e-05
5.931373e-01 4.362745e-01 -1.133413e-06
6.029412e-01 4.362745e-01 3.088217e-05
6.127451e-01 4.362745e-01 5.691563e-05
6.225490e-01 4.362745e-01 8.408873e-05
6.323529e-01 4.362745e-01 6.240744e-05
6.421569e-01 4.362745e-01 -3.246703e-06
6.519608e-01 4.362745e-01 -7.384907e-05
6.617647e-01 4.362745e-01 -1.883532e-04
6.715686e-01 4.362745e-01 -2.591939e-04
6.813725e-01 4.362745e-01 -2.238097e-04
6.911765e-01 4.362745e-01 -1.718552e-04
7.009804e-01 4.362745e-01 -3.522131e-06
7.107843e-01 4.362745e-01 2.747216e-04
7.205882e-01 4.362745e-01 4.356806e-04
7.303922e-01 4.362745e-01 5.953867e-04
7.401961e-01 4.362745e-01 7.626211e-04
7.500000e-01 4.362745e-01 6.301280e-04
7.598039e-01 4.362745e-01 4.243573e-04
7.696078e-01 4.362745e-01 3.363249e-04
7.794118e-01 4.362745e-01 -2.412081e-05
7.892157e-01 4.362745e-01 -4.327789e-04
7.990196e-01 4.362745e-01 -4.491104e-04
8.088235e-01 4.362745e-01 -5.853059e-04
8.186275e-01 4.362745e-01 -9.222532e-04
8.284314e-01 4.362745e-01 -7.511855e-04
8.382353e-01 4.362745e-01 -4.587498e-04
8.480392e-01 4.362745e-01 -6.820360e-04
8.578431e-01 4.362745e-01 -6.508515e-04
8.676471e-01 4.362745e-01 -1.037344e-04
8.774510e-01 4.362745e-01 -9.555991e-05
8.872549e-01 4.362745e-01 -4.605683e-04
8.970588e-01 4.362745e-01 -1.145753e-04
9.068627e-01 4.362745e-01 3.322964e-04
9.166667e-01 4.362745e-01 -7.849536e-05
9.264706e-01 4.362745e-01 -3.842393e-04
9.362745e-01 4.362745e-01 1.701480e-04
9.460784e-01 4.362745e-01 4.037513e-04
9.558824e-01 4.362745e-01 -2.120584e-04
9.656863e-01 4.362745e-01 -3.767813e-04
9.754902e-01 4.362745e-01 2.680137e-04
9.852941e-01 4.362745e-01 3.932023e-04
9.950980e-01 4.362745e-01 -2.615938e-04
4.901961e-03 4.460784e-01 4.266833e-05
1.470588e-02 4.460784e-01 -3.442026e-04
2.450980e-02 4.460784e-01 -4.586104e-05
3.431373e-02 4.460784e-01 3.432674e-04
4.411765e-02 4.460784e-01 8.205894e-05
5.392157e-02 4.460784e-01 -3.201380e-04
6.372549e-02 4.460784e-01 -1.307892e-04
7.352941e-02 4.460784e-01 2.774422e-04
8.333333e-02 4.460784e-01 1.862632e-04
9.313725e-02 4.460784e-01 -2.075532e-04
1.029412e-01 4.460784e-01 -2.307284e-04
1.127451e-01 4.460784e-01 1.126248e-04
1.225490e-01 4.460784e-01 2.455018e-04
1.323529e-01 4.460784e-01 -4.890255e-06
1.421569e-01 4.460784e-01 -2.155854e-04
1.519608e-01 4.460784e-01 -9.135212e-05
1.617647e-01 4.460784e-01 1.398527e-04
1.715686e-01 4.460784e-01 1.466632e-04
1.813725e-01 4.460784e-01 -3.815652e-05
1.911765e-01 4.460784e-01 -1.411962e-04
2.009804e-01 4.460784e-01 -5.181420e-05
2.107843e-01 4.460784e-01 8.081280e-05
2.205882e-01 4.460784e-01 9.246082e-05
2.303922e-01 4.460784e-01 -1.155758e-06
2.401961e-01 4.460784e-01 -7.168812e-05
2.500000e-01 4.460784e-01 -5.067744e-05
2.598039e-01 4.460784e-01 1.578830e-05
2.696078e-01 4.460784e-01 4.952549e-05
2.794118e-01 4.460784e-01 2.791699e-05
2.892157e-01 4.460784e-01 -1.266111e-05
2.990196e-01 4.460784e-01 -3.046234e-05
3.088235e-01 4.460784e-01 -1.758988e-05
3.186275e-01 4.460784e-01 5.298704e-06
3.284314e-01 4.460784e-01 1.676795e-05
3.382353e-01 4.460784e-01 1.216465e-05
3.480392e-01 4.460784e-01 6.395168e-07
3.578431e-01 4.460784e-01 -7.265388e-06
3.676471e-01 4.460784e-01 -7.721947e-06
3.774510e-01 4.460784e-01 -3.346177e-06
3.872549e-01 4.460784e-01 1.322177e-06
3.970588e-01 4.460784e-01 3.479272e-06
4.068627e-01 4.460784e-01 2.963666e-06
4.166667e-01 4.460784e-01 1.154337e-06
4.264706e-01 4.460784e-01 -4.211511e-07
4.362745e-01 4.460784e-01 -1.083841e-06
4.460784e-01 4.460784e-01 -8.822208e-07
4.558824e-01 4.460784e-01 -4.506613e-07
4.656863e-01 4.460784e-01 -2.434994e-07
4.754902e-01 4.460784e-01 -3.543075e-07
4.852941e-01 4.460784e-01 -6.716059e-07
4.950980e-01 4.460784e-01 -1.832266e-07
5.049020e-01 4.460784e-01 7.017941e-07
5.147059e-01 4.460784e-01 2.500884e-06
5.245098e-01 4.460784e-01 3.407782e-06
5.343137e-01 4.460784e-01 1.691084e-06
5.441176e-01 4.460784e-01 -1.677957e-06
5.539216e-01 4.460784e-01 -8.654970e-06
5.637255e-01 4.460784e-01 -1.196411e-05
5.735294e-01 4.460784e-01 -9.258016e-06
5.833333e-01 4.460784e-01 -2.615021e-07
5.931373e-01 4.460784e-01 2.141994e-05
6.029412e-01 4.460784e-01 3.690169e-05
6.127451e-01 4.460784e-01 4.193763e-05
6.225490e-01 4.460784e-01 3.269753e-05
6.323529e-01 4.460784e-01 -1.580855e-05
6.421569e-01 4.460784e-01 -6.906673e-05
6.519608e-01 4.460784e-01 -1.150672e-04
6.617647e-01 4.460784e-01 -1.581738e-04
6.715686e-01 4.460784e-01 -1.226463e-04
6.813725e-01 4.460784e-01 -3.400429e-05
6.911765e-01 4.460784e-01 6.377408e-05
7.009804e-01 4.460784e-01 2.370789e-04
7.107843e-01 4.460784e-01 3.764908e-04
7.205882e-01 4.460784e-01 3.974676e-04
7.303922e-01 4.460784e-01 4.280201e-04
7.401961e-01 4.460784e-01 3.534451e-04
7.500000e-01 4.460784e-01 9.501108e-05
7.598039e-01 4.460784e-01 -7.600909e-05
7.696078e-01 4.460784e-01 -2.326966e-04
7.794118e-01 4.460784e-01 -5.470457e-04
7.892157e-01 4.460784e-01 -6.624759e-04
7.990196e-01 4.460784e-01 -5.776744e-04
8.088235e-01 4.460784e-01 -6.972536e-04
8.186275e-01 4.460784e-01 -7.158618e-04
8.284314e-01 4.460784e-01 -3.879991e-04
8.382353e-01 4.460784e-01 -2.958531e-04
8.480392e-01 4.460784e-01 -4.212993e-04
8.578431e-01 4.460784e-01 -1.411505e-04
8.676471e-01 4.460784e-01 1.468016e-04
8.774510e-01 4.460784e-01 -8.992595e-05
8.872549e-01 4.460784e-01 -1.608044e-04
8.970588e-01 4.460784e-01 2.347394e-04
9.068627e-01 4.460784e-01 2.279837e-04
9.166667e-01 4.460784e-01 -1.900825e-04
9.264706e-01 4.460784e-01 -7.274906e-05
9.362745e-01 4.460784e-01 3.347914e-04
9.460784e-01 4.460784e-01 1.075315e-04
9.558824e-01 4.460784e-01 -3.050790e-04
9.656863e-01 4.460784e-01 -3.306226e-05
9.754902e-01 4.460784e-01 3.521422e-04
9.852941e-01 4.460784e-01 4.266833e-05
9.950980e-01 4.460784e-01 -3.442026e-04
4.901961e-03 4.558824e-01 -1.921420e-04
1.470588e-02 4.558824e-01 -1.829162e-04
2.450980e-02 4.558824e-01 1.916757e-04
3.431373e-02 4.558824e-01 1.966451e-04
4.411765e-02 4.558824e-01 -1.666985e-04
5.392157e-02 4.558824e-01 -2.116055e-04
6.372549e-02 4.558824e-01 1.245696e-04
7.352941e-02 4.558824e-01 2.242634e-04
8.333333e-02 4.558824e-01 -6.471556e-05
9.313725e-02 4.558824e-01 -2.231711e-04
1.029412e-01 4.558824e-01 -6.170969e-06
1.127451e-01 4.558824e-01 1.982405e-04
1.225490e-01 4.558824e-01 7.524237e-05
1.323529e-01 4.558824e-01 -1.446621e-04
1.421569e-01 4.558824e-01 -1.245037e-04
1.519608e-01 4.558824e-01 6.843205e-05
1.617647e-01 4.558824e-01 1.368836e-04
1.715686e-01 4.558824e-01 1.137643e-05
1.813725e-01 4.558824e-01 -1.061545e-04
1.911765e-01 4.558824e-01 -6.803924e-05
2.009804e-01 4.558824e-01 4.504013e-05
2.107843e-01 4.558824e-01 8.094200e-05
2.205882e-01 4.558824e-01 1.658451e-05
2.303922e-01 4.558824e-01 -5.088347e-05
2.401961e-01 4.558824e-01 -4.760328e-05
2.500000e-01 4.558824e-01 3.715879e-06
2.598039e-01 4.558824e-01 3.763387e-05
2.696078e-01 4.558824e-01 2.622870e-05
2.794118e-01 4.558824e-01 -5.973187e-06
2.892157e-01 4.558824e-01 -2.329004e-05
2.990196e-01 4.558824e-01 -1.551516e-05
3.088235e-01 4.558824e-01 2.380220e-06
3.186275e-01 4.558824e-01 1.251168e-05
3.284314e-01 4.558824e-01 9.905913e-06
3.382353e-01 4.558824e-01 1.218850e-06
3.480392e-01 4.558824e-01 -5.159669e-06
3.578431e-01 4.558824e-01 -5.914486e-06
3.676471e-01 4.558824e-01 -2.821862e-06
3.774510e-01 4.558824e-01 7.211424e-07
3.872549e-01 4.558824e-01 2.523708e-06
3.970588e-01 4.558824e-01 2.320158e-06
4.068627e-01 4.558824e-01 1.049134e-06
4.166667e-01 4.558824e-01 -2.006576e-07
4.264706e-01 4.558824e-01 -8.014758e-07
4.362745e-01 4.558824e-01 -7.903367e-07
4.460784e-01 4.558824e-01 -4.506613e-07
4.558824e-01 4.558824e-01 -2.350956e-07
4.656863e-01 4.558824e-01 -1.877177e-07
4.754902e-01 4.558824e-01 -2.337175e-07
4.852941e-01 4.558824e-01 -1.115997e-07
4.950980e-01 4.558824e-01 6.152117e-07
5.049020e-01 4.558824e-01 1.285706e-06
5.147059e-01 4.558824e-01 1.962824e-06
5.245098e-01 4.558824e-01 1.012206e-06
5.343137e-01 4.558824e-01 -1.523967e-06
5.441176e-01 4.558824e-01 -4.500957e-06
5.539216e-01 4.558824e-01 -7.375145e-06
5.637255e-01 4.558824e-01 -4.814340e-06
5.735294e-01 4.558824e-01 1.836986e-06
5.833333e-01 4.558824e-01 1.238517e-05
5.931373e-01 4.558824e-01 2.422631e-05
6.029412e-01 4.558824e-01 2.365357e-05
6.127451e-01 4.558824e-01 1.305508e-05
6.225490e-01 4.558824e-01 -1.306515e-05
6.323529e-01 4.558824e-01 -5.380086e-05
6.421569e-01 4.558824e-01 -7.825200e-05
6.519608e-01 4.558824e-01 -8.883945e-05
6.617647e-01 4.558824e-01 -6.899538e-05
6.715686e-01 4.558824e-01 9.032631e-06
6.813725e-01 4.558824e-01 9.323077e-05
6.911765e-01 4.558824e-01 1.827428e-04
7.009804e-01 4.558824e-01 2.812870e-04
7.107843e-01 4.558824e-01 2.873542e-04
7.205882e-01 4.558824e-01 2.308508e-04
7.303922e-01 4.558824e-01 1.631666e-04
7.401961e-01 4.558824e-01 -2.406165e-05
7.500000e-01 4.558824e-01 -2.392709e-04
7.598039e-01 4.558824e-01 -3.468089e-04
7.696078e-01 4.558824e-01 -5.058647e-04
7.794118e-01 4.558824e-01 -6.558566e-04
7.892157e-01 4.558824e-01 -5.801150e-04
7.990196e-01 4.558824e-01 -5.148017e-04
8.088235e-01 4.558824e-01 -5.548484e-04
8.186275e-01 4.558824e-01 -3.692203e-04
8.284314e-01 4.558824e-01 -1.288696e-04
8.382353e-01 4.558824e-01 -1.744197e-04
8.480392e-01 4.558824e-01 -1.300792e-04
8.578431e-01 4.558824e-01 1.557675e-04
8.676471e-01 4.558824e-01 1.454948e-04
8.774510e-01 4.558824e-01 -6.511402e-05
8.872549e-01 4.558824e-01 9.725647e-05
8.970588e-01 4.558824e-01 2.907436e-04
9.068627e-01 4.558824e-01 2.711180e-05
9.166667e-01 4.558824e-01 -1.357334e-04
9.264706e-01 4.558824e-01 1.621673e-04
9.362745e-01 4.558824e-01 2.329614e-04
9.460784e-01 4.558824e-01 -1.308188e-04
9.558824e-01 4.558824e-01 -1.710114e-04
9.656863e-01 4.558824e-01 1.949135e-04
9.754902e-01 4.558824e-01 1.889468e-04
9.852941e-01 4.558824e-01 -1.921420e-04
9.950980e-01 4.558824e-01 -1.829162e-04
4.901961e-03 4.656863e-01 -2.161141e-04
1.470588e-02 4.656863e-01 7.181023e-05
2.450980e-02 4.656863e-01 2.216560e-04
3.431373e-02 4.656863e-01 -5.544616e-05
4.411765e-02 4.656863e-01 -2.216722e-04
5.392157e-02 4.656863e-01 2.466187e-05
6.372549e-02 4.656863e-01 2.150314e-04
7.352941e-02 4.656863e-01 1.832450e-05
8.333333e-02 4.656863e-01 -1.954683e-04
9.313725e-02 4.656863e-01 -6.668261e-05
1.029412e-01 4.656863e-01 1.575756e-04
1.127451e-01 4.656863e-01 1.090925e-04
1.225490e-01 4.656863e-01 -1.010334e-04
1.323529e-01 4.656863e-01 -1.324278e-04
1.421569e-01 4.656863e-01 3.317213e-05
1.519608e-01 4.656863e-01 1.260449e-04
1.617647e-01 4.656863e-01 3.022008e-05
1.715686e-01 4.656863e-01 -8.865816e-05
1.813725e-01 4.656863e-01 -6.994033e-05
1.911765e-01 4.656863e-01 3.276146e-05
2.009804e-01 4.656863e-01 7.336829e-05
2.107843e-01 4.656863e-01 1.823767e-05
2.205882e-01 4.656863e-01 -4.437764e-05
2.303922e-01 4.656863e-01 -4.219661e-05
2.401961e-01 4.656863e-01 4.295099e-06
2.500000e-01 4.656863e-01 3.338482e-05
2.598039e-01 4.656863e-01 2.096127e-05
2.696078e-01 4.656863e-01 -7.603321e-06
2.794118e-01 4.656863e-01 -2.009755e-05
2.892157e-01 4.656863e-01 -1.080697e-05
2.990196e-01 4.656863e-01 4.316385e-06
3.088235e-01 4.656863e-01 1.048262e-05
3.186275e-01 4.656863e-01 6.326521e-06
3.284314e-01 4.656863e-01 -7.353751e-07
3.382353e-01 4.656863e-01 -4.382213e-06
3.480392e-01 4.656863e-01 -3.703137e-06
3.578431e-01 4.656863e-01 -1.162060e-06
3.676471e-01 4.656863e-01 8.676637e-07
3.774510e-01 4.656863e-01 1.573061e-06
3.872549e-01 4.656863e-01 1.272110e-06
3.970588e-01 4.656863e-01 5.785005e-07
4.068627e-01 4.656863e-01 -5.487577e-08
4.166667e-01 4.656863e-01 -4.201166e-07
4.264706e-01 4.656863e-01 -4.904186e-07
4.362745e-01 4.656863e-01 -4.064490e-07
4.460784e-01 4.656863e-01 -2.434994e-07
4.558824e-01 4.656863e-01 -1.877177e-07
4.656863e-01 4.656863e-01 -6.901721e-08
4.754902e-01 4.656863e-01 7.638562e-08
4.852941e-01 4.656863e-01 4.147528e-07
4.950980e-01 4.656863e-01 9.056232e-07
5.049020e-01 4.656863e-01 8.933057e-07
5.147059e-01 4.656863e-01 5.051454e-07
5.245098e-01 4.656863e-01 -1.129676e-06
5.343137e-01 4.656863e-01 -2.866555e-06
5.441176e-01 4.656863e-01 -3.567404e-06
5.539216e-01 4.656863e-01 -2.384414e-06
5.637255e-01 4.656863e-01 2.637516e-06
5.735294e-01 4.656863e-01 8.442718e-06
5.833333e-01 4.656863e-01 1.325009e-05
5.931373e-01 4.656863e-01 1.240940e-05
6.029412e-01 4.656863e-01 1.591444e-06
6.127451e-01 4.656863e-01 -1.489659e-05
6.225490e-01 4.656863e-01 -3.638254e-05
6.323529e-01 4.656863e-01 -4.962232e-05
6.421569e-01 4.656863e-01 -4.277643e-05
6.519608e-01 4.656863e-01 -1.949305e-05
6.617647e-01 4.656863e-01 3.314625e-05
6.715686e-01 4.656863e-01 9.715886e-05
6.813725e-01 4.656863e-01 1.407458e-04
6.911765e-01 4.656863e-01 1.755496e-04
7.009804e-01 4.656863e-01 1.615901e-04
7.107843e-01 4.656863e-01 7.384531e-05
7.205882e-01 4.656863e-01 -2.060392e-05
7.303922e-01 4.656863e-01 -1.495255e-04
7.401961e-01 4.656863e-01 -3.241456e-04
7.500000e-01 4.656863e-01 -4.116385e-04
7.598039e-01 4.656863e-01 -4.510076e-04
7.696078e-01 4.656863e-01 -5.202037e-04
7.794118e-01 4.656863e-01 -4.542048e-04
7.892157e-01 4.656863e-01 -2.925061e-04
7.990196e-01 4.656863e-01 -2.466241e-04
8.088235e-01 4.656863e-01 -1.439825e-04
8.186275e-01 4.656863e-01 9.968633e-05
8.284314e-01 4.656863e-01 1.566909e-04
8.382353e-01 4.656863e-01 1.025674e-04
8.480392e-01 4.656863e-01 2.665427e-04
8.578431e-01 4.656863e-01 3.598075e-04
8.676471e-01 4.656863e-01 1.561792e-04
8.774510e-01 4.656863e-01 1.195340e-04
8.872549e-01 4.656863e-01 3.124381e-04
8.970588e-01 4.656863e-01 2.008142e-04
9.068627e-01 4.656863e-01 -6.488095e-05
9.166667e-01 4.656863e-01 6.056569e-05
9.264706e-01 4.656863e-01 2.503979e-04
9.362745e-01 4.656863e-01 1.415222e-05
9.460784e-01 4.656863e-01 -1.854570e-04
9.558824e-01 4.656863e-01 6.654279e-05
9.656863e-01 4.656863e-01 2.227676e-04
9.754902e-01 4.656863e-01 -6.505700e-05
9.852941e-01 4.656863e-01 -2.161141e-04
9.950980e-01 4.656863e-01 7.181023e-05
4.901961e-03 4.754902e-01 -1.821300e-05
1.470588e-02 4.754902e-01 2.299883e-04
2.450980e-02 4.754902e-01 2.259065e-05
3.431373e-02 4.754902e-01 -2.282748e-04
4.411765e-02 4.754902e-01 -4.516928e-05
5.392157e-02 4.754902e-01 2.134456e-04
6.372549e-02 4.754902e-01 7.569795e-05
7.352941e-02 4.754902e-01 -1.868080e-04
8.333333e-02 4.754902e-01 -1.107574e-04
9.313725e-02 4.754902e-01 1.436772e-04
1.029412e-01 4.754902e-01 1.393598e-04
1.127451e-01 4.754902e-01 -8.588810e-05
1.225490e-01 4.754902e-01 -1.509403e-04
1.323529e-01 4.754902e-01 2.039361e-05
1.421569e-01 4.754902e-01 1.369549e-04
1.519608e-01 4.754902e-01 3.923905e-05
1.617647e-01 4.754902e-01 -9.666659e-05
1.715686e-01 4.754902e-01 -7.700108e-05
1.813725e-01 4.754902e-01 4.037853e-05
1.911765e-01 4.754902e-01 8.196918e-05
2.009804e-01 4.754902e-01 1.246627e-05
2.107843e-01 4.754902e-01 -5.615877e-05
2.205882e-01 4.754902e-01 -4.224403e-05
2.303922e-01 4.754902e-01 1.624671e-05
2.401961e-01 4.754902e-01 4.113400e-05
2.500000e-01 4.754902e-01 1.497092e-05
2.598039e-01 4.754902e-01 -1.904949e-05
2.696078e-01 4.754902e-01 -2.343860e-05
2.794118e-01 4.754902e-01 -3.553391e-06
2.892157e-01 4.754902e-01 1.301446e-05
2.990196e-01 4.754902e-01 1.183484e-05
3.088235e-01 4.754902e-01 5.605798e-07
3.186275e-01 4.754902e-01 -6.869077e-06
3.284314e-01 4.754902e-01 -5.544841e-06
3.382353e-01 4.754902e-01 -2.417323e-07
3.480392e-01 4.754902e-01 2.921232e-06
3.578431e-01 4.754902e-01 2.335210e-06
3.676471e-01 4.754902e-01 2.063490e-07
3.774510e-01 4.754902e-01 -1.042242e-06
3.872549e-01 4.754902e-01 -8.425495e-07
3.970588e-01 4.754902e-01 -3.489719e-08
4.068627e-01 4.754902e-01 4.527810e-07
4.166667e-01 4.754902e-01 3.719475e-07
4.264706e-01 4.754902e-01 -4.131454e-09
4.362745e-01 4.754902e-01 -3.135170e-07
4.460784e-01 4.754902e-01 -3.543075e-07
4.558824e-01 4.754902e-01 -2.337175e-07
4.656863e-01 4.754902e-01 7.638562e-08
4.754902e-01 4.754902e-01 3.050359e-07
4.852941e-01 4.754902e-01 5.160036e-07
4.950980e-01 4.754902e-01 5.288528e-07
5.049020e-01 4.754902e-01 2.099663e-08
5.147059e-01 4.754902e-01 -5.476622e-07
5.245098e-01 4.754902e-01 -1.455016e-06
5.343137e-01 4.754902e-01 -1.650169e-06
5.441176e-01 4.754902e-01 -4.247930e-07
5.539216e-01 4.754902e-01 1.518451e-06
5.637255e-01 4.754902e-01 4.384364e-06
5.735294e-01 4.754902e-01 6.018392e-06
5.833333e-01 4.754902e-01 3.857893e-06
5.931373e-01 4.754902e-01 -1.395810e-06
6.029412e-01 4.754902e-01 -9.286316e-06
6.127451e-01 4.754902e-01 -1.844620e-05
6.225490e-01 4.754902e-01 -2.076572e-05
6.323529e-01 4.754902e-01 -1.323436e-05
6.421569e-01 4.754902e-01 1.929994e-07
6.519608e-01 4.754902e-01 2.665941e-05
6.617647e-01 4.754902e-01 5.593282e-05
6.715686e-01 4.754902e-01 6.599322e-05
6.813725e-01 4.754902e-01 7.070647e-05
6.911765e-01 4.754902e-01 5.577230e-05
7.009804e-01 4.754902e-01 -6.293687e-06
7.107843e-01 4.754902e-01 -6.311088e-05
7.205882e-01 4.754902e-01 -1.142315e-04
7.303922e-01 4.754902e-01 -2.033007e-04
7.401961e-01 4.754902e-01 -2.389879e-04
7.500000e-01 4.754902e-01 -2.071905e-04
7.598039e-01 4.754902e-01 -2.198992e-04
7.696078e-01 4.754902e-01 -1.797992e-04
7.794118e-01 4.754902e-01 -2.683835e-05
7.892157e-01 4.754902e-01 3.345059e-05
7.990196e-01 4.754902e-01 5.132187e-05
8.088235e-01 4.754902e-01 2.185814e-04
8.186275e-01 4.754902e-01 3.014063e-04
8.284314e-01 4.754902e-01 1.939697e-04
8.382353e-01 4.754902e-01 2.420614e-04
8.480392e-01 4.754902e-01 3.690596e-04
8.578431e-01 4.754902e-01 2.117121e-04
8.676471e-01 4.754902e-01 6.315949e-05
8.774510e-01 4.754902e-01 2.212944e-04
8.872549e-01 4.754902e-01 2.315048e-04
8.970588e-01 4.754902e-01 -4.726057e-05
9.068627e-01 4.754902e-01 -4.775278e-05
9.166667e-01 4.754902e-01 1.989410e-04
9.264706e-01 4.754902e-01 8.711913e-05
9.362745e-01 4.754902e-01 -1.903100e-04
9.460784e-01 4.754902e-01 -4.016969e-05
9.558824e-01 4.754902e-01 2.170156e-04
9.656863e-01 4.754902e-01 2.154699e-05
9.754902e-01 4.754902e-01 -2.300688e-04
9.852941e-01 4.754902e-01 -1.821300e-05
9.950980e-01 4.754902e-01 2.299883e-04
4.901961e-03 4.852941e-01 2.255541e-04
1.470588e-02 4.852941e-01 1.497581e-04
2.450980e-02 4.852941e-01 -2.246185e-04
3.431373e-02 4.852941e-01 -1.641749e-04
4.411765e-02 4.852941e-01 2.030644e-04
5.392157e-02 4.852941e-01 1.824486e-04
6.372549e-02 4.852941e-01 -1.663263e-04
7.352941e-02 4.852941e-01 -2.021272e-04
8.333333e-02 4.852941e-01 1.120035e-04
9.313725e-02 4.852941e-01 2.121641e-04
1.029412e-01 4.852941e-01 -4.495594e-05
1.127451e-01 4.852941e-01 -2.030641e-04
1.225490e-01 4.852941e-01 -2.558867e-05
1.323529e-01 4.852941e-01 1.681393e-04
1.421569e-01 4.852941e-01 8.501569e-05
1.519608e-01 4.852941e-01 -1.087722e-04
1.617647e-01 4.852941e-01 -1.175977e-04
1.715686e-01 4.852941e-01 3.695761e-05
1.813725e-01 4.852941e-01 1.135474e-04
1.911765e-01 4.852941e-01 2.692696e-05
2.009804e-01 4.852941e-01 -7.611944e-05
2.107843e-01 4.852941e-01 -6.262557e-05
2.205882e-01 4.852941e-01 2.325336e-05
2.303922e-01 4.852941e-01 6.144559e-05
2.401961e-01 4.852941e-01 2.007354e-05
2.500000e-01 4.852941e-01 -3.287047e-05
2.598039e-01 4.852941e-01 -3.611490e-05
2.696078e-01 4.852941e-01 -5.432159e-07
2.794118e-01 4.852941e-01 2.533266e-05
2.892157e-01 4.852941e-01 1.834211e-05
2.990196e-01 4.852941e-01 -4.233731e-06
3.088235e-01 4.852941e-01 -1.570631e-05
3.186275e-01 4.852941e-01 -9.094287e-06
3.284314e-01 4.852941e-01 3.414433e-06
3.382353e-01 4.852941e-01 8.726523e-06
3.480392e-01 4.852941e-01 4.869875e-06
3.578431e-01 4.852941e-01 -1.603028e-06
3.676471e-01 4.852941e-01 -4.506198e-06
3.774510e-01 4.852941e-01 -2.919363e-06
3.872549e-01 4.852941e-01 2.504118e-07
3.970588e-01 4.852941e-01 2.096070e-06
4.068627e-01 4.852941e-01 1.835576e-06
4.166667e-01 4.852941e-01 4.746030e-07
4.264706e-01 4.852941e-01 -6.992224e-07
4.362745e-01 4.852941e-01 -1.040709e-06
4.460784e-01 4.852941e-01 -6.716059e-07
4.558824e-01 4.852941e-01 -1.115997e-07
4.656863e-01 4.852941e-01 4.147528e-07
4.754902e-01 4.852941e-01 5.160036e-07
4.852941e-01 4.852941e-01 4.868159e-07
4.950980e-01 4.852941e-01 1.851375e-07
5.049020e-01 4.852941e-01 -4.452496e-07
5.147059e-01 4.852941e-01 -5.813322e-07
5.245098e-01 4.852941e-01 -1.043451e-06
5.343137e-01 4.852941e-01 -4.527782e-07
5.441176e-01 4.852941e-01 1.027343e-06
5.539216e-01 4.852941e-01 1.533049e-06
5.637255e-01 4.852941e-01 3.283188e-06
5.735294e-01 4.852941e-01 2.643090e-06
5.833333e-01 4.852941e-01 -1.072631e-06
5.931373e-01 4.852941e-01 -2.798182e-06
6.029412e-01 4.852941e-01 -8.417736e-06
6.127451e-01 4.852941e-01 -1.265677e-05
6.225490e-01 4.852941e-01 -6.977177e-06
6.323529e-01 4.852941e-01 -4.150814e-06
6.421569e-01 4.852941e-01 5.552580e-06
6.519608e-01 4.852941e-01 2.915034e-05
6.617647e-01 4.852941e-01 3.598292e-05
6.715686e-01 4.852941e-01 4.059415e-05
6.813725e-01 4.852941e-01 5.333683e-05
6.911765e-01 4.852941e-01 2.156694e-05
7.009804e-01 4.852941e-01 -2.312902e-05
7.107843e-01 4.852941e-01 -4.203796e-05
7.205882e-01 4.852941e-01 -1.120454e-04
7.303922e-01 4.852941e-01 -1.855544e-04
7.401961e-01 4.852941e-01 -1.691176e-04
7.500000e-01 4.852941e-01 -1.835366e-04
7.598039e-01 4.852941e-01 -2.180431e-04
7.696078e-01 4.852941e-01 -1.043100e-04
7.794118e-01 4.852941e-01 7.087522e-08
7.892157e-01 4.852941e-01 -1.821025e-05
7.990196e-01 4.852941e-01 1.009504e-04
8.088235e-01 4.852941e-01 2.796832e-04
8.186275e-01 4.852941e-01 2.127464e-04
8.284314e-01 4.852941e-01 1.714202e-04
8.382353e-01 4.852941e-01 3.522590e-04
8.480392e-01 4.852941e-01 3.157472e-04
8.578431e-01 4.852941e-01 7.322953e-05
8.676471e-01 4.852941e-01 1.495125e-04
8.774510e-01 4.852941e-01 3.040085e-04
8.872549e-01 4.852941e-01 5.520820e-05
8.970588e-01 4.852941e-01 -1.250407e-04
9.068627e-01 4.852941e-01 1.360893e-04
9.166667e-01 4.852941e-01 2.028729e-04
9.264706e-01 4.852941e-01 -1.433205e-04
9.362745e-01 4.852941e-01 -1.687741e-04
9.460784e-01 4.852941e-01 1.897830e-04
9.558824e-01 4.852941e-01 1.537765e-04
9.656863e-01 4.852941e-01 -2.202706e-04
9.754902e-01 4.852941e-01 -1.521097e-04
9.852941e-01 4.852941e-01 2.255541e-04
9.950980e-01 4.852941e-01 1.497581e-04
4.901961e-03 4.950980e-01 3.576534e-04
1.470588e-02 4.950980e-01 -1.199838e-04
2.450980e-02 4.950980e-01 -3.687385e-04
3.431373e-02 4.950980e-01 9.227608e-05
4.411765e-02 4.950980e-01 3.670333e-04
5.392157e-02 4.950980e-01 -4.549338e-05
6.372549e-02 4.950980e-01 -3.578935e-04
7.352941e-02 4.950980e-01 -2.228825e-05
8.333333e-02 4.950980e-01 3.285669e-04
9.313725e-02 4.950980e-01 9.897142e-05
1.029412e-01 4.950980e-01 -2.721766e-04
1.127451e-01 4.950980e-01 -1.691332e-04
1.225490e-01 4.950980e-01 1.867359e-04
1.323529e-01 4.950980e-01 2.133045e-04
1.421569e-01 4.950980e-01 -8.121281e-05
1.519608e-01 4.950980e-01 -2.147117e-04
1.617647e-01 4.950980e-01 -2.343450e-05
1.715686e-01 4.950980e-01 1.679921e-04
1.813725e-01 4.950980e-01 9.954190e-05
1.911765e-01 4.950980e-01 -8.615034e-05
2.009804e-01 4.950980e-01 -1.249670e-04
2.107843e-01 4.950980e-01 -6.948280e-07
2.205882e-01 4.950980e-01 9.695076e-05
2.303922e-01 4.950980e-01 5.824702e-05
2.401961e-01 4.950980e-01 -3.757750e-05
2.500000e-01 4.950980e-01 -6.759642e-05
2.598039e-01 4.950980e-01 -1.685342e-05
2.696078e-01 4.950980e-01 3.778732e-05
2.794118e-01 4.950980e-01 3.857706e-05
2.892157e-01 4.950980e-01 9.538533e-07
2.990196e-01 4.950980e-01 -2.630401e-05
3.088235e-01 4.950980e-01 -2.057663e-05
3.186275e-01 4.950980e-01 1.984565e-06
3.284314e-01 4.950980e-01 1.543525e-05
3.382353e-01 4.950980e-01 1.121183e-05
3.480392e-01 4.950980e-01 -8.461920e-07
3.578431e-01 4.950980e-01 -8.019757e-06
3.676471e-01 4.950980e-01 -6.420334e-06
3.774510e-01 4.950980e-01 -5.752474e-07
3.872549e-01 4.950980e-01 3.555207e-06
3.970588e-01 4.950980e-01 3.679292e-06
4.068627e-01 4.950980e-01 1.274229e-06
4.166667e-01 4.950980e-01 -1.047305e-06
4.264706e-01 4.950980e-01 -1.873420e-06
4.362745e-01 4.950980e-01 -1.262931e-06
4.460784e-01 4.950980e-01 -1.832266e-07
4.558824e-01 4.950980e-01 6.152117e-07
4.656863e-01 4.950980e-01 9.056232e-07
4.754902e-01 4.950980e-01 5.288528e-07
4.852941e-01 4.950980e-01 1.851375e-07
4.950980e-01 4.950980e-01 -5.134736e-07
5.049020e-01 4.950980e-01 -8.652184e-07
5.147059e-01 4.950980e-01 -4.806222e-07
5.245098e-01 4.950980e-01 -3.831530e-07
5.343137e-01 4.950980e-01 1.334642e-06
5.441176e-01 4.950980e-01 2.111866e-06
5.539216e-01 4.950980e-01 1.427850e-06
5.637255e-01 4.950980e-01 1.735290e-06
5.735294e-01 4.950980e-01 -2.529231e-06
5.833333e-01 4.950980e-01 -5.894025e-06
5.931373e-01 4.950980e-01 -5.241671e-06
6.029412e-01 4.950980e-01 -8.981760e-06
6.127451e-01 4.950980e-01 -3.180160e-06
6.225490e-01 4.950980e-01 8.889042e-06
6.323529e-01 4.950980e-01 1.034701e-05
6.421569e-01 4.950980e-01 2.545859e-05
6.519608e-01 4.950980e-01 3.780129e-05
6.617647e-01 4.950980e-01 1.886319e-05
6.715686e-01 4.950980e-01 1.616183e-05
6.813725e-01 4.950980e-01 2.130649e-06
6.911765e-01 4.950980e-01 -6.556416e-05
7.009804e-01 4.950980e-01 -9.186786e-05
7.107843e-01 4.950980e-01 -1.039908e-04
7.205882e-01 4.950980e-01 -1.796971e-04
7.303922e-01 4.950980e-01 -1.648722e-04
7.401961e-01 4.950980e-01 -7.191092e-05
7.500000e-01 4.950980e-01 -7.841986e-05
7.598039e-01 4.950980e-01 -1.531670e-07
7.696078e-01 4.950980e-01 2.222299e-04
7.794118e-01 4.950980e-01 2.618216e-04
7.892157e-01 4.950980e-01 2.582637e-04
7.990196e-01 4.950980e-01 4.792488e-04
8.088235e-01 4.950980e-01 5.181051e-04
8.186275e-01 4.950980e-01 2.981852e-04
8.284314e-01 4.950980e-01 3.667240e-04
8.382353e-01 4.950980e-01 4.958268e-04
8.480392e-01 4.950980e-01 1.832438e-04
8.578431e-01 4.950980e-01 -4.506730e-06
8.676471e-01 4.950980e-01 2.620226e-04
8.774510e-01 4.950980e-01 1.979138e-04
8.872549e-01 4.950980e-01 -2.220435e-04
8.970588e-01 4.950980e-01 -1.013204e-04
9.068627e-01 4.950980e-01 2.659576e-04
9.166667e-01 4.950980e-01 -9.709378e-06
9.264706e-01 4.950980e-01 -3.586244e-04
9.362745e-01 4.950980e-01 1.431604e-05
9.460784e-01 4.950980e-01 3.258835e-04
9.558824e-01 4.950980e-01 -1.044368e-04
9.656863e-01 4.950980e-01 -3.679510e-04
9.754902e-01 4.950980e-01 1.074075e-04
9.852941e-01 4.950980e-01 3.576534e-04
9.950980e-01 4.950980e-01 -1.199838e-04
4.901961e-03 5.049020e-01 1.829367e-04
1.470588e-02 5.049020e-01 -5.392877e-04
2.450980e-02 5.049020e-01 -2.016552e-04
3.431373e-02 5.049020e-01 5.217317e-04
4.411765e-02 5.049020e-01 2.459850e-04
5.392157e-02 5.049020e-01 -4.747303e-04
6.372549e-02 5.049020e-01 -3.077920e-04
7.352941e-02 5.049020e-01 3.931601e-04
8.333333e-02 5.049020e-01 3.713769e-04
9.313725e-02 5.049020e-01 -2.737037e-04
1.029412e-01 5.049020e-01 -4.129656e-04
1.127451e-01 5.049020e-01 1.239944e-04
1.225490e-01 5.049020e-01 4.087674e-04
1.323529e-01 5.049020e-01 3.524866e-05
1.421569e-01 5.049020e-01 -3.425161e-04
1.519608e-01 5.049020e-01 -1.699216e-04
1.617647e-01 5.049020e-01 2.173430e-04
1.715686e-01 5.049020e-01 2.426510e-04
1.813725e-01 5.049020e-01 -6.233145e-05
1.911765e-01 5.049020e-01 -2.305659e-04
2.009804e-01 5.049020e-01 -7.319451e-05
2.107843e-01 5.049020e-01 1.430650e-04
2.205882e-01 5.049020e-01 1.413561e-04
2.303922e-01 5.049020e-01 -2.531965e-05
2.401961e-01 5.049020e-01 -1.245710e-04
2.500000e-01 5.049020e-01 -6.235473e-05
2.598039e-01 5.049020e-01 5.096194e-05
2.696078e-01 5.049020e-01 8.163563e-05
2.794118e-01 5.049020e-01 2.171457e-05
2.892157e-01 5.049020e-01 -4.250535e-05
2.990196e-01 5.049020e-01 -4.775171e-05
3.088235e-01 5.049020e-01 -7.676944e-06
3.186275e-01 5.049020e-01 2.668499e-05
3.284314e-01 5.049020e-01 2.709717e-05
3.382353e-01 5.049020e-01 4.921425e-06
3.480392e-01 5.049020e-01 -1.360730e-05
3.578431e-01 5.049020e-01 -1.510090e-05
3.676471e-01 5.049020e-01 -4.787515e-06
3.774510e-01 5.049020e-01 5.151178e-06
3.872549e-01 5.049020e-01 7.745086e-06
3.970588e-01 5.049020e-01 4.145070e-06
4.068627e-01 5.049020e-01 -7.092652e-07
4.166667e-01 5.049020e-01 -3.162481e-06
4.264706e-01 5.049020e-01 -2.728210e-06
4.362745e-01 5.049020e-01 -8.443406e-07
4.460784e-01 5.049020e-01 7.017941e-07
4.558824e-01 5.049020e-01 1.285706e-06
4.656863e-01 5.049020e-01 8.933057e-07
4.754902e-01 5.049020e-01 2.099663e-08
4.852941e-01 5.049020e-01 -4.452496e-07
4.950980e-01 5.049020e-01 -8.652184e-07
5.049020e-01 5.049020e-01 -1.441393e-07
5.147059e-01 5.049020e-01 8.487618e-07
5.245098e-01 5.049020e-01 1.026263e-06
5.343137e-01 5.049020e-01 1.877595e-06
5.441176e-01 5.049020e-01 -5.207194e-07
5.539216e-01 5.049020e-01 -3.033969e-06
5.637255e-01 5.049020e-01 -2.992381e-06
5.735294e-01 5.049020e-01 -5.889065e-06
5.833333e-01 5.049020e-01 -4.288617e-07
5.931373e-01 5.049020e-01 7.277962e-06
6.029412e-01 5.049020e-01 6.114624e-06
6.127451e-01 5.049020e-01 1.570440e-05
6.225490e-01 5.049020e-01 1.206680e-05
6.323529e-01 5.049020e-01 -9.086143e-06
6.421569e-01 5.049020e-01 -3.990354e-06
6.519608e-01 5.049020e-01 -1.936113e-05
6.617647e-01 5.049020e-01 -4.417615e-05
6.715686e-01 5.049020e-01 -7.941146e-06
6.813725e-01 5.049020e-01 -1.072386e-05
6.911765e-01 5.049020e-01 -3.625098e-05
7.009804e-01 5.049020e-01 3.204250e-05
7.107843e-01 5.049020e-01 2.671158e-05
7.205882e-01 5.049020e-01 -3.761284e-05
7.303922e-01 5.049020e-01 6.141986e-05
7.401961e-01 5.049020e-01 8.899247e-05
7.500000e-01 5.049020e-01 -1.630334e-05
7.598039e-01 5.049020e-01 1.225833e-04
7.696078e-01 5.049020e-01 2.462917e-04
7.794118e-01 5.049020e-01 6.822274e-05
7.892157e-01 5.049020e-01 1.308395e-04
7.990196e-01 5.049020e-01 3.586857e-04
8.088235e-01 5.049020e-01 1.136532e-04
8.186275e-01 5.049020e-01 -7.420366e-05
8.284314e-01 5.049020e-01 2.353186e-04
8.382353e-01 5.049020e-01 1.513725e-04
8.480392e-01 5.049020e-01 -3.149177e-04
8.578431e-01 5.049020e-01 -1.058921e-04
8.676471e-01 5.049020e-01 2.483269e-04
8.774510e-01 5.049020e-01 -2.068399e-04
8.872549e-01 5.049020e-01 -4.613527e-04
8.970588e-01 5.049020e-01 1.455721e-04
9.068627e-01 5.049020e-01 2.564399e-04
9.166667e-01 5.049020e-01 -4.132246e-04
9.264706e-01 5.049020e-01 -3.291296e-04
9.362745e-01 5.049020e-01 4.095574e-04
9.460784e-01 5.049020e-01 2.134880e-04
9.558824e-01 5.049020e-01 -5.113569e-04
9.656863e-01 5.049020e-01 -2.040954e-04
9.754902e-01 5.049020e-01 5.270289e-04
9.852941e-01 5.049020e-01 1.829367e-04
9.950980e-01 5.049020e-01 -5.392877e-04
4.901961e-03 5.147059e-01 -4.148825e-04
1.470588e-02 5.147059e-01 -6.242986e-04
2.450980e-02 5.147059e-01 3.994784e-04
3.431373e-02 5.147059e-01 6.456680e-04
4.411765e-02 5.147059e-01 -3.311104e-04
5.392157e-02 5.147059e-01 -6.659036e-04
6.372549e-02 5.147059e-01 2.167979e-04
7.352941e-02 5.147059e-01 6.714884e-04
8.333333e-02 5.147059e-01 -6.124141e-05
9.313725e-02 5.147059e-01 -6.374371e-04
1.029412e-01 5.147059e-01 -1.153104e-04
1.127451e-01 5.147059e-01 5.437286e-04
1.225490e-01 5.147059e-01 2.803516e-04
1.323529e-01 5.147059e-01 -3.829262e-04
1.421569e-01 5.147059e-01 -3.913949e-04
1.519608e-01 5.147059e-01 1.721627e-04
1.617647e-01 5.147059e-01 4.099264e-04
1.715686e-01 5.147059e-01 4.316876e-05
1.813725e-01 5.147059e-01 -3.219034e-04
1.911765e-01 5.147059e-01 -2.007076e-04
2.009804e-01 5.147059e-01 1.550025e-04
2.107843e-01 5.147059e-01 2.493250e-04
2.205882e-01 5.147059e-01 2.295255e-05
2.303922e-01 5.147059e-01 -1.824165e-04
2.401961e-01 5.147059e-01 -1.339683e-04
2.500000e-01 5.147059e-01 5.180327e-05
2.598039e-01 5.147059e-01 1.371285e-04
2.696078e-01 5.147059e-01 5.805327e-05
2.794118e-01 5.147059e-01 -5.915738e-05
2.892157e-01 5.147059e-01 -8.685872e-05
2.990196e-01 5.147059e-01 -2.452310e-05
3.088235e-01 5.147059e-01 4.227948e-05
3.186275e-01 5.147059e-01 5.169429e-05
3.284314e-01 5.147059e-01 1.399975e-05
3.382353e-01 5.147059e-01 -2.325565e-05
3.480392e-01 5.147059e-01 -2.979659e-05
3.578431e-01 5.147059e-01 -1.129715e-05
3.676471e-01 5.147059e-01 9.104412e-06
3.774510e-01 5.147059e-01 1.575326e-05
3.872549e-01 5.147059e-01 9.224217e-06
3.970588e-01 5.147059e-01 -8.840727e-07
4.068627e-01 5.147059e-01 -6.515312e-06
4.166667e-01 5.147059e-01 -5.980385e-06
4.264706e-01 5.147059e-01 -2.201208e-06
4.362745e-01 5.147059e-01 1.264603e-06
4.460784e-01 5.147059e-01 2.500884e-06
4.558824e-01 5.147059e-01 1.962824e-06
4.656863e-01 5.147059e-01 5.051454e-07
4.754902e-01 5.147059e-01 -5.476622e-07
4.852941e-01 5.147059e-01 -5.813322e-07
4.950980e-01 5.147059e-01 -4.806222e-07
5.049020e-01 5.147059e-01 8.487618e-07
5.147059e-01 5.147059e-01 6.179805e-07
5.245098e-01 5.147059e-01 -4.332470e-07
5.343137e-01 5.147059e-01 -6.418436e-07
5.441176e-01 5.147059e-01 -4.176645e-06
5.539216e-01 5.147059e-01 -1.702791e-06
5.637255e-01 5.147059e-01 2.140355e-06
5.735294e-01 5.147059e-01 2.585938e-06
5.833333e-01 5.147059e-01 1.296177e-05
5.931373e-01 5.147059e-01 7.546862e-06
6.029412e-01 5.147059e-01 -5.823853e-06
6.127451e-01 5.147059e-01 -4.979093e-06
6.225490e-01 5.147059e-01 -3.134654e-05
6.323529e-01 5.147059e-01 -3.540260e-05
6.421569e-01 5.147059e-01 3.492895e-06
6.519608e-01 5.147059e-01 1.267044e-06
6.617647e-01 5.147059e-01 4.198605e-05
6.715686e-01 5.147059e-01 1.107677e-04
6.813725e-01 5.147059e-01 5.312695e-05
6.911765e-01 5.147059e-01 2.937993e-05
7.009804e-01 5.147059e-01 3.915773e-05
7.107843e-01 5.147059e-01 -1.358250e-04
7.205882e-01 5.147059e-01 -2.081456e-04
7.303922e-01 5.147059e-01 -1.082591e-04
7.401961e-01 5.147059e-01 -2.206284e-04
7.500000e-01 5.147059e-01 -2.154180e-04
7.598039e-01 5.147059e-01 1.181258e-04
7.696078e-01 5.147059e-01 1.315773e-04
7.794118e-01 5.147059e-01 3.765941e-05
7.892157e-01 5.147059e-01 4.132720e-04
7.990196e-01 5.147059e-01 4.880826e-04
8.088235e-01 5.147059e-01 6.913617e-05
8.186275e-01 5.147059e-01 2.227284e-04
8.284314e-01 5.147059e-01 5.116370e-04
8.382353e-01 5.147059e-01 -3.111751e-05
8.480392e-01 5.147059e-01 -2.957720e-04
8.578431e-01 5.147059e-01 2.842676e-04
8.676471e-01 5.147059e-01 1.753415e-04
8.774510e-01 5.147059e-01 -5.448087e-04
8.872549e-01 5.147059e-01 -1.891150e-04
8.970588e-01 5.147059e-01 4.861304e-04
9.068627e-01 5.147059e-01 -1.085742e-04
9.166667e-01 5.147059e-01 -6.517436e-04
9.264706e-01 5.147059e-01 1.654984e-04
9.362745e-01 5.147059e-01 6.040275e-04
9.460784e-01 5.147059e-01 -3.196880e-04
9.558824e-01 5.147059e-01 -6.230707e-04
9.656863e-01 5.147059e-01 3.848894e-04
9.754902e-01 5.147059e-01 6.177076e-04
9.852941e-01 5.147059e-01 -4.148825e-04
9.950980e-01 5.147059e-01 -6.242986e-04
4.901961e-03 5.245098e-01 -8.854344e-04
1.470588e-02 5.245098e-01 -2.067399e-04
2.450980e-02 5.245098e-01 8.888432e-04
3.431373e-02 5.245098e-01 2.636816e-04
4.411765e-02 5.245098e-01 -8.448003e-04
5.392157e-02 5.245098e-01 -3.565938e-04
6.372549e-02 5.245098e-01 7.569640e-04
7.352941e-02 5.245098e-01 4.750607e-04
8.333333e-02 5.245098e-01 -6.098968e-04
9.313725e-02 5.245098e-01 -5.855946e-04
1.029412e-01 5.245098e-01 4.027689e-04
1.127451e-01 5.245098e-01 6.492924e-04
1.225490e-01 5.245098e-01 -1.514612e-04
1.323529e-01 5.245098e-01 -6.280845e-04
1.421569e-01 5.245098e-01 -1.041516e-04
1.519608e-01 5.245098e-01 5.016584e-04
1.617647e-01 5.245098e-01 3.049281e-04
1.715686e-01 5.245098e-01 -2.852599e-04
1.813725e-01 5.245098e-01 -3.925269e-04
1.911765e-01 5.245098e-01 3.655868e-05
2.009804e-01 5.245098e-01 3.401967e-04
2.107843e-01 5.245098e-01 1.601828e-04
2.205882e-01 5.245098e-01 -1.782726e-04
2.303922e-01 5.245098e-01 -2.344644e-04
2.401961e-01 5.245098e-01 -8.835032e-06
2.500000e-01 5.245098e-01 1.748243e-04
2.598039e-01 5.245098e-01 1.251363e-04
2.696078e-01 5.245098e-01 -4.382003e-05
2.794118e-01 5.245098e-01 -1.246369e-04
2.892157e-01 5.245098e-01 -6.075837e-05
2.990196e-01 5.245098e-01 4.368187e-05
3.088235e-01 5.245098e-01 7.795936e-05
3.186275e-01 5.245098e-01 3.235520e-05
3.284314e-01 5.245098e-01 -2.745233e-05
3.382353e-01 5.245098e-01 -4.569322e-05
3.480392e-01 5.245098e-01 -2.126910e-05
3.578431e-01 5.245098e-01 1.161656e-05
3.676471e-01 5.245098e-01 2.467751e-05
3.774510e-01 5.245098e-01 1.545466e-05
3.872549e-01 5.245098e-01 -1.141077e-06
3.970588e-01 5.245098e-01 -1.090588e-05
4.068627e-01 5.245098e-01 -1.005669e-05
4.166667e-01 5.245098e-01 -3.433769e-06
4.264706e-01 5.245098e-01 2.597556e-06
4.362745e-01 5.245098e-01 4.745759e-06
4.460784e-01 5.245098e-01 3.407782e-06
4.558824e-01 5.245098e-01 1.012206e-06
4.656863e-01 5.245098e-01 -1.129676e-06
4.754902e-01 5.245098e-01 -1.455016e-06
4.852941e-01 5.245098e-01 -1.043451e-06
4.950980e-01 5.245098e-01 -3.831530e-07
5.049020e-01 5.245098e-01 1.026263e-06
5.147059e-01 5.245098e-01 -4.332470e-07
5.245098e-01 5.245098e-01 -7.174011e-08
5.343137e-01 5.245098e-01 -6.057553e-07
5.441176e-01 5.245098e-01 -2.561018e-06
5.539216e-01 5.245098e-01 3.432649e-06
5.637255e-01 5.245098e-01 1.843796e-06
5.735294e-01 5.245098e-01 1.895821e-06
5.833333e-01 5.245098e-01 6.672960e-06
5.931373e-01 5.245098e-01 -1.113791e-05
6.029412e-01 5.245098e-01 -1.121673e-05
6.127451e-01 5.245098e-01 -4.118057e-06
6.225490e-01 5.245098e-01 -1.922995e-05
6.323529e-01 5.245098e-01 2.075607e-05
6.421569e-01 5.245098e-01 5.063130e-05
6.519608e-01 5.245098e-01 2.373939e-05
6.617647e-01 5.245098e-01 5.994895e-05
6.715686e-01 5.245098e-01 2.570522e-05
6.813725e-01 5.245098e-01 -1.113353e-04
6.911765e-01 5.245098e-01 -1.075656e-04
7.009804e-01 5.245098e-01 -1.458711e-04
7.107843e-01 5.245098e-01 -2.734676e-04
7.205882e-01 5.245098e-01 -9.766960e-05
7.303922e-01 5.245098e-01 9.368121e-05
7.401961e-01 5.245098e-01 5.892248e-05
7.500000e-01 5.245098e-01 3.503705e-04
7.598039e-01 5.245098e-01 6.729957e-04
7.696078e-01 5.245098e-01 4.473771e-04
7.794118e-01 5.245098e-01 4.350930e-04
7.892157e-01 5.245098e-01 7.112568e-04
7.990196e-01 5.245098e-01 2.703306e-04
8.088235e-01 5.245098e-01 -2.058193e-04
8.186275e-01 5.245098e-01 1.318211e-04
8.284314e-01 5.245098e-01 7.022552e-06
8.382353e-01 5.245098e-01 -7.459340e-04
8.480392e-01 5.245098e-01 -4.823930e-04
8.578431e-01 5.245098e-01 1.343105e-04
8.676471e-01 5.245098e-01 -4.694329e-04
8.774510e-01 5.245098e-01 -8.454625e-04
8.872549e-01 5.245098e-01 1.246060e-04
8.970588e-01 5.245098e-01 3.654449e-04
9.068627e-01 5.245098e-01 -6.391570e-04
9.166667e-01 5.245098e-01 -4.912732e-04
9.264706e-01 5.245098e-01 6.651423e-04
9.362745e-01 5.245098e-01 3.276067e-04
9.460784e-01 5.245098e-01 -7.962345e-04
9.558824e-01 5.245098e-01 -2.482647e-04
9.656863e-01 5.245098e-01 8.681419e-04
9.754902e-01 5.245098e-01 2.143271e-04
9.852941e-01 5.245098e-01 -8.854344e-04
9.950980e-01 5.245098e-01 -2.067399e-04
4.901961e-03 5.343137e-01 -1.159994e-03
1.470588e-02 5.343137e-01 5.854606e-04
2.450980e-02 5.343137e-01 1.192153e-03
3.431373e-02 5.343137e-01 -5.018639e-04
4.411765e-02 5.343137e-01 -1.212651e-03
5.392157e-02 5.343137e-01 3.383298e-04
6.372549e-02 5.343137e-01 1.213276e-03
7.352941e-02 5.343137e-01 -9.959395e-05
8.333333e-02 5.343137e-01 -1.157266e-03
9.313725e-02 5.343137e-01 -1.864760e-04
1.029412e-01 5.343137e-01 1.008241e-03
1.127451e-01 5.343137e-01 4.683344e-04
1.225490e-01 5.343137e-01 -7.487855e-04
1.323529e-01 5.343137e-01 -6.779192e-04
1.421569e-01 5.343137e-01 3.959916e-04
1.519608e-01 5.343137e-01 7.459241e-04
1.617647e-01 5.343137e-01 -1.435804e-05
1.715686e-01 5.343137e-01 -6.349338e-04
1.813725e-01 5.343137e-01 -2.960973e-04
1.911765e-01 5.343137e-01 3.709318e-04
2.009804e-01 5.343137e-01 4.391772e-04
2.107843e-01 5.343137e-01 -5.165014e-05
2.205882e-01 5.343137e-01 -3.782829e-04
2.303922e-01 5.343137e-01 -1.896598e-04
2.401961e-01 5.343137e-01 1.726313e-04
2.500000e-01 5.343137e-01 2.578258e-04
2.598039e-01 5.343137e-01 4.456184e-05
2.696078e-01 5.343137e-01 -1.606671e-04
2.794118e-01 5.343137e-01 -1.486885e-04
2.892157e-01 5.343137e-01 5.973450e-06
2.990196e-01 5.343137e-01 1.109532e-04
3.088235e-01 5.343137e-01 8.289102e-05
3.186275e-01 5.343137e-01 -1.053288e-05
3.284314e-01 5.343137e-01 -6.566644e-05
3.382353e-01 5.343137e-01 -4.834461e-05
3.480392e-01 5.343137e-01 2.139151e-06
3.578431e-01 5.343137e-01 3.377976e-05
3.676471e-01 5.343137e-01 2.905717e-05
3.774510e-01 5.343137e-01 5.049641e-06
3.872549e-01 5.343137e-01 -1.365051e-05
3.970588e-01 5.343137e-01 -1.619022e-05
4.068627e-01 5.343137e-01 -7.315954e-06
4.166667e-01 5.343137e-01 2.568783e-06
4.264706e-01 5.343137e-01 7.041069e-06
4.362745e-01 5.343137e-01 5.596045e-06
4.460784e-01 5.343137e-01 1.691084e-06
4.558824e-01 5.343137e-01 -1.523967e-06
4.656863e-01 5.343137e-01 -2.866555e-06
4.754902e-01 5.343137e-01 -1.650169e-06
4.852941e-01 5.343137e-01 -4.527782e-07
4.950980e-01 5.343137e-01 1.334642e-06
5.049020e-01 5.343137e-01 1.877595e-06
5.147059e-01 5.343137e-01 -6.418436e-07
5.245098e-01 5.343137e-01 -6.057553e-07
5.343137e-01 5.343137e-01 -3.938476e-06
5.441176e-01 5.343137e-01 -3.474265e-06
5.539216e-01 5.343137e-01 3.922083e-06
5.637255e-01 5.343137e-01 2.022542e-06
5.735294e-01 5.343137e-01 1.008034e-05
5.833333e-01 5.343137e-01 1.107331e-05
5.931373e-01 5.343137e-01 -9.573559e-06
6.029412e-01 5.343137e-01 -2.781540e-06
6.127451e-01 5.343137e-01 -1.429611e-05
6.225490e-01 5.343137e-01 -3.329920e-05
6.323529e-01 5.343137e-01 1.483802e-05
6.421569e-01 5.343137e-01 9.752161e-06
6.519608e-01 5.343137e-01 -8.222350e-06
6.617647e-01 5.343137e-01 6.065046e-05
6.715686e-01 5.343137e-01 -2.793671e-06
6.813725e-01 5.343137e-01 -7.619270e-05
6.911765e-01 5.343137e-01 3.122304e-05
7.009804e-01 5.343137e-01 -3.611571e-05
7.107843e-01 5.343137e-01 -9.400401e-05
7.205882e-01 5.343137e-01 1.847715e-04
7.303922e-01 5.343137e-01 1.932775e-04
7.401961e-01 5.343137e-01 4.450701e-05
7.500000e-01 5.343137e-01 3.639479e-04
7.598039e-01 5.343137e-01 3.403105e-04
7.696078e-01 5.343137e-01 -1.847306e-04
7.794118e-01 5.343137e-01 -3.753236e-05
7.892157e-01 5.343137e-01 8.273388e-05
7.990196e-01 5.343137e-01 -6.904288e-04
8.088235e-01 5.343137e-01 -7.670664e-04
8.186275e-01 5.343137e-01 -9.282119e-05
8.284314e-01 5.343137e-01 -5.804881e-04
8.382353e-01 5.343137e-01 -1.113725e-03
8.480392e-01 5.343137e-01 -8.959431e-05
8.578431e-01 5.343137e-01 2.843154e-04
8.676471e-01 5.343137e-01 -7.902546e-04
8.774510e-01 5.343137e-01 -4.742198e-04
8.872549e-01 5.343137e-01 8.786122e-04
8.970588e-01 5.343137e-01 2.283660e-04
9.068627e-01 5.343137e-01 -9.514820e-04
9.166667e-01 5.343137e-01 1.668279e-04
9.264706e-01 5.343137e-01 1.192451e-03
9.362745e-01 5.343137e-01 -2.440484e-04
9.460784e-01 5.343137e-01 -1.096594e-03
9.558824e-01 5.343137e-01 5.137420e-04
9.656863e-01 5.343137e-01 1.181437e-03
9.754902e-01 5.343137e-01 -5.560715e-04
9.852941e-01 5.343137e-01 -1.159994e-03
9.950980e-01 5.343137e-01 5.854606e-04
4.901961e-03 5.441176e-01 -4.762867e-04
1.470588e-02 5.441176e-01 1.829698e-03
2.450980e-02 5.441176e-01 5.278763e-04
3.431373e-02 5.441176e-01 -1.789185e-03
4.411765e-02 5.441176e-01 -6.897336e-04
5.392157e-02 5.441176e-01 1.646800e-03
6.372549e-02 5.441176e-01 9.124400e-04
7.352941e-02 5.441176e-01 -1.397031e-03
8.333333e-02 5.441176e-01 -1.156055e-03
9.313725e-02 5.441176e-01 1.014738e-03
1.029412e-01 5.441176e-01 1.336315e-03
1.127451e-01 5.441176e-01 -5.191339e-04
1.225490e-01 5.441176e-01 -1.369592e-03
1.323529e-01 5.441176e-01 -2.854657e-05
1.421569e-01 5.441176e-01 1.189710e-03
1.519608e-01 5.441176e-01 5.147331e-04
1.617647e-01 5.441176e-01 -7.932580e-04
1.715686e-01 5.441176e-01 -8.050066e-04
1.813725e-01 5.441176e-01 2.679337e-04
1.911765e-01 5.441176e-01 8.042870e-04
2.009804e-01 5.441176e-01 2.179229e-04
2.107843e-01 5.441176e-01 -5.253409e-04
2.205882e-01 5.441176e-01 -4.853340e-04
2.303922e-01 5.441176e-01 1.140346e-04
2.401961e-01 5.441176e-01 4.506382e-04
2.500000e-01 5.441176e-01 2.121851e-04
2.598039e-01 5.441176e-01 -1.956022e-04
2.696078e-01 5.441176e-01 -2.979304e-04
2.794118e-01 5.441176e-01 -7.411172e-05
2.892157e-01 5.441176e-01 1.611273e-04
2.990196e-01 5.441176e-01 1.785115e-04
3.088235e-01 5.441176e-01 2.824963e-05
3.186275e-01 5.441176e-01 -1.016782e-04
3.284314e-01 5.441176e-01 -1.047777e-04
3.382353e-01 5.441176e-01 -2.089524e-05
3.480392e-01 5.441176e-01 5.177946e-05
3.578431e-01 5.441176e-01 6.017640e-05
3.676471e-01 5.441176e-01 2.139608e-05
3.774510e-01 5.441176e-01 -1.851057e-05
3.872549e-01 5.441176e-01 -3.100750e-05
3.970588e-01 5.441176e-01 -1.843297e-05
4.068627e-01 5.441176e-01 8.272413e-07
4.166667e-01 5.441176e-01 1.183737e-05
4.264706e-01 5.441176e-01 1.148458e-05
4.362745e-01 5.441176e-01 4.663125e-06
4.460784e-01 5.441176e-01 -1.677957e-06
4.558824e-01 5.441176e-01 -4.500957e-06
4.656863e-01 5.441176e-01 -3.567404e-06
4.754902e-01 5.441176e-01 -4.247930e-07
4.852941e-01 5.441176e-01 1.027343e-06
4.950980e-01 5.441176e-01 2.111866e-06
5.049020e-01 5.441176e-01 -5.207194e-07
5.147059e-01 5.441176e-01 -4.176645e-06
5.245098e-01 5.441176e-01 -2.561018e-06
5.343137e-01 5.441176e-01 -3.474265e-06
5.441176e-01 5.441176e-01 6.467274e-06
5.539216e-01 5.441176e-01 1.576408e-05
5.637255e-01 5.441176e-01 8.584191e-06
5.735294e-01 5.441176e-01 1.163800e-05
5.833333e-01 5.441176e-01 -1.491194e-05
5.931373e-01 5.441176e-01 -4.686407e-05
6.029412e-01 5.441176e-01 -2.850412e-05
6.127451e-01 5.441176e-01 -4.119278e-05
6.225490e-01 5.441176e-01 -1.269848e-06
6.323529e-01 5.441176e-01 1.042733e-04
6.421569e-01 5.441176e-01 8.334601e-05
6.519608e-01 5.441176e-01 1.059132e-04
6.617647e-01 5.441176e-01 1.351555e-04
6.715686e-01 5.441176e-01 -9.204263e-05
6.813725e-01 5.441176e-01 -1.674153e-04
6.911765e-01 5.441176e-01 -1.233274e-04
7.009804e-01 5.441176e-01 -3.691389e-04
7.107843e-01 5.441176e-01 -2.585958e-04
7.205882e-01 5.441176e-01 1.322028e-04
7.303922e-01 5.441176e-01 -2.650892e-05
7.401961e-01 5.441176e-01 1.077064e-04
7.500000e-01 5.441176e-01 6.712865e-04
7.598039e-01 5.441176e-01 2.829398e-04
7.696078e-01 5.441176e-01 -8.946048e-05
7.794118e-01 5.441176e-01 4.973808e-04
7.892157e-01 5.441176e-01 1.158828e-04
7.990196e-01 5.441176e-01 -8.203229e-04
8.088235e-01 5.441176e-01 -1.127913e-04
8.186275e-01 5.441176e-01 3.021964e-04
8.284314e-01 5.441176e-01 -9.175844e-04
8.382353e-01 5.441176e-01 -6.428079e-04
8.480392e-01 5.441176e-01 8.581840e-04
8.578431e-01 5.441176e-01 3.387705e-05
8.676471e-01 5.441176e-01 -1.076031e-03
8.774510e-01 5.441176e-01 5.609781e-04
8.872549e-01 5.441176e-01 1.323351e-03
8.970588e-01 5.441176e-01 -7.203518e-04
9.068627e-01 5.441176e-01 -8.987829e-04
9.166667e-01 5.441176e-01 1.367964e-03
9.264706e-01 5.441176e-01 9.322454e-04
9.362745e-01 5.441176e-01 -1.472066e-03
9.460784e-01 5.441176e-01 -6.222290e-04
9.558824e-01 5.441176e-01 1.726576e-03
9.656863e-01 5.441176e-01 5.280214e-04
9.754902e-01 5.441176e-01 -1.805447e-03
9.852941e-01 5.441176e-01 -4.762867e-04
9.950980e-01 5.441176e-01 1.829698e-03
4.901961e-03 5.539216e-01 1.275101e-03
1.470588e-02 5.539216e-01 1.864138e-03
2.450980e-02 5.539216e-01 -1.244974e-03
3.431373e-02 5.539216e-01 -1.943998e-03
4.411765e-02 5.539216e-01 1.031623e-03
5.392157e-02 5.539216e-01 2.008047e-03
6.372549e-02 5.539216e-01 -6.893557e-04
7.352941e-02 5.539216e-01 -2.039131e-03
8.333333e-02 5.539216e-01 2.132350e-04
9.313725e-02 5.539216e-01 1.948661e-03
1.029412e-01 5.539216e-01 3.311319e-04
1.127451e-01 5.539216e-01 -1.675842e-03
1.225490e-01 5.539216e-01 -8.480066e-04
1.323529e-01 5.539216e-01 1.191352e-03
1.421569e-01 5.539216e-01 1.204459e-03
1.519608e-01 5.539216e-01 -5.431851e-04
1.617647e-01 5.539216e-01 -1.276195e-03
1.715686e-01 5.539216e-01 -1.304800e-04
1.813725e-01 5.539216e-01 1.011396e-03
1.911765e-01 5.539216e-01 6.322631e-04
2.009804e-01 5.539216e-01 -4.895076e-04
2.107843e-01 5.539216e-01 -7.933610e-04
2.205882e-01 5.539216e-01 -7.741772e-05
2.303922e-01 5.539216e-01 5.831223e-04
2.401961e-01 5.539216e-01 4.361028e-04
2.500000e-01 5.539216e-01 -1.616576e-04
2.598039e-01 5.539216e-01 -4.463426e-04
2.696078e-01 5.539216e-01 -1.966160e-04
2.794118e-01 5.539216e-01 1.888811e-04
2.892157e-01 5.539216e-01 2.889417e-04
2.990196e-01 5.539216e-01 8.849046e-05
3.088235e-01 5.539216e-01 -1.367397e-04
3.186275e-01 5.539216e-01 -1.758328e-04
3.284314e-01 5.539216e-01 -5.320447e-05
3.382353e-01 5.539216e-01 7.528315e-05
3.480392e-01 5.539216e-01 1.030728e-04
3.578431e-01 5.539216e-01 4.301302e-05
3.676471e-01 5.539216e-01 -2.829496e-05
3.774510e-01 5.539216e-01 -5.472164e-05
3.872549e-01 5.539216e-01 -3.455044e-05
3.970588e-01 5.539216e-01 6.852540e-07
4.068627e-01 5.539216e-01 2.208235e-05
4.166667e-01 5.539216e-01 2.189722e-05
4.264706e-01 5.539216e-01 9.225767e-06
4.362745e-01 5.539216e-01 -3.486114e-06
4.460784e-01 5.539216e-01 -8.654970e-06
4.558824e-01 5.539216e-01 -7.375145e-06
4.656863e-01 5.539216e-01 -2.384414e-06
4.754902e-01 5.539216e-01 1.518451e-06
4.852941e-01 5.539216e-01 1.533049e-06
4.950980e-01 5.539216e-01 1.427850e-06
5.049020e-01 5.539216e-01 -3.033969e-06
5.147059e-01 5.539216e-01 -1.702791e-06
5.245098e-01 5.539216e-01 3.432649e-06
5.343137e-01 5.539216e-01 3.922083e-06
5.441176e-01 5.539216e-01 1.576408e-05
5.539216e-01 5.539216e-01 5.222498e-06
5.637255e-01 5.539216e-01 -1.287925e-05
5.735294e-01 5.539216e-01 -1.537625e-05
5.833333e-01 5.539216e-01 -5.104785e-05
5.931373e-01 5.539216e-01 -2.883870e-05
6.029412e-01 5.539216e-01 2.993038e-05
6.127451e-01 5.539216e-01 3.599588e-05
6.225490e-01 5.539216e-01 1.314558e-04
6.323529e-01 5.539216e-01 1.470037e-04
6.421569e-01 5.539216e-01 -5.495390e-06
6.519608e-01 5.539216e-01 -2.797042e-05
6.617647e-01 5.539216e-01 -1.923859e-04
6.715686e-01 5.539216e-01 -4.556540e-04
6.813725e-01 5.539216e-01 -2.719810e-04
6.911765e-01 5.539216e-01 -1.629187e-04
7.009804e-01 5.539216e-01 -1.497040e-04
7.107843e-01 5.539216e-01 4.965850e-04
7.205882e-01 5.539216e-01 8.216780e-04
7.303922e-01 5.539216e-01 5.545222e-04
7.401961e-01 5.539216e-01 9.450612e-04
7.500000e-01 5.539216e-01 9.286233e-04
7.598039e-01 5.539216e-01 -1.914817e-04
7.696078e-01 5.539216e-01 -3.136907e-04
7.794118e-01 5.539216e-01 -8.946147e-05
7.892157e-01 5.539216e-01 -1.348246e-03
7.990196e-01 5.539216e-01 -1.632547e-03
8.088235e-01 5.539216e-01 -3.285450e-04
8.186275e-01 5.539216e-01 -7.973686e-04
8.284314e-01 5.539216e-01 -1.662793e-03
8.382353e-01 5.539216e-01 7.278928e-05
8.480392e-01 5.539216e-01 9.246845e-04
8.578431e-01 5.539216e-01 -8.387935e-04
8.676471e-01 5.539216e-01 -4.677944e-04
8.774510e-01 5.539216e-01 1.744336e-03
8.872549e-01 5.539216e-01 6.243736e-04
8.970588e-01 5.539216e-01 -1.438953e-03
9.068627e-01 5.539216e-01 3.835714e-04
9.166667e-01 5.539216e-01 1.995769e-03
9.264706e-01 5.539216e-01 -5.246859e-04
9.362745e-01 5.539216e-01 -1.829735e-03
9.460784e-01 5.539216e-01 9.851073e-04
9.558824e-01 5.539216e-01 1.859754e-03
9.656863e-01 5.539216e-01 -1.207134e-03
9.754902e-01 5.539216e-01 -1.864156e-03
9.852941e-01 5.539216e-01 1.275101e-03
9.950980e-01 5.539216e-01 1.864138e-03
4.901961e-03 5.637255e-01 2.410380e-03
1.470588e-02 5.637255e-01 8.347112e-04
2.450980e-02 5.637255e-01 -2.446388e-03
3.431373e-02 5.637255e-01 -1.011782e-03
4.411765e-02 5.637255e-01 2.287749e-03
5.392157e-02 5.637255e-01 1.248011e-03
6.372549e-02 5.637255e-01 -2.015309e-03
7.352941e-02 5.637255e-01 -1.553968e-03
8.333333e-02 5.637255e-01 1.565438e-03
9.313725e-02 5.637255e-01 1.817844e-03
1.029412e-01 5.637255e-01 -9.529116e-04
1.127451e-01 5.637255e-01 -1.934997e-03
1.225490e-01 5.637255e-01 2.303406e-04
1.323529e-01 5.637255e-01 1.802117e-03
1.421569e-01 5.637255e-01 4.800585e-04
1.519608e-01 5.637255e-01 -1.372994e-03
1.617647e-01 5.637255e-01 -1.006880e-03
1.715686e-01 5.637255e-01 7.061119e-04
1.813725e-01 5.637255e-01 1.189645e-03
1.911765e-01 5.637255e-01 2.024197e-05
2.009804e-01 5.637255e-01 -9.677789e-04
2.107843e-01 5.637255e-01 -5.598803e-04
2.205882e-01 5.637255e-01 4.499097e-04
2.303922e-01 5.637255e-01 7.199771e-04
2.401961e-01 5.637255e-01 1.038302e-04
2.500000e-01 5.637255e-01 -4.907987e-04
2.598039e-01 5.637255e-01 -4.149065e-04
2.696078e-01 5.637255e-01 7.930383e-05
2.794118e-01 5.637255e-01 3.689006e-04
2.892157e-01 5.637255e-01 2.187324e-04
2.990196e-01 5.637255e-01 -1.005089e-04
3.088235e-01 5.637255e-01 -2.381667e-04
3.186275e-01 5.637255e-01 -1.231947e-04
3.284314e-01 5.637255e-01 6.437524e-05
3.382353e-01 5.637255e-01 1.411265e-04
3.480392e-01 5.637255e-01 8.022127e-05
3.578431e-01 5.637255e-01 -2.324872e-05
3.676471e-01 5.637255e-01 -7.503081e-05
3.774510e-01 5.637255e-01 -5.528431e-05
3.872549e-01 5.637255e-01 -4.367434e-06
3.970588e-01 5.637255e-01 3.114609e-05
4.068627e-01 5.637255e-01 3.370840e-05
4.166667e-01 5.637255e-01 1.489752e-05
4.264706e-01 5.637255e-01 -5.339588e-06
4.362745e-01 5.637255e-01 -1.456846e-05
4.460784e-01 5.637255e-01 -1.196411e-05
4.558824e-01 5.637255e-01 -4.814340e-06
4.656863e-01 5.637255e-01 2.637516e-06
4.754902e-01 5.637255e-01 4.384364e-06
4.852941e-01 5.637255e-01 3.283188e-06
4.950980e-01 5.637255e-01 1.735290e-06
5.049020e-01 5.637255e-01 -2.992381e-06
5.147059e-01 5.637255e-01 2.140355e-06
5.245098e-01 5.637255e-01 1.843796e-06
5.343137e-01 5.637255e-01 2.022542e-06
5.441176e-01 5.637255e-01 8.584191e-06
5.539216e-01 5.637255e-01 -1.287925e-05
5.637255e-01 5.637255e-01 -1.194251e-05
5.735294e-01 5.637255e-01 -9.218316e-06
5.833333e-01 5.637255e-01 -2.551456e-05
5.931373e-01 5.637255e-01 3.596703e-05
6.029412e-01 5.637255e-01 5.211463e-05
6.127451e-01 5.637255e-01 3.011873e-05
6.225490e-01 5.637255e-01 8.280724e-05
6.323529e-01 5.637255e-01 -4.090350e-05
6.421569e-01 5.637255e-01 -1.726001e-04
6.519608e-01 5.637255e-01 -1.137712e-04
6.617647e-01 5.637255e-01 -2.449841e-04
6.715686e-01 5.637255e-01 -1.878930e-04
6.813725e-01 5.637255e-01 2.524848e-04
6.911765e-01 5.637255e-01 3.028885e-04
7.009804e-01 5.637255e-01 4.431375e-04
7.107843e-01 5.637255e-01 9.302886e-04
7.205882e-01 5.637255e-01 5.234107e-04
7.303922e-01 5.637255e-01 -5.895319e-05
7.401961e-01 5.637255e-01 6.824001e-05
7.500000e-01 5.637255e-01 -7.398528e-04
7.598039e-01 5.637255e-01 -1.819337e-03
7.696078e-01 5.637255e-01 -1.254636e-03
7.794118e-01 5.637255e-01 -1.151918e-03
7.892157e-01 5.637255e-01 -2.043845e-03
7.990196e-01 5.637255e-01 -8.922788e-04
8.088235e-01 5.637255e-01 6.345928e-04
8.186275e-01 5.637255e-01 -2.665080e-04
8.284314e-01 5.637255e-01 -8.349455e-05
8.382353e-01 5.637255e-01 2.138969e-03
8.480392e-01 5.637255e-01 1.588304e-03
8.578431e-01 5.637255e-01 -3.470614e-04
8.676471e-01 5.637255e-01 1.180543e-03
8.774510e-01 5.637255e-01 2.464219e-03
8.872549e-01 5.637255e-01 -2.307422e-04
8.970588e-01 5.637255e-01 -1.246026e-03
9.068627e-01 5.637255e-01 1.576183e-03
9.166667e-01 5.637255e-01 1.486947e-03
9.264706e-01 5.637255e-01 -1.854293e-03
9.362745e-01 5.637255e-01 -1.236387e-03
9.460784e-01 5.637255e-01 2.086757e-03
9.558824e-01 5.637255e-01 8.937238e-04
9.656863e-01 5.637255e-01 -2.423818e-03
9.754902e-01 5.637255e-01 -9.016626e-04
9.852941e-01 5.637255e-01 2.410380e-03
9.950980e-01 5.637255e-01 8.347112e-04
4.901961e-03 5.735294e-01 3.575276e-03
1.470588e-02 5.735294e-01 -1.082536e-03
2.450980e-02 5.735294e-01 -3.682802e-03
3.431373e-02 5.735294e-01 8.126776e-04
4.411765e-02 5.735294e-01 3.671109e-03
5.392157e-02 5.735294e-01 -3.443570e-04
6.372549e-02 5.735294e-01 -3.577272e-03
7.352941e-02 5.735294e-01 -3.283863e-04
8.333333e-02 5.735294e-01 3.286520e-03
9.313725e-02 5.735294e-01 1.099651e-03
1.029412e-01 5.735294e-01 -2.716133e-03
1.127451e-01 5.735294e-01 -1.808681e-03
1.225490e-01 5.735294e-01 1.843986e-03
1.323529e-01 5.735294e-01 2.257711e-03
1.421569e-01 5.735294e-01 -7.527987e-04
1.519608e-01 5.735294e-01 -2.263895e-03
1.617647e-01 5.735294e-01 -3.424323e-04
1.715686e-01 5.735294e-01 1.757959e-03
1.813725e-01 5.735294e-01 1.145092e-03
1.911765e-01 5.735294e-01 -8.649351e-04
2.009804e-01 5.735294e-01 -1.402219e-03
2.107843e-01 5.735294e-01 -9.283504e-05
2.205882e-01 5.735294e-01 1.064140e-03
2.303922e-01 5.735294e-01 7.255805e-04
2.401961e-01 5.735294e-01 -3.666265e-04
2.500000e-01 5.735294e-01 -8.003224e-04
2.598039e-01 5.735294e-01 -2.683978e-04
2.696078e-01 5.735294e-01 4.111003e-04
2.794118e-01 5.735294e-01 4.984088e-04
2.892157e-01 5.735294e-01 7.319193e-05
2.990196e-01 5.735294e-01 -3.035927e-04
3.088235e-01 5.735294e-01 -2.930049e-04
3.186275e-01 5.735294e-01 -2.477179e-05
3.284314e-01 5.735294e-01 1.828954e-04
3.382353e-01 5.735294e-01 1.732267e-04
3.480392e-01 5.735294e-01 2.767871e-05
3.578431e-01 5.735294e-01 -9.085935e-05
3.676471e-01 5.735294e-01 -1.010552e-04
3.774510e-01 5.735294e-01 -3.503430e-05
3.872549e-01 5.735294e-01 3.143835e-05
3.970588e-01 5.735294e-01 5.250787e-05
4.068627e-01 5.735294e-01 3.195564e-05
4.166667e-01 5.735294e-01 -1.470827e-07
4.264706e-01 5.735294e-01 -1.975412e-05
4.362745e-01 5.735294e-01 -2.006676e-05
4.460784e-01 5.735294e-01 -9.258016e-06
4.558824e-01 5.735294e-01 1.836986e-06
4.656863e-01 5.735294e-01 8.442718e-06
4.754902e-01 5.735294e-01 6.018392e-06
4.852941e-01 5.735294e-01 2.643090e-06
4.950980e-01 5.735294e-01 -2.529231e-06
5.049020e-01 5.735294e-01 -5.889065e-06
5.147059e-01 5.735294e-01 2.585938e-06
5.245098e-01 5.735294e-01 1.895821e-06
5.343137e-01 5.735294e-01 1.008034e-05
5.441176e-01 5.735294e-01 1.163800e-05
5.539216e-01 5.735294e-01 -1.537625e-05
5.637255e-01 5.735294e-01 -9.218316e-06
5.735294e-01 5.735294e-01 -2.707111e-05
5.833333e-01 5.735294e-01 -3.603675e-05
5.931373e-01 5.735294e-01 3.936645e-05
6.029412e-01 5.735294e-01 2.760172e-05
6.127451e-01 5.735294e-01 4.401522e-05
6.225490e-01 5.735294e-01 1.101357e-04
6.323529e-01 5.735294e-01 -5.668146e-05
6.421569e-01 5.735294e-01 -9.608955e-05
6.519608e-01 5.735294e-01 -2.416718e-05
6.617647e-01 5.735294e-01 -2.370475e-04
6.715686e-01 5.735294e-01 -5.955601e-05
6.813725e-01 5.735294e-01 2.926156e-04
6.911765e-01 5.735294e-01 5.202386e-05
7.009804e-01 5.735294e-01 2.575218e-04
7.107843e-01 5.735294e-01 5.785657e-04
7.205882e-01 5.735294e-01 -2.478839e-04
7.303922e-01 5.735294e-01 -4.942108e-04
7.401961e-01 5.735294e-01 -7.439635e-05
7.500000e-01 5.735294e-01 -1.109745e-03
7.598039e-01 5.735294e-01 -1.430132e-03
7.696078e-01 5.735294e-01 7.202645e-05
7.794118e-01 5.735294e-01 -1.942382e-04
7.892157e-01 5.735294e-01 -7.966560e-04
7.990196e-01 5.735294e-01 1.457094e-03
8.088235e-01 5.735294e-01 2.185749e-03
8.186275e-01 5.735294e-01 2.048244e-04
8.284314e-01 5.735294e-01 1.344391e-03
8.382353e-01 5.735294e-01 3.345747e-03
8.480392e-01 5.735294e-01 6.569635e-04
8.578431e-01 5.735294e-01 -1.003884e-03
8.676471e-01 5.735294e-01 2.037808e-03
8.774510e-01 5.735294e-01 1.744973e-03
8.872549e-01 5.735294e-01 -2.420072e-03
8.970588e-01 5.735294e-01 -1.247375e-03
9.068627e-01 5.735294e-01 2.579679e-03
9.166667e-01 5.735294e-01 -4.202822e-05
9.264706e-01 5.735294e-01 -3.622083e-03
9.362745e-01 5.735294e-01 1.005234e-05
9.460784e-01 5.735294e-01 3.242244e-03
9.558824e-01 5.735294e-01 -9.426218e-04
9.656863e-01 5.735294e-01 -3.684401e-03
9.754902e-01 5.735294e-01 9.567723e-04
9.852941e-01 5.735294e-01 3.575276e-03
9.950980e-01 5.735294e-01 -1.082536e-03
4.901961e-03 5.833333e-01 2.218289e-03
1.470588e-02 5.833333e-01 -4.810978e-03
2.450980e-02 5.833333e-01 -2.392535e-03
3.431373e-02 5.833333e-01 4.627879e-03
4.411765e-02 5.833333e-01 2.789462e-03
5.392157e-02 5.833333e-01 -4.140425e-03
6.372549e-02 5.833333e-01 -3.313253e-03
7.352941e-02 5.833333e-01 3.330125e-03
8.333333e-02 5.833333e-01 3.836197e-03
9.313725e-02 5.833333e-01 -2.156773e-03
1.029412e-01 5.833333e-01 -4.117748e-03
1.127451e-01 5.833333e-01 7.179652e-04
1.225490e-01 5.833333e-01 3.944275e-03
1.323529e-01 5.833333e-01 7.786178e-04
1.421569e-01 5.833333e-01 -3.169912e-03
1.519608e-01 5.833333e-01 -1.992242e-03
1.617647e-01 5.833333e-01 1.847524e-03
1.715686e-01 5.833333e-01 2.561207e-03
1.813725e-01 5.833333e-01 -2.854849e-04
1.911765e-01 5.833333e-01 -2.278539e-03
2.009804e-01 5.833333e-01 -1.012310e-03
2.107843e-01 5.833333e-01 1.271141e-03
2.205882e-01 5.833333e-01 1.572506e-03
2.303922e-01 5.833333e-01 -2.941213e-05
2.401961e-01 5.833333e-01 -1.251380e-03
2.500000e-01 5.833333e-01 -8.166332e-04
2.598039e-01 5.833333e-01 3.898574e-04
2.696078e-01 5.833333e-01 8.964043e-04
2.794118e-01 5.833333e-01 3.728823e-04
2.892157e-01 5.833333e-01 -3.754876e-04
2.990196e-01 5.833333e-01 -5.654907e-04
3.088235e-01 5.833333e-01 -1.865427e-04
3.186275e-01 5.833333e-01 2.457615e-04
3.284314e-01 5.833333e-01 3.384501e-04
3.382353e-01 5.833333e-01 1.245128e-04
3.480392e-01 5.833333e-01 -1.191456e-04
3.578431e-01 5.833333e-01 -1.912279e-04
3.676471e-01 5.833333e-01 -9.829869e-05
3.774510e-01 5.833333e-01 3.145250e-05
3.872549e-01 5.833333e-01 9.304025e-05
3.970588e-01 5.833333e-01 7.106358e-05
4.068627e-01 5.833333e-01 1.278881e-05
4.166667e-01 5.833333e-01 -3.031942e-05
4.264706e-01 5.833333e-01 -3.894736e-05
4.362745e-01 5.833333e-01 -2.172053e-05
4.460784e-01 5.833333e-01 -2.615021e-07
4.558824e-01 5.833333e-01 1.238517e-05
4.656863e-01 5.833333e-01 1.325009e-05
4.754902e-01 5.833333e-01 3.857893e-06
4.852941e-01 5.833333e-01 -1.072631e-06
4.950980e-01 5.833333e-01 -5.894025e-06
5.049020e-01 5.833333e-01 -4.288617e-07
5.147059e-01 5.833333e-01 1.296177e-05
5.245098e-01 5.833333e-01 6.672960e-06
5.343137e-01 5.833333e-01 1.107331e-05
5.441176e-01 5.833333e-01 -1.491194e-05
5.539216e-01 5.833333e-01 -5.104785e-05
5.637255e-01 5.833333e-01 -2.551456e-05
5.735294e-01 5.833333e-01 -3.603675e-05
5.833333e-01 5.833333e-01 3.213622e-05
5.931373e-01 5.833333e-01 1.489434e-04
6.029412e-01 5.833333e-01 9.044312e-05
6.127451e-01 5.833333e-01 1.170256e-04
6.225490e-01 5.833333e-01 3.007051e-05
6.323529e-01 5.833333e-01 -3.203844e-04
6.421569e-01 5.833333e-01 -2.843603e-04
6.519608e-01 5.833333e-01 -2.945794e-04
6.617647e-01 5.833333e-01 -4.254467e-04
6.715686e-01 5.833333e-01 2.550448e-04
6.813725e-01 5.833333e-01 6.170858e-04
6.911765e-01 5.833333e-01 4.224459e-04
7.009804e-01 5.833333e-01 1.096227e-03
7.107843e-01 5.833333e-01 8.905527e-04
7.205882e-01 5.833333e-01 -4.698115e-04
7.303922e-01 5.833333e-01 -2.421833e-04
7.401961e-01 5.833333e-01 -4.757274e-04
7.500000e-01 5.833333e-01 -2.259515e-03
7.598039e-01 5.833333e-01 -1.367008e-03
7.696078e-01 5.833333e-01 1.736922e-04
7.794118e-01 5.833333e-01 -1.252676e-03
7.892157e-01 5.833333e-01 -3.937017e-04
7.990196e-01 5.833333e-01 2.775973e-03
8.088235e-01 5.833333e-01 1.317528e-03
8.186275e-01 5.833333e-01 -3.716047e-04
8.284314e-01 5.833333e-01 2.943095e-03
8.382353e-01 5.833333e-01 2.807762e-03
8.480392e-01 5.833333e-01 -1.871515e-03
8.578431e-01 5.833333e-01 -4.890798e-04
8.676471e-01 5.833333e-01 3.097143e-03
8.774510e-01 5.833333e-01 -1.085996e-03
8.872549e-01 5.833333e-01 -4.280998e-03
8.970588e-01 5.833333e-01 1.096026e-03
9.068627e-01 5.833333e-01 2.725322e-03
9.166667e-01 5.833333e-01 -3.594683e-03
9.264706e-01 5.833333e-01 -3.563369e-03
9.362745e-01 5.833333e-01 3.470022e-03
9.460784e-01 5.833333e-01 2.396376e-03
9.558824e-01 5.833333e-01 -4.579066e-03
9.656863e-01 5.833333e-01 -2.435491e-03
9.754902e-01 5.833333e-01 4.682917e-03
9.852941e-01 5.833333e-01 2.218289e-03
9.950980e-01 5.833333e-01 -4.810978e-03
4.901961e-03 5.931373e-01 -2.167931e-03
1.470588e-02 5.931373e-01 -5.381661e-03
2.450980e-02 5.931373e-01 2.077825e-03
3.431373e-02 5.931373e-01 5.534329e-03
4.411765e-02 5.931373e-01 -1.482985e-03
5.392157e-02 5.931373e-01 -5.535677e-03
6.372549e-02 5.931373e-01 5.991512e-04
7.352941e-02 5.931373e-01 5.403374e-03
8.333333e-02 5.931373e-01 6.015786e-04
9.313725e-02 5.931373e-01 -4.892808e-03
1.029412e-01 5.931373e-01 -1.888377e-03
1.127451e-01 5.931373e-01 3.905157e-03
1.225490e-01 5.931373e-01 3.000458e-03
1.323529e-01 5.931373e-01 -2.418402e-03
1.421569e-01 5.931373e-01 -3.593157e-03
1.519608e-01 5.931373e-01 6.292292e-04
1.617647e-01 5.931373e-01 3.393085e-03
1.715686e-01 5.931373e-01 1.052485e-03
1.813725e-01 5.931373e-01 -2.356059e-03
1.911765e-01 5.931373e-01 -2.113913e-03
2.009804e-01 5.931373e-01 7.950650e-04
2.107843e-01 5.931373e-01 2.191053e-03
2.205882e-01 5.931373e-01 6.694939e-04
2.303922e-01 5.931373e-01 -1.338757e-03
2.401961e-01 5.931373e-01 -1.400837e-03
2.500000e-01 5.931373e-01 1.043659e-04
2.598039e-01 5.931373e-01 1.157687e-03
2.696078e-01 5.931373e-01 7.562571e-04
2.794118e-01 5.931373e-01 -3.112544e-04
2.892157e-01 5.931373e-01 -8.038872e-04
2.990196e-01 5.931373e-01 -4.065054e-04
3.088235e-01 5.931373e-01 2.546158e-04
3.186275e-01 5.931373e-01 5.047540e-04
3.284314e-01 5.931373e-01 2.516926e-04
3.382353e-01 5.931373e-01 -1.323855e-04
3.480392e-01 5.931373e-01 -2.925193e-04
3.578431e-01 5.931373e-01 -1.782872e-04
3.676471e-01 5.931373e-01 2.922661e-05
3.774510e-01 5.931373e-01 1.457207e-04
3.872549e-01 5.931373e-01 1.228878e-04
3.970588e-01 5.931373e-01 2.829561e-05
4.068627e-01 5.931373e-01 -4.901139e-05
4.166667e-01 5.931373e-01 -6.757969e-05
4.264706e-01 5.931373e-01 -4.044536e-05
4.362745e-01 5.931373e-01 -1.133413e-06
4.460784e-01 5.931373e-01 2.141994e-05
4.558824e-01 5.931373e-01 2.422631e-05
4.656863e-01 5.931373e-01 1.240940e-05
4.754902e-01 5.931373e-01 -1.395810e-06
4.852941e-01 5.931373e-01 -2.798182e-06
4.950980e-01 5.931373e-01 -5.241671e-06
5.049020e-01 5.931373e-01 7.277962e-06
5.147059e-01 5.931373e-01 7.546862e-06
5.245098e-01 5.931373e-01 -1.113791e-05
5.343137e-01 5.931373e-01 -9.573559e-06
5.441176e-01 5.931373e-01 -4.686407e-05
5.539216e-01 5.931373e-01 -2.883870e-05
5.637255e-01 5.931373e-01 3.596703e-05
5.735294e-01 5.931373e-01 3.936645e-05
5.833333e-01 5.931373e-01 1.489434e-04
5.931373e-01 5.931373e-01 1.257609e-04
6.029412e-01 5.931373e-01 -6.673218e-05
6.127451e-01 5.931373e-01 -8.932814e-05
6.225490e-01 5.931373e-01 -3.564241e-04
6.323529e-01 5.931373e-01 -5.087086e-04
6.421569e-01 5.931373e-01 -7.837627e-05
6.519608e-01 5.931373e-01 3.682053e-05
6.617647e-01 5.931373e-01 4.337518e-04
6.715686e-01 5.931373e-01 1.329393e-03
6.813725e-01 5.931373e-01 9.943349e-04
6.911765e-01 5.931373e-01 5.696441e-04
7.009804e-01 5.931373e-01 6.307926e-04
7.107843e-01 5.931373e-01 -1.096740e-03
7.205882e-01 5.931373e-01 -2.430809e-03
7.303922e-01 5.931373e-01 -1.767324e-03
7.401961e-01 5.931373e-01 -2.654873e-03
7.500000e-01 5.931373e-01 -3.003852e-03
7.598039e-01 5.931373e-01 1.138373e-04
7.696078e-01 5.931373e-01 1.177072e-03
7.794118e-01 5.931373e-01 4.626818e-04
7.892157e-01 5.931373e-01 3.706985e-03
7.990196e-01 5.931373e-01 5.316485e-03
8.088235e-01 5.931373e-01 1.797942e-03
8.186275e-01 5.931373e-01 2.079942e-03
8.284314e-01 5.931373e-01 4.679877e-03
8.382353e-01 5.931373e-01 4.479053e-04
8.480392e-01 5.931373e-01 -3.094500e-03
8.578431e-01 5.931373e-01 1.017845e-03
8.676471e-01 5.931373e-01 1.123260e-03
8.774510e-01 5.931373e-01 -4.974295e-03
8.872549e-01 5.931373e-01 -3.352482e-03
8.970588e-01 5.931373e-01 2.815328e-03
9.068627e-01 5.931373e-01 -6.042035e-04
9.166667e-01 5.931373e-01 -5.775910e-03
9.264706e-01 5.931373e-01 -1.178220e-04
9.362745e-01 5.931373e-01 4.789295e-03
9.460784e-01 5.931373e-01 -1.595686e-03
9.558824e-01 5.931373e-01 -5.378754e-03
9.656863e-01 5.931373e-01 1.951066e-03
9.754902e-01 5.931373e-01 5.361055e-03
9.852941e-01 5.931373e-01 -2.167931e-03
9.950980e-01 5.931373e-01 -5.381661e-03
4.901961e-03 6.029412e-01 -4.715707e-03
1.470588e-02 6.029412e-01 -3.791695e-03
2.450980e-02 6.029412e-01 4.842001e-03
3.431373e-02 6.029412e-01 4.216729e-03
4.411765e-02 6.029412e-01 -4.268936e-03
5.392157e-02 6.029412e-01 -4.553544e-03
6.372549e-02 6.029412e-01 3.459010e-03
7.352941e-02 6.029412e-01 4.987469e-03
8.333333e-02 6.029412e-01 -2.196148e-03
9.313725e-02 6.029412e-01 -5.170313e-03
1.029412e-01 6.029412e-01 6.424909e-04
1.127451e-01 6.029412e-01 4.913497e-03
1.225490e-01 6.029412e-01 1.017154e-03
1.323529e-01 6.029412e-01 -4.033420e-03
1.421569e-01 6.029412e-01 -2.434033e-03
1.519608e-01 6.029412e-01 2.537742e-03
1.617647e-01 6.029412e-01 3.210835e-03
1.715686e-01 6.029412e-01 -6.926317e-04
1.813725e-01 6.029412e-01 -3.059292e-03
1.911765e-01 6.029412e-01 -9.916393e-04
2.009804e-01 6.029412e-01 2.002224e-03
2.107843e-01 6.029412e-01 1.945704e-03
2.205882e-01 6.029412e-01 -4.755738e-04
2.303922e-01 6.029412e-01 -1.854591e-03
2.401961e-01 6.029412e-01 -8.102533e-04
2.500000e-01 6.029412e-01 9.171471e-04
2.598039e-01 6.029412e-01 1.260889e-03
2.696078e-01 6.029412e-01 1.950165e-04
2.794118e-01 6.029412e-01 -8.129961e-04
2.892157e-01 6.029412e-01 -7.638634e-04
2.990196e-01 6.029412e-01 4.749243e-06
3.088235e-01 6.029412e-01 5.632422e-04
3.186275e-01 6.029412e-01 4.626097e-04
3.284314e-01 6.029412e-01 -9.634372e-06
3.382353e-01 6.029412e-01 -3.348889e-04
3.480392e-01 6.029412e-01 -2.919891e-04
3.578431e-01 6.029412e-01 -3.616883e-05
3.676471e-01 6.029412e-01 1.644446e-04
3.774510e-01 6.029412e-01 1.808230e-04
3.872549e-01 6.029412e-01 6.729914e-05
3.970588e-01 6.029412e-01 -5.115317e-05
4.068627e-01 6.029412e-01 -9.455747e-05
4.166667e-01 6.029412e-01 -6.484374e-05
4.264706e-01 6.029412e-01 -8.825163e-06
4.362745e-01 6.029412e-01 3.088217e-05
4.460784e-01 6.029412e-01 3.690169e-05
4.558824e-01 6.029412e-01 2.365357e-05
4.656863e-01 6.029412e-01 1.591444e-06
4.754902e-01 6.029412e-01 -9.286316e-06
4.852941e-01 6.029412e-01 -8.417736e-06
4.950980e-01 6.029412e-01 -8.981760e-06
5.049020e-01 6.029412e-01 6.114624e-06
5.147059e-01 6.029412e-01 -5.823853e-06
5.245098e-01 6.029412e-01 -1.121673e-05
5.343137e-01 6.029412e-01 -2.781540e-06
5.441176e-01 6.029412e-01 -2.850412e-05
5.539216e-01 6.029412e-01 2.993038e-05
5.637255e-01 6.029412e-01 5.211463e-05
5.735294e-01 6.029412e-01 2.760172e-05
5.833333e-01 6.029412e-01 9.044312e-05
5.931373e-01 6.029412e-01 -6.673218e-05
6.029412e-01 6.029412e-01 -1.882587e-04
6.127451e-01 6.029412e-01 -1.175454e-04
6.225490e-01 6.029412e-01 -2.842883e-04
6.323529e-01 6.029412e-01 -3.312659e-05
6.421569e-01 6.029412e-01 4.814652e-04
6.519608e-01 6.029412e-01 4.168293e-04
6.617647e-01 6.029412e-01 7.662989e-04
6.715686e-01 6.029412e-01 8.977334e-04
6.813725e-01 6.029412e-01 -3.068842e-04
6.911765e-01 6.029412e-01 -7.998217e-04
7.009804e-01 6.029412e-01 -1.143897e-03
7.107843e-01 6.029412e-01 -2.767318e-03
7.205882e-01 6.029412e-01 -2.384936e-03
7.303922e-01 6.029412e-01 -6.181756e-04
7.401961e-01 6.029412e-01 -7.281520e-04
7.500000e-01 6.029412e-01 1.037017e-03
7.598039e-01 6.029412e-01 4.684790e-03
7.696078e-01 6.029412e-01 4.295671e-03
7.794118e-01 6.029412e-01 3.617552e-03
7.892157e-01 6.029412e-01 6.165885e-03
7.990196e-01 6.029412e-01 4.317404e-03
8.088235e-01 6.029412e-01 -5.551706e-04
8.186275e-01 6.029412e-01 4.169261e-04
8.284314e-01 6.029412e-01 7.917023e-04
8.382353e-01 6.029412e-01 -5.114534e-03
8.480392e-01 6.029412e-01 -5.933067e-03
8.578431e-01 6.029412e-01 -7.819902e-04
8.676471e-01 6.029412e-01 -2.952610e-03
8.774510e-01 6.029412e-01 -7.517881e-03
8.872549e-01 6.029412e-01 -2.099867e-03
8.970588e-01 6.029412e-01 2.718534e-03
9.068627e-01 6.029412e-01 -3.093182e-03
9.166667e-01 6.029412e-01 -5.174963e-03
9.264706e-01 6.029412e-01 2.883553e-03
9.362745e-01 6.029412e-01 4.293626e-03
9.460784e-01 6.029412e-01 -3.896337e-03
9.558824e-01 6.029412e-01 -3.806579e-03
9.656863e-01 6.029412e-01 4.828576e-03
9.754902e-01 6.029412e-01 4.037124e-03
9.852941e-01 6.029412e-01 -4.715707e-03
9.950980e-01 6.029412e-01 -3.791695e-03
4.901961e-03 6.127451e-01 -9.019059e-03
1.470588e-02 6.127451e-01 -1.075682e-03
2.450980e-02 6.127451e-01 9.372800e-03
3.431373e-02 6.127451e-01 1.868478e-03
4.411765e-02 6.127451e-01 -8.896314e-03
5.392157e-02 6.127451e-01 -2.835350e-03
6.372549e-02 6.127451e-01 8.151833e-03
7.352941e-02 6.127451e-01 4.210856e-03
8.333333e-02 6.127451e-01 -6.754487e-03
9.313725e-02 6.127451e-01 -5.547897e-03
1.029412e-01 6.127451e-01 4.706131e-03
1.127451e-01 6.127451e-01 6.456910e-03
1.225490e-01 6.127451e-01 -2.113375e-03
1.323529e-01 6.127451e-01 -6.496214e-03
1.421569e-01 6.127451e-01 -6.343165e-04
1.519608e-01 6.127451e-01 5.390023e-03
1.617647e-01 6.127451e-01 2.906111e-03
1.715686e-01 6.127451e-01 -3.234746e-03
1.813725e-01 6.127451e-01 -4.031751e-03
1.911765e-01 6.127451e-01 6.067320e-04
2.009804e-01 6.127451e-01 3.643682e-03
2.107843e-01 6.127451e-01 1.574524e-03
2.205882e-01 6.127451e-01 -1.995007e-03
2.303922e-01 6.127451e-01 -2.481242e-03
2.401961e-01 6.127451e-01 -2.445760e-05
2.500000e-01 6.127451e-01 1.908959e-03
2.598039e-01 6.127451e-01 1.332885e-03
2.696078e-01 6.127451e-01 -4.981234e-04
2.794118e-01 6.127451e-01 -1.363781e-03
2.892157e-01 6.127451e-01 -6.635772e-04
2.990196e-01 6.127451e-01 4.798549e-04
3.088235e-01 6.127451e-01 8.632055e-04
3.186275e-01 6.127451e-01 3.673602e-04
3.284314e-01 6.127451e-01 -2.981709e-04
3.382353e-01 6.127451e-01 -5.129194e-04
3.480392e-01 6.127451e-01 -2.486574e-04
3.578431e-01 6.127451e-01 1.228586e-04
3.676471e-01 6.127451e-01 2.797548e-04
3.774510e-01 6.127451e-01 1.824898e-04
3.872549e-01 6.127451e-01 -6.693051e-06
3.970588e-01 6.127451e-01 -1.240477e-04
4.068627e-01 6.127451e-01 -1.191026e-04
4.166667e-01 6.127451e-01 -4.369513e-05
4.264706e-01 6.127451e-01 2.897926e-05
4.362745e-01 6.127451e-01 5.691563e-05
4.460784e-01 6.127451e-01 4.193763e-05
4.558824e-01 6.127451e-01 1.305508e-05
4.656863e-01 6.127451e-01 -1.489659e-05
4.754902e-01 6.127451e-01 -1.844620e-05
4.852941e-01 6.127451e-01 -1.265677e-05
4.950980e-01 6.127451e-01 -3.180160e-06
5.049020e-01 6.127451e-01 1.570440e-05
5.147059e-01 6.127451e-01 -4.979093e-06
5.245098e-01 6.127451e-01 -4.118057e-06
5.343137e-01 6.127451e-01 -1.429611e-05
5.441176e-01 6.127451e-01 -4.119278e-05
5.539216e-01 6.127451e-01 3.599588e-05
5.637255e-01 6.127451e-01 3.011873e-05
5.735294e-01 6.127451e-01 4.401522e-05
5.833333e-01 6.127451e-01 1.170256e-04
5.931373e-01 6.127451e-01 -8.932814e-05
6.029412e-01 6.127451e-01 -1.175454e-04
6.127451e-01 6.127451e-01 -7.322495e-05
6.225490e-01 6.127451e-01 -3.069721e-04
6.323529e-01 6.127451e-01 8.654353e-05
6.421569e-01 6.127451e-01 4.135911e-04
6.519608e-01 6.127451e-01 1.377774e-04
6.617647e-01 6.127451e-01 6.344279e-04
6.715686e-01 6.127451e-01 4.285619e-04
6.813725e-01 6.127451e-01 -8.890789e-04
6.911765e-01 6.127451e-01 -6.410842e-04
7.009804e-01 6.127451e-01 -8.935967e-04
7.107843e-01 6.127451e-01 -2.221706e-03
7.205882e-01 6.127451e-01 -3.817098e-04
7.303922e-01 6.127451e-01 1.394863e-03
7.401961e-01 6.127451e-01 5.459073e-04
7.500000e-01 6.127451e-01 3.076211e-03
7.598039e-01 6.127451e-01 5.672073e-03
7.696078e-01 6.127451e-01 2.379450e-03
7.794118e-01 6.127451e-01 1.615292e-03
7.892157e-01 6.127451e-01 3.862137e-03
7.990196e-01 6.127451e-01 -1.339572e-03
8.088235e-01 6.127451e-01 -6.161071e-03
8.186275e-01 6.127451e-01 -2.228695e-03
8.284314e-01 6.127451e-01 -3.371506e-03
8.382353e-01 6.127451e-01 -1.036868e-02
8.480392e-01 6.127451e-01 -6.280331e-03
8.578431e-01 6.127451e-01 6.081954e-04
8.676471e-01 6.127451e-01 -5.310180e-03
8.774510e-01 6.127451e-01 -7.927762e-03
8.872549e-01 6.127451e-01 2.764727e-03
8.970588e-01 6.127451e-01 4.597736e-03
9.068627e-01 6.127451e-01 -5.670662e-03
9.166667e-01 6.127451e-01 -3.175607e-03
9.264706e-01 6.127451e-01 8.301486e-03
9.362745e-01 6.127451e-01 3.576366e-03
9.460784e-01 6.127451e-01 -7.640635e-03
9.558824e-01 6.127451e-01 -1.117090e-03
9.656863e-01 6.127451e-01 9.501478e-03
9.754902e-01 6.127451e-01 1.603140e-03
9.852941e-01 6.127451e-01 -9.019059e-03
9.950980e-01 6.127451e-01 -1.075682e-03
4.901961e-03 6.225490e-01 -9.406874e-03
1.470588e-02 6.225490e-01 8.525290e-03
2.450980e-02 6.225490e-01 1.006241e-02
3.431373e-02 6.225490e-01 -7.645947e-03
4.411765e-02 6.225490e-01 -1.051064e-02
5.392157e-02 6.225490e-01 6.165525e-03
6.372549e-02 6.225490e-01 1.108887e-02
7.352941e-02 6.225490e-01 -3.804927e-03
8.333333e-02 6.225490e-01 -1.127334e-02
9.313725e-02 6.225490e-01 7.673935e-04
1.029412e-01 6.225490e-01 1.060291e-02
1.127451e-01 6.225490e-01 2.527180e-03
1.225490e-01 6.225490e-01 -8.728599e-03
1.323529e-01 6.225490e-01 -5.416523e-03
1.421569e-01 6.225490e-01 5.595168e-03
1.519608e-01 6.225490e-01 7.068794e-03
1.617647e-01 6.225490e-01 -1.687097e-03
1.715686e-01 6.225490e-01 -6.837350e-03
1.813725e-01 6.225490e-01 -1.986924e-03
1.911765e-01 6.225490e-01 4.669468e-03
2.009804e-01 6.225490e-01 4.217299e-03
2.107843e-01 6.225490e-01 -1.380220e-03
2.205882e-01 6.225490e-01 -4.237893e-03
2.303922e-01 6.225490e-01 -1.557787e-03
2.401961e-01 6.225490e-01 2.328246e-03
2.500000e-01 6.225490e-01 2.789915e-03
2.598039e-01 6.225490e-01 1.595184e-04
2.696078e-01 6.225490e-01 -2.009018e-03
2.794118e-01 6.225490e-01 -1.620549e-03
2.892157e-01 6.225490e-01 2.457191e-04
2.990196e-01 6.225490e-01 1.383887e-03
3.088235e-01 6.225490e-01 9.480512e-04
3.186275e-01 6.225490e-01 -1.983365e-04
3.284314e-01 6.225490e-01 -8.393622e-04
3.382353e-01 6.225490e-01 -5.976427e-04
3.480392e-01 6.225490e-01 4.124554e-05
3.578431e-01 6.225490e-01 4.432580e-04
3.676471e-01 6.225490e-01 3.870734e-04
3.774510e-01 6.225490e-01 7.687404e-05
3.872549e-01 6.225490e-01 -1.769330e-04
3.970588e-01 6.225490e-01 -2.245972e-04
4.068627e-01 6.225490e-01 -1.137328e-04
4.166667e-01 6.225490e-01 2.283008e-05
4.264706e-01 6.225490e-01 9.449245e-05
4.362745e-01 6.225490e-01 8.408873e-05
4.460784e-01 6.225490e-01 3.269753e-05
4.558824e-01 6.225490e-01 -1.306515e-05
4.656863e-01 6.225490e-01 -3.638254e-05
4.754902e-01 6.225490e-01 -2.076572e-05
4.852941e-01 6.225490e-01 -6.977177e-06
4.950980e-01 6.225490e-01 8.889042e-06
5.049020e-01 6.225490e-01 1.206680e-05
5.147059e-01 6.225490e-01 -3.134654e-05
5.245098e-01 6.225490e-01 -1.922995e-05
5.343137e-01 6.225490e-01 -3.329920e-05
5.441176e-01 6.225490e-01 -1.269848e-06
5.539216e-01 6.225490e-01 1.314558e-04
5.637255e-01 6.225490e-01 8.280724e-05
5.735294e-01 6.225490e-01 1.101357e-04
5.833333e-01 6.225490e-01 3.007051e-05
5.931373e-01 6.225490e-01 -3.564241e-04
6.029412e-01 6.225490e-01 -2.842883e-04
6.127451e-01 6.225490e-01 -3.069721e-04
6.225490e-01 6.225490e-01 -3.125984e-04
6.323529e-01 6.225490e-01 6.436123e-04
6.421569e-01 6.225490e-01 8.463280e-04
6.519608e-01 6.225490e-01 6.989699e-04
6.617647e-01 6.225490e-01 1.317817e-03
6.715686e-01 6.225490e-01 -8.286162e-05
6.813725e-01 6.225490e-01 -1.691427e-03
6.911765e-01 6.225490e-01 -1.182552e-03
7.009804e-01 6.225490e-01 -2.631835e-03
7.107843e-01 6.225490e-01 -3.169100e-03
7.205882e-01 6.225490e-01 6.092342e-04
7.303922e-01 6.225490e-01 1.379763e-03
7.401961e-01 6.225490e-01 1.233907e-03
7.500000e-01 6.225490e-01 6.173734e-03
7.598039e-01 6.225490e-01 6.078240e-03
7.696078e-01 6.225490e-01 8.661489e-04
7.794118e-01 6.225490e-01 2.809216e-03
7.892157e-01 6.225490e-01 2.390031e-03
7.990196e-01 6.225490e-01 -7.060731e-03
8.088235e-01 6.225490e-01 -7.469882e-03
8.186275e-01 6.225490e-01 -1.826543e-03
8.284314e-01 6.225490e-01 -8.637347e-03
8.382353e-01 6.225490e-01 -1.245660e-02
8.480392e-01 6.225490e-01 -8.119702e-04
8.578431e-01 6.225490e-01 1.130453e-03
8.676471e-01 6.225490e-01 -8.903682e-03
8.774510e-01 6.225490e-01 -2.324873e-03
8.872549e-01 6.225490e-01 1.032201e-02
8.970588e-01 6.225490e-01 1.361135e-03
9.068627e-01 6.225490e-01 -7.821775e-03
9.166667e-01 6.225490e-01 5.568155e-03
9.264706e-01 6.225490e-01 1.222958e-02
9.362745e-01 6.225490e-01 -3.967745e-03
9.460784e-01 6.225490e-01 -8.657170e-03
9.558824e-01 6.225490e-01 8.284759e-03
9.656863e-01 6.225490e-01 1.038913e-02
9.754902e-01 6.225490e-01 -7.786660e-03
9.852941e-01 6.225490e-01 -9.406874e-03
9.950980e-01 6.225490e-01 8.525290e-03
4.901961e-03 6.323529e-01 -4.791027e-04
1.470588e-02 6.323529e-01 1.295332e-02
2.450980e-02 6.323529e-01 1.034665e-03
3.431373e-02 6.323529e-01 -1.279015e-02
4.411765e-02 6.323529e-01 -2.248049e-03
5.392157e-02 6.323529e-01 1.213946e-02
6.372549e-02 6.323529e-01 4.012281e-03
7.352941e-02 6.323529e-01 -1.089373e-02
8.333333e-02 6.323529e-01 -6.185269e-03
9.313725e-02 6.323529e-01 8.659255e-03
1.029412e-01 6.323529e-01 8.114893e-03
1.127451e-01 6.323529e-01 -5.477158e-03
1.225490e-01 6.323529e-01 -9.211546e-03
1.323529e-01 6.323529e-01 1.576554e-03
1.421569e-01 6.323529e-01 8.816884e-03
1.519608e-01 6.323529e-01 2.312385e-03
1.617647e-01 6.323529e-01 -6.653346e-03
1.715686e-01 6.323529e-01 -5.157171e-03
1.813725e-01 6.323529e-01 3.090067e-03
1.911765e-01 6.323529e-01 5.991990e-03
2.009804e-01 6.323529e-01 7.471251e-04
2.107843e-01 6.323529e-01 -4.519357e-03
2.205882e-01 6.323529e-01 -3.357562e-03
2.303922e-01 6.323529e-01 1.529180e-03
2.401961e-01 6.323529e-01 3.692286e-03
2.500000e-01 6.323529e-01 1.313195e-03
2.598039e-01 6.323529e-01 -1.957594e-03
2.696078e-01 6.323529e-01 -2.447298e-03
2.794118e-01 6.323529e-01 -3.533787e-04
2.892157e-01 6.323529e-01 1.572065e-03
2.990196e-01 6.323529e-01 1.523705e-03
3.088235e-01 6.323529e-01 9.762101e-05
3.186275e-01 6.323529e-01 -1.025910e-03
3.284314e-01 6.323529e-01 -9.604188e-04
3.382353e-01 6.323529e-01 -1.262997e-04
3.480392e-01 6.323529e-01 5.572005e-04
3.578431e-01 6.323529e-01 6.053937e-04
3.676471e-01 6.323529e-01 1.953262e-04
3.774510e-01 6.323529e-01 -2.172728e-04
3.872549e-01 6.323529e-01 -3.438351e-04
3.970588e-01 6.323529e-01 -2.039273e-04
4.068627e-01 6.323529e-01 1.293648e-05
4.166667e-01 6.323529e-01 1.414361e-04
4.264706e-01 6.323529e-01 1.423240e-04
4.362745e-01 6.323529e-01 6.240744e-05
4.460784e-01 6.323529e-01 -1.580855e-05
4.558824e-01 6.323529e-01 -5.380086e-05
4.656863e-01 6.323529e-01 -4.962232e-05
4.754902e-01 6.323529e-01 -1.323436e-05
4.852941e-01 6.323529e-01 -4.150814e-06
4.950980e-01 6.323529e-01 1.034701e-05
5.049020e-01 6.323529e-01 -9.086143e-06
5.147059e-01 6.323529e-01 -3.540260e-05
5.245098e-01 6.323529e-01 2.075607e-05
5.343137e-01 6.323529e-01 1.483802e-05
5.441176e-01 6.323529e-01 1.042733e-04
5.539216e-01 6.323529e-01 1.470037e-04
5.637255e-01 6.323529e-01 -4.090350e-05
5.735294e-01 6.323529e-01 -5.668146e-05
5.833333e-01 6.323529e-01 -3.203844e-04
5.931373e-01 6.323529e-01 -5.087086e-04
6.029412e-01 6.323529e-01 -3.312659e-05
6.127451e-01 6.323529e-01 8.654353e-05
6.225490e-01 6.323529e-01 6.436123e-04
6.323529e-01 6.323529e-01 1.541915e-03
6.421569e-01 6.323529e-01 7.988240e-04
6.519608e-01 6.323529e-01 3.053481e-04
6.617647e-01 6.323529e-01 -2.845554e-04
6.715686e-01 6.323529e-01 -2.966212e-03
6.813725e-01 6.323529e-01 -3.427532e-03
6.911765e-01 6.323529e-01 -2.267546e-03
7.009804e-01 6.323529e-01 -2.859878e-03
7.107843e-01 6.323529e-01 4.443926e-04
7.205882e-01 6.323529e-01 5.530917e-03
7.303922e-01 6.323529e-01 5.292523e-03
7.401961e-01 6.323529e-01 6.986472e-03
7.500000e-01 6.323529e-01 1.004854e-02
7.598039e-01 6.323529e-01 3.915627e-03
7.696078e-01 6.323529e-01 -1.638062e-03
7.794118e-01 6.323529e-01 -5.179573e-04
7.892157e-01 6.323529e-01 -7.401013e-03
7.990196e-01 6.323529e-01 -1.570154e-02
8.088235e-01 6.323529e-01 -1.013518e-02
8.186275e-01 6.323529e-01 -7.645481e-03
8.284314e-01 6.323529e-01 -1.482718e-02
8.382353e-01 6.323529e-01 -8.506867e-03
8.480392e-01 6.323529e-01 4.186342e-03
8.578431e-01 6.323529e-01 -9.207238e-04
8.676471e-01 6.323529e-01 -5.023923e-03
8.774510e-01 6.323529e-01 9.008893e-03
8.872549e-01 6.323529e-01 1.243673e-02
8.970588e-01 6.323529e-01 -2.133279e-03
9.068627e-01 6.323529e-01 -6.999268e-04
9.166667e-01 6.323529e-01 1.393480e-02
9.264706e-01 6.323529e-01 7.086324e-03
9.362745e-01 6.323529e-01 -8.882488e-03
9.460784e-01 6.323529e-01 -5.042103e-04
9.558824e-01 6.323529e-01 1.329897e-02
9.656863e-01 6.323529e-01 1.699240e-03
9.754902e-01 6.323529e-01 -1.236259e-02
9.852941e-01 6.323529e-01 -4.791027e-04
9.950980e-01 6.323529e-01 1.295332e-02
4.901961e-03 6.421569e-01 3.753690e-03
1.470588e-02 6.421569e-01 1.155895e-02
2.450980e-02 6.421569e-01 -3.830946e-03
3.431373e-02 6.421569e-01 -1.209154e-02
4.411765e-02 6.421569e-01 2.372792e-03
5.392157e-02 6.421569e-01 1.185607e-02
6.372549e-02 6.421569e-01 -6.443969e-04
7.352941e-02 6.421569e-01 -1.154924e-02
8.333333e-02 6.421569e-01 -1.892711e-03
9.313725e-02 6.421569e-01 1.032574e-02
1.029412e-01 6.421569e-01 4.512778e-03
1.127451e-01 6.421569e-01 -8.152113e-03
1.225490e-01 6.421569e-01 -6.771961e-03
1.323529e-01 6.421569e-01 4.933910e-03
1.421569e-01 6.421569e-01 7.921134e-03
1.519608e-01 6.421569e-01 -1.105715e-03
1.617647e-01 6.421569e-01 -7.403882e-03
1.715686e-01 6.421569e-01 -2.484744e-03
1.813725e-01 6.421569e-01 5.116326e-03
1.911765e-01 6.421569e-01 4.756863e-03
2.009804e-01 6.421569e-01 -1.700363e-03
2.107843e-01 6.421569e-01 -4.919048e-03
2.205882e-01 6.421569e-01 -1.537852e-03
2.303922e-01 6.421569e-01 3.042066e-03
2.401961e-01 6.421569e-01 3.206851e-03
2.500000e-01 6.421569e-01 -2.642928e-04
2.598039e-01 6.421569e-01 -2.709249e-03
2.696078e-01 6.421569e-01 -1.749737e-03
2.794118e-01 6.421569e-01 7.816585e-04
2.892157e-01 6.421569e-01 1.934645e-03
2.990196e-01 6.421569e-01 9.462328e-04
3.088235e-01 6.421569e-01 -6.677791e-04
3.186275e-01 6.421569e-01 -1.256939e-03
3.284314e-01 6.421569e-01 -5.978237e-04
3.382353e-01 6.421569e-01 3.745636e-04
3.480392e-01 6.421569e-01 7.634601e-04
3.578431e-01 6.421569e-01 4.453552e-04
3.676471e-01 6.421569e-01 -1.061065e-04
3.774510e-01 6.421569e-01 -4.065345e-04
3.872549e-01 6.421569e-01 -3.303892e-04
3.970588e-01 6.421569e-01 -6.254097e-05
4.068627e-01 6.421569e-01 1.521337e-04
4.166667e-01 6.421569e-01 1.983309e-04
4.264706e-01 6.421569e-01 1.152063e-04
4.362745e-01 6.421569e-01 -3.246703e-06
4.460784e-01 6.421569e-01 -6.906673e-05
4.558824e-01 6.421569e-01 -7.825200e-05
4.656863e-01 6.421569e-01 -4.277643e-05
4.754902e-01 6.421569e-01 1.929994e-07
4.852941e-01 6.421569e-01 5.552580e-06
4.950980e-01 6.421569e-01 2.545859e-05
5.049020e-01 6.421569e-01 -3.990354e-06
5.147059e-01 6.421569e-01 3.492895e-06
5.245098e-01 6.421569e-01 5.063130e-05
5.343137e-01 6.421569e-01 9.752161e-06
5.441176e-01 6.421569e-01 8.334601e-05
5.539216e-01 6.421569e-01 -5.495390e-06
5.637255e-01 6.421569e-01 -1.726001e-04
5.735294e-01 6.421569e-01 -9.608955e-05
5.833333e-01 6.421569e-01 -2.843603e-04
5.931373e-01 6.421569e-01 -7.837627e-05
6.029412e-01 6.421569e-01 4.814652e-04
6.127451e-01 6.421569e-01 4.135911e-04
6.225490e-01 6.421569e-01 8.463280e-04
6.323529e-01 6.421569e-01 7.988240e-04
6.421569e-01 6.421569e-01 -7.145399e-04
6.519608e-01 6.421569e-01 -1.151042e-03
6.617647e-01 6.421569e-01 -1.952422e-03
6.715686e-01 6.421569e-01 -3.445967e-03
6.813725e-01 6.421569e-01 -1.437196e-03
6.911765e-01 6.421569e-01 8.580345e-04
7.009804e-01 6.421569e-01 1.782358e-03
7.107843e-01 6.421569e-01 6.342215e-03
7.205882e-01 6.421569e-01 8.870262e-03
7.303922e-01 6.421569e-01 5.629282e-03
7.401961e-01 6.421569e-01 5.124375e-03
7.500000e-01 6.421569e-01 2.868260e-03
7.598039e-01 6.421569e-01 -7.187094e-03
7.696078e-01 6.421569e-01 -1.178458e-02
7.794118e-01 6.421569e-01 -1.105567e-02
7.892157e-01 6.421569e-01 -1.774649e-02
7.990196e-01 6.421569e-01 -1.953970e-02
8.088235e-01 6.421569e-01 -8.786873e-03
8.186275e-01 6.421569e-01 -5.724596e-03
8.284314e-01 6.421569e-01 -8.109575e-03
8.382353e-01 6.421569e-01 3.885453e-03
8.480392e-01 6.421569e-01 1.406646e-02
8.578431e-01 6.421569e-01 6.455102e-03
8.676471e-01 6.421569e-01 5.976328e-03
8.774510e-01 6.421569e-01 1.866700e-02
8.872549e-01 6.421569e-01 1.475937e-02
8.970588e-01 6.421569e-01 -7.853857e-05
9.068627e-01 6.421569e-01 5.220162e-03
9.166667e-01 6.421569e-01 1.552953e-02
9.264706e-01 6.421569e-01 2.989836e-03
9.362745e-01 6.421569e-01 -9.043405e-03
9.460784e-01 6.421569e-01 3.401621e-03
9.558824e-01 6.421569e-01 1.192869e-02
9.656863e-01 6.421569e-01 -3.418860e-03
9.754902e-01 6.421569e-01 -1.175421e-02
9.852941e-01 6.421569e-01 3.753690e-03
9.950980e-01 6.421569e-01 1.155895e-02
4.901961e-03 6.519608e-01 1.280616e-02
1.470588e-02 6.519608e-01 1.358184e-02
2.450980e-02 6.519608e-01 -1.369525e-02
3.431373e-02 6.519608e-01 -1.524106e-02
4.411765e-02 6.519608e-01 1.141624e-02
5.392157e-02 6.519608e-01 1.580877e-02
6.372549e-02 6.519608e-01 -8.816230e-03
7.352941e-02 6.519608e-01 -1.682691e-02
8.333333e-02 6.519608e-01 4.613735e-03
9.313725e-02 6.519608e-01 1.674044e-02
1.029412e-01 6.519608e-01 2.678691e-04
1.127451e-01 6.519608e-01 -1.520029e-02
1.225490e-01 6.519608e-01 -5.250078e-03
1.323529e-01 6.519608e-01 1.168733e-02
1.421569e-01 6.519608e-01 9.130296e-03
1.519608e-01 6.519608e-01 -6.445823e-03
1.617647e-01 6.519608e-01 -1.072124e-02
1.715686e-01 6.519608e-01 5.125025e-04
1.813725e-01 6.519608e-01 9.317593e-03
1.911765e-01 6.519608e-01 4.404403e-03
2.009804e-01 6.519608e-01 -5.310176e-03
2.107843e-01 6.519608e-01 -6.631238e-03
2.205882e-01 6.519608e-01 3.505789e-04
2.303922e-01 6.519608e-01 5.525702e-03
2.401961e-01 6.519608e-01 3.285019e-03
2.500000e-01 6.519608e-01 -2.128675e-03
2.598039e-01 6.519608e-01 -4.018511e-03
2.696078e-01 6.519608e-01 -1.249850e-03
2.794118e-01 6.519608e-01 2.117396e-03
2.892157e-01 6.519608e-01 2.550970e-03
2.990196e-01 6.519608e-01 4.372724e-04
3.088235e-01 6.519608e-01 -1.512831e-03
3.186275e-01 6.519608e-01 -1.572039e-03
3.284314e-01 6.519608e-01 -2.579567e-04
3.382353e-01 6.519608e-01 8.851122e-04
3.480392e-01 6.519608e-01 9.716710e-04
3.578431e-01 6.519608e-01 2.790136e-04
3.676471e-01 6.519608e-01 -4.010206e-04
3.774510e-01 6.519608e-01 -5.706658e-04
3.872549e-01 6.519608e-01 -2.906295e-04
3.970588e-01 6.519608e-01 8.595317e-05
4.068627e-01 6.519608e-01 2.747374e-04
4.166667e-01 6.519608e-01 2.286396e-04
4.264706e-01 6.519608e-01 6.730369e-05
4.362745e-01 6.519608e-01 -7.384907e-05
4.460784e-01 6.519608e-01 -1.150672e-04
4.558824e-01 6.519608e-01 -8.883945e-05
4.656863e-01 6.519608e-01 -1.949305e-05
4.754902e-01 6.519608e-01 2.665941e-05
4.852941e-01 6.519608e-01 2.915034e-05
4.950980e-01 6.519608e-01 3.780129e-05
5.049020e-01 6.519608e-01 -1.936113e-05
5.147059e-01 6.519608e-01 1.267044e-06
5.245098e-01 6.519608e-01 2.373939e-05
5.343137e-01 6.519608e-01 -8.222350e-06
5.441176e-01 6.519608e-01 1.059132e-04
5.539216e-01 6.519608e-01 -2.797042e-05
5.637255e-01 6.519608e-01 -1.137712e-04
5.735294e-01 6.519608e-01 -2.416718e-05
5.833333e-01 6.519608e-01 -2.945794e-04
5.931373e-01 6.519608e-01 3.682053e-05
6.029412e-01 6.519608e-01 4.168293e-04
6.127451e-01 6.519608e-01 1.377774e-04
6.225490e-01 6.519608e-01 6.989699e-04
6.323529e-01 6.519608e-01 3.053481e-04
6.421569e-01 6.519608e-01 -1.151042e-03
6.519608e-01 6.519608e-01 -7.807339e-04
6.617647e-01 6.519608e-01 -1.497790e-03
6.715686e-01 6.519608e-01 -2.287528e-03
6.813725e-01 6.519608e-01 1.024036e-03
6.911765e-01 6.519608e-01 2.491059e-03
7.009804e-01 6.519608e-01 2.572564e-03
7.107843e-01 6.519608e-01 6.876335e-03
7.205882e-01 6.519608e-01 5.972373e-03
7.303922e-01 6.519608e-01 -2.435652e-04
7.401961e-01 6.519608e-01 -3.991826e-04
7.500000e-01 6.519608e-01 -4.622285e-03
7.598039e-01 6.519608e-01 -1.580454e-02
7.696078e-01 6.519608e-01 -1.487620e-02
7.794118e-01 6.519608e-01 -1.053101e-02
7.892157e-01 6.519608e-01 -1.689924e-02
7.990196e-01 6.519608e-01 -1.149341e-02
8.088235e-01 6.519608e-01 5.812289e-03
8.186275e-01 6.519608e-01 5.499929e-03
8.284314e-01 6.519608e-01 3.422853e-03
8.382353e-01 6.519608e-01 2.164037e-02
8.480392e-01 6.519608e-01 2.669035e-02
8.578431e-01 6.519608e-01 9.809312e-03
8.676471e-01 6.519608e-01 1.331373e-02
8.774510e-01 6.519608e-01 2.814333e-02
8.872549e-01 6.519608e-01 1.230114e-02
8.970588e-01 6.519608e-01 -6.283588e-03
9.068627e-01 6.519608e-01 9.378442e-03
9.166667e-01 6.519608e-01 1.816047e-02
9.264706e-01 6.519608e-01 -6.782644e-03
9.362745e-01 6.519608e-01 -1.500208e-02
9.460784e-01 6.519608e-01 1.012383e-02
9.558824e-01 6.519608e-01 1.328324e-02
9.656863e-01 6.519608e-01 -1.392570e-02
9.754902e-01 6.519608e-01 -1.501296e-02
9.852941e-01 6.519608e-01 1.280616e-02
9.950980e-01 6.519608e-01 1.358184e-02
4.901961e-03 6.617647e-01 2.515914e-02
1.470588e-02 6.617647e-01 -1.947604e-03
2.450980e-02 6.617647e-01 -2.749505e-02
3.431373e-02 6.617647e-01 -1.241294e-03
4.411765e-02 6.617647e-01 2.599173e-02
5.392157e-02 6.617647e-01 3.901580e-03
6.372549e-02 6.617647e-01 -2.476738e-02
7.352941e-02 6.617647e-01 -8.561153e-03
8.333333e-02 6.617647e-01 2.138878e-02
9.313725e-02 6.617647e-01 1.323738e-02
1.029412e-01 6.617647e-01 -1.611091e-02
1.127451e-01 6.617647e-01 -1.705998e-02
1.225490e-01 6.617647e-01 8.831958e-03
1.323529e-01 6.617647e-01 1.848631e-02
1.421569e-01 6.617647e-01 -5.536629e-04
1.519608e-01 6.617647e-01 -1.642865e-02
1.617647e-01 6.617647e-01 -6.894310e-03
1.715686e-01 6.617647e-01 1.080381e-02
1.813725e-01 6.617647e-01 1.128499e-02
1.911765e-01 6.617647e-01 -3.085200e-03
2.009804e-01 6.617647e-01 -1.108223e-02
2.107843e-01 6.617647e-01 -3.919642e-03
2.205882e-01 6.617647e-01 6.614812e-03
2.303922e-01 6.617647e-01 7.335096e-03
2.401961e-01 6.617647e-01 -4.248588e-04
2.500000e-01 6.617647e-01 -6.048271e-03
2.598039e-01 6.617647e-01 -3.945315e-03
2.696078e-01 6.617647e-01 1.758078e-03
2.794118e-01 6.617647e-01 4.318148e-03
2.892157e-01 6.617647e-01 2.038189e-03
2.990196e-01 6.617647e-01 -1.568680e-03
3.088235e-01 6.617647e-01 -2.781884e-03
3.186275e-01 6.617647e-01 -1.213767e-03
3.284314e-01 6.617647e-01 9.369171e-04
3.382353e-01 6.617647e-01 1.687437e-03
3.480392e-01 6.617647e-01 8.783231e-04
3.578431e-01 6.617647e-01 -3.462742e-04
3.676471e-01 6.617647e-01 -9.250052e-04
3.774510e-01 6.617647e-01 -6.618105e-04
3.872549e-01 6.617647e-01 -4.093251e-05
3.970588e-01 6.617647e-01 3.921519e-04
4.068627e-01 6.617647e-01 4.254883e-04
4.166667e-01 6.617647e-01 1.940133e-04
4.264706e-01 6.617647e-01 -6.296562e-05
4.362745e-01 6.617647e-01 -1.883532e-04
4.460784e-01 6.617647e-01 -1.581738e-04
4.558824e-01 6.617647e-01 -6.899538e-05
4.656863e-01 6.617647e-01 3.314625e-05
4.754902e-01 6.617647e-01 5.593282e-05
4.852941e-01 6.617647e-01 3.598292e-05
4.950980e-01 6.617647e-01 1.886319e-05
5.049020e-01 6.617647e-01 -4.417615e-05
5.147059e-01 6.617647e-01 4.198605e-05
5.245098e-01 6.617647e-01 5.994895e-05
5.343137e-01 6.617647e-01 6.065046e-05
5.441176e-01 6.617647e-01 1.351555e-04
5.539216e-01 6.617647e-01 -1.923859e-04
5.637255e-01 6.617647e-01 -2.449841e-04
5.735294e-01 6.617647e-01 -2.370475e-04
5.833333e-01 6.617647e-01 -4.254467e-04
5.931373e-01 6.617647e-01 4.337518e-04
6.029412e-01 6.617647e-01 7.662989e-04
6.127451e-01 6.617647e-01 6.344279e-04
6.225490e-01 6.617647e-01 1.317817e-03
6.323529e-01 6.617647e-01 -2.845554e-04
6.421569e-01 6.617647e-01 -1.952422e-03
6.519608e-01 6.617647e-01 -1.497790e-03
6.617647e-01 6.617647e-01 -3.291896e-03
6.715686e-01 6.617647e-01 -2.406993e-03
6.813725e-01 6.617647e-01 2.652370e-03
6.911765e-01 6.617647e-01 3.032295e-03
7.009804e-01 6.617647e-01 5.074439e-03
7.107843e-01 6.617647e-01 9.990791e-03
7.205882e-01 6.617647e-01 4.048540e-03
7.303922e-01 6.617647e-01 -2.274694e-03
7.401961e-01 6.617647e-01 -1.549767e-03
7.500000e-01 6.617647e-01 -1.199028e-02
7.598039e-01 6.617647e-01 -2.144147e-02
7.696078e-01 6.617647e-01 -1.239654e-02
7.794118e-01 6.617647e-01 -1.099082e-02
7.892157e-01 6.617647e-01 -1.585260e-02
7.990196e-01 6.617647e-01 3.254456e-03
8.088235e-01 6.617647e-01 1.930124e-02
8.186275e-01 6.617647e-01 1.040912e-02
8.284314e-01 6.617647e-01 1.864569e-02
8.382353e-01 6.617647e-01 4.011971e-02
8.480392e-01 6.617647e-01 2.635413e-02
8.578431e-01 6.617647e-01 8.086577e-03
8.676471e-01 6.617647e-01 2.590063e-02
8.774510e-01 6.617647e-01 2.810448e-02
8.872549e-01 6.617647e-01 -5.557773e-03
8.970588e-01 6.617647e-01 -8.200427e-03
9.068627e-01 6.617647e-01 1.917299e-02
9.166667e-01 6.617647e-01 5.868623e-03
9.264706e-01 6.617647e-01 -2.586230e-02
9.362745e-01 6.617647e-01 -7.743204e-03
9.460784e-01 6.617647e-01 2.111644e-02
9.558824e-01 6.617647e-01 -2.342108e-03
9.656863e-01 6.617647e-01 -2.865756e-02
9.754902e-01 6.617647e-01 -1.189116e-03
9.852941e-01 6.617647e-01 2.515914e-02
9.950980e-01 6.617647e-01 -1.947604e-03
4.901961e-03 6.715686e-01 1.380192e-02
1.470588e-02 6.715686e-01 -1.984169e-02
2.450980e-02 6.715686e-01 -1.737312e-02
3.431373e-02 6.715686e-01 1.685652e-02
4.411765e-02 6.715686e-01 1.766141e-02
5.392157e-02 6.715686e-01 -1.482695e-02
6.372549e-02 6.715686e-01 -1.975881e-02
7.352941e-02 6.715686e-01 1.028697e-02
8.333333e-02 6.715686e-01 2.092923e-02
9.313725e-02 6.715686e-01 -4.446813e-03
1.029412e-01 6.715686e-01 -2.073258e-02
1.127451e-01 6.715686e-01 -2.353812e-03
1.225490e-01 6.715686e-01 1.811210e-02
1.323529e-01 6.715686e-01 8.826012e-03
1.421569e-01 6.715686e-01 -1.267734e-02
1.519608e-01 6.715686e-01 -1.323112e-02
1.617647e-01 6.715686e-01 5.085603e-03
1.715686e-01 6.715686e-01 1.394113e-02
1.813725e-01 6.715686e-01 2.757790e-03
1.911765e-01 6.715686e-01 -1.036770e-02
2.009804e-01 6.715686e-01 -8.181581e-03
2.107843e-01 6.715686e-01 3.790475e-03
2.205882e-01 6.715686e-01 9.084454e-03
2.303922e-01 6.715686e-01 2.760334e-03
2.401961e-01 6.715686e-01 -5.478853e-03
2.500000e-01 6.715686e-01 -6.008375e-03
2.598039e-01 6.715686e-01 6.106448e-07
2.696078e-01 6.715686e-01 4.689424e-03
2.794118e-01 6.715686e-01 3.600605e-03
2.892157e-01 6.715686e-01 -7.276845e-04
2.990196e-01 6.715686e-01 -3.308453e-03
3.088235e-01 6.715686e-01 -2.228851e-03
3.186275e-01 6.715686e-01 5.200841e-04
3.284314e-01 6.715686e-01 2.080865e-03
3.382353e-01 6.715686e-01 1.506388e-03
3.480392e-01 6.715686e-01 -8.441401e-05
3.578431e-01 6.715686e-01 -1.135813e-03
3.676471e-01 6.715686e-01 -1.038322e-03
3.774510e-01 6.715686e-01 -2.467512e-04
3.872549e-01 6.715686e-01 4.510776e-04
3.970588e-01 6.715686e-01 6.266070e-04
4.068627e-01 6.715686e-01 3.536380e-04
4.166667e-01 6.715686e-01 -2.771014e-05
4.264706e-01 6.715686e-01 -2.575500e-04
4.362745e-01 6.715686e-01 -2.591939e-04
4.460784e-01 6.715686e-01 -1.226463e-04
4.558824e-01 6.715686e-01 9.032631e-06
4.656863e-01 6.715686e-01 9.715886e-05
4.754902e-01 6.715686e-01 6.599322e-05
4.852941e-01 6.715686e-01 4.059415e-05
4.950980e-01 6.715686e-01 1.616183e-05
5.049020e-01 6.715686e-01 -7.941146e-06
5.147059e-01 6.715686e-01 1.107677e-04
5.245098e-01 6.715686e-01 2.570522e-05
5.343137e-01 6.715686e-01 -2.793671e-06
5.441176e-01 6.715686e-01 -9.204263e-05
5.539216e-01 6.715686e-01 -4.556540e-04
5.637255e-01 6.715686e-01 -1.878930e-04
5.735294e-01 6.715686e-01 -5.955601e-05
5.833333e-01 6.715686e-01 2.550448e-04
5.931373e-01 6.715686e-01 1.329393e-03
6.029412e-01 6.715686e-01 8.977334e-04
6.127451e-01 6.715686e-01 4.285619e-04
6.225490e-01 6.715686e-01 -8.286162e-05
6.323529e-01 6.715686e-01 -2.966212e-03
6.421569e-01 6.715686e-01 -3.445967e-03
6.519608e-01 6.715686e-01 -2.287528e-03
6.617647e-01 6.715686e-01 -2.406993e-03
6.715686e-01 6.715686e-01 2.795340e-03
6.813725e-01 6.715686e-01 8.157613e-03
6.911765e-01 6.715686e-01 7.488443e-03
7.009804e-01 6.715686e-01 9.963075e-03
7.107843e-01 6.715686e-01 8.292245e-03
7.205882e-01 6.715686e-01 -4.473228e-03
7.303922e-01 6.715686e-01 -1.052543e-02
7.401961e-01 6.715686e-01 -1.436562e-02
7.500000e-01 6.715686e-01 -2.724901e-02
7.598039e-01 6.715686e-01 -2.545151e-02
7.696078e-01 6.715686e-01 -1.067526e-02
7.794118e-01 6.715686e-01 -9.001711e-03
7.892157e-01 6.715686e-01 7.427764e-04
7.990196e-01 6.715686e-01 2.827415e-02
8.088235e-01 6.715686e-01 3.404133e-02
8.186275e-01 6.715686e-01 2.743780e-02
8.284314e-01 6.715686e-01 4.372219e-02
8.382353e-01 6.715686e-01 4.781954e-02
8.480392e-01 6.715686e-01 2.024574e-02
8.578431e-01 6.715686e-01 1.400250e-02
8.676471e-01 6.715686e-01 2.753017e-02
8.774510e-01 6.715686e-01 6.447077e-03
8.872549e-01 6.715686e-01 -2.052406e-02
8.970588e-01 6.715686e-01 -3.619405e-03
9.068627e-01 6.715686e-01 8.982743e-03
9.166667e-01 6.715686e-01 -1.968495e-02
9.264706e-01 6.715686e-01 -2.838507e-02
9.362745e-01 6.715686e-01 4.450325e-03
9.460784e-01 6.715686e-01 9.606347e-03
9.558824e-01 6.715686e-01 -2.233490e-02
9.656863e-01 6.715686e-01 -2.044493e-02
9.754902e-01 6.715686e-01 1.512486e-02
9.852941e-01 6.715686e-01 1.380192e-02
9.950980e-01 6.715686e-01 -1.984169e-02
4.901961e-03 6.813725e-01 7.038826e-03
1.470588e-02 6.813725e-01 -1.837391e-02
2.450980e-02 6.813725e-01 -1.038969e-02
3.431373e-02 6.813725e-01 1.613924e-02
4.411765e-02 6.813725e-01 1.094076e-02
5.392157e-02 6.813725e-01 -1.481787e-02
6.372549e-02 6.813725e-01 -1.299129e-02
7.352941e-02 6.813725e-01 1.184973e-02
8.333333e-02 6.813725e-01 1.489620e-02
9.313725e-02 6.813725e-01 -7.561028e-03
1.029412e-01 6.813725e-01 -1.594841e-02
1.127451e-01 6.813725e-01 2.251470e-03
1.225490e-01 6.813725e-01 1.540164e-02
1.323529e-01 6.813725e-01 3.461910e-03
1.421569e-01 6.813725e-01 -1.254604e-02
1.519608e-01 6.813725e-01 -8.280987e-03
1.617647e-01 6.813725e-01 7.447604e-03
1.715686e-01 6.813725e-01 1.076013e-02
1.813725e-01 6.813725e-01 -1.117908e-03
1.911765e-01 6.813725e-01 -9.843645e-03
2.009804e-01 6.813725e-01 -4.478075e-03
2.107843e-01 6.813725e-01 5.716068e-03
2.205882e-01 6.813725e-01 7.201630e-03
2.303922e-01 6.813725e-01 -1.809015e-04
2.401961e-01 6.813725e-01 -6.018013e-03
2.500000e-01 6.813725e-01 -3.966861e-03
2.598039e-01 6.813725e-01 2.016716e-03
2.696078e-01 6.813725e-01 4.631281e-03
2.794118e-01 6.813725e-01 1.931651e-03
2.892157e-01 6.813725e-01 -2.085988e-03
2.990196e-01 6.813725e-01 -3.170958e-03
3.088235e-01 6.813725e-01 -1.052236e-03
3.186275e-01 6.813725e-01 1.483581e-03
3.284314e-01 6.813725e-01 2.085624e-03
3.382353e-01 6.813725e-01 7.904211e-04
3.480392e-01 6.813725e-01 -7.832149e-04
3.578431e-01 6.813725e-01 -1.307242e-03
3.676471e-01 6.813725e-01 -7.096252e-04
3.774510e-01 6.813725e-01 2.126769e-04
3.872549e-01 6.813725e-01 7.031264e-04
3.970588e-01 6.813725e-01 5.793936e-04
4.068627e-01 6.813725e-01 1.319444e-04
4.166667e-01 6.813725e-01 -2.376586e-04
4.264706e-01 6.813725e-01 -3.489653e-04
4.362745e-01 6.813725e-01 -2.238097e-04
4.460784e-01 6.813725e-01 -3.400429e-05
4.558824e-01 6.813725e-01 9.323077e-05
4.656863e-01 6.813725e-01 1.407458e-04
4.754902e-01 6.813725e-01 7.070647e-05
4.852941e-01 6.813725e-01 5.333683e-05
4.950980e-01 6.813725e-01 2.130649e-06
5.049020e-01 6.813725e-01 -1.072386e-05
5.147059e-01 6.813725e-01 5.312695e-05
5.245098e-01 6.813725e-01 -1.113353e-04
5.343137e-01 6.813725e-01 -7.619270e-05
5.441176e-01 6.813725e-01 -1.674153e-04
5.539216e-01 6.813725e-01 -2.719810e-04
5.637255e-01 6.813725e-01 2.524848e-04
5.735294e-01 6.813725e-01 2.926156e-04
5.833333e-01 6.813725e-01 6.170858e-04
5.931373e-01 6.813725e-01 9.943349e-04
6.029412e-01 6.813725e-01 -3.068842e-04
6.127451e-01 6.813725e-01 -8.890789e-04
6.225490e-01 6.813725e-01 -1.691427e-03
6.323529e-01 6.813725e-01 -3.427532e-03
6.421569e-01 6.813725e-01 -1.437196e-03
6.519608e-01 6.813725e-01 1.024036e-03
6.617647e-01 6.813725e-01 2.652370e-03
6.715686e-01 6.813725e-01 8.157613e-03
6.813725e-01 6.813725e-01 9.563586e-03
6.911765e-01 6.813725e-01 5.021969e-03
7.009804e-01 6.813725e-01 2.897631e-03
7.107843e-01 6.813725e-01 -5.393747e-03
7.205882e-01 6.813725e-01 -1.916763e-02
7.303922e-01 6.813725e-01 -2.193231e-02
7.401961e-01 6.813725e-01 -2.260628e-02
7.500000e-01 6.813725e-01 -2.557392e-02
7.598039e-01 6.813725e-01 -1.078565e-02
7.696078e-01 6.813725e-01 1.012838e-02
7.794118e-01 6.813725e-01 1.800821e-02
7.892157e-01 6.813725e-01 3.414114e-02
7.990196e-01 6.813725e-01 5.623607e-02
8.088235e-01 6.813725e-01 5.263920e-02
8.186275e-01 6.813725e-01 4.210218e-02
8.284314e-01 6.813725e-01 4.779807e-02
8.382353e-01 6.813725e-01 3.635422e-02
8.480392e-01 6.813725e-01 4.805914e-03
8.578431e-01 6.813725e-01 -2.098931e-03
8.676471e-01 6.813725e-01 2.459036e-03
8.774510e-01 6.813725e-01 -2.053170e-02
8.872549e-01 6.813725e-01 -3.769134e-02
8.970588e-01 6.813725e-01 -1.886974e-02
9.068627e-01 6.813725e-01 -1.090564e-02
9.166667e-01 6.813725e-01 -3.224761e-02
9.264706e-01 6.813725e-01 -3.023313e-02
9.362745e-01 6.813725e-01 -6.728462e-04
9.460784e-01 6.813725e-01 -1.736026e-04
9.558824e-01 6.813725e-01 -2.346796e-02
9.656863e-01 6.813725e-01 -1.478811e-02
9.754902e-01 6.813725e-01 1.344117e-02
9.852941e-01 6.813725e-01 7.038826e-03
9.950980e-01 6.813725e-01 -1.837391e-02
4.901961e-03 6.911765e-01 5.572915e-03
1.470588e-02 6.911765e-01 -3.401598e-02
2.450980e-02 6.911765e-01 -7.882621e-03
3.431373e-02 6.911765e-01 3.297977e-02
4.411765e-02 6.911765e-01 1.091285e-02
5.392157e-02 6.911765e-01 -3.046512e-02
6.372549e-02 6.911765e-01 -1.488118e-02
7.352941e-02 6.911765e-01 2.655750e-02
8.333333e-02 6.911765e-01 1.988959e-02
9.313725e-02 6.911765e-01 -1.982116e-02
1.029412e-01 6.911765e-01 -2.365774e-02
1.127451e-01 6.911765e-01 1.107162e-02
1.225490e-01 6.911765e-01 2.507573e-02
1.323529e-01 6.911765e-01 -9.391106e-04
1.421569e-01 6.911765e-01 -2.256287e-02
1.519608e-01 6.911765e-01 -8.471977e-03
1.617647e-01 6.911765e-01 1.585695e-02
1.715686e-01 6.911765e-01 1.467413e-02
1.813725e-01 6.911765e-01 -6.237490e-03
1.911765e-01 6.911765e-01 -1.558162e-02
2.009804e-01 6.911765e-01 -3.310348e-03
2.107843e-01 6.911765e-01 1.094359e-02
2.205882e-01 6.911765e-01 9.232726e-03
2.303922e-01 6.911765e-01 -3.083419e-03
2.401961e-01 6.911765e-01 -9.368147e-03
2.500000e-01 6.911765e-01 -3.860149e-03
2.598039e-01 6.911765e-01 4.636864e-03
2.696078e-01 6.911765e-01 6.330017e-03
2.794118e-01 6.911765e-01 1.164081e-03
2.892157e-01 6.911765e-01 -3.902356e-03
2.990196e-01 6.911765e-01 -3.964052e-03
3.088235e-01 6.911765e-01 -3.365838e-04
3.186275e-01 6.911765e-01 2.627862e-03
3.284314e-01 6.911765e-01 2.507168e-03
3.382353e-01 6.911765e-01 3.269278e-04
3.480392e-01 6.911765e-01 -1.485399e-03
3.578431e-01 6.911765e-01 -1.607681e-03
3.676471e-01 6.911765e-01 -4.931906e-04
3.774510e-01 6.911765e-01 6.258628e-04
3.872549e-01 6.911765e-01 9.551514e-04
3.970588e-01 6.911765e-01 5.470905e-04
4.068627e-01 6.911765e-01 -7.180327e-05
4.166667e-01 6.911765e-01 -4.286347e-04
4.264706e-01 6.911765e-01 -4.205869e-04
4.362745e-01 6.911765e-01 -1.718552e-04
4.460784e-01 6.911765e-01 6.377408e-05
4.558824e-01 6.911765e-01 1.827428e-04
4.656863e-01 6.911765e-01 1.755496e-04
4.754902e-01 6.911765e-01 5.577230e-05
4.852941e-01 6.911765e-01 2.156694e-05
4.950980e-01 6.911765e-01 -6.556416e-05
5.049020e-01 6.911765e-01 -3.625098e-05
5.147059e-01 6.911765e-01 2.937993e-05
5.245098e-01 6.911765e-01 -1.075656e-04
5.343137e-01 6.911765e-01 3.122304e-05
5.441176e-01 6.911765e-01 -1.233274e-04
5.539216e-01 6.911765e-01 -1.629187e-04
5.637255e-01 6.911765e-01 3.028885e-04
5.735294e-01 6.911765e-01 5.202386e-05
5.833333e-01 6.911765e-01 4.224459e-04
5.931373e-01 6.911765e-01 5.696441e-04
6.029412e-01 6.911765e-01 -7.998217e-04
6.127451e-01 6.911765e-01 -6.410842e-04
6.225490e-01 6.911765e-01 -1.182552e-03
6.323529e-01 6.911765e-01 -2.267546e-03
6.421569e-01 6.911765e-01 8.580345e-04
6.519608e-01 6.911765e-01 2.491059e-03
6.617647e-01 6.911765e-01 3.032295e-03
6.715686e-01 6.911765e-01 7.488443e-03
6.813725e-01 6.911765e-01 5.021969e-03
6.911765e-01 6.911765e-01 -2.127227e-03
7.009804e-01 6.911765e-01 -3.758676e-03
7.107843e-01 6.911765e-01 -1.282833e-02
7.205882e-01 6.911765e-01 -2.366824e-02
7.303922e-01 6.911765e-01 -1.728573e-02
7.401961e-01 6.911765e-01 -1.217213e-02
7.500000e-01 6.911765e-01 -9.992484e-03
7.598039e-01 6.911765e-01 1.491066e-02
7.696078e-01 6.911765e-01 3.748093e-02
7.794118e-01 6.911765e-01 3.782999e-02
7.892157e-01 6.911765e-01 5.234270e-02
7.990196e-01 6.911765e-01 6.838792e-02
8.088235e-01 6.911765e-01 4.501196e-02
8.186275e-01 6.911765e-01 2.383780e-02
8.284314e-01 6.911765e-01 2.957500e-02
8.382353e-01 6.911765e-01 4.687120e-03
8.480392e-01 6.911765e-01 -3.895152e-02
8.578431e-01 6.911765e-01 -3.435435e-02
8.676471e-01 6.911765e-01 -2.274161e-02
8.774510e-01 6.911765e-01 -5.701937e-02
8.872549e-01 6.911765e-01 -6.804664e-02
8.970588e-01 6.911765e-01 -2.603218e-02
9.068627e-01 6.911765e-01 -1.914418e-02
9.166667e-01 6.911765e-01 -5.372717e-02
9.264706e-01 6.911765e-01 -3.696846e-02
9.362745e-01 6.911765e-01 1.179976e-02
9.460784e-01 6.911765e-01 -1.124374e-03
9.558824e-01 6.911765e-01 -3.884481e-02
9.656863e-01 6.911765e-01 -1.218136e-02
9.754902e-01 6.911765e-01 3.058235e-02
9.852941e-01 6.911765e-01 5.572915e-03
9.950980e-01 6.911765e-01 -3.401598e-02
4.901961e-03 7.009804e-01 -2.843342e-02
1.470588e-02 7.009804e-01 -3.653349e-02
2.450980e-02 7.009804e-01 2.943465e-02
3.431373e-02 7.009804e-01 4.019678e-02
4.411765e-02 7.009804e-01 -2.339081e-02
5.392157e-02 7.009804e-01 -4.073648e-02
6.372549e-02 7.009804e-01 1.710381e-02
7.352941e-02 7.009804e-01 4.277992e-02
8.333333e-02 7.009804e-01 -6.282935e-03
9.313725e-02 7.009804e-01 -4.123077e-02
1.029412e-01 7.009804e-01 -5.543033e-03
1.127451e-01 7.009804e-01 3.611774e-02
1.225490e-01 7.009804e-01 1.731834e-02
1.323529e-01 7.009804e-01 -2.595600e-02
1.421569e-01 7.009804e-01 -2.562099e-02
1.519608e-01 7.009804e-01 1.190802e-02
1.617647e-01 7.009804e-01 2.764101e-02
1.715686e-01 7.009804e-01 3.043716e-03
1.813725e-01 7.009804e-01 -2.195401e-02
1.911765e-01 7.009804e-01 -1.429184e-02
2.009804e-01 7.009804e-01 1.025663e-02
2.107843e-01 7.009804e-01 1.779439e-02
2.205882e-01 7.009804e-01 2.554892e-03
2.303922e-01 7.009804e-01 -1.271303e-02
2.401961e-01 7.009804e-01 -1.048082e-02
2.500000e-01 7.009804e-01 2.808472e-03
2.598039e-01 7.009804e-01 1.018450e-02
2.696078e-01 7.009804e-01 5.347170e-03
2.794118e-01 7.009804e-01 -3.703507e-03
2.892157e-01 7.009804e-01 -6.947321e-03
2.990196e-01 7.009804e-01 -2.851492e-03
3.088235e-01 7.009804e-01 2.760773e-03
3.186275e-01 7.009804e-01 4.440524e-03
3.284314e-01 7.009804e-01 1.896980e-03
3.382353e-01 7.009804e-01 -1.467292e-03
3.480392e-01 7.009804e-01 -2.687780e-03
3.578431e-01 7.009804e-01 -1.504562e-03
3.676471e-01 7.009804e-01 4.079276e-04
3.774510e-01 7.009804e-01 1.424818e-03
3.872549e-01 7.009804e-01 1.152678e-03
3.970588e-01 7.009804e-01 2.283515e-04
4.068627e-01 7.009804e-01 -5.216756e-04
4.166667e-01 7.009804e-01 -6.947741e-04
4.264706e-01 7.009804e-01 -4.212274e-04
4.362745e-01 7.009804e-01 -3.522131e-06
4.460784e-01 7.009804e-01 2.370789e-04
4.558824e-01 7.009804e-01 2.812870e-04
4.656863e-01 7.009804e-01 1.615901e-04
4.754902e-01 7.009804e-01 -6.293687e-06
4.852941e-01 7.009804e-01 -2.312902e-05
4.950980e-01 7.009804e-01 -9.186786e-05
5.049020e-01 7.009804e-01 3.204250e-05
5.147059e-01 7.009804e-01 3.915773e-05
5.245098e-01 7.009804e-01 -1.458711e-04
5.343137e-01 7.009804e-01 -3.611571e-05
5.441176e-01 7.009804e-01 -3.691389e-04
5.539216e-01 7.009804e-01 -1.497040e-04
5.637255e-01 7.009804e-01 4.431375e-04
5.735294e-01 7.009804e-01 2.575218e-04
5.833333e-01 7.009804e-01 1.096227e-03
5.931373e-01 7.009804e-01 6.307926e-04
6.029412e-01 7.009804e-01 -1.143897e-03
6.127451e-01 7.009804e-01 -8.935967e-04
6.225490e-01 7.009804e-01 -2.631835e-03
6.323529e-01 7.009804e-01 -2.859878e-03
6.421569e-01 7.009804e-01 1.782358e-03
6.519608e-01 7.009804e-01 2.572564e-03
6.617647e-01 7.009804e-01 5.074439e-03
6.715686e-01 7.009804e-01 9.963075e-03
6.813725e-01 7.009804e-01 2.897631e-03
6.911765e-01 7.009804e-01 -3.758676e-03
7.009804e-01 7.009804e-01 -5.749808e-03
7.107843e-01 7.009804e-01 -2.032784e-02
7.205882e-01 7.009804e-01 -2.539337e-02
7.303922e-01 7.009804e-01 -1.131596e-02
7.401961e-01 7.009804e-01 -8.709619e-03
7.500000e-01 7.009804e-01 2.805625e-03
7.598039e-01 7.009804e-01 3.925169e-02
7.696078e-01 7.009804e-01 5.032097e-02
7.794118e-01 7.009804e-01 4.577406e-02
7.892157e-01 7.009804e-01 6.706963e-02
7.990196e-01 7.009804e-01 6.107814e-02
8.088235e-01 7.009804e-01 1.405396e-02
8.186275e-01 7.009804e-01 2.742139e-03
8.284314e-01 7.009804e-01 9.392969e-04
8.382353e-01 7.009804e-01 -5.415416e-02
8.480392e-01 7.009804e-01 -8.480654e-02
8.578431e-01 7.009804e-01 -5.354354e-02
8.676471e-01 7.009804e-01 -6.298839e-02
8.774510e-01 7.009804e-01 -1.052932e-01
8.872549e-01 7.009804e-01 -7.202816e-02
8.970588e-01 7.009804e-01 -1.937834e-02
9.068627e-01 7.009804e-01 -4.884407e-02
9.166667e-01 7.009804e-01 -7.063058e-02
9.264706e-01 7.009804e-01 -7.194441e-03
9.362745e-01 7.009804e-01 2.444205e-02
9.460784e-01 7.009804e-01 -3.057864e-02
9.558824e-01 7.009804e-01 -4.162829e-02
9.656863e-01 7.009804e-01 2.607931e-02
9.754902e-01 7.009804e-01 3.739522e-02
9.852941e-01 7.009804e-01 -2.843342e-02
9.950980e-01 7.009804e-01 -3.653349e-02
4.901961e-03 7.107843e-01 -3.499746e-02
1.470588e-02 7.107843e-01 3.115245e-03
2.450980e-02 7.107843e-01 4.276868e-02
3.431373e-02 7.107843e-01 5.420197e-03
4.411765e-02 7.107843e-01 -3.744477e-02
5.392157e-02 7.107843e-01 -7.209761e-03
6.372549e-02 7.107843e-01 3.706440e-02
7.352941e-02 7.107843e-01 1.541065e-02
8.333333e-02 7.107843e-01 -3.088932e-02
9.313725e-02 7.107843e-01 -2.192478e-02
1.029412e-01 7.107843e-01 2.276383e-02
1.127451e-01 7.107843e-01 2.765417e-02
1.225490e-01 7.107843e-01 -1.105584e-02
1.323529e-01 7.107843e-01 -2.915508e-02
1.421569e-01 7.107843e-01 -1.959953e-03
1.519608e-01 7.107843e-01 2.503577e-02
1.617647e-01 7.107843e-01 1.340140e-02
1.715686e-01 7.107843e-01 -1.515728e-02
1.813725e-01 7.107843e-01 -1.947110e-02
1.911765e-01 7.107843e-01 2.216597e-03
2.009804e-01 7.107843e-01 1.773286e-02
2.107843e-01 7.107843e-01 8.873569e-03
2.205882e-01 7.107843e-01 -9.080068e-03
2.303922e-01 7.107843e-01 -1.324826e-02
2.401961e-01 7.107843e-01 -1.692060e-03
2.500000e-01 7.107843e-01 9.439666e-03
2.598039e-01 7.107843e-01 8.279345e-03
2.696078e-01 7.107843e-01 -1.137365e-03
2.794118e-01 7.107843e-01 -7.335110e-03
2.892157e-01 7.107843e-01 -5.049952e-03
2.990196e-01 7.107843e-01 1.388354e-03
3.088235e-01 7.107843e-01 4.991627e-03
3.186275e-01 7.107843e-01 3.345933e-03
3.284314e-01 7.107843e-01 -6.667050e-04
3.382353e-01 7.107843e-01 -3.052639e-03
3.480392e-01 7.107843e-01 -2.399905e-03
3.578431e-01 7.107843e-01 -1.429856e-04
3.676471e-01 7.107843e-01 1.548408e-03
3.774510e-01 7.107843e-01 1.654793e-03
3.872549e-01 7.107843e-01 6.356221e-04
3.970588e-01 7.107843e-01 -4.599615e-04
4.068627e-01 7.107843e-01 -9.127817e-04
4.166667e-01 7.107843e-01 -6.791964e-04
4.264706e-01 7.107843e-01 -1.586169e-04
4.362745e-01 7.107843e-01 2.747216e-04
4.460784e-01 7.107843e-01 3.764908e-04
4.558824e-01 7.107843e-01 2.873542e-04
4.656863e-01 7.107843e-01 7.384531e-05
4.754902e-01 7.107843e-01 -6.311088e-05
4.852941e-01 7.107843e-01 -4.203796e-05
4.950980e-01 7.107843e-01 -1.039908e-04
5.049020e-01 7.107843e-01 2.671158e-05
5.147059e-01 7.107843e-01 -1.358250e-04
5.245098e-01 7.107843e-01 -2.734676e-04
5.343137e-01 7.107843e-01 -9.400401e-05
5.441176e-01 7.107843e-01 -2.585958e-04
5.539216e-01 7.107843e-01 4.965850e-04
5.637255e-01 7.107843e-01 9.302886e-04
5.735294e-01 7.107843e-01 5.785657e-04
5.833333e-01 7.107843e-01 8.905527e-04
5.931373e-01 7.107843e-01 -1.096740e-03
6.029412e-01 7.107843e-01 -2.767318e-03
6.127451e-01 7.107843e-01 -2.221706e-03
6.225490e-01 7.107843e-01 -3.169100e-03
6.323529e-01 7.107843e-01 4.443926e-04
6.421569e-01 7.107843e-01 6.342215e-03
6.519608e-01 7.107843e-01 6.876335e-03
6.617647e-01 7.107843e-01 9.990791e-03
6.715686e-01 7.107843e-01 8.292245e-03
6.813725e-01 7.107843e-01 -5.393747e-03
6.911765e-01 7.107843e-01 -1.282833e-02
7.009804e-01 7.107843e-01 -2.032784e-02
7.107843e-01 7.107843e-01 -3.318338e-02
7.205882e-01 7.107843e-01 -2.348010e-02
7.303922e-01 7.107843e-01 -3.505918e-03
7.401961e-01 7.107843e-01 7.052422e-03
7.500000e-01 7.107843e-01 3.749405e-02
7.598039e-01 7.107843e-01 7.068627e-02
7.696078e-01 7.107843e-01 6.728320e-02
7.794118e-01 7.107843e-01 6.494044e-02
7.892157e-01 7.107843e-01 6.846917e-02
7.990196e-01 7.107843e-01 2.543426e-02
8.088235e-01 7.107843e-01 -2.489835e-02
8.186275e-01 7.107843e-01 -3.601138e-02
8.284314e-01 7.107843e-01 -6.916163e-02
8.382353e-01 7.107843e-01 -1.239778e-01
8.480392e-01 7.107843e-01 -1.190027e-01
8.578431e-01 7.107843e-01 -9.384353e-02
8.676471e-01 7.107843e-01 -1.182928e-01
8.774510e-01 7.107843e-01 -1.182742e-01
8.872549e-01 7.107843e-01 -5.669838e-02
8.970588e-01 7.107843e-01 -3.654896e-02
9.068627e-01 7.107843e-01 -6.578664e-02
9.166667e-01 7.107843e-01 -3.732581e-02
9.264706e-01 7.107843e-01 2.132542e-02
9.362745e-01 7.107843e-01 4.340428e-03
9.460784e-01 7.107843e-01 -3.527032e-02
9.558824e-01 7.107843e-01 7.935420e-04
9.656863e-01 7.107843e-01 4.388546e-02
9.754902e-01 7.107843e-01 5.994974e-03
9.852941e-01 7.107843e-01 -3.499746e-02
9.950980e-01 7.107843e-01 3.115245e-03
4.901961e-03 7.205882e-01 -1.117254e-02
1.470588e-02 7.205882e-01 7.686910e-03
2.450980e-02 7.205882e-01 2.655384e-02
3.431373e-02 7.205882e-01 4.696579e-03
4.411765e-02 7.205882e-01 -1.847507e-02
5.392157e-02 7.205882e-01 -1.870651e-03
6.372549e-02 7.205882e-01 2.106075e-02
7.352941e-02 7.205882e-01 7.716534e-03
8.333333e-02 7.205882e-01 -1.742751e-02
9.313725e-02 7.205882e-01 -1.087141e-02
1.029412e-01 7.205882e-01 1.406014e-02
1.127451e-01 7.205882e-01 1.478335e-02
1.225490e-01 7.205882e-01 -8.114901e-03
1.323529e-01 7.205882e-01 -1.661232e-02
1.421569e-01 7.205882e-01 1.016301e-03
1.519608e-01 7.205882e-01 1.565310e-02
1.617647e-01 7.205882e-01 6.141086e-03
1.715686e-01 7.205882e-01 -1.113590e-02
1.813725e-01 7.205882e-01 -1.113504e-02
1.911765e-01 7.205882e-01 3.871557e-03
2.009804e-01 7.205882e-01 1.194456e-02
2.107843e-01 7.205882e-01 3.721652e-03
2.205882e-01 7.205882e-01 -7.961587e-03
2.303922e-01 7.205882e-01 -8.328764e-03
2.401961e-01 7.205882e-01 1.091190e-03
2.500000e-01 7.205882e-01 7.719104e-03
2.598039e-01 7.205882e-01 4.719829e-03
2.696078e-01 7.205882e-01 -2.752027e-03
2.794118e-01 7.205882e-01 -5.965351e-03
2.892157e-01 7.205882e-01 -2.601207e-03
2.990196e-01 7.205882e-01 2.562703e-03
3.088235e-01 7.205882e-01 4.226644e-03
3.186275e-01 7.205882e-01 1.731032e-03
3.284314e-01 7.205882e-01 -1.671041e-03
3.382353e-01 7.205882e-01 -2.855927e-03
3.480392e-01 7.205882e-01 -1.459995e-03
3.578431e-01 7.205882e-01 6.891964e-04
3.676471e-01 7.205882e-01 1.749803e-03
3.774510e-01 7.205882e-01 1.275654e-03
3.872549e-01 7.205882e-01 8.062424e-05
3.970588e-01 7.205882e-01 -8.133876e-04
4.068627e-01 7.205882e-01 -9.248600e-04
4.166667e-01 7.205882e-01 -4.587662e-04
4.264706e-01 7.205882e-01 1.063865e-04
4.362745e-01 7.205882e-01 4.356806e-04
4.460784e-01 7.205882e-01 3.974676e-04
4.558824e-01 7.205882e-01 2.308508e-04
4.656863e-01 7.205882e-01 -2.060392e-05
4.754902e-01 7.205882e-01 -1.142315e-04
4.852941e-01 7.205882e-01 -1.120454e-04
4.950980e-01 7.205882e-01 -1.796971e-04
5.049020e-01 7.205882e-01 -3.761284e-05
5.147059e-01 7.205882e-01 -2.081456e-04
5.245098e-01 7.205882e-01 -9.766960e-05
5.343137e-01 7.205882e-01 1.847715e-04
5.441176e-01 7.205882e-01 1.322028e-04
5.539216e-01 7.205882e-01 8.216780e-04
5.637255e-01 7.205882e-01 5.234107e-04
5.735294e-01 7.205882e-01 -2.478839e-04
5.833333e-01 7.205882e-01 -4.698115e-04
5.931373e-01 7.205882e-01 -2.430809e-03
6.029412e-01 7.205882e-01 -2.384936e-03
6.127451e-01 7.205882e-01 -3.817098e-04
6.225490e-01 7.205882e-01 6.092342e-04
6.323529e-01 7.205882e-01 5.530917e-03
6.421569e-01 7.205882e-01 8.870262e-03
6.519608e-01 7.205882e-01 5.972373e-03
6.617647e-01 7.205882e-01 4.048540e-03
6.715686e-01 7.205882e-01 -4.473228e-03
6.813725e-01 7.205882e-01 -1.916763e-02
6.911765e-01 7.205882e-01 -2.366824e-02
7.009804e-01 7.205882e-01 -2.539337e-02
7.107843e-01 7.205882e-01 -2.348010e-02
7.205882e-01 7.205882e-01 3.957552e-04
7.303922e-01 7.205882e-01 2.804857e-02
7.401961e-01 7.205882e-01 4.660793e-02
7.500000e-01 7.205882e-01 7.372517e-02
7.598039e-01 7.205882e-01 8.796810e-02
7.696078e-01 7.205882e-01 6.751530e-02
7.794118e-01 7.205882e-01 4.363919e-02
7.892157e-01 7.205882e-01 1.549901e-02
7.990196e-01 7.205882e-01 -4.376795e-02
8.088235e-01 7.205882e-01 -9.741191e-02
8.186275e-01 7.205882e-01 -1.193430e-01
8.284314e-01 7.205882e-01 -1.485026e-01
8.382353e-01 7.205882e-01 -1.768123e-01
8.480392e-01 7.205882e-01 -1.589181e-01
8.578431e-01 7.205882e-01 -1.277734e-01
8.676471e-01 7.205882e-01 -1.225963e-01
8.774510e-01 7.205882e-01 -9.967111e-02
8.872549e-01 7.205882e-01 -4.588039e-02
8.970588e-01 7.205882e-01 -2.188893e-02
9.068627e-01 7.205882e-01 -2.736180e-02
9.166667e-01 7.205882e-01 -3.578164e-03
9.264706e-01 7.205882e-01 3.086643e-02
9.362745e-01 7.205882e-01 2.081044e-02
9.460784e-01 7.205882e-01 -1.259656e-03
9.558824e-01 7.205882e-01 1.653904e-02
9.656863e-01 7.205882e-01 3.608144e-02
9.754902e-01 7.205882e-01 1.245354e-02
9.852941e-01 7.205882e-01 -1.117254e-02
9.950980e-01 7.205882e-01 7.686910e-03
4.901961e-03 7.303922e-01 -3.283127e-02
1.470588e-02 7.303922e-01 1.392824e-02
2.450980e-02 7.303922e-01 5.749793e-02
3.431373e-02 7.303922e-01 6.258736e-03
4.411765e-02 7.303922e-01 -4.488289e-02
5.392157e-02 7.303922e-01 -4.384099e-03
6.372549e-02 7.303922e-01 4.710345e-02
7.352941e-02 7.303922e-01 1.556153e-02
8.333333e-02 7.303922e-01 -3.945510e-02
9.313725e-02 7.303922e-01 -2.304070e-02
1.029412e-01 7.303922e-01 3.081795e-02
1.127451e-01 7.303922e-01 3.059168e-02
1.225490e-01 7.303922e-01 -1.773551e-02
1.323529e-01 7.303922e-01 -3.361671e-02
1.421569e-01 7.303922e-01 2.928930e-03
1.519608e-01 7.303922e-01 3.075652e-02
1.617647e-01 7.303922e-01 1.091420e-02
1.715686e-01 7.303922e-01 -2.140895e-02
1.813725e-01 7.303922e-01 -1.981351e-02
1.911765e-01 7.303922e-01 7.819940e-03
2.009804e-01 7.303922e-01 2.081608e-02
2.107843e-01 7.303922e-01 5.390926e-03
2.205882e-01 7.303922e-01 -1.385296e-02
2.303922e-01 7.303922e-01 -1.298710e-02
2.401961e-01 7.303922e-01 2.736939e-03
2.500000e-01 7.303922e-01 1.218481e-02
2.598039e-01 7.303922e-01 6.340118e-03
2.696078e-01 7.303922e-01 -4.941654e-03
2.794118e-01 7.303922e-01 -8.601504e-03
2.892157e-01 7.303922e-01 -2.851227e-03
2.990196e-01 7.303922e-01 4.262806e-03
3.088235e-01 7.303922e-01 5.644798e-03
3.186275e-01 7.303922e-01 1.592965e-03
3.284314e-01 7.303922e-01 -2.782573e-03
3.382353e-01 7.303922e-01 -3.649355e-03
3.480392e-01 7.303922e-01 -1.328983e-03
3.578431e-01 7.303922e-01 1.366174e-03
3.676471e-01 7.303922e-01 2.260748e-03
3.774510e-01 7.303922e-01 1.264947e-03
3.872549e-01 7.303922e-01 -2.915300e-04
3.970588e-01 7.303922e-01 -1.177854e-03
4.068627e-01 7.303922e-01 -1.031964e-03
4.166667e-01 7.303922e-01 -3.226268e-04
4.264706e-01 7.303922e-01 3.368266e-04
4.362745e-01 7.303922e-01 5.953867e-04
4.460784e-01 7.303922e-01 4.280201e-04
4.558824e-01 7.303922e-01 1.631666e-04
4.656863e-01 7.303922e-01 -1.495255e-04
4.754902e-01 7.303922e-01 -2.033007e-04
4.852941e-01 7.303922e-01 -1.855544e-04
4.950980e-01 7.303922e-01 -1.648722e-04
5.049020e-01 7.303922e-01 6.141986e-05
5.147059e-01 7.303922e-01 -1.082591e-04
5.245098e-01 7.303922e-01 9.368121e-05
5.343137e-01 7.303922e-01 1.932775e-04
5.441176e-01 7.303922e-01 -2.650892e-05
5.539216e-01 7.303922e-01 5.545222e-04
5.637255e-01 7.303922e-01 -5.895319e-05
5.735294e-01 7.303922e-01 -4.942108e-04
5.833333e-01 7.303922e-01 -2.421833e-04
5.931373e-01 7.303922e-01 -1.767324e-03
6.029412e-01 7.303922e-01 -6.181756e-04
6.127451e-01 7.303922e-01 1.394863e-03
6.225490e-01 7.303922e-01 1.379763e-03
6.323529e-01 7.303922e-01 5.292523e-03
6.421569e-01 7.303922e-01 5.629282e-03
6.519608e-01 7.303922e-01 -2.435652e-04
6.617647e-01 7.303922e-01 -2.274694e-03
6.715686e-01 7.303922e-01 -1.052543e-02
6.813725e-01 7.303922e-01 -2.193231e-02
6.911765e-01 7.303922e-01 -1.728573e-02
7.009804e-01 7.303922e-01 -1.131596e-02
7.107843e-01 7.303922e-01 -3.505918e-03
7.205882e-01 7.303922e-01 2.804857e-02
7.303922e-01 7.303922e-01 5.375470e-02
7.401961e-01 7.303922e-01 5.917409e-02
7.500000e-01 7.303922e-01 7.486700e-02
7.598039e-01 7.303922e-01 7.072946e-02
7.696078e-01 7.303922e-01 2.054576e-02
7.794118e-01 7.303922e-01 -1.978398e-02
7.892157e-01 7.303922e-01 -5.339103e-02
7.990196e-01 7.303922e-01 -1.271694e-01
8.088235e-01 7.303922e-01 -1.800105e-01
8.186275e-01 7.303922e-01 -1.741448e-01
8.284314e-01 7.303922e-01 -1.881937e-01
8.382353e-01 7.303922e-01 -2.099049e-01
8.480392e-01 7.303922e-01 -1.556303e-01
8.578431e-01 7.303922e-01 -9.175065e-02
8.676471e-01 7.303922e-01 -9.301419e-02
8.774510e-01 7.303922e-01 -6.517193e-02
8.872549e-01 7.303922e-01 2.154582e-02
8.970588e-01 7.303922e-01 4.224790e-02
9.068627e-01 7.303922e-01 3.051718e-03
9.166667e-01 7.303922e-01 3.397281e-02
9.264706e-01 7.303922e-01 9.201864e-02
9.362745e-01 7.303922e-01 5.437069e-02
9.460784e-01 7.303922e-01 -3.313801e-03
9.558824e-01 7.303922e-01 3.471304e-02
9.656863e-01 7.303922e-01 7.658168e-02
9.754902e-01 7.303922e-01 1.983557e-02
9.852941e-01 7.303922e-01 -3.283127e-02
9.950980e-01 7.303922e-01 1.392824e-02
4.901961e-03 7.401961e-01 -1.525439e-02
1.470588e-02 7.401961e-01 7.731695e-02
2.450980e-02 7.401961e-01 5.192907e-02
3.431373e-02 7.401961e-01 -5.061961e-02
4.411765e-02 7.401961e-01 -4.097497e-02
5.392157e-02 7.401961e-01 5.353556e-02
6.372549e-02 7.401961e-01 5.387218e-02
7.352941e-02 7.401961e-01 -3.720664e-02
8.333333e-02 7.401961e-01 -5.692443e-02
9.313725e-02 7.401961e-01 2.162737e-02
1.029412e-01 7.401961e-01 5.935909e-02
1.127451e-01 7.401961e-01 -8.947821e-04
1.225490e-01 7.401961e-01 -5.378842e-02
1.323529e-01 7.401961e-01 -1.899753e-02
1.421569e-01 7.401961e-01 4.012546e-02
1.519608e-01 7.401961e-01 3.383565e-02
1.617647e-01 7.401961e-01 -1.937913e-02
1.715686e-01 7.401961e-01 -3.841299e-02
1.813725e-01 7.401961e-01 -3.161144e-03
1.911765e-01 7.401961e-01 3.060190e-02
2.009804e-01 7.401961e-01 1.992720e-02
2.107843e-01 7.401961e-01 -1.341224e-02
2.205882e-01 7.401961e-01 -2.453325e-02
2.303922e-01 7.401961e-01 -4.979665e-03
2.401961e-01 7.401961e-01 1.625433e-02
2.500000e-01 7.401961e-01 1.523320e-02
2.598039e-01 7.401961e-01 -1.743774e-03
2.696078e-01 7.401961e-01 -1.309176e-02
2.794118e-01 7.401961e-01 -8.736021e-03
2.892157e-01 7.401961e-01 2.996438e-03
2.990196e-01 7.401961e-01 9.006720e-03
3.088235e-01 7.401961e-01 5.348124e-03
3.186275e-01 7.401961e-01 -2.001093e-03
3.284314e-01 7.401961e-01 -5.667756e-03
3.382353e-01 7.401961e-01 -3.716126e-03
3.480392e-01 7.401961e-01 5.770282e-04
3.578431e-01 7.401961e-01 3.171611e-03
3.676471e-01 7.401961e-01 2.695788e-03
3.774510e-01 7.401961e-01 4.931840e-04
3.872549e-01 7.401961e-01 -1.334497e-03
3.970588e-01 7.401961e-01 -1.731150e-03
4.068627e-01 7.401961e-01 -9.271234e-04
4.166667e-01 7.401961e-01 1.312585e-04
4.264706e-01 7.401961e-01 7.638651e-04
4.362745e-01 7.401961e-01 7.626211e-04
4.460784e-01 7.401961e-01 3.534451e-04
4.558824e-01 7.401961e-01 -2.406165e-05
4.656863e-01 7.401961e-01 -3.241456e-04
4.754902e-01 7.401961e-01 -2.389879e-04
4.852941e-01 7.401961e-01 -1.691176e-04
4.950980e-01 7.401961e-01 -7.191092e-05
5.049020e-01 7.401961e-01 8.899247e-05
5.147059e-01 7.401961e-01 -2.206284e-04
5.245098e-01 7.401961e-01 5.892248e-05
5.343137e-01 7.401961e-01 4.450701e-05
5.441176e-01 7.401961e-01 1.077064e-04
5.539216e-01 7.401961e-01 9.450612e-04
5.637255e-01 7.401961e-01 6.824001e-05
5.735294e-01 7.401961e-01 -7.439635e-05
5.833333e-01 7.401961e-01 -4.757274e-04
5.931373e-01 7.401961e-01 -2.654873e-03
6.029412e-01 7.401961e-01 -7.281520e-04
6.127451e-01 7.401961e-01 5.459073e-04
6.225490e-01 7.401961e-01 1.233907e-03
6.323529e-01 7.401961e-01 6.986472e-03
6.421569e-01 7.401961e-01 5.124375e-03
6.519608e-01 7.401961e-01 -3.991826e-04
6.617647e-01 7.401961e-01 -1.549767e-03
6.715686e-01 7.401961e-01 -1.436562e-02
6.813725e-01 7.401961e-01 -2.260628e-02
6.911765e-01 7.401961e-01 -1.217213e-02
7.009804e-01 7.401961e-01 -8.709619e-03
7.107843e-01 7.401961e-01 7.052422e-03
7.205882e-01 7.401961e-01 4.660793e-02
7.303922e-01 7.401961e-01 5.917409e-02
7.401961e-01 7.401961e-01 5.957507e-02
7.500000e-01 7.401961e-01 7.326011e-02
7.598039e-01 7.401961e-01 3.662778e-02
7.696078e-01 7.401961e-01 -3.378814e-02
7.794118e-01 7.401961e-01 -6.651175e-02
7.892157e-01 7.401961e-01 -1.207701e-01
7.990196e-01 7.401961e-01 -2.086937e-01
8.088235e-01 7.401961e-01 -2.191916e-01
8.186275e-01 7.401961e-01 -1.914870e-01
8.284314e-01 7.401961e-01 -2.170341e-01
8.382353e-01 7.401961e-01 -1.908092e-01
8.480392e-01 7.401961e-01 -7.843629e-02
8.578431e-01 7.401961e-01 -3.652489e-02
8.676471e-01 7.401961e-01 -4.336660e-02
8.774510e-01 7.401961e-01 4.750438e-02
8.872549e-01 7.401961e-01 1.325318e-01
8.970588e-01 7.401961e-01 8.411030e-02
9.068627e-01 7.401961e-01 5.881454e-02
9.166667e-01 7.401961e-01 1.426521e-01
9.264706e-01 7.401961e-01 1.480097e-01
9.362745e-01 7.401961e-01 4.035862e-02
9.460784e-01 7.401961e-01 2.874246e-02
9.558824e-01 7.401961e-01 1.127062e-01
9.656863e-01 7.401961e-01 8.392203e-02
9.754902e-01 7.401961e-01 -2.726743e-02
9.852941e-01 7.401961e-01 -1.525439e-02
9.950980e-01 7.401961e-01 7.731695e-02
4.901961e-03 7.500000e-01 5.768750e-02
1.470588e-02 7.500000e-01 7.156336e-02
2.450980e-02 7.500000e-01 -1.139301e-02
3.431373e-02 7.500000e-01 -4.288655e-02
4.411765e-02 7.500000e-01 2.556007e-02
5.392157e-02 7.500000e-01 5.688963e-02
6.372549e-02 7.500000e-01 -8.094823e-03
7.352941e-02 7.500000e-01 -5.176023e-02
8.333333e-02 7.500000e-01 -1.854977e-03
9.313725e-02 7.500000e-01 4.942912e-02
1.029412e-01 7.500000e-01 1.710780e-02
1.127451e-01 7.500000e-01 -3.938992e-02
1.225490e-01 7.500000e-01 -2.941298e-02
1.323529e-01 7.500000e-01 2.418685e-02
1.421569e-01 7.500000e-01 3.641593e-02
1.519608e-01 7.500000e-01 -5.010108e-03
1.617647e-01 7.500000e-01 -3.423097e-02
1.715686e-01 7.500000e-01 -1.300226e-02
1.813725e-01 7.500000e-01 2.240724e-02
1.911765e-01 7.500000e-01 2.368918e-02
2.009804e-01 7.500000e-01 -4.830061e-03
2.107843e-01 7.500000e-01 -2.274030e-02
2.205882e-01 7.500000e-01 -1.072819e-02
2.303922e-01 7.500000e-01 1.136581e-02
2.401961e-01 7.500000e-01 1.665453e-02
2.500000e-01 7.500000e-01 2.985996e-03
2.598039e-01 7.500000e-01 -1.098943e-02
2.696078e-01 7.500000e-01 -1.090226e-02
2.794118e-01 7.500000e-01 -1.876644e-04
2.892157e-01 7.500000e-01 8.264783e-03
2.990196e-01 7.500000e-01 7.186649e-03
3.088235e-01 7.500000e-01 3.511077e-05
3.186275e-01 7.500000e-01 -5.359951e-03
3.284314e-01 7.500000e-01 -4.971510e-03
3.382353e-01 7.500000e-01 -7.580382e-04
3.480392e-01 7.500000e-01 2.887536e-03
3.578431e-01 7.500000e-01 3.402371e-03
3.676471e-01 7.500000e-01 1.382567e-03
3.774510e-01 7.500000e-01 -9.806441e-04
3.872549e-01 7.500000e-01 -1.989491e-03
3.970588e-01 7.500000e-01 -1.468629e-03
4.068627e-01 7.500000e-01 -2.252826e-04
4.166667e-01 7.500000e-01 7.175199e-04
4.264706e-01 7.500000e-01 9.811365e-04
4.362745e-01 7.500000e-01 6.301280e-04
4.460784e-01 7.500000e-01 9.501108e-05
4.558824e-01 7.500000e-01 -2.392709e-04
4.656863e-01 7.500000e-01 -4.116385e-04
4.754902e-01 7.500000e-01 -2.071905e-04
4.852941e-01 7.500000e-01 -1.835366e-04
4.950980e-01 7.500000e-01 -7.841986e-05
5.049020e-01 7.500000e-01 -1.630334e-05
5.147059e-01 7.500000e-01 -2.154180e-04
5.245098e-01 7.500000e-01 3.503705e-04
5.343137e-01 7.500000e-01 3.639479e-04
5.441176e-01 7.500000e-01 6.712865e-04
5.539216e-01 7.500000e-01 9.286233e-04
5.637255e-01 7.500000e-01 -7.398528e-04
5.735294e-01 7.500000e-01 -1.109745e-03
5.833333e-01 7.500000e-01 -2.259515e-03
5.931373e-01 7.500000e-01 -3.003852e-03
6.029412e-01 7.500000e-01 1.037017e-03
6.127451e-01 7.500000e-01 3.076211e-03
6.225490e-01 7.500000e-01 6.173734e-03
6.323529e-01 7.500000e-01 1.004854e-02
6.421569e-01 7.500000e-01 2.868260e-03
6.519608e-01 7.500000e-01 -4.622285e-03
6.617647e-01 7.500000e-01 -1.199028e-02
6.715686e-01 7.500000e-01 -2.724901e-02
6.813725e-01 7.500000e-01 -2.557392e-02
6.911765e-01 7.500000e-01 -9.992484e-03
7.009804e-01 7.500000e-01 2.805625e-03
7.107843e-01 7.500000e-01 3.749405e-02
7.205882e-01 7.500000e-01 7.372517e-02
7.303922e-01 7.500000e-01 7.486700e-02
7.401961e-01 7.500000e-01 7.326011e-02
7.500000e-01 7.500000e-01 5.505188e-02
7.598039e-01 7.500000e-01 -2.045054e-02
7.696078e-01 7.500000e-01 -9.229032e-02
7.794118e-01 7.500000e-01 -1.400926e-01
7.892157e-01 7.500000e-01 -2.184974e-01
7.990196e-01 7.500000e-01 -2.676698e-01
8.088235e-01 7.500000e-01 -2.347285e-01
8.186275e-01 7.500000e-01 -2.093652e-01
8.284314e-01 7.500000e-01 -1.887041e-01
8.382353e-01 7.500000e-01 -8.327658e-02
8.480392e-01 7.500000e-01 2.503526e-02
8.578431e-01 7.500000e-01 5.307112e-02
8.676471e-01 7.500000e-01 1.103963e-01
8.774510e-01 7.500000e-01 2.137019e-01
8.872549e-01 7.500000e-01 2.213604e-01
8.970588e-01 7.500000e-01 1.703419e-01
9.068627e-01 7.500000e-01 2.015615e-01
9.166667e-01 7.500000e-01 2.333695e-01
9.264706e-01 7.500000e-01 1.517574e-01
9.362745e-01 7.500000e-01 8.335584e-02
9.460784e-01 7.500000e-01 1.241462e-01
9.558824e-01 7.500000e-01 1.312998e-01
9.656863e-01 7.500000e-01 3.632025e-02
9.754902e-01 7.500000e-01 -5.927455e-03
9.852941e-01 7.500000e-01 5.768750e-02
9.950980e-01 7.500000e-01 7.156336e-02
4.901961e-03 7.598039e-01 4.143236e-02
1.470588e-02 7.598039e-01 3.116621e-02
2.450980e-02 7.598039e-01 1.241117e-02
3.431373e-02 7.598039e-01 3.990339e-03
4.411765e-02 7.598039e-01 1.009318e-02
5.392157e-02 7.598039e-01 1.134235e-02
6.372549e-02 7.598039e-01 1.428949e-05
7.352941e-02 7.598039e-01 -6.818364e-03
8.333333e-02 7.598039e-01 1.259521e-03
9.313725e-02 7.598039e-01 9.230142e-03
1.029412e-01 7.598039e-01 2.569632e-03
1.127451e-01 7.598039e-01 -8.211612e-03
1.225490e-01 7.598039e-01 -5.541583e-03
1.323529e-01 7.598039e-01 6.293953e-03
1.421569e-01 7.598039e-01 8.535313e-03
1.519608e-01 7.598039e-01 -2.257363e-03
1.617647e-01 7.598039e-01 -9.656292e-03
1.715686e-01 7.598039e-01 -2.921993e-03
1.813725e-01 7.598039e-01 7.794784e-03
1.911765e-01 7.598039e-01 7.431214e-03
2.009804e-01 7.598039e-01 -2.832943e-03
2.107843e-01 7.598039e-01 -8.826014e-03
2.205882e-01 7.598039e-01 -3.305231e-03
2.303922e-01 7.598039e-01 5.785546e-03
2.401961e-01 7.598039e-01 7.188900e-03
2.500000e-01 7.598039e-01 2.298757e-04
2.598039e-01 7.598039e-01 -6.159693e-03
2.696078e-01 7.598039e-01 -5.136101e-03
2.794118e-01 7.598039e-01 1.045224e-03
2.892157e-01 7.598039e-01 5.239080e-03
2.990196e-01 7.598039e-01 3.706616e-03
3.088235e-01 7.598039e-01 -9.922681e-04
3.186275e-01 7.598039e-01 -3.929809e-03
3.284314e-01 7.598039e-01 -2.912810e-03
3.382353e-01 7.598039e-01 2.970275e-04
3.480392e-01 7.598039e-01 2.570724e-03
3.578431e-01 7.598039e-01 2.366878e-03
3.676471e-01 7.598039e-01 4.901002e-04
3.774510e-01 7.598039e-01 -1.265411e-03
3.872549e-01 7.598039e-01 -1.711138e-03
3.970588e-01 7.598039e-01 -9.630610e-04
4.068627e-01 7.598039e-01 1.812464e-04
4.166667e-01 7.598039e-01 8.560136e-04
4.264706e-01 7.598039e-01 8.935760e-04
4.362745e-01 7.598039e-01 4.243573e-04
4.460784e-01 7.598039e-01 -7.600909e-05
4.558824e-01 7.598039e-01 -3.468089e-04
4.656863e-01 7.598039e-01 -4.510076e-04
4.754902e-01 7.598039e-01 -2.198992e-04
4.852941e-01 7.598039e-01 -2.180431e-04
4.950980e-01 7.598039e-01 -1.531670e-07
5.049020e-01 7.598039e-01 1.225833e-04
5.147059e-01 7.598039e-01 1.181258e-04
5.245098e-01 7.598039e-01 6.729957e-04
5.343137e-01 7.598039e-01 3.403105e-04
5.441176e-01 7.598039e-01 2.829398e-04
5.539216e-01 7.598039e-01 -1.914817e-04
5.637255e-01 7.598039e-01 -1.819337e-03
5.735294e-01 7.598039e-01 -1.430132e-03
5.833333e-01 7.598039e-01 -1.367008e-03
5.931373e-01 7.598039e-01 1.138373e-04
6.029412e-01 7.598039e-01 4.684790e-03
6.127451e-01 7.598039e-01 5.672073e-03
6.225490e-01 7.598039e-01 6.078240e-03
6.323529e-01 7.598039e-01 3.915627e-03
6.421569e-01 7.598039e-01 -7.187094e-03
6.519608e-01 7.598039e-01 -1.580454e-02
6.617647e-01 7.598039e-01 -2.144147e-02
6.715686e-01 7.598039e-01 -2.545151e-02
6.813725e-01 7.598039e-01 -1.078565e-02
6.911765e-01 7.598039e-01 1.491066e-02
7.009804e-01 7.598039e-01 3.925169e-02
7.107843e-01 7.598039e-01 7.068627e-02
7.205882e-01 7.598039e-01 8.796810e-02
7.303922e-01 7.598039e-01 7.072946e-02
7.401961e-01 7.598039e-01 3.662778e-02
7.500000e-01 7.598039e-01 -2.045054e-02
7.598039e-01 7.598039e-01 -1.078283e-01
7.696078e-01 7.598039e-01 -1.853435e-01
7.794118e-01 7.598039e-01 -2.376543e-01
7.892157e-01 7.598039e-01 -2.765749e-01
7.990196e-01 7.598039e-01 -2.725830e-01
8.088235e-01 7.598039e-01 -2.123206e-01
8.186275e-01 7.598039e-01 -1.330669e-01
8.284314e-01 7.598039e-01 -4.014936e-02
8.382353e-01 7.598039e-01 7.922207e-02
8.480392e-01 7.598039e-01 1.885398e-01
8.578431e-01 7.598039e-01 2.611145e-01
8.676471e-01 7.598039e-01 3.196587e-01
8.774510e-01 7.598039e-01 3.629356e-01
8.872549e-01 7.598039e-01 3.633919e-01
8.970588e-01 7.598039e-01 3.361553e-01
9.068627e-01 7.598039e-01 3.112265e-01
9.166667e-01 7.598039e-01 2.770807e-01
9.264706e-01 7.598039e-01 2.223508e-01
9.362745e-01 7.598039e-01 1.727858e-01
9.460784e-01 7.598039e-01 1.424612e-01
9.558824e-01 7.598039e-01 1.110895e-01
9.656863e-01 7.598039e-01 7.253528e-02
9.754902e-01 7.598039e-01 4.806568e-02
9.852941e-01 7.598039e-01 4.143236e-02
9.950980e-01 7.598039e-01 3.116621e-02
4.901961e-03 7.696078e-01 3.514283e-02
1.470588e-02 7.696078e-01 8.911628e-02
2.450980e-02 7.696078e-01 2.761248e-02
3.431373e-02 7.696078e-01 -4.824271e-02
4.411765e-02 7.696078e-01 -7.414685e-03
5.392157e-02 7.696078e-01 6.065342e-02
6.372549e-02 7.696078e-01 2.503478e-02
7.352941e-02 7.696078e-01 -4.800282e-02
8.333333e-02 7.696078e-01 -3.062690e-02
9.313725e-02 7.696078e-01 3.901907e-02
1.029412e-01 7.696078e-01 3.946904e-02
1.127451e-01 7.696078e-01 -2.344042e-02
1.225490e-01 7.696078e-01 -4.285703e-02
1.323529e-01 7.696078e-01 6.066757e-03
1.421569e-01 7.696078e-01 4.018693e-02
1.519608e-01 7.696078e-01 1.095154e-02
1.617647e-01 7.696078e-01 -3.004013e-02
1.715686e-01 7.696078e-01 -2.309943e-02
1.813725e-01 7.696078e-01 1.432796e-02
1.911765e-01 7.696078e-01 2.671211e-02
2.009804e-01 7.696078e-01 2.375180e-03
2.107843e-01 7.696078e-01 -2.070019e-02
2.205882e-01 7.696078e-01 -1.409504e-02
2.303922e-01 7.696078e-01 8.133769e-03
2.401961e-01 7.696078e-01 1.651530e-02
2.500000e-01 7.696078e-01 4.491658e-03
2.598039e-01 7.696078e-01 -9.945039e-03
2.696078e-01 7.696078e-01 -1.063457e-02
2.794118e-01 7.696078e-01 -1.552199e-04
2.892157e-01 7.696078e-01 8.078632e-03
2.990196e-01 7.696078e-01 6.523048e-03
3.088235e-01 7.696078e-01 -7.904822e-04
3.186275e-01 7.696078e-01 -5.578367e-03
3.284314e-01 7.696078e-01 -4.263432e-03
3.382353e-01 7.696078e-01 3.136064e-04
3.480392e-01 7.696078e-01 3.423753e-03
3.578431e-01 7.696078e-01 3.012632e-03
3.676471e-01 7.696078e-01 4.577518e-04
3.774510e-01 7.696078e-01 -1.708704e-03
3.872549e-01 7.696078e-01 -2.062902e-03
3.970588e-01 7.696078e-01 -9.742226e-04
4.068627e-01 7.696078e-01 4.208323e-04
4.166667e-01 7.696078e-01 1.098659e-03
4.264706e-01 7.696078e-01 9.881692e-04
4.362745e-01 7.696078e-01 3.363249e-04
4.460784e-01 7.696078e-01 -2.326966e-04
4.558824e-01 7.696078e-01 -5.058647e-04
4.656863e-01 7.696078e-01 -5.202037e-04
4.754902e-01 7.696078e-01 -1.797992e-04
4.852941e-01 7.696078e-01 -1.043100e-04
4.950980e-01 7.696078e-01 2.222299e-04
5.049020e-01 7.696078e-01 2.462917e-04
5.147059e-01 7.696078e-01 1.315773e-04
5.245098e-01 7.696078e-01 4.473771e-04
5.343137e-01 7.696078e-01 -1.847306e-04
5.441176e-01 7.696078e-01 -8.946048e-05
5.539216e-01 7.696078e-01 -3.136907e-04
5.637255e-01 7.696078e-01 -1.254636e-03
5.735294e-01 7.696078e-01 7.202645e-05
5.833333e-01 7.696078e-01 1.736922e-04
5.931373e-01 7.696078e-01 1.177072e-03
6.029412e-01 7.696078e-01 4.295671e-03
6.127451e-01 7.696078e-01 2.379450e-03
6.225490e-01 7.696078e-01 8.661489e-04
6.323529e-01 7.696078e-01 -1.638062e-03
6.421569e-01 7.696078e-01 -1.178458e-02
6.519608e-01 7.696078e-01 -1.487620e-02
6.617647e-01 7.696078e-01 -1.239654e-02
6.715686e-01 7.696078e-01 -1.067526e-02
6.813725e-01 7.696078e-01 1.012838e-02
6.911765e-01 7.696078e-01 3.748093e-02
7.009804e-01 7.696078e-01 5.032097e-02
7.107843e-01 7.696078e-01 6.728320e-02
7.205882e-01 7.696078e-01 6.751530e-02
7.303922e-01 7.696078e-01 2.054576e-02
7.401961e-01 7.696078e-01 -3.378814e-02
7.500000e-01 7.696078e-01 -9.229032e-02
7.598039e-01 7.696078e-01 -1.853435e-01
7.696078e-01 7.696078e-01 -2.507245e-01
7.794118e-01 7.696078e-01 -2.532898e-01
7.892157e-01 7.696078e-01 -2.519533e-01
7.990196e-01 7.696078e-01 -2.148092e-01
8.088235e-01 7.696078e-01 -8.333348e-02
8.186275e-01 7.696078e-01 5.256595e-02
8.284314e-01 7.696078e-01 1.491627e-01
8.382353e-01 7.696078e-01 2.957621e-01
8.480392e-01 7.696078e-01 4.489350e-01
8.578431e-01 7.696078e-01 4.906448e-01
8.676471e-01 7.696078e-01 5.014982e-01
8.774510e-01 7.696078e-01 5.650794e-01
8.872549e-01 7.696078e-01 5.568307e-01
8.970588e-01 7.696078e-01 4.431034e-01
9.068627e-01 7.696078e-01 3.881746e-01
9.166667e-01 7.696078e-01 3.948987e-01
9.264706e-01 7.696078e-01 3.051028e-01
9.362745e-01 7.696078e-01 1.704772e-01
9.460784e-01 7.696078e-01 1.553940e-01
9.558824e-01 7.696078e-01 1.823372e-01
9.656863e-01 7.696078e-01 9.889333e-02
9.754902e-01 7.696078e-01 2.651979e-03
9.852941e-01 7.696078e-01 3.514283e-02
9.950980e-01 7.696078e-01 8.911628e-02
4.901961e-03 7.794118e-01 1.289287e-01
1.470588e-02 7.794118e-01 7.996677e-02
2.450980e-02 7.794118e-01 -6.209164e-02
3.431373e-02 7.794118e-01 -4.241007e-02
4.411765e-02 7.794118e-01 8.222176e-02
5.392157e-02 7.794118e-01 6.703151e-02
6.372549e-02 7.794118e-01 -5.929077e-02
7.352941e-02 7.794118e-01 -6.982545e-02
8.333333e-02 7.794118e-01 4.323439e-02
9.313725e-02 7.794118e-01 7.750839e-02
1.029412e-01 7.794118e-01 -1.700047e-02
1.127451e-01 7.794118e-01 -7.539488e-02
1.225490e-01 7.794118e-01 -1.021466e-02
1.323529e-01 7.794118e-01 6.351025e-02
1.421569e-01 7.794118e-01 3.446894e-02
1.519608e-01 7.794118e-01 -4.058029e-02
1.617647e-01 7.794118e-01 -4.826003e-02
1.715686e-01 7.794118e-01 1.125457e-02
1.813725e-01 7.794118e-01 4.653339e-02
1.911765e-01 7.794118e-01 1.571271e-02
2.009804e-01 7.794118e-01 -2.957909e-02
2.107843e-01 7.794118e-01 -3.042015e-02
2.205882e-01 7.794118e-01 5.095083e-03
2.303922e-01 7.794118e-01 2.768326e-02
2.401961e-01 7.794118e-01 1.457123e-02
2.500000e-01 7.794118e-01 -1.157495e-02
2.598039e-01 7.794118e-01 -1.970873e-02
2.696078e-01 7.794118e-01 -5.846720e-03
2.794118e-01 7.794118e-01 1.050238e-02
2.892157e-01 7.794118e-01 1.280297e-02
2.990196e-01 7.794118e-01 2.686999e-03
3.088235e-01 7.794118e-01 -7.205211e-03
3.186275e-01 7.794118e-01 -8.253420e-03
3.284314e-01 7.794118e-01 -2.156018e-03
3.382353e-01 7.794118e-01 3.961309e-03
3.480392e-01 7.794118e-01 5.276003e-03
3.578431e-01 7.794118e-01 2.296728e-03
3.676471e-01 7.794118e-01 -1.422220e-03
3.774510e-01 7.794118e-01 -3.042505e-03
3.872549e-01 7.794118e-01 -2.161311e-03
3.970588e-01 7.794118e-01 -2.263589e-04
4.068627e-01 7.794118e-01 1.246621e-03
4.166667e-01 7.794118e-01 1.485289e-03
4.264706e-01 7.794118e-01 8.914742e-04
4.362745e-01 7.794118e-01 -2.412081e-05
4.460784e-01 7.794118e-01 -5.470457e-04
4.558824e-01 7.794118e-01 -6.558566e-04
4.656863e-01 7.794118e-01 -4.542048e-04
4.754902e-01 7.794118e-01 -2.683835e-05
4.852941e-01 7.794118e-01 7.087522e-08
4.950980e-01 7.794118e-01 2.618216e-04
5.049020e-01 7.794118e-01 6.822274e-05
5.147059e-01 7.794118e-01 3.765941e-05
5.245098e-01 7.794118e-01 4.350930e-04
5.343137e-01 7.794118e-01 -3.753236e-05
5.441176e-01 7.794118e-01 4.973808e-04
5.539216e-01 7.794118e-01 -8.946147e-05
5.637255e-01 7.794118e-01 -1.151918e-03
5.735294e-01 7.794118e-01 -1.942382e-04
5.833333e-01 7.794118e-01 -1.252676e-03
5.931373e-01 7.794118e-01 4.626818e-04
6.029412e-01 7.794118e-01 3.617552e-03
6.127451e-01 7.794118e-01 1.615292e-03
6.225490e-01 7.794118e-01 2.809216e-03
6.323529e-01 7.794118e-01 -5.179573e-04
6.421569e-01 7.794118e-01 -1.105567e-02
6.519608e-01 7.794118e-01 -1.053101e-02
6.617647e-01 7.794118e-01 -1.099082e-02
6.715686e-01 7.794118e-01 -9.001711e-03
6.813725e-01 7.794118e-01 1.800821e-02
6.911765e-01 7.794118e-01 3.782999e-02
7.009804e-01 7.794118e-01 4.577406e-02
7.107843e-01 7.794118e-01 6.494044e-02
7.205882e-01 7.794118e-01 4.363919e-02
7.303922e-01 7.794118e-01 -1.978398e-02
7.401961e-01 7.794118e-01 -6.651175e-02
7.500000e-01 7.794118e-01 -1.400926e-01
7.598039e-01 7.794118e-01 -2.376543e-01
7.696078e-01 7.794118e-01 -2.532898e-01
7.794118e-01 7.794118e-01 -2.263997e-01
7.892157e-01 7.794118e-01 -2.101199e-01
7.990196e-01 7.794118e-01 -9.016215e-02
8.088235e-01 7.794118e-01 1.083577e-01
8.186275e-01 7.794118e-01 2.357347e-01
8.284314e-01 7.794118e-01 3.744121e-01
8.382353e-01 7.794118e-01 5.927729e-01
8.480392e-01 7.794118e-01 7.015756e-01
8.578431e-01 7.794118e-01 6.873188e-01
8.676471e-01 7.794118e-01 7.496026e-01
8.774510e-01 7.794118e-01 8.015722e-01
8.872549e-01 7.794118e-01 6.685065e-01
8.970588e-01 7.794118e-01 5.370783e-01
9.068627e-01 7.794118e-01 5.523858e-01
9.166667e-01 7.794118e-01 4.887169e-01
9.264706e-01 7.794118e-01 2.810718e-01
9.362745e-01 7.794118e-01 2.011515e-01
9.460784e-01 7.794118e-01 2.643642e-01
9.558824e-01 7.794118e-01 1.936752e-01
9.656863e-01 7.794118e-01 2.089797e-02
9.754902e-01 7.794118e-01 1.972533e-02
9.852941e-01 7.794118e-01 1.289287e-01
9.950980e-01 7.794118e-01 7.996677e-02
4.901961e-03 7.892157e-01 1.035053e-01
1.470588e-02 7.892157e-01 -2.409371e-02
2.450980e-02 7.892157e-01 -3.835228e-02
3.431373e-02 7.892157e-01 6.284595e-02
4.411765e-02 7.892157e-01 6.937645e-02
5.392157e-02 7.892157e-01 -3.649412e-02
6.372549e-02 7.892157e-01 -6.383983e-02
7.352941e-02 7.892157e-01 2.690576e-02
8.333333e-02 7.892157e-01 6.903347e-02
9.313725e-02 7.892157e-01 -5.085604e-03
1.029412e-01 7.892157e-01 -6.401052e-02
1.127451e-01 7.892157e-01 -1.596283e-02
1.225490e-01 7.892157e-01 5.194154e-02
1.323529e-01 7.892157e-01 3.456716e-02
1.421569e-01 7.892157e-01 -3.099865e-02
1.519608e-01 7.892157e-01 -4.398089e-02
1.617647e-01 7.892157e-01 5.496145e-03
1.715686e-01 7.892157e-01 4.020989e-02
1.813725e-01 7.892157e-01 1.709233e-02
1.911765e-01 7.892157e-01 -2.375743e-02
2.009804e-01 7.892157e-01 -2.829285e-02
2.107843e-01 7.892157e-01 1.666937e-03
2.205882e-01 7.892157e-01 2.395536e-02
2.303922e-01 7.892157e-01 1.501763e-02
2.401961e-01 7.892157e-01 -8.325833e-03
2.500000e-01 7.892157e-01 -1.793903e-02
2.598039e-01 7.892157e-01 -7.238612e-03
2.696078e-01 7.892157e-01 8.112803e-03
2.794118e-01 7.892157e-01 1.217619e-02
2.892157e-01 7.892157e-01 4.126184e-03
2.990196e-01 7.892157e-01 -5.572803e-03
3.088235e-01 7.892157e-01 -8.073233e-03
3.186275e-01 7.892157e-01 -3.307127e-03
3.284314e-01 7.892157e-01 2.807977e-03
3.382353e-01 7.892157e-01 5.137685e-03
3.480392e-01 7.892157e-01 3.075079e-03
3.578431e-01 7.892157e-01 -5.656940e-04
3.676471e-01 7.892157e-01 -2.780888e-03
3.774510e-01 7.892157e-01 -2.562487e-03
3.872549e-01 7.892157e-01 -8.166516e-04
3.970588e-01 7.892157e-01 8.657713e-04
4.068627e-01 7.892157e-01 1.568549e-03
4.166667e-01 7.892157e-01 1.162351e-03
4.264706e-01 7.892157e-01 3.512469e-04
4.362745e-01 7.892157e-01 -4.327789e-04
4.460784e-01 7.892157e-01 -6.624759e-04
4.558824e-01 7.892157e-01 -5.801150e-04
4.656863e-01 7.892157e-01 -2.925061e-04
4.754902e-01 7.892157e-01 3.345059e-05
4.852941e-01 7.892157e-01 -1.821025e-05
4.950980e-01 7.892157e-01 2.582637e-04
5.049020e-01 7.892157e-01 1.308395e-04
5.147059e-01 7.892157e-01 4.132720e-04
5.245098e-01 7.892157e-01 7.112568e-04
5.343137e-01 7.892157e-01 8.273388e-05
5.441176e-01 7.892157e-01 1.158828e-04
5.539216e-01 7.892157e-01 -1.348246e-03
5.637255e-01 7.892157e-01 -2.043845e-03
5.735294e-01 7.892157e-01 -7.966560e-04
5.833333e-01 7.892157e-01 -3.937017e-04
5.931373e-01 7.892157e-01 3.706985e-03
6.029412e-01 7.892157e-01 6.165885e-03
6.127451e-01 7.892157e-01 3.862137e-03
6.225490e-01 7.892157e-01 2.390031e-03
6.323529e-01 7.892157e-01 -7.401013e-03
6.421569e-01 7.892157e-01 -1.774649e-02
6.519608e-01 7.892157e-01 -1.689924e-02
6.617647e-01 7.892157e-01 -1.585260e-02
6.715686e-01 7.892157e-01 7.427764e-04
6.813725e-01 7.892157e-01 3.414114e-02
6.911765e-01 7.892157e-01 5.234270e-02
7.009804e-01 7.892157e-01 6.706963e-02
7.107843e-01 7.892157e-01 6.846917e-02
7.205882e-01 7.892157e-01 1.549901e-02
7.303922e-01 7.892157e-01 -5.339103e-02
7.401961e-01 7.892157e-01 -1.207701e-01
7.500000e-01 7.892157e-01 -2.184974e-01
7.598039e-01 7.892157e-01 -2.765749e-01
7.696078e-01 7.892157e-01 -2.519533e-01
7.794118e-01 7.892157e-01 -2.101199e-01
7.892157e-01 7.892157e-01 -1.083447e-01
7.990196e-01 7.892157e-01 1.043469e-01
8.088235e-01 7.892157e-01 3.074939e-01
8.186275e-01 7.892157e-01 4.759248e-01
8.284314e-01 7.892157e-01 7.032778e-01
8.382353e-01 7.892157e-01 8.881367e-01
8.480392e-01 7.892157e-01 9.283018e-01
8.578431e-01 7.892157e-01 9.646236e-01
8.676471e-01 7.892157e-01 1.022227e+00
8.774510e-01 7.892157e-01 9.346049e-01
8.872549e-01 7.892157e-01 7.727862e-01
8.970588e-01 7.892157e-01 7.196975e-01
9.068627e-01 7.892157e-01 6.574306e-01
9.166667e-01 7.892157e-01 4.594180e-01
9.264706e-01 7.892157e-01 3.155023e-01
9.362745e-01 7.892157e-01 3.225743e-01
9.460784e-01 7.892157e-01 2.687602e-01
9.558824e-01 7.892157e-01 1.026328e-01
9.656863e-01 7.892157e-01 4.893906e-02
9.754902e-01 7.892157e-01 1.257189e-01
9.852941e-01 7.892157e-01 1.035053e-01
9.950980e-01 7.892157e-01 -2.409371e-02
4.901961e-03 7.990196e-01 1.491349e-02
1.470588e-02 7.990196e-01 2.509545e-02
2.450980e-02 7.990196e-01 5.094780e-02
3.431373e-02 7.990196e-01 1.897962e-02
4.411765e-02 7.990196e-01 -2.304645e-02
5.392157e-02 7.990196e-01 -6.869166e-03
6.372549e-02 7.990196e-01 2.857824e-02
7.352941e-02 7.990196e-01 1.671153e-02
8.333333e-02 7.990196e-01 -1.920827e-02
9.313725e-02 7.990196e-01 -1.842932e-02
1.029412e-01 7.990196e-01 1.189960e-02
1.127451e-01 7.990196e-01 1.990451e-02
1.225490e-01 7.990196e-01 -2.541505e-03
1.323529e-01 7.990196e-01 -1.704066e-02
1.421569e-01 7.990196e-01 -5.105470e-03
1.519608e-01 7.990196e-01 1.087708e-02
1.617647e-01 7.990196e-01 9.119754e-03
1.715686e-01 7.990196e-01 -3.202984e-03
1.813725e-01 7.990196e-01 -8.219415e-03
1.911765e-01 7.990196e-01 -2.703563e-03
2.009804e-01 7.990196e-01 3.680118e-03
2.107843e-01 7.990196e-01 4.300534e-03
2.205882e-01 7.990196e-01 1.044680e-03
2.303922e-01 7.990196e-01 -1.794816e-03
2.401961e-01 7.990196e-01 -2.544845e-03
2.500000e-01 7.990196e-01 -1.559635e-03
2.598039e-01 7.990196e-01 4.027867e-04
2.696078e-01 7.990196e-01 2.146653e-03
2.794118e-01 7.990196e-01 2.220686e-03
2.892157e-01 7.990196e-01 3.369540e-04
2.990196e-01 7.990196e-01 -1.910435e-03
3.088235e-01 7.990196e-01 -2.459962e-03
3.186275e-01 7.990196e-01 -8.595206e-04
3.284314e-01 7.990196e-01 1.354697e-03
3.382353e-01 7.990196e-01 2.258512e-03
3.480392e-01 7.990196e-01 1.291384e-03
3.578431e-01 7.990196e-01 -5.068245e-04
3.676471e-01 7.990196e-01 -1.645723e-03
3.774510e-01 7.990196e-01 -1.454135e-03
3.872549e-01 7.990196e-01 -3.392608e-04
3.970588e-01 7.990196e-01 7.295360e-04
4.068627e-01 7.990196e-01 1.147623e-03
4.166667e-01 7.990196e-01 7.759495e-04
4.264706e-01 7.990196e-01 1.561348e-04
4.362745e-01 7.990196e-01 -4.491104e-04
4.460784e-01 7.990196e-01 -5.776744e-04
4.558824e-01 7.990196e-01 -5.148017e-04
4.656863e-01 7.990196e-01 -2.466241e-04
4.754902e-01 7.990196e-01 5.132187e-05
4.852941e-01 7.990196e-01 1.009504e-04
4.950980e-01 7.990196e-01 4.792488e-04
5.049020e-01 7.990196e-01 3.586857e-04
5.147059e-01 7.990196e-01 4.880826e-04
5.245098e-01 7.990196e-01 2.703306e-04
5.343137e-01 7.990196e-01 -6.904288e-04
5.441176e-01 7.990196e-01 -8.203229e-04
5.539216e-01 7.990196e-01 -1.632547e-03
5.637255e-01 7.990196e-01 -8.922788e-04
5.735294e-01 7.990196e-01 1.457094e-03
5.833333e-01 7.990196e-01 2.775973e-03
5.931373e-01 7.990196e-01 5.316485e-03
6.029412e-01 7.990196e-01 4.317404e-03
6.127451e-01 7.990196e-01 -1.339572e-03
6.225490e-01 7.990196e-01 -7.060731e-03
6.323529e-01 7.990196e-01 -1.570154e-02
6.421569e-01 7.990196e-01 -1.953970e-02
6.519608e-01 7.990196e-01 -1.149341e-02
6.617647e-01 7.990196e-01 3.254456e-03
6.715686e-01 7.990196e-01 2.827415e-02
6.813725e-01 7.990196e-01 5.623607e-02
6.911765e-01 7.990196e-01 6.838792e-02
7.009804e-01 7.990196e-01 6.107814e-02
7.107843e-01 7.990196e-01 2.543426e-02
7.205882e-01 7.990196e-01 -4.376795e-02
7.303922e-01 7.990196e-01 -1.271694e-01
7.401961e-01 7.990196e-01 -2.086937e-01
7.500000e-01 7.990196e-01 -2.676698e-01
7.598039e-01 7.990196e-01 -2.725830e-01
7.696078e-01 7.990196e-01 -2.148092e-01
7.794118e-01 7.990196e-01 -9.016215e-02
7.892157e-01 7.990196e-01 1.043469e-01
7.990196e-01 7.990196e-01 3.347504e-01
8.088235e-01 7.990196e-01 5.734494e-01
8.186275e-01 7.990196e-01 8.140550e-01
8.284314e-01 7.990196e-01 1.011176e+00
8.382353e-01 7.990196e-01 1.131666e+00
8.480392e-01 7.990196e-01 1.205512e+00
8.578431e-01 7.990196e-01 1.226219e+00
8.676471e-01 7.990196e-01 1.155956e+00
8.774510e-01 7.990196e-01 1.043192e+00
8.872549e-01 7.990196e-01 9.417346e-01
8.970588e-01 7.990196e-01 8.062324e-01
9.068627e-01 7.990196e-01 6.303178e-01
9.166667e-01 7.990196e-01 5.009452e-01
9.264706e-01 7.990196e-01 4.201294e-01
9.362745e-01 7.990196e-01 3.068020e-01
9.460784e-01 7.990196e-01 1.879701e-01
9.558824e-01 7.990196e-01 1.464019e-01
9.656863e-01 7.990196e-01 1.368384e-01
9.754902e-01 7.990196e-01 7.650137e-02
9.852941e-01 7.990196e-01 1.491349e-02
9.950980e-01 7.990196e-01 2.509545e-02
4.901961e-03 8.088235e-01 1.031415e-01
1.470588e-02 8.088235e-01 8.158361e-02
2.450980e-02 8.088235e-01 -3.901151e-02
3.431373e-02 8.088235e-01 -4.509600e-02
4.411765e-02 8.088235e-01 5.694743e-02
5.392157e-02 8.088235e-01 6.403045e-02
6.372549e-02 8.088235e-01 -3.687557e-02
7.352941e-02 8.088235e-01 -6.266199e-02
8.333333e-02 8.088235e-01 2.366831e-02
9.313725e-02 8.088235e-01 6.466147e-02
1.029412e-01 8.088235e-01 -3.615336e-03
1.127451e-01 8.088235e-01 -5.882527e-02
1.225490e-01 8.088235e-01 -1.548776e-02
1.323529e-01 8.088235e-01 4.635359e-02
1.421569e-01 8.088235e-01 3.084203e-02
1.519608e-01 8.088235e-01 -2.738650e-02
1.617647e-01 8.088235e-01 -3.781539e-02
1.715686e-01 8.088235e-01 5.895061e-03
1.813725e-01 8.088235e-01 3.417207e-02
1.911765e-01 8.088235e-01 1.229280e-02
2.009804e-01 8.088235e-01 -2.127797e-02
2.107843e-01 8.088235e-01 -2.157701e-02
2.205882e-01 8.088235e-01 4.547336e-03
2.303922e-01 8.088235e-01 1.972425e-02
2.401961e-01 8.088235e-01 8.709162e-03
2.500000e-01 8.088235e-01 -9.653886e-03
2.598039e-01 8.088235e-01 -1.315464e-02
2.696078e-01 8.088235e-01 -1.763810e-03
2.794118e-01 8.088235e-01 8.695779e-03
2.892157e-01 8.088235e-01 7.789804e-03
2.990196e-01 8.088235e-01 -5.187645e-04
3.088235e-01 8.088235e-01 -6.208527e-03
3.186275e-01 8.088235e-01 -4.712957e-03
3.284314e-01 8.088235e-01 5.779272e-04
3.382353e-01 8.088235e-01 3.962361e-03
3.480392e-01 8.088235e-01 3.159584e-03
3.578431e-01 8.088235e-01 6.537405e-05
3.676471e-01 8.088235e-01 -2.219573e-03
3.774510e-01 8.088235e-01 -2.249101e-03
3.872549e-01 8.088235e-01 -6.962740e-04
3.970588e-01 8.088235e-01 8.547988e-04
4.068627e-01 8.088235e-01 1.438823e-03
4.166667e-01 8.088235e-01 9.514747e-04
4.264706e-01 8.088235e-01 1.365345e-04
4.362745e-01 8.088235e-01 -5.853059e-04
4.460784e-01 8.088235e-01 -6.972536e-04
4.558824e-01 8.088235e-01 -5.548484e-04
4.656863e-01 8.088235e-01 -1.439825e-04
4.754902e-01 8.088235e-01 2.185814e-04
4.852941e-01 8.088235e-01 2.796832e-04
4.950980e-01 8.088235e-01 5.181051e-04
5.049020e-01 8.088235e-01 1.136532e-04
5.147059e-01 8.088235e-01 6.913617e-05
5.245098e-01 8.088235e-01 -2.058193e-04
5.343137e-01 8.088235e-01 -7.670664e-04
5.441176e-01 8.088235e-01 -1.127913e-04
5.539216e-01 8.088235e-01 -3.285450e-04
5.637255e-01 8.088235e-01 6.345928e-04
5.735294e-01 8.088235e-01 2.185749e-03
5.833333e-01 8.088235e-01 1.317528e-03
5.931373e-01 8.088235e-01 1.797942e-03
6.029412e-01 8.088235e-01 -5.551706e-04
6.127451e-01 8.088235e-01 -6.161071e-03
6.225490e-01 8.088235e-01 -7.469882e-03
6.323529e-01 8.088235e-01 -1.013518e-02
6.421569e-01 8.088235e-01 -8.786873e-03
6.519608e-01 8.088235e-01 5.812289e-03
6.617647e-01 8.088235e-01 1.930124e-02
6.715686e-01 8.088235e-01 3.404133e-02
6.813725e-01 8.088235e-01 5.263920e-02
6.911765e-01 8.088235e-01 4.501196e-02
7.009804e-01 8.088235e-01 1.405396e-02
7.107843e-01 8.088235e-01 -2.489835e-02
7.205882e-01 8.088235e-01 -9.741191e-02
7.303922e-01 8.088235e-01 -1.800105e-01
7.401961e-01 8.088235e-01 -2.191916e-01
7.500000e-01 8.088235e-01 -2.347285e-01
7.598039e-01 8.088235e-01 -2.123206e-01
7.696078e-01 8.088235e-01 -8.333348e-02
7.794118e-01 8.088235e-01 1.083577e-01
7.892157e-01 8.088235e-01 3.074939e-01
7.990196e-01 8.088235e-01 5.734494e-01
8.088235e-01 8.088235e-01 8.690297e-01
8.186275e-01 8.088235e-01 1.068539e+00
8.284314e-01 8.088235e-01 1.219830e+00
8.382353e-01 8.088235e-01 1.381351e+00
8.480392e-01 8.088235e-01 1.421730e+00
8.578431e-01 8.088235e-01 1.326014e+00
8.676471e-01 8.088235e-01 1.261928e+00
8.774510e-01 8.088235e-01 1.195584e+00
8.872549e-01 8.088235e-01 9.881090e-01
8.970588e-01 8.088235e-01 7.717559e-01
9.068627e-01 8.088235e-01 6.903205e-01
9.166667e-01 8.088235e-01 5.836177e-01
9.264706e-01 8.088235e-01 3.648910e-01
9.362745e-01 8.088235e-01 2.403663e-01
9.460784e-01 8.088235e-01 2.612370e-01
9.558824e-01 8.088235e-01 2.038295e-01
9.656863e-01 8.088235e-01 4.765878e-02
9.754902e-01 8.088235e-01 1.641015e-02
9.852941e-01 8.088235e-01 1.031415e-01
9.950980e-01 8.088235e-01 8.158361e-02
4.901961e-03 8.186275e-01 1.278572e-01
1.470588e-02 8.186275e-01 -5.550121e-02
2.450980e-02 8.186275e-01 -7.364522e-02
3.431373e-02 8.186275e-01 8.473843e-02
4.411765e-02 8.186275e-01 1.009116e-01
5.392157e-02 8.186275e-01 -5.716607e-02
6.372549e-02 8.186275e-01 -9.888588e-02
7.352941e-02 8.186275e-01 3.914154e-02
8.333333e-02 8.186275e-01 1.033200e-01
9.313725e-02 8.186275e-01 -9.070370e-03
1.029412e-01 8.186275e-01 -9.641766e-02
1.127451e-01 8.186275e-01 -2.148913e-02
1.225490e-01 8.186275e-01 7.898831e-02
1.323529e-01 8.186275e-01 4.824089e-02
1.421569e-01 8.186275e-01 -4.972147e-02
1.519608e-01 8.186275e-01 -6.282086e-02
1.617647e-01 8.186275e-01 1.389047e-02
1.715686e-01 8.186275e-01 5.969936e-02
1.813725e-01 8.186275e-01 1.883413e-02
1.911765e-01 8.186275e-01 -3.912841e-02
2.009804e-01 8.186275e-01 -3.740776e-02
2.107843e-01 8.186275e-01 9.483017e-03
2.205882e-01 8.186275e-01 3.568086e-02
2.303922e-01 8.186275e-01 1.544279e-02
2.401961e-01 8.186275e-01 -1.752188e-02
2.500000e-01 8.186275e-01 -2.408044e-02
2.598039e-01 8.186275e-01 -3.939889e-03
2.696078e-01 8.186275e-01 1.526692e-02
2.794118e-01 8.186275e-01 1.469894e-02
2.892157e-01 8.186275e-01 3.758096e-04
2.990196e-01 8.186275e-01 -1.046933e-02
3.088235e-01 8.186275e-01 -9.112151e-03
3.186275e-01 8.186275e-01 -3.881145e-04
3.284314e-01 8.186275e-01 6.147106e-03
3.382353e-01 8.186275e-01 5.918249e-03
3.480392e-01 8.186275e-01 1.275774e-03
3.578431e-01 8.186275e-01 -2.876421e-03
3.676471e-01 8.186275e-01 -3.730446e-03
3.774510e-01 8.186275e-01 -1.829886e-03
3.872549e-01 8.186275e-01 6.335503e-04
3.970588e-01 8.186275e-01 1.895832e-03
4.068627e-01 8.186275e-01 1.665133e-03
4.166667e-01 8.186275e-01 5.567698e-04
4.264706e-01 8.186275e-01 -4.124178e-04
4.362745e-01 8.186275e-01 -9.222532e-04
4.460784e-01 8.186275e-01 -7.158618e-04
4.558824e-01 8.186275e-01 -3.692203e-04
4.656863e-01 8.186275e-01 9.968633e-05
4.754902e-01 8.186275e-01 3.014063e-04
4.852941e-01 8.186275e-01 2.127464e-04
4.950980e-01 8.186275e-01 2.981852e-04
5.049020e-01 8.186275e-01 -7.420366e-05
5.147059e-01 8.186275e-01 2.227284e-04
5.245098e-01 8.186275e-01 1.318211e-04
5.343137e-01 8.186275e-01 -9.282119e-05
5.441176e-01 8.186275e-01 3.021964e-04
5.539216e-01 8.186275e-01 -7.973686e-04
5.637255e-01 8.186275e-01 -2.665080e-04
5.735294e-01 8.186275e-01 2.048244e-04
5.833333e-01 8.186275e-01 -3.716047e-04
5.931373e-01 8.186275e-01 2.079942e-03
6.029412e-01 8.186275e-01 4.169261e-04
6.127451e-01 8.186275e-01 -2.228695e-03
6.225490e-01 8.186275e-01 -1.826543e-03
6.323529e-01 8.186275e-01 -7.645481e-03
6.421569e-01 8.186275e-01 -5.724596e-03
6.519608e-01 8.186275e-01 5.499929e-03
6.617647e-01 8.186275e-01 1.040912e-02
6.715686e-01 8.186275e-01 2.743780e-02
6.813725e-01 8.186275e-01 4.210218e-02
6.911765e-01 8.186275e-01 2.383780e-02
7.009804e-01 8.186275e-01 2.742139e-03
7.107843e-01 8.186275e-01 -3.601138e-02
7.205882e-01 8.186275e-01 -1.193430e-01
7.303922e-01 8.186275e-01 -1.741448e-01
7.401961e-01 8.186275e-01 -1.914870e-01
7.500000e-01 8.186275e-01 -2.093652e-01
7.598039e-01 8.186275e-01 -1.330669e-01
7.696078e-01 8.186275e-01 5.256595e-02
7.794118e-01 8.186275e-01 2.357347e-01
7.892157e-01 8.186275e-01 4.759248e-01
7.990196e-01 8.186275e-01 8.140550e-01
8.088235e-01 8.186275e-01 1.068539e+00
8.186275e-01 8.186275e-01 1.232711e+00
8.284314e-01 8.186275e-01 1.449567e+00
8.382353e-01 8.186275e-01 1.574011e+00
8.480392e-01 8.186275e-01 1.489457e+00
8.578431e-01 8.186275e-01 1.424029e+00
8.676471e-01 8.186275e-01 1.410474e+00
8.774510e-01 8.186275e-01 1.207669e+00
8.872549e-01 8.186275e-01 9.299323e-01
8.970588e-01 8.186275e-01 8.421910e-01
9.068627e-01 8.186275e-01 7.580794e-01
9.166667e-01 8.186275e-01 4.831293e-01
9.264706e-01 8.186275e-01 2.964952e-01
9.362745e-01 8.186275e-01 3.404384e-01
9.460784e-01 8.186275e-01 2.931089e-01
9.558824e-01 8.186275e-01 6.985660e-02
9.656863e-01 8.186275e-01 8.566568e-03
9.754902e-01 8.186275e-01 1.435638e-01
9.852941e-01 8.186275e-01 1.278572e-01
9.950980e-01 8.186275e-01 -5.550121e-02
4.901961e-03 8.284314e-01 -3.785886e-02
1.470588e-02 8.284314e-01 -6.196459e-02
2.450980e-02 8.284314e-01 8.548419e-02
3.431373e-02 8.284314e-01 9.707346e-02
4.411765e-02 8.284314e-01 -5.622198e-02
5.392157e-02 8.284314e-01 -9.094435e-02
6.372549e-02 8.284314e-01 4.459134e-02
7.352941e-02 8.284314e-01 9.780379e-02
8.333333e-02 8.284314e-01 -1.743419e-02
9.313725e-02 8.284314e-01 -9.354282e-02
1.029412e-01 8.284314e-01 -1.081109e-02
1.127451e-01 8.284314e-01 8.073981e-02
1.225490e-01 8.284314e-01 3.806531e-02
1.323529e-01 8.284314e-01 -5.610812e-02
1.421569e-01 8.284314e-01 -5.592238e-02
1.519608e-01 8.284314e-01 2.331538e-02
1.617647e-01 8.284314e-01 5.810328e-02
1.715686e-01 8.284314e-01 9.514236e-03
1.813725e-01 8.284314e-01 -4.278233e-02
1.911765e-01 8.284314e-01 -3.146038e-02
2.009804e-01 8.284314e-01 1.599269e-02
2.107843e-01 8.284314e-01 3.469856e-02
2.205882e-01 8.284314e-01 9.629752e-03
2.303922e-01 8.284314e-01 -2.042115e-02
2.401961e-01 8.284314e-01 -2.151405e-02
2.500000e-01 8.284314e-01 -8.398322e-05
2.598039e-01 8.284314e-01 1.598981e-02
2.696078e-01 8.284314e-01 1.245174e-02
2.794118e-01 8.284314e-01 -1.677041e-03
2.892157e-01 8.284314e-01 -1.037541e-02
2.990196e-01 8.284314e-01 -7.687219e-03
3.088235e-01 8.284314e-01 5.450346e-04
3.186275e-01 8.284314e-01 5.883746e-03
3.284314e-01 8.284314e-01 5.143384e-03
3.382353e-01 8.284314e-01 9.105397e-04
3.480392e-01 8.284314e-01 -2.619744e-03
3.578431e-01 8.284314e-01 -3.298073e-03
3.676471e-01 8.284314e-01 -1.681769e-03
3.774510e-01 8.284314e-01 4.162747e-04
3.872549e-01 8.284314e-01 1.600307e-03
3.970588e-01 8.284314e-01 1.517350e-03
4.068627e-01 8.284314e-01 6.979055e-04
4.166667e-01 8.284314e-01 -2.254459e-04
4.264706e-01 8.284314e-01 -6.819268e-04
4.362745e-01 8.284314e-01 -7.511855e-04
4.460784e-01 8.284314e-01 -3.879991e-04
4.558824e-01 8.284314e-01 -1.288696e-04
4.656863e-01 8.284314e-01 1.566909e-04
4.754902e-01 8.284314e-01 1.939697e-04
4.852941e-01 8.284314e-01 1.714202e-04
4.950980e-01 8.284314e-01 3.667240e-04
5.049020e-01 8.284314e-01 2.353186e-04
5.147059e-01 8.284314e-01 5.116370e-04
5.245098e-01 8.284314e-01 7.022552e-06
5.343137e-01 8.284314e-01 -5.804881e-04
5.441176e-01 8.284314e-01 -9.175844e-04
5.539216e-01 8.284314e-01 -1.662793e-03
5.637255e-01 8.284314e-01 -8.349455e-05
5.735294e-01 8.284314e-01 1.344391e-03
5.833333e-01 8.284314e-01 2.943095e-03
5.931373e-01 8.284314e-01 4.679877e-03
6.029412e-01 8.284314e-01 7.917023e-04
6.127451e-01 8.284314e-01 -3.371506e-03
6.225490e-01 8.284314e-01 -8.637347e-03
6.323529e-01 8.284314e-01 -1.482718e-02
6.421569e-01 8.284314e-01 -8.109575e-03
6.519608e-01 8.284314e-01 3.422853e-03
6.617647e-01 8.284314e-01 1.864569e-02
6.715686e-01 8.284314e-01 4.372219e-02
6.813725e-01 8.284314e-01 4.779807e-02
6.911765e-01 8.284314e-01 2.957500e-02
7.009804e-01 8.284314e-01 9.392969e-04
7.107843e-01 8.284314e-01 -6.916163e-02
7.205882e-01 8.284314e-01 -1.485026e-01
7.303922e-01 8.284314e-01 -1.881937e-01
7.401961e-01 8.284314e-01 -2.170341e-01
7.500000e-01 8.284314e-01 -1.887041e-01
7.598039e-01 8.284314e-01 -4.014936e-02
7.696078e-01 8.284314e-01 1.491627e-01
7.794118e-01 8.284314e-01 3.744121e-01
7.892157e-01 8.284314e-01 7.032778e-01
7.990196e-01 8.284314e-01 1.011176e+00
8.088235e-01 8.284314e-01 1.219830e+00
8.186275e-01 8.284314e-01 1.449567e+00
8.284314e-01 8.284314e-01 1.632247e+00
8.382353e-01 8.284314e-01 1.615455e+00
8.480392e-01 8.284314e-01 1.554803e+00
8.578431e-01 8.284314e-01 1.546134e+00
8.676471e-01 8.284314e-01 1.385101e+00
8.774510e-01 8.284314e-01 1.107646e+00
8.872549e-01 8.284314e-01 9.765452e-01
8.970588e-01 8.284314e-01 8.837342e-01
9.068627e-01 8.284314e-01 6.174473e-01
9.166667e-01 8.284314e-01 3.972963e-01
9.264706e-01 8.284314e-01 3.993720e-01
9.362745e-01 8.284314e-01 3.487217e-01
9.460784e-01 8.284314e-01 1.278204e-01
9.558824e-01 8.284314e-01 4.261020e-02
9.656863e-01 8.284314e-01 1.548883e-01
9.754902e-01 8.284314e-01 1.398294e-01
9.852941e-01 8.284314e-01 -3.785886e-02
9.950980e-01 8.284314e-01 -6.196459e-02
4.901961e-03 8.382353e-01 -8.680563e-03
1.470588e-02 8.382353e-01 1.003323e-01
2.450980e-02 8.382353e-01 5.435806e-02
3.431373e-02 8.382353e-01 -7.006033e-02
4.411765e-02 8.382353e-01 -4.481855e-02
5.392157e-02 8.382353e-01 7.012500e-02
6.372549e-02 8.382353e-01 5.865374e-02
7.352941e-02 8.382353e-01 -5.150156e-02
8.333333e-02 8.382353e-01 -6.402510e-02
9.313725e-02 8.382353e-01 3.130944e-02
1.029412e-01 8.382353e-01 6.653716e-02
1.127451e-01 8.382353e-01 -6.614408e-03
1.225490e-01 8.382353e-01 -5.993592e-02
1.323529e-01 8.382353e-01 -1.643674e-02
1.421569e-01 8.382353e-01 4.397878e-02
1.519608e-01 8.382353e-01 3.232899e-02
1.617647e-01 8.382353e-01 -2.126905e-02
1.715686e-01 8.382353e-01 -3.611970e-02
1.813725e-01 8.382353e-01 -1.436765e-03
1.911765e-01 8.382353e-01 2.723917e-02
2.009804e-01 8.382353e-01 1.620414e-02
2.107843e-01 8.382353e-01 -1.095405e-02
2.205882e-01 8.382353e-01 -1.845537e-02
2.303922e-01 8.382353e-01 -3.699880e-03
2.401961e-01 8.382353e-01 1.051575e-02
2.500000e-01 8.382353e-01 9.555367e-03
2.598039e-01 8.382353e-01 -3.974136e-04
2.696078e-01 8.382353e-01 -6.428467e-03
2.794118e-01 8.382353e-01 -4.413373e-03
2.892157e-01 8.382353e-01 5.600063e-04
2.990196e-01 8.382353e-01 2.919895e-03
3.088235e-01 8.382353e-01 1.934150e-03
3.186275e-01 8.382353e-01 7.101364e-05
3.284314e-01 8.382353e-01 -7.737470e-04
3.382353e-01 8.382353e-01 -6.245122e-04
3.480392e-01 8.382353e-01 -3.151662e-04
3.578431e-01 8.382353e-01 -2.303836e-04
3.676471e-01 8.382353e-01 -1.748449e-04
3.774510e-01 8.382353e-01 5.961669e-05
3.872549e-01 8.382353e-01 3.809075e-04
3.970588e-01 8.382353e-01 5.054094e-04
4.068627e-01 8.382353e-01 3.455312e-04
4.166667e-01 8.382353e-01 -3.394453e-05
4.264706e-01 8.382353e-01 -3.037863e-04
4.362745e-01 8.382353e-01 -4.587498e-04
4.460784e-01 8.382353e-01 -2.958531e-04
4.558824e-01 8.382353e-01 -1.744197e-04
4.656863e-01 8.382353e-01 1.025674e-04
4.754902e-01 8.382353e-01 2.420614e-04
4.852941e-01 8.382353e-01 3.522590e-04
4.950980e-01 8.382353e-01 4.958268e-04
5.049020e-01 8.382353e-01 1.513725e-04
5.147059e-01 8.382353e-01 -3.111751e-05
5.245098e-01 8.382353e-01 -7.459340e-04
5.343137e-01 8.382353e-01 -1.113725e-03
5.441176e-01 8.382353e-01 -6.428079e-04
5.539216e-01 8.382353e-01 7.278928e-05
5.637255e-01 8.382353e-01 2.138969e-03
5.735294e-01 8.382353e-01 3.345747e-03
5.833333e-01 8.382353e-01 2.807762e-03
5.931373e-01 8.382353e-01 4.479053e-04
6.029412e-01 8.382353e-01 -5.114534e-03
6.127451e-01 8.382353e-01 -1.036868e-02
6.225490e-01 8.382353e-01 -1.245660e-02
6.323529e-01 8.382353e-01 -8.506867e-03
6.421569e-01 8.382353e-01 3.885453e-03
6.519608e-01 8.382353e-01 2.164037e-02
6.617647e-01 8.382353e-01 4.011971e-02
6.715686e-01 8.382353e-01 4.781954e-02
6.813725e-01 8.382353e-01 3.635422e-02
6.911765e-01 8.382353e-01 4.687120e-03
7.009804e-01 8.382353e-01 -5.415416e-02
7.107843e-01 8.382353e-01 -1.239778e-01
7.205882e-01 8.382353e-01 -1.768123e-01
7.303922e-01 8.382353e-01 -2.099049e-01
7.401961e-01 8.382353e-01 -1.908092e-01
7.500000e-01 8.382353e-01 -8.327658e-02
7.598039e-01 8.382353e-01 7.922207e-02
7.696078e-01 8.382353e-01 2.957621e-01
7.794118e-01 8.382353e-01 5.927729e-01
7.892157e-01 8.382353e-01 8.881367e-01
7.990196e-01 8.382353e-01 1.131666e+00
8.088235e-01 8.382353e-01 1.381351e+00
8.186275e-01 8.382353e-01 1.574011e+00
8.284314e-01 8.382353e-01 1.615455e+00
8.382353e-01 8.382353e-01 1.612350e+00
8.480392e-01 8.382353e-01 1.607434e+00
8.578431e-01 8.382353e-01 1.462664e+00
8.676471e-01 8.382353e-01 1.237104e+00
8.774510e-01 8.382353e-01 1.109040e+00
8.872549e-01 8.382353e-01 9.728340e-01
8.970588e-01 8.382353e-01 7.101456e-01
9.068627e-01 8.382353e-01 5.187673e-01
9.166667e-01 8.382353e-01 4.838969e-01
9.264706e-01 8.382353e-01 3.753817e-01
9.362745e-01 8.382353e-01 1.699416e-01
9.460784e-01 8.382353e-01 1.170343e-01
9.558824e-01 8.382353e-01 1.852651e-01
9.656863e-01 8.382353e-01 1.159091e-01
9.754902e-01 8.382353e-01 -3.092356e-02
9.852941e-01 8.382353e-01 -8.680563e-03
9.950980e-01 8.382353e-01 1.003323e-01
4.901961e-03 8.480392e-01 1.414244e-01
1.470588e-02 8.480392e-01 1.303541e-02
2.450980e-02 8.480392e-01 -1.061465e-01
3.431373e-02 8.480392e-01 1.409813e-03
4.411765e-02 8.480392e-01 1.160923e-01
5.392157e-02 8.480392e-01 2.025304e-02
6.372549e-02 8.480392e-01 -1.033625e-01
7.352941e-02 8.480392e-01 -3.606303e-02
8.333333e-02 8.480392e-01 8.925481e-02
9.313725e-02 8.480392e-01 5.547602e-02
1.029412e-01 8.480392e-01 -6.514767e-02
1.127451e-01 8.480392e-01 -6.896663e-02
1.225490e-01 8.480392e-01 3.469253e-02
1.323529e-01 8.480392e-01 7.233950e-02
1.421569e-01 8.480392e-01 -1.948193e-03
1.519608e-01 8.480392e-01 -6.199948e-02
1.617647e-01 8.480392e-01 -2.542922e-02
1.715686e-01 8.480392e-01 3.934518e-02
1.813725e-01 8.480392e-01 3.984281e-02
1.911765e-01 8.480392e-01 -1.119240e-02
2.009804e-01 8.480392e-01 -3.754995e-02
2.107843e-01 8.480392e-01 -1.224864e-02
2.205882e-01 8.480392e-01 2.183698e-02
2.303922e-01 8.480392e-01 2.253391e-02
2.401961e-01 8.480392e-01 -2.292618e-03
2.500000e-01 8.480392e-01 -1.821657e-02
2.598039e-01 8.480392e-01 -1.051653e-02
2.696078e-01 8.480392e-01 5.941922e-03
2.794118e-01 8.480392e-01 1.176016e-02
2.892157e-01 8.480392e-01 4.385957e-03
2.990196e-01 8.480392e-01 -4.960721e-03
3.088235e-01 8.480392e-01 -6.880435e-03
3.186275e-01 8.480392e-01 -2.026579e-03
3.284314e-01 8.480392e-01 3.071904e-03
3.382353e-01 8.480392e-01 3.950920e-03
3.480392e-01 8.480392e-01 1.304452e-03
3.578431e-01 8.480392e-01 -1.529997e-03
3.676471e-01 8.480392e-01 -2.277180e-03
3.774510e-01 8.480392e-01 -1.101172e-03
3.872549e-01 8.480392e-01 4.845293e-04
3.970588e-01 8.480392e-01 1.228790e-03
4.068627e-01 8.480392e-01 9.554209e-04
4.166667e-01 8.480392e-01 1.595854e-04
4.264706e-01 8.480392e-01 -4.455430e-04
4.362745e-01 8.480392e-01 -6.820360e-04
4.460784e-01 8.480392e-01 -4.212993e-04
4.558824e-01 8.480392e-01 -1.300792e-04
4.656863e-01 8.480392e-01 2.665427e-04
4.754902e-01 8.480392e-01 3.690596e-04
4.852941e-01 8.480392e-01 3.157472e-04
4.950980e-01 8.480392e-01 1.832438e-04
5.049020e-01 8.480392e-01 -3.149177e-04
5.147059e-01 8.480392e-01 -2.957720e-04
5.245098e-01 8.480392e-01 -4.823930e-04
5.343137e-01 8.480392e-01 -8.959431e-05
5.441176e-01 8.480392e-01 8.581840e-04
5.539216e-01 8.480392e-01 9.246845e-04
5.637255e-01 8.480392e-01 1.588304e-03
5.735294e-01 8.480392e-01 6.569635e-04
5.833333e-01 8.480392e-01 -1.871515e-03
5.931373e-01 8.480392e-01 -3.094500e-03
6.029412e-01 8.480392e-01 -5.933067e-03
6.127451e-01 8.480392e-01 -6.280331e-03
6.225490e-01 8.480392e-01 -8.119702e-04
6.323529e-01 8.480392e-01 4.186342e-03
6.421569e-01 8.480392e-01 1.406646e-02
6.519608e-01 8.480392e-01 2.669035e-02
6.617647e-01 8.480392e-01 2.635413e-02
6.715686e-01 8.480392e-01 2.024574e-02
6.813725e-01 8.480392e-01 4.805914e-03
6.911765e-01 8.480392e-01 -3.895152e-02
7.009804e-01 8.480392e-01 -8.480654e-02
7.107843e-01 8.480392e-01 -1.190027e-01
7.205882e-01 8.480392e-01 -1.589181e-01
7.303922e-01 8.480392e-01 -1.556303e-01
7.401961e-01 8.480392e-01 -7.843629e-02
7.500000e-01 8.480392e-01 2.503526e-02
7.598039e-01 8.480392e-01 1.885398e-01
7.696078e-01 8.480392e-01 4.489350e-01
7.794118e-01 8.480392e-01 7.015756e-01
7.892157e-01 8.480392e-01 9.283018e-01
7.990196e-01 8.480392e-01 1.205512e+00
8.088235e-01 8.480392e-01 1.421730e+00
8.186275e-01 8.480392e-01 1.489457e+00
8.284314e-01 8.480392e-01 1.554803e+00
8.382353e-01 8.480392e-01 1.607434e+00
8.480392e-01 8.480392e-01 1.475601e+00
8.578431e-01 8.480392e-01 1.286628e+00
8.676471e-01 8.480392e-01 1.212256e+00
8.774510e-01 8.480392e-01 1.064504e+00
8.872549e-01 8.480392e-01 7.713667e-01
8.970588e-01 8.480392e-01 6.112091e-01
9.068627e-01 8.480392e-01 5.899390e-01
9.166667e-01 8.480392e-01 4.183224e-01
9.264706e-01 8.480392e-01 1.867116e-01
9.362745e-01 8.480392e-01 1.840736e-01
9.460784e-01 8.480392e-01 2.463588e-01
9.558824e-01 8.480392e-01 9.955710e-02
9.656863e-01 8.480392e-01 -4.934727e-02
9.754902e-01 8.480392e-01 4.376939e-02
9.852941e-01 8.480392e-01 1.414244e-01
9.950980e-01 8.480392e-01 1.303541e-02
4.901961e-03 8.578431e-01 -3.114140e-03
1.470588e-02 8.578431e-01 -1.351032e-01
2.450980e-02 8.578431e-01 2.686813e-02
3.431373e-02 8.578431e-01 1.522051e-01
4.411765e-02 8.578431e-01 -1.939404e-03
5.392157e-02 8.578431e-01 -1.417845e-01
6.372549e-02 8.578431e-01 -1.759857e-02
7.352941e-02 8.578431e-01 1.320094e-01
8.333333e-02 8.578431e-01 4.637121e-02
9.313725e-02 8.578431e-01 -1.093066e-01
1.029412e-01 8.578431e-01 -7.247051e-02
1.127451e-01 8.578431e-01 7.576578e-02
1.225490e-01 8.578431e-01 8.989479e-02
1.323529e-01 8.578431e-01 -3.329191e-02
1.421569e-01 8.578431e-01 -9.082067e-02
1.519608e-01 8.578431e-01 -9.984194e-03
1.617647e-01 8.578431e-01 7.205848e-02
1.715686e-01 8.578431e-01 4.272325e-02
1.813725e-01 8.578431e-01 -3.769079e-02
1.911765e-01 8.578431e-01 -5.469483e-02
2.009804e-01 8.578431e-01 -2.444993e-04
2.107843e-01 8.578431e-01 4.316951e-02
2.205882e-01 8.578431e-01 2.645628e-02
2.303922e-01 8.578431e-01 -1.658045e-02
2.401961e-01 8.578431e-01 -3.110439e-02
2.500000e-01 8.578431e-01 -8.761292e-03
2.598039e-01 8.578431e-01 1.695136e-02
2.696078e-01 8.578431e-01 1.885241e-02
2.794118e-01 8.578431e-01 1.939835e-03
2.892157e-01 8.578431e-01 -1.202051e-02
2.990196e-01 8.578431e-01 -1.103835e-02
3.088235e-01 8.578431e-01 -7.045618e-04
3.186275e-01 8.578431e-01 7.053265e-03
3.284314e-01 8.578431e-01 6.652792e-03
3.382353e-01 8.578431e-01 1.193189e-03
3.480392e-01 8.578431e-01 -3.364505e-03
3.578431e-01 8.578431e-01 -3.976558e-03
3.676471e-01 8.578431e-01 -1.643992e-03
3.774510e-01 8.578431e-01 9.565795e-04
3.872549e-01 8.578431e-01 2.041924e-03
3.970588e-01 8.578431e-01 1.514096e-03
4.068627e-01 8.578431e-01 3.274159e-04
4.166667e-01 8.578431e-01 -6.204041e-04
4.264706e-01 8.578431e-01 -8.737939e-04
4.362745e-01 8.578431e-01 -6.508515e-04
4.460784e-01 8.578431e-01 -1.411505e-04
4.558824e-01 8.578431e-01 1.557675e-04
4.656863e-01 8.578431e-01 3.598075e-04
4.754902e-01 8.578431e-01 2.117121e-04
4.852941e-01 8.578431e-01 7.322953e-05
4.950980e-01 8.578431e-01 -4.506730e-06
5.049020e-01 8.578431e-01 -1.058921e-04
5.147059e-01 8.578431e-01 2.842676e-04
5.245098e-01 8.578431e-01 1.343105e-04
5.343137e-01 8.578431e-01 2.843154e-04
5.441176e-01 8.578431e-01 3.387705e-05
5.539216e-01 8.578431e-01 -8.387935e-04
5.637255e-01 8.578431e-01 -3.470614e-04
5.735294e-01 8.578431e-01 -1.003884e-03
5.833333e-01 8.578431e-01 -4.890798e-04
5.931373e-01 8.578431e-01 1.017845e-03
6.029412e-01 8.578431e-01 -7.819902e-04
6.127451e-01 8.578431e-01 6.081954e-04
6.225490e-01 8.578431e-01 1.130453e-03
6.323529e-01 8.578431e-01 -9.207238e-04
6.421569e-01 8.578431e-01 6.455102e-03
6.519608e-01 8.578431e-01 9.809312e-03
6.617647e-01 8.578431e-01 8.086577e-03
6.715686e-01 8.578431e-01 1.400250e-02
6.813725e-01 8.578431e-01 -2.098931e-03
6.911765e-01 8.578431e-01 -3.435435e-02
7.009804e-01 8.578431e-01 -5.354354e-02
7.107843e-01 8.578431e-01 -9.384353e-02
7.205882e-01 8.578431e-01 -1.277734e-01
7.303922e-01 8.578431e-01 -9.175065e-02
7.401961e-01 8.578431e-01 -3.652489e-02
7.500000e-01 8.578431e-01 5.307112e-02
7.598039e-01 8.578431e-01 2.611145e-01
7.696078e-01 8.578431e-01 4.906448e-01
7.794118e-01 8.578431e-01 6.873188e-01
7.892157e-01 8.578431e-01 9.646236e-01
7.990196e-01 8.578431e-01 1.226219e+00
8.088235e-01 8.578431e-01 1.326014e+00
8.186275e-01 8.578431e-01 1.424029e+00
8.284314e-01 8.578431e-01 1.546134e+00
8.382353e-01 8.578431e-01 1.462664e+00
8.480392e-01 8.578431e-01 1.286628e+00
8.578431e-01 8.578431e-01 1.250876e+00
8.676471e-01 8.578431e-01 1.138570e+00
8.774510e-01 8.578431e-01 8.288872e-01
8.872549e-01 8.578431e-01 6.623589e-01
8.970588e-01 8.578431e-01 6.672776e-01
9.068627e-01 8.578431e-01 4.800593e-01
9.166667e-01 8.578431e-01 2.084968e-01
9.264706e-01 8.578431e-01 2.195059e-01
9.362745e-01 8.578431e-01 3.004626e-01
9.460784e-01 8.578431e-01 1.118453e-01
9.558824e-01 8.578431e-01 -6.330994e-02
9.656863e-01 8.578431e-01 6.956678e-02
9.754902e-01 8.578431e-01 1.785955e-01
9.852941e-01 8.578431e-01 -3.114140e-03
9.950980e-01 8.578431e-01 -1.351032e-01
4.901961e-03 8.676471e-01 -1.342032e-01
1.470588e-02 8.676471e-01 4.681260e-02
2.450980e-02 8.676471e-01 1.579780e-01
3.431373e-02 8.676471e-01 -2.308297e-02
4.411765e-02 8.676471e-01 -1.491552e-01
5.392157e-02 8.676471e-01 7.215131e-03
6.372549e-02 8.676471e-01 1.456630e-01
7.352941e-02 8.676471e-01 2.253648e-02
8.333333e-02 8.676471e-01 -1.295679e-01
9.313725e-02 8.676471e-01 -5.317266e-02
1.029412e-01 8.676471e-01 1.023873e-01
1.127451e-01 8.676471e-01 7.970686e-02
1.225490e-01 8.676471e-01 -6.294371e-02
1.323529e-01 8.676471e-01 -9.277817e-02
1.421569e-01 8.676471e-01 1.695329e-02
1.519608e-01 8.676471e-01 8.595998e-02
1.617647e-01 8.676471e-01 2.506083e-02
1.715686e-01 8.676471e-01 -5.886007e-02
1.813725e-01 8.676471e-01 -5.052207e-02
1.911765e-01 8.676471e-01 2.012626e-02
2.009804e-01 8.676471e-01 5.143780e-02
2.107843e-01 8.676471e-01 1.466191e-02
2.205882e-01 8.676471e-01 -3.063795e-02
2.303922e-01 8.676471e-01 -3.084677e-02
2.401961e-01 8.676471e-01 2.374311e-03
2.500000e-01 8.676471e-01 2.445701e-02
2.598039e-01 8.676471e-01 1.582938e-02
2.696078e-01 8.676471e-01 -5.813509e-03
2.794118e-01 8.676471e-01 -1.566226e-02
2.892157e-01 8.676471e-01 -8.337116e-03
2.990196e-01 8.676471e-01 3.960389e-03
3.088235e-01 8.676471e-01 8.961306e-03
3.186275e-01 8.676471e-01 5.095394e-03
3.284314e-01 8.676471e-01 -1.356172e-03
3.382353e-01 8.676471e-01 -4.523200e-03
3.480392e-01 8.676471e-01 -3.367131e-03
3.578431e-01 8.676471e-01 -4.019201e-04
3.676471e-01 8.676471e-01 1.678871e-03
3.774510e-01 8.676471e-01 1.938930e-03
3.872549e-01 8.676471e-01 1.006640e-03
3.970588e-01 8.676471e-01 -8.104139e-05
4.068627e-01 8.676471e-01 -6.706887e-04
4.166667e-01 8.676471e-01 -7.163935e-04
4.264706e-01 8.676471e-01 -4.091156e-04
4.362745e-01 8.676471e-01 -1.037344e-04
4.460784e-01 8.676471e-01 1.468016e-04
4.558824e-01 8.676471e-01 1.454948e-04
4.656863e-01 8.676471e-01 1.561792e-04
4.754902e-01 8.676471e-01 6.315949e-05
4.852941e-01 8.676471e-01 1.495125e-04
4.950980e-01 8.676471e-01 2.620226e-04
5.049020e-01 8.676471e-01 2.483269e-04
5.147059e-01 8.676471e-01 1.753415e-04
5.245098e-01 8.676471e-01 -4.694329e-04
5.343137e-01 8.676471e-01 -7.902546e-04
5.441176e-01 8.676471e-01 -1.076031e-03
5.539216e-01 8.676471e-01 -4.677944e-04
5.637255e-01 8.676471e-01 1.180543e-03
5.735294e-01 8.676471e-01 2.037808e-03
5.833333e-01 8.676471e-01 3.097143e-03
5.931373e-01 8.676471e-01 1.123260e-03
6.029412e-01 8.676471e-01 -2.952610e-03
6.127451e-01 8.676471e-01 -5.310180e-03
6.225490e-01 8.676471e-01 -8.903682e-03
6.323529e-01 8.676471e-01 -5.023923e-03
6.421569e-01 8.676471e-01 5.976328e-03
6.519608e-01 8.676471e-01 1.331373e-02
6.617647e-01 8.676471e-01 2.590063e-02
6.715686e-01 8.676471e-01 2.753017e-02
6.813725e-01 8.676471e-01 2.459036e-03
6.911765e-01 8.676471e-01 -2.274161e-02
7.009804e-01 8.676471e-01 -6.298839e-02
7.107843e-01 8.676471e-01 -1.182928e-01
7.205882e-01 8.676471e-01 -1.225963e-01
7.303922e-01 8.676471e-01 -9.301419e-02
7.401961e-01 8.676471e-01 -4.336660e-02
7.500000e-01 8.676471e-01 1.103963e-01
7.598039e-01 8.676471e-01 3.196587e-01
7.696078e-01 8.676471e-01 5.014982e-01
7.794118e-01 8.676471e-01 7.496026e-01
7.892157e-01 8.676471e-01 1.022227e+00
7.990196e-01 8.676471e-01 1.155956e+00
8.088235e-01 8.676471e-01 1.261928e+00
8.186275e-01 8.676471e-01 1.410474e+00
8.284314e-01 8.676471e-01 1.385101e+00
8.382353e-01 8.676471e-01 1.237104e+00
8.480392e-01 8.676471e-01 1.212256e+00
8.578431e-01 8.676471e-01 1.138570e+00
8.676471e-01 8.676471e-01 8.574155e-01
8.774510e-01 8.676471e-01 6.853204e-01
8.872549e-01 8.676471e-01 6.926861e-01
8.970588e-01 8.676471e-01 5.198078e-01
9.068627e-01 8.676471e-01 2.443463e-01
9.166667e-01 8.676471e-01 2.446422e-01
9.264706e-01 8.676471e-01 3.234085e-01
9.362745e-01 8.676471e-01 1.293136e-01
9.460784e-01 8.676471e-01 -5.008702e-02
9.558824e-01 8.676471e-01 8.676402e-02
9.656863e-01 8.676471e-01 1.879086e-01
9.754902e-01 8.676471e-01 -1.028953e-02
9.852941e-01 8.676471e-01 -1.342032e-01
9.950980e-01 8.676471e-01 4.681260e-02
4.901961e-03 8.774510e-01 8.046411e-02
1.470588e-02 8.774510e-01 1.453677e-01
2.450980e-02 8.774510e-01 -5.909061e-02
3.431373e-02 8.774510e-01 -1.377052e-01
4.411765e-02 8.774510e-01 5.001858e-02
5.392157e-02 8.774510e-01 1.422999e-01
6.372549e-02 8.774510e-01 -2.300319e-02
7.352941e-02 8.774510e-01 -1.369151e-01
8.333333e-02 8.774510e-01 -8.502816e-03
9.313725e-02 8.774510e-01 1.231743e-01
1.029412e-01 8.774510e-01 4.241346e-02
1.127451e-01 8.774510e-01 -9.626991e-02
1.225490e-01 8.774510e-01 -6.980067e-02
1.323529e-01 8.774510e-01 5.763410e-02
1.421569e-01 8.774510e-01 8.233794e-02
1.519608e-01 8.774510e-01 -1.364727e-02
1.617647e-01 8.774510e-01 -7.442264e-02
1.715686e-01 8.774510e-01 -2.432552e-02
1.813725e-01 8.774510e-01 4.772377e-02
1.911765e-01 8.774510e-01 4.454602e-02
2.009804e-01 8.774510e-01 -1.263778e-02
2.107843e-01 8.774510e-01 -4.162142e-02
2.205882e-01 8.774510e-01 -1.552460e-02
2.303922e-01 8.774510e-01 2.132100e-02
2.401961e-01 8.774510e-01 2.525674e-02
2.500000e-01 8.774510e-01 1.606216e-03
2.598039e-01 8.774510e-01 -1.679410e-02
2.696078e-01 8.774510e-01 -1.314245e-02
2.794118e-01 8.774510e-01 1.796949e-03
2.892157e-01 8.774510e-01 1.016185e-02
2.990196e-01 8.774510e-01 6.692033e-03
3.088235e-01 8.774510e-01 -1.218618e-03
3.186275e-01 8.774510e-01 -5.175161e-03
3.284314e-01 8.774510e-01 -3.511608e-03
3.382353e-01 8.774510e-01 1.375660e-04
3.480392e-01 8.774510e-01 2.131775e-03
3.578431e-01 8.774510e-01 1.735355e-03
3.676471e-01 8.774510e-01 3.467654e-04
3.774510e-01 8.774510e-01 -5.817604e-04
3.872549e-01 8.774510e-01 -6.442918e-04
3.970588e-01 8.774510e-01 -2.599871e-04
4.068627e-01 8.774510e-01 7.080947e-05
4.166667e-01 8.774510e-01 1.288855e-04
4.264706e-01 8.774510e-01 4.098882e-05
4.362745e-01 8.774510e-01 -9.555991e-05
4.460784e-01 8.774510e-01 -8.992595e-05
4.558824e-01 8.774510e-01 -6.511402e-05
4.656863e-01 8.774510e-01 1.195340e-04
4.754902e-01 8.774510e-01 2.212944e-04
4.852941e-01 8.774510e-01 3.040085e-04
4.950980e-01 8.774510e-01 1.979138e-04
5.049020e-01 8.774510e-01 -2.068399e-04
5.147059e-01 8.774510e-01 -5.448087e-04
5.245098e-01 8.774510e-01 -8.454625e-04
5.343137e-01 8.774510e-01 -4.742198e-04
5.441176e-01 8.774510e-01 5.609781e-04
5.539216e-01 8.774510e-01 1.744336e-03
5.637255e-01 8.774510e-01 2.464219e-03
5.735294e-01 8.774510e-01 1.744973e-03
5.833333e-01 8.774510e-01 -1.085996e-03
5.931373e-01 8.774510e-01 -4.974295e-03
6.029412e-01 8.774510e-01 -7.517881e-03
6.127451e-01 8.774510e-01 -7.927762e-03
6.225490e-01 8.774510e-01 -2.324873e-03
6.323529e-01 8.774510e-01 9.008893e-03
6.421569e-01 8.774510e-01 1.866700e-02
6.519608e-01 8.774510e-01 2.814333e-02
6.617647e-01 8.774510e-01 2.810448e-02
6.715686e-01 8.774510e-01 6.447077e-03
6.813725e-01 8.774510e-01 -2.053170e-02
6.911765e-01 8.774510e-01 -5.701937e-02
7.009804e-01 8.774510e-01 -1.052932e-01
7.107843e-01 8.774510e-01 -1.182742e-01
7.205882e-01 8.774510e-01 -9.967111e-02
7.303922e-01 8.774510e-01 -6.517193e-02
7.401961e-01 8.774510e-01 4.750438e-02
7.500000e-01 8.774510e-01 2.137019e-01
7.598039e-01 8.774510e-01 3.629356e-01
7.696078e-01 8.774510e-01 5.650794e-01
7.794118e-01 8.774510e-01 8.015722e-01
7.892157e-01 8.774510e-01 9.346049e-01
7.990196e-01 8.774510e-01 1.043192e+00
8.088235e-01 8.774510e-01 1.195584e+00
8.186275e-01 8.774510e-01 1.207669e+00
8.284314e-01 8.774510e-01 1.107646e+00
8.382353e-01 8.774510e-01 1.109040e+00
8.480392e-01 8.774510e-01 1.064504e+00
8.578431e-01 8.774510e-01 8.288872e-01
8.676471e-01 8.774510e-01 6.853204e-01
8.774510e-01 8.774510e-01 6.936365e-01
8.872549e-01 8.774510e-01 5.267304e-01
8.970588e-01 8.774510e-01 2.735604e-01
9.068627e-01 8.774510e-01 2.796542e-01
9.166667e-01 8.774510e-01 3.352076e-01
9.264706e-01 8.774510e-01 1.311676e-01
9.362745e-01 8.774510e-01 -2.468926e-02
9.460784e-01 8.774510e-01 1.179689e-01
9.558824e-01 8.774510e-01 1.826344e-01
9.656863e-01 8.774510e-01 -2.997018e-02
9.754902e-01 8.774510e-01 -1.155862e-01
9.852941e-01 8.774510e-01 8.046411e-02
9.950980e-01 8.774510e-01 1.453677e-01
4.901961e-03 8.872549e-01 1.360639e-01
1.470588e-02 8.872549e-01 -1.025894e-01
2.450980e-02 8.872549e-01 -1.272750e-01
3.431373e-02 8.872549e-01 1.005242e-01
4.411765e-02 8.872549e-01 1.380403e-01
5.392157e-02 8.872549e-01 -7.700714e-02
6.372549e-02 8.872549e-01 -1.422467e-01
7.352941e-02 8.872549e-01 4.613051e-02
8.333333e-02 8.872549e-01 1.422879e-01
9.313725e-02 8.872549e-01 -6.627089e-03
1.029412e-01 8.872549e-01 -1.301849e-01
1.127451e-01 8.872549e-01 -3.399094e-02
1.225490e-01 8.872549e-01 1.030607e-01
1.323529e-01 8.872549e-01 6.693273e-02
1.421569e-01 8.872549e-01 -6.202461e-02
1.519608e-01 8.872549e-01 -8.243352e-02
1.617647e-01 8.872549e-01 1.499190e-02
1.715686e-01 8.872549e-01 7.477934e-02
1.813725e-01 8.872549e-01 2.501063e-02
1.911765e-01 8.872549e-01 -4.668675e-02
2.009804e-01 8.872549e-01 -4.525011e-02
2.107843e-01 8.872549e-01 1.040214e-02
2.205882e-01 8.872549e-01 4.084669e-02
2.303922e-01 8.872549e-01 1.742939e-02
2.401961e-01 8.872549e-01 -1.920165e-02
2.500000e-01 8.872549e-01 -2.553241e-02
2.598039e-01 8.872549e-01 -3.644685e-03
2.696078e-01 8.872549e-01 1.559515e-02
2.794118e-01 8.872549e-01 1.390892e-02
2.892157e-01 8.872549e-01 -3.675931e-04
2.990196e-01 8.872549e-01 -9.747390e-03
3.088235e-01 8.872549e-01 -7.420503e-03
3.186275e-01 8.872549e-01 4.661703e-04
3.284314e-01 8.872549e-01 5.215171e-03
3.382353e-01 8.872549e-01 4.082506e-03
3.480392e-01 8.872549e-01 1.959644e-04
3.578431e-01 8.872549e-01 -2.383432e-03
3.676471e-01 8.872549e-01 -2.245496e-03
3.774510e-01 8.872549e-01 -5.796497e-04
3.872549e-01 8.872549e-01 8.318224e-04
3.970588e-01 8.872549e-01 1.139243e-03
4.068627e-01 8.872549e-01 6.043653e-04
4.166667e-01 8.872549e-01 -1.031375e-04
4.264706e-01 8.872549e-01 -4.723792e-04
4.362745e-01 8.872549e-01 -4.605683e-04
4.460784e-01 8.872549e-01 -1.608044e-04
4.558824e-01 8.872549e-01 9.725647e-05
4.656863e-01 8.872549e-01 3.124381e-04
4.754902e-01 8.872549e-01 2.315048e-04
4.852941e-01 8.872549e-01 5.520820e-05
4.950980e-01 8.872549e-01 -2.220435e-04
5.049020e-01 8.872549e-01 -4.613527e-04
5.147059e-01 8.872549e-01 -1.891150e-04
5.245098e-01 8.872549e-01 1.246060e-04
5.343137e-01 8.872549e-01 8.786122e-04
5.441176e-01 8.872549e-01 1.323351e-03
5.539216e-01 8.872549e-01 6.243736e-04
5.637255e-01 8.872549e-01 -2.307422e-04
5.735294e-01 8.872549e-01 -2.420072e-03
5.833333e-01 8.872549e-01 -4.280998e-03
5.931373e-01 8.872549e-01 -3.352482e-03
6.029412e-01 8.872549e-01 -2.099867e-03
6.127451e-01 8.872549e-01 2.764727e-03
6.225490e-01 8.872549e-01 1.032201e-02
6.323529e-01 8.872549e-01 1.243673e-02
6.421569e-01 8.872549e-01 1.475937e-02
6.519608e-01 8.872549e-01 1.230114e-02
6.617647e-01 8.872549e-01 -5.557773e-03
6.715686e-01 8.872549e-01 -2.052406e-02
6.813725e-01 8.872549e-01 -3.769134e-02
6.911765e-01 8.872549e-01 -6.804664e-02
7.009804e-01 8.872549e-01 -7.202816e-02
7.107843e-01 8.872549e-01 -5.669838e-02
7.205882e-01 8.872549e-01 -4.588039e-02
7.303922e-01 8.872549e-01 2.154582e-02
7.401961e-01 8.872549e-01 1.325318e-01
7.500000e-01 8.872549e-01 2.213604e-01
7.598039e-01 8.872549e-01 3.633919e-01
7.696078e-01 8.872549e-01 5.568307e-01
7.794118e-01 8.872549e-01 6.685065e-01
7.892157e-01 8.872549e-01 7.727862e-01
7.990196e-01 8.872549e-01 9.417346e-01
8.088235e-01 8.872549e-01 9.881090e-01
8.186275e-01 8.872549e-01 9.299323e-01
8.284314e-01 8.872549e-01 9.765452e-01
8.382353e-01 8.872549e-01 9.728340e-01
8.480392e-01 8.872549e-01 7.713667e-01
8.578431e-01 8.872549e-01 6.623589e-01
8.676471e-01 8.872549e-01 6.926861e-01
8.774510e-01 8.872549e-01 5.267304e-01
8.872549e-01 8.872549e-01 2.833240e-01
8.970588e-01 8.872549e-01 3.101296e-01
9.068627e-01 8.872549e-01 3.548985e-01
9.166667e-01 8.872549e-01 1.262825e-01
9.264706e-01 8.872549e-01 -1.162347e-02
9.362745e-01 8.872549e-01 1.538882e-01
9.460784e-01 8.872549e-01 1.848236e-01
9.558824e-01 8.872549e-01 -5.721564e-02
9.656863e-01 8.872549e-01 -1.030873e-01
9.754902e-01 8.872549e-01 1.214109e-01
9.852941e-01 8.872549e-01 1.360639e-01
9.950980e-01 8.872549e-01 -1.025894e-01
4.901961e-03 8.970588e-01 -1.357302e-01
1.470588e-02 8.970588e-01 -1.208124e-01
2.450980e-02 8.970588e-01 1.409206e-01
3.431373e-02 8.970588e-01 1.337078e-01
4.411765e-02 8.970588e-01 -1.219258e-01
5.392157e-02 8.970588e-01 -1.429366e-01
6.372549e-02 8.970588e-01 9.430714e-02
7.352941e-02 8.970588e-01 1.527547e-01
8.333333e-02 8.970588e-01 -5.369913e-02
9.313725e-02 8.970588e-01 -1.532593e-01
1.029412e-01 8.970588e-01 5.837878e-03
1.127451e-01 8.970588e-01 1.386872e-01
1.225490e-01 8.970588e-01 4.163004e-02
1.323529e-01 8.970588e-01 -1.054329e-01
1.421569e-01 8.970588e-01 -7.722449e-02
1.519608e-01 8.970588e-01 5.683893e-02
1.617647e-01 8.970588e-01 9.005929e-02
1.715686e-01 8.970588e-01 -4.134217e-03
1.813725e-01 8.970588e-01 -7.541297e-02
1.911765e-01 8.970588e-01 -3.644795e-02
2.009804e-01 8.970588e-01 3.962821e-02
2.107843e-01 8.970588e-01 5.141876e-02
2.205882e-01 8.970588e-01 4.372756e-04
2.303922e-01 8.970588e-01 -3.885360e-02
2.401961e-01 8.970588e-01 -2.564711e-02
2.500000e-01 8.970588e-01 1.143821e-02
2.598039e-01 8.970588e-01 2.671332e-02
2.696078e-01 8.970588e-01 1.104660e-02
2.794118e-01 8.970588e-01 -1.073613e-02
2.892157e-01 8.970588e-01 -1.596105e-02
2.990196e-01 8.970588e-01 -5.181430e-03
3.088235e-01 8.970588e-01 6.656768e-03
3.186275e-01 8.970588e-01 9.011314e-03
3.284314e-01 8.970588e-01 3.286299e-03
3.382353e-01 8.970588e-01 -3.000536e-03
3.480392e-01 8.970588e-01 -4.796797e-03
3.578431e-01 8.970588e-01 -2.491171e-03
3.676471e-01 8.970588e-01 6.652789e-04
3.774510e-01 8.970588e-01 2.173189e-03
3.872549e-01 8.970588e-01 1.722571e-03
3.970588e-01 8.970588e-01 4.132339e-04
4.068627e-01 8.970588e-01 -6.018581e-04
4.166667e-01 8.970588e-01 -8.778539e-04
4.264706e-01 8.970588e-01 -5.719914e-04
4.362745e-01 8.970588e-01 -1.145753e-04
4.460784e-01 8.970588e-01 2.347394e-04
4.558824e-01 8.970588e-01 2.907436e-04
4.656863e-01 8.970588e-01 2.008142e-04
4.754902e-01 8.970588e-01 -4.726057e-05
4.852941e-01 8.970588e-01 -1.250407e-04
4.950980e-01 8.970588e-01 -1.013204e-04
5.049020e-01 8.970588e-01 1.455721e-04
5.147059e-01 8.970588e-01 4.861304e-04
5.245098e-01 8.970588e-01 3.654449e-04
5.343137e-01 8.970588e-01 2.283660e-04
5.441176e-01 8.970588e-01 -7.203518e-04
5.539216e-01 8.970588e-01 -1.438953e-03
5.637255e-01 8.970588e-01 -1.246026e-03
5.735294e-01 8.970588e-01 -1.247375e-03
5.833333e-01 8.970588e-01 1.096026e-03
5.931373e-01 8.970588e-01 2.815328e-03
6.029412e-01 8.970588e-01 2.718534e-03
6.127451e-01 8.970588e-01 4.597736e-03
6.225490e-01 8.970588e-01 1.361135e-03
6.323529e-01 8.970588e-01 -2.133279e-03
6.421569e-01 8.970588e-01 -7.853857e-05
6.519608e-01 8.970588e-01 -6.283588e-03
6.617647e-01 8.970588e-01 -8.200427e-03
6.715686e-01 8.970588e-01 -3.619405e-03
6.813725e-01 8.970588e-01 -1.886974e-02
6.911765e-01 8.970588e-01 -2.603218e-02
7.009804e-01 8.970588e-01 -1.937834e-02
7.107843e-01 8.970588e-01 -3.654896e-02
7.205882e-01 8.970588e-01 -2.188893e-02
7.303922e-01 8.970588e-01 4.224790e-02
7.401961e-01 8.970588e-01 8.411030e-02
7.500000e-01 8.970588e-01 1.703419e-01
7.598039e-01 8.970588e-01 3.361553e-01
7.696078e-01 8.970588e-01 4.431034e-01
7.794118e-01 8.970588e-01 5.370783e-01
7.892157e-01 8.970588e-01 7.196975e-01
7.990196e-01 8.970588e-01 8.062324e-01
8.088235e-01 8.970588e-01 7.717559e-01
8.186275e-01 8.970588e-01 8.421910e-01
8.284314e-01 8.970588e-01 8.837342e-01
8.382353e-01 8.970588e-01 7.101456e-01
8.480392e-01 8.970588e-01 6.112091e-01
8.578431e-01 8.970588e-01 6.672776e-01
8.676471e-01 8.970588e-01 5.198078e-01
8.774510e-01 8.970588e-01 2.735604e-01
8.872549e-01 8.970588e-01 3.101296e-01
8.970588e-01 8.970588e-01 3.667851e-01
9.068627e-01 8.970588e-01 1.255575e-01
9.166667e-01 8.970588e-01 -1.331938e-02
9.264706e-01 8.970588e-01 1.726978e-01
9.362745e-01 8.970588e-01 1.932730e-01
9.460784e-01 8.970588e-01 -7.486986e-02
9.558824e-01 8.970588e-01 -1.004149e-01
9.656863e-01 8.970588e-01 1.511773e-01
9.754902e-01 8.970588e-01 1.335795e-01
9.852941e-01 8.970588e-01 -1.357302e-01
9.950980e-01 8.970588e-01 -1.208124e-01
4.901961e-03 9.068627e-01 -1.094124e-01
1.470588e-02 9.068627e-01 1.667970e-01
2.450980e-02 9.068627e-01 1.213453e-01
3.431373e-02 9.068627e-01 -1.535413e-01
4.411765e-02 9.068627e-01 -1.312931e-01
5.392157e-02 9.068627e-01 1.324001e-01
6.372549e-02 9.068627e-01 1.467702e-01
7.352941e-02 9.068627e-01 -9.613875e-02
8.333333e-02 9.068627e-01 -1.572191e-01
9.313725e-02 9.068627e-01 4.867821e-02
1.029412e-01 9.068627e-01 1.558158e-01
1.127451e-01 9.068627e-01 4.881321e-03
1.225490e-01 9.068627e-01 -1.355284e-01
1.323529e-01 9.068627e-01 -5.401132e-02
1.421569e-01 9.068627e-01 9.485908e-02
1.519608e-01 9.068627e-01 8.583462e-02
1.617647e-01 9.068627e-01 -4.052432e-02
1.715686e-01 9.068627e-01 -9.003683e-02
1.813725e-01 9.068627e-01 -1.245202e-02
1.911765e-01 9.068627e-01 6.554751e-02
2.009804e-01 9.068627e-01 4.628100e-02
2.107843e-01 9.068627e-01 -2.417557e-02
2.205882e-01 9.068627e-01 -5.021913e-02
2.303922e-01 9.068627e-01 -1.337698e-02
2.401961e-01 9.068627e-01 2.872535e-02
2.500000e-01 9.068627e-01 2.934791e-02
2.598039e-01 9.068627e-01 -2.019941e-04
2.696078e-01 9.068627e-01 -2.109859e-02
2.794118e-01 9.068627e-01 -1.564463e-02
2.892157e-01 9.068627e-01 2.548743e-03
2.990196e-01 9.068627e-01 1.267554e-02
3.088235e-01 9.068627e-01 8.606304e-03
3.186275e-01 9.068627e-01 -1.169400e-03
3.284314e-01 9.068627e-01 -6.575054e-03
3.382353e-01 9.068627e-01 -5.011502e-03
3.480392e-01 9.068627e-01 -3.768207e-04
3.578431e-01 9.068627e-01 2.728573e-03
3.676471e-01 9.068627e-01 2.772627e-03
3.774510e-01 9.068627e-01 1.029553e-03
3.872549e-01 9.068627e-01 -6.017527e-04
3.970588e-01 9.068627e-01 -1.175892e-03
4.068627e-01 9.068627e-01 -8.430799e-04
4.166667e-01 9.068627e-01 -2.234873e-04
4.264706e-01 9.068627e-01 2.237691e-04
4.362745e-01 9.068627e-01 3.322964e-04
4.460784e-01 9.068627e-01 2.279837e-04
4.558824e-01 9.068627e-01 2.711180e-05
4.656863e-01 9.068627e-01 -6.488095e-05
4.754902e-01 9.068627e-01 -4.775278e-05
4.852941e-01 9.068627e-01 1.360893e-04
4.950980e-01 9.068627e-01 2.659576e-04
5.049020e-01 9.068627e-01 2.564399e-04
5.147059e-01 9.068627e-01 -1.085742e-04
5.245098e-01 9.068627e-01 -6.391570e-04
5.343137e-01 9.068627e-01 -9.514820e-04
5.441176e-01 9.068627e-01 -8.987829e-04
5.539216e-01 9.068627e-01 3.835714e-04
5.637255e-01 9.068627e-01 1.576183e-03
5.735294e-01 9.068627e-01 2.579679e-03
5.833333e-01 9.068627e-01 2.725322e-03
5.931373e-01 9.068627e-01 -6.042035e-04
6.029412e-01 9.068627e-01 -3.093182e-03
6.127451e-01 9.068627e-01 -5.670662e-03
6.225490e-01 9.068627e-01 -7.821775e-03
6.323529e-01 9.068627e-01 -6.999268e-04
6.421569e-01 9.068627e-01 5.220162e-03
6.519608e-01 9.068627e-01 9.378442e-03
6.617647e-01 9.068627e-01 1.917299e-02
6.715686e-01 9.068627e-01 8.982743e-03
6.813725e-01 9.068627e-01 -1.090564e-02
6.911765e-01 9.068627e-01 -1.914418e-02
7.009804e-01 9.068627e-01 -4.884407e-02
7.107843e-01 9.068627e-01 -6.578664e-02
7.205882e-01 9.068627e-01 -2.736180e-02
7.303922e-01 9.068627e-01 3.051718e-03
7.401961e-01 9.068627e-01 5.881454e-02
7.500000e-01 9.068627e-01 2.015615e-01
7.598039e-01 9.068627e-01 3.112265e-01
7.696078e-01 9.068627e-01 3.881746e-01
7.794118e-01 9.068627e-01 5.523858e-01
7.892157e-01 9.068627e-01 6.574306e-01
7.990196e-01 9.068627e-01 6.303178e-01
8.088235e-01 9.068627e-01 6.903205e-01
8.186275e-01 9.068627e-01 7.580794e-01
8.284314e-01 9.068627e-01 6.174473e-01
8.382353e-01 9.068627e-01 5.187673e-01
8.480392e-01 9.068627e-01 5.899390e-01
8.578431e-01 9.068627e-01 4.800593e-01
8.676471e-01 9.068627e-01 2.443463e-01
8.774510e-01 9.068627e-01 2.796542e-01
8.872549e-01 9.068627e-01 3.548985e-01
8.970588e-01 9.068627e-01 1.255575e-01
9.068627e-01 9.068627e-01 -1.639023e-02
9.166667e-01 9.068627e-01 1.744790e-01
9.264706e-01 9.068627e-01 1.966250e-01
9.362745e-01 9.068627e-01 -7.909007e-02
9.460784e-01 9.068627e-01 -9.568102e-02
9.558824e-01 9.068627e-01 1.662603e-01
9.656863e-01 9.068627e-01 1.284754e-01
9.754902e-01 9.068627e-01 -1.537390e-01
9.852941e-01 9.068627e-01 -1.094124e-01
9.950980e-01 9.068627e-01 1.667970e-01
4.901961e-03 9.166667e-01 1.857646e-01
1.470588e-02 9.166667e-01 1.003173e-01
2.450980e-02 9.166667e-01 -1.784778e-01
3.431373e-02 9.166667e-01 -1.081994e-01
4.411765e-02 9.166667e-01 1.652836e-01
5.392157e-02 9.166667e-01 1.262748e-01
6.372549e-02 9.166667e-01 -1.367014e-01
7.352941e-02 9.166667e-01 -1.443471e-01
8.333333e-02 9.166667e-01 9.498312e-02
9.313725e-02 9.166667e-01 1.558861e-01
1.029412e-01 9.166667e-01 -4.205661e-02
1.127451e-01 9.166667e-01 -1.518535e-01
1.225490e-01 9.166667e-01 -1.434645e-02
1.323529e-01 9.166667e-01 1.264480e-01
1.421569e-01 9.166667e-01 6.213137e-02
1.519608e-01 9.166667e-01 -8.052616e-02
1.617647e-01 9.166667e-01 -8.788267e-02
1.715686e-01 9.166667e-01 2.432395e-02
1.813725e-01 9.166667e-01 8.337811e-02
1.911765e-01 9.166667e-01 2.458975e-02
2.009804e-01 9.166667e-01 -5.202776e-02
2.107843e-01 9.166667e-01 -4.916908e-02
2.205882e-01 9.166667e-01 1.013856e-02
2.303922e-01 9.166667e-01 4.340161e-02
2.401961e-01 9.166667e-01 2.071676e-02
2.500000e-01 9.166667e-01 -1.776087e-02
2.598039e-01 9.166667e-01 -2.727804e-02
2.696078e-01 9.166667e-01 -7.025799e-03
2.794118e-01 9.166667e-01 1.380559e-02
2.892157e-01 9.166667e-01 1.532446e-02
2.990196e-01 9.166667e-01 2.679067e-03
3.088235e-01 9.166667e-01 -7.995537e-03
3.186275e-01 9.166667e-01 -8.300896e-03
3.284314e-01 9.166667e-01 -1.862096e-03
3.382353e-01 9.166667e-01 3.597510e-03
3.480392e-01 9.166667e-01 4.279429e-03
3.578431e-01 9.166667e-01 1.640777e-03
3.676471e-01 9.166667e-01 -1.030658e-03
3.774510e-01 9.166667e-01 -1.882608e-03
3.872549e-01 9.166667e-01 -1.164843e-03
3.970588e-01 9.166667e-01 -6.094498e-05
4.068627e-01 9.166667e-01 5.648511e-04
4.166667e-01 9.166667e-01 5.614692e-04
4.264706e-01 9.166667e-01 2.402397e-04
4.362745e-01 9.166667e-01 -7.849536e-05
4.460784e-01 9.166667e-01 -1.900825e-04
4.558824e-01 9.166667e-01 -1.357334e-04
4.656863e-01 9.166667e-01 6.056569e-05
4.754902e-01 9.166667e-01 1.989410e-04
4.852941e-01 9.166667e-01 2.028729e-04
4.950980e-01 9.166667e-01 -9.709378e-06
5.049020e-01 9.166667e-01 -4.132246e-04
5.147059e-01 9.166667e-01 -6.517436e-04
5.245098e-01 9.166667e-01 -4.912732e-04
5.343137e-01 9.166667e-01 1.668279e-04
5.441176e-01 9.166667e-01 1.367964e-03
5.539216e-01 9.166667e-01 1.995769e-03
5.637255e-01 9.166667e-01 1.486947e-03
5.735294e-01 9.166667e-01 -4.202822e-05
5.833333e-01 9.166667e-01 -3.594683e-03
5.931373e-01 9.166667e-01 -5.775910e-03
6.029412e-01 9.166667e-01 -5.174963e-03
6.127451e-01 9.166667e-01 -3.175607e-03
6.225490e-01 9.166667e-01 5.568155e-03
6.323529e-01 9.166667e-01 1.393480e-02
6.421569e-01 9.166667e-01 1.552953e-02
6.519608e-01 9.166667e-01 1.816047e-02
6.617647e-01 9.166667e-01 5.868623e-03
6.715686e-01 9.166667e-01 -1.968495e-02
6.813725e-01 9.166667e-01 -3.224761e-02
6.911765e-01 9.166667e-01 -5.372717e-02
7.009804e-01 9.166667e-01 -7.063058e-02
7.107843e-01 9.166667e-01 -3.732581e-02
7.205882e-01 9.166667e-01 -3.578164e-03
7.303922e-01 9.166667e-01 3.397281e-02
7.401961e-01 9.166667e-01 1.426521e-01
7.500000e-01 9.166667e-01 2.333695e-01
7.598039e-01 9.166667e-01 2.770807e-01
7.696078e-01 9.166667e-01 3.948987e-01
7.794118e-01 9.166667e-01 4.887169e-01
7.892157e-01 9.166667e-01 4.594180e-01
7.990196e-01 9.166667e-01 5.009452e-01
8.088235e-01 9.166667e-01 5.836177e-01
8.186275e-01 9.166667e-01 4.831293e-01
8.284314e-01 9.166667e-01 3.972963e-01
8.382353e-01 9.166667e-01 4.838969e-01
8.480392e-01 9.166667e-01 4.183224e-01
8.578431e-01 9.166667e-01 2.084968e-01
8.676471e-01 9.166667e-01 2.446422e-01
8.774510e-01 9.166667e-01 3.352076e-01
8.872549e-01 9.166667e-01 1.262825e-01
8.970588e-01 9.166667e-01 -1.331938e-02
9.068627e-01 9.166667e-01 1.744790e-01
9.166667e-01 9.166667e-01 1.961192e-01
9.264706e-01 9.166667e-01 -7.800902e-02
9.362745e-01 9.166667e-01 -8.548673e-02
9.460784e-01 9.166667e-01 1.761820e-01
9.558824e-01 9.166667e-01 1.182771e-01
9.656863e-01 9.166667e-01 -1.652310e-01
9.754902e-01 9.166667e-01 -9.141519e-02
9.852941e-01 9.166667e-01 1.857646e-01
9.950980e-01 9.166667e-01 1.003173e-01
4.901961e-03 9.264706e-01 7.883790e-02
1.470588e-02 9.264706e-01 -2.008583e-01
2.450980e-02 9.264706e-01 -8.266611e-02
3.431373e-02 9.264706e-01 1.949597e-01
4.411765e-02 9.264706e-01 1.003764e-01
5.392157e-02 9.264706e-01 -1.746154e-01
6.372549e-02 9.264706e-01 -1.229908e-01
7.352941e-02 9.264706e-01 1.407943e-01
8.333333e-02 9.264706e-01 1.450166e-01
9.313725e-02 9.264706e-01 -9.254427e-02
1.029412e-01 9.264706e-01 -1.567330e-01
1.127451e-01 9.264706e-01 3.414853e-02
1.225490e-01 9.264706e-01 1.492934e-01
1.323529e-01 9.264706e-01 2.488580e-02
1.421569e-01 9.264706e-01 -1.179926e-01
1.519608e-01 9.264706e-01 -7.060683e-02
1.617647e-01 9.264706e-01 6.669233e-02
1.715686e-01 9.264706e-01 8.961250e-02
1.813725e-01 9.264706e-01 -9.225146e-03
1.911765e-01 9.264706e-01 -7.645188e-02
2.009804e-01 9.264706e-01 -3.486439e-02
2.107843e-01 9.264706e-01 3.929922e-02
2.205882e-01 9.264706e-01 5.028571e-02
2.303922e-01 9.264706e-01 1.741438e-03
2.401961e-01 9.264706e-01 -3.625937e-02
2.500000e-01 9.264706e-01 -2.559831e-02
2.598039e-01 9.264706e-01 8.413657e-03
2.696078e-01 9.264706e-01 2.420651e-02
2.794118e-01 9.264706e-01 1.194919e-02
2.892157e-01 9.264706e-01 -7.614163e-03
2.990196e-01 9.264706e-01 -1.402157e-02
3.088235e-01 9.264706e-01 -6.111432e-03
3.186275e-01 9.264706e-01 4.200689e-03
3.284314e-01 9.264706e-01 7.450798e-03
3.382353e-01 9.264706e-01 3.697036e-03
3.480392e-01 9.264706e-01 -1.422627e-03
3.578431e-01 9.264706e-01 -3.526481e-03
3.676471e-01 9.264706e-01 -2.330118e-03
3.774510e-01 9.264706e-01 -5.481492e-05
3.872549e-01 9.264706e-01 1.305770e-03
3.970588e-01 9.264706e-01 1.270399e-03
4.068627e-01 9.264706e-01 4.839842e-04
4.166667e-01 9.264706e-01 -2.444448e-04
4.264706e-01 9.264706e-01 -5.155846e-04
4.362745e-01 9.264706e-01 -3.842393e-04
4.460784e-01 9.264706e-01 -7.274906e-05
4.558824e-01 9.264706e-01 1.621673e-04
4.656863e-01 9.264706e-01 2.503979e-04
4.754902e-01 9.264706e-01 8.711913e-05
4.852941e-01 9.264706e-01 -1.433205e-04
4.950980e-01 9.264706e-01 -3.586244e-04
5.049020e-01 9.264706e-01 -3.291296e-04
5.147059e-01 9.264706e-01 1.654984e-04
5.245098e-01 9.264706e-01 6.651423e-04
5.343137e-01 9.264706e-01 1.192451e-03
5.441176e-01 9.264706e-01 9.322454e-04
5.539216e-01 9.264706e-01 -5.246859e-04
5.637255e-01 9.264706e-01 -1.854293e-03
5.735294e-01 9.264706e-01 -3.622083e-03
5.833333e-01 9.264706e-01 -3.563369e-03
5.931373e-01 9.264706e-01 -1.178220e-04
6.029412e-01 9.264706e-01 2.883553e-03
6.127451e-01 9.264706e-01 8.301486e-03
6.225490e-01 9.264706e-01 1.222958e-02
6.323529e-01 9.264706e-01 7.086324e-03
6.421569e-01 9.264706e-01 2.989836e-03
6.519608e-01 9.264706e-01 -6.782644e-03
6.617647e-01 9.264706e-01 -2.586230e-02
6.715686e-01 9.264706e-01 -2.838507e-02
6.813725e-01 9.264706e-01 -3.023313e-02
6.911765e-01 9.264706e-01 -3.696846e-02
7.009804e-01 9.264706e-01 -7.194441e-03
7.107843e-01 9.264706e-01 2.132542e-02
7.205882e-01 9.264706e-01 3.086643e-02
7.303922e-01 9.264706e-01 9.201864e-02
7.401961e-01 9.264706e-01 1.480097e-01
7.500000e-01 9.264706e-01 1.517574e-01
7.598039e-01 9.264706e-01 2.223508e-01
7.696078e-01 9.264706e-01 3.051028e-01
7.794118e-01 9.264706e-01 2.810718e-01
7.892157e-01 9.264706e-01 3.155023e-01
7.990196e-01 9.264706e-01 4.201294e-01
8.088235e-01 9.264706e-01 3.648910e-01
8.186275e-01 9.264706e-01 2.964952e-01
8.284314e-01 9.264706e-01 3.993720e-01
8.382353e-01 9.264706e-01 3.753817e-01
8.480392e-01 9.264706e-01 1.867116e-01
8.578431e-01 9.264706e-01 2.195059e-01
8.676471e-01 9.264706e-01 3.234085e-01
8.774510e-01 9.264706e-01 1.311676e-01
8.872549e-01 9.264706e-01 -1.162347e-02
8.970588e-01 9.264706e-01 1.726978e-01
9.068627e-01 9.264706e-01 1.966250e-01
9.166667e-01 9.264706e-01 -7.800902e-02
9.264706e-01 9.264706e-01 -7.980084e-02
9.362745e-01 9.264706e-01 1.838587e-01
9.460784e-01 9.264706e-01 1.092897e-01
9.558824e-01 9.264706e-01 -1.764156e-01
9.656863e-01 9.264706e-01 -7.533900e-02
9.754902e-01 9.264706e-01 2.025369e-01
9.852941e-01 9.264706e-01 7.883790e-02
9.950980e-01 9.264706e-01 -2.008583e-01
4.901961e-03 9.362745e-01 -2.181208e-01
1.470588e-02 9.362745e-01 -6.170301e-02
2.450980e-02 9.362745e-01 2.183596e-01
3.431373e-02 9.362745e-01 7.610166e-02
4.411765e-02 9.362745e-01 -2.053683e-01
5.392157e-02 9.362745e-01 -9.929609e-02
6.372549e-02 9.362745e-01 1.798389e-01
7.352941e-02 9.362745e-01 1.274633e-01
8.333333e-02 9.362745e-01 -1.386723e-01
9.313725e-02 9.362745e-01 -1.512544e-01
1.029412e-01 9.362745e-01 8.303388e-02
1.127451e-01 9.362745e-01 1.604360e-01
1.225490e-01 9.362745e-01 -1.898005e-02
1.323529e-01 9.362745e-01 -1.462044e-01
1.421569e-01 9.362745e-01 -4.121705e-02
1.519608e-01 9.362745e-01 1.062294e-01
1.617647e-01 9.362745e-01 8.192200e-02
1.715686e-01 9.362745e-01 -4.851999e-02
1.813725e-01 9.362745e-01 -9.075543e-02
1.911765e-01 9.362745e-01 -8.950071e-03
2.009804e-01 9.362745e-01 6.668108e-02
2.107843e-01 9.362745e-01 4.543226e-02
2.205882e-01 9.362745e-01 -2.383074e-02
2.303922e-01 9.362745e-01 -4.927049e-02
2.401961e-01 9.362745e-01 -1.423256e-02
2.500000e-01 9.362745e-01 2.662049e-02
2.598039e-01 9.362745e-01 2.881920e-02
2.696078e-01 9.362745e-01 1.710293e-03
2.794118e-01 9.362745e-01 -1.897574e-02
2.892157e-01 9.362745e-01 -1.563329e-02
2.990196e-01 9.362745e-01 6.877971e-04
3.088235e-01 9.362745e-01 1.103167e-02
3.186275e-01 9.362745e-01 8.628520e-03
3.284314e-01 9.362745e-01 1.131347e-04
3.382353e-01 9.362745e-01 -5.411572e-03
3.480392e-01 9.362745e-01 -4.838003e-03
3.578431e-01 9.362745e-01 -1.008887e-03
3.676471e-01 9.362745e-01 2.012033e-03
3.774510e-01 9.362745e-01 2.482885e-03
3.872549e-01 9.362745e-01 1.182358e-03
3.970588e-01 9.362745e-01 -2.901470e-04
4.068627e-01 9.362745e-01 -9.600707e-04
4.166667e-01 9.362745e-01 -7.995447e-04
4.264706e-01 9.362745e-01 -2.726769e-04
4.362745e-01 9.362745e-01 1.701480e-04
4.460784e-01 9.362745e-01 3.347914e-04
4.558824e-01 9.362745e-01 2.329614e-04
4.656863e-01 9.362745e-01 1.415222e-05
4.754902e-01 9.362745e-01 -1.903100e-04
4.852941e-01 9.362745e-01 -1.687741e-04
4.950980e-01 9.362745e-01 1.431604e-05
5.049020e-01 9.362745e-01 4.095574e-04
5.147059e-01 9.362745e-01 6.040275e-04
5.245098e-01 9.362745e-01 3.276067e-04
5.343137e-01 9.362745e-01 -2.440484e-04
5.441176e-01 9.362745e-01 -1.472066e-03
5.539216e-01 9.362745e-01 -1.829735e-03
5.637255e-01 9.362745e-01 -1.236387e-03
5.735294e-01 9.362745e-01 1.005234e-05
5.833333e-01 9.362745e-01 3.470022e-03
5.931373e-01 9.362745e-01 4.789295e-03
6.029412e-01 9.362745e-01 4.293626e-03
6.127451e-01 9.362745e-01 3.576366e-03
6.225490e-01 9.362745e-01 -3.967745e-03
6.323529e-01 9.362745e-01 -8.882488e-03
6.421569e-01 9.362745e-01 -9.043405e-03
6.519608e-01 9.362745e-01 -1.500208e-02
6.617647e-01 9.362745e-01 -7.743204e-03
6.715686e-01 9.362745e-01 4.450325e-03
6.813725e-01 9.362745e-01 -6.728462e-04
6.911765e-01 9.362745e-01 1.179976e-02
7.009804e-01 9.362745e-01 2.444205e-02
7.107843e-01 9.362745e-01 4.340428e-03
7.205882e-01 9.362745e-01 2.081044e-02
7.303922e-01 9.362745e-01 5.437069e-02
7.401961e-01 9.362745e-01 4.035862e-02
7.500000e-01 9.362745e-01 8.335584e-02
7.598039e-01 9.362745e-01 1.727858e-01
7.696078e-01 9.362745e-01 1.704772e-01
7.794118e-01 9.362745e-01 2.011515e-01
7.892157e-01 9.362745e-01 3.225743e-01
7.990196e-01 9.362745e-01 3.068020e-01
8.088235e-01 9.362745e-01 2.403663e-01
8.186275e-01 9.362745e-01 3.404384e-01
8.284314e-01 9.362745e-01 3.487217e-01
8.382353e-01 9.362745e-01 1.699416e-01
8.480392e-01 9.362745e-01 1.840736e-01
8.578431e-01 9.362745e-01 3.004626e-01
8.676471e-01 9.362745e-01 1.293136e-01
8.774510e-01 9.362745e-01 -2.468926e-02
8.872549e-01 9.362745e-01 1.538882e-01
8.970588e-01 9.362745e-01 1.932730e-01
9.068627e-01 9.362745e-01 -7.909007e-02
9.166667e-01 9.362745e-01 -8.548673e-02
9.264706e-01 9.362745e-01 1.838587e-01
9.362745e-01 9.362745e-01 1.060689e-01
9.460784e-01 9.362745e-01 -1.845341e-01
9.558824e-01 9.362745e-01 -6.737502e-02
9.656863e-01 9.362745e-01 2.147548e-01
9.754902e-01 9.362745e-01 6.381480e-02
9.852941e-01 9.362745e-01 -2.181208e-01
9.950980e-01 9.362745e-01 -6.170301e-02
4.901961e-03 9.460784e-01 -4.624470e-02
1.470588e-02 9.460784e-01 2.332622e-01
2.450980e-02 9.460784e-01 5.517741e-02
3.431373e-02 9.460784e-01 -2.264442e-01
4.411765e-02 9.460784e-01 -7.526672e-02
5.392157e-02 9.460784e-01 2.089322e-01
6.372549e-02 9.460784e-01 1.049927e-01
7.352941e-02 9.460784e-01 -1.762635e-01
8.333333e-02 9.460784e-01 -1.361026e-01
9.313725e-02 9.460784e-01 1.272951e-01
1.029412e-01 9.460784e-01 1.585163e-01
1.127451e-01 9.460784e-01 -6.453771e-02
1.225490e-01 9.460784e-01 -1.612070e-01
1.323529e-01 9.460784e-01 -2.928781e-03
1.421569e-01 9.460784e-01 1.369184e-01
1.519608e-01 9.460784e-01 6.013435e-02
1.617647e-01 9.460784e-01 -8.718947e-02
1.715686e-01 9.460784e-01 -9.086529e-02
1.813725e-01 9.460784e-01 2.517406e-02
1.911765e-01 9.460784e-01 8.596314e-02
2.009804e-01 9.460784e-01 2.765333e-02
2.107843e-01 9.460784e-01 -5.088627e-02
2.205882e-01 9.460784e-01 -5.186307e-02
2.303922e-01 9.460784e-01 5.957244e-03
2.401961e-01 9.460784e-01 4.250802e-02
2.500000e-01 9.460784e-01 2.427644e-02
2.598039e-01 9.460784e-01 -1.381711e-02
2.696078e-01 9.460784e-01 -2.722901e-02
2.794118e-01 9.460784e-01 -1.050034e-02
2.892157e-01 9.460784e-01 1.078476e-02
2.990196e-01 9.460784e-01 1.559077e-02
3.088235e-01 9.460784e-01 5.338085e-03
3.186275e-01 9.460784e-01 -5.846202e-03
3.284314e-01 9.460784e-01 -8.386868e-03
3.382353e-01 9.460784e-01 -3.528420e-03
3.480392e-01 9.460784e-01 2.121193e-03
3.578431e-01 9.460784e-01 4.070493e-03
3.676471e-01 9.460784e-01 2.457772e-03
3.774510e-01 9.460784e-01 -1.063393e-04
3.872549e-01 9.460784e-01 -1.523334e-03
3.970588e-01 9.460784e-01 -1.410254e-03
4.068627e-01 9.460784e-01 -5.310145e-04
4.166667e-01 9.460784e-01 2.467927e-04
4.264706e-01 9.460784e-01 5.379494e-04
4.362745e-01 9.460784e-01 4.037513e-04
4.460784e-01 9.460784e-01 1.075315e-04
4.558824e-01 9.460784e-01 -1.308188e-04
4.656863e-01 9.460784e-01 -1.854570e-04
4.754902e-01 9.460784e-01 -4.016969e-05
4.852941e-01 9.460784e-01 1.897830e-04
4.950980e-01 9.460784e-01 3.258835e-04
5.049020e-01 9.460784e-01 2.134880e-04
5.147059e-01 9.460784e-01 -3.196880e-04
5.245098e-01 9.460784e-01 -7.962345e-04
5.343137e-01 9.460784e-01 -1.096594e-03
5.441176e-01 9.460784e-01 -6.222290e-04
5.539216e-01 9.460784e-01 9.851073e-04
5.637255e-01 9.460784e-01 2.086757e-03
5.735294e-01 9.460784e-01 3.242244e-03
5.833333e-01 9.460784e-01 2.396376e-03
5.931373e-01 9.460784e-01 -1.595686e-03
6.029412e-01 9.460784e-01 -3.896337e-03
6.127451e-01 9.460784e-01 -7.640635e-03
6.225490e-01 9.460784e-01 -8.657170e-03
6.323529e-01 9.460784e-01 -5.042103e-04
6.421569e-01 9.460784e-01 3.401621e-03
6.519608e-01 9.460784e-01 1.012383e-02
6.617647e-01 9.460784e-01 2.111644e-02
6.715686e-01 9.460784e-01 9.606347e-03
6.813725e-01 9.460784e-01 -1.736026e-04
6.911765e-01 9.460784e-01 -1.124374e-03
7.009804e-01 9.460784e-01 -3.057864e-02
7.107843e-01 9.460784e-01 -3.527032e-02
7.205882e-01 9.460784e-01 -1.259656e-03
7.303922e-01 9.460784e-01 -3.313801e-03
7.401961e-01 9.460784e-01 2.874246e-02
7.500000e-01 9.460784e-01 1.241462e-01
7.598039e-01 9.460784e-01 1.424612e-01
7.696078e-01 9.460784e-01 1.553940e-01
7.794118e-01 9.460784e-01 2.643642e-01
7.892157e-01 9.460784e-01 2.687602e-01
7.990196e-01 9.460784e-01 1.879701e-01
8.088235e-01 9.460784e-01 2.612370e-01
8.186275e-01 9.460784e-01 2.931089e-01
8.284314e-01 9.460784e-01 1.278204e-01
8.382353e-01 9.460784e-01 1.170343e-01
8.480392e-01 9.460784e-01 2.463588e-01
8.578431e-01 9.460784e-01 1.118453e-01
8.676471e-01 9.460784e-01 -5.008702e-02
8.774510e-01 9.460784e-01 1.179689e-01
8.872549e-01 9.460784e-01 1.848236e-01
8.970588e-01 9.460784e-01 -7.486986e-02
9.068627e-01 9.460784e-01 -9.568102e-02
9.166667e-01 9.460784e-01 1.761820e-01
9.264706e-01 9.460784e-01 1.092897e-01
9.362745e-01 9.460784e-01 -1.845341e-01
9.460784e-01 9.460784e-01 -6.559067e-02
9.558824e-01 9.460784e-01 2.203527e-01
9.656863e-01 9.460784e-01 5.603920e-02
9.754902e-01 9.460784e-01 -2.274957e-01
9.852941e-01 9.460784e-01 -4.624470e-02
9.950980e-01 9.460784e-01 2.332622e-01
4.901961e-03 9.558824e-01 2.411823e-01
1.470588e-02 9.558824e-01 3.778491e-02
2.450980e-02 9.558824e-01 -2.395954e-01
3.431373e-02 9.558824e-01 -5.232097e-02
4.411765e-02 9.558824e-01 2.292062e-01
5.392157e-02 9.558824e-01 7.989340e-02
6.372549e-02 9.558824e-01 -2.053148e-01
7.352941e-02 9.558824e-01 -1.139599e-01
8.333333e-02 9.558824e-01 1.652571e-01
9.313725e-02 9.558824e-01 1.455769e-01
1.029412e-01 9.558824e-01 -1.085249e-01
1.127451e-01 9.558824e-01 -1.632041e-01
1.225490e-01 9.558824e-01 4.038091e-02
1.323529e-01 9.558824e-01 1.563642e-01
1.421569e-01 9.558824e-01 2.695772e-02
1.519608e-01 9.558824e-01 -1.207122e-01
1.617647e-01 9.558824e-01 -7.654741e-02
1.715686e-01 9.558824e-01 6.286180e-02
1.813725e-01 9.558824e-01 9.354027e-02
1.911765e-01 9.558824e-01 -9.603683e-04
2.009804e-01 9.558824e-01 -7.425369e-02
2.107843e-01 9.558824e-01 -4.212543e-02
2.205882e-01 9.558824e-01 3.151496e-02
2.303922e-01 9.558824e-01 5.153128e-02
2.401961e-01 9.558824e-01 1.004546e-02
2.500000e-01 9.558824e-01 -3.100033e-02
2.598039e-01 9.558824e-01 -2.882368e-02
2.696078e-01 9.558824e-01 1.331421e-03
2.794118e-01 9.558824e-01 2.115310e-02
2.892157e-01 9.558824e-01 1.518854e-02
2.990196e-01 9.558824e-01 -2.451447e-03
3.088235e-01 9.558824e-01 -1.208786e-02
3.186275e-01 9.558824e-01 -8.331175e-03
3.284314e-01 9.558824e-01 7.746124e-04
3.382353e-01 9.558824e-01 5.934646e-03
3.480392e-01 9.558824e-01 4.725653e-03
3.578431e-01 9.558824e-01 6.101592e-04
3.676471e-01 9.558824e-01 -2.269033e-03
3.774510e-01 9.558824e-01 -2.459168e-03
3.872549e-01 9.558824e-01 -1.009822e-03
3.970588e-01 9.558824e-01 4.222347e-04
4.068627e-01 9.558824e-01 9.678220e-04
4.166667e-01 9.558824e-01 7.158280e-04
4.264706e-01 9.558824e-01 1.829765e-04
4.362745e-01 9.558824e-01 -2.120584e-04
4.460784e-01 9.558824e-01 -3.050790e-04
4.558824e-01 9.558824e-01 -1.710114e-04
4.656863e-01 9.558824e-01 6.654279e-05
4.754902e-01 9.558824e-01 2.170156e-04
4.852941e-01 9.558824e-01 1.537765e-04
4.950980e-01 9.558824e-01 -1.044368e-04
5.049020e-01 9.558824e-01 -5.113569e-04
5.147059e-01 9.558824e-01 -6.230707e-04
5.245098e-01 9.558824e-01 -2.482647e-04
5.343137e-01 9.558824e-01 5.137420e-04
5.441176e-01 9.558824e-01 1.726576e-03
5.539216e-01 9.558824e-01 1.859754e-03
5.637255e-01 9.558824e-01 8.937238e-04
5.735294e-01 9.558824e-01 -9.426218e-04
5.833333e-01 9.558824e-01 -4.579066e-03
5.931373e-01 9.558824e-01 -5.378754e-03
6.029412e-01 9.558824e-01 -3.806579e-03
6.127451e-01 9.558824e-01 -1.117090e-03
6.225490e-01 9.558824e-01 8.284759e-03
6.323529e-01 9.558824e-01 1.329897e-02
6.421569e-01 9.558824e-01 1.192869e-02
6.519608e-01 9.558824e-01 1.328324e-02
6.617647e-01 9.558824e-01 -2.342108e-03
6.715686e-01 9.558824e-01 -2.233490e-02
6.813725e-01 9.558824e-01 -2.346796e-02
6.911765e-01 9.558824e-01 -3.884481e-02
7.009804e-01 9.558824e-01 -4.162829e-02
7.107843e-01 9.558824e-01 7.935420e-04
7.205882e-01 9.558824e-01 1.653904e-02
7.303922e-01 9.558824e-01 3.471304e-02
7.401961e-01 9.558824e-01 1.127062e-01
7.500000e-01 9.558824e-01 1.312998e-01
7.598039e-01 9.558824e-01 1.110895e-01
7.696078e-01 9.558824e-01 1.823372e-01
7.794118e-01 9.558824e-01 1.936752e-01
7.892157e-01 9.558824e-01 1.026328e-01
7.990196e-01 9.558824e-01 1.464019e-01
8.088235e-01 9.558824e-01 2.038295e-01
8.186275e-01 9.558824e-01 6.985660e-02
8.284314e-01 9.558824e-01 4.261020e-02
8.382353e-01 9.558824e-01 1.852651e-01
8.480392e-01 9.558824e-01 9.955710e-02
8.578431e-01 9.558824e-01 -6.330994e-02
8.676471e-01 9.558824e-01 8.676402e-02
8.774510e-01 9.558824e-01 1.826344e-01
8.872549e-01 9.558824e-01 -5.721564e-02
8.970588e-01 9.558824e-01 -1.004149e-01
9.068627e-01 9.558824e-01 1.662603e-01
9.166667e-01 9.558824e-01 1.182771e-01
9.264706e-01 9.558824e-01 -1.764156e-01
9.362745e-01 9.558824e-01 -6.737502e-02
9.460784e-01 9.558824e-01 2.203527e-01
9.558824e-01 9.558824e-01 5.372536e-02
9.656863e-01 9.558824e-01 -2.306054e-01
9.754902e-01 9.558824e-01 -3.578579e-02
9.852941e-01 9.558824e-01 2.411823e-01
9.950980e-01 9.558824e-01 3.778491e-02
4.901961e-03 9.656863e-01 2.566338e-02
1.470588e-02 9.656863e-01 -2.477566e-01
2.450980e-02 9.656863e-01 -3.335766e-02
3.431373e-02 9.656863e-01 2.431110e-01
4.411765e-02 9.656863e-01 5.606945e-02
5.392157e-02 9.656863e-01 -2.271371e-01
6.372549e-02 9.656863e-01 -8.943209e-02
7.352941e-02 9.656863e-01 1.963570e-01
8.333333e-02 9.656863e-01 1.260828e-01
9.313725e-02 9.656863e-01 -1.481316e-01
1.029412e-01 9.656863e-01 -1.552014e-01
1.127451e-01 9.656863e-01 8.412445e-02
1.225490e-01 9.656863e-01 1.648073e-01
1.323529e-01 9.656863e-01 -1.277694e-02
1.421569e-01 9.656863e-01 -1.460922e-01
1.519608e-01 9.656863e-01 -5.066087e-02
1.617647e-01 9.656863e-01 9.902238e-02
1.715686e-01 9.656863e-01 8.859793e-02
1.813725e-01 9.656863e-01 -3.590157e-02
1.911765e-01 9.656863e-01 -8.970642e-02
2.009804e-01 9.656863e-01 -2.120635e-02
2.107843e-01 9.656863e-01 5.746427e-02
2.205882e-01 9.656863e-01 5.079363e-02
2.303922e-01 9.656863e-01 -1.160794e-02
2.401961e-01 9.656863e-01 -4.531323e-02
2.500000e-01 9.656863e-01 -2.195534e-02
2.598039e-01 9.656863e-01 1.744823e-02
2.696078e-01 9.656863e-01 2.811997e-02
2.794118e-01 9.656863e-01 8.569260e-03
2.892157e-01 9.656863e-01 -1.285488e-02
2.990196e-01 9.656863e-01 -1.584691e-02
3.088235e-01 9.656863e-01 -4.124129e-03
3.186275e-01 9.656863e-01 7.005490e-03
3.284314e-01 9.656863e-01 8.540947e-03
3.382353e-01 9.656863e-01 2.892259e-03
3.480392e-01 9.656863e-01 -2.780683e-03
3.578431e-01 9.656863e-01 -4.250530e-03
3.676471e-01 9.656863e-01 -2.198190e-03
3.774510e-01 9.656863e-01 4.685218e-04
3.872549e-01 9.656863e-01 1.711480e-03
3.970588e-01 9.656863e-01 1.368696e-03
4.068627e-01 9.656863e-01 3.688491e-04
4.166667e-01 9.656863e-01 -3.945291e-04
4.264706e-01 9.656863e-01 -5.957572e-04
4.362745e-01 9.656863e-01 -3.767813e-04
4.460784e-01 9.656863e-01 -3.306226e-05
4.558824e-01 9.656863e-01 1.949135e-04
4.656863e-01 9.656863e-01 2.227676e-04
4.754902e-01 9.656863e-01 2.154699e-05
4.852941e-01 9.656863e-01 -2.202706e-04
4.950980e-01 9.656863e-01 -3.679510e-04
5.049020e-01 9.656863e-01 -2.040954e-04
5.147059e-01 9.656863e-01 3.848894e-04
5.245098e-01 9.656863e-01 8.681419e-04
5.343137e-01 9.656863e-01 1.181437e-03
5.441176e-01 9.656863e-01 5.280214e-04
5.539216e-01 9.656863e-01 -1.207134e-03
5.637255e-01 9.656863e-01 -2.423818e-03
5.735294e-01 9.656863e-01 -3.684401e-03
5.833333e-01 9.656863e-01 -2.435491e-03
5.931373e-01 9.656863e-01 1.951066e-03
6.029412e-01 9.656863e-01 4.828576e-03
6.127451e-01 9.656863e-01 9.501478e-03
6.225490e-01 9.656863e-01 1.038913e-02
6.323529e-01 9.656863e-01 1.699240e-03
6.421569e-01 9.656863e-01 -3.418860e-03
6.519608e-01 9.656863e-01 -1.392570e-02
6.617647e-01 9.656863e-01 -2.865756e-02
6.715686e-01 9.656863e-01 -2.044493e-02
6.813725e-01 9.656863e-01 -1.478811e-02
6.911765e-01 9.656863e-01 -1.218136e-02
7.009804e-01 9.656863e-01 2.607931e-02
7.107843e-01 9.656863e-01 4.388546e-02
7.205882e-01 9.656863e-01 3.608144e-02
7.303922e-01 9.656863e-01 7.658168e-02
7.401961e-01 9.656863e-01 8.392203e-02
7.500000e-01 9.656863e-01 3.632025e-02
7.598039e-01 9.656863e-01 7.253528e-02
7.696078e-01 9.656863e-01 9.889333e-02
7.794118e-01 9.656863e-01 2.089797e-02
7.892157e-01 9.656863e-01 4.893906e-02
7.990196e-01 9.656863e-01 1.368384e-01
8.088235e-01 9.656863e-01 4.765878e-02
8.186275e-01 9.656863e-01 8.566568e-03
8.284314e-01 9.656863e-01 1.548883e-01
8.382353e-01 9.656863e-01 1.159091e-01
8.480392e-01 9.656863e-01 -4.934727e-02
8.578431e-01 9.656863e-01 6.956678e-02
8.676471e-01 9.656863e-01 1.879086e-01
8.774510e-01 9.656863e-01 -2.997018e-02
8.872549e-01 9.656863e-01 -1.030873e-01
8.970588e-01 9.656863e-01 1.511773e-01
9.068627e-01 9.656863e-01 1.284754e-01
9.166667e-01 9.656863e-01 -1.652310e-01
9.264706e-01 9.656863e-01 -7.533900e-02
9.362745e-01 9.656863e-01 2.147548e-01
9.460784e-01 9.656863e-01 5.603920e-02
9.558824e-01 9.656863e-01 -2.306054e-01
9.656863e-01 9.656863e-01 -3.187111e-02
9.754902e-01 9.656863e-01 2.446039e-01
9.852941e-01 9.656863e-01 2.566338e-02
9.950980e-01 9.656863e-01 -2.477566e-01
4.901961e-03 9.754902e-01 -2.520152e-01
1.470588e-02 9.754902e-01 -2.121857e-02
2.450980e-02 9.754902e-01 2.520284e-01
3.431373e-02 9.754902e-01 3.731269e-02
4.411765e-02 9.754902e-01 -2.424646e-01
5.392157e-02 9.754902e-01 -6.691632e-02
6.372549e-02 9.754902e-01 2.200952e-01
7.352941e-02 9.754902e-01 1.045900e-01
8.333333e-02 9.754902e-01 -1.810114e-01
9.313725e-02 9.754902e-01 -1.408882e-01
1.029412e-01 9.754902e-01 1.241005e-01
1.127451e-01 9.754902e-01 1.637996e-01
1.225490e-01 9.754902e-01 -5.392588e-02
1.323529e-01 9.754902e-01 -1.618145e-01
1.421569e-01 9.754902e-01 -1.744390e-02
1.519608e-01 9.754902e-01 1.293323e-01
1.617647e-01 9.754902e-01 7.242565e-02
1.715686e-01 9.754902e-01 -7.194581e-02
1.813725e-01 9.754902e-01 -9.471877e-02
1.911765e-01 9.754902e-01 7.661240e-03
2.009804e-01 9.754902e-01 7.889186e-02
2.107843e-01 9.754902e-01 3.954508e-02
2.205882e-01 9.754902e-01 -3.666421e-02
2.303922e-01 9.754902e-01 -5.279205e-02
2.401961e-01 9.754902e-01 -6.983632e-03
2.500000e-01 9.754902e-01 3.401154e-02
2.598039e-01 9.754902e-01 2.868588e-02
2.696078e-01 9.754902e-01 -3.613488e-03
2.794118e-01 9.754902e-01 -2.276308e-02
2.892157e-01 9.754902e-01 -1.482207e-02
2.990196e-01 9.754902e-01 3.863307e-03
3.088235e-01 9.754902e-01 1.299245e-02
3.186275e-01 9.754902e-01 8.137018e-03
3.284314e-01 9.754902e-01 -1.546710e-03
3.382353e-01 9.754902e-01 -6.492872e-03
3.480392e-01 9.754902e-01 -4.733306e-03
3.578431e-01 9.754902e-01 -2.598565e-04
3.676471e-01 9.754902e-01 2.609921e-03
3.774510e-01 9.754902e-01 2.576329e-03
3.872549e-01 9.754902e-01 9.187816e-04
3.970588e-01 9.754902e-01 -5.873184e-04
4.068627e-01 9.754902e-01 -1.087835e-03
4.166667e-01 9.754902e-01 -7.490423e-04
4.264706e-01 9.754902e-01 -1.487229e-04
4.362745e-01 9.754902e-01 2.680137e-04
4.460784e-01 9.754902e-01 3.521422e-04
4.558824e-01 9.754902e-01 1.889468e-04
4.656863e-01 9.754902e-01 -6.505700e-05
4.754902e-01 9.754902e-01 -2.300688e-04
4.852941e-01 9.754902e-01 -1.521097e-04
4.950980e-01 9.754902e-01 1.074075e-04
5.049020e-01 9.754902e-01 5.270289e-04
5.147059e-01 9.754902e-01 6.177076e-04
5.245098e-01 9.754902e-01 2.143271e-04
5.343137e-01 9.754902e-01 -5.560715e-04
5.441176e-01 9.754902e-01 -1.805447e-03
5.539216e-01 9.754902e-01 -1.864156e-03
5.637255e-01 9.754902e-01 -9.016626e-04
5.735294e-01 9.754902e-01 9.567723e-04
5.833333e-01 9.754902e-01 4.682917e-03
5.931373e-01 9.754902e-01 5.361055e-03
6.029412e-01 9.754902e-01 4.037124e-03
6.127451e-01 9.754902e-01 1.603140e-03
6.225490e-01 9.754902e-01 -7.786660e-03
6.323529e-01 9.754902e-01 -1.236259e-02
6.421569e-01 9.754902e-01 -1.175421e-02
6.519608e-01 9.754902e-01 -1.501296e-02
6.617647e-01 9.754902e-01 -1.189116e-03
6.715686e-01 9.754902e-01 1.512486e-02
6.813725e-01 9.754902e-01 1.344117e-02
6.911765e-01 9.754902e-01 3.058235e-02
7.009804e-01 9.754902e-01 3.739522e-02
7.107843e-01 9.754902e-01 5.994974e-03
7.205882e-01 9.754902e-01 1.245354e-02
7.303922e-01 9.754902e-01 1.983557e-02
7.401961e-01 9.754902e-01 -2.726743e-02
7.500000e-01 9.754902e-01 -5.927455e-03
7.598039e-01 9.754902e-01 4.806568e-02
7.696078e-01 9.754902e-01 2.651979e-03
7.794118e-01 9.754902e-01 1.972533e-02
7.892157e-01 9.754902e-01 1.257189e-01
7.990196e-01 9.754902e-01 7.650137e-02
8.088235e-01 9.754902e-01 1.641015e-02
8.186275e-01 9.754902e-01 1.435638e-01
8.284314e-01 9.754902e-01 1.398294e-01
8.382353e-01 9.754902e-01 -3.092356e-02
8.480392e-01 9.754902e-01 4.376939e-02
8.578431e-01 9.754902e-01 1.785955e-01
8.676471e-01 9.754902e-01 -1.028953e-02
8.774510e-01 9.754902e-01 -1.155862e-01
8.872549e-01 9.754902e-01 1.214109e-01
8.970588e-01 9.754902e-01 1.335795e-01
9.068627e-01 9.754902e-01 -1.537390e-01
9.166667e-01 9.754902e-01 -9.141519e-02
9.264706e-01 9.754902e-01 2.025369e-01
9.362745e-01 9.754902e-01 6.381480e-02
9.460784e-01 9.754902e-01 -2.274957e-01
9.558824e-01 9.754902e-01 -3.578579e-02
9.656863e-01 9.754902e-01 2.446039e-01
9.754902e-01 9.754902e-01 2.125939e-02
9.852941e-01 9.754902e-01 -2.520152e-01
9.950980e-01 9.754902e-01 -2.121857e-02
4.901961e-03 9.852941e-01 -1.712096e-02
1.470588e-02 9.852941e-01 2.563914e-01
2.450980e-02 9.852941e-01 2.571199e-02
3.431373e-02 9.852941e-01 -2.517911e-01
4.411765e-02 9.852941e-01 -4.923841e-02
5.392157e-02 9.852941e-01 2.364952e-01
6.372549e-02 9.852941e-01 8.447475e-02
7.352941e-02 9.852941e-01 -2.060727e-01
8.333333e-02 9.852941e-01 -1.236119e-01
9.313725e-02 9.852941e-01 1.576646e-01
1.029412e-01 9.852941e-01 1.556464e-01
1.127451e-01 9.852941e-01 -9.249931e-02
1.225490e-01 9.852941e-01 -1.680394e-01
1.323529e-01 9.852941e-01 1.887585e-02
1.421569e-01 9.852941e-01 1.512840e-01
1.519608e-01 9.852941e-01 4.769375e-02
1.617647e-01 9.852941e-01 -1.047043e-01
1.715686e-01 9.852941e-01 -8.887050e-02
1.813725e-01 9.852941e-01 4.038915e-02
1.911765e-01 9.852941e-01 9.231409e-02
2.009804e-01 9.852941e-01 1.910848e-02
2.107843e-01 9.852941e-01 -6.072709e-02
2.205882e-01 9.852941e-01 -5.116820e-02
2.303922e-01 9.852941e-01 1.384714e-02
2.401961e-01 9.852941e-01 4.707163e-02
2.500000e-01 9.852941e-01 2.150839e-02
2.598039e-01 9.852941e-01 -1.904216e-02
2.696078e-01 9.852941e-01 -2.896860e-02
2.794118e-01 9.852941e-01 -8.089235e-03
2.892157e-01 9.852941e-01 1.381708e-02
2.990196e-01 9.852941e-01 1.629257e-02
3.088235e-01 9.852941e-01 3.847954e-03
3.186275e-01 9.852941e-01 -7.532730e-03
3.284314e-01 9.852941e-01 -8.821586e-03
3.382353e-01 9.852941e-01 -2.809145e-03
3.480392e-01 9.852941e-01 3.030384e-03
3.578431e-01 9.852941e-01 4.433598e-03
3.676471e-01 9.852941e-01 2.225601e-03
3.774510e-01 9.852941e-01 -5.471164e-04
3.872549e-01 9.852941e-01 -1.805092e-03
3.970588e-01 9.852941e-01 -1.421381e-03
4.068627e-01 9.852941e-01 -3.743561e-04
4.166667e-01 9.852941e-01 4.148034e-04
4.264706e-01 9.852941e-01 6.205958e-04
4.362745e-01 9.852941e-01 3.932023e-04
4.460784e-01 9.852941e-01 4.266833e-05
4.558824e-01 9.852941e-01 -1.921420e-04
4.656863e-01 9.852941e-01 -2.161141e-04
4.754902e-01 9.852941e-01 -1.821300e-05
4.852941e-01 9.852941e-01 2.255541e-04
4.950980e-01 9.852941e-01 3.576534e-04
5.049020e-01 9.852941e-01 1.829367e-04
5.147059e-01 9.852941e-01 -4.148825e-04
5.245098e-01 9.852941e-01 -8.854344e-04
5.343137e-01 9.852941e-01 -1.159994e-03
5.441176e-01 9.852941e-01 -4.762867e-04
5.539216e-01 9.852941e-01 1.275101e-03
5.637255e-01 9.852941e-01 2.410380e-03
5.735294e-01 9.852941e-01 3.575276e-03
5.833333e-01 9.852941e-01 2.218289e-03
5.931373e-01 9.852941e-01 -2.167931e-03
6.029412e-01 9.852941e-01 -4.715707e-03
6.127451e-01 9.852941e-01 -9.019059e-03
6.225490e-01 9.852941e-01 -9.406874e-03
6.323529e-01 9.852941e-01 -4.791027e-04
6.421569e-01 9.852941e-01 3.753690e-03
6.519608e-01 9.852941e-01 1.280616e-02
6.617647e-01 9.852941e-01 2.515914e-02
6.715686e-01 9.852941e-01 1.380192e-02
6.813725e-01 9.852941e-01 7.038826e-03
6.911765e-01 9.852941e-01 5.572915e-03
7.009804e-01 9.852941e-01 -2.843342e-02
7.107843e-01 9.852941e-01 -3.499746e-02
7.205882e-01 9.852941e-01 -1.117254e-02
7.303922e-01 9.852941e-01 -3.283127e-02
7.401961e-01 9.852941e-01 -1.525439e-02
7.500000e-01 9.852941e-01 5.768750e-02
7.598039e-01 9.852941e-01 4.143236e-02
7.696078e-01 9.852941e-01 3.514283e-02
7.794118e-01 9.852941e-01 1.289287e-01
7.892157e-01 9.852941e-01 1.035053e-01
7.990196e-01 9.852941e-01 1.491349e-02
8.088235e-01 9.852941e-01 1.031415e-01
8.186275e-01 9.852941e-01 1.278572e-01
8.284314e-01 9.852941e-01 -3.785886e-02
8.382353e-01 9.852941e-01 -8.680563e-03
8.480392e-01 9.852941e-01 1.414244e-01
8.578431e-01 9.852941e-01 -3.114140e-03
8.676471e-01 9.852941e-01 -1.342032e-01
8.774510e-01 9.852941e-01 8.046411e-02
8.872549e-01 9.852941e-01 1.360639e-01
8.970588e-01 9.852941e-01 -1.357302e-01
9.068627e-01 9.852941e-01 -1.094124e-01
9.166667e-01 9.852941e-01 1.857646e-01
9.264706e-01 9.852941e-01 7.883790e-02
9.362745e-01 9.852941e-01 -2.181208e-01
9.460784e-01 9.852941e-01 -4.624470e-02
9.558824e-01 9.852941e-01 2.411823e-01
9.656863e-01 9.852941e-01 2.566338e-02
9.754902e-01 9.852941e-01 -2.520152e-01
9.852941e-01 9.852941e-01 -1.712096e-02
9.950980e-01 9.852941e-01 2.563914e-01
4.901961e-03 9.950980e-01 2.563914e-01
1.470588e-02 9.950980e-01 2.183447e-02
2.450980e-02 9.950980e-01 -2.560187e-01
3.431373e-02 9.950980e-01 -3.797142e-02
4.411765e-02 9.950980e-01 2.464145e-01
5.392157e-02 9.950980e-01 6.812485e-02
6.372549e-02 9.950980e-01 -2.236293e-01
7.352941e-02 9.950980e-01 -1.063881e-01
8.333333e-02 9.950980e-01 1.838983e-01
9.313725e-02 9.950980e-01 1.432707e-01
1.029412e-01 9.950980e-01 -1.260330e-01
1.127451e-01 9.950980e-01 -1.665291e-01
1.225490e-01 9.950980e-01 5.469336e-02
1.323529e-01 9.950980e-01 1.644711e-01
1.421569e-01 9.950980e-01 1.784854e-02
1.519608e-01 9.950980e-01 -1.314056e-01
1.617647e-01 9.950980e-01 -7.370882e-02
1.715686e-01 9.950980e-01 7.303090e-02
1.813725e-01 9.950980e-01 9.631420e-02
1.911765e-01 9.950980e-01 -7.671004e-03
2.009804e-01 9.950980e-01 -8.015516e-02
2.107843e-01 9.950980e-01 -4.028374e-02
2.205882e-01 9.950980e-01 3.717553e-02
2.303922e-01 9.950980e-01 5.367713e-02
2.401961e-01 9.950980e-01 7.195133e-03
2.500000e-01 9.950980e-01 -3.451113e-02
2.598039e-01 9.950980e-01 -2.919599e-02
2.696078e-01 9.950980e-01 3.587692e-03
2.794118e-01 9.950980e-01 2.309673e-02
2.892157e-01 9.950980e-01 1.510291e-02
2.990196e-01 9.950980e-01 -3.857404e-03
3.088235e-01 9.950980e-01 -1.317067e-02
3.186275e-01 9.950980e-01 -8.293756e-03
3.284314e-01 9.950980e-01 1.519452e-03
3.382353e-01 9.950980e-01 6.563104e-03
3.480392e-01 9.950980e-01 4.814346e-03
3.578431e-01 9.950980e-01 2.968503e-04
3.676471e-01 9.950980e-01 -2.618298e-03
3.774510e-01 9.950980e-01 -2.604180e-03
3.872549e-01 9.950980e-01 -9.433108e-04
3.970588e-01 9.950980e-01 5.743895e-04
4.068627e-01 9.950980e-01 1.084880e-03
4.166667e-01 9.950980e-01 7.515939e-04
4.264706e-01 9.950980e-01 1.543642e-04
4.362745e-01 9.950980e-01 -2.615938e-04
4.460784e-01 9.950980e-01 -3.442026e-04
4.558824e-01 9.950980e-01 -1.829162e-04
4.656863e-01 9.950980e-01 7.181023e-05
4.754902e-01 9.950980e-01 2.299883e-04
4.852941e-01 9.950980e-01 1.497581e-04
4.950980e-01 9.950980e-01 -1.199838e-04
5.049020e-01 9.950980e-01 -5.392877e-04
5.147059e-01 9.950980e-01 -6.242986e-04
5.245098e-01 9.950980e-01 -2.067399e-04
5.343137e-01 9.950980e-01 5.854606e-04
5.441176e-01 9.950980e-01 1.829698e-03
5.539216e-01 9.950980e-01 1.864138e-03
5.637255e-01 9.950980e-01 8.347112e-04
5.735294e-01 9.950980e-01 -1.082536e-03
5.833333e-01 9.950980e-01 -4.810978e-03
5.931373e-01 9.950980e-01 -5.381661e-03
6.029412e-01 9.950980e-01 -3.791695e-03
6.127451e-01 9.950980e-01 -1.075682e-03
6.225490e-01 9.950980e-01 8.525290e-03
6.323529e-01 9.950980e-01 1.295332e-02
6.421569e-01 9.950980e-01 1.155895e-02
6.519608e-01 9.950980e-01 1.358184e-02
6.617647e-01 9.950980e-01 -1.947604e-03
6.715686e-01 9.950980e-01 -1.984169e-02
6.813725e-01 9.950980e-01 -1.837391e-02
6.911765e-01 9.950980e-01 -3.401598e-02
7.009804e-01 9.950980e-01 -3.653349e-02
7.107843e-01 9.950980e-01 3.115245e-03
7.205882e-01 9.950980e-01 7.686910e-03
7.303922e-01 9.950980e-01 1.392824e-02
7.401961e-01 9.950980e-01 7.731695e-02
7.500000e-01 9.950980e-01 7.156336e-02
7.598039e-01 9.950980e-01 3.116621e-02
7.696078e-01 9.950980e-01 8.911628e-02
7.794118e-01 9.950980e-01 7.996677e-02
7.892157e-01 9.950980e-01 -2.409371e-02
7.990196e-01 9.950980e-01 2.509545e-02
8.088235e-01 9.950980e-01 8.158361e-02
8.186275e-01 9.950980e-01 -5.550121e-02
8.284314e-01 9.950980e-01 -6.196459e-02
8.382353e-01 9.950980e-01 1.003323e-01
8.480392e-01 9.950980e-01 1.303541e-02
8.578431e-01 9.950980e-01 -1.351032e-01
8.676471e-01 9.950980e-01 4.681260e-02
8.774510e-01 9.950980e-01 1.453677e-01
8.872549e-01 9.950980e-01 -1.025894e-01
8.970588e-01 9.950980e-01 -1.208124e-01
9.068627e-01 9.950980e-01 1.667970e-01
9.166667e-01 9.950980e-01 1.003173e-01
9.264706e-01 9.950980e-01 -2.008583e-01
9.362745e-01 9.950980e-01 -6.170301e-02
9.460784e-01 9.950980e-01 2.332622e-01
9.558824e-01 9.950980e-01 3.778491e-02
9.656863e-01 9.950980e-01 -2.477566e-01
9.754902e-01 9.950980e-01 -2.121857e-02
9.852941e-01 9.950980e-01 2.563914e-01
9.950980e-01 9.950980e-01 2.183447e-02
