TITLE = "2D Linear Advection"
VARIABLES = "x" "y" "u"
ZONE I=102, J=102, F=POINT
4.901961e-03 4.901961e-03 1.677601e-07
1.470588e-02 4.901961e-03 -1.140939e-07
2.450980e-02 4.901961e-03 -1.800916e-07
3.431373e-02 4.901961e-03 7.623187e-08
4.411765e-02 4.901961e-03 1.897071e-07
5.392157e-02 4.901961e-03 2.001989e-09
6.372549e-02 4.901961e-03 -1.627641e-07
7.352941e-02 4.901961e-03 -8.908355e-08
8.333333e-02 4.901961e-03 7.454602e-08
9.313725e-02 4.901961e-03 1.190566e-07
1.029412e-01 4.901961e-03 3.604085e-08
1.127451e-01 4.901961e-03 -5.279737e-08
1.225490e-01 4.901961e-03 -7.031705e-08
1.323529e-01 4.901961e-03 -3.305649e-08
1.421569e-01 4.901961e-03 8.573230e-09
1.519608e-01 4.901961e-03 2.683876e-08
1.617647e-01 4.901961e-03 2.403399e-08
1.715686e-01 4.901961e-03 1.353925e-08
1.813725e-01 4.901961e-03 4.603518e-09
1.911765e-01 4.901961e-03 -9.497903e-10
2.009804e-01 4.901961e-03 -5.736786e-09
2.107843e-01 4.901961e-03 -1.329869e-08
2.205882e-01 4.901961e-03 -2.527536e-08
2.303922e-01 4.901961e-03 -3.772447e-08
2.401961e-01 4.901961e-03 -3.499490e-08
2.500000e-01 4.901961e-03 1.878781e-08
2.598039e-01 4.901961e-03 1.879678e-07
2.696078e-01 4.901961e-03 5.677064e-07
2.794118e-01 4.901961e-03 1.272564e-06
2.892157e-01 4.901961e-03 2.403724e-06
2.990196e-01 4.901961e-03 3.991839e-06
3.088235e-01 4.901961e-03 5.921783e-06
3.186275e-01 4.901961e-03 7.857863e-06
3.284314e-01 4.901961e-03 9.198591e-06
3.382353e-01 4.901961e-03 9.093174e-06
3.480392e-01 4.901961e-03 6.542565e-06
3.578431e-01 4.901961e-03 5.856713e-07
3.676471e-01 4.901961e-03 -9.458749e-06
3.774510e-01 4.901961e-03 -2.375154e-05
3.872549e-01 4.901961e-03 -4.176440e-05
3.970588e-01 4.901961e-03 -6.224470e-05
4.068627e-01 4.901961e-03 -8.334400e-05
4.166667e-01 4.901961e-03 -1.028957e-04
4.264706e-01 4.901961e-03 -1.187827e-04
4.362745e-01 4.901961e-03 -1.293083e-04
4.460784e-01 4.901961e-03 -1.334824e-04
4.558824e-01 4.901961e-03 -1.311586e-04
4.656863e-01 4.901961e-03 -1.230006e-04
4.754902e-01 4.901961e-03 -1.103000e-04
4.852941e-01 4.901961e-03 -9.470235e-05
4.950980e-01 4.901961e-03 -7.791236e-05
5.049020e-01 4.901961e-03 -6.144046e-05
5.147059e-01 4.901961e-03 -4.643449e-05
5.245098e-01 4.901961e-03 -3.360953e-05
5.343137e-01 4.901961e-03 -2.326558e-05
5.441176e-01 4.901961e-03 -1.536612e-05
5.539216e-01 4.901961e-03 -9.645779e-06
5.637255e-01 4.901961e-03 -5.718498e-06
5.735294e-01 4.901961e-03 -3.167189e-06
5.833333e-01 4.901961e-03 -1.605682e-06
5.931373e-01 4.901961e-03 -7.127081e-07
6.029412e-01 4.901961e-03 -2.430510e-07
6.127451e-01 4.901961e-03 -2.331469e-08
6.225490e-01 4.901961e-03 6.048112e-08
6.323529e-01 4.901961e-03 7.786388e-08
6.421569e-01 4.901961e-03 6.787270e-08
6.519608e-01 4.901961e-03 5.029807e-08
6.617647e-01 4.901961e-03 3.378410e-08
6.715686e-01 4.901961e-03 2.113715e-08
6.813725e-01 4.901961e-03 1.249542e-08
6.911765e-01 4.901961e-03 7.038594e-09
7.009804e-01 4.901961e-03 3.798360e-09
7.107843e-01 4.901961e-03 1.970898e-09
7.205882e-01 4.901961e-03 9.867452e-10
7.303922e-01 4.901961e-03 4.730043e-10
7.401961e-01 4.901961e-03 2.360154e-10
7.500000e-01 4.901961e-03 5.808242e-11
7.598039e-01 4.901961e-03 1.612607e-10
7.696078e-01 4.901961e-03 -2.508642e-10
7.794118e-01 4.901961e-03 5.097723e-10
7.892157e-01 4.901961e-03 -6.618693e-10
7.990196e-01 4.901961e-03 2.674759e-10
8.088235e-01 4.901961e-03 1.612275e-09
8.186275e-01 4.901961e-03 -5.787800e-09
8.284314e-01 4.901961e-03 1.134874e-08
8.382353e-01 4.901961e-03 -1.358922e-08
8.480392e-01 4.901961e-03 4.797437e-09
8.578431e-01 4.901961e-03 1.788709e-08
8.676471e-01 4.901961e-03 -4.019740e-08
8.774510e-01 4.901961e-03 3.138257e-08
8.872549e-01 4.901961e-03 2.320821e-08
8.970588e-01 4.901961e-03 -7.846479e-08
9.068627e-01 4.901961e-03 5.035904e-08
9.166667e-01 4.901961e-03 6.559575e-08
9.264706e-01 4.901961e-03 -1.227827e-07
9.362745e-01 4.901961e-03 -3.279209e-09
9.460784e-01 4.901961e-03 1.580027e-07
9.558824e-01 4.901961e-03 -6.509630e-08
9.656863e-01 4.901961e-03 -1.646919e-07
9.754902e-01 4.901961e-03 1.084968e-07
9.852941e-01 4.901961e-03 1.677601e-07
9.950980e-01 4.901961e-03 -1.140939e-07
4.901961e-03 1.470588e-02 -1.140939e-07
1.470588e-02 1.470588e-02 -1.778209e-07
2.450980e-02 1.470588e-02 9.792863e-08
3.431373e-02 1.470588e-02 1.912707e-07
4.411765e-02 1.470588e-02 -3.728092e-08
5.392157e-02 1.470588e-02 -1.855526e-07
6.372549e-02 1.470588e-02 -5.242394e-08
7.352941e-02 1.470588e-02 1.255434e-07
8.333333e-02 1.470588e-02 1.187638e-07
9.313725e-02 1.470588e-02 -1.376065e-08
1.029412e-01 1.470588e-02 -9.668705e-08
1.127451e-01 1.470588e-02 -6.996639e-08
1.225490e-01 1.470588e-02 1.820108e-09
1.323529e-01 1.470588e-02 4.513504e-08
1.421569e-01 1.470588e-02 4.327917e-08
1.519608e-01 1.470588e-02 1.967925e-08
1.617647e-01 1.470588e-02 -9.951640e-10
1.715686e-01 1.470588e-02 -1.008181e-08
1.813725e-01 1.470588e-02 -1.077555e-08
1.911765e-01 1.470588e-02 -8.790286e-09
2.009804e-01 1.470588e-02 -6.952257e-09
2.107843e-01 1.470588e-02 -3.684845e-09
2.205882e-01 1.470588e-02 7.349535e-09
2.303922e-01 1.470588e-02 3.749078e-08
2.401961e-01 1.470588e-02 1.017436e-07
2.500000e-01 1.470588e-02 2.127054e-07
2.598039e-01 1.470588e-02 3.662193e-07
2.696078e-01 1.470588e-02 5.166804e-07
2.794118e-01 1.470588e-02 5.437997e-07
2.892157e-01 1.470588e-02 2.187341e-07
2.990196e-01 1.470588e-02 -8.158722e-07
3.088235e-01 1.470588e-02 -3.033399e-06
3.186275e-01 1.470588e-02 -6.962145e-06
3.284314e-01 1.470588e-02 -1.307051e-05
3.382353e-01 1.470588e-02 -2.161211e-05
3.480392e-01 1.470588e-02 -3.246560e-05
3.578431e-01 1.470588e-02 -4.501904e-05
3.676471e-01 1.470588e-02 -5.814936e-05
3.774510e-01 1.470588e-02 -7.032883e-05
3.872549e-01 1.470588e-02 -7.985676e-05
3.970588e-01 1.470588e-02 -8.517415e-05
4.068627e-01 1.470588e-02 -8.518768e-05
4.166667e-01 1.470588e-02 -7.951882e-05
4.264706e-01 1.470588e-02 -6.860976e-05
4.362745e-01 1.470588e-02 -5.365576e-05
4.460784e-01 1.470588e-02 -3.638135e-05
4.558824e-01 1.470588e-02 -1.871902e-05
4.656863e-01 1.470588e-02 -2.470831e-06
4.754902e-01 1.470588e-02 1.096933e-05
4.852941e-01 1.470588e-02 2.077944e-05
4.950980e-01 1.470588e-02 2.674109e-05
5.049020e-01 1.470588e-02 2.915588e-05
5.147059e-01 1.470588e-02 2.868682e-05
5.245098e-01 1.470588e-02 2.617351e-05
5.343137e-01 1.470588e-02 2.246421e-05
5.441176e-01 1.470588e-02 1.829281e-05
5.539216e-01 1.470588e-02 1.421128e-05
5.637255e-01 1.470588e-02 1.057306e-05
5.735294e-01 1.470588e-02 7.553851e-06
5.833333e-01 1.470588e-02 5.192933e-06
5.931373e-01 1.470588e-02 3.440287e-06
6.029412e-01 1.470588e-02 2.198958e-06
6.127451e-01 1.470588e-02 1.357250e-06
6.225490e-01 1.470588e-02 8.094761e-07
6.323529e-01 1.470588e-02 4.667052e-07
6.421569e-01 1.470588e-02 2.601892e-07
6.519608e-01 1.470588e-02 1.402742e-07
6.617647e-01 1.470588e-02 7.312364e-08
6.715686e-01 1.470588e-02 3.684531e-08
6.813725e-01 1.470588e-02 1.793441e-08
6.911765e-01 1.470588e-02 8.424829e-09
7.009804e-01 1.470588e-02 3.813870e-09
7.107843e-01 1.470588e-02 1.660986e-09
7.205882e-01 1.470588e-02 6.916607e-10
7.303922e-01 1.470588e-02 2.798708e-10
7.401961e-01 1.470588e-02 9.606220e-11
7.500000e-01 1.470588e-02 4.744325e-11
7.598039e-01 1.470588e-02 1.938018e-11
7.696078e-01 1.470588e-02 -1.064819e-10
7.794118e-01 1.470588e-02 4.432770e-10
7.892157e-01 1.470588e-02 -1.245120e-09
7.990196e-01 1.470588e-02 2.697514e-09
8.088235e-01 1.470588e-02 -4.445769e-09
8.186275e-01 1.470588e-02 4.874039e-09
8.284314e-01 1.470588e-02 -9.871333e-10
8.382353e-01 1.470588e-02 -9.398309e-09
8.480392e-01 1.470588e-02 2.248454e-08
8.578431e-01 1.470588e-02 -2.477308e-08
8.676471e-01 1.470588e-02 1.041907e-09
8.774510e-01 1.470588e-02 4.208698e-08
8.872549e-01 1.470588e-02 -6.048328e-08
8.970588e-01 1.470588e-02 8.123838e-09
9.068627e-01 1.470588e-02 8.255896e-08
9.166667e-01 1.470588e-02 -8.983880e-08
9.264706e-01 1.470588e-02 -4.128283e-08
9.362745e-01 1.470588e-02 1.471583e-07
9.460784e-01 1.470588e-02 -2.939942e-08
9.558824e-01 1.470588e-02 -1.670047e-07
9.656863e-01 1.470588e-02 8.839051e-08
9.754902e-01 1.470588e-02 1.700888e-07
9.852941e-01 1.470588e-02 -1.140939e-07
9.950980e-01 1.470588e-02 -1.778209e-07
4.901961e-03 2.450980e-02 -1.800916e-07
1.470588e-02 2.450980e-02 9.792863e-08
2.450980e-02 2.450980e-02 1.909836e-07
3.431373e-02 2.450980e-02 -5.848030e-08
4.411765e-02 2.450980e-02 -1.949062e-07
5.392157e-02 2.450980e-02 -1.986550e-08
6.372549e-02 2.450980e-02 1.591900e-07
7.352941e-02 2.450980e-02 1.020059e-07
8.333333e-02 2.450980e-02 -6.383456e-08
9.313725e-02 2.450980e-02 -1.216080e-07
1.029412e-01 2.450980e-02 -4.576443e-08
1.127451e-01 2.450980e-02 4.664305e-08
1.225490e-01 2.450980e-02 7.135485e-08
1.323529e-01 2.450980e-02 3.786607e-08
1.421569e-01 2.450980e-02 -4.489452e-09
1.519608e-01 2.450980e-02 -2.533198e-08
1.617647e-01 2.450980e-02 -2.453013e-08
1.715686e-01 2.450980e-02 -1.476976e-08
1.813725e-01 2.450980e-02 -5.743402e-09
1.911765e-01 2.450980e-02 1.203091e-10
2.009804e-01 2.450980e-02 5.168847e-09
2.107843e-01 2.450980e-02 1.309905e-08
2.205882e-01 2.450980e-02 2.610348e-08
2.303922e-01 2.450980e-02 4.114821e-08
2.401961e-01 2.450980e-02 4.365003e-08
2.500000e-01 2.450980e-02 -1.668382e-09
2.598039e-01 2.450980e-02 -1.603688e-07
2.696078e-01 2.450980e-02 -5.328143e-07
2.794118e-01 2.450980e-02 -1.245481e-06
2.892157e-01 2.450980e-02 -2.420676e-06
2.990196e-01 2.450980e-02 -4.120294e-06
3.088235e-01 2.450980e-02 -6.268361e-06
3.186275e-01 2.450980e-02 -8.569705e-06
3.284314e-01 2.450980e-02 -1.045385e-05
3.382353e-01 2.450980e-02 -1.107796e-05
3.480392e-01 2.450980e-02 -9.415193e-06
3.578431e-01 2.450980e-02 -4.433518e-06
3.676471e-01 2.450980e-02 4.660280e-06
3.774510e-01 2.450980e-02 1.816646e-05
3.872549e-01 2.450980e-02 3.569977e-05
3.970588e-01 2.450980e-02 5.612504e-05
4.068627e-01 2.450980e-02 7.765840e-05
4.166667e-01 2.450980e-02 9.812693e-05
4.264706e-01 2.450980e-02 1.153330e-04
4.362745e-01 2.450980e-02 1.274381e-04
4.460784e-01 2.450980e-02 1.332745e-04
4.558824e-01 2.450980e-02 1.325152e-04
4.656863e-01 2.450980e-02 1.256702e-04
4.754902e-01 2.450980e-02 1.139277e-04
4.852941e-01 2.450980e-02 9.888999e-05
4.950980e-01 2.450980e-02 8.227584e-05
5.049020e-01 2.450980e-02 6.565493e-05
5.147059e-01 2.450980e-02 5.026107e-05
5.245098e-01 2.450980e-02 3.690335e-05
5.343137e-01 2.450980e-02 2.596823e-05
5.441176e-01 2.450980e-02 1.748804e-05
5.539216e-01 2.450980e-02 1.124419e-05
5.637255e-01 2.450980e-02 6.876051e-06
5.735294e-01 2.450980e-02 3.974312e-06
5.833333e-01 2.450980e-02 2.148152e-06
5.931373e-01 2.450980e-02 1.064440e-06
6.029412e-01 2.450980e-02 4.631932e-07
6.127451e-01 2.450980e-02 1.563639e-07
6.225490e-01 2.450980e-02 1.718041e-08
6.323529e-01 2.450980e-02 -3.408583e-08
6.421569e-01 2.450980e-02 -4.404800e-08
6.519608e-01 2.450980e-02 -3.778818e-08
6.617647e-01 2.450980e-02 -2.745266e-08
6.715686e-01 2.450980e-02 -1.805314e-08
6.813725e-01 2.450980e-02 -1.105294e-08
6.911765e-01 2.450980e-02 -6.392933e-09
7.009804e-01 2.450980e-02 -3.523268e-09
7.107843e-01 2.450980e-02 -1.860208e-09
7.205882e-01 2.450980e-02 -9.455737e-10
7.303922e-01 2.450980e-02 -4.585207e-10
7.401961e-01 2.450980e-02 -2.333484e-10
7.500000e-01 2.450980e-02 -5.504262e-11
7.598039e-01 2.450980e-02 -1.636705e-10
7.696078e-01 2.450980e-02 2.457591e-10
7.794118e-01 2.450980e-02 -4.757578e-10
7.892157e-01 2.450980e-02 5.487567e-10
7.990196e-01 2.450980e-02 4.269853e-13
8.088235e-01 2.450980e-02 -2.089387e-09
8.186275e-01 2.450980e-02 6.375951e-09
8.284314e-01 2.450980e-02 -1.163363e-08
8.382353e-01 2.450980e-02 1.287319e-08
8.480392e-01 2.450980e-02 -2.664922e-09
8.578431e-01 2.450980e-02 -2.053898e-08
8.676471e-01 2.450980e-02 4.079183e-08
8.774510e-01 2.450980e-02 -2.765492e-08
8.872549e-01 2.450980e-02 -2.932766e-08
8.970588e-01 2.450980e-02 8.006205e-08
9.068627e-01 2.450980e-02 -4.287007e-08
9.166667e-01 2.450980e-02 -7.489249e-08
9.264706e-01 2.450980e-02 1.199133e-07
9.362745e-01 2.450980e-02 1.749504e-08
9.460784e-01 2.450980e-02 -1.621845e-07
9.558824e-01 2.450980e-02 4.956348e-08
9.656863e-01 2.450980e-02 1.745514e-07
9.754902e-01 2.450980e-02 -9.302255e-08
9.852941e-01 2.450980e-02 -1.800916e-07
9.950980e-01 2.450980e-02 9.792863e-08
4.901961e-03 3.431373e-02 7.623187e-08
1.470588e-02 3.431373e-02 1.912707e-07
2.450980e-02 3.431373e-02 -5.848030e-08
3.431373e-02 3.431373e-02 -1.968500e-07
4.411765e-02 3.431373e-02 -1.143264e-09
5.392157e-02 3.431373e-02 1.764340e-07
6.372549e-02 3.431373e-02 8.151797e-08
7.352941e-02 3.431373e-02 -1.024823e-07
8.333333e-02 3.431373e-02 -1.278936e-07
9.313725e-02 3.431373e-02 -1.007464e-08
1.029412e-01 3.431373e-02 8.543309e-08
1.127451e-01 3.431373e-02 7.737088e-08
1.225490e-01 3.431373e-02 1.212072e-08
1.323529e-01 3.431373e-02 -3.679442e-08
1.421569e-01 3.431373e-02 -4.334001e-08
1.519608e-01 3.431373e-02 -2.434672e-08
1.617647e-01 3.431373e-02 -3.889439e-09
1.715686e-01 3.431373e-02 7.009664e-09
1.813725e-01 3.431373e-02 9.508665e-09
1.911765e-01 3.431373e-02 8.685919e-09
2.009804e-01 3.431373e-02 7.742510e-09
2.107843e-01 3.431373e-02 5.823801e-09
2.205882e-01 3.431373e-02 -2.872048e-09
2.303922e-01 3.431373e-02 -2.997279e-08
2.401961e-01 3.431373e-02 -9.269044e-08
2.500000e-01 3.431373e-02 -2.094096e-07
2.598039e-01 3.431373e-02 -3.872029e-07
2.696078e-01 3.431373e-02 -5.982426e-07
2.794118e-01 3.431373e-02 -7.454232e-07
2.892157e-01 3.431373e-02 -6.234628e-07
2.990196e-01 3.431373e-02 1.109780e-07
3.088235e-01 3.431373e-02 1.941032e-06
3.186275e-01 3.431373e-02 5.444112e-06
3.284314e-01 3.431373e-02 1.118877e-05
3.382353e-01 3.431373e-02 1.958116e-05
3.480392e-01 3.431373e-02 3.069046e-05
3.578431e-01 3.431373e-02 4.410156e-05
3.676471e-01 3.431373e-02 5.884932e-05
3.774510e-01 3.431373e-02 7.347651e-05
3.872549e-01 3.431373e-02 8.622664e-05
3.970588e-01 3.431373e-02 9.534284e-05
4.068627e-01 3.431373e-02 9.940708e-05
4.166667e-01 3.431373e-02 9.763522e-05
4.264706e-01 3.431373e-02 9.005052e-05
4.362745e-01 3.431373e-02 7.748934e-05
4.460784e-01 3.431373e-02 6.143898e-05
4.558824e-01 3.431373e-02 4.375216e-05
4.656863e-01 3.431373e-02 2.631176e-05
4.754902e-01 3.431373e-02 1.072570e-05
4.852941e-01 3.431373e-02 -1.885408e-06
4.950980e-01 3.431373e-02 -1.097662e-05
5.049020e-01 3.431373e-02 -1.654681e-05
5.147059e-01 3.431373e-02 -1.901749e-05
5.245098e-01 3.431373e-02 -1.906680e-05
5.343137e-01 3.431373e-02 -1.746280e-05
5.441176e-01 3.431373e-02 -1.492828e-05
5.539216e-01 3.431373e-02 -1.205386e-05
5.637255e-01 3.431373e-02 -9.260486e-06
5.735294e-01 3.431373e-02 -6.801906e-06
5.833333e-01 3.431373e-02 -4.792721e-06
5.931373e-01 3.431373e-02 -3.247526e-06
6.029412e-01 3.431373e-02 -2.120007e-06
6.127451e-01 3.431373e-02 -1.335183e-06
6.225490e-01 3.431373e-02 -8.121330e-07
6.323529e-01 3.431373e-02 -4.774746e-07
6.421569e-01 3.431373e-02 -2.715026e-07
6.519608e-01 3.431373e-02 -1.493772e-07
6.617647e-01 3.431373e-02 -7.954186e-08
6.715686e-01 3.431373e-02 -4.099695e-08
6.813725e-01 3.431373e-02 -2.045131e-08
6.911765e-01 3.431373e-02 -9.871720e-09
7.009804e-01 3.431373e-02 -4.608254e-09
7.107843e-01 3.431373e-02 -2.079439e-09
7.205882e-01 3.431373e-02 -9.041072e-10
7.303922e-01 3.431373e-02 -3.827845e-10
7.401961e-01 3.431373e-02 -1.485643e-10
7.500000e-01 3.431373e-02 -5.961416e-11
7.598039e-01 3.431373e-02 -5.619252e-11
7.696078e-01 3.431373e-02 1.605864e-10
7.794118e-01 3.431373e-02 -5.454500e-10
7.892157e-01 3.431373e-02 1.356805e-09
7.990196e-01 3.431373e-02 -2.680911e-09
8.088235e-01 3.431373e-02 3.978366e-09
8.186275e-01 3.431373e-02 -3.528137e-09
8.284314e-01 3.431373e-02 -1.354423e-09
8.382353e-01 3.431373e-02 1.179336e-08
8.480392e-01 3.431373e-02 -2.257714e-08
8.578431e-01 3.431373e-02 2.021277e-08
8.676471e-01 3.431373e-02 6.971477e-09
8.774510e-01 3.431373e-02 -4.648275e-08
8.872549e-01 3.431373e-02 5.327299e-08
8.970588e-01 3.431373e-02 7.610480e-09
9.068627e-01 3.431373e-02 -8.864001e-08
9.166667e-01 3.431373e-02 7.291835e-08
9.264706e-01 3.431373e-02 6.321143e-08
9.362745e-01 3.431373e-02 -1.395799e-07
9.460784e-01 3.431373e-02 -2.586117e-09
9.558824e-01 3.431373e-02 1.716000e-07
9.656863e-01 3.431373e-02 -5.233691e-08
9.754902e-01 3.431373e-02 -1.828373e-07
9.852941e-01 3.431373e-02 7.623187e-08
9.950980e-01 3.431373e-02 1.912707e-07
4.901961e-03 4.411765e-02 1.897071e-07
1.470588e-02 4.411765e-02 -3.728092e-08
2.450980e-02 4.411765e-02 -1.949062e-07
3.431373e-02 4.411765e-02 -1.143264e-09
4.411765e-02 4.411765e-02 1.818452e-07
5.392157e-02 4.411765e-02 6.867881e-08
6.372549e-02 4.411765e-02 -1.258248e-07
7.352941e-02 4.411765e-02 -1.247842e-07
8.333333e-02 4.411765e-02 2.334735e-08
9.313725e-02 4.411765e-02 1.113515e-07
1.029412e-01 4.411765e-02 6.761553e-08
1.127451e-01 4.411765e-02 -2.164407e-08
1.225490e-01 4.411765e-02 -6.389267e-08
1.323529e-01 4.411765e-02 -4.657559e-08
1.421569e-01 4.411765e-02 -8.435417e-09
1.519608e-01 4.411765e-02 1.695381e-08
1.617647e-01 4.411765e-02 2.230497e-08
1.715686e-01 4.411765e-02 1.628212e-08
1.813725e-01 4.411765e-02 8.380838e-09
1.911765e-01 4.411765e-02 2.432133e-09
2.009804e-01 4.411765e-02 -2.783470e-09
2.107843e-01 4.411765e-02 -1.090511e-08
2.205882e-01 4.411765e-02 -2.546079e-08
2.303922e-01 4.411765e-02 -4.648472e-08
2.401961e-01 4.411765e-02 -6.437607e-08
2.500000e-01 4.411765e-02 -4.998124e-08
2.598039e-01 4.411765e-02 5.787967e-08
2.696078e-01 4.411765e-02 3.629886e-07
2.794118e-01 4.411765e-02 1.012561e-06
2.892157e-01 4.411765e-02 2.178631e-06
2.990196e-01 4.411765e-02 4.012170e-06
3.088235e-01 4.411765e-02 6.569282e-06
3.186275e-01 4.411765e-02 9.720879e-06
3.284314e-01 4.411765e-02 1.307084e-05
3.382353e-01 4.411765e-02 1.591698e-05
3.480392e-01 4.411765e-02 1.728817e-05
3.578431e-01 4.411765e-02 1.607574e-05
3.676471e-01 4.411765e-02 1.124988e-05
3.774510e-01 4.411765e-02 2.120044e-06
3.872549e-01 4.411765e-02 -1.142634e-05
3.970588e-01 4.411765e-02 -2.877873e-05
4.068627e-01 4.411765e-02 -4.860630e-05
4.166667e-01 4.411765e-02 -6.902536e-05
4.264706e-01 4.411765e-02 -8.790183e-05
4.362745e-01 4.411765e-02 -1.032196e-04
4.460784e-01 4.411765e-02 -1.134272e-04
4.558824e-01 4.411765e-02 -1.176823e-04
4.656863e-01 4.411765e-02 -1.159443e-04
4.754902e-01 4.411765e-02 -1.089074e-04
4.852941e-01 4.411765e-02 -9.780666e-05
4.950980e-01 4.411765e-02 -8.415562e-05
5.049020e-01 4.411765e-02 -6.948019e-05
5.147059e-01 4.411765e-02 -5.510293e-05
5.245098e-01 4.411765e-02 -4.200886e-05
5.343137e-01 4.411765e-02 -3.079886e-05
5.441176e-01 4.411765e-02 -2.171653e-05
5.539216e-01 4.411765e-02 -1.472276e-05
5.637255e-01 4.411765e-02 -9.590251e-06
5.735294e-01 4.411765e-02 -5.994819e-06
5.833333e-01 4.411765e-02 -3.588924e-06
5.931373e-01 4.411765e-02 -2.051368e-06
6.029412e-01 4.411765e-02 -1.113989e-06
6.127451e-01 4.411765e-02 -5.701360e-07
6.225490e-01 4.411765e-02 -2.711372e-07
6.323529e-01 4.411765e-02 -1.165198e-07
6.421569e-01 4.411765e-02 -4.231084e-08
6.519608e-01 4.411765e-02 -1.011601e-08
6.617647e-01 4.411765e-02 1.737895e-09
6.715686e-01 4.411765e-02 4.693257e-09
6.813725e-01 4.411765e-02 4.335129e-09
6.911765e-01 4.411765e-02 3.124245e-09
7.009804e-01 4.411765e-02 1.984987e-09
7.107843e-01 4.411765e-02 1.160273e-09
7.205882e-01 4.411765e-02 6.386379e-10
7.303922e-01 4.411765e-02 3.274368e-10
7.401961e-01 4.411765e-02 1.816251e-10
7.500000e-01 4.411765e-02 3.533662e-11
7.598039e-01 4.411765e-02 1.411676e-10
7.696078e-01 4.411765e-02 -1.852363e-10
7.794118e-01 4.411765e-02 2.838942e-10
7.892157e-01 4.411765e-02 -9.677066e-11
7.990196e-01 4.411765e-02 -8.435772e-10
8.088235e-01 4.411765e-02 3.241363e-09
8.186275e-01 4.411765e-02 -7.190064e-09
8.284314e-01 4.411765e-02 1.071067e-08
8.382353e-01 4.411765e-02 -8.750935e-09
8.480392e-01 4.411765e-02 -4.129565e-09
8.578431e-01 4.411765e-02 2.536131e-08
8.676471e-01 4.411765e-02 -3.648284e-08
8.774510e-01 4.411765e-02 1.257668e-08
8.872549e-01 4.411765e-02 4.296978e-08
8.970588e-01 4.411765e-02 -7.299945e-08
9.068627e-01 4.411765e-02 1.478888e-08
9.166667e-01 4.411765e-02 9.101067e-08
9.264706e-01 4.411765e-02 -9.419917e-08
9.362745e-01 4.411765e-02 -5.608941e-08
9.460784e-01 4.411765e-02 1.508386e-07
9.558824e-01 4.411765e-02 2.391060e-09
9.656863e-01 4.411765e-02 -1.778294e-07
9.754902e-01 4.411765e-02 3.506172e-08
9.852941e-01 4.411765e-02 1.897071e-07
9.950980e-01 4.411765e-02 -3.728092e-08
4.901961e-03 5.392157e-02 2.001989e-09
1.470588e-02 5.392157e-02 -1.855526e-07
2.450980e-02 5.392157e-02 -1.986550e-08
3.431373e-02 5.392157e-02 1.764340e-07
4.411765e-02 5.392157e-02 6.867881e-08
5.392157e-02 5.392157e-02 -1.331758e-07
6.372549e-02 5.392157e-02 -1.204006e-07
7.352941e-02 5.392157e-02 4.575480e-08
8.333333e-02 5.392157e-02 1.242999e-07
9.313725e-02 5.392157e-02 5.102822e-08
1.029412e-01 5.392157e-02 -5.193755e-08
1.127451e-01 5.392157e-02 -7.855130e-08
1.225490e-01 5.392157e-02 -3.541494e-08
1.323529e-01 5.392157e-02 1.578108e-08
1.421569e-01 5.392157e-02 3.651439e-08
1.519608e-01 5.392157e-02 2.902817e-08
1.617647e-01 5.392157e-02 1.235205e-08
1.715686e-01 5.392157e-02 -7.477802e-11
1.813725e-01 5.392157e-02 -5.536449e-09
1.911765e-01 5.392157e-02 -7.098036e-09
2.009804e-01 5.392157e-02 -8.067857e-09
2.107843e-01 5.392157e-02 -8.941602e-09
2.205882e-01 5.392157e-02 -5.606216e-09
2.303922e-01 5.392157e-02 1.265346e-08
2.401961e-01 5.392157e-02 6.500641e-08
2.500000e-01 5.392157e-02 1.783421e-07
2.598039e-01 5.392157e-02 3.799143e-07
2.696078e-01 5.392157e-02 6.789776e-07
2.794118e-01 5.392157e-02 1.034925e-06
2.892157e-01 5.392157e-02 1.314294e-06
2.990196e-01 5.392157e-02 1.246434e-06
3.088235e-01 5.392157e-02 3.953816e-07
3.186275e-01 5.392157e-02 -1.830152e-06
3.284314e-01 5.392157e-02 -6.109962e-06
3.382353e-01 5.392157e-02 -1.308290e-05
3.480392e-01 5.392157e-02 -2.316997e-05
3.578431e-01 5.392157e-02 -3.638822e-05
3.676471e-01 5.392157e-02 -5.220946e-05
3.774510e-01 5.392157e-02 -6.951806e-05
3.872549e-01 5.392157e-02 -8.670274e-05
3.970588e-01 5.392157e-02 -1.018821e-04
4.068627e-01 5.392157e-02 -1.132229e-04
4.166667e-01 5.392157e-02 -1.192791e-04
4.264706e-01 5.392157e-02 -1.192671e-04
4.362745e-01 5.392157e-02 -1.132109e-04
4.460784e-01 5.392157e-02 -1.019204e-04
4.558824e-01 5.392157e-02 -8.681716e-05
4.656863e-01 5.392157e-02 -6.965601e-05
4.754902e-01 5.392157e-02 -5.221382e-05
4.852941e-01 5.392157e-02 -3.601700e-05
4.950980e-01 5.392157e-02 -2.215836e-05
5.049020e-01 5.392157e-02 -1.122524e-05
5.147059e-01 5.392157e-02 -3.330195e-06
5.245098e-01 5.392157e-02 1.785125e-06
5.343137e-01 5.392157e-02 4.611578e-06
5.441176e-01 5.392157e-02 5.735536e-06
5.539216e-01 5.392157e-02 5.728524e-06
5.637255e-01 5.392157e-02 5.075463e-06
5.735294e-01 5.392157e-02 4.141588e-06
5.833333e-01 5.392157e-02 3.170219e-06
5.931373e-01 5.392157e-02 2.300219e-06
6.029412e-01 5.392157e-02 1.592353e-06
6.127451e-01 5.392157e-02 1.056331e-06
6.225490e-01 5.392157e-02 6.735837e-07
6.323529e-01 5.392157e-02 4.138051e-07
6.421569e-01 5.392157e-02 2.453313e-07
6.519608e-01 5.392157e-02 1.405503e-07
6.617647e-01 5.392157e-02 7.788862e-08
6.715686e-01 5.392157e-02 4.178526e-08
6.813725e-01 5.392157e-02 2.171418e-08
6.911765e-01 5.392157e-02 1.093539e-08
7.009804e-01 5.392157e-02 5.338524e-09
7.107843e-01 5.392157e-02 2.527302e-09
7.205882e-01 5.392157e-02 1.159342e-09
7.303922e-01 5.392157e-02 5.165460e-10
7.401961e-01 5.392157e-02 2.256016e-10
7.500000e-01 5.392157e-02 7.322755e-11
7.598039e-01 5.392157e-02 1.173760e-10
7.696078e-01 5.392157e-02 -2.337038e-10
7.794118e-01 5.392157e-02 6.392314e-10
7.892157e-01 5.392157e-02 -1.321272e-09
7.990196e-01 5.392157e-02 2.170143e-09
8.088235e-01 5.392157e-02 -2.402459e-09
8.186275e-01 5.392157e-02 4.049824e-10
8.284314e-01 5.392157e-02 5.482271e-09
8.382353e-01 5.392157e-02 -1.427622e-08
8.480392e-01 5.392157e-02 1.909126e-08
8.578431e-01 5.392157e-02 -8.685185e-09
8.676471e-01 5.392157e-02 -2.033463e-08
8.774510e-01 5.392157e-02 4.702501e-08
8.872549e-01 5.392157e-02 -3.198213e-08
8.970588e-01 5.392157e-02 -3.447210e-08
9.068627e-01 5.392157e-02 8.561725e-08
9.166667e-01 5.392157e-02 -3.159394e-08
9.264706e-01 5.392157e-02 -9.218798e-08
9.362745e-01 5.392157e-02 1.046308e-07
9.460784e-01 5.392157e-02 5.854437e-08
9.558824e-01 5.392157e-02 -1.532670e-07
9.656863e-01 5.392157e-02 -1.910509e-08
9.754902e-01 5.392157e-02 1.771581e-07
9.852941e-01 5.392157e-02 2.001989e-09
9.950980e-01 5.392157e-02 -1.855526e-07
4.901961e-03 6.372549e-02 -1.627641e-07
1.470588e-02 6.372549e-02 -5.242394e-08
2.450980e-02 6.372549e-02 1.591900e-07
3.431373e-02 6.372549e-02 8.151797e-08
4.411765e-02 6.372549e-02 -1.258248e-07
5.392157e-02 6.372549e-02 -1.204006e-07
6.372549e-02 6.372549e-02 5.382871e-08
7.352941e-02 6.372549e-02 1.293762e-07
8.333333e-02 6.372549e-02 3.702304e-08
9.313725e-02 6.372549e-02 -7.347328e-08
1.029412e-01 6.372549e-02 -8.325920e-08
1.127451e-01 6.372549e-02 -1.770260e-08
1.225490e-01 6.372549e-02 3.960921e-08
1.323529e-01 6.372549e-02 4.862380e-08
1.421569e-01 6.372549e-02 2.486938e-08
1.519608e-01 6.372549e-02 -1.213006e-09
1.617647e-01 6.372549e-02 -1.406725e-08
1.715686e-01 6.372549e-02 -1.476950e-08
1.813725e-01 6.372549e-02 -1.032471e-08
1.911765e-01 6.372549e-02 -5.588271e-09
2.009804e-01 6.372549e-02 -1.113031e-09
2.107843e-01 6.372549e-02 5.968136e-09
2.205882e-01 6.372549e-02 2.042771e-08
2.303922e-01 6.372549e-02 4.666908e-08
2.401961e-01 6.372549e-02 8.390432e-08
2.500000e-01 6.372549e-02 1.168296e-07
2.598039e-01 6.372549e-02 1.011334e-07
2.696078e-01 6.372549e-02 -5.408245e-08
2.794118e-01 6.372549e-02 -5.010080e-07
2.892157e-01 6.372549e-02 -1.455187e-06
2.990196e-01 6.372549e-02 -3.173572e-06
3.088235e-01 6.372549e-02 -5.900188e-06
3.186275e-01 6.372549e-02 -9.779948e-06
3.284314e-01 6.372549e-02 -1.475475e-05
3.382353e-01 6.372549e-02 -2.047021e-05
3.480392e-01 6.372549e-02 -2.622993e-05
3.578431e-01 6.372549e-02 -3.103080e-05
3.676471e-01 6.372549e-02 -3.369545e-05
3.774510e-01 6.372549e-02 -3.308940e-05
3.872549e-01 6.372549e-02 -2.837946e-05
3.970588e-01 6.372549e-02 -1.926827e-05
4.068627e-01 6.372549e-02 -6.137111e-06
4.166667e-01 6.372549e-02 9.951159e-06
4.264706e-01 6.372549e-02 2.740061e-05
4.362745e-01 6.372549e-02 4.435136e-05
4.460784e-01 6.372549e-02 5.900514e-05
4.558824e-01 6.372549e-02 6.992927e-05
4.656863e-01 6.372549e-02 7.627069e-05
4.754902e-01 6.372549e-02 7.783989e-05
4.852941e-01 6.372549e-02 7.506116e-05
4.950980e-01 6.372549e-02 6.881815e-05
5.049020e-01 6.372549e-02 6.024414e-05
5.147059e-01 6.372549e-02 5.050961e-05
5.245098e-01 6.372549e-02 4.064985e-05
5.343137e-01 6.372549e-02 3.145633e-05
5.441176e-01 6.372549e-02 2.343603e-05
5.539216e-01 6.372549e-02 1.682726e-05
5.637255e-01 6.372549e-02 1.165229e-05
5.735294e-01 6.372549e-02 7.785670e-06
5.833333e-01 6.372549e-02 5.021053e-06
5.931373e-01 6.372549e-02 3.125679e-06
6.029412e-01 6.372549e-02 1.877947e-06
6.127451e-01 6.372549e-02 1.088520e-06
6.225490e-01 6.372549e-02 6.082589e-07
6.323529e-01 6.372549e-02 3.272944e-07
6.421569e-01 6.372549e-02 1.692893e-07
6.519608e-01 6.372549e-02 8.395091e-08
6.617647e-01 6.372549e-02 3.975565e-08
6.715686e-01 6.372549e-02 1.786606e-08
6.813725e-01 6.372549e-02 7.540004e-09
6.911765e-01 6.372549e-02 2.931683e-09
7.009804e-01 6.372549e-02 1.008197e-09
7.107843e-01 6.372549e-02 2.742200e-10
7.205882e-01 6.372549e-02 2.764596e-11
7.303922e-01 6.372549e-02 -2.724119e-11
7.401961e-01 6.372549e-02 -4.753234e-11
7.500000e-01 6.372549e-02 5.656246e-12
7.598039e-01 6.372549e-02 -6.588381e-11
7.696078e-01 6.372549e-02 4.240842e-11
7.794118e-01 6.372549e-02 8.253353e-11
7.892157e-01 6.372549e-02 -6.082101e-10
7.990196e-01 6.372549e-02 1.893355e-09
8.088235e-01 6.372549e-02 -4.166881e-09
8.186275e-01 6.372549e-02 6.704077e-09
8.284314e-01 6.372549e-02 -6.937683e-09
8.382353e-01 6.372549e-02 9.078316e-10
8.480392e-01 6.372549e-02 1.280447e-08
8.578431e-01 6.372549e-02 -2.651810e-08
8.676471e-01 6.372549e-02 2.248136e-08
8.774510e-01 6.372549e-02 1.105002e-08
8.872549e-01 6.372549e-02 -5.247682e-08
8.970588e-01 6.372549e-02 4.759222e-08
9.068627e-01 6.372549e-02 2.677803e-08
9.166667e-01 6.372549e-02 -9.355803e-08
9.264706e-01 6.372549e-02 3.921447e-08
9.362745e-01 6.372549e-02 9.653719e-08
9.460784e-01 6.372549e-02 -1.035743e-07
9.558824e-01 6.372549e-02 -7.211893e-08
9.656863e-01 6.372549e-02 1.447729e-07
9.754902e-01 6.372549e-02 5.055085e-08
9.852941e-01 6.372549e-02 -1.627641e-07
9.950980e-01 6.372549e-02 -5.242394e-08
4.901961e-03 7.352941e-02 -8.908355e-08
1.470588e-02 7.352941e-02 1.255434e-07
2.450980e-02 7.352941e-02 1.020059e-07
3.431373e-02 7.352941e-02 -1.024823e-07
4.411765e-02 7.352941e-02 -1.247842e-07
5.392157e-02 7.352941e-02 4.575480e-08
6.372549e-02 7.352941e-02 1.293762e-07
7.352941e-02 7.352941e-02 3.198442e-08
8.333333e-02 7.352941e-02 -8.382677e-08
9.313725e-02 7.352941e-02 -8.294505e-08
1.029412e-01 7.352941e-02 -1.990382e-09
1.127451e-01 7.352941e-02 5.658375e-08
1.225490e-01 7.352941e-02 5.203606e-08
1.323529e-01 7.352941e-02 1.373870e-08
1.421569e-01 7.352941e-02 -1.727959e-08
1.519608e-01 7.352941e-02 -2.573608e-08
1.617647e-01 7.352941e-02 -1.883164e-08
1.715686e-01 7.352941e-02 -8.531459e-09
1.813725e-01 7.352941e-02 -1.178304e-09
1.911765e-01 7.352941e-02 2.966313e-09
2.009804e-01 7.352941e-02 6.255330e-09
2.107843e-01 7.352941e-02 1.049174e-08
2.205882e-01 7.352941e-02 1.447057e-08
2.303922e-01 7.352941e-02 1.102704e-08
2.401961e-01 7.352941e-02 -1.700878e-08
2.500000e-01 7.352941e-02 -1.008433e-07
2.598039e-01 7.352941e-02 -2.865723e-07
2.696078e-01 7.352941e-02 -6.279570e-07
2.794118e-01 7.352941e-02 -1.165857e-06
2.892157e-01 7.352941e-02 -1.891307e-06
2.990196e-01 7.352941e-02 -2.694869e-06
3.088235e-01 7.352941e-02 -3.313252e-06
3.186275e-01 7.352941e-02 -3.292692e-06
3.284314e-01 7.352941e-02 -1.993036e-06
3.382353e-01 7.352941e-02 1.347264e-06
3.480392e-01 7.352941e-02 7.478880e-06
3.578431e-01 7.352941e-02 1.695761e-05
3.676471e-01 7.352941e-02 2.994752e-05
3.774510e-01 7.352941e-02 4.606567e-05
3.872549e-01 7.352941e-02 6.432275e-05
3.970588e-01 7.352941e-02 8.319485e-05
4.068627e-01 7.352941e-02 1.008275e-04
4.166667e-01 7.352941e-02 1.153346e-04
4.264706e-01 7.352941e-02 1.251257e-04
4.362745e-01 7.352941e-02 1.291828e-04
4.460784e-01 7.352941e-02 1.272239e-04
4.558824e-01 7.352941e-02 1.197170e-04
4.656863e-01 7.352941e-02 1.077534e-04
4.754902e-01 7.352941e-02 9.281838e-05
4.852941e-01 7.352941e-02 7.652122e-05
4.950980e-01 7.352941e-02 6.034524e-05
5.049020e-01 7.352941e-02 4.546491e-05
5.147059e-01 7.352941e-02 3.265247e-05
5.245098e-01 7.352941e-02 2.227188e-05
5.343137e-01 7.352941e-02 1.433967e-05
5.441176e-01 7.352941e-02 8.623430e-06
5.539216e-01 7.352941e-02 4.748995e-06
5.637255e-01 7.352941e-02 2.294563e-06
5.735294e-01 7.352941e-02 8.595547e-07
5.833333e-01 7.352941e-02 1.052800e-07
5.931373e-01 7.352941e-02 -2.290171e-07
6.029412e-01 7.352941e-02 -3.277826e-07
6.127451e-01 7.352941e-02 -3.109424e-07
6.225490e-01 7.352941e-02 -2.495759e-07
6.323529e-01 7.352941e-02 -1.812041e-07
6.421569e-01 7.352941e-02 -1.224142e-07
6.519608e-01 7.352941e-02 -7.808405e-08
6.617647e-01 7.352941e-02 -4.743648e-08
6.715686e-01 7.352941e-02 -2.759888e-08
6.813725e-01 7.352941e-02 -1.543635e-08
6.911765e-01 7.352941e-02 -8.322420e-09
7.009804e-01 7.352941e-02 -4.333886e-09
7.107843e-01 7.352941e-02 -2.183120e-09
7.205882e-01 7.352941e-02 -1.065806e-09
7.303922e-01 7.352941e-02 -5.007688e-10
7.401961e-01 7.352941e-02 -2.427910e-10
7.500000e-01 7.352941e-02 -6.505816e-11
7.598039e-01 7.352941e-02 -1.509858e-10
7.696078e-01 7.352941e-02 2.371871e-10
7.794118e-01 7.352941e-02 -5.210072e-10
7.892157e-01 7.352941e-02 7.998749e-10
7.990196e-01 7.352941e-02 -7.696716e-10
8.088235e-01 7.352941e-02 -3.769898e-10
8.186275e-01 7.352941e-02 3.586327e-09
8.284314e-01 7.352941e-02 -8.770066e-09
8.382353e-01 7.352941e-02 1.280632e-08
8.480392e-01 7.352941e-02 -9.072593e-09
8.578431e-01 7.352941e-02 -7.516093e-09
8.676471e-01 7.352941e-02 2.976958e-08
8.774510e-01 7.352941e-02 -3.354693e-08
8.872549e-01 7.352941e-02 -2.041189e-09
8.970588e-01 7.352941e-02 5.499616e-08
9.068627e-01 7.352941e-02 -5.694247e-08
9.166667e-01 7.352941e-02 -2.455039e-08
9.264706e-01 7.352941e-02 9.799982e-08
9.362745e-01 7.352941e-02 -3.474890e-08
9.460784e-01 7.352941e-02 -1.044743e-07
9.558824e-01 7.352941e-02 8.824455e-08
9.656863e-01 7.352941e-02 9.369717e-08
9.754902e-01 7.352941e-02 -1.195738e-07
9.852941e-01 7.352941e-02 -8.908355e-08
9.950980e-01 7.352941e-02 1.255434e-07
4.901961e-03 8.333333e-02 7.454602e-08
1.470588e-02 8.333333e-02 1.187638e-07
2.450980e-02 8.333333e-02 -6.383456e-08
3.431373e-02 8.333333e-02 -1.278936e-07
4.411765e-02 8.333333e-02 2.334735e-08
5.392157e-02 8.333333e-02 1.242999e-07
6.372549e-02 8.333333e-02 3.702304e-08
7.352941e-02 8.333333e-02 -8.382677e-08
8.333333e-02 8.333333e-02 -8.196529e-08
9.313725e-02 8.333333e-02 7.367908e-09
1.029412e-01 8.333333e-02 6.614576e-08
1.127451e-01 8.333333e-02 5.015203e-08
1.225490e-01 8.333333e-02 7.227435e-10
1.323529e-01 8.333333e-02 -3.116873e-08
1.421569e-01 8.333333e-02 -3.173825e-08
1.519608e-01 8.333333e-02 -1.576168e-08
1.617647e-01 8.333333e-02 -5.665431e-10
1.715686e-01 8.333333e-02 6.858150e-09
1.813725e-01 8.333333e-02 8.008567e-09
1.911765e-01 8.333333e-02 6.626682e-09
2.009804e-01 8.333333e-02 4.656699e-09
2.107843e-01 8.333333e-02 9.053880e-10
2.205882e-01 8.333333e-02 -9.188525e-09
2.303922e-01 8.333333e-02 -3.329467e-08
2.401961e-01 8.333333e-02 -8.035335e-08
2.500000e-01 8.333333e-02 -1.548894e-07
2.598039e-01 8.333333e-02 -2.450389e-07
2.696078e-01 8.333333e-02 -3.031208e-07
2.794118e-01 8.333333e-02 -2.206369e-07
2.892157e-01 8.333333e-02 1.958333e-07
2.990196e-01 8.333333e-02 1.236613e-06
3.088235e-01 8.333333e-02 3.274992e-06
3.186275e-01 8.333333e-02 6.715919e-06
3.284314e-01 8.333333e-02 1.190465e-05
3.382353e-01 8.333333e-02 1.900696e-05
3.480392e-01 8.333333e-02 2.788826e-05
3.578431e-01 8.333333e-02 3.802967e-05
3.676471e-01 8.333333e-02 4.851877e-05
3.774510e-01 8.333333e-02 5.813834e-05
3.872549e-01 8.333333e-02 6.555003e-05
3.970588e-01 8.333333e-02 6.953971e-05
4.068627e-01 8.333333e-02 6.926774e-05
4.166667e-01 8.333333e-02 6.445963e-05
4.264706e-01 8.333333e-02 5.548532e-05
4.362745e-01 8.333333e-02 4.330417e-05
4.460784e-01 8.333333e-02 2.928932e-05
4.558824e-01 8.333333e-02 1.497664e-05
4.656863e-01 8.333333e-02 1.800003e-06
4.754902e-01 8.333333e-02 -9.126800e-06
4.852941e-01 8.333333e-02 -1.714018e-05
4.950980e-01 8.333333e-02 -2.205415e-05
5.049020e-01 8.333333e-02 -2.409727e-05
5.147059e-01 8.333333e-02 -2.378980e-05
5.245098e-01 8.333333e-02 -2.179873e-05
5.343137e-01 8.333333e-02 -1.880453e-05
5.441176e-01 8.333333e-02 -1.540200e-05
5.539216e-01 8.333333e-02 -1.204417e-05
5.637255e-01 8.333333e-02 -9.026584e-06
5.735294e-01 8.333333e-02 -6.501578e-06
5.833333e-01 8.333333e-02 -4.509873e-06
5.931373e-01 8.333333e-02 -3.017541e-06
6.029412e-01 8.333333e-02 -1.949972e-06
6.127451e-01 8.333333e-02 -1.218204e-06
6.225490e-01 8.333333e-02 -7.363266e-07
6.323529e-01 8.333333e-02 -4.308732e-07
6.421569e-01 8.333333e-02 -2.442113e-07
6.519608e-01 8.333333e-02 -1.341138e-07
6.617647e-01 8.333333e-02 -7.137972e-08
6.715686e-01 8.333333e-02 -3.682318e-08
6.813725e-01 8.333333e-02 -1.841238e-08
6.911765e-01 8.333333e-02 -8.922390e-09
7.009804e-01 8.333333e-02 -4.188784e-09
7.107843e-01 8.333333e-02 -1.904683e-09
7.205882e-01 8.333333e-02 -8.368994e-10
7.303922e-01 8.333333e-02 -3.579864e-10
7.401961e-01 8.333333e-02 -1.440437e-10
7.500000e-01 8.333333e-02 -5.397099e-11
7.598039e-01 8.333333e-02 -5.820870e-11
7.696078e-01 8.333333e-02 1.417842e-10
7.794118e-01 8.333333e-02 -4.579544e-10
7.892157e-01 8.333333e-02 1.109058e-09
7.990196e-01 8.333333e-02 -2.185402e-09
8.088235e-01 8.333333e-02 3.321569e-09
8.186275e-01 8.333333e-02 -3.279182e-09
8.284314e-01 8.333333e-02 1.199697e-11
8.382353e-01 8.333333e-02 7.638695e-09
8.480392e-01 8.333333e-02 -1.646551e-08
8.578431e-01 8.333333e-02 1.692089e-08
8.676471e-01 8.333333e-02 6.804749e-10
8.774510e-01 8.333333e-02 -3.027096e-08
8.872549e-01 8.333333e-02 4.114352e-08
8.970588e-01 8.333333e-02 -3.808602e-09
9.068627e-01 8.333333e-02 -5.709465e-08
9.166667e-01 8.333333e-02 5.964108e-08
9.264706e-01 8.333333e-02 2.946975e-08
9.362745e-01 8.333333e-02 -9.848286e-08
9.460784e-01 8.333333e-02 1.799378e-08
9.558824e-01 8.333333e-02 1.117171e-07
9.656863e-01 8.333333e-02 -5.741211e-08
9.754902e-01 8.333333e-02 -1.136388e-07
9.852941e-01 8.333333e-02 7.454602e-08
9.950980e-01 8.333333e-02 1.187638e-07
4.901961e-03 9.313725e-02 1.190566e-07
1.470588e-02 9.313725e-02 -1.376065e-08
2.450980e-02 9.313725e-02 -1.216080e-07
3.431373e-02 9.313725e-02 -1.007464e-08
4.411765e-02 9.313725e-02 1.113515e-07
5.392157e-02 9.313725e-02 5.102822e-08
6.372549e-02 9.313725e-02 -7.347328e-08
7.352941e-02 9.313725e-02 -8.294505e-08
8.333333e-02 9.313725e-02 7.367908e-09
9.313725e-02 9.313725e-02 6.940840e-08
1.029412e-01 9.313725e-02 4.824842e-08
1.127451e-01 9.313725e-02 -8.632462e-09
1.225490e-01 9.313725e-02 -4.044184e-08
1.323529e-01 9.313725e-02 -3.338139e-08
1.421569e-01 9.313725e-02 -9.306111e-09
1.519608e-01 9.313725e-02 9.166961e-09
1.617647e-01 9.313725e-02 1.495284e-08
1.715686e-01 9.313725e-02 1.223365e-08
1.813725e-01 9.313725e-02 7.084994e-09
1.911765e-01 9.313725e-02 2.530418e-09
2.009804e-01 9.313725e-02 -1.722014e-09
2.107843e-01 9.313725e-02 -7.701999e-09
2.205882e-01 9.313725e-02 -1.724752e-08
2.303922e-01 9.313725e-02 -2.931167e-08
2.401961e-01 9.313725e-02 -3.536984e-08
2.500000e-01 9.313725e-02 -1.233077e-08
2.598039e-01 9.313725e-02 8.609890e-08
2.696078e-01 9.313725e-02 3.363793e-07
2.794118e-01 9.313725e-02 8.448533e-07
2.892157e-01 9.313725e-02 1.733382e-06
2.990196e-01 9.313725e-02 3.105452e-06
3.088235e-01 9.313725e-02 4.992402e-06
3.186275e-01 9.313725e-02 7.287988e-06
3.284314e-01 9.313725e-02 9.689154e-06
3.382353e-01 9.313725e-02 1.166769e-05
3.480392e-01 9.313725e-02 1.249686e-05
3.578431e-01 9.313725e-02 1.134666e-05
3.676471e-01 9.313725e-02 7.441831e-06
3.774510e-01 9.313725e-02 2.537723e-07
3.872549e-01 9.313725e-02 -1.032056e-05
3.970588e-01 9.313725e-02 -2.384549e-05
4.068627e-01 9.313725e-02 -3.934035e-05
4.166667e-01 9.313725e-02 -5.539472e-05
4.264706e-01 9.313725e-02 -7.038657e-05
4.362745e-01 9.313725e-02 -8.275500e-05
4.460784e-01 9.313725e-02 -9.126390e-05
4.558824e-01 9.313725e-02 -9.519604e-05
4.656863e-01 9.313725e-02 -9.443789e-05
4.754902e-01 9.313725e-02 -8.944539e-05
4.852941e-01 9.313725e-02 -8.111077e-05
4.950980e-01 9.313725e-02 -7.057139e-05
5.049020e-01 9.313725e-02 -5.900831e-05
5.147059e-01 9.313725e-02 -4.747614e-05
5.245098e-01 9.313725e-02 -3.679012e-05
5.343137e-01 9.313725e-02 -2.747833e-05
5.441176e-01 9.313725e-02 -1.979102e-05
5.539216e-01 9.313725e-02 -1.374962e-05
5.637255e-01 9.313725e-02 -9.214944e-06
5.735294e-01 9.313725e-02 -5.956750e-06
5.833333e-01 9.313725e-02 -3.712436e-06
5.931373e-01 9.313725e-02 -2.229021e-06
6.029412e-01 9.313725e-02 -1.287815e-06
6.127451e-01 9.313725e-02 -7.146368e-07
6.225490e-01 9.313725e-02 -3.798521e-07
6.323529e-01 9.313725e-02 -1.925797e-07
6.421569e-01 9.313725e-02 -9.250459e-08
6.519608e-01 9.313725e-02 -4.162473e-08
6.617647e-01 9.313725e-02 -1.717915e-08
6.715686e-01 9.313725e-02 -6.209117e-09
6.813725e-01 9.313725e-02 -1.712321e-09
6.911765e-01 9.313725e-02 -1.105140e-10
7.009804e-01 9.313725e-02 3.141653e-10
7.107843e-01 9.313725e-02 3.258822e-10
7.205882e-01 9.313725e-02 2.355967e-10
7.303922e-01 9.313725e-02 1.396710e-10
7.401961e-01 9.313725e-02 9.234998e-11
7.500000e-01 9.313725e-02 1.287626e-11
7.598039e-01 9.313725e-02 8.024767e-11
7.696078e-01 9.313725e-02 -8.069420e-11
7.794118e-01 9.313725e-02 6.016929e-11
7.892157e-01 9.313725e-02 2.311932e-10
7.990196e-01 9.313725e-02 -1.102296e-09
8.088235e-01 9.313725e-02 2.912823e-09
8.186275e-01 9.313725e-02 -5.464711e-09
8.284314e-01 9.313725e-02 7.144802e-09
8.382353e-01 9.313725e-02 -4.643181e-09
8.480392e-01 9.313725e-02 -4.830276e-09
8.578431e-01 9.313725e-02 1.821826e-08
8.676471e-01 9.313725e-02 -2.289444e-08
8.774510e-01 9.313725e-02 4.589564e-09
8.872549e-01 9.313725e-02 3.075928e-08
8.970588e-01 9.313725e-02 -4.522273e-08
9.068627e-01 9.313725e-02 3.828847e-09
9.166667e-01 9.313725e-02 6.050571e-08
9.264706e-01 9.313725e-02 -5.455859e-08
9.362745e-01 9.313725e-02 -4.174563e-08
9.460784e-01 9.313725e-02 9.214326e-08
9.558824e-01 9.313725e-02 9.896850e-09
9.656863e-01 9.313725e-02 -1.108813e-07
9.754902e-01 9.313725e-02 1.270262e-08
9.852941e-01 9.313725e-02 1.190566e-07
9.950980e-01 9.313725e-02 -1.376065e-08
4.901961e-03 1.029412e-01 3.604085e-08
1.470588e-02 1.029412e-01 -9.668705e-08
2.450980e-02 1.029412e-01 -4.576443e-08
3.431373e-02 1.029412e-01 8.543309e-08
4.411765e-02 1.029412e-01 6.761553e-08
5.392157e-02 1.029412e-01 -5.193755e-08
6.372549e-02 1.029412e-01 -8.325920e-08
7.352941e-02 1.029412e-01 -1.990382e-09
8.333333e-02 1.029412e-01 6.614576e-08
9.313725e-02 1.029412e-01 4.824842e-08
1.029412e-01 1.029412e-01 -1.172550e-08
1.127451e-01 1.029412e-01 -4.434560e-08
1.225490e-01 1.029412e-01 -3.246756e-08
1.323529e-01 1.029412e-01 -2.879111e-09
1.421569e-01 1.029412e-01 1.686285e-08
1.519608e-01 1.029412e-01 1.966883e-08
1.617647e-01 1.029412e-01 1.276368e-08
1.715686e-01 1.029412e-01 4.783199e-09
1.813725e-01 1.029412e-01 -4.008491e-10
1.911765e-01 1.029412e-01 -3.047120e-09
2.009804e-01 1.029412e-01 -4.712358e-09
2.107843e-01 1.029412e-01 -5.921583e-09
2.205882e-01 1.029412e-01 -4.450579e-09
2.303922e-01 1.029412e-01 6.455908e-09
2.401961e-01 1.029412e-01 3.990582e-08
2.500000e-01 1.029412e-01 1.158875e-07
2.598039e-01 1.029412e-01 2.578760e-07
2.696078e-01 1.029412e-01 4.821918e-07
2.794118e-01 1.029412e-01 7.774369e-07
2.892157e-01 1.029412e-01 1.074026e-06
2.990196e-01 1.029412e-01 1.208670e-06
3.088235e-01 1.029412e-01 8.945934e-07
3.186275e-01 1.029412e-01 -2.870689e-07
3.284314e-01 1.029412e-01 -2.858791e-06
3.382353e-01 1.029412e-01 -7.371362e-06
3.480392e-01 1.029412e-01 -1.428494e-05
3.578431e-01 1.029412e-01 -2.382637e-05
3.676471e-01 1.029412e-01 -3.585748e-05
3.774510e-01 1.029412e-01 -4.979561e-05
3.872549e-01 1.029412e-01 -6.462082e-05
3.970588e-01 1.029412e-01 -7.898480e-05
4.068627e-01 1.029412e-01 -9.140842e-05
4.166667e-01 1.029412e-01 -1.005281e-04
4.264706e-01 1.029412e-01 -1.053349e-04
4.362745e-01 1.029412e-01 -1.053486e-04
4.460784e-01 1.029412e-01 -1.006887e-04
4.558824e-01 1.029412e-01 -9.202782e-05
4.656863e-01 1.029412e-01 -8.044663e-05
4.754902e-01 1.029412e-01 -6.722961e-05
4.852941e-01 1.029412e-01 -5.365182e-05
4.950980e-01 1.029412e-01 -4.080090e-05
5.049020e-01 1.029412e-01 -2.946352e-05
5.147059e-01 1.029412e-01 -2.008538e-05
5.245098e-01 1.029412e-01 -1.279577e-05
5.343137e-01 1.029412e-01 -7.476046e-06
5.441176e-01 1.029412e-01 -3.847560e-06
5.539216e-01 1.029412e-01 -1.557434e-06
5.637255e-01 1.029412e-01 -2.477411e-07
5.735294e-01 1.029412e-01 3.985011e-07
5.833333e-01 1.029412e-01 6.341915e-07
5.931373e-01 1.029412e-01 6.432711e-07
6.029412e-01 1.029412e-01 5.477658e-07
6.127451e-01 1.029412e-01 4.206926e-07
6.225490e-01 1.029412e-01 3.002025e-07
6.323529e-01 1.029412e-01 2.021098e-07
6.421569e-01 1.029412e-01 1.295327e-07
6.519608e-01 1.029412e-01 7.948499e-08
6.617647e-01 1.029412e-01 4.688227e-08
6.715686e-01 1.029412e-01 2.665461e-08
6.813725e-01 1.029412e-01 1.463818e-08
6.911765e-01 1.029412e-01 7.777732e-09
7.009804e-01 1.029412e-01 4.003348e-09
7.107843e-01 1.029412e-01 1.998040e-09
7.205882e-01 1.029412e-01 9.686450e-10
7.303922e-01 1.029412e-01 4.525036e-10
7.401961e-01 1.029412e-01 2.184315e-10
7.500000e-01 1.029412e-01 6.045909e-11
7.598039e-01 1.029412e-01 1.281321e-10
7.696078e-01 1.029412e-01 -1.941195e-10
7.794118e-01 1.029412e-01 4.364917e-10
7.892157e-01 1.029412e-01 -7.040897e-10
7.990196e-01 1.029412e-01 8.086613e-10
8.088235e-01 1.029412e-01 -1.634386e-10
8.186275e-01 1.029412e-01 -2.005124e-09
8.284314e-01 1.029412e-01 5.904947e-09
8.382353e-01 1.029412e-01 -9.687526e-09
8.480392e-01 1.029412e-01 8.684366e-09
8.578431e-01 1.029412e-01 1.742558e-09
8.676471e-01 1.029412e-01 -1.866183e-08
8.774510e-01 1.029412e-01 2.624577e-08
8.872549e-01 1.029412e-01 -6.561496e-09
8.970588e-01 1.029412e-01 -3.230217e-08
9.068627e-01 1.029412e-01 4.502757e-08
9.166667e-01 1.029412e-01 2.741339e-09
9.264706e-01 1.029412e-01 -6.336057e-08
9.362745e-01 1.029412e-01 4.003068e-08
9.460784e-01 1.029412e-01 5.704472e-08
9.558824e-01 1.029412e-01 -7.375379e-08
9.656863e-01 1.029412e-01 -4.238584e-08
9.754902e-01 1.029412e-01 9.215675e-08
9.852941e-01 1.029412e-01 3.604085e-08
9.950980e-01 1.029412e-01 -9.668705e-08
4.901961e-03 1.127451e-01 -5.279737e-08
1.470588e-02 1.127451e-01 -6.996639e-08
2.450980e-02 1.127451e-01 4.664305e-08
3.431373e-02 1.127451e-01 7.737088e-08
4.411765e-02 1.127451e-01 -2.164407e-08
5.392157e-02 1.127451e-01 -7.855130e-08
6.372549e-02 1.127451e-01 -1.770260e-08
7.352941e-02 1.127451e-01 5.658375e-08
8.333333e-02 1.127451e-01 5.015203e-08
9.313725e-02 1.127451e-01 -8.632462e-09
1.029412e-01 1.127451e-01 -4.434560e-08
1.127451e-01 1.127451e-01 -3.158477e-08
1.225490e-01 1.127451e-01 1.411376e-09
1.323529e-01 1.127451e-01 2.191460e-08
1.421569e-01 1.127451e-01 2.164087e-08
1.519608e-01 1.127451e-01 1.055491e-08
1.617647e-01 1.127451e-01 9.380482e-11
1.715686e-01 1.127451e-01 -5.078032e-09
1.813725e-01 1.127451e-01 -5.861061e-09
1.911765e-01 1.127451e-01 -4.643262e-09
2.009804e-01 1.127451e-01 -2.600362e-09
2.107843e-01 1.127451e-01 1.183391e-09
2.205882e-01 1.127451e-01 9.664055e-09
2.303922e-01 1.127451e-01 2.712376e-08
2.401961e-01 1.127451e-01 5.697525e-08
2.500000e-01 1.127451e-01 9.658352e-08
2.598039e-01 1.127451e-01 1.276987e-07
2.696078e-01 1.127451e-01 1.022425e-07
2.794118e-01 1.127451e-01 -7.447444e-08
2.892157e-01 1.127451e-01 -5.578509e-07
2.990196e-01 1.127451e-01 -1.567202e-06
3.088235e-01 1.127451e-01 -3.368857e-06
3.186275e-01 1.127451e-01 -6.232542e-06
3.284314e-01 1.127451e-01 -1.036149e-05
3.382353e-01 1.127451e-01 -1.580697e-05
3.480392e-01 1.127451e-01 -2.238853e-05
3.578431e-01 1.127451e-01 -2.964692e-05
3.676471e-01 1.127451e-01 -3.685495e-05
3.774510e-01 1.127451e-01 -4.309882e-05
3.872549e-01 1.127451e-01 -4.742318e-05
3.970588e-01 1.127451e-01 -4.901238e-05
4.068627e-01 1.127451e-01 -4.736485e-05
4.166667e-01 1.127451e-01 -4.241537e-05
4.264706e-01 1.127451e-01 -3.457108e-05
4.362745e-01 1.127451e-01 -2.464967e-05
4.460784e-01 1.127451e-01 -1.373430e-05
4.558824e-01 1.127451e-01 -2.981489e-06
4.656863e-01 1.127451e-01 6.572161e-06
4.754902e-01 1.127451e-01 1.416159e-05
4.852941e-01 1.127451e-01 1.937584e-05
4.950980e-01 1.127451e-01 2.216402e-05
5.049020e-01 1.127451e-01 2.277652e-05
5.147059e-01 1.127451e-01 2.166571e-05
5.245098e-01 1.127451e-01 1.937457e-05
5.343137e-01 1.127451e-01 1.643749e-05
5.441176e-01 1.127451e-01 1.330905e-05
5.539216e-01 1.127451e-01 1.032601e-05
5.637255e-01 1.127451e-01 7.699658e-06
5.735294e-01 1.127451e-01 5.530002e-06
5.833333e-01 1.127451e-01 3.832131e-06
5.931373e-01 1.127451e-01 2.565720e-06
6.029412e-01 1.127451e-01 1.661544e-06
6.127451e-01 1.127451e-01 1.041698e-06
6.225490e-01 1.127451e-01 6.327403e-07
6.323529e-01 1.127451e-01 3.725931e-07
6.421569e-01 1.127451e-01 2.128120e-07
6.519608e-01 1.127451e-01 1.179496e-07
6.617647e-01 1.127451e-01 6.345824e-08
6.715686e-01 1.127451e-01 3.315056e-08
6.813725e-01 1.127451e-01 1.681875e-08
6.911765e-01 1.127451e-01 8.288108e-09
7.009804e-01 1.127451e-01 3.967272e-09
7.107843e-01 1.127451e-01 1.844800e-09
7.205882e-01 1.127451e-01 8.327247e-10
7.303922e-01 1.127451e-01 3.654781e-10
7.401961e-01 1.127451e-01 1.571573e-10
7.500000e-01 1.127451e-01 5.293013e-11
7.598039e-01 1.127451e-01 7.172045e-11
7.696078e-01 1.127451e-01 -1.379375e-10
7.794118e-01 1.127451e-01 3.998673e-10
7.892157e-01 1.127451e-01 -8.920728e-10
7.990196e-01 1.127451e-01 1.670016e-09
8.088235e-01 1.127451e-01 -2.449833e-09
8.186275e-01 1.127451e-01 2.374329e-09
8.284314e-01 1.127451e-01 -8.035479e-11
8.382353e-01 1.127451e-01 -5.161647e-09
8.480392e-01 1.127451e-01 1.120157e-08
8.578431e-01 1.127451e-01 -1.176762e-08
8.676471e-01 1.127451e-01 4.417638e-10
8.774510e-01 1.127451e-01 1.917168e-08
8.872549e-01 1.127451e-01 -2.748022e-08
8.970588e-01 1.127451e-01 4.744621e-09
9.068627e-01 1.127451e-01 3.510666e-08
9.166667e-01 1.127451e-01 -4.014769e-08
9.264706e-01 1.127451e-01 -1.458847e-08
9.362745e-01 1.127451e-01 6.227657e-08
9.460784e-01 1.127451e-01 -1.689073e-08
9.558824e-01 1.127451e-01 -6.770158e-08
9.656863e-01 1.127451e-01 4.193584e-08
9.754902e-01 1.127451e-01 6.700809e-08
9.852941e-01 1.127451e-01 -5.279737e-08
9.950980e-01 1.127451e-01 -6.996639e-08
4.901961e-03 1.225490e-01 -7.031705e-08
1.470588e-02 1.225490e-01 1.820108e-09
2.450980e-02 1.225490e-01 7.135485e-08
3.431373e-02 1.225490e-01 1.212072e-08
4.411765e-02 1.225490e-01 -6.389267e-08
5.392157e-02 1.225490e-01 -3.541494e-08
6.372549e-02 1.225490e-01 3.960921e-08
7.352941e-02 1.225490e-01 5.203606e-08
8.333333e-02 1.225490e-01 7.227435e-10
9.313725e-02 1.225490e-01 -4.044184e-08
1.029412e-01 1.225490e-01 -3.246756e-08
1.127451e-01 1.225490e-01 1.411376e-09
1.225490e-01 1.225490e-01 2.382323e-08
1.323529e-01 1.225490e-01 2.257027e-08
1.421569e-01 1.225490e-01 8.561117e-09
1.519608e-01 1.225490e-01 -4.032260e-09
1.617647e-01 1.225490e-01 -9.288011e-09
1.715686e-01 1.225490e-01 -8.644877e-09
1.813725e-01 1.225490e-01 -5.628590e-09
1.911765e-01 1.225490e-01 -2.414187e-09
2.009804e-01 1.225490e-01 8.016349e-10
2.107843e-01 1.225490e-01 4.969465e-09
2.205882e-01 1.225490e-01 1.082811e-08
2.303922e-01 1.225490e-01 1.688783e-08
2.401961e-01 1.225490e-01 1.613443e-08
2.500000e-01 1.225490e-01 -8.857552e-09
2.598039e-01 1.225490e-01 -9.169938e-08
2.696078e-01 1.225490e-01 -2.866238e-07
2.794118e-01 1.225490e-01 -6.677707e-07
2.892157e-01 1.225490e-01 -1.318681e-06
2.990196e-01 1.225490e-01 -2.308308e-06
3.088235e-01 1.225490e-01 -3.653327e-06
3.186275e-01 1.225490e-01 -5.272347e-06
3.284314e-01 1.225490e-01 -6.944286e-06
3.382353e-01 1.225490e-01 -8.287934e-06
3.480392e-01 1.225490e-01 -8.779630e-06
3.578431e-01 1.225490e-01 -7.819003e-06
3.676471e-01 1.225490e-01 -4.839593e-06
3.774510e-01 1.225490e-01 5.548332e-07
3.872549e-01 1.225490e-01 8.460572e-06
3.970588e-01 1.225490e-01 1.858792e-05
4.068627e-01 1.225490e-01 3.024895e-05
4.166667e-01 1.225490e-01 4.243162e-05
4.264706e-01 1.225490e-01 5.394968e-05
4.362745e-01 1.225490e-01 6.363638e-05
4.460784e-01 1.225490e-01 7.053773e-05
4.558824e-01 1.225490e-01 7.406154e-05
4.656863e-01 1.225490e-01 7.405167e-05
4.754902e-01 1.225490e-01 7.077691e-05
4.852941e-01 1.225490e-01 6.484586e-05
4.950980e-01 1.225490e-01 5.707446e-05
5.049020e-01 1.225490e-01 4.833989e-05
5.147059e-01 1.225490e-01 3.945147e-05
5.245098e-01 1.225490e-01 3.105938e-05
5.343137e-01 1.225490e-01 2.360940e-05
5.441176e-01 1.225490e-01 1.734038e-05
5.539216e-01 1.225490e-01 1.231321e-05
5.637255e-01 1.225490e-01 8.457201e-06
5.735294e-01 1.225490e-01 5.620527e-06
5.833333e-01 1.225490e-01 3.615147e-06
5.931373e-01 1.225490e-01 2.250746e-06
6.029412e-01 1.225490e-01 1.356365e-06
6.127451e-01 1.225490e-01 7.910648e-07
6.225490e-01 1.225490e-01 4.463703e-07
6.323529e-01 1.225490e-01 2.435545e-07
6.421569e-01 1.225490e-01 1.284000e-07
6.519608e-01 1.225490e-01 6.532677e-08
6.617647e-01 1.225490e-01 3.202099e-08
6.715686e-01 1.225490e-01 1.508407e-08
6.813725e-01 1.225490e-01 6.803597e-09
6.911765e-01 1.225490e-01 2.921609e-09
7.009804e-01 1.225490e-01 1.183239e-09
7.107843e-01 1.225490e-01 4.449145e-10
7.205882e-01 1.225490e-01 1.488871e-10
7.303922e-01 1.225490e-01 4.403158e-11
7.401961e-01 1.225490e-01 2.016806e-13
7.500000e-01 1.225490e-01 9.487837e-12
7.598039e-01 1.225490e-01 -1.963202e-11
7.696078e-01 1.225490e-01 -4.660445e-12
7.794118e-01 1.225490e-01 1.034240e-10
7.892157e-01 1.225490e-01 -4.234815e-10
7.990196e-01 1.225490e-01 1.150444e-09
8.088235e-01 1.225490e-01 -2.409416e-09
8.186275e-01 1.225490e-01 3.887077e-09
8.284314e-01 1.225490e-01 -4.392991e-09
8.382353e-01 1.225490e-01 1.955349e-09
8.480392e-01 1.225490e-01 4.546095e-09
8.578431e-01 1.225490e-01 -1.230468e-08
8.676471e-01 1.225490e-01 1.330570e-08
8.774510e-01 1.225490e-01 -2.656827e-10
8.872549e-01 1.225490e-01 -2.070991e-08
8.970588e-01 1.225490e-01 2.610642e-08
9.068627e-01 1.225490e-01 1.520318e-09
9.166667e-01 1.225490e-01 -3.791001e-08
9.264706e-01 1.225490e-01 2.906167e-08
9.362745e-01 1.225490e-01 2.897896e-08
9.460784e-01 1.225490e-01 -5.268516e-08
9.558824e-01 1.225490e-01 -1.136997e-08
9.656863e-01 1.225490e-01 6.499089e-08
9.754902e-01 1.225490e-01 -1.416237e-09
9.852941e-01 1.225490e-01 -7.031705e-08
9.950980e-01 1.225490e-01 1.820108e-09
4.901961e-03 1.323529e-01 -3.305649e-08
1.470588e-02 1.323529e-01 4.513504e-08
2.450980e-02 1.323529e-01 3.786607e-08
3.431373e-02 1.323529e-01 -3.679442e-08
4.411765e-02 1.323529e-01 -4.657559e-08
5.392157e-02 1.323529e-01 1.578108e-08
6.372549e-02 1.323529e-01 4.862380e-08
7.352941e-02 1.323529e-01 1.373870e-08
8.333333e-02 1.323529e-01 -3.116873e-08
9.313725e-02 1.323529e-01 -3.338139e-08
1.029412e-01 1.323529e-01 -2.879111e-09
1.127451e-01 1.323529e-01 2.191460e-08
1.225490e-01 1.323529e-01 2.257027e-08
1.323529e-01 1.323529e-01 7.943562e-09
1.421569e-01 1.323529e-01 -5.929096e-09
1.519608e-01 1.323529e-01 -1.134790e-08
1.617647e-01 1.323529e-01 -9.738731e-09
1.715686e-01 1.323529e-01 -5.576816e-09
1.813725e-01 1.323529e-01 -1.893863e-09
1.911765e-01 1.323529e-01 5.703277e-10
2.009804e-01 1.323529e-01 2.250225e-09
2.107843e-01 1.323529e-01 3.323164e-09
2.205882e-01 1.323529e-01 2.401871e-09
2.303922e-01 1.323529e-01 -4.844682e-09
2.401961e-01 1.323529e-01 -2.711630e-08
2.500000e-01 1.323529e-01 -7.818160e-08
2.598039e-01 1.323529e-01 -1.751893e-07
2.696078e-01 1.323529e-01 -3.322932e-07
2.794118e-01 1.323529e-01 -5.474465e-07
2.892157e-01 1.323529e-01 -7.817040e-07
2.990196e-01 1.323529e-01 -9.334069e-07
3.088235e-01 1.323529e-01 -8.137248e-07
3.186275e-01 1.323529e-01 -1.338246e-07
3.284314e-01 1.323529e-01 1.484587e-06
3.382353e-01 1.323529e-01 4.466313e-06
3.480392e-01 1.323529e-01 9.205864e-06
3.578431e-01 1.323529e-01 1.596659e-05
3.676471e-01 1.323529e-01 2.477695e-05
3.774510e-01 1.323529e-01 3.535241e-05
3.872549e-01 1.323529e-01 4.707045e-05
3.970588e-01 1.323529e-01 5.901615e-05
4.068627e-01 1.323529e-01 7.009782e-05
4.166667e-01 1.323529e-01 7.921285e-05
4.264706e-01 1.323529e-01 8.542819e-05
4.362745e-01 1.323529e-01 8.813486e-05
4.460784e-01 1.323529e-01 8.714151e-05
4.558824e-01 1.323529e-01 8.268840e-05
4.656863e-01 1.323529e-01 7.538331e-05
4.754902e-01 1.323529e-01 6.607926e-05
4.852941e-01 1.323529e-01 5.572552e-05
4.950980e-01 1.323529e-01 4.522472e-05
5.049020e-01 1.323529e-01 3.532274e-05
5.147059e-01 1.323529e-01 2.654538e-05
5.245098e-01 1.323529e-01 1.918356e-05
5.343137e-01 1.323529e-01 1.331773e-05
5.441176e-01 1.323529e-01 8.867048e-06
5.539216e-01 1.323529e-01 5.647700e-06
5.637255e-01 1.323529e-01 3.427608e-06
5.735294e-01 1.323529e-01 1.969662e-06
5.833333e-01 1.323529e-01 1.060306e-06
5.931373e-01 1.323529e-01 5.242204e-07
6.029412e-01 1.323529e-01 2.280972e-07
6.127451e-01 1.323529e-01 7.728592e-08
6.225490e-01 1.323529e-01 8.818332e-09
6.323529e-01 1.323529e-01 -1.655091e-08
6.421569e-01 1.323529e-01 -2.164202e-08
6.519608e-01 1.323529e-01 -1.871030e-08
6.617647e-01 1.323529e-01 -1.370259e-08
6.715686e-01 1.323529e-01 -9.093377e-09
6.813725e-01 1.323529e-01 -5.625709e-09
6.911765e-01 1.323529e-01 -3.292719e-09
7.009804e-01 1.323529e-01 -1.839327e-09
7.107843e-01 1.323529e-01 -9.856306e-10
7.205882e-01 1.323529e-01 -5.101941e-10
7.303922e-01 1.323529e-01 -2.507346e-10
7.401961e-01 1.323529e-01 -1.320495e-10
7.500000e-01 1.323529e-01 -3.306908e-11
7.598039e-01 1.323529e-01 -8.225398e-11
7.696078e-01 1.323529e-01 9.975235e-11
7.794118e-01 1.323529e-01 -1.822403e-10
7.892157e-01 1.323529e-01 1.798307e-10
7.990196e-01 1.323529e-01 6.175135e-11
8.088235e-01 1.323529e-01 -8.659733e-10
8.186275e-01 1.323529e-01 2.468667e-09
8.284314e-01 1.323529e-01 -4.531237e-09
8.382353e-01 1.323529e-01 5.511462e-09
8.480392e-01 1.323529e-01 -2.890930e-09
8.578431e-01 1.323529e-01 -4.532436e-09
8.676471e-01 1.323529e-01 1.287905e-08
8.774510e-01 1.323529e-01 -1.267706e-08
8.872549e-01 1.323529e-01 -2.479124e-09
8.970588e-01 1.323529e-01 2.216307e-08
9.068627e-01 1.323529e-01 -2.079297e-08
9.166667e-01 1.323529e-01 -1.082764e-08
9.264706e-01 1.323529e-01 3.672736e-08
9.362745e-01 1.323529e-01 -1.156120e-08
9.460784e-01 1.323529e-01 -3.908730e-08
9.558824e-01 1.323529e-01 3.143672e-08
9.656863e-01 1.323529e-01 3.488742e-08
9.754902e-01 1.323529e-01 -4.291137e-08
9.852941e-01 1.323529e-01 -3.305649e-08
9.950980e-01 1.323529e-01 4.513504e-08
4.901961e-03 1.421569e-01 8.573230e-09
1.470588e-02 1.421569e-01 4.327917e-08
2.450980e-02 1.421569e-01 -4.489452e-09
3.431373e-02 1.421569e-01 -4.334001e-08
4.411765e-02 1.421569e-01 -8.435417e-09
5.392157e-02 1.421569e-01 3.651439e-08
6.372549e-02 1.421569e-01 2.486938e-08
7.352941e-02 1.421569e-01 -1.727959e-08
8.333333e-02 1.421569e-01 -3.173825e-08
9.313725e-02 1.421569e-01 -9.306111e-09
1.029412e-01 1.421569e-01 1.686285e-08
1.127451e-01 1.421569e-01 2.164087e-08
1.225490e-01 1.421569e-01 8.561117e-09
1.323529e-01 1.421569e-01 -5.929096e-09
1.421569e-01 1.421569e-01 -1.178740e-08
1.519608e-01 1.421569e-01 -9.581691e-09
1.617647e-01 1.421569e-01 -4.457767e-09
1.715686e-01 1.421569e-01 -3.218142e-10
1.813725e-01 1.421569e-01 1.723086e-09
1.911765e-01 1.421569e-01 2.197881e-09
2.009804e-01 1.421569e-01 1.678422e-09
2.107843e-01 1.421569e-01 -1.813992e-10
2.205882e-01 1.421569e-01 -5.069165e-09
2.303922e-01 1.421569e-01 -1.595464e-08
2.401961e-01 1.421569e-01 -3.612876e-08
2.500000e-01 1.421569e-01 -6.637733e-08
2.598039e-01 1.421569e-01 -9.910138e-08
2.696078e-01 1.421569e-01 -1.085817e-07
2.794118e-01 1.421569e-01 -3.781786e-08
2.892157e-01 1.421569e-01 2.155481e-07
2.990196e-01 1.421569e-01 8.092505e-07
3.088235e-01 1.421569e-01 1.955531e-06
3.186275e-01 1.421569e-01 3.902594e-06
3.284314e-01 1.421569e-01 6.894573e-06
3.382353e-01 1.421569e-01 1.111225e-05
3.480392e-01 1.421569e-01 1.660453e-05
3.578431e-01 1.421569e-01 2.322772e-05
3.676471e-01 1.421569e-01 3.061257e-05
3.774510e-01 1.421569e-01 3.817594e-05
3.872549e-01 1.421569e-01 4.518401e-05
3.970588e-01 1.421569e-01 5.086014e-05
4.068627e-01 1.421569e-01 5.451635e-05
4.166667e-01 1.421569e-01 5.567883e-05
4.264706e-01 1.421569e-01 5.417712e-05
4.362745e-01 1.421569e-01 5.017533e-05
4.460784e-01 1.421569e-01 4.413869e-05
4.558824e-01 1.421569e-01 3.674518e-05
4.656863e-01 1.421569e-01 2.876488e-05
4.754902e-01 1.421569e-01 2.093564e-05
4.852941e-01 1.421569e-01 1.386103e-05
4.950980e-01 1.421569e-01 7.947773e-06
5.049020e-01 1.421569e-01 3.387979e-06
5.147059e-01 1.421569e-01 1.807387e-07
5.245098e-01 1.421569e-01 -1.819983e-06
5.343137e-01 1.421569e-01 -2.846531e-06
5.441176e-01 1.421569e-01 -3.161589e-06
5.539216e-01 1.421569e-01 -3.014331e-06
5.637255e-01 1.421569e-01 -2.612743e-06
5.735294e-01 1.421569e-01 -2.111650e-06
5.833333e-01 1.421569e-01 -1.613031e-06
5.931373e-01 1.421569e-01 -1.174082e-06
6.029412e-01 1.421569e-01 -8.186638e-07
6.127451e-01 1.421569e-01 -5.488803e-07
6.225490e-01 1.421569e-01 -3.548087e-07
6.323529e-01 1.421569e-01 -2.215907e-07
6.421569e-01 1.421569e-01 -1.339222e-07
6.519608e-01 1.421569e-01 -7.842663e-08
6.617647e-01 1.421569e-01 -4.455039e-08
6.715686e-01 1.421569e-01 -2.457018e-08
6.813725e-01 1.421569e-01 -1.316647e-08
6.911765e-01 1.421569e-01 -6.859994e-09
7.009804e-01 1.421569e-01 -3.477255e-09
7.107843e-01 1.421569e-01 -1.715342e-09
7.205882e-01 1.421569e-01 -8.250963e-10
7.303922e-01 1.421569e-01 -3.830344e-10
7.401961e-01 1.421569e-01 -1.846580e-10
7.500000e-01 1.421569e-01 -5.362590e-11
7.598039e-01 1.421569e-01 -9.796474e-11
7.696078e-01 1.421569e-01 1.350921e-10
7.794118e-01 1.421569e-01 -3.140003e-10
7.892157e-01 1.421569e-01 5.404401e-10
7.990196e-01 1.421569e-01 -7.658443e-10
8.088235e-01 1.421569e-01 7.010185e-10
8.186275e-01 1.421569e-01 1.150948e-10
8.284314e-01 1.421569e-01 -2.059339e-09
8.382353e-01 1.421569e-01 4.684880e-09
8.480392e-01 1.421569e-01 -5.983498e-09
8.578431e-01 1.421569e-01 2.968517e-09
8.676471e-01 1.421569e-01 5.146692e-09
8.774510e-01 1.421569e-01 -1.290443e-08
8.872549e-01 1.421569e-01 1.005466e-08
8.970588e-01 1.421569e-01 6.739415e-09
9.068627e-01 1.421569e-01 -2.185206e-08
9.166667e-01 1.421569e-01 1.170076e-08
9.264706e-01 1.421569e-01 1.939921e-08
9.362745e-01 1.421569e-01 -2.853851e-08
9.460784e-01 1.421569e-01 -7.717141e-09
9.558824e-01 1.421569e-01 3.765285e-08
9.656863e-01 1.421569e-01 -3.652763e-09
9.754902e-01 1.421569e-01 -4.134635e-08
9.852941e-01 1.421569e-01 8.573230e-09
9.950980e-01 1.421569e-01 4.327917e-08
4.901961e-03 1.519608e-01 2.683876e-08
1.470588e-02 1.519608e-01 1.967925e-08
2.450980e-02 1.519608e-01 -2.533198e-08
3.431373e-02 1.519608e-01 -2.434672e-08
4.411765e-02 1.519608e-01 1.695381e-08
5.392157e-02 1.519608e-01 2.902817e-08
6.372549e-02 1.519608e-01 -1.213006e-09
7.352941e-02 1.519608e-01 -2.573608e-08
8.333333e-02 1.519608e-01 -1.576168e-08
9.313725e-02 1.519608e-01 9.166961e-09
1.029412e-01 1.519608e-01 1.966883e-08
1.127451e-01 1.519608e-01 1.055491e-08
1.225490e-01 1.519608e-01 -4.032260e-09
1.323529e-01 1.519608e-01 -1.134790e-08
1.421569e-01 1.519608e-01 -9.581691e-09
1.519608e-01 1.519608e-01 -3.781811e-09
1.617647e-01 1.519608e-01 1.135100e-09
1.715686e-01 1.519608e-01 3.361740e-09
1.813725e-01 1.519608e-01 3.410301e-09
1.911765e-01 1.519608e-01 2.331077e-09
2.009804e-01 1.519608e-01 6.143721e-10
2.107843e-01 1.519608e-01 -2.024874e-09
2.205882e-01 1.519608e-01 -6.247638e-09
2.303922e-01 1.519608e-01 -1.207961e-08
2.401961e-01 1.519608e-01 -1.691328e-08
2.500000e-01 1.519608e-01 -1.203739e-08
2.598039e-01 1.519608e-01 2.247085e-08
2.696078e-01 1.519608e-01 1.238442e-07
2.794118e-01 1.519608e-01 3.518611e-07
2.892157e-01 1.519608e-01 7.901149e-07
2.990196e-01 1.519608e-01 1.539553e-06
3.088235e-01 1.519608e-01 2.701200e-06
3.186275e-01 1.519608e-01 4.347477e-06
3.284314e-01 1.519608e-01 6.485736e-06
3.382353e-01 1.519608e-01 9.022355e-06
3.480392e-01 1.519608e-01 1.173929e-05
3.578431e-01 1.519608e-01 1.429527e-05
3.676471e-01 1.519608e-01 1.625947e-05
3.774510e-01 1.519608e-01 1.717749e-05
3.872549e-01 1.519608e-01 1.665887e-05
3.970588e-01 1.519608e-01 1.446696e-05
4.068627e-01 1.519608e-01 1.058791e-05
4.166667e-01 1.519608e-01 5.258940e-06
4.264706e-01 1.519608e-01 -1.054515e-06
4.362745e-01 1.519608e-01 -7.729708e-06
4.460784e-01 1.519608e-01 -1.408981e-05
4.558824e-01 1.519608e-01 -1.951559e-05
4.656863e-01 1.519608e-01 -2.354050e-05
4.754902e-01 1.519608e-01 -2.591010e-05
4.852941e-01 1.519608e-01 -2.659695e-05
4.950980e-01 1.519608e-01 -2.577368e-05
5.049020e-01 1.519608e-01 -2.375608e-05
5.147059e-01 1.519608e-01 -2.093258e-05
5.245098e-01 1.519608e-01 -1.769635e-05
5.343137e-01 1.519608e-01 -1.439208e-05
5.441176e-01 1.519608e-01 -1.128350e-05
5.539216e-01 1.519608e-01 -8.542089e-06
5.637255e-01 1.519608e-01 -6.252769e-06
5.735294e-01 1.519608e-01 -4.430578e-06
5.833333e-01 1.519608e-01 -3.041911e-06
5.931373e-01 1.519608e-01 -2.025312e-06
6.029412e-01 1.519608e-01 -1.308620e-06
6.127451e-01 1.519608e-01 -8.210920e-07
6.225490e-01 1.519608e-01 -5.005851e-07
6.323529e-01 1.519608e-01 -2.966870e-07
6.421569e-01 1.519608e-01 -1.710253e-07
6.519608e-01 1.519608e-01 -9.592955e-08
6.617647e-01 1.519608e-01 -5.237804e-08
6.715686e-01 1.519608e-01 -2.784920e-08
6.813725e-01 1.519608e-01 -1.442426e-08
6.911765e-01 1.519608e-01 -7.280012e-09
7.009804e-01 1.519608e-01 -3.581516e-09
7.107843e-01 1.519608e-01 -1.717794e-09
7.205882e-01 1.519608e-01 -8.042307e-10
7.303922e-01 1.519608e-01 -3.648827e-10
7.401961e-01 1.519608e-01 -1.695215e-10
7.500000e-01 1.519608e-01 -5.237049e-11
7.598039e-01 1.519608e-01 -8.170356e-11
7.696078e-01 1.519608e-01 1.178178e-10
7.794118e-01 1.519608e-01 -3.017162e-10
7.892157e-01 1.519608e-01 5.965841e-10
7.990196e-01 1.519608e-01 -1.042264e-09
8.088235e-01 1.519608e-01 1.483941e-09
8.186275e-01 1.519608e-01 -1.519712e-09
8.284314e-01 1.519608e-01 5.128436e-10
8.382353e-01 1.519608e-01 1.924329e-09
8.480392e-01 1.519608e-01 -4.980818e-09
8.578431e-01 1.519608e-01 6.016042e-09
8.676471e-01 1.519608e-01 -1.954277e-09
8.774510e-01 1.519608e-01 -6.607898e-09
8.872549e-01 1.519608e-01 1.219994e-08
8.970588e-01 1.519608e-01 -5.428184e-09
9.068627e-01 1.519608e-01 -1.132817e-08
9.166667e-01 1.519608e-01 1.829765e-08
9.264706e-01 1.519608e-01 -1.931603e-10
9.362745e-01 1.519608e-01 -2.317989e-08
9.460784e-01 1.519608e-01 1.353175e-08
9.558824e-01 1.519608e-01 2.150178e-08
9.656863e-01 1.519608e-01 -2.283438e-08
9.754902e-01 1.519608e-01 -1.893705e-08
9.852941e-01 1.519608e-01 2.683876e-08
9.950980e-01 1.519608e-01 1.967925e-08
4.901961e-03 1.617647e-01 2.403399e-08
1.470588e-02 1.617647e-01 -9.951640e-10
2.450980e-02 1.617647e-01 -2.453013e-08
3.431373e-02 1.617647e-01 -3.889439e-09
4.411765e-02 1.617647e-01 2.230497e-08
5.392157e-02 1.617647e-01 1.235205e-08
6.372549e-02 1.617647e-01 -1.406725e-08
7.352941e-02 1.617647e-01 -1.883164e-08
8.333333e-02 1.617647e-01 -5.665431e-10
9.313725e-02 1.617647e-01 1.495284e-08
1.029412e-01 1.617647e-01 1.276368e-08
1.127451e-01 1.617647e-01 9.380482e-11
1.225490e-01 1.617647e-01 -9.288011e-09
1.323529e-01 1.617647e-01 -9.738731e-09
1.421569e-01 1.617647e-01 -4.457767e-09
1.519608e-01 1.617647e-01 1.135100e-09
1.617647e-01 1.617647e-01 4.117876e-09
1.715686e-01 1.617647e-01 4.457934e-09
1.813725e-01 1.617647e-01 3.339751e-09
1.911765e-01 1.617647e-01 1.758632e-09
2.009804e-01 1.617647e-01 9.155965e-11
2.107843e-01 1.617647e-01 -1.614620e-09
2.205882e-01 1.617647e-01 -2.944336e-09
2.303922e-01 1.617647e-01 -2.031929e-09
2.401961e-01 1.617647e-01 6.001110e-09
2.500000e-01 1.617647e-01 3.100252e-08
2.598039e-01 1.617647e-01 8.956797e-08
2.696078e-01 1.617647e-01 2.054133e-07
2.794118e-01 1.617647e-01 4.065394e-07
2.892157e-01 1.617647e-01 7.172998e-07
2.990196e-01 1.617647e-01 1.144298e-06
3.088235e-01 1.617647e-01 1.656992e-06
3.186275e-01 1.617647e-01 2.166735e-06
3.284314e-01 1.617647e-01 2.510892e-06
3.382353e-01 1.617647e-01 2.450329e-06
3.480392e-01 1.617647e-01 1.687686e-06
3.578431e-01 1.617647e-01 -9.034843e-08
3.676471e-01 1.617647e-01 -3.150356e-06
3.774510e-01 1.617647e-01 -7.640478e-06
3.872549e-01 1.617647e-01 -1.352687e-05
3.970588e-01 1.617647e-01 -2.055691e-05
4.068627e-01 1.617647e-01 -2.826339e-05
4.166667e-01 1.617647e-01 -3.601441e-05
4.264706e-01 1.617647e-01 -4.310178e-05
4.362745e-01 1.617647e-01 -4.885015e-05
4.460784e-01 1.617647e-01 -5.272314e-05
4.558824e-01 1.617647e-01 -5.440360e-05
4.656863e-01 1.617647e-01 -5.383185e-05
4.754902e-01 1.617647e-01 -5.119694e-05
4.852941e-01 1.617647e-01 -4.688678e-05
4.950980e-01 1.617647e-01 -4.141175e-05
5.049020e-01 1.617647e-01 -3.532015e-05
5.147059e-01 1.617647e-01 -2.912224e-05
5.245098e-01 1.617647e-01 -2.323513e-05
5.343137e-01 1.617647e-01 -1.795345e-05
5.441176e-01 1.617647e-01 -1.344489e-05
5.539216e-01 1.617647e-01 -9.764807e-06
5.637255e-01 1.617647e-01 -6.882253e-06
5.735294e-01 1.617647e-01 -4.709753e-06
5.833333e-01 1.617647e-01 -3.131026e-06
5.931373e-01 1.617647e-01 -2.023018e-06
6.029412e-01 1.617647e-01 -1.270944e-06
6.127451e-01 1.617647e-01 -7.766820e-07
6.225490e-01 1.617647e-01 -4.618649e-07
6.323529e-01 1.617647e-01 -2.673604e-07
6.421569e-01 1.617647e-01 -1.507079e-07
6.519608e-01 1.617647e-01 -8.275048e-08
6.617647e-01 1.617647e-01 -4.427228e-08
6.715686e-01 1.617647e-01 -2.308580e-08
6.813725e-01 1.617647e-01 -1.173623e-08
6.911765e-01 1.617647e-01 -5.818294e-09
7.009804e-01 1.617647e-01 -2.813571e-09
7.107843e-01 1.617647e-01 -1.327334e-09
7.205882e-01 1.617647e-01 -6.114805e-10
7.303922e-01 1.617647e-01 -2.734984e-10
7.401961e-01 1.617647e-01 -1.243238e-10
7.500000e-01 1.617647e-01 -3.978964e-11
7.598039e-01 1.617647e-01 -5.556374e-11
7.696078e-01 1.617647e-01 8.102499e-11
7.794118e-01 1.617647e-01 -2.204500e-10
7.892157e-01 1.617647e-01 4.703251e-10
7.990196e-01 1.617647e-01 -9.071097e-10
8.088235e-01 1.617647e-01 1.494524e-09
8.186275e-01 1.617647e-01 -1.997898e-09
8.284314e-01 1.617647e-01 1.867249e-09
8.382353e-01 1.617647e-01 -4.204646e-10
8.480392e-01 1.617647e-01 -2.452894e-09
8.578431e-01 1.617647e-01 5.291845e-09
8.676471e-01 1.617647e-01 -5.029755e-09
8.774510e-01 1.617647e-01 -4.769110e-10
8.872549e-01 1.617647e-01 8.197465e-09
8.970588e-01 1.617647e-01 -9.496218e-09
9.068627e-01 1.617647e-01 -9.837806e-10
9.166667e-01 1.617647e-01 1.375075e-08
9.264706e-01 1.617647e-01 -1.013543e-08
9.362745e-01 1.617647e-01 -1.025045e-08
9.460784e-01 1.617647e-01 1.831183e-08
9.558824e-01 1.617647e-01 3.796699e-09
9.656863e-01 1.617647e-01 -2.232642e-08
9.754902e-01 1.617647e-01 7.908814e-10
9.852941e-01 1.617647e-01 2.403399e-08
9.950980e-01 1.617647e-01 -9.951640e-10
4.901961e-03 1.715686e-01 1.353925e-08
1.470588e-02 1.715686e-01 -1.008181e-08
2.450980e-02 1.715686e-01 -1.476976e-08
3.431373e-02 1.715686e-01 7.009664e-09
4.411765e-02 1.715686e-01 1.628212e-08
5.392157e-02 1.715686e-01 -7.477802e-11
6.372549e-02 1.715686e-01 -1.476950e-08
7.352941e-02 1.715686e-01 -8.531459e-09
8.333333e-02 1.715686e-01 6.858150e-09
9.313725e-02 1.715686e-01 1.223365e-08
1.029412e-01 1.715686e-01 4.783199e-09
1.127451e-01 1.715686e-01 -5.078032e-09
1.225490e-01 1.715686e-01 -8.644877e-09
1.323529e-01 1.715686e-01 -5.576816e-09
1.421569e-01 1.715686e-01 -3.218142e-10
1.519608e-01 1.715686e-01 3.361740e-09
1.617647e-01 1.715686e-01 4.457934e-09
1.715686e-01 1.715686e-01 3.773979e-09
1.813725e-01 1.715686e-01 2.436412e-09
1.911765e-01 1.715686e-01 1.133569e-09
2.009804e-01 1.715686e-01 1.398980e-10
2.107843e-01 1.715686e-01 -2.673854e-10
2.205882e-01 1.715686e-01 7.493219e-10
2.303922e-01 1.715686e-01 5.198876e-09
2.401961e-01 1.715686e-01 1.678443e-08
2.500000e-01 1.715686e-01 4.093129e-08
2.598039e-01 1.715686e-01 8.354408e-08
2.696078e-01 1.715686e-01 1.474338e-07
2.794118e-01 1.715686e-01 2.254078e-07
2.892157e-01 1.715686e-01 2.896648e-07
2.990196e-01 1.715686e-01 2.785167e-07
3.088235e-01 1.715686e-01 8.340567e-08
3.186275e-01 1.715686e-01 -4.588757e-07
3.284314e-01 1.715686e-01 -1.562826e-06
3.382353e-01 1.715686e-01 -3.474629e-06
3.480392e-01 1.715686e-01 -6.434383e-06
3.578431e-01 1.715686e-01 -1.062350e-05
3.676471e-01 1.715686e-01 -1.610649e-05
3.774510e-01 1.715686e-01 -2.278111e-05
3.872549e-01 1.715686e-01 -3.035171e-05
3.970588e-01 1.715686e-01 -3.833772e-05
4.068627e-01 1.715686e-01 -4.612104e-05
4.166667e-01 1.715686e-01 -5.302673e-05
4.264706e-01 1.715686e-01 -5.842182e-05
4.362745e-01 1.715686e-01 -6.181188e-05
4.460784e-01 1.715686e-01 -6.291474e-05
4.558824e-01 1.715686e-01 -6.169653e-05
4.656863e-01 1.715686e-01 -5.836442e-05
4.754902e-01 1.715686e-01 -5.332035e-05
4.852941e-01 1.715686e-01 -4.708860e-05
4.950980e-01 1.715686e-01 -4.023375e-05
5.049020e-01 1.715686e-01 -3.328533e-05
5.147059e-01 1.715686e-01 -2.668129e-05
5.245098e-01 1.715686e-01 -2.073622e-05
5.343137e-01 1.715686e-01 -1.563421e-05
5.441176e-01 1.715686e-01 -1.144146e-05
5.539216e-01 1.715686e-01 -8.131381e-06
5.637255e-01 1.715686e-01 -5.614736e-06
5.735294e-01 1.715686e-01 -3.768493e-06
5.833333e-01 1.715686e-01 -2.459573e-06
5.931373e-01 1.715686e-01 -1.561621e-06
6.029412e-01 1.715686e-01 -9.648867e-07
6.127451e-01 1.715686e-01 -5.803833e-07
6.225490e-01 1.715686e-01 -3.399668e-07
6.323529e-01 1.715686e-01 -1.939899e-07
6.421569e-01 1.715686e-01 -1.078634e-07
6.519608e-01 1.715686e-01 -5.845825e-08
6.617647e-01 1.715686e-01 -3.088956e-08
6.715686e-01 1.715686e-01 -1.591778e-08
6.813725e-01 1.715686e-01 -8.001319e-09
6.911765e-01 1.715686e-01 -3.924139e-09
7.009804e-01 1.715686e-01 -1.878101e-09
7.107843e-01 1.715686e-01 -8.772730e-10
7.205882e-01 1.715686e-01 -4.002598e-10
7.303922e-01 1.715686e-01 -1.773899e-10
7.401961e-01 1.715686e-01 -7.979686e-11
7.500000e-01 1.715686e-01 -2.563144e-11
7.598039e-01 1.715686e-01 -3.413233e-11
7.696078e-01 1.715686e-01 4.882074e-11
7.794118e-01 1.715686e-01 -1.357849e-10
7.892157e-01 1.715686e-01 3.008288e-10
7.990196e-01 1.715686e-01 -6.152551e-10
8.088235e-01 1.715686e-01 1.104384e-09
8.186275e-01 1.715686e-01 -1.681644e-09
8.284314e-01 1.715686e-01 2.010782e-09
8.382353e-01 1.715686e-01 -1.495407e-09
8.480392e-01 1.715686e-01 -3.631328e-10
8.578431e-01 1.715686e-01 3.136659e-09
8.676471e-01 1.715686e-01 -4.800384e-09
8.774510e-01 1.715686e-01 2.674013e-09
8.872549e-01 1.715686e-01 3.330248e-09
8.970588e-01 1.715686e-01 -7.981677e-09
9.068627e-01 1.715686e-01 4.264447e-09
9.166667e-01 1.715686e-01 6.513305e-09
9.264706e-01 1.715686e-01 -1.097133e-08
9.362745e-01 1.715686e-01 -3.986298e-10
9.460784e-01 1.715686e-01 1.357484e-08
9.558824e-01 1.715686e-01 -5.783862e-09
9.656863e-01 1.715686e-01 -1.356537e-08
9.754902e-01 1.715686e-01 9.518641e-09
9.852941e-01 1.715686e-01 1.353925e-08
9.950980e-01 1.715686e-01 -1.008181e-08
4.901961e-03 1.813725e-01 4.603518e-09
1.470588e-02 1.813725e-01 -1.077555e-08
2.450980e-02 1.813725e-01 -5.743402e-09
3.431373e-02 1.813725e-01 9.508665e-09
4.411765e-02 1.813725e-01 8.380838e-09
5.392157e-02 1.813725e-01 -5.536449e-09
6.372549e-02 1.813725e-01 -1.032471e-08
7.352941e-02 1.813725e-01 -1.178304e-09
8.333333e-02 1.813725e-01 8.008567e-09
9.313725e-02 1.813725e-01 7.084994e-09
1.029412e-01 1.813725e-01 -4.008491e-10
1.127451e-01 1.813725e-01 -5.861061e-09
1.225490e-01 1.813725e-01 -5.628590e-09
1.323529e-01 1.813725e-01 -1.893863e-09
1.421569e-01 1.813725e-01 1.723086e-09
1.519608e-01 1.813725e-01 3.410301e-09
1.617647e-01 1.813725e-01 3.339751e-09
1.715686e-01 1.813725e-01 2.436412e-09
1.813725e-01 1.813725e-01 1.440126e-09
1.911765e-01 1.813725e-01 6.953846e-10
2.009804e-01 1.813725e-01 3.672845e-10
2.107843e-01 1.813725e-01 7.525411e-10
2.205882e-01 1.813725e-01 2.530250e-09
2.303922e-01 1.813725e-01 6.842577e-09
2.401961e-01 1.813725e-01 1.496827e-08
2.500000e-01 1.813725e-01 2.713760e-08
2.598039e-01 1.813725e-01 3.986326e-08
2.696078e-01 1.813725e-01 4.118210e-08
2.794118e-01 1.813725e-01 3.579479e-09
2.892157e-01 1.813725e-01 -1.247940e-07
2.990196e-01 1.813725e-01 -4.287617e-07
3.088235e-01 1.813725e-01 -1.031444e-06
3.186275e-01 1.813725e-01 -2.092244e-06
3.284314e-01 1.813725e-01 -3.793779e-06
3.382353e-01 1.813725e-01 -6.315890e-06
3.480392e-01 1.813725e-01 -9.798312e-06
3.578431e-01 1.813725e-01 -1.429777e-05
3.676471e-01 1.813725e-01 -1.974895e-05
3.774510e-01 1.813725e-01 -2.594041e-05
3.872549e-01 1.813725e-01 -3.251499e-05
3.970588e-01 1.813725e-01 -3.899937e-05
4.068627e-01 1.813725e-01 -4.486070e-05
4.166667e-01 1.813725e-01 -4.958058e-05
4.264706e-01 1.813725e-01 -5.273193e-05
4.362745e-01 1.813725e-01 -5.404271e-05
4.460784e-01 1.813725e-01 -5.343343e-05
4.558824e-01 1.813725e-01 -5.102152e-05
4.656863e-01 1.813725e-01 -4.709366e-05
4.754902e-01 1.813725e-01 -4.205379e-05
4.852941e-01 1.813725e-01 -3.635917e-05
4.950980e-01 1.813725e-01 -3.045750e-05
5.049020e-01 1.813725e-01 -2.473591e-05
5.147059e-01 1.813725e-01 -1.948844e-05
5.245098e-01 1.813725e-01 -1.490345e-05
5.343137e-01 1.813725e-01 -1.106845e-05
5.441176e-01 1.813725e-01 -7.987192e-06
5.539216e-01 1.813725e-01 -5.602900e-06
5.637255e-01 1.813725e-01 -3.822402e-06
5.735294e-01 1.813725e-01 -2.537158e-06
5.833333e-01 1.813725e-01 -1.639150e-06
5.931373e-01 1.813725e-01 -1.031127e-06
6.029412e-01 1.813725e-01 -6.318001e-07
6.127451e-01 1.813725e-01 -3.771918e-07
6.225490e-01 1.813725e-01 -2.194767e-07
6.323529e-01 1.813725e-01 -1.245012e-07
6.421569e-01 1.813725e-01 -6.886820e-08
6.519608e-01 1.813725e-01 -3.715414e-08
6.617647e-01 1.813725e-01 -1.955256e-08
6.715686e-01 1.813725e-01 -1.003806e-08
6.813725e-01 1.813725e-01 -5.027598e-09
6.911765e-01 1.813725e-01 -2.456542e-09
7.009804e-01 1.813725e-01 -1.170778e-09
7.107843e-01 1.813725e-01 -5.441900e-10
7.205882e-01 1.813725e-01 -2.466571e-10
7.303922e-01 1.813725e-01 -1.083859e-10
7.401961e-01 1.813725e-01 -4.859334e-11
7.500000e-01 1.813725e-01 -1.412879e-11
7.598039e-01 1.813725e-01 -2.249171e-11
7.696078e-01 1.813725e-01 3.229159e-11
7.794118e-01 1.813725e-01 -8.169428e-11
7.892157e-01 1.813725e-01 1.720920e-10
7.990196e-01 1.813725e-01 -3.478887e-10
8.088235e-01 1.813725e-01 6.467056e-10
8.186275e-01 1.813725e-01 -1.071227e-09
8.284314e-01 1.813725e-01 1.489722e-09
8.382353e-01 1.813725e-01 -1.541906e-09
8.480392e-01 1.813725e-01 7.180699e-10
8.578431e-01 1.813725e-01 1.160519e-09
8.676471e-01 1.813725e-01 -3.188909e-09
8.774510e-01 1.813725e-01 3.284109e-09
8.872549e-01 1.813725e-01 4.443295e-11
8.970588e-01 1.813725e-01 -4.756854e-09
9.068627e-01 1.813725e-01 5.277285e-09
9.166667e-01 1.813725e-01 1.188556e-09
9.264706e-01 1.813725e-01 -7.832546e-09
9.362745e-01 1.813725e-01 4.085886e-09
9.460784e-01 1.813725e-01 7.130228e-09
9.558824e-01 1.813725e-01 -8.114785e-09
9.656863e-01 1.813725e-01 -5.371807e-09
9.754902e-01 1.813725e-01 1.024398e-08
9.852941e-01 1.813725e-01 4.603518e-09
9.950980e-01 1.813725e-01 -1.077555e-08
4.901961e-03 1.911765e-01 -9.497903e-10
1.470588e-02 1.911765e-01 -8.790286e-09
2.450980e-02 1.911765e-01 1.203091e-10
3.431373e-02 1.911765e-01 8.685919e-09
4.411765e-02 1.911765e-01 2.432133e-09
5.392157e-02 1.911765e-01 -7.098036e-09
6.372549e-02 1.911765e-01 -5.588271e-09
7.352941e-02 1.911765e-01 2.966313e-09
8.333333e-02 1.911765e-01 6.626682e-09
9.313725e-02 1.911765e-01 2.530418e-09
1.029412e-01 1.911765e-01 -3.047120e-09
1.127451e-01 1.911765e-01 -4.643262e-09
1.225490e-01 1.911765e-01 -2.414187e-09
1.323529e-01 1.911765e-01 5.703277e-10
1.421569e-01 1.911765e-01 2.197881e-09
1.519608e-01 1.911765e-01 2.331077e-09
1.617647e-01 1.911765e-01 1.758632e-09
1.715686e-01 1.911765e-01 1.133569e-09
1.813725e-01 1.911765e-01 6.953846e-10
1.911765e-01 1.911765e-01 4.732946e-10
2.009804e-01 1.911765e-01 5.302580e-10
2.107843e-01 1.911765e-01 1.079464e-09
2.205882e-01 1.911765e-01 2.455660e-09
2.303922e-01 1.911765e-01 4.865051e-09
2.401961e-01 1.911765e-01 7.686526e-09
2.500000e-01 1.911765e-01 7.968509e-09
2.598039e-01 1.911765e-01 -2.254884e-09
2.696078e-01 1.911765e-01 -4.003777e-08
2.794118e-01 1.911765e-01 -1.367681e-07
2.892157e-01 1.911765e-01 -3.436727e-07
2.990196e-01 1.911765e-01 -7.358455e-07
3.088235e-01 1.911765e-01 -1.412411e-06
3.186275e-01 1.911765e-01 -2.490336e-06
3.284314e-01 1.911765e-01 -4.090240e-06
3.382353e-01 1.911765e-01 -6.314366e-06
3.480392e-01 1.911765e-01 -9.219465e-06
3.578431e-01 1.911765e-01 -1.278988e-05
3.676471e-01 1.911765e-01 -1.691771e-05
3.774510e-01 1.911765e-01 -2.139684e-05
3.872549e-01 1.911765e-01 -2.593521e-05
3.970588e-01 1.911765e-01 -3.018559e-05
4.068627e-01 1.911765e-01 -3.379071e-05
4.166667e-01 1.911765e-01 -3.643406e-05
4.264706e-01 1.911765e-01 -3.788641e-05
4.362745e-01 1.911765e-01 -3.803822e-05
4.460784e-01 1.911765e-01 -3.691189e-05
4.558824e-01 1.911765e-01 -3.465230e-05
4.656863e-01 1.911765e-01 -3.149894e-05
4.754902e-01 1.911765e-01 -2.774655e-05
4.852941e-01 1.911765e-01 -2.370273e-05
4.950980e-01 1.911765e-01 -1.965034e-05
5.049020e-01 1.911765e-01 -1.582015e-05
5.147059e-01 1.911765e-01 -1.237620e-05
5.245098e-01 1.911765e-01 -9.413445e-06
5.343137e-01 1.911765e-01 -6.965046e-06
5.441176e-01 1.911765e-01 -5.015597e-06
5.539216e-01 1.911765e-01 -3.516673e-06
5.637255e-01 1.911765e-01 -2.401683e-06
5.735294e-01 1.911765e-01 -1.598129e-06
5.833333e-01 1.911765e-01 -1.036406e-06
5.931373e-01 1.911765e-01 -6.551601e-07
6.029412e-01 1.911765e-01 -4.037459e-07
6.127451e-01 1.911765e-01 -2.425585e-07
6.225490e-01 1.911765e-01 -1.420477e-07
6.323529e-01 1.911765e-01 -8.107269e-08
6.421569e-01 1.911765e-01 -4.508114e-08
6.519608e-01 1.911765e-01 -2.441108e-08
6.617647e-01 1.911765e-01 -1.286361e-08
6.715686e-01 1.911765e-01 -6.590769e-09
6.813725e-01 1.911765e-01 -3.279332e-09
6.911765e-01 1.911765e-01 -1.582106e-09
7.009804e-01 1.911765e-01 -7.383133e-10
7.107843e-01 1.911765e-01 -3.326104e-10
7.205882e-01 1.911765e-01 -1.434345e-10
7.303922e-01 1.911765e-01 -5.932252e-11
7.401961e-01 1.911765e-01 -2.422756e-11
7.500000e-01 1.911765e-01 -3.006220e-12
7.598039e-01 1.911765e-01 -1.803608e-11
7.696078e-01 1.911765e-01 3.518277e-11
7.794118e-01 1.911765e-01 -7.064418e-11
7.892157e-01 1.911765e-01 1.218929e-10
7.990196e-01 1.911765e-01 -1.924686e-10
8.088235e-01 1.911765e-01 2.975119e-10
8.186275e-01 1.911765e-01 -4.727430e-10
8.284314e-01 1.911765e-01 7.483578e-10
8.382353e-01 1.911765e-01 -1.041317e-09
8.480392e-01 1.911765e-01 1.025916e-09
8.578431e-01 1.911765e-01 -2.280683e-10
8.676471e-01 1.911765e-01 -1.391145e-09
8.774510e-01 1.911765e-01 2.695431e-09
8.872549e-01 1.911765e-01 -1.752425e-09
8.970588e-01 1.911765e-01 -1.790732e-09
9.068627e-01 1.911765e-01 4.524802e-09
9.166667e-01 1.911765e-01 -1.945876e-09
9.264706e-01 1.911765e-01 -4.353706e-09
9.362745e-01 1.911765e-01 5.519820e-09
9.460784e-01 1.911765e-01 2.187323e-09
9.558824e-01 1.911765e-01 -7.541042e-09
9.656863e-01 1.911765e-01 5.407804e-12
9.754902e-01 1.911765e-01 8.398397e-09
9.852941e-01 1.911765e-01 -9.497903e-10
9.950980e-01 1.911765e-01 -8.790286e-09
4.901961e-03 2.009804e-01 -5.736786e-09
1.470588e-02 2.009804e-01 -6.952257e-09
2.450980e-02 2.009804e-01 5.168847e-09
3.431373e-02 2.009804e-01 7.742510e-09
4.411765e-02 2.009804e-01 -2.783470e-09
5.392157e-02 2.009804e-01 -8.067857e-09
6.372549e-02 2.009804e-01 -1.113031e-09
7.352941e-02 2.009804e-01 6.255330e-09
8.333333e-02 2.009804e-01 4.656699e-09
9.313725e-02 2.009804e-01 -1.722014e-09
1.029412e-01 2.009804e-01 -4.712358e-09
1.127451e-01 2.009804e-01 -2.600362e-09
1.225490e-01 2.009804e-01 8.016349e-10
1.323529e-01 2.009804e-01 2.250225e-09
1.421569e-01 2.009804e-01 1.678422e-09
1.519608e-01 2.009804e-01 6.143721e-10
1.617647e-01 2.009804e-01 9.155965e-11
1.715686e-01 2.009804e-01 1.398980e-10
1.813725e-01 2.009804e-01 3.672845e-10
1.911765e-01 2.009804e-01 5.302580e-10
2.009804e-01 2.009804e-01 6.744351e-10
2.107843e-01 2.009804e-01 9.939589e-10
2.205882e-01 2.009804e-01 1.596660e-09
2.303922e-01 2.009804e-01 2.147238e-09
2.401961e-01 2.009804e-01 1.184768e-09
2.500000e-01 2.009804e-01 -5.135347e-09
2.598039e-01 2.009804e-01 -2.504840e-08
2.696078e-01 2.009804e-01 -7.390667e-08
2.794118e-01 2.009804e-01 -1.772521e-07
2.892157e-01 2.009804e-01 -3.734235e-07
2.990196e-01 2.009804e-01 -7.144807e-07
3.088235e-01 2.009804e-01 -1.264060e-06
3.186275e-01 2.009804e-01 -2.091056e-06
3.284314e-01 2.009804e-01 -3.258859e-06
3.382353e-01 2.009804e-01 -4.811183e-06
3.480392e-01 2.009804e-01 -6.756940e-06
3.578431e-01 2.009804e-01 -9.057683e-06
3.676471e-01 2.009804e-01 -1.162134e-05
3.774510e-01 2.009804e-01 -1.430506e-05
3.872549e-01 2.009804e-01 -1.692805e-05
3.970588e-01 2.009804e-01 -1.929288e-05
4.068627e-01 2.009804e-01 -2.121151e-05
4.166667e-01 2.009804e-01 -2.253086e-05
4.264706e-01 2.009804e-01 -2.315317e-05
4.362745e-01 2.009804e-01 -2.304705e-05
4.460784e-01 2.009804e-01 -2.224809e-05
4.558824e-01 2.009804e-01 -2.084956e-05
4.656863e-01 2.009804e-01 -1.898604e-05
4.754902e-01 2.009804e-01 -1.681361e-05
4.852941e-01 2.009804e-01 -1.449030e-05
4.950980e-01 2.009804e-01 -1.215982e-05
5.049020e-01 2.009804e-01 -9.940168e-06
5.147059e-01 2.009804e-01 -7.917686e-06
5.245098e-01 2.009804e-01 -6.146108e-06
5.343137e-01 2.009804e-01 -4.649409e-06
5.441176e-01 2.009804e-01 -3.427126e-06
5.539216e-01 2.009804e-01 -2.460814e-06
5.637255e-01 2.009804e-01 -1.720556e-06
5.735294e-01 2.009804e-01 -1.170764e-06
5.833333e-01 2.009804e-01 -7.747989e-07
5.931373e-01 2.009804e-01 -4.982742e-07
6.029412e-01 2.009804e-01 -3.110756e-07
6.127451e-01 2.009804e-01 -1.882924e-07
6.225490e-01 2.009804e-01 -1.103249e-07
6.323529e-01 2.009804e-01 -6.244245e-08
6.421569e-01 2.009804e-01 -3.404274e-08
6.519608e-01 2.009804e-01 -1.780624e-08
6.617647e-01 2.009804e-01 -8.882519e-09
6.715686e-01 2.009804e-01 -4.185868e-09
6.813725e-01 2.009804e-01 -1.832543e-09
6.911765e-01 2.009804e-01 -7.208306e-10
7.009804e-01 2.009804e-01 -2.332455e-10
7.107843e-01 2.009804e-01 -4.308315e-11
7.205882e-01 2.009804e-01 2.070748e-11
7.303922e-01 2.009804e-01 2.773234e-11
7.401961e-01 2.009804e-01 2.676527e-11
7.500000e-01 2.009804e-01 1.881409e-11
7.598039e-01 2.009804e-01 -7.431903e-12
7.696078e-01 2.009804e-01 5.698332e-11
7.794118e-01 2.009804e-01 -1.055327e-10
7.892157e-01 2.009804e-01 1.756668e-10
7.990196e-01 2.009804e-01 -2.053420e-10
8.088235e-01 2.009804e-01 1.508455e-10
8.186275e-01 2.009804e-01 -1.258500e-11
8.284314e-01 2.009804e-01 -5.807907e-11
8.382353e-01 2.009804e-01 -1.913521e-10
8.480392e-01 2.009804e-01 8.108833e-10
8.578431e-01 2.009804e-01 -1.243357e-09
8.676471e-01 2.009804e-01 5.045166e-10
8.774510e-01 2.009804e-01 1.553508e-09
8.872549e-01 2.009804e-01 -2.986426e-09
8.970588e-01 2.009804e-01 1.104663e-09
9.068627e-01 2.009804e-01 3.303804e-09
9.166667e-01 2.009804e-01 -4.541012e-09
9.264706e-01 2.009804e-01 -9.592473e-10
9.362745e-01 2.009804e-01 6.488557e-09
9.460784e-01 2.009804e-01 -2.236984e-09
9.558824e-01 2.009804e-01 -6.835048e-09
9.656863e-01 2.009804e-01 4.683968e-09
9.754902e-01 2.009804e-01 6.678647e-09
9.852941e-01 2.009804e-01 -5.736786e-09
9.950980e-01 2.009804e-01 -6.952257e-09
4.901961e-03 2.107843e-01 -1.329869e-08
1.470588e-02 2.107843e-01 -3.684845e-09
2.450980e-02 2.107843e-01 1.309905e-08
3.431373e-02 2.107843e-01 5.823801e-09
4.411765e-02 2.107843e-01 -1.090511e-08
5.392157e-02 2.107843e-01 -8.941602e-09
6.372549e-02 2.107843e-01 5.968136e-09
7.352941e-02 2.107843e-01 1.049174e-08
8.333333e-02 2.107843e-01 9.053880e-10
9.313725e-02 2.107843e-01 -7.701999e-09
1.029412e-01 2.107843e-01 -5.921583e-09
1.127451e-01 2.107843e-01 1.183391e-09
1.225490e-01 2.107843e-01 4.969465e-09
1.323529e-01 2.107843e-01 3.323164e-09
1.421569e-01 2.107843e-01 -1.813992e-10
1.519608e-01 2.107843e-01 -2.024874e-09
1.617647e-01 2.107843e-01 -1.614620e-09
1.715686e-01 2.107843e-01 -2.673854e-10
1.813725e-01 2.107843e-01 7.525411e-10
1.911765e-01 2.107843e-01 1.079464e-09
2.009804e-01 2.107843e-01 9.939589e-10
2.107843e-01 2.107843e-01 8.738724e-10
2.205882e-01 2.107843e-01 8.008160e-10
2.303922e-01 2.107843e-01 2.642567e-10
2.401961e-01 2.107843e-01 -2.294171e-09
2.500000e-01 2.107843e-01 -1.029165e-08
2.598039e-01 2.107843e-01 -3.020186e-08
2.696078e-01 2.107843e-01 -7.297370e-08
2.794118e-01 2.107843e-01 -1.552972e-07
2.892157e-01 2.107843e-01 -3.001679e-07
2.990196e-01 2.107843e-01 -5.361427e-07
3.088235e-01 2.107843e-01 -8.948402e-07
3.186275e-01 2.107843e-01 -1.406645e-06
3.284314e-01 2.107843e-01 -2.095157e-06
3.382353e-01 2.107843e-01 -2.971480e-06
3.480392e-01 2.107843e-01 -4.029741e-06
3.578431e-01 2.107843e-01 -5.245058e-06
3.676471e-01 2.107843e-01 -6.574567e-06
3.774510e-01 2.107843e-01 -7.961253e-06
3.872549e-01 2.107843e-01 -9.339516e-06
3.970588e-01 2.107843e-01 -1.064108e-05
4.068627e-01 2.107843e-01 -1.180006e-05
4.166667e-01 2.107843e-01 -1.275660e-05
4.264706e-01 2.107843e-01 -1.345939e-05
4.362745e-01 2.107843e-01 -1.386785e-05
4.460784e-01 2.107843e-01 -1.395455e-05
4.558824e-01 2.107843e-01 -1.370828e-05
4.656863e-01 2.107843e-01 -1.313708e-05
4.754902e-01 2.107843e-01 -1.227016e-05
4.852941e-01 2.107843e-01 -1.115745e-05
4.950980e-01 2.107843e-01 -9.866150e-06
5.049020e-01 2.107843e-01 -8.474267e-06
5.147059e-01 2.107843e-01 -7.062212e-06
5.245098e-01 2.107843e-01 -5.704049e-06
5.343137e-01 2.107843e-01 -4.460099e-06
5.441176e-01 2.107843e-01 -3.372190e-06
5.539216e-01 2.107843e-01 -2.462135e-06
5.637255e-01 2.107843e-01 -1.733245e-06
5.735294e-01 2.107843e-01 -1.174052e-06
5.833333e-01 2.107843e-01 -7.631796e-07
5.931373e-01 2.107843e-01 -4.742640e-07
6.029412e-01 2.107843e-01 -2.801375e-07
6.127451e-01 2.107843e-01 -1.558319e-07
6.225490e-01 2.107843e-01 -8.030990e-08
6.323529e-01 2.107843e-01 -3.709631e-08
6.421569e-01 2.107843e-01 -1.411154e-08
6.519608e-01 2.107843e-01 -3.035782e-09
6.617647e-01 2.107843e-01 1.515262e-09
6.715686e-01 2.107843e-01 2.805995e-09
6.813725e-01 2.107843e-01 2.677080e-09
6.911765e-01 2.107843e-01 2.077374e-09
7.009804e-01 2.107843e-01 1.442213e-09
7.107843e-01 2.107843e-01 9.241496e-10
7.205882e-01 2.107843e-01 5.665140e-10
7.303922e-01 2.107843e-01 3.147178e-10
7.401961e-01 2.107843e-01 1.946570e-10
7.500000e-01 2.107843e-01 7.950420e-11
7.598039e-01 2.107843e-01 4.829328e-11
7.696078e-01 2.107843e-01 8.469618e-11
7.794118e-01 2.107843e-01 -1.713177e-10
7.892157e-01 2.107843e-01 3.613817e-10
7.990196e-01 2.107843e-01 -4.754841e-10
8.088235e-01 2.107843e-01 3.574370e-10
8.186275e-01 2.107843e-01 1.666194e-10
8.284314e-01 2.107843e-01 -9.180988e-10
8.382353e-01 2.107843e-01 1.198132e-09
8.480392e-01 2.107843e-01 -1.718125e-10
8.578431e-01 2.107843e-01 -1.950085e-09
8.676471e-01 2.107843e-01 3.075211e-09
8.774510e-01 2.107843e-01 -7.600611e-10
8.872549e-01 2.107843e-01 -3.956153e-09
8.970588e-01 2.107843e-01 5.303999e-09
9.068627e-01 2.107843e-01 7.421758e-10
9.166667e-01 2.107843e-01 -7.909053e-09
9.264706e-01 2.107843e-01 4.563259e-09
9.362745e-01 2.107843e-01 7.383311e-09
9.460784e-01 2.107843e-01 -9.197251e-09
9.558824e-01 2.107843e-01 -5.248625e-09
9.656863e-01 2.107843e-01 1.205133e-08
9.754902e-01 2.107843e-01 3.577215e-09
9.852941e-01 2.107843e-01 -1.329869e-08
9.950980e-01 2.107843e-01 -3.684845e-09
4.901961e-03 2.205882e-01 -2.527536e-08
1.470588e-02 2.205882e-01 7.349535e-09
2.450980e-02 2.205882e-01 2.610348e-08
3.431373e-02 2.205882e-01 -2.872048e-09
4.411765e-02 2.205882e-01 -2.546079e-08
5.392157e-02 2.205882e-01 -5.606216e-09
6.372549e-02 2.205882e-01 2.042771e-08
7.352941e-02 2.205882e-01 1.447057e-08
8.333333e-02 2.205882e-01 -9.188525e-09
9.313725e-02 2.205882e-01 -1.724752e-08
1.029412e-01 2.205882e-01 -4.450579e-09
1.127451e-01 2.205882e-01 9.664055e-09
1.225490e-01 2.205882e-01 1.082811e-08
1.323529e-01 2.205882e-01 2.401871e-09
1.421569e-01 2.205882e-01 -5.069165e-09
1.519608e-01 2.205882e-01 -6.247638e-09
1.617647e-01 2.205882e-01 -2.944336e-09
1.715686e-01 2.205882e-01 7.493219e-10
1.813725e-01 2.205882e-01 2.530250e-09
1.911765e-01 2.205882e-01 2.455660e-09
2.009804e-01 2.205882e-01 1.596660e-09
2.107843e-01 2.205882e-01 8.008160e-10
2.205882e-01 2.205882e-01 2.176695e-10
2.303922e-01 2.205882e-01 -7.550238e-10
2.401961e-01 2.205882e-01 -3.573644e-09
2.500000e-01 2.205882e-01 -1.087895e-08
2.598039e-01 2.205882e-01 -2.694356e-08
2.696078e-01 2.205882e-01 -5.797108e-08
2.794118e-01 2.205882e-01 -1.119629e-07
2.892157e-01 2.205882e-01 -1.979899e-07
2.990196e-01 2.205882e-01 -3.249783e-07
3.088235e-01 2.205882e-01 -5.004947e-07
3.186275e-01 2.205882e-01 -7.303277e-07
3.284314e-01 2.205882e-01 -1.019674e-06
3.382353e-01 2.205882e-01 -1.376258e-06
3.480392e-01 2.205882e-01 -1.814732e-06
3.578431e-01 2.205882e-01 -2.360566e-06
3.676471e-01 2.205882e-01 -3.050834e-06
3.774510e-01 2.205882e-01 -3.929502e-06
3.872549e-01 2.205882e-01 -5.036263e-06
3.970588e-01 2.205882e-01 -6.390389e-06
4.068627e-01 2.205882e-01 -7.973662e-06
4.166667e-01 2.205882e-01 -9.718090e-06
4.264706e-01 2.205882e-01 -1.150381e-05
4.362745e-01 2.205882e-01 -1.317026e-05
4.460784e-01 2.205882e-01 -1.453969e-05
4.558824e-01 2.205882e-01 -1.544828e-05
4.656863e-01 2.205882e-01 -1.577715e-05
4.754902e-01 2.205882e-01 -1.547554e-05
4.852941e-01 2.205882e-01 -1.457013e-05
4.950980e-01 2.205882e-01 -1.315897e-05
5.049020e-01 2.205882e-01 -1.139189e-05
5.147059e-01 2.205882e-01 -9.443159e-06
5.245098e-01 2.205882e-01 -7.483080e-06
5.343137e-01 2.205882e-01 -5.654537e-06
5.441176e-01 2.205882e-01 -4.058433e-06
5.539216e-01 2.205882e-01 -2.749106e-06
5.637255e-01 2.205882e-01 -1.738356e-06
5.735294e-01 2.205882e-01 -1.005211e-06
5.833333e-01 2.205882e-01 -5.080638e-07
5.931373e-01 2.205882e-01 -1.963093e-07
6.029412e-01 2.205882e-01 -1.957409e-08
6.127451e-01 2.205882e-01 6.625929e-08
6.225490e-01 2.205882e-01 9.613198e-08
6.323529e-01 2.205882e-01 9.532656e-08
6.421569e-01 2.205882e-01 8.055051e-08
6.519608e-01 2.205882e-01 6.176761e-08
6.617647e-01 2.205882e-01 4.416216e-08
6.715686e-01 2.205882e-01 2.986226e-08
6.813725e-01 2.205882e-01 1.926083e-08
6.911765e-01 2.205882e-01 1.191385e-08
7.009804e-01 2.205882e-01 7.098236e-09
7.107843e-01 2.205882e-01 4.074353e-09
7.205882e-01 2.205882e-01 2.283476e-09
7.303922e-01 2.205882e-01 1.194349e-09
7.401961e-01 2.205882e-01 6.939646e-10
7.500000e-01 2.205882e-01 2.431245e-10
7.598039e-01 2.205882e-01 2.483114e-10
7.696078e-01 2.205882e-01 6.425558e-11
7.794118e-01 2.205882e-01 -1.862852e-10
7.892157e-01 2.205882e-01 6.719202e-10
7.990196e-01 2.205882e-01 -1.136038e-09
8.088235e-01 2.205882e-01 1.248880e-09
8.186275e-01 2.205882e-01 -3.648165e-10
8.284314e-01 2.205882e-01 -1.616386e-09
8.382353e-01 2.205882e-01 3.509136e-09
8.480392e-01 2.205882e-01 -2.909575e-09
8.578431e-01 2.205882e-01 -1.516359e-09
8.676471e-01 2.205882e-01 6.792522e-09
8.774510e-01 2.205882e-01 -6.160313e-09
8.872549e-01 2.205882e-01 -3.188195e-09
8.970588e-01 2.205882e-01 1.211572e-08
9.068627e-01 2.205882e-01 -6.458002e-09
9.166667e-01 2.205882e-01 -1.118852e-08
9.264706e-01 2.205882e-01 1.597926e-08
9.362745e-01 2.205882e-01 4.886409e-09
9.460784e-01 2.205882e-01 -2.173105e-08
9.558824e-01 2.205882e-01 2.333228e-09
9.656863e-01 2.205882e-01 2.415708e-08
9.754902e-01 2.205882e-01 -6.985383e-09
9.852941e-01 2.205882e-01 -2.527536e-08
9.950980e-01 2.205882e-01 7.349535e-09
4.901961e-03 2.303922e-01 -3.772447e-08
1.470588e-02 2.303922e-01 3.749078e-08
2.450980e-02 2.303922e-01 4.114821e-08
3.431373e-02 2.303922e-01 -2.997279e-08
4.411765e-02 2.303922e-01 -4.648472e-08
5.392157e-02 2.303922e-01 1.265346e-08
6.372549e-02 2.303922e-01 4.666908e-08
7.352941e-02 2.303922e-01 1.102704e-08
8.333333e-02 2.303922e-01 -3.329467e-08
9.313725e-02 2.303922e-01 -2.931167e-08
1.029412e-01 2.303922e-01 6.455908e-09
1.127451e-01 2.303922e-01 2.712376e-08
1.225490e-01 2.303922e-01 1.688783e-08
1.323529e-01 2.303922e-01 -4.844682e-09
1.421569e-01 2.303922e-01 -1.595464e-08
1.519608e-01 2.303922e-01 -1.207961e-08
1.617647e-01 2.303922e-01 -2.031929e-09
1.715686e-01 2.303922e-01 5.198876e-09
1.813725e-01 2.303922e-01 6.842577e-09
1.911765e-01 2.303922e-01 4.865051e-09
2.009804e-01 2.303922e-01 2.147238e-09
2.107843e-01 2.303922e-01 2.642567e-10
2.205882e-01 2.303922e-01 -7.550238e-10
2.303922e-01 2.303922e-01 -1.881174e-09
2.401961e-01 2.303922e-01 -4.645937e-09
2.500000e-01 2.303922e-01 -1.093303e-08
2.598039e-01 2.303922e-01 -2.267536e-08
2.696078e-01 2.303922e-01 -4.113571e-08
2.794118e-01 2.303922e-01 -6.576864e-08
2.892157e-01 2.303922e-01 -9.319181e-08
2.990196e-01 2.303922e-01 -1.173877e-07
3.088235e-01 2.303922e-01 -1.326160e-07
3.186275e-01 2.303922e-01 -1.402402e-07
3.284314e-01 2.303922e-01 -1.594390e-07
3.382353e-01 2.303922e-01 -2.396431e-07
3.480392e-01 2.303922e-01 -4.701388e-07
3.578431e-01 2.303922e-01 -9.807614e-07
3.676471e-01 2.303922e-01 -1.928194e-06
3.774510e-01 2.303922e-01 -3.465754e-06
3.872549e-01 2.303922e-01 -5.700228e-06
3.970588e-01 2.303922e-01 -8.645479e-06
4.068627e-01 2.303922e-01 -1.218676e-05
4.166667e-01 2.303922e-01 -1.606951e-05
4.264706e-01 2.303922e-01 -1.992134e-05
4.362745e-01 2.303922e-01 -2.330649e-05
4.460784e-01 2.303922e-01 -2.580227e-05
4.558824e-01 2.303922e-01 -2.707926e-05
4.656863e-01 2.303922e-01 -2.696507e-05
4.754902e-01 2.303922e-01 -2.547577e-05
4.852941e-01 2.303922e-01 -2.280814e-05
4.950980e-01 2.303922e-01 -1.929642e-05
5.049020e-01 2.303922e-01 -1.534632e-05
5.147059e-01 2.303922e-01 -1.136318e-05
5.245098e-01 2.303922e-01 -7.690554e-06
5.343137e-01 2.303922e-01 -4.570268e-06
5.441176e-01 2.303922e-01 -2.128159e-06
5.539216e-01 2.303922e-01 -3.828277e-07
5.637255e-01 2.303922e-01 7.297099e-07
5.735294e-01 2.303922e-01 1.324306e-06
5.833333e-01 2.303922e-01 1.535844e-06
5.931373e-01 2.303922e-01 1.494731e-06
6.029412e-01 2.303922e-01 1.311143e-06
6.127451e-01 2.303922e-01 1.067907e-06
6.225490e-01 2.303922e-01 8.201687e-07
6.323529e-01 2.303922e-01 5.993922e-07
6.421569e-01 2.303922e-01 4.192856e-07
6.519608e-01 2.303922e-01 2.818788e-07
6.617647e-01 2.303922e-01 1.826623e-07
6.715686e-01 2.303922e-01 1.143503e-07
6.813725e-01 2.303922e-01 6.927728e-08
6.911765e-01 2.303922e-01 4.067129e-08
7.009804e-01 2.303922e-01 2.317331e-08
7.107843e-01 2.303922e-01 1.280315e-08
7.205882e-01 2.303922e-01 6.924903e-09
7.303922e-01 2.303922e-01 3.528291e-09
7.401961e-01 2.303922e-01 1.986838e-09
7.500000e-01 2.303922e-01 6.440009e-10
7.598039e-01 2.303922e-01 8.160821e-10
7.696078e-01 2.303922e-01 -1.612856e-10
7.794118e-01 2.303922e-01 1.149508e-10
7.892157e-01 2.303922e-01 9.305305e-10
7.990196e-01 2.303922e-01 -2.263541e-09
8.088235e-01 2.303922e-01 3.386202e-09
8.186275e-01 2.303922e-01 -2.632016e-09
8.284314e-01 2.303922e-01 -1.180574e-09
8.382353e-01 2.303922e-01 6.797063e-09
8.480392e-01 2.303922e-01 -9.141201e-09
8.578431e-01 2.303922e-01 2.620269e-09
8.676471e-01 2.303922e-01 1.082064e-08
8.774510e-01 2.303922e-01 -1.748682e-08
8.872549e-01 2.303922e-01 3.807509e-09
8.970588e-01 2.303922e-01 2.095643e-08
9.068627e-01 2.303922e-01 -2.394109e-08
9.166667e-01 2.303922e-01 -9.080613e-09
9.264706e-01 2.303922e-01 3.690343e-08
9.362745e-01 2.303922e-01 -9.738228e-09
9.460784e-01 2.303922e-01 -4.001177e-08
9.558824e-01 2.303922e-01 2.623801e-08
9.656863e-01 2.303922e-01 3.828299e-08
9.754902e-01 2.303922e-01 -3.591758e-08
9.852941e-01 2.303922e-01 -3.772447e-08
9.950980e-01 2.303922e-01 3.749078e-08
4.901961e-03 2.401961e-01 -3.499490e-08
1.470588e-02 2.401961e-01 1.017436e-07
2.450980e-02 2.401961e-01 4.365003e-08
3.431373e-02 2.401961e-01 -9.269044e-08
4.411765e-02 2.401961e-01 -6.437607e-08
5.392157e-02 2.401961e-01 6.500641e-08
6.372549e-02 2.401961e-01 8.390432e-08
7.352941e-02 2.401961e-01 -1.700878e-08
8.333333e-02 2.401961e-01 -8.035335e-08
9.313725e-02 2.401961e-01 -3.536984e-08
1.029412e-01 2.401961e-01 3.990582e-08
1.127451e-01 2.401961e-01 5.697525e-08
1.225490e-01 2.401961e-01 1.613443e-08
1.323529e-01 2.401961e-01 -2.711630e-08
1.421569e-01 2.401961e-01 -3.612876e-08
1.519608e-01 2.401961e-01 -1.691328e-08
1.617647e-01 2.401961e-01 6.001110e-09
1.715686e-01 2.401961e-01 1.678443e-08
1.813725e-01 2.401961e-01 1.496827e-08
1.911765e-01 2.401961e-01 7.686526e-09
2.009804e-01 2.401961e-01 1.184768e-09
2.107843e-01 2.401961e-01 -2.294171e-09
2.205882e-01 2.401961e-01 -3.573644e-09
2.303922e-01 2.401961e-01 -4.645937e-09
2.401961e-01 2.401961e-01 -7.339570e-09
2.500000e-01 2.401961e-01 -1.242251e-08
2.598039e-01 2.401961e-01 -1.850015e-08
2.696078e-01 2.401961e-01 -2.051838e-08
2.794118e-01 2.401961e-01 -8.634747e-09
2.892157e-01 2.401961e-01 3.072236e-08
2.990196e-01 2.401961e-01 1.091103e-07
3.088235e-01 2.401961e-01 2.235123e-07
3.186275e-01 2.401961e-01 3.368374e-07
3.284314e-01 2.401961e-01 3.550668e-07
3.382353e-01 2.401961e-01 1.091047e-07
3.480392e-01 2.401961e-01 -6.473534e-07
3.578431e-01 2.401961e-01 -2.213003e-06
3.676471e-01 2.401961e-01 -4.881887e-06
3.774510e-01 2.401961e-01 -8.859434e-06
3.872549e-01 2.401961e-01 -1.416942e-05
3.970588e-01 2.401961e-01 -2.057933e-05
4.068627e-01 2.401961e-01 -2.757315e-05
4.166667e-01 2.401961e-01 -3.439200e-05
4.264706e-01 2.401961e-01 -4.014448e-05
4.362745e-01 2.401961e-01 -4.396732e-05
4.460784e-01 2.401961e-01 -4.519882e-05
4.558824e-01 2.401961e-01 -4.352057e-05
4.656863e-01 2.401961e-01 -3.903016e-05
4.754902e-01 2.401961e-01 -3.222592e-05
4.852941e-01 2.401961e-01 -2.390921e-05
4.950980e-01 2.401961e-01 -1.503119e-05
5.049020e-01 2.401961e-01 -6.523231e-06
5.147059e-01 2.401961e-01 8.496753e-07
5.245098e-01 2.401961e-01 6.584080e-06
5.343137e-01 2.401961e-01 1.046987e-05
5.441176e-01 2.401961e-01 1.256387e-05
5.539216e-01 2.401961e-01 1.312261e-05
5.637255e-01 2.401961e-01 1.251690e-05
5.735294e-01 2.401961e-01 1.114927e-05
5.833333e-01 2.401961e-01 9.389152e-06
5.931373e-01 2.401961e-01 7.532629e-06
6.029412e-01 2.401961e-01 5.786570e-06
6.127451e-01 2.401961e-01 4.271907e-06
6.225490e-01 2.401961e-01 3.038899e-06
6.323529e-01 2.401961e-01 2.087403e-06
6.421569e-01 2.401961e-01 1.386782e-06
6.519608e-01 2.401961e-01 8.922925e-07
6.617647e-01 2.401961e-01 5.566608e-07
6.715686e-01 2.401961e-01 3.370323e-07
6.813725e-01 2.401961e-01 1.982029e-07
6.911765e-01 2.401961e-01 1.132913e-07
7.009804e-01 2.401961e-01 6.299754e-08
7.107843e-01 2.401961e-01 3.404974e-08
7.205882e-01 2.401961e-01 1.802684e-08
7.303922e-01 2.401961e-01 9.036553e-09
7.401961e-01 2.401961e-01 4.980744e-09
7.500000e-01 2.401961e-01 1.541860e-09
7.598039e-01 2.401961e-01 2.203101e-09
7.696078e-01 2.401961e-01 -9.628815e-10
7.794118e-01 2.401961e-01 1.404464e-09
7.892157e-01 2.401961e-01 4.917505e-10
7.990196e-01 2.401961e-01 -3.563791e-09
8.088235e-01 2.401961e-01 7.420545e-09
8.186275e-01 2.401961e-01 -8.536826e-09
8.284314e-01 2.401961e-01 2.939047e-09
8.382353e-01 2.401961e-01 9.736600e-09
8.480392e-01 2.401961e-01 -2.088322e-08
8.578431e-01 2.401961e-01 1.566008e-08
8.676471e-01 2.401961e-01 1.099882e-08
8.774510e-01 2.401961e-01 -3.720361e-08
8.872549e-01 2.401961e-01 2.586685e-08
8.970588e-01 2.401961e-01 2.617132e-08
9.068627e-01 2.401961e-01 -5.850876e-08
9.166667e-01 2.401961e-01 1.129486e-08
9.264706e-01 2.401961e-01 6.709247e-08
9.362745e-01 2.401961e-01 -5.228523e-08
9.460784e-01 2.401961e-01 -5.613366e-08
9.558824e-01 2.401961e-01 8.188492e-08
9.656863e-01 2.401961e-01 4.109787e-08
9.754902e-01 2.401961e-01 -9.770544e-08
9.852941e-01 2.401961e-01 -3.499490e-08
9.950980e-01 2.401961e-01 1.017436e-07
4.901961e-03 2.500000e-01 1.878781e-08
1.470588e-02 2.500000e-01 2.127054e-07
2.450980e-02 2.500000e-01 -1.668382e-09
3.431373e-02 2.500000e-01 -2.094096e-07
4.411765e-02 2.500000e-01 -4.998124e-08
5.392157e-02 2.500000e-01 1.783421e-07
6.372549e-02 2.500000e-01 1.168296e-07
7.352941e-02 2.500000e-01 -1.008433e-07
8.333333e-02 2.500000e-01 -1.548894e-07
9.313725e-02 2.500000e-01 -1.233077e-08
1.029412e-01 2.500000e-01 1.158875e-07
1.127451e-01 2.500000e-01 9.658352e-08
1.225490e-01 2.500000e-01 -8.857552e-09
1.323529e-01 2.500000e-01 -7.818160e-08
1.421569e-01 2.500000e-01 -6.637733e-08
1.519608e-01 2.500000e-01 -1.203739e-08
1.617647e-01 2.500000e-01 3.100252e-08
1.715686e-01 2.500000e-01 4.093129e-08
1.813725e-01 2.500000e-01 2.713760e-08
1.911765e-01 2.500000e-01 7.968509e-09
2.009804e-01 2.500000e-01 -5.135347e-09
2.107843e-01 2.500000e-01 -1.029165e-08
2.205882e-01 2.500000e-01 -1.087895e-08
2.303922e-01 2.500000e-01 -1.093303e-08
2.401961e-01 2.500000e-01 -1.242251e-08
2.500000e-01 2.500000e-01 -1.359227e-08
2.598039e-01 2.500000e-01 -7.354790e-09
2.696078e-01 2.500000e-01 1.979829e-08
2.794118e-01 2.500000e-01 8.594761e-08
2.892157e-01 2.500000e-01 2.051360e-07
2.990196e-01 2.500000e-01 3.683439e-07
3.088235e-01 2.500000e-01 5.131970e-07
3.186275e-01 2.500000e-01 4.873675e-07
3.284314e-01 2.500000e-01 1.832119e-08
3.382353e-01 2.500000e-01 -1.291470e-06
3.480392e-01 2.500000e-01 -3.923798e-06
3.578431e-01 2.500000e-01 -8.346681e-06
3.676471e-01 2.500000e-01 -1.486528e-05
3.774510e-01 2.500000e-01 -2.345154e-05
3.872549e-01 2.500000e-01 -3.360268e-05
3.970588e-01 2.500000e-01 -4.428586e-05
4.068627e-01 2.500000e-01 -5.401296e-05
4.166667e-01 2.500000e-01 -6.105651e-05
4.264706e-01 2.500000e-01 -6.377367e-05
4.362745e-01 2.500000e-01 -6.096507e-05
4.460784e-01 2.500000e-01 -5.217569e-05
4.558824e-01 2.500000e-01 -3.785292e-05
4.656863e-01 2.500000e-01 -1.931386e-05
4.754902e-01 2.500000e-01 1.474469e-06
4.852941e-01 2.500000e-01 2.224740e-05
4.950980e-01 2.500000e-01 4.083986e-05
5.049020e-01 2.500000e-01 5.553565e-05
5.147059e-01 2.500000e-01 6.529647e-05
5.245098e-01 2.500000e-01 6.983633e-05
5.343137e-01 2.500000e-01 6.954904e-05
5.441176e-01 2.500000e-01 6.532879e-05
5.539216e-01 2.500000e-01 5.834074e-05
5.637255e-01 2.500000e-01 4.979706e-05
5.735294e-01 2.500000e-01 4.077964e-05
5.833333e-01 2.500000e-01 3.213042e-05
5.931373e-01 2.500000e-01 2.441020e-05
6.029412e-01 2.500000e-01 1.791286e-05
6.127451e-01 2.500000e-01 1.271500e-05
6.225490e-01 2.500000e-01 8.740652e-06
6.323529e-01 2.500000e-01 5.824889e-06
6.421569e-01 2.500000e-01 3.766419e-06
6.519608e-01 2.500000e-01 2.364831e-06
6.617647e-01 2.500000e-01 1.442770e-06
6.715686e-01 2.500000e-01 8.558223e-07
6.813725e-01 2.500000e-01 4.938557e-07
6.911765e-01 2.500000e-01 2.773618e-07
7.009804e-01 2.500000e-01 1.517102e-07
7.107843e-01 2.500000e-01 8.075564e-08
7.205882e-01 2.500000e-01 4.210956e-08
7.303922e-01 2.500000e-01 2.086253e-08
7.401961e-01 2.500000e-01 1.130968e-08
7.500000e-01 2.500000e-01 3.400663e-09
7.598039e-01 2.500000e-01 5.237370e-09
7.696078e-01 2.500000e-01 -3.099538e-09
7.794118e-01 2.500000e-01 5.127844e-09
7.892157e-01 2.500000e-01 -2.304626e-09
7.990196e-01 2.500000e-01 -3.697842e-09
8.088235e-01 2.500000e-01 1.356273e-08
8.186275e-01 2.500000e-01 -2.092237e-08
8.284314e-01 2.500000e-01 1.592541e-08
8.382353e-01 2.500000e-01 7.761102e-09
8.480392e-01 2.500000e-01 -3.893838e-08
8.578431e-01 2.500000e-01 4.599320e-08
8.676471e-01 2.500000e-01 -3.206189e-09
8.774510e-01 2.500000e-01 -6.421755e-08
8.872549e-01 2.500000e-01 7.673614e-08
8.970588e-01 2.500000e-01 1.205490e-08
9.068627e-01 2.500000e-01 -1.141990e-07
9.166667e-01 2.500000e-01 7.364219e-08
9.264706e-01 2.500000e-01 9.518795e-08
9.362745e-01 2.500000e-01 -1.452257e-07
9.460784e-01 2.500000e-01 -4.563305e-08
9.558824e-01 2.500000e-01 1.860187e-07
9.656863e-01 2.500000e-01 1.707213e-10
9.754902e-01 2.500000e-01 -2.046283e-07
9.852941e-01 2.500000e-01 1.878781e-08
9.950980e-01 2.500000e-01 2.127054e-07
4.901961e-03 2.598039e-01 1.879678e-07
1.470588e-02 2.598039e-01 3.662193e-07
2.450980e-02 2.598039e-01 -1.603688e-07
3.431373e-02 2.598039e-01 -3.872029e-07
4.411765e-02 2.598039e-01 5.787967e-08
5.392157e-02 2.598039e-01 3.799143e-07
6.372549e-02 2.598039e-01 1.011334e-07
7.352941e-02 2.598039e-01 -2.865723e-07
8.333333e-02 2.598039e-01 -2.450389e-07
9.313725e-02 2.598039e-01 8.609890e-08
1.029412e-01 2.598039e-01 2.578760e-07
1.127451e-01 2.598039e-01 1.276987e-07
1.225490e-01 2.598039e-01 -9.169938e-08
1.323529e-01 2.598039e-01 -1.751893e-07
1.421569e-01 2.598039e-01 -9.910138e-08
1.519608e-01 2.598039e-01 2.247085e-08
1.617647e-01 2.598039e-01 8.956797e-08
1.715686e-01 2.598039e-01 8.354408e-08
1.813725e-01 2.598039e-01 3.986326e-08
1.911765e-01 2.598039e-01 -2.254884e-09
2.009804e-01 2.598039e-01 -2.504840e-08
2.107843e-01 2.598039e-01 -3.020186e-08
2.205882e-01 2.598039e-01 -2.694356e-08
2.303922e-01 2.598039e-01 -2.267536e-08
2.401961e-01 2.598039e-01 -1.850015e-08
2.500000e-01 2.598039e-01 -7.354790e-09
2.598039e-01 2.598039e-01 2.653196e-08
2.696078e-01 2.598039e-01 1.047187e-07
2.794118e-01 2.598039e-01 2.429919e-07
2.892157e-01 2.598039e-01 4.253196e-07
2.990196e-01 2.598039e-01 5.608761e-07
3.088235e-01 2.598039e-01 4.301701e-07
3.186275e-01 2.598039e-01 -3.612712e-07
3.284314e-01 2.598039e-01 -2.391207e-06
3.382353e-01 2.598039e-01 -6.356124e-06
3.480392e-01 2.598039e-01 -1.290955e-05
3.578431e-01 2.598039e-01 -2.240766e-05
3.676471e-01 2.598039e-01 -3.460852e-05
3.774510e-01 2.598039e-01 -4.841248e-05
3.872549e-01 2.598039e-01 -6.175206e-05
3.970588e-01 2.598039e-01 -7.172441e-05
4.068627e-01 2.598039e-01 -7.500283e-05
4.166667e-01 2.598039e-01 -6.847840e-05
4.264706e-01 2.598039e-01 -4.999699e-05
4.362745e-01 2.598039e-01 -1.900211e-05
4.460784e-01 2.598039e-01 2.310353e-05
4.558824e-01 2.598039e-01 7.300140e-05
4.656863e-01 2.598039e-01 1.259222e-04
4.754902e-01 2.598039e-01 1.764329e-04
4.852941e-01 2.598039e-01 2.193614e-04
4.950980e-01 2.598039e-01 2.506408e-04
5.049020e-01 2.598039e-01 2.678941e-04
5.147059e-01 2.598039e-01 2.706524e-04
5.245098e-01 2.598039e-01 2.602055e-04
5.343137e-01 2.598039e-01 2.391669e-04
5.441176e-01 2.598039e-01 2.108851e-04
5.539216e-01 2.598039e-01 1.788464e-04
5.637255e-01 2.598039e-01 1.461825e-04
5.735294e-01 2.598039e-01 1.153491e-04
5.833333e-01 2.598039e-01 8.799068e-05
5.931373e-01 2.598039e-01 6.496355e-05
6.029412e-01 2.598039e-01 4.646755e-05
6.127451e-01 2.598039e-01 3.222975e-05
6.225490e-01 2.598039e-01 2.169335e-05
6.323529e-01 2.598039e-01 1.417939e-05
6.421569e-01 2.598039e-01 9.005732e-06
6.519608e-01 2.598039e-01 5.561017e-06
6.617647e-01 2.598039e-01 3.340301e-06
6.715686e-01 2.598039e-01 1.952617e-06
6.813725e-01 2.598039e-01 1.111320e-06
6.911765e-01 2.598039e-01 6.160463e-07
7.009804e-01 2.598039e-01 3.327973e-07
7.107843e-01 2.598039e-01 1.750870e-07
7.205882e-01 2.598039e-01 9.022891e-08
7.303922e-01 2.598039e-01 4.429363e-08
7.401961e-01 2.598039e-01 2.368464e-08
7.500000e-01 2.598039e-01 6.987953e-09
7.598039e-01 2.598039e-01 1.130855e-08
7.696078e-01 2.598039e-01 -7.956065e-09
7.794118e-01 2.598039e-01 1.403093e-08
7.892157e-01 2.598039e-01 -1.099158e-08
7.990196e-01 2.598039e-01 9.077111e-10
8.088235e-01 2.598039e-01 2.038271e-08
8.186275e-01 2.598039e-01 -4.305877e-08
8.284314e-01 2.598039e-01 4.661608e-08
8.382353e-01 2.598039e-01 -9.713256e-09
8.480392e-01 2.598039e-01 -5.972070e-08
8.578431e-01 2.598039e-01 1.044582e-07
8.676471e-01 2.598039e-01 -5.240409e-08
8.774510e-01 2.598039e-01 -8.789333e-08
8.872549e-01 2.598039e-01 1.731707e-07
8.970588e-01 2.598039e-01 -5.335224e-08
9.068627e-01 2.598039e-01 -1.838488e-07
9.166667e-01 2.598039e-01 2.135220e-07
9.264706e-01 2.598039e-01 8.731476e-08
9.362745e-01 2.598039e-01 -3.120332e-07
9.460784e-01 2.598039e-01 4.328911e-08
9.558824e-01 2.598039e-01 3.458383e-07
9.656863e-01 2.598039e-01 -1.450082e-07
9.754902e-01 2.598039e-01 -3.530363e-07
9.852941e-01 2.598039e-01 1.879678e-07
9.950980e-01 2.598039e-01 3.662193e-07
4.901961e-03 2.696078e-01 5.677064e-07
1.470588e-02 2.696078e-01 5.166804e-07
2.450980e-02 2.696078e-01 -5.328143e-07
3.431373e-02 2.696078e-01 -5.982426e-07
4.411765e-02 2.696078e-01 3.629886e-07
5.392157e-02 2.696078e-01 6.789776e-07
6.372549e-02 2.696078e-01 -5.408245e-08
7.352941e-02 2.696078e-01 -6.279570e-07
8.333333e-02 2.696078e-01 -3.031208e-07
9.313725e-02 2.696078e-01 3.363793e-07
1.029412e-01 2.696078e-01 4.821918e-07
1.127451e-01 2.696078e-01 1.022425e-07
1.225490e-01 2.696078e-01 -2.866238e-07
1.323529e-01 2.696078e-01 -3.322932e-07
1.421569e-01 2.696078e-01 -1.085817e-07
1.519608e-01 2.696078e-01 1.238442e-07
1.617647e-01 2.696078e-01 2.054133e-07
1.715686e-01 2.696078e-01 1.474338e-07
1.813725e-01 2.696078e-01 4.118210e-08
1.911765e-01 2.696078e-01 -4.003777e-08
2.009804e-01 2.696078e-01 -7.390667e-08
2.107843e-01 2.696078e-01 -7.297370e-08
2.205882e-01 2.696078e-01 -5.797108e-08
2.303922e-01 2.696078e-01 -4.113571e-08
2.401961e-01 2.696078e-01 -2.051838e-08
2.500000e-01 2.696078e-01 1.979829e-08
2.598039e-01 2.696078e-01 1.047187e-07
2.696078e-01 2.696078e-01 2.532583e-07
2.794118e-01 2.696078e-01 4.454057e-07
2.892157e-01 2.696078e-01 5.654688e-07
2.990196e-01 2.696078e-01 3.280625e-07
3.088235e-01 2.696078e-01 -7.881102e-07
3.186275e-01 2.696078e-01 -3.552510e-06
3.284314e-01 2.696078e-01 -8.882910e-06
3.382353e-01 2.696078e-01 -1.758589e-05
3.480392e-01 2.696078e-01 -2.993240e-05
3.578431e-01 2.696078e-01 -4.513404e-05
3.676471e-01 2.696078e-01 -6.086477e-05
3.774510e-01 2.696078e-01 -7.302662e-05
3.872549e-01 2.696078e-01 -7.595124e-05
3.970588e-01 2.696078e-01 -6.314243e-05
4.068627e-01 2.696078e-01 -2.851009e-05
4.166667e-01 2.696078e-01 3.213264e-05
4.264706e-01 2.696078e-01 1.196749e-04
4.362745e-01 2.696078e-01 2.308194e-04
4.460784e-01 2.696078e-01 3.580107e-04
4.558824e-01 2.696078e-01 4.902905e-04
4.656863e-01 2.696078e-01 6.149382e-04
4.754902e-01 2.696078e-01 7.195403e-04
4.852941e-01 2.696078e-01 7.940139e-04
4.950980e-01 2.696078e-01 8.321379e-04
5.049020e-01 2.696078e-01 8.322879e-04
5.147059e-01 2.696078e-01 7.972901e-04
5.245098e-01 2.696078e-01 7.335206e-04
5.343137e-01 2.696078e-01 6.495344e-04
5.441176e-01 2.696078e-01 5.545631e-04
5.539216e-01 2.696078e-01 4.571881e-04
5.637255e-01 2.696078e-01 3.643958e-04
5.735294e-01 2.696078e-01 2.810936e-04
5.833333e-01 2.696078e-01 2.100549e-04
5.931373e-01 2.696078e-01 1.521868e-04
6.029412e-01 2.696078e-01 1.069801e-04
6.127451e-01 2.696078e-01 7.301259e-05
6.225490e-01 2.696078e-01 4.840856e-05
6.323529e-01 2.696078e-01 3.119707e-05
6.421569e-01 2.696078e-01 1.955200e-05
6.519608e-01 2.696078e-01 1.192219e-05
6.617647e-01 2.696078e-01 7.076118e-06
6.715686e-01 2.696078e-01 4.089615e-06
6.813725e-01 2.696078e-01 2.302410e-06
6.911765e-01 2.696078e-01 1.263100e-06
7.009804e-01 2.696078e-01 6.755488e-07
7.107843e-01 2.696078e-01 3.520434e-07
7.205882e-01 2.696078e-01 1.796795e-07
7.303922e-01 2.696078e-01 8.753919e-08
7.401961e-01 2.696078e-01 4.625988e-08
7.500000e-01 2.696078e-01 1.348086e-08
7.598039e-01 2.696078e-01 2.256015e-08
7.696078e-01 2.696078e-01 -1.781955e-08
7.794118e-01 2.696078e-01 3.281039e-08
7.892157e-01 2.696078e-01 -3.213836e-08
7.990196e-01 2.696078e-01 1.785088e-08
8.088235e-01 2.696078e-01 2.267066e-08
8.186275e-01 2.696078e-01 -7.705325e-08
8.284314e-01 2.696078e-01 1.078924e-07
8.382353e-01 2.696078e-01 -6.266969e-08
8.480392e-01 2.696078e-01 -6.992572e-08
8.578431e-01 2.696078e-01 2.009889e-07
8.676471e-01 2.696078e-01 -1.703609e-07
8.774510e-01 2.696078e-01 -7.902350e-08
8.872549e-01 2.696078e-01 3.283680e-07
8.970588e-01 2.696078e-01 -2.235731e-07
9.068627e-01 2.696078e-01 -2.352027e-07
9.166667e-01 2.696078e-01 4.735339e-07
9.264706e-01 2.696078e-01 -2.696212e-08
9.362745e-01 2.696078e-01 -5.626093e-07
9.460784e-01 2.696078e-01 2.991508e-07
9.558824e-01 2.696078e-01 5.382847e-07
9.656863e-01 2.696078e-01 -4.874524e-07
9.754902e-01 2.696078e-01 -4.996760e-07
9.852941e-01 2.696078e-01 5.677064e-07
9.950980e-01 2.696078e-01 5.166804e-07
4.901961e-03 2.794118e-01 1.272564e-06
1.470588e-02 2.794118e-01 5.437997e-07
2.450980e-02 2.794118e-01 -1.245481e-06
3.431373e-02 2.794118e-01 -7.454232e-07
4.411765e-02 2.794118e-01 1.012561e-06
5.392157e-02 2.794118e-01 1.034925e-06
6.372549e-02 2.794118e-01 -5.010080e-07
7.352941e-02 2.794118e-01 -1.165857e-06
8.333333e-02 2.794118e-01 -2.206369e-07
9.313725e-02 2.794118e-01 8.448533e-07
1.029412e-01 2.794118e-01 7.774369e-07
1.127451e-01 2.794118e-01 -7.447444e-08
1.225490e-01 2.794118e-01 -6.677707e-07
1.323529e-01 2.794118e-01 -5.474465e-07
1.421569e-01 2.794118e-01 -3.781786e-08
1.519608e-01 2.794118e-01 3.518611e-07
1.617647e-01 2.794118e-01 4.065394e-07
1.715686e-01 2.794118e-01 2.254078e-07
1.813725e-01 2.794118e-01 3.579479e-09
1.911765e-01 2.794118e-01 -1.367681e-07
2.009804e-01 2.794118e-01 -1.772521e-07
2.107843e-01 2.794118e-01 -1.552972e-07
2.205882e-01 2.794118e-01 -1.119629e-07
2.303922e-01 2.794118e-01 -6.576864e-08
2.401961e-01 2.794118e-01 -8.634747e-09
2.500000e-01 2.794118e-01 8.594761e-08
2.598039e-01 2.794118e-01 2.429919e-07
2.696078e-01 2.794118e-01 4.454057e-07
2.794118e-01 2.794118e-01 5.635595e-07
2.892157e-01 2.794118e-01 2.592667e-07
2.990196e-01 2.794118e-01 -1.104365e-06
3.088235e-01 2.794118e-01 -4.480967e-06
3.186275e-01 2.794118e-01 -1.099379e-05
3.284314e-01 2.794118e-01 -2.153429e-05
3.382353e-01 2.794118e-01 -3.607244e-05
3.480392e-01 2.794118e-01 -5.275618e-05
3.578431e-01 2.794118e-01 -6.702122e-05
3.676471e-01 2.794118e-01 -7.105553e-05
3.774510e-01 2.794118e-01 -5.399769e-05
3.872549e-01 2.794118e-01 -3.141105e-06
3.970588e-01 2.794118e-01 9.383809e-05
4.068627e-01 2.794118e-01 2.459559e-04
4.166667e-01 2.794118e-01 4.559439e-04
4.264706e-01 2.794118e-01 7.180356e-04
4.362745e-01 2.794118e-01 1.017253e-03
4.460784e-01 2.794118e-01 1.330605e-03
4.558824e-01 2.794118e-01 1.630118e-03
4.656863e-01 2.794118e-01 1.887107e-03
4.754902e-01 2.794118e-01 2.076769e-03
4.852941e-01 2.794118e-01 2.182057e-03
4.950980e-01 2.794118e-01 2.196042e-03
5.049020e-01 2.794118e-01 2.122332e-03
5.147059e-01 2.794118e-01 1.973657e-03
5.245098e-01 2.794118e-01 1.769079e-03
5.343137e-01 2.794118e-01 1.530580e-03
5.441176e-01 2.794118e-01 1.279751e-03
5.539216e-01 2.794118e-01 1.035173e-03
5.637255e-01 2.794118e-01 8.108147e-04
5.735294e-01 2.794118e-01 6.154722e-04
5.833333e-01 2.794118e-01 4.530999e-04
5.931373e-01 2.794118e-01 3.237188e-04
6.029412e-01 2.794118e-01 2.245917e-04
6.127451e-01 2.794118e-01 1.513954e-04
6.225490e-01 2.794118e-01 9.920812e-05
6.323529e-01 2.794118e-01 6.322701e-05
6.421569e-01 2.794118e-01 3.920759e-05
6.519608e-01 2.794118e-01 2.366618e-05
6.617647e-01 2.794118e-01 1.391052e-05
6.715686e-01 2.794118e-01 7.964755e-06
6.813725e-01 2.794118e-01 4.443904e-06
6.911765e-01 2.794118e-01 2.416855e-06
7.009804e-01 2.794118e-01 1.281794e-06
7.107843e-01 2.794118e-01 6.626121e-07
7.205882e-01 2.794118e-01 3.354305e-07
7.303922e-01 2.794118e-01 1.623650e-07
7.401961e-01 2.794118e-01 8.491208e-08
7.500000e-01 2.794118e-01 2.455107e-08
7.598039e-01 2.794118e-01 4.203239e-08
7.696078e-01 2.794118e-01 -3.613288e-08
7.794118e-01 2.794118e-01 6.876990e-08
7.892157e-01 2.794118e-01 -7.667697e-08
7.990196e-01 2.794118e-01 6.104376e-08
8.088235e-01 2.794118e-01 8.263352e-09
8.186275e-01 2.794118e-01 -1.207090e-07
8.284314e-01 2.794118e-01 2.155455e-07
8.382353e-01 2.794118e-01 -1.835383e-07
8.480392e-01 2.794118e-01 -3.923015e-08
8.578431e-01 2.794118e-01 3.373806e-07
8.676471e-01 2.794118e-01 -4.042004e-07
8.774510e-01 2.794118e-01 2.105535e-08
8.872549e-01 2.794118e-01 5.388887e-07
8.970588e-01 2.794118e-01 -5.743408e-07
9.068627e-01 2.794118e-01 -1.927526e-07
9.166667e-01 2.794118e-01 8.886473e-07
9.264706e-01 2.794118e-01 -3.668022e-07
9.362745e-01 2.794118e-01 -8.676523e-07
9.460784e-01 2.794118e-01 8.485794e-07
9.558824e-01 2.794118e-01 6.796544e-07
9.656863e-01 2.794118e-01 -1.145070e-06
9.754902e-01 2.794118e-01 -5.297536e-07
9.852941e-01 2.794118e-01 1.272564e-06
9.950980e-01 2.794118e-01 5.437997e-07
4.901961e-03 2.892157e-01 2.403724e-06
1.470588e-02 2.892157e-01 2.187341e-07
2.450980e-02 2.892157e-01 -2.420676e-06
3.431373e-02 2.892157e-01 -6.234628e-07
4.411765e-02 2.892157e-01 2.178631e-06
5.392157e-02 2.892157e-01 1.314294e-06
6.372549e-02 2.892157e-01 -1.455187e-06
7.352941e-02 2.892157e-01 -1.891307e-06
8.333333e-02 2.892157e-01 1.958333e-07
9.313725e-02 2.892157e-01 1.733382e-06
1.029412e-01 2.892157e-01 1.074026e-06
1.127451e-01 2.892157e-01 -5.578509e-07
1.225490e-01 2.892157e-01 -1.318681e-06
1.323529e-01 2.892157e-01 -7.817040e-07
1.421569e-01 2.892157e-01 2.155481e-07
1.519608e-01 2.892157e-01 7.901149e-07
1.617647e-01 2.892157e-01 7.172998e-07
1.715686e-01 2.892157e-01 2.896648e-07
1.813725e-01 2.892157e-01 -1.247940e-07
1.911765e-01 2.892157e-01 -3.436727e-07
2.009804e-01 2.892157e-01 -3.734235e-07
2.107843e-01 2.892157e-01 -3.001679e-07
2.205882e-01 2.892157e-01 -1.979899e-07
2.303922e-01 2.892157e-01 -9.319181e-08
2.401961e-01 2.892157e-01 3.072236e-08
2.500000e-01 2.892157e-01 2.051360e-07
2.598039e-01 2.892157e-01 4.253196e-07
2.696078e-01 2.892157e-01 5.654688e-07
2.794118e-01 2.892157e-01 2.592667e-07
2.892157e-01 2.892157e-01 -1.219548e-06
2.990196e-01 2.892157e-01 -4.988567e-06
3.088235e-01 2.892157e-01 -1.235954e-05
3.186275e-01 2.892157e-01 -2.425501e-05
3.284314e-01 2.892157e-01 -4.013884e-05
3.382353e-01 2.892157e-01 -5.651759e-05
3.480392e-01 2.892157e-01 -6.530889e-05
3.578431e-01 2.892157e-01 -5.262432e-05
3.676471e-01 2.892157e-01 1.338075e-06
3.774510e-01 2.892157e-01 1.206695e-04
3.872549e-01 2.892157e-01 3.301277e-04
3.970588e-01 2.892157e-01 6.498405e-04
4.068627e-01 2.892157e-01 1.089323e-03
4.166667e-01 2.892157e-01 1.642289e-03
4.264706e-01 2.892157e-01 2.283833e-03
4.362745e-01 2.892157e-01 2.971167e-03
4.460784e-01 2.892157e-01 3.648248e-03
4.558824e-01 2.892157e-01 4.253608e-03
4.656863e-01 2.892157e-01 4.729808e-03
4.754902e-01 2.892157e-01 5.032454e-03
4.852941e-01 2.892157e-01 5.136832e-03
4.950980e-01 2.892157e-01 5.040839e-03
5.049020e-01 2.892157e-01 4.763847e-03
5.147059e-01 2.892157e-01 4.342079e-03
5.245098e-01 2.892157e-01 3.821815e-03
5.343137e-01 2.892157e-01 3.251992e-03
5.441176e-01 2.892157e-01 2.677663e-03
5.539216e-01 2.892157e-01 2.135313e-03
5.637255e-01 2.892157e-01 1.650442e-03
5.735294e-01 2.892157e-01 1.237298e-03
5.833333e-01 2.892157e-01 9.002411e-04
5.931373e-01 2.892157e-01 6.360711e-04
6.029412e-01 2.892157e-01 4.366635e-04
6.127451e-01 2.892157e-01 2.914050e-04
6.225490e-01 2.892157e-01 1.891280e-04
6.323529e-01 2.892157e-01 1.194288e-04
6.421569e-01 2.892157e-01 7.340600e-05
6.519608e-01 2.892157e-01 4.393256e-05
6.617647e-01 2.892157e-01 2.561111e-05
6.715686e-01 2.892157e-01 1.454798e-05
6.813725e-01 2.892157e-01 8.054678e-06
6.911765e-01 2.892157e-01 4.347990e-06
7.009804e-01 2.892157e-01 2.289266e-06
7.107843e-01 2.892157e-01 1.175151e-06
7.205882e-01 2.892157e-01 5.906518e-07
7.303922e-01 2.892157e-01 2.842841e-07
7.401961e-01 2.892157e-01 1.472846e-07
7.500000e-01 2.892157e-01 4.238755e-08
7.598039e-01 2.892157e-01 7.367557e-08
7.696078e-01 2.892157e-01 -6.762486e-08
7.794118e-01 2.892157e-01 1.322674e-07
7.892157e-01 2.892157e-01 -1.610645e-07
7.990196e-01 2.892157e-01 1.530999e-07
8.088235e-01 2.892157e-01 -4.588154e-08
8.186275e-01 2.892157e-01 -1.626551e-07
8.284314e-01 2.892157e-01 3.846614e-07
8.382353e-01 2.892157e-01 -4.182967e-07
8.480392e-01 2.892157e-01 8.766906e-08
8.578431e-01 2.892157e-01 4.957004e-07
8.676471e-01 2.892157e-01 -8.089080e-07
8.774510e-01 2.892157e-01 3.100121e-07
8.872549e-01 2.892157e-01 7.648956e-07
8.970588e-01 2.892157e-01 -1.194853e-06
9.068627e-01 2.892157e-01 8.024511e-08
9.166667e-01 2.892157e-01 1.459237e-06
9.264706e-01 2.892157e-01 -1.102824e-06
9.362745e-01 2.892157e-01 -1.123677e-06
9.460784e-01 2.892157e-01 1.841449e-06
9.558824e-01 2.892157e-01 5.909300e-07
9.656863e-01 2.892157e-01 -2.233245e-06
9.754902e-01 2.892157e-01 -2.242736e-07
9.852941e-01 2.892157e-01 2.403724e-06
9.950980e-01 2.892157e-01 2.187341e-07
4.901961e-03 2.990196e-01 3.991839e-06
1.470588e-02 2.990196e-01 -8.158722e-07
2.450980e-02 2.990196e-01 -4.120294e-06
3.431373e-02 2.990196e-01 1.109780e-07
4.411765e-02 2.990196e-01 4.012170e-06
5.392157e-02 2.990196e-01 1.246434e-06
6.372549e-02 2.990196e-01 -3.173572e-06
7.352941e-02 2.990196e-01 -2.694869e-06
8.333333e-02 2.990196e-01 1.236613e-06
9.313725e-02 2.990196e-01 3.105452e-06
1.029412e-01 2.990196e-01 1.208670e-06
1.127451e-01 2.990196e-01 -1.567202e-06
1.225490e-01 2.990196e-01 -2.308308e-06
1.323529e-01 2.990196e-01 -9.334069e-07
1.421569e-01 2.990196e-01 8.092505e-07
1.519608e-01 2.990196e-01 1.539553e-06
1.617647e-01 2.990196e-01 1.144298e-06
1.715686e-01 2.990196e-01 2.785167e-07
1.813725e-01 2.990196e-01 -4.287617e-07
1.911765e-01 2.990196e-01 -7.358455e-07
2.009804e-01 2.990196e-01 -7.144807e-07
2.107843e-01 2.990196e-01 -5.361427e-07
2.205882e-01 2.990196e-01 -3.249783e-07
2.303922e-01 2.990196e-01 -1.173877e-07
2.401961e-01 2.990196e-01 1.091103e-07
2.500000e-01 2.990196e-01 3.683439e-07
2.598039e-01 2.990196e-01 5.608761e-07
2.696078e-01 2.990196e-01 3.280625e-07
2.794118e-01 2.990196e-01 -1.104365e-06
2.892157e-01 2.990196e-01 -4.988567e-06
2.990196e-01 2.990196e-01 -1.282764e-05
3.088235e-01 2.990196e-01 -2.560327e-05
3.186275e-01 2.990196e-01 -4.223492e-05
3.284314e-01 2.990196e-01 -5.723422e-05
3.382353e-01 2.990196e-01 -5.787141e-05
3.480392e-01 2.990196e-01 -2.161922e-05
3.578431e-01 2.990196e-01 8.498103e-05
3.676471e-01 2.990196e-01 3.047929e-04
3.774510e-01 2.990196e-01 6.850295e-04
3.872549e-01 2.990196e-01 1.268670e-03
3.970588e-01 2.990196e-01 2.083539e-03
4.068627e-01 2.990196e-01 3.131371e-03
4.166667e-01 2.990196e-01 4.379830e-03
4.264706e-01 2.990196e-01 5.760224e-03
4.362745e-01 2.990196e-01 7.172531e-03
4.460784e-01 2.990196e-01 8.497550e-03
4.558824e-01 2.990196e-01 9.614065e-03
4.656863e-01 2.990196e-01 1.041748e-02
4.754902e-01 2.990196e-01 1.083591e-02
4.852941e-01 2.990196e-01 1.084032e-02
4.950980e-01 2.990196e-01 1.044693e-02
5.049020e-01 2.990196e-01 9.711788e-03
5.147059e-01 2.990196e-01 8.719443e-03
5.245098e-01 2.990196e-01 7.568497e-03
5.343137e-01 2.990196e-01 6.357157e-03
5.441176e-01 2.990196e-01 5.171394e-03
5.539216e-01 2.990196e-01 4.077252e-03
5.637255e-01 2.990196e-01 3.117719e-03
5.735294e-01 2.990196e-01 2.313582e-03
5.833333e-01 2.990196e-01 1.667087e-03
5.931373e-01 2.990196e-01 1.167041e-03
6.029412e-01 2.990196e-01 7.941086e-04
6.127451e-01 2.990196e-01 5.254571e-04
6.225490e-01 2.990196e-01 3.382539e-04
6.323529e-01 2.990196e-01 2.119190e-04
6.421569e-01 2.990196e-01 1.292651e-04
6.519608e-01 2.990196e-01 7.679466e-05
6.617647e-01 2.990196e-01 4.444924e-05
6.715686e-01 2.990196e-01 2.507374e-05
6.813725e-01 2.990196e-01 1.378882e-05
6.911765e-01 2.990196e-01 7.394462e-06
7.009804e-01 2.990196e-01 3.868290e-06
7.107843e-01 2.990196e-01 1.973385e-06
7.205882e-01 2.990196e-01 9.855684e-07
7.303922e-01 2.990196e-01 4.719531e-07
7.401961e-01 2.990196e-01 2.424303e-07
7.500000e-01 2.990196e-01 6.960921e-08
7.598039e-01 2.990196e-01 1.221460e-07
7.696078e-01 2.990196e-01 -1.181919e-07
7.794118e-01 2.990196e-01 2.366624e-07
7.892157e-01 2.990196e-01 -3.077723e-07
7.990196e-01 2.990196e-01 3.270628e-07
8.088235e-01 2.990196e-01 -1.775262e-07
8.186275e-01 2.990196e-01 -1.762067e-07
8.284314e-01 2.990196e-01 6.229396e-07
8.382353e-01 2.990196e-01 -8.236241e-07
8.480392e-01 2.990196e-01 3.970073e-07
8.578431e-01 2.990196e-01 6.235478e-07
8.676471e-01 2.990196e-01 -1.433781e-06
8.774510e-01 2.990196e-01 9.276339e-07
8.872549e-01 2.990196e-01 9.066369e-07
8.970588e-01 2.990196e-01 -2.165690e-06
9.068627e-01 2.990196e-01 7.916615e-07
9.166667e-01 2.990196e-01 2.113454e-06
9.264706e-01 2.990196e-01 -2.441463e-06
9.362745e-01 2.990196e-01 -1.116382e-06
9.460784e-01 2.990196e-01 3.412951e-06
9.558824e-01 2.990196e-01 -2.934581e-08
9.656863e-01 2.990196e-01 -3.813452e-06
9.754902e-01 2.990196e-01 7.594238e-07
9.852941e-01 2.990196e-01 3.991839e-06
9.950980e-01 2.990196e-01 -8.158722e-07
4.901961e-03 3.088235e-01 5.921783e-06
1.470588e-02 3.088235e-01 -3.033399e-06
2.450980e-02 3.088235e-01 -6.268361e-06
3.431373e-02 3.088235e-01 1.941032e-06
4.411765e-02 3.088235e-01 6.569282e-06
5.392157e-02 3.088235e-01 3.953816e-07
6.372549e-02 3.088235e-01 -5.900188e-06
7.352941e-02 3.088235e-01 -3.313252e-06
8.333333e-02 3.088235e-01 3.274992e-06
9.313725e-02 3.088235e-01 4.992402e-06
1.029412e-01 3.088235e-01 8.945934e-07
1.127451e-01 3.088235e-01 -3.368857e-06
1.225490e-01 3.088235e-01 -3.653327e-06
1.323529e-01 3.088235e-01 -8.137248e-07
1.421569e-01 3.088235e-01 1.955531e-06
1.519608e-01 3.088235e-01 2.701200e-06
1.617647e-01 3.088235e-01 1.656992e-06
1.715686e-01 3.088235e-01 8.340567e-08
1.813725e-01 3.088235e-01 -1.031444e-06
1.911765e-01 3.088235e-01 -1.412411e-06
2.009804e-01 3.088235e-01 -1.264060e-06
2.107843e-01 3.088235e-01 -8.948402e-07
2.205882e-01 3.088235e-01 -5.004947e-07
2.303922e-01 3.088235e-01 -1.326160e-07
2.401961e-01 3.088235e-01 2.235123e-07
2.500000e-01 3.088235e-01 5.131970e-07
2.598039e-01 3.088235e-01 4.301701e-07
2.696078e-01 3.088235e-01 -7.881102e-07
2.794118e-01 3.088235e-01 -4.480967e-06
2.892157e-01 3.088235e-01 -1.235954e-05
2.990196e-01 3.088235e-01 -2.560327e-05
3.088235e-01 3.088235e-01 -4.284744e-05
3.186275e-01 3.088235e-01 -5.681786e-05
3.284314e-01 3.088235e-01 -4.981264e-05
3.382353e-01 3.088235e-01 1.107828e-05
3.480392e-01 3.088235e-01 1.773743e-04
3.578431e-01 3.088235e-01 5.191004e-04
3.676471e-01 3.088235e-01 1.119202e-03
3.774510e-01 3.088235e-01 2.061512e-03
3.872549e-01 3.088235e-01 3.413108e-03
3.970588e-01 3.088235e-01 5.204043e-03
4.068627e-01 3.088235e-01 7.409193e-03
4.166667e-01 3.088235e-01 9.937567e-03
4.264706e-01 3.088235e-01 1.263342e-02
4.362745e-01 3.088235e-01 1.529094e-02
4.460784e-01 3.088235e-01 1.768086e-02
4.558824e-01 3.088235e-01 1.958402e-02
4.656863e-01 3.088235e-01 2.082494e-02
4.754902e-01 3.088235e-01 2.129817e-02
4.852941e-01 3.088235e-01 2.098215e-02
4.950980e-01 3.088235e-01 1.993813e-02
5.049020e-01 3.088235e-01 1.829573e-02
5.147059e-01 3.088235e-01 1.622895e-02
5.245098e-01 3.088235e-01 1.392843e-02
5.343137e-01 3.088235e-01 1.157551e-02
5.441176e-01 3.088235e-01 9.322363e-03
5.539216e-01 3.088235e-01 7.280351e-03
5.637255e-01 3.088235e-01 5.516802e-03
5.735294e-01 3.088235e-01 4.058619e-03
5.833333e-01 3.088235e-01 2.900371e-03
5.931373e-01 3.088235e-01 2.014307e-03
6.029412e-01 3.088235e-01 1.360168e-03
6.127451e-01 3.088235e-01 8.933873e-04
6.225490e-01 3.088235e-01 5.710071e-04
6.323529e-01 3.088235e-01 3.552726e-04
6.421569e-01 3.088235e-01 2.152560e-04
6.519608e-01 3.088235e-01 1.270483e-04
6.617647e-01 3.088235e-01 7.307033e-05
6.715686e-01 3.088235e-01 4.096419e-05
6.813725e-01 3.088235e-01 2.239161e-05
6.911765e-01 3.088235e-01 1.193708e-05
7.009804e-01 3.088235e-01 6.208627e-06
7.107843e-01 3.088235e-01 3.149538e-06
7.205882e-01 3.088235e-01 1.563957e-06
7.303922e-01 3.088235e-01 7.454703e-07
7.401961e-01 3.088235e-01 3.799169e-07
7.500000e-01 3.088235e-01 1.090258e-07
7.598039e-01 3.088235e-01 1.923157e-07
7.696078e-01 3.088235e-01 -1.944146e-07
7.794118e-01 3.088235e-01 3.974621e-07
7.892157e-01 3.088235e-01 -5.444958e-07
7.990196e-01 3.088235e-01 6.264366e-07
8.088235e-01 3.088235e-01 -4.414852e-07
8.186275e-01 3.088235e-01 -1.133144e-07
8.284314e-01 3.088235e-01 9.212847e-07
8.382353e-01 3.088235e-01 -1.458400e-06
8.480392e-01 3.088235e-01 1.006167e-06
8.578431e-01 3.088235e-01 6.196895e-07
8.676471e-01 3.088235e-01 -2.300415e-06
8.774510e-01 3.088235e-01 2.046621e-06
8.872549e-01 3.088235e-01 7.839789e-07
8.970588e-01 3.088235e-01 -3.522755e-06
9.068627e-01 3.088235e-01 2.212375e-06
9.166667e-01 3.088235e-01 2.666753e-06
9.264706e-01 3.088235e-01 -4.584106e-06
9.362745e-01 3.088235e-01 -4.964182e-07
9.460784e-01 3.088235e-01 5.621692e-06
9.558824e-01 3.088235e-01 -1.607794e-06
9.656863e-01 3.088235e-01 -5.822065e-06
9.754902e-01 3.088235e-01 2.876135e-06
9.852941e-01 3.088235e-01 5.921783e-06
9.950980e-01 3.088235e-01 -3.033399e-06
4.901961e-03 3.186275e-01 7.857863e-06
1.470588e-02 3.186275e-01 -6.962145e-06
2.450980e-02 3.186275e-01 -8.569705e-06
3.431373e-02 3.186275e-01 5.444112e-06
4.411765e-02 3.186275e-01 9.720879e-06
5.392157e-02 3.186275e-01 -1.830152e-06
6.372549e-02 3.186275e-01 -9.779948e-06
7.352941e-02 3.186275e-01 -3.292692e-06
8.333333e-02 3.186275e-01 6.715919e-06
9.313725e-02 3.186275e-01 7.287988e-06
1.029412e-01 3.186275e-01 -2.870689e-07
1.127451e-01 3.186275e-01 -6.232542e-06
1.225490e-01 3.186275e-01 -5.272347e-06
1.323529e-01 3.186275e-01 -1.338246e-07
1.421569e-01 3.186275e-01 3.902594e-06
1.519608e-01 3.186275e-01 4.347477e-06
1.617647e-01 3.186275e-01 2.166735e-06
1.715686e-01 3.186275e-01 -4.588757e-07
1.813725e-01 3.186275e-01 -2.092244e-06
1.911765e-01 3.186275e-01 -2.490336e-06
2.009804e-01 3.186275e-01 -2.091056e-06
2.107843e-01 3.186275e-01 -1.406645e-06
2.205882e-01 3.186275e-01 -7.303277e-07
2.303922e-01 3.186275e-01 -1.402402e-07
2.401961e-01 3.186275e-01 3.368374e-07
2.500000e-01 3.186275e-01 4.873675e-07
2.598039e-01 3.186275e-01 -3.612712e-07
2.696078e-01 3.186275e-01 -3.552510e-06
2.794118e-01 3.186275e-01 -1.099379e-05
2.892157e-01 3.186275e-01 -2.425501e-05
2.990196e-01 3.186275e-01 -4.223492e-05
3.088235e-01 3.186275e-01 -5.681786e-05
3.186275e-01 3.186275e-01 -4.638757e-05
3.284314e-01 3.186275e-01 3.203754e-05
3.382353e-01 3.186275e-01 2.500696e-04
3.480392e-01 3.186275e-01 7.115034e-04
3.578431e-01 3.186275e-01 1.548571e-03
3.676471e-01 3.186275e-01 2.908057e-03
3.774510e-01 3.186275e-01 4.926653e-03
3.872549e-01 3.186275e-01 7.698252e-03
3.970588e-01 3.186275e-01 1.123945e-02
4.068627e-01 3.186275e-01 1.546193e-02
4.166667e-01 3.186275e-01 2.016065e-02
4.264706e-01 3.186275e-01 2.502397e-02
4.362745e-01 3.186275e-01 2.966700e-02
4.460784e-01 3.186275e-01 3.368331e-02
4.558824e-01 3.186275e-01 3.670505e-02
4.656863e-01 3.186275e-01 3.845886e-02
4.754902e-01 3.186275e-01 3.880591e-02
4.852941e-01 3.186275e-01 3.775801e-02
4.950980e-01 3.186275e-01 3.546795e-02
5.049020e-01 3.186275e-01 3.219775e-02
5.147059e-01 3.186275e-01 2.827325e-02
5.245098e-01 3.186275e-01 2.403506e-02
5.343137e-01 3.186275e-01 1.979513e-02
5.441176e-01 3.186275e-01 1.580559e-02
5.539216e-01 3.186275e-01 1.224261e-02
5.637255e-01 3.186275e-01 9.204444e-03
5.735294e-01 3.186275e-01 6.720678e-03
5.833333e-01 3.186275e-01 4.767992e-03
5.931373e-01 3.186275e-01 3.288256e-03
6.029412e-01 3.186275e-01 2.205420e-03
6.127451e-01 3.186275e-01 1.439094e-03
6.225490e-01 3.186275e-01 9.139567e-04
6.323529e-01 3.186275e-01 5.651418e-04
6.421569e-01 3.186275e-01 3.403560e-04
6.519608e-01 3.186275e-01 1.997076e-04
6.617647e-01 3.186275e-01 1.142024e-04
6.715686e-01 3.186275e-01 6.366528e-05
6.813725e-01 3.186275e-01 3.460985e-05
6.911765e-01 3.186275e-01 1.835176e-05
7.009804e-01 3.186275e-01 9.494716e-06
7.107843e-01 3.186275e-01 4.791823e-06
7.205882e-01 3.186275e-01 2.366980e-06
7.303922e-01 3.186275e-01 1.123453e-06
7.401961e-01 3.186275e-01 5.683566e-07
7.500000e-01 3.186275e-01 1.632307e-07
7.598039e-01 3.186275e-01 2.884824e-07
7.696078e-01 3.186275e-01 -3.026486e-07
7.794118e-01 3.186275e-01 6.304617e-07
7.892157e-01 3.186275e-01 -9.015648e-07
7.990196e-01 3.186275e-01 1.102442e-06
8.088235e-01 3.186275e-01 -9.086613e-07
8.186275e-01 3.186275e-01 9.914648e-08
8.284314e-01 3.186275e-01 1.243384e-06
8.382353e-01 3.186275e-01 -2.369068e-06
8.480392e-01 3.186275e-01 2.054358e-06
8.578431e-01 3.186275e-01 3.257905e-07
8.676471e-01 3.186275e-01 -3.375207e-06
8.774510e-01 3.186275e-01 3.846624e-06
8.872549e-01 3.186275e-01 1.289653e-07
8.970588e-01 3.186275e-01 -5.212317e-06
9.068627e-01 3.186275e-01 4.641613e-06
9.166667e-01 3.186275e-01 2.792763e-06
9.264706e-01 3.186275e-01 -7.660857e-06
9.362745e-01 3.186275e-01 1.214639e-06
9.460784e-01 3.186275e-01 8.373016e-06
9.558824e-01 3.186275e-01 -4.657504e-06
9.656863e-01 3.186275e-01 -7.995086e-06
9.754902e-01 3.186275e-01 6.634685e-06
9.852941e-01 3.186275e-01 7.857863e-06
9.950980e-01 3.186275e-01 -6.962145e-06
4.901961e-03 3.284314e-01 9.198591e-06
1.470588e-02 3.284314e-01 -1.307051e-05
2.450980e-02 3.284314e-01 -1.045385e-05
3.431373e-02 3.284314e-01 1.118877e-05
4.411765e-02 3.284314e-01 1.307084e-05
5.392157e-02 3.284314e-01 -6.109962e-06
6.372549e-02 3.284314e-01 -1.475475e-05
7.352941e-02 3.284314e-01 -1.993036e-06
8.333333e-02 3.284314e-01 1.190465e-05
9.313725e-02 3.284314e-01 9.689154e-06
1.029412e-01 3.284314e-01 -2.858791e-06
1.127451e-01 3.284314e-01 -1.036149e-05
1.225490e-01 3.284314e-01 -6.944286e-06
1.323529e-01 3.284314e-01 1.484587e-06
1.421569e-01 3.284314e-01 6.894573e-06
1.519608e-01 3.284314e-01 6.485736e-06
1.617647e-01 3.284314e-01 2.510892e-06
1.715686e-01 3.284314e-01 -1.562826e-06
1.813725e-01 3.284314e-01 -3.793779e-06
1.911765e-01 3.284314e-01 -4.090240e-06
2.009804e-01 3.284314e-01 -3.258859e-06
2.107843e-01 3.284314e-01 -2.095157e-06
2.205882e-01 3.284314e-01 -1.019674e-06
2.303922e-01 3.284314e-01 -1.594390e-07
2.401961e-01 3.284314e-01 3.550668e-07
2.500000e-01 3.284314e-01 1.832119e-08
2.598039e-01 3.284314e-01 -2.391207e-06
2.696078e-01 3.284314e-01 -8.882910e-06
2.794118e-01 3.284314e-01 -2.153429e-05
2.892157e-01 3.284314e-01 -4.013884e-05
2.990196e-01 3.284314e-01 -5.723422e-05
3.088235e-01 3.284314e-01 -4.981264e-05
3.186275e-01 3.284314e-01 3.203754e-05
3.284314e-01 3.284314e-01 2.776889e-04
3.382353e-01 3.284314e-01 8.259080e-04
3.480392e-01 3.284314e-01 1.866793e-03
3.578431e-01 3.284314e-01 3.630148e-03
3.676471e-01 3.284314e-01 6.356672e-03
3.774510e-01 3.284314e-01 1.025254e-02
3.872549e-01 3.284314e-01 1.543364e-02
3.970588e-01 3.284314e-01 2.187109e-02
4.068627e-01 3.284314e-01 2.935272e-02
4.166667e-01 3.284314e-01 3.747418e-02
4.264706e-01 3.284314e-01 4.566769e-02
4.362745e-01 3.284314e-01 5.326758e-02
4.460784e-01 3.284314e-01 5.960209e-02
4.558824e-01 3.284314e-01 6.409325e-02
4.656863e-01 3.284314e-01 6.634404e-02
4.754902e-01 3.284314e-01 6.619458e-02
4.852941e-01 3.284314e-01 6.373693e-02
4.950980e-01 3.284314e-01 5.928774e-02
5.049020e-01 3.284314e-01 5.332747e-02
5.147059e-01 3.284314e-01 4.642112e-02
5.245098e-01 3.284314e-01 3.913726e-02
5.343137e-01 3.284314e-01 3.197993e-02
5.441176e-01 3.284314e-01 2.534276e-02
5.539216e-01 3.284314e-01 1.948834e-02
5.637255e-01 3.284314e-01 1.455045e-02
5.735294e-01 3.284314e-01 1.055306e-02
5.833333e-01 3.284314e-01 7.438506e-03
5.931373e-01 3.284314e-01 5.097882e-03
6.029412e-01 3.284314e-01 3.398372e-03
6.127451e-01 3.284314e-01 2.204442e-03
6.225490e-01 3.284314e-01 1.391981e-03
6.323529e-01 3.284314e-01 8.559059e-04
6.421569e-01 3.284314e-01 5.126501e-04
6.519608e-01 3.284314e-01 2.991954e-04
6.617647e-01 3.284314e-01 1.701993e-04
6.715686e-01 3.284314e-01 9.439607e-05
6.813725e-01 3.284314e-01 5.105783e-05
6.911765e-01 3.284314e-01 2.693968e-05
7.009804e-01 3.284314e-01 1.387021e-05
7.107843e-01 3.284314e-01 6.966899e-06
7.205882e-01 3.284314e-01 3.424703e-06
7.303922e-01 3.284314e-01 1.619086e-06
7.401961e-01 3.284314e-01 8.134731e-07
7.500000e-01 3.284314e-01 2.340507e-07
7.598039e-01 3.284314e-01 4.133499e-07
7.696078e-01 3.284314e-01 -4.477356e-07
7.794118e-01 3.284314e-01 9.488951e-07
7.892157e-01 3.284314e-01 -1.407350e-06
7.990196e-01 3.284314e-01 1.807774e-06
8.088235e-01 3.284314e-01 -1.660139e-06
8.186275e-01 3.284314e-01 5.580178e-07
8.284314e-01 3.284314e-01 1.517416e-06
8.382353e-01 3.284314e-01 -3.570521e-06
8.480392e-01 3.284314e-01 3.681497e-06
8.578431e-01 3.284314e-01 -4.690789e-07
8.676471e-01 3.284314e-01 -4.543323e-06
8.774510e-01 3.284314e-01 6.471287e-06
8.872549e-01 3.284314e-01 -1.398079e-06
8.970588e-01 3.284314e-01 -7.048849e-06
9.068627e-01 3.284314e-01 8.343216e-06
9.166667e-01 3.284314e-01 2.023330e-06
9.264706e-01 3.284314e-01 -1.164925e-05
9.362745e-01 3.284314e-01 4.572615e-06
9.460784e-01 3.284314e-01 1.134826e-05
9.558824e-01 3.284314e-01 -9.688391e-06
9.656863e-01 3.284314e-01 -9.815382e-06
9.754902e-01 3.284314e-01 1.248818e-05
9.852941e-01 3.284314e-01 9.198591e-06
9.950980e-01 3.284314e-01 -1.307051e-05
4.901961e-03 3.382353e-01 9.093174e-06
1.470588e-02 3.382353e-01 -2.161211e-05
2.450980e-02 3.382353e-01 -1.107796e-05
3.431373e-02 3.382353e-01 1.958116e-05
4.411765e-02 3.382353e-01 1.591698e-05
5.392157e-02 3.382353e-01 -1.308290e-05
6.372549e-02 3.382353e-01 -2.047021e-05
7.352941e-02 3.382353e-01 1.347264e-06
8.333333e-02 3.382353e-01 1.900696e-05
9.313725e-02 3.382353e-01 1.166769e-05
1.029412e-01 3.382353e-01 -7.371362e-06
1.127451e-01 3.382353e-01 -1.580697e-05
1.225490e-01 3.382353e-01 -8.287934e-06
1.323529e-01 3.382353e-01 4.466313e-06
1.421569e-01 3.382353e-01 1.111225e-05
1.519608e-01 3.382353e-01 9.022355e-06
1.617647e-01 3.382353e-01 2.450329e-06
1.715686e-01 3.382353e-01 -3.474629e-06
1.813725e-01 3.382353e-01 -6.315890e-06
1.911765e-01 3.382353e-01 -6.314366e-06
2.009804e-01 3.382353e-01 -4.811183e-06
2.107843e-01 3.382353e-01 -2.971480e-06
2.205882e-01 3.382353e-01 -1.376258e-06
2.303922e-01 3.382353e-01 -2.396431e-07
2.401961e-01 3.382353e-01 1.091047e-07
2.500000e-01 3.382353e-01 -1.291470e-06
2.598039e-01 3.382353e-01 -6.356124e-06
2.696078e-01 3.382353e-01 -1.758589e-05
2.794118e-01 3.382353e-01 -3.607244e-05
2.892157e-01 3.382353e-01 -5.651759e-05
2.990196e-01 3.382353e-01 -5.787141e-05
3.088235e-01 3.382353e-01 1.107828e-05
3.186275e-01 3.382353e-01 2.500696e-04
3.284314e-01 3.382353e-01 8.259080e-04
3.382353e-01 3.382353e-01 1.984507e-03
3.480392e-01 3.382353e-01 4.047860e-03
3.578431e-01 3.382353e-01 7.387948e-03
3.676471e-01 3.382353e-01 1.237357e-02
3.774510e-01 3.382353e-01 1.929341e-02
3.872549e-01 3.382353e-01 2.826743e-02
3.970588e-01 3.382353e-01 3.916660e-02
4.068627e-01 3.382353e-01 5.156378e-02
4.166667e-01 3.382353e-01 6.473545e-02
4.264706e-01 3.382353e-01 7.772346e-02
4.362745e-01 3.382353e-01 8.945153e-02
4.460784e-01 3.382353e-01 9.887639e-02
4.558824e-01 3.382353e-01 1.051433e-01
4.656863e-01 3.382353e-01 1.077135e-01
4.754902e-01 3.382353e-01 1.064376e-01
4.852941e-01 3.382353e-01 1.015617e-01
4.950980e-01 3.382353e-01 9.366892e-02
5.049020e-01 3.382353e-01 8.357384e-02
5.147059e-01 3.382353e-01 7.219326e-02
5.245098e-01 3.382353e-01 6.042070e-02
5.343137e-01 3.382353e-01 4.902561e-02
5.441176e-01 3.382353e-01 3.858966e-02
5.539216e-01 3.382353e-01 2.948305e-02
5.637255e-01 3.382353e-01 2.187524e-02
5.735294e-01 3.382353e-01 1.576967e-02
5.833333e-01 3.382353e-01 1.105042e-02
5.931373e-01 3.382353e-01 7.530178e-03
6.029412e-01 3.382353e-01 4.992020e-03
6.127451e-01 3.382353e-01 3.220742e-03
6.225490e-01 3.382353e-01 2.023016e-03
6.323529e-01 3.382353e-01 1.237524e-03
6.421569e-01 3.382353e-01 7.374940e-04
6.519608e-01 3.382353e-01 4.282992e-04
6.617647e-01 3.382353e-01 2.424637e-04
6.715686e-01 3.382353e-01 1.338376e-04
6.813725e-01 3.382353e-01 7.205403e-05
6.911765e-01 3.382353e-01 3.784374e-05
7.009804e-01 3.382353e-01 1.939633e-05
7.107843e-01 3.382353e-01 9.699611e-06
7.205882e-01 3.382353e-01 4.746477e-06
7.303922e-01 3.382353e-01 2.235702e-06
7.401961e-01 3.382353e-01 1.116003e-06
7.500000e-01 3.382353e-01 3.219324e-07
7.598039e-01 3.382353e-01 5.669474e-07
7.696078e-01 3.382353e-01 -6.315122e-07
7.794118e-01 3.382353e-01 1.359924e-06
7.892157e-01 3.382353e-01 -2.082009e-06
7.990196e-01 3.382353e-01 2.786943e-06
8.088235e-01 3.382353e-01 -2.775545e-06
8.186275e-01 3.382353e-01 1.375085e-06
8.284314e-01 3.382353e-01 1.633878e-06
8.382353e-01 3.382353e-01 -5.026630e-06
8.480392e-01 3.382353e-01 5.996197e-06
8.578431e-01 3.382353e-01 -2.005840e-06
8.676471e-01 3.382353e-01 -5.594091e-06
8.774510e-01 3.382353e-01 9.974402e-06
8.872549e-01 3.382353e-01 -4.162067e-06
8.970588e-01 3.382353e-01 -8.692268e-06
9.068627e-01 3.382353e-01 1.346028e-05
9.166667e-01 3.382353e-01 -2.068529e-07
9.264706e-01 3.382353e-01 -1.629937e-05
9.362745e-01 3.382353e-01 1.010794e-05
9.460784e-01 3.382353e-01 1.396886e-05
9.558824e-01 3.382353e-01 -1.707240e-05
9.656863e-01 3.382353e-01 -1.051359e-05
9.754902e-01 3.382353e-01 2.068553e-05
9.852941e-01 3.382353e-01 9.093174e-06
9.950980e-01 3.382353e-01 -2.161211e-05
4.901961e-03 3.480392e-01 6.542565e-06
1.470588e-02 3.480392e-01 -3.246560e-05
2.450980e-02 3.480392e-01 -9.415193e-06
3.431373e-02 3.480392e-01 3.069046e-05
4.411765e-02 3.480392e-01 1.728817e-05
5.392157e-02 3.480392e-01 -2.316997e-05
6.372549e-02 3.480392e-01 -2.622993e-05
7.352941e-02 3.480392e-01 7.478880e-06
8.333333e-02 3.480392e-01 2.788826e-05
9.313725e-02 3.480392e-01 1.249686e-05
1.029412e-01 3.480392e-01 -1.428494e-05
1.127451e-01 3.480392e-01 -2.238853e-05
1.225490e-01 3.480392e-01 -8.779630e-06
1.323529e-01 3.480392e-01 9.205864e-06
1.421569e-01 3.480392e-01 1.660453e-05
1.519608e-01 3.480392e-01 1.173929e-05
1.617647e-01 3.480392e-01 1.687686e-06
1.715686e-01 3.480392e-01 -6.434383e-06
1.813725e-01 3.480392e-01 -9.798312e-06
1.911765e-01 3.480392e-01 -9.219465e-06
2.009804e-01 3.480392e-01 -6.756940e-06
2.107843e-01 3.480392e-01 -4.029741e-06
2.205882e-01 3.480392e-01 -1.814732e-06
2.303922e-01 3.480392e-01 -4.701388e-07
2.401961e-01 3.480392e-01 -6.473534e-07
2.500000e-01 3.480392e-01 -3.923798e-06
2.598039e-01 3.480392e-01 -1.290955e-05
2.696078e-01 3.480392e-01 -2.993240e-05
2.794118e-01 3.480392e-01 -5.275618e-05
2.892157e-01 3.480392e-01 -6.530889e-05
2.990196e-01 3.480392e-01 -2.161922e-05
3.088235e-01 3.480392e-01 1.773743e-04
3.186275e-01 3.480392e-01 7.115034e-04
3.284314e-01 3.480392e-01 1.866793e-03
3.382353e-01 3.480392e-01 4.047860e-03
3.480392e-01 3.480392e-01 7.764554e-03
3.578431e-01 3.480392e-01 1.358214e-02
3.676471e-01 3.480392e-01 2.203159e-02
3.774510e-01 3.480392e-01 3.348810e-02
3.872549e-01 3.480392e-01 4.803911e-02
3.970588e-01 3.480392e-01 6.537326e-02
4.068627e-01 3.480392e-01 8.472392e-02
4.166667e-01 3.480392e-01 1.048938e-01
4.264706e-01 3.480392e-01 1.243694e-01
4.362745e-01 3.480392e-01 1.415118e-01
4.460784e-01 3.480392e-01 1.547904e-01
4.558824e-01 3.480392e-01 1.630105e-01
4.656863e-01 3.480392e-01 1.654898e-01
4.754902e-01 3.480392e-01 1.621460e-01
4.852941e-01 3.480392e-01 1.534832e-01
4.950980e-01 3.480392e-01 1.404848e-01
5.049020e-01 3.480392e-01 1.244421e-01
5.147059e-01 3.480392e-01 1.067575e-01
5.245098e-01 3.480392e-01 8.876021e-02
5.343137e-01 3.480392e-01 7.156469e-02
5.441176e-01 3.480392e-01 5.598748e-02
5.539216e-01 3.480392e-01 4.252335e-02
5.637255e-01 3.480392e-01 3.137079e-02
5.735294e-01 3.480392e-01 2.248991e-02
5.833333e-01 3.480392e-01 1.567487e-02
5.931373e-01 3.480392e-01 1.062560e-02
6.029412e-01 3.480392e-01 7.008169e-03
6.127451e-01 3.480392e-01 4.499007e-03
6.225490e-01 3.480392e-01 2.812165e-03
6.323529e-01 3.480392e-01 1.712066e-03
6.421569e-01 3.480392e-01 1.015529e-03
6.519608e-01 3.480392e-01 5.870652e-04
6.617647e-01 3.480392e-01 3.308466e-04
6.715686e-01 3.480392e-01 1.818160e-04
6.813725e-01 3.480392e-01 9.745790e-05
6.911765e-01 3.480392e-01 5.096675e-05
7.009804e-01 3.480392e-01 2.601186e-05
7.107843e-01 3.480392e-01 1.295397e-05
7.205882e-01 3.480392e-01 6.312119e-06
7.303922e-01 3.480392e-01 2.962817e-06
7.401961e-01 3.480392e-01 1.469879e-06
7.500000e-01 3.480392e-01 4.253877e-07
7.598039e-01 3.480392e-01 7.457290e-07
7.696078e-01 3.480392e-01 -8.514239e-07
7.794118e-01 3.480392e-01 1.861117e-06
7.892157e-01 3.480392e-01 -2.930563e-06
7.990196e-01 3.480392e-01 4.064375e-06
8.088235e-01 3.480392e-01 -4.316398e-06
8.186275e-01 3.480392e-01 2.659999e-06
8.284314e-01 3.480392e-01 1.453182e-06
8.382353e-01 3.480392e-01 -6.636460e-06
8.480392e-01 3.480392e-01 9.038031e-06
8.578431e-01 3.480392e-01 -4.513509e-06
8.676471e-01 3.480392e-01 -6.227989e-06
8.774510e-01 3.480392e-01 1.426791e-05
8.872549e-01 3.480392e-01 -8.477594e-06
8.970588e-01 3.480392e-01 -9.661237e-06
9.068627e-01 3.480392e-01 1.992695e-05
9.166667e-01 3.480392e-01 -4.465426e-06
9.264706e-01 3.480392e-01 -2.109388e-05
9.362745e-01 3.480392e-01 1.818318e-05
9.460784e-01 3.480392e-01 1.542367e-05
9.558824e-01 3.480392e-01 -2.688894e-05
9.656863e-01 3.480392e-01 -9.147174e-06
9.754902e-01 3.480392e-01 3.111736e-05
9.852941e-01 3.480392e-01 6.542565e-06
9.950980e-01 3.480392e-01 -3.246560e-05
4.901961e-03 3.578431e-01 5.856713e-07
1.470588e-02 3.578431e-01 -4.501904e-05
2.450980e-02 3.578431e-01 -4.433518e-06
3.431373e-02 3.578431e-01 4.410156e-05
4.411765e-02 3.578431e-01 1.607574e-05
5.392157e-02 3.578431e-01 -3.638822e-05
6.372549e-02 3.578431e-01 -3.103080e-05
7.352941e-02 3.578431e-01 1.695761e-05
8.333333e-02 3.578431e-01 3.802967e-05
9.313725e-02 3.578431e-01 1.134666e-05
1.029412e-01 3.578431e-01 -2.382637e-05
1.127451e-01 3.578431e-01 -2.964692e-05
1.225490e-01 3.578431e-01 -7.819003e-06
1.323529e-01 3.578431e-01 1.596659e-05
1.421569e-01 3.578431e-01 2.322772e-05
1.519608e-01 3.578431e-01 1.429527e-05
1.617647e-01 3.578431e-01 -9.034843e-08
1.715686e-01 3.578431e-01 -1.062350e-05
1.813725e-01 3.578431e-01 -1.429777e-05
1.911765e-01 3.578431e-01 -1.278988e-05
2.009804e-01 3.578431e-01 -9.057683e-06
2.107843e-01 3.578431e-01 -5.245058e-06
2.205882e-01 3.578431e-01 -2.360566e-06
2.303922e-01 3.578431e-01 -9.807614e-07
2.401961e-01 3.578431e-01 -2.213003e-06
2.500000e-01 3.578431e-01 -8.346681e-06
2.598039e-01 3.578431e-01 -2.240766e-05
2.696078e-01 3.578431e-01 -4.513404e-05
2.794118e-01 3.578431e-01 -6.702122e-05
2.892157e-01 3.578431e-01 -5.262432e-05
2.990196e-01 3.578431e-01 8.498103e-05
3.088235e-01 3.578431e-01 5.191004e-04
3.186275e-01 3.578431e-01 1.548571e-03
3.284314e-01 3.578431e-01 3.630148e-03
3.382353e-01 3.578431e-01 7.387948e-03
3.480392e-01 3.578431e-01 1.358214e-02
3.578431e-01 3.578431e-01 2.302366e-02
3.676471e-01 3.578431e-01 3.643353e-02
3.774510e-01 3.578431e-01 5.426271e-02
3.872549e-01 3.578431e-01 7.650656e-02
3.970588e-01 3.578431e-01 1.025603e-01
4.068627e-01 3.578431e-01 1.311627e-01
4.166667e-01 3.578431e-01 1.604602e-01
4.264706e-01 3.578431e-01 1.881987e-01
4.362745e-01 3.578431e-01 2.120159e-01
4.460784e-01 3.578431e-01 2.297809e-01
4.558824e-01 3.578431e-01 2.399116e-01
4.656863e-01 3.578431e-01 2.416041e-01
4.754902e-01 3.578431e-01 2.349289e-01
4.852941e-01 3.578431e-01 2.207810e-01
4.950980e-01 3.578431e-01 2.007025e-01
5.049020e-01 3.578431e-01 1.766232e-01
5.147059e-01 3.578431e-01 1.505757e-01
5.245098e-01 3.578431e-01 1.244392e-01
5.343137e-01 3.578431e-01 9.975051e-02
5.441176e-01 3.578431e-01 7.760158e-02
5.539216e-01 3.578431e-01 5.862030e-02
5.637255e-01 3.578431e-01 4.301870e-02
5.735294e-01 3.578431e-01 3.068279e-02
5.833333e-01 3.578431e-01 2.127870e-02
5.931373e-01 3.578431e-01 1.435429e-02
6.029412e-01 3.578431e-01 9.422573e-03
6.127451e-01 3.578431e-01 6.020928e-03
6.225490e-01 3.578431e-01 3.746375e-03
6.323529e-01 3.578431e-01 2.270666e-03
6.421569e-01 3.578431e-01 1.340982e-03
6.519608e-01 3.578431e-01 7.718770e-04
6.617647e-01 3.578431e-01 4.331621e-04
6.715686e-01 3.578431e-01 2.370537e-04
6.813725e-01 3.578431e-01 1.265462e-04
6.911765e-01 3.578431e-01 6.591159e-05
7.009804e-01 3.578431e-01 3.350507e-05
7.107843e-01 3.578431e-01 1.662032e-05
7.205882e-01 3.578431e-01 8.066225e-06
7.303922e-01 3.578431e-01 3.773678e-06
7.401961e-01 3.578431e-01 1.861212e-06
7.500000e-01 3.578431e-01 5.406503e-07
7.598039e-01 3.578431e-01 9.421228e-07
7.696078e-01 3.578431e-01 -1.099614e-06
7.794118e-01 3.578431e-01 2.437789e-06
7.892157e-01 3.578431e-01 -3.936825e-06
7.990196e-01 3.578431e-01 5.632584e-06
8.088235e-01 3.578431e-01 -6.307067e-06
8.186275e-01 3.578431e-01 4.496413e-06
8.284314e-01 3.578431e-01 8.247354e-07
8.382353e-01 3.578431e-01 -8.232542e-06
8.480392e-01 3.578431e-01 1.274309e-05
8.578431e-01 3.578431e-01 -8.153021e-06
8.676471e-01 3.578431e-01 -6.091696e-06
8.774510e-01 3.578431e-01 1.908861e-05
8.872549e-01 3.578431e-01 -1.451638e-05
8.970588e-01 3.578431e-01 -9.392641e-06
9.068627e-01 3.578431e-01 2.740408e-05
9.166667e-01 3.578431e-01 -1.118775e-05
9.264706e-01 3.578431e-01 -2.526941e-05
9.362745e-01 3.578431e-01 2.884094e-05
9.460784e-01 3.578431e-01 1.477568e-05
9.558824e-01 3.578431e-01 -3.879268e-05
9.656863e-01 3.578431e-01 -4.762820e-06
9.754902e-01 3.578431e-01 4.320410e-05
9.852941e-01 3.578431e-01 5.856713e-07
9.950980e-01 3.578431e-01 -4.501904e-05
4.901961e-03 3.676471e-01 -9.458749e-06
1.470588e-02 3.676471e-01 -5.814936e-05
2.450980e-02 3.676471e-01 4.660280e-06
3.431373e-02 3.676471e-01 5.884932e-05
4.411765e-02 3.676471e-01 1.124988e-05
5.392157e-02 3.676471e-01 -5.220946e-05
6.372549e-02 3.676471e-01 -3.369545e-05
7.352941e-02 3.676471e-01 2.994752e-05
8.333333e-02 3.676471e-01 4.851877e-05
9.313725e-02 3.676471e-01 7.441831e-06
1.029412e-01 3.676471e-01 -3.585748e-05
1.127451e-01 3.676471e-01 -3.685495e-05
1.225490e-01 3.676471e-01 -4.839593e-06
1.323529e-01 3.676471e-01 2.477695e-05
1.421569e-01 3.676471e-01 3.061257e-05
1.519608e-01 3.676471e-01 1.625947e-05
1.617647e-01 3.676471e-01 -3.150356e-06
1.715686e-01 3.676471e-01 -1.610649e-05
1.813725e-01 3.676471e-01 -1.974895e-05
1.911765e-01 3.676471e-01 -1.691771e-05
2.009804e-01 3.676471e-01 -1.162134e-05
2.107843e-01 3.676471e-01 -6.574567e-06
2.205882e-01 3.676471e-01 -3.050834e-06
2.303922e-01 3.676471e-01 -1.928194e-06
2.401961e-01 3.676471e-01 -4.881887e-06
2.500000e-01 3.676471e-01 -1.486528e-05
2.598039e-01 3.676471e-01 -3.460852e-05
2.696078e-01 3.676471e-01 -6.086477e-05
2.794118e-01 3.676471e-01 -7.105553e-05
2.892157e-01 3.676471e-01 1.338075e-06
2.990196e-01 3.676471e-01 3.047929e-04
3.088235e-01 3.676471e-01 1.119202e-03
3.186275e-01 3.676471e-01 2.908057e-03
3.284314e-01 3.676471e-01 6.356672e-03
3.382353e-01 3.676471e-01 1.237357e-02
3.480392e-01 3.676471e-01 2.203159e-02
3.578431e-01 3.676471e-01 3.643353e-02
3.676471e-01 3.676471e-01 5.650520e-02
3.774510e-01 3.676471e-01 8.274296e-02
3.872549e-01 3.676471e-01 1.149666e-01
3.970588e-01 3.676471e-01 1.521424e-01
4.068627e-01 3.676471e-01 1.923384e-01
4.166667e-01 3.676471e-01 2.328498e-01
4.264706e-01 3.676471e-01 2.704948e-01
4.362745e-01 3.676471e-01 3.020370e-01
4.460784e-01 3.676471e-01 3.246538e-01
4.558824e-01 3.676471e-01 3.363551e-01
4.656863e-01 3.676471e-01 3.362677e-01
4.754902e-01 3.676471e-01 3.247278e-01
4.852941e-01 3.676471e-01 3.031753e-01
4.950980e-01 3.676471e-01 2.738820e-01
5.049020e-01 3.676471e-01 2.395806e-01
5.147059e-01 3.676471e-01 2.030739e-01
5.245098e-01 3.676471e-01 1.668948e-01
5.343137e-01 3.676471e-01 1.330668e-01
5.441176e-01 3.676471e-01 1.029836e-01
5.539216e-01 3.676471e-01 7.740267e-02
5.637255e-01 3.676471e-01 5.652448e-02
5.735294e-01 3.676471e-01 4.012372e-02
5.833333e-01 3.676471e-01 2.769679e-02
5.931373e-01 3.676471e-01 1.859906e-02
6.029412e-01 3.676471e-01 1.215476e-02
6.127451e-01 3.676471e-01 7.732996e-03
6.225490e-01 3.676471e-01 4.791147e-03
6.323529e-01 3.676471e-01 2.891739e-03
6.421569e-01 3.676471e-01 1.700740e-03
6.519608e-01 3.676471e-01 9.749920e-04
6.617647e-01 3.676471e-01 5.449648e-04
6.715686e-01 3.676471e-01 2.970673e-04
6.813725e-01 3.676471e-01 1.579687e-04
6.911765e-01 3.676471e-01 8.196330e-05
7.009804e-01 3.676471e-01 4.150714e-05
7.107843e-01 3.676471e-01 2.051329e-05
7.205882e-01 3.676471e-01 9.917771e-06
7.303922e-01 3.676471e-01 4.625303e-06
7.401961e-01 3.676471e-01 2.268500e-06
7.500000e-01 3.676471e-01 6.616749e-07
7.598039e-01 3.676471e-01 1.144745e-06
7.696078e-01 3.676471e-01 -1.362832e-06
7.794118e-01 3.676471e-01 3.062082e-06
7.892157e-01 3.676471e-01 -5.059951e-06
7.990196e-01 3.676471e-01 7.443441e-06
8.088235e-01 3.676471e-01 -8.717540e-06
8.186275e-01 3.676471e-01 6.915534e-06
8.284314e-01 3.676471e-01 -3.839979e-07
8.382353e-01 3.676471e-01 -9.595610e-06
8.480392e-01 3.676471e-01 1.692370e-05
8.578431e-01 3.676471e-01 -1.295831e-05
8.676471e-01 3.676471e-01 -4.840191e-06
8.774510e-01 3.676471e-01 2.399949e-05
8.872549e-01 3.676471e-01 -2.221962e-05
8.970588e-01 3.676471e-01 -7.344587e-06
9.068627e-01 3.676471e-01 3.526620e-05
9.166667e-01 3.676471e-01 -2.053020e-05
9.264706e-01 3.676471e-01 -2.791314e-05
9.362745e-01 3.676471e-01 4.168567e-05
9.460784e-01 3.676471e-01 1.114139e-05
9.558824e-01 3.676471e-01 -5.195174e-05
9.656863e-01 3.676471e-01 3.380400e-06
9.754902e-01 3.676471e-01 5.587465e-05
9.852941e-01 3.676471e-01 -9.458749e-06
9.950980e-01 3.676471e-01 -5.814936e-05
4.901961e-03 3.774510e-01 -2.375154e-05
1.470588e-02 3.774510e-01 -7.032883e-05
2.450980e-02 3.774510e-01 1.816646e-05
3.431373e-02 3.774510e-01 7.347651e-05
4.411765e-02 3.774510e-01 2.120044e-06
5.392157e-02 3.774510e-01 -6.951806e-05
6.372549e-02 3.774510e-01 -3.308940e-05
7.352941e-02 3.774510e-01 4.606567e-05
8.333333e-02 3.774510e-01 5.813834e-05
9.313725e-02 3.774510e-01 2.537723e-07
1.029412e-01 3.774510e-01 -4.979561e-05
1.127451e-01 3.774510e-01 -4.309882e-05
1.225490e-01 3.774510e-01 5.548332e-07
1.323529e-01 3.774510e-01 3.535241e-05
1.421569e-01 3.774510e-01 3.817594e-05
1.519608e-01 3.774510e-01 1.717749e-05
1.617647e-01 3.774510e-01 -7.640478e-06
1.715686e-01 3.774510e-01 -2.278111e-05
1.813725e-01 3.774510e-01 -2.594041e-05
1.911765e-01 3.774510e-01 -2.139684e-05
2.009804e-01 3.774510e-01 -1.430506e-05
2.107843e-01 3.774510e-01 -7.961253e-06
2.205882e-01 3.774510e-01 -3.929502e-06
2.303922e-01 3.774510e-01 -3.465754e-06
2.401961e-01 3.774510e-01 -8.859434e-06
2.500000e-01 3.774510e-01 -2.345154e-05
2.598039e-01 3.774510e-01 -4.841248e-05
2.696078e-01 3.774510e-01 -7.302662e-05
2.794118e-01 3.774510e-01 -5.399769e-05
2.892157e-01 3.774510e-01 1.206695e-04
2.990196e-01 3.774510e-01 6.850295e-04
3.088235e-01 3.774510e-01 2.061512e-03
3.186275e-01 3.774510e-01 4.926653e-03
3.284314e-01 3.774510e-01 1.025254e-02
3.382353e-01 3.774510e-01 1.929341e-02
3.480392e-01 3.774510e-01 3.348810e-02
3.578431e-01 3.774510e-01 5.426271e-02
3.676471e-01 3.774510e-01 8.274296e-02
3.774510e-01 3.774510e-01 1.194184e-01
3.872549e-01 3.774510e-01 1.638296e-01
3.970588e-01 3.774510e-01 2.143649e-01
4.068627e-01 3.774510e-01 2.682424e-01
4.166667e-01 3.774510e-01 3.217212e-01
4.264706e-01 3.774510e-01 3.705284e-01
4.362745e-01 3.774510e-01 4.104363e-01
4.460784e-01 3.774510e-01 4.378777e-01
4.558824e-01 3.774510e-01 4.504731e-01
4.656863e-01 3.774510e-01 4.473628e-01
4.754902e-01 3.774510e-01 4.292820e-01
4.852941e-01 3.774510e-01 3.983752e-01
4.950980e-01 3.774510e-01 3.578073e-01
5.049020e-01 3.774510e-01 3.112607e-01
5.147059e-01 3.774510e-01 2.624234e-01
5.245098e-01 3.774510e-01 2.145591e-01
5.343137e-01 3.774510e-01 1.702164e-01
5.441176e-01 3.774510e-01 1.310970e-01
5.539216e-01 3.774510e-01 9.806912e-02
5.637255e-01 3.774510e-01 7.128836e-02
5.735294e-01 3.774510e-01 5.037766e-02
5.833333e-01 3.774510e-01 3.462311e-02
5.931373e-01 3.774510e-01 2.315095e-02
6.029412e-01 3.774510e-01 1.506618e-02
6.127451e-01 3.774510e-01 9.545938e-03
6.225490e-01 3.774510e-01 5.890561e-03
6.323529e-01 3.774510e-01 3.541217e-03
6.421569e-01 3.774510e-01 2.074604e-03
6.519608e-01 3.774510e-01 1.184754e-03
6.617647e-01 3.774510e-01 6.597039e-04
6.715686e-01 3.774510e-01 3.582708e-04
6.813725e-01 3.774510e-01 1.898121e-04
6.911765e-01 3.774510e-01 9.812702e-05
7.009804e-01 3.774510e-01 4.951363e-05
7.107843e-01 3.774510e-01 2.438350e-05
7.205882e-01 3.774510e-01 1.174626e-05
7.303922e-01 3.774510e-01 5.461540e-06
7.401961e-01 3.774510e-01 2.664291e-06
7.500000e-01 3.774510e-01 7.805582e-07
7.598039e-01 3.774510e-01 1.339369e-06
7.696078e-01 3.774510e-01 -1.623361e-06
7.794118e-01 3.774510e-01 3.694406e-06
7.892157e-01 3.774510e-01 -6.235067e-06
7.990196e-01 3.774510e-01 9.405497e-06
8.088235e-01 3.774510e-01 -1.145292e-05
8.186275e-01 3.774510e-01 9.873415e-06
8.284314e-01 3.774510e-01 -2.253636e-06
8.382353e-01 3.774510e-01 -1.048617e-05
8.480392e-01 3.774510e-01 2.127173e-05
8.578431e-01 3.774510e-01 -1.879043e-05
8.676471e-01 3.774510e-01 -2.215568e-06
8.774510e-01 3.774510e-01 2.843475e-05
8.872549e-01 3.774510e-01 -3.124197e-05
8.970588e-01 3.774510e-01 -3.124831e-06
9.068627e-01 3.774510e-01 4.265734e-05
9.166667e-01 3.774510e-01 -3.225124e-05
9.264706e-01 3.774510e-01 -2.812638e-05
9.362745e-01 3.774510e-01 5.584341e-05
9.460784e-01 3.774510e-01 3.909496e-06
9.558824e-01 3.774510e-01 -6.509398e-05
9.656863e-01 3.774510e-01 1.557712e-05
9.754902e-01 3.774510e-01 6.766683e-05
9.852941e-01 3.774510e-01 -2.375154e-05
9.950980e-01 3.774510e-01 -7.032883e-05
4.901961e-03 3.872549e-01 -4.176440e-05
1.470588e-02 3.872549e-01 -7.985676e-05
2.450980e-02 3.872549e-01 3.569977e-05
3.431373e-02 3.872549e-01 8.622664e-05
4.411765e-02 3.872549e-01 -1.142634e-05
5.392157e-02 3.872549e-01 -8.670274e-05
6.372549e-02 3.872549e-01 -2.837946e-05
7.352941e-02 3.872549e-01 6.432275e-05
8.333333e-02 3.872549e-01 6.555003e-05
9.313725e-02 3.872549e-01 -1.032056e-05
1.029412e-01 3.872549e-01 -6.462082e-05
1.127451e-01 3.872549e-01 -4.742318e-05
1.225490e-01 3.872549e-01 8.460572e-06
1.323529e-01 3.872549e-01 4.707045e-05
1.421569e-01 3.872549e-01 4.518401e-05
1.519608e-01 3.872549e-01 1.665887e-05
1.617647e-01 3.872549e-01 -1.352687e-05
1.715686e-01 3.872549e-01 -3.035171e-05
1.813725e-01 3.872549e-01 -3.251499e-05
1.911765e-01 3.872549e-01 -2.593521e-05
2.009804e-01 3.872549e-01 -1.692805e-05
2.107843e-01 3.872549e-01 -9.339516e-06
2.205882e-01 3.872549e-01 -5.036263e-06
2.303922e-01 3.872549e-01 -5.700228e-06
2.401961e-01 3.872549e-01 -1.416942e-05
2.500000e-01 3.872549e-01 -3.360268e-05
2.598039e-01 3.872549e-01 -6.175206e-05
2.696078e-01 3.872549e-01 -7.595124e-05
2.794118e-01 3.872549e-01 -3.141105e-06
2.892157e-01 3.872549e-01 3.301277e-04
2.990196e-01 3.872549e-01 1.268670e-03
3.088235e-01 3.872549e-01 3.413108e-03
3.186275e-01 3.872549e-01 7.698252e-03
3.284314e-01 3.872549e-01 1.543364e-02
3.382353e-01 3.872549e-01 2.826743e-02
3.480392e-01 3.872549e-01 4.803911e-02
3.578431e-01 3.872549e-01 7.650656e-02
3.676471e-01 3.872549e-01 1.149666e-01
3.774510e-01 3.872549e-01 1.638296e-01
3.872549e-01 3.872549e-01 2.222430e-01
3.970588e-01 3.872549e-01 2.878713e-01
4.068627e-01 3.872549e-01 3.569252e-01
4.166667e-01 3.872549e-01 4.244804e-01
4.264706e-01 3.872549e-01 4.850606e-01
4.362745e-01 3.872549e-01 5.333875e-01
4.460784e-01 3.872549e-01 5.651517e-01
4.558824e-01 3.872549e-01 5.776462e-01
4.656863e-01 3.872549e-01 5.701353e-01
4.754902e-01 3.872549e-01 5.438907e-01
4.852941e-01 3.872549e-01 5.019071e-01
4.950980e-01 3.872549e-01 4.483744e-01
5.049020e-01 3.872549e-01 3.880290e-01
5.147059e-01 3.872549e-01 3.255137e-01
5.245098e-01 3.872549e-01 2.648570e-01
5.343137e-01 3.872549e-01 2.091353e-01
5.441176e-01 3.872549e-01 1.603385e-01
5.539216e-01 3.872549e-01 1.194124e-01
5.637255e-01 3.872549e-01 8.642818e-02
5.735294e-01 3.872549e-01 6.081886e-02
5.833333e-01 3.872549e-01 4.162652e-02
5.931373e-01 3.872549e-01 2.772128e-02
6.029412e-01 3.872549e-01 1.796893e-02
6.127451e-01 3.872549e-01 1.134079e-02
6.225490e-01 3.872549e-01 6.971332e-03
6.323529e-01 3.872549e-01 4.175158e-03
6.421569e-01 3.872549e-01 2.436922e-03
6.519608e-01 3.872549e-01 1.386575e-03
6.617647e-01 3.872549e-01 7.692982e-04
6.715686e-01 3.872549e-01 4.163007e-04
6.813725e-01 3.872549e-01 2.197801e-04
6.911765e-01 3.872549e-01 1.132242e-04
7.009804e-01 3.872549e-01 5.693459e-05
7.107843e-01 3.872549e-01 2.794290e-05
7.205882e-01 3.872549e-01 1.341429e-05
7.303922e-01 3.872549e-01 6.219031e-06
7.401961e-01 3.872549e-01 3.018192e-06
7.500000e-01 3.872549e-01 8.883667e-07
7.598039e-01 3.872549e-01 1.510566e-06
7.696078e-01 3.872549e-01 -1.860942e-06
7.794118e-01 3.872549e-01 4.287364e-06
7.892157e-01 3.872549e-01 -7.378681e-06
7.990196e-01 3.872549e-01 1.138935e-05
8.088235e-01 3.872549e-01 -1.435384e-05
8.186275e-01 3.872549e-01 1.323882e-05
8.284314e-01 3.872549e-01 -4.782253e-06
8.382353e-01 3.872549e-01 -1.068804e-05
8.480392e-01 3.872549e-01 2.538990e-05
8.578431e-01 3.872549e-01 -2.532036e-05
8.676471e-01 3.872549e-01 1.875665e-06
8.774510e-01 3.872549e-01 3.178564e-05
8.872549e-01 3.872549e-01 -4.095002e-05
8.970588e-01 3.872549e-01 3.386214e-06
9.068627e-01 3.872549e-01 4.861546e-05
9.166667e-01 3.872549e-01 -4.566077e-05
9.264706e-01 3.872549e-01 -2.522330e-05
9.362745e-01 3.872549e-01 7.002905e-05
9.460784e-01 3.872549e-01 -7.055690e-06
9.558824e-01 3.872549e-01 -7.667242e-05
9.656863e-01 3.872549e-01 3.149671e-05
9.754902e-01 3.872549e-01 7.694798e-05
9.852941e-01 3.872549e-01 -4.176440e-05
9.950980e-01 3.872549e-01 -7.985676e-05
4.901961e-03 3.970588e-01 -6.224470e-05
1.470588e-02 3.970588e-01 -8.517415e-05
2.450980e-02 3.970588e-01 5.612504e-05
3.431373e-02 3.970588e-01 9.534284e-05
4.411765e-02 3.970588e-01 -2.877873e-05
5.392157e-02 3.970588e-01 -1.018821e-04
6.372549e-02 3.970588e-01 -1.926827e-05
7.352941e-02 3.970588e-01 8.319485e-05
8.333333e-02 3.970588e-01 6.953971e-05
9.313725e-02 3.970588e-01 -2.384549e-05
1.029412e-01 3.970588e-01 -7.898480e-05
1.127451e-01 3.970588e-01 -4.901238e-05
1.225490e-01 3.970588e-01 1.858792e-05
1.323529e-01 3.970588e-01 5.901615e-05
1.421569e-01 3.970588e-01 5.086014e-05
1.519608e-01 3.970588e-01 1.446696e-05
1.617647e-01 3.970588e-01 -2.055691e-05
1.715686e-01 3.970588e-01 -3.833772e-05
1.813725e-01 3.970588e-01 -3.899937e-05
1.911765e-01 3.970588e-01 -3.018559e-05
2.009804e-01 3.970588e-01 -1.929288e-05
2.107843e-01 3.970588e-01 -1.064108e-05
2.205882e-01 3.970588e-01 -6.390389e-06
2.303922e-01 3.970588e-01 -8.645479e-06
2.401961e-01 3.970588e-01 -2.057933e-05
2.500000e-01 3.970588e-01 -4.428586e-05
2.598039e-01 3.970588e-01 -7.172441e-05
2.696078e-01 3.970588e-01 -6.314243e-05
2.794118e-01 3.970588e-01 9.383809e-05
2.892157e-01 3.970588e-01 6.498405e-04
2.990196e-01 3.970588e-01 2.083539e-03
3.088235e-01 3.970588e-01 5.204043e-03
3.186275e-01 3.970588e-01 1.123945e-02
3.284314e-01 3.970588e-01 2.187109e-02
3.382353e-01 3.970588e-01 3.916660e-02
3.480392e-01 3.970588e-01 6.537326e-02
3.578431e-01 3.970588e-01 1.025603e-01
3.676471e-01 3.970588e-01 1.521424e-01
3.774510e-01 3.970588e-01 2.143649e-01
3.872549e-01 3.970588e-01 2.878713e-01
3.970588e-01 3.970588e-01 3.694827e-01
4.068627e-01 3.970588e-01 4.542920e-01
4.166667e-01 3.970588e-01 5.361111e-01
4.264706e-01 3.970588e-01 6.082252e-01
4.362745e-01 3.970588e-01 6.643226e-01
4.460784e-01 3.970588e-01 6.994189e-01
4.558824e-01 3.970588e-01 7.105849e-01
4.656863e-01 3.970588e-01 6.973338e-01
4.754902e-01 3.970588e-01 6.615987e-01
4.852941e-01 3.970588e-01 6.073305e-01
4.950980e-01 3.970588e-01 5.398200e-01
5.049020e-01 3.970588e-01 4.648973e-01
5.147059e-01 3.970588e-01 3.881657e-01
5.245098e-01 3.970588e-01 3.143963e-01
5.343137e-01 3.970588e-01 2.471547e-01
5.441176e-01 3.970588e-01 1.886717e-01
5.539216e-01 3.970588e-01 1.399242e-01
5.637255e-01 3.970588e-01 1.008594e-01
5.735294e-01 3.970588e-01 7.068976e-02
5.833333e-01 3.970588e-01 4.819272e-02
5.931373e-01 3.970588e-01 3.197062e-02
6.029412e-01 3.970588e-01 2.064510e-02
6.127451e-01 3.970588e-01 1.298144e-02
6.225490e-01 3.970588e-01 7.950725e-03
6.323529e-01 3.970588e-01 4.744593e-03
6.421569e-01 3.970588e-01 2.759467e-03
6.519608e-01 3.970588e-01 1.564606e-03
6.617647e-01 3.970588e-01 8.650747e-04
6.715686e-01 3.970588e-01 4.665317e-04
6.813725e-01 3.970588e-01 2.454676e-04
6.911765e-01 3.970588e-01 1.260353e-04
7.009804e-01 3.970588e-01 6.316695e-05
7.107843e-01 3.970588e-01 3.090059e-05
7.205882e-01 3.970588e-01 1.478478e-05
7.303922e-01 3.970588e-01 6.835235e-06
7.401961e-01 3.970588e-01 3.300773e-06
7.500000e-01 3.970588e-01 9.762568e-07
7.598039e-01 3.970588e-01 1.643754e-06
7.696078e-01 3.970588e-01 -2.055409e-06
7.794118e-01 3.970588e-01 4.791671e-06
7.892157e-01 3.970588e-01 -8.398450e-06
7.990196e-01 3.970588e-01 1.324128e-05
8.088235e-01 3.970588e-01 -1.720990e-05
8.186275e-01 3.970588e-01 1.679692e-05
8.284314e-01 3.970588e-01 -7.866778e-06
8.382353e-01 3.970588e-01 -1.005456e-05
8.480392e-01 3.970588e-01 2.884795e-05
8.578431e-01 3.970588e-01 -3.205078e-05
8.676471e-01 3.970588e-01 7.308349e-06
8.774510e-01 3.970588e-01 3.351126e-05
8.872549e-01 3.970588e-01 -5.048632e-05
8.970588e-01 3.970588e-01 1.195322e-05
9.068627e-01 3.970588e-01 5.224384e-05
9.166667e-01 3.970588e-01 -5.966492e-05
9.264706e-01 3.970588e-01 -1.891541e-05
9.362745e-01 3.970588e-01 8.272245e-05
9.460784e-01 3.970588e-01 -2.128670e-05
9.558824e-01 3.970588e-01 -8.512559e-05
9.656863e-01 3.970588e-01 5.012050e-05
9.754902e-01 3.970588e-01 8.221590e-05
9.852941e-01 3.970588e-01 -6.224470e-05
9.950980e-01 3.970588e-01 -8.517415e-05
4.901961e-03 4.068627e-01 -8.334400e-05
1.470588e-02 4.068627e-01 -8.518768e-05
2.450980e-02 4.068627e-01 7.765840e-05
3.431373e-02 4.068627e-01 9.940708e-05
4.411765e-02 4.068627e-01 -4.860630e-05
5.392157e-02 4.068627e-01 -1.132229e-04
6.372549e-02 4.068627e-01 -6.137111e-06
7.352941e-02 4.068627e-01 1.008275e-04
8.333333e-02 4.068627e-01 6.926774e-05
9.313725e-02 4.068627e-01 -3.934035e-05
1.029412e-01 4.068627e-01 -9.140842e-05
1.127451e-01 4.068627e-01 -4.736485e-05
1.225490e-01 4.068627e-01 3.024895e-05
1.323529e-01 4.068627e-01 7.009782e-05
1.421569e-01 4.068627e-01 5.451635e-05
1.519608e-01 4.068627e-01 1.058791e-05
1.617647e-01 4.068627e-01 -2.826339e-05
1.715686e-01 4.068627e-01 -4.612104e-05
1.813725e-01 4.068627e-01 -4.486070e-05
1.911765e-01 4.068627e-01 -3.379071e-05
2.009804e-01 4.068627e-01 -2.121151e-05
2.107843e-01 4.068627e-01 -1.180006e-05
2.205882e-01 4.068627e-01 -7.973662e-06
2.303922e-01 4.068627e-01 -1.218676e-05
2.401961e-01 4.068627e-01 -2.757315e-05
2.500000e-01 4.068627e-01 -5.401296e-05
2.598039e-01 4.068627e-01 -7.500283e-05
2.696078e-01 4.068627e-01 -2.851009e-05
2.794118e-01 4.068627e-01 2.459559e-04
2.892157e-01 4.068627e-01 1.089323e-03
2.990196e-01 4.068627e-01 3.131371e-03
3.088235e-01 4.068627e-01 7.409193e-03
3.186275e-01 4.068627e-01 1.546193e-02
3.284314e-01 4.068627e-01 2.935272e-02
3.382353e-01 4.068627e-01 5.156378e-02
3.480392e-01 4.068627e-01 8.472392e-02
3.578431e-01 4.068627e-01 1.311627e-01
3.676471e-01 4.068627e-01 1.923384e-01
3.774510e-01 4.068627e-01 2.682424e-01
3.872549e-01 4.068627e-01 3.569252e-01
3.970588e-01 4.068627e-01 4.542920e-01
4.068627e-01 4.068627e-01 5.542802e-01
4.166667e-01 4.068627e-01 6.494477e-01
4.264706e-01 4.068627e-01 7.319009e-01
4.362745e-01 4.068627e-01 7.943990e-01
4.460784e-01 4.068627e-01 8.314151e-01
4.558824e-01 4.068627e-01 8.399375e-01
4.656863e-01 4.068627e-01 8.198518e-01
4.754902e-01 4.068627e-01 7.738428e-01
4.852941e-01 4.068627e-01 7.068629e-01
4.950980e-01 4.068627e-01 6.253020e-01
5.049020e-01 4.068627e-01 5.360423e-01
5.147059e-01 4.068627e-01 4.455781e-01
5.245098e-01 4.068627e-01 3.593404e-01
5.343137e-01 4.068627e-01 2.813008e-01
5.441176e-01 4.068627e-01 2.138599e-01
5.539216e-01 4.068627e-01 1.579715e-01
5.637255e-01 4.068627e-01 1.134240e-01
5.735294e-01 4.068627e-01 7.919237e-02
5.833333e-01 4.068627e-01 5.378725e-02
5.931373e-01 4.068627e-01 3.555086e-02
6.029412e-01 4.068627e-01 2.287414e-02
6.127451e-01 4.068627e-01 1.433195e-02
6.225490e-01 4.068627e-01 8.747160e-03
6.323529e-01 4.068627e-01 5.201866e-03
6.421569e-01 4.068627e-01 3.015125e-03
6.519608e-01 4.068627e-01 1.703821e-03
6.617647e-01 4.068627e-01 9.389203e-04
6.715686e-01 4.068627e-01 5.046945e-04
6.813725e-01 4.068627e-01 2.646847e-04
6.911765e-01 4.068627e-01 1.354654e-04
7.009804e-01 4.068627e-01 6.767671e-05
7.107843e-01 4.068627e-01 3.300261e-05
7.205882e-01 4.068627e-01 1.573986e-05
7.303922e-01 4.068627e-01 7.257078e-06
7.401961e-01 4.068627e-01 3.487663e-06
7.500000e-01 4.068627e-01 1.036690e-06
7.598039e-01 4.068627e-01 1.727276e-06
7.696078e-01 4.068627e-01 -2.189558e-06
7.794118e-01 4.068627e-01 5.163034e-06
7.892157e-01 4.068627e-01 -9.205705e-06
7.990196e-01 4.068627e-01 1.480320e-05
8.088235e-01 4.068627e-01 -1.978489e-05
8.186275e-01 4.068627e-01 2.027072e-05
8.284314e-01 4.068627e-01 -1.130327e-05
8.382353e-01 4.068627e-01 -8.545872e-06
8.480392e-01 4.068627e-01 3.125322e-05
8.578431e-01 4.068627e-01 -3.837745e-05
8.676471e-01 4.068627e-01 1.372560e-05
8.774510e-01 4.068627e-01 3.324890e-05
8.872549e-01 4.068627e-01 -5.889217e-05
8.970588e-01 4.068627e-01 2.197304e-05
9.068627e-01 4.068627e-01 5.289021e-05
9.166667e-01 4.068627e-01 -7.290927e-05
9.264706e-01 4.068627e-01 -9.429325e-06
9.362745e-01 4.068627e-01 9.242231e-05
9.460784e-01 4.068627e-01 -3.770778e-05
9.558824e-01 4.068627e-01 -8.917612e-05
9.656863e-01 4.068627e-01 6.983046e-05
9.754902e-01 4.068627e-01 8.240982e-05
9.852941e-01 4.068627e-01 -8.334400e-05
9.950980e-01 4.068627e-01 -8.518768e-05
4.901961e-03 4.166667e-01 -1.028957e-04
1.470588e-02 4.166667e-01 -7.951882e-05
2.450980e-02 4.166667e-01 9.812693e-05
3.431373e-02 4.166667e-01 9.763522e-05
4.411765e-02 4.166667e-01 -6.902536e-05
5.392157e-02 4.166667e-01 -1.192791e-04
6.372549e-02 4.166667e-01 9.951159e-06
7.352941e-02 4.166667e-01 1.153346e-04
8.333333e-02 4.166667e-01 6.445963e-05
9.313725e-02 4.166667e-01 -5.539472e-05
1.029412e-01 4.166667e-01 -1.005281e-04
1.127451e-01 4.166667e-01 -4.241537e-05
1.225490e-01 4.166667e-01 4.243162e-05
1.323529e-01 4.166667e-01 7.921285e-05
1.421569e-01 4.166667e-01 5.567883e-05
1.519608e-01 4.166667e-01 5.258940e-06
1.617647e-01 4.166667e-01 -3.601441e-05
1.715686e-01 4.166667e-01 -5.302673e-05
1.813725e-01 4.166667e-01 -4.958058e-05
1.911765e-01 4.166667e-01 -3.643406e-05
2.009804e-01 4.166667e-01 -2.253086e-05
2.107843e-01 4.166667e-01 -1.275660e-05
2.205882e-01 4.166667e-01 -9.718090e-06
2.303922e-01 4.166667e-01 -1.606951e-05
2.401961e-01 4.166667e-01 -3.439200e-05
2.500000e-01 4.166667e-01 -6.105651e-05
2.598039e-01 4.166667e-01 -6.847840e-05
2.696078e-01 4.166667e-01 3.213264e-05
2.794118e-01 4.166667e-01 4.559439e-04
2.892157e-01 4.166667e-01 1.642289e-03
2.990196e-01 4.166667e-01 4.379830e-03
3.088235e-01 4.166667e-01 9.937567e-03
3.186275e-01 4.166667e-01 2.016065e-02
3.284314e-01 4.166667e-01 3.747418e-02
3.382353e-01 4.166667e-01 6.473545e-02
3.480392e-01 4.166667e-01 1.048938e-01
3.578431e-01 4.166667e-01 1.604602e-01
3.676471e-01 4.166667e-01 2.328498e-01
3.774510e-01 4.166667e-01 3.217212e-01
3.872549e-01 4.166667e-01 4.244804e-01
3.970588e-01 4.166667e-01 5.361111e-01
4.068627e-01 4.166667e-01 6.494477e-01
4.166667e-01 4.166667e-01 7.559057e-01
4.264706e-01 4.166667e-01 8.465742e-01
4.362745e-01 4.166667e-01 9.134722e-01
4.460784e-01 4.166667e-01 9.507187e-01
4.558824e-01 4.166667e-01 9.553774e-01
4.656863e-01 4.166667e-01 9.278106e-01
4.754902e-01 4.166667e-01 8.714909e-01
4.852941e-01 4.166667e-01 7.923399e-01
4.950980e-01 4.166667e-01 6.977565e-01
5.049020e-01 4.166667e-01 5.955456e-01
5.147059e-01 4.166667e-01 4.929459e-01
5.245098e-01 4.166667e-01 3.959068e-01
5.343137e-01 4.166667e-01 3.086859e-01
5.441176e-01 4.166667e-01 2.337636e-01
5.539216e-01 4.166667e-01 1.720153e-01
5.637255e-01 4.166667e-01 1.230467e-01
5.735294e-01 4.166667e-01 8.559676e-02
5.833333e-01 4.166667e-01 5.792852e-02
5.931373e-01 4.166667e-01 3.815310e-02
6.029412e-01 4.166667e-01 2.446339e-02
6.127451e-01 4.166667e-01 1.527539e-02
6.225490e-01 4.166667e-01 9.291611e-03
6.323529e-01 4.166667e-01 5.507316e-03
6.421569e-01 4.166667e-01 3.181716e-03
6.519608e-01 4.166667e-01 1.792142e-03
6.617647e-01 4.166667e-01 9.844307e-04
6.715686e-01 4.166667e-01 5.274822e-04
6.813725e-01 4.166667e-01 2.757683e-04
6.911765e-01 4.166667e-01 1.406997e-04
7.009804e-01 4.166667e-01 7.007517e-05
7.107843e-01 4.166667e-01 3.406830e-05
7.205882e-01 4.166667e-01 1.619773e-05
7.303922e-01 4.166667e-01 7.448547e-06
7.401961e-01 4.166667e-01 3.563037e-06
7.500000e-01 4.166667e-01 1.064506e-06
7.598039e-01 4.166667e-01 1.754085e-06
7.696078e-01 4.166667e-01 -2.251669e-06
7.794118e-01 4.166667e-01 5.368625e-06
7.892157e-01 4.166667e-01 -9.728357e-06
7.990196e-01 4.166667e-01 1.593537e-05
8.088235e-01 4.166667e-01 -2.184983e-05
8.186275e-01 4.166667e-01 2.335736e-05
8.284314e-01 4.166667e-01 -1.480853e-05
8.382353e-01 4.166667e-01 -6.246895e-06
8.480392e-01 4.166667e-01 3.231993e-05
8.578431e-01 4.166667e-01 -4.367979e-05
8.676471e-01 4.166667e-01 2.057533e-05
8.774510e-01 4.166667e-01 3.089563e-05
8.872549e-01 4.166667e-01 -6.526482e-05
8.970588e-01 4.166667e-01 3.254291e-05
9.068627e-01 4.166667e-01 5.028853e-05
9.166667e-01 4.166667e-01 -8.399480e-05
9.264706e-01 4.166667e-01 2.480717e-06
9.362745e-01 4.166667e-01 9.792045e-05
9.460784e-01 4.166667e-01 -5.476794e-05
9.558824e-01 4.166667e-01 -8.809351e-05
9.656863e-01 4.166667e-01 8.864358e-05
9.754902e-01 4.166667e-01 7.715073e-05
9.852941e-01 4.166667e-01 -1.028957e-04
9.950980e-01 4.166667e-01 -7.951882e-05
4.901961e-03 4.264706e-01 -1.187827e-04
1.470588e-02 4.264706e-01 -6.860976e-05
2.450980e-02 4.264706e-01 1.153330e-04
3.431373e-02 4.264706e-01 9.005052e-05
4.411765e-02 4.264706e-01 -8.790183e-05
5.392157e-02 4.264706e-01 -1.192671e-04
6.372549e-02 4.264706e-01 2.740061e-05
7.352941e-02 4.264706e-01 1.251257e-04
8.333333e-02 4.264706e-01 5.548532e-05
9.313725e-02 4.264706e-01 -7.038657e-05
1.029412e-01 4.264706e-01 -1.053349e-04
1.127451e-01 4.264706e-01 -3.457108e-05
1.225490e-01 4.264706e-01 5.394968e-05
1.323529e-01 4.264706e-01 8.542819e-05
1.421569e-01 4.264706e-01 5.417712e-05
1.519608e-01 4.264706e-01 -1.054515e-06
1.617647e-01 4.264706e-01 -4.310178e-05
1.715686e-01 4.264706e-01 -5.842182e-05
1.813725e-01 4.264706e-01 -5.273193e-05
1.911765e-01 4.264706e-01 -3.788641e-05
2.009804e-01 4.264706e-01 -2.315317e-05
2.107843e-01 4.264706e-01 -1.345939e-05
2.205882e-01 4.264706e-01 -1.150381e-05
2.303922e-01 4.264706e-01 -1.992134e-05
2.401961e-01 4.264706e-01 -4.014448e-05
2.500000e-01 4.264706e-01 -6.377367e-05
2.598039e-01 4.264706e-01 -4.999699e-05
2.696078e-01 4.264706e-01 1.196749e-04
2.794118e-01 4.264706e-01 7.180356e-04
2.892157e-01 4.264706e-01 2.283833e-03
2.990196e-01 4.264706e-01 5.760224e-03
3.088235e-01 4.264706e-01 1.263342e-02
3.186275e-01 4.264706e-01 2.502397e-02
3.284314e-01 4.264706e-01 4.566769e-02
3.382353e-01 4.264706e-01 7.772346e-02
3.480392e-01 4.264706e-01 1.243694e-01
3.578431e-01 4.264706e-01 1.881987e-01
3.676471e-01 4.264706e-01 2.704948e-01
3.774510e-01 4.264706e-01 3.705284e-01
3.872549e-01 4.264706e-01 4.850606e-01
3.970588e-01 4.264706e-01 6.082252e-01
4.068627e-01 4.264706e-01 7.319009e-01
4.166667e-01 4.264706e-01 8.465742e-01
4.264706e-01 4.264706e-01 9.425707e-01
4.362745e-01 4.264706e-01 1.011428e+00
4.460784e-01 4.264706e-01 1.047137e+00
4.558824e-01 4.264706e-01 1.046992e+00
4.656863e-01 4.264706e-01 1.011900e+00
4.754902e-01 4.264706e-01 9.460922e-01
4.852941e-01 4.264706e-01 8.563424e-01
4.950980e-01 4.264706e-01 7.508798e-01
5.049020e-01 4.264706e-01 6.382206e-01
5.147059e-01 4.264706e-01 5.261351e-01
5.245098e-01 4.264706e-01 4.209020e-01
5.343137e-01 4.264706e-01 3.269175e-01
5.441176e-01 4.264706e-01 2.466443e-01
5.539216e-01 4.264706e-01 1.808298e-01
5.637255e-01 4.264706e-01 1.288885e-01
5.735294e-01 4.264706e-01 8.934560e-02
5.833333e-01 4.264706e-01 6.025699e-02
5.931373e-01 4.264706e-01 3.955207e-02
6.029412e-01 4.264706e-01 2.527573e-02
6.127451e-01 4.264706e-01 1.573072e-02
6.225490e-01 4.264706e-01 9.537537e-03
6.323529e-01 4.264706e-01 5.634980e-03
6.421569e-01 4.264706e-01 3.245173e-03
6.519608e-01 4.264706e-01 1.822169e-03
6.617647e-01 4.264706e-01 9.978280e-04
6.715686e-01 4.264706e-01 5.330231e-04
6.813725e-01 4.264706e-01 2.778195e-04
6.911765e-01 4.264706e-01 1.413199e-04
7.009804e-01 4.264706e-01 7.017395e-05
7.107843e-01 4.264706e-01 3.401572e-05
7.205882e-01 4.264706e-01 1.612412e-05
7.303922e-01 4.264706e-01 7.395715e-06
7.401961e-01 4.264706e-01 3.521799e-06
7.500000e-01 4.264706e-01 1.057649e-06
7.598039e-01 4.264706e-01 1.722704e-06
7.696078e-01 4.264706e-01 -2.237181e-06
7.794118e-01 4.264706e-01 5.391847e-06
7.892157e-01 4.264706e-01 -9.921518e-06
7.990196e-01 4.264706e-01 1.653711e-05
8.088235e-01 4.264706e-01 -2.321697e-05
8.186275e-01 4.264706e-01 2.577276e-05
8.284314e-01 4.264706e-01 -1.806002e-05
8.382353e-01 4.264706e-01 -3.360318e-06
8.480392e-01 4.264706e-01 3.192067e-05
8.578431e-01 4.264706e-01 -4.742152e-05
8.676471e-01 4.264706e-01 2.719161e-05
8.774510e-01 4.264706e-01 2.663925e-05
8.872549e-01 4.264706e-01 -6.891357e-05
8.970588e-01 4.264706e-01 4.259902e-05
9.068627e-01 4.264706e-01 4.462533e-05
9.166667e-01 4.264706e-01 -9.171853e-05
9.264706e-01 4.264706e-01 1.563655e-05
9.362745e-01 4.264706e-01 9.852961e-05
9.460784e-01 4.264706e-01 -7.068897e-05
9.558824e-01 4.264706e-01 -8.185260e-05
9.656863e-01 4.264706e-01 1.045437e-04
9.754902e-01 4.264706e-01 6.684533e-05
9.852941e-01 4.264706e-01 -1.187827e-04
9.950980e-01 4.264706e-01 -6.860976e-05
4.901961e-03 4.362745e-01 -1.293083e-04
1.470588e-02 4.362745e-01 -5.365576e-05
2.450980e-02 4.362745e-01 1.274381e-04
3.431373e-02 4.362745e-01 7.748934e-05
4.411765e-02 4.362745e-01 -1.032196e-04
5.392157e-02 4.362745e-01 -1.132109e-04
6.372549e-02 4.362745e-01 4.435136e-05
7.352941e-02 4.362745e-01 1.291828e-04
8.333333e-02 4.362745e-01 4.330417e-05
9.313725e-02 4.362745e-01 -8.275500e-05
1.029412e-01 4.362745e-01 -1.053486e-04
1.127451e-01 4.362745e-01 -2.464967e-05
1.225490e-01 4.362745e-01 6.363638e-05
1.323529e-01 4.362745e-01 8.813486e-05
1.421569e-01 4.362745e-01 5.017533e-05
1.519608e-01 4.362745e-01 -7.729708e-06
1.617647e-01 4.362745e-01 -4.885015e-05
1.715686e-01 4.362745e-01 -6.181188e-05
1.813725e-01 4.362745e-01 -5.404271e-05
1.911765e-01 4.362745e-01 -3.803822e-05
2.009804e-01 4.362745e-01 -2.304705e-05
2.107843e-01 4.362745e-01 -1.386785e-05
2.205882e-01 4.362745e-01 -1.317026e-05
2.303922e-01 4.362745e-01 -2.330649e-05
2.401961e-01 4.362745e-01 -4.396732e-05
2.500000e-01 4.362745e-01 -6.096507e-05
2.598039e-01 4.362745e-01 -1.900211e-05
2.696078e-01 4.362745e-01 2.308194e-04
2.794118e-01 4.362745e-01 1.017253e-03
2.892157e-01 4.362745e-01 2.971167e-03
2.990196e-01 4.362745e-01 7.172531e-03
3.088235e-01 4.362745e-01 1.529094e-02
3.186275e-01 4.362745e-01 2.966700e-02
3.284314e-01 4.362745e-01 5.326758e-02
3.382353e-01 4.362745e-01 8.945153e-02
3.480392e-01 4.362745e-01 1.415118e-01
3.578431e-01 4.362745e-01 2.120159e-01
3.676471e-01 4.362745e-01 3.020370e-01
3.774510e-01 4.362745e-01 4.104363e-01
3.872549e-01 4.362745e-01 5.333875e-01
3.970588e-01 4.362745e-01 6.643226e-01
4.068627e-01 4.362745e-01 7.943990e-01
4.166667e-01 4.362745e-01 9.134722e-01
4.264706e-01 4.362745e-01 1.011428e+00
4.362745e-01 4.362745e-01 1.079627e+00
4.460784e-01 4.362745e-01 1.112166e+00
4.558824e-01 4.362745e-01 1.106709e+00
4.656863e-01 4.362745e-01 1.064724e+00
4.754902e-01 4.362745e-01 9.910996e-01
4.852941e-01 4.362745e-01 8.932705e-01
4.950980e-01 4.362745e-01 7.800419e-01
5.049020e-01 4.362745e-01 6.603654e-01
5.147059e-01 4.362745e-01 5.422824e-01
5.245098e-01 4.362745e-01 4.321834e-01
5.343137e-01 4.362745e-01 3.344446e-01
5.441176e-01 4.362745e-01 2.514157e-01
5.539216e-01 4.362745e-01 1.836792e-01
5.637255e-01 4.362745e-01 1.304677e-01
5.735294e-01 4.362745e-01 9.013404e-02
5.833333e-01 4.362745e-01 6.058642e-02
5.931373e-01 4.362745e-01 3.963809e-02
6.029412e-01 4.362745e-01 2.524900e-02
6.127451e-01 4.362745e-01 1.566413e-02
6.225490e-01 4.362745e-01 9.467362e-03
6.323529e-01 4.362745e-01 5.576185e-03
6.421569e-01 4.362745e-01 3.201477e-03
6.519608e-01 4.362745e-01 1.792186e-03
6.617647e-01 4.362745e-01 9.784655e-04
6.715686e-01 4.362745e-01 5.211270e-04
6.813725e-01 4.362745e-01 2.708191e-04
6.911765e-01 4.362745e-01 1.373567e-04
7.009804e-01 4.362745e-01 6.800818e-05
7.107843e-01 4.362745e-01 3.287138e-05
7.205882e-01 4.362745e-01 1.553618e-05
7.303922e-01 4.362745e-01 7.108241e-06
7.401961e-01 4.362745e-01 3.370051e-06
7.500000e-01 4.362745e-01 1.017390e-06
7.598039e-01 4.362745e-01 1.637285e-06
7.696078e-01 4.362745e-01 -2.149169e-06
7.794118e-01 4.362745e-01 5.234422e-06
7.892157e-01 4.362745e-01 -9.773702e-06
7.990196e-01 4.362745e-01 1.656145e-05
8.088235e-01 4.362745e-01 -2.376791e-05
8.186275e-01 4.362745e-01 2.729501e-05
8.284314e-01 4.362745e-01 -2.074585e-05
8.382353e-01 4.362745e-01 -1.752223e-07
8.480392e-01 4.362745e-01 3.010813e-05
8.578431e-01 4.362745e-01 -4.923881e-05
8.676471e-01 4.362745e-01 3.290344e-05
8.774510e-01 4.362745e-01 2.092970e-05
8.872549e-01 4.362745e-01 -6.947795e-05
8.970588e-01 4.362745e-01 5.109524e-05
9.068627e-01 4.362745e-01 3.651258e-05
9.166667e-01 4.362745e-01 -9.528210e-05
9.264706e-01 4.362745e-01 2.863475e-05
9.362745e-01 4.362745e-01 9.420819e-05
9.460784e-01 4.362745e-01 -8.377206e-05
9.558824e-01 4.362745e-01 -7.114592e-05
9.656863e-01 4.362745e-01 1.158335e-04
9.754902e-01 4.362745e-01 5.262395e-05
9.852941e-01 4.362745e-01 -1.293083e-04
9.950980e-01 4.362745e-01 -5.365576e-05
4.901961e-03 4.460784e-01 -1.334824e-04
1.470588e-02 4.460784e-01 -3.638135e-05
2.450980e-02 4.460784e-01 1.332745e-04
3.431373e-02 4.460784e-01 6.143898e-05
4.411765e-02 4.460784e-01 -1.134272e-04
5.392157e-02 4.460784e-01 -1.019204e-04
6.372549e-02 4.460784e-01 5.900514e-05
7.352941e-02 4.460784e-01 1.272239e-04
8.333333e-02 4.460784e-01 2.928932e-05
9.313725e-02 4.460784e-01 -9.126390e-05
1.029412e-01 4.460784e-01 -1.006887e-04
1.127451e-01 4.460784e-01 -1.373430e-05
1.225490e-01 4.460784e-01 7.053773e-05
1.323529e-01 4.460784e-01 8.714151e-05
1.421569e-01 4.460784e-01 4.413869e-05
1.519608e-01 4.460784e-01 -1.408981e-05
1.617647e-01 4.460784e-01 -5.272314e-05
1.715686e-01 4.460784e-01 -6.291474e-05
1.813725e-01 4.460784e-01 -5.343343e-05
1.911765e-01 4.460784e-01 -3.691189e-05
2.009804e-01 4.460784e-01 -2.224809e-05
2.107843e-01 4.460784e-01 -1.395455e-05
2.205882e-01 4.460784e-01 -1.453969e-05
2.303922e-01 4.460784e-01 -2.580227e-05
2.401961e-01 4.460784e-01 -4.519882e-05
2.500000e-01 4.460784e-01 -5.217569e-05
2.598039e-01 4.460784e-01 2.310353e-05
2.696078e-01 4.460784e-01 3.580107e-04
2.794118e-01 4.460784e-01 1.330605e-03
2.892157e-01 4.460784e-01 3.648248e-03
2.990196e-01 4.460784e-01 8.497550e-03
3.088235e-01 4.460784e-01 1.768086e-02
3.186275e-01 4.460784e-01 3.368331e-02
3.284314e-01 4.460784e-01 5.960209e-02
3.382353e-01 4.460784e-01 9.887639e-02
3.480392e-01 4.460784e-01 1.547904e-01
3.578431e-01 4.460784e-01 2.297809e-01
3.676471e-01 4.460784e-01 3.246538e-01
3.774510e-01 4.460784e-01 4.378777e-01
3.872549e-01 4.460784e-01 5.651517e-01
3.970588e-01 4.460784e-01 6.994189e-01
4.068627e-01 4.460784e-01 8.314151e-01
4.166667e-01 4.460784e-01 9.507187e-01
4.264706e-01 4.460784e-01 1.047137e+00
4.362745e-01 4.460784e-01 1.112166e+00
4.460784e-01 4.460784e-01 1.140234e+00
4.558824e-01 4.460784e-01 1.129473e+00
4.656863e-01 4.460784e-01 1.081870e+00
4.754902e-01 4.460784e-01 1.002815e+00
4.852941e-01 4.460784e-01 9.001486e-01
4.950980e-01 4.460784e-01 7.829474e-01
5.049020e-01 4.460784e-01 6.602867e-01
5.147059e-01 4.460784e-01 5.401975e-01
5.245098e-01 4.460784e-01 4.289583e-01
5.343137e-01 4.460784e-01 3.307715e-01
5.441176e-01 4.460784e-01 2.477920e-01
5.539216e-01 4.460784e-01 1.804166e-01
5.637255e-01 4.460784e-01 1.277231e-01
5.735294e-01 4.460784e-01 8.794902e-02
5.833333e-01 4.460784e-01 5.892735e-02
5.931373e-01 4.460784e-01 3.843045e-02
6.029412e-01 4.460784e-01 2.440328e-02
6.127451e-01 4.460784e-01 1.509279e-02
6.225490e-01 4.460784e-01 9.094292e-03
6.323529e-01 4.460784e-01 5.340344e-03
6.421569e-01 4.460784e-01 3.056954e-03
6.519608e-01 4.460784e-01 1.706245e-03
6.617647e-01 4.460784e-01 9.288294e-04
6.715686e-01 4.460784e-01 4.932618e-04
6.813725e-01 4.460784e-01 2.556037e-04
6.911765e-01 4.460784e-01 1.292711e-04
7.009804e-01 4.460784e-01 6.382413e-05
7.107843e-01 4.460784e-01 3.076288e-05
7.205882e-01 4.460784e-01 1.449828e-05
7.303922e-01 4.460784e-01 6.617167e-06
7.401961e-01 4.460784e-01 3.123820e-06
7.500000e-01 4.460784e-01 9.480434e-07
7.598039e-01 4.460784e-01 1.506788e-06
7.696078e-01 4.460784e-01 -1.997603e-06
7.794118e-01 4.460784e-01 4.915488e-06
7.892157e-01 4.460784e-01 -9.307447e-06
7.990196e-01 4.460784e-01 1.602061e-05
8.088235e-01 4.460784e-01 -2.346992e-05
8.186275e-01 4.460784e-01 2.779752e-05
8.284314e-01 4.460784e-01 -2.261413e-05
8.382353e-01 4.460784e-01 2.981527e-06
8.480392e-01 4.460784e-01 2.710224e-05
8.578431e-01 4.460784e-01 -4.899604e-05
8.676471e-01 4.460784e-01 3.714613e-05
8.774510e-01 4.460784e-01 1.439798e-05
8.872549e-01 4.460784e-01 -6.698101e-05
8.970588e-01 4.460784e-01 5.717990e-05
9.068627e-01 4.460784e-01 2.687407e-05
9.166667e-01 4.460784e-01 -9.441952e-05
9.264706e-01 4.460784e-01 4.009281e-05
9.362745e-01 4.460784e-01 8.555343e-05
9.460784e-01 4.460784e-01 -9.268990e-05
9.558824e-01 4.460784e-01 -5.724812e-05
9.656863e-01 4.460784e-01 1.214220e-04
9.754902e-01 4.460784e-01 3.612862e-05
9.852941e-01 4.460784e-01 -1.334824e-04
9.950980e-01 4.460784e-01 -3.638135e-05
4.901961e-03 4.558824e-01 -1.311586e-04
1.470588e-02 4.558824e-01 -1.871902e-05
2.450980e-02 4.558824e-01 1.325152e-04
3.431373e-02 4.558824e-01 4.375216e-05
4.411765e-02 4.558824e-01 -1.176823e-04
5.392157e-02 4.558824e-01 -8.681716e-05
6.372549e-02 4.558824e-01 6.992927e-05
7.352941e-02 4.558824e-01 1.197170e-04
8.333333e-02 4.558824e-01 1.497664e-05
9.313725e-02 4.558824e-01 -9.519604e-05
1.029412e-01 4.558824e-01 -9.202782e-05
1.127451e-01 4.558824e-01 -2.981489e-06
1.225490e-01 4.558824e-01 7.406154e-05
1.323529e-01 4.558824e-01 8.268840e-05
1.421569e-01 4.558824e-01 3.674518e-05
1.519608e-01 4.558824e-01 -1.951559e-05
1.617647e-01 4.558824e-01 -5.440360e-05
1.715686e-01 4.558824e-01 -6.169653e-05
1.813725e-01 4.558824e-01 -5.102152e-05
1.911765e-01 4.558824e-01 -3.465230e-05
2.009804e-01 4.558824e-01 -2.084956e-05
2.107843e-01 4.558824e-01 -1.370828e-05
2.205882e-01 4.558824e-01 -1.544828e-05
2.303922e-01 4.558824e-01 -2.707926e-05
2.401961e-01 4.558824e-01 -4.352057e-05
2.500000e-01 4.558824e-01 -3.785292e-05
2.598039e-01 4.558824e-01 7.300140e-05
2.696078e-01 4.558824e-01 4.902905e-04
2.794118e-01 4.558824e-01 1.630118e-03
2.892157e-01 4.558824e-01 4.253608e-03
2.990196e-01 4.558824e-01 9.614065e-03
3.088235e-01 4.558824e-01 1.958402e-02
3.186275e-01 4.558824e-01 3.670505e-02
3.284314e-01 4.558824e-01 6.409325e-02
3.382353e-01 4.558824e-01 1.051433e-01
3.480392e-01 4.558824e-01 1.630105e-01
3.578431e-01 4.558824e-01 2.399116e-01
3.676471e-01 4.558824e-01 3.363551e-01
3.774510e-01 4.558824e-01 4.504731e-01
3.872549e-01 4.558824e-01 5.776462e-01
3.970588e-01 4.558824e-01 7.105849e-01
4.068627e-01 4.558824e-01 8.399375e-01
4.166667e-01 4.558824e-01 9.553774e-01
4.264706e-01 4.558824e-01 1.046992e+00
4.362745e-01 4.558824e-01 1.106709e+00
4.460784e-01 4.558824e-01 1.129473e+00
4.558824e-01 4.558824e-01 1.113927e+00
4.656863e-01 4.558824e-01 1.062499e+00
4.754902e-01 4.558824e-01 9.808702e-01
4.852941e-01 4.558824e-01 8.770006e-01
4.950980e-01 4.558824e-01 7.599151e-01
5.049020e-01 4.558824e-01 6.384965e-01
5.147059e-01 4.558824e-01 5.204922e-01
5.245098e-01 4.558824e-01 4.118610e-01
5.343137e-01 4.558824e-01 3.164990e-01
5.441176e-01 4.558824e-01 2.363043e-01
5.539216e-01 4.558824e-01 1.714865e-01
5.637255e-01 4.558824e-01 1.210092e-01
5.735294e-01 4.558824e-01 8.306144e-02
5.833333e-01 4.558824e-01 5.547878e-02
5.931373e-01 4.558824e-01 3.607010e-02
6.029412e-01 4.558824e-01 2.283497e-02
6.127451e-01 4.558824e-01 1.408055e-02
6.225490e-01 4.558824e-01 8.459259e-03
6.323529e-01 4.558824e-01 4.952911e-03
6.421569e-01 4.558824e-01 2.826972e-03
6.519608e-01 4.558824e-01 1.573359e-03
6.617647e-01 4.558824e-01 8.540580e-04
6.715686e-01 4.558824e-01 4.522769e-04
6.813725e-01 4.558824e-01 2.337112e-04
6.911765e-01 4.558824e-01 1.178713e-04
7.009804e-01 4.558824e-01 5.803546e-05
7.107843e-01 4.558824e-01 2.789649e-05
7.205882e-01 4.558824e-01 1.311089e-05
7.303922e-01 4.558824e-01 5.969625e-06
7.401961e-01 4.558824e-01 2.806378e-06
7.500000e-01 4.558824e-01 8.562272e-07
7.598039e-01 4.558824e-01 1.343497e-06
7.696078e-01 4.558824e-01 -1.797582e-06
7.794118e-01 4.558824e-01 4.468019e-06
7.892157e-01 4.558824e-01 -8.574498e-06
7.990196e-01 4.558824e-01 1.498169e-05
8.088235e-01 4.558824e-01 -2.237757e-05
8.186275e-01 4.558824e-01 2.726517e-05
8.284314e-01 4.558824e-01 -2.351073e-05
8.382353e-01 4.558824e-01 5.799730e-06
8.480392e-01 4.558824e-01 2.324708e-05
8.578431e-01 4.558824e-01 -4.679811e-05
8.676471e-01 4.558824e-01 3.955003e-05
8.774510e-01 4.558824e-01 7.742985e-06
8.872549e-01 4.558824e-01 -6.180815e-05
8.970588e-01 4.558824e-01 6.033024e-05
9.068627e-01 4.558824e-01 1.677496e-05
9.166667e-01 4.558824e-01 -8.941777e-05
9.264706e-01 4.558824e-01 4.888353e-05
9.362745e-01 4.558824e-01 7.366957e-05
9.460784e-01 4.558824e-01 -9.669658e-05
9.558824e-01 4.558824e-01 -4.177006e-05
9.656863e-01 4.558824e-01 1.209838e-04
9.754902e-01 4.558824e-01 1.920673e-05
9.852941e-01 4.558824e-01 -1.311586e-04
9.950980e-01 4.558824e-01 -1.871902e-05
4.901961e-03 4.656863e-01 -1.230006e-04
1.470588e-02 4.656863e-01 -2.470831e-06
2.450980e-02 4.656863e-01 1.256702e-04
3.431373e-02 4.656863e-01 2.631176e-05
4.411765e-02 4.656863e-01 -1.159443e-04
5.392157e-02 4.656863e-01 -6.965601e-05
6.372549e-02 4.656863e-01 7.627069e-05
7.352941e-02 4.656863e-01 1.077534e-04
8.333333e-02 4.656863e-01 1.800003e-06
9.313725e-02 4.656863e-01 -9.443789e-05
1.029412e-01 4.656863e-01 -8.044663e-05
1.127451e-01 4.656863e-01 6.572161e-06
1.225490e-01 4.656863e-01 7.405167e-05
1.323529e-01 4.656863e-01 7.538331e-05
1.421569e-01 4.656863e-01 2.876488e-05
1.519608e-01 4.656863e-01 -2.354050e-05
1.617647e-01 4.656863e-01 -5.383185e-05
1.715686e-01 4.656863e-01 -5.836442e-05
1.813725e-01 4.656863e-01 -4.709366e-05
1.911765e-01 4.656863e-01 -3.149894e-05
2.009804e-01 4.656863e-01 -1.898604e-05
2.107843e-01 4.656863e-01 -1.313708e-05
2.205882e-01 4.656863e-01 -1.577715e-05
2.303922e-01 4.656863e-01 -2.696507e-05
2.401961e-01 4.656863e-01 -3.903016e-05
2.500000e-01 4.656863e-01 -1.931386e-05
2.598039e-01 4.656863e-01 1.259222e-04
2.696078e-01 4.656863e-01 6.149382e-04
2.794118e-01 4.656863e-01 1.887107e-03
2.892157e-01 4.656863e-01 4.729808e-03
2.990196e-01 4.656863e-01 1.041748e-02
3.088235e-01 4.656863e-01 2.082494e-02
3.186275e-01 4.656863e-01 3.845886e-02
3.284314e-01 4.656863e-01 6.634404e-02
3.382353e-01 4.656863e-01 1.077135e-01
3.480392e-01 4.656863e-01 1.654898e-01
3.578431e-01 4.656863e-01 2.416041e-01
3.676471e-01 4.656863e-01 3.362677e-01
3.774510e-01 4.656863e-01 4.473628e-01
3.872549e-01 4.656863e-01 5.701353e-01
3.970588e-01 4.656863e-01 6.973338e-01
4.068627e-01 4.656863e-01 8.198518e-01
4.166667e-01 4.656863e-01 9.278106e-01
4.264706e-01 4.656863e-01 1.011900e+00
4.362745e-01 4.656863e-01 1.064724e+00
4.460784e-01 4.656863e-01 1.081870e+00
4.558824e-01 4.656863e-01 1.062499e+00
4.656863e-01 4.656863e-01 1.009347e+00
4.754902e-01 4.656863e-01 9.281627e-01
4.852941e-01 4.656863e-01 8.267364e-01
4.950980e-01 4.656863e-01 7.137324e-01
5.049020e-01 4.656863e-01 5.975521e-01
5.147059e-01 4.656863e-01 4.854202e-01
5.245098e-01 4.656863e-01 3.828040e-01
5.343137e-01 4.656863e-01 2.931926e-01
5.441176e-01 4.656863e-01 2.181909e-01
5.539216e-01 4.656863e-01 1.578361e-01
5.637255e-01 4.656863e-01 1.110276e-01
5.735294e-01 4.656863e-01 7.597498e-02
5.833333e-01 4.656863e-01 5.059148e-02
5.931373e-01 4.656863e-01 3.279414e-02
6.029412e-01 4.656863e-01 2.069976e-02
6.127451e-01 4.656863e-01 1.272671e-02
6.225490e-01 4.656863e-01 7.623868e-03
6.323529e-01 4.656863e-01 4.451063e-03
6.421569e-01 4.656863e-01 2.533362e-03
6.519608e-01 4.656863e-01 1.406007e-03
6.617647e-01 4.656863e-01 7.611003e-04
6.715686e-01 4.656863e-01 4.019420e-04
6.813725e-01 4.656863e-01 2.071343e-04
6.911765e-01 4.656863e-01 1.041843e-04
7.009804e-01 4.656863e-01 5.115835e-05
7.107843e-01 4.656863e-01 2.452521e-05
7.205882e-01 4.656863e-01 1.149518e-05
7.303922e-01 4.656863e-01 5.221661e-06
7.401961e-01 4.656863e-01 2.444752e-06
7.500000e-01 4.656863e-01 7.498630e-07
7.598039e-01 4.656863e-01 1.161190e-06
7.696078e-01 4.656863e-01 -1.566967e-06
7.794118e-01 4.656863e-01 3.933466e-06
7.892157e-01 4.656863e-01 -7.646845e-06
7.990196e-01 4.656863e-01 1.355405e-05
8.088235e-01 4.656863e-01 -2.062005e-05
8.186275e-01 4.656863e-01 2.579077e-05
8.284314e-01 4.656863e-01 -2.339810e-05
8.382353e-01 4.656863e-01 8.033873e-06
8.480392e-01 4.656863e-01 1.894886e-05
8.578431e-01 4.656863e-01 -4.295906e-05
8.676471e-01 4.656863e-01 3.998810e-05
8.774510e-01 4.656863e-01 1.613730e-06
8.872549e-01 4.656863e-01 -5.462086e-05
8.970588e-01 4.656863e-01 6.041673e-05
9.068627e-01 4.656863e-01 7.236839e-06
9.166667e-01 4.656863e-01 -8.103223e-05
9.264706e-01 4.656863e-01 5.430500e-05
9.362745e-01 4.656863e-01 5.994950e-05
9.460784e-01 4.656863e-01 -9.571221e-05
9.558824e-01 4.656863e-01 -2.636630e-05
9.656863e-01 4.656863e-01 1.149606e-04
9.754902e-01 4.656863e-01 3.587239e-06
9.852941e-01 4.656863e-01 -1.230006e-04
9.950980e-01 4.656863e-01 -2.470831e-06
4.901961e-03 4.754902e-01 -1.103000e-04
1.470588e-02 4.754902e-01 1.096933e-05
2.450980e-02 4.754902e-01 1.139277e-04
3.431373e-02 4.754902e-01 1.072570e-05
4.411765e-02 4.754902e-01 -1.089074e-04
5.392157e-02 4.754902e-01 -5.221382e-05
6.372549e-02 4.754902e-01 7.783989e-05
7.352941e-02 4.754902e-01 9.281838e-05
8.333333e-02 4.754902e-01 -9.126800e-06
9.313725e-02 4.754902e-01 -8.944539e-05
1.029412e-01 4.754902e-01 -6.722961e-05
1.127451e-01 4.754902e-01 1.416159e-05
1.225490e-01 4.754902e-01 7.077691e-05
1.323529e-01 4.754902e-01 6.607926e-05
1.421569e-01 4.754902e-01 2.093564e-05
1.519608e-01 4.754902e-01 -2.591010e-05
1.617647e-01 4.754902e-01 -5.119694e-05
1.715686e-01 4.754902e-01 -5.332035e-05
1.813725e-01 4.754902e-01 -4.205379e-05
1.911765e-01 4.754902e-01 -2.774655e-05
2.009804e-01 4.754902e-01 -1.681361e-05
2.107843e-01 4.754902e-01 -1.227016e-05
2.205882e-01 4.754902e-01 -1.547554e-05
2.303922e-01 4.754902e-01 -2.547577e-05
2.401961e-01 4.754902e-01 -3.222592e-05
2.500000e-01 4.754902e-01 1.474469e-06
2.598039e-01 4.754902e-01 1.764329e-04
2.696078e-01 4.754902e-01 7.195403e-04
2.794118e-01 4.754902e-01 2.076769e-03
2.892157e-01 4.754902e-01 5.032454e-03
2.990196e-01 4.754902e-01 1.083591e-02
3.088235e-01 4.754902e-01 2.129817e-02
3.186275e-01 4.754902e-01 3.880591e-02
3.284314e-01 4.754902e-01 6.619458e-02
3.382353e-01 4.754902e-01 1.064376e-01
3.480392e-01 4.754902e-01 1.621460e-01
3.578431e-01 4.754902e-01 2.349289e-01
3.676471e-01 4.754902e-01 3.247278e-01
3.774510e-01 4.754902e-01 4.292820e-01
3.872549e-01 4.754902e-01 5.438907e-01
3.970588e-01 4.754902e-01 6.615987e-01
4.068627e-01 4.754902e-01 7.738428e-01
4.166667e-01 4.754902e-01 8.714909e-01
4.264706e-01 4.754902e-01 9.460922e-01
4.362745e-01 4.754902e-01 9.910996e-01
4.460784e-01 4.754902e-01 1.002815e+00
4.558824e-01 4.754902e-01 9.808702e-01
4.656863e-01 4.754902e-01 9.281627e-01
4.754902e-01 4.754902e-01 8.502856e-01
4.852941e-01 4.754902e-01 7.545982e-01
4.950980e-01 4.754902e-01 6.491389e-01
5.049020e-01 4.754902e-01 5.415924e-01
5.147059e-01 4.754902e-01 4.384767e-01
5.245098e-01 4.754902e-01 3.446439e-01
5.343137e-01 4.754902e-01 2.631135e-01
5.441176e-01 4.754902e-01 1.951870e-01
5.539216e-01 4.754902e-01 1.407570e-01
5.637255e-01 4.754902e-01 9.871135e-02
5.735294e-01 4.754902e-01 6.734426e-02
5.833333e-01 4.754902e-01 4.471166e-02
5.931373e-01 4.754902e-01 2.889820e-02
6.029412e-01 4.754902e-01 1.818810e-02
6.127451e-01 4.754902e-01 1.115067e-02
6.225490e-01 4.754902e-01 6.660953e-03
6.323529e-01 4.754902e-01 3.878054e-03
6.421569e-01 4.754902e-01 2.201143e-03
6.519608e-01 4.754902e-01 1.218288e-03
6.617647e-01 4.754902e-01 6.576967e-04
6.715686e-01 4.754902e-01 3.463998e-04
6.813725e-01 4.754902e-01 1.780348e-04
6.911765e-01 4.754902e-01 8.931038e-05
7.009804e-01 4.754902e-01 4.373904e-05
7.107843e-01 4.754902e-01 2.091361e-05
7.205882e-01 4.754902e-01 9.776346e-06
7.303922e-01 4.754902e-01 4.430622e-06
7.401961e-01 4.754902e-01 2.066123e-06
7.500000e-01 4.754902e-01 6.370983e-07
7.598039e-01 4.754902e-01 9.733360e-07
7.696078e-01 4.754902e-01 -1.323900e-06
7.794118e-01 4.754902e-01 3.355748e-06
7.892157e-01 4.754902e-01 -6.605665e-06
7.990196e-01 4.754902e-01 1.187135e-05
8.088235e-01 4.754902e-01 -1.837790e-05
8.186275e-01 4.754902e-01 2.355429e-05
8.284314e-01 4.754902e-01 -2.235242e-05
8.382353e-01 4.754902e-01 9.534978e-06
8.480392e-01 4.754902e-01 1.460966e-05
8.578431e-01 4.754902e-01 -3.793735e-05
8.676471e-01 4.754902e-01 3.857533e-05
8.774510e-01 4.754902e-01 -3.486947e-06
8.872549e-01 4.754902e-01 -4.622974e-05
8.970588e-01 4.754902e-01 5.768880e-05
9.068627e-01 4.754902e-01 -9.194660e-07
9.166667e-01 4.754902e-01 -7.032491e-05
9.264706e-01 4.754902e-01 5.615344e-05
9.362745e-01 4.754902e-01 4.582609e-05
9.460784e-01 4.754902e-01 -9.027435e-05
9.558824e-01 4.754902e-01 -1.246583e-05
9.656863e-01 4.754902e-01 1.044191e-04
9.754902e-01 4.754902e-01 -9.386268e-06
9.852941e-01 4.754902e-01 -1.103000e-04
9.950980e-01 4.754902e-01 1.096933e-05
4.901961e-03 4.852941e-01 -9.470235e-05
1.470588e-02 4.852941e-01 2.077944e-05
2.450980e-02 4.852941e-01 9.888999e-05
3.431373e-02 4.852941e-01 -1.885408e-06
4.411765e-02 4.852941e-01 -9.780666e-05
5.392157e-02 4.852941e-01 -3.601700e-05
6.372549e-02 4.852941e-01 7.506116e-05
7.352941e-02 4.852941e-01 7.652122e-05
8.333333e-02 4.852941e-01 -1.714018e-05
9.313725e-02 4.852941e-01 -8.111077e-05
1.029412e-01 4.852941e-01 -5.365182e-05
1.127451e-01 4.852941e-01 1.937584e-05
1.225490e-01 4.852941e-01 6.484586e-05
1.323529e-01 4.852941e-01 5.572552e-05
1.421569e-01 4.852941e-01 1.386103e-05
1.519608e-01 4.852941e-01 -2.659695e-05
1.617647e-01 4.852941e-01 -4.688678e-05
1.715686e-01 4.852941e-01 -4.708860e-05
1.813725e-01 4.852941e-01 -3.635917e-05
1.911765e-01 4.852941e-01 -2.370273e-05
2.009804e-01 4.852941e-01 -1.449030e-05
2.107843e-01 4.852941e-01 -1.115745e-05
2.205882e-01 4.852941e-01 -1.457013e-05
2.303922e-01 4.852941e-01 -2.280814e-05
2.401961e-01 4.852941e-01 -2.390921e-05
2.500000e-01 4.852941e-01 2.224740e-05
2.598039e-01 4.852941e-01 2.193614e-04
2.696078e-01 4.852941e-01 7.940139e-04
2.794118e-01 4.852941e-01 2.182057e-03
2.892157e-01 4.852941e-01 5.136832e-03
2.990196e-01 4.852941e-01 1.084032e-02
3.088235e-01 4.852941e-01 2.098215e-02
3.186275e-01 4.852941e-01 3.775801e-02
3.284314e-01 4.852941e-01 6.373693e-02
3.382353e-01 4.852941e-01 1.015617e-01
3.480392e-01 4.852941e-01 1.534832e-01
3.578431e-01 4.852941e-01 2.207810e-01
3.676471e-01 4.852941e-01 3.031753e-01
3.774510e-01 4.852941e-01 3.983752e-01
3.872549e-01 4.852941e-01 5.019071e-01
3.970588e-01 4.852941e-01 6.073305e-01
4.068627e-01 4.852941e-01 7.068629e-01
4.166667e-01 4.852941e-01 7.923399e-01
4.264706e-01 4.852941e-01 8.563424e-01
4.362745e-01 4.852941e-01 8.932705e-01
4.460784e-01 4.852941e-01 9.001486e-01
4.558824e-01 4.852941e-01 8.770006e-01
4.656863e-01 4.852941e-01 8.267364e-01
4.754902e-01 4.852941e-01 7.545982e-01
4.852941e-01 4.852941e-01 6.673019e-01
4.950980e-01 4.852941e-01 5.720618e-01
5.049020e-01 4.852941e-01 4.756805e-01
5.147059e-01 4.852941e-01 3.838502e-01
5.245098e-01 4.852941e-01 3.007393e-01
5.343137e-01 4.852941e-01 2.288738e-01
5.441176e-01 4.852941e-01 1.692635e-01
5.539216e-01 4.852941e-01 1.216931e-01
5.637255e-01 4.852941e-01 8.508808e-02
5.735294e-01 4.852941e-01 5.787990e-02
5.833333e-01 4.852941e-01 3.831703e-02
5.931373e-01 4.852941e-01 2.469464e-02
6.029412e-01 4.852941e-01 1.549870e-02
6.127451e-01 4.852941e-01 9.475434e-03
6.225490e-01 4.852941e-01 5.644662e-03
6.323529e-01 4.852941e-01 3.277409e-03
6.421569e-01 4.852941e-01 1.855202e-03
6.519608e-01 4.852941e-01 1.024069e-03
6.617647e-01 4.852941e-01 5.513791e-04
6.715686e-01 4.852941e-01 2.896385e-04
6.813725e-01 4.852941e-01 1.484723e-04
6.911765e-01 4.852941e-01 7.428672e-05
7.009804e-01 4.852941e-01 3.628720e-05
7.107843e-01 4.852941e-01 1.730604e-05
7.205882e-01 4.852941e-01 8.068859e-06
7.303922e-01 4.852941e-01 3.648469e-06
7.401961e-01 4.852941e-01 1.694741e-06
7.500000e-01 4.852941e-01 5.253525e-07
7.598039e-01 4.852941e-01 7.916135e-07
7.696078e-01 4.852941e-01 -1.084652e-06
7.794118e-01 4.852941e-01 2.775758e-06
7.892157e-01 4.852941e-01 -5.530399e-06
7.990196e-01 4.852941e-01 1.007221e-05
8.088235e-01 4.852941e-01 -1.585444e-05
8.186275e-01 4.852941e-01 2.079015e-05
8.284314e-01 4.852941e-01 -2.054179e-05
8.382353e-01 4.852941e-01 1.026138e-05
8.480392e-01 4.852941e-01 1.057107e-05
8.578431e-01 4.852941e-01 -3.225452e-05
8.676471e-01 4.852941e-01 3.562519e-05
8.774510e-01 4.852941e-01 -7.259242e-06
8.872549e-01 4.852941e-01 -3.745804e-05
8.970588e-01 4.852941e-01 5.269385e-05
9.068627e-01 4.852941e-01 -7.172789e-06
9.166667e-01 4.852941e-01 -5.846863e-05
9.264706e-01 4.852941e-01 5.469451e-05
9.362745e-01 4.852941e-01 3.255040e-05
9.460784e-01 4.852941e-01 -8.138180e-05
9.558824e-01 4.852941e-01 -1.081666e-06
9.656863e-01 4.852941e-01 9.081243e-05
9.754902e-01 4.852941e-01 -1.891413e-05
9.852941e-01 4.852941e-01 -9.470235e-05
9.950980e-01 4.852941e-01 2.077944e-05
4.901961e-03 4.950980e-01 -7.791236e-05
1.470588e-02 4.950980e-01 2.674109e-05
2.450980e-02 4.950980e-01 8.227584e-05
3.431373e-02 4.950980e-01 -1.097662e-05
4.411765e-02 4.950980e-01 -8.415562e-05
5.392157e-02 4.950980e-01 -2.215836e-05
6.372549e-02 4.950980e-01 6.881815e-05
7.352941e-02 4.950980e-01 6.034524e-05
8.333333e-02 4.950980e-01 -2.205415e-05
9.313725e-02 4.950980e-01 -7.057139e-05
1.029412e-01 4.950980e-01 -4.080090e-05
1.127451e-01 4.950980e-01 2.216402e-05
1.225490e-01 4.950980e-01 5.707446e-05
1.323529e-01 4.950980e-01 4.522472e-05
1.421569e-01 4.950980e-01 7.947773e-06
1.519608e-01 4.950980e-01 -2.577368e-05
1.617647e-01 4.950980e-01 -4.141175e-05
1.715686e-01 4.950980e-01 -4.023375e-05
1.813725e-01 4.950980e-01 -3.045750e-05
1.911765e-01 4.950980e-01 -1.965034e-05
2.009804e-01 4.950980e-01 -1.215982e-05
2.107843e-01 4.950980e-01 -9.866150e-06
2.205882e-01 4.950980e-01 -1.315897e-05
2.303922e-01 4.950980e-01 -1.929642e-05
2.401961e-01 4.950980e-01 -1.503119e-05
2.500000e-01 4.950980e-01 4.083986e-05
2.598039e-01 4.950980e-01 2.506408e-04
2.696078e-01 4.950980e-01 8.321379e-04
2.794118e-01 4.950980e-01 2.196042e-03
2.892157e-01 4.950980e-01 5.040839e-03
2.990196e-01 4.950980e-01 1.044693e-02
3.088235e-01 4.950980e-01 1.993813e-02
3.186275e-01 4.950980e-01 3.546795e-02
3.284314e-01 4.950980e-01 5.928774e-02
3.382353e-01 4.950980e-01 9.366892e-02
3.480392e-01 4.950980e-01 1.404848e-01
3.578431e-01 4.950980e-01 2.007025e-01
3.676471e-01 4.950980e-01 2.738820e-01
3.774510e-01 4.950980e-01 3.578073e-01
3.872549e-01 4.950980e-01 4.483744e-01
3.970588e-01 4.950980e-01 5.398200e-01
4.068627e-01 4.950980e-01 6.253020e-01
4.166667e-01 4.950980e-01 6.977565e-01
4.264706e-01 4.950980e-01 7.508798e-01
4.362745e-01 4.950980e-01 7.800419e-01
4.460784e-01 4.950980e-01 7.829474e-01
4.558824e-01 4.950980e-01 7.599151e-01
4.656863e-01 4.950980e-01 7.137324e-01
4.754902e-01 4.950980e-01 6.491389e-01
4.852941e-01 4.950980e-01 5.720618e-01
4.950980e-01 4.950980e-01 4.887681e-01
5.049020e-01 4.950980e-01 4.050898e-01
5.147059e-01 4.950980e-01 3.258420e-01
5.245098e-01 4.950980e-01 2.544924e-01
5.343137e-01 4.950980e-01 1.930845e-01
5.441176e-01 4.950980e-01 1.423661e-01
5.539216e-01 4.950980e-01 1.020525e-01
5.637255e-01 4.950980e-01 7.114780e-02
5.735294e-01 4.950980e-01 4.825860e-02
5.833333e-01 4.950980e-01 3.185740e-02
5.931373e-01 4.950980e-01 2.047427e-02
6.029412e-01 4.950980e-01 1.281454e-02
6.127451e-01 4.950980e-01 7.813081e-03
6.225490e-01 4.950980e-01 4.641826e-03
6.323529e-01 4.950980e-01 2.687945e-03
6.421569e-01 4.950980e-01 1.517504e-03
6.519608e-01 4.950980e-01 8.354618e-04
6.617647e-01 4.950980e-01 4.486575e-04
6.715686e-01 4.950980e-01 2.350694e-04
6.813725e-01 4.950980e-01 1.201898e-04
6.911765e-01 4.950980e-01 5.998222e-05
7.009804e-01 4.950980e-01 2.922533e-05
7.107843e-01 4.950980e-01 1.390296e-05
7.205882e-01 4.950980e-01 6.465594e-06
7.303922e-01 4.950980e-01 2.916963e-06
7.401961e-01 4.950980e-01 1.349763e-06
7.500000e-01 4.950980e-01 4.206230e-07
7.598039e-01 4.950980e-01 6.249436e-07
7.696078e-01 4.950980e-01 -8.621204e-07
7.794118e-01 4.950980e-01 2.227212e-06
7.892157e-01 4.950980e-01 -4.489822e-06
7.990196e-01 4.950980e-01 8.283112e-06
8.088235e-01 4.950980e-01 -1.324783e-05
8.186275e-01 4.950980e-01 1.775042e-05
8.284314e-01 4.950980e-01 -1.819198e-05
8.382353e-01 4.950980e-01 1.026914e-05
8.480392e-01 4.950980e-01 7.077325e-06
8.578431e-01 4.950980e-01 -2.641560e-05
8.676471e-01 4.950980e-01 3.157768e-05
8.774510e-01 4.950980e-01 -9.617835e-06
8.872549e-01 4.950980e-01 -2.902468e-05
8.970588e-01 4.950980e-01 4.615512e-05
9.068627e-01 4.950980e-01 -1.133028e-05
9.166667e-01 4.950980e-01 -4.656241e-05
9.264706e-01 4.950980e-01 5.055316e-05
9.362745e-01 4.950980e-01 2.103880e-05
9.460784e-01 4.950980e-01 -7.027857e-05
9.558824e-01 4.950980e-01 7.272316e-06
9.656863e-01 4.950980e-01 7.570820e-05
9.754902e-01 4.950980e-01 -2.477325e-05
9.852941e-01 4.950980e-01 -7.791236e-05
9.950980e-01 4.950980e-01 2.674109e-05
4.901961e-03 5.049020e-01 -6.144046e-05
1.470588e-02 5.049020e-01 2.915588e-05
2.450980e-02 5.049020e-01 6.565493e-05
3.431373e-02 5.049020e-01 -1.654681e-05
4.411765e-02 5.049020e-01 -6.948019e-05
5.392157e-02 5.049020e-01 -1.122524e-05
6.372549e-02 5.049020e-01 6.024414e-05
7.352941e-02 5.049020e-01 4.546491e-05
8.333333e-02 5.049020e-01 -2.409727e-05
9.313725e-02 5.049020e-01 -5.900831e-05
1.029412e-01 5.049020e-01 -2.946352e-05
1.127451e-01 5.049020e-01 2.277652e-05
1.225490e-01 5.049020e-01 4.833989e-05
1.323529e-01 5.049020e-01 3.532274e-05
1.421569e-01 5.049020e-01 3.387979e-06
1.519608e-01 5.049020e-01 -2.375608e-05
1.617647e-01 5.049020e-01 -3.532015e-05
1.715686e-01 5.049020e-01 -3.328533e-05
1.813725e-01 5.049020e-01 -2.473591e-05
1.911765e-01 5.049020e-01 -1.582015e-05
2.009804e-01 5.049020e-01 -9.940168e-06
2.107843e-01 5.049020e-01 -8.474267e-06
2.205882e-01 5.049020e-01 -1.139189e-05
2.303922e-01 5.049020e-01 -1.534632e-05
2.401961e-01 5.049020e-01 -6.523231e-06
2.500000e-01 5.049020e-01 5.553565e-05
2.598039e-01 5.049020e-01 2.678941e-04
2.696078e-01 5.049020e-01 8.322879e-04
2.794118e-01 5.049020e-01 2.122332e-03
2.892157e-01 5.049020e-01 4.763847e-03
2.990196e-01 5.049020e-01 9.711788e-03
3.088235e-01 5.049020e-01 1.829573e-02
3.186275e-01 5.049020e-01 3.219775e-02
3.284314e-01 5.049020e-01 5.332747e-02
3.382353e-01 5.049020e-01 8.357384e-02
3.480392e-01 5.049020e-01 1.244421e-01
3.578431e-01 5.049020e-01 1.766232e-01
3.676471e-01 5.049020e-01 2.395806e-01
3.774510e-01 5.049020e-01 3.112607e-01
3.872549e-01 5.049020e-01 3.880290e-01
3.970588e-01 5.049020e-01 4.648973e-01
4.068627e-01 5.049020e-01 5.360423e-01
4.166667e-01 5.049020e-01 5.955456e-01
4.264706e-01 5.049020e-01 6.382206e-01
4.362745e-01 5.049020e-01 6.603654e-01
4.460784e-01 5.049020e-01 6.602867e-01
4.558824e-01 5.049020e-01 6.384965e-01
4.656863e-01 5.049020e-01 5.975521e-01
4.754902e-01 5.049020e-01 5.415924e-01
4.852941e-01 5.049020e-01 4.756805e-01
4.950980e-01 5.049020e-01 4.050898e-01
5.049020e-01 5.049020e-01 3.346653e-01
5.147059e-01 5.049020e-01 2.683545e-01
5.245098e-01 5.049020e-01 2.089526e-01
5.343137e-01 5.049020e-01 1.580583e-01
5.441176e-01 5.049020e-01 1.161976e-01
5.539216e-01 5.049020e-01 8.305324e-02
5.637255e-01 5.049020e-01 5.773731e-02
5.735294e-01 5.049020e-01 3.905259e-02
5.833333e-01 5.049020e-01 2.570881e-02
5.931373e-01 5.049020e-01 1.647752e-02
6.029412e-01 5.049020e-01 1.028518e-02
6.127451e-01 5.049020e-01 6.254161e-03
6.225490e-01 5.049020e-01 3.705827e-03
6.323529e-01 5.049020e-01 2.140311e-03
6.421569e-01 5.049020e-01 1.205192e-03
6.519608e-01 5.049020e-01 6.618076e-04
6.617647e-01 5.049020e-01 3.544925e-04
6.715686e-01 5.049020e-01 1.852603e-04
6.813725e-01 5.049020e-01 9.448329e-05
6.911765e-01 5.049020e-01 4.703460e-05
7.009804e-01 5.049020e-01 2.285951e-05
7.107843e-01 5.049020e-01 1.084765e-05
7.205882e-01 5.049020e-01 5.032010e-06
7.303922e-01 5.049020e-01 2.265166e-06
7.401961e-01 5.049020e-01 1.044218e-06
7.500000e-01 5.049020e-01 3.271162e-07
7.598039e-01 5.049020e-01 4.790949e-07
7.696078e-01 5.049020e-01 -6.650836e-07
7.794118e-01 5.049020e-01 1.734304e-06
7.892157e-01 5.049020e-01 -3.536274e-06
7.990196e-01 5.049020e-01 6.605973e-06
8.088235e-01 5.049020e-01 -1.072859e-05
8.186275e-01 5.049020e-01 1.467114e-05
8.284314e-01 5.049020e-01 -1.554801e-05
8.382353e-01 5.049020e-01 9.687234e-06
8.480392e-01 5.049020e-01 4.261609e-06
8.578431e-01 5.049020e-01 -2.084606e-05
8.676471e-01 5.049020e-01 2.691759e-05
8.774510e-01 5.049020e-01 -1.066346e-05
8.872549e-01 5.049020e-01 -2.146631e-05
8.970588e-01 5.049020e-01 3.883987e-05
9.068627e-01 5.049020e-01 -1.349222e-05
9.166667e-01 5.049020e-01 -3.549290e-05
9.264706e-01 5.049020e-01 4.455850e-05
9.362745e-01 5.049020e-01 1.180792e-05
9.460784e-01 5.049020e-01 -5.823222e-05
9.558824e-01 5.049020e-01 1.255911e-05
9.656863e-01 5.049020e-01 6.054511e-05
9.754902e-01 5.049020e-01 -2.723908e-05
9.852941e-01 5.049020e-01 -6.144046e-05
9.950980e-01 5.049020e-01 2.915588e-05
4.901961e-03 5.147059e-01 -4.643449e-05
1.470588e-02 5.147059e-01 2.868682e-05
2.450980e-02 5.147059e-01 5.026107e-05
3.431373e-02 5.147059e-01 -1.901749e-05
4.411765e-02 5.147059e-01 -5.510293e-05
5.392157e-02 5.147059e-01 -3.330195e-06
6.372549e-02 5.147059e-01 5.050961e-05
7.352941e-02 5.147059e-01 3.265247e-05
8.333333e-02 5.147059e-01 -2.378980e-05
9.313725e-02 5.147059e-01 -4.747614e-05
1.029412e-01 5.147059e-01 -2.008538e-05
1.127451e-01 5.147059e-01 2.166571e-05
1.225490e-01 5.147059e-01 3.945147e-05
1.323529e-01 5.147059e-01 2.654538e-05
1.421569e-01 5.147059e-01 1.807387e-07
1.519608e-01 5.147059e-01 -2.093258e-05
1.617647e-01 5.147059e-01 -2.912224e-05
1.715686e-01 5.147059e-01 -2.668129e-05
1.813725e-01 5.147059e-01 -1.948844e-05
1.911765e-01 5.147059e-01 -1.237620e-05
2.009804e-01 5.147059e-01 -7.917686e-06
2.107843e-01 5.147059e-01 -7.062212e-06
2.205882e-01 5.147059e-01 -9.443159e-06
2.303922e-01 5.147059e-01 -1.136318e-05
2.401961e-01 5.147059e-01 8.496753e-07
2.500000e-01 5.147059e-01 6.529647e-05
2.598039e-01 5.147059e-01 2.706524e-04
2.696078e-01 5.147059e-01 7.972901e-04
2.794118e-01 5.147059e-01 1.973657e-03
2.892157e-01 5.147059e-01 4.342079e-03
2.990196e-01 5.147059e-01 8.719443e-03
3.088235e-01 5.147059e-01 1.622895e-02
3.186275e-01 5.147059e-01 2.827325e-02
3.284314e-01 5.147059e-01 4.642112e-02
3.382353e-01 5.147059e-01 7.219326e-02
3.480392e-01 5.147059e-01 1.067575e-01
3.578431e-01 5.147059e-01 1.505757e-01
3.676471e-01 5.147059e-01 2.030739e-01
3.774510e-01 5.147059e-01 2.624234e-01
3.872549e-01 5.147059e-01 3.255137e-01
3.970588e-01 5.147059e-01 3.881657e-01
4.068627e-01 5.147059e-01 4.455781e-01
4.166667e-01 5.147059e-01 4.929459e-01
4.264706e-01 5.147059e-01 5.261351e-01
4.362745e-01 5.147059e-01 5.422824e-01
4.460784e-01 5.147059e-01 5.401975e-01
4.558824e-01 5.147059e-01 5.204922e-01
4.656863e-01 5.147059e-01 4.854202e-01
4.754902e-01 5.147059e-01 4.384767e-01
4.852941e-01 5.147059e-01 3.838502e-01
4.950980e-01 5.147059e-01 3.258420e-01
5.049020e-01 5.147059e-01 2.683545e-01
5.147059e-01 5.147059e-01 2.145258e-01
5.245098e-01 5.147059e-01 1.665398e-01
5.343137e-01 5.147059e-01 1.256065e-01
5.441176e-01 5.147059e-01 9.207444e-02
5.539216e-01 5.147059e-01 6.562452e-02
5.637255e-01 5.147059e-01 4.549383e-02
5.735294e-01 5.147059e-01 3.068664e-02
5.833333e-01 5.147059e-01 2.014655e-02
5.931373e-01 5.147059e-01 1.287786e-02
6.029412e-01 5.147059e-01 8.016974e-03
6.127451e-01 5.147059e-01 4.862126e-03
6.225490e-01 5.147059e-01 2.873504e-03
6.323529e-01 5.147059e-01 1.655324e-03
6.421569e-01 5.147059e-01 9.297181e-04
6.519608e-01 5.147059e-01 5.092415e-04
6.617647e-01 5.147059e-01 2.720845e-04
6.715686e-01 5.147059e-01 1.418375e-04
6.813725e-01 5.147059e-01 7.215751e-05
6.911765e-01 5.147059e-01 3.583174e-05
7.009804e-01 5.147059e-01 1.737185e-05
7.107843e-01 5.147059e-01 8.223401e-06
7.205882e-01 5.147059e-01 3.805206e-06
7.303922e-01 5.147059e-01 1.709163e-06
7.401961e-01 5.147059e-01 7.849965e-07
7.500000e-01 5.147059e-01 2.471942e-07
7.598039e-01 5.147059e-01 3.567975e-07
7.696078e-01 5.147059e-01 -4.981880e-07
7.794118e-01 5.147059e-01 1.311163e-06
7.892157e-01 5.147059e-01 -2.703364e-06
7.990196e-01 5.147059e-01 5.111749e-06
8.088235e-01 5.147059e-01 -8.425364e-06
8.186275e-01 5.147059e-01 1.174706e-05
8.284314e-01 5.147059e-01 -1.283954e-05
8.382353e-01 5.147059e-01 8.685216e-06
8.480392e-01 5.147059e-01 2.153420e-06
8.578431e-01 5.147059e-01 -1.585402e-05
8.676471e-01 5.147059e-01 2.210069e-05
8.774510e-01 5.147059e-01 -1.062822e-05
8.872549e-01 5.147059e-01 -1.510561e-05
8.970588e-01 5.147059e-01 3.144546e-05
9.068627e-01 5.147059e-01 -1.397294e-05
9.166667e-01 5.147059e-01 -2.585980e-05
9.264706e-01 5.147059e-01 3.758349e-05
9.362745e-01 5.147059e-01 4.992269e-06
9.460784e-01 5.147059e-01 -4.635190e-05
9.558824e-01 5.147059e-01 1.511702e-05
9.656863e-01 5.147059e-01 4.646016e-05
9.754902e-01 5.147059e-01 -2.693544e-05
9.852941e-01 5.147059e-01 -4.643449e-05
9.950980e-01 5.147059e-01 2.868682e-05
4.901961e-03 5.245098e-01 -3.360953e-05
1.470588e-02 5.245098e-01 2.617351e-05
2.450980e-02 5.245098e-01 3.690335e-05
3.431373e-02 5.245098e-01 -1.906680e-05
4.411765e-02 5.245098e-01 -4.200886e-05
5.392157e-02 5.245098e-01 1.785125e-06
6.372549e-02 5.245098e-01 4.064985e-05
7.352941e-02 5.245098e-01 2.227188e-05
8.333333e-02 5.245098e-01 -2.179873e-05
9.313725e-02 5.245098e-01 -3.679012e-05
1.029412e-01 5.245098e-01 -1.279577e-05
1.127451e-01 5.245098e-01 1.937457e-05
1.225490e-01 5.245098e-01 3.105938e-05
1.323529e-01 5.245098e-01 1.918356e-05
1.421569e-01 5.245098e-01 -1.819983e-06
1.519608e-01 5.245098e-01 -1.769635e-05
1.617647e-01 5.245098e-01 -2.323513e-05
1.715686e-01 5.245098e-01 -2.073622e-05
1.813725e-01 5.245098e-01 -1.490345e-05
1.911765e-01 5.245098e-01 -9.413445e-06
2.009804e-01 5.245098e-01 -6.146108e-06
2.107843e-01 5.245098e-01 -5.704049e-06
2.205882e-01 5.245098e-01 -7.483080e-06
2.303922e-01 5.245098e-01 -7.690554e-06
2.401961e-01 5.245098e-01 6.584080e-06
2.500000e-01 5.245098e-01 6.983633e-05
2.598039e-01 5.245098e-01 2.602055e-04
2.696078e-01 5.245098e-01 7.335206e-04
2.794118e-01 5.245098e-01 1.769079e-03
2.892157e-01 5.245098e-01 3.821815e-03
2.990196e-01 5.245098e-01 7.568497e-03
3.088235e-01 5.245098e-01 1.392843e-02
3.186275e-01 5.245098e-01 2.403506e-02
3.284314e-01 5.245098e-01 3.913726e-02
3.382353e-01 5.245098e-01 6.042070e-02
3.480392e-01 5.245098e-01 8.876021e-02
3.578431e-01 5.245098e-01 1.244392e-01
3.676471e-01 5.245098e-01 1.668948e-01
3.774510e-01 5.245098e-01 2.145591e-01
3.872549e-01 5.245098e-01 2.648570e-01
3.970588e-01 5.245098e-01 3.143963e-01
4.068627e-01 5.245098e-01 3.593404e-01
4.166667e-01 5.245098e-01 3.959068e-01
4.264706e-01 5.245098e-01 4.209020e-01
4.362745e-01 5.245098e-01 4.321834e-01
4.460784e-01 5.245098e-01 4.289583e-01
4.558824e-01 5.245098e-01 4.118610e-01
4.656863e-01 5.245098e-01 3.828040e-01
4.754902e-01 5.245098e-01 3.446439e-01
4.852941e-01 5.245098e-01 3.007393e-01
4.950980e-01 5.245098e-01 2.544924e-01
5.049020e-01 5.245098e-01 2.089526e-01
5.147059e-01 5.245098e-01 1.665398e-01
5.245098e-01 5.245098e-01 1.289088e-01
5.343137e-01 5.245098e-01 9.694514e-02
5.441176e-01 5.245098e-01 7.086369e-02
5.539216e-01 5.245098e-01 5.036646e-02
5.637255e-01 5.245098e-01 3.482060e-02
5.735294e-01 5.245098e-01 2.342382e-02
5.833333e-01 5.245098e-01 1.533730e-02
5.931373e-01 5.245098e-01 9.777895e-03
6.029412e-01 5.245098e-01 6.071245e-03
6.127451e-01 5.245098e-01 3.672575e-03
6.225490e-01 5.245098e-01 2.164930e-03
6.323529e-01 5.245098e-01 1.243976e-03
6.421569e-01 5.245098e-01 6.969252e-04
6.519608e-01 5.245098e-01 3.807784e-04
6.617647e-01 5.245098e-01 2.029426e-04
6.715686e-01 5.245098e-01 1.055329e-04
6.813725e-01 5.245098e-01 5.355644e-05
6.911765e-01 5.245098e-01 2.652998e-05
7.009804e-01 5.245098e-01 1.283094e-05
7.107843e-01 5.245098e-01 6.059187e-06
7.205882e-01 5.245098e-01 2.796900e-06
7.303922e-01 5.245098e-01 1.253541e-06
7.401961e-01 5.245098e-01 5.736436e-07
7.500000e-01 5.245098e-01 1.815745e-07
7.598039e-01 5.245098e-01 2.582258e-07
7.696078e-01 5.245098e-01 -3.624820e-07
7.794118e-01 5.245098e-01 9.627852e-07
7.892157e-01 5.245098e-01 -2.006735e-06
7.990196e-01 5.245098e-01 3.839653e-06
8.088235e-01 5.245098e-01 -6.419611e-06
8.186275e-01 5.245098e-01 9.117655e-06
8.284314e-01 5.245098e-01 -1.025548e-05
8.382353e-01 5.245098e-01 7.441117e-06
8.480392e-01 5.245098e-01 7.007852e-07
8.578431e-01 5.245098e-01 -1.161895e-05
8.676471e-01 5.245098e-01 1.750005e-05
8.774510e-01 5.245098e-01 -9.811126e-06
8.872549e-01 5.245098e-01 -1.006138e-05
8.970588e-01 5.245098e-01 2.452147e-05
9.068627e-01 5.245098e-01 -1.320347e-05
9.166667e-01 5.245098e-01 -1.796533e-05
9.264706e-01 5.245098e-01 3.041236e-05
9.362745e-01 5.245098e-01 4.220910e-07
9.460784e-01 5.245098e-01 -3.547293e-05
9.558824e-01 5.245098e-01 1.551715e-05
9.656863e-01 5.245098e-01 3.420495e-05
9.754902e-01 5.245098e-01 -2.465844e-05
9.852941e-01 5.245098e-01 -3.360953e-05
9.950980e-01 5.245098e-01 2.617351e-05
4.901961e-03 5.343137e-01 -2.326558e-05
1.470588e-02 5.343137e-01 2.246421e-05
2.450980e-02 5.343137e-01 2.596823e-05
3.431373e-02 5.343137e-01 -1.746280e-05
4.411765e-02 5.343137e-01 -3.079886e-05
5.392157e-02 5.343137e-01 4.611578e-06
6.372549e-02 5.343137e-01 3.145633e-05
7.352941e-02 5.343137e-01 1.433967e-05
8.333333e-02 5.343137e-01 -1.880453e-05
9.313725e-02 5.343137e-01 -2.747833e-05
1.029412e-01 5.343137e-01 -7.476046e-06
1.127451e-01 5.343137e-01 1.643749e-05
1.225490e-01 5.343137e-01 2.360940e-05
1.323529e-01 5.343137e-01 1.331773e-05
1.421569e-01 5.343137e-01 -2.846531e-06
1.519608e-01 5.343137e-01 -1.439208e-05
1.617647e-01 5.343137e-01 -1.795345e-05
1.715686e-01 5.343137e-01 -1.563421e-05
1.813725e-01 5.343137e-01 -1.106845e-05
1.911765e-01 5.343137e-01 -6.965046e-06
2.009804e-01 5.343137e-01 -4.649409e-06
2.107843e-01 5.343137e-01 -4.460099e-06
2.205882e-01 5.343137e-01 -5.654537e-06
2.303922e-01 5.343137e-01 -4.570268e-06
2.401961e-01 5.343137e-01 1.046987e-05
2.500000e-01 5.343137e-01 6.954904e-05
2.598039e-01 5.343137e-01 2.391669e-04
2.696078e-01 5.343137e-01 6.495344e-04
2.794118e-01 5.343137e-01 1.530580e-03
2.892157e-01 5.343137e-01 3.251992e-03
2.990196e-01 5.343137e-01 6.357157e-03
3.088235e-01 5.343137e-01 1.157551e-02
3.186275e-01 5.343137e-01 1.979513e-02
3.284314e-01 5.343137e-01 3.197993e-02
3.382353e-01 5.343137e-01 4.902561e-02
3.480392e-01 5.343137e-01 7.156469e-02
3.578431e-01 5.343137e-01 9.975051e-02
3.676471e-01 5.343137e-01 1.330668e-01
3.774510e-01 5.343137e-01 1.702164e-01
3.872549e-01 5.343137e-01 2.091353e-01
3.970588e-01 5.343137e-01 2.471547e-01
4.068627e-01 5.343137e-01 2.813008e-01
4.166667e-01 5.343137e-01 3.086859e-01
4.264706e-01 5.343137e-01 3.269175e-01
4.362745e-01 5.343137e-01 3.344446e-01
4.460784e-01 5.343137e-01 3.307715e-01
4.558824e-01 5.343137e-01 3.164990e-01
4.656863e-01 5.343137e-01 2.931926e-01
4.754902e-01 5.343137e-01 2.631135e-01
4.852941e-01 5.343137e-01 2.288738e-01
4.950980e-01 5.343137e-01 1.930845e-01
5.049020e-01 5.343137e-01 1.580583e-01
5.147059e-01 5.343137e-01 1.256065e-01
5.245098e-01 5.343137e-01 9.694514e-02
5.343137e-01 5.343137e-01 7.270121e-02
5.441176e-01 5.343137e-01 5.299465e-02
5.539216e-01 5.343137e-01 3.756307e-02
5.637255e-01 5.343137e-01 2.589908e-02
5.735294e-01 5.343137e-01 1.737601e-02
5.833333e-01 5.343137e-01 1.134748e-02
5.931373e-01 5.343137e-01 7.215515e-03
6.029412e-01 5.343137e-01 4.468718e-03
6.127451e-01 5.343137e-01 2.696311e-03
6.225490e-01 5.343137e-01 1.585430e-03
6.323529e-01 5.343137e-01 9.087163e-04
6.421569e-01 5.343137e-01 5.078360e-04
6.519608e-01 5.343137e-01 2.767823e-04
6.617647e-01 5.343137e-01 1.471549e-04
6.715686e-01 5.343137e-01 7.633626e-05
6.813725e-01 5.343137e-01 3.864578e-05
6.911765e-01 5.343137e-01 1.909763e-05
7.009804e-01 5.343137e-01 9.214202e-06
7.107843e-01 5.343137e-01 4.340871e-06
7.205882e-01 5.343137e-01 1.998889e-06
7.303922e-01 5.343137e-01 8.939536e-07
7.401961e-01 5.343137e-01 4.076267e-07
7.500000e-01 5.343137e-01 1.296872e-07
7.598039e-01 5.343137e-01 1.816792e-07
7.696078e-01 5.343137e-01 -2.562796e-07
7.794118e-01 5.343137e-01 6.869207e-07
7.892157e-01 5.343137e-01 -1.447028e-06
7.990196e-01 5.343137e-01 2.800861e-06
8.088235e-01 5.343137e-01 -4.748014e-06
8.186275e-01 5.343137e-01 6.864022e-06
8.284314e-01 5.343137e-01 -7.930233e-06
8.382353e-01 5.343137e-01 6.115488e-06
8.480392e-01 5.343137e-01 -2.005145e-07
8.578431e-01 5.343137e-01 -8.202592e-06
8.676471e-01 5.343137e-01 1.337787e-05
8.774510e-01 5.343137e-01 -8.518761e-06
8.872549e-01 5.343137e-01 -6.288031e-06
8.970588e-01 5.343137e-01 1.843393e-05
9.068627e-01 5.343137e-01 -1.163925e-05
9.166667e-01 5.343137e-01 -1.185365e-05
9.264706e-01 5.343137e-01 2.365468e-05
9.362745e-01 5.343137e-01 -2.268865e-06
9.460784e-01 5.343137e-01 -2.611408e-05
9.558824e-01 5.343137e-01 1.441830e-05
9.656863e-01 5.343137e-01 2.414525e-05
9.754902e-01 5.343137e-01 -2.121592e-05
9.852941e-01 5.343137e-01 -2.326558e-05
9.950980e-01 5.343137e-01 2.246421e-05
4.901961e-03 5.441176e-01 -1.536612e-05
1.470588e-02 5.441176e-01 1.829281e-05
2.450980e-02 5.441176e-01 1.748804e-05
3.431373e-02 5.441176e-01 -1.492828e-05
4.411765e-02 5.441176e-01 -2.171653e-05
5.392157e-02 5.441176e-01 5.735536e-06
6.372549e-02 5.441176e-01 2.343603e-05
7.352941e-02 5.441176e-01 8.623430e-06
8.333333e-02 5.441176e-01 -1.540200e-05
9.313725e-02 5.441176e-01 -1.979102e-05
1.029412e-01 5.441176e-01 -3.847560e-06
1.127451e-01 5.441176e-01 1.330905e-05
1.225490e-01 5.441176e-01 1.734038e-05
1.323529e-01 5.441176e-01 8.867048e-06
1.421569e-01 5.441176e-01 -3.161589e-06
1.519608e-01 5.441176e-01 -1.128350e-05
1.617647e-01 5.441176e-01 -1.344489e-05
1.715686e-01 5.441176e-01 -1.144146e-05
1.813725e-01 5.441176e-01 -7.987192e-06
1.911765e-01 5.441176e-01 -5.015597e-06
2.009804e-01 5.441176e-01 -3.427126e-06
2.107843e-01 5.441176e-01 -3.372190e-06
2.205882e-01 5.441176e-01 -4.058433e-06
2.303922e-01 5.441176e-01 -2.128159e-06
2.401961e-01 5.441176e-01 1.256387e-05
2.500000e-01 5.441176e-01 6.532879e-05
2.598039e-01 5.441176e-01 2.108851e-04
2.696078e-01 5.441176e-01 5.545631e-04
2.794118e-01 5.441176e-01 1.279751e-03
2.892157e-01 5.441176e-01 2.677663e-03
2.990196e-01 5.441176e-01 5.171394e-03
3.088235e-01 5.441176e-01 9.322363e-03
3.186275e-01 5.441176e-01 1.580559e-02
3.284314e-01 5.441176e-01 2.534276e-02
3.382353e-01 5.441176e-01 3.858966e-02
3.480392e-01 5.441176e-01 5.598748e-02
3.578431e-01 5.441176e-01 7.760158e-02
3.676471e-01 5.441176e-01 1.029836e-01
3.774510e-01 5.441176e-01 1.310970e-01
3.872549e-01 5.441176e-01 1.603385e-01
3.970588e-01 5.441176e-01 1.886717e-01
4.068627e-01 5.441176e-01 2.138599e-01
4.166667e-01 5.441176e-01 2.337636e-01
4.264706e-01 5.441176e-01 2.466443e-01
4.362745e-01 5.441176e-01 2.514157e-01
4.460784e-01 5.441176e-01 2.477920e-01
4.558824e-01 5.441176e-01 2.363043e-01
4.656863e-01 5.441176e-01 2.181909e-01
4.754902e-01 5.441176e-01 1.951870e-01
4.852941e-01 5.441176e-01 1.692635e-01
4.950980e-01 5.441176e-01 1.423661e-01
5.049020e-01 5.441176e-01 1.161976e-01
5.147059e-01 5.441176e-01 9.207444e-02
5.245098e-01 5.441176e-01 7.086369e-02
5.343137e-01 5.441176e-01 5.299465e-02
5.441176e-01 5.441176e-01 3.852430e-02
5.539216e-01 5.441176e-01 2.723292e-02
5.637255e-01 5.441176e-01 1.872683e-02
5.735294e-01 5.441176e-01 1.253117e-02
5.833333e-01 5.441176e-01 8.162368e-03
5.931373e-01 5.441176e-01 5.176925e-03
6.029412e-01 5.441176e-01 3.198059e-03
6.127451e-01 5.441176e-01 1.924788e-03
6.225490e-01 5.441176e-01 1.128961e-03
6.323529e-01 5.441176e-01 6.454870e-04
6.421569e-01 5.441176e-01 3.598470e-04
6.519608e-01 5.441176e-01 1.956478e-04
6.617647e-01 5.441176e-01 1.037672e-04
6.715686e-01 5.441176e-01 5.369956e-05
6.813725e-01 5.441176e-01 2.712075e-05
6.911765e-01 5.441176e-01 1.337038e-05
7.009804e-01 5.441176e-01 6.435620e-06
7.107843e-01 5.441176e-01 3.024714e-06
7.205882e-01 5.441176e-01 1.389496e-06
7.303922e-01 5.441176e-01 6.200916e-07
7.401961e-01 5.441176e-01 2.817542e-07
7.500000e-01 5.441176e-01 9.009584e-08
7.598039e-01 5.441176e-01 1.243031e-07
7.696078e-01 5.441176e-01 -1.761270e-07
7.794118e-01 5.441176e-01 4.763688e-07
7.892157e-01 5.441176e-01 -1.013981e-06
7.990196e-01 5.441176e-01 1.984927e-06
8.088235e-01 5.441176e-01 -3.410310e-06
8.186275e-01 5.441176e-01 5.014744e-06
8.284314e-01 5.441176e-01 -5.941347e-06
8.382353e-01 5.441176e-01 4.834845e-06
8.480392e-01 5.441176e-01 -6.779163e-07
8.578431e-01 5.441176e-01 -5.574340e-06
8.676471e-01 5.441176e-01 9.881434e-06
8.774510e-01 5.441176e-01 -7.020820e-06
8.872549e-01 5.441176e-01 -3.629480e-06
8.970588e-01 5.441176e-01 1.336762e-05
9.068627e-01 5.441176e-01 -9.689436e-06
9.166667e-01 5.441176e-01 -7.379743e-06
9.264706e-01 5.441176e-01 1.771046e-05
9.362745e-01 5.441176e-01 -3.534397e-06
9.460784e-01 5.441176e-01 -1.849654e-05
9.558824e-01 5.441176e-01 1.244798e-05
9.656863e-01 5.441176e-01 1.632174e-05
9.754902e-01 5.441176e-01 -1.730926e-05
9.852941e-01 5.441176e-01 -1.536612e-05
9.950980e-01 5.441176e-01 1.829281e-05
4.901961e-03 5.539216e-01 -9.645779e-06
1.470588e-02 5.539216e-01 1.421128e-05
2.450980e-02 5.539216e-01 1.124419e-05
3.431373e-02 5.539216e-01 -1.205386e-05
4.411765e-02 5.539216e-01 -1.472276e-05
5.392157e-02 5.539216e-01 5.728524e-06
6.372549e-02 5.539216e-01 1.682726e-05
7.352941e-02 5.539216e-01 4.748995e-06
8.333333e-02 5.539216e-01 -1.204417e-05
9.313725e-02 5.539216e-01 -1.374962e-05
1.029412e-01 5.539216e-01 -1.557434e-06
1.127451e-01 5.539216e-01 1.032601e-05
1.225490e-01 5.539216e-01 1.231321e-05
1.323529e-01 5.539216e-01 5.647700e-06
1.421569e-01 5.539216e-01 -3.014331e-06
1.519608e-01 5.539216e-01 -8.542089e-06
1.617647e-01 5.539216e-01 -9.764807e-06
1.715686e-01 5.539216e-01 -8.131381e-06
1.813725e-01 5.539216e-01 -5.602900e-06
1.911765e-01 5.539216e-01 -3.516673e-06
2.009804e-01 5.539216e-01 -2.460814e-06
2.107843e-01 5.539216e-01 -2.462135e-06
2.205882e-01 5.539216e-01 -2.749106e-06
2.303922e-01 5.539216e-01 -3.828277e-07
2.401961e-01 5.539216e-01 1.312261e-05
2.500000e-01 5.539216e-01 5.834074e-05
2.598039e-01 5.539216e-01 1.788464e-04
2.696078e-01 5.539216e-01 4.571881e-04
2.794118e-01 5.539216e-01 1.035173e-03
2.892157e-01 5.539216e-01 2.135313e-03
2.990196e-01 5.539216e-01 4.077252e-03
3.088235e-01 5.539216e-01 7.280351e-03
3.186275e-01 5.539216e-01 1.224261e-02
3.284314e-01 5.539216e-01 1.948834e-02
3.382353e-01 5.539216e-01 2.948305e-02
3.480392e-01 5.539216e-01 4.252335e-02
3.578431e-01 5.539216e-01 5.862030e-02
3.676471e-01 5.539216e-01 7.740267e-02
3.774510e-01 5.539216e-01 9.806912e-02
3.872549e-01 5.539216e-01 1.194124e-01
3.970588e-01 5.539216e-01 1.399242e-01
4.068627e-01 5.539216e-01 1.579715e-01
4.166667e-01 5.539216e-01 1.720153e-01
4.264706e-01 5.539216e-01 1.808298e-01
4.362745e-01 5.539216e-01 1.836792e-01
4.460784e-01 5.539216e-01 1.804166e-01
4.558824e-01 5.539216e-01 1.714865e-01
4.656863e-01 5.539216e-01 1.578361e-01
4.754902e-01 5.539216e-01 1.407570e-01
4.852941e-01 5.539216e-01 1.216931e-01
4.950980e-01 5.539216e-01 1.020525e-01
5.049020e-01 5.539216e-01 8.305324e-02
5.147059e-01 5.539216e-01 6.562452e-02
5.245098e-01 5.539216e-01 5.036646e-02
5.343137e-01 5.539216e-01 3.756307e-02
5.441176e-01 5.539216e-01 2.723292e-02
5.539216e-01 5.539216e-01 1.919999e-02
5.637255e-01 5.539216e-01 1.316844e-02
5.735294e-01 5.539216e-01 8.789000e-03
5.833333e-01 5.539216e-01 5.710246e-03
5.931373e-01 5.539216e-01 3.612543e-03
6.029412e-01 5.539216e-01 2.226082e-03
6.127451e-01 5.539216e-01 1.336475e-03
6.225490e-01 5.539216e-01 7.819682e-04
6.323529e-01 5.539216e-01 4.460034e-04
6.421569e-01 5.539216e-01 2.480370e-04
6.519608e-01 5.539216e-01 1.345328e-04
6.617647e-01 5.539216e-01 7.118259e-05
6.715686e-01 5.539216e-01 3.674944e-05
6.813725e-01 5.539216e-01 1.851624e-05
6.911765e-01 5.539216e-01 9.106899e-06
7.009804e-01 5.539216e-01 4.373170e-06
7.107843e-01 5.539216e-01 2.050574e-06
7.205882e-01 5.539216e-01 9.397679e-07
7.303922e-01 5.539216e-01 4.185022e-07
7.401961e-01 5.539216e-01 1.894963e-07
7.500000e-01 5.539216e-01 6.089914e-08
7.598039e-01 5.539216e-01 8.273064e-08
7.696078e-01 5.539216e-01 -1.176967e-07
7.794118e-01 5.539216e-01 3.212082e-07
7.892157e-01 5.539216e-01 -6.907221e-07
7.990196e-01 5.539216e-01 1.367151e-06
8.088235e-01 5.539216e-01 -2.379780e-06
8.186275e-01 5.539216e-01 3.557199e-06
8.284314e-01 5.539216e-01 -4.315787e-06
8.382353e-01 5.539216e-01 3.684934e-06
8.480392e-01 5.539216e-01 -8.583782e-07
8.578431e-01 5.539216e-01 -3.642550e-06
8.676471e-01 5.539216e-01 7.057408e-06
8.774510e-01 5.539216e-01 -5.524644e-06
8.872549e-01 5.539216e-01 -1.873390e-06
8.970588e-01 5.539216e-01 9.355185e-06
9.068627e-01 5.539216e-01 -7.674684e-06
9.166667e-01 5.539216e-01 -4.286493e-06
9.264706e-01 5.539216e-01 1.277827e-05
9.362745e-01 5.539216e-01 -3.826399e-06
9.460784e-01 5.539216e-01 -1.260361e-05
9.558824e-01 5.539216e-01 1.012466e-05
9.656863e-01 5.539216e-01 1.054333e-05
9.754902e-01 5.539216e-01 -1.346804e-05
9.852941e-01 5.539216e-01 -9.645779e-06
9.950980e-01 5.539216e-01 1.421128e-05
4.901961e-03 5.637255e-01 -5.718498e-06
1.470588e-02 5.637255e-01 1.057306e-05
2.450980e-02 5.637255e-01 6.876051e-06
3.431373e-02 5.637255e-01 -9.260486e-06
4.411765e-02 5.637255e-01 -9.590251e-06
5.392157e-02 5.637255e-01 5.075463e-06
6.372549e-02 5.637255e-01 1.165229e-05
7.352941e-02 5.637255e-01 2.294563e-06
8.333333e-02 5.637255e-01 -9.026584e-06
9.313725e-02 5.637255e-01 -9.214944e-06
1.029412e-01 5.637255e-01 -2.477411e-07
1.127451e-01 5.637255e-01 7.699658e-06
1.225490e-01 5.637255e-01 8.457201e-06
1.323529e-01 5.637255e-01 3.427608e-06
1.421569e-01 5.637255e-01 -2.612743e-06
1.519608e-01 5.637255e-01 -6.252769e-06
1.617647e-01 5.637255e-01 -6.882253e-06
1.715686e-01 5.637255e-01 -5.614736e-06
1.813725e-01 5.637255e-01 -3.822402e-06
1.911765e-01 5.637255e-01 -2.401683e-06
2.009804e-01 5.637255e-01 -1.720556e-06
2.107843e-01 5.637255e-01 -1.733245e-06
2.205882e-01 5.637255e-01 -1.738356e-06
2.303922e-01 5.637255e-01 7.297099e-07
2.401961e-01 5.637255e-01 1.251690e-05
2.500000e-01 5.637255e-01 4.979706e-05
2.598039e-01 5.637255e-01 1.461825e-04
2.696078e-01 5.637255e-01 3.643958e-04
2.794118e-01 5.637255e-01 8.108147e-04
2.892157e-01 5.637255e-01 1.650442e-03
2.990196e-01 5.637255e-01 3.117719e-03
3.088235e-01 5.637255e-01 5.516802e-03
3.186275e-01 5.637255e-01 9.204444e-03
3.284314e-01 5.637255e-01 1.455045e-02
3.382353e-01 5.637255e-01 2.187524e-02
3.480392e-01 5.637255e-01 3.137079e-02
3.578431e-01 5.637255e-01 4.301870e-02
3.676471e-01 5.637255e-01 5.652448e-02
3.774510e-01 5.637255e-01 7.128836e-02
3.872549e-01 5.637255e-01 8.642818e-02
3.970588e-01 5.637255e-01 1.008594e-01
4.068627e-01 5.637255e-01 1.134240e-01
4.166667e-01 5.637255e-01 1.230467e-01
4.264706e-01 5.637255e-01 1.288885e-01
4.362745e-01 5.637255e-01 1.304677e-01
4.460784e-01 5.637255e-01 1.277231e-01
4.558824e-01 5.637255e-01 1.210092e-01
4.656863e-01 5.637255e-01 1.110276e-01
4.754902e-01 5.637255e-01 9.871135e-02
4.852941e-01 5.637255e-01 8.508808e-02
4.950980e-01 5.637255e-01 7.114780e-02
5.049020e-01 5.637255e-01 5.773731e-02
5.147059e-01 5.637255e-01 4.549383e-02
5.245098e-01 5.637255e-01 3.482060e-02
5.343137e-01 5.637255e-01 2.589908e-02
5.441176e-01 5.637255e-01 1.872683e-02
5.539216e-01 5.637255e-01 1.316844e-02
5.637255e-01 5.637255e-01 9.008370e-03
5.735294e-01 5.637255e-01 5.997130e-03
5.833333e-01 5.637255e-01 3.886543e-03
5.931373e-01 5.637255e-01 2.452663e-03
6.029412e-01 5.637255e-01 1.507622e-03
6.127451e-01 5.637255e-01 9.029176e-04
6.225490e-01 5.637255e-01 5.270124e-04
6.323529e-01 5.637255e-01 2.998626e-04
6.421569e-01 5.637255e-01 1.663642e-04
6.519608e-01 5.637255e-01 9.001964e-05
6.617647e-01 5.637255e-01 4.751760e-05
6.715686e-01 5.637255e-01 2.447418e-05
6.813725e-01 5.637255e-01 1.230245e-05
6.911765e-01 5.637255e-01 6.036632e-06
7.009804e-01 5.637255e-01 2.892075e-06
7.107843e-01 5.637255e-01 1.352954e-06
7.205882e-01 5.637255e-01 6.186004e-07
7.303922e-01 5.637255e-01 2.748981e-07
7.401961e-01 5.637255e-01 1.240461e-07
7.500000e-01 5.637255e-01 4.006307e-08
7.598039e-01 5.637255e-01 5.357839e-08
7.696078e-01 5.637255e-01 -7.650062e-08
7.794118e-01 5.637255e-01 2.106570e-07
7.892157e-01 5.637255e-01 -4.575573e-07
7.990196e-01 5.637255e-01 9.155127e-07
8.088235e-01 5.637255e-01 -1.614033e-06
8.186275e-01 5.637255e-01 2.451074e-06
8.284314e-01 5.637255e-01 -3.041493e-06
8.382353e-01 5.637255e-01 2.712154e-06
8.480392e-01 5.637255e-01 -8.524986e-07
8.578431e-01 5.637255e-01 -2.284724e-06
8.676471e-01 5.637255e-01 4.876570e-06
8.774510e-01 5.637255e-01 -4.167565e-06
8.872549e-01 5.637255e-01 -7.962536e-07
8.970588e-01 5.637255e-01 6.320191e-06
9.068627e-01 5.637255e-01 -5.812529e-06
9.166667e-01 5.637255e-01 -2.273880e-06
9.264706e-01 5.637255e-01 8.892224e-06
9.362745e-01 5.637255e-01 -3.535201e-06
9.460784e-01 5.637255e-01 -8.258066e-06
9.558824e-01 5.637255e-01 7.822742e-06
9.656863e-01 5.637255e-01 6.486225e-06
9.754902e-01 5.637255e-01 -1.003326e-05
9.852941e-01 5.637255e-01 -5.718498e-06
9.950980e-01 5.637255e-01 1.057306e-05
4.901961e-03 5.735294e-01 -3.167189e-06
1.470588e-02 5.735294e-01 7.553851e-06
2.450980e-02 5.735294e-01 3.974312e-06
3.431373e-02 5.735294e-01 -6.801906e-06
4.411765e-02 5.735294e-01 -5.994819e-06
5.392157e-02 5.735294e-01 4.141588e-06
6.372549e-02 5.735294e-01 7.785670e-06
7.352941e-02 5.735294e-01 8.595547e-07
8.333333e-02 5.735294e-01 -6.501578e-06
9.313725e-02 5.735294e-01 -5.956750e-06
1.029412e-01 5.735294e-01 3.985011e-07
1.127451e-01 5.735294e-01 5.530002e-06
1.225490e-01 5.735294e-01 5.620527e-06
1.323529e-01 5.735294e-01 1.969662e-06
1.421569e-01 5.735294e-01 -2.111650e-06
1.519608e-01 5.735294e-01 -4.430578e-06
1.617647e-01 5.735294e-01 -4.709753e-06
1.715686e-01 5.735294e-01 -3.768493e-06
1.813725e-01 5.735294e-01 -2.537158e-06
1.911765e-01 5.735294e-01 -1.598129e-06
2.009804e-01 5.735294e-01 -1.170764e-06
2.107843e-01 5.735294e-01 -1.174052e-06
2.205882e-01 5.735294e-01 -1.005211e-06
2.303922e-01 5.735294e-01 1.324306e-06
2.401961e-01 5.735294e-01 1.114927e-05
2.500000e-01 5.735294e-01 4.077964e-05
2.598039e-01 5.735294e-01 1.153491e-04
2.696078e-01 5.735294e-01 2.810936e-04
2.794118e-01 5.735294e-01 6.154722e-04
2.892157e-01 5.735294e-01 1.237298e-03
2.990196e-01 5.735294e-01 2.313582e-03
3.088235e-01 5.735294e-01 4.058619e-03
3.186275e-01 5.735294e-01 6.720678e-03
3.284314e-01 5.735294e-01 1.055306e-02
3.382353e-01 5.735294e-01 1.576967e-02
3.480392e-01 5.735294e-01 2.248991e-02
3.578431e-01 5.735294e-01 3.068279e-02
3.676471e-01 5.735294e-01 4.012372e-02
3.774510e-01 5.735294e-01 5.037766e-02
3.872549e-01 5.735294e-01 6.081886e-02
3.970588e-01 5.735294e-01 7.068976e-02
4.068627e-01 5.735294e-01 7.919237e-02
4.166667e-01 5.735294e-01 8.559676e-02
4.264706e-01 5.735294e-01 8.934560e-02
4.362745e-01 5.735294e-01 9.013404e-02
4.460784e-01 5.735294e-01 8.794902e-02
4.558824e-01 5.735294e-01 8.306144e-02
4.656863e-01 5.735294e-01 7.597498e-02
4.754902e-01 5.735294e-01 6.734426e-02
4.852941e-01 5.735294e-01 5.787990e-02
4.950980e-01 5.735294e-01 4.825860e-02
5.049020e-01 5.735294e-01 3.905259e-02
5.147059e-01 5.735294e-01 3.068664e-02
5.245098e-01 5.735294e-01 2.342382e-02
5.343137e-01 5.735294e-01 1.737601e-02
5.441176e-01 5.735294e-01 1.253117e-02
5.539216e-01 5.735294e-01 8.789000e-03
5.637255e-01 5.735294e-01 5.997130e-03
5.735294e-01 5.735294e-01 3.982411e-03
5.833333e-01 5.735294e-01 2.574445e-03
5.931373e-01 5.735294e-01 1.620639e-03
6.029412e-01 5.735294e-01 9.937550e-04
6.127451e-01 5.735294e-01 5.937209e-04
6.225490e-01 5.735294e-01 3.457090e-04
6.323529e-01 5.735294e-01 1.962344e-04
6.421569e-01 5.735294e-01 1.086132e-04
6.519608e-01 5.735294e-01 5.863213e-05
6.617647e-01 5.735294e-01 3.087694e-05
6.715686e-01 5.735294e-01 1.586624e-05
6.813725e-01 5.735294e-01 7.956975e-06
6.911765e-01 5.735294e-01 3.895343e-06
7.009804e-01 5.735294e-01 1.861908e-06
7.107843e-01 5.735294e-01 8.690293e-07
7.205882e-01 5.735294e-01 3.964172e-07
7.303922e-01 5.735294e-01 1.757937e-07
7.401961e-01 5.735294e-01 7.905734e-08
7.500000e-01 5.735294e-01 2.565824e-08
7.598039e-01 5.735294e-01 3.377359e-08
7.696078e-01 5.735294e-01 -4.837895e-08
7.794118e-01 5.735294e-01 1.344140e-07
7.892157e-01 5.735294e-01 -2.948465e-07
7.990196e-01 5.735294e-01 5.962608e-07
8.088235e-01 5.735294e-01 -1.064344e-06
8.186275e-01 5.735294e-01 1.641266e-06
8.284314e-01 5.735294e-01 -2.080727e-06
8.382353e-01 5.735294e-01 1.930360e-06
8.480392e-01 5.735294e-01 -7.465901e-07
8.578431e-01 5.735294e-01 -1.371931e-06
8.676471e-01 5.735294e-01 3.261603e-06
8.774510e-01 5.735294e-01 -3.022687e-06
8.872549e-01 5.735294e-01 -1.945227e-07
8.970588e-01 5.735294e-01 4.122147e-06
9.068627e-01 5.735294e-01 -4.223986e-06
9.166667e-01 5.735294e-01 -1.050770e-06
9.264706e-01 5.735294e-01 5.971909e-06
9.362745e-01 5.735294e-01 -2.960432e-06
9.460784e-01 5.735294e-01 -5.197952e-06
9.558824e-01 5.735294e-01 5.772619e-06
9.656863e-01 5.735294e-01 3.779446e-06
9.754902e-01 5.735294e-01 -7.176452e-06
9.852941e-01 5.735294e-01 -3.167189e-06
9.950980e-01 5.735294e-01 7.553851e-06
4.901961e-03 5.833333e-01 -1.605682e-06
1.470588e-02 5.833333e-01 5.192933e-06
2.450980e-02 5.833333e-01 2.148152e-06
3.431373e-02 5.833333e-01 -4.792721e-06
4.411765e-02 5.833333e-01 -3.588924e-06
5.392157e-02 5.833333e-01 3.170219e-06
6.372549e-02 5.833333e-01 5.021053e-06
7.352941e-02 5.833333e-01 1.052800e-07
8.333333e-02 5.833333e-01 -4.509873e-06
9.313725e-02 5.833333e-01 -3.712436e-06
1.029412e-01 5.833333e-01 6.341915e-07
1.127451e-01 5.833333e-01 3.832131e-06
1.225490e-01 5.833333e-01 3.615147e-06
1.323529e-01 5.833333e-01 1.060306e-06
1.421569e-01 5.833333e-01 -1.613031e-06
1.519608e-01 5.833333e-01 -3.041911e-06
1.617647e-01 5.833333e-01 -3.131026e-06
1.715686e-01 5.833333e-01 -2.459573e-06
1.813725e-01 5.833333e-01 -1.639150e-06
1.911765e-01 5.833333e-01 -1.036406e-06
2.009804e-01 5.833333e-01 -7.747989e-07
2.107843e-01 5.833333e-01 -7.631796e-07
2.205882e-01 5.833333e-01 -5.080638e-07
2.303922e-01 5.833333e-01 1.535844e-06
2.401961e-01 5.833333e-01 9.389152e-06
2.500000e-01 5.833333e-01 3.213042e-05
2.598039e-01 5.833333e-01 8.799068e-05
2.696078e-01 5.833333e-01 2.100549e-04
2.794118e-01 5.833333e-01 4.530999e-04
2.892157e-01 5.833333e-01 9.002411e-04
2.990196e-01 5.833333e-01 1.667087e-03
3.088235e-01 5.833333e-01 2.900371e-03
3.186275e-01 5.833333e-01 4.767992e-03
3.284314e-01 5.833333e-01 7.438506e-03
3.382353e-01 5.833333e-01 1.105042e-02
3.480392e-01 5.833333e-01 1.567487e-02
3.578431e-01 5.833333e-01 2.127870e-02
3.676471e-01 5.833333e-01 2.769679e-02
3.774510e-01 5.833333e-01 3.462311e-02
3.872549e-01 5.833333e-01 4.162652e-02
3.970588e-01 5.833333e-01 4.819272e-02
4.068627e-01 5.833333e-01 5.378725e-02
4.166667e-01 5.833333e-01 5.792852e-02
4.264706e-01 5.833333e-01 6.025699e-02
4.362745e-01 5.833333e-01 6.058642e-02
4.460784e-01 5.833333e-01 5.892735e-02
4.558824e-01 5.833333e-01 5.547878e-02
4.656863e-01 5.833333e-01 5.059148e-02
4.754902e-01 5.833333e-01 4.471166e-02
4.852941e-01 5.833333e-01 3.831703e-02
4.950980e-01 5.833333e-01 3.185740e-02
5.049020e-01 5.833333e-01 2.570881e-02
5.147059e-01 5.833333e-01 2.014655e-02
5.245098e-01 5.833333e-01 1.533730e-02
5.343137e-01 5.833333e-01 1.134748e-02
5.441176e-01 5.833333e-01 8.162368e-03
5.539216e-01 5.833333e-01 5.710246e-03
5.637255e-01 5.833333e-01 3.886543e-03
5.735294e-01 5.833333e-01 2.574445e-03
5.833333e-01 5.833333e-01 1.660161e-03
5.931373e-01 5.833333e-01 1.042539e-03
6.029412e-01 5.833333e-01 6.377266e-04
6.127451e-01 5.833333e-01 3.800978e-04
6.225490e-01 5.833333e-01 2.207951e-04
6.323529e-01 5.833333e-01 1.250335e-04
6.421569e-01 5.833333e-01 6.904195e-05
6.519608e-01 5.833333e-01 3.718358e-05
6.617647e-01 5.833333e-01 1.953619e-05
6.715686e-01 5.833333e-01 1.001554e-05
6.813725e-01 5.833333e-01 5.011263e-06
6.911765e-01 5.833333e-01 2.447639e-06
7.009804e-01 5.833333e-01 1.167254e-06
7.107843e-01 5.833333e-01 5.435655e-07
7.205882e-01 5.833333e-01 2.473824e-07
7.303922e-01 5.833333e-01 1.094745e-07
7.401961e-01 5.833333e-01 4.906786e-08
7.500000e-01 5.833333e-01 1.600210e-08
7.598039e-01 5.833333e-01 2.072762e-08
7.696078e-01 5.833333e-01 -2.977570e-08
7.794118e-01 5.833333e-01 8.346784e-08
7.892157e-01 5.833333e-01 -1.848792e-07
7.990196e-01 5.833333e-01 3.778096e-07
8.088235e-01 5.833333e-01 -6.826505e-07
8.186275e-01 5.833333e-01 1.068438e-06
8.284314e-01 5.833333e-01 -1.382523e-06
8.382353e-01 5.833333e-01 1.330155e-06
8.480392e-01 5.833333e-01 -6.012512e-07
8.578431e-01 5.833333e-01 -7.854854e-07
8.676471e-01 5.833333e-01 2.112293e-06
8.774510e-01 5.833333e-01 -2.112478e-06
8.872549e-01 5.833333e-01 9.854863e-08
8.970588e-01 5.833333e-01 2.595250e-06
9.068627e-01 5.833333e-01 -2.952823e-06
9.166667e-01 5.833333e-01 -3.665830e-07
9.264706e-01 5.833333e-01 3.872225e-06
9.362745e-01 5.833333e-01 -2.306743e-06
9.460784e-01 5.833333e-01 -3.138204e-06
9.558824e-01 5.833333e-01 4.083512e-06
9.656863e-01 5.833333e-01 2.066747e-06
9.754902e-01 5.833333e-01 -4.938626e-06
9.852941e-01 5.833333e-01 -1.605682e-06
9.950980e-01 5.833333e-01 5.192933e-06
4.901961e-03 5.931373e-01 -7.127081e-07
1.470588e-02 5.931373e-01 3.440287e-06
2.450980e-02 5.931373e-01 1.064440e-06
3.431373e-02 5.931373e-01 -3.247526e-06
4.411765e-02 5.931373e-01 -2.051368e-06
5.392157e-02 5.931373e-01 2.300219e-06
6.372549e-02 5.931373e-01 3.125679e-06
7.352941e-02 5.931373e-01 -2.290171e-07
8.333333e-02 5.931373e-01 -3.017541e-06
9.313725e-02 5.931373e-01 -2.229021e-06
1.029412e-01 5.931373e-01 6.432711e-07
1.127451e-01 5.931373e-01 2.565720e-06
1.225490e-01 5.931373e-01 2.250746e-06
1.323529e-01 5.931373e-01 5.242204e-07
1.421569e-01 5.931373e-01 -1.174082e-06
1.519608e-01 5.931373e-01 -2.025312e-06
1.617647e-01 5.931373e-01 -2.023018e-06
1.715686e-01 5.931373e-01 -1.561621e-06
1.813725e-01 5.931373e-01 -1.031127e-06
1.911765e-01 5.931373e-01 -6.551601e-07
2.009804e-01 5.931373e-01 -4.982742e-07
2.107843e-01 5.931373e-01 -4.742640e-07
2.205882e-01 5.931373e-01 -1.963093e-07
2.303922e-01 5.931373e-01 1.494731e-06
2.401961e-01 5.931373e-01 7.532629e-06
2.500000e-01 5.931373e-01 2.441020e-05
2.598039e-01 5.931373e-01 6.496355e-05
2.696078e-01 5.931373e-01 1.521868e-04
2.794118e-01 5.931373e-01 3.237188e-04
2.892157e-01 5.931373e-01 6.360711e-04
2.990196e-01 5.931373e-01 1.167041e-03
3.088235e-01 5.931373e-01 2.014307e-03
3.186275e-01 5.931373e-01 3.288256e-03
3.284314e-01 5.931373e-01 5.097882e-03
3.382353e-01 5.931373e-01 7.530178e-03
3.480392e-01 5.931373e-01 1.062560e-02
3.578431e-01 5.931373e-01 1.435429e-02
3.676471e-01 5.931373e-01 1.859906e-02
3.774510e-01 5.931373e-01 2.315095e-02
3.872549e-01 5.931373e-01 2.772128e-02
3.970588e-01 5.931373e-01 3.197062e-02
4.068627e-01 5.931373e-01 3.555086e-02
4.166667e-01 5.931373e-01 3.815310e-02
4.264706e-01 5.931373e-01 3.955207e-02
4.362745e-01 5.931373e-01 3.963809e-02
4.460784e-01 5.931373e-01 3.843045e-02
4.558824e-01 5.931373e-01 3.607010e-02
4.656863e-01 5.931373e-01 3.279414e-02
4.754902e-01 5.931373e-01 2.889820e-02
4.852941e-01 5.931373e-01 2.469464e-02
4.950980e-01 5.931373e-01 2.047427e-02
5.049020e-01 5.931373e-01 1.647752e-02
5.147059e-01 5.931373e-01 1.287786e-02
5.245098e-01 5.931373e-01 9.777895e-03
5.343137e-01 5.931373e-01 7.215515e-03
5.441176e-01 5.931373e-01 5.176925e-03
5.539216e-01 5.931373e-01 3.612543e-03
5.637255e-01 5.931373e-01 2.452663e-03
5.735294e-01 5.931373e-01 1.620639e-03
5.833333e-01 5.931373e-01 1.042539e-03
5.931373e-01 5.931373e-01 6.531073e-04
6.029412e-01 5.931373e-01 3.985524e-04
6.127451e-01 5.931373e-01 2.369810e-04
6.225490e-01 5.931373e-01 1.373353e-04
6.323529e-01 5.931373e-01 7.758913e-05
6.421569e-01 5.931373e-01 4.274399e-05
6.519608e-01 5.931373e-01 2.296711e-05
6.617647e-01 5.931373e-01 1.203907e-05
6.715686e-01 5.931373e-01 6.157861e-06
6.813725e-01 5.931373e-01 3.074037e-06
6.911765e-01 5.931373e-01 1.498025e-06
7.009804e-01 5.931373e-01 7.127702e-07
7.107843e-01 5.931373e-01 3.311715e-07
7.205882e-01 5.931373e-01 1.503751e-07
7.303922e-01 5.931373e-01 6.640745e-08
7.401961e-01 5.931373e-01 2.966627e-08
7.500000e-01 5.931373e-01 9.720948e-09
7.598039e-01 5.931373e-01 1.238860e-08
7.696078e-01 5.931373e-01 -1.784019e-08
7.794118e-01 5.931373e-01 5.045701e-08
7.892157e-01 5.931373e-01 -1.128362e-07
7.990196e-01 5.931373e-01 2.329745e-07
8.088235e-01 5.931373e-01 -4.259959e-07
8.186275e-01 5.931373e-01 6.764422e-07
8.284314e-01 5.931373e-01 -8.926218e-07
8.382353e-01 5.931373e-01 8.882367e-07
8.480392e-01 5.931373e-01 -4.542561e-07
8.578431e-01 5.931373e-01 -4.260359e-07
8.676471e-01 5.931373e-01 1.324952e-06
8.774510e-01 5.931373e-01 -1.425019e-06
8.872549e-01 5.931373e-01 2.078445e-07
8.970588e-01 5.931373e-01 1.576668e-06
9.068627e-01 5.931373e-01 -1.989503e-06
9.166667e-01 5.931373e-01 -2.497237e-08
9.264706e-01 5.931373e-01 2.424647e-06
9.362745e-01 5.931373e-01 -1.695782e-06
9.460784e-01 5.931373e-01 -1.812865e-06
9.558824e-01 5.931373e-01 2.776523e-06
9.656863e-01 5.931373e-01 1.043106e-06
9.754902e-01 5.931373e-01 -3.274981e-06
9.852941e-01 5.931373e-01 -7.127081e-07
9.950980e-01 5.931373e-01 3.440287e-06
4.901961e-03 6.029412e-01 -2.430510e-07
1.470588e-02 6.029412e-01 2.198958e-06
2.450980e-02 6.029412e-01 4.631932e-07
3.431373e-02 6.029412e-01 -2.120007e-06
4.411765e-02 6.029412e-01 -1.113989e-06
5.392157e-02 6.029412e-01 1.592353e-06
6.372549e-02 6.029412e-01 1.877947e-06
7.352941e-02 6.029412e-01 -3.277826e-07
8.333333e-02 6.029412e-01 -1.949972e-06
9.313725e-02 6.029412e-01 -1.287815e-06
1.029412e-01 6.029412e-01 5.477658e-07
1.127451e-01 6.029412e-01 1.661544e-06
1.225490e-01 6.029412e-01 1.356365e-06
1.323529e-01 6.029412e-01 2.280972e-07
1.421569e-01 6.029412e-01 -8.186638e-07
1.519608e-01 6.029412e-01 -1.308620e-06
1.617647e-01 6.029412e-01 -1.270944e-06
1.715686e-01 6.029412e-01 -9.648867e-07
1.813725e-01 6.029412e-01 -6.318001e-07
1.911765e-01 6.029412e-01 -4.037459e-07
2.009804e-01 6.029412e-01 -3.110756e-07
2.107843e-01 6.029412e-01 -2.801375e-07
2.205882e-01 6.029412e-01 -1.957409e-08
2.303922e-01 6.029412e-01 1.311143e-06
2.401961e-01 6.029412e-01 5.786570e-06
2.500000e-01 6.029412e-01 1.791286e-05
2.598039e-01 6.029412e-01 4.646755e-05
2.696078e-01 6.029412e-01 1.069801e-04
2.794118e-01 6.029412e-01 2.245917e-04
2.892157e-01 6.029412e-01 4.366635e-04
2.990196e-01 6.029412e-01 7.941086e-04
3.088235e-01 6.029412e-01 1.360168e-03
3.186275e-01 6.029412e-01 2.205420e-03
3.284314e-01 6.029412e-01 3.398372e-03
3.382353e-01 6.029412e-01 4.992020e-03
3.480392e-01 6.029412e-01 7.008169e-03
3.578431e-01 6.029412e-01 9.422573e-03
3.676471e-01 6.029412e-01 1.215476e-02
3.774510e-01 6.029412e-01 1.506618e-02
3.872549e-01 6.029412e-01 1.796893e-02
3.970588e-01 6.029412e-01 2.064510e-02
4.068627e-01 6.029412e-01 2.287414e-02
4.166667e-01 6.029412e-01 2.446339e-02
4.264706e-01 6.029412e-01 2.527573e-02
4.362745e-01 6.029412e-01 2.524900e-02
4.460784e-01 6.029412e-01 2.440328e-02
4.558824e-01 6.029412e-01 2.283497e-02
4.656863e-01 6.029412e-01 2.069976e-02
4.754902e-01 6.029412e-01 1.818810e-02
4.852941e-01 6.029412e-01 1.549870e-02
4.950980e-01 6.029412e-01 1.281454e-02
5.049020e-01 6.029412e-01 1.028518e-02
5.147059e-01 6.029412e-01 8.016974e-03
5.245098e-01 6.029412e-01 6.071245e-03
5.343137e-01 6.029412e-01 4.468718e-03
5.441176e-01 6.029412e-01 3.198059e-03
5.539216e-01 6.029412e-01 2.226082e-03
5.637255e-01 6.029412e-01 1.507622e-03
5.735294e-01 6.029412e-01 9.937550e-04
5.833333e-01 6.029412e-01 6.377266e-04
5.931373e-01 6.029412e-01 3.985524e-04
6.029412e-01 6.029412e-01 2.426354e-04
6.127451e-01 6.029412e-01 1.439322e-04
6.225490e-01 6.029412e-01 8.321652e-05
6.323529e-01 6.029412e-01 4.690484e-05
6.421569e-01 6.029412e-01 2.578025e-05
6.519608e-01 6.029412e-01 1.382034e-05
6.617647e-01 6.029412e-01 7.227875e-06
6.715686e-01 6.029412e-01 3.688560e-06
6.813725e-01 6.029412e-01 1.837169e-06
6.911765e-01 6.029412e-01 8.932544e-07
7.009804e-01 6.029412e-01 4.240572e-07
7.107843e-01 6.029412e-01 1.965851e-07
7.205882e-01 6.029412e-01 8.906069e-08
7.303922e-01 6.029412e-01 3.924882e-08
7.401961e-01 6.029412e-01 1.747634e-08
7.500000e-01 6.029412e-01 5.753485e-09
7.598039e-01 6.029412e-01 7.212857e-09
7.696078e-01 6.029412e-01 -1.040834e-08
7.794118e-01 6.029412e-01 2.970076e-08
7.892157e-01 6.029412e-01 -6.705003e-08
7.990196e-01 6.029412e-01 1.398523e-07
8.088235e-01 6.029412e-01 -2.587260e-07
8.186275e-01 6.029412e-01 4.166546e-07
8.284314e-01 6.029412e-01 -5.602648e-07
8.382353e-01 6.029412e-01 5.752838e-07
8.480392e-01 6.029412e-01 -3.255943e-07
8.578431e-01 6.029412e-01 -2.165323e-07
8.676471e-01 6.029412e-01 8.050861e-07
8.774510e-01 6.029412e-01 -9.291115e-07
8.872549e-01 6.029412e-01 2.193228e-07
8.970588e-01 6.029412e-01 9.236795e-07
9.068627e-01 6.029412e-01 -1.293871e-06
9.166667e-01 6.029412e-01 1.157243e-07
9.264706e-01 6.029412e-01 1.466178e-06
9.362745e-01 6.029412e-01 -1.185940e-06
9.460784e-01 6.029412e-01 -9.982367e-07
9.558824e-01 6.029412e-01 1.818176e-06
9.656863e-01 6.029412e-01 4.694895e-07
9.754902e-01 6.029412e-01 -2.095236e-06
9.852941e-01 6.029412e-01 -2.430510e-07
9.950980e-01 6.029412e-01 2.198958e-06
4.901961e-03 6.127451e-01 -2.331469e-08
1.470588e-02 6.127451e-01 1.357250e-06
2.450980e-02 6.127451e-01 1.563639e-07
3.431373e-02 6.127451e-01 -1.335183e-06
4.411765e-02 6.127451e-01 -5.701360e-07
5.392157e-02 6.127451e-01 1.056331e-06
6.372549e-02 6.127451e-01 1.088520e-06
7.352941e-02 6.127451e-01 -3.109424e-07
8.333333e-02 6.127451e-01 -1.218204e-06
9.313725e-02 6.127451e-01 -7.146368e-07
1.029412e-01 6.127451e-01 4.206926e-07
1.127451e-01 6.127451e-01 1.041698e-06
1.225490e-01 6.127451e-01 7.910648e-07
1.323529e-01 6.127451e-01 7.728592e-08
1.421569e-01 6.127451e-01 -5.488803e-07
1.519608e-01 6.127451e-01 -8.210920e-07
1.617647e-01 6.127451e-01 -7.766820e-07
1.715686e-01 6.127451e-01 -5.803833e-07
1.813725e-01 6.127451e-01 -3.771918e-07
1.911765e-01 6.127451e-01 -2.425585e-07
2.009804e-01 6.127451e-01 -1.882924e-07
2.107843e-01 6.127451e-01 -1.558319e-07
2.205882e-01 6.127451e-01 6.625929e-08
2.303922e-01 6.127451e-01 1.067907e-06
2.401961e-01 6.127451e-01 4.271907e-06
2.500000e-01 6.127451e-01 1.271500e-05
2.598039e-01 6.127451e-01 3.222975e-05
2.696078e-01 6.127451e-01 7.301259e-05
2.794118e-01 6.127451e-01 1.513954e-04
2.892157e-01 6.127451e-01 2.914050e-04
2.990196e-01 6.127451e-01 5.254571e-04
3.088235e-01 6.127451e-01 8.933873e-04
3.186275e-01 6.127451e-01 1.439094e-03
3.284314e-01 6.127451e-01 2.204442e-03
3.382353e-01 6.127451e-01 3.220742e-03
3.480392e-01 6.127451e-01 4.499007e-03
3.578431e-01 6.127451e-01 6.020928e-03
3.676471e-01 6.127451e-01 7.732996e-03
3.774510e-01 6.127451e-01 9.545938e-03
3.872549e-01 6.127451e-01 1.134079e-02
3.970588e-01 6.127451e-01 1.298144e-02
4.068627e-01 6.127451e-01 1.433195e-02
4.166667e-01 6.127451e-01 1.527539e-02
4.264706e-01 6.127451e-01 1.573072e-02
4.362745e-01 6.127451e-01 1.566413e-02
4.460784e-01 6.127451e-01 1.509279e-02
4.558824e-01 6.127451e-01 1.408055e-02
4.656863e-01 6.127451e-01 1.272671e-02
4.754902e-01 6.127451e-01 1.115067e-02
4.852941e-01 6.127451e-01 9.475434e-03
4.950980e-01 6.127451e-01 7.813081e-03
5.049020e-01 6.127451e-01 6.254161e-03
5.147059e-01 6.127451e-01 4.862126e-03
5.245098e-01 6.127451e-01 3.672575e-03
5.343137e-01 6.127451e-01 2.696311e-03
5.441176e-01 6.127451e-01 1.924788e-03
5.539216e-01 6.127451e-01 1.336475e-03
5.637255e-01 6.127451e-01 9.029176e-04
5.735294e-01 6.127451e-01 5.937209e-04
5.833333e-01 6.127451e-01 3.800978e-04
5.931373e-01 6.127451e-01 2.369810e-04
6.029412e-01 6.127451e-01 1.439322e-04
6.127451e-01 6.127451e-01 8.518146e-05
6.225490e-01 6.127451e-01 4.913455e-05
6.323529e-01 6.127451e-01 2.763069e-05
6.421569e-01 6.127451e-01 1.515177e-05
6.519608e-01 6.127451e-01 8.104050e-06
6.617647e-01 6.127451e-01 4.228686e-06
6.715686e-01 6.127451e-01 2.153115e-06
6.813725e-01 6.127451e-01 1.069986e-06
6.911765e-01 6.127451e-01 5.190703e-07
7.009804e-01 6.127451e-01 2.458667e-07
7.107843e-01 6.127451e-01 1.137245e-07
7.205882e-01 6.127451e-01 5.140527e-08
7.303922e-01 6.127451e-01 2.260738e-08
7.401961e-01 6.127451e-01 1.003383e-08
7.500000e-01 6.127451e-01 3.318562e-09
7.598039e-01 6.127451e-01 4.091778e-09
7.696078e-01 6.127451e-01 -5.914473e-09
7.794118e-01 6.127451e-01 1.702820e-08
7.892157e-01 6.127451e-01 -3.880212e-08
7.990196e-01 6.127451e-01 8.174835e-08
8.088235e-01 6.127451e-01 -1.529792e-07
8.186275e-01 6.127451e-01 2.497643e-07
8.284314e-01 6.127451e-01 -3.420019e-07
8.382353e-01 6.127451e-01 3.616426e-07
8.480392e-01 6.127451e-01 -2.229473e-07
8.578431e-01 6.127451e-01 -1.010634e-07
8.676471e-01 6.127451e-01 4.739252e-07
8.774510e-01 6.127451e-01 -5.861530e-07
8.872549e-01 6.127451e-01 1.871824e-07
8.970588e-01 6.127451e-01 5.212778e-07
9.068627e-01 6.127451e-01 -8.131793e-07
9.166667e-01 6.127451e-01 1.499249e-07
9.264706e-01 6.127451e-01 8.560309e-07
9.362745e-01 6.127451e-01 -7.932453e-07
9.460784e-01 6.127451e-01 -5.207741e-07
9.558824e-01 6.127451e-01 1.148393e-06
9.656863e-01 6.127451e-01 1.722564e-07
9.754902e-01 6.127451e-01 -1.294403e-06
9.852941e-01 6.127451e-01 -2.331469e-08
9.950980e-01 6.127451e-01 1.357250e-06
4.901961e-03 6.225490e-01 6.048112e-08
1.470588e-02 6.225490e-01 8.094761e-07
2.450980e-02 6.225490e-01 1.718041e-08
3.431373e-02 6.225490e-01 -8.121330e-07
4.411765e-02 6.225490e-01 -2.711372e-07
5.392157e-02 6.225490e-01 6.735837e-07
6.372549e-02 6.225490e-01 6.082589e-07
7.352941e-02 6.225490e-01 -2.495759e-07
8.333333e-02 6.225490e-01 -7.363266e-07
9.313725e-02 6.225490e-01 -3.798521e-07
1.029412e-01 6.225490e-01 3.002025e-07
1.127451e-01 6.225490e-01 6.327403e-07
1.225490e-01 6.225490e-01 4.463703e-07
1.323529e-01 6.225490e-01 8.818332e-09
1.421569e-01 6.225490e-01 -3.548087e-07
1.519608e-01 6.225490e-01 -5.005851e-07
1.617647e-01 6.225490e-01 -4.618649e-07
1.715686e-01 6.225490e-01 -3.399668e-07
1.813725e-01 6.225490e-01 -2.194767e-07
1.911765e-01 6.225490e-01 -1.420477e-07
2.009804e-01 6.225490e-01 -1.103249e-07
2.107843e-01 6.225490e-01 -8.030990e-08
2.205882e-01 6.225490e-01 9.613198e-08
2.303922e-01 6.225490e-01 8.201687e-07
2.401961e-01 6.225490e-01 3.038899e-06
2.500000e-01 6.225490e-01 8.740652e-06
2.598039e-01 6.225490e-01 2.169335e-05
2.696078e-01 6.225490e-01 4.840856e-05
2.794118e-01 6.225490e-01 9.920812e-05
2.892157e-01 6.225490e-01 1.891280e-04
2.990196e-01 6.225490e-01 3.382539e-04
3.088235e-01 6.225490e-01 5.710071e-04
3.186275e-01 6.225490e-01 9.139567e-04
3.284314e-01 6.225490e-01 1.391981e-03
3.382353e-01 6.225490e-01 2.023016e-03
3.480392e-01 6.225490e-01 2.812165e-03
3.578431e-01 6.225490e-01 3.746375e-03
3.676471e-01 6.225490e-01 4.791147e-03
3.774510e-01 6.225490e-01 5.890561e-03
3.872549e-01 6.225490e-01 6.971332e-03
3.970588e-01 6.225490e-01 7.950725e-03
4.068627e-01 6.225490e-01 8.747160e-03
4.166667e-01 6.225490e-01 9.291611e-03
4.264706e-01 6.225490e-01 9.537537e-03
4.362745e-01 6.225490e-01 9.467362e-03
4.460784e-01 6.225490e-01 9.094292e-03
4.558824e-01 6.225490e-01 8.459259e-03
4.656863e-01 6.225490e-01 7.623868e-03
4.754902e-01 6.225490e-01 6.660953e-03
4.852941e-01 6.225490e-01 5.644662e-03
4.950980e-01 6.225490e-01 4.641826e-03
5.049020e-01 6.225490e-01 3.705827e-03
5.147059e-01 6.225490e-01 2.873504e-03
5.245098e-01 6.225490e-01 2.164930e-03
5.343137e-01 6.225490e-01 1.585430e-03
5.441176e-01 6.225490e-01 1.128961e-03
5.539216e-01 6.225490e-01 7.819682e-04
5.637255e-01 6.225490e-01 5.270124e-04
5.735294e-01 6.225490e-01 3.457090e-04
5.833333e-01 6.225490e-01 2.207951e-04
5.931373e-01 6.225490e-01 1.373353e-04
6.029412e-01 6.225490e-01 8.321652e-05
6.127451e-01 6.225490e-01 4.913455e-05
6.225490e-01 6.225490e-01 2.827652e-05
6.323529e-01 6.225490e-01 1.586476e-05
6.421569e-01 6.225490e-01 8.679873e-06
6.519608e-01 6.225490e-01 4.631965e-06
6.617647e-01 6.225490e-01 2.411492e-06
6.715686e-01 6.225490e-01 1.225091e-06
6.813725e-01 6.225490e-01 6.074403e-07
6.911765e-01 6.225490e-01 2.940212e-07
7.009804e-01 6.225490e-01 1.389573e-07
7.107843e-01 6.225490e-01 6.413109e-08
7.205882e-01 6.225490e-01 2.892312e-08
7.303922e-01 6.225490e-01 1.269380e-08
7.401961e-01 6.225490e-01 5.615838e-09
7.500000e-01 6.225490e-01 1.865810e-09
7.598039e-01 6.225490e-01 2.262249e-09
7.696078e-01 6.225490e-01 -3.274215e-09
7.794118e-01 6.225490e-01 9.511129e-09
7.892157e-01 6.225490e-01 -2.187405e-08
7.990196e-01 6.225490e-01 4.654279e-08
8.088235e-01 6.225490e-01 -8.808595e-08
8.186275e-01 6.225490e-01 1.457574e-07
8.284314e-01 6.225490e-01 -2.031138e-07
8.382353e-01 6.225490e-01 2.208011e-07
8.480392e-01 6.225490e-01 -1.465201e-07
8.578431e-01 6.225490e-01 -4.146425e-08
8.676471e-01 6.225490e-01 2.702596e-07
8.774510e-01 6.225490e-01 -3.581317e-07
8.872549e-01 6.225490e-01 1.422867e-07
8.970588e-01 6.225490e-01 2.829427e-07
9.068627e-01 6.225490e-01 -4.943520e-07
9.166667e-01 6.225490e-01 1.355503e-07
9.264706e-01 6.225490e-01 4.823463e-07
9.362745e-01 6.225490e-01 -5.093393e-07
9.460784e-01 6.225490e-01 -2.547902e-07
9.558824e-01 6.225490e-01 7.004310e-07
9.656863e-01 6.225490e-01 3.377912e-08
9.754902e-01 6.225490e-01 -7.726943e-07
9.852941e-01 6.225490e-01 6.048112e-08
9.950980e-01 6.225490e-01 8.094761e-07
4.901961e-03 6.323529e-01 7.786388e-08
1.470588e-02 6.323529e-01 4.667052e-07
2.450980e-02 6.323529e-01 -3.408583e-08
3.431373e-02 6.323529e-01 -4.774746e-07
4.411765e-02 6.323529e-01 -1.165198e-07
5.392157e-02 6.323529e-01 4.138051e-07
6.372549e-02 6.323529e-01 3.272944e-07
7.352941e-02 6.323529e-01 -1.812041e-07
8.333333e-02 6.323529e-01 -4.308732e-07
9.313725e-02 6.323529e-01 -1.925797e-07
1.029412e-01 6.323529e-01 2.021098e-07
1.127451e-01 6.323529e-01 3.725931e-07
1.225490e-01 6.323529e-01 2.435545e-07
1.323529e-01 6.323529e-01 -1.655091e-08
1.421569e-01 6.323529e-01 -2.215907e-07
1.519608e-01 6.323529e-01 -2.966870e-07
1.617647e-01 6.323529e-01 -2.673604e-07
1.715686e-01 6.323529e-01 -1.939899e-07
1.813725e-01 6.323529e-01 -1.245012e-07
1.911765e-01 6.323529e-01 -8.107269e-08
2.009804e-01 6.323529e-01 -6.244245e-08
2.107843e-01 6.323529e-01 -3.709631e-08
2.205882e-01 6.323529e-01 9.532656e-08
2.303922e-01 6.323529e-01 5.993922e-07
2.401961e-01 6.323529e-01 2.087403e-06
2.500000e-01 6.323529e-01 5.824889e-06
2.598039e-01 6.323529e-01 1.417939e-05
2.696078e-01 6.323529e-01 3.119707e-05
2.794118e-01 6.323529e-01 6.322701e-05
2.892157e-01 6.323529e-01 1.194288e-04
2.990196e-01 6.323529e-01 2.119190e-04
3.088235e-01 6.323529e-01 3.552726e-04
3.186275e-01 6.323529e-01 5.651418e-04
3.284314e-01 6.323529e-01 8.559059e-04
3.382353e-01 6.323529e-01 1.237524e-03
3.480392e-01 6.323529e-01 1.712066e-03
3.578431e-01 6.323529e-01 2.270666e-03
3.676471e-01 6.323529e-01 2.891739e-03
3.774510e-01 6.323529e-01 3.541217e-03
3.872549e-01 6.323529e-01 4.175158e-03
3.970588e-01 6.323529e-01 4.744593e-03
4.068627e-01 6.323529e-01 5.201866e-03
4.166667e-01 6.323529e-01 5.507316e-03
4.264706e-01 6.323529e-01 5.634980e-03
4.362745e-01 6.323529e-01 5.576185e-03
4.460784e-01 6.323529e-01 5.340344e-03
4.558824e-01 6.323529e-01 4.952911e-03
4.656863e-01 6.323529e-01 4.451063e-03
4.754902e-01 6.323529e-01 3.878054e-03
4.852941e-01 6.323529e-01 3.277409e-03
4.950980e-01 6.323529e-01 2.687945e-03
5.049020e-01 6.323529e-01 2.140311e-03
5.147059e-01 6.323529e-01 1.655324e-03
5.245098e-01 6.323529e-01 1.243976e-03
5.343137e-01 6.323529e-01 9.087163e-04
5.441176e-01 6.323529e-01 6.454870e-04
5.539216e-01 6.323529e-01 4.460034e-04
5.637255e-01 6.323529e-01 2.998626e-04
5.735294e-01 6.323529e-01 1.962344e-04
5.833333e-01 6.323529e-01 1.250335e-04
5.931373e-01 6.323529e-01 7.758913e-05
6.029412e-01 6.323529e-01 4.690484e-05
6.127451e-01 6.323529e-01 2.763069e-05
6.225490e-01 6.323529e-01 1.586476e-05
6.323529e-01 6.323529e-01 8.880754e-06
6.421569e-01 6.323529e-01 4.847786e-06
6.519608e-01 6.323529e-01 2.581152e-06
6.617647e-01 6.323529e-01 1.340777e-06
6.715686e-01 6.323529e-01 6.796180e-07
6.813725e-01 6.323529e-01 3.362241e-07
6.911765e-01 6.323529e-01 1.623811e-07
7.009804e-01 6.323529e-01 7.657228e-08
7.107843e-01 6.323529e-01 3.526108e-08
7.205882e-01 6.323529e-01 1.586717e-08
7.303922e-01 6.323529e-01 6.949460e-09
7.401961e-01 6.323529e-01 3.064743e-09
7.500000e-01 6.323529e-01 1.022780e-09
7.598039e-01 6.323529e-01 1.219250e-09
7.696078e-01 6.323529e-01 -1.766259e-09
7.794118e-01 6.323529e-01 5.176788e-09
7.892157e-01 6.323529e-01 -1.201508e-08
7.990196e-01 6.323529e-01 2.581674e-08
8.088235e-01 6.323529e-01 -4.940614e-08
8.186275e-01 6.323529e-01 8.283355e-08
8.284314e-01 6.323529e-01 -1.174038e-07
8.382353e-01 6.323529e-01 1.310077e-07
8.480392e-01 6.323529e-01 -9.272386e-08
8.578431e-01 6.323529e-01 -1.317286e-08
8.676471e-01 6.323529e-01 1.492719e-07
8.774510e-01 6.323529e-01 -2.120751e-07
8.872549e-01 6.323529e-01 9.993102e-08
8.970588e-01 6.323529e-01 1.473622e-07
9.068627e-01 6.323529e-01 -2.909146e-07
9.166667e-01 6.323529e-01 1.048790e-07
9.264706e-01 6.323529e-01 2.620940e-07
9.362745e-01 6.323529e-01 -3.147855e-07
9.460784e-01 6.323529e-01 -1.147396e-07
9.558824e-01 6.323529e-01 4.128999e-07
9.656863e-01 6.323529e-01 -2.035990e-08
9.754902e-01 6.323529e-01 -4.459132e-07
9.852941e-01 6.323529e-01 7.786388e-08
9.950980e-01 6.323529e-01 4.667052e-07
4.901961e-03 6.421569e-01 6.787270e-08
1.470588e-02 6.421569e-01 2.601892e-07
2.450980e-02 6.421569e-01 -4.404800e-08
3.431373e-02 6.421569e-01 -2.715026e-07
4.411765e-02 6.421569e-01 -4.231084e-08
5.392157e-02 6.421569e-01 2.453313e-07
6.372549e-02 6.421569e-01 1.692893e-07
7.352941e-02 6.421569e-01 -1.224142e-07
8.333333e-02 6.421569e-01 -2.442113e-07
9.313725e-02 6.421569e-01 -9.250459e-08
1.029412e-01 6.421569e-01 1.295327e-07
1.127451e-01 6.421569e-01 2.128120e-07
1.225490e-01 6.421569e-01 1.284000e-07
1.323529e-01 6.421569e-01 -2.164202e-08
1.421569e-01 6.421569e-01 -1.339222e-07
1.519608e-01 6.421569e-01 -1.710253e-07
1.617647e-01 6.421569e-01 -1.507079e-07
1.715686e-01 6.421569e-01 -1.078634e-07
1.813725e-01 6.421569e-01 -6.886820e-08
1.911765e-01 6.421569e-01 -4.508114e-08
2.009804e-01 6.421569e-01 -3.404274e-08
2.107843e-01 6.421569e-01 -1.411154e-08
2.205882e-01 6.421569e-01 8.055051e-08
2.303922e-01 6.421569e-01 4.192856e-07
2.401961e-01 6.421569e-01 1.386782e-06
2.500000e-01 6.421569e-01 3.766419e-06
2.598039e-01 6.421569e-01 9.005732e-06
2.696078e-01 6.421569e-01 1.955200e-05
2.794118e-01 6.421569e-01 3.920759e-05
2.892157e-01 6.421569e-01 7.340600e-05
2.990196e-01 6.421569e-01 1.292651e-04
3.088235e-01 6.421569e-01 2.152560e-04
3.186275e-01 6.421569e-01 3.403560e-04
3.284314e-01 6.421569e-01 5.126501e-04
3.382353e-01 6.421569e-01 7.374940e-04
3.480392e-01 6.421569e-01 1.015529e-03
3.578431e-01 6.421569e-01 1.340982e-03
3.676471e-01 6.421569e-01 1.700740e-03
3.774510e-01 6.421569e-01 2.074604e-03
3.872549e-01 6.421569e-01 2.436922e-03
3.970588e-01 6.421569e-01 2.759467e-03
4.068627e-01 6.421569e-01 3.015125e-03
4.166667e-01 6.421569e-01 3.181716e-03
4.264706e-01 6.421569e-01 3.245173e-03
4.362745e-01 6.421569e-01 3.201477e-03
4.460784e-01 6.421569e-01 3.056954e-03
4.558824e-01 6.421569e-01 2.826972e-03
4.656863e-01 6.421569e-01 2.533362e-03
4.754902e-01 6.421569e-01 2.201143e-03
4.852941e-01 6.421569e-01 1.855202e-03
4.950980e-01 6.421569e-01 1.517504e-03
5.049020e-01 6.421569e-01 1.205192e-03
5.147059e-01 6.421569e-01 9.297181e-04
5.245098e-01 6.421569e-01 6.969252e-04
5.343137e-01 6.421569e-01 5.078360e-04
5.441176e-01 6.421569e-01 3.598470e-04
5.539216e-01 6.421569e-01 2.480370e-04
5.637255e-01 6.421569e-01 1.663642e-04
5.735294e-01 6.421569e-01 1.086132e-04
5.833333e-01 6.421569e-01 6.904195e-05
5.931373e-01 6.421569e-01 4.274399e-05
6.029412e-01 6.421569e-01 2.578025e-05
6.127451e-01 6.421569e-01 1.515177e-05
6.225490e-01 6.421569e-01 8.679873e-06
6.323529e-01 6.421569e-01 4.847786e-06
6.421569e-01 6.421569e-01 2.640314e-06
6.519608e-01 6.421569e-01 1.402648e-06
6.617647e-01 6.421569e-01 7.269732e-07
6.715686e-01 6.421569e-01 3.676688e-07
6.813725e-01 6.421569e-01 1.814904e-07
6.911765e-01 6.421569e-01 8.745720e-08
7.009804e-01 6.421569e-01 4.114992e-08
7.107843e-01 6.421569e-01 1.890746e-08
7.205882e-01 6.421569e-01 8.489233e-09
7.303922e-01 6.421569e-01 3.710446e-09
7.401961e-01 6.421569e-01 1.631179e-09
7.500000e-01 6.421569e-01 5.467518e-10
7.598039e-01 6.421569e-01 6.407174e-10
7.696078e-01 6.421569e-01 -9.286535e-10
7.794118e-01 6.421569e-01 2.746330e-09
7.892157e-01 6.421569e-01 -6.432074e-09
7.990196e-01 6.421569e-01 1.395510e-08
8.088235e-01 6.421569e-01 -2.700028e-08
8.186275e-01 6.421569e-01 4.585443e-08
8.284314e-01 6.421569e-01 -6.606974e-08
8.382353e-01 6.421569e-01 7.557724e-08
8.480392e-01 6.421569e-01 -5.664274e-08
8.578431e-01 6.421569e-01 -1.288549e-09
8.676471e-01 6.421569e-01 7.982757e-08
8.774510e-01 6.421569e-01 -1.217937e-07
8.872549e-01 6.421569e-01 6.602219e-08
8.970588e-01 6.421569e-01 7.338173e-08
9.068627e-01 6.421569e-01 -1.658180e-07
9.166667e-01 6.421569e-01 7.373336e-08
9.264706e-01 6.421569e-01 1.371700e-07
9.362745e-01 6.421569e-01 -1.876234e-07
9.460784e-01 6.421569e-01 -4.571346e-08
9.558824e-01 6.421569e-01 2.354069e-07
9.656863e-01 6.421569e-01 -3.400868e-08
9.754902e-01 6.421569e-01 -2.488397e-07
9.852941e-01 6.421569e-01 6.787270e-08
9.950980e-01 6.421569e-01 2.601892e-07
4.901961e-03 6.519608e-01 5.029807e-08
1.470588e-02 6.519608e-01 1.402742e-07
2.450980e-02 6.519608e-01 -3.778818e-08
3.431373e-02 6.519608e-01 -1.493772e-07
4.411765e-02 6.519608e-01 -1.011601e-08
5.392157e-02 6.519608e-01 1.405503e-07
6.372549e-02 6.519608e-01 8.395091e-08
7.352941e-02 6.519608e-01 -7.808405e-08
8.333333e-02 6.519608e-01 -1.341138e-07
9.313725e-02 6.519608e-01 -4.162473e-08
1.029412e-01 6.519608e-01 7.948499e-08
1.127451e-01 6.519608e-01 1.179496e-07
1.225490e-01 6.519608e-01 6.532677e-08
1.323529e-01 6.519608e-01 -1.871030e-08
1.421569e-01 6.519608e-01 -7.842663e-08
1.519608e-01 6.519608e-01 -9.592955e-08
1.617647e-01 6.519608e-01 -8.275048e-08
1.715686e-01 6.519608e-01 -5.845825e-08
1.813725e-01 6.519608e-01 -3.715414e-08
1.911765e-01 6.519608e-01 -2.441108e-08
2.009804e-01 6.519608e-01 -1.780624e-08
2.107843e-01 6.519608e-01 -3.035782e-09
2.205882e-01 6.519608e-01 6.176761e-08
2.303922e-01 6.519608e-01 2.818788e-07
2.401961e-01 6.519608e-01 8.922925e-07
2.500000e-01 6.519608e-01 2.364831e-06
2.598039e-01 6.519608e-01 5.561017e-06
2.696078e-01 6.519608e-01 1.192219e-05
2.794118e-01 6.519608e-01 2.366618e-05
2.892157e-01 6.519608e-01 4.393256e-05
2.990196e-01 6.519608e-01 7.679466e-05
3.088235e-01 6.519608e-01 1.270483e-04
3.186275e-01 6.519608e-01 1.997076e-04
3.284314e-01 6.519608e-01 2.991954e-04
3.382353e-01 6.519608e-01 4.282992e-04
3.480392e-01 6.519608e-01 5.870652e-04
3.578431e-01 6.519608e-01 7.718770e-04
3.676471e-01 6.519608e-01 9.749920e-04
3.774510e-01 6.519608e-01 1.184754e-03
3.872549e-01 6.519608e-01 1.386575e-03
3.970588e-01 6.519608e-01 1.564606e-03
4.068627e-01 6.519608e-01 1.703821e-03
4.166667e-01 6.519608e-01 1.792142e-03
4.264706e-01 6.519608e-01 1.822169e-03
4.362745e-01 6.519608e-01 1.792186e-03
4.460784e-01 6.519608e-01 1.706245e-03
4.558824e-01 6.519608e-01 1.573359e-03
4.656863e-01 6.519608e-01 1.406007e-03
4.754902e-01 6.519608e-01 1.218288e-03
4.852941e-01 6.519608e-01 1.024069e-03
4.950980e-01 6.519608e-01 8.354618e-04
5.049020e-01 6.519608e-01 6.618076e-04
5.147059e-01 6.519608e-01 5.092415e-04
5.245098e-01 6.519608e-01 3.807784e-04
5.343137e-01 6.519608e-01 2.767823e-04
5.441176e-01 6.519608e-01 1.956478e-04
5.539216e-01 6.519608e-01 1.345328e-04
5.637255e-01 6.519608e-01 9.001964e-05
5.735294e-01 6.519608e-01 5.863213e-05
5.833333e-01 6.519608e-01 3.718358e-05
5.931373e-01 6.519608e-01 2.296711e-05
6.029412e-01 6.519608e-01 1.382034e-05
6.127451e-01 6.519608e-01 8.104050e-06
6.225490e-01 6.519608e-01 4.631965e-06
6.323529e-01 6.519608e-01 2.581152e-06
6.421569e-01 6.519608e-01 1.402648e-06
6.519608e-01 6.519608e-01 7.434795e-07
6.617647e-01 6.519608e-01 3.844760e-07
6.715686e-01 6.519608e-01 1.940178e-07
6.813725e-01 6.519608e-01 9.555971e-08
6.911765e-01 6.519608e-01 4.594681e-08
7.009804e-01 6.519608e-01 2.157095e-08
7.107843e-01 6.519608e-01 9.889555e-09
7.205882e-01 6.519608e-01 4.430437e-09
7.303922e-01 6.519608e-01 1.932461e-09
7.401961e-01 6.519608e-01 8.468971e-10
7.500000e-01 6.519608e-01 2.850909e-10
7.598039e-01 6.519608e-01 3.283641e-10
7.696078e-01 6.519608e-01 -4.759896e-10
7.794118e-01 6.519608e-01 1.420379e-09
7.892157e-01 6.519608e-01 -3.356606e-09
7.990196e-01 6.519608e-01 7.352739e-09
8.088235e-01 6.519608e-01 -1.438061e-08
8.186275e-01 6.519608e-01 2.473280e-08
8.284314e-01 6.519608e-01 -3.621083e-08
8.382353e-01 6.519608e-01 4.241193e-08
8.480392e-01 6.519608e-01 -3.346322e-08
8.578431e-01 6.519608e-01 2.683865e-09
8.676471e-01 6.519608e-01 4.131160e-08
8.774510e-01 6.519608e-01 -6.786998e-08
8.872549e-01 6.519608e-01 4.145517e-08
8.970588e-01 6.519608e-01 3.474569e-08
9.068627e-01 6.519608e-01 -9.158729e-08
9.166667e-01 6.519608e-01 4.834389e-08
9.264706e-01 6.519608e-01 6.902070e-08
9.362745e-01 6.519608e-01 -1.080133e-07
9.460784e-01 6.519608e-01 -1.443854e-08
9.558824e-01 6.519608e-01 1.298671e-07
9.656863e-01 6.519608e-01 -3.102640e-08
9.754902e-01 6.519608e-01 -1.342950e-07
9.852941e-01 6.519608e-01 5.029807e-08
9.950980e-01 6.519608e-01 1.402742e-07
4.901961e-03 6.617647e-01 3.378410e-08
1.470588e-02 6.617647e-01 7.312364e-08
2.450980e-02 6.617647e-01 -2.745266e-08
3.431373e-02 6.617647e-01 -7.954186e-08
4.411765e-02 6.617647e-01 1.737895e-09
5.392157e-02 6.617647e-01 7.788862e-08
6.372549e-02 6.617647e-01 3.975565e-08
7.352941e-02 6.617647e-01 -4.743648e-08
8.333333e-02 6.617647e-01 -7.137972e-08
9.313725e-02 6.617647e-01 -1.717915e-08
1.029412e-01 6.617647e-01 4.688227e-08
1.127451e-01 6.617647e-01 6.345824e-08
1.225490e-01 6.617647e-01 3.202099e-08
1.323529e-01 6.617647e-01 -1.370259e-08
1.421569e-01 6.617647e-01 -4.455039e-08
1.519608e-01 6.617647e-01 -5.237804e-08
1.617647e-01 6.617647e-01 -4.427228e-08
1.715686e-01 6.617647e-01 -3.088956e-08
1.813725e-01 6.617647e-01 -1.955256e-08
1.911765e-01 6.617647e-01 -1.286361e-08
2.009804e-01 6.617647e-01 -8.882519e-09
2.107843e-01 6.617647e-01 1.515262e-09
2.205882e-01 6.617647e-01 4.416216e-08
2.303922e-01 6.617647e-01 1.826623e-07
2.401961e-01 6.617647e-01 5.566608e-07
2.500000e-01 6.617647e-01 1.442770e-06
2.598039e-01 6.617647e-01 3.340301e-06
2.696078e-01 6.617647e-01 7.076118e-06
2.794118e-01 6.617647e-01 1.391052e-05
2.892157e-01 6.617647e-01 2.561111e-05
2.990196e-01 6.617647e-01 4.444924e-05
3.088235e-01 6.617647e-01 7.307033e-05
3.186275e-01 6.617647e-01 1.142024e-04
3.284314e-01 6.617647e-01 1.701993e-04
3.382353e-01 6.617647e-01 2.424637e-04
3.480392e-01 6.617647e-01 3.308466e-04
3.578431e-01 6.617647e-01 4.331621e-04
3.676471e-01 6.617647e-01 5.449648e-04
3.774510e-01 6.617647e-01 6.597039e-04
3.872549e-01 6.617647e-01 7.692982e-04
3.970588e-01 6.617647e-01 8.650747e-04
4.068627e-01 6.617647e-01 9.389203e-04
4.166667e-01 6.617647e-01 9.844307e-04
4.264706e-01 6.617647e-01 9.978280e-04
4.362745e-01 6.617647e-01 9.784655e-04
4.460784e-01 6.617647e-01 9.288294e-04
4.558824e-01 6.617647e-01 8.540580e-04
4.656863e-01 6.617647e-01 7.611003e-04
4.754902e-01 6.617647e-01 6.576967e-04
4.852941e-01 6.617647e-01 5.513791e-04
4.950980e-01 6.617647e-01 4.486575e-04
5.049020e-01 6.617647e-01 3.544925e-04
5.147059e-01 6.617647e-01 2.720845e-04
5.245098e-01 6.617647e-01 2.029426e-04
5.343137e-01 6.617647e-01 1.471549e-04
5.441176e-01 6.617647e-01 1.037672e-04
5.539216e-01 6.617647e-01 7.118259e-05
5.637255e-01 6.617647e-01 4.751760e-05
5.735294e-01 6.617647e-01 3.087694e-05
5.833333e-01 6.617647e-01 1.953619e-05
5.931373e-01 6.617647e-01 1.203907e-05
6.029412e-01 6.617647e-01 7.227875e-06
6.127451e-01 6.617647e-01 4.228686e-06
6.225490e-01 6.617647e-01 2.411492e-06
6.323529e-01 6.617647e-01 1.340777e-06
6.421569e-01 6.617647e-01 7.269732e-07
6.519608e-01 6.617647e-01 3.844760e-07
6.617647e-01 6.617647e-01 1.983826e-07
6.715686e-01 6.617647e-01 9.988788e-08
6.813725e-01 6.617647e-01 4.908916e-08
6.911765e-01 6.617647e-01 2.355092e-08
7.009804e-01 6.617647e-01 1.103227e-08
7.107843e-01 6.617647e-01 5.046824e-09
7.205882e-01 6.617647e-01 2.255929e-09
7.303922e-01 6.617647e-01 9.819650e-10
7.401961e-01 6.617647e-01 4.290145e-10
7.500000e-01 6.617647e-01 1.450278e-10
7.598039e-01 6.617647e-01 1.641540e-10
7.696078e-01 6.617647e-01 -2.378892e-10
7.794118e-01 6.617647e-01 7.163196e-10
7.892157e-01 6.617647e-01 -1.707929e-09
7.990196e-01 6.617647e-01 3.777018e-09
8.088235e-01 6.617647e-01 -7.466403e-09
8.186275e-01 6.617647e-01 1.300153e-08
8.284314e-01 6.617647e-01 -1.933391e-08
8.382353e-01 6.617647e-01 2.316190e-08
8.480392e-01 6.617647e-01 -1.914716e-08
8.578431e-01 6.617647e-01 3.263866e-09
8.676471e-01 6.617647e-01 2.067229e-08
8.774510e-01 6.617647e-01 -3.671471e-08
8.872549e-01 6.617647e-01 2.489738e-08
8.970588e-01 6.617647e-01 1.550194e-08
9.068627e-01 6.617647e-01 -4.903726e-08
9.166667e-01 6.617647e-01 2.997078e-08
9.264706e-01 6.617647e-01 3.330002e-08
9.362745e-01 6.617647e-01 -6.012996e-08
9.460784e-01 6.617647e-01 -1.902608e-09
9.558824e-01 6.617647e-01 6.934642e-08
9.656863e-01 6.617647e-01 -2.317699e-08
9.754902e-01 6.617647e-01 -7.008613e-08
9.852941e-01 6.617647e-01 3.378410e-08
9.950980e-01 6.617647e-01 7.312364e-08
4.901961e-03 6.715686e-01 2.113715e-08
1.470588e-02 6.715686e-01 3.684531e-08
2.450980e-02 6.715686e-01 -1.805314e-08
3.431373e-02 6.715686e-01 -4.099695e-08
4.411765e-02 6.715686e-01 4.693257e-09
5.392157e-02 6.715686e-01 4.178526e-08
6.372549e-02 6.715686e-01 1.786606e-08
7.352941e-02 6.715686e-01 -2.759888e-08
8.333333e-02 6.715686e-01 -3.682318e-08
9.313725e-02 6.715686e-01 -6.209117e-09
1.029412e-01 6.715686e-01 2.665461e-08
1.127451e-01 6.715686e-01 3.315056e-08
1.225490e-01 6.715686e-01 1.508407e-08
1.323529e-01 6.715686e-01 -9.093377e-09
1.421569e-01 6.715686e-01 -2.457018e-08
1.519608e-01 6.715686e-01 -2.784920e-08
1.617647e-01 6.715686e-01 -2.308580e-08
1.715686e-01 6.715686e-01 -1.591778e-08
1.813725e-01 6.715686e-01 -1.003806e-08
1.911765e-01 6.715686e-01 -6.590769e-09
2.009804e-01 6.715686e-01 -4.185868e-09
2.107843e-01 6.715686e-01 2.805995e-09
2.205882e-01 6.715686e-01 2.986226e-08
2.303922e-01 6.715686e-01 1.143503e-07
2.401961e-01 6.715686e-01 3.370323e-07
2.500000e-01 6.715686e-01 8.558223e-07
2.598039e-01 6.715686e-01 1.952617e-06
2.696078e-01 6.715686e-01 4.089615e-06
2.794118e-01 6.715686e-01 7.964755e-06
2.892157e-01 6.715686e-01 1.454798e-05
2.990196e-01 6.715686e-01 2.507374e-05
3.088235e-01 6.715686e-01 4.096419e-05
3.186275e-01 6.715686e-01 6.366528e-05
3.284314e-01 6.715686e-01 9.439607e-05
3.382353e-01 6.715686e-01 1.338376e-04
3.480392e-01 6.715686e-01 1.818160e-04
3.578431e-01 6.715686e-01 2.370537e-04
3.676471e-01 6.715686e-01 2.970673e-04
3.774510e-01 6.715686e-01 3.582708e-04
3.872549e-01 6.715686e-01 4.163007e-04
3.970588e-01 6.715686e-01 4.665317e-04
4.068627e-01 6.715686e-01 5.046945e-04
4.166667e-01 6.715686e-01 5.274822e-04
4.264706e-01 6.715686e-01 5.330231e-04
4.362745e-01 6.715686e-01 5.211270e-04
4.460784e-01 6.715686e-01 4.932618e-04
4.558824e-01 6.715686e-01 4.522769e-04
4.656863e-01 6.715686e-01 4.019420e-04
4.754902e-01 6.715686e-01 3.463998e-04
4.852941e-01 6.715686e-01 2.896385e-04
4.950980e-01 6.715686e-01 2.350694e-04
5.049020e-01 6.715686e-01 1.852603e-04
5.147059e-01 6.715686e-01 1.418375e-04
5.245098e-01 6.715686e-01 1.055329e-04
5.343137e-01 6.715686e-01 7.633626e-05
5.441176e-01 6.715686e-01 5.369956e-05
5.539216e-01 6.715686e-01 3.674944e-05
5.637255e-01 6.715686e-01 2.447418e-05
5.735294e-01 6.715686e-01 1.586624e-05
5.833333e-01 6.715686e-01 1.001554e-05
5.931373e-01 6.715686e-01 6.157861e-06
6.029412e-01 6.715686e-01 3.688560e-06
6.127451e-01 6.715686e-01 2.153115e-06
6.225490e-01 6.715686e-01 1.225091e-06
6.323529e-01 6.715686e-01 6.796180e-07
6.421569e-01 6.715686e-01 3.676688e-07
6.519608e-01 6.715686e-01 1.940178e-07
6.617647e-01 6.715686e-01 9.988788e-08
6.715686e-01 6.715686e-01 5.018360e-08
6.813725e-01 6.715686e-01 2.460802e-08
6.911765e-01 6.715686e-01 1.177994e-08
7.009804e-01 6.715686e-01 5.506119e-09
7.107843e-01 6.715686e-01 2.513313e-09
7.205882e-01 6.715686e-01 1.120969e-09
7.303922e-01 6.715686e-01 4.869345e-10
7.401961e-01 6.715686e-01 2.120866e-10
7.500000e-01 6.715686e-01 7.199153e-11
7.598039e-01 6.715686e-01 8.006504e-11
7.696078e-01 6.715686e-01 -1.159502e-10
7.794118e-01 6.715686e-01 3.523299e-10
7.892157e-01 6.715686e-01 -8.475220e-10
7.990196e-01 6.715686e-01 1.892028e-09
8.088235e-01 6.715686e-01 -3.779816e-09
8.186275e-01 6.715686e-01 6.662731e-09
8.284314e-01 6.715686e-01 -1.005934e-08
8.382353e-01 6.715686e-01 1.231462e-08
8.480392e-01 6.715686e-01 -1.062367e-08
8.578431e-01 6.715686e-01 2.663086e-09
8.676471e-01 6.715686e-01 9.990876e-09
8.774510e-01 6.715686e-01 -1.928727e-08
8.872549e-01 6.715686e-01 1.436441e-08
8.970588e-01 6.715686e-01 6.412621e-09
9.068627e-01 6.715686e-01 -2.545696e-08
9.166667e-01 6.715686e-01 1.771304e-08
9.264706e-01 6.715686e-01 1.534169e-08
9.362745e-01 6.715686e-01 -3.239831e-08
9.460784e-01 6.715686e-01 2.096890e-09
9.558824e-01 6.715686e-01 3.584796e-08
9.656863e-01 6.715686e-01 -1.548729e-08
9.754902e-01 6.715686e-01 -3.535933e-08
9.852941e-01 6.715686e-01 2.113715e-08
9.950980e-01 6.715686e-01 3.684531e-08
4.901961e-03 6.813725e-01 1.249542e-08
1.470588e-02 6.813725e-01 1.793441e-08
2.450980e-02 6.813725e-01 -1.105294e-08
3.431373e-02 6.813725e-01 -2.045131e-08
4.411765e-02 6.813725e-01 4.335129e-09
5.392157e-02 6.813725e-01 2.171418e-08
6.372549e-02 6.813725e-01 7.540004e-09
7.352941e-02 6.813725e-01 -1.543635e-08
8.333333e-02 6.813725e-01 -1.841238e-08
9.313725e-02 6.813725e-01 -1.712321e-09
1.029412e-01 6.813725e-01 1.463818e-08
1.127451e-01 6.813725e-01 1.681875e-08
1.225490e-01 6.813725e-01 6.803597e-09
1.323529e-01 6.813725e-01 -5.625709e-09
1.421569e-01 6.813725e-01 -1.316647e-08
1.519608e-01 6.813725e-01 -1.442426e-08
1.617647e-01 6.813725e-01 -1.173623e-08
1.715686e-01 6.813725e-01 -8.001319e-09
1.813725e-01 6.813725e-01 -5.027598e-09
1.911765e-01 6.813725e-01 -3.279332e-09
2.009804e-01 6.813725e-01 -1.832543e-09
2.107843e-01 6.813725e-01 2.677080e-09
2.205882e-01 6.813725e-01 1.926083e-08
2.303922e-01 6.813725e-01 6.927728e-08
2.401961e-01 6.813725e-01 1.982029e-07
2.500000e-01 6.813725e-01 4.938557e-07
2.598039e-01 6.813725e-01 1.111320e-06
2.696078e-01 6.813725e-01 2.302410e-06
2.794118e-01 6.813725e-01 4.443904e-06
2.892157e-01 6.813725e-01 8.054678e-06
2.990196e-01 6.813725e-01 1.378882e-05
3.088235e-01 6.813725e-01 2.239161e-05
3.186275e-01 6.813725e-01 3.460985e-05
3.284314e-01 6.813725e-01 5.105783e-05
3.382353e-01 6.813725e-01 7.205403e-05
3.480392e-01 6.813725e-01 9.745790e-05
3.578431e-01 6.813725e-01 1.265462e-04
3.676471e-01 6.813725e-01 1.579687e-04
3.774510e-01 6.813725e-01 1.898121e-04
3.872549e-01 6.813725e-01 2.197801e-04
3.970588e-01 6.813725e-01 2.454676e-04
4.068627e-01 6.813725e-01 2.646847e-04
4.166667e-01 6.813725e-01 2.757683e-04
4.264706e-01 6.813725e-01 2.778195e-04
4.362745e-01 6.813725e-01 2.708191e-04
4.460784e-01 6.813725e-01 2.556037e-04
4.558824e-01 6.813725e-01 2.337112e-04
4.656863e-01 6.813725e-01 2.071343e-04
4.754902e-01 6.813725e-01 1.780348e-04
4.852941e-01 6.813725e-01 1.484723e-04
4.950980e-01 6.813725e-01 1.201898e-04
5.049020e-01 6.813725e-01 9.448329e-05
5.147059e-01 6.813725e-01 7.215751e-05
5.245098e-01 6.813725e-01 5.355644e-05
5.343137e-01 6.813725e-01 3.864578e-05
5.441176e-01 6.813725e-01 2.712075e-05
5.539216e-01 6.813725e-01 1.851624e-05
5.637255e-01 6.813725e-01 1.230245e-05
5.735294e-01 6.813725e-01 7.956975e-06
5.833333e-01 6.813725e-01 5.011263e-06
5.931373e-01 6.813725e-01 3.074037e-06
6.029412e-01 6.813725e-01 1.837169e-06
6.127451e-01 6.813725e-01 1.069986e-06
6.225490e-01 6.813725e-01 6.074403e-07
6.323529e-01 6.813725e-01 3.362241e-07
6.421569e-01 6.813725e-01 1.814904e-07
6.519608e-01 6.813725e-01 9.555971e-08
6.617647e-01 6.813725e-01 4.908916e-08
6.715686e-01 6.813725e-01 2.460802e-08
6.813725e-01 6.813725e-01 1.204026e-08
6.911765e-01 6.813725e-01 5.751065e-09
7.009804e-01 6.813725e-01 2.682244e-09
7.107843e-01 6.813725e-01 1.221656e-09
7.205882e-01 6.813725e-01 5.436728e-10
7.303922e-01 6.813725e-01 2.356786e-10
7.401961e-01 6.813725e-01 1.023387e-10
7.500000e-01 6.813725e-01 3.487850e-11
7.598039e-01 6.813725e-01 3.810798e-11
7.696078e-01 6.813725e-01 -5.512775e-11
7.794118e-01 6.813725e-01 1.690510e-10
7.892157e-01 6.813725e-01 -4.102345e-10
7.990196e-01 6.813725e-01 9.244336e-10
8.088235e-01 6.813725e-01 -1.866167e-09
8.186275e-01 6.813725e-01 3.329274e-09
8.284314e-01 6.813725e-01 -5.101582e-09
8.382353e-01 6.813725e-01 6.376562e-09
8.480392e-01 6.813725e-01 -5.721510e-09
8.578431e-01 6.813725e-01 1.846899e-09
8.676471e-01 6.813725e-01 4.655886e-09
8.774510e-01 6.813725e-01 -9.842347e-09
8.872549e-01 6.813725e-01 7.985615e-09
8.970588e-01 6.813725e-01 2.380413e-09
9.068627e-01 6.813725e-01 -1.281536e-08
9.166667e-01 6.813725e-01 1.003296e-08
9.264706e-01 6.813725e-01 6.705891e-09
9.362745e-01 6.813725e-01 -1.690747e-08
9.460784e-01 6.813725e-01 2.658712e-09
9.558824e-01 6.813725e-01 1.793991e-08
9.656863e-01 6.813725e-01 -9.581833e-09
9.754902e-01 6.813725e-01 -1.723577e-08
9.852941e-01 6.813725e-01 1.249542e-08
9.950980e-01 6.813725e-01 1.793441e-08
4.901961e-03 6.911765e-01 7.038594e-09
1.470588e-02 6.911765e-01 8.424829e-09
2.450980e-02 6.911765e-01 -6.392933e-09
3.431373e-02 6.911765e-01 -9.871720e-09
4.411765e-02 6.911765e-01 3.124245e-09
5.392157e-02 6.911765e-01 1.093539e-08
6.372549e-02 6.911765e-01 2.931683e-09
7.352941e-02 6.911765e-01 -8.322420e-09
8.333333e-02 6.911765e-01 -8.922390e-09
9.313725e-02 6.911765e-01 -1.105140e-10
1.029412e-01 6.911765e-01 7.777732e-09
1.127451e-01 6.911765e-01 8.288108e-09
1.225490e-01 6.911765e-01 2.921609e-09
1.323529e-01 6.911765e-01 -3.292719e-09
1.421569e-01 6.911765e-01 -6.859994e-09
1.519608e-01 6.911765e-01 -7.280012e-09
1.617647e-01 6.911765e-01 -5.818294e-09
1.715686e-01 6.911765e-01 -3.924139e-09
1.813725e-01 6.911765e-01 -2.456542e-09
1.911765e-01 6.911765e-01 -1.582106e-09
2.009804e-01 6.911765e-01 -7.208306e-10
2.107843e-01 6.911765e-01 2.077374e-09
2.205882e-01 6.911765e-01 1.191385e-08
2.303922e-01 6.911765e-01 4.067129e-08
2.401961e-01 6.911765e-01 1.132913e-07
2.500000e-01 6.911765e-01 2.773618e-07
2.598039e-01 6.911765e-01 6.160463e-07
2.696078e-01 6.911765e-01 1.263100e-06
2.794118e-01 6.911765e-01 2.416855e-06
2.892157e-01 6.911765e-01 4.347990e-06
2.990196e-01 6.911765e-01 7.394462e-06
3.088235e-01 6.911765e-01 1.193708e-05
3.186275e-01 6.911765e-01 1.835176e-05
3.284314e-01 6.911765e-01 2.693968e-05
3.382353e-01 6.911765e-01 3.784374e-05
3.480392e-01 6.911765e-01 5.096675e-05
3.578431e-01 6.911765e-01 6.591159e-05
3.676471e-01 6.911765e-01 8.196330e-05
3.774510e-01 6.911765e-01 9.812702e-05
3.872549e-01 6.911765e-01 1.132242e-04
3.970588e-01 6.911765e-01 1.260353e-04
4.068627e-01 6.911765e-01 1.354654e-04
4.166667e-01 6.911765e-01 1.406997e-04
4.264706e-01 6.911765e-01 1.413199e-04
4.362745e-01 6.911765e-01 1.373567e-04
4.460784e-01 6.911765e-01 1.292711e-04
4.558824e-01 6.911765e-01 1.178713e-04
4.656863e-01 6.911765e-01 1.041843e-04
4.754902e-01 6.911765e-01 8.931038e-05
4.852941e-01 6.911765e-01 7.428672e-05
4.950980e-01 6.911765e-01 5.998222e-05
5.049020e-01 6.911765e-01 4.703460e-05
5.147059e-01 6.911765e-01 3.583174e-05
5.245098e-01 6.911765e-01 2.652998e-05
5.343137e-01 6.911765e-01 1.909763e-05
5.441176e-01 6.911765e-01 1.337038e-05
5.539216e-01 6.911765e-01 9.106899e-06
5.637255e-01 6.911765e-01 6.036632e-06
5.735294e-01 6.911765e-01 3.895343e-06
5.833333e-01 6.911765e-01 2.447639e-06
5.931373e-01 6.911765e-01 1.498025e-06
6.029412e-01 6.911765e-01 8.932544e-07
6.127451e-01 6.911765e-01 5.190703e-07
6.225490e-01 6.911765e-01 2.940212e-07
6.323529e-01 6.911765e-01 1.623811e-07
6.421569e-01 6.911765e-01 8.745720e-08
6.519608e-01 6.911765e-01 4.594681e-08
6.617647e-01 6.911765e-01 2.355092e-08
6.715686e-01 6.911765e-01 1.177994e-08
6.813725e-01 6.911765e-01 5.751065e-09
6.911765e-01 6.911765e-01 2.740996e-09
7.009804e-01 6.911765e-01 1.275579e-09
7.107843e-01 6.911765e-01 5.797071e-10
7.205882e-01 6.911765e-01 2.574191e-10
7.303922e-01 6.911765e-01 1.113596e-10
7.401961e-01 6.911765e-01 4.820972e-11
7.500000e-01 6.911765e-01 1.649538e-11
7.598039e-01 6.911765e-01 1.770330e-11
7.696078e-01 6.911765e-01 -2.557123e-11
7.794118e-01 6.911765e-01 7.913972e-11
7.892157e-01 6.911765e-01 -1.937307e-10
7.990196e-01 6.911765e-01 4.406379e-10
8.088235e-01 6.911765e-01 -8.987591e-10
8.186275e-01 6.911765e-01 1.622499e-09
8.284314e-01 6.911765e-01 -2.522530e-09
8.382353e-01 6.911765e-01 3.216756e-09
8.480392e-01 6.911765e-01 -2.993468e-09
8.578431e-01 6.911765e-01 1.162401e-09
8.676471e-01 6.911765e-01 2.087168e-09
8.774510e-01 6.911765e-01 -4.880064e-09
8.872549e-01 6.911765e-01 4.287404e-09
8.970588e-01 6.911765e-01 7.295558e-10
9.068627e-01 6.911765e-01 -6.256132e-09
9.166667e-01 6.911765e-01 5.466214e-09
9.264706e-01 6.911765e-01 2.751006e-09
9.362745e-01 6.911765e-01 -8.550601e-09
9.460784e-01 6.911765e-01 2.116260e-09
9.558824e-01 6.911765e-01 8.689951e-09
9.656863e-01 6.911765e-01 -5.583510e-09
9.754902e-01 6.911765e-01 -8.110107e-09
9.852941e-01 6.911765e-01 7.038594e-09
9.950980e-01 6.911765e-01 8.424829e-09
4.901961e-03 7.009804e-01 3.798360e-09
1.470588e-02 7.009804e-01 3.813870e-09
2.450980e-02 7.009804e-01 -3.523268e-09
3.431373e-02 7.009804e-01 -4.608254e-09
4.411765e-02 7.009804e-01 1.984987e-09
5.392157e-02 7.009804e-01 5.338524e-09
6.372549e-02 7.009804e-01 1.008197e-09
7.352941e-02 7.009804e-01 -4.333886e-09
8.333333e-02 7.009804e-01 -4.188784e-09
9.313725e-02 7.009804e-01 3.141653e-10
1.029412e-01 7.009804e-01 4.003348e-09
1.127451e-01 7.009804e-01 3.967272e-09
1.225490e-01 7.009804e-01 1.183239e-09
1.323529e-01 7.009804e-01 -1.839327e-09
1.421569e-01 7.009804e-01 -3.477255e-09
1.519608e-01 7.009804e-01 -3.581516e-09
1.617647e-01 7.009804e-01 -2.813571e-09
1.715686e-01 7.009804e-01 -1.878101e-09
1.813725e-01 7.009804e-01 -1.170778e-09
1.911765e-01 7.009804e-01 -7.383133e-10
2.009804e-01 7.009804e-01 -2.332455e-10
2.107843e-01 7.009804e-01 1.442213e-09
2.205882e-01 7.009804e-01 7.098236e-09
2.303922e-01 7.009804e-01 2.317331e-08
2.401961e-01 7.009804e-01 6.299754e-08
2.500000e-01 7.009804e-01 1.517102e-07
2.598039e-01 7.009804e-01 3.327973e-07
2.696078e-01 7.009804e-01 6.755488e-07
2.794118e-01 7.009804e-01 1.281794e-06
2.892157e-01 7.009804e-01 2.289266e-06
2.990196e-01 7.009804e-01 3.868290e-06
3.088235e-01 7.009804e-01 6.208627e-06
3.186275e-01 7.009804e-01 9.494716e-06
3.284314e-01 7.009804e-01 1.387021e-05
3.382353e-01 7.009804e-01 1.939633e-05
3.480392e-01 7.009804e-01 2.601186e-05
3.578431e-01 7.009804e-01 3.350507e-05
3.676471e-01 7.009804e-01 4.150714e-05
3.774510e-01 7.009804e-01 4.951363e-05
3.872549e-01 7.009804e-01 5.693459e-05
3.970588e-01 7.009804e-01 6.316695e-05
4.068627e-01 7.009804e-01 6.767671e-05
4.166667e-01 7.009804e-01 7.007517e-05
4.264706e-01 7.009804e-01 7.017395e-05
4.362745e-01 7.009804e-01 6.800818e-05
4.460784e-01 7.009804e-01 6.382413e-05
4.558824e-01 7.009804e-01 5.803546e-05
4.656863e-01 7.009804e-01 5.115835e-05
4.754902e-01 7.009804e-01 4.373904e-05
4.852941e-01 7.009804e-01 3.628720e-05
4.950980e-01 7.009804e-01 2.922533e-05
5.049020e-01 7.009804e-01 2.285951e-05
5.147059e-01 7.009804e-01 1.737185e-05
5.245098e-01 7.009804e-01 1.283094e-05
5.343137e-01 7.009804e-01 9.214202e-06
5.441176e-01 7.009804e-01 6.435620e-06
5.539216e-01 7.009804e-01 4.373170e-06
5.637255e-01 7.009804e-01 2.892075e-06
5.735294e-01 7.009804e-01 1.861908e-06
5.833333e-01 7.009804e-01 1.167254e-06
5.931373e-01 7.009804e-01 7.127702e-07
6.029412e-01 7.009804e-01 4.240572e-07
6.127451e-01 7.009804e-01 2.458667e-07
6.225490e-01 7.009804e-01 1.389573e-07
6.323529e-01 7.009804e-01 7.657228e-08
6.421569e-01 7.009804e-01 4.114992e-08
6.519608e-01 7.009804e-01 2.157095e-08
6.617647e-01 7.009804e-01 1.103227e-08
6.715686e-01 7.009804e-01 5.506119e-09
6.813725e-01 7.009804e-01 2.682244e-09
6.911765e-01 7.009804e-01 1.275579e-09
7.009804e-01 7.009804e-01 5.923193e-10
7.107843e-01 7.009804e-01 2.686018e-10
7.205882e-01 7.009804e-01 1.190106e-10
7.303922e-01 7.009804e-01 5.137786e-11
7.401961e-01 7.009804e-01 2.217579e-11
7.500000e-01 7.009804e-01 7.616857e-12
7.598039e-01 7.009804e-01 8.028607e-12
7.696078e-01 7.009804e-01 -1.157425e-11
7.794118e-01 7.009804e-01 3.615435e-11
7.892157e-01 7.009804e-01 -8.927572e-11
7.990196e-01 7.009804e-01 2.049425e-10
8.088235e-01 7.009804e-01 -4.223177e-10
8.186275e-01 7.009804e-01 7.713546e-10
8.284314e-01 7.009804e-01 -1.216392e-09
8.382353e-01 7.009804e-01 1.581461e-09
8.480392e-01 7.009804e-01 -1.522611e-09
8.578431e-01 7.009804e-01 6.827079e-10
8.676471e-01 7.009804e-01 8.968510e-10
8.774510e-01 7.009804e-01 -2.351352e-09
8.872549e-01 7.009804e-01 2.226876e-09
8.970588e-01 7.009804e-01 1.280821e-10
9.068627e-01 7.009804e-01 -2.961217e-09
9.166667e-01 7.009804e-01 2.872116e-09
9.264706e-01 7.009804e-01 1.038163e-09
9.362745e-01 7.009804e-01 -4.192178e-09
9.460784e-01 7.009804e-01 1.412274e-09
9.558824e-01 7.009804e-01 4.072614e-09
9.656863e-01 7.009804e-01 -3.094561e-09
9.754902e-01 7.009804e-01 -3.678665e-09
9.852941e-01 7.009804e-01 3.798360e-09
9.950980e-01 7.009804e-01 3.813870e-09
4.901961e-03 7.107843e-01 1.970898e-09
1.470588e-02 7.107843e-01 1.660986e-09
2.450980e-02 7.107843e-01 -1.860208e-09
3.431373e-02 7.107843e-01 -2.079439e-09
4.411765e-02 7.107843e-01 1.160273e-09
5.392157e-02 7.107843e-01 2.527302e-09
6.372549e-02 7.107843e-01 2.742200e-10
7.352941e-02 7.107843e-01 -2.183120e-09
8.333333e-02 7.107843e-01 -1.904683e-09
9.313725e-02 7.107843e-01 3.258822e-10
1.029412e-01 7.107843e-01 1.998040e-09
1.127451e-01 7.107843e-01 1.844800e-09
1.225490e-01 7.107843e-01 4.449145e-10
1.323529e-01 7.107843e-01 -9.856306e-10
1.421569e-01 7.107843e-01 -1.715342e-09
1.519608e-01 7.107843e-01 -1.717794e-09
1.617647e-01 7.107843e-01 -1.327334e-09
1.715686e-01 7.107843e-01 -8.772730e-10
1.813725e-01 7.107843e-01 -5.441900e-10
1.911765e-01 7.107843e-01 -3.326104e-10
2.009804e-01 7.107843e-01 -4.308315e-11
2.107843e-01 7.107843e-01 9.241496e-10
2.205882e-01 7.107843e-01 4.074353e-09
2.303922e-01 7.107843e-01 1.280315e-08
2.401961e-01 7.107843e-01 3.404974e-08
2.500000e-01 7.107843e-01 8.075564e-08
2.598039e-01 7.107843e-01 1.750870e-07
2.696078e-01 7.107843e-01 3.520434e-07
2.794118e-01 7.107843e-01 6.626121e-07
2.892157e-01 7.107843e-01 1.175151e-06
2.990196e-01 7.107843e-01 1.973385e-06
3.088235e-01 7.107843e-01 3.149538e-06
3.186275e-01 7.107843e-01 4.791823e-06
3.284314e-01 7.107843e-01 6.966899e-06
3.382353e-01 7.107843e-01 9.699611e-06
3.480392e-01 7.107843e-01 1.295397e-05
3.578431e-01 7.107843e-01 1.662032e-05
3.676471e-01 7.107843e-01 2.051329e-05
3.774510e-01 7.107843e-01 2.438350e-05
3.872549e-01 7.107843e-01 2.794290e-05
3.970588e-01 7.107843e-01 3.090059e-05
4.068627e-01 7.107843e-01 3.300261e-05
4.166667e-01 7.107843e-01 3.406830e-05
4.264706e-01 7.107843e-01 3.401572e-05
4.362745e-01 7.107843e-01 3.287138e-05
4.460784e-01 7.107843e-01 3.076288e-05
4.558824e-01 7.107843e-01 2.789649e-05
4.656863e-01 7.107843e-01 2.452521e-05
4.754902e-01 7.107843e-01 2.091361e-05
4.852941e-01 7.107843e-01 1.730604e-05
4.950980e-01 7.107843e-01 1.390296e-05
5.049020e-01 7.107843e-01 1.084765e-05
5.147059e-01 7.107843e-01 8.223401e-06
5.245098e-01 7.107843e-01 6.059187e-06
5.343137e-01 7.107843e-01 4.340871e-06
5.441176e-01 7.107843e-01 3.024714e-06
5.539216e-01 7.107843e-01 2.050574e-06
5.637255e-01 7.107843e-01 1.352954e-06
5.735294e-01 7.107843e-01 8.690293e-07
5.833333e-01 7.107843e-01 5.435655e-07
5.931373e-01 7.107843e-01 3.311715e-07
6.029412e-01 7.107843e-01 1.965851e-07
6.127451e-01 7.107843e-01 1.137245e-07
6.225490e-01 7.107843e-01 6.413109e-08
6.323529e-01 7.107843e-01 3.526108e-08
6.421569e-01 7.107843e-01 1.890746e-08
6.519608e-01 7.107843e-01 9.889555e-09
6.617647e-01 7.107843e-01 5.046824e-09
6.715686e-01 7.107843e-01 2.513313e-09
6.813725e-01 7.107843e-01 1.221656e-09
6.911765e-01 7.107843e-01 5.797071e-10
7.009804e-01 7.107843e-01 2.686018e-10
7.107843e-01 7.107843e-01 1.215389e-10
7.205882e-01 7.107843e-01 5.373260e-11
7.303922e-01 7.107843e-01 2.314893e-11
7.401961e-01 7.107843e-01 9.961858e-12
7.500000e-01 7.107843e-01 3.434502e-12
7.598039e-01 7.107843e-01 3.555058e-12
7.696078e-01 7.107843e-01 -5.112871e-12
7.794118e-01 7.107843e-01 1.612082e-11
7.892157e-01 7.107843e-01 -4.015207e-11
7.990196e-01 7.107843e-01 9.302448e-11
8.088235e-01 7.107843e-01 -1.936460e-10
8.186275e-01 7.107843e-01 3.577896e-10
8.284314e-01 7.107843e-01 -5.721196e-10
8.382353e-01 7.107843e-01 7.578605e-10
8.480392e-01 7.107843e-01 -7.532558e-10
8.578431e-01 7.107843e-01 3.794315e-10
8.676471e-01 7.107843e-01 3.676115e-10
8.774510e-01 7.107843e-01 -1.101178e-09
8.872549e-01 7.107843e-01 1.120340e-09
8.970588e-01 7.107843e-01 -4.836305e-11
9.068627e-01 7.107843e-01 -1.358940e-09
9.166667e-01 7.107843e-01 1.458121e-09
9.264706e-01 7.107843e-01 3.456720e-10
9.362745e-01 7.107843e-01 -1.993369e-09
9.460784e-01 7.107843e-01 8.501886e-10
9.558824e-01 7.107843e-01 1.846018e-09
9.656863e-01 7.107843e-01 -1.641142e-09
9.754902e-01 7.107843e-01 -1.605964e-09
9.852941e-01 7.107843e-01 1.970898e-09
9.950980e-01 7.107843e-01 1.660986e-09
4.901961e-03 7.205882e-01 9.867452e-10
1.470588e-02 7.205882e-01 6.916607e-10
2.450980e-02 7.205882e-01 -9.455737e-10
3.431373e-02 7.205882e-01 -9.041072e-10
4.411765e-02 7.205882e-01 6.386379e-10
5.392157e-02 7.205882e-01 1.159342e-09
6.372549e-02 7.205882e-01 2.764596e-11
7.352941e-02 7.205882e-01 -1.065806e-09
8.333333e-02 7.205882e-01 -8.368994e-10
9.313725e-02 7.205882e-01 2.355967e-10
1.029412e-01 7.205882e-01 9.686450e-10
1.127451e-01 7.205882e-01 8.327247e-10
1.225490e-01 7.205882e-01 1.488871e-10
1.323529e-01 7.205882e-01 -5.101941e-10
1.421569e-01 7.205882e-01 -8.250963e-10
1.519608e-01 7.205882e-01 -8.042307e-10
1.617647e-01 7.205882e-01 -6.114805e-10
1.715686e-01 7.205882e-01 -4.002598e-10
1.813725e-01 7.205882e-01 -2.466571e-10
1.911765e-01 7.205882e-01 -1.434345e-10
2.009804e-01 7.205882e-01 2.070748e-11
2.107843e-01 7.205882e-01 5.665140e-10
2.205882e-01 7.205882e-01 2.283476e-09
2.303922e-01 7.205882e-01 6.924903e-09
2.401961e-01 7.205882e-01 1.802684e-08
2.500000e-01 7.205882e-01 4.210956e-08
2.598039e-01 7.205882e-01 9.022891e-08
2.696078e-01 7.205882e-01 1.796795e-07
2.794118e-01 7.205882e-01 3.354305e-07
2.892157e-01 7.205882e-01 5.906518e-07
2.990196e-01 7.205882e-01 9.855684e-07
3.088235e-01 7.205882e-01 1.563957e-06
3.186275e-01 7.205882e-01 2.366980e-06
3.284314e-01 7.205882e-01 3.424703e-06
3.382353e-01 7.205882e-01 4.746477e-06
3.480392e-01 7.205882e-01 6.312119e-06
3.578431e-01 7.205882e-01 8.066225e-06
3.676471e-01 7.205882e-01 9.917771e-06
3.774510e-01 7.205882e-01 1.174626e-05
3.872549e-01 7.205882e-01 1.341429e-05
3.970588e-01 7.205882e-01 1.478478e-05
4.068627e-01 7.205882e-01 1.573986e-05
4.166667e-01 7.205882e-01 1.619773e-05
4.264706e-01 7.205882e-01 1.612412e-05
4.362745e-01 7.205882e-01 1.553618e-05
4.460784e-01 7.205882e-01 1.449828e-05
4.558824e-01 7.205882e-01 1.311089e-05
4.656863e-01 7.205882e-01 1.149518e-05
4.754902e-01 7.205882e-01 9.776346e-06
4.852941e-01 7.205882e-01 8.068859e-06
4.950980e-01 7.205882e-01 6.465594e-06
5.049020e-01 7.205882e-01 5.032010e-06
5.147059e-01 7.205882e-01 3.805206e-06
5.245098e-01 7.205882e-01 2.796900e-06
5.343137e-01 7.205882e-01 1.998889e-06
5.441176e-01 7.205882e-01 1.389496e-06
5.539216e-01 7.205882e-01 9.397679e-07
5.637255e-01 7.205882e-01 6.186004e-07
5.735294e-01 7.205882e-01 3.964172e-07
5.833333e-01 7.205882e-01 2.473824e-07
5.931373e-01 7.205882e-01 1.503751e-07
6.029412e-01 7.205882e-01 8.906069e-08
6.127451e-01 7.205882e-01 5.140527e-08
6.225490e-01 7.205882e-01 2.892312e-08
6.323529e-01 7.205882e-01 1.586717e-08
6.421569e-01 7.205882e-01 8.489233e-09
6.519608e-01 7.205882e-01 4.430437e-09
6.617647e-01 7.205882e-01 2.255929e-09
6.715686e-01 7.205882e-01 1.120969e-09
6.813725e-01 7.205882e-01 5.436728e-10
6.911765e-01 7.205882e-01 2.574191e-10
7.009804e-01 7.205882e-01 1.190106e-10
7.107843e-01 7.205882e-01 5.373260e-11
7.205882e-01 7.205882e-01 2.370283e-11
7.303922e-01 7.205882e-01 1.019032e-11
7.401961e-01 7.205882e-01 4.372241e-12
7.500000e-01 7.205882e-01 1.512929e-12
7.598039e-01 7.205882e-01 1.537511e-12
7.696078e-01 7.205882e-01 -2.204891e-12
7.794118e-01 7.205882e-01 7.018067e-12
7.892157e-01 7.205882e-01 -1.763139e-11
7.990196e-01 7.205882e-01 4.122591e-11
8.088235e-01 7.205882e-01 -8.669271e-11
8.186275e-01 7.205882e-01 1.620284e-10
8.284314e-01 7.205882e-01 -2.626901e-10
8.382353e-01 7.205882e-01 3.544227e-10
8.480392e-01 7.205882e-01 -3.631645e-10
8.578431e-01 7.205882e-01 2.019837e-10
8.676471e-01 7.205882e-01 1.419064e-10
8.774510e-01 7.205882e-01 -5.010807e-10
8.872549e-01 7.205882e-01 5.471444e-10
8.970588e-01 7.205882e-01 -7.471831e-11
9.068627e-01 7.205882e-01 -6.036366e-10
9.166667e-01 7.205882e-01 7.169497e-10
9.264706e-01 7.205882e-01 8.842089e-11
9.362745e-01 7.205882e-01 -9.187877e-10
9.460784e-01 7.205882e-01 4.774586e-10
9.558824e-01 7.205882e-01 8.069765e-10
9.656863e-01 7.205882e-01 -8.373234e-10
9.754902e-01 7.205882e-01 -6.708393e-10
9.852941e-01 7.205882e-01 9.867452e-10
9.950980e-01 7.205882e-01 6.916607e-10
4.901961e-03 7.303922e-01 4.730043e-10
1.470588e-02 7.303922e-01 2.798708e-10
2.450980e-02 7.303922e-01 -4.585207e-10
3.431373e-02 7.303922e-01 -3.827845e-10
4.411765e-02 7.303922e-01 3.274368e-10
5.392157e-02 7.303922e-01 5.165460e-10
6.372549e-02 7.303922e-01 -2.724119e-11
7.352941e-02 7.303922e-01 -5.007688e-10
8.333333e-02 7.303922e-01 -3.579864e-10
9.313725e-02 7.303922e-01 1.396710e-10
1.029412e-01 7.303922e-01 4.525036e-10
1.127451e-01 7.303922e-01 3.654781e-10
1.225490e-01 7.303922e-01 4.403158e-11
1.323529e-01 7.303922e-01 -2.507346e-10
1.421569e-01 7.303922e-01 -3.830344e-10
1.519608e-01 7.303922e-01 -3.648827e-10
1.617647e-01 7.303922e-01 -2.734984e-10
1.715686e-01 7.303922e-01 -1.773899e-10
1.813725e-01 7.303922e-01 -1.083859e-10
1.911765e-01 7.303922e-01 -5.932252e-11
2.009804e-01 7.303922e-01 2.773234e-11
2.107843e-01 7.303922e-01 3.147178e-10
2.205882e-01 7.303922e-01 1.194349e-09
2.303922e-01 7.303922e-01 3.528291e-09
2.401961e-01 7.303922e-01 9.036553e-09
2.500000e-01 7.303922e-01 2.086253e-08
2.598039e-01 7.303922e-01 4.429363e-08
2.696078e-01 7.303922e-01 8.753919e-08
2.794118e-01 7.303922e-01 1.623650e-07
2.892157e-01 7.303922e-01 2.842841e-07
2.990196e-01 7.303922e-01 4.719531e-07
3.088235e-01 7.303922e-01 7.454703e-07
3.186275e-01 7.303922e-01 1.123453e-06
3.284314e-01 7.303922e-01 1.619086e-06
3.382353e-01 7.303922e-01 2.235702e-06
3.480392e-01 7.303922e-01 2.962817e-06
3.578431e-01 7.303922e-01 3.773678e-06
3.676471e-01 7.303922e-01 4.625303e-06
3.774510e-01 7.303922e-01 5.461540e-06
3.872549e-01 7.303922e-01 6.219031e-06
3.970588e-01 7.303922e-01 6.835235e-06
4.068627e-01 7.303922e-01 7.257078e-06
4.166667e-01 7.303922e-01 7.448547e-06
4.264706e-01 7.303922e-01 7.395715e-06
4.362745e-01 7.303922e-01 7.108241e-06
4.460784e-01 7.303922e-01 6.617167e-06
4.558824e-01 7.303922e-01 5.969625e-06
4.656863e-01 7.303922e-01 5.221661e-06
4.754902e-01 7.303922e-01 4.430622e-06
4.852941e-01 7.303922e-01 3.648469e-06
4.950980e-01 7.303922e-01 2.916963e-06
5.049020e-01 7.303922e-01 2.265166e-06
5.147059e-01 7.303922e-01 1.709163e-06
5.245098e-01 7.303922e-01 1.253541e-06
5.343137e-01 7.303922e-01 8.939536e-07
5.441176e-01 7.303922e-01 6.200916e-07
5.539216e-01 7.303922e-01 4.185022e-07
5.637255e-01 7.303922e-01 2.748981e-07
5.735294e-01 7.303922e-01 1.757937e-07
5.833333e-01 7.303922e-01 1.094745e-07
5.931373e-01 7.303922e-01 6.640745e-08
6.029412e-01 7.303922e-01 3.924882e-08
6.127451e-01 7.303922e-01 2.260738e-08
6.225490e-01 7.303922e-01 1.269380e-08
6.323529e-01 7.303922e-01 6.949460e-09
6.421569e-01 7.303922e-01 3.710446e-09
6.519608e-01 7.303922e-01 1.932461e-09
6.617647e-01 7.303922e-01 9.819650e-10
6.715686e-01 7.303922e-01 4.869345e-10
6.813725e-01 7.303922e-01 2.356786e-10
6.911765e-01 7.303922e-01 1.113596e-10
7.009804e-01 7.303922e-01 5.137786e-11
7.107843e-01 7.303922e-01 2.314893e-11
7.205882e-01 7.303922e-01 1.019032e-11
7.303922e-01 7.303922e-01 4.372384e-12
7.401961e-01 7.303922e-01 1.870738e-12
7.500000e-01 7.303922e-01 6.495597e-13
7.598039e-01 7.303922e-01 6.485666e-13
7.696078e-01 7.303922e-01 -9.272851e-13
7.794118e-01 7.303922e-01 2.978691e-12
7.892157e-01 7.303922e-01 -7.545263e-12
7.990196e-01 7.303922e-01 1.779668e-11
8.088235e-01 7.303922e-01 -3.778058e-11
8.186275e-01 7.303922e-01 7.136387e-11
8.284314e-01 7.303922e-01 -1.171539e-10
8.382353e-01 7.303922e-01 1.606468e-10
8.480392e-01 7.303922e-01 -1.689082e-10
8.578431e-01 7.303922e-01 1.012520e-10
8.676471e-01 7.303922e-01 5.242966e-11
8.774510e-01 7.303922e-01 -2.215745e-10
8.872549e-01 7.303922e-01 2.571317e-10
8.970588e-01 7.303922e-01 -5.447309e-11
9.068627e-01 7.303922e-01 -2.609506e-10
9.166667e-01 7.303922e-01 3.387906e-10
9.264706e-01 7.303922e-01 1.110727e-11
9.362745e-01 7.303922e-01 -4.111232e-10
9.460784e-01 7.303922e-01 2.479976e-10
9.558824e-01 7.303922e-01 3.435037e-10
9.656863e-01 7.303922e-01 -4.071610e-10
9.754902e-01 7.303922e-01 -2.723697e-10
9.852941e-01 7.303922e-01 4.730043e-10
9.950980e-01 7.303922e-01 2.798708e-10
4.901961e-03 7.401961e-01 2.360154e-10
1.470588e-02 7.401961e-01 9.606220e-11
2.450980e-02 7.401961e-01 -2.333484e-10
3.431373e-02 7.401961e-01 -1.485643e-10
4.411765e-02 7.401961e-01 1.816251e-10
5.392157e-02 7.401961e-01 2.256016e-10
6.372549e-02 7.401961e-01 -4.753234e-11
7.352941e-02 7.401961e-01 -2.427910e-10
8.333333e-02 7.401961e-01 -1.440437e-10
9.313725e-02 7.401961e-01 9.234998e-11
1.029412e-01 7.401961e-01 2.184315e-10
1.127451e-01 7.401961e-01 1.571573e-10
1.225490e-01 7.401961e-01 2.016806e-13
1.323529e-01 7.401961e-01 -1.320495e-10
1.421569e-01 7.401961e-01 -1.846580e-10
1.519608e-01 7.401961e-01 -1.695215e-10
1.617647e-01 7.401961e-01 -1.243238e-10
1.715686e-01 7.401961e-01 -7.979686e-11
1.813725e-01 7.401961e-01 -4.859334e-11
1.911765e-01 7.401961e-01 -2.422756e-11
2.009804e-01 7.401961e-01 2.676527e-11
2.107843e-01 7.401961e-01 1.946570e-10
2.205882e-01 7.401961e-01 6.939646e-10
2.303922e-01 7.401961e-01 1.986838e-09
2.401961e-01 7.401961e-01 4.980744e-09
2.500000e-01 7.401961e-01 1.130968e-08
2.598039e-01 7.401961e-01 2.368464e-08
2.696078e-01 7.401961e-01 4.625988e-08
2.794118e-01 7.401961e-01 8.491208e-08
2.892157e-01 7.401961e-01 1.472846e-07
2.990196e-01 7.401961e-01 2.424303e-07
3.088235e-01 7.401961e-01 3.799169e-07
3.186275e-01 7.401961e-01 5.683566e-07
3.284314e-01 7.401961e-01 8.134731e-07
3.382353e-01 7.401961e-01 1.116003e-06
3.480392e-01 7.401961e-01 1.469879e-06
3.578431e-01 7.401961e-01 1.861212e-06
3.676471e-01 7.401961e-01 2.268500e-06
3.774510e-01 7.401961e-01 2.664291e-06
3.872549e-01 7.401961e-01 3.018192e-06
3.970588e-01 7.401961e-01 3.300773e-06
4.068627e-01 7.401961e-01 3.487663e-06
4.166667e-01 7.401961e-01 3.563037e-06
4.264706e-01 7.401961e-01 3.521799e-06
4.362745e-01 7.401961e-01 3.370051e-06
4.460784e-01 7.401961e-01 3.123820e-06
4.558824e-01 7.401961e-01 2.806378e-06
4.656863e-01 7.401961e-01 2.444752e-06
4.754902e-01 7.401961e-01 2.066123e-06
4.852941e-01 7.401961e-01 1.694741e-06
4.950980e-01 7.401961e-01 1.349763e-06
5.049020e-01 7.401961e-01 1.044218e-06
5.147059e-01 7.401961e-01 7.849965e-07
5.245098e-01 7.401961e-01 5.736436e-07
5.343137e-01 7.401961e-01 4.076267e-07
5.441176e-01 7.401961e-01 2.817542e-07
5.539216e-01 7.401961e-01 1.894963e-07
5.637255e-01 7.401961e-01 1.240461e-07
5.735294e-01 7.401961e-01 7.905734e-08
5.833333e-01 7.401961e-01 4.906786e-08
5.931373e-01 7.401961e-01 2.966627e-08
6.029412e-01 7.401961e-01 1.747634e-08
6.127451e-01 7.401961e-01 1.003383e-08
6.225490e-01 7.401961e-01 5.615838e-09
6.323529e-01 7.401961e-01 3.064743e-09
6.421569e-01 7.401961e-01 1.631179e-09
6.519608e-01 7.401961e-01 8.468971e-10
6.617647e-01 7.401961e-01 4.290145e-10
6.715686e-01 7.401961e-01 2.120866e-10
6.813725e-01 7.401961e-01 1.023387e-10
6.911765e-01 7.401961e-01 4.820972e-11
7.009804e-01 7.401961e-01 2.217579e-11
7.107843e-01 7.401961e-01 9.961858e-12
7.205882e-01 7.401961e-01 4.372241e-12
7.303922e-01 7.401961e-01 1.870738e-12
7.401961e-01 7.401961e-01 7.973174e-13
7.500000e-01 7.401961e-01 2.780527e-13
7.598039e-01 7.401961e-01 2.709473e-13
7.696078e-01 7.401961e-01 -3.851147e-13
7.794118e-01 7.401961e-01 1.252445e-12
7.892157e-01 7.401961e-01 -3.207715e-12
7.990196e-01 7.401961e-01 7.657898e-12
8.088235e-01 7.401961e-01 -1.647967e-11
8.186275e-01 7.401961e-01 3.162247e-11
8.284314e-01 7.401961e-01 -5.291907e-11
8.382353e-01 7.401961e-01 7.444857e-11
8.480392e-01 7.401961e-01 -8.157306e-11
8.578431e-01 7.401961e-01 5.468944e-11
8.676471e-01 7.401961e-01 1.413277e-11
8.774510e-01 7.401961e-01 -9.682721e-11
8.872549e-01 7.401961e-01 1.252722e-10
8.970588e-01 7.401961e-01 -4.252016e-11
9.068627e-01 7.401961e-01 -1.077256e-10
9.166667e-01 7.401961e-01 1.657711e-10
9.264706e-01 7.401961e-01 -2.032269e-11
9.362745e-01 7.401961e-01 -1.812228e-10
9.460784e-01 7.401961e-01 1.398868e-10
9.558824e-01 7.401961e-01 1.352108e-10
9.656863e-01 7.401961e-01 -2.080798e-10
9.754902e-01 7.401961e-01 -9.447090e-11
9.852941e-01 7.401961e-01 2.360154e-10
9.950980e-01 7.401961e-01 9.606220e-11
4.901961e-03 7.500000e-01 5.808242e-11
1.470588e-02 7.500000e-01 4.744325e-11
2.450980e-02 7.500000e-01 -5.504262e-11
3.431373e-02 7.500000e-01 -5.961416e-11
4.411765e-02 7.500000e-01 3.533662e-11
5.392157e-02 7.500000e-01 7.322755e-11
6.372549e-02 7.500000e-01 5.656246e-12
7.352941e-02 7.500000e-01 -6.505816e-11
8.333333e-02 7.500000e-01 -5.397099e-11
9.313725e-02 7.500000e-01 1.287626e-11
1.029412e-01 7.500000e-01 6.045909e-11
1.127451e-01 7.500000e-01 5.293013e-11
1.225490e-01 7.500000e-01 9.487837e-12
1.323529e-01 7.500000e-01 -3.306908e-11
1.421569e-01 7.500000e-01 -5.362590e-11
1.519608e-01 7.500000e-01 -5.237049e-11
1.617647e-01 7.500000e-01 -3.978964e-11
1.715686e-01 7.500000e-01 -2.563144e-11
1.813725e-01 7.500000e-01 -1.412879e-11
1.911765e-01 7.500000e-01 -3.006220e-12
2.009804e-01 7.500000e-01 1.881409e-11
2.107843e-01 7.500000e-01 7.950420e-11
2.205882e-01 7.500000e-01 2.431245e-10
2.303922e-01 7.500000e-01 6.440009e-10
2.401961e-01 7.500000e-01 1.541860e-09
2.500000e-01 7.500000e-01 3.400663e-09
2.598039e-01 7.500000e-01 6.987953e-09
2.696078e-01 7.500000e-01 1.348086e-08
2.794118e-01 7.500000e-01 2.455107e-08
2.892157e-01 7.500000e-01 4.238755e-08
2.990196e-01 7.500000e-01 6.960921e-08
3.088235e-01 7.500000e-01 1.090258e-07
3.186275e-01 7.500000e-01 1.632307e-07
3.284314e-01 7.500000e-01 2.340507e-07
3.382353e-01 7.500000e-01 3.219324e-07
3.480392e-01 7.500000e-01 4.253877e-07
3.578431e-01 7.500000e-01 5.406503e-07
3.676471e-01 7.500000e-01 6.616749e-07
3.774510e-01 7.500000e-01 7.805582e-07
3.872549e-01 7.500000e-01 8.883667e-07
3.970588e-01 7.500000e-01 9.762568e-07
4.068627e-01 7.500000e-01 1.036690e-06
4.166667e-01 7.500000e-01 1.064506e-06
4.264706e-01 7.500000e-01 1.057649e-06
4.362745e-01 7.500000e-01 1.017390e-06
4.460784e-01 7.500000e-01 9.480434e-07
4.558824e-01 7.500000e-01 8.562272e-07
4.656863e-01 7.500000e-01 7.498630e-07
4.754902e-01 7.500000e-01 6.370983e-07
4.852941e-01 7.500000e-01 5.253525e-07
4.950980e-01 7.500000e-01 4.206230e-07
5.049020e-01 7.500000e-01 3.271162e-07
5.147059e-01 7.500000e-01 2.471942e-07
5.245098e-01 7.500000e-01 1.815745e-07
5.343137e-01 7.500000e-01 1.296872e-07
5.441176e-01 7.500000e-01 9.009584e-08
5.539216e-01 7.500000e-01 6.089914e-08
5.637255e-01 7.500000e-01 4.006307e-08
5.735294e-01 7.500000e-01 2.565824e-08
5.833333e-01 7.500000e-01 1.600210e-08
5.931373e-01 7.500000e-01 9.720948e-09
6.029412e-01 7.500000e-01 5.753485e-09
6.127451e-01 7.500000e-01 3.318562e-09
6.225490e-01 7.500000e-01 1.865810e-09
6.323529e-01 7.500000e-01 1.022780e-09
6.421569e-01 7.500000e-01 5.467518e-10
6.519608e-01 7.500000e-01 2.850909e-10
6.617647e-01 7.500000e-01 1.450278e-10
6.715686e-01 7.500000e-01 7.199153e-11
6.813725e-01 7.500000e-01 3.487850e-11
6.911765e-01 7.500000e-01 1.649538e-11
7.009804e-01 7.500000e-01 7.616857e-12
7.107843e-01 7.500000e-01 3.434502e-12
7.205882e-01 7.500000e-01 1.512929e-12
7.303922e-01 7.500000e-01 6.495597e-13
7.401961e-01 7.500000e-01 2.780527e-13
7.500000e-01 7.500000e-01 9.655636e-14
7.598039e-01 7.500000e-01 9.672094e-14
7.696078e-01 7.500000e-01 -1.389419e-13
7.794118e-01 7.500000e-01 4.460993e-13
7.892157e-01 7.500000e-01 -1.128904e-12
7.990196e-01 7.500000e-01 2.655284e-12
8.088235e-01 7.500000e-01 -5.610120e-12
8.186275e-01 7.500000e-01 1.052060e-11
8.284314e-01 7.500000e-01 -1.708906e-11
8.382353e-01 7.500000e-01 2.306228e-11
8.480392e-01 7.500000e-01 -2.358787e-11
8.578431e-01 7.500000e-01 1.304042e-11
8.676471e-01 7.500000e-01 9.225670e-12
8.774510e-01 7.500000e-01 -3.206885e-11
8.872549e-01 7.500000e-01 3.427297e-11
8.970588e-01 7.500000e-01 -3.451291e-12
9.068627e-01 7.500000e-01 -3.899327e-11
9.166667e-01 7.500000e-01 4.384614e-11
9.264706e-01 7.500000e-01 8.416423e-12
9.362745e-01 7.500000e-01 -5.810013e-11
9.460784e-01 7.500000e-01 2.616710e-11
9.558824e-01 7.500000e-01 5.311453e-11
9.656863e-01 7.500000e-01 -4.870602e-11
9.754902e-01 7.500000e-01 -4.592828e-11
9.852941e-01 7.500000e-01 5.808242e-11
9.950980e-01 7.500000e-01 4.744325e-11
4.901961e-03 7.598039e-01 1.612607e-10
1.470588e-02 7.598039e-01 1.938018e-11
2.450980e-02 7.598039e-01 -1.636705e-10
3.431373e-02 7.598039e-01 -5.619252e-11
4.411765e-02 7.598039e-01 1.411676e-10
5.392157e-02 7.598039e-01 1.173760e-10
6.372549e-02 7.598039e-01 -6.588381e-11
7.352941e-02 7.598039e-01 -1.509858e-10
8.333333e-02 7.598039e-01 -5.820870e-11
9.313725e-02 7.598039e-01 8.024767e-11
1.029412e-01 7.598039e-01 1.281321e-10
1.127451e-01 7.598039e-01 7.172045e-11
1.225490e-01 7.598039e-01 -1.963202e-11
1.323529e-01 7.598039e-01 -8.225398e-11
1.421569e-01 7.598039e-01 -9.796474e-11
1.519608e-01 7.598039e-01 -8.170356e-11
1.617647e-01 7.598039e-01 -5.556374e-11
1.715686e-01 7.598039e-01 -3.413233e-11
1.813725e-01 7.598039e-01 -2.249171e-11
1.911765e-01 7.598039e-01 -1.803608e-11
2.009804e-01 7.598039e-01 -7.431903e-12
2.107843e-01 7.598039e-01 4.829328e-11
2.205882e-01 7.598039e-01 2.483114e-10
2.303922e-01 7.598039e-01 8.160821e-10
2.401961e-01 7.598039e-01 2.203101e-09
2.500000e-01 7.598039e-01 5.237370e-09
2.598039e-01 7.598039e-01 1.130855e-08
2.696078e-01 7.598039e-01 2.256015e-08
2.794118e-01 7.598039e-01 4.203239e-08
2.892157e-01 7.598039e-01 7.367557e-08
2.990196e-01 7.598039e-01 1.221460e-07
3.088235e-01 7.598039e-01 1.923157e-07
3.186275e-01 7.598039e-01 2.884824e-07
3.284314e-01 7.598039e-01 4.133499e-07
3.382353e-01 7.598039e-01 5.669474e-07
3.480392e-01 7.598039e-01 7.457290e-07
3.578431e-01 7.598039e-01 9.421228e-07
3.676471e-01 7.598039e-01 1.144745e-06
3.774510e-01 7.598039e-01 1.339369e-06
3.872549e-01 7.598039e-01 1.510566e-06
3.970588e-01 7.598039e-01 1.643754e-06
4.068627e-01 7.598039e-01 1.727276e-06
4.166667e-01 7.598039e-01 1.754085e-06
4.264706e-01 7.598039e-01 1.722704e-06
4.362745e-01 7.598039e-01 1.637285e-06
4.460784e-01 7.598039e-01 1.506788e-06
4.558824e-01 7.598039e-01 1.343497e-06
4.656863e-01 7.598039e-01 1.161190e-06
4.754902e-01 7.598039e-01 9.733360e-07
4.852941e-01 7.598039e-01 7.916135e-07
4.950980e-01 7.598039e-01 6.249436e-07
5.049020e-01 7.598039e-01 4.790949e-07
5.147059e-01 7.598039e-01 3.567975e-07
5.245098e-01 7.598039e-01 2.582258e-07
5.343137e-01 7.598039e-01 1.816792e-07
5.441176e-01 7.598039e-01 1.243031e-07
5.539216e-01 7.598039e-01 8.273064e-08
5.637255e-01 7.598039e-01 5.357839e-08
5.735294e-01 7.598039e-01 3.377359e-08
5.833333e-01 7.598039e-01 2.072762e-08
5.931373e-01 7.598039e-01 1.238860e-08
6.029412e-01 7.598039e-01 7.212857e-09
6.127451e-01 7.598039e-01 4.091778e-09
6.225490e-01 7.598039e-01 2.262249e-09
6.323529e-01 7.598039e-01 1.219250e-09
6.421569e-01 7.598039e-01 6.407174e-10
6.519608e-01 7.598039e-01 3.283641e-10
6.617647e-01 7.598039e-01 1.641540e-10
6.715686e-01 7.598039e-01 8.006504e-11
6.813725e-01 7.598039e-01 3.810798e-11
6.911765e-01 7.598039e-01 1.770330e-11
7.009804e-01 7.598039e-01 8.028607e-12
7.107843e-01 7.598039e-01 3.555058e-12
7.205882e-01 7.598039e-01 1.537511e-12
7.303922e-01 7.598039e-01 6.485666e-13
7.401961e-01 7.598039e-01 2.709473e-13
7.500000e-01 7.598039e-01 9.672094e-14
7.598039e-01 7.598039e-01 8.202736e-14
7.696078e-01 7.598039e-01 -1.121181e-13
7.794118e-01 7.598039e-01 3.939819e-13
7.892157e-01 7.598039e-01 -1.076150e-12
7.990196e-01 7.598039e-01 2.743310e-12
8.088235e-01 7.598039e-01 -6.315805e-12
8.186275e-01 7.598039e-01 1.299841e-11
8.284314e-01 7.598039e-01 -2.343860e-11
8.382353e-01 7.598039e-01 3.586407e-11
8.480392e-01 7.598039e-01 -4.375444e-11
8.578431e-01 7.598039e-01 3.592177e-11
8.676471e-01 7.598039e-01 -3.571064e-12
8.774510e-01 7.598039e-01 -4.498444e-11
8.872549e-01 7.598039e-01 7.453633e-11
8.970588e-01 7.598039e-01 -4.266395e-11
9.068627e-01 7.598039e-01 -4.564393e-11
9.166667e-01 7.598039e-01 1.043919e-10
9.264706e-01 7.598039e-01 -4.070595e-11
9.362745e-01 7.598039e-01 -9.531293e-11
9.460784e-01 7.598039e-01 1.111897e-10
9.558824e-01 7.598039e-01 5.290819e-11
9.656863e-01 7.598039e-01 -1.468001e-10
9.754902e-01 7.598039e-01 -2.028965e-11
9.852941e-01 7.598039e-01 1.612607e-10
9.950980e-01 7.598039e-01 1.938018e-11
4.901961e-03 7.696078e-01 -2.508642e-10
1.470588e-02 7.696078e-01 -1.064819e-10
2.450980e-02 7.696078e-01 2.457591e-10
3.431373e-02 7.696078e-01 1.605864e-10
4.411765e-02 7.696078e-01 -1.852363e-10
5.392157e-02 7.696078e-01 -2.337038e-10
6.372549e-02 7.696078e-01 4.240842e-11
7.352941e-02 7.696078e-01 2.371871e-10
8.333333e-02 7.696078e-01 1.417842e-10
9.313725e-02 7.696078e-01 -8.069420e-11
1.029412e-01 7.696078e-01 -1.941195e-10
1.127451e-01 7.696078e-01 -1.379375e-10
1.225490e-01 7.696078e-01 -4.660445e-12
1.323529e-01 7.696078e-01 9.975235e-11
1.421569e-01 7.696078e-01 1.350921e-10
1.519608e-01 7.696078e-01 1.178178e-10
1.617647e-01 7.696078e-01 8.102499e-11
1.715686e-01 7.696078e-01 4.882074e-11
1.813725e-01 7.696078e-01 3.229159e-11
1.911765e-01 7.696078e-01 3.518277e-11
2.009804e-01 7.696078e-01 5.698332e-11
2.107843e-01 7.696078e-01 8.469618e-11
2.205882e-01 7.696078e-01 6.425558e-11
2.303922e-01 7.696078e-01 -1.612856e-10
2.401961e-01 7.696078e-01 -9.628815e-10
2.500000e-01 7.696078e-01 -3.099538e-09
2.598039e-01 7.696078e-01 -7.956065e-09
2.696078e-01 7.696078e-01 -1.781955e-08
2.794118e-01 7.696078e-01 -3.613288e-08
2.892157e-01 7.696078e-01 -6.762486e-08
2.990196e-01 7.696078e-01 -1.181919e-07
3.088235e-01 7.696078e-01 -1.944146e-07
3.186275e-01 7.696078e-01 -3.026486e-07
3.284314e-01 7.696078e-01 -4.477356e-07
3.382353e-01 7.696078e-01 -6.315122e-07
3.480392e-01 7.696078e-01 -8.514239e-07
3.578431e-01 7.696078e-01 -1.099614e-06
3.676471e-01 7.696078e-01 -1.362832e-06
3.774510e-01 7.696078e-01 -1.623361e-06
3.872549e-01 7.696078e-01 -1.860942e-06
3.970588e-01 7.696078e-01 -2.055409e-06
4.068627e-01 7.696078e-01 -2.189558e-06
4.166667e-01 7.696078e-01 -2.251669e-06
4.264706e-01 7.696078e-01 -2.237181e-06
4.362745e-01 7.696078e-01 -2.149169e-06
4.460784e-01 7.696078e-01 -1.997603e-06
4.558824e-01 7.696078e-01 -1.797582e-06
4.656863e-01 7.696078e-01 -1.566967e-06
4.754902e-01 7.696078e-01 -1.323900e-06
4.852941e-01 7.696078e-01 -1.084652e-06
4.950980e-01 7.696078e-01 -8.621204e-07
5.049020e-01 7.696078e-01 -6.650836e-07
5.147059e-01 7.696078e-01 -4.981880e-07
5.245098e-01 7.696078e-01 -3.624820e-07
5.343137e-01 7.696078e-01 -2.562796e-07
5.441176e-01 7.696078e-01 -1.761270e-07
5.539216e-01 7.696078e-01 -1.176967e-07
5.637255e-01 7.696078e-01 -7.650062e-08
5.735294e-01 7.696078e-01 -4.837895e-08
5.833333e-01 7.696078e-01 -2.977570e-08
5.931373e-01 7.696078e-01 -1.784019e-08
6.029412e-01 7.696078e-01 -1.040834e-08
6.127451e-01 7.696078e-01 -5.914473e-09
6.225490e-01 7.696078e-01 -3.274215e-09
6.323529e-01 7.696078e-01 -1.766259e-09
6.421569e-01 7.696078e-01 -9.286535e-10
6.519608e-01 7.696078e-01 -4.759896e-10
6.617647e-01 7.696078e-01 -2.378892e-10
6.715686e-01 7.696078e-01 -1.159502e-10
6.813725e-01 7.696078e-01 -5.512775e-11
6.911765e-01 7.696078e-01 -2.557123e-11
7.009804e-01 7.696078e-01 -1.157425e-11
7.107843e-01 7.696078e-01 -5.112871e-12
7.205882e-01 7.696078e-01 -2.204891e-12
7.303922e-01 7.696078e-01 -9.272851e-13
7.401961e-01 7.696078e-01 -3.851147e-13
7.500000e-01 7.696078e-01 -1.389419e-13
7.598039e-01 7.696078e-01 -1.121181e-13
7.696078e-01 7.696078e-01 1.533017e-13
7.794118e-01 7.696078e-01 -5.578899e-13
7.892157e-01 7.696078e-01 1.562600e-12
7.990196e-01 7.696078e-01 -4.054603e-12
8.088235e-01 7.696078e-01 9.435789e-12
8.186275e-01 7.696078e-01 -1.947720e-11
8.284314e-01 7.696078e-01 3.489218e-11
8.382353e-01 7.696078e-01 -5.231081e-11
8.480392e-01 7.696078e-01 6.085367e-11
8.578431e-01 7.696078e-01 -4.332449e-11
8.676471e-01 7.696078e-01 -1.089871e-11
8.774510e-01 7.696078e-01 8.240232e-11
8.872549e-01 7.696078e-01 -1.114743e-10
8.970588e-01 7.696078e-01 3.949461e-11
9.068627e-01 7.696078e-01 1.021390e-10
9.166667e-01 7.696078e-01 -1.616598e-10
9.264706e-01 7.696078e-01 1.972259e-11
9.362745e-01 7.696078e-01 1.851713e-10
9.460784e-01 7.696078e-01 -1.437795e-10
9.558824e-01 7.696078e-01 -1.436597e-10
9.656863e-01 7.696078e-01 2.192568e-10
9.754902e-01 7.696078e-01 1.037243e-10
9.852941e-01 7.696078e-01 -2.508642e-10
9.950980e-01 7.696078e-01 -1.064819e-10
4.901961e-03 7.794118e-01 5.097723e-10
1.470588e-02 7.794118e-01 4.432770e-10
2.450980e-02 7.794118e-01 -4.757578e-10
3.431373e-02 7.794118e-01 -5.454500e-10
4.411765e-02 7.794118e-01 2.838942e-10
5.392157e-02 7.794118e-01 6.392314e-10
6.372549e-02 7.794118e-01 8.253353e-11
7.352941e-02 7.794118e-01 -5.210072e-10
8.333333e-02 7.794118e-01 -4.579544e-10
9.313725e-02 7.794118e-01 6.016929e-11
1.029412e-01 7.794118e-01 4.364917e-10
1.127451e-01 7.794118e-01 3.998673e-10
1.225490e-01 7.794118e-01 1.034240e-10
1.323529e-01 7.794118e-01 -1.822403e-10
1.421569e-01 7.794118e-01 -3.140003e-10
1.519608e-01 7.794118e-01 -3.017162e-10
1.617647e-01 7.794118e-01 -2.204500e-10
1.715686e-01 7.794118e-01 -1.357849e-10
1.813725e-01 7.794118e-01 -8.169428e-11
1.911765e-01 7.794118e-01 -7.064418e-11
2.009804e-01 7.794118e-01 -1.055327e-10
2.107843e-01 7.794118e-01 -1.713177e-10
2.205882e-01 7.794118e-01 -1.862852e-10
2.303922e-01 7.794118e-01 1.149508e-10
2.401961e-01 7.794118e-01 1.404464e-09
2.500000e-01 7.794118e-01 5.127844e-09
2.598039e-01 7.794118e-01 1.403093e-08
2.696078e-01 7.794118e-01 3.281039e-08
2.794118e-01 7.794118e-01 6.876990e-08
2.892157e-01 7.794118e-01 1.322674e-07
2.990196e-01 7.794118e-01 2.366624e-07
3.088235e-01 7.794118e-01 3.974621e-07
3.186275e-01 7.794118e-01 6.304617e-07
3.284314e-01 7.794118e-01 9.488951e-07
3.382353e-01 7.794118e-01 1.359924e-06
3.480392e-01 7.794118e-01 1.861117e-06
3.578431e-01 7.794118e-01 2.437789e-06
3.676471e-01 7.794118e-01 3.062082e-06
3.774510e-01 7.794118e-01 3.694406e-06
3.872549e-01 7.794118e-01 4.287364e-06
3.970588e-01 7.794118e-01 4.791671e-06
4.068627e-01 7.794118e-01 5.163034e-06
4.166667e-01 7.794118e-01 5.368625e-06
4.264706e-01 7.794118e-01 5.391847e-06
4.362745e-01 7.794118e-01 5.234422e-06
4.460784e-01 7.794118e-01 4.915488e-06
4.558824e-01 7.794118e-01 4.468019e-06
4.656863e-01 7.794118e-01 3.933466e-06
4.754902e-01 7.794118e-01 3.355748e-06
4.852941e-01 7.794118e-01 2.775758e-06
4.950980e-01 7.794118e-01 2.227212e-06
5.049020e-01 7.794118e-01 1.734304e-06
5.147059e-01 7.794118e-01 1.311163e-06
5.245098e-01 7.794118e-01 9.627852e-07
5.343137e-01 7.794118e-01 6.869207e-07
5.441176e-01 7.794118e-01 4.763688e-07
5.539216e-01 7.794118e-01 3.212082e-07
5.637255e-01 7.794118e-01 2.106570e-07
5.735294e-01 7.794118e-01 1.344140e-07
5.833333e-01 7.794118e-01 8.346784e-08
5.931373e-01 7.794118e-01 5.045701e-08
6.029412e-01 7.794118e-01 2.970076e-08
6.127451e-01 7.794118e-01 1.702820e-08
6.225490e-01 7.794118e-01 9.511129e-09
6.323529e-01 7.794118e-01 5.176788e-09
6.421569e-01 7.794118e-01 2.746330e-09
6.519608e-01 7.794118e-01 1.420379e-09
6.617647e-01 7.794118e-01 7.163196e-10
6.715686e-01 7.794118e-01 3.523299e-10
6.813725e-01 7.794118e-01 1.690510e-10
6.911765e-01 7.794118e-01 7.913972e-11
7.009804e-01 7.794118e-01 3.615435e-11
7.107843e-01 7.794118e-01 1.612082e-11
7.205882e-01 7.794118e-01 7.018067e-12
7.303922e-01 7.794118e-01 2.978691e-12
7.401961e-01 7.794118e-01 1.252445e-12
7.500000e-01 7.794118e-01 4.460993e-13
7.598039e-01 7.794118e-01 3.939819e-13
7.696078e-01 7.794118e-01 -5.578899e-13
7.794118e-01 7.794118e-01 1.928000e-12
7.892157e-01 7.794118e-01 -5.186604e-12
7.990196e-01 7.794118e-01 1.291166e-11
8.088235e-01 7.794118e-01 -2.876876e-11
8.186275e-01 7.794118e-01 5.665083e-11
8.284314e-01 7.794118e-01 -9.615370e-11
8.382353e-01 7.794118e-01 1.346608e-10
8.480392e-01 7.794118e-01 -1.409777e-10
8.578431e-01 7.794118e-01 7.464484e-11
8.676471e-01 7.794118e-01 7.488931e-11
8.774510e-01 7.794118e-01 -2.340847e-10
8.872549e-01 7.794118e-01 2.466937e-10
8.970588e-01 7.794118e-01 -1.017383e-11
9.068627e-01 7.794118e-01 -3.192119e-10
9.166667e-01 7.794118e-01 3.493550e-10
9.264706e-01 7.794118e-01 8.806602e-11
9.362745e-01 7.794118e-01 -4.999771e-10
9.460784e-01 7.794118e-01 2.114556e-10
9.558824e-01 7.794118e-01 4.792716e-10
9.656863e-01 7.794118e-01 -4.208927e-10
9.754902e-01 7.794118e-01 -4.265320e-10
9.852941e-01 7.794118e-01 5.097723e-10
9.950980e-01 7.794118e-01 4.432770e-10
4.901961e-03 7.892157e-01 -6.618693e-10
1.470588e-02 7.892157e-01 -1.245120e-09
2.450980e-02 7.892157e-01 5.487567e-10
3.431373e-02 7.892157e-01 1.356805e-09
4.411765e-02 7.892157e-01 -9.677066e-11
5.392157e-02 7.892157e-01 -1.321272e-09
6.372549e-02 7.892157e-01 -6.082101e-10
7.352941e-02 7.892157e-01 7.998749e-10
8.333333e-02 7.892157e-01 1.109058e-09
9.313725e-02 7.892157e-01 2.311932e-10
1.029412e-01 7.892157e-01 -7.040897e-10
1.127451e-01 7.892157e-01 -8.920728e-10
1.225490e-01 7.892157e-01 -4.234815e-10
1.323529e-01 7.892157e-01 1.798307e-10
1.421569e-01 7.892157e-01 5.404401e-10
1.519608e-01 7.892157e-01 5.965841e-10
1.617647e-01 7.892157e-01 4.703251e-10
1.715686e-01 7.892157e-01 3.008288e-10
1.813725e-01 7.892157e-01 1.720920e-10
1.911765e-01 7.892157e-01 1.218929e-10
2.009804e-01 7.892157e-01 1.756668e-10
2.107843e-01 7.892157e-01 3.613817e-10
2.205882e-01 7.892157e-01 6.719202e-10
2.303922e-01 7.892157e-01 9.305305e-10
2.401961e-01 7.892157e-01 4.917505e-10
2.500000e-01 7.892157e-01 -2.304626e-09
2.598039e-01 7.892157e-01 -1.099158e-08
2.696078e-01 7.892157e-01 -3.213836e-08
2.794118e-01 7.892157e-01 -7.667697e-08
2.892157e-01 7.892157e-01 -1.610645e-07
2.990196e-01 7.892157e-01 -3.077723e-07
3.088235e-01 7.892157e-01 -5.444958e-07
3.186275e-01 7.892157e-01 -9.015648e-07
3.284314e-01 7.892157e-01 -1.407350e-06
3.382353e-01 7.892157e-01 -2.082009e-06
3.480392e-01 7.892157e-01 -2.930563e-06
3.578431e-01 7.892157e-01 -3.936825e-06
3.676471e-01 7.892157e-01 -5.059951e-06
3.774510e-01 7.892157e-01 -6.235067e-06
3.872549e-01 7.892157e-01 -7.378681e-06
3.970588e-01 7.892157e-01 -8.398450e-06
4.068627e-01 7.892157e-01 -9.205705e-06
4.166667e-01 7.892157e-01 -9.728357e-06
4.264706e-01 7.892157e-01 -9.921518e-06
4.362745e-01 7.892157e-01 -9.773702e-06
4.460784e-01 7.892157e-01 -9.307447e-06
4.558824e-01 7.892157e-01 -8.574498e-06
4.656863e-01 7.892157e-01 -7.646845e-06
4.754902e-01 7.892157e-01 -6.605665e-06
4.852941e-01 7.892157e-01 -5.530399e-06
4.950980e-01 7.892157e-01 -4.489822e-06
5.049020e-01 7.892157e-01 -3.536274e-06
5.147059e-01 7.892157e-01 -2.703364e-06
5.245098e-01 7.892157e-01 -2.006735e-06
5.343137e-01 7.892157e-01 -1.447028e-06
5.441176e-01 7.892157e-01 -1.013981e-06
5.539216e-01 7.892157e-01 -6.907221e-07
5.637255e-01 7.892157e-01 -4.575573e-07
5.735294e-01 7.892157e-01 -2.948465e-07
5.833333e-01 7.892157e-01 -1.848792e-07
5.931373e-01 7.892157e-01 -1.128362e-07
6.029412e-01 7.892157e-01 -6.705003e-08
6.127451e-01 7.892157e-01 -3.880212e-08
6.225490e-01 7.892157e-01 -2.187405e-08
6.323529e-01 7.892157e-01 -1.201508e-08
6.421569e-01 7.892157e-01 -6.432074e-09
6.519608e-01 7.892157e-01 -3.356606e-09
6.617647e-01 7.892157e-01 -1.707929e-09
6.715686e-01 7.892157e-01 -8.475220e-10
6.813725e-01 7.892157e-01 -4.102345e-10
6.911765e-01 7.892157e-01 -1.937307e-10
7.009804e-01 7.892157e-01 -8.927572e-11
7.107843e-01 7.892157e-01 -4.015207e-11
7.205882e-01 7.892157e-01 -1.763139e-11
7.303922e-01 7.892157e-01 -7.545263e-12
7.401961e-01 7.892157e-01 -3.207715e-12
7.500000e-01 7.892157e-01 -1.128904e-12
7.598039e-01 7.892157e-01 -1.076150e-12
7.696078e-01 7.892157e-01 1.562600e-12
7.794118e-01 7.892157e-01 -5.186604e-12
7.892157e-01 7.892157e-01 1.348446e-11
7.990196e-01 7.892157e-01 -3.234515e-11
8.088235e-01 7.892157e-01 6.914804e-11
8.186275e-01 7.892157e-01 -1.298074e-10
8.284314e-01 7.892157e-01 2.076804e-10
8.382353e-01 7.892157e-01 -2.678089e-10
8.480392e-01 7.892157e-01 2.408947e-10
8.578431e-01 7.892157e-01 -5.745204e-11
8.676471e-01 7.892157e-01 -2.609021e-10
8.774510e-01 7.892157e-01 5.121181e-10
8.872549e-01 7.892157e-01 -3.859950e-10
8.970588e-01 7.892157e-01 -1.980469e-10
9.068627e-01 7.892157e-01 7.537611e-10
9.166667e-01 7.892157e-01 -5.193147e-10
9.264706e-01 7.892157e-01 -4.970608e-10
9.362745e-01 7.892157e-01 1.019307e-09
9.460784e-01 7.892157e-01 -3.572085e-11
9.558824e-01 7.892157e-01 -1.177591e-09
9.656863e-01 7.892157e-01 4.737762e-10
9.754902e-01 7.892157e-01 1.190873e-09
9.852941e-01 7.892157e-01 -6.618693e-10
9.950980e-01 7.892157e-01 -1.245120e-09
4.901961e-03 7.990196e-01 2.674759e-10
1.470588e-02 7.990196e-01 2.697514e-09
2.450980e-02 7.990196e-01 4.269853e-13
3.431373e-02 7.990196e-01 -2.680911e-09
4.411765e-02 7.990196e-01 -8.435772e-10
5.392157e-02 7.990196e-01 2.170143e-09
6.372549e-02 7.990196e-01 1.893355e-09
7.352941e-02 7.990196e-01 -7.696716e-10
8.333333e-02 7.990196e-01 -2.185402e-09
9.313725e-02 7.990196e-01 -1.102296e-09
1.029412e-01 7.990196e-01 8.086613e-10
1.127451e-01 7.990196e-01 1.670016e-09
1.225490e-01 7.990196e-01 1.150444e-09
1.323529e-01 7.990196e-01 6.175135e-11
1.421569e-01 7.990196e-01 -7.658443e-10
1.519608e-01 7.990196e-01 -1.042264e-09
1.617647e-01 7.990196e-01 -9.071097e-10
1.715686e-01 7.990196e-01 -6.152551e-10
1.813725e-01 7.990196e-01 -3.478887e-10
1.911765e-01 7.990196e-01 -1.924686e-10
2.009804e-01 7.990196e-01 -2.053420e-10
2.107843e-01 7.990196e-01 -4.754841e-10
2.205882e-01 7.990196e-01 -1.136038e-09
2.303922e-01 7.990196e-01 -2.263541e-09
2.401961e-01 7.990196e-01 -3.563791e-09
2.500000e-01 7.990196e-01 -3.697842e-09
2.598039e-01 7.990196e-01 9.077111e-10
2.696078e-01 7.990196e-01 1.785088e-08
2.794118e-01 7.990196e-01 6.104376e-08
2.892157e-01 7.990196e-01 1.530999e-07
2.990196e-01 7.990196e-01 3.270628e-07
3.088235e-01 7.990196e-01 6.264366e-07
3.186275e-01 7.990196e-01 1.102442e-06
3.284314e-01 7.990196e-01 1.807774e-06
3.382353e-01 7.990196e-01 2.786943e-06
3.480392e-01 7.990196e-01 4.064375e-06
3.578431e-01 7.990196e-01 5.632584e-06
3.676471e-01 7.990196e-01 7.443441e-06
3.774510e-01 7.990196e-01 9.405497e-06
3.872549e-01 7.990196e-01 1.138935e-05
3.970588e-01 7.990196e-01 1.324128e-05
4.068627e-01 7.990196e-01 1.480320e-05
4.166667e-01 7.990196e-01 1.593537e-05
4.264706e-01 7.990196e-01 1.653711e-05
4.362745e-01 7.990196e-01 1.656145e-05
4.460784e-01 7.990196e-01 1.602061e-05
4.558824e-01 7.990196e-01 1.498169e-05
4.656863e-01 7.990196e-01 1.355405e-05
4.754902e-01 7.990196e-01 1.187135e-05
4.852941e-01 7.990196e-01 1.007221e-05
4.950980e-01 7.990196e-01 8.283112e-06
5.049020e-01 7.990196e-01 6.605973e-06
5.147059e-01 7.990196e-01 5.111749e-06
5.245098e-01 7.990196e-01 3.839653e-06
5.343137e-01 7.990196e-01 2.800861e-06
5.441176e-01 7.990196e-01 1.984927e-06
5.539216e-01 7.990196e-01 1.367151e-06
5.637255e-01 7.990196e-01 9.155127e-07
5.735294e-01 7.990196e-01 5.962608e-07
5.833333e-01 7.990196e-01 3.778096e-07
5.931373e-01 7.990196e-01 2.329745e-07
6.029412e-01 7.990196e-01 1.398523e-07
6.127451e-01 7.990196e-01 8.174835e-08
6.225490e-01 7.990196e-01 4.654279e-08
6.323529e-01 7.990196e-01 2.581674e-08
6.421569e-01 7.990196e-01 1.395510e-08
6.519608e-01 7.990196e-01 7.352739e-09
6.617647e-01 7.990196e-01 3.777018e-09
6.715686e-01 7.990196e-01 1.892028e-09
6.813725e-01 7.990196e-01 9.244336e-10
6.911765e-01 7.990196e-01 4.406379e-10
7.009804e-01 7.990196e-01 2.049425e-10
7.107843e-01 7.990196e-01 9.302448e-11
7.205882e-01 7.990196e-01 4.122591e-11
7.303922e-01 7.990196e-01 1.779668e-11
7.401961e-01 7.990196e-01 7.657898e-12
7.500000e-01 7.990196e-01 2.655284e-12
7.598039e-01 7.990196e-01 2.743310e-12
7.696078e-01 7.990196e-01 -4.054603e-12
7.794118e-01 7.990196e-01 1.291166e-11
7.892157e-01 7.990196e-01 -3.234515e-11
7.990196e-01 7.990196e-01 7.450837e-11
8.088235e-01 7.990196e-01 -1.521633e-10
8.186275e-01 7.990196e-01 2.706329e-10
8.284314e-01 7.990196e-01 -4.040040e-10
8.382353e-01 7.990196e-01 4.693247e-10
8.480392e-01 7.990196e-01 -3.336131e-10
8.578431e-01 7.990196e-01 -9.172368e-11
8.676471e-01 7.990196e-01 6.706358e-10
8.774510e-01 7.990196e-01 -9.435786e-10
8.872549e-01 7.990196e-01 4.091364e-10
8.970588e-01 7.990196e-01 7.820002e-10
9.068627e-01 7.990196e-01 -1.457949e-09
9.166667e-01 7.990196e-01 4.498070e-10
9.264706e-01 7.990196e-01 1.469274e-09
9.362745e-01 7.990196e-01 -1.647888e-09
9.460784e-01 7.990196e-01 -7.676243e-10
9.558824e-01 7.990196e-01 2.305867e-09
9.656863e-01 7.990196e-01 4.555615e-11
9.754902e-01 7.990196e-01 -2.570806e-09
9.852941e-01 7.990196e-01 2.674759e-10
9.950980e-01 7.990196e-01 2.697514e-09
4.901961e-03 8.088235e-01 1.612275e-09
1.470588e-02 8.088235e-01 -4.445769e-09
2.450980e-02 8.088235e-01 -2.089387e-09
3.431373e-02 8.088235e-01 3.978366e-09
4.411765e-02 8.088235e-01 3.241363e-09
5.392157e-02 8.088235e-01 -2.402459e-09
6.372549e-02 8.088235e-01 -4.166881e-09
7.352941e-02 8.088235e-01 -3.769898e-10
8.333333e-02 8.088235e-01 3.321569e-09
9.313725e-02 8.088235e-01 2.912823e-09
1.029412e-01 8.088235e-01 -1.634386e-10
1.127451e-01 8.088235e-01 -2.449833e-09
1.225490e-01 8.088235e-01 -2.409416e-09
1.323529e-01 8.088235e-01 -8.659733e-10
1.421569e-01 8.088235e-01 7.010185e-10
1.519608e-01 8.088235e-01 1.483941e-09
1.617647e-01 8.088235e-01 1.494524e-09
1.715686e-01 8.088235e-01 1.104384e-09
1.813725e-01 8.088235e-01 6.467056e-10
1.911765e-01 8.088235e-01 2.975119e-10
2.009804e-01 8.088235e-01 1.508455e-10
2.107843e-01 8.088235e-01 3.574370e-10
2.205882e-01 8.088235e-01 1.248880e-09
2.303922e-01 8.088235e-01 3.386202e-09
2.401961e-01 8.088235e-01 7.420545e-09
2.500000e-01 8.088235e-01 1.356273e-08
2.598039e-01 8.088235e-01 2.038271e-08
2.696078e-01 8.088235e-01 2.267066e-08
2.794118e-01 8.088235e-01 8.263352e-09
2.892157e-01 8.088235e-01 -4.588154e-08
2.990196e-01 8.088235e-01 -1.775262e-07
3.088235e-01 8.088235e-01 -4.414852e-07
3.186275e-01 8.088235e-01 -9.086613e-07
3.284314e-01 8.088235e-01 -1.660139e-06
3.382353e-01 8.088235e-01 -2.775545e-06
3.480392e-01 8.088235e-01 -4.316398e-06
3.578431e-01 8.088235e-01 -6.307067e-06
3.676471e-01 8.088235e-01 -8.717540e-06
3.774510e-01 8.088235e-01 -1.145292e-05
3.872549e-01 8.088235e-01 -1.435384e-05
3.970588e-01 8.088235e-01 -1.720990e-05
4.068627e-01 8.088235e-01 -1.978489e-05
4.166667e-01 8.088235e-01 -2.184983e-05
4.264706e-01 8.088235e-01 -2.321697e-05
4.362745e-01 8.088235e-01 -2.376791e-05
4.460784e-01 8.088235e-01 -2.346992e-05
4.558824e-01 8.088235e-01 -2.237757e-05
4.656863e-01 8.088235e-01 -2.062005e-05
4.754902e-01 8.088235e-01 -1.837790e-05
4.852941e-01 8.088235e-01 -1.585444e-05
4.950980e-01 8.088235e-01 -1.324783e-05
5.049020e-01 8.088235e-01 -1.072859e-05
5.147059e-01 8.088235e-01 -8.425364e-06
5.245098e-01 8.088235e-01 -6.419611e-06
5.343137e-01 8.088235e-01 -4.748014e-06
5.441176e-01 8.088235e-01 -3.410310e-06
5.539216e-01 8.088235e-01 -2.379780e-06
5.637255e-01 8.088235e-01 -1.614033e-06
5.735294e-01 8.088235e-01 -1.064344e-06
5.833333e-01 8.088235e-01 -6.826505e-07
5.931373e-01 8.088235e-01 -4.259959e-07
6.029412e-01 8.088235e-01 -2.587260e-07
6.127451e-01 8.088235e-01 -1.529792e-07
6.225490e-01 8.088235e-01 -8.808595e-08
6.323529e-01 8.088235e-01 -4.940614e-08
6.421569e-01 8.088235e-01 -2.700028e-08
6.519608e-01 8.088235e-01 -1.438061e-08
6.617647e-01 8.088235e-01 -7.466403e-09
6.715686e-01 8.088235e-01 -3.779816e-09
6.813725e-01 8.088235e-01 -1.866167e-09
6.911765e-01 8.088235e-01 -8.987591e-10
7.009804e-01 8.088235e-01 -4.223177e-10
7.107843e-01 8.088235e-01 -1.936460e-10
7.205882e-01 8.088235e-01 -8.669271e-11
7.303922e-01 8.088235e-01 -3.778058e-11
7.401961e-01 8.088235e-01 -1.647967e-11
7.500000e-01 8.088235e-01 -5.610120e-12
7.598039e-01 8.088235e-01 -6.315805e-12
7.696078e-01 8.088235e-01 9.435789e-12
7.794118e-01 8.088235e-01 -2.876876e-11
7.892157e-01 8.088235e-01 6.914804e-11
7.990196e-01 8.088235e-01 -1.521633e-10
8.088235e-01 8.088235e-01 2.946769e-10
8.186275e-01 8.088235e-01 -4.910252e-10
8.284314e-01 8.088235e-01 6.703832e-10
8.382353e-01 8.088235e-01 -6.679119e-10
8.480392e-01 8.088235e-01 2.783338e-10
8.578431e-01 8.088235e-01 5.358753e-10
8.676471e-01 8.088235e-01 -1.362968e-09
8.774510e-01 8.088235e-01 1.355727e-09
8.872549e-01 8.088235e-01 3.810728e-11
8.970588e-01 8.088235e-01 -1.954595e-09
9.068627e-01 8.088235e-01 2.168887e-09
9.166667e-01 8.088235e-01 4.261348e-10
9.264706e-01 8.088235e-01 -3.152521e-09
9.362745e-01 8.088235e-01 1.762794e-09
9.460784e-01 8.088235e-01 2.762593e-09
9.558824e-01 8.088235e-01 -3.385265e-09
9.656863e-01 8.088235e-01 -1.963458e-09
9.754902e-01 8.088235e-01 4.222869e-09
9.852941e-01 8.088235e-01 1.612275e-09
9.950980e-01 8.088235e-01 -4.445769e-09
4.901961e-03 8.186275e-01 -5.787800e-09
1.470588e-02 8.186275e-01 4.874039e-09
2.450980e-02 8.186275e-01 6.375951e-09
3.431373e-02 8.186275e-01 -3.528137e-09
4.411765e-02 8.186275e-01 -7.190064e-09
5.392157e-02 8.186275e-01 4.049824e-10
6.372549e-02 8.186275e-01 6.704077e-09
7.352941e-02 8.186275e-01 3.586327e-09
8.333333e-02 8.186275e-01 -3.279182e-09
9.313725e-02 8.186275e-01 -5.464711e-09
1.029412e-01 8.186275e-01 -2.005124e-09
1.127451e-01 8.186275e-01 2.374329e-09
1.225490e-01 8.186275e-01 3.887077e-09
1.323529e-01 8.186275e-01 2.468667e-09
1.421569e-01 8.186275e-01 1.150948e-10
1.519608e-01 8.186275e-01 -1.519712e-09
1.617647e-01 8.186275e-01 -1.997898e-09
1.715686e-01 8.186275e-01 -1.681644e-09
1.813725e-01 8.186275e-01 -1.071227e-09
1.911765e-01 8.186275e-01 -4.727430e-10
2.009804e-01 8.186275e-01 -1.258500e-11
2.107843e-01 8.186275e-01 1.666194e-10
2.205882e-01 8.186275e-01 -3.648165e-10
2.303922e-01 8.186275e-01 -2.632016e-09
2.401961e-01 8.186275e-01 -8.536826e-09
2.500000e-01 8.186275e-01 -2.092237e-08
2.598039e-01 8.186275e-01 -4.305877e-08
2.696078e-01 8.186275e-01 -7.705325e-08
2.794118e-01 8.186275e-01 -1.207090e-07
2.892157e-01 8.186275e-01 -1.626551e-07
2.990196e-01 8.186275e-01 -1.762067e-07
3.088235e-01 8.186275e-01 -1.133144e-07
3.186275e-01 8.186275e-01 9.914648e-08
3.284314e-01 8.186275e-01 5.580178e-07
3.382353e-01 8.186275e-01 1.375085e-06
3.480392e-01 8.186275e-01 2.659999e-06
3.578431e-01 8.186275e-01 4.496413e-06
3.676471e-01 8.186275e-01 6.915534e-06
3.774510e-01 8.186275e-01 9.873415e-06
3.872549e-01 8.186275e-01 1.323882e-05
3.970588e-01 8.186275e-01 1.679692e-05
4.068627e-01 8.186275e-01 2.027072e-05
4.166667e-01 8.186275e-01 2.335736e-05
4.264706e-01 8.186275e-01 2.577276e-05
4.362745e-01 8.186275e-01 2.729501e-05
4.460784e-01 8.186275e-01 2.779752e-05
4.558824e-01 8.186275e-01 2.726517e-05
4.656863e-01 8.186275e-01 2.579077e-05
4.754902e-01 8.186275e-01 2.355429e-05
4.852941e-01 8.186275e-01 2.079015e-05
4.950980e-01 8.186275e-01 1.775042e-05
5.049020e-01 8.186275e-01 1.467114e-05
5.147059e-01 8.186275e-01 1.174706e-05
5.245098e-01 8.186275e-01 9.117655e-06
5.343137e-01 8.186275e-01 6.864022e-06
5.441176e-01 8.186275e-01 5.014744e-06
5.539216e-01 8.186275e-01 3.557199e-06
5.637255e-01 8.186275e-01 2.451074e-06
5.735294e-01 8.186275e-01 1.641266e-06
5.833333e-01 8.186275e-01 1.068438e-06
5.931373e-01 8.186275e-01 6.764422e-07
6.029412e-01 8.186275e-01 4.166546e-07
6.127451e-01 8.186275e-01 2.497643e-07
6.225490e-01 8.186275e-01 1.457574e-07
6.323529e-01 8.186275e-01 8.283355e-08
6.421569e-01 8.186275e-01 4.585443e-08
6.519608e-01 8.186275e-01 2.473280e-08
6.617647e-01 8.186275e-01 1.300153e-08
6.715686e-01 8.186275e-01 6.662731e-09
6.813725e-01 8.186275e-01 3.329274e-09
6.911765e-01 8.186275e-01 1.622499e-09
7.009804e-01 8.186275e-01 7.713546e-10
7.107843e-01 8.186275e-01 3.577896e-10
7.205882e-01 8.186275e-01 1.620284e-10
7.303922e-01 8.186275e-01 7.136387e-11
7.401961e-01 8.186275e-01 3.162247e-11
7.500000e-01 8.186275e-01 1.052060e-11
7.598039e-01 8.186275e-01 1.299841e-11
7.696078e-01 8.186275e-01 -1.947720e-11
7.794118e-01 8.186275e-01 5.665083e-11
7.892157e-01 8.186275e-01 -1.298074e-10
7.990196e-01 8.186275e-01 2.706329e-10
8.088235e-01 8.186275e-01 -4.910252e-10
8.186275e-01 8.186275e-01 7.516350e-10
8.284314e-01 8.186275e-01 -9.018113e-10
8.382353e-01 8.186275e-01 6.759662e-10
8.480392e-01 8.186275e-01 1.484143e-10
8.578431e-01 8.186275e-01 -1.387485e-09
8.676471e-01 8.186275e-01 2.153322e-09
8.774510e-01 8.186275e-01 -1.250879e-09
8.872549e-01 8.186275e-01 -1.407474e-09
8.970588e-01 8.186275e-01 3.559725e-09
9.068627e-01 8.186275e-01 -2.044943e-09
9.166667e-01 8.186275e-01 -2.749498e-09
9.264706e-01 8.186275e-01 4.975420e-09
9.362745e-01 8.186275e-01 -1.106136e-10
9.460784e-01 8.186275e-01 -5.993316e-09
9.558824e-01 8.186275e-01 2.924431e-09
9.656863e-01 8.186275e-01 5.858019e-09
9.754902e-01 8.186275e-01 -4.604096e-09
9.852941e-01 8.186275e-01 -5.787800e-09
9.950980e-01 8.186275e-01 4.874039e-09
4.901961e-03 8.284314e-01 1.134874e-08
1.470588e-02 8.284314e-01 -9.871333e-10
2.450980e-02 8.284314e-01 -1.163363e-08
3.431373e-02 8.284314e-01 -1.354423e-09
4.411765e-02 8.284314e-01 1.071067e-08
5.392157e-02 8.284314e-01 5.482271e-09
6.372549e-02 8.284314e-01 -6.937683e-09
7.352941e-02 8.284314e-01 -8.770066e-09
8.333333e-02 8.284314e-01 1.199697e-11
9.313725e-02 8.284314e-01 7.144802e-09
1.029412e-01 8.284314e-01 5.904947e-09
1.127451e-01 8.284314e-01 -8.035479e-11
1.225490e-01 8.284314e-01 -4.392991e-09
1.323529e-01 8.284314e-01 -4.531237e-09
1.421569e-01 8.284314e-01 -2.059339e-09
1.519608e-01 8.284314e-01 5.128436e-10
1.617647e-01 8.284314e-01 1.867249e-09
1.715686e-01 8.284314e-01 2.010782e-09
1.813725e-01 8.284314e-01 1.489722e-09
1.911765e-01 8.284314e-01 7.483578e-10
2.009804e-01 8.284314e-01 -5.807907e-11
2.107843e-01 8.284314e-01 -9.180988e-10
2.205882e-01 8.284314e-01 -1.616386e-09
2.303922e-01 8.284314e-01 -1.180574e-09
2.401961e-01 8.284314e-01 2.939047e-09
2.500000e-01 8.284314e-01 1.592541e-08
2.598039e-01 8.284314e-01 4.661608e-08
2.696078e-01 8.284314e-01 1.078924e-07
2.794118e-01 8.284314e-01 2.155455e-07
2.892157e-01 8.284314e-01 3.846614e-07
2.990196e-01 8.284314e-01 6.229396e-07
3.088235e-01 8.284314e-01 9.212847e-07
3.186275e-01 8.284314e-01 1.243384e-06
3.284314e-01 8.284314e-01 1.517416e-06
3.382353e-01 8.284314e-01 1.633878e-06
3.480392e-01 8.284314e-01 1.453182e-06
3.578431e-01 8.284314e-01 8.247354e-07
3.676471e-01 8.284314e-01 -3.839979e-07
3.774510e-01 8.284314e-01 -2.253636e-06
3.872549e-01 8.284314e-01 -4.782253e-06
3.970588e-01 8.284314e-01 -7.866778e-06
4.068627e-01 8.284314e-01 -1.130327e-05
4.166667e-01 8.284314e-01 -1.480853e-05
4.264706e-01 8.284314e-01 -1.806002e-05
4.362745e-01 8.284314e-01 -2.074585e-05
4.460784e-01 8.284314e-01 -2.261413e-05
4.558824e-01 8.284314e-01 -2.351073e-05
4.656863e-01 8.284314e-01 -2.339810e-05
4.754902e-01 8.284314e-01 -2.235242e-05
4.852941e-01 8.284314e-01 -2.054179e-05
4.950980e-01 8.284314e-01 -1.819198e-05
5.049020e-01 8.284314e-01 -1.554801e-05
5.147059e-01 8.284314e-01 -1.283954e-05
5.245098e-01 8.284314e-01 -1.025548e-05
5.343137e-01 8.284314e-01 -7.930233e-06
5.441176e-01 8.284314e-01 -5.941347e-06
5.539216e-01 8.284314e-01 -4.315787e-06
5.637255e-01 8.284314e-01 -3.041493e-06
5.735294e-01 8.284314e-01 -2.080727e-06
5.833333e-01 8.284314e-01 -1.382523e-06
5.931373e-01 8.284314e-01 -8.926218e-07
6.029412e-01 8.284314e-01 -5.602648e-07
6.127451e-01 8.284314e-01 -3.420019e-07
6.225490e-01 8.284314e-01 -2.031138e-07
6.323529e-01 8.284314e-01 -1.174038e-07
6.421569e-01 8.284314e-01 -6.606974e-08
6.519608e-01 8.284314e-01 -3.621083e-08
6.617647e-01 8.284314e-01 -1.933391e-08
6.715686e-01 8.284314e-01 -1.005934e-08
6.813725e-01 8.284314e-01 -5.101582e-09
6.911765e-01 8.284314e-01 -2.522530e-09
7.009804e-01 8.284314e-01 -1.216392e-09
7.107843e-01 8.284314e-01 -5.721196e-10
7.205882e-01 8.284314e-01 -2.626901e-10
7.303922e-01 8.284314e-01 -1.171539e-10
7.401961e-01 8.284314e-01 -5.291907e-11
7.500000e-01 8.284314e-01 -1.708906e-11
7.598039e-01 8.284314e-01 -2.343860e-11
7.696078e-01 8.284314e-01 3.489218e-11
7.794118e-01 8.284314e-01 -9.615370e-11
7.892157e-01 8.284314e-01 2.076804e-10
7.990196e-01 8.284314e-01 -4.040040e-10
8.088235e-01 8.284314e-01 6.703832e-10
8.186275e-01 8.284314e-01 -9.018113e-10
8.284314e-01 8.284314e-01 8.483560e-10
8.382353e-01 8.284314e-01 -1.940977e-10
8.480392e-01 8.284314e-01 -1.124362e-09
8.578431e-01 8.284314e-01 2.452508e-09
8.676471e-01 8.284314e-01 -2.375651e-09
8.774510e-01 8.284314e-01 -1.450545e-10
8.872549e-01 8.284314e-01 3.783529e-09
8.970588e-01 8.284314e-01 -4.532507e-09
9.068627e-01 8.284314e-01 -2.692709e-10
9.166667e-01 8.284314e-01 6.396931e-09
9.264706e-01 8.284314e-01 -5.005413e-09
9.362745e-01 8.284314e-01 -4.559406e-09
9.460784e-01 8.284314e-01 8.790807e-09
9.558824e-01 8.284314e-01 1.373190e-09
9.656863e-01 8.284314e-01 -1.058655e-08
9.754902e-01 8.284314e-01 8.669534e-10
9.852941e-01 8.284314e-01 1.134874e-08
9.950980e-01 8.284314e-01 -9.871333e-10
4.901961e-03 8.382353e-01 -1.358922e-08
1.470588e-02 8.382353e-01 -9.398309e-09
2.450980e-02 8.382353e-01 1.287319e-08
3.431373e-02 8.382353e-01 1.179336e-08
4.411765e-02 8.382353e-01 -8.750935e-09
5.392157e-02 8.382353e-01 -1.427622e-08
6.372549e-02 8.382353e-01 9.078316e-10
7.352941e-02 8.382353e-01 1.280632e-08
8.333333e-02 8.382353e-01 7.638695e-09
9.313725e-02 8.382353e-01 -4.643181e-09
1.029412e-01 8.382353e-01 -9.687526e-09
1.127451e-01 8.382353e-01 -5.161647e-09
1.225490e-01 8.382353e-01 1.955349e-09
1.323529e-01 8.382353e-01 5.511462e-09
1.421569e-01 8.382353e-01 4.684880e-09
1.519608e-01 8.382353e-01 1.924329e-09
1.617647e-01 8.382353e-01 -4.204646e-10
1.715686e-01 8.382353e-01 -1.495407e-09
1.813725e-01 8.382353e-01 -1.541906e-09
1.911765e-01 8.382353e-01 -1.041317e-09
2.009804e-01 8.382353e-01 -1.913521e-10
2.107843e-01 8.382353e-01 1.198132e-09
2.205882e-01 8.382353e-01 3.509136e-09
2.303922e-01 8.382353e-01 6.797063e-09
2.401961e-01 8.382353e-01 9.736600e-09
2.500000e-01 8.382353e-01 7.761102e-09
2.598039e-01 8.382353e-01 -9.713256e-09
2.696078e-01 8.382353e-01 -6.266969e-08
2.794118e-01 8.382353e-01 -1.835383e-07
2.892157e-01 8.382353e-01 -4.182967e-07
2.990196e-01 8.382353e-01 -8.236241e-07
3.088235e-01 8.382353e-01 -1.458400e-06
3.186275e-01 8.382353e-01 -2.369068e-06
3.284314e-01 8.382353e-01 -3.570521e-06
3.382353e-01 8.382353e-01 -5.026630e-06
3.480392e-01 8.382353e-01 -6.636460e-06
3.578431e-01 8.382353e-01 -8.232542e-06
3.676471e-01 8.382353e-01 -9.595610e-06
3.774510e-01 8.382353e-01 -1.048617e-05
3.872549e-01 8.382353e-01 -1.068804e-05
3.970588e-01 8.382353e-01 -1.005456e-05
4.068627e-01 8.382353e-01 -8.545872e-06
4.166667e-01 8.382353e-01 -6.246895e-06
4.264706e-01 8.382353e-01 -3.360318e-06
4.362745e-01 8.382353e-01 -1.752223e-07
4.460784e-01 8.382353e-01 2.981527e-06
4.558824e-01 8.382353e-01 5.799730e-06
4.656863e-01 8.382353e-01 8.033873e-06
4.754902e-01 8.382353e-01 9.534978e-06
4.852941e-01 8.382353e-01 1.026138e-05
4.950980e-01 8.382353e-01 1.026914e-05
5.049020e-01 8.382353e-01 9.687234e-06
5.147059e-01 8.382353e-01 8.685216e-06
5.245098e-01 8.382353e-01 7.441117e-06
5.343137e-01 8.382353e-01 6.115488e-06
5.441176e-01 8.382353e-01 4.834845e-06
5.539216e-01 8.382353e-01 3.684934e-06
5.637255e-01 8.382353e-01 2.712154e-06
5.735294e-01 8.382353e-01 1.930360e-06
5.833333e-01 8.382353e-01 1.330155e-06
5.931373e-01 8.382353e-01 8.882367e-07
6.029412e-01 8.382353e-01 5.752838e-07
6.127451e-01 8.382353e-01 3.616426e-07
6.225490e-01 8.382353e-01 2.208011e-07
6.323529e-01 8.382353e-01 1.310077e-07
6.421569e-01 8.382353e-01 7.557724e-08
6.519608e-01 8.382353e-01 4.241193e-08
6.617647e-01 8.382353e-01 2.316190e-08
6.715686e-01 8.382353e-01 1.231462e-08
6.813725e-01 8.382353e-01 6.376562e-09
6.911765e-01 8.382353e-01 3.216756e-09
7.009804e-01 8.382353e-01 1.581461e-09
7.107843e-01 8.382353e-01 7.578605e-10
7.205882e-01 8.382353e-01 3.544227e-10
7.303922e-01 8.382353e-01 1.606468e-10
7.401961e-01 8.382353e-01 7.444857e-11
7.500000e-01 8.382353e-01 2.306228e-11
7.598039e-01 8.382353e-01 3.586407e-11
7.696078e-01 8.382353e-01 -5.231081e-11
7.794118e-01 8.382353e-01 1.346608e-10
7.892157e-01 8.382353e-01 -2.678089e-10
7.990196e-01 8.382353e-01 4.693247e-10
8.088235e-01 8.382353e-01 -6.679119e-10
8.186275e-01 8.382353e-01 6.759662e-10
8.284314e-01 8.382353e-01 -1.940977e-10
8.382353e-01 8.382353e-01 -9.634478e-10
8.480392e-01 8.382353e-01 2.416944e-09
8.578431e-01 8.382353e-01 -2.908548e-09
8.676471e-01 8.382353e-01 9.486478e-10
8.774510e-01 8.382353e-01 3.213141e-09
8.872549e-01 8.382353e-01 -5.988257e-09
8.970588e-01 8.382353e-01 2.754270e-09
9.068627e-01 8.382353e-01 5.477626e-09
9.166667e-01 8.382353e-01 -9.089321e-09
9.264706e-01 8.382353e-01 3.308660e-10
9.362745e-01 8.382353e-01 1.138624e-08
9.460784e-01 8.382353e-01 -6.991223e-09
9.558824e-01 8.382353e-01 -1.041145e-08
9.656863e-01 8.382353e-01 1.160291e-08
9.754902e-01 8.382353e-01 9.044487e-09
9.852941e-01 8.382353e-01 -1.358922e-08
9.950980e-01 8.382353e-01 -9.398309e-09
4.901961e-03 8.480392e-01 4.797437e-09
1.470588e-02 8.480392e-01 2.248454e-08
2.450980e-02 8.480392e-01 -2.664922e-09
3.431373e-02 8.480392e-01 -2.257714e-08
4.411765e-02 8.480392e-01 -4.129565e-09
5.392157e-02 8.480392e-01 1.909126e-08
6.372549e-02 8.480392e-01 1.280447e-08
7.352941e-02 8.480392e-01 -9.072593e-09
8.333333e-02 8.480392e-01 -1.646551e-08
9.313725e-02 8.480392e-01 -4.830276e-09
1.029412e-01 8.480392e-01 8.684366e-09
1.127451e-01 8.480392e-01 1.120157e-08
1.225490e-01 8.480392e-01 4.546095e-09
1.323529e-01 8.480392e-01 -2.890930e-09
1.421569e-01 8.480392e-01 -5.983498e-09
1.519608e-01 8.480392e-01 -4.980818e-09
1.617647e-01 8.480392e-01 -2.452894e-09
1.715686e-01 8.480392e-01 -3.631328e-10
1.813725e-01 8.480392e-01 7.180699e-10
1.911765e-01 8.480392e-01 1.025916e-09
2.009804e-01 8.480392e-01 8.108833e-10
2.107843e-01 8.480392e-01 -1.718125e-10
2.205882e-01 8.480392e-01 -2.909575e-09
2.303922e-01 8.480392e-01 -9.141201e-09
2.401961e-01 8.480392e-01 -2.088322e-08
2.500000e-01 8.480392e-01 -3.893838e-08
2.598039e-01 8.480392e-01 -5.972070e-08
2.696078e-01 8.480392e-01 -6.992572e-08
2.794118e-01 8.480392e-01 -3.923015e-08
2.892157e-01 8.480392e-01 8.766906e-08
2.990196e-01 8.480392e-01 3.970073e-07
3.088235e-01 8.480392e-01 1.006167e-06
3.186275e-01 8.480392e-01 2.054358e-06
3.284314e-01 8.480392e-01 3.681497e-06
3.382353e-01 8.480392e-01 5.996197e-06
3.480392e-01 8.480392e-01 9.038031e-06
3.578431e-01 8.480392e-01 1.274309e-05
3.676471e-01 8.480392e-01 1.692370e-05
3.774510e-01 8.480392e-01 2.127173e-05
3.872549e-01 8.480392e-01 2.538990e-05
3.970588e-01 8.480392e-01 2.884795e-05
4.068627e-01 8.480392e-01 3.125322e-05
4.166667e-01 8.480392e-01 3.231993e-05
4.264706e-01 8.480392e-01 3.192067e-05
4.362745e-01 8.480392e-01 3.010813e-05
4.460784e-01 8.480392e-01 2.710224e-05
4.558824e-01 8.480392e-01 2.324708e-05
4.656863e-01 8.480392e-01 1.894886e-05
4.754902e-01 8.480392e-01 1.460966e-05
4.852941e-01 8.480392e-01 1.057107e-05
4.950980e-01 8.480392e-01 7.077325e-06
5.049020e-01 8.480392e-01 4.261609e-06
5.147059e-01 8.480392e-01 2.153420e-06
5.245098e-01 8.480392e-01 7.007852e-07
5.343137e-01 8.480392e-01 -2.005145e-07
5.441176e-01 8.480392e-01 -6.779163e-07
5.539216e-01 8.480392e-01 -8.583782e-07
5.637255e-01 8.480392e-01 -8.524986e-07
5.735294e-01 8.480392e-01 -7.465901e-07
5.833333e-01 8.480392e-01 -6.012512e-07
5.931373e-01 8.480392e-01 -4.542561e-07
6.029412e-01 8.480392e-01 -3.255943e-07
6.127451e-01 8.480392e-01 -2.229473e-07
6.225490e-01 8.480392e-01 -1.465201e-07
6.323529e-01 8.480392e-01 -9.272386e-08
6.421569e-01 8.480392e-01 -5.664274e-08
6.519608e-01 8.480392e-01 -3.346322e-08
6.617647e-01 8.480392e-01 -1.914716e-08
6.715686e-01 8.480392e-01 -1.062367e-08
6.813725e-01 8.480392e-01 -5.721510e-09
6.911765e-01 8.480392e-01 -2.993468e-09
7.009804e-01 8.480392e-01 -1.522611e-09
7.107843e-01 8.480392e-01 -7.532558e-10
7.205882e-01 8.480392e-01 -3.631645e-10
7.303922e-01 8.480392e-01 -1.689082e-10
7.401961e-01 8.480392e-01 -8.157306e-11
7.500000e-01 8.480392e-01 -2.358787e-11
7.598039e-01 8.480392e-01 -4.375444e-11
7.696078e-01 8.480392e-01 6.085367e-11
7.794118e-01 8.480392e-01 -1.409777e-10
7.892157e-01 8.480392e-01 2.408947e-10
7.990196e-01 8.480392e-01 -3.336131e-10
8.088235e-01 8.480392e-01 2.783338e-10
8.186275e-01 8.480392e-01 1.484143e-10
8.284314e-01 8.480392e-01 -1.124362e-09
8.382353e-01 8.480392e-01 2.416944e-09
8.480392e-01 8.480392e-01 -3.018042e-09
8.578431e-01 8.480392e-01 1.435831e-09
8.676471e-01 8.480392e-01 2.711059e-09
8.774510e-01 8.480392e-01 -6.648536e-09
8.872549e-01 8.480392e-01 5.159109e-09
8.970588e-01 8.480392e-01 3.483235e-09
9.068627e-01 8.480392e-01 -1.130490e-08
9.166667e-01 8.480392e-01 6.135412e-09
9.264706e-01 8.480392e-01 9.971298e-09
9.362745e-01 8.480392e-01 -1.490075e-08
9.460784e-01 8.480392e-01 -3.794899e-09
9.558824e-01 8.480392e-01 1.959862e-08
9.656863e-01 8.480392e-01 -2.199373e-09
9.754902e-01 8.480392e-01 -2.147484e-08
9.852941e-01 8.480392e-01 4.797437e-09
9.950980e-01 8.480392e-01 2.248454e-08
4.901961e-03 8.578431e-01 1.788709e-08
1.470588e-02 8.578431e-01 -2.477308e-08
2.450980e-02 8.578431e-01 -2.053898e-08
3.431373e-02 8.578431e-01 2.021277e-08
4.411765e-02 8.578431e-01 2.536131e-08
5.392157e-02 8.578431e-01 -8.685185e-09
6.372549e-02 8.578431e-01 -2.651810e-08
7.352941e-02 8.578431e-01 -7.516093e-09
8.333333e-02 8.578431e-01 1.692089e-08
9.313725e-02 8.578431e-01 1.821826e-08
1.029412e-01 8.578431e-01 1.742558e-09
1.127451e-01 8.578431e-01 -1.176762e-08
1.225490e-01 8.578431e-01 -1.230468e-08
1.323529e-01 8.578431e-01 -4.532436e-09
1.421569e-01 8.578431e-01 2.968517e-09
1.519608e-01 8.578431e-01 6.016042e-09
1.617647e-01 8.578431e-01 5.291845e-09
1.715686e-01 8.578431e-01 3.136659e-09
1.813725e-01 8.578431e-01 1.160519e-09
1.911765e-01 8.578431e-01 -2.280683e-10
2.009804e-01 8.578431e-01 -1.243357e-09
2.107843e-01 8.578431e-01 -1.950085e-09
2.205882e-01 8.578431e-01 -1.516359e-09
2.303922e-01 8.578431e-01 2.620269e-09
2.401961e-01 8.578431e-01 1.566008e-08
2.500000e-01 8.578431e-01 4.599320e-08
2.598039e-01 8.578431e-01 1.044582e-07
2.696078e-01 8.578431e-01 2.009889e-07
2.794118e-01 8.578431e-01 3.373806e-07
2.892157e-01 8.578431e-01 4.957004e-07
2.990196e-01 8.578431e-01 6.235478e-07
3.088235e-01 8.578431e-01 6.196895e-07
3.186275e-01 8.578431e-01 3.257905e-07
3.284314e-01 8.578431e-01 -4.690789e-07
3.382353e-01 8.578431e-01 -2.005840e-06
3.480392e-01 8.578431e-01 -4.513509e-06
3.578431e-01 8.578431e-01 -8.153021e-06
3.676471e-01 8.578431e-01 -1.295831e-05
3.774510e-01 8.578431e-01 -1.879043e-05
3.872549e-01 8.578431e-01 -2.532036e-05
3.970588e-01 8.578431e-01 -3.205078e-05
4.068627e-01 8.578431e-01 -3.837745e-05
4.166667e-01 8.578431e-01 -4.367979e-05
4.264706e-01 8.578431e-01 -4.742152e-05
4.362745e-01 8.578431e-01 -4.923881e-05
4.460784e-01 8.578431e-01 -4.899604e-05
4.558824e-01 8.578431e-01 -4.679811e-05
4.656863e-01 8.578431e-01 -4.295906e-05
4.754902e-01 8.578431e-01 -3.793735e-05
4.852941e-01 8.578431e-01 -3.225452e-05
4.950980e-01 8.578431e-01 -2.641560e-05
5.049020e-01 8.578431e-01 -2.084606e-05
5.147059e-01 8.578431e-01 -1.585402e-05
5.245098e-01 8.578431e-01 -1.161895e-05
5.343137e-01 8.578431e-01 -8.202592e-06
5.441176e-01 8.578431e-01 -5.574340e-06
5.539216e-01 8.578431e-01 -3.642550e-06
5.637255e-01 8.578431e-01 -2.284724e-06
5.735294e-01 8.578431e-01 -1.371931e-06
5.833333e-01 8.578431e-01 -7.854854e-07
5.931373e-01 8.578431e-01 -4.260359e-07
6.029412e-01 8.578431e-01 -2.165323e-07
6.127451e-01 8.578431e-01 -1.010634e-07
6.225490e-01 8.578431e-01 -4.146425e-08
6.323529e-01 8.578431e-01 -1.317286e-08
6.421569e-01 8.578431e-01 -1.288549e-09
6.519608e-01 8.578431e-01 2.683865e-09
6.617647e-01 8.578431e-01 3.263866e-09
6.715686e-01 8.578431e-01 2.663086e-09
6.813725e-01 8.578431e-01 1.846899e-09
6.911765e-01 8.578431e-01 1.162401e-09
7.009804e-01 8.578431e-01 6.827079e-10
7.107843e-01 8.578431e-01 3.794315e-10
7.205882e-01 8.578431e-01 2.019837e-10
7.303922e-01 8.578431e-01 1.012520e-10
7.401961e-01 8.578431e-01 5.468944e-11
7.500000e-01 8.578431e-01 1.304042e-11
7.598039e-01 8.578431e-01 3.592177e-11
7.696078e-01 8.578431e-01 -4.332449e-11
7.794118e-01 8.578431e-01 7.464484e-11
7.892157e-01 8.578431e-01 -5.745204e-11
7.990196e-01 8.578431e-01 -9.172368e-11
8.088235e-01 8.578431e-01 5.358753e-10
8.186275e-01 8.578431e-01 -1.387485e-09
8.284314e-01 8.578431e-01 2.452508e-09
8.382353e-01 8.578431e-01 -2.908548e-09
8.480392e-01 8.578431e-01 1.435831e-09
8.578431e-01 8.578431e-01 2.565661e-09
8.676471e-01 8.578431e-01 -6.990975e-09
8.774510e-01 8.578431e-01 6.780320e-09
8.872549e-01 8.578431e-01 1.451712e-09
8.970588e-01 8.578431e-01 -1.205865e-08
9.068627e-01 8.578431e-01 1.125883e-08
9.166667e-01 8.578431e-01 5.908164e-09
9.264706e-01 8.578431e-01 -1.999433e-08
9.362745e-01 8.578431e-01 6.358099e-09
9.460784e-01 8.578431e-01 2.126065e-08
9.558824e-01 8.578431e-01 -1.725718e-08
9.656863e-01 8.578431e-01 -1.891477e-08
9.754902e-01 8.578431e-01 2.354677e-08
9.852941e-01 8.578431e-01 1.788709e-08
9.950980e-01 8.578431e-01 -2.477308e-08
4.901961e-03 8.676471e-01 -4.019740e-08
1.470588e-02 8.676471e-01 1.041907e-09
2.450980e-02 8.676471e-01 4.079183e-08
3.431373e-02 8.676471e-01 6.971477e-09
4.411765e-02 8.676471e-01 -3.648284e-08
5.392157e-02 8.676471e-01 -2.033463e-08
6.372549e-02 8.676471e-01 2.248136e-08
7.352941e-02 8.676471e-01 2.976958e-08
8.333333e-02 8.676471e-01 6.804749e-10
9.313725e-02 8.676471e-01 -2.289444e-08
1.029412e-01 8.676471e-01 -1.866183e-08
1.127451e-01 8.676471e-01 4.417638e-10
1.225490e-01 8.676471e-01 1.330570e-08
1.323529e-01 8.676471e-01 1.287905e-08
1.421569e-01 8.676471e-01 5.146692e-09
1.519608e-01 8.676471e-01 -1.954277e-09
1.617647e-01 8.676471e-01 -5.029755e-09
1.715686e-01 8.676471e-01 -4.800384e-09
1.813725e-01 8.676471e-01 -3.188909e-09
1.911765e-01 8.676471e-01 -1.391145e-09
2.009804e-01 8.676471e-01 5.045166e-10
2.107843e-01 8.676471e-01 3.075211e-09
2.205882e-01 8.676471e-01 6.792522e-09
2.303922e-01 8.676471e-01 1.082064e-08
2.401961e-01 8.676471e-01 1.099882e-08
2.500000e-01 8.676471e-01 -3.206189e-09
2.598039e-01 8.676471e-01 -5.240409e-08
2.696078e-01 8.676471e-01 -1.703609e-07
2.794118e-01 8.676471e-01 -4.042004e-07
2.892157e-01 8.676471e-01 -8.089080e-07
2.990196e-01 8.676471e-01 -1.433781e-06
3.088235e-01 8.676471e-01 -2.300415e-06
3.186275e-01 8.676471e-01 -3.375207e-06
3.284314e-01 8.676471e-01 -4.543323e-06
3.382353e-01 8.676471e-01 -5.594091e-06
3.480392e-01 8.676471e-01 -6.227989e-06
3.578431e-01 8.676471e-01 -6.091696e-06
3.676471e-01 8.676471e-01 -4.840191e-06
3.774510e-01 8.676471e-01 -2.215568e-06
3.872549e-01 8.676471e-01 1.875665e-06
3.970588e-01 8.676471e-01 7.308349e-06
4.068627e-01 8.676471e-01 1.372560e-05
4.166667e-01 8.676471e-01 2.057533e-05
4.264706e-01 8.676471e-01 2.719161e-05
4.362745e-01 8.676471e-01 3.290344e-05
4.460784e-01 8.676471e-01 3.714613e-05
4.558824e-01 8.676471e-01 3.955003e-05
4.656863e-01 8.676471e-01 3.998810e-05
4.754902e-01 8.676471e-01 3.857533e-05
4.852941e-01 8.676471e-01 3.562519e-05
4.950980e-01 8.676471e-01 3.157768e-05
5.049020e-01 8.676471e-01 2.691759e-05
5.147059e-01 8.676471e-01 2.210069e-05
5.245098e-01 8.676471e-01 1.750005e-05
5.343137e-01 8.676471e-01 1.337787e-05
5.441176e-01 8.676471e-01 9.881434e-06
5.539216e-01 8.676471e-01 7.057408e-06
5.637255e-01 8.676471e-01 4.876570e-06
5.735294e-01 8.676471e-01 3.261603e-06
5.833333e-01 8.676471e-01 2.112293e-06
5.931373e-01 8.676471e-01 1.324952e-06
6.029412e-01 8.676471e-01 8.050861e-07
6.127451e-01 8.676471e-01 4.739252e-07
6.225490e-01 8.676471e-01 2.702596e-07
6.323529e-01 8.676471e-01 1.492719e-07
6.421569e-01 8.676471e-01 7.982757e-08
6.519608e-01 8.676471e-01 4.131160e-08
6.617647e-01 8.676471e-01 2.067229e-08
6.715686e-01 8.676471e-01 9.990876e-09
6.813725e-01 8.676471e-01 4.655886e-09
6.911765e-01 8.676471e-01 2.087168e-09
7.009804e-01 8.676471e-01 8.968510e-10
7.107843e-01 8.676471e-01 3.676115e-10
7.205882e-01 8.676471e-01 1.419064e-10
7.303922e-01 8.676471e-01 5.242966e-11
7.401961e-01 8.676471e-01 1.413277e-11
7.500000e-01 8.676471e-01 9.225670e-12
7.598039e-01 8.676471e-01 -3.571064e-12
7.696078e-01 8.676471e-01 -1.089871e-11
7.794118e-01 8.676471e-01 7.488931e-11
7.892157e-01 8.676471e-01 -2.609021e-10
7.990196e-01 8.676471e-01 6.706358e-10
8.088235e-01 8.676471e-01 -1.362968e-09
8.186275e-01 8.676471e-01 2.153322e-09
8.284314e-01 8.676471e-01 -2.375651e-09
8.382353e-01 8.676471e-01 9.486478e-10
8.480392e-01 8.676471e-01 2.711059e-09
8.578431e-01 8.676471e-01 -6.990975e-09
8.676471e-01 8.676471e-01 7.404824e-09
8.774510e-01 8.676471e-01 5.749253e-11
8.872549e-01 8.676471e-01 -1.186017e-08
8.970588e-01 8.676471e-01 1.473740e-08
9.068627e-01 8.676471e-01 1.045320e-09
9.166667e-01 8.676471e-01 -2.164055e-08
9.264706e-01 8.676471e-01 1.646398e-08
9.362745e-01 8.676471e-01 1.661142e-08
9.460784e-01 8.676471e-01 -3.004940e-08
9.558824e-01 8.676471e-01 -6.530891e-09
9.656863e-01 8.676471e-01 3.713336e-08
9.754902e-01 8.676471e-01 -8.107896e-10
9.852941e-01 8.676471e-01 -4.019740e-08
9.950980e-01 8.676471e-01 1.041907e-09
4.901961e-03 8.774510e-01 3.138257e-08
1.470588e-02 8.774510e-01 4.208698e-08
2.450980e-02 8.774510e-01 -2.765492e-08
3.431373e-02 8.774510e-01 -4.648275e-08
4.411765e-02 8.774510e-01 1.257668e-08
5.392157e-02 8.774510e-01 4.702501e-08
6.372549e-02 8.774510e-01 1.105002e-08
7.352941e-02 8.774510e-01 -3.354693e-08
8.333333e-02 8.774510e-01 -3.027096e-08
9.313725e-02 8.774510e-01 4.589564e-09
1.029412e-01 8.774510e-01 2.624577e-08
1.127451e-01 8.774510e-01 1.917168e-08
1.225490e-01 8.774510e-01 -2.656827e-10
1.323529e-01 8.774510e-01 -1.267706e-08
1.421569e-01 8.774510e-01 -1.290443e-08
1.519608e-01 8.774510e-01 -6.607898e-09
1.617647e-01 8.774510e-01 -4.769110e-10
1.715686e-01 8.774510e-01 2.674013e-09
1.813725e-01 8.774510e-01 3.284109e-09
1.911765e-01 8.774510e-01 2.695431e-09
2.009804e-01 8.774510e-01 1.553508e-09
2.107843e-01 8.774510e-01 -7.600611e-10
2.205882e-01 8.774510e-01 -6.160313e-09
2.303922e-01 8.774510e-01 -1.748682e-08
2.401961e-01 8.774510e-01 -3.720361e-08
2.500000e-01 8.774510e-01 -6.421755e-08
2.598039e-01 8.774510e-01 -8.789333e-08
2.696078e-01 8.774510e-01 -7.902350e-08
2.794118e-01 8.774510e-01 2.105535e-08
2.892157e-01 8.774510e-01 3.100121e-07
2.990196e-01 8.774510e-01 9.276339e-07
3.088235e-01 8.774510e-01 2.046621e-06
3.186275e-01 8.774510e-01 3.846624e-06
3.284314e-01 8.774510e-01 6.471287e-06
3.382353e-01 8.774510e-01 9.974402e-06
3.480392e-01 8.774510e-01 1.426791e-05
3.578431e-01 8.774510e-01 1.908861e-05
3.676471e-01 8.774510e-01 2.399949e-05
3.774510e-01 8.774510e-01 2.843475e-05
3.872549e-01 8.774510e-01 3.178564e-05
3.970588e-01 8.774510e-01 3.351126e-05
4.068627e-01 8.774510e-01 3.324890e-05
4.166667e-01 8.774510e-01 3.089563e-05
4.264706e-01 8.774510e-01 2.663925e-05
4.362745e-01 8.774510e-01 2.092970e-05
4.460784e-01 8.774510e-01 1.439798e-05
4.558824e-01 8.774510e-01 7.742985e-06
4.656863e-01 8.774510e-01 1.613730e-06
4.754902e-01 8.774510e-01 -3.486947e-06
4.852941e-01 8.774510e-01 -7.259242e-06
4.950980e-01 8.774510e-01 -9.617835e-06
5.049020e-01 8.774510e-01 -1.066346e-05
5.147059e-01 8.774510e-01 -1.062822e-05
5.245098e-01 8.774510e-01 -9.811126e-06
5.343137e-01 8.774510e-01 -8.518761e-06
5.441176e-01 8.774510e-01 -7.020820e-06
5.539216e-01 8.774510e-01 -5.524644e-06
5.637255e-01 8.774510e-01 -4.167565e-06
5.735294e-01 8.774510e-01 -3.022687e-06
5.833333e-01 8.774510e-01 -2.112478e-06
5.931373e-01 8.774510e-01 -1.425019e-06
6.029412e-01 8.774510e-01 -9.291115e-07
6.127451e-01 8.774510e-01 -5.861530e-07
6.225490e-01 8.774510e-01 -3.581317e-07
6.323529e-01 8.774510e-01 -2.120751e-07
6.421569e-01 8.774510e-01 -1.217937e-07
6.519608e-01 8.774510e-01 -6.786998e-08
6.617647e-01 8.774510e-01 -3.671471e-08
6.715686e-01 8.774510e-01 -1.928727e-08
6.813725e-01 8.774510e-01 -9.842347e-09
6.911765e-01 8.774510e-01 -4.880064e-09
7.009804e-01 8.774510e-01 -2.351352e-09
7.107843e-01 8.774510e-01 -1.101178e-09
7.205882e-01 8.774510e-01 -5.010807e-10
7.303922e-01 8.774510e-01 -2.215745e-10
7.401961e-01 8.774510e-01 -9.682721e-11
7.500000e-01 8.774510e-01 -3.206885e-11
7.598039e-01 8.774510e-01 -4.498444e-11
7.696078e-01 8.774510e-01 8.240232e-11
7.794118e-01 8.774510e-01 -2.340847e-10
7.892157e-01 8.774510e-01 5.121181e-10
7.990196e-01 8.774510e-01 -9.435786e-10
8.088235e-01 8.774510e-01 1.355727e-09
8.186275e-01 8.774510e-01 -1.250879e-09
8.284314e-01 8.774510e-01 -1.450545e-10
8.382353e-01 8.774510e-01 3.213141e-09
8.480392e-01 8.774510e-01 -6.648536e-09
8.578431e-01 8.774510e-01 6.780320e-09
8.676471e-01 8.774510e-01 5.749253e-11
8.774510e-01 8.774510e-01 -1.158752e-08
8.872549e-01 8.774510e-01 1.621042e-08
8.970588e-01 8.774510e-01 -2.458202e-09
9.068627e-01 8.774510e-01 -2.113090e-08
9.166667e-01 8.774510e-01 2.374763e-08
9.264706e-01 8.774510e-01 9.057943e-09
9.362745e-01 8.774510e-01 -3.722626e-08
9.460784e-01 8.774510e-01 9.783541e-09
9.558824e-01 8.774510e-01 4.063784e-08
9.656863e-01 8.774510e-01 -2.484582e-08
9.754902e-01 8.774510e-01 -4.029566e-08
9.852941e-01 8.774510e-01 3.138257e-08
9.950980e-01 8.774510e-01 4.208698e-08
4.901961e-03 8.872549e-01 2.320821e-08
1.470588e-02 8.872549e-01 -6.048328e-08
2.450980e-02 8.872549e-01 -2.932766e-08
3.431373e-02 8.872549e-01 5.327299e-08
4.411765e-02 8.872549e-01 4.296978e-08
5.392157e-02 8.872549e-01 -3.198213e-08
6.372549e-02 8.872549e-01 -5.247682e-08
7.352941e-02 8.872549e-01 -2.041189e-09
8.333333e-02 8.872549e-01 4.114352e-08
9.313725e-02 8.872549e-01 3.075928e-08
1.029412e-01 8.872549e-01 -6.561496e-09
1.127451e-01 8.872549e-01 -2.748022e-08
1.225490e-01 8.872549e-01 -2.070991e-08
1.323529e-01 8.872549e-01 -2.479124e-09
1.421569e-01 8.872549e-01 1.005466e-08
1.519608e-01 8.872549e-01 1.219994e-08
1.617647e-01 8.872549e-01 8.197465e-09
1.715686e-01 8.872549e-01 3.330248e-09
1.813725e-01 8.872549e-01 4.443295e-11
1.911765e-01 8.872549e-01 -1.752425e-09
2.009804e-01 8.872549e-01 -2.986426e-09
2.107843e-01 8.872549e-01 -3.956153e-09
2.205882e-01 8.872549e-01 -3.188195e-09
2.303922e-01 8.872549e-01 3.807509e-09
2.401961e-01 8.872549e-01 2.586685e-08
2.500000e-01 8.872549e-01 7.673614e-08
2.598039e-01 8.872549e-01 1.731707e-07
2.696078e-01 8.872549e-01 3.283680e-07
2.794118e-01 8.872549e-01 5.388887e-07
2.892157e-01 8.872549e-01 7.648956e-07
2.990196e-01 8.872549e-01 9.066369e-07
3.088235e-01 8.872549e-01 7.839789e-07
3.186275e-01 8.872549e-01 1.289653e-07
3.284314e-01 8.872549e-01 -1.398079e-06
3.382353e-01 8.872549e-01 -4.162067e-06
3.480392e-01 8.872549e-01 -8.477594e-06
3.578431e-01 8.872549e-01 -1.451638e-05
3.676471e-01 8.872549e-01 -2.221962e-05
3.774510e-01 8.872549e-01 -3.124197e-05
3.872549e-01 8.872549e-01 -4.095002e-05
3.970588e-01 8.872549e-01 -5.048632e-05
4.068627e-01 8.872549e-01 -5.889217e-05
4.166667e-01 8.872549e-01 -6.526482e-05
4.264706e-01 8.872549e-01 -6.891357e-05
4.362745e-01 8.872549e-01 -6.947795e-05
4.460784e-01 8.872549e-01 -6.698101e-05
4.558824e-01 8.872549e-01 -6.180815e-05
4.656863e-01 8.872549e-01 -5.462086e-05
4.754902e-01 8.872549e-01 -4.622974e-05
4.852941e-01 8.872549e-01 -3.745804e-05
4.950980e-01 8.872549e-01 -2.902468e-05
5.049020e-01 8.872549e-01 -2.146631e-05
5.147059e-01 8.872549e-01 -1.510561e-05
5.245098e-01 8.872549e-01 -1.006138e-05
5.343137e-01 8.872549e-01 -6.288031e-06
5.441176e-01 8.872549e-01 -3.629480e-06
5.539216e-01 8.872549e-01 -1.873390e-06
5.637255e-01 8.872549e-01 -7.962536e-07
5.735294e-01 8.872549e-01 -1.945227e-07
5.833333e-01 8.872549e-01 9.854863e-08
5.931373e-01 8.872549e-01 2.078445e-07
6.029412e-01 8.872549e-01 2.193228e-07
6.127451e-01 8.872549e-01 1.871824e-07
6.225490e-01 8.872549e-01 1.422867e-07
6.323529e-01 8.872549e-01 9.993102e-08
6.421569e-01 8.872549e-01 6.602219e-08
6.519608e-01 8.872549e-01 4.145517e-08
6.617647e-01 8.872549e-01 2.489738e-08
6.715686e-01 8.872549e-01 1.436441e-08
6.813725e-01 8.872549e-01 7.985615e-09
6.911765e-01 8.872549e-01 4.287404e-09
7.009804e-01 8.872549e-01 2.226876e-09
7.107843e-01 8.872549e-01 1.120340e-09
7.205882e-01 8.872549e-01 5.471444e-10
7.303922e-01 8.872549e-01 2.571317e-10
7.401961e-01 8.872549e-01 1.252722e-10
7.500000e-01 8.872549e-01 3.427297e-11
7.598039e-01 8.872549e-01 7.453633e-11
7.696078e-01 8.872549e-01 -1.114743e-10
7.794118e-01 8.872549e-01 2.466937e-10
7.892157e-01 8.872549e-01 -3.859950e-10
7.990196e-01 8.872549e-01 4.091364e-10
8.088235e-01 8.872549e-01 3.810728e-11
8.186275e-01 8.872549e-01 -1.407474e-09
8.284314e-01 8.872549e-01 3.783529e-09
8.382353e-01 8.872549e-01 -5.988257e-09
8.480392e-01 8.872549e-01 5.159109e-09
8.578431e-01 8.872549e-01 1.451712e-09
8.676471e-01 8.872549e-01 -1.186017e-08
8.774510e-01 8.872549e-01 1.621042e-08
8.872549e-01 8.872549e-01 -3.608495e-09
8.970588e-01 8.872549e-01 -2.053299e-08
9.068627e-01 8.872549e-01 2.793898e-08
9.166667e-01 8.872549e-01 2.290036e-09
9.264706e-01 8.872549e-01 -3.986704e-08
9.362745e-01 8.872549e-01 2.459899e-08
9.460784e-01 8.872549e-01 3.620773e-08
9.558824e-01 8.872549e-01 -4.594830e-08
9.656863e-01 8.872549e-01 -2.714117e-08
9.754902e-01 8.872549e-01 5.763297e-08
9.852941e-01 8.872549e-01 2.320821e-08
9.950980e-01 8.872549e-01 -6.048328e-08
4.901961e-03 8.970588e-01 -7.846479e-08
1.470588e-02 8.970588e-01 8.123838e-09
2.450980e-02 8.970588e-01 8.006205e-08
3.431373e-02 8.970588e-01 7.610480e-09
4.411765e-02 8.970588e-01 -7.299945e-08
5.392157e-02 8.970588e-01 -3.447210e-08
6.372549e-02 8.970588e-01 4.759222e-08
7.352941e-02 8.970588e-01 5.499616e-08
8.333333e-02 8.970588e-01 -3.808602e-09
9.313725e-02 8.970588e-01 -4.522273e-08
1.029412e-01 8.970588e-01 -3.230217e-08
1.127451e-01 8.970588e-01 4.744621e-09
1.225490e-01 8.970588e-01 2.610642e-08
1.323529e-01 8.970588e-01 2.216307e-08
1.421569e-01 8.970588e-01 6.739415e-09
1.519608e-01 8.970588e-01 -5.428184e-09
1.617647e-01 8.970588e-01 -9.496218e-09
1.715686e-01 8.970588e-01 -7.981677e-09
1.813725e-01 8.970588e-01 -4.756854e-09
1.911765e-01 8.970588e-01 -1.790732e-09
2.009804e-01 8.970588e-01 1.104663e-09
2.107843e-01 8.970588e-01 5.303999e-09
2.205882e-01 8.970588e-01 1.211572e-08
2.303922e-01 8.970588e-01 2.095643e-08
2.401961e-01 8.970588e-01 2.617132e-08
2.500000e-01 8.970588e-01 1.205490e-08
2.598039e-01 8.970588e-01 -5.335224e-08
2.696078e-01 8.970588e-01 -2.235731e-07
2.794118e-01 8.970588e-01 -5.743408e-07
2.892157e-01 8.970588e-01 -1.194853e-06
2.990196e-01 8.970588e-01 -2.165690e-06
3.088235e-01 8.970588e-01 -3.522755e-06
3.186275e-01 8.970588e-01 -5.212317e-06
3.284314e-01 8.970588e-01 -7.048849e-06
3.382353e-01 8.970588e-01 -8.692268e-06
3.480392e-01 8.970588e-01 -9.661237e-06
3.578431e-01 8.970588e-01 -9.392641e-06
3.676471e-01 8.970588e-01 -7.344587e-06
3.774510e-01 8.970588e-01 -3.124831e-06
3.872549e-01 8.970588e-01 3.386214e-06
3.970588e-01 8.970588e-01 1.195322e-05
4.068627e-01 8.970588e-01 2.197304e-05
4.166667e-01 8.970588e-01 3.254291e-05
4.264706e-01 8.970588e-01 4.259902e-05
4.362745e-01 8.970588e-01 5.109524e-05
4.460784e-01 8.970588e-01 5.717990e-05
4.558824e-01 8.970588e-01 6.033024e-05
4.656863e-01 8.970588e-01 6.041673e-05
4.754902e-01 8.970588e-01 5.768880e-05
4.852941e-01 8.970588e-01 5.269385e-05
4.950980e-01 8.970588e-01 4.615512e-05
5.049020e-01 8.970588e-01 3.883987e-05
5.147059e-01 8.970588e-01 3.144546e-05
5.245098e-01 8.970588e-01 2.452147e-05
5.343137e-01 8.970588e-01 1.843393e-05
5.441176e-01 8.970588e-01 1.336762e-05
5.539216e-01 8.970588e-01 9.355185e-06
5.637255e-01 8.970588e-01 6.320191e-06
5.735294e-01 8.970588e-01 4.122147e-06
5.833333e-01 8.970588e-01 2.595250e-06
5.931373e-01 8.970588e-01 1.576668e-06
6.029412e-01 8.970588e-01 9.236795e-07
6.127451e-01 8.970588e-01 5.212778e-07
6.225490e-01 8.970588e-01 2.829427e-07
6.323529e-01 8.970588e-01 1.473622e-07
6.421569e-01 8.970588e-01 7.338173e-08
6.519608e-01 8.970588e-01 3.474569e-08
6.617647e-01 8.970588e-01 1.550194e-08
6.715686e-01 8.970588e-01 6.412621e-09
6.813725e-01 8.970588e-01 2.380413e-09
6.911765e-01 8.970588e-01 7.295558e-10
7.009804e-01 8.970588e-01 1.280821e-10
7.107843e-01 8.970588e-01 -4.836305e-11
7.205882e-01 8.970588e-01 -7.471831e-11
7.303922e-01 8.970588e-01 -5.447309e-11
7.401961e-01 8.970588e-01 -4.252016e-11
7.500000e-01 8.970588e-01 -3.451291e-12
7.598039e-01 8.970588e-01 -4.266395e-11
7.696078e-01 8.970588e-01 3.949461e-11
7.794118e-01 8.970588e-01 -1.017383e-11
7.892157e-01 8.970588e-01 -1.980469e-10
7.990196e-01 8.970588e-01 7.820002e-10
8.088235e-01 8.970588e-01 -1.954595e-09
8.186275e-01 8.970588e-01 3.559725e-09
8.284314e-01 8.970588e-01 -4.532507e-09
8.382353e-01 8.970588e-01 2.754270e-09
8.480392e-01 8.970588e-01 3.483235e-09
8.578431e-01 8.970588e-01 -1.205865e-08
8.676471e-01 8.970588e-01 1.473740e-08
8.774510e-01 8.970588e-01 -2.458202e-09
8.872549e-01 8.970588e-01 -2.053299e-08
8.970588e-01 8.970588e-01 2.939453e-08
9.068627e-01 8.970588e-01 -1.799613e-09
9.166667e-01 8.970588e-01 -4.004327e-08
9.264706e-01 8.970588e-01 3.527374e-08
9.362745e-01 8.970588e-01 2.814586e-08
9.460784e-01 8.970588e-01 -6.034451e-08
9.558824e-01 8.970588e-01 -7.363805e-09
9.656863e-01 8.970588e-01 7.296389e-08
9.754902e-01 8.970588e-01 -7.466612e-09
9.852941e-01 8.970588e-01 -7.846479e-08
9.950980e-01 8.970588e-01 8.123838e-09
4.901961e-03 9.068627e-01 5.035904e-08
1.470588e-02 9.068627e-01 8.255896e-08
2.450980e-02 9.068627e-01 -4.287007e-08
3.431373e-02 9.068627e-01 -8.864001e-08
4.411765e-02 9.068627e-01 1.478888e-08
5.392157e-02 9.068627e-01 8.561725e-08
6.372549e-02 9.068627e-01 2.677803e-08
7.352941e-02 9.068627e-01 -5.694247e-08
8.333333e-02 9.068627e-01 -5.709465e-08
9.313725e-02 9.068627e-01 3.828847e-09
1.029412e-01 9.068627e-01 4.502757e-08
1.127451e-01 9.068627e-01 3.510666e-08
1.225490e-01 9.068627e-01 1.520318e-09
1.323529e-01 9.068627e-01 -2.079297e-08
1.421569e-01 9.068627e-01 -2.185206e-08
1.519608e-01 9.068627e-01 -1.132817e-08
1.617647e-01 9.068627e-01 -9.837806e-10
1.715686e-01 9.068627e-01 4.264447e-09
1.813725e-01 9.068627e-01 5.277285e-09
1.911765e-01 9.068627e-01 4.524802e-09
2.009804e-01 9.068627e-01 3.303804e-09
2.107843e-01 9.068627e-01 7.421758e-10
2.205882e-01 9.068627e-01 -6.458002e-09
2.303922e-01 9.068627e-01 -2.394109e-08
2.401961e-01 9.068627e-01 -5.850876e-08
2.500000e-01 9.068627e-01 -1.141990e-07
2.598039e-01 9.068627e-01 -1.838488e-07
2.696078e-01 9.068627e-01 -2.352027e-07
2.794118e-01 9.068627e-01 -1.927526e-07
2.892157e-01 9.068627e-01 8.024511e-08
2.990196e-01 9.068627e-01 7.916615e-07
3.088235e-01 9.068627e-01 2.212375e-06
3.186275e-01 9.068627e-01 4.641613e-06
3.284314e-01 9.068627e-01 8.343216e-06
3.382353e-01 9.068627e-01 1.346028e-05
3.480392e-01 9.068627e-01 1.992695e-05
3.578431e-01 9.068627e-01 2.740408e-05
3.676471e-01 9.068627e-01 3.526620e-05
3.774510e-01 9.068627e-01 4.265734e-05
3.872549e-01 9.068627e-01 4.861546e-05
3.970588e-01 9.068627e-01 5.224384e-05
4.068627e-01 9.068627e-01 5.289021e-05
4.166667e-01 9.068627e-01 5.028853e-05
4.264706e-01 9.068627e-01 4.462533e-05
4.362745e-01 9.068627e-01 3.651258e-05
4.460784e-01 9.068627e-01 2.687407e-05
4.558824e-01 9.068627e-01 1.677496e-05
4.656863e-01 9.068627e-01 7.236839e-06
4.754902e-01 9.068627e-01 -9.194660e-07
4.852941e-01 9.068627e-01 -7.172789e-06
4.950980e-01 9.068627e-01 -1.133028e-05
5.049020e-01 9.068627e-01 -1.349222e-05
5.147059e-01 9.068627e-01 -1.397294e-05
5.245098e-01 9.068627e-01 -1.320347e-05
5.343137e-01 9.068627e-01 -1.163925e-05
5.441176e-01 9.068627e-01 -9.689436e-06
5.539216e-01 9.068627e-01 -7.674684e-06
5.637255e-01 9.068627e-01 -5.812529e-06
5.735294e-01 9.068627e-01 -4.223986e-06
5.833333e-01 9.068627e-01 -2.952823e-06
5.931373e-01 9.068627e-01 -1.989503e-06
6.029412e-01 9.068627e-01 -1.293871e-06
6.127451e-01 9.068627e-01 -8.131793e-07
6.225490e-01 9.068627e-01 -4.943520e-07
6.323529e-01 9.068627e-01 -2.909146e-07
6.421569e-01 9.068627e-01 -1.658180e-07
6.519608e-01 9.068627e-01 -9.158729e-08
6.617647e-01 9.068627e-01 -4.903726e-08
6.715686e-01 9.068627e-01 -2.545696e-08
6.813725e-01 9.068627e-01 -1.281536e-08
6.911765e-01 9.068627e-01 -6.256132e-09
7.009804e-01 9.068627e-01 -2.961217e-09
7.107843e-01 9.068627e-01 -1.358940e-09
7.205882e-01 9.068627e-01 -6.036366e-10
7.303922e-01 9.068627e-01 -2.609506e-10
7.401961e-01 9.068627e-01 -1.077256e-10
7.500000e-01 9.068627e-01 -3.899327e-11
7.598039e-01 9.068627e-01 -4.564393e-11
7.696078e-01 9.068627e-01 1.021390e-10
7.794118e-01 9.068627e-01 -3.192119e-10
7.892157e-01 9.068627e-01 7.537611e-10
7.990196e-01 9.068627e-01 -1.457949e-09
8.088235e-01 9.068627e-01 2.168887e-09
8.186275e-01 9.068627e-01 -2.044943e-09
8.284314e-01 9.068627e-01 -2.692709e-10
8.382353e-01 9.068627e-01 5.477626e-09
8.480392e-01 9.068627e-01 -1.130490e-08
8.578431e-01 9.068627e-01 1.125883e-08
8.676471e-01 9.068627e-01 1.045320e-09
8.774510e-01 9.068627e-01 -2.113090e-08
8.872549e-01 9.068627e-01 2.793898e-08
8.970588e-01 9.068627e-01 -1.799613e-09
9.068627e-01 9.068627e-01 -3.969067e-08
9.166667e-01 9.068627e-01 4.043465e-08
9.264706e-01 9.068627e-01 2.123958e-08
9.362745e-01 9.068627e-01 -6.775432e-08
9.460784e-01 9.068627e-01 1.130371e-08
9.558824e-01 9.068627e-01 7.737445e-08
9.656863e-01 9.068627e-01 -3.852222e-08
9.754902e-01 9.068627e-01 -7.897756e-08
9.852941e-01 9.068627e-01 5.035904e-08
9.950980e-01 9.068627e-01 8.255896e-08
4.901961e-03 9.166667e-01 6.559575e-08
1.470588e-02 9.166667e-01 -8.983880e-08
2.450980e-02 9.166667e-01 -7.489249e-08
3.431373e-02 9.166667e-01 7.291835e-08
4.411765e-02 9.166667e-01 9.101067e-08
5.392157e-02 9.166667e-01 -3.159394e-08
6.372549e-02 9.166667e-01 -9.355803e-08
7.352941e-02 9.166667e-01 -2.455039e-08
8.333333e-02 9.166667e-01 5.964108e-08
9.313725e-02 9.166667e-01 6.050571e-08
1.029412e-01 9.166667e-01 2.741339e-09
1.127451e-01 9.166667e-01 -4.014769e-08
1.225490e-01 9.166667e-01 -3.791001e-08
1.323529e-01 9.166667e-01 -1.082764e-08
1.421569e-01 9.166667e-01 1.170076e-08
1.519608e-01 9.166667e-01 1.829765e-08
1.617647e-01 9.166667e-01 1.375075e-08
1.715686e-01 9.166667e-01 6.513305e-09
1.813725e-01 9.166667e-01 1.188556e-09
1.911765e-01 9.166667e-01 -1.945876e-09
2.009804e-01 9.166667e-01 -4.541012e-09
2.107843e-01 9.166667e-01 -7.909053e-09
2.205882e-01 9.166667e-01 -1.118852e-08
2.303922e-01 9.166667e-01 -9.080613e-09
2.401961e-01 9.166667e-01 1.129486e-08
2.500000e-01 9.166667e-01 7.364219e-08
2.598039e-01 9.166667e-01 2.135220e-07
2.696078e-01 9.166667e-01 4.735339e-07
2.794118e-01 9.166667e-01 8.886473e-07
2.892157e-01 9.166667e-01 1.459237e-06
2.990196e-01 9.166667e-01 2.113454e-06
3.088235e-01 9.166667e-01 2.666753e-06
3.186275e-01 9.166667e-01 2.792763e-06
3.284314e-01 9.166667e-01 2.023330e-06
3.382353e-01 9.166667e-01 -2.068529e-07
3.480392e-01 9.166667e-01 -4.465426e-06
3.578431e-01 9.166667e-01 -1.118775e-05
3.676471e-01 9.166667e-01 -2.053020e-05
3.774510e-01 9.166667e-01 -3.225124e-05
3.872549e-01 9.166667e-01 -4.566077e-05
3.970588e-01 9.166667e-01 -5.966492e-05
4.068627e-01 9.166667e-01 -7.290927e-05
4.166667e-01 9.166667e-01 -8.399480e-05
4.264706e-01 9.166667e-01 -9.171853e-05
4.362745e-01 9.166667e-01 -9.528210e-05
4.460784e-01 9.166667e-01 -9.441952e-05
4.558824e-01 9.166667e-01 -8.941777e-05
4.656863e-01 9.166667e-01 -8.103223e-05
4.754902e-01 9.166667e-01 -7.032491e-05
4.852941e-01 9.166667e-01 -5.846863e-05
4.950980e-01 9.166667e-01 -4.656241e-05
5.049020e-01 9.166667e-01 -3.549290e-05
5.147059e-01 9.166667e-01 -2.585980e-05
5.245098e-01 9.166667e-01 -1.796533e-05
5.343137e-01 9.166667e-01 -1.185365e-05
5.441176e-01 9.166667e-01 -7.379743e-06
5.539216e-01 9.166667e-01 -4.286493e-06
5.637255e-01 9.166667e-01 -2.273880e-06
5.735294e-01 9.166667e-01 -1.050770e-06
5.833333e-01 9.166667e-01 -3.665830e-07
5.931373e-01 9.166667e-01 -2.497237e-08
6.029412e-01 9.166667e-01 1.157243e-07
6.127451e-01 9.166667e-01 1.499249e-07
6.225490e-01 9.166667e-01 1.355503e-07
6.323529e-01 9.166667e-01 1.048790e-07
6.421569e-01 9.166667e-01 7.373336e-08
6.519608e-01 9.166667e-01 4.834389e-08
6.617647e-01 9.166667e-01 2.997078e-08
6.715686e-01 9.166667e-01 1.771304e-08
6.813725e-01 9.166667e-01 1.003296e-08
6.911765e-01 9.166667e-01 5.466214e-09
7.009804e-01 9.166667e-01 2.872116e-09
7.107843e-01 9.166667e-01 1.458121e-09
7.205882e-01 9.166667e-01 7.169497e-10
7.303922e-01 9.166667e-01 3.387906e-10
7.401961e-01 9.166667e-01 1.657711e-10
7.500000e-01 9.166667e-01 4.384614e-11
7.598039e-01 9.166667e-01 1.043919e-10
7.696078e-01 9.166667e-01 -1.616598e-10
7.794118e-01 9.166667e-01 3.493550e-10
7.892157e-01 9.166667e-01 -5.193147e-10
7.990196e-01 9.166667e-01 4.498070e-10
8.088235e-01 9.166667e-01 4.261348e-10
8.186275e-01 9.166667e-01 -2.749498e-09
8.284314e-01 9.166667e-01 6.396931e-09
8.382353e-01 9.166667e-01 -9.089321e-09
8.480392e-01 9.166667e-01 6.135412e-09
8.578431e-01 9.166667e-01 5.908164e-09
8.676471e-01 9.166667e-01 -2.164055e-08
8.774510e-01 9.166667e-01 2.374763e-08
8.872549e-01 9.166667e-01 2.290036e-09
8.970588e-01 9.166667e-01 -4.004327e-08
9.068627e-01 9.166667e-01 4.043465e-08
9.166667e-01 9.166667e-01 1.875830e-08
9.264706e-01 9.166667e-01 -7.078132e-08
9.362745e-01 9.166667e-01 2.391327e-08
9.460784e-01 9.166667e-01 7.613402e-08
9.558824e-01 9.166667e-01 -6.273452e-08
9.656863e-01 9.166667e-01 -6.875958e-08
9.754902e-01 9.166667e-01 8.554618e-08
9.852941e-01 9.166667e-01 6.559575e-08
9.950980e-01 9.166667e-01 -8.983880e-08
4.901961e-03 9.264706e-01 -1.227827e-07
1.470588e-02 9.264706e-01 -4.128283e-08
2.450980e-02 9.264706e-01 1.199133e-07
3.431373e-02 9.264706e-01 6.321143e-08
4.411765e-02 9.264706e-01 -9.419917e-08
5.392157e-02 9.264706e-01 -9.218798e-08
6.372549e-02 9.264706e-01 3.921447e-08
7.352941e-02 9.264706e-01 9.799982e-08
8.333333e-02 9.264706e-01 2.946975e-08
9.313725e-02 9.264706e-01 -5.455859e-08
1.029412e-01 9.264706e-01 -6.336057e-08
1.127451e-01 9.264706e-01 -1.458847e-08
1.225490e-01 9.264706e-01 2.906167e-08
1.323529e-01 9.264706e-01 3.672736e-08
1.421569e-01 9.264706e-01 1.939921e-08
1.519608e-01 9.264706e-01 -1.931603e-10
1.617647e-01 9.264706e-01 -1.013543e-08
1.715686e-01 9.264706e-01 -1.097133e-08
1.813725e-01 9.264706e-01 -7.832546e-09
1.911765e-01 9.264706e-01 -4.353706e-09
2.009804e-01 9.264706e-01 -9.592473e-10
2.107843e-01 9.264706e-01 4.563259e-09
2.205882e-01 9.264706e-01 1.597926e-08
2.303922e-01 9.264706e-01 3.690343e-08
2.401961e-01 9.264706e-01 6.709247e-08
2.500000e-01 9.264706e-01 9.518795e-08
2.598039e-01 9.264706e-01 8.731476e-08
2.696078e-01 9.264706e-01 -2.696212e-08
2.794118e-01 9.264706e-01 -3.668022e-07
2.892157e-01 9.264706e-01 -1.102824e-06
2.990196e-01 9.264706e-01 -2.441463e-06
3.088235e-01 9.264706e-01 -4.584106e-06
3.186275e-01 9.264706e-01 -7.660857e-06
3.284314e-01 9.264706e-01 -1.164925e-05
3.382353e-01 9.264706e-01 -1.629937e-05
3.480392e-01 9.264706e-01 -2.109388e-05
3.578431e-01 9.264706e-01 -2.526941e-05
3.676471e-01 9.264706e-01 -2.791314e-05
3.774510e-01 9.264706e-01 -2.812638e-05
3.872549e-01 9.264706e-01 -2.522330e-05
3.970588e-01 9.264706e-01 -1.891541e-05
4.068627e-01 9.264706e-01 -9.429325e-06
4.166667e-01 9.264706e-01 2.480717e-06
4.264706e-01 9.264706e-01 1.563655e-05
4.362745e-01 9.264706e-01 2.863475e-05
4.460784e-01 9.264706e-01 4.009281e-05
4.558824e-01 9.264706e-01 4.888353e-05
4.656863e-01 9.264706e-01 5.430500e-05
4.754902e-01 9.264706e-01 5.615344e-05
4.852941e-01 9.264706e-01 5.469451e-05
4.950980e-01 9.264706e-01 5.055316e-05
5.049020e-01 9.264706e-01 4.455850e-05
5.147059e-01 9.264706e-01 3.758349e-05
5.245098e-01 9.264706e-01 3.041236e-05
5.343137e-01 9.264706e-01 2.365468e-05
5.441176e-01 9.264706e-01 1.771046e-05
5.539216e-01 9.264706e-01 1.277827e-05
5.637255e-01 9.264706e-01 8.892224e-06
5.735294e-01 9.264706e-01 5.971909e-06
5.833333e-01 9.264706e-01 3.872225e-06
5.931373e-01 9.264706e-01 2.424647e-06
6.029412e-01 9.264706e-01 1.466178e-06
6.127451e-01 9.264706e-01 8.560309e-07
6.225490e-01 9.264706e-01 4.823463e-07
6.323529e-01 9.264706e-01 2.620940e-07
6.421569e-01 9.264706e-01 1.371700e-07
6.519608e-01 9.264706e-01 6.902070e-08
6.617647e-01 9.264706e-01 3.330002e-08
6.715686e-01 9.264706e-01 1.534169e-08
6.813725e-01 9.264706e-01 6.705891e-09
6.911765e-01 9.264706e-01 2.751006e-09
7.009804e-01 9.264706e-01 1.038163e-09
7.107843e-01 9.264706e-01 3.456720e-10
7.205882e-01 9.264706e-01 8.842089e-11
7.303922e-01 9.264706e-01 1.110727e-11
7.401961e-01 9.264706e-01 -2.032269e-11
7.500000e-01 9.264706e-01 8.416423e-12
7.598039e-01 9.264706e-01 -4.070595e-11
7.696078e-01 9.264706e-01 1.972259e-11
7.794118e-01 9.264706e-01 8.806602e-11
7.892157e-01 9.264706e-01 -4.970608e-10
7.990196e-01 9.264706e-01 1.469274e-09
8.088235e-01 9.264706e-01 -3.152521e-09
8.186275e-01 9.264706e-01 4.975420e-09
8.284314e-01 9.264706e-01 -5.005413e-09
8.382353e-01 9.264706e-01 3.308660e-10
8.480392e-01 9.264706e-01 9.971298e-09
8.578431e-01 9.264706e-01 -1.999433e-08
8.676471e-01 9.264706e-01 1.646398e-08
8.774510e-01 9.264706e-01 9.057943e-09
8.872549e-01 9.264706e-01 -3.986704e-08
8.970588e-01 9.264706e-01 3.527374e-08
9.068627e-01 9.264706e-01 2.123958e-08
9.166667e-01 9.264706e-01 -7.078132e-08
9.264706e-01 9.264706e-01 2.848825e-08
9.362745e-01 9.264706e-01 7.384635e-08
9.460784e-01 9.264706e-01 -7.747438e-08
9.558824e-01 9.264706e-01 -5.587725e-08
9.656863e-01 9.264706e-01 1.090122e-07
9.754902e-01 9.264706e-01 3.978792e-08
9.852941e-01 9.264706e-01 -1.227827e-07
9.950980e-01 9.264706e-01 -4.128283e-08
4.901961e-03 9.362745e-01 -3.279209e-09
1.470588e-02 9.362745e-01 1.471583e-07
2.450980e-02 9.362745e-01 1.749504e-08
3.431373e-02 9.362745e-01 -1.395799e-07
4.411765e-02 9.362745e-01 -5.608941e-08
5.392157e-02 9.362745e-01 1.046308e-07
6.372549e-02 9.362745e-01 9.653719e-08
7.352941e-02 9.362745e-01 -3.474890e-08
8.333333e-02 9.362745e-01 -9.848286e-08
9.313725e-02 9.362745e-01 -4.174563e-08
1.029412e-01 9.362745e-01 4.003068e-08
1.127451e-01 9.362745e-01 6.227657e-08
1.225490e-01 9.362745e-01 2.897896e-08
1.323529e-01 9.362745e-01 -1.156120e-08
1.421569e-01 9.362745e-01 -2.853851e-08
1.519608e-01 9.362745e-01 -2.317989e-08
1.617647e-01 9.362745e-01 -1.025045e-08
1.715686e-01 9.362745e-01 -3.986298e-10
1.813725e-01 9.362745e-01 4.085886e-09
1.911765e-01 9.362745e-01 5.519820e-09
2.009804e-01 9.362745e-01 6.488557e-09
2.107843e-01 9.362745e-01 7.383311e-09
2.205882e-01 9.362745e-01 4.886409e-09
2.303922e-01 9.362745e-01 -9.738228e-09
2.401961e-01 9.362745e-01 -5.228523e-08
2.500000e-01 9.362745e-01 -1.452257e-07
2.598039e-01 9.362745e-01 -3.120332e-07
2.696078e-01 9.362745e-01 -5.626093e-07
2.794118e-01 9.362745e-01 -8.676523e-07
2.892157e-01 9.362745e-01 -1.123677e-06
2.990196e-01 9.362745e-01 -1.116382e-06
3.088235e-01 9.362745e-01 -4.964182e-07
3.186275e-01 9.362745e-01 1.214639e-06
3.284314e-01 9.362745e-01 4.572615e-06
3.382353e-01 9.362745e-01 1.010794e-05
3.480392e-01 9.362745e-01 1.818318e-05
3.578431e-01 9.362745e-01 2.884094e-05
3.676471e-01 9.362745e-01 4.168567e-05
3.774510e-01 9.362745e-01 5.584341e-05
3.872549e-01 9.362745e-01 7.002905e-05
3.970588e-01 9.362745e-01 8.272245e-05
4.068627e-01 9.362745e-01 9.242231e-05
4.166667e-01 9.362745e-01 9.792045e-05
4.264706e-01 9.362745e-01 9.852961e-05
4.362745e-01 9.362745e-01 9.420819e-05
4.460784e-01 9.362745e-01 8.555343e-05
4.558824e-01 9.362745e-01 7.366957e-05
4.656863e-01 9.362745e-01 5.994950e-05
4.754902e-01 9.362745e-01 4.582609e-05
4.852941e-01 9.362745e-01 3.255040e-05
4.950980e-01 9.362745e-01 2.103880e-05
5.049020e-01 9.362745e-01 1.180792e-05
5.147059e-01 9.362745e-01 4.992269e-06
5.245098e-01 9.362745e-01 4.220910e-07
5.343137e-01 9.362745e-01 -2.268865e-06
5.441176e-01 9.362745e-01 -3.534397e-06
5.539216e-01 9.362745e-01 -3.826399e-06
5.637255e-01 9.362745e-01 -3.535201e-06
5.735294e-01 9.362745e-01 -2.960432e-06
5.833333e-01 9.362745e-01 -2.306743e-06
5.931373e-01 9.362745e-01 -1.695782e-06
6.029412e-01 9.362745e-01 -1.185940e-06
6.127451e-01 9.362745e-01 -7.932453e-07
6.225490e-01 9.362745e-01 -5.093393e-07
6.323529e-01 9.362745e-01 -3.147855e-07
6.421569e-01 9.362745e-01 -1.876234e-07
6.519608e-01 9.362745e-01 -1.080133e-07
6.617647e-01 9.362745e-01 -6.012996e-08
6.715686e-01 9.362745e-01 -3.239831e-08
6.813725e-01 9.362745e-01 -1.690747e-08
6.911765e-01 9.362745e-01 -8.550601e-09
7.009804e-01 9.362745e-01 -4.192178e-09
7.107843e-01 9.362745e-01 -1.993369e-09
7.205882e-01 9.362745e-01 -9.187877e-10
7.303922e-01 9.362745e-01 -4.111232e-10
7.401961e-01 9.362745e-01 -1.812228e-10
7.500000e-01 9.362745e-01 -5.810013e-11
7.598039e-01 9.362745e-01 -9.531293e-11
7.696078e-01 9.362745e-01 1.851713e-10
7.794118e-01 9.362745e-01 -4.999771e-10
7.892157e-01 9.362745e-01 1.019307e-09
7.990196e-01 9.362745e-01 -1.647888e-09
8.088235e-01 9.362745e-01 1.762794e-09
8.186275e-01 9.362745e-01 -1.106136e-10
8.284314e-01 9.362745e-01 -4.559406e-09
8.382353e-01 9.362745e-01 1.138624e-08
8.480392e-01 9.362745e-01 -1.490075e-08
8.578431e-01 9.362745e-01 6.358099e-09
8.676471e-01 9.362745e-01 1.661142e-08
8.774510e-01 9.362745e-01 -3.722626e-08
8.872549e-01 9.362745e-01 2.459899e-08
8.970588e-01 9.362745e-01 2.814586e-08
9.068627e-01 9.362745e-01 -6.775432e-08
9.166667e-01 9.362745e-01 2.391327e-08
9.264706e-01 9.362745e-01 7.384635e-08
9.362745e-01 9.362745e-01 -8.213055e-08
9.460784e-01 9.362745e-01 -4.775674e-08
9.558824e-01 9.362745e-01 1.211960e-07
9.656863e-01 9.362745e-01 1.673822e-08
9.754902e-01 9.362745e-01 -1.404800e-07
9.852941e-01 9.362745e-01 -3.279209e-09
9.950980e-01 9.362745e-01 1.471583e-07
4.901961e-03 9.460784e-01 1.580027e-07
1.470588e-02 9.460784e-01 -2.939942e-08
2.450980e-02 9.460784e-01 -1.621845e-07
3.431373e-02 9.460784e-01 -2.586117e-09
4.411765e-02 9.460784e-01 1.508386e-07
5.392157e-02 9.460784e-01 5.854437e-08
6.372549e-02 9.460784e-01 -1.035743e-07
7.352941e-02 9.460784e-01 -1.044743e-07
8.333333e-02 9.460784e-01 1.799378e-08
9.313725e-02 9.460784e-01 9.214326e-08
1.029412e-01 9.460784e-01 5.704472e-08
1.127451e-01 9.460784e-01 -1.689073e-08
1.225490e-01 9.460784e-01 -5.268516e-08
1.323529e-01 9.460784e-01 -3.908730e-08
1.421569e-01 9.460784e-01 -7.717141e-09
1.519608e-01 9.460784e-01 1.353175e-08
1.617647e-01 9.460784e-01 1.831183e-08
1.715686e-01 9.460784e-01 1.357484e-08
1.813725e-01 9.460784e-01 7.130228e-09
1.911765e-01 9.460784e-01 2.187323e-09
2.009804e-01 9.460784e-01 -2.236984e-09
2.107843e-01 9.460784e-01 -9.197251e-09
2.205882e-01 9.460784e-01 -2.173105e-08
2.303922e-01 9.460784e-01 -4.001177e-08
2.401961e-01 9.460784e-01 -5.613366e-08
2.500000e-01 9.460784e-01 -4.563305e-08
2.598039e-01 9.460784e-01 4.328911e-08
2.696078e-01 9.460784e-01 2.991508e-07
2.794118e-01 9.460784e-01 8.485794e-07
2.892157e-01 9.460784e-01 1.841449e-06
2.990196e-01 9.460784e-01 3.412951e-06
3.088235e-01 9.460784e-01 5.621692e-06
3.186275e-01 9.460784e-01 8.373016e-06
3.284314e-01 9.460784e-01 1.134826e-05
3.382353e-01 9.460784e-01 1.396886e-05
3.480392e-01 9.460784e-01 1.542367e-05
3.578431e-01 9.460784e-01 1.477568e-05
3.676471e-01 9.460784e-01 1.114139e-05
3.774510e-01 9.460784e-01 3.909496e-06
3.872549e-01 9.460784e-01 -7.055690e-06
3.970588e-01 9.460784e-01 -2.128670e-05
4.068627e-01 9.460784e-01 -3.770778e-05
4.166667e-01 9.460784e-01 -5.476794e-05
4.264706e-01 9.460784e-01 -7.068897e-05
4.362745e-01 9.460784e-01 -8.377206e-05
4.460784e-01 9.460784e-01 -9.268990e-05
4.558824e-01 9.460784e-01 -9.669658e-05
4.656863e-01 9.460784e-01 -9.571221e-05
4.754902e-01 9.460784e-01 -9.027435e-05
4.852941e-01 9.460784e-01 -8.138180e-05
4.950980e-01 9.460784e-01 -7.027857e-05
5.049020e-01 9.460784e-01 -5.823222e-05
5.147059e-01 9.460784e-01 -4.635190e-05
5.245098e-01 9.460784e-01 -3.547293e-05
5.343137e-01 9.460784e-01 -2.611408e-05
5.441176e-01 9.460784e-01 -1.849654e-05
5.539216e-01 9.460784e-01 -1.260361e-05
5.637255e-01 9.460784e-01 -8.258066e-06
5.735294e-01 9.460784e-01 -5.197952e-06
5.833333e-01 9.460784e-01 -3.138204e-06
5.931373e-01 9.460784e-01 -1.812865e-06
6.029412e-01 9.460784e-01 -9.982367e-07
6.127451e-01 9.460784e-01 -5.207741e-07
6.225490e-01 9.460784e-01 -2.547902e-07
6.323529e-01 9.460784e-01 -1.147396e-07
6.421569e-01 9.460784e-01 -4.571346e-08
6.519608e-01 9.460784e-01 -1.443854e-08
6.617647e-01 9.460784e-01 -1.902608e-09
6.715686e-01 9.460784e-01 2.096890e-09
6.813725e-01 9.460784e-01 2.658712e-09
6.911765e-01 9.460784e-01 2.116260e-09
7.009804e-01 9.460784e-01 1.412274e-09
7.107843e-01 9.460784e-01 8.501886e-10
7.205882e-01 9.460784e-01 4.774586e-10
7.303922e-01 9.460784e-01 2.479976e-10
7.401961e-01 9.460784e-01 1.398868e-10
7.500000e-01 9.460784e-01 2.616710e-11
7.598039e-01 9.460784e-01 1.111897e-10
7.696078e-01 9.460784e-01 -1.437795e-10
7.794118e-01 9.460784e-01 2.114556e-10
7.892157e-01 9.460784e-01 -3.572085e-11
7.990196e-01 9.460784e-01 -7.676243e-10
8.088235e-01 9.460784e-01 2.762593e-09
8.186275e-01 9.460784e-01 -5.993316e-09
8.284314e-01 9.460784e-01 8.790807e-09
8.382353e-01 9.460784e-01 -6.991223e-09
8.480392e-01 9.460784e-01 -3.794899e-09
8.578431e-01 9.460784e-01 2.126065e-08
8.676471e-01 9.460784e-01 -3.004940e-08
8.774510e-01 9.460784e-01 9.783541e-09
8.872549e-01 9.460784e-01 3.620773e-08
8.970588e-01 9.460784e-01 -6.034451e-08
9.068627e-01 9.460784e-01 1.130371e-08
9.166667e-01 9.460784e-01 7.613402e-08
9.264706e-01 9.460784e-01 -7.747438e-08
9.362745e-01 9.460784e-01 -4.775674e-08
9.460784e-01 9.460784e-01 1.250587e-07
9.558824e-01 9.460784e-01 3.415610e-09
9.656863e-01 9.460784e-01 -1.479404e-07
9.754902e-01 9.460784e-01 2.762125e-08
9.852941e-01 9.460784e-01 1.580027e-07
9.950980e-01 9.460784e-01 -2.939942e-08
4.901961e-03 9.558824e-01 -6.509630e-08
1.470588e-02 9.558824e-01 -1.670047e-07
2.450980e-02 9.558824e-01 4.956348e-08
3.431373e-02 9.558824e-01 1.716000e-07
4.411765e-02 9.558824e-01 2.391060e-09
5.392157e-02 9.558824e-01 -1.532670e-07
6.372549e-02 9.558824e-01 -7.211893e-08
7.352941e-02 9.558824e-01 8.824455e-08
8.333333e-02 9.558824e-01 1.117171e-07
9.313725e-02 9.558824e-01 9.896850e-09
1.029412e-01 9.558824e-01 -7.375379e-08
1.127451e-01 9.558824e-01 -6.770158e-08
1.225490e-01 9.558824e-01 -1.136997e-08
1.323529e-01 9.558824e-01 3.143672e-08
1.421569e-01 9.558824e-01 3.765285e-08
1.519608e-01 9.558824e-01 2.150178e-08
1.617647e-01 9.558824e-01 3.796699e-09
1.715686e-01 9.558824e-01 -5.783862e-09
1.813725e-01 9.558824e-01 -8.114785e-09
1.911765e-01 9.558824e-01 -7.541042e-09
2.009804e-01 9.558824e-01 -6.835048e-09
2.107843e-01 9.558824e-01 -5.248625e-09
2.205882e-01 9.558824e-01 2.333228e-09
2.303922e-01 9.558824e-01 2.623801e-08
2.401961e-01 9.558824e-01 8.188492e-08
2.500000e-01 9.558824e-01 1.860187e-07
2.598039e-01 9.558824e-01 3.458383e-07
2.696078e-01 9.558824e-01 5.382847e-07
2.794118e-01 9.558824e-01 6.796544e-07
2.892157e-01 9.558824e-01 5.909300e-07
2.990196e-01 9.558824e-01 -2.934581e-08
3.088235e-01 9.558824e-01 -1.607794e-06
3.186275e-01 9.558824e-01 -4.657504e-06
3.284314e-01 9.558824e-01 -9.688391e-06
3.382353e-01 9.558824e-01 -1.707240e-05
3.480392e-01 9.558824e-01 -2.688894e-05
3.578431e-01 9.558824e-01 -3.879268e-05
3.676471e-01 9.558824e-01 -5.195174e-05
3.774510e-01 9.558824e-01 -6.509398e-05
3.872549e-01 9.558824e-01 -7.667242e-05
3.970588e-01 9.558824e-01 -8.512559e-05
4.068627e-01 9.558824e-01 -8.917612e-05
4.166667e-01 9.558824e-01 -8.809351e-05
4.264706e-01 9.558824e-01 -8.185260e-05
4.362745e-01 9.558824e-01 -7.114592e-05
4.460784e-01 9.558824e-01 -5.724812e-05
4.558824e-01 9.558824e-01 -4.177006e-05
4.656863e-01 9.558824e-01 -2.636630e-05
4.754902e-01 9.558824e-01 -1.246583e-05
4.852941e-01 9.558824e-01 -1.081666e-06
4.950980e-01 9.558824e-01 7.272316e-06
5.049020e-01 9.558824e-01 1.255911e-05
5.147059e-01 9.558824e-01 1.511702e-05
5.245098e-01 9.558824e-01 1.551715e-05
5.343137e-01 9.558824e-01 1.441830e-05
5.441176e-01 9.558824e-01 1.244798e-05
5.539216e-01 9.558824e-01 1.012466e-05
5.637255e-01 9.558824e-01 7.822742e-06
5.735294e-01 9.558824e-01 5.772619e-06
5.833333e-01 9.558824e-01 4.083512e-06
5.931373e-01 9.558824e-01 2.776523e-06
6.029412e-01 9.558824e-01 1.818176e-06
6.127451e-01 9.558824e-01 1.148393e-06
6.225490e-01 9.558824e-01 7.004310e-07
6.323529e-01 9.558824e-01 4.128999e-07
6.421569e-01 9.558824e-01 2.354069e-07
6.519608e-01 9.558824e-01 1.298671e-07
6.617647e-01 9.558824e-01 6.934642e-08
6.715686e-01 9.558824e-01 3.584796e-08
6.813725e-01 9.558824e-01 1.793991e-08
6.911765e-01 9.558824e-01 8.689951e-09
7.009804e-01 9.558824e-01 4.072614e-09
7.107843e-01 9.558824e-01 1.846018e-09
7.205882e-01 9.558824e-01 8.069765e-10
7.303922e-01 9.558824e-01 3.435037e-10
7.401961e-01 9.558824e-01 1.352108e-10
7.500000e-01 9.558824e-01 5.311453e-11
7.598039e-01 9.558824e-01 5.290819e-11
7.696078e-01 9.558824e-01 -1.436597e-10
7.794118e-01 9.558824e-01 4.792716e-10
7.892157e-01 9.558824e-01 -1.177591e-09
7.990196e-01 9.558824e-01 2.305867e-09
8.088235e-01 9.558824e-01 -3.385265e-09
8.186275e-01 9.558824e-01 2.924431e-09
8.284314e-01 9.558824e-01 1.373190e-09
8.382353e-01 9.558824e-01 -1.041145e-08
8.480392e-01 9.558824e-01 1.959862e-08
8.578431e-01 9.558824e-01 -1.725718e-08
8.676471e-01 9.558824e-01 -6.530891e-09
8.774510e-01 9.558824e-01 4.063784e-08
8.872549e-01 9.558824e-01 -4.594830e-08
8.970588e-01 9.558824e-01 -7.363805e-09
9.068627e-01 9.558824e-01 7.737445e-08
9.166667e-01 9.558824e-01 -6.273452e-08
9.264706e-01 9.558824e-01 -5.587725e-08
9.362745e-01 9.558824e-01 1.211960e-07
9.460784e-01 9.558824e-01 3.415610e-09
9.558824e-01 9.558824e-01 -1.495494e-07
9.656863e-01 9.558824e-01 4.432301e-08
9.754902e-01 9.558824e-01 1.596272e-07
9.852941e-01 9.558824e-01 -6.509630e-08
9.950980e-01 9.558824e-01 -1.670047e-07
4.901961e-03 9.656863e-01 -1.646919e-07
1.470588e-02 9.656863e-01 8.839051e-08
2.450980e-02 9.656863e-01 1.745514e-07
3.431373e-02 9.656863e-01 -5.233691e-08
4.411765e-02 9.656863e-01 -1.778294e-07
5.392157e-02 9.656863e-01 -1.910509e-08
6.372549e-02 9.656863e-01 1.447729e-07
7.352941e-02 9.656863e-01 9.369717e-08
8.333333e-02 9.656863e-01 -5.741211e-08
9.313725e-02 9.656863e-01 -1.108813e-07
1.029412e-01 9.656863e-01 -4.238584e-08
1.127451e-01 9.656863e-01 4.193584e-08
1.225490e-01 9.656863e-01 6.499089e-08
1.323529e-01 9.656863e-01 3.488742e-08
1.421569e-01 9.656863e-01 -3.652763e-09
1.519608e-01 9.656863e-01 -2.283438e-08
1.617647e-01 9.656863e-01 -2.232642e-08
1.715686e-01 9.656863e-01 -1.356537e-08
1.813725e-01 9.656863e-01 -5.371807e-09
1.911765e-01 9.656863e-01 5.407804e-12
2.009804e-01 9.656863e-01 4.683968e-09
2.107843e-01 9.656863e-01 1.205133e-08
2.205882e-01 9.656863e-01 2.415708e-08
2.303922e-01 9.656863e-01 3.828299e-08
2.401961e-01 9.656863e-01 4.109787e-08
2.500000e-01 9.656863e-01 1.707213e-10
2.598039e-01 9.656863e-01 -1.450082e-07
2.696078e-01 9.656863e-01 -4.874524e-07
2.794118e-01 9.656863e-01 -1.145070e-06
2.892157e-01 9.656863e-01 -2.233245e-06
2.990196e-01 9.656863e-01 -3.813452e-06
3.088235e-01 9.656863e-01 -5.822065e-06
3.186275e-01 9.656863e-01 -7.995086e-06
3.284314e-01 9.656863e-01 -9.815382e-06
3.382353e-01 9.656863e-01 -1.051359e-05
3.480392e-01 9.656863e-01 -9.147174e-06
3.578431e-01 9.656863e-01 -4.762820e-06
3.676471e-01 9.656863e-01 3.380400e-06
3.774510e-01 9.656863e-01 1.557712e-05
3.872549e-01 9.656863e-01 3.149671e-05
3.970588e-01 9.656863e-01 5.012050e-05
4.068627e-01 9.656863e-01 6.983046e-05
4.166667e-01 9.656863e-01 8.864358e-05
4.264706e-01 9.656863e-01 1.045437e-04
4.362745e-01 9.656863e-01 1.158335e-04
4.460784e-01 9.656863e-01 1.214220e-04
4.558824e-01 9.656863e-01 1.209838e-04
4.656863e-01 9.656863e-01 1.149606e-04
4.754902e-01 9.656863e-01 1.044191e-04
4.852941e-01 9.656863e-01 9.081243e-05
4.950980e-01 9.656863e-01 7.570820e-05
5.049020e-01 9.656863e-01 6.054511e-05
5.147059e-01 9.656863e-01 4.646016e-05
5.245098e-01 9.656863e-01 3.420495e-05
5.343137e-01 9.656863e-01 2.414525e-05
5.441176e-01 9.656863e-01 1.632174e-05
5.539216e-01 9.656863e-01 1.054333e-05
5.637255e-01 9.656863e-01 6.486225e-06
5.735294e-01 9.656863e-01 3.779446e-06
5.833333e-01 9.656863e-01 2.066747e-06
5.931373e-01 9.656863e-01 1.043106e-06
6.029412e-01 9.656863e-01 4.694895e-07
6.127451e-01 9.656863e-01 1.722564e-07
6.225490e-01 9.656863e-01 3.377912e-08
6.323529e-01 9.656863e-01 -2.035990e-08
6.421569e-01 9.656863e-01 -3.400868e-08
6.519608e-01 9.656863e-01 -3.102640e-08
6.617647e-01 9.656863e-01 -2.317699e-08
6.715686e-01 9.656863e-01 -1.548729e-08
6.813725e-01 9.656863e-01 -9.581833e-09
6.911765e-01 9.656863e-01 -5.583510e-09
7.009804e-01 9.656863e-01 -3.094561e-09
7.107843e-01 9.656863e-01 -1.641142e-09
7.205882e-01 9.656863e-01 -8.373234e-10
7.303922e-01 9.656863e-01 -4.071610e-10
7.401961e-01 9.656863e-01 -2.080798e-10
7.500000e-01 9.656863e-01 -4.870602e-11
7.598039e-01 9.656863e-01 -1.468001e-10
7.696078e-01 9.656863e-01 2.192568e-10
7.794118e-01 9.656863e-01 -4.208927e-10
7.892157e-01 9.656863e-01 4.737762e-10
7.990196e-01 9.656863e-01 4.555615e-11
8.088235e-01 9.656863e-01 -1.963458e-09
8.186275e-01 9.656863e-01 5.858019e-09
8.284314e-01 9.656863e-01 -1.058655e-08
8.382353e-01 9.656863e-01 1.160291e-08
8.480392e-01 9.656863e-01 -2.199373e-09
8.578431e-01 9.656863e-01 -1.891477e-08
8.676471e-01 9.656863e-01 3.713336e-08
8.774510e-01 9.656863e-01 -2.484582e-08
8.872549e-01 9.656863e-01 -2.714117e-08
8.970588e-01 9.656863e-01 7.296389e-08
9.068627e-01 9.656863e-01 -3.852222e-08
9.166667e-01 9.656863e-01 -6.875958e-08
9.264706e-01 9.656863e-01 1.090122e-07
9.362745e-01 9.656863e-01 1.673822e-08
9.460784e-01 9.656863e-01 -1.479404e-07
9.558824e-01 9.656863e-01 4.432301e-08
9.656863e-01 9.656863e-01 1.595144e-07
9.754902e-01 9.656863e-01 -8.395169e-08
9.852941e-01 9.656863e-01 -1.646919e-07
9.950980e-01 9.656863e-01 8.839051e-08
4.901961e-03 9.754902e-01 1.084968e-07
1.470588e-02 9.754902e-01 1.700888e-07
2.450980e-02 9.754902e-01 -9.302255e-08
3.431373e-02 9.754902e-01 -1.828373e-07
4.411765e-02 9.754902e-01 3.506172e-08
5.392157e-02 9.754902e-01 1.771581e-07
6.372549e-02 9.754902e-01 5.055085e-08
7.352941e-02 9.754902e-01 -1.195738e-07
8.333333e-02 9.754902e-01 -1.136388e-07
9.313725e-02 9.754902e-01 1.270262e-08
1.029412e-01 9.754902e-01 9.215675e-08
1.127451e-01 9.754902e-01 6.700809e-08
1.225490e-01 9.754902e-01 -1.416237e-09
1.323529e-01 9.754902e-01 -4.291137e-08
1.421569e-01 9.754902e-01 -4.134635e-08
1.519608e-01 9.754902e-01 -1.893705e-08
1.617647e-01 9.754902e-01 7.908814e-10
1.715686e-01 9.754902e-01 9.518641e-09
1.813725e-01 9.754902e-01 1.024398e-08
1.911765e-01 9.754902e-01 8.398397e-09
2.009804e-01 9.754902e-01 6.678647e-09
2.107843e-01 9.754902e-01 3.577215e-09
2.205882e-01 9.754902e-01 -6.985383e-09
2.303922e-01 9.754902e-01 -3.591758e-08
2.401961e-01 9.754902e-01 -9.770544e-08
2.500000e-01 9.754902e-01 -2.046283e-07
2.598039e-01 9.754902e-01 -3.530363e-07
2.696078e-01 9.754902e-01 -4.996760e-07
2.794118e-01 9.754902e-01 -5.297536e-07
2.892157e-01 9.754902e-01 -2.242736e-07
2.990196e-01 9.754902e-01 7.594238e-07
3.088235e-01 9.754902e-01 2.876135e-06
3.186275e-01 9.754902e-01 6.634685e-06
3.284314e-01 9.754902e-01 1.248818e-05
3.382353e-01 9.754902e-01 2.068553e-05
3.480392e-01 9.754902e-01 3.111736e-05
3.578431e-01 9.754902e-01 4.320410e-05
3.676471e-01 9.754902e-01 5.587465e-05
3.774510e-01 9.754902e-01 6.766683e-05
3.872549e-01 9.754902e-01 7.694798e-05
3.970588e-01 9.754902e-01 8.221590e-05
4.068627e-01 9.754902e-01 8.240982e-05
4.166667e-01 9.754902e-01 7.715073e-05
4.264706e-01 9.754902e-01 6.684533e-05
4.362745e-01 9.754902e-01 5.262395e-05
4.460784e-01 9.754902e-01 3.612862e-05
4.558824e-01 9.754902e-01 1.920673e-05
4.656863e-01 9.754902e-01 3.587239e-06
4.754902e-01 9.754902e-01 -9.386268e-06
4.852941e-01 9.754902e-01 -1.891413e-05
4.950980e-01 9.754902e-01 -2.477325e-05
5.049020e-01 9.754902e-01 -2.723908e-05
5.147059e-01 9.754902e-01 -2.693544e-05
5.245098e-01 9.754902e-01 -2.465844e-05
5.343137e-01 9.754902e-01 -2.121592e-05
5.441176e-01 9.754902e-01 -1.730926e-05
5.539216e-01 9.754902e-01 -1.346804e-05
5.637255e-01 9.754902e-01 -1.003326e-05
5.735294e-01 9.754902e-01 -7.176452e-06
5.833333e-01 9.754902e-01 -4.938626e-06
5.931373e-01 9.754902e-01 -3.274981e-06
6.029412e-01 9.754902e-01 -2.095236e-06
6.127451e-01 9.754902e-01 -1.294403e-06
6.225490e-01 9.754902e-01 -7.726943e-07
6.323529e-01 9.754902e-01 -4.459132e-07
6.421569e-01 9.754902e-01 -2.488397e-07
6.519608e-01 9.754902e-01 -1.342950e-07
6.617647e-01 9.754902e-01 -7.008613e-08
6.715686e-01 9.754902e-01 -3.535933e-08
6.813725e-01 9.754902e-01 -1.723577e-08
6.911765e-01 9.754902e-01 -8.110107e-09
7.009804e-01 9.754902e-01 -3.678665e-09
7.107843e-01 9.754902e-01 -1.605964e-09
7.205882e-01 9.754902e-01 -6.708393e-10
7.303922e-01 9.754902e-01 -2.723697e-10
7.401961e-01 9.754902e-01 -9.447090e-11
7.500000e-01 9.754902e-01 -4.592828e-11
7.598039e-01 9.754902e-01 -2.028965e-11
7.696078e-01 9.754902e-01 1.037243e-10
7.794118e-01 9.754902e-01 -4.265320e-10
7.892157e-01 9.754902e-01 1.190873e-09
7.990196e-01 9.754902e-01 -2.570806e-09
8.088235e-01 9.754902e-01 4.222869e-09
8.186275e-01 9.754902e-01 -4.604096e-09
8.284314e-01 9.754902e-01 8.669534e-10
8.382353e-01 9.754902e-01 9.044487e-09
8.480392e-01 9.754902e-01 -2.147484e-08
8.578431e-01 9.754902e-01 2.354677e-08
8.676471e-01 9.754902e-01 -8.107896e-10
8.774510e-01 9.754902e-01 -4.029566e-08
8.872549e-01 9.754902e-01 5.763297e-08
8.970588e-01 9.754902e-01 -7.466612e-09
9.068627e-01 9.754902e-01 -7.897756e-08
9.166667e-01 9.754902e-01 8.554618e-08
9.264706e-01 9.754902e-01 3.978792e-08
9.362745e-01 9.754902e-01 -1.404800e-07
9.460784e-01 9.754902e-01 2.762125e-08
9.558824e-01 9.754902e-01 1.596272e-07
9.656863e-01 9.754902e-01 -8.395169e-08
9.754902e-01 9.754902e-01 -1.626879e-07
9.852941e-01 9.754902e-01 1.084968e-07
9.950980e-01 9.754902e-01 1.700888e-07
4.901961e-03 9.852941e-01 1.677601e-07
1.470588e-02 9.852941e-01 -1.140939e-07
2.450980e-02 9.852941e-01 -1.800916e-07
3.431373e-02 9.852941e-01 7.623187e-08
4.411765e-02 9.852941e-01 1.897071e-07
5.392157e-02 9.852941e-01 2.001989e-09
6.372549e-02 9.852941e-01 -1.627641e-07
7.352941e-02 9.852941e-01 -8.908355e-08
8.333333e-02 9.852941e-01 7.454602e-08
9.313725e-02 9.852941e-01 1.190566e-07
1.029412e-01 9.852941e-01 3.604085e-08
1.127451e-01 9.852941e-01 -5.279737e-08
1.225490e-01 9.852941e-01 -7.031705e-08
1.323529e-01 9.852941e-01 -3.305649e-08
1.421569e-01 9.852941e-01 8.573230e-09
1.519608e-01 9.852941e-01 2.683876e-08
1.617647e-01 9.852941e-01 2.403399e-08
1.715686e-01 9.852941e-01 1.353925e-08
1.813725e-01 9.852941e-01 4.603518e-09
1.911765e-01 9.852941e-01 -9.497903e-10
2.009804e-01 9.852941e-01 -5.736786e-09
2.107843e-01 9.852941e-01 -1.329869e-08
2.205882e-01 9.852941e-01 -2.527536e-08
2.303922e-01 9.852941e-01 -3.772447e-08
2.401961e-01 9.852941e-01 -3.499490e-08
2.500000e-01 9.852941e-01 1.878781e-08
2.598039e-01 9.852941e-01 1.879678e-07
2.696078e-01 9.852941e-01 5.677064e-07
2.794118e-01 9.852941e-01 1.272564e-06
2.892157e-01 9.852941e-01 2.403724e-06
2.990196e-01 9.852941e-01 3.991839e-06
3.088235e-01 9.852941e-01 5.921783e-06
3.186275e-01 9.852941e-01 7.857863e-06
3.284314e-01 9.852941e-01 9.198591e-06
3.382353e-01 9.852941e-01 9.093174e-06
3.480392e-01 9.852941e-01 6.542565e-06
3.578431e-01 9.852941e-01 5.856713e-07
3.676471e-01 9.852941e-01 -9.458749e-06
3.774510e-01 9.852941e-01 -2.375154e-05
3.872549e-01 9.852941e-01 -4.176440e-05
3.970588e-01 9.852941e-01 -6.224470e-05
4.068627e-01 9.852941e-01 -8.334400e-05
4.166667e-01 9.852941e-01 -1.028957e-04
4.264706e-01 9.852941e-01 -1.187827e-04
4.362745e-01 9.852941e-01 -1.293083e-04
4.460784e-01 9.852941e-01 -1.334824e-04
4.558824e-01 9.852941e-01 -1.311586e-04
4.656863e-01 9.852941e-01 -1.230006e-04
4.754902e-01 9.852941e-01 -1.103000e-04
4.852941e-01 9.852941e-01 -9.470235e-05
4.950980e-01 9.852941e-01 -7.791236e-05
5.049020e-01 9.852941e-01 -6.144046e-05
5.147059e-01 9.852941e-01 -4.643449e-05
5.245098e-01 9.852941e-01 -3.360953e-05
5.343137e-01 9.852941e-01 -2.326558e-05
5.441176e-01 9.852941e-01 -1.536612e-05
5.539216e-01 9.852941e-01 -9.645779e-06
5.637255e-01 9.852941e-01 -5.718498e-06
5.735294e-01 9.852941e-01 -3.167189e-06
5.833333e-01 9.852941e-01 -1.605682e-06
5.931373e-01 9.852941e-01 -7.127081e-07
6.029412e-01 9.852941e-01 -2.430510e-07
6.127451e-01 9.852941e-01 -2.331469e-08
6.225490e-01 9.852941e-01 6.048112e-08
6.323529e-01 9.852941e-01 7.786388e-08
6.421569e-01 9.852941e-01 6.787270e-08
6.519608e-01 9.852941e-01 5.029807e-08
6.617647e-01 9.852941e-01 3.378410e-08
6.715686e-01 9.852941e-01 2.113715e-08
6.813725e-01 9.852941e-01 1.249542e-08
6.911765e-01 9.852941e-01 7.038594e-09
7.009804e-01 9.852941e-01 3.798360e-09
7.107843e-01 9.852941e-01 1.970898e-09
7.205882e-01 9.852941e-01 9.867452e-10
7.303922e-01 9.852941e-01 4.730043e-10
7.401961e-01 9.852941e-01 2.360154e-10
7.500000e-01 9.852941e-01 5.808242e-11
7.598039e-01 9.852941e-01 1.612607e-10
7.696078e-01 9.852941e-01 -2.508642e-10
7.794118e-01 9.852941e-01 5.097723e-10
7.892157e-01 9.852941e-01 -6.618693e-10
7.990196e-01 9.852941e-01 2.674759e-10
8.088235e-01 9.852941e-01 1.612275e-09
8.186275e-01 9.852941e-01 -5.787800e-09
8.284314e-01 9.852941e-01 1.134874e-08
8.382353e-01 9.852941e-01 -1.358922e-08
8.480392e-01 9.852941e-01 4.797437e-09
8.578431e-01 9.852941e-01 1.788709e-08
8.676471e-01 9.852941e-01 -4.019740e-08
8.774510e-01 9.852941e-01 3.138257e-08
8.872549e-01 9.852941e-01 2.320821e-08
8.970588e-01 9.852941e-01 -7.846479e-08
9.068627e-01 9.852941e-01 5.035904e-08
9.166667e-01 9.852941e-01 6.559575e-08
9.264706e-01 9.852941e-01 -1.227827e-07
9.362745e-01 9.852941e-01 -3.279209e-09
9.460784e-01 9.852941e-01 1.580027e-07
9.558824e-01 9.852941e-01 -6.509630e-08
9.656863e-01 9.852941e-01 -1.646919e-07
9.754902e-01 9.852941e-01 1.084968e-07
9.852941e-01 9.852941e-01 1.677601e-07
9.950980e-01 9.852941e-01 -1.140939e-07
4.901961e-03 9.950980e-01 -1.140939e-07
1.470588e-02 9.950980e-01 -1.778209e-07
2.450980e-02 9.950980e-01 9.792863e-08
3.431373e-02 9.950980e-01 1.912707e-07
4.411765e-02 9.950980e-01 -3.728092e-08
5.392157e-02 9.950980e-01 -1.855526e-07
6.372549e-02 9.950980e-01 -5.242394e-08
7.352941e-02 9.950980e-01 1.255434e-07
8.333333e-02 9.950980e-01 1.187638e-07
9.313725e-02 9.950980e-01 -1.376065e-08
1.029412e-01 9.950980e-01 -9.668705e-08
1.127451e-01 9.950980e-01 -6.996639e-08
1.225490e-01 9.950980e-01 1.820108e-09
1.323529e-01 9.950980e-01 4.513504e-08
1.421569e-01 9.950980e-01 4.327917e-08
1.519608e-01 9.950980e-01 1.967925e-08
1.617647e-01 9.950980e-01 -9.951640e-10
1.715686e-01 9.950980e-01 -1.008181e-08
1.813725e-01 9.950980e-01 -1.077555e-08
1.911765e-01 9.950980e-01 -8.790286e-09
2.009804e-01 9.950980e-01 -6.952257e-09
2.107843e-01 9.950980e-01 -3.684845e-09
2.205882e-01 9.950980e-01 7.349535e-09
2.303922e-01 9.950980e-01 3.749078e-08
2.401961e-01 9.950980e-01 1.017436e-07
2.500000e-01 9.950980e-01 2.127054e-07
2.598039e-01 9.950980e-01 3.662193e-07
2.696078e-01 9.950980e-01 5.166804e-07
2.794118e-01 9.950980e-01 5.437997e-07
2.892157e-01 9.950980e-01 2.187341e-07
2.990196e-01 9.950980e-01 -8.158722e-07
3.088235e-01 9.950980e-01 -3.033399e-06
3.186275e-01 9.950980e-01 -6.962145e-06
3.284314e-01 9.950980e-01 -1.307051e-05
3.382353e-01 9.950980e-01 -2.161211e-05
3.480392e-01 9.950980e-01 -3.246560e-05
3.578431e-01 9.950980e-01 -4.501904e-05
3.676471e-01 9.950980e-01 -5.814936e-05
3.774510e-01 9.950980e-01 -7.032883e-05
3.872549e-01 9.950980e-01 -7.985676e-05
3.970588e-01 9.950980e-01 -8.517415e-05
4.068627e-01 9.950980e-01 -8.518768e-05
4.166667e-01 9.950980e-01 -7.951882e-05
4.264706e-01 9.950980e-01 -6.860976e-05
4.362745e-01 9.950980e-01 -5.365576e-05
4.460784e-01 9.950980e-01 -3.638135e-05
4.558824e-01 9.950980e-01 -1.871902e-05
4.656863e-01 9.950980e-01 -2.470831e-06
4.754902e-01 9.950980e-01 1.096933e-05
4.852941e-01 9.950980e-01 2.077944e-05
4.950980e-01 9.950980e-01 2.674109e-05
5.049020e-01 9.950980e-01 2.915588e-05
5.147059e-01 9.950980e-01 2.868682e-05
5.245098e-01 9.950980e-01 2.617351e-05
5.343137e-01 9.950980e-01 2.246421e-05
5.441176e-01 9.950980e-01 1.829281e-05
5.539216e-01 9.950980e-01 1.421128e-05
5.637255e-01 9.950980e-01 1.057306e-05
5.735294e-01 9.950980e-01 7.553851e-06
5.833333e-01 9.950980e-01 5.192933e-06
5.931373e-01 9.950980e-01 3.440287e-06
6.029412e-01 9.950980e-01 2.198958e-06
6.127451e-01 9.950980e-01 1.357250e-06
6.225490e-01 9.950980e-01 8.094761e-07
6.323529e-01 9.950980e-01 4.667052e-07
6.421569e-01 9.950980e-01 2.601892e-07
6.519608e-01 9.950980e-01 1.402742e-07
6.617647e-01 9.950980e-01 7.312364e-08
6.715686e-01 9.950980e-01 3.684531e-08
6.813725e-01 9.950980e-01 1.793441e-08
6.911765e-01 9.950980e-01 8.424829e-09
7.009804e-01 9.950980e-01 3.813870e-09
7.107843e-01 9.950980e-01 1.660986e-09
7.205882e-01 9.950980e-01 6.916607e-10
7.303922e-01 9.950980e-01 2.798708e-10
7.401961e-01 9.950980e-01 9.606220e-11
7.500000e-01 9.950980e-01 4.744325e-11
7.598039e-01 9.950980e-01 1.938018e-11
7.696078e-01 9.950980e-01 -1.064819e-10
7.794118e-01 9.950980e-01 4.432770e-10
7.892157e-01 9.950980e-01 -1.245120e-09
7.990196e-01 9.950980e-01 2.697514e-09
8.088235e-01 9.950980e-01 -4.445769e-09
8.186275e-01 9.950980e-01 4.874039e-09
8.284314e-01 9.950980e-01 -9.871333e-10
8.382353e-01 9.950980e-01 -9.398309e-09
8.480392e-01 9.950980e-01 2.248454e-08
8.578431e-01 9.950980e-01 -2.477308e-08
8.676471e-01 9.950980e-01 1.041907e-09
8.774510e-01 9.950980e-01 4.208698e-08
8.872549e-01 9.950980e-01 -6.048328e-08
8.970588e-01 9.950980e-01 8.123838e-09
9.068627e-01 9.950980e-01 8.255896e-08
9.166667e-01 9.950980e-01 -8.983880e-08
9.264706e-01 9.950980e-01 -4.128283e-08
9.362745e-01 9.950980e-01 1.471583e-07
9.460784e-01 9.950980e-01 -2.939942e-08
9.558824e-01 9.950980e-01 -1.670047e-07
9.656863e-01 9.950980e-01 8.839051e-08
9.754902e-01 9.950980e-01 1.700888e-07
9.852941e-01 9.950980e-01 -1.140939e-07
9.950980e-01 9.950980e-01 -1.778209e-07
