TITLE = "2D Linear Advection"
VARIABLES = "x" "y" "u"
ZONE I=102, J=102, F=POINT
4.901961e-03 4.901961e-03 1.487404e-07
1.470588e-02 4.901961e-03 -5.689283e-09
2.450980e-02 4.901961e-03 -2.860328e-07
3.431373e-02 4.901961e-03 -6.530022e-07
4.411765e-02 4.901961e-03 -9.327804e-07
5.392157e-02 4.901961e-03 -9.193974e-07
6.372549e-02 4.901961e-03 -3.309067e-07
7.352941e-02 4.901961e-03 1.012250e-06
8.333333e-02 4.901961e-03 3.095343e-06
9.313725e-02 4.901961e-03 5.572901e-06
1.029412e-01 4.901961e-03 7.679315e-06
1.127451e-01 4.901961e-03 8.268342e-06
1.225490e-01 4.901961e-03 5.830270e-06
1.323529e-01 4.901961e-03 -1.245138e-06
1.421569e-01 4.901961e-03 -1.445489e-05
1.519608e-01 4.901961e-03 -3.486263e-05
1.617647e-01 4.901961e-03 -6.285083e-05
1.715686e-01 4.901961e-03 -9.799370e-05
1.813725e-01 4.901961e-03 -1.389473e-04
1.911765e-01 4.901961e-03 -1.835957e-04
2.009804e-01 4.901961e-03 -2.292326e-04
2.107843e-01 4.901961e-03 -2.728788e-04
2.205882e-01 4.901961e-03 -3.116489e-04
2.303922e-01 4.901961e-03 -3.430119e-04
2.401961e-01 4.901961e-03 -3.650988e-04
2.500000e-01 4.901961e-03 -3.768407e-04
2.598039e-01 4.901961e-03 -3.780130e-04
2.696078e-01 4.901961e-03 -3.692139e-04
2.794118e-01 4.901961e-03 -3.516693e-04
2.892157e-01 4.901961e-03 -3.270757e-04
2.990196e-01 4.901961e-03 -2.973944e-04
3.088235e-01 4.901961e-03 -2.646149e-04
3.186275e-01 4.901961e-03 -2.306231e-04
3.284314e-01 4.901961e-03 -1.970383e-04
3.382353e-01 4.901961e-03 -1.651355e-04
3.480392e-01 4.901961e-03 -1.358567e-04
3.578431e-01 4.901961e-03 -1.097805e-04
3.676471e-01 4.901961e-03 -8.717717e-05
3.774510e-01 4.901961e-03 -6.807595e-05
3.872549e-01 4.901961e-03 -5.229130e-05
3.970588e-01 4.901961e-03 -3.952383e-05
4.068627e-01 4.901961e-03 -2.941480e-05
4.166667e-01 4.901961e-03 -2.155854e-05
4.264706e-01 4.901961e-03 -1.556893e-05
4.362745e-01 4.901961e-03 -1.108707e-05
4.460784e-01 4.901961e-03 -7.778548e-06
4.558824e-01 4.901961e-03 -5.378903e-06
4.656863e-01 4.901961e-03 -3.672350e-06
4.754902e-01 4.901961e-03 -2.471680e-06
4.852941e-01 4.901961e-03 -1.644276e-06
4.950980e-01 4.901961e-03 -1.084462e-06
5.049020e-01 4.901961e-03 -7.008862e-07
5.147059e-01 4.901961e-03 -4.447500e-07
5.245098e-01 4.901961e-03 -2.816782e-07
5.343137e-01 4.901961e-03 -1.743684e-07
5.441176e-01 4.901961e-03 -1.082720e-07
5.539216e-01 4.901961e-03 -7.158053e-08
5.637255e-01 4.901961e-03 -4.296203e-08
5.735294e-01 4.901961e-03 -2.158095e-08
5.833333e-01 4.901961e-03 -1.251137e-08
5.931373e-01 4.901961e-03 -5.894859e-09
6.029412e-01 4.901961e-03 -1.931378e-09
6.127451e-01 4.901961e-03 -5.872741e-09
6.225490e-01 4.901961e-03 -6.711498e-09
6.323529e-01 4.901961e-03 -1.064011e-09
6.421569e-01 4.901961e-03 7.192795e-10
6.519608e-01 4.901961e-03 1.135548e-09
6.617647e-01 4.901961e-03 4.542069e-09
6.715686e-01 4.901961e-03 2.336614e-09
6.813725e-01 4.901961e-03 -4.078000e-09
6.911765e-01 4.901961e-03 -3.983994e-09
7.009804e-01 4.901961e-03 -1.328711e-09
7.107843e-01 4.901961e-03 -1.923124e-09
7.205882e-01 4.901961e-03 8.691410e-10
7.303922e-01 4.901961e-03 6.072097e-09
7.401961e-01 4.901961e-03 4.228296e-09
7.500000e-01 4.901961e-03 -7.827295e-10
7.598039e-01 4.901961e-03 -1.215509e-09
7.696078e-01 4.901961e-03 -2.237289e-09
7.794118e-01 4.901961e-03 -6.049556e-09
7.892157e-01 4.901961e-03 -4.369245e-09
7.990196e-01 4.901961e-03 1.971588e-09
8.088235e-01 4.901961e-03 3.859160e-09
8.186275e-01 4.901961e-03 3.052233e-09
8.284314e-01 4.901961e-03 5.197736e-09
8.382353e-01 4.901961e-03 4.841713e-09
8.480392e-01 4.901961e-03 -1.615244e-09
8.578431e-01 4.901961e-03 -5.842022e-09
8.676471e-01 4.901961e-03 -3.176348e-09
8.774510e-01 4.901961e-03 -7.730800e-10
8.872549e-01 4.901961e-03 -4.602077e-10
8.970588e-01 4.901961e-03 6.737573e-10
9.068627e-01 4.901961e-03 -1.063698e-10
9.166667e-01 4.901961e-03 -1.245508e-08
9.264706e-01 4.901961e-03 -2.588219e-08
9.362745e-01 4.901961e-03 -2.686002e-08
9.460784e-01 4.901961e-03 1.109519e-09
9.558824e-01 4.901961e-03 4.869744e-08
9.656863e-01 4.901961e-03 1.178588e-07
9.754902e-01 4.901961e-03 1.643928e-07
9.852941e-01 4.901961e-03 1.487404e-07
9.950980e-01 4.901961e-03 -5.689283e-09
4.901961e-03 1.470588e-02 -5.689283e-09
1.470588e-02 1.470588e-02 -2.219349e-09
2.450980e-02 1.470588e-02 5.547127e-09
3.431373e-02 1.470588e-02 1.702831e-08
4.411765e-02 1.470588e-02 2.751859e-08
5.392157e-02 1.470588e-02 3.108020e-08
6.372549e-02 1.470588e-02 1.863585e-08
7.352941e-02 1.470588e-02 -1.673941e-08
8.333333e-02 1.470588e-02 -7.659690e-08
9.313725e-02 1.470588e-02 -1.526485e-07
1.029412e-01 1.470588e-02 -2.235193e-07
1.127451e-01 1.470588e-02 -2.556098e-07
1.225490e-01 1.470588e-02 -2.027338e-07
1.323529e-01 1.470588e-02 -1.391487e-08
1.421569e-01 1.470588e-02 3.598404e-07
1.519608e-01 1.470588e-02 9.552753e-07
1.617647e-01 1.470588e-02 1.788522e-06
1.715686e-01 1.470588e-02 2.850828e-06
1.813725e-01 1.470588e-02 4.104148e-06
1.911765e-01 1.470588e-02 5.485035e-06
2.009804e-01 1.470588e-02 6.910058e-06
2.107843e-01 1.470588e-02 8.285585e-06
2.205882e-01 1.470588e-02 9.519767e-06
2.303922e-01 1.470588e-02 1.053071e-05
2.401961e-01 1.470588e-02 1.125656e-05
2.500000e-01 1.470588e-02 1.166052e-05
2.598039e-01 1.470588e-02 1.173251e-05
2.696078e-01 1.470588e-02 1.148906e-05
2.794118e-01 1.470588e-02 1.096704e-05
2.892157e-01 1.470588e-02 1.021866e-05
2.990196e-01 1.470588e-02 9.305285e-06
3.088235e-01 1.470588e-02 8.289642e-06
3.186275e-01 1.470588e-02 7.231648e-06
3.284314e-01 1.470588e-02 6.183071e-06
3.382353e-01 1.470588e-02 5.184636e-06
3.480392e-01 1.470588e-02 4.266728e-06
3.578431e-01 1.470588e-02 3.448242e-06
3.676471e-01 1.470588e-02 2.738147e-06
3.774510e-01 1.470588e-02 2.137858e-06
3.872549e-01 1.470588e-02 1.641712e-06
3.970588e-01 1.470588e-02 1.240299e-06
4.068627e-01 1.470588e-02 9.225339e-07
4.166667e-01 1.470588e-02 6.756663e-07
4.264706e-01 1.470588e-02 4.875408e-07
4.362745e-01 1.470588e-02 3.469574e-07
4.460784e-01 1.470588e-02 2.432277e-07
4.558824e-01 1.470588e-02 1.679741e-07
4.656863e-01 1.470588e-02 1.145477e-07
4.754902e-01 1.470588e-02 7.698594e-08
4.852941e-01 1.470588e-02 5.113076e-08
4.950980e-01 1.470588e-02 3.374979e-08
5.049020e-01 1.470588e-02 2.180932e-08
5.147059e-01 1.470588e-02 1.377039e-08
5.245098e-01 1.470588e-02 8.707152e-09
5.343137e-01 1.470588e-02 5.365429e-09
5.441176e-01 1.470588e-02 3.294814e-09
5.539216e-01 1.470588e-02 2.238851e-09
5.637255e-01 1.470588e-02 1.383586e-09
5.735294e-01 1.470588e-02 6.551794e-10
5.833333e-01 1.470588e-02 3.742591e-10
5.931373e-01 1.470588e-02 1.724991e-10
6.029412e-01 1.470588e-02 1.343649e-12
6.127451e-01 1.470588e-02 1.705015e-10
6.225490e-01 1.470588e-02 2.687654e-10
6.323529e-01 1.470588e-02 5.126571e-11
6.421569e-01 1.470588e-02 -2.895893e-11
6.519608e-01 1.470588e-02 -1.434410e-11
6.617647e-01 1.470588e-02 -1.711358e-10
6.715686e-01 1.470588e-02 -1.367896e-10
6.813725e-01 1.470588e-02 1.388500e-10
6.911765e-01 1.470588e-02 1.624290e-10
7.009804e-01 1.470588e-02 3.610866e-11
7.107843e-01 1.470588e-02 8.314223e-11
7.205882e-01 1.470588e-02 1.836726e-11
7.303922e-01 1.470588e-02 -2.198079e-10
7.401961e-01 1.470588e-02 -1.869969e-10
7.500000e-01 1.470588e-02 3.122249e-11
7.598039e-01 1.470588e-02 3.838230e-11
7.696078e-01 1.470588e-02 3.422764e-11
7.794118e-01 1.470588e-02 2.114742e-10
7.892157e-01 1.470588e-02 2.018073e-10
7.990196e-01 1.470588e-02 -5.804261e-11
8.088235e-01 1.470588e-02 -1.437290e-10
8.186275e-01 1.470588e-02 -7.335676e-11
8.284314e-01 1.470588e-02 -1.654631e-10
8.382353e-01 1.470588e-02 -2.209855e-10
8.480392e-01 1.470588e-02 2.034889e-11
8.578431e-01 1.470588e-02 2.327483e-10
8.676471e-01 1.470588e-02 1.356781e-10
8.774510e-01 1.470588e-02 2.659777e-11
8.872549e-01 1.470588e-02 3.973649e-11
8.970588e-01 1.470588e-02 -3.342790e-11
9.068627e-01 1.470588e-02 -1.464818e-10
9.166667e-01 1.470588e-02 1.921259e-10
9.264706e-01 1.470588e-02 7.669224e-10
9.362745e-01 1.470588e-02 1.046076e-09
9.460784e-01 1.470588e-02 4.223552e-10
9.558824e-01 1.470588e-02 -8.377018e-10
9.656863e-01 1.470588e-02 -3.006970e-09
9.754902e-01 1.470588e-02 -5.023287e-09
9.852941e-01 1.470588e-02 -5.689283e-09
9.950980e-01 1.470588e-02 -2.219349e-09
4.901961e-03 2.450980e-02 -2.860328e-07
1.470588e-02 2.450980e-02 5.547127e-09
2.450980e-02 2.450980e-02 5.381186e-07
3.431373e-02 2.450980e-02 1.238175e-06
4.411765e-02 2.450980e-02 1.775738e-06
5.392157e-02 2.450980e-02 1.759001e-06
6.372549e-02 2.450980e-02 6.495160e-07
7.352941e-02 2.450980e-02 -1.898168e-06
8.333333e-02 2.450980e-02 -5.860412e-06
9.313725e-02 2.450980e-02 -1.058372e-05
1.029412e-01 2.450980e-02 -1.461316e-05
1.127451e-01 2.450980e-02 -1.576689e-05
1.225490e-01 2.450980e-02 -1.116694e-05
1.323529e-01 2.450980e-02 2.260175e-06
1.421569e-01 2.450980e-02 2.737540e-05
1.519608e-01 2.450980e-02 6.621586e-05
1.617647e-01 2.450980e-02 1.195207e-04
1.715686e-01 2.450980e-02 1.864877e-04
1.813725e-01 2.450980e-02 2.645620e-04
1.911765e-01 2.450980e-02 3.497127e-04
2.009804e-01 2.450980e-02 4.367793e-04
2.107843e-01 2.450980e-02 5.200770e-04
2.205882e-01 2.450980e-02 5.940968e-04
2.303922e-01 2.450980e-02 6.540037e-04
2.401961e-01 2.450980e-02 6.962243e-04
2.500000e-01 2.450980e-02 7.187112e-04
2.598039e-01 2.450980e-02 7.210290e-04
2.696078e-01 2.450980e-02 7.043140e-04
2.794118e-01 2.450980e-02 6.709016e-04
2.892157e-01 2.450980e-02 6.240266e-04
2.990196e-01 2.450980e-02 5.674310e-04
3.088235e-01 2.450980e-02 5.049117e-04
3.186275e-01 2.450980e-02 4.400689e-04
3.284314e-01 2.450980e-02 3.759950e-04
3.382353e-01 2.450980e-02 3.151242e-04
3.480392e-01 2.450980e-02 2.592562e-04
3.578431e-01 2.450980e-02 2.094966e-04
3.676471e-01 2.450980e-02 1.663626e-04
3.774510e-01 2.450980e-02 1.299109e-04
3.872549e-01 2.450980e-02 9.978812e-05
3.970588e-01 2.450980e-02 7.542284e-05
4.068627e-01 2.450980e-02 5.613094e-05
4.166667e-01 2.450980e-02 4.113829e-05
4.264706e-01 2.450980e-02 2.970805e-05
4.362745e-01 2.450980e-02 2.115549e-05
4.460784e-01 2.450980e-02 1.484206e-05
4.558824e-01 2.450980e-02 1.026291e-05
4.656863e-01 2.450980e-02 7.006544e-06
4.754902e-01 2.450980e-02 4.715536e-06
4.852941e-01 2.450980e-02 3.136816e-06
4.950980e-01 2.450980e-02 2.068914e-06
5.049020e-01 2.450980e-02 1.337137e-06
5.147059e-01 2.450980e-02 8.483372e-07
5.245098e-01 2.450980e-02 5.372556e-07
5.343137e-01 2.450980e-02 3.325271e-07
5.441176e-01 2.450980e-02 2.063957e-07
5.539216e-01 2.450980e-02 1.365834e-07
5.637255e-01 2.450980e-02 8.206756e-08
5.735294e-01 2.450980e-02 4.113899e-08
5.833333e-01 2.450980e-02 2.383685e-08
5.931373e-01 2.450980e-02 1.122394e-08
6.029412e-01 2.450980e-02 3.555092e-09
6.127451e-01 2.450980e-02 1.117306e-08
6.225490e-01 2.450980e-02 1.293498e-08
6.323529e-01 2.450980e-02 2.071993e-09
6.421569e-01 2.450980e-02 -1.386042e-09
6.519608e-01 2.450980e-02 -2.118608e-09
6.617647e-01 2.450980e-02 -8.728319e-09
6.715686e-01 2.450980e-02 -4.600585e-09
6.813725e-01 2.450980e-02 7.802597e-09
6.911765e-01 2.450980e-02 7.684942e-09
7.009804e-01 2.450980e-02 2.523471e-09
7.107843e-01 2.450980e-02 3.719522e-09
7.205882e-01 2.450980e-02 -1.555468e-09
7.303922e-01 2.450980e-02 -1.164862e-08
7.401961e-01 2.450980e-02 -8.189420e-09
7.500000e-01 2.450980e-02 1.506521e-09
7.598039e-01 2.450980e-02 2.320061e-09
7.696078e-01 2.450980e-02 4.188312e-09
7.794118e-01 2.450980e-02 1.158904e-08
7.892157e-01 2.450980e-02 8.481288e-09
7.990196e-01 2.450980e-02 -3.750896e-09
8.088235e-01 2.450980e-02 -7.413535e-09
8.186275e-01 2.450980e-02 -5.774415e-09
8.284314e-01 2.450980e-02 -9.921429e-09
8.382353e-01 2.450980e-02 -9.391716e-09
8.480392e-01 2.450980e-02 3.011508e-09
8.578431e-01 2.450980e-02 1.125496e-08
8.676471e-01 2.450980e-02 6.141896e-09
8.774510e-01 2.450980e-02 1.481502e-09
8.872549e-01 2.450980e-02 9.353197e-10
8.970588e-01 2.450980e-02 -1.309482e-09
9.068627e-01 2.450980e-02 -1.275997e-10
9.166667e-01 2.450980e-02 2.331928e-08
9.264706e-01 2.450980e-02 4.927393e-08
9.362745e-01 2.450980e-02 5.169281e-08
9.460784e-01 2.450980e-02 -1.105526e-09
9.558824e-01 2.450980e-02 -9.137714e-08
9.656863e-01 2.450980e-02 -2.233222e-07
9.754902e-01 2.450980e-02 -3.133288e-07
9.852941e-01 2.450980e-02 -2.860328e-07
9.950980e-01 2.450980e-02 5.547127e-09
4.901961e-03 3.431373e-02 -6.530022e-07
1.470588e-02 3.431373e-02 1.702831e-08
2.450980e-02 3.431373e-02 1.238175e-06
3.431373e-02 3.431373e-02 2.840990e-06
4.411765e-02 3.431373e-02 4.068638e-06
5.392157e-02 3.431373e-02 4.023138e-06
6.372549e-02 3.431373e-02 1.472131e-06
7.352941e-02 3.431373e-02 -4.372993e-06
8.333333e-02 3.431373e-02 -1.345453e-05
9.313725e-02 3.431373e-02 -2.427172e-05
1.029412e-01 3.431373e-02 -3.348868e-05
1.127451e-01 3.431373e-02 -3.610576e-05
1.225490e-01 3.431373e-02 -2.553145e-05
1.323529e-01 3.431373e-02 5.270452e-06
1.421569e-01 3.431373e-02 6.284686e-05
1.519608e-01 3.431373e-02 1.518562e-04
1.617647e-01 3.431373e-02 2.739834e-04
1.715686e-01 3.431373e-02 4.273843e-04
1.813725e-01 3.431373e-02 6.062018e-04
1.911765e-01 3.431373e-02 8.012014e-04
2.009804e-01 3.431373e-02 1.000566e-03
2.107843e-01 3.431373e-02 1.191278e-03
2.205882e-01 3.431373e-02 1.360728e-03
2.303922e-01 3.431373e-02 1.497849e-03
2.401961e-01 3.431373e-02 1.594465e-03
2.500000e-01 3.431373e-02 1.645893e-03
2.598039e-01 3.431373e-02 1.651141e-03
2.696078e-01 3.431373e-02 1.612816e-03
2.794118e-01 3.431373e-02 1.536266e-03
2.892157e-01 3.431373e-02 1.428899e-03
2.990196e-01 3.431373e-02 1.299285e-03
3.088235e-01 3.431373e-02 1.156115e-03
3.186275e-01 3.431373e-02 1.007633e-03
3.284314e-01 3.431373e-02 8.609155e-04
3.382353e-01 3.431373e-02 7.215367e-04
3.480392e-01 3.431373e-02 5.936153e-04
3.578431e-01 3.431373e-02 4.796818e-04
3.676471e-01 3.431373e-02 3.809193e-04
3.774510e-01 3.431373e-02 2.974575e-04
3.872549e-01 3.431373e-02 2.284864e-04
3.970588e-01 3.431373e-02 1.726982e-04
4.068627e-01 3.431373e-02 1.285261e-04
4.166667e-01 3.431373e-02 9.419764e-05
4.264706e-01 3.431373e-02 6.802575e-05
4.362745e-01 3.431373e-02 4.844250e-05
4.460784e-01 3.431373e-02 3.398621e-05
4.558824e-01 3.431373e-02 2.350103e-05
4.656863e-01 3.431373e-02 1.604455e-05
4.754902e-01 3.431373e-02 1.079850e-05
4.852941e-01 3.431373e-02 7.183408e-06
4.950980e-01 3.431373e-02 4.737830e-06
5.049020e-01 3.431373e-02 3.062069e-06
5.147059e-01 3.431373e-02 1.942837e-06
5.245098e-01 3.431373e-02 1.230431e-06
5.343137e-01 3.431373e-02 7.616055e-07
5.441176e-01 3.431373e-02 4.727822e-07
5.539216e-01 3.431373e-02 3.127516e-07
5.637255e-01 3.431373e-02 1.878532e-07
5.735294e-01 3.431373e-02 9.424328e-08
5.833333e-01 3.431373e-02 5.461486e-08
5.931373e-01 3.431373e-02 2.572540e-08
6.029412e-01 3.431373e-02 8.247962e-09
6.127451e-01 3.431373e-02 2.560185e-08
6.225490e-01 3.431373e-02 2.950998e-08
6.323529e-01 3.431373e-02 4.715738e-09
6.421569e-01 3.431373e-02 -3.161043e-09
6.519608e-01 3.431373e-02 -4.887932e-09
6.617647e-01 3.431373e-02 -1.992926e-08
6.715686e-01 3.431373e-02 -1.042137e-08
6.813725e-01 3.431373e-02 1.783975e-08
6.911765e-01 3.431373e-02 1.752832e-08
7.009804e-01 3.431373e-02 5.789320e-09
7.107843e-01 3.431373e-02 8.473895e-09
7.205882e-01 3.431373e-02 -3.640878e-09
7.303922e-01 3.431373e-02 -2.661314e-08
7.401961e-01 3.431373e-02 -1.865443e-08
7.500000e-01 3.431373e-02 3.433503e-09
7.598039e-01 3.431373e-02 5.312210e-09
7.696078e-01 3.431373e-02 9.653449e-09
7.794118e-01 3.431373e-02 2.649125e-08
7.892157e-01 3.431373e-02 1.930351e-08
7.990196e-01 3.431373e-02 -8.589678e-09
8.088235e-01 3.431373e-02 -1.693271e-08
8.186275e-01 3.431373e-02 -1.326262e-08
8.284314e-01 3.431373e-02 -2.270898e-08
8.382353e-01 3.431373e-02 -2.137841e-08
8.480392e-01 3.431373e-02 6.943756e-09
8.578431e-01 3.431373e-02 2.567646e-08
8.676471e-01 3.431373e-02 1.400003e-08
8.774510e-01 3.431373e-02 3.389800e-09
8.872549e-01 3.431373e-02 2.096667e-09
8.970588e-01 3.431373e-02 -2.970519e-09
9.068627e-01 3.431373e-02 -1.724737e-11
9.166667e-01 3.431373e-02 5.374315e-08
9.264706e-01 3.431373e-02 1.128823e-07
9.362745e-01 3.431373e-02 1.179763e-07
9.460784e-01 3.431373e-02 -3.358294e-09
9.558824e-01 3.431373e-02 -2.104480e-07
9.656863e-01 3.431373e-02 -5.125263e-07
9.754902e-01 3.431373e-02 -7.175781e-07
9.852941e-01 3.431373e-02 -6.530022e-07
9.950980e-01 3.431373e-02 1.702831e-08
4.901961e-03 4.411765e-02 -9.327804e-07
1.470588e-02 4.411765e-02 2.751859e-08
2.450980e-02 4.411765e-02 1.775738e-06
3.431373e-02 4.411765e-02 4.068638e-06
4.411765e-02 4.411765e-02 5.822611e-06
5.392157e-02 4.411765e-02 5.752408e-06
6.372549e-02 4.411765e-02 2.095468e-06
7.352941e-02 4.411765e-02 -6.274639e-06
8.333333e-02 4.411765e-02 -1.927281e-05
9.313725e-02 4.411765e-02 -3.474910e-05
1.029412e-01 4.411765e-02 -4.792840e-05
1.127451e-01 4.411765e-02 -5.165602e-05
1.225490e-01 4.411765e-02 -3.650180e-05
1.323529e-01 4.411765e-02 7.598403e-06
1.421569e-01 4.411765e-02 9.000685e-05
1.519608e-01 4.411765e-02 2.173827e-04
1.617647e-01 4.411765e-02 3.921312e-04
1.715686e-01 4.411765e-02 6.116081e-04
1.813725e-01 4.411765e-02 8.674304e-04
1.911765e-01 4.411765e-02 1.146385e-03
2.009804e-01 4.411765e-02 1.431567e-03
2.107843e-01 4.411765e-02 1.704357e-03
2.205882e-01 4.411765e-02 1.946718e-03
2.303922e-01 4.411765e-02 2.142824e-03
2.401961e-01 4.411765e-02 2.280984e-03
2.500000e-01 4.411765e-02 2.354504e-03
2.598039e-01 4.411765e-02 2.361968e-03
2.696078e-01 4.411765e-02 2.307106e-03
2.794118e-01 4.411765e-02 2.197574e-03
2.892157e-01 4.411765e-02 2.043967e-03
2.990196e-01 4.411765e-02 1.858544e-03
3.088235e-01 4.411765e-02 1.653737e-03
3.186275e-01 4.411765e-02 1.441336e-03
3.284314e-01 4.411765e-02 1.231464e-03
3.382353e-01 4.411765e-02 1.032092e-03
3.480392e-01 4.411765e-02 8.491109e-04
3.578431e-01 4.411765e-02 6.861396e-04
3.676471e-01 4.411765e-02 5.448696e-04
3.774510e-01 4.411765e-02 4.254859e-04
3.872549e-01 4.411765e-02 3.268299e-04
3.970588e-01 4.411765e-02 2.470306e-04
4.068627e-01 4.411765e-02 1.838468e-04
4.166667e-01 4.411765e-02 1.347432e-04
4.264706e-01 4.411765e-02 9.730669e-05
4.362745e-01 4.411765e-02 6.929438e-05
4.460784e-01 4.411765e-02 4.861569e-05
4.558824e-01 4.411765e-02 3.361743e-05
4.656863e-01 4.411765e-02 2.295137e-05
4.754902e-01 4.411765e-02 1.544716e-05
4.852941e-01 4.411765e-02 1.027591e-05
4.950980e-01 4.411765e-02 6.777458e-06
5.049020e-01 4.411765e-02 4.380287e-06
5.147059e-01 4.411765e-02 2.779320e-06
5.245098e-01 4.411765e-02 1.760209e-06
5.343137e-01 4.411765e-02 1.089557e-06
5.441176e-01 4.411765e-02 6.764150e-07
5.539216e-01 4.411765e-02 4.473733e-07
5.637255e-01 4.411765e-02 2.686587e-07
5.735294e-01 4.411765e-02 1.348373e-07
5.833333e-01 4.411765e-02 7.814660e-08
5.931373e-01 4.411765e-02 3.681453e-08
6.029412e-01 4.411765e-02 1.187933e-08
6.127451e-01 4.411765e-02 3.663971e-08
6.225490e-01 4.411765e-02 4.213125e-08
6.323529e-01 4.411765e-02 6.721665e-09
6.421569e-01 4.411765e-02 -4.512366e-09
6.519608e-01 4.411765e-02 -7.021551e-09
6.617647e-01 4.411765e-02 -2.846798e-08
6.715686e-01 4.411765e-02 -1.481984e-08
6.813725e-01 4.411765e-02 2.550241e-08
6.911765e-01 4.411765e-02 2.502139e-08
7.009804e-01 4.411765e-02 8.290047e-09
7.107843e-01 4.411765e-02 1.209034e-08
7.205882e-01 4.411765e-02 -5.270842e-09
7.303922e-01 4.411765e-02 -3.802728e-08
7.401961e-01 4.411765e-02 -2.660939e-08
7.500000e-01 4.411765e-02 4.900566e-09
7.598039e-01 4.411765e-02 7.597776e-09
7.696078e-01 4.411765e-02 1.385864e-08
7.794118e-01 4.411765e-02 3.786407e-08
7.892157e-01 4.411765e-02 2.752355e-08
7.990196e-01 4.411765e-02 -1.229050e-08
8.088235e-01 4.411765e-02 -2.418887e-08
8.186275e-01 4.411765e-02 -1.900291e-08
8.284314e-01 4.411765e-02 -3.248092e-08
8.382353e-01 4.411765e-02 -3.048507e-08
8.480392e-01 4.411765e-02 9.973492e-09
8.578431e-01 4.411765e-02 3.665899e-08
8.676471e-01 4.411765e-02 1.997638e-08
8.774510e-01 4.411765e-02 4.845276e-09
8.872549e-01 4.411765e-02 2.961504e-09
8.970588e-01 4.411765e-02 -4.235624e-09
9.068627e-01 4.411765e-02 1.811476e-10
9.166667e-01 4.411765e-02 7.715351e-08
9.264706e-01 4.411765e-02 1.615430e-07
9.362745e-01 4.411765e-02 1.684959e-07
9.460784e-01 4.411765e-02 -5.410457e-09
9.558824e-01 4.411765e-02 -3.019701e-07
9.656863e-01 4.411765e-02 -7.341038e-07
9.754902e-01 4.411765e-02 -1.026696e-06
9.852941e-01 4.411765e-02 -9.327804e-07
9.950980e-01 4.411765e-02 2.751859e-08
4.901961e-03 5.392157e-02 -9.193974e-07
1.470588e-02 5.392157e-02 3.108020e-08
2.450980e-02 5.392157e-02 1.759001e-06
3.431373e-02 5.392157e-02 4.023138e-06
4.411765e-02 5.392157e-02 5.752408e-06
5.392157e-02 5.392157e-02 5.676914e-06
6.372549e-02 5.392157e-02 2.056758e-06
7.352941e-02 5.392157e-02 -6.218212e-06
8.333333e-02 5.392157e-02 -1.906090e-05
9.313725e-02 5.392157e-02 -3.434483e-05
1.029412e-01 5.392157e-02 -4.735172e-05
1.127451e-01 5.392157e-02 -5.101446e-05
1.225490e-01 5.392157e-02 -3.602140e-05
1.323529e-01 5.392157e-02 7.562321e-06
1.421569e-01 5.392157e-02 8.897612e-05
1.519608e-01 5.392157e-02 2.147887e-04
1.617647e-01 5.392157e-02 3.873680e-04
1.715686e-01 5.392157e-02 6.040964e-04
1.813725e-01 5.392157e-02 8.566915e-04
1.911765e-01 5.392157e-02 1.132105e-03
2.009804e-01 5.392157e-02 1.413645e-03
2.107843e-01 5.392157e-02 1.682932e-03
2.205882e-01 5.392157e-02 1.922160e-03
2.303922e-01 5.392157e-02 2.115713e-03
2.401961e-01 5.392157e-02 2.252051e-03
2.500000e-01 5.392157e-02 2.324574e-03
2.598039e-01 5.392157e-02 2.331888e-03
2.696078e-01 5.392157e-02 2.277679e-03
2.794118e-01 5.392157e-02 2.169505e-03
2.892157e-01 5.392157e-02 2.017832e-03
2.990196e-01 5.392157e-02 1.834758e-03
3.088235e-01 5.392157e-02 1.632556e-03
3.186275e-01 5.392157e-02 1.422864e-03
3.284314e-01 5.392157e-02 1.215675e-03
3.382353e-01 5.392157e-02 1.018855e-03
3.480392e-01 5.392157e-02 8.382186e-04
3.578431e-01 5.392157e-02 6.773371e-04
3.676471e-01 5.392157e-02 5.378797e-04
3.774510e-01 5.392157e-02 4.200281e-04
3.872549e-01 5.392157e-02 3.226382e-04
3.970588e-01 5.392157e-02 2.438633e-04
4.068627e-01 5.392157e-02 1.814905e-04
4.166667e-01 5.392157e-02 1.330170e-04
4.264706e-01 5.392157e-02 9.606074e-05
4.362745e-01 5.392157e-02 6.840748e-05
4.460784e-01 5.392157e-02 4.799376e-05
4.558824e-01 5.392157e-02 3.318772e-05
4.656863e-01 5.392157e-02 2.265821e-05
4.754902e-01 5.392157e-02 1.525003e-05
4.852941e-01 5.392157e-02 1.014492e-05
4.950980e-01 5.392157e-02 6.691008e-06
5.049020e-01 5.392157e-02 4.324408e-06
5.147059e-01 5.392157e-02 2.743981e-06
5.245098e-01 5.392157e-02 1.737851e-06
5.343137e-01 5.392157e-02 1.075759e-06
5.441176e-01 5.392157e-02 6.679168e-07
5.539216e-01 5.392157e-02 4.416487e-07
5.637255e-01 5.392157e-02 2.651453e-07
5.735294e-01 5.392157e-02 1.331415e-07
5.833333e-01 5.392157e-02 7.717438e-08
5.931373e-01 5.392157e-02 3.636013e-08
6.029412e-01 5.392157e-02 1.183108e-08
6.127451e-01 5.392157e-02 3.619973e-08
6.225490e-01 5.392157e-02 4.148979e-08
6.323529e-01 5.392157e-02 6.601823e-09
6.421569e-01 5.392157e-02 -4.443096e-09
6.519608e-01 5.392157e-02 -6.972014e-09
6.617647e-01 5.392157e-02 -2.805738e-08
6.715686e-01 5.392157e-02 -1.451582e-08
6.813725e-01 5.392157e-02 2.516059e-08
6.911765e-01 5.392157e-02 2.463478e-08
7.009804e-01 5.392157e-02 8.195390e-09
7.107843e-01 5.392157e-02 1.189786e-08
7.205882e-01 5.392157e-02 -5.287659e-09
7.303922e-01 5.392157e-02 -3.749334e-08
7.401961e-01 5.392157e-02 -2.617195e-08
7.500000e-01 5.392157e-02 4.826132e-09
7.598039e-01 5.392157e-02 7.498063e-09
7.696078e-01 5.392157e-02 1.374807e-08
7.794118e-01 5.392157e-02 3.734655e-08
7.892157e-01 5.392157e-02 2.705648e-08
7.990196e-01 5.392157e-02 -1.214180e-08
8.088235e-01 5.392157e-02 -2.383786e-08
8.186275e-01 5.392157e-02 -1.880101e-08
8.284314e-01 5.392157e-02 -3.206667e-08
8.382353e-01 5.392157e-02 -2.997320e-08
8.480392e-01 5.392157e-02 9.904531e-09
8.578431e-01 5.392157e-02 3.610386e-08
8.676471e-01 5.392157e-02 1.965447e-08
8.774510e-01 5.392157e-02 4.776337e-09
8.872549e-01 5.392157e-02 2.871099e-09
8.970588e-01 5.392157e-02 -4.173951e-09
9.068627e-01 5.392157e-02 4.390426e-10
9.166667e-01 5.392157e-02 7.653970e-08
9.264706e-01 5.392157e-02 1.596055e-07
9.362745e-01 5.392157e-02 1.660443e-07
9.460784e-01 5.392157e-02 -6.095281e-09
9.558824e-01 5.392157e-02 -2.993297e-07
9.656863e-01 5.392157e-02 -7.260512e-07
9.754902e-01 5.392157e-02 -1.014061e-06
9.852941e-01 5.392157e-02 -9.193974e-07
9.950980e-01 5.392157e-02 3.108020e-08
4.901961e-03 6.372549e-02 -3.309067e-07
1.470588e-02 6.372549e-02 1.863585e-08
2.450980e-02 6.372549e-02 6.495160e-07
3.431373e-02 6.372549e-02 1.472131e-06
4.411765e-02 6.372549e-02 2.095468e-06
5.392157e-02 6.372549e-02 2.056758e-06
6.372549e-02 6.372549e-02 7.250682e-07
7.352941e-02 6.372549e-02 -2.298834e-06
8.333333e-02 6.372549e-02 -6.977691e-06
9.313725e-02 6.372549e-02 -1.253299e-05
1.029412e-01 6.372549e-02 -1.724595e-05
1.127451e-01 6.372549e-02 -1.854665e-05
1.225490e-01 6.372549e-02 -1.305490e-05
1.323529e-01 6.372549e-02 2.830416e-06
1.421569e-01 6.372549e-02 3.245328e-05
1.519608e-01 6.372549e-02 7.818515e-05
1.617647e-01 6.372549e-02 1.408720e-04
1.715686e-01 6.372549e-02 2.195509e-04
1.813725e-01 6.372549e-02 3.112062e-04
1.911765e-01 6.372549e-02 4.110984e-04
2.009804e-01 6.372549e-02 5.131720e-04
2.107843e-01 6.372549e-02 6.107645e-04
2.205882e-01 6.372549e-02 6.974257e-04
2.303922e-01 6.372549e-02 7.675017e-04
2.401961e-01 6.372549e-02 8.168206e-04
2.500000e-01 6.372549e-02 8.429994e-04
2.598039e-01 6.372549e-02 8.455433e-04
2.696078e-01 6.372549e-02 8.257956e-04
2.794118e-01 6.372549e-02 7.865010e-04
2.892157e-01 6.372549e-02 7.314559e-04
2.990196e-01 6.372549e-02 6.650465e-04
3.088235e-01 6.372549e-02 5.917208e-04
3.186275e-01 6.372549e-02 5.156942e-04
3.284314e-01 6.372549e-02 4.405854e-04
3.382353e-01 6.372549e-02 3.692435e-04
3.480392e-01 6.372549e-02 3.037733e-04
3.578431e-01 6.372549e-02 2.454665e-04
3.676471e-01 6.372549e-02 1.949266e-04
3.774510e-01 6.372549e-02 1.522176e-04
3.872549e-01 6.372549e-02 1.169244e-04
3.970588e-01 6.372549e-02 8.837759e-05
4.068627e-01 6.372549e-02 6.577461e-05
4.166667e-01 6.372549e-02 4.820839e-05
4.264706e-01 6.372549e-02 3.481572e-05
4.362745e-01 6.372549e-02 2.479382e-05
4.460784e-01 6.372549e-02 1.739549e-05
4.558824e-01 6.372549e-02 1.202962e-05
4.656863e-01 6.372549e-02 8.213355e-06
4.754902e-01 6.372549e-02 5.528292e-06
4.852941e-01 6.372549e-02 3.677909e-06
4.950980e-01 6.372549e-02 2.425630e-06
5.049020e-01 6.372549e-02 1.567654e-06
5.147059e-01 6.372549e-02 9.949481e-07
5.245098e-01 6.372549e-02 6.301811e-07
5.343137e-01 6.372549e-02 3.901661e-07
5.441176e-01 6.372549e-02 2.423894e-07
5.539216e-01 6.372549e-02 1.600822e-07
5.637255e-01 6.372549e-02 9.594450e-08
5.735294e-01 6.372549e-02 4.830231e-08
5.833333e-01 6.372549e-02 2.802265e-08
5.931373e-01 6.372549e-02 1.320340e-08
6.029412e-01 6.372549e-02 4.490656e-09
6.127451e-01 6.372549e-02 1.319272e-08
6.225490e-01 6.372549e-02 1.484272e-08
6.323529e-01 6.372549e-02 2.318744e-09
6.421569e-01 6.372549e-02 -1.589179e-09
6.519608e-01 6.372549e-02 -2.611245e-09
6.617647e-01 6.372549e-02 -1.009038e-08
6.715686e-01 6.372549e-02 -5.031986e-09
6.813725e-01 6.372549e-02 9.103272e-09
6.911765e-01 6.372549e-02 8.799562e-09
7.009804e-01 6.372549e-02 2.992739e-09
7.107843e-01 6.372549e-02 4.243602e-09
7.205882e-01 6.372549e-02 -2.090381e-09
7.303922e-01 6.372549e-02 -1.351131e-08
7.401961e-01 6.372549e-02 -9.293906e-09
7.500000e-01 6.372549e-02 1.732534e-09
7.598039e-01 6.372549e-02 2.710306e-09
7.696078e-01 6.372549e-02 5.119922e-09
7.794118e-01 6.372549e-02 1.348598e-08
7.892157e-01 6.372549e-02 9.580522e-09
7.990196e-01 6.372549e-02 -4.428589e-09
8.088235e-01 6.372549e-02 -8.559795e-09
8.186275e-01 6.372549e-02 -6.896952e-09
8.284314e-01 6.372549e-02 -1.163798e-08
8.382353e-01 6.372549e-02 -1.062796e-08
8.480392e-01 6.372549e-02 3.720347e-09
8.578431e-01 6.372549e-02 1.292696e-08
8.676471e-01 6.372549e-02 6.988724e-09
8.774510e-01 6.372549e-02 1.712315e-09
8.872549e-01 6.372549e-02 9.290987e-10
8.970588e-01 6.372549e-02 -1.520883e-09
9.068627e-01 6.372549e-02 6.585069e-10
9.166667e-01 6.372549e-02 2.851458e-08
9.264706e-01 6.372549e-02 5.819170e-08
9.362745e-01 6.372549e-02 5.969853e-08
9.460784e-01 6.372549e-02 -3.634631e-09
9.558824e-01 6.372549e-02 -1.109461e-07
9.656863e-01 6.372549e-02 -2.660299e-07
9.754902e-01 6.372549e-02 -3.689731e-07
9.852941e-01 6.372549e-02 -3.309067e-07
9.950980e-01 6.372549e-02 1.863585e-08
4.901961e-03 7.352941e-02 1.012250e-06
1.470588e-02 7.352941e-02 -1.673941e-08
2.450980e-02 7.352941e-02 -1.898168e-06
3.431373e-02 7.352941e-02 -4.372993e-06
4.411765e-02 7.352941e-02 -6.274639e-06
5.392157e-02 7.352941e-02 -6.218212e-06
6.372549e-02 7.352941e-02 -2.298834e-06
7.352941e-02 7.352941e-02 6.706743e-06
8.333333e-02 7.352941e-02 2.071635e-05
9.313725e-02 7.352941e-02 3.741877e-05
1.029412e-01 7.352941e-02 5.166563e-05
1.127451e-01 7.352941e-02 5.573505e-05
1.225490e-01 7.352941e-02 3.943875e-05
1.323529e-01 7.352941e-02 -8.106378e-06
1.421569e-01 7.352941e-02 -9.703364e-05
1.519608e-01 7.352941e-02 -2.345616e-04
1.617647e-01 7.352941e-02 -4.233137e-04
1.715686e-01 7.352941e-02 -6.604567e-04
1.813725e-01 7.352941e-02 -9.369495e-04
1.911765e-01 7.352941e-02 -1.238522e-03
2.009804e-01 7.352941e-02 -1.546901e-03
2.107843e-01 7.352941e-02 -1.841952e-03
2.205882e-01 7.352941e-02 -2.104162e-03
2.303922e-01 7.352941e-02 -2.316403e-03
2.401961e-01 7.352941e-02 -2.466010e-03
2.500000e-01 7.352941e-02 -2.545726e-03
2.598039e-01 7.352941e-02 -2.554001e-03
2.696078e-01 7.352941e-02 -2.494855e-03
2.794118e-01 7.352941e-02 -2.376555e-03
2.892157e-01 7.352941e-02 -2.210556e-03
2.990196e-01 7.352941e-02 -2.010112e-03
3.088235e-01 7.352941e-02 -1.788673e-03
3.186275e-01 7.352941e-02 -1.558991e-03
3.284314e-01 7.352941e-02 -1.332024e-03
3.382353e-01 7.352941e-02 -1.116395e-03
3.480392e-01 7.352941e-02 -9.184831e-04
3.578431e-01 7.352941e-02 -7.422057e-04
3.676471e-01 7.352941e-02 -5.893962e-04
3.774510e-01 7.352941e-02 -4.602582e-04
3.872549e-01 7.352941e-02 -3.535400e-04
3.970588e-01 7.352941e-02 -2.672180e-04
4.068627e-01 7.352941e-02 -1.988692e-04
4.166667e-01 7.352941e-02 -1.457517e-04
4.264706e-01 7.352941e-02 -1.052550e-04
4.362745e-01 7.352941e-02 -7.495374e-05
4.460784e-01 7.352941e-02 -5.258557e-05
4.558824e-01 7.352941e-02 -3.636157e-05
4.656863e-01 7.352941e-02 -2.482422e-05
4.754902e-01 7.352941e-02 -1.670714e-05
4.852941e-01 7.352941e-02 -1.111360e-05
4.950980e-01 7.352941e-02 -7.330160e-06
5.049020e-01 7.352941e-02 -4.737610e-06
5.147059e-01 7.352941e-02 -3.005661e-06
5.245098e-01 7.352941e-02 -1.903463e-06
5.343137e-01 7.352941e-02 -1.178107e-06
5.441176e-01 7.352941e-02 -7.311047e-07
5.539216e-01 7.352941e-02 -4.838775e-07
5.637255e-01 7.352941e-02 -2.909051e-07
5.735294e-01 7.352941e-02 -1.457928e-07
5.833333e-01 7.352941e-02 -8.444226e-08
5.931373e-01 7.352941e-02 -3.979233e-08
6.029412e-01 7.352941e-02 -1.247977e-08
6.127451e-01 7.352941e-02 -3.946546e-08
6.225490e-01 7.352941e-02 -4.591802e-08
6.323529e-01 7.352941e-02 -7.423868e-09
6.421569e-01 7.352941e-02 4.916251e-09
6.519608e-01 7.352941e-02 7.429464e-09
6.617647e-01 7.352941e-02 3.091244e-08
6.715686e-01 7.352941e-02 1.646172e-08
6.813725e-01 7.352941e-02 -2.758322e-08
6.911765e-01 7.352941e-02 -2.729975e-08
7.009804e-01 7.352941e-02 -8.927247e-09
7.107843e-01 7.352941e-02 -1.319307e-08
7.205882e-01 7.352941e-02 5.363517e-09
7.303922e-01 7.352941e-02 4.124401e-08
7.401961e-01 7.352941e-02 2.913951e-08
7.500000e-01 7.352941e-02 -5.316355e-09
7.598039e-01 7.352941e-02 -8.236258e-09
7.696078e-01 7.352941e-02 -1.472645e-08
7.794118e-01 7.352941e-02 -4.101747e-08
7.892157e-01 7.352941e-02 -3.018827e-08
7.990196e-01 7.352941e-02 1.321798e-08
8.088235e-01 7.352941e-02 2.630790e-08
8.186275e-01 7.352941e-02 2.040029e-08
8.284314e-01 7.352941e-02 3.507839e-08
8.382353e-01 7.352941e-02 3.340095e-08
8.480392e-01 7.352941e-02 -1.051466e-08
8.578431e-01 7.352941e-02 -3.992187e-08
8.676471e-01 7.352941e-02 -2.186610e-08
8.774510e-01 7.352941e-02 -5.286493e-09
8.872549e-01 7.352941e-02 -3.423788e-09
8.970588e-01 7.352941e-02 4.521688e-09
9.068627e-01 7.352941e-02 6.984586e-10
9.166667e-01 7.352941e-02 -8.195221e-08
9.264706e-01 7.352941e-02 -1.739260e-07
9.362745e-01 7.352941e-02 -1.829591e-07
9.460784e-01 7.352941e-02 3.325892e-09
9.558824e-01 7.352941e-02 3.219924e-07
9.656863e-01 7.352941e-02 7.882720e-07
9.754902e-01 7.352941e-02 1.107032e-06
9.852941e-01 7.352941e-02 1.012250e-06
9.950980e-01 7.352941e-02 -1.673941e-08
4.901961e-03 8.333333e-02 3.095343e-06
1.470588e-02 8.333333e-02 -7.659690e-08
2.450980e-02 8.333333e-02 -5.860412e-06
3.431373e-02 8.333333e-02 -1.345453e-05
4.411765e-02 8.333333e-02 -1.927281e-05
5.392157e-02 8.333333e-02 -1.906090e-05
6.372549e-02 8.333333e-02 -6.977691e-06
7.352941e-02 8.333333e-02 2.071635e-05
8.333333e-02 8.333333e-02 6.374988e-05
9.313725e-02 8.333333e-02 1.150105e-04
1.029412e-01 8.333333e-02 1.586844e-04
1.127451e-01 8.333333e-02 1.710685e-04
1.225490e-01 8.333333e-02 1.209088e-04
1.323529e-01 8.333333e-02 -2.516173e-05
1.421569e-01 8.333333e-02 -2.981945e-04
1.519608e-01 8.333333e-02 -7.202892e-04
1.617647e-01 8.333333e-02 -1.299448e-03
1.715686e-01 8.333333e-02 -2.026935e-03
1.813725e-01 8.333333e-02 -2.874987e-03
1.911765e-01 8.333333e-02 -3.799817e-03
2.009804e-01 8.333333e-02 -4.745384e-03
2.107843e-01 8.333333e-02 -5.649956e-03
2.205882e-01 8.333333e-02 -6.453715e-03
2.303922e-01 8.333333e-02 -7.104173e-03
2.401961e-01 8.333333e-02 -7.562534e-03
2.500000e-01 8.333333e-02 -7.806581e-03
2.598039e-01 8.333333e-02 -7.831595e-03
2.696078e-01 8.333333e-02 -7.649924e-03
2.794118e-01 8.333333e-02 -7.286934e-03
2.892157e-01 8.333333e-02 -6.777757e-03
2.990196e-01 8.333333e-02 -6.163030e-03
3.088235e-01 8.333333e-02 -5.483984e-03
3.186275e-01 8.333333e-02 -4.779716e-03
3.284314e-01 8.333333e-02 -4.083804e-03
3.382353e-01 8.333333e-02 -3.422686e-03
3.480392e-01 8.333333e-02 -2.815902e-03
3.578431e-01 8.333333e-02 -2.275461e-03
3.676471e-01 8.333333e-02 -1.806975e-03
3.774510e-01 8.333333e-02 -1.411065e-03
3.872549e-01 8.333333e-02 -1.083891e-03
3.970588e-01 8.333333e-02 -8.192480e-04
4.068627e-01 8.333333e-02 -6.097066e-04
4.166667e-01 8.333333e-02 -4.468599e-04
4.264706e-01 8.333333e-02 -3.227052e-04
4.362745e-01 8.333333e-02 -2.298057e-04
4.460784e-01 8.333333e-02 -1.612274e-04
4.558824e-01 8.333333e-02 -1.114868e-04
4.656863e-01 8.333333e-02 -7.611398e-05
4.754902e-01 8.333333e-02 -5.122717e-05
4.852941e-01 8.333333e-02 -3.407730e-05
4.950980e-01 8.333333e-02 -2.247588e-05
5.049020e-01 8.333333e-02 -1.452646e-05
5.147059e-01 8.333333e-02 -9.216715e-06
5.245098e-01 8.333333e-02 -5.837042e-06
5.343137e-01 8.333333e-02 -3.612967e-06
5.441176e-01 8.333333e-02 -2.242604e-06
5.539216e-01 8.333333e-02 -1.483580e-06
5.637255e-01 8.333333e-02 -8.913796e-07
5.735294e-01 8.333333e-02 -4.471659e-07
5.833333e-01 8.333333e-02 -2.590764e-07
5.931373e-01 8.333333e-02 -1.220937e-07
6.029412e-01 8.333333e-02 -3.895844e-08
6.127451e-01 8.333333e-02 -1.212344e-07
6.225490e-01 8.333333e-02 -1.401089e-07
6.323529e-01 8.333333e-02 -2.251506e-08
6.421569e-01 8.333333e-02 1.499812e-08
6.519608e-01 8.333333e-02 2.306389e-08
6.617647e-01 8.333333e-02 9.449639e-08
6.715686e-01 8.333333e-02 4.968927e-08
6.813725e-01 8.333333e-02 -8.450076e-08
6.911765e-01 8.333333e-02 -8.325586e-08
7.009804e-01 8.333333e-02 -2.744938e-08
7.107843e-01 8.333333e-02 -4.021045e-08
7.205882e-01 8.333333e-02 1.703374e-08
7.303922e-01 8.333333e-02 1.261724e-07
7.401961e-01 8.333333e-02 8.868436e-08
7.500000e-01 8.333333e-02 -1.623457e-08
7.598039e-01 8.333333e-02 -2.522759e-08
7.696078e-01 8.333333e-02 -4.561667e-08
7.794118e-01 8.333333e-02 -1.255748e-07
7.892157e-01 8.333333e-02 -9.178244e-08
7.990196e-01 8.333333e-02 4.060953e-08
8.088235e-01 8.333333e-02 8.038140e-08
8.186275e-01 8.333333e-02 6.282991e-08
8.284314e-01 8.333333e-02 1.075935e-07
8.382353e-01 8.333333e-02 1.015953e-07
8.480392e-01 8.333333e-02 -3.267126e-08
8.578431e-01 8.333333e-02 -1.218444e-07
8.676471e-01 8.333333e-02 -6.658163e-08
8.774510e-01 8.333333e-02 -1.614735e-08
8.872549e-01 8.333333e-02 -1.011701e-08
8.970588e-01 8.333333e-02 1.387867e-08
9.068627e-01 8.333333e-02 4.210525e-10
9.166667e-01 8.333333e-02 -2.538889e-07
9.264706e-01 8.333333e-02 -5.343762e-07
9.362745e-01 8.333333e-02 -5.592448e-07
9.460784e-01 8.333333e-02 1.508823e-08
9.558824e-01 8.333333e-02 9.955734e-07
9.656863e-01 8.333333e-02 2.426516e-06
9.754902e-01 8.333333e-02 3.398788e-06
9.852941e-01 8.333333e-02 3.095343e-06
9.950980e-01 8.333333e-02 -7.659690e-08
4.901961e-03 9.313725e-02 5.572901e-06
1.470588e-02 9.313725e-02 -1.526485e-07
2.450980e-02 9.313725e-02 -1.058372e-05
3.431373e-02 9.313725e-02 -2.427172e-05
4.411765e-02 9.313725e-02 -3.474910e-05
5.392157e-02 9.313725e-02 -3.434483e-05
6.372549e-02 9.313725e-02 -1.253299e-05
7.352941e-02 9.313725e-02 3.741877e-05
8.333333e-02 9.313725e-02 1.150105e-04
9.313725e-02 9.313725e-02 2.074109e-04
1.029412e-01 9.313725e-02 2.861073e-04
1.127451e-01 9.313725e-02 3.083712e-04
1.225490e-01 9.313725e-02 2.178738e-04
1.323529e-01 9.313725e-02 -4.551209e-05
1.421569e-01 9.313725e-02 -5.377314e-04
1.519608e-01 9.313725e-02 -1.298590e-03
1.617647e-01 9.313725e-02 -2.342484e-03
1.715686e-01 9.313725e-02 -3.653648e-03
1.813725e-01 9.313725e-02 -5.182024e-03
1.911765e-01 9.313725e-02 -6.848692e-03
2.009804e-01 9.313725e-02 -8.552657e-03
2.107843e-01 9.313725e-02 -1.018268e-02
2.205882e-01 9.313725e-02 -1.163097e-02
2.303922e-01 9.313725e-02 -1.280295e-02
2.401961e-01 9.313725e-02 -1.362875e-02
2.500000e-01 9.313725e-02 -1.406834e-02
2.598039e-01 9.313725e-02 -1.411322e-02
2.696078e-01 9.313725e-02 -1.378568e-02
2.794118e-01 9.313725e-02 -1.313142e-02
2.892157e-01 9.313725e-02 -1.221376e-02
2.990196e-01 9.313725e-02 -1.110592e-02
3.088235e-01 9.313725e-02 -9.882217e-03
3.186275e-01 9.313725e-02 -8.613082e-03
3.284314e-01 9.313725e-02 -7.359022e-03
3.382353e-01 9.313725e-02 -6.167674e-03
3.480392e-01 9.313725e-02 -5.074246e-03
3.578431e-01 9.313725e-02 -4.100372e-03
3.676471e-01 9.313725e-02 -3.256166e-03
3.774510e-01 9.313725e-02 -2.542740e-03
3.872549e-01 9.313725e-02 -1.953175e-03
3.970588e-01 9.313725e-02 -1.476292e-03
4.068627e-01 9.313725e-02 -1.098700e-03
4.166667e-01 9.313725e-02 -8.052514e-04
4.264706e-01 9.313725e-02 -5.815247e-04
4.362745e-01 9.313725e-02 -4.141184e-04
4.460784e-01 9.313725e-02 -2.905389e-04
4.558824e-01 9.313725e-02 -2.009056e-04
4.656863e-01 9.313725e-02 -1.371626e-04
4.754902e-01 9.313725e-02 -9.231557e-05
4.852941e-01 9.313725e-02 -6.141065e-05
4.950980e-01 9.313725e-02 -4.050353e-05
5.049020e-01 9.313725e-02 -2.617793e-05
5.147059e-01 9.313725e-02 -1.660977e-05
5.245098e-01 9.313725e-02 -1.051923e-05
5.343137e-01 9.313725e-02 -6.511269e-06
5.441176e-01 9.313725e-02 -4.041876e-06
5.539216e-01 9.313725e-02 -2.673467e-06
5.637255e-01 9.313725e-02 -1.606002e-06
5.735294e-01 9.313725e-02 -8.059267e-07
5.833333e-01 9.313725e-02 -4.669730e-07
5.931373e-01 9.313725e-02 -2.200800e-07
6.029412e-01 9.313725e-02 -7.061132e-08
6.127451e-01 9.313725e-02 -2.185820e-07
6.225490e-01 9.313725e-02 -2.520793e-07
6.323529e-01 9.313725e-02 -4.044296e-08
6.421569e-01 9.313725e-02 2.697957e-08
6.519608e-01 9.313725e-02 4.172284e-08
6.617647e-01 9.313725e-02 1.701067e-07
6.715686e-01 9.313725e-02 8.909354e-08
6.813725e-01 9.313725e-02 -1.522103e-07
6.911765e-01 9.313725e-02 -1.497694e-07
7.009804e-01 9.313725e-02 -4.951525e-08
7.107843e-01 9.313725e-02 -7.231590e-08
7.205882e-01 9.313725e-02 3.102735e-08
7.303922e-01 9.313725e-02 2.271817e-07
7.401961e-01 9.313725e-02 1.594338e-07
7.500000e-01 9.313725e-02 -2.920245e-08
7.598039e-01 9.313725e-02 -4.544763e-08
7.696078e-01 9.313725e-02 -8.246853e-08
7.794118e-01 9.313725e-02 -2.261643e-07
7.892157e-01 9.313725e-02 -1.649467e-07
7.990196e-01 9.313725e-02 7.320732e-08
8.088235e-01 9.313725e-02 1.446830e-07
8.186275e-01 9.313725e-02 1.133880e-07
8.284314e-01 9.313725e-02 1.938987e-07
8.382353e-01 9.313725e-02 1.826014e-07
8.480392e-01 9.313725e-02 -5.910362e-08
8.578431e-01 9.313725e-02 -2.192265e-07
8.676471e-01 9.313725e-02 -1.197214e-07
8.774510e-01 9.313725e-02 -2.906857e-08
8.872549e-01 9.313725e-02 -1.801074e-08
8.970588e-01 9.313725e-02 2.500087e-08
9.068627e-01 9.313725e-02 -2.575656e-10
9.166667e-01 9.313725e-02 -4.590101e-07
9.264706e-01 9.313725e-02 -9.635428e-07
9.362745e-01 9.313725e-02 -1.006731e-06
9.460784e-01 9.313725e-02 3.002794e-08
9.558824e-01 9.313725e-02 1.798817e-06
9.656863e-01 9.313725e-02 4.378077e-06
9.754902e-01 9.313725e-02 6.127120e-06
9.852941e-01 9.313725e-02 5.572901e-06
9.950980e-01 9.313725e-02 -1.526485e-07
4.901961e-03 1.029412e-01 7.679315e-06
1.470588e-02 1.029412e-01 -2.235193e-07
2.450980e-02 1.029412e-01 -1.461316e-05
3.431373e-02 1.029412e-01 -3.348868e-05
4.411765e-02 1.029412e-01 -4.792840e-05
5.392157e-02 1.029412e-01 -4.735172e-05
6.372549e-02 1.029412e-01 -1.724595e-05
7.352941e-02 1.029412e-01 5.166563e-05
8.333333e-02 1.029412e-01 1.586844e-04
9.313725e-02 1.029412e-01 2.861073e-04
1.029412e-01 1.029412e-01 3.946101e-04
1.127451e-01 1.029412e-01 4.252696e-04
1.225490e-01 1.029412e-01 3.004174e-04
1.323529e-01 1.029412e-01 -6.284324e-05
1.421569e-01 1.029412e-01 -7.416349e-04
1.519608e-01 1.029412e-01 -1.790823e-03
1.617647e-01 1.029412e-01 -3.230234e-03
1.715686e-01 1.029412e-01 -5.038111e-03
1.813725e-01 1.029412e-01 -7.145419e-03
1.911765e-01 1.029412e-01 -9.443337e-03
2.009804e-01 1.029412e-01 -1.179261e-02
2.107843e-01 1.029412e-01 -1.403988e-02
2.205882e-01 1.029412e-01 -1.603655e-02
2.303922e-01 1.029412e-01 -1.765224e-02
2.401961e-01 1.029412e-01 -1.879061e-02
2.500000e-01 1.029412e-01 -1.939651e-02
2.598039e-01 1.029412e-01 -1.945824e-02
2.696078e-01 1.029412e-01 -1.900651e-02
2.794118e-01 1.029412e-01 -1.810437e-02
2.892157e-01 1.029412e-01 -1.683911e-02
2.990196e-01 1.029412e-01 -1.531168e-02
3.088235e-01 1.029412e-01 -1.362452e-02
3.186275e-01 1.029412e-01 -1.187475e-02
3.284314e-01 1.029412e-01 -1.014578e-02
3.382353e-01 1.029412e-01 -8.503274e-03
3.480392e-01 1.029412e-01 -6.995781e-03
3.578431e-01 1.029412e-01 -5.653118e-03
3.676471e-01 1.029412e-01 -4.489228e-03
3.774510e-01 1.029412e-01 -3.505642e-03
3.872549e-01 1.029412e-01 -2.692820e-03
3.970588e-01 1.029412e-01 -2.035351e-03
4.068627e-01 1.029412e-01 -1.514773e-03
4.166667e-01 1.029412e-01 -1.110199e-03
4.264706e-01 1.029412e-01 -8.017499e-04
4.362745e-01 1.029412e-01 -5.709477e-04
4.460784e-01 1.029412e-01 -4.005690e-04
4.558824e-01 1.029412e-01 -2.769920e-04
4.656863e-01 1.029412e-01 -1.891092e-04
4.754902e-01 1.029412e-01 -1.272782e-04
4.852941e-01 1.029412e-01 -8.466918e-05
4.950980e-01 1.029412e-01 -5.584353e-05
5.049020e-01 1.029412e-01 -3.609233e-05
5.147059e-01 1.029412e-01 -2.290083e-05
5.245098e-01 1.029412e-01 -1.450354e-05
5.343137e-01 1.029412e-01 -8.977648e-06
5.441176e-01 1.029412e-01 -5.573133e-06
5.539216e-01 1.029412e-01 -3.685921e-06
5.637255e-01 1.029412e-01 -2.213920e-06
5.735294e-01 1.029412e-01 -1.111242e-06
5.833333e-01 1.029412e-01 -6.439165e-07
5.931373e-01 1.029412e-01 -3.034795e-07
6.029412e-01 1.029412e-01 -9.773301e-08
6.127451e-01 1.029412e-01 -3.014688e-07
6.225490e-01 1.029412e-01 -3.471660e-07
6.323529e-01 1.029412e-01 -5.563786e-08
6.421569e-01 1.029412e-01 3.715066e-08
6.519608e-01 1.029412e-01 5.767780e-08
6.617647e-01 1.029412e-01 2.343629e-07
6.715686e-01 1.029412e-01 1.224125e-07
6.813725e-01 1.029412e-01 -2.097943e-07
6.911765e-01 1.029412e-01 -2.062436e-07
7.009804e-01 1.029412e-01 -6.831912e-08
7.107843e-01 1.029412e-01 -9.957007e-08
7.205882e-01 1.029412e-01 4.309180e-08
7.303922e-01 1.029412e-01 3.130453e-07
7.401961e-01 1.029412e-01 2.194583e-07
7.500000e-01 1.029412e-01 -4.020732e-08
7.598039e-01 1.029412e-01 -6.264311e-08
7.696078e-01 1.029412e-01 -1.139534e-07
7.794118e-01 1.029412e-01 -3.117009e-07
7.892157e-01 1.029412e-01 -2.269937e-07
7.990196e-01 1.029412e-01 1.009538e-07
8.088235e-01 1.029412e-01 1.993150e-07
8.186275e-01 1.029412e-01 1.564888e-07
8.284314e-01 1.029412e-01 2.673468e-07
8.382353e-01 1.029412e-01 2.513069e-07
8.480392e-01 1.029412e-01 -8.170280e-08
8.578431e-01 1.029412e-01 -3.019267e-07
8.676471e-01 1.029412e-01 -1.648139e-07
8.774510e-01 1.029412e-01 -4.004633e-08
8.872549e-01 1.029412e-01 -2.461083e-08
8.970588e-01 1.029412e-01 3.448105e-08
9.068627e-01 1.029412e-01 -1.304013e-09
9.166667e-01 1.029412e-01 -6.342723e-07
9.264706e-01 1.029412e-01 -1.329057e-06
9.362745e-01 1.029412e-01 -1.387111e-06
9.460784e-01 1.029412e-01 4.395611e-08
9.558824e-01 1.029412e-01 2.484482e-06
9.656863e-01 1.029412e-01 6.041323e-06
9.754902e-01 1.029412e-01 8.450152e-06
9.852941e-01 1.029412e-01 7.679315e-06
9.950980e-01 1.029412e-01 -2.235193e-07
4.901961e-03 1.127451e-01 8.268342e-06
1.470588e-02 1.127451e-01 -2.556098e-07
2.450980e-02 1.127451e-01 -1.576689e-05
3.431373e-02 1.127451e-01 -3.610576e-05
4.411765e-02 1.127451e-01 -5.165602e-05
5.392157e-02 1.127451e-01 -5.101446e-05
6.372549e-02 1.127451e-01 -1.854665e-05
7.352941e-02 1.127451e-01 5.573505e-05
8.333333e-02 1.127451e-01 1.710685e-04
9.313725e-02 1.127451e-01 3.083712e-04
1.029412e-01 1.127451e-01 4.252696e-04
1.127451e-01 1.127451e-01 4.582789e-04
1.225490e-01 1.127451e-01 3.237290e-04
1.323529e-01 1.127451e-01 -6.767220e-05
1.421569e-01 1.127451e-01 -7.989880e-04
1.519608e-01 1.127451e-01 -1.929299e-03
1.617647e-01 1.127451e-01 -3.479941e-03
1.715686e-01 1.127451e-01 -5.427452e-03
1.813725e-01 1.127451e-01 -7.697449e-03
1.911765e-01 1.127451e-01 -1.017270e-02
2.009804e-01 1.127451e-01 -1.270320e-02
2.107843e-01 1.127451e-01 -1.512377e-02
2.205882e-01 1.127451e-01 -1.727434e-02
2.303922e-01 1.127451e-01 -1.901451e-02
2.401961e-01 1.127451e-01 -2.024051e-02
2.500000e-01 1.127451e-01 -2.089296e-02
2.598039e-01 1.127451e-01 -2.095928e-02
2.696078e-01 1.127451e-01 -2.047257e-02
2.794118e-01 1.127451e-01 -1.950072e-02
2.892157e-01 1.127451e-01 -1.813778e-02
2.990196e-01 1.127451e-01 -1.649249e-02
3.088235e-01 1.127451e-01 -1.467517e-02
3.186275e-01 1.127451e-01 -1.279044e-02
3.284314e-01 1.127451e-01 -1.092812e-02
3.382353e-01 1.127451e-01 -9.158952e-03
3.480392e-01 1.127451e-01 -7.535214e-03
3.578431e-01 1.127451e-01 -6.089021e-03
3.676471e-01 1.127451e-01 -4.835389e-03
3.774510e-01 1.127451e-01 -3.775964e-03
3.872549e-01 1.127451e-01 -2.900468e-03
3.970588e-01 1.127451e-01 -2.192305e-03
4.068627e-01 1.127451e-01 -1.631587e-03
4.166667e-01 1.127451e-01 -1.195817e-03
4.264706e-01 1.127451e-01 -8.635834e-04
4.362745e-01 1.127451e-01 -6.149826e-04
4.460784e-01 1.127451e-01 -4.314644e-04
4.558824e-01 1.127451e-01 -2.983575e-04
4.656863e-01 1.127451e-01 -2.036968e-04
4.754902e-01 1.127451e-01 -1.370970e-04
4.852941e-01 1.127451e-01 -9.120156e-05
4.950980e-01 1.127451e-01 -6.015168e-05
5.049020e-01 1.127451e-01 -3.887664e-05
5.147059e-01 1.127451e-01 -2.466799e-05
5.245098e-01 1.127451e-01 -1.562282e-05
5.343137e-01 1.127451e-01 -9.670640e-06
5.441176e-01 1.127451e-01 -6.003665e-06
5.539216e-01 1.127451e-01 -3.970209e-06
5.637255e-01 1.127451e-01 -2.384292e-06
5.735294e-01 1.127451e-01 -1.197048e-06
5.833333e-01 1.127451e-01 -6.936905e-07
5.931373e-01 1.127451e-01 -3.269298e-07
6.029412e-01 1.127451e-01 -1.057415e-07
6.127451e-01 1.127451e-01 -3.248933e-07
6.225490e-01 1.127451e-01 -3.734848e-07
6.323529e-01 1.127451e-01 -5.976123e-08
6.421569e-01 1.127451e-01 3.995984e-08
6.519608e-01 1.127451e-01 6.233326e-08
6.617647e-01 1.127451e-01 2.522654e-07
6.715686e-01 1.127451e-01 1.313176e-07
6.813725e-01 1.127451e-01 -2.259347e-07
6.911765e-01 1.127451e-01 -2.218484e-07
7.009804e-01 1.127451e-01 -7.365762e-08
7.107843e-01 1.127451e-01 -1.071010e-07
7.205882e-01 1.127451e-01 4.682870e-08
7.303922e-01 1.127451e-01 3.370125e-07
7.401961e-01 1.127451e-01 2.359399e-07
7.500000e-01 1.127451e-01 -4.325075e-08
7.598039e-01 1.127451e-01 -6.744541e-08
7.696078e-01 1.127451e-01 -1.230755e-07
7.794118e-01 1.127451e-01 -3.356389e-07
7.892157e-01 1.127451e-01 -2.439786e-07
7.990196e-01 1.127451e-01 1.087900e-07
8.088235e-01 1.127451e-01 2.144867e-07
8.186275e-01 1.127451e-01 1.687646e-07
8.284314e-01 1.127451e-01 2.880243e-07
8.382353e-01 1.127451e-01 2.701412e-07
8.480392e-01 1.127451e-01 -8.831050e-08
8.578431e-01 1.127451e-01 -3.248330e-07
8.676471e-01 1.127451e-01 -1.772047e-07
8.774510e-01 1.127451e-01 -4.308149e-08
8.872549e-01 1.127451e-01 -2.620069e-08
8.970588e-01 1.127451e-01 3.722971e-08
9.068627e-01 1.127451e-01 -2.553396e-09
9.166667e-01 1.127451e-01 -6.850964e-07
9.264706e-01 1.127451e-01 -1.432605e-06
9.362745e-01 1.127451e-01 -1.493337e-06
9.460784e-01 1.127451e-01 5.028923e-08
9.558824e-01 1.127451e-01 2.681721e-06
9.656863e-01 1.127451e-01 6.514507e-06
9.754902e-01 1.127451e-01 9.106622e-06
9.852941e-01 1.127451e-01 8.268342e-06
9.950980e-01 1.127451e-01 -2.556098e-07
4.901961e-03 1.225490e-01 5.830270e-06
1.470588e-02 1.225490e-01 -2.027338e-07
2.450980e-02 1.225490e-01 -1.116694e-05
3.431373e-02 1.225490e-01 -2.553145e-05
4.411765e-02 1.225490e-01 -3.650180e-05
5.392157e-02 1.225490e-01 -3.602140e-05
6.372549e-02 1.225490e-01 -1.305490e-05
7.352941e-02 1.225490e-01 3.943875e-05
8.333333e-02 1.225490e-01 1.209088e-04
9.313725e-02 1.225490e-01 2.178738e-04
1.029412e-01 1.225490e-01 3.004174e-04
1.127451e-01 1.225490e-01 3.237290e-04
1.225490e-01 1.225490e-01 2.287669e-04
1.323529e-01 1.225490e-01 -4.746187e-05
1.421569e-01 1.225490e-01 -5.635412e-04
1.519608e-01 1.225490e-01 -1.361124e-03
1.617647e-01 1.225490e-01 -2.455229e-03
1.715686e-01 1.225490e-01 -3.829265e-03
1.813725e-01 1.225490e-01 -5.430727e-03
1.911765e-01 1.225490e-01 -7.176888e-03
2.009804e-01 1.225490e-01 -8.961925e-03
2.107843e-01 1.225490e-01 -1.066931e-02
2.205882e-01 1.225490e-01 -1.218615e-02
2.303922e-01 1.225490e-01 -1.341342e-02
2.401961e-01 1.225490e-01 -1.427797e-02
2.500000e-01 1.225490e-01 -1.473792e-02
2.598039e-01 1.225490e-01 -1.478445e-02
2.696078e-01 1.225490e-01 -1.444090e-02
2.794118e-01 1.225490e-01 -1.375519e-02
2.892157e-01 1.225490e-01 -1.279366e-02
2.990196e-01 1.225490e-01 -1.163302e-02
3.088235e-01 1.225490e-01 -1.035108e-02
3.186275e-01 1.225490e-01 -9.021633e-03
3.284314e-01 1.225490e-01 -7.708021e-03
3.382353e-01 1.225490e-01 -6.460136e-03
3.480392e-01 1.225490e-01 -5.314843e-03
3.578431e-01 1.225490e-01 -4.294789e-03
3.676471e-01 1.225490e-01 -3.410562e-03
3.774510e-01 1.225490e-01 -2.663317e-03
3.872549e-01 1.225490e-01 -2.045804e-03
3.970588e-01 1.225490e-01 -1.546316e-03
4.068627e-01 1.225490e-01 -1.150825e-03
4.166667e-01 1.225490e-01 -8.434633e-04
4.264706e-01 1.225490e-01 -6.091279e-04
4.362745e-01 1.225490e-01 -4.337795e-04
4.460784e-01 1.225490e-01 -3.043359e-04
4.558824e-01 1.225490e-01 -2.104504e-04
4.656863e-01 1.225490e-01 -1.436815e-04
4.754902e-01 1.225490e-01 -9.670513e-05
4.852941e-01 1.225490e-01 -6.433253e-05
4.950980e-01 1.225490e-01 -4.242983e-05
5.049020e-01 1.225490e-01 -2.742252e-05
5.147059e-01 1.225490e-01 -1.740092e-05
5.245098e-01 1.225490e-01 -1.102060e-05
5.343137e-01 1.225490e-01 -6.822070e-06
5.441176e-01 1.225490e-01 -4.235858e-06
5.539216e-01 1.225490e-01 -2.800464e-06
5.637255e-01 1.225490e-01 -1.681080e-06
5.735294e-01 1.225490e-01 -8.444346e-07
5.833333e-01 1.225490e-01 -4.894634e-07
5.931373e-01 1.225490e-01 -2.306251e-07
6.029412e-01 1.225490e-01 -7.536916e-08
6.127451e-01 1.225490e-01 -2.295519e-07
6.225490e-01 1.225490e-01 -2.627059e-07
6.323529e-01 1.225490e-01 -4.182526e-08
6.421569e-01 1.225490e-01 2.809802e-08
6.519608e-01 1.225490e-01 4.434740e-08
6.617647e-01 1.225490e-01 1.777206e-07
6.715686e-01 1.225490e-01 9.169546e-08
6.813725e-01 1.225490e-01 -1.593823e-07
6.911765e-01 1.225490e-01 -1.559799e-07
7.009804e-01 1.225490e-01 -5.207374e-08
7.107843e-01 1.225490e-01 -7.533054e-08
7.205882e-01 1.225490e-01 3.377781e-08
7.303922e-01 1.225490e-01 2.375069e-07
7.401961e-01 1.225490e-01 1.656637e-07
7.500000e-01 1.225490e-01 -3.044486e-08
7.598039e-01 1.225490e-01 -4.750502e-08
7.696078e-01 1.225490e-01 -8.740940e-08
7.794118e-01 1.225490e-01 -2.366637e-07
7.892157e-01 1.225490e-01 -1.712113e-07
7.990196e-01 1.225490e-01 7.688289e-08
8.088235e-01 1.225490e-01 1.509547e-07
8.186275e-01 1.225490e-01 1.193963e-07
8.284314e-01 1.225490e-01 2.033386e-07
8.382353e-01 1.225490e-01 1.896451e-07
8.480392e-01 1.225490e-01 -6.289811e-08
8.578431e-01 1.225490e-01 -2.285417e-07
8.676471e-01 1.225490e-01 -1.244211e-07
8.774510e-01 1.225490e-01 -3.026359e-08
8.872549e-01 1.225490e-01 -1.790094e-08
8.970588e-01 1.225490e-01 2.656577e-08
9.068627e-01 1.225490e-01 -3.653218e-09
9.166667e-01 1.225490e-01 -4.866949e-07
9.264706e-01 1.225490e-01 -1.012835e-06
9.362745e-01 1.225490e-01 -1.052728e-06
9.460784e-01 1.225490e-01 3.998066e-08
9.558824e-01 1.225490e-01 1.901266e-06
9.656863e-01 1.225490e-01 4.608739e-06
9.754902e-01 1.225490e-01 6.434337e-06
9.852941e-01 1.225490e-01 5.830270e-06
9.950980e-01 1.225490e-01 -2.027338e-07
4.901961e-03 1.323529e-01 -1.245138e-06
1.470588e-02 1.323529e-01 -1.391487e-08
2.450980e-02 1.323529e-01 2.260175e-06
3.431373e-02 1.323529e-01 5.270452e-06
4.411765e-02 1.323529e-01 7.598403e-06
5.392157e-02 1.323529e-01 7.562321e-06
6.372549e-02 1.323529e-01 2.830416e-06
7.352941e-02 1.323529e-01 -8.106378e-06
8.333333e-02 1.323529e-01 -2.516173e-05
9.313725e-02 1.323529e-01 -4.551209e-05
1.029412e-01 1.323529e-01 -6.284324e-05
1.127451e-01 1.323529e-01 -6.767220e-05
1.225490e-01 1.323529e-01 -4.746187e-05
1.323529e-01 1.323529e-01 1.120634e-05
1.421569e-01 1.323529e-01 1.208503e-04
1.519608e-01 1.323529e-01 2.904134e-04
1.617647e-01 1.323529e-01 5.231813e-04
1.715686e-01 1.323529e-01 8.157182e-04
1.813725e-01 1.323529e-01 1.156924e-03
1.911765e-01 1.323529e-01 1.529225e-03
2.009804e-01 1.323529e-01 1.910084e-03
2.107843e-01 1.323529e-01 2.274637e-03
2.205882e-01 1.323529e-01 2.598771e-03
2.303922e-01 1.323529e-01 2.861295e-03
2.401961e-01 1.323529e-01 3.046518e-03
2.500000e-01 1.323529e-01 3.145425e-03
2.598039e-01 1.323529e-01 3.156051e-03
2.696078e-01 1.323529e-01 3.083326e-03
2.794118e-01 1.323529e-01 2.937441e-03
2.892157e-01 1.323529e-01 2.732532e-03
2.990196e-01 1.323529e-01 2.484971e-03
3.088235e-01 1.323529e-01 2.211383e-03
3.186275e-01 1.323529e-01 1.927542e-03
3.284314e-01 1.323529e-01 1.647007e-03
3.382353e-01 1.323529e-01 1.380448e-03
3.480392e-01 1.323529e-01 1.135761e-03
3.578431e-01 1.323529e-01 9.178029e-04
3.676471e-01 1.323529e-01 7.288482e-04
3.774510e-01 1.323529e-01 5.691584e-04
3.872549e-01 1.323529e-01 4.371900e-04
3.970588e-01 1.323529e-01 3.304394e-04
4.068627e-01 1.323529e-01 2.459145e-04
4.166667e-01 1.323529e-01 1.802260e-04
4.264706e-01 1.323529e-01 1.301453e-04
4.362745e-01 1.323529e-01 9.267616e-05
4.460784e-01 1.323529e-01 6.501782e-05
4.558824e-01 1.323529e-01 4.495502e-05
4.656863e-01 1.323529e-01 3.068899e-05
4.754902e-01 1.323529e-01 2.065260e-05
4.852941e-01 1.323529e-01 1.373627e-05
4.950980e-01 1.323529e-01 9.060882e-06
5.049020e-01 1.323529e-01 5.857107e-06
5.147059e-01 1.323529e-01 3.714565e-06
5.245098e-01 1.323529e-01 2.352036e-06
5.343137e-01 1.323529e-01 1.455378e-06
5.441176e-01 1.323529e-01 9.018614e-07
5.539216e-01 1.323529e-01 5.980314e-07
5.637255e-01 1.323529e-01 3.610882e-07
5.735294e-01 1.323529e-01 1.802780e-07
5.833333e-01 1.323529e-01 1.041495e-07
5.931373e-01 1.323529e-01 4.928585e-08
6.029412e-01 1.323529e-01 1.399003e-08
6.127451e-01 1.323529e-01 4.783133e-08
6.225490e-01 1.323529e-01 5.805022e-08
6.323529e-01 1.323529e-01 9.901970e-09
6.421569e-01 1.323529e-01 -6.227621e-09
6.519608e-01 1.323529e-01 -8.393209e-09
6.617647e-01 1.323529e-01 -3.842850e-08
6.715686e-01 1.323529e-01 -2.215603e-08
6.813725e-01 1.323529e-01 3.385357e-08
6.911765e-01 1.323529e-01 3.467248e-08
7.009804e-01 1.323529e-01 1.080470e-08
7.107843e-01 1.323529e-01 1.661406e-08
7.205882e-01 1.323529e-01 -5.107902e-09
7.303922e-01 1.323529e-01 -5.114628e-08
7.401961e-01 1.323529e-01 -3.746299e-08
7.500000e-01 1.323529e-01 6.607099e-09
7.598039e-01 1.323529e-01 1.036153e-08
7.696078e-01 1.323529e-01 1.699797e-08
7.794118e-01 1.323529e-01 5.062843e-08
7.892157e-01 1.323529e-01 3.896595e-08
7.990196e-01 1.323529e-01 -1.591302e-08
8.088235e-01 1.323529e-01 -3.314610e-08
8.186275e-01 1.323529e-01 -2.452760e-08
8.284314e-01 1.323529e-01 -4.282338e-08
8.382353e-01 1.323529e-01 -4.291757e-08
8.480392e-01 1.323529e-01 1.163336e-08
8.578431e-01 1.323529e-01 5.029478e-08
8.676471e-01 1.323529e-01 2.818051e-08
8.774510e-01 1.323529e-01 6.856662e-09
8.872549e-01 1.323529e-01 5.482195e-09
8.970588e-01 1.323529e-01 -4.606443e-09
9.068627e-01 1.323529e-01 -4.103202e-09
9.166667e-01 1.323529e-01 9.421111e-08
9.264706e-01 1.323529e-01 2.091296e-07
9.362745e-01 1.323529e-01 2.255234e-07
9.460784e-01 1.323529e-01 3.046544e-09
9.558824e-01 1.323529e-01 -3.794525e-07
9.656863e-01 1.323529e-01 -9.450942e-07
9.754902e-01 1.323529e-01 -1.340438e-06
9.852941e-01 1.323529e-01 -1.245138e-06
9.950980e-01 1.323529e-01 -1.391487e-08
4.901961e-03 1.421569e-01 -1.445489e-05
1.470588e-02 1.421569e-01 3.598404e-07
2.450980e-02 1.421569e-01 2.737540e-05
3.431373e-02 1.421569e-01 6.284686e-05
4.411765e-02 1.421569e-01 9.000685e-05
5.392157e-02 1.421569e-01 8.897612e-05
6.372549e-02 1.421569e-01 3.245328e-05
7.352941e-02 1.421569e-01 -9.703364e-05
8.333333e-02 1.421569e-01 -2.981945e-04
9.313725e-02 1.421569e-01 -5.377314e-04
1.029412e-01 1.421569e-01 -7.416349e-04
1.127451e-01 1.421569e-01 -7.989880e-04
1.225490e-01 1.421569e-01 -5.635412e-04
1.323529e-01 1.421569e-01 1.208503e-04
1.421569e-01 1.421569e-01 1.399501e-03
1.519608e-01 1.421569e-01 3.375839e-03
1.617647e-01 1.421569e-01 6.087312e-03
1.715686e-01 1.421569e-01 9.493047e-03
1.813725e-01 1.421569e-01 1.346310e-02
1.911765e-01 1.421569e-01 1.779254e-02
2.009804e-01 1.421569e-01 2.221905e-02
2.107843e-01 1.421569e-01 2.645367e-02
2.205882e-01 1.421569e-01 3.021639e-02
2.303922e-01 1.421569e-01 3.326149e-02
2.401961e-01 1.421569e-01 3.540735e-02
2.500000e-01 1.421569e-01 3.654992e-02
2.598039e-01 1.421569e-01 3.666709e-02
2.696078e-01 1.421569e-01 3.581665e-02
2.794118e-01 1.421569e-01 3.411731e-02
2.892157e-01 1.421569e-01 3.173354e-02
2.990196e-01 1.421569e-01 2.885557e-02
3.088235e-01 1.421569e-01 2.567642e-02
3.186275e-01 1.421569e-01 2.237914e-02
3.284314e-01 1.421569e-01 1.912094e-02
3.382353e-01 1.421569e-01 1.602560e-02
3.480392e-01 1.421569e-01 1.318463e-02
3.578431e-01 1.421569e-01 1.065424e-02
3.676471e-01 1.421569e-01 8.460733e-03
3.774510e-01 1.421569e-01 6.607016e-03
3.872549e-01 1.421569e-01 5.075119e-03
3.970588e-01 1.421569e-01 3.835998e-03
4.068627e-01 1.421569e-01 2.854867e-03
4.166667e-01 1.421569e-01 2.092369e-03
4.264706e-01 1.421569e-01 1.511034e-03
4.362745e-01 1.421569e-01 1.076045e-03
4.460784e-01 1.421569e-01 7.549374e-04
4.558824e-01 1.421569e-01 5.220316e-04
4.656863e-01 1.421569e-01 3.564003e-04
4.754902e-01 1.421569e-01 2.398693e-04
4.852941e-01 1.421569e-01 1.595646e-04
4.950980e-01 1.421569e-01 1.052423e-04
5.049020e-01 1.421569e-01 6.802135e-05
5.147059e-01 1.421569e-01 4.315766e-05
5.245098e-01 1.421569e-01 2.733183e-05
5.343137e-01 1.421569e-01 1.691772e-05
5.441176e-01 1.421569e-01 1.049956e-05
5.539216e-01 1.421569e-01 6.946032e-06
5.637255e-01 1.421569e-01 4.175177e-06
5.735294e-01 1.421569e-01 2.094539e-06
5.833333e-01 1.421569e-01 1.213122e-06
5.931373e-01 1.421569e-01 5.722287e-07
6.029412e-01 1.421569e-01 1.815465e-07
6.127451e-01 1.421569e-01 5.661009e-07
6.225490e-01 1.421569e-01 6.565383e-07
6.323529e-01 1.421569e-01 1.063438e-07
6.421569e-01 1.421569e-01 -7.025856e-08
6.519608e-01 1.421569e-01 -1.071647e-07
6.617647e-01 1.421569e-01 -4.418748e-07
6.715686e-01 1.421569e-01 -2.341199e-07
6.813725e-01 1.421569e-01 3.946603e-07
6.911765e-01 1.421569e-01 3.903786e-07
7.009804e-01 1.421569e-01 1.283594e-07
7.107843e-01 1.421569e-01 1.881288e-07
7.205882e-01 1.421569e-01 -7.825845e-08
7.303922e-01 1.421569e-01 -5.899990e-07
7.401961e-01 1.421569e-01 -4.162954e-07
7.500000e-01 1.421569e-01 7.569203e-08
7.598039e-01 1.421569e-01 1.184228e-07
7.696078e-01 1.421569e-01 2.124472e-07
7.794118e-01 1.421569e-01 5.870456e-07
7.892157e-01 1.421569e-01 4.308549e-07
7.990196e-01 1.421569e-01 -1.892432e-07
8.088235e-01 1.421569e-01 -3.767460e-07
8.186275e-01 1.421569e-01 -2.936444e-07
8.284314e-01 1.421569e-01 -5.026450e-07
8.382353e-01 1.421569e-01 -4.765600e-07
8.480392e-01 1.421569e-01 1.511772e-07
8.578431e-01 1.421569e-01 5.705566e-07
8.676471e-01 1.421569e-01 3.128193e-07
8.774510e-01 1.421569e-01 7.614800e-08
8.872549e-01 1.421569e-01 4.876808e-08
8.970588e-01 1.421569e-01 -6.284980e-08
9.068627e-01 1.421569e-01 -3.316432e-09
9.166667e-01 1.421569e-01 1.181696e-06
9.264706e-01 1.421569e-01 2.492656e-06
9.362745e-01 1.421569e-01 2.611750e-06
9.460784e-01 1.421569e-01 -7.011010e-08
9.558824e-01 1.421569e-01 -4.646943e-06
9.656863e-01 1.421569e-01 -1.132785e-05
9.754902e-01 1.421569e-01 -1.586751e-05
9.852941e-01 1.421569e-01 -1.445489e-05
9.950980e-01 1.421569e-01 3.598404e-07
4.901961e-03 1.519608e-01 -3.486263e-05
1.470588e-02 1.519608e-01 9.552753e-07
2.450980e-02 1.519608e-01 6.621586e-05
3.431373e-02 1.519608e-01 1.518562e-04
4.411765e-02 1.519608e-01 2.173827e-04
5.392157e-02 1.519608e-01 2.147887e-04
6.372549e-02 1.519608e-01 7.818515e-05
7.352941e-02 1.519608e-01 -2.345616e-04
8.333333e-02 1.519608e-01 -7.202892e-04
9.313725e-02 1.519608e-01 -1.298590e-03
1.029412e-01 1.519608e-01 -1.790823e-03
1.127451e-01 1.519608e-01 -1.929299e-03
1.225490e-01 1.519608e-01 -1.361124e-03
1.323529e-01 1.519608e-01 2.904134e-04
1.421569e-01 1.519608e-01 3.375839e-03
1.519608e-01 1.519608e-01 8.144578e-03
1.617647e-01 1.519608e-01 1.468685e-02
1.715686e-01 1.519608e-01 2.290390e-02
1.813725e-01 1.519608e-01 3.248211e-02
1.911765e-01 1.519608e-01 4.292698e-02
2.009804e-01 1.519608e-01 5.360565e-02
2.107843e-01 1.519608e-01 6.382103e-02
2.205882e-01 1.519608e-01 7.289765e-02
2.303922e-01 1.519608e-01 8.024281e-02
2.401961e-01 1.519608e-01 8.541848e-02
2.500000e-01 1.519608e-01 8.817379e-02
2.598039e-01 1.519608e-01 8.845548e-02
2.696078e-01 1.519608e-01 8.640303e-02
2.794118e-01 1.519608e-01 8.230290e-02
2.892157e-01 1.519608e-01 7.655185e-02
2.990196e-01 1.519608e-01 6.960879e-02
3.088235e-01 1.519608e-01 6.193937e-02
3.186275e-01 1.519608e-01 5.398511e-02
3.284314e-01 1.519608e-01 4.612522e-02
3.382353e-01 1.519608e-01 3.865829e-02
3.480392e-01 1.519608e-01 3.180501e-02
3.578431e-01 1.519608e-01 2.570100e-02
3.676471e-01 1.519608e-01 2.040966e-02
3.774510e-01 1.519608e-01 1.593799e-02
3.872549e-01 1.519608e-01 1.224264e-02
3.970588e-01 1.519608e-01 9.253544e-03
4.068627e-01 1.519608e-01 6.886791e-03
4.166667e-01 1.519608e-01 5.047435e-03
4.264706e-01 1.519608e-01 3.645092e-03
4.362745e-01 1.519608e-01 2.595770e-03
4.460784e-01 1.519608e-01 1.821160e-03
4.558824e-01 1.519608e-01 1.259322e-03
4.656863e-01 1.519608e-01 8.597666e-04
4.754902e-01 1.519608e-01 5.786557e-04
4.852941e-01 1.519608e-01 3.849342e-04
4.950980e-01 1.519608e-01 2.538852e-04
5.049020e-01 1.519608e-01 1.640926e-04
5.147059e-01 1.519608e-01 1.041153e-04
5.245098e-01 1.519608e-01 6.593710e-05
5.343137e-01 1.519608e-01 4.081435e-05
5.441176e-01 1.519608e-01 2.533282e-05
5.539216e-01 1.519608e-01 1.675627e-05
5.637255e-01 1.519608e-01 1.006920e-05
5.735294e-01 1.519608e-01 5.053096e-06
5.833333e-01 1.519608e-01 2.927091e-06
5.931373e-01 1.519608e-01 1.380506e-06
6.029412e-01 1.519608e-01 4.410132e-07
6.127451e-01 1.519608e-01 1.367085e-06
6.225490e-01 1.519608e-01 1.580900e-06
6.323529e-01 1.519608e-01 2.552848e-07
6.421569e-01 1.519608e-01 -1.691359e-07
6.519608e-01 1.519608e-01 -2.599964e-07
6.617647e-01 1.519608e-01 -1.065073e-06
6.715686e-01 1.519608e-01 -5.611537e-07
6.813725e-01 1.519608e-01 9.520734e-07
6.911765e-01 1.519608e-01 9.397585e-07
7.009804e-01 1.519608e-01 3.101249e-07
7.107843e-01 1.519608e-01 4.529829e-07
7.205882e-01 1.519608e-01 -1.916847e-07
7.303922e-01 1.519608e-01 -1.422421e-06
7.401961e-01 1.519608e-01 -1.001291e-06
7.500000e-01 1.519608e-01 1.823158e-07
7.598039e-01 1.519608e-01 2.854119e-07
7.696078e-01 1.519608e-01 5.148223e-07
7.794118e-01 1.519608e-01 1.415796e-06
7.892157e-01 1.519608e-01 1.035930e-06
7.990196e-01 1.519608e-01 -4.570460e-07
8.088235e-01 1.519608e-01 -9.075176e-07
8.186275e-01 1.519608e-01 -7.097736e-07
8.284314e-01 1.519608e-01 -1.213221e-06
8.382353e-01 1.519608e-01 -1.146090e-06
8.480392e-01 1.519608e-01 3.670170e-07
8.578431e-01 1.519608e-01 1.374062e-06
8.676471e-01 1.519608e-01 7.524055e-07
8.774510e-01 1.519608e-01 1.832192e-07
8.872549e-01 1.519608e-01 1.153692e-07
8.970588e-01 1.519608e-01 -1.527823e-07
9.068627e-01 1.519608e-01 -7.229811e-10
9.166667e-01 1.519608e-01 2.864120e-06
9.264706e-01 1.519608e-01 6.022151e-06
9.362745e-01 1.519608e-01 6.297992e-06
9.460784e-01 1.519608e-01 -1.866907e-07
9.558824e-01 1.519608e-01 -1.124771e-05
9.656863e-01 1.519608e-01 -2.737978e-05
9.754902e-01 1.519608e-01 -3.832008e-05
9.852941e-01 1.519608e-01 -3.486263e-05
9.950980e-01 1.519608e-01 9.552753e-07
4.901961e-03 1.617647e-01 -6.285083e-05
1.470588e-02 1.617647e-01 1.788522e-06
2.450980e-02 1.617647e-01 1.195207e-04
3.431373e-02 1.617647e-01 2.739834e-04
4.411765e-02 1.617647e-01 3.921312e-04
5.392157e-02 1.617647e-01 3.873680e-04
6.372549e-02 1.617647e-01 1.408720e-04
7.352941e-02 1.617647e-01 -4.233137e-04
8.333333e-02 1.617647e-01 -1.299448e-03
9.313725e-02 1.617647e-01 -2.342484e-03
1.029412e-01 1.617647e-01 -3.230234e-03
1.127451e-01 1.617647e-01 -3.479941e-03
1.225490e-01 1.617647e-01 -2.455229e-03
1.323529e-01 1.617647e-01 5.231813e-04
1.421569e-01 1.617647e-01 6.087312e-03
1.519608e-01 1.617647e-01 1.468685e-02
1.617647e-01 1.617647e-01 2.648440e-02
1.715686e-01 1.617647e-01 4.130177e-02
1.813725e-01 1.617647e-01 5.857335e-02
1.911765e-01 1.617647e-01 7.740743e-02
2.009804e-01 1.617647e-01 9.666283e-02
2.107843e-01 1.617647e-01 1.150826e-01
2.205882e-01 1.617647e-01 1.314487e-01
2.303922e-01 1.617647e-01 1.446926e-01
2.401961e-01 1.617647e-01 1.540245e-01
2.500000e-01 1.617647e-01 1.589920e-01
2.598039e-01 1.617647e-01 1.594993e-01
2.696078e-01 1.617647e-01 1.557978e-01
2.794118e-01 1.617647e-01 1.484042e-01
2.892157e-01 1.617647e-01 1.380339e-01
2.990196e-01 1.617647e-01 1.255143e-01
3.088235e-01 1.617647e-01 1.116851e-01
3.186275e-01 1.617647e-01 9.734239e-02
3.284314e-01 1.617647e-01 8.316990e-02
3.382353e-01 1.617647e-01 6.970601e-02
3.480392e-01 1.617647e-01 5.734864e-02
3.578431e-01 1.617647e-01 4.634230e-02
3.676471e-01 1.617647e-01 3.680134e-02
3.774510e-01 1.617647e-01 2.873834e-02
3.872549e-01 1.617647e-01 2.207514e-02
3.970588e-01 1.617647e-01 1.668543e-02
4.068627e-01 1.617647e-01 1.241786e-02
4.166667e-01 1.617647e-01 9.101255e-03
4.264706e-01 1.617647e-01 6.572642e-03
4.362745e-01 1.617647e-01 4.680565e-03
4.460784e-01 1.617647e-01 3.283830e-03
4.558824e-01 1.617647e-01 2.270757e-03
4.656863e-01 1.617647e-01 1.550300e-03
4.754902e-01 1.617647e-01 1.043414e-03
4.852941e-01 1.617647e-01 6.941040e-04
4.950980e-01 1.617647e-01 4.577981e-04
5.049020e-01 1.617647e-01 2.958863e-04
5.147059e-01 1.617647e-01 1.877395e-04
5.245098e-01 1.617647e-01 1.188974e-04
5.343137e-01 1.617647e-01 7.359696e-05
5.441176e-01 1.617647e-01 4.568202e-05
5.539216e-01 1.617647e-01 3.021400e-05
5.637255e-01 1.617647e-01 1.815442e-05
5.735294e-01 1.617647e-01 9.111932e-06
5.833333e-01 1.617647e-01 5.278471e-06
5.931373e-01 1.617647e-01 2.489437e-06
6.029412e-01 1.617647e-01 7.974142e-07
6.127451e-01 1.617647e-01 2.465850e-06
6.225490e-01 1.617647e-01 2.848441e-06
6.323529e-01 1.617647e-01 4.595543e-07
6.421569e-01 1.617647e-01 -3.047025e-07
6.519608e-01 1.617647e-01 -4.698028e-07
6.617647e-01 1.617647e-01 -1.919676e-06
6.715686e-01 1.617647e-01 -1.009332e-06
6.813725e-01 1.617647e-01 1.716513e-06
6.911765e-01 1.617647e-01 1.693112e-06
7.009804e-01 1.617647e-01 5.595675e-07
7.107843e-01 1.617647e-01 8.161091e-07
7.205882e-01 1.617647e-01 -3.475835e-07
7.303922e-01 1.617647e-01 -2.563997e-06
7.401961e-01 1.617647e-01 -1.803407e-06
7.500000e-01 1.617647e-01 3.284204e-07
7.598039e-01 1.617647e-01 5.144920e-07
7.696078e-01 1.617647e-01 9.298941e-07
7.794118e-01 1.617647e-01 2.552419e-06
7.892157e-01 1.617647e-01 1.865498e-06
7.990196e-01 1.617647e-01 -8.243070e-07
8.088235e-01 1.617647e-01 -1.635427e-06
8.186275e-01 1.617647e-01 -1.280836e-06
8.284314e-01 1.617647e-01 -2.187918e-06
8.382353e-01 1.617647e-01 -2.063995e-06
8.480392e-01 1.617647e-01 6.632021e-07
8.578431e-01 1.617647e-01 2.475820e-06
8.676471e-01 1.617647e-01 1.355199e-06
8.774510e-01 1.617647e-01 3.301111e-07
8.872549e-01 1.617647e-01 2.064921e-07
8.970588e-01 1.617647e-01 -2.760028e-07
9.068627e-01 1.617647e-01 4.111193e-09
9.166667e-01 1.617647e-01 5.173566e-06
9.264706e-01 1.617647e-01 1.086411e-05
9.362745e-01 1.617647e-01 1.135325e-05
9.460784e-01 1.617647e-01 -3.498620e-07
9.558824e-01 1.617647e-01 -2.030760e-05
9.656863e-01 1.617647e-01 -4.940482e-05
9.754902e-01 1.617647e-01 -6.912148e-05
9.852941e-01 1.617647e-01 -6.285083e-05
9.950980e-01 1.617647e-01 1.788522e-06
4.901961e-03 1.715686e-01 -9.799370e-05
1.470588e-02 1.715686e-01 2.850828e-06
2.450980e-02 1.715686e-01 1.864877e-04
3.431373e-02 1.715686e-01 4.273843e-04
4.411765e-02 1.715686e-01 6.116081e-04
5.392157e-02 1.715686e-01 6.040964e-04
6.372549e-02 1.715686e-01 2.195509e-04
7.352941e-02 1.715686e-01 -6.604567e-04
8.333333e-02 1.715686e-01 -2.026935e-03
9.313725e-02 1.715686e-01 -3.653648e-03
1.029412e-01 1.715686e-01 -5.038111e-03
1.127451e-01 1.715686e-01 -5.427452e-03
1.225490e-01 1.715686e-01 -3.829265e-03
1.323529e-01 1.715686e-01 8.157182e-04
1.421569e-01 1.715686e-01 9.493047e-03
1.519608e-01 1.715686e-01 2.290390e-02
1.617647e-01 1.715686e-01 4.130177e-02
1.715686e-01 1.715686e-01 6.440868e-02
1.813725e-01 1.715686e-01 9.134258e-02
1.911765e-01 1.715686e-01 1.207128e-01
2.009804e-01 1.715686e-01 1.507398e-01
2.107843e-01 1.715686e-01 1.794635e-01
2.205882e-01 1.715686e-01 2.049846e-01
2.303922e-01 1.715686e-01 2.256367e-01
2.401961e-01 1.715686e-01 2.401883e-01
2.500000e-01 1.715686e-01 2.479341e-01
2.598039e-01 1.715686e-01 2.487247e-01
2.696078e-01 1.715686e-01 2.429522e-01
2.794118e-01 1.715686e-01 2.314222e-01
2.892157e-01 1.715686e-01 2.152504e-01
2.990196e-01 1.715686e-01 1.957272e-01
3.088235e-01 1.715686e-01 1.741618e-01
3.186275e-01 1.715686e-01 1.517957e-01
3.284314e-01 1.715686e-01 1.296951e-01
3.382353e-01 1.715686e-01 1.086995e-01
3.480392e-01 1.715686e-01 8.942947e-02
3.578431e-01 1.715686e-01 7.226622e-02
3.676471e-01 1.715686e-01 5.738806e-02
3.774510e-01 1.715686e-01 4.481464e-02
3.872549e-01 1.715686e-01 3.442406e-02
3.970588e-01 1.715686e-01 2.601934e-02
4.068627e-01 1.715686e-01 1.936450e-02
4.166667e-01 1.715686e-01 1.419258e-02
4.264706e-01 1.715686e-01 1.024945e-02
4.362745e-01 1.715686e-01 7.298930e-03
4.460784e-01 1.715686e-01 5.120850e-03
4.558824e-01 1.715686e-01 3.541056e-03
4.656863e-01 1.715686e-01 2.417566e-03
4.754902e-01 1.715686e-01 1.627122e-03
4.852941e-01 1.715686e-01 1.082403e-03
4.950980e-01 1.715686e-01 7.139002e-04
5.049020e-01 1.715686e-01 4.614112e-04
5.147059e-01 1.715686e-01 2.927669e-04
5.245098e-01 1.715686e-01 1.854127e-04
5.343137e-01 1.715686e-01 1.147703e-04
5.441176e-01 1.715686e-01 7.123973e-05
5.539216e-01 1.715686e-01 4.711573e-05
5.637255e-01 1.715686e-01 2.830864e-05
5.735294e-01 1.715686e-01 1.420980e-05
5.833333e-01 1.715686e-01 8.231751e-06
5.931373e-01 1.715686e-01 3.882311e-06
6.029412e-01 1.715686e-01 1.245451e-06
6.127451e-01 1.715686e-01 3.845712e-06
6.225490e-01 1.715686e-01 4.439885e-06
6.323529e-01 1.715686e-01 7.160956e-07
6.421569e-01 1.715686e-01 -4.748887e-07
6.519608e-01 1.715686e-01 -7.334260e-07
6.617647e-01 1.715686e-01 -2.992661e-06
6.715686e-01 1.715686e-01 -1.571820e-06
6.813725e-01 1.715686e-01 2.676315e-06
6.911765e-01 1.715686e-01 2.638997e-06
7.009804e-01 1.715686e-01 8.729470e-07
7.107843e-01 1.715686e-01 1.271959e-06
7.205882e-01 1.715686e-01 -5.436220e-07
7.303922e-01 1.715686e-01 -3.997341e-06
7.401961e-01 1.715686e-01 -2.810464e-06
7.500000e-01 1.715686e-01 5.117272e-07
7.598039e-01 1.715686e-01 8.022135e-07
7.696078e-01 1.715686e-01 1.451425e-06
7.794118e-01 1.715686e-01 3.979627e-06
7.892157e-01 1.715686e-01 2.906938e-06
7.990196e-01 1.715686e-01 -1.285396e-06
8.088235e-01 1.715686e-01 -2.549430e-06
8.186275e-01 1.715686e-01 -1.998248e-06
8.284314e-01 1.715686e-01 -3.411942e-06
8.382353e-01 1.715686e-01 -3.216279e-06
8.480392e-01 1.715686e-01 1.035203e-06
8.578431e-01 1.715686e-01 3.859038e-06
8.676471e-01 1.715686e-01 2.112071e-06
8.774510e-01 1.715686e-01 5.146268e-07
8.872549e-01 1.715686e-01 3.207294e-07
8.970588e-01 1.715686e-01 -4.305391e-07
9.068627e-01 1.715686e-01 1.142180e-08
9.166667e-01 1.715686e-01 8.075298e-06
9.264706e-01 1.715686e-01 1.694512e-05
9.362745e-01 1.715686e-01 1.770055e-05
9.460784e-01 1.715686e-01 -5.579169e-07
9.558824e-01 1.715686e-01 -3.169048e-05
9.656863e-01 1.715686e-01 -7.707034e-05
9.754902e-01 1.715686e-01 -1.078051e-04
9.852941e-01 1.715686e-01 -9.799370e-05
9.950980e-01 1.715686e-01 2.850828e-06
4.901961e-03 1.813725e-01 -1.389473e-04
1.470588e-02 1.813725e-01 4.104148e-06
2.450980e-02 1.813725e-01 2.645620e-04
3.431373e-02 1.813725e-01 6.062018e-04
4.411765e-02 1.813725e-01 8.674304e-04
5.392157e-02 1.813725e-01 8.566915e-04
6.372549e-02 1.813725e-01 3.112062e-04
7.352941e-02 1.813725e-01 -9.369495e-04
8.333333e-02 1.813725e-01 -2.874987e-03
9.313725e-02 1.813725e-01 -5.182024e-03
1.029412e-01 1.813725e-01 -7.145419e-03
1.127451e-01 1.813725e-01 -7.697449e-03
1.225490e-01 1.813725e-01 -5.430727e-03
1.323529e-01 1.813725e-01 1.156924e-03
1.421569e-01 1.813725e-01 1.346310e-02
1.519608e-01 1.813725e-01 3.248211e-02
1.617647e-01 1.813725e-01 5.857335e-02
1.715686e-01 1.813725e-01 9.134258e-02
1.813725e-01 1.813725e-01 1.295388e-01
1.911765e-01 1.813725e-01 1.711899e-01
2.009804e-01 1.813725e-01 2.137722e-01
2.107843e-01 1.813725e-01 2.545059e-01
2.205882e-01 1.813725e-01 2.906979e-01
2.303922e-01 1.813725e-01 3.199849e-01
2.401961e-01 1.813725e-01 3.406205e-01
2.500000e-01 1.813725e-01 3.516046e-01
2.598039e-01 1.813725e-01 3.527253e-01
2.696078e-01 1.813725e-01 3.445388e-01
2.794118e-01 1.813725e-01 3.281875e-01
2.892157e-01 1.813725e-01 3.052536e-01
2.990196e-01 1.813725e-01 2.775670e-01
3.088235e-01 1.813725e-01 2.469844e-01
3.186275e-01 1.813725e-01 2.152663e-01
3.284314e-01 1.813725e-01 1.839248e-01
3.382353e-01 1.813725e-01 1.541503e-01
3.480392e-01 1.813725e-01 1.268229e-01
3.578431e-01 1.813725e-01 1.024831e-01
3.676471e-01 1.813725e-01 8.138397e-02
3.774510e-01 1.813725e-01 6.355322e-02
3.872549e-01 1.813725e-01 4.881800e-02
3.970588e-01 1.813725e-01 3.689899e-02
4.068627e-01 1.813725e-01 2.746153e-02
4.166667e-01 1.813725e-01 2.012705e-02
4.264706e-01 1.813725e-01 1.453516e-02
4.362745e-01 1.813725e-01 1.035092e-02
4.460784e-01 1.813725e-01 7.262096e-03
4.558824e-01 1.813725e-01 5.021729e-03
4.656863e-01 1.813725e-01 3.428461e-03
4.754902e-01 1.813725e-01 2.307499e-03
4.852941e-01 1.813725e-01 1.535009e-03
4.950980e-01 1.813725e-01 1.012415e-03
5.049020e-01 1.813725e-01 6.543488e-04
5.147059e-01 1.813725e-01 4.151885e-04
5.245098e-01 1.813725e-01 2.629439e-04
5.343137e-01 1.813725e-01 1.627627e-04
5.441176e-01 1.813725e-01 1.010303e-04
5.539216e-01 1.813725e-01 6.681616e-05
5.637255e-01 1.813725e-01 4.014418e-05
5.735294e-01 1.813725e-01 2.015216e-05
5.833333e-01 1.813725e-01 1.167421e-05
5.931373e-01 1.813725e-01 5.505996e-06
6.029412e-01 1.813725e-01 1.768070e-06
6.127451e-01 1.813725e-01 5.453903e-06
6.225490e-01 1.813725e-01 6.294392e-06
6.323529e-01 1.813725e-01 1.015158e-06
6.421569e-01 1.813725e-01 -6.731820e-07
6.519608e-01 1.813725e-01 -1.040801e-06
6.617647e-01 1.813725e-01 -4.242976e-06
6.715686e-01 1.813725e-01 -2.227123e-06
6.813725e-01 1.813725e-01 3.794736e-06
6.911765e-01 1.813725e-01 3.741274e-06
7.009804e-01 1.813725e-01 1.238325e-06
7.107843e-01 1.813725e-01 1.803082e-06
7.205882e-01 1.813725e-01 -7.723091e-07
7.303922e-01 1.813725e-01 -5.667622e-06
7.401961e-01 1.813725e-01 -3.983995e-06
7.500000e-01 1.813725e-01 7.251725e-07
7.598039e-01 1.813725e-01 1.137607e-06
7.696078e-01 1.813725e-01 2.059519e-06
7.794118e-01 1.813725e-01 5.642840e-06
7.892157e-01 1.813725e-01 4.120452e-06
7.990196e-01 1.813725e-01 -1.822627e-06
8.088235e-01 1.813725e-01 -3.614605e-06
8.186275e-01 1.813725e-01 -2.834657e-06
8.284314e-01 1.813725e-01 -4.838502e-06
8.382353e-01 1.813725e-01 -4.558879e-06
8.480392e-01 1.813725e-01 1.468744e-06
8.578431e-01 1.813725e-01 5.470802e-06
8.676471e-01 1.813725e-01 2.994136e-06
8.774510e-01 1.813725e-01 7.297483e-07
8.872549e-01 1.813725e-01 4.537100e-07
8.970588e-01 1.813725e-01 -6.103820e-07
9.068627e-01 1.813725e-01 2.114584e-08
9.166667e-01 1.813725e-01 1.145857e-05
9.264706e-01 1.813725e-01 2.403271e-05
9.362745e-01 1.813725e-01 2.509710e-05
9.460784e-01 1.813725e-01 -8.034130e-07
9.558824e-01 1.813725e-01 -4.496214e-05
9.656863e-01 1.813725e-01 -1.093200e-04
9.754902e-01 1.813725e-01 -1.528928e-04
9.852941e-01 1.813725e-01 -1.389473e-04
9.950980e-01 1.813725e-01 4.104148e-06
4.901961e-03 1.911765e-01 -1.835957e-04
1.470588e-02 1.911765e-01 5.485035e-06
2.450980e-02 1.911765e-01 3.497127e-04
3.431373e-02 1.911765e-01 8.012014e-04
4.411765e-02 1.911765e-01 1.146385e-03
5.392157e-02 1.911765e-01 1.132105e-03
6.372549e-02 1.911765e-01 4.110984e-04
7.352941e-02 1.911765e-01 -1.238522e-03
8.333333e-02 1.911765e-01 -3.799817e-03
9.313725e-02 1.911765e-01 -6.848692e-03
1.029412e-01 1.911765e-01 -9.443337e-03
1.127451e-01 1.911765e-01 -1.017270e-02
1.225490e-01 1.911765e-01 -7.176888e-03
1.323529e-01 1.911765e-01 1.529225e-03
1.421569e-01 1.911765e-01 1.779254e-02
1.519608e-01 1.911765e-01 4.292698e-02
1.617647e-01 1.911765e-01 7.740743e-02
1.715686e-01 1.911765e-01 1.207128e-01
1.813725e-01 1.911765e-01 1.711899e-01
1.911765e-01 1.911765e-01 2.262324e-01
2.009804e-01 1.911765e-01 2.825054e-01
2.107843e-01 1.911765e-01 3.363353e-01
2.205882e-01 1.911765e-01 3.841631e-01
2.303922e-01 1.911765e-01 4.228658e-01
2.401961e-01 1.911765e-01 4.501355e-01
2.500000e-01 1.911765e-01 4.646509e-01
2.598039e-01 1.911765e-01 4.661315e-01
2.696078e-01 1.911765e-01 4.553127e-01
2.794118e-01 1.911765e-01 4.337040e-01
2.892157e-01 1.911765e-01 4.033965e-01
2.990196e-01 1.911765e-01 3.668083e-01
3.088235e-01 1.911765e-01 3.263930e-01
3.186275e-01 1.911765e-01 2.844772e-01
3.284314e-01 1.911765e-01 2.430590e-01
3.382353e-01 1.911765e-01 2.037117e-01
3.480392e-01 1.911765e-01 1.675982e-01
3.578431e-01 1.911765e-01 1.354330e-01
3.676471e-01 1.911765e-01 1.075502e-01
3.774510e-01 1.911765e-01 8.398661e-02
3.872549e-01 1.911765e-01 6.451382e-02
3.970588e-01 1.911765e-01 4.876268e-02
4.068627e-01 1.911765e-01 3.629093e-02
4.166667e-01 1.911765e-01 2.659829e-02
4.264706e-01 1.911765e-01 1.920851e-02
4.362745e-01 1.911765e-01 1.367896e-02
4.460784e-01 1.911765e-01 9.597020e-03
4.558824e-01 1.911765e-01 6.636331e-03
4.656863e-01 1.911765e-01 4.530794e-03
4.754902e-01 1.911765e-01 3.049418e-03
4.852941e-01 1.911765e-01 2.028554e-03
4.950980e-01 1.911765e-01 1.337932e-03
5.049020e-01 1.911765e-01 8.647381e-04
5.147059e-01 1.911765e-01 5.486837e-04
5.245098e-01 1.911765e-01 3.474881e-04
5.343137e-01 1.911765e-01 2.150965e-04
5.441176e-01 1.911765e-01 1.335157e-04
5.539216e-01 1.911765e-01 8.829805e-05
5.637255e-01 1.911765e-01 5.304999e-05
5.735294e-01 1.911765e-01 2.663225e-05
5.833333e-01 1.911765e-01 1.542810e-05
5.931373e-01 1.911765e-01 7.276688e-06
6.029412e-01 1.911765e-01 2.338301e-06
6.127451e-01 1.911765e-01 7.207308e-06
6.225490e-01 1.911765e-01 8.316167e-06
6.323529e-01 1.911765e-01 1.341346e-06
6.421569e-01 1.911765e-01 -8.893345e-07
6.519608e-01 1.911765e-01 -1.376046e-06
6.617647e-01 1.911765e-01 -5.606000e-06
6.715686e-01 1.911765e-01 -2.941419e-06
6.813725e-01 1.911765e-01 5.013946e-06
6.911765e-01 1.911765e-01 4.943026e-06
7.009804e-01 1.911765e-01 1.636858e-06
7.107843e-01 1.911765e-01 2.382025e-06
7.205882e-01 1.911765e-01 -1.021812e-06
7.303922e-01 1.911765e-01 -7.488520e-06
7.401961e-01 1.911765e-01 -5.263416e-06
7.500000e-01 1.911765e-01 9.576819e-07
7.598039e-01 1.911765e-01 1.503370e-06
7.696078e-01 1.911765e-01 2.722773e-06
7.794118e-01 1.911765e-01 7.456111e-06
7.892157e-01 1.911765e-01 5.443381e-06
7.990196e-01 1.911765e-01 -2.408191e-06
8.088235e-01 1.911765e-01 -4.775946e-06
8.186275e-01 1.911765e-01 -3.746899e-06
8.284314e-01 1.911765e-01 -6.393892e-06
8.382353e-01 1.911765e-01 -6.022437e-06
8.480392e-01 1.911765e-01 1.941362e-06
8.578431e-01 1.911765e-01 7.227822e-06
8.676471e-01 1.911765e-01 3.955876e-06
8.774510e-01 1.911765e-01 9.643927e-07
8.872549e-01 1.911765e-01 5.985710e-07
8.970588e-01 1.911765e-01 -8.061528e-07
9.068627e-01 1.911765e-01 3.290850e-08
9.166667e-01 1.911765e-01 1.514866e-05
9.264706e-01 1.911765e-01 3.176069e-05
9.362745e-01 1.911765e-01 3.316068e-05
9.460784e-01 1.911765e-01 -1.073933e-06
9.558824e-01 1.911765e-01 -5.943741e-05
9.656863e-01 1.911765e-01 -1.444882e-04
9.754902e-01 1.911765e-01 -2.020555e-04
9.852941e-01 1.911765e-01 -1.835957e-04
9.950980e-01 1.911765e-01 5.485035e-06
4.901961e-03 2.009804e-01 -2.292326e-04
1.470588e-02 2.009804e-01 6.910058e-06
2.450980e-02 2.009804e-01 4.367793e-04
3.431373e-02 2.009804e-01 1.000566e-03
4.411765e-02 2.009804e-01 1.431567e-03
5.392157e-02 2.009804e-01 1.413645e-03
6.372549e-02 2.009804e-01 5.131720e-04
7.352941e-02 2.009804e-01 -1.546901e-03
8.333333e-02 2.009804e-01 -4.745384e-03
9.313725e-02 2.009804e-01 -8.552657e-03
1.029412e-01 2.009804e-01 -1.179261e-02
1.127451e-01 2.009804e-01 -1.270320e-02
1.225490e-01 2.009804e-01 -8.961925e-03
1.323529e-01 2.009804e-01 1.910084e-03
1.421569e-01 2.009804e-01 2.221905e-02
1.519608e-01 2.009804e-01 5.360565e-02
1.617647e-01 2.009804e-01 9.666283e-02
1.715686e-01 2.009804e-01 1.507398e-01
1.813725e-01 2.009804e-01 2.137722e-01
1.911765e-01 2.009804e-01 2.825054e-01
2.009804e-01 2.009804e-01 3.527749e-01
2.107843e-01 2.009804e-01 4.199936e-01
2.205882e-01 2.009804e-01 4.797171e-01
2.303922e-01 2.009804e-01 5.280459e-01
2.401961e-01 2.009804e-01 5.620981e-01
2.500000e-01 2.009804e-01 5.802235e-01
2.598039e-01 2.009804e-01 5.820722e-01
2.696078e-01 2.009804e-01 5.685622e-01
2.794118e-01 2.009804e-01 5.415788e-01
2.892157e-01 2.009804e-01 5.037329e-01
2.990196e-01 2.009804e-01 4.580442e-01
3.088235e-01 2.009804e-01 4.075765e-01
3.186275e-01 2.009804e-01 3.552351e-01
3.284314e-01 2.009804e-01 3.035151e-01
3.382353e-01 2.009804e-01 2.543810e-01
3.480392e-01 2.009804e-01 2.092851e-01
3.578431e-01 2.009804e-01 1.691194e-01
3.676471e-01 2.009804e-01 1.343014e-01
3.774510e-01 2.009804e-01 1.048768e-01
3.872549e-01 2.009804e-01 8.056056e-02
3.970588e-01 2.009804e-01 6.089161e-02
4.068627e-01 2.009804e-01 4.531774e-02
4.166667e-01 2.009804e-01 3.321423e-02
4.264706e-01 2.009804e-01 2.398636e-02
4.362745e-01 2.009804e-01 1.708141e-02
4.460784e-01 2.009804e-01 1.198415e-02
4.558824e-01 2.009804e-01 8.287038e-03
4.656863e-01 2.009804e-01 5.657777e-03
4.754902e-01 2.009804e-01 3.807928e-03
4.852941e-01 2.009804e-01 2.533136e-03
4.950980e-01 2.009804e-01 1.670727e-03
5.049020e-01 2.009804e-01 1.079832e-03
5.147059e-01 2.009804e-01 6.851644e-04
5.245098e-01 2.009804e-01 4.339229e-04
5.343137e-01 2.009804e-01 2.686006e-04
5.441176e-01 2.009804e-01 1.667276e-04
5.539216e-01 2.009804e-01 1.102597e-04
5.637255e-01 2.009804e-01 6.624412e-05
5.735294e-01 2.009804e-01 3.325749e-05
5.833333e-01 2.009804e-01 1.926597e-05
5.931373e-01 2.009804e-01 9.087116e-06
6.029412e-01 2.009804e-01 2.921583e-06
6.127451e-01 2.009804e-01 8.999614e-06
6.225490e-01 2.009804e-01 1.038270e-05
6.323529e-01 2.009804e-01 1.674940e-06
6.421569e-01 2.009804e-01 -1.110245e-06
6.519608e-01 2.009804e-01 -1.718837e-06
6.617647e-01 2.009804e-01 -6.999108e-06
6.715686e-01 2.009804e-01 -3.671463e-06
6.813725e-01 2.009804e-01 6.260010e-06
6.911765e-01 2.009804e-01 6.171447e-06
7.009804e-01 2.009804e-01 2.044414e-06
7.107843e-01 2.009804e-01 2.973693e-06
7.205882e-01 2.009804e-01 -1.276975e-06
7.303922e-01 2.009804e-01 -9.349651e-06
7.401961e-01 2.009804e-01 -6.571234e-06
7.500000e-01 2.009804e-01 1.195127e-06
7.598039e-01 2.009804e-01 1.877356e-06
7.696078e-01 2.009804e-01 3.400988e-06
7.794118e-01 2.009804e-01 9.309525e-06
7.892157e-01 2.009804e-01 6.795587e-06
7.990196e-01 2.009804e-01 -3.006548e-06
8.088235e-01 2.009804e-01 -5.963090e-06
8.186275e-01 2.009804e-01 -4.679713e-06
8.284314e-01 2.009804e-01 -7.983830e-06
8.382353e-01 2.009804e-01 -7.518276e-06
8.480392e-01 2.009804e-01 2.424349e-06
8.578431e-01 2.009804e-01 9.023605e-06
8.676471e-01 2.009804e-01 4.939054e-06
8.774510e-01 2.009804e-01 1.204363e-06
8.872549e-01 2.009804e-01 7.465468e-07
8.970588e-01 2.009804e-01 -1.005917e-06
9.068627e-01 2.009804e-01 4.604873e-08
9.166667e-01 2.009804e-01 1.892186e-05
9.264706e-01 2.009804e-01 3.966059e-05
9.362745e-01 2.009804e-01 4.140253e-05
9.460784e-01 2.009804e-01 -1.353143e-06
9.558824e-01 2.009804e-01 -7.423906e-05
9.656863e-01 2.009804e-01 -1.804436e-04
9.754902e-01 2.009804e-01 -2.523136e-04
9.852941e-01 2.009804e-01 -2.292326e-04
9.950980e-01 2.009804e-01 6.910058e-06
4.901961e-03 2.107843e-01 -2.728788e-04
1.470588e-02 2.107843e-01 8.285585e-06
2.450980e-02 2.107843e-01 5.200770e-04
3.431373e-02 2.107843e-01 1.191278e-03
4.411765e-02 2.107843e-01 1.704357e-03
5.392157e-02 2.107843e-01 1.682932e-03
6.372549e-02 2.107843e-01 6.107645e-04
7.352941e-02 2.107843e-01 -1.841952e-03
8.333333e-02 2.107843e-01 -5.649956e-03
9.313725e-02 2.107843e-01 -1.018268e-02
1.029412e-01 2.107843e-01 -1.403988e-02
1.127451e-01 2.107843e-01 -1.512377e-02
1.225490e-01 2.107843e-01 -1.066931e-02
1.323529e-01 2.107843e-01 2.274637e-03
1.421569e-01 2.107843e-01 2.645367e-02
1.519608e-01 2.107843e-01 6.382103e-02
1.617647e-01 2.107843e-01 1.150826e-01
1.715686e-01 2.107843e-01 1.794635e-01
1.813725e-01 2.107843e-01 2.545059e-01
1.911765e-01 2.107843e-01 3.363353e-01
2.009804e-01 2.107843e-01 4.199936e-01
2.107843e-01 2.107843e-01 5.000197e-01
2.205882e-01 2.107843e-01 5.711226e-01
2.303922e-01 2.107843e-01 6.286594e-01
2.401961e-01 2.107843e-01 6.691995e-01
2.500000e-01 2.107843e-01 6.907783e-01
2.598039e-01 2.107843e-01 6.929791e-01
2.696078e-01 2.107843e-01 6.768949e-01
2.794118e-01 2.107843e-01 6.447702e-01
2.892157e-01 2.107843e-01 5.997132e-01
2.990196e-01 2.107843e-01 5.453192e-01
3.088235e-01 2.107843e-01 4.852356e-01
3.186275e-01 2.107843e-01 4.229213e-01
3.284314e-01 2.107843e-01 3.613467e-01
3.382353e-01 2.107843e-01 3.028508e-01
3.480392e-01 2.107843e-01 2.491623e-01
3.578431e-01 2.107843e-01 2.013436e-01
3.676471e-01 2.107843e-01 1.598913e-01
3.774510e-01 2.107843e-01 1.248603e-01
3.872549e-01 2.107843e-01 9.591076e-02
3.970588e-01 2.107843e-01 7.249407e-02
4.068627e-01 2.107843e-01 5.395273e-02
4.166667e-01 2.107843e-01 3.954300e-02
4.264706e-01 2.107843e-01 2.855683e-02
4.362745e-01 2.107843e-01 2.033618e-02
4.460784e-01 2.107843e-01 1.426768e-02
4.558824e-01 2.107843e-01 9.866096e-03
4.656863e-01 2.107843e-01 6.735843e-03
4.754902e-01 2.107843e-01 4.533515e-03
4.852941e-01 2.107843e-01 3.015816e-03
4.950980e-01 2.107843e-01 1.989076e-03
5.049020e-01 2.107843e-01 1.285589e-03
5.147059e-01 2.107843e-01 8.157212e-04
5.245098e-01 2.107843e-01 5.166058e-04
5.343137e-01 2.107843e-01 3.197824e-04
5.441176e-01 2.107843e-01 1.984978e-04
5.539216e-01 2.107843e-01 1.312676e-04
5.637255e-01 2.107843e-01 7.886527e-05
5.735294e-01 2.107843e-01 3.959538e-05
5.833333e-01 2.107843e-01 2.293727e-05
5.931373e-01 2.107843e-01 1.081910e-05
6.029412e-01 2.107843e-01 3.479808e-06
6.127451e-01 2.107843e-01 1.071378e-05
6.225490e-01 2.107843e-01 1.235910e-05
6.323529e-01 2.107843e-01 1.994194e-06
6.421569e-01 2.107843e-01 -1.321496e-06
6.519608e-01 2.107843e-01 -2.046780e-06
6.617647e-01 2.107843e-01 -8.331349e-06
6.715686e-01 2.107843e-01 -4.369642e-06
6.813725e-01 2.107843e-01 7.451559e-06
6.911765e-01 2.107843e-01 7.346372e-06
7.009804e-01 2.107843e-01 2.434395e-06
7.107843e-01 2.107843e-01 3.539459e-06
7.205882e-01 2.107843e-01 -1.521107e-06
7.303922e-01 2.107843e-01 -1.112951e-05
7.401961e-01 2.107843e-01 -7.822118e-06
7.500000e-01 2.107843e-01 1.421987e-06
7.598039e-01 2.107843e-01 2.235161e-06
7.696078e-01 2.107843e-01 4.049870e-06
7.794118e-01 2.107843e-01 1.108208e-05
7.892157e-01 2.107843e-01 8.088840e-06
7.990196e-01 2.107843e-01 -3.578605e-06
8.088235e-01 2.107843e-01 -7.098554e-06
8.186275e-01 2.107843e-01 -5.572208e-06
8.284314e-01 2.107843e-01 -9.504507e-06
8.382353e-01 2.107843e-01 -8.948775e-06
8.480392e-01 2.107843e-01 2.886122e-06
8.578431e-01 2.107843e-01 1.074093e-05
8.676471e-01 2.107843e-01 5.879526e-06
8.774510e-01 2.107843e-01 1.434007e-06
8.872549e-01 2.107843e-01 8.879932e-07
8.970588e-01 2.107843e-01 -1.196596e-06
9.068627e-01 2.107843e-01 5.969056e-08
9.166667e-01 2.107843e-01 2.253175e-05
9.264706e-01 2.107843e-01 4.721657e-05
9.362745e-01 2.107843e-01 4.928461e-05
9.460784e-01 2.107843e-01 -1.622705e-06
9.558824e-01 2.107843e-01 -8.840057e-05
9.656863e-01 2.107843e-01 -2.148386e-04
9.754902e-01 2.107843e-01 -3.003858e-04
9.852941e-01 2.107843e-01 -2.728788e-04
9.950980e-01 2.107843e-01 8.285585e-06
4.901961e-03 2.205882e-01 -3.116489e-04
1.470588e-02 2.205882e-01 9.519767e-06
2.450980e-02 2.205882e-01 5.940968e-04
3.431373e-02 2.205882e-01 1.360728e-03
4.411765e-02 2.205882e-01 1.946718e-03
5.392157e-02 2.205882e-01 1.922160e-03
6.372549e-02 2.205882e-01 6.974257e-04
7.352941e-02 2.205882e-01 -2.104162e-03
8.333333e-02 2.205882e-01 -6.453715e-03
9.313725e-02 2.205882e-01 -1.163097e-02
1.029412e-01 2.205882e-01 -1.603655e-02
1.127451e-01 2.205882e-01 -1.727434e-02
1.225490e-01 2.205882e-01 -1.218615e-02
1.323529e-01 2.205882e-01 2.598771e-03
1.421569e-01 2.205882e-01 3.021639e-02
1.519608e-01 2.205882e-01 7.289765e-02
1.617647e-01 2.205882e-01 1.314487e-01
1.715686e-01 2.205882e-01 2.049846e-01
1.813725e-01 2.205882e-01 2.906979e-01
1.911765e-01 2.205882e-01 3.841631e-01
2.009804e-01 2.205882e-01 4.797171e-01
2.107843e-01 2.205882e-01 5.711226e-01
2.205882e-01 2.205882e-01 6.523357e-01
2.303922e-01 2.205882e-01 7.180539e-01
2.401961e-01 2.205882e-01 7.643586e-01
2.500000e-01 2.205882e-01 7.890056e-01
2.598039e-01 2.205882e-01 7.915193e-01
2.696078e-01 2.205882e-01 7.731481e-01
2.794118e-01 2.205882e-01 7.364553e-01
2.892157e-01 2.205882e-01 6.849915e-01
2.990196e-01 2.205882e-01 6.228628e-01
3.088235e-01 2.205882e-01 5.542357e-01
3.186275e-01 2.205882e-01 4.830604e-01
3.284314e-01 2.205882e-01 4.127301e-01
3.382353e-01 2.205882e-01 3.459162e-01
3.480392e-01 2.205882e-01 2.845933e-01
3.578431e-01 2.205882e-01 2.299749e-01
3.676471e-01 2.205882e-01 1.826281e-01
3.774510e-01 2.205882e-01 1.426156e-01
3.872549e-01 2.205882e-01 1.095495e-01
3.970588e-01 2.205882e-01 8.280292e-02
4.068627e-01 2.205882e-01 6.162498e-02
4.166667e-01 2.205882e-01 4.516615e-02
4.264706e-01 2.205882e-01 3.261771e-02
4.362745e-01 2.205882e-01 2.322807e-02
4.460784e-01 2.205882e-01 1.629660e-02
4.558824e-01 2.205882e-01 1.126910e-02
4.656863e-01 2.205882e-01 7.693711e-03
4.754902e-01 2.205882e-01 5.178203e-03
4.852941e-01 2.205882e-01 3.444680e-03
4.950980e-01 2.205882e-01 2.271930e-03
5.049020e-01 2.205882e-01 1.468405e-03
5.147059e-01 2.205882e-01 9.317215e-04
5.245098e-01 2.205882e-01 5.900698e-04
5.343137e-01 2.205882e-01 3.652577e-04
5.441176e-01 2.205882e-01 2.267255e-04
5.539216e-01 2.205882e-01 1.499324e-04
5.637255e-01 2.205882e-01 9.007896e-05
5.735294e-01 2.205882e-01 4.522685e-05
5.833333e-01 2.205882e-01 2.619925e-05
5.931373e-01 2.205882e-01 1.235811e-05
6.029412e-01 2.205882e-01 3.976031e-06
6.127451e-01 2.205882e-01 1.223643e-05
6.225490e-01 2.205882e-01 1.411472e-05
6.323529e-01 2.205882e-01 2.278019e-06
6.421569e-01 2.205882e-01 -1.509122e-06
6.519608e-01 2.205882e-01 -2.338180e-06
6.617647e-01 2.205882e-01 -9.514641e-06
6.715686e-01 2.205882e-01 -4.989832e-06
6.813725e-01 2.205882e-01 8.509799e-06
6.911765e-01 2.205882e-01 8.390139e-06
7.009804e-01 2.205882e-01 2.781018e-06
7.107843e-01 2.205882e-01 4.041922e-06
7.205882e-01 2.205882e-01 -1.738035e-06
7.303922e-01 2.205882e-01 -1.271041e-05
7.401961e-01 2.205882e-01 -8.933394e-06
7.500000e-01 2.205882e-01 1.623256e-06
7.598039e-01 2.205882e-01 2.553135e-06
7.696078e-01 2.205882e-01 4.626500e-06
7.794118e-01 2.205882e-01 1.265656e-05
7.892157e-01 2.205882e-01 9.237669e-06
7.990196e-01 2.205882e-01 -4.086523e-06
8.088235e-01 2.205882e-01 -8.107281e-06
8.186275e-01 2.205882e-01 -6.365369e-06
8.284314e-01 2.205882e-01 -1.085537e-05
8.382353e-01 2.205882e-01 -1.021938e-05
8.480392e-01 2.205882e-01 3.296120e-06
8.578431e-01 2.205882e-01 1.226626e-05
8.676471e-01 2.205882e-01 6.715139e-06
8.774510e-01 2.205882e-01 1.638147e-06
8.872549e-01 2.205882e-01 1.013572e-06
8.970588e-01 2.205882e-01 -1.365565e-06
9.068627e-01 2.205882e-01 7.288081e-08
9.166667e-01 2.205882e-01 2.573954e-05
9.264706e-01 2.205882e-01 5.392897e-05
9.362745e-01 2.205882e-01 5.628580e-05
9.460784e-01 2.205882e-01 -1.864625e-06
9.558824e-01 2.205882e-01 -1.009853e-04
9.656863e-01 2.205882e-01 -2.453987e-04
9.754902e-01 2.205882e-01 -3.430933e-04
9.852941e-01 2.205882e-01 -3.116489e-04
9.950980e-01 2.205882e-01 9.519767e-06
4.901961e-03 2.303922e-01 -3.430119e-04
1.470588e-02 2.303922e-01 1.053071e-05
2.450980e-02 2.303922e-01 6.540037e-04
3.431373e-02 2.303922e-01 1.497849e-03
4.411765e-02 2.303922e-01 2.142824e-03
5.392157e-02 2.303922e-01 2.115713e-03
6.372549e-02 2.303922e-01 7.675017e-04
7.352941e-02 2.303922e-01 -2.316403e-03
8.333333e-02 2.303922e-01 -7.104173e-03
9.313725e-02 2.303922e-01 -1.280295e-02
1.029412e-01 2.303922e-01 -1.765224e-02
1.127451e-01 2.303922e-01 -1.901451e-02
1.225490e-01 2.303922e-01 -1.341342e-02
1.323529e-01 2.303922e-01 2.861295e-03
1.421569e-01 2.303922e-01 3.326149e-02
1.519608e-01 2.303922e-01 8.024281e-02
1.617647e-01 2.303922e-01 1.446926e-01
1.715686e-01 2.303922e-01 2.256367e-01
1.813725e-01 2.303922e-01 3.199849e-01
1.911765e-01 2.303922e-01 4.228658e-01
2.009804e-01 2.303922e-01 5.280459e-01
2.107843e-01 2.303922e-01 6.286594e-01
2.205882e-01 2.303922e-01 7.180539e-01
2.303922e-01 2.303922e-01 7.903926e-01
2.401961e-01 2.303922e-01 8.413619e-01
2.500000e-01 2.303922e-01 8.684920e-01
2.598039e-01 2.303922e-01 8.712589e-01
2.696078e-01 2.303922e-01 8.510370e-01
2.794118e-01 2.303922e-01 8.106479e-01
2.892157e-01 2.303922e-01 7.539996e-01
2.990196e-01 2.303922e-01 6.856121e-01
3.088235e-01 2.303922e-01 6.100714e-01
3.186275e-01 2.303922e-01 5.317258e-01
3.284314e-01 2.303922e-01 4.543103e-01
3.382353e-01 2.303922e-01 3.807654e-01
3.480392e-01 2.303922e-01 3.132647e-01
3.578431e-01 2.303922e-01 2.531438e-01
3.676471e-01 2.303922e-01 2.010271e-01
3.774510e-01 2.303922e-01 1.569836e-01
3.872549e-01 2.303922e-01 1.205862e-01
3.970588e-01 2.303922e-01 9.114505e-02
4.068627e-01 2.303922e-01 6.783351e-02
4.166667e-01 2.303922e-01 4.971652e-02
4.264706e-01 2.303922e-01 3.590387e-02
4.362745e-01 2.303922e-01 2.556824e-02
4.460784e-01 2.303922e-01 1.793844e-02
4.558824e-01 2.303922e-01 1.240444e-02
4.656863e-01 2.303922e-01 8.468837e-03
4.754902e-01 2.303922e-01 5.699897e-03
4.852941e-01 2.303922e-01 3.791724e-03
4.950980e-01 2.303922e-01 2.500819e-03
5.049020e-01 2.303922e-01 1.616343e-03
5.147059e-01 2.303922e-01 1.025591e-03
5.245098e-01 2.303922e-01 6.495178e-04
5.343137e-01 2.303922e-01 4.020570e-04
5.441176e-01 2.303922e-01 2.495677e-04
5.539216e-01 2.303922e-01 1.650355e-04
5.637255e-01 2.303922e-01 9.915299e-05
5.735294e-01 2.303922e-01 4.978415e-05
5.833333e-01 2.303922e-01 2.883887e-05
5.931373e-01 2.303922e-01 1.360364e-05
6.029412e-01 2.303922e-01 4.377810e-06
6.127451e-01 2.303922e-01 1.346814e-05
6.225490e-01 2.303922e-01 1.553496e-05
6.323529e-01 2.303922e-01 2.507891e-06
6.421569e-01 2.303922e-01 -1.660880e-06
6.519608e-01 2.303922e-01 -2.574001e-06
6.617647e-01 2.303922e-01 -1.047174e-05
6.715686e-01 2.303922e-01 -5.491578e-06
6.813725e-01 2.303922e-01 9.365646e-06
6.911765e-01 2.303922e-01 9.234622e-06
7.009804e-01 2.303922e-01 3.061648e-06
7.107843e-01 2.303922e-01 4.448288e-06
7.205882e-01 2.303922e-01 -1.913571e-06
7.303922e-01 2.303922e-01 -1.398915e-05
7.401961e-01 2.303922e-01 -9.832540e-06
7.500000e-01 2.303922e-01 1.785800e-06
7.598039e-01 2.303922e-01 2.810520e-06
7.696078e-01 2.303922e-01 5.093205e-06
7.794118e-01 2.303922e-01 1.393020e-05
7.892157e-01 2.303922e-01 1.016710e-05
7.990196e-01 2.303922e-01 -4.497140e-06
8.088235e-01 2.303922e-01 -8.923424e-06
8.186275e-01 2.303922e-01 -7.007397e-06
8.284314e-01 2.303922e-01 -1.194822e-05
8.382353e-01 2.303922e-01 -1.124718e-05
8.480392e-01 2.303922e-01 3.627555e-06
8.578431e-01 2.303922e-01 1.350003e-05
8.676471e-01 2.303922e-01 7.391356e-06
8.774510e-01 2.303922e-01 1.803453e-06
8.872549e-01 2.303922e-01 1.115099e-06
8.970588e-01 2.303922e-01 -1.501800e-06
9.068627e-01 2.303922e-01 8.467127e-08
9.166667e-01 2.303922e-01 2.833566e-05
9.264706e-01 2.303922e-01 5.935952e-05
9.362745e-01 2.303922e-01 6.194911e-05
9.460784e-01 2.303922e-01 -2.062854e-06
9.558824e-01 2.303922e-01 -1.111712e-04
9.656863e-01 2.303922e-01 -2.701282e-04
9.754902e-01 2.303922e-01 -3.776478e-04
9.852941e-01 2.303922e-01 -3.430119e-04
9.950980e-01 2.303922e-01 1.053071e-05
4.901961e-03 2.401961e-01 -3.650988e-04
1.470588e-02 2.401961e-01 1.125656e-05
2.450980e-02 2.401961e-01 6.962243e-04
3.431373e-02 2.401961e-01 1.594465e-03
4.411765e-02 2.401961e-01 2.280984e-03
5.392157e-02 2.401961e-01 2.252051e-03
6.372549e-02 2.401961e-01 8.168206e-04
7.352941e-02 2.401961e-01 -2.466010e-03
8.333333e-02 2.401961e-01 -7.562534e-03
9.313725e-02 2.401961e-01 -1.362875e-02
1.029412e-01 2.401961e-01 -1.879061e-02
1.127451e-01 2.401961e-01 -2.024051e-02
1.225490e-01 2.401961e-01 -1.427797e-02
1.323529e-01 2.401961e-01 3.046518e-03
1.421569e-01 2.401961e-01 3.540735e-02
1.519608e-01 2.401961e-01 8.541848e-02
1.617647e-01 2.401961e-01 1.540245e-01
1.715686e-01 2.401961e-01 2.401883e-01
1.813725e-01 2.401961e-01 3.406205e-01
1.911765e-01 2.401961e-01 4.501355e-01
2.009804e-01 2.401961e-01 5.620981e-01
2.107843e-01 2.401961e-01 6.691995e-01
2.205882e-01 2.401961e-01 7.643586e-01
2.303922e-01 2.401961e-01 8.413619e-01
2.401961e-01 2.401961e-01 8.956180e-01
2.500000e-01 2.401961e-01 9.244976e-01
2.598039e-01 2.401961e-01 9.274431e-01
2.696078e-01 2.401961e-01 9.059173e-01
2.794118e-01 2.401961e-01 8.629239e-01
2.892157e-01 2.401961e-01 8.026228e-01
2.990196e-01 2.401961e-01 7.298254e-01
3.088235e-01 2.401961e-01 6.494134e-01
3.186275e-01 2.401961e-01 5.660157e-01
3.284314e-01 2.401961e-01 4.836080e-01
3.382353e-01 2.401961e-01 4.053204e-01
3.480392e-01 2.401961e-01 3.334668e-01
3.578431e-01 2.401961e-01 2.694688e-01
3.676471e-01 2.401961e-01 2.139913e-01
3.774510e-01 2.401961e-01 1.671074e-01
3.872549e-01 2.401961e-01 1.283628e-01
3.970588e-01 2.401961e-01 9.702302e-02
4.068627e-01 2.401961e-01 7.220813e-02
4.166667e-01 2.401961e-01 5.292277e-02
4.264706e-01 2.401961e-01 3.821933e-02
4.362745e-01 2.401961e-01 2.721715e-02
4.460784e-01 2.401961e-01 1.909531e-02
4.558824e-01 2.401961e-01 1.320441e-02
4.656863e-01 2.401961e-01 9.014998e-03
4.754902e-01 2.401961e-01 6.067487e-03
4.852941e-01 2.401961e-01 4.036253e-03
4.950980e-01 2.401961e-01 2.662095e-03
5.049020e-01 2.401961e-01 1.720580e-03
5.147059e-01 2.401961e-01 1.091731e-03
5.245098e-01 2.401961e-01 6.914047e-04
5.343137e-01 2.401961e-01 4.279857e-04
5.441176e-01 2.401961e-01 2.656620e-04
5.539216e-01 2.401961e-01 1.756763e-04
5.637255e-01 2.401961e-01 1.055463e-04
5.735294e-01 2.401961e-01 5.299550e-05
5.833333e-01 2.401961e-01 3.069872e-05
5.931373e-01 2.401961e-01 1.448140e-05
6.029412e-01 2.401961e-01 4.661145e-06
6.127451e-01 2.401961e-01 1.433550e-05
6.225490e-01 2.401961e-01 1.653519e-05
6.323529e-01 2.401961e-01 2.670097e-06
6.421569e-01 2.401961e-01 -1.767731e-06
6.519608e-01 2.401961e-01 -2.740174e-06
6.617647e-01 2.401961e-01 -1.114563e-05
6.715686e-01 2.401961e-01 -5.844993e-06
6.813725e-01 2.401961e-01 9.968104e-06
6.911765e-01 2.401961e-01 9.829493e-06
7.009804e-01 2.401961e-01 3.259541e-06
7.107843e-01 2.401961e-01 4.734348e-06
7.205882e-01 2.401961e-01 -2.037233e-06
7.303922e-01 2.401961e-01 -1.488954e-05
7.401961e-01 2.401961e-01 -1.046597e-05
7.500000e-01 2.401961e-01 1.899949e-06
7.598039e-01 2.401961e-01 2.991965e-06
7.696078e-01 2.401961e-01 5.422144e-06
7.794118e-01 2.401961e-01 1.482709e-05
7.892157e-01 2.401961e-01 1.082176e-05
7.990196e-01 2.401961e-01 -4.785997e-06
8.088235e-01 2.401961e-01 -9.498338e-06
8.186275e-01 2.401961e-01 -7.459991e-06
8.284314e-01 2.401961e-01 -1.271791e-05
8.382353e-01 2.401961e-01 -1.197093e-05
8.480392e-01 2.401961e-01 3.860680e-06
8.578431e-01 2.401961e-01 1.436875e-05
8.676471e-01 2.401961e-01 7.867869e-06
8.774510e-01 2.401961e-01 1.920062e-06
8.872549e-01 2.401961e-01 1.186531e-06
8.970588e-01 2.401961e-01 -1.597215e-06
9.068627e-01 2.401961e-01 9.424081e-08
9.166667e-01 2.401961e-01 3.016524e-05
9.264706e-01 2.401961e-01 6.318447e-05
9.362745e-01 2.401961e-01 6.593707e-05
9.460784e-01 2.401961e-01 -2.205263e-06
9.558824e-01 2.401961e-01 -1.183506e-04
9.656863e-01 2.401961e-01 -2.875523e-04
9.754902e-01 2.401961e-01 -4.019890e-04
9.852941e-01 2.401961e-01 -3.650988e-04
9.950980e-01 2.401961e-01 1.125656e-05
4.901961e-03 2.500000e-01 -3.768407e-04
1.470588e-02 2.500000e-01 1.166052e-05
2.450980e-02 2.500000e-01 7.187112e-04
3.431373e-02 2.500000e-01 1.645893e-03
4.411765e-02 2.500000e-01 2.354504e-03
5.392157e-02 2.500000e-01 2.324574e-03
6.372549e-02 2.500000e-01 8.429994e-04
7.352941e-02 2.500000e-01 -2.545726e-03
8.333333e-02 2.500000e-01 -7.806581e-03
9.313725e-02 2.500000e-01 -1.406834e-02
1.029412e-01 2.500000e-01 -1.939651e-02
1.127451e-01 2.500000e-01 -2.089296e-02
1.225490e-01 2.500000e-01 -1.473792e-02
1.323529e-01 2.500000e-01 3.145425e-03
1.421569e-01 2.500000e-01 3.654992e-02
1.519608e-01 2.500000e-01 8.817379e-02
1.617647e-01 2.500000e-01 1.589920e-01
1.715686e-01 2.500000e-01 2.479341e-01
1.813725e-01 2.500000e-01 3.516046e-01
1.911765e-01 2.500000e-01 4.646509e-01
2.009804e-01 2.500000e-01 5.802235e-01
2.107843e-01 2.500000e-01 6.907783e-01
2.205882e-01 2.500000e-01 7.890056e-01
2.303922e-01 2.500000e-01 8.684920e-01
2.401961e-01 2.500000e-01 9.244976e-01
2.500000e-01 2.500000e-01 9.543086e-01
2.598039e-01 2.500000e-01 9.573493e-01
2.696078e-01 2.500000e-01 9.351296e-01
2.794118e-01 2.500000e-01 8.907499e-01
2.892157e-01 2.500000e-01 8.285046e-01
2.990196e-01 2.500000e-01 7.533599e-01
3.088235e-01 2.500000e-01 6.703552e-01
3.186275e-01 2.500000e-01 5.842683e-01
3.284314e-01 2.500000e-01 4.992033e-01
3.382353e-01 2.500000e-01 4.183912e-01
3.480392e-01 2.500000e-01 3.442206e-01
3.578431e-01 2.500000e-01 2.781588e-01
3.676471e-01 2.500000e-01 2.208922e-01
3.774510e-01 2.500000e-01 1.724965e-01
3.872549e-01 2.500000e-01 1.325024e-01
3.970588e-01 2.500000e-01 1.001519e-01
4.068627e-01 2.500000e-01 7.453680e-02
4.166667e-01 2.500000e-01 5.462950e-02
4.264706e-01 2.500000e-01 3.945189e-02
4.362745e-01 2.500000e-01 2.809489e-02
4.460784e-01 2.500000e-01 1.971112e-02
4.558824e-01 2.500000e-01 1.363024e-02
4.656863e-01 2.500000e-01 9.305723e-03
4.754902e-01 2.500000e-01 6.263157e-03
4.852941e-01 2.500000e-01 4.166416e-03
4.950980e-01 2.500000e-01 2.747941e-03
5.049020e-01 2.500000e-01 1.776064e-03
5.147059e-01 2.500000e-01 1.126938e-03
5.245098e-01 2.500000e-01 7.137004e-04
5.343137e-01 2.500000e-01 4.417873e-04
5.441176e-01 2.500000e-01 2.742284e-04
5.539216e-01 2.500000e-01 1.813392e-04
5.637255e-01 2.500000e-01 1.089489e-04
5.735294e-01 2.500000e-01 5.470521e-05
5.833333e-01 2.500000e-01 3.168866e-05
5.931373e-01 2.500000e-01 1.494883e-05
6.029412e-01 2.500000e-01 4.812268e-06
6.127451e-01 2.500000e-01 1.479651e-05
6.225490e-01 2.500000e-01 1.706699e-05
6.323529e-01 2.500000e-01 2.756752e-06
6.421569e-01 2.500000e-01 -1.824505e-06
6.519608e-01 2.500000e-01 -2.828646e-06
6.617647e-01 2.500000e-01 -1.150369e-05
6.715686e-01 2.500000e-01 -6.032966e-06
6.813725e-01 2.500000e-01 1.028804e-05
6.911765e-01 2.500000e-01 1.014594e-05
7.009804e-01 2.500000e-01 3.365094e-06
7.107843e-01 2.500000e-01 4.886267e-06
7.205882e-01 2.500000e-01 -2.103028e-06
7.303922e-01 2.500000e-01 -1.536801e-05
7.401961e-01 2.500000e-01 -1.080300e-05
7.500000e-01 2.500000e-01 1.960210e-06
7.598039e-01 2.500000e-01 3.088670e-06
7.696078e-01 2.500000e-01 5.597363e-06
7.794118e-01 2.500000e-01 1.530381e-05
7.892157e-01 2.500000e-01 1.116994e-05
7.990196e-01 2.500000e-01 -4.939140e-06
8.088235e-01 2.500000e-01 -9.804181e-06
8.186275e-01 2.500000e-01 -7.701198e-06
8.284314e-01 2.500000e-01 -1.312718e-05
8.382353e-01 2.500000e-01 -1.235561e-05
8.480392e-01 2.500000e-01 3.984234e-06
8.578431e-01 2.500000e-01 1.483037e-05
8.676471e-01 2.500000e-01 8.121585e-06
8.774510e-01 2.500000e-01 1.982306e-06
8.872549e-01 2.500000e-01 1.224414e-06
8.970588e-01 2.500000e-01 -1.647246e-06
9.068627e-01 2.500000e-01 1.009898e-07
9.166667e-01 2.500000e-01 3.113957e-05
9.264706e-01 2.500000e-01 6.521862e-05
9.362745e-01 2.500000e-01 6.805670e-05
9.460784e-01 2.500000e-01 -2.284628e-06
9.558824e-01 2.500000e-01 -1.221752e-04
9.656863e-01 2.500000e-01 -2.968268e-04
9.754902e-01 2.500000e-01 -4.149383e-04
9.852941e-01 2.500000e-01 -3.768407e-04
9.950980e-01 2.500000e-01 1.166052e-05
4.901961e-03 2.598039e-01 -3.780130e-04
1.470588e-02 2.598039e-01 1.173251e-05
2.450980e-02 2.598039e-01 7.210290e-04
3.431373e-02 2.598039e-01 1.651141e-03
4.411765e-02 2.598039e-01 2.361968e-03
5.392157e-02 2.598039e-01 2.331888e-03
6.372549e-02 2.598039e-01 8.455433e-04
7.352941e-02 2.598039e-01 -2.554001e-03
8.333333e-02 2.598039e-01 -7.831595e-03
9.313725e-02 2.598039e-01 -1.411322e-02
1.029412e-01 2.598039e-01 -1.945824e-02
1.127451e-01 2.598039e-01 -2.095928e-02
1.225490e-01 2.598039e-01 -1.478445e-02
1.323529e-01 2.598039e-01 3.156051e-03
1.421569e-01 2.598039e-01 3.666709e-02
1.519608e-01 2.598039e-01 8.845548e-02
1.617647e-01 2.598039e-01 1.594993e-01
1.715686e-01 2.598039e-01 2.487247e-01
1.813725e-01 2.598039e-01 3.527253e-01
1.911765e-01 2.598039e-01 4.661315e-01
2.009804e-01 2.598039e-01 5.820722e-01
2.107843e-01 2.598039e-01 6.929791e-01
2.205882e-01 2.598039e-01 7.915193e-01
2.303922e-01 2.598039e-01 8.712589e-01
2.401961e-01 2.598039e-01 9.274431e-01
2.500000e-01 2.598039e-01 9.573493e-01
2.598039e-01 2.598039e-01 9.603998e-01
2.696078e-01 2.598039e-01 9.381096e-01
2.794118e-01 2.598039e-01 8.935888e-01
2.892157e-01 2.598039e-01 8.311453e-01
2.990196e-01 2.598039e-01 7.557613e-01
3.088235e-01 2.598039e-01 6.724922e-01
3.186275e-01 2.598039e-01 5.861311e-01
3.284314e-01 2.598039e-01 5.007949e-01
3.382353e-01 2.598039e-01 4.197253e-01
3.480392e-01 2.598039e-01 3.453183e-01
3.578431e-01 2.598039e-01 2.790459e-01
3.676471e-01 2.598039e-01 2.215967e-01
3.774510e-01 2.598039e-01 1.730466e-01
3.872549e-01 2.598039e-01 1.329250e-01
3.970588e-01 2.598039e-01 1.004714e-01
4.068627e-01 2.598039e-01 7.477453e-02
4.166667e-01 2.598039e-01 5.480374e-02
4.264706e-01 2.598039e-01 3.957772e-02
4.362745e-01 2.598039e-01 2.818449e-02
4.460784e-01 2.598039e-01 1.977398e-02
4.558824e-01 2.598039e-01 1.367371e-02
4.656863e-01 2.598039e-01 9.335396e-03
4.754902e-01 2.598039e-01 6.283126e-03
4.852941e-01 2.598039e-01 4.179698e-03
4.950980e-01 2.598039e-01 2.756698e-03
5.049020e-01 2.598039e-01 1.781724e-03
5.147059e-01 2.598039e-01 1.130530e-03
5.245098e-01 2.598039e-01 7.159743e-04
5.343137e-01 2.598039e-01 4.431950e-04
5.441176e-01 2.598039e-01 2.751015e-04
5.539216e-01 2.598039e-01 1.819148e-04
5.637255e-01 2.598039e-01 1.092953e-04
5.735294e-01 2.598039e-01 5.488019e-05
5.833333e-01 2.598039e-01 3.178955e-05
5.931373e-01 2.598039e-01 1.499685e-05
6.029412e-01 2.598039e-01 4.828218e-06
6.127451e-01 2.598039e-01 1.484236e-05
6.225490e-01 2.598039e-01 1.712016e-05
6.323529e-01 2.598039e-01 2.766139e-06
6.421569e-01 2.598039e-01 -1.830122e-06
6.519608e-01 2.598039e-01 -2.837709e-06
6.617647e-01 2.598039e-01 -1.153910e-05
6.715686e-01 2.598039e-01 -6.051884e-06
6.813725e-01 2.598039e-01 1.031937e-05
6.911765e-01 2.598039e-01 1.017789e-05
7.009804e-01 2.598039e-01 3.376239e-06
7.107843e-01 2.598039e-01 4.901158e-06
7.205882e-01 2.598039e-01 -2.109696e-06
7.303922e-01 2.598039e-01 -1.541542e-05
7.401961e-01 2.598039e-01 -1.083714e-05
7.500000e-01 2.598039e-01 1.965485e-06
7.598039e-01 2.598039e-01 3.098753e-06
7.696078e-01 2.598039e-01 5.615469e-06
7.794118e-01 2.598039e-01 1.535126e-05
7.892157e-01 2.598039e-01 1.120496e-05
7.990196e-01 2.598039e-01 -4.953698e-06
8.088235e-01 2.598039e-01 -9.835071e-06
8.186275e-01 2.598039e-01 -7.726326e-06
8.284314e-01 2.598039e-01 -1.316819e-05
8.382353e-01 2.598039e-01 -1.239386e-05
8.480392e-01 2.598039e-01 3.995909e-06
8.578431e-01 2.598039e-01 1.487608e-05
8.676471e-01 2.598039e-01 8.147592e-06
8.774510e-01 2.598039e-01 1.988960e-06
8.872549e-01 2.598039e-01 1.228030e-06
8.970588e-01 2.598039e-01 -1.651037e-06
9.068627e-01 2.598039e-01 1.045779e-07
9.166667e-01 2.598039e-01 3.123981e-05
9.264706e-01 2.598039e-01 6.542299e-05
9.362745e-01 2.598039e-01 6.826752e-05
9.460784e-01 2.598039e-01 -2.298956e-06
9.558824e-01 2.598039e-01 -1.225710e-04
9.656863e-01 2.598039e-01 -2.977727e-04
9.754902e-01 2.598039e-01 -4.162466e-04
9.852941e-01 2.598039e-01 -3.780130e-04
9.950980e-01 2.598039e-01 1.173251e-05
4.901961e-03 2.696078e-01 -3.692139e-04
1.470588e-02 2.696078e-01 1.148906e-05
2.450980e-02 2.696078e-01 7.043140e-04
3.431373e-02 2.696078e-01 1.612816e-03
4.411765e-02 2.696078e-01 2.307106e-03
5.392157e-02 2.696078e-01 2.277679e-03
6.372549e-02 2.696078e-01 8.257956e-04
7.352941e-02 2.696078e-01 -2.494855e-03
8.333333e-02 2.696078e-01 -7.649924e-03
9.313725e-02 2.696078e-01 -1.378568e-02
1.029412e-01 2.696078e-01 -1.900651e-02
1.127451e-01 2.696078e-01 -2.047257e-02
1.225490e-01 2.696078e-01 -1.444090e-02
1.323529e-01 2.696078e-01 3.083326e-03
1.421569e-01 2.696078e-01 3.581665e-02
1.519608e-01 2.696078e-01 8.640303e-02
1.617647e-01 2.696078e-01 1.557978e-01
1.715686e-01 2.696078e-01 2.429522e-01
1.813725e-01 2.696078e-01 3.445388e-01
1.911765e-01 2.696078e-01 4.553127e-01
2.009804e-01 2.696078e-01 5.685622e-01
2.107843e-01 2.696078e-01 6.768949e-01
2.205882e-01 2.696078e-01 7.731481e-01
2.303922e-01 2.696078e-01 8.510370e-01
2.401961e-01 2.696078e-01 9.059173e-01
2.500000e-01 2.696078e-01 9.351296e-01
2.598039e-01 2.696078e-01 9.381096e-01
2.696078e-01 2.696078e-01 9.163369e-01
2.794118e-01 2.696078e-01 8.728496e-01
2.892157e-01 2.696078e-01 8.118556e-01
2.990196e-01 2.696078e-01 7.382214e-01
3.088235e-01 2.696078e-01 6.568850e-01
3.186275e-01 2.696078e-01 5.725282e-01
3.284314e-01 2.696078e-01 4.891727e-01
3.382353e-01 2.696078e-01 4.099846e-01
3.480392e-01 2.696078e-01 3.373044e-01
3.578431e-01 2.696078e-01 2.725701e-01
3.676471e-01 2.696078e-01 2.164541e-01
3.774510e-01 2.696078e-01 1.690308e-01
3.872549e-01 2.696078e-01 1.298402e-01
3.970588e-01 2.696078e-01 9.813976e-02
4.068627e-01 2.696078e-01 7.303925e-02
4.166667e-01 2.696078e-01 5.353191e-02
4.264706e-01 2.696078e-01 3.865923e-02
4.362745e-01 2.696078e-01 2.753040e-02
4.460784e-01 2.696078e-01 1.931507e-02
4.558824e-01 2.696078e-01 1.335637e-02
4.656863e-01 2.696078e-01 9.118738e-03
4.754902e-01 2.696078e-01 6.137303e-03
4.852941e-01 2.696078e-01 4.082690e-03
4.950980e-01 2.696078e-01 2.692714e-03
5.049020e-01 2.696078e-01 1.740370e-03
5.147059e-01 2.696078e-01 1.104290e-03
5.245098e-01 2.696078e-01 6.993554e-04
5.343137e-01 2.696078e-01 4.329079e-04
5.441176e-01 2.696078e-01 2.687153e-04
5.539216e-01 2.696078e-01 1.776903e-04
5.637255e-01 2.696078e-01 1.067579e-04
5.735294e-01 2.696078e-01 5.360694e-05
5.833333e-01 2.696078e-01 3.105155e-05
5.931373e-01 2.696078e-01 1.464908e-05
6.029412e-01 2.696078e-01 4.716587e-06
6.127451e-01 2.696078e-01 1.449658e-05
6.225490e-01 2.696078e-01 1.672179e-05
6.323529e-01 2.696078e-01 2.702557e-06
6.421569e-01 2.696078e-01 -1.787482e-06
6.519608e-01 2.696078e-01 -2.771848e-06
6.617647e-01 2.696078e-01 -1.127015e-05
6.715686e-01 2.696078e-01 -5.911283e-06
6.813725e-01 2.696078e-01 1.007850e-05
6.911765e-01 2.696078e-01 9.941395e-06
7.009804e-01 2.696078e-01 3.298270e-06
7.107843e-01 2.696078e-01 4.786798e-06
7.205882e-01 2.696078e-01 -2.060592e-06
7.303922e-01 2.696078e-01 -1.505622e-05
7.401961e-01 2.696078e-01 -1.058549e-05
7.500000e-01 2.696078e-01 1.918956e-06
7.598039e-01 2.696078e-01 3.027078e-06
7.696078e-01 2.696078e-01 5.485316e-06
7.794118e-01 2.696078e-01 1.499375e-05
7.892157e-01 2.696078e-01 1.094450e-05
7.990196e-01 2.696078e-01 -4.837588e-06
8.088235e-01 2.696078e-01 -9.606538e-06
8.186275e-01 2.696078e-01 -7.547521e-06
8.284314e-01 2.696078e-01 -1.286177e-05
8.382353e-01 2.696078e-01 -1.210529e-05
8.480392e-01 2.696078e-01 3.902114e-06
8.578431e-01 2.696078e-01 1.452946e-05
8.676471e-01 2.696078e-01 7.958712e-06
8.774510e-01 2.696078e-01 1.943126e-06
8.872549e-01 2.696078e-01 1.199319e-06
8.970588e-01 2.696078e-01 -1.611318e-06
9.068627e-01 2.696078e-01 1.049649e-07
9.166667e-01 2.696078e-01 3.051526e-05
9.264706e-01 2.696078e-01 6.390111e-05
9.362745e-01 2.696078e-01 6.667764e-05
9.460784e-01 2.696078e-01 -2.251469e-06
9.558824e-01 2.696078e-01 -1.197309e-04
9.656863e-01 2.696078e-01 -2.908601e-04
9.754902e-01 2.696078e-01 -4.065720e-04
9.852941e-01 2.696078e-01 -3.692139e-04
9.950980e-01 2.696078e-01 1.148906e-05
4.901961e-03 2.794118e-01 -3.516693e-04
1.470588e-02 2.794118e-01 1.096704e-05
2.450980e-02 2.794118e-01 6.709016e-04
3.431373e-02 2.794118e-01 1.536266e-03
4.411765e-02 2.794118e-01 2.197574e-03
5.392157e-02 2.794118e-01 2.169505e-03
6.372549e-02 2.794118e-01 7.865010e-04
7.352941e-02 2.794118e-01 -2.376555e-03
8.333333e-02 2.794118e-01 -7.286934e-03
9.313725e-02 2.794118e-01 -1.313142e-02
1.029412e-01 2.794118e-01 -1.810437e-02
1.127451e-01 2.794118e-01 -1.950072e-02
1.225490e-01 2.794118e-01 -1.375519e-02
1.323529e-01 2.794118e-01 2.937441e-03
1.421569e-01 2.794118e-01 3.411731e-02
1.519608e-01 2.794118e-01 8.230290e-02
1.617647e-01 2.794118e-01 1.484042e-01
1.715686e-01 2.794118e-01 2.314222e-01
1.813725e-01 2.794118e-01 3.281875e-01
1.911765e-01 2.794118e-01 4.337040e-01
2.009804e-01 2.794118e-01 5.415788e-01
2.107843e-01 2.794118e-01 6.447702e-01
2.205882e-01 2.794118e-01 7.364553e-01
2.303922e-01 2.794118e-01 8.106479e-01
2.401961e-01 2.794118e-01 8.629239e-01
2.500000e-01 2.794118e-01 8.907499e-01
2.598039e-01 2.794118e-01 8.935888e-01
2.696078e-01 2.794118e-01 8.728496e-01
2.794118e-01 2.794118e-01 8.314264e-01
2.892157e-01 2.794118e-01 7.733272e-01
2.990196e-01 2.794118e-01 7.031877e-01
3.088235e-01 2.794118e-01 6.257113e-01
3.186275e-01 2.794118e-01 5.453580e-01
3.284314e-01 2.794118e-01 4.659583e-01
3.382353e-01 2.794118e-01 3.905283e-01
3.480392e-01 2.794118e-01 3.212972e-01
3.578431e-01 2.794118e-01 2.596350e-01
3.676471e-01 2.794118e-01 2.061821e-01
3.774510e-01 2.794118e-01 1.610092e-01
3.872549e-01 2.794118e-01 1.236785e-01
3.970588e-01 2.794118e-01 9.348243e-02
4.068627e-01 2.794118e-01 6.957308e-02
4.166667e-01 2.794118e-01 5.099148e-02
4.264706e-01 2.794118e-01 3.682459e-02
4.362745e-01 2.794118e-01 2.622389e-02
4.460784e-01 2.794118e-01 1.839843e-02
4.558824e-01 2.794118e-01 1.272251e-02
4.656863e-01 2.794118e-01 8.685981e-03
4.754902e-01 2.794118e-01 5.846037e-03
4.852941e-01 2.794118e-01 3.888929e-03
4.950980e-01 2.794118e-01 2.564918e-03
5.049020e-01 2.794118e-01 1.657772e-03
5.147059e-01 2.794118e-01 1.051880e-03
5.245098e-01 2.794118e-01 6.661629e-04
5.343137e-01 2.794118e-01 4.123614e-04
5.441176e-01 2.794118e-01 2.559608e-04
5.539216e-01 2.794118e-01 1.692550e-04
5.637255e-01 2.794118e-01 1.016905e-04
5.735294e-01 2.794118e-01 5.106318e-05
5.833333e-01 2.794118e-01 2.957763e-05
5.931373e-01 2.794118e-01 1.395410e-05
6.029412e-01 2.794118e-01 4.493011e-06
6.127451e-01 2.794118e-01 1.380735e-05
6.225490e-01 2.794118e-01 1.592736e-05
6.323529e-01 2.794118e-01 2.574911e-06
6.421569e-01 2.794118e-01 -1.702519e-06
6.519608e-01 2.794118e-01 -2.640265e-06
6.617647e-01 2.794118e-01 -1.073428e-05
6.715686e-01 2.794118e-01 -5.630741e-06
6.813725e-01 2.794118e-01 9.598938e-06
6.911765e-01 2.794118e-01 9.469424e-06
7.009804e-01 2.794118e-01 3.142096e-06
7.107843e-01 2.794118e-01 4.559095e-06
7.205882e-01 2.794118e-01 -1.962583e-06
7.303922e-01 2.794118e-01 -1.434040e-05
7.401961e-01 2.794118e-01 -1.008311e-05
7.500000e-01 2.794118e-01 1.827048e-06
7.598039e-01 2.794118e-01 2.883662e-06
7.696078e-01 2.794118e-01 5.225094e-06
7.794118e-01 2.794118e-01 1.428107e-05
7.892157e-01 2.794118e-01 1.042485e-05
7.990196e-01 2.794118e-01 -4.606936e-06
8.088235e-01 2.794118e-01 -9.150439e-06
8.186275e-01 2.794118e-01 -7.189780e-06
8.284314e-01 2.794118e-01 -1.225063e-05
8.382353e-01 2.794118e-01 -1.153008e-05
8.480392e-01 2.794118e-01 3.715882e-06
8.578431e-01 2.794118e-01 1.383876e-05
8.676471e-01 2.794118e-01 7.581293e-06
8.774510e-01 2.794118e-01 1.851221e-06
8.872549e-01 2.794118e-01 1.142260e-06
8.970588e-01 2.794118e-01 -1.533540e-06
9.068627e-01 2.794118e-01 1.023555e-07
9.166667e-01 2.794118e-01 2.906716e-05
9.264706e-01 2.794118e-01 6.086514e-05
9.362745e-01 2.794118e-01 6.350848e-05
9.460784e-01 2.794118e-01 -2.149375e-06
9.558824e-01 2.794118e-01 -1.140521e-04
9.656863e-01 2.794118e-01 -2.770539e-04
9.754902e-01 2.794118e-01 -3.872636e-04
9.852941e-01 2.794118e-01 -3.516693e-04
9.950980e-01 2.794118e-01 1.096704e-05
4.901961e-03 2.892157e-01 -3.270757e-04
1.470588e-02 2.892157e-01 1.021866e-05
2.450980e-02 2.892157e-01 6.240266e-04
3.431373e-02 2.892157e-01 1.428899e-03
4.411765e-02 2.892157e-01 2.043967e-03
5.392157e-02 2.892157e-01 2.017832e-03
6.372549e-02 2.892157e-01 7.314559e-04
7.352941e-02 2.892157e-01 -2.210556e-03
8.333333e-02 2.892157e-01 -6.777757e-03
9.313725e-02 2.892157e-01 -1.221376e-02
1.029412e-01 2.892157e-01 -1.683911e-02
1.127451e-01 2.892157e-01 -1.813778e-02
1.225490e-01 2.892157e-01 -1.279366e-02
1.323529e-01 2.892157e-01 2.732532e-03
1.421569e-01 2.892157e-01 3.173354e-02
1.519608e-01 2.892157e-01 7.655185e-02
1.617647e-01 2.892157e-01 1.380339e-01
1.715686e-01 2.892157e-01 2.152504e-01
1.813725e-01 2.892157e-01 3.052536e-01
1.911765e-01 2.892157e-01 4.033965e-01
2.009804e-01 2.892157e-01 5.037329e-01
2.107843e-01 2.892157e-01 5.997132e-01
2.205882e-01 2.892157e-01 6.849915e-01
2.303922e-01 2.892157e-01 7.539996e-01
2.401961e-01 2.892157e-01 8.026228e-01
2.500000e-01 2.892157e-01 8.285046e-01
2.598039e-01 2.892157e-01 8.311453e-01
2.696078e-01 2.892157e-01 8.118556e-01
2.794118e-01 2.892157e-01 7.733272e-01
2.892157e-01 2.892157e-01 7.192881e-01
2.990196e-01 2.892157e-01 6.540500e-01
3.088235e-01 2.892157e-01 5.819877e-01
3.186275e-01 2.892157e-01 5.072494e-01
3.284314e-01 2.892157e-01 4.333981e-01
3.382353e-01 2.892157e-01 3.632390e-01
3.480392e-01 2.892157e-01 2.988457e-01
3.578431e-01 2.892157e-01 2.414923e-01
3.676471e-01 2.892157e-01 1.917746e-01
3.774510e-01 2.892157e-01 1.497583e-01
3.872549e-01 2.892157e-01 1.150361e-01
3.970588e-01 2.892157e-01 8.695006e-02
4.068627e-01 2.892157e-01 6.471144e-02
4.166667e-01 2.892157e-01 4.742828e-02
4.264706e-01 2.892157e-01 3.425134e-02
4.362745e-01 2.892157e-01 2.439139e-02
4.460784e-01 2.892157e-01 1.711276e-02
4.558824e-01 2.892157e-01 1.183346e-02
4.656863e-01 2.892157e-01 8.079002e-03
4.754902e-01 2.892157e-01 5.437511e-03
4.852941e-01 2.892157e-01 3.617164e-03
4.950980e-01 2.892157e-01 2.385674e-03
5.049020e-01 2.892157e-01 1.541922e-03
5.147059e-01 2.892157e-01 9.783710e-04
5.245098e-01 2.892157e-01 6.196083e-04
5.343137e-01 2.892157e-01 3.835436e-04
5.441176e-01 2.892157e-01 2.380723e-04
5.539216e-01 2.892157e-01 1.574250e-04
5.637255e-01 2.892157e-01 9.458360e-05
5.735294e-01 2.892157e-01 4.749507e-05
5.833333e-01 2.892157e-01 2.751042e-05
5.931373e-01 2.892157e-01 1.297914e-05
6.029412e-01 2.892157e-01 4.179162e-06
6.127451e-01 2.892157e-01 1.284132e-05
6.225490e-01 2.892157e-01 1.481368e-05
6.323529e-01 2.892157e-01 2.395564e-06
6.421569e-01 2.892157e-01 -1.583445e-06
6.519608e-01 2.892157e-01 -2.455700e-06
6.617647e-01 2.892157e-01 -9.983309e-06
6.715686e-01 2.892157e-01 -5.237370e-06
6.813725e-01 2.892157e-01 8.927045e-06
6.911765e-01 2.892157e-01 8.807618e-06
7.009804e-01 2.892157e-01 2.922845e-06
7.107843e-01 2.892157e-01 4.240055e-06
7.205882e-01 2.892157e-01 -1.825168e-06
7.303922e-01 2.892157e-01 -1.333719e-05
7.401961e-01 2.892157e-01 -9.378592e-06
7.500000e-01 2.892157e-01 1.698624e-06
7.598039e-01 2.892157e-01 2.682387e-06
7.696078e-01 2.892157e-01 4.860005e-06
7.794118e-01 2.892157e-01 1.328215e-05
7.892157e-01 2.892157e-01 9.696257e-06
7.990196e-01 2.892157e-01 -4.284026e-06
8.088235e-01 2.892157e-01 -8.510887e-06
8.186275e-01 2.892157e-01 -6.687745e-06
8.284314e-01 2.892157e-01 -1.139389e-05
8.382353e-01 2.892157e-01 -1.072381e-05
8.480392e-01 2.892157e-01 3.455215e-06
8.578431e-01 2.892157e-01 1.287074e-05
8.676471e-01 2.892157e-01 7.051846e-06
8.774510e-01 2.892157e-01 1.722146e-06
8.872549e-01 2.892157e-01 1.062351e-06
8.970588e-01 2.892157e-01 -1.425186e-06
9.068627e-01 2.892157e-01 9.714897e-08
9.166667e-01 2.892157e-01 2.703575e-05
9.264706e-01 2.892157e-01 5.660878e-05
9.362745e-01 2.892157e-01 5.906647e-05
9.460784e-01 2.892157e-01 -2.002892e-06
9.558824e-01 2.892157e-01 -1.060843e-04
9.656863e-01 2.892157e-01 -2.576902e-04
9.754902e-01 2.892157e-01 -3.601894e-04
9.852941e-01 2.892157e-01 -3.270757e-04
9.950980e-01 2.892157e-01 1.021866e-05
4.901961e-03 2.990196e-01 -2.973944e-04
1.470588e-02 2.990196e-01 9.305285e-06
2.450980e-02 2.990196e-01 5.674310e-04
3.431373e-02 2.990196e-01 1.299285e-03
4.411765e-02 2.990196e-01 1.858544e-03
5.392157e-02 2.990196e-01 1.834758e-03
6.372549e-02 2.990196e-01 6.650465e-04
7.352941e-02 2.990196e-01 -2.010112e-03
8.333333e-02 2.990196e-01 -6.163030e-03
9.313725e-02 2.990196e-01 -1.110592e-02
1.029412e-01 2.990196e-01 -1.531168e-02
1.127451e-01 2.990196e-01 -1.649249e-02
1.225490e-01 2.990196e-01 -1.163302e-02
1.323529e-01 2.990196e-01 2.484971e-03
1.421569e-01 2.990196e-01 2.885557e-02
1.519608e-01 2.990196e-01 6.960879e-02
1.617647e-01 2.990196e-01 1.255143e-01
1.715686e-01 2.990196e-01 1.957272e-01
1.813725e-01 2.990196e-01 2.775670e-01
1.911765e-01 2.990196e-01 3.668083e-01
2.009804e-01 2.990196e-01 4.580442e-01
2.107843e-01 2.990196e-01 5.453192e-01
2.205882e-01 2.990196e-01 6.228628e-01
2.303922e-01 2.990196e-01 6.856121e-01
2.401961e-01 2.990196e-01 7.298254e-01
2.500000e-01 2.990196e-01 7.533599e-01
2.598039e-01 2.990196e-01 7.557613e-01
2.696078e-01 2.990196e-01 7.382214e-01
2.794118e-01 2.990196e-01 7.031877e-01
2.892157e-01 2.990196e-01 6.540500e-01
2.990196e-01 2.990196e-01 5.947289e-01
3.088235e-01 2.990196e-01 5.292027e-01
3.186275e-01 2.990196e-01 4.612431e-01
3.284314e-01 2.990196e-01 3.940899e-01
3.382353e-01 2.990196e-01 3.302941e-01
3.480392e-01 2.990196e-01 2.717411e-01
3.578431e-01 2.990196e-01 2.195895e-01
3.676471e-01 2.990196e-01 1.743811e-01
3.774510e-01 2.990196e-01 1.361755e-01
3.872549e-01 2.990196e-01 1.046026e-01
3.970588e-01 2.990196e-01 7.906386e-02
4.068627e-01 2.990196e-01 5.884222e-02
4.166667e-01 2.990196e-01 4.312660e-02
4.264706e-01 2.990196e-01 3.114478e-02
4.362745e-01 2.990196e-01 2.217911e-02
4.460784e-01 2.990196e-01 1.556064e-02
4.558824e-01 2.990196e-01 1.076017e-02
4.656863e-01 2.990196e-01 7.346229e-03
4.754902e-01 2.990196e-01 4.944321e-03
4.852941e-01 2.990196e-01 3.289079e-03
4.950980e-01 2.990196e-01 2.169286e-03
5.049020e-01 2.990196e-01 1.402064e-03
5.147059e-01 2.990196e-01 8.896288e-04
5.245098e-01 2.990196e-01 5.634065e-04
5.343137e-01 2.990196e-01 3.487540e-04
5.441176e-01 2.990196e-01 2.164769e-04
5.539216e-01 2.990196e-01 1.431443e-04
5.637255e-01 2.990196e-01 8.600413e-05
5.735294e-01 2.990196e-01 4.318734e-05
5.833333e-01 2.990196e-01 2.501487e-05
5.931373e-01 2.990196e-01 1.180203e-05
6.029412e-01 2.990196e-01 3.800125e-06
6.127451e-01 2.990196e-01 1.167555e-05
6.225490e-01 2.990196e-01 1.346956e-05
6.323529e-01 2.990196e-01 2.178832e-06
6.421569e-01 2.990196e-01 -1.439754e-06
6.519608e-01 2.990196e-01 -2.232890e-06
6.617647e-01 2.990196e-01 -9.077098e-06
6.715686e-01 2.990196e-01 -4.762523e-06
6.813725e-01 2.990196e-01 8.116387e-06
6.911765e-01 2.990196e-01 8.008757e-06
7.009804e-01 2.990196e-01 2.658022e-06
7.107843e-01 2.990196e-01 3.855107e-06
7.205882e-01 2.990196e-01 -1.659329e-06
7.303922e-01 2.990196e-01 -1.212657e-05
7.401961e-01 2.990196e-01 -8.528117e-06
7.500000e-01 2.990196e-01 1.543903e-06
7.598039e-01 2.990196e-01 2.439315e-06
7.696078e-01 2.990196e-01 4.419200e-06
7.794118e-01 2.990196e-01 1.207664e-05
7.892157e-01 2.990196e-01 8.816803e-06
7.990196e-01 2.990196e-01 -3.894596e-06
8.088235e-01 2.990196e-01 -7.738890e-06
8.186275e-01 2.990196e-01 -6.081493e-06
8.284314e-01 2.990196e-01 -1.035988e-05
8.382353e-01 2.990196e-01 -9.750774e-06
8.480392e-01 2.990196e-01 3.140899e-06
8.578431e-01 2.990196e-01 1.170259e-05
8.676471e-01 2.990196e-01 6.412599e-06
8.774510e-01 2.990196e-01 1.566206e-06
8.872549e-01 2.990196e-01 9.659489e-07
8.970588e-01 2.990196e-01 -1.294868e-06
9.068627e-01 2.990196e-01 8.989735e-08
9.166667e-01 2.990196e-01 2.458320e-05
9.264706e-01 2.990196e-01 5.147158e-05
9.362745e-01 2.990196e-01 5.370582e-05
9.460784e-01 2.990196e-01 -1.824040e-06
9.558824e-01 2.990196e-01 -9.646366e-05
9.656863e-01 2.990196e-01 -2.343143e-04
9.754902e-01 2.990196e-01 -3.275095e-04
9.852941e-01 2.990196e-01 -2.973944e-04
9.950980e-01 2.990196e-01 9.305285e-06
4.901961e-03 3.088235e-01 -2.646149e-04
1.470588e-02 3.088235e-01 8.289642e-06
2.450980e-02 3.088235e-01 5.049117e-04
3.431373e-02 3.088235e-01 1.156115e-03
4.411765e-02 3.088235e-01 1.653737e-03
5.392157e-02 3.088235e-01 1.632556e-03
6.372549e-02 3.088235e-01 5.917208e-04
7.352941e-02 3.088235e-01 -1.788673e-03
8.333333e-02 3.088235e-01 -5.483984e-03
9.313725e-02 3.088235e-01 -9.882217e-03
1.029412e-01 3.088235e-01 -1.362452e-02
1.127451e-01 3.088235e-01 -1.467517e-02
1.225490e-01 3.088235e-01 -1.035108e-02
1.323529e-01 3.088235e-01 2.211383e-03
1.421569e-01 3.088235e-01 2.567642e-02
1.519608e-01 3.088235e-01 6.193937e-02
1.617647e-01 3.088235e-01 1.116851e-01
1.715686e-01 3.088235e-01 1.741618e-01
1.813725e-01 3.088235e-01 2.469844e-01
1.911765e-01 3.088235e-01 3.263930e-01
2.009804e-01 3.088235e-01 4.075765e-01
2.107843e-01 3.088235e-01 4.852356e-01
2.205882e-01 3.088235e-01 5.542357e-01
2.303922e-01 3.088235e-01 6.100714e-01
2.401961e-01 3.088235e-01 6.494134e-01
2.500000e-01 3.088235e-01 6.703552e-01
2.598039e-01 3.088235e-01 6.724922e-01
2.696078e-01 3.088235e-01 6.568850e-01
2.794118e-01 3.088235e-01 6.257113e-01
2.892157e-01 3.088235e-01 5.819877e-01
2.990196e-01 3.088235e-01 5.292027e-01
3.088235e-01 3.088235e-01 4.708960e-01
3.186275e-01 3.088235e-01 4.104242e-01
3.284314e-01 3.088235e-01 3.506698e-01
3.382353e-01 3.088235e-01 2.939029e-01
3.480392e-01 3.088235e-01 2.418012e-01
3.578431e-01 3.088235e-01 1.953955e-01
3.676471e-01 3.088235e-01 1.551681e-01
3.774510e-01 3.088235e-01 1.211719e-01
3.872549e-01 3.088235e-01 9.307764e-02
3.970588e-01 3.088235e-01 7.035269e-02
4.068627e-01 3.088235e-01 5.235904e-02
4.166667e-01 3.088235e-01 3.837493e-02
4.264706e-01 3.088235e-01 2.771325e-02
4.362745e-01 3.088235e-01 1.973540e-02
4.460784e-01 3.088235e-01 1.384615e-02
4.558824e-01 3.088235e-01 9.574595e-03
4.656863e-01 3.088235e-01 6.536806e-03
4.754902e-01 3.088235e-01 4.399542e-03
4.852941e-01 3.088235e-01 2.926676e-03
4.950980e-01 3.088235e-01 1.930263e-03
5.049020e-01 3.088235e-01 1.247577e-03
5.147059e-01 3.088235e-01 7.916044e-04
5.245098e-01 3.088235e-01 5.013263e-04
5.343137e-01 3.088235e-01 3.103256e-04
5.441176e-01 3.088235e-01 1.926231e-04
5.539216e-01 3.088235e-01 1.273704e-04
5.637255e-01 3.088235e-01 7.652742e-05
5.735294e-01 3.088235e-01 3.842889e-05
5.833333e-01 3.088235e-01 2.225833e-05
5.931373e-01 3.088235e-01 1.050172e-05
6.029412e-01 3.088235e-01 3.381352e-06
6.127451e-01 3.088235e-01 1.038818e-05
6.225490e-01 3.088235e-01 1.198509e-05
6.323529e-01 3.088235e-01 1.939259e-06
6.421569e-01 3.088235e-01 -1.281072e-06
6.519608e-01 3.088235e-01 -1.986783e-06
6.617647e-01 3.088235e-01 -8.076383e-06
6.715686e-01 3.088235e-01 -4.238016e-06
6.813725e-01 3.088235e-01 7.221289e-06
6.911765e-01 3.088235e-01 7.126388e-06
7.009804e-01 3.088235e-01 2.365398e-06
7.107843e-01 3.088235e-01 3.430045e-06
7.205882e-01 3.088235e-01 -1.476200e-06
7.303922e-01 3.088235e-01 -1.078969e-05
7.401961e-01 3.088235e-01 -7.588693e-06
7.500000e-01 3.088235e-01 1.373233e-06
7.598039e-01 3.088235e-01 2.170753e-06
7.696078e-01 3.088235e-01 3.932257e-06
7.794118e-01 3.088235e-01 1.074534e-05
7.892157e-01 3.088235e-01 7.845434e-06
7.990196e-01 3.088235e-01 -3.464732e-06
8.088235e-01 3.088235e-01 -6.886201e-06
8.186275e-01 3.088235e-01 -5.411700e-06
8.284314e-01 3.088235e-01 -9.217912e-06
8.382353e-01 3.088235e-01 -8.676165e-06
8.480392e-01 3.088235e-01 2.793996e-06
8.578431e-01 3.088235e-01 1.041257e-05
8.676471e-01 3.088235e-01 5.706414e-06
8.774510e-01 3.088235e-01 1.393866e-06
8.872549e-01 3.088235e-01 8.595041e-07
8.970588e-01 3.088235e-01 -1.151287e-06
9.068627e-01 3.088235e-01 8.120967e-08
9.166667e-01 3.088235e-01 2.187407e-05
9.264706e-01 3.088235e-01 4.579798e-05
9.362745e-01 3.088235e-01 4.778582e-05
9.460784e-01 3.088235e-01 -1.625103e-06
9.558824e-01 3.088235e-01 -8.583577e-05
9.656863e-01 3.088235e-01 -2.084940e-04
9.754902e-01 3.088235e-01 -2.914151e-04
9.852941e-01 3.088235e-01 -2.646149e-04
9.950980e-01 3.088235e-01 8.289642e-06
4.901961e-03 3.186275e-01 -2.306231e-04
1.470588e-02 3.186275e-01 7.231648e-06
2.450980e-02 3.186275e-01 4.400689e-04
3.431373e-02 3.186275e-01 1.007633e-03
4.411765e-02 3.186275e-01 1.441336e-03
5.392157e-02 3.186275e-01 1.422864e-03
6.372549e-02 3.186275e-01 5.156942e-04
7.352941e-02 3.186275e-01 -1.558991e-03
8.333333e-02 3.186275e-01 -4.779716e-03
9.313725e-02 3.186275e-01 -8.613082e-03
1.029412e-01 3.186275e-01 -1.187475e-02
1.127451e-01 3.186275e-01 -1.279044e-02
1.225490e-01 3.186275e-01 -9.021633e-03
1.323529e-01 3.186275e-01 1.927542e-03
1.421569e-01 3.186275e-01 2.237914e-02
1.519608e-01 3.186275e-01 5.398511e-02
1.617647e-01 3.186275e-01 9.734239e-02
1.715686e-01 3.186275e-01 1.517957e-01
1.813725e-01 3.186275e-01 2.152663e-01
1.911765e-01 3.186275e-01 2.844772e-01
2.009804e-01 3.186275e-01 3.552351e-01
2.107843e-01 3.186275e-01 4.229213e-01
2.205882e-01 3.186275e-01 4.830604e-01
2.303922e-01 3.186275e-01 5.317258e-01
2.401961e-01 3.186275e-01 5.660157e-01
2.500000e-01 3.186275e-01 5.842683e-01
2.598039e-01 3.186275e-01 5.861311e-01
2.696078e-01 3.186275e-01 5.725282e-01
2.794118e-01 3.186275e-01 5.453580e-01
2.892157e-01 3.186275e-01 5.072494e-01
2.990196e-01 3.186275e-01 4.612431e-01
3.088235e-01 3.186275e-01 4.104242e-01
3.186275e-01 3.186275e-01 3.577180e-01
3.284314e-01 3.186275e-01 3.056373e-01
3.382353e-01 3.186275e-01 2.561603e-01
3.480392e-01 3.186275e-01 2.107494e-01
3.578431e-01 3.186275e-01 1.703031e-01
3.676471e-01 3.186275e-01 1.352415e-01
3.774510e-01 3.186275e-01 1.056111e-01
3.872549e-01 3.186275e-01 8.112465e-02
3.970588e-01 3.186275e-01 6.131801e-02
4.068627e-01 3.186275e-01 4.563508e-02
4.166667e-01 3.186275e-01 3.344680e-02
4.264706e-01 3.186275e-01 2.415428e-02
4.362745e-01 3.186275e-01 1.720095e-02
4.460784e-01 3.186275e-01 1.206800e-02
4.558824e-01 3.186275e-01 8.344999e-03
4.656863e-01 3.186275e-01 5.697327e-03
4.754902e-01 3.186275e-01 3.834534e-03
4.852941e-01 3.186275e-01 2.550817e-03
4.950980e-01 3.186275e-01 1.682367e-03
5.049020e-01 3.186275e-01 1.087355e-03
5.147059e-01 3.186275e-01 6.899407e-04
5.245098e-01 3.186275e-01 4.369415e-04
5.343137e-01 3.186275e-01 2.704706e-04
5.441176e-01 3.186275e-01 1.678839e-04
5.539216e-01 3.186275e-01 1.110113e-04
5.637255e-01 3.186275e-01 6.669900e-05
5.735294e-01 3.186275e-01 3.349368e-05
5.833333e-01 3.186275e-01 1.939950e-05
5.931373e-01 3.186275e-01 9.153071e-06
6.029412e-01 3.186275e-01 2.946985e-06
6.127451e-01 3.186275e-01 9.053293e-06
6.225490e-01 3.186275e-01 1.044568e-05
6.323529e-01 3.186275e-01 1.690647e-06
6.421569e-01 3.186275e-01 -1.116526e-06
6.519608e-01 3.186275e-01 -1.731554e-06
6.617647e-01 3.186275e-01 -7.038729e-06
6.715686e-01 3.186275e-01 -3.694017e-06
6.813725e-01 3.186275e-01 6.293234e-06
6.911765e-01 3.186275e-01 6.211285e-06
7.009804e-01 3.186275e-01 2.061832e-06
7.107843e-01 3.186275e-01 2.989312e-06
7.205882e-01 3.186275e-01 -1.286334e-06
7.303922e-01 3.186275e-01 -9.403442e-06
7.401961e-01 3.186275e-01 -6.614375e-06
7.500000e-01 3.186275e-01 1.196413e-06
7.598039e-01 3.186275e-01 1.892164e-06
7.696078e-01 3.186275e-01 3.427220e-06
7.794118e-01 3.186275e-01 9.364859e-06
7.892157e-01 3.186275e-01 6.838034e-06
7.990196e-01 3.186275e-01 -3.019147e-06
8.088235e-01 3.186275e-01 -6.001887e-06
8.186275e-01 3.186275e-01 -4.716943e-06
8.284314e-01 3.186275e-01 -8.033713e-06
8.382353e-01 3.186275e-01 -7.561798e-06
8.480392e-01 3.186275e-01 2.434457e-06
8.578431e-01 3.186275e-01 9.074910e-06
8.676471e-01 3.186275e-01 4.973932e-06
8.774510e-01 3.186275e-01 1.215055e-06
8.872549e-01 3.186275e-01 7.491294e-07
8.970588e-01 3.186275e-01 -1.002668e-06
9.068627e-01 3.186275e-01 7.170726e-08
9.166667e-01 3.186275e-01 1.906438e-05
9.264706e-01 3.186275e-01 3.991449e-05
9.362745e-01 3.186275e-01 4.164702e-05
9.460784e-01 3.186275e-01 -1.417823e-06
9.558824e-01 3.186275e-01 -7.481271e-05
9.656863e-01 3.186275e-01 -1.817157e-04
9.754902e-01 3.186275e-01 -2.539835e-04
9.852941e-01 3.186275e-01 -2.306231e-04
9.950980e-01 3.186275e-01 7.231648e-06
4.901961e-03 3.284314e-01 -1.970383e-04
1.470588e-02 3.284314e-01 6.183071e-06
2.450980e-02 3.284314e-01 3.759950e-04
3.431373e-02 3.284314e-01 8.609155e-04
4.411765e-02 3.284314e-01 1.231464e-03
5.392157e-02 3.284314e-01 1.215675e-03
6.372549e-02 3.284314e-01 4.405854e-04
7.352941e-02 3.284314e-01 -1.332024e-03
8.333333e-02 3.284314e-01 -4.083804e-03
9.313725e-02 3.284314e-01 -7.359022e-03
1.029412e-01 3.284314e-01 -1.014578e-02
1.127451e-01 3.284314e-01 -1.092812e-02
1.225490e-01 3.284314e-01 -7.708021e-03
1.323529e-01 3.284314e-01 1.647007e-03
1.421569e-01 3.284314e-01 1.912094e-02
1.519608e-01 3.284314e-01 4.612522e-02
1.617647e-01 3.284314e-01 8.316990e-02
1.715686e-01 3.284314e-01 1.296951e-01
1.813725e-01 3.284314e-01 1.839248e-01
1.911765e-01 3.284314e-01 2.430590e-01
2.009804e-01 3.284314e-01 3.035151e-01
2.107843e-01 3.284314e-01 3.613467e-01
2.205882e-01 3.284314e-01 4.127301e-01
2.303922e-01 3.284314e-01 4.543103e-01
2.401961e-01 3.284314e-01 4.836080e-01
2.500000e-01 3.284314e-01 4.992033e-01
2.598039e-01 3.284314e-01 5.007949e-01
2.696078e-01 3.284314e-01 4.891727e-01
2.794118e-01 3.284314e-01 4.659583e-01
2.892157e-01 3.284314e-01 4.333981e-01
2.990196e-01 3.284314e-01 3.940899e-01
3.088235e-01 3.284314e-01 3.506698e-01
3.186275e-01 3.284314e-01 3.056373e-01
3.284314e-01 3.284314e-01 2.611391e-01
3.382353e-01 3.284314e-01 2.188655e-01
3.480392e-01 3.284314e-01 1.800660e-01
3.578431e-01 3.284314e-01 1.455083e-01
3.676471e-01 3.284314e-01 1.155514e-01
3.774510e-01 3.284314e-01 9.023493e-02
3.872549e-01 3.284314e-01 6.931349e-02
3.970588e-01 3.284314e-01 5.239053e-02
4.068627e-01 3.284314e-01 3.899091e-02
4.166667e-01 3.284314e-01 2.857715e-02
4.264706e-01 3.284314e-01 2.063755e-02
4.362745e-01 3.284314e-01 1.469657e-02
4.460784e-01 3.284314e-01 1.031095e-02
4.558824e-01 3.284314e-01 7.129998e-03
4.656863e-01 3.284314e-01 4.867812e-03
4.754902e-01 3.284314e-01 3.276234e-03
4.852941e-01 3.284314e-01 2.179420e-03
4.950980e-01 3.284314e-01 1.437414e-03
5.049020e-01 3.284314e-01 9.290360e-04
5.147059e-01 3.284314e-01 5.894844e-04
5.245098e-01 3.284314e-01 3.733216e-04
5.343137e-01 3.284314e-01 2.310891e-04
5.441176e-01 3.284314e-01 1.434388e-04
5.539216e-01 3.284314e-01 9.484686e-05
5.637255e-01 3.284314e-01 5.698737e-05
5.735294e-01 3.284314e-01 2.861702e-05
5.833333e-01 3.284314e-01 1.657467e-05
5.931373e-01 3.284314e-01 7.820401e-06
6.029412e-01 3.284314e-01 2.517760e-06
6.127451e-01 3.284314e-01 7.734486e-06
6.225490e-01 3.284314e-01 8.924657e-06
6.323529e-01 3.284314e-01 1.444867e-06
6.421569e-01 3.284314e-01 -9.539520e-07
6.519608e-01 3.284314e-01 -1.479370e-06
6.617647e-01 3.284314e-01 -6.013557e-06
6.715686e-01 3.284314e-01 -3.156442e-06
6.813725e-01 3.284314e-01 5.376413e-06
6.911765e-01 3.284314e-01 5.307053e-06
7.009804e-01 3.284314e-01 1.761807e-06
7.107843e-01 3.284314e-01 2.553896e-06
7.205882e-01 3.284314e-01 -1.098783e-06
7.303922e-01 3.284314e-01 -8.033862e-06
7.401961e-01 3.284314e-01 -5.651593e-06
7.500000e-01 3.284314e-01 1.021838e-06
7.598039e-01 3.284314e-01 1.616835e-06
7.696078e-01 3.284314e-01 2.928177e-06
7.794118e-01 3.284314e-01 8.000945e-06
7.892157e-01 3.284314e-01 5.842601e-06
7.990196e-01 3.284314e-01 -2.579045e-06
8.088235e-01 3.284314e-01 -5.128089e-06
8.186275e-01 3.284314e-01 -4.030361e-06
8.284314e-01 3.284314e-01 -6.863701e-06
8.382353e-01 3.284314e-01 -6.460752e-06
8.480392e-01 3.284314e-01 2.079388e-06
8.578431e-01 3.284314e-01 7.753305e-06
8.676471e-01 3.284314e-01 4.250071e-06
8.774510e-01 3.284314e-01 1.038309e-06
8.872549e-01 3.284314e-01 6.400768e-07
8.970588e-01 3.284314e-01 -8.560468e-07
9.068627e-01 3.284314e-01 6.196084e-08
9.166667e-01 3.284314e-01 1.628813e-05
9.264706e-01 3.284314e-01 3.410145e-05
9.362745e-01 3.284314e-01 3.558185e-05
9.460784e-01 3.284314e-01 -1.212350e-06
9.558824e-01 3.284314e-01 -6.392018e-05
9.656863e-01 3.284314e-01 -1.552561e-04
9.754902e-01 3.284314e-01 -2.169987e-04
9.852941e-01 3.284314e-01 -1.970383e-04
9.950980e-01 3.284314e-01 6.183071e-06
4.901961e-03 3.382353e-01 -1.651355e-04
1.470588e-02 3.382353e-01 5.184636e-06
2.450980e-02 3.382353e-01 3.151242e-04
3.431373e-02 3.382353e-01 7.215367e-04
4.411765e-02 3.382353e-01 1.032092e-03
5.392157e-02 3.382353e-01 1.018855e-03
6.372549e-02 3.382353e-01 3.692435e-04
7.352941e-02 3.382353e-01 -1.116395e-03
8.333333e-02 3.382353e-01 -3.422686e-03
9.313725e-02 3.382353e-01 -6.167674e-03
1.029412e-01 3.382353e-01 -8.503274e-03
1.127451e-01 3.382353e-01 -9.158952e-03
1.225490e-01 3.382353e-01 -6.460136e-03
1.323529e-01 3.382353e-01 1.380448e-03
1.421569e-01 3.382353e-01 1.602560e-02
1.519608e-01 3.382353e-01 3.865829e-02
1.617647e-01 3.382353e-01 6.970601e-02
1.715686e-01 3.382353e-01 1.086995e-01
1.813725e-01 3.382353e-01 1.541503e-01
1.911765e-01 3.382353e-01 2.037117e-01
2.009804e-01 3.382353e-01 2.543810e-01
2.107843e-01 3.382353e-01 3.028508e-01
2.205882e-01 3.382353e-01 3.459162e-01
2.303922e-01 3.382353e-01 3.807654e-01
2.401961e-01 3.382353e-01 4.053204e-01
2.500000e-01 3.382353e-01 4.183912e-01
2.598039e-01 3.382353e-01 4.197253e-01
2.696078e-01 3.382353e-01 4.099846e-01
2.794118e-01 3.382353e-01 3.905283e-01
2.892157e-01 3.382353e-01 3.632390e-01
2.990196e-01 3.382353e-01 3.302941e-01
3.088235e-01 3.382353e-01 2.939029e-01
3.186275e-01 3.382353e-01 2.561603e-01
3.284314e-01 3.382353e-01 2.188655e-01
3.382353e-01 3.382353e-01 1.834352e-01
3.480392e-01 3.382353e-01 1.509166e-01
3.578431e-01 3.382353e-01 1.219531e-01
3.676471e-01 3.382353e-01 9.684570e-02
3.774510e-01 3.382353e-01 7.562748e-02
3.872549e-01 3.382353e-01 5.809283e-02
3.970588e-01 3.382353e-01 4.390938e-02
4.068627e-01 3.382353e-01 3.267892e-02
4.166667e-01 3.382353e-01 2.395096e-02
4.264706e-01 3.382353e-01 1.729665e-02
4.362745e-01 3.382353e-01 1.231741e-02
4.460784e-01 3.382353e-01 8.641751e-03
4.558824e-01 3.382353e-01 5.975746e-03
4.656863e-01 3.382353e-01 4.079774e-03
4.754902e-01 3.382353e-01 2.745849e-03
4.852941e-01 3.382353e-01 1.826595e-03
4.950980e-01 3.382353e-01 1.204710e-03
5.049020e-01 3.382353e-01 7.786333e-04
5.147059e-01 3.382353e-01 4.940516e-04
5.245098e-01 3.382353e-01 3.128832e-04
5.343137e-01 3.382353e-01 1.936770e-04
5.441176e-01 3.382353e-01 1.202163e-04
5.539216e-01 3.382353e-01 7.949104e-05
5.637255e-01 3.382353e-01 4.776145e-05
5.735294e-01 3.382353e-01 2.398417e-05
5.833333e-01 3.382353e-01 1.389115e-05
5.931373e-01 3.382353e-01 6.554346e-06
6.029412e-01 3.382353e-01 2.109997e-06
6.127451e-01 3.382353e-01 6.481812e-06
6.225490e-01 3.382353e-01 7.479775e-06
6.323529e-01 3.382353e-01 1.211276e-06
6.421569e-01 3.382353e-01 -7.995194e-07
6.519608e-01 3.382353e-01 -1.239811e-06
6.617647e-01 3.382353e-01 -5.039771e-06
6.715686e-01 3.382353e-01 -2.645707e-06
6.813725e-01 3.382353e-01 4.505608e-06
6.911765e-01 3.382353e-01 4.448031e-06
7.009804e-01 3.382353e-01 1.476733e-06
7.107843e-01 3.382353e-01 2.140316e-06
7.205882e-01 3.382353e-01 -9.206657e-07
7.303922e-01 3.382353e-01 -6.732925e-06
7.401961e-01 3.382353e-01 -4.736917e-06
7.500000e-01 3.382353e-01 8.561095e-07
7.598039e-01 3.382353e-01 1.355232e-06
7.696078e-01 3.382353e-01 2.454088e-06
7.794118e-01 3.382353e-01 6.705371e-06
7.892157e-01 3.382353e-01 4.896934e-06
7.990196e-01 3.382353e-01 -2.161104e-06
8.088235e-01 3.382353e-01 -4.297989e-06
8.186275e-01 3.382353e-01 -3.378049e-06
8.284314e-01 3.382353e-01 -5.752294e-06
8.382353e-01 3.382353e-01 -5.414823e-06
8.480392e-01 3.382353e-01 1.742241e-06
8.578431e-01 3.382353e-01 6.497916e-06
8.676471e-01 3.382353e-01 3.562336e-06
8.774510e-01 3.382353e-01 8.703534e-07
8.872549e-01 3.382353e-01 5.364827e-07
8.970588e-01 3.382353e-01 -7.169465e-07
9.068627e-01 3.382353e-01 5.243087e-08
9.166667e-01 3.382353e-01 1.365077e-05
9.264706e-01 3.382353e-01 2.857956e-05
9.362745e-01 3.382353e-01 2.982052e-05
9.460784e-01 3.382353e-01 -1.016671e-06
9.558824e-01 3.382353e-01 -5.357209e-05
9.656863e-01 3.382353e-01 -1.301200e-04
9.754902e-01 3.382353e-01 -1.818650e-04
9.852941e-01 3.382353e-01 -1.651355e-04
9.950980e-01 3.382353e-01 5.184636e-06
4.901961e-03 3.480392e-01 -1.358567e-04
1.470588e-02 3.480392e-01 4.266728e-06
2.450980e-02 3.480392e-01 2.592562e-04
3.431373e-02 3.480392e-01 5.936153e-04
4.411765e-02 3.480392e-01 8.491109e-04
5.392157e-02 3.480392e-01 8.382186e-04
6.372549e-02 3.480392e-01 3.037733e-04
7.352941e-02 3.480392e-01 -9.184831e-04
8.333333e-02 3.480392e-01 -2.815902e-03
9.313725e-02 3.480392e-01 -5.074246e-03
1.029412e-01 3.480392e-01 -6.995781e-03
1.127451e-01 3.480392e-01 -7.535214e-03
1.225490e-01 3.480392e-01 -5.314843e-03
1.323529e-01 3.480392e-01 1.135761e-03
1.421569e-01 3.480392e-01 1.318463e-02
1.519608e-01 3.480392e-01 3.180501e-02
1.617647e-01 3.480392e-01 5.734864e-02
1.715686e-01 3.480392e-01 8.942947e-02
1.813725e-01 3.480392e-01 1.268229e-01
1.911765e-01 3.480392e-01 1.675982e-01
2.009804e-01 3.480392e-01 2.092851e-01
2.107843e-01 3.480392e-01 2.491623e-01
2.205882e-01 3.480392e-01 2.845933e-01
2.303922e-01 3.480392e-01 3.132647e-01
2.401961e-01 3.480392e-01 3.334668e-01
2.500000e-01 3.480392e-01 3.442206e-01
2.598039e-01 3.480392e-01 3.453183e-01
2.696078e-01 3.480392e-01 3.373044e-01
2.794118e-01 3.480392e-01 3.212972e-01
2.892157e-01 3.480392e-01 2.988457e-01
2.990196e-01 3.480392e-01 2.717411e-01
3.088235e-01 3.480392e-01 2.418012e-01
3.186275e-01 3.480392e-01 2.107494e-01
3.284314e-01 3.480392e-01 1.800660e-01
3.382353e-01 3.480392e-01 1.509166e-01
3.480392e-01 3.480392e-01 1.241627e-01
3.578431e-01 3.480392e-01 1.003338e-01
3.676471e-01 3.480392e-01 7.967724e-02
3.774510e-01 3.480392e-01 6.222048e-02
3.872549e-01 3.480392e-01 4.779429e-02
3.970588e-01 3.480392e-01 3.612523e-02
4.068627e-01 3.480392e-01 2.688566e-02
4.166667e-01 3.480392e-01 1.970496e-02
4.264706e-01 3.480392e-01 1.423031e-02
4.362745e-01 3.480392e-01 1.013378e-02
4.460784e-01 3.480392e-01 7.109735e-03
4.558824e-01 3.480392e-01 4.916356e-03
4.656863e-01 3.480392e-01 3.356502e-03
4.754902e-01 3.480392e-01 2.259056e-03
4.852941e-01 3.480392e-01 1.502768e-03
4.950980e-01 3.480392e-01 9.911328e-04
5.049020e-01 3.480392e-01 6.405925e-04
5.147059e-01 3.480392e-01 4.064625e-04
5.245098e-01 3.480392e-01 2.574125e-04
5.343137e-01 3.480392e-01 1.593401e-04
5.441176e-01 3.480392e-01 9.890276e-05
5.539216e-01 3.480392e-01 6.539761e-05
5.637255e-01 3.480392e-01 3.929388e-05
5.735294e-01 3.480392e-01 1.973207e-05
5.833333e-01 3.480392e-01 1.142823e-05
5.931373e-01 3.480392e-01 5.392332e-06
6.029412e-01 3.480392e-01 1.735762e-06
6.127451e-01 3.480392e-01 5.332252e-06
6.225490e-01 3.480392e-01 6.153703e-06
6.323529e-01 3.480392e-01 9.967967e-07
6.421569e-01 3.480392e-01 -6.577871e-07
6.519608e-01 3.480392e-01 -1.019957e-06
6.617647e-01 3.480392e-01 -4.146116e-06
6.715686e-01 3.480392e-01 -2.176904e-06
6.813725e-01 3.480392e-01 3.706511e-06
6.911765e-01 3.480392e-01 3.659598e-06
7.009804e-01 3.480392e-01 1.215047e-06
7.107843e-01 3.480392e-01 1.760777e-06
7.205882e-01 3.480392e-01 -7.572425e-07
7.303922e-01 3.480392e-01 -5.539038e-06
7.401961e-01 3.480392e-01 -3.897374e-06
7.500000e-01 3.480392e-01 7.040972e-07
7.598039e-01 3.480392e-01 1.115094e-06
7.696078e-01 3.480392e-01 2.018971e-06
7.794118e-01 3.480392e-01 5.516391e-06
7.892157e-01 3.480392e-01 4.028970e-06
7.990196e-01 3.480392e-01 -1.777642e-06
8.088235e-01 3.480392e-01 -3.536112e-06
8.186275e-01 3.480392e-01 -2.779303e-06
8.284314e-01 3.480392e-01 -4.732316e-06
8.382353e-01 3.480392e-01 -4.454894e-06
8.480392e-01 3.480392e-01 1.432949e-06
8.578431e-01 3.480392e-01 5.345804e-06
8.676471e-01 3.480392e-01 2.931059e-06
8.774510e-01 3.480392e-01 7.161617e-07
8.872549e-01 3.480392e-01 4.414027e-07
8.970588e-01 3.480392e-01 -5.894352e-07
9.068627e-01 3.480392e-01 4.348435e-08
9.166667e-01 3.480392e-01 1.123027e-05
9.264706e-01 3.480392e-01 2.351192e-05
9.362745e-01 3.480392e-01 2.453314e-05
9.460784e-01 3.480392e-01 -8.367477e-07
9.558824e-01 3.480392e-01 -4.407441e-05
9.656863e-01 3.480392e-01 -1.070505e-04
9.754902e-01 3.480392e-01 -1.496204e-04
9.852941e-01 3.480392e-01 -1.358567e-04
9.950980e-01 3.480392e-01 4.266728e-06
4.901961e-03 3.578431e-01 -1.097805e-04
1.470588e-02 3.578431e-01 3.448242e-06
2.450980e-02 3.578431e-01 2.094966e-04
3.431373e-02 3.578431e-01 4.796818e-04
4.411765e-02 3.578431e-01 6.861396e-04
5.392157e-02 3.578431e-01 6.773371e-04
6.372549e-02 3.578431e-01 2.454665e-04
7.352941e-02 3.578431e-01 -7.422057e-04
8.333333e-02 3.578431e-01 -2.275461e-03
9.313725e-02 3.578431e-01 -4.100372e-03
1.029412e-01 3.578431e-01 -5.653118e-03
1.127451e-01 3.578431e-01 -6.089021e-03
1.225490e-01 3.578431e-01 -4.294789e-03
1.323529e-01 3.578431e-01 9.178029e-04
1.421569e-01 3.578431e-01 1.065424e-02
1.519608e-01 3.578431e-01 2.570100e-02
1.617647e-01 3.578431e-01 4.634230e-02
1.715686e-01 3.578431e-01 7.226622e-02
1.813725e-01 3.578431e-01 1.024831e-01
1.911765e-01 3.578431e-01 1.354330e-01
2.009804e-01 3.578431e-01 1.691194e-01
2.107843e-01 3.578431e-01 2.013436e-01
2.205882e-01 3.578431e-01 2.299749e-01
2.303922e-01 3.578431e-01 2.531438e-01
2.401961e-01 3.578431e-01 2.694688e-01
2.500000e-01 3.578431e-01 2.781588e-01
2.598039e-01 3.578431e-01 2.790459e-01
2.696078e-01 3.578431e-01 2.725701e-01
2.794118e-01 3.578431e-01 2.596350e-01
2.892157e-01 3.578431e-01 2.414923e-01
2.990196e-01 3.578431e-01 2.195895e-01
3.088235e-01 3.578431e-01 1.953955e-01
3.186275e-01 3.578431e-01 1.703031e-01
3.284314e-01 3.578431e-01 1.455083e-01
3.382353e-01 3.578431e-01 1.219531e-01
3.480392e-01 3.578431e-01 1.003338e-01
3.578431e-01 3.578431e-01 8.107794e-02
3.676471e-01 3.578431e-01 6.438575e-02
3.774510e-01 3.578431e-01 5.027923e-02
3.872549e-01 3.578431e-01 3.862167e-02
3.970588e-01 3.578431e-01 2.919210e-02
4.068627e-01 3.578431e-01 2.172576e-02
4.166667e-01 3.578431e-01 1.592318e-02
4.264706e-01 3.578431e-01 1.149921e-02
4.362745e-01 3.578431e-01 8.188887e-03
4.460784e-01 3.578431e-01 5.745216e-03
4.558824e-01 3.578431e-01 3.972792e-03
4.656863e-01 3.578431e-01 2.712307e-03
4.754902e-01 3.578431e-01 1.825486e-03
4.852941e-01 3.578431e-01 1.214347e-03
4.950980e-01 3.578431e-01 8.009070e-04
5.049020e-01 3.578431e-01 5.176447e-04
5.147059e-01 3.578431e-01 3.284504e-04
5.245098e-01 3.578431e-01 2.080070e-04
5.343137e-01 3.578431e-01 1.287576e-04
5.441176e-01 3.578431e-01 7.991976e-05
5.539216e-01 3.578431e-01 5.284533e-05
5.637255e-01 3.578431e-01 3.175216e-05
5.735294e-01 3.578431e-01 1.594488e-05
5.833333e-01 3.578431e-01 9.234646e-06
5.931373e-01 3.578431e-01 4.357363e-06
6.029412e-01 3.578431e-01 1.402466e-06
6.127451e-01 3.578431e-01 4.308507e-06
6.225490e-01 3.578431e-01 4.972651e-06
6.323529e-01 3.578431e-01 8.056956e-07
6.421569e-01 3.578431e-01 -5.315546e-07
6.519608e-01 3.578431e-01 -8.241539e-07
6.617647e-01 3.578431e-01 -3.350240e-06
6.715686e-01 3.578431e-01 -1.759310e-06
6.813725e-01 3.578431e-01 2.994891e-06
6.911765e-01 3.578431e-01 2.957350e-06
7.009804e-01 3.578431e-01 9.819392e-07
7.107843e-01 3.578431e-01 1.422771e-06
7.205882e-01 3.578431e-01 -6.117363e-07
7.303922e-01 3.578431e-01 -4.475776e-06
7.401961e-01 3.578431e-01 -3.149577e-06
7.500000e-01 3.578431e-01 5.687797e-07
7.598039e-01 3.578431e-01 9.011810e-07
7.696078e-01 3.578431e-01 1.631436e-06
7.794118e-01 3.578431e-01 4.457490e-06
7.892157e-01 3.578431e-01 3.255877e-06
7.990196e-01 3.578431e-01 -1.436207e-06
8.088235e-01 3.578431e-01 -2.857525e-06
8.186275e-01 3.578431e-01 -2.245984e-06
8.284314e-01 3.578431e-01 -3.823920e-06
8.382353e-01 3.578431e-01 -3.599936e-06
8.480392e-01 3.578431e-01 1.157593e-06
8.578431e-01 3.578431e-01 4.319725e-06
8.676471e-01 3.578431e-01 2.368741e-06
8.774510e-01 3.578431e-01 5.787965e-07
8.872549e-01 3.578431e-01 3.567152e-07
8.970588e-01 3.578431e-01 -4.759891e-07
9.068627e-01 3.578431e-01 3.537488e-08
9.166667e-01 3.578431e-01 9.074509e-06
9.264706e-01 3.578431e-01 1.899866e-05
9.362745e-01 3.578431e-01 1.982415e-05
9.460784e-01 3.578431e-01 -6.762916e-07
9.558824e-01 3.578431e-01 -3.561514e-05
9.656863e-01 3.578431e-01 -8.650362e-05
9.754902e-01 3.578431e-01 -1.209023e-04
9.852941e-01 3.578431e-01 -1.097805e-04
9.950980e-01 3.578431e-01 3.448242e-06
4.901961e-03 3.676471e-01 -8.717717e-05
1.470588e-02 3.676471e-01 2.738147e-06
2.450980e-02 3.676471e-01 1.663626e-04
3.431373e-02 3.676471e-01 3.809193e-04
4.411765e-02 3.676471e-01 5.448696e-04
5.392157e-02 3.676471e-01 5.378797e-04
6.372549e-02 3.676471e-01 1.949266e-04
7.352941e-02 3.676471e-01 -5.893962e-04
8.333333e-02 3.676471e-01 -1.806975e-03
9.313725e-02 3.676471e-01 -3.256166e-03
1.029412e-01 3.676471e-01 -4.489228e-03
1.127451e-01 3.676471e-01 -4.835389e-03
1.225490e-01 3.676471e-01 -3.410562e-03
1.323529e-01 3.676471e-01 7.288482e-04
1.421569e-01 3.676471e-01 8.460733e-03
1.519608e-01 3.676471e-01 2.040966e-02
1.617647e-01 3.676471e-01 3.680134e-02
1.715686e-01 3.676471e-01 5.738806e-02
1.813725e-01 3.676471e-01 8.138397e-02
1.911765e-01 3.676471e-01 1.075502e-01
2.009804e-01 3.676471e-01 1.343014e-01
2.107843e-01 3.676471e-01 1.598913e-01
2.205882e-01 3.676471e-01 1.826281e-01
2.303922e-01 3.676471e-01 2.010271e-01
2.401961e-01 3.676471e-01 2.139913e-01
2.500000e-01 3.676471e-01 2.208922e-01
2.598039e-01 3.676471e-01 2.215967e-01
2.696078e-01 3.676471e-01 2.164541e-01
2.794118e-01 3.676471e-01 2.061821e-01
2.892157e-01 3.676471e-01 1.917746e-01
2.990196e-01 3.676471e-01 1.743811e-01
3.088235e-01 3.676471e-01 1.551681e-01
3.186275e-01 3.676471e-01 1.352415e-01
3.284314e-01 3.676471e-01 1.155514e-01
3.382353e-01 3.676471e-01 9.684570e-02
3.480392e-01 3.676471e-01 7.967724e-02
3.578431e-01 3.676471e-01 6.438575e-02
3.676471e-01 3.676471e-01 5.113009e-02
3.774510e-01 3.676471e-01 3.992778e-02
3.872549e-01 3.676471e-01 3.067025e-02
3.970588e-01 3.676471e-01 2.318202e-02
4.068627e-01 3.676471e-01 1.725284e-02
4.166667e-01 3.676471e-01 1.264489e-02
4.264706e-01 3.676471e-01 9.131726e-03
4.362745e-01 3.676471e-01 6.502934e-03
4.460784e-01 3.676471e-01 4.562368e-03
4.558824e-01 3.676471e-01 3.154855e-03
4.656863e-01 3.676471e-01 2.153882e-03
4.754902e-01 3.676471e-01 1.449643e-03
4.852941e-01 3.676471e-01 9.643275e-04
4.950980e-01 3.676471e-01 6.360090e-04
5.049020e-01 3.676471e-01 4.110670e-04
5.147059e-01 3.676471e-01 2.608254e-04
5.245098e-01 3.676471e-01 1.651799e-04
5.343137e-01 3.676471e-01 1.022472e-04
5.441176e-01 3.676471e-01 6.346446e-05
5.539216e-01 3.676471e-01 4.196452e-05
5.637255e-01 3.676471e-01 2.521463e-05
5.735294e-01 3.676471e-01 1.266193e-05
5.833333e-01 3.676471e-01 7.333169e-06
5.931373e-01 3.676471e-01 3.460192e-06
6.029412e-01 3.676471e-01 1.113571e-06
6.127451e-01 3.676471e-01 3.421172e-06
6.225490e-01 3.676471e-01 3.948869e-06
6.323529e-01 3.676471e-01 6.399785e-07
6.421569e-01 3.676471e-01 -4.221306e-07
6.519608e-01 3.676471e-01 -6.544336e-07
6.617647e-01 3.676471e-01 -2.660383e-06
6.715686e-01 3.676471e-01 -1.397272e-06
6.813725e-01 3.676471e-01 2.378102e-06
6.911765e-01 3.676471e-01 2.348581e-06
7.009804e-01 3.676471e-01 7.798413e-07
7.107843e-01 3.676471e-01 1.129795e-06
7.205882e-01 3.676471e-01 -4.856470e-07
7.303922e-01 3.676471e-01 -3.554152e-06
7.401961e-01 3.676471e-01 -2.501301e-06
7.500000e-01 3.676471e-01 4.515383e-07
7.598039e-01 3.676471e-01 7.157230e-07
7.696078e-01 3.676471e-01 1.295507e-06
7.794118e-01 3.676471e-01 3.539638e-06
7.892157e-01 3.676471e-01 2.585687e-06
7.990196e-01 3.676471e-01 -1.140315e-06
8.088235e-01 3.676471e-01 -2.269277e-06
8.186275e-01 3.676471e-01 -1.783643e-06
8.284314e-01 3.676471e-01 -3.036522e-06
8.382353e-01 3.676471e-01 -2.858817e-06
8.480392e-01 3.676471e-01 9.189963e-07
8.578431e-01 3.676471e-01 3.430309e-06
8.676471e-01 3.676471e-01 1.881238e-06
8.774510e-01 3.676471e-01 4.596946e-07
8.872549e-01 3.676471e-01 2.832986e-07
8.970588e-01 3.676471e-01 -3.777474e-07
9.068627e-01 3.676471e-01 2.824268e-08
9.166667e-01 3.676471e-01 7.205867e-06
9.264706e-01 3.676471e-01 1.508656e-05
9.362745e-01 3.676471e-01 1.574236e-05
9.460784e-01 3.676471e-01 -5.370670e-07
9.558824e-01 3.676471e-01 -2.828219e-05
9.656863e-01 3.676471e-01 -6.869285e-05
9.754902e-01 3.676471e-01 -9.600875e-05
9.852941e-01 3.676471e-01 -8.717717e-05
9.950980e-01 3.676471e-01 2.738147e-06
4.901961e-03 3.774510e-01 -6.807595e-05
1.470588e-02 3.774510e-01 2.137858e-06
2.450980e-02 3.774510e-01 1.299109e-04
3.431373e-02 3.774510e-01 2.974575e-04
4.411765e-02 3.774510e-01 4.254859e-04
5.392157e-02 3.774510e-01 4.200281e-04
6.372549e-02 3.774510e-01 1.522176e-04
7.352941e-02 3.774510e-01 -4.602582e-04
8.333333e-02 3.774510e-01 -1.411065e-03
9.313725e-02 3.774510e-01 -2.542740e-03
1.029412e-01 3.774510e-01 -3.505642e-03
1.127451e-01 3.774510e-01 -3.775964e-03
1.225490e-01 3.774510e-01 -2.663317e-03
1.323529e-01 3.774510e-01 5.691584e-04
1.421569e-01 3.774510e-01 6.607016e-03
1.519608e-01 3.774510e-01 1.593799e-02
1.617647e-01 3.774510e-01 2.873834e-02
1.715686e-01 3.774510e-01 4.481464e-02
1.813725e-01 3.774510e-01 6.355322e-02
1.911765e-01 3.774510e-01 8.398661e-02
2.009804e-01 3.774510e-01 1.048768e-01
2.107843e-01 3.774510e-01 1.248603e-01
2.205882e-01 3.774510e-01 1.426156e-01
2.303922e-01 3.774510e-01 1.569836e-01
2.401961e-01 3.774510e-01 1.671074e-01
2.500000e-01 3.774510e-01 1.724965e-01
2.598039e-01 3.774510e-01 1.730466e-01
2.696078e-01 3.774510e-01 1.690308e-01
2.794118e-01 3.774510e-01 1.610092e-01
2.892157e-01 3.774510e-01 1.497583e-01
2.990196e-01 3.774510e-01 1.361755e-01
3.088235e-01 3.774510e-01 1.211719e-01
3.186275e-01 3.774510e-01 1.056111e-01
3.284314e-01 3.774510e-01 9.023493e-02
3.382353e-01 3.774510e-01 7.562748e-02
3.480392e-01 3.774510e-01 6.222048e-02
3.578431e-01 3.774510e-01 5.027923e-02
3.676471e-01 3.774510e-01 3.992778e-02
3.774510e-01 3.774510e-01 3.117981e-02
3.872549e-01 3.774510e-01 2.395054e-02
3.970588e-01 3.774510e-01 1.810294e-02
4.068627e-01 3.774510e-01 1.347281e-02
4.166667e-01 3.774510e-01 9.874427e-03
4.264706e-01 3.774510e-01 7.130982e-03
4.362745e-01 3.774510e-01 5.078148e-03
4.460784e-01 3.774510e-01 3.562755e-03
4.558824e-01 3.774510e-01 2.463624e-03
4.656863e-01 3.774510e-01 1.681963e-03
4.754902e-01 3.774510e-01 1.132022e-03
4.852941e-01 3.774510e-01 7.530395e-04
4.950980e-01 3.774510e-01 4.966562e-04
5.049020e-01 3.774510e-01 3.209998e-04
5.147059e-01 3.774510e-01 2.036766e-04
5.245098e-01 3.774510e-01 1.289875e-04
5.343137e-01 3.774510e-01 7.984375e-05
5.441176e-01 3.774510e-01 4.955850e-05
5.539216e-01 3.774510e-01 3.276946e-05
5.637255e-01 3.774510e-01 1.968989e-05
5.735294e-01 3.774510e-01 9.887562e-06
5.833333e-01 3.774510e-01 5.726298e-06
5.931373e-01 3.774510e-01 2.702008e-06
6.029412e-01 3.774510e-01 8.694598e-07
6.127451e-01 3.774510e-01 2.671381e-06
6.225490e-01 3.774510e-01 3.083692e-06
6.323529e-01 3.774510e-01 4.998837e-07
6.421569e-01 3.774510e-01 -3.296570e-07
6.519608e-01 3.774510e-01 -5.110165e-07
6.617647e-01 3.774510e-01 -2.077430e-06
6.715686e-01 3.774510e-01 -1.091273e-06
6.813725e-01 3.774510e-01 1.856925e-06
6.911765e-01 3.774510e-01 1.834096e-06
7.009804e-01 3.774510e-01 6.090296e-07
7.107843e-01 3.774510e-01 8.822236e-07
7.205882e-01 3.774510e-01 -3.791297e-07
7.303922e-01 3.774510e-01 -2.775349e-06
7.401961e-01 3.774510e-01 -1.953409e-06
7.500000e-01 3.774510e-01 3.525046e-07
7.598039e-01 3.774510e-01 5.589727e-07
7.696078e-01 3.774510e-01 1.011629e-06
7.794118e-01 3.774510e-01 2.764019e-06
7.892157e-01 3.774510e-01 2.019285e-06
7.990196e-01 3.774510e-01 -8.903237e-07
8.088235e-01 3.774510e-01 -1.772142e-06
8.186275e-01 3.774510e-01 -1.392903e-06
8.284314e-01 3.774510e-01 -2.371139e-06
8.382353e-01 3.774510e-01 -2.232502e-06
8.480392e-01 3.774510e-01 7.174421e-07
8.578431e-01 3.774510e-01 2.678703e-06
8.676471e-01 3.774510e-01 1.469207e-06
8.774510e-01 3.774510e-01 3.590224e-07
8.872549e-01 3.774510e-01 2.212493e-07
8.970588e-01 3.774510e-01 -2.948016e-07
9.068627e-01 3.774510e-01 2.215098e-08
9.166667e-01 3.774510e-01 5.626790e-06
9.264706e-01 3.774510e-01 1.178068e-05
9.362745e-01 3.774510e-01 1.229302e-05
9.460784e-01 3.774510e-01 -4.193569e-07
9.558824e-01 3.774510e-01 -2.208528e-05
9.656863e-01 3.774510e-01 -5.364152e-05
9.754902e-01 3.774510e-01 -7.497212e-05
9.852941e-01 3.774510e-01 -6.807595e-05
9.950980e-01 3.774510e-01 2.137858e-06
4.901961e-03 3.872549e-01 -5.229130e-05
1.470588e-02 3.872549e-01 1.641712e-06
2.450980e-02 3.872549e-01 9.978812e-05
3.431373e-02 3.872549e-01 2.284864e-04
4.411765e-02 3.872549e-01 3.268299e-04
5.392157e-02 3.872549e-01 3.226382e-04
6.372549e-02 3.872549e-01 1.169244e-04
7.352941e-02 3.872549e-01 -3.535400e-04
8.333333e-02 3.872549e-01 -1.083891e-03
9.313725e-02 3.872549e-01 -1.953175e-03
1.029412e-01 3.872549e-01 -2.692820e-03
1.127451e-01 3.872549e-01 -2.900468e-03
1.225490e-01 3.872549e-01 -2.045804e-03
1.323529e-01 3.872549e-01 4.371900e-04
1.421569e-01 3.872549e-01 5.075119e-03
1.519608e-01 3.872549e-01 1.224264e-02
1.617647e-01 3.872549e-01 2.207514e-02
1.715686e-01 3.872549e-01 3.442406e-02
1.813725e-01 3.872549e-01 4.881800e-02
1.911765e-01 3.872549e-01 6.451382e-02
2.009804e-01 3.872549e-01 8.056056e-02
2.107843e-01 3.872549e-01 9.591076e-02
2.205882e-01 3.872549e-01 1.095495e-01
2.303922e-01 3.872549e-01 1.205862e-01
2.401961e-01 3.872549e-01 1.283628e-01
2.500000e-01 3.872549e-01 1.325024e-01
2.598039e-01 3.872549e-01 1.329250e-01
2.696078e-01 3.872549e-01 1.298402e-01
2.794118e-01 3.872549e-01 1.236785e-01
2.892157e-01 3.872549e-01 1.150361e-01
2.990196e-01 3.872549e-01 1.046026e-01
3.088235e-01 3.872549e-01 9.307764e-02
3.186275e-01 3.872549e-01 8.112465e-02
3.284314e-01 3.872549e-01 6.931349e-02
3.382353e-01 3.872549e-01 5.809283e-02
3.480392e-01 3.872549e-01 4.779429e-02
3.578431e-01 3.872549e-01 3.862167e-02
3.676471e-01 3.872549e-01 3.067025e-02
3.774510e-01 3.872549e-01 2.395054e-02
3.872549e-01 3.872549e-01 1.839742e-02
3.970588e-01 3.872549e-01 1.390562e-02
4.068627e-01 3.872549e-01 1.034901e-02
4.166667e-01 3.872549e-01 7.584942e-03
4.264706e-01 3.872549e-01 5.477587e-03
4.362745e-01 3.872549e-01 3.900720e-03
4.460784e-01 3.872549e-01 2.736685e-03
4.558824e-01 3.872549e-01 1.892399e-03
4.656863e-01 3.872549e-01 1.291975e-03
4.754902e-01 3.872549e-01 8.695449e-04
4.852941e-01 3.872549e-01 5.784345e-04
4.950980e-01 3.872549e-01 3.814974e-04
5.049020e-01 3.872549e-01 2.465699e-04
5.147059e-01 3.872549e-01 1.564500e-04
5.245098e-01 3.872549e-01 9.907887e-05
5.343137e-01 3.872549e-01 6.133009e-05
5.441176e-01 3.872549e-01 3.806701e-05
5.539216e-01 3.872549e-01 2.517095e-05
5.637255e-01 3.872549e-01 1.512437e-05
5.735294e-01 3.872549e-01 7.594887e-06
5.833333e-01 3.872549e-01 4.398442e-06
5.931373e-01 3.872549e-01 2.075464e-06
6.029412e-01 3.872549e-01 6.677573e-07
6.127451e-01 3.872549e-01 2.051825e-06
6.225490e-01 3.872549e-01 2.368722e-06
6.323529e-01 3.872549e-01 3.840750e-07
6.421569e-01 3.872549e-01 -2.532358e-07
6.519608e-01 3.872549e-01 -3.925067e-07
6.617647e-01 3.872549e-01 -1.595709e-06
6.715686e-01 3.872549e-01 -8.383647e-07
6.813725e-01 3.872549e-01 1.426275e-06
6.911765e-01 3.872549e-01 1.408911e-06
7.009804e-01 3.872549e-01 4.678574e-07
7.107843e-01 3.872549e-01 6.776459e-07
7.205882e-01 3.872549e-01 -2.911349e-07
7.303922e-01 3.872549e-01 -2.131789e-06
7.401961e-01 3.872549e-01 -1.500603e-06
7.500000e-01 3.872549e-01 2.706967e-07
7.598039e-01 3.872549e-01 4.294189e-07
7.696078e-01 3.872549e-01 7.770424e-07
7.794118e-01 3.872549e-01 2.123087e-06
7.892157e-01 3.872549e-01 1.551189e-06
7.990196e-01 3.872549e-01 -6.837801e-07
8.088235e-01 3.872549e-01 -1.361303e-06
8.186275e-01 3.872549e-01 -1.069982e-06
8.284314e-01 3.872549e-01 -1.821301e-06
8.382353e-01 3.872549e-01 -1.714916e-06
8.480392e-01 3.872549e-01 5.509392e-07
8.578431e-01 3.872549e-01 2.057602e-06
8.676471e-01 3.872549e-01 1.128671e-06
8.774510e-01 3.872549e-01 2.758138e-07
8.872549e-01 3.872549e-01 1.699682e-07
8.970588e-01 3.872549e-01 -2.263115e-07
9.068627e-01 3.872549e-01 1.707457e-08
9.166667e-01 3.872549e-01 4.321929e-06
9.264706e-01 3.872549e-01 9.048880e-06
9.362745e-01 3.872549e-01 9.442618e-06
9.460784e-01 3.872549e-01 -3.220577e-07
9.558824e-01 3.872549e-01 -1.696428e-05
9.656863e-01 3.872549e-01 -4.120350e-05
9.754902e-01 3.872549e-01 -5.758811e-05
9.852941e-01 3.872549e-01 -5.229130e-05
9.950980e-01 3.872549e-01 1.641712e-06
4.901961e-03 3.970588e-01 -3.952383e-05
1.470588e-02 3.970588e-01 1.240299e-06
2.450980e-02 3.970588e-01 7.542284e-05
3.431373e-02 3.970588e-01 1.726982e-04
4.411765e-02 3.970588e-01 2.470306e-04
5.392157e-02 3.970588e-01 2.438633e-04
6.372549e-02 3.970588e-01 8.837759e-05
7.352941e-02 3.970588e-01 -2.672180e-04
8.333333e-02 3.970588e-01 -8.192480e-04
9.313725e-02 3.970588e-01 -1.476292e-03
1.029412e-01 3.970588e-01 -2.035351e-03
1.127451e-01 3.970588e-01 -2.192305e-03
1.225490e-01 3.970588e-01 -1.546316e-03
1.323529e-01 3.970588e-01 3.304394e-04
1.421569e-01 3.970588e-01 3.835998e-03
1.519608e-01 3.970588e-01 9.253544e-03
1.617647e-01 3.970588e-01 1.668543e-02
1.715686e-01 3.970588e-01 2.601934e-02
1.813725e-01 3.970588e-01 3.689899e-02
1.911765e-01 3.970588e-01 4.876268e-02
2.009804e-01 3.970588e-01 6.089161e-02
2.107843e-01 3.970588e-01 7.249407e-02
2.205882e-01 3.970588e-01 8.280292e-02
2.303922e-01 3.970588e-01 9.114505e-02
2.401961e-01 3.970588e-01 9.702302e-02
2.500000e-01 3.970588e-01 1.001519e-01
2.598039e-01 3.970588e-01 1.004714e-01
2.696078e-01 3.970588e-01 9.813976e-02
2.794118e-01 3.970588e-01 9.348243e-02
2.892157e-01 3.970588e-01 8.695006e-02
2.990196e-01 3.970588e-01 7.906386e-02
3.088235e-01 3.970588e-01 7.035269e-02
3.186275e-01 3.970588e-01 6.131801e-02
3.284314e-01 3.970588e-01 5.239053e-02
3.382353e-01 3.970588e-01 4.390938e-02
3.480392e-01 3.970588e-01 3.612523e-02
3.578431e-01 3.970588e-01 2.919210e-02
3.676471e-01 3.970588e-01 2.318202e-02
3.774510e-01 3.970588e-01 1.810294e-02
3.872549e-01 3.970588e-01 1.390562e-02
3.970588e-01 3.970588e-01 1.051049e-02
4.068627e-01 3.970588e-01 7.822244e-03
4.166667e-01 3.970588e-01 5.733032e-03
4.264706e-01 3.970588e-01 4.140195e-03
4.362745e-01 3.970588e-01 2.948328e-03
4.460784e-01 3.970588e-01 2.068499e-03
4.558824e-01 3.970588e-01 1.430351e-03
4.656863e-01 3.970588e-01 9.765252e-04
4.754902e-01 3.970588e-01 6.572349e-04
4.852941e-01 3.970588e-01 4.372019e-04
4.950980e-01 3.970588e-01 2.883492e-04
5.049020e-01 3.970588e-01 1.863660e-04
5.147059e-01 3.970588e-01 1.182501e-04
5.245098e-01 3.970588e-01 7.488689e-05
5.343137e-01 3.970588e-01 4.635509e-05
5.441176e-01 3.970588e-01 2.877203e-05
5.539216e-01 3.970588e-01 1.902484e-05
5.637255e-01 3.970588e-01 1.143148e-05
5.735294e-01 3.970588e-01 5.740425e-06
5.833333e-01 3.970588e-01 3.324408e-06
5.931373e-01 3.970588e-01 1.568678e-06
6.029412e-01 3.970588e-01 5.046283e-07
6.127451e-01 3.970588e-01 1.550733e-06
6.225490e-01 3.970588e-01 1.790404e-06
6.323529e-01 3.970588e-01 2.903719e-07
6.421569e-01 3.970588e-01 -1.914189e-07
6.519608e-01 3.970588e-01 -2.966539e-07
6.617647e-01 3.970588e-01 -1.206078e-06
6.715686e-01 3.970588e-01 -6.337655e-07
6.813725e-01 3.970588e-01 1.077969e-06
6.911765e-01 3.970588e-01 1.064975e-06
7.009804e-01 3.970588e-01 3.536547e-07
7.107843e-01 3.970588e-01 5.121786e-07
7.205882e-01 3.970588e-01 -2.199820e-07
7.303922e-01 3.970588e-01 -1.611257e-06
7.401961e-01 3.970588e-01 -1.134313e-06
7.500000e-01 3.970588e-01 2.045501e-07
7.598039e-01 3.970588e-01 3.246121e-07
7.696078e-01 3.970588e-01 5.872983e-07
7.794118e-01 3.970588e-01 1.604678e-06
7.892157e-01 3.970588e-01 1.172537e-06
7.990196e-01 3.970588e-01 -5.167488e-07
8.088235e-01 3.970588e-01 -1.028975e-06
8.186275e-01 3.970588e-01 -8.087673e-07
8.284314e-01 3.970588e-01 -1.376573e-06
8.382353e-01 3.970588e-01 -1.296250e-06
8.480392e-01 3.970588e-01 4.163063e-07
8.578431e-01 3.970588e-01 1.555223e-06
8.676471e-01 3.970588e-01 8.531896e-07
8.774510e-01 3.970588e-01 2.084971e-07
8.872549e-01 3.970588e-01 1.284844e-07
8.970588e-01 3.970588e-01 -1.709567e-07
9.068627e-01 3.970588e-01 1.293410e-08
9.166667e-01 3.970588e-01 3.266516e-06
9.264706e-01 3.970588e-01 6.839306e-06
9.362745e-01 3.970588e-01 7.137077e-06
9.460784e-01 3.970588e-01 -2.433294e-07
9.558824e-01 3.970588e-01 -1.282208e-05
9.656863e-01 3.970588e-01 -3.114290e-05
9.754902e-01 3.970588e-01 -4.352699e-05
9.852941e-01 3.970588e-01 -3.952383e-05
9.950980e-01 3.970588e-01 1.240299e-06
4.901961e-03 4.068627e-01 -2.941480e-05
1.470588e-02 4.068627e-01 9.225339e-07
2.450980e-02 4.068627e-01 5.613094e-05
3.431373e-02 4.068627e-01 1.285261e-04
4.411765e-02 4.068627e-01 1.838468e-04
5.392157e-02 4.068627e-01 1.814905e-04
6.372549e-02 4.068627e-01 6.577461e-05
7.352941e-02 4.068627e-01 -1.988692e-04
8.333333e-02 4.068627e-01 -6.097066e-04
9.313725e-02 4.068627e-01 -1.098700e-03
1.029412e-01 4.068627e-01 -1.514773e-03
1.127451e-01 4.068627e-01 -1.631587e-03
1.225490e-01 4.068627e-01 -1.150825e-03
1.323529e-01 4.068627e-01 2.459145e-04
1.421569e-01 4.068627e-01 2.854867e-03
1.519608e-01 4.068627e-01 6.886791e-03
1.617647e-01 4.068627e-01 1.241786e-02
1.715686e-01 4.068627e-01 1.936450e-02
1.813725e-01 4.068627e-01 2.746153e-02
1.911765e-01 4.068627e-01 3.629093e-02
2.009804e-01 4.068627e-01 4.531774e-02
2.107843e-01 4.068627e-01 5.395273e-02
2.205882e-01 4.068627e-01 6.162498e-02
2.303922e-01 4.068627e-01 6.783351e-02
2.401961e-01 4.068627e-01 7.220813e-02
2.500000e-01 4.068627e-01 7.453680e-02
2.598039e-01 4.068627e-01 7.477453e-02
2.696078e-01 4.068627e-01 7.303925e-02
2.794118e-01 4.068627e-01 6.957308e-02
2.892157e-01 4.068627e-01 6.471144e-02
2.990196e-01 4.068627e-01 5.884222e-02
3.088235e-01 4.068627e-01 5.235904e-02
3.186275e-01 4.068627e-01 4.563508e-02
3.284314e-01 4.068627e-01 3.899091e-02
3.382353e-01 4.068627e-01 3.267892e-02
3.480392e-01 4.068627e-01 2.688566e-02
3.578431e-01 4.068627e-01 2.172576e-02
3.676471e-01 4.068627e-01 1.725284e-02
3.774510e-01 4.068627e-01 1.347281e-02
3.872549e-01 4.068627e-01 1.034901e-02
3.970588e-01 4.068627e-01 7.822244e-03
4.068627e-01 4.068627e-01 5.821556e-03
4.166667e-01 4.068627e-01 4.266695e-03
4.264706e-01 4.068627e-01 3.081254e-03
4.362745e-01 4.068627e-01 2.194229e-03
4.460784e-01 4.068627e-01 1.539434e-03
4.558824e-01 4.068627e-01 1.064505e-03
4.656863e-01 4.068627e-01 7.267545e-04
4.754902e-01 4.068627e-01 4.891299e-04
4.852941e-01 4.068627e-01 3.253755e-04
4.950980e-01 4.068627e-01 2.145956e-04
5.049020e-01 4.068627e-01 1.386974e-04
5.147059e-01 4.068627e-01 8.800390e-05
5.245098e-01 4.068627e-01 5.573209e-05
5.343137e-01 4.068627e-01 3.449817e-05
5.441176e-01 4.068627e-01 2.141247e-05
5.539216e-01 4.068627e-01 1.415851e-05
5.637255e-01 4.068627e-01 8.507510e-06
5.735294e-01 4.068627e-01 4.272096e-06
5.833333e-01 4.068627e-01 2.474025e-06
5.931373e-01 4.068627e-01 1.167416e-06
6.029412e-01 4.068627e-01 3.754860e-07
6.127451e-01 4.068627e-01 1.154012e-06
6.225490e-01 4.068627e-01 1.332493e-06
6.323529e-01 4.068627e-01 2.161548e-07
6.421569e-01 4.068627e-01 -1.424704e-07
6.519608e-01 4.068627e-01 -2.207645e-07
6.617647e-01 4.068627e-01 -8.975833e-07
6.715686e-01 4.068627e-01 -4.717389e-07
6.813725e-01 4.068627e-01 8.022093e-07
6.911765e-01 4.068627e-01 7.926335e-07
7.009804e-01 4.068627e-01 2.632203e-07
7.107843e-01 4.068627e-01 3.811693e-07
7.205882e-01 4.068627e-01 -1.636649e-07
7.303922e-01 4.068627e-01 -1.199121e-06
7.401961e-01 4.068627e-01 -8.442607e-07
7.500000e-01 4.068627e-01 1.521950e-07
7.598039e-01 4.068627e-01 2.416154e-07
7.696078e-01 4.068627e-01 4.370670e-07
7.794118e-01 4.068627e-01 1.194224e-06
7.892157e-01 4.068627e-01 8.727009e-07
7.990196e-01 4.068627e-01 -3.845231e-07
8.088235e-01 4.068627e-01 -7.658291e-07
8.186275e-01 4.068627e-01 -6.019295e-07
8.284314e-01 4.068627e-01 -1.024457e-06
8.382353e-01 4.068627e-01 -9.647437e-07
8.480392e-01 4.068627e-01 3.097434e-07
8.578431e-01 4.068627e-01 1.157450e-06
8.676471e-01 4.068627e-01 6.350385e-07
8.774510e-01 4.068627e-01 1.551871e-07
8.872549e-01 4.068627e-01 9.563339e-08
8.970588e-01 4.068627e-01 -1.271616e-07
9.068627e-01 4.068627e-01 9.637769e-09
9.166667e-01 4.068627e-01 2.430902e-06
9.264706e-01 4.068627e-01 5.089863e-06
9.362745e-01 4.068627e-01 5.311606e-06
9.460784e-01 4.068627e-01 -1.810005e-07
9.558824e-01 4.068627e-01 -9.542383e-06
9.656863e-01 4.068627e-01 -2.317714e-05
9.754902e-01 4.068627e-01 -3.239373e-05
9.852941e-01 4.068627e-01 -2.941480e-05
9.950980e-01 4.068627e-01 9.225339e-07
4.901961e-03 4.166667e-01 -2.155854e-05
1.470588e-02 4.166667e-01 6.756663e-07
2.450980e-02 4.166667e-01 4.113829e-05
3.431373e-02 4.166667e-01 9.419764e-05
4.411765e-02 4.166667e-01 1.347432e-04
5.392157e-02 4.166667e-01 1.330170e-04
6.372549e-02 4.166667e-01 4.820839e-05
7.352941e-02 4.166667e-01 -1.457517e-04
8.333333e-02 4.166667e-01 -4.468599e-04
9.313725e-02 4.166667e-01 -8.052514e-04
1.029412e-01 4.166667e-01 -1.110199e-03
1.127451e-01 4.166667e-01 -1.195817e-03
1.225490e-01 4.166667e-01 -8.434633e-04
1.323529e-01 4.166667e-01 1.802260e-04
1.421569e-01 4.166667e-01 2.092369e-03
1.519608e-01 4.166667e-01 5.047435e-03
1.617647e-01 4.166667e-01 9.101255e-03
1.715686e-01 4.166667e-01 1.419258e-02
1.813725e-01 4.166667e-01 2.012705e-02
1.911765e-01 4.166667e-01 2.659829e-02
2.009804e-01 4.166667e-01 3.321423e-02
2.107843e-01 4.166667e-01 3.954300e-02
2.205882e-01 4.166667e-01 4.516615e-02
2.303922e-01 4.166667e-01 4.971652e-02
2.401961e-01 4.166667e-01 5.292277e-02
2.500000e-01 4.166667e-01 5.462950e-02
2.598039e-01 4.166667e-01 5.480374e-02
2.696078e-01 4.166667e-01 5.353191e-02
2.794118e-01 4.166667e-01 5.099148e-02
2.892157e-01 4.166667e-01 4.742828e-02
2.990196e-01 4.166667e-01 4.312660e-02
3.088235e-01 4.166667e-01 3.837493e-02
3.186275e-01 4.166667e-01 3.344680e-02
3.284314e-01 4.166667e-01 2.857715e-02
3.382353e-01 4.166667e-01 2.395096e-02
3.480392e-01 4.166667e-01 1.970496e-02
3.578431e-01 4.166667e-01 1.592318e-02
3.676471e-01 4.166667e-01 1.264489e-02
3.774510e-01 4.166667e-01 9.874427e-03
3.872549e-01 4.166667e-01 7.584942e-03
3.970588e-01 4.166667e-01 5.733032e-03
4.068627e-01 4.166667e-01 4.266695e-03
4.166667e-01 4.166667e-01 3.127113e-03
4.264706e-01 4.166667e-01 2.258286e-03
4.362745e-01 4.166667e-01 1.608173e-03
4.460784e-01 4.166667e-01 1.128265e-03
4.558824e-01 4.166667e-01 7.801843e-04
4.656863e-01 4.166667e-01 5.326434e-04
4.754902e-01 4.166667e-01 3.584861e-04
4.852941e-01 4.166667e-01 2.384691e-04
4.950980e-01 4.166667e-01 1.572778e-04
5.049020e-01 4.166667e-01 1.016516e-04
5.147059e-01 4.166667e-01 6.449808e-05
5.245098e-01 4.166667e-01 4.084596e-05
5.343137e-01 4.166667e-01 2.528360e-05
5.441176e-01 4.166667e-01 1.569305e-05
5.539216e-01 4.166667e-01 1.037668e-05
5.637255e-01 4.166667e-01 6.235150e-06
5.735294e-01 4.166667e-01 3.130990e-06
5.833333e-01 4.166667e-01 1.813166e-06
5.931373e-01 4.166667e-01 8.555803e-07
6.029412e-01 4.166667e-01 2.751404e-07
6.127451e-01 4.166667e-01 8.457239e-07
6.225490e-01 4.166667e-01 9.766196e-07
6.323529e-01 4.166667e-01 1.584598e-07
6.421569e-01 4.166667e-01 -1.044273e-07
6.519608e-01 4.166667e-01 -1.617905e-07
6.617647e-01 4.166667e-01 -6.578410e-07
6.715686e-01 4.166667e-01 -3.457982e-07
6.813725e-01 4.166667e-01 5.879168e-07
6.911765e-01 4.166667e-01 5.809679e-07
7.009804e-01 4.166667e-01 1.929317e-07
7.107843e-01 4.166667e-01 2.793580e-07
7.205882e-01 4.166667e-01 -1.199129e-07
7.303922e-01 4.166667e-01 -8.788358e-07
7.401961e-01 4.166667e-01 -6.188240e-07
7.500000e-01 4.166667e-01 1.115198e-07
7.598039e-01 4.166667e-01 1.771049e-07
7.696078e-01 4.166667e-01 3.203180e-07
7.794118e-01 4.166667e-01 8.752449e-07
7.892157e-01 4.166667e-01 6.396630e-07
7.990196e-01 4.166667e-01 -2.817817e-07
8.088235e-01 4.166667e-01 -5.613137e-07
8.186275e-01 4.166667e-01 -4.411763e-07
8.284314e-01 4.166667e-01 -7.508163e-07
8.382353e-01 4.166667e-01 -7.071023e-07
8.480392e-01 4.166667e-01 2.269538e-07
8.578431e-01 4.166667e-01 8.483175e-07
8.676471e-01 4.166667e-01 4.654800e-07
8.774510e-01 4.166667e-01 1.137507e-07
8.872549e-01 4.166667e-01 7.009981e-08
8.970588e-01 4.166667e-01 -9.314912e-08
9.068627e-01 4.166667e-01 7.065968e-09
9.166667e-01 4.166667e-01 1.781534e-06
9.264706e-01 4.166667e-01 3.730318e-06
9.362745e-01 4.166667e-01 3.892942e-06
9.460784e-01 4.166667e-01 -1.325737e-07
9.558824e-01 4.166667e-01 -6.993580e-06
9.656863e-01 4.166667e-01 -1.698658e-05
9.754902e-01 4.166667e-01 -2.374154e-05
9.852941e-01 4.166667e-01 -2.155854e-05
9.950980e-01 4.166667e-01 6.756663e-07
4.901961e-03 4.264706e-01 -1.556893e-05
1.470588e-02 4.264706e-01 4.875408e-07
2.450980e-02 4.264706e-01 2.970805e-05
3.431373e-02 4.264706e-01 6.802575e-05
4.411765e-02 4.264706e-01 9.730669e-05
5.392157e-02 4.264706e-01 9.606074e-05
6.372549e-02 4.264706e-01 3.481572e-05
7.352941e-02 4.264706e-01 -1.052550e-04
8.333333e-02 4.264706e-01 -3.227052e-04
9.313725e-02 4.264706e-01 -5.815247e-04
1.029412e-01 4.264706e-01 -8.017499e-04
1.127451e-01 4.264706e-01 -8.635834e-04
1.225490e-01 4.264706e-01 -6.091279e-04
1.323529e-01 4.264706e-01 1.301453e-04
1.421569e-01 4.264706e-01 1.511034e-03
1.519608e-01 4.264706e-01 3.645092e-03
1.617647e-01 4.264706e-01 6.572642e-03
1.715686e-01 4.264706e-01 1.024945e-02
1.813725e-01 4.264706e-01 1.453516e-02
1.911765e-01 4.264706e-01 1.920851e-02
2.009804e-01 4.264706e-01 2.398636e-02
2.107843e-01 4.264706e-01 2.855683e-02
2.205882e-01 4.264706e-01 3.261771e-02
2.303922e-01 4.264706e-01 3.590387e-02
2.401961e-01 4.264706e-01 3.821933e-02
2.500000e-01 4.264706e-01 3.945189e-02
2.598039e-01 4.264706e-01 3.957772e-02
2.696078e-01 4.264706e-01 3.865923e-02
2.794118e-01 4.264706e-01 3.682459e-02
2.892157e-01 4.264706e-01 3.425134e-02
2.990196e-01 4.264706e-01 3.114478e-02
3.088235e-01 4.264706e-01 2.771325e-02
3.186275e-01 4.264706e-01 2.415428e-02
3.284314e-01 4.264706e-01 2.063755e-02
3.382353e-01 4.264706e-01 1.729665e-02
3.480392e-01 4.264706e-01 1.423031e-02
3.578431e-01 4.264706e-01 1.149921e-02
3.676471e-01 4.264706e-01 9.131726e-03
3.774510e-01 4.264706e-01 7.130982e-03
3.872549e-01 4.264706e-01 5.477587e-03
3.970588e-01 4.264706e-01 4.140195e-03
4.068627e-01 4.264706e-01 3.081254e-03
4.166667e-01 4.264706e-01 2.258286e-03
4.264706e-01 4.264706e-01 1.630849e-03
4.362745e-01 4.264706e-01 1.161360e-03
4.460784e-01 4.264706e-01 8.147880e-04
4.558824e-01 4.264706e-01 5.634170e-04
4.656863e-01 4.264706e-01 3.846525e-04
4.754902e-01 4.264706e-01 2.588830e-04
4.852941e-01 4.264706e-01 1.722116e-04
4.950980e-01 4.264706e-01 1.135787e-04
5.049020e-01 4.264706e-01 7.340797e-05
5.147059e-01 4.264706e-01 4.657734e-05
5.245098e-01 4.264706e-01 2.949687e-05
5.343137e-01 4.264706e-01 1.825848e-05
5.441176e-01 4.264706e-01 1.133263e-05
5.539216e-01 4.264706e-01 7.493461e-06
5.637255e-01 4.264706e-01 4.502714e-06
5.735294e-01 4.264706e-01 2.261020e-06
5.833333e-01 4.264706e-01 1.309343e-06
5.931373e-01 4.264706e-01 6.178412e-07
6.029412e-01 4.264706e-01 1.986515e-07
6.127451e-01 4.264706e-01 6.107066e-07
6.225490e-01 4.264706e-01 7.052960e-07
6.323529e-01 4.264706e-01 1.144593e-07
6.421569e-01 4.264706e-01 -7.542117e-08
6.519608e-01 4.264706e-01 -1.168322e-07
6.617647e-01 4.264706e-01 -4.750661e-07
6.715686e-01 4.264706e-01 -2.497636e-07
6.813725e-01 4.264706e-01 4.245529e-07
6.911765e-01 4.264706e-01 4.195825e-07
7.009804e-01 4.264706e-01 1.393380e-07
7.107843e-01 4.264706e-01 2.017397e-07
7.205882e-01 4.264706e-01 -8.656907e-08
7.303922e-01 4.264706e-01 -6.346574e-07
7.401961e-01 4.264706e-01 -4.469334e-07
7.500000e-01 4.264706e-01 8.051928e-08
7.598039e-01 4.264706e-01 1.279149e-07
7.696078e-01 4.264706e-01 2.313123e-07
7.794118e-01 4.264706e-01 6.320622e-07
7.892157e-01 4.264706e-01 4.619792e-07
7.990196e-01 4.264706e-01 -2.034667e-07
8.088235e-01 4.264706e-01 -4.053827e-07
8.186275e-01 4.264706e-01 -3.186119e-07
8.284314e-01 4.264706e-01 -5.421999e-07
8.382353e-01 4.264706e-01 -5.106679e-07
8.480392e-01 4.264706e-01 1.638566e-07
8.578431e-01 4.264706e-01 6.126349e-07
8.676471e-01 4.264706e-01 3.361911e-07
8.774510e-01 4.264706e-01 8.215432e-08
8.872549e-01 4.264706e-01 5.062988e-08
8.970588e-01 4.264706e-01 -6.723691e-08
9.068627e-01 4.264706e-01 5.098573e-09
9.166667e-01 4.264706e-01 1.286486e-06
9.264706e-01 4.264706e-01 2.693839e-06
9.362745e-01 4.264706e-01 2.811361e-06
9.460784e-01 4.264706e-01 -9.566670e-08
9.558824e-01 4.264706e-01 -5.050403e-06
9.656863e-01 4.264706e-01 -1.226696e-05
9.754902e-01 4.264706e-01 -1.714519e-05
9.852941e-01 4.264706e-01 -1.556893e-05
9.950980e-01 4.264706e-01 4.875408e-07
4.901961e-03 4.362745e-01 -1.108707e-05
1.470588e-02 4.362745e-01 3.469574e-07
2.450980e-02 4.362745e-01 2.115549e-05
3.431373e-02 4.362745e-01 4.844250e-05
4.411765e-02 4.362745e-01 6.929438e-05
5.392157e-02 4.362745e-01 6.840748e-05
6.372549e-02 4.362745e-01 2.479382e-05
7.352941e-02 4.362745e-01 -7.495374e-05
8.333333e-02 4.362745e-01 -2.298057e-04
9.313725e-02 4.362745e-01 -4.141184e-04
1.029412e-01 4.362745e-01 -5.709477e-04
1.127451e-01 4.362745e-01 -6.149826e-04
1.225490e-01 4.362745e-01 -4.337795e-04
1.323529e-01 4.362745e-01 9.267616e-05
1.421569e-01 4.362745e-01 1.076045e-03
1.519608e-01 4.362745e-01 2.595770e-03
1.617647e-01 4.362745e-01 4.680565e-03
1.715686e-01 4.362745e-01 7.298930e-03
1.813725e-01 4.362745e-01 1.035092e-02
1.911765e-01 4.362745e-01 1.367896e-02
2.009804e-01 4.362745e-01 1.708141e-02
2.107843e-01 4.362745e-01 2.033618e-02
2.205882e-01 4.362745e-01 2.322807e-02
2.303922e-01 4.362745e-01 2.556824e-02
2.401961e-01 4.362745e-01 2.721715e-02
2.500000e-01 4.362745e-01 2.809489e-02
2.598039e-01 4.362745e-01 2.818449e-02
2.696078e-01 4.362745e-01 2.753040e-02
2.794118e-01 4.362745e-01 2.622389e-02
2.892157e-01 4.362745e-01 2.439139e-02
2.990196e-01 4.362745e-01 2.217911e-02
3.088235e-01 4.362745e-01 1.973540e-02
3.186275e-01 4.362745e-01 1.720095e-02
3.284314e-01 4.362745e-01 1.469657e-02
3.382353e-01 4.362745e-01 1.231741e-02
3.480392e-01 4.362745e-01 1.013378e-02
3.578431e-01 4.362745e-01 8.188887e-03
3.676471e-01 4.362745e-01 6.502934e-03
3.774510e-01 4.362745e-01 5.078148e-03
3.872549e-01 4.362745e-01 3.900720e-03
3.970588e-01 4.362745e-01 2.948328e-03
4.068627e-01 4.362745e-01 2.194229e-03
4.166667e-01 4.362745e-01 1.608173e-03
4.264706e-01 4.362745e-01 1.161360e-03
4.362745e-01 4.362745e-01 8.270266e-04
4.460784e-01 4.362745e-01 5.802252e-04
4.558824e-01 4.362745e-01 4.012187e-04
4.656863e-01 4.362745e-01 2.739170e-04
4.754902e-01 4.362745e-01 1.843543e-04
4.852941e-01 4.362745e-01 1.226341e-04
4.950980e-01 4.362745e-01 8.088072e-05
5.049020e-01 4.362745e-01 5.227458e-05
5.147059e-01 4.362745e-01 3.316812e-05
5.245098e-01 4.362745e-01 2.100492e-05
5.343137e-01 4.362745e-01 1.300195e-05
5.441176e-01 4.362745e-01 8.069983e-06
5.539216e-01 4.362745e-01 5.336111e-06
5.637255e-01 4.362745e-01 3.206416e-06
5.735294e-01 4.362745e-01 1.610072e-06
5.833333e-01 4.362745e-01 9.323681e-07
5.931373e-01 4.362745e-01 4.399575e-07
6.029412e-01 4.362745e-01 1.414325e-07
6.127451e-01 4.362745e-01 4.348674e-07
6.225490e-01 4.362745e-01 5.022683e-07
6.323529e-01 4.362745e-01 8.152580e-08
6.421569e-01 4.362745e-01 -5.371474e-08
6.519608e-01 4.362745e-01 -8.319448e-08
6.617647e-01 4.362745e-01 -3.383035e-07
6.715686e-01 4.362745e-01 -1.778897e-07
6.813725e-01 4.362745e-01 3.023211e-07
6.911765e-01 4.362745e-01 2.988138e-07
7.009804e-01 4.362745e-01 9.923225e-08
7.107843e-01 4.362745e-01 1.436613e-07
7.205882e-01 4.362745e-01 -6.162950e-08
7.303922e-01 4.362745e-01 -4.519503e-07
7.401961e-01 4.362745e-01 -3.182993e-07
7.500000e-01 4.362745e-01 5.732892e-08
7.598039e-01 4.362745e-01 9.110257e-08
7.696078e-01 4.362745e-01 1.647166e-07
7.794118e-01 4.362745e-01 4.501006e-07
7.892157e-01 4.362745e-01 3.290113e-07
7.990196e-01 4.362745e-01 -1.448763e-07
8.088235e-01 4.362745e-01 -2.886979e-07
8.186275e-01 4.362745e-01 -2.268982e-07
8.284314e-01 4.362745e-01 -3.861045e-07
8.382353e-01 4.362745e-01 -3.636743e-07
8.480392e-01 4.362745e-01 1.166586e-07
8.578431e-01 4.362745e-01 4.362790e-07
8.676471e-01 4.362745e-01 2.394355e-07
8.774510e-01 4.362745e-01 5.850889e-08
8.872549e-01 4.362745e-01 3.605876e-08
8.970588e-01 4.362745e-01 -4.785884e-08
9.068627e-01 4.362745e-01 3.629418e-09
9.166667e-01 4.362745e-01 9.160878e-07
9.264706e-01 4.362745e-01 1.918304e-06
9.362745e-01 4.362745e-01 2.002045e-06
9.460784e-01 4.362745e-01 -6.808372e-08
9.558824e-01 4.362745e-01 -3.596447e-06
9.656863e-01 4.362745e-01 -8.735499e-06
9.754902e-01 4.362745e-01 -1.220943e-05
9.852941e-01 4.362745e-01 -1.108707e-05
9.950980e-01 4.362745e-01 3.469574e-07
4.901961e-03 4.460784e-01 -7.778548e-06
1.470588e-02 4.460784e-01 2.432277e-07
2.450980e-02 4.460784e-01 1.484206e-05
3.431373e-02 4.460784e-01 3.398621e-05
4.411765e-02 4.460784e-01 4.861569e-05
5.392157e-02 4.460784e-01 4.799376e-05
6.372549e-02 4.460784e-01 1.739549e-05
7.352941e-02 4.460784e-01 -5.258557e-05
8.333333e-02 4.460784e-01 -1.612274e-04
9.313725e-02 4.460784e-01 -2.905389e-04
1.029412e-01 4.460784e-01 -4.005690e-04
1.127451e-01 4.460784e-01 -4.314644e-04
1.225490e-01 4.460784e-01 -3.043359e-04
1.323529e-01 4.460784e-01 6.501782e-05
1.421569e-01 4.460784e-01 7.549374e-04
1.519608e-01 4.460784e-01 1.821160e-03
1.617647e-01 4.460784e-01 3.283830e-03
1.715686e-01 4.460784e-01 5.120850e-03
1.813725e-01 4.460784e-01 7.262096e-03
1.911765e-01 4.460784e-01 9.597020e-03
2.009804e-01 4.460784e-01 1.198415e-02
2.107843e-01 4.460784e-01 1.426768e-02
2.205882e-01 4.460784e-01 1.629660e-02
2.303922e-01 4.460784e-01 1.793844e-02
2.401961e-01 4.460784e-01 1.909531e-02
2.500000e-01 4.460784e-01 1.971112e-02
2.598039e-01 4.460784e-01 1.977398e-02
2.696078e-01 4.460784e-01 1.931507e-02
2.794118e-01 4.460784e-01 1.839843e-02
2.892157e-01 4.460784e-01 1.711276e-02
2.990196e-01 4.460784e-01 1.556064e-02
3.088235e-01 4.460784e-01 1.384615e-02
3.186275e-01 4.460784e-01 1.206800e-02
3.284314e-01 4.460784e-01 1.031095e-02
3.382353e-01 4.460784e-01 8.641751e-03
3.480392e-01 4.460784e-01 7.109735e-03
3.578431e-01 4.460784e-01 5.745216e-03
3.676471e-01 4.460784e-01 4.562368e-03
3.774510e-01 4.460784e-01 3.562755e-03
3.872549e-01 4.460784e-01 2.736685e-03
3.970588e-01 4.460784e-01 2.068499e-03
4.068627e-01 4.460784e-01 1.539434e-03
4.166667e-01 4.460784e-01 1.128265e-03
4.264706e-01 4.460784e-01 8.147880e-04
4.362745e-01 4.460784e-01 5.802252e-04
4.460784e-01 4.460784e-01 4.070736e-04
4.558824e-01 4.460784e-01 2.814860e-04
4.656863e-01 4.460784e-01 1.921737e-04
4.754902e-01 4.460784e-01 1.293383e-04
4.852941e-01 4.460784e-01 8.603679e-05
4.950980e-01 4.460784e-01 5.674366e-05
5.049020e-01 4.460784e-01 3.667433e-05
5.147059e-01 4.460784e-01 2.326973e-05
5.245098e-01 4.460784e-01 1.473636e-05
5.343137e-01 4.460784e-01 9.121718e-06
5.441176e-01 4.460784e-01 5.661590e-06
5.539216e-01 4.460784e-01 3.743616e-06
5.637255e-01 4.460784e-01 2.249520e-06
5.735294e-01 4.460784e-01 1.129563e-06
5.833333e-01 4.460784e-01 6.541016e-07
5.931373e-01 4.460784e-01 3.086519e-07
6.029412e-01 4.460784e-01 9.920296e-08
6.127451e-01 4.460784e-01 3.050719e-07
6.225490e-01 4.460784e-01 3.523914e-07
6.323529e-01 4.460784e-01 5.721033e-08
6.421569e-01 4.460784e-01 -3.768936e-08
6.519608e-01 4.460784e-01 -5.836403e-08
6.617647e-01 4.460784e-01 -2.373463e-07
6.715686e-01 4.460784e-01 -1.248256e-07
6.813725e-01 4.460784e-01 2.120931e-07
6.911765e-01 4.460784e-01 2.096576e-07
7.009804e-01 4.460784e-01 6.962456e-08
7.107843e-01 4.460784e-01 1.007888e-07
7.205882e-01 4.460784e-01 -4.322360e-08
7.303922e-01 4.460784e-01 -3.170773e-07
7.401961e-01 4.460784e-01 -2.233348e-07
7.500000e-01 4.460784e-01 4.021259e-08
7.598039e-01 4.460784e-01 6.392454e-08
7.696078e-01 4.460784e-01 1.155570e-07
7.794118e-01 4.460784e-01 3.157785e-07
7.892157e-01 4.460784e-01 2.308484e-07
7.990196e-01 4.460784e-01 -1.016293e-07
8.088235e-01 4.460784e-01 -2.025572e-07
8.186275e-01 4.460784e-01 -1.591931e-07
8.284314e-01 4.460784e-01 -2.708775e-07
8.382353e-01 4.460784e-01 -2.551602e-07
8.480392e-01 4.460784e-01 8.182397e-08
8.578431e-01 4.460784e-01 3.060914e-07
8.676471e-01 4.460784e-01 1.680039e-07
8.774510e-01 4.460784e-01 4.105290e-08
8.872549e-01 4.460784e-01 2.530188e-08
8.970588e-01 4.460784e-01 -3.355958e-08
9.068627e-01 4.460784e-01 2.544275e-09
9.166667e-01 4.460784e-01 6.426720e-07
9.264706e-01 4.460784e-01 1.345814e-06
9.362745e-01 4.460784e-01 1.404607e-06
9.460784e-01 4.460784e-01 -4.773100e-08
9.558824e-01 4.460784e-01 -2.523149e-06
9.656863e-01 4.460784e-01 -6.128598e-06
9.754902e-01 4.460784e-01 -8.565862e-06
9.852941e-01 4.460784e-01 -7.778548e-06
9.950980e-01 4.460784e-01 2.432277e-07
4.901961e-03 4.558824e-01 -5.378903e-06
1.470588e-02 4.558824e-01 1.679741e-07
2.450980e-02 4.558824e-01 1.026291e-05
3.431373e-02 4.558824e-01 2.350103e-05
4.411765e-02 4.558824e-01 3.361743e-05
5.392157e-02 4.558824e-01 3.318772e-05
6.372549e-02 4.558824e-01 1.202962e-05
7.352941e-02 4.558824e-01 -3.636157e-05
8.333333e-02 4.558824e-01 -1.114868e-04
9.313725e-02 4.558824e-01 -2.009056e-04
1.029412e-01 4.558824e-01 -2.769920e-04
1.127451e-01 4.558824e-01 -2.983575e-04
1.225490e-01 4.558824e-01 -2.104504e-04
1.323529e-01 4.558824e-01 4.495502e-05
1.421569e-01 4.558824e-01 5.220316e-04
1.519608e-01 4.558824e-01 1.259322e-03
1.617647e-01 4.558824e-01 2.270757e-03
1.715686e-01 4.558824e-01 3.541056e-03
1.813725e-01 4.558824e-01 5.021729e-03
1.911765e-01 4.558824e-01 6.636331e-03
2.009804e-01 4.558824e-01 8.287038e-03
2.107843e-01 4.558824e-01 9.866096e-03
2.205882e-01 4.558824e-01 1.126910e-02
2.303922e-01 4.558824e-01 1.240444e-02
2.401961e-01 4.558824e-01 1.320441e-02
2.500000e-01 4.558824e-01 1.363024e-02
2.598039e-01 4.558824e-01 1.367371e-02
2.696078e-01 4.558824e-01 1.335637e-02
2.794118e-01 4.558824e-01 1.272251e-02
2.892157e-01 4.558824e-01 1.183346e-02
2.990196e-01 4.558824e-01 1.076017e-02
3.088235e-01 4.558824e-01 9.574595e-03
3.186275e-01 4.558824e-01 8.344999e-03
3.284314e-01 4.558824e-01 7.129998e-03
3.382353e-01 4.558824e-01 5.975746e-03
3.480392e-01 4.558824e-01 4.916356e-03
3.578431e-01 4.558824e-01 3.972792e-03
3.676471e-01 4.558824e-01 3.154855e-03
3.774510e-01 4.558824e-01 2.463624e-03
3.872549e-01 4.558824e-01 1.892399e-03
3.970588e-01 4.558824e-01 1.430351e-03
4.068627e-01 4.558824e-01 1.064505e-03
4.166667e-01 4.558824e-01 7.801843e-04
4.264706e-01 4.558824e-01 5.634170e-04
4.362745e-01 4.558824e-01 4.012187e-04
4.460784e-01 4.558824e-01 2.814860e-04
4.558824e-01 4.558824e-01 1.946435e-04
4.656863e-01 4.558824e-01 1.328850e-04
4.754902e-01 4.558824e-01 8.943519e-05
4.852941e-01 4.558824e-01 5.949280e-05
4.950980e-01 4.558824e-01 3.923709e-05
5.049020e-01 4.558824e-01 2.535951e-05
5.147059e-01 4.558824e-01 1.609046e-05
5.245098e-01 4.558824e-01 1.018982e-05
5.343137e-01 4.558824e-01 6.307415e-06
5.441176e-01 4.558824e-01 3.914811e-06
5.539216e-01 4.558824e-01 2.588599e-06
5.637255e-01 4.558824e-01 1.555489e-06
5.735294e-01 4.558824e-01 7.810542e-07
5.833333e-01 4.558824e-01 4.522813e-07
5.931373e-01 4.558824e-01 2.134180e-07
6.029412e-01 4.558824e-01 6.857891e-08
6.127451e-01 4.558824e-01 2.109389e-07
6.225490e-01 4.558824e-01 2.436842e-07
6.323529e-01 4.558824e-01 3.956952e-08
6.421569e-01 4.558824e-01 -2.606525e-08
6.519608e-01 4.558824e-01 -4.035542e-08
6.617647e-01 4.558824e-01 -1.641238e-07
6.715686e-01 4.558824e-01 -8.633249e-08
6.813725e-01 4.558824e-01 1.466553e-07
6.911765e-01 4.558824e-01 1.449884e-07
7.009804e-01 4.558824e-01 4.814800e-08
7.107843e-01 4.558824e-01 6.969462e-08
7.205882e-01 4.558824e-01 -2.987786e-08
7.303922e-01 4.558824e-01 -2.192564e-07
7.401961e-01 4.558824e-01 -1.544509e-07
7.500000e-01 4.558824e-01 2.780174e-08
7.598039e-01 4.558824e-01 4.420935e-08
7.696078e-01 4.558824e-01 7.990247e-08
7.794118e-01 4.558824e-01 2.183571e-07
7.892157e-01 4.558824e-01 1.596456e-07
7.990196e-01 4.558824e-01 -7.026746e-08
8.088235e-01 4.558824e-01 -1.400760e-07
8.186275e-01 4.558824e-01 -1.100840e-07
8.284314e-01 4.558824e-01 -1.873059e-07
8.382353e-01 4.558824e-01 -1.764525e-07
8.480392e-01 4.558824e-01 5.656587e-08
8.578431e-01 4.558824e-01 2.116664e-07
8.676471e-01 4.558824e-01 1.161883e-07
8.774510e-01 4.558824e-01 2.839018e-08
8.872549e-01 4.558824e-01 1.749886e-08
8.970588e-01 4.558824e-01 -2.319588e-08
9.068627e-01 4.558824e-01 1.752587e-09
9.166667e-01 4.558824e-01 4.443718e-07
9.264706e-01 4.558824e-01 9.306007e-07
9.362745e-01 4.558824e-01 9.712914e-07
9.460784e-01 4.558824e-01 -3.296512e-08
9.558824e-01 4.558824e-01 -1.744685e-06
9.656863e-01 4.558824e-01 -4.237821e-06
9.754902e-01 4.558824e-01 -5.923211e-06
9.852941e-01 4.558824e-01 -5.378903e-06
9.950980e-01 4.558824e-01 1.679741e-07
4.901961e-03 4.656863e-01 -3.672350e-06
1.470588e-02 4.656863e-01 1.145477e-07
2.450980e-02 4.656863e-01 7.006544e-06
3.431373e-02 4.656863e-01 1.604455e-05
4.411765e-02 4.656863e-01 2.295137e-05
5.392157e-02 4.656863e-01 2.265821e-05
6.372549e-02 4.656863e-01 8.213355e-06
7.352941e-02 4.656863e-01 -2.482422e-05
8.333333e-02 4.656863e-01 -7.611398e-05
9.313725e-02 4.656863e-01 -1.371626e-04
1.029412e-01 4.656863e-01 -1.891092e-04
1.127451e-01 4.656863e-01 -2.036968e-04
1.225490e-01 4.656863e-01 -1.436815e-04
1.323529e-01 4.656863e-01 3.068899e-05
1.421569e-01 4.656863e-01 3.564003e-04
1.519608e-01 4.656863e-01 8.597666e-04
1.617647e-01 4.656863e-01 1.550300e-03
1.715686e-01 4.656863e-01 2.417566e-03
1.813725e-01 4.656863e-01 3.428461e-03
1.911765e-01 4.656863e-01 4.530794e-03
2.009804e-01 4.656863e-01 5.657777e-03
2.107843e-01 4.656863e-01 6.735843e-03
2.205882e-01 4.656863e-01 7.693711e-03
2.303922e-01 4.656863e-01 8.468837e-03
2.401961e-01 4.656863e-01 9.014998e-03
2.500000e-01 4.656863e-01 9.305723e-03
2.598039e-01 4.656863e-01 9.335396e-03
2.696078e-01 4.656863e-01 9.118738e-03
2.794118e-01 4.656863e-01 8.685981e-03
2.892157e-01 4.656863e-01 8.079002e-03
2.990196e-01 4.656863e-01 7.346229e-03
3.088235e-01 4.656863e-01 6.536806e-03
3.186275e-01 4.656863e-01 5.697327e-03
3.284314e-01 4.656863e-01 4.867812e-03
3.382353e-01 4.656863e-01 4.079774e-03
3.480392e-01 4.656863e-01 3.356502e-03
3.578431e-01 4.656863e-01 2.712307e-03
3.676471e-01 4.656863e-01 2.153882e-03
3.774510e-01 4.656863e-01 1.681963e-03
3.872549e-01 4.656863e-01 1.291975e-03
3.970588e-01 4.656863e-01 9.765252e-04
4.068627e-01 4.656863e-01 7.267545e-04
4.166667e-01 4.656863e-01 5.326434e-04
4.264706e-01 4.656863e-01 3.846525e-04
4.362745e-01 4.656863e-01 2.739170e-04
4.460784e-01 4.656863e-01 1.921737e-04
4.558824e-01 4.656863e-01 1.328850e-04
4.656863e-01 4.656863e-01 9.072174e-05
4.754902e-01 4.656863e-01 6.105803e-05
4.852941e-01 4.656863e-01 4.061606e-05
4.950980e-01 4.656863e-01 2.678732e-05
5.049020e-01 4.656863e-01 1.731301e-05
5.147059e-01 4.656863e-01 1.098497e-05
5.245098e-01 4.656863e-01 6.956575e-06
5.343137e-01 4.656863e-01 4.306051e-06
5.441176e-01 4.656863e-01 2.672614e-06
5.539216e-01 4.656863e-01 1.767224e-06
5.637255e-01 4.656863e-01 1.061932e-06
5.735294e-01 4.656863e-01 5.332171e-07
5.833333e-01 4.656863e-01 3.087626e-07
5.931373e-01 4.656863e-01 1.456949e-07
6.029412e-01 4.656863e-01 4.680702e-08
6.127451e-01 4.656863e-01 1.440021e-07
6.225490e-01 4.656863e-01 1.663732e-07
6.323529e-01 4.656863e-01 2.702001e-08
6.421569e-01 4.656863e-01 -1.779771e-08
6.519608e-01 4.656863e-01 -2.754989e-08
6.617647e-01 4.656863e-01 -1.120515e-07
6.715686e-01 4.656863e-01 -5.895116e-08
6.813725e-01 4.656863e-01 1.001217e-07
6.911765e-01 4.656863e-01 9.899409e-08
7.009804e-01 4.656863e-01 3.287341e-08
7.107843e-01 4.656863e-01 4.758189e-08
7.205882e-01 4.656863e-01 -2.039167e-08
7.303922e-01 4.656863e-01 -1.496913e-07
7.401961e-01 4.656863e-01 -1.054571e-07
7.500000e-01 4.656863e-01 1.897819e-08
7.598039e-01 4.656863e-01 3.018655e-08
7.696078e-01 4.656863e-01 5.454846e-08
7.794118e-01 4.656863e-01 1.490764e-07
7.892157e-01 4.656863e-01 1.090031e-07
7.990196e-01 4.656863e-01 -4.796837e-08
8.088235e-01 4.656863e-01 -9.563889e-08
8.186275e-01 4.656863e-01 -7.515847e-08
8.284314e-01 4.656863e-01 -1.278753e-07
8.382353e-01 4.656863e-01 -1.204747e-07
8.480392e-01 4.656863e-01 3.861007e-08
8.578431e-01 4.656863e-01 1.445136e-07
8.676471e-01 4.656863e-01 7.933336e-08
8.774510e-01 4.656863e-01 1.938369e-08
8.872549e-01 4.656863e-01 1.194833e-08
8.970588e-01 4.656863e-01 -1.583037e-08
9.068627e-01 4.656863e-01 1.191946e-09
9.166667e-01 4.656863e-01 3.033629e-07
9.264706e-01 4.656863e-01 6.353296e-07
9.362745e-01 4.656863e-01 6.631319e-07
9.460784e-01 4.656863e-01 -2.248088e-08
9.558824e-01 4.656863e-01 -1.191101e-06
9.656863e-01 4.656863e-01 -2.893215e-06
9.754902e-01 4.656863e-01 -4.043892e-06
9.852941e-01 4.656863e-01 -3.672350e-06
9.950980e-01 4.656863e-01 1.145477e-07
4.901961e-03 4.754902e-01 -2.471680e-06
1.470588e-02 4.754902e-01 7.698594e-08
2.450980e-02 4.754902e-01 4.715536e-06
3.431373e-02 4.754902e-01 1.079850e-05
4.411765e-02 4.754902e-01 1.544716e-05
5.392157e-02 4.754902e-01 1.525003e-05
6.372549e-02 4.754902e-01 5.528292e-06
7.352941e-02 4.754902e-01 -1.670714e-05
8.333333e-02 4.754902e-01 -5.122717e-05
9.313725e-02 4.754902e-01 -9.231557e-05
1.029412e-01 4.754902e-01 -1.272782e-04
1.127451e-01 4.754902e-01 -1.370970e-04
1.225490e-01 4.754902e-01 -9.670513e-05
1.323529e-01 4.754902e-01 2.065260e-05
1.421569e-01 4.754902e-01 2.398693e-04
1.519608e-01 4.754902e-01 5.786557e-04
1.617647e-01 4.754902e-01 1.043414e-03
1.715686e-01 4.754902e-01 1.627122e-03
1.813725e-01 4.754902e-01 2.307499e-03
1.911765e-01 4.754902e-01 3.049418e-03
2.009804e-01 4.754902e-01 3.807928e-03
2.107843e-01 4.754902e-01 4.533515e-03
2.205882e-01 4.754902e-01 5.178203e-03
2.303922e-01 4.754902e-01 5.699897e-03
2.401961e-01 4.754902e-01 6.067487e-03
2.500000e-01 4.754902e-01 6.263157e-03
2.598039e-01 4.754902e-01 6.283126e-03
2.696078e-01 4.754902e-01 6.137303e-03
2.794118e-01 4.754902e-01 5.846037e-03
2.892157e-01 4.754902e-01 5.437511e-03
2.990196e-01 4.754902e-01 4.944321e-03
3.088235e-01 4.754902e-01 4.399542e-03
3.186275e-01 4.754902e-01 3.834534e-03
3.284314e-01 4.754902e-01 3.276234e-03
3.382353e-01 4.754902e-01 2.745849e-03
3.480392e-01 4.754902e-01 2.259056e-03
3.578431e-01 4.754902e-01 1.825486e-03
3.676471e-01 4.754902e-01 1.449643e-03
3.774510e-01 4.754902e-01 1.132022e-03
3.872549e-01 4.754902e-01 8.695449e-04
3.970588e-01 4.754902e-01 6.572349e-04
4.068627e-01 4.754902e-01 4.891299e-04
4.166667e-01 4.754902e-01 3.584861e-04
4.264706e-01 4.754902e-01 2.588830e-04
4.362745e-01 4.754902e-01 1.843543e-04
4.460784e-01 4.754902e-01 1.293383e-04
4.558824e-01 4.754902e-01 8.943519e-05
4.656863e-01 4.754902e-01 6.105803e-05
4.754902e-01 4.754902e-01 4.109351e-05
4.852941e-01 4.754902e-01 2.733551e-05
4.950980e-01 4.754902e-01 1.802843e-05
5.049020e-01 4.754902e-01 1.165199e-05
5.147059e-01 4.754902e-01 7.393074e-06
5.245098e-01 4.754902e-01 4.681881e-06
5.343137e-01 4.754902e-01 2.898028e-06
5.441176e-01 4.754902e-01 1.798694e-06
5.539216e-01 4.754902e-01 1.189362e-06
5.637255e-01 4.754902e-01 7.146983e-07
5.735294e-01 4.754902e-01 3.588579e-07
5.833333e-01 4.754902e-01 2.077953e-07
5.931373e-01 4.754902e-01 9.805115e-08
6.029412e-01 4.754902e-01 3.149316e-08
6.127451e-01 4.754902e-01 9.691148e-08
6.225490e-01 4.754902e-01 1.119794e-07
6.323529e-01 4.754902e-01 1.818928e-08
6.421569e-01 4.754902e-01 -1.198028e-08
6.519608e-01 4.754902e-01 -1.854083e-08
6.617647e-01 4.754902e-01 -7.541557e-08
6.715686e-01 4.754902e-01 -3.968405e-08
6.813725e-01 4.754902e-01 6.738362e-08
6.911765e-01 4.754902e-01 6.663235e-08
7.009804e-01 4.754902e-01 2.212630e-08
7.107843e-01 4.754902e-01 3.202450e-08
7.205882e-01 4.754902e-01 -1.371936e-08
7.303922e-01 4.754902e-01 -1.007483e-07
7.401961e-01 4.754902e-01 -7.098432e-08
7.500000e-01 4.754902e-01 1.277115e-08
7.598039e-01 4.754902e-01 2.031949e-08
7.696078e-01 4.754902e-01 3.671106e-08
7.794118e-01 4.754902e-01 1.003337e-07
7.892157e-01 4.754902e-01 7.337052e-08
7.990196e-01 4.754902e-01 -3.228109e-08
8.088235e-01 4.754902e-01 -6.437305e-08
8.186275e-01 4.754902e-01 -5.058570e-08
8.284314e-01 4.754902e-01 -8.606320e-08
8.382353e-01 4.754902e-01 -8.108936e-08
8.480392e-01 4.754902e-01 2.597961e-08
8.578431e-01 4.754902e-01 9.726661e-08
8.676471e-01 4.754902e-01 5.340116e-08
8.774510e-01 4.754902e-01 1.304680e-08
8.872549e-01 4.754902e-01 8.042930e-09
8.970588e-01 4.754902e-01 -1.065020e-08
9.068627e-01 4.754902e-01 7.980671e-10
9.166667e-01 4.754902e-01 2.041598e-07
9.264706e-01 4.754902e-01 4.275926e-07
9.362745e-01 4.754902e-01 4.463219e-07
9.460784e-01 4.754902e-01 -1.510974e-08
9.558824e-01 4.754902e-01 -8.016287e-07
9.656863e-01 4.754902e-01 -1.947215e-06
9.754902e-01 4.754902e-01 -2.721686e-06
9.852941e-01 4.754902e-01 -2.471680e-06
9.950980e-01 4.754902e-01 7.698594e-08
4.901961e-03 4.852941e-01 -1.644276e-06
1.470588e-02 4.852941e-01 5.113076e-08
2.450980e-02 4.852941e-01 3.136816e-06
3.431373e-02 4.852941e-01 7.183408e-06
4.411765e-02 4.852941e-01 1.027591e-05
5.392157e-02 4.852941e-01 1.014492e-05
6.372549e-02 4.852941e-01 3.677909e-06
7.352941e-02 4.852941e-01 -1.111360e-05
8.333333e-02 4.852941e-01 -3.407730e-05
9.313725e-02 4.852941e-01 -6.141065e-05
1.029412e-01 4.852941e-01 -8.466918e-05
1.127451e-01 4.852941e-01 -9.120156e-05
1.225490e-01 4.852941e-01 -6.433253e-05
1.323529e-01 4.852941e-01 1.373627e-05
1.421569e-01 4.852941e-01 1.595646e-04
1.519608e-01 4.852941e-01 3.849342e-04
1.617647e-01 4.852941e-01 6.941040e-04
1.715686e-01 4.852941e-01 1.082403e-03
1.813725e-01 4.852941e-01 1.535009e-03
1.911765e-01 4.852941e-01 2.028554e-03
2.009804e-01 4.852941e-01 2.533136e-03
2.107843e-01 4.852941e-01 3.015816e-03
2.205882e-01 4.852941e-01 3.444680e-03
2.303922e-01 4.852941e-01 3.791724e-03
2.401961e-01 4.852941e-01 4.036253e-03
2.500000e-01 4.852941e-01 4.166416e-03
2.598039e-01 4.852941e-01 4.179698e-03
2.696078e-01 4.852941e-01 4.082690e-03
2.794118e-01 4.852941e-01 3.888929e-03
2.892157e-01 4.852941e-01 3.617164e-03
2.990196e-01 4.852941e-01 3.289079e-03
3.088235e-01 4.852941e-01 2.926676e-03
3.186275e-01 4.852941e-01 2.550817e-03
3.284314e-01 4.852941e-01 2.179420e-03
3.382353e-01 4.852941e-01 1.826595e-03
3.480392e-01 4.852941e-01 1.502768e-03
3.578431e-01 4.852941e-01 1.214347e-03
3.676471e-01 4.852941e-01 9.643275e-04
3.774510e-01 4.852941e-01 7.530395e-04
3.872549e-01 4.852941e-01 5.784345e-04
3.970588e-01 4.852941e-01 4.372019e-04
4.068627e-01 4.852941e-01 3.253755e-04
4.166667e-01 4.852941e-01 2.384691e-04
4.264706e-01 4.852941e-01 1.722116e-04
4.362745e-01 4.852941e-01 1.226341e-04
4.460784e-01 4.852941e-01 8.603679e-05
4.558824e-01 4.852941e-01 5.949280e-05
4.656863e-01 4.852941e-01 4.061606e-05
4.754902e-01 4.852941e-01 2.733551e-05
4.852941e-01 4.852941e-01 1.818360e-05
4.950980e-01 4.852941e-01 1.199250e-05
5.049020e-01 4.852941e-01 7.750880e-06
5.147059e-01 4.852941e-01 4.917839e-06
5.245098e-01 4.852941e-01 3.114356e-06
5.343137e-01 4.852941e-01 1.927742e-06
5.441176e-01 4.852941e-01 1.196469e-06
5.539216e-01 4.852941e-01 7.911535e-07
5.637255e-01 4.852941e-01 4.754133e-07
5.735294e-01 4.852941e-01 2.387048e-07
5.833333e-01 4.852941e-01 1.382193e-07
5.931373e-01 4.852941e-01 6.521955e-08
6.029412e-01 4.852941e-01 2.094294e-08
6.127451e-01 4.852941e-01 6.446425e-08
6.225490e-01 4.852941e-01 7.449416e-08
6.323529e-01 4.852941e-01 1.210124e-08
6.421569e-01 4.852941e-01 -7.971005e-09
6.519608e-01 4.852941e-01 -1.233334e-08
6.617647e-01 4.852941e-01 -5.016974e-08
6.715686e-01 4.852941e-01 -2.640316e-08
6.813725e-01 4.852941e-01 4.482543e-08
6.911765e-01 4.852941e-01 4.432900e-08
7.009804e-01 4.852941e-01 1.471934e-08
7.107843e-01 4.852941e-01 2.130389e-08
7.205882e-01 4.852941e-01 -9.123984e-09
7.303922e-01 4.852941e-01 -6.702183e-08
7.401961e-01 4.852941e-01 -4.722498e-08
7.500000e-01 4.852941e-01 8.495525e-09
7.598039e-01 4.852941e-01 1.351863e-08
7.696078e-01 4.852941e-01 2.441998e-08
7.794118e-01 4.852941e-01 6.674539e-08
7.892157e-01 4.852941e-01 4.881223e-08
7.990196e-01 4.852941e-01 -2.147341e-08
8.088235e-01 4.852941e-01 -4.282553e-08
8.186275e-01 4.852941e-01 -3.365128e-08
8.284314e-01 4.852941e-01 -5.725103e-08
8.382353e-01 4.852941e-01 -5.394617e-08
8.480392e-01 4.852941e-01 1.727983e-08
8.578431e-01 4.852941e-01 6.470746e-08
8.676471e-01 4.852941e-01 3.552744e-08
8.774510e-01 4.852941e-01 8.678940e-09
8.872549e-01 4.852941e-01 5.350755e-09
8.970588e-01 4.852941e-01 -7.083884e-09
9.068627e-01 4.852941e-01 5.265877e-10
9.166667e-01 4.852941e-01 1.358044e-07
9.264706e-01 4.852941e-01 2.844450e-07
9.362745e-01 4.852941e-01 2.969149e-07
9.460784e-01 4.852941e-01 -1.003532e-08
9.558824e-01 4.852941e-01 -5.332476e-07
9.656863e-01 4.852941e-01 -1.295327e-06
9.754902e-01 4.852941e-01 -1.810548e-06
9.852941e-01 4.852941e-01 -1.644276e-06
9.950980e-01 4.852941e-01 5.113076e-08
4.901961e-03 4.950980e-01 -1.084462e-06
1.470588e-02 4.950980e-01 3.374979e-08
2.450980e-02 4.950980e-01 2.068914e-06
3.431373e-02 4.950980e-01 4.737830e-06
4.411765e-02 4.950980e-01 6.777458e-06
5.392157e-02 4.950980e-01 6.691008e-06
6.372549e-02 4.950980e-01 2.425630e-06
7.352941e-02 4.950980e-01 -7.330160e-06
8.333333e-02 4.950980e-01 -2.247588e-05
9.313725e-02 4.950980e-01 -4.050353e-05
1.029412e-01 4.950980e-01 -5.584353e-05
1.127451e-01 4.950980e-01 -6.015168e-05
1.225490e-01 4.950980e-01 -4.242983e-05
1.323529e-01 4.950980e-01 9.060882e-06
1.421569e-01 4.950980e-01 1.052423e-04
1.519608e-01 4.950980e-01 2.538852e-04
1.617647e-01 4.950980e-01 4.577981e-04
1.715686e-01 4.950980e-01 7.139002e-04
1.813725e-01 4.950980e-01 1.012415e-03
1.911765e-01 4.950980e-01 1.337932e-03
2.009804e-01 4.950980e-01 1.670727e-03
2.107843e-01 4.950980e-01 1.989076e-03
2.205882e-01 4.950980e-01 2.271930e-03
2.303922e-01 4.950980e-01 2.500819e-03
2.401961e-01 4.950980e-01 2.662095e-03
2.500000e-01 4.950980e-01 2.747941e-03
2.598039e-01 4.950980e-01 2.756698e-03
2.696078e-01 4.950980e-01 2.692714e-03
2.794118e-01 4.950980e-01 2.564918e-03
2.892157e-01 4.950980e-01 2.385674e-03
2.990196e-01 4.950980e-01 2.169286e-03
3.088235e-01 4.950980e-01 1.930263e-03
3.186275e-01 4.950980e-01 1.682367e-03
3.284314e-01 4.950980e-01 1.437414e-03
3.382353e-01 4.950980e-01 1.204710e-03
3.480392e-01 4.950980e-01 9.911328e-04
3.578431e-01 4.950980e-01 8.009070e-04
3.676471e-01 4.950980e-01 6.360090e-04
3.774510e-01 4.950980e-01 4.966562e-04
3.872549e-01 4.950980e-01 3.814974e-04
3.970588e-01 4.950980e-01 2.883492e-04
4.068627e-01 4.950980e-01 2.145956e-04
4.166667e-01 4.950980e-01 1.572778e-04
4.264706e-01 4.950980e-01 1.135787e-04
4.362745e-01 4.950980e-01 8.088072e-05
4.460784e-01 4.950980e-01 5.674366e-05
4.558824e-01 4.950980e-01 3.923709e-05
4.656863e-01 4.950980e-01 2.678732e-05
4.754902e-01 4.950980e-01 1.802843e-05
4.852941e-01 4.950980e-01 1.199250e-05
4.950980e-01 4.950980e-01 7.909312e-06
5.049020e-01 4.950980e-01 5.111862e-06
5.147059e-01 4.950980e-01 3.243406e-06
5.245098e-01 4.950980e-01 2.053971e-06
5.343137e-01 4.950980e-01 1.271375e-06
5.441176e-01 4.950980e-01 7.890871e-07
5.539216e-01 4.950980e-01 5.217772e-07
5.637255e-01 4.950980e-01 3.135422e-07
5.735294e-01 4.950980e-01 1.574273e-07
5.833333e-01 4.950980e-01 9.115564e-08
5.931373e-01 4.950980e-01 4.301178e-08
6.029412e-01 4.950980e-01 1.381026e-08
6.127451e-01 4.950980e-01 4.251517e-08
6.225490e-01 4.950980e-01 4.913214e-08
6.323529e-01 4.950980e-01 7.981529e-09
6.421569e-01 4.950980e-01 -5.257901e-09
6.519608e-01 4.950980e-01 -8.134574e-09
6.617647e-01 4.950980e-01 -3.308911e-08
6.715686e-01 4.950980e-01 -1.741488e-08
6.813725e-01 4.950980e-01 2.956412e-08
6.911765e-01 4.950980e-01 2.923791e-08
7.009804e-01 4.950980e-01 9.708292e-09
7.107843e-01 4.950980e-01 1.405041e-08
7.205882e-01 4.950980e-01 -6.017364e-09
7.303922e-01 4.950980e-01 -4.420387e-08
7.401961e-01 4.950980e-01 -3.114801e-08
7.500000e-01 4.950980e-01 5.603008e-09
7.598039e-01 4.950980e-01 8.917086e-09
7.696078e-01 4.950980e-01 1.610621e-08
7.794118e-01 4.950980e-01 4.402130e-08
7.892157e-01 4.950980e-01 3.219454e-08
7.990196e-01 4.950980e-01 -1.416237e-08
8.088235e-01 4.950980e-01 -2.824646e-08
8.186275e-01 4.950980e-01 -2.219517e-08
8.284314e-01 4.950980e-01 -3.775911e-08
8.382353e-01 4.950980e-01 -3.558004e-08
8.480392e-01 4.950980e-01 1.139616e-08
8.578431e-01 4.950980e-01 4.267800e-08
8.676471e-01 4.950980e-01 2.343305e-08
8.774510e-01 4.950980e-01 5.724049e-09
8.872549e-01 4.950980e-01 3.528900e-09
8.970588e-01 4.950980e-01 -4.670916e-09
9.068627e-01 4.950980e-01 3.487437e-10
9.166667e-01 4.950980e-01 8.956880e-08
9.264706e-01 4.950980e-01 1.876033e-07
9.362745e-01 4.950980e-01 1.958268e-07
9.460784e-01 4.950980e-01 -6.623285e-09
9.558824e-01 4.950980e-01 -3.517087e-07
9.656863e-01 4.950980e-01 -8.543327e-07
9.754902e-01 4.950980e-01 -1.194137e-06
9.852941e-01 4.950980e-01 -1.084462e-06
9.950980e-01 4.950980e-01 3.374979e-08
4.901961e-03 5.049020e-01 -7.008862e-07
1.470588e-02 5.049020e-01 2.180932e-08
2.450980e-02 5.049020e-01 1.337137e-06
3.431373e-02 5.049020e-01 3.062069e-06
4.411765e-02 5.049020e-01 4.380287e-06
5.392157e-02 5.049020e-01 4.324408e-06
6.372549e-02 5.049020e-01 1.567654e-06
7.352941e-02 5.049020e-01 -4.737610e-06
8.333333e-02 5.049020e-01 -1.452646e-05
9.313725e-02 5.049020e-01 -2.617793e-05
1.029412e-01 5.049020e-01 -3.609233e-05
1.127451e-01 5.049020e-01 -3.887664e-05
1.225490e-01 5.049020e-01 -2.742252e-05
1.323529e-01 5.049020e-01 5.857107e-06
1.421569e-01 5.049020e-01 6.802135e-05
1.519608e-01 5.049020e-01 1.640926e-04
1.617647e-01 5.049020e-01 2.958863e-04
1.715686e-01 5.049020e-01 4.614112e-04
1.813725e-01 5.049020e-01 6.543488e-04
1.911765e-01 5.049020e-01 8.647381e-04
2.009804e-01 5.049020e-01 1.079832e-03
2.107843e-01 5.049020e-01 1.285589e-03
2.205882e-01 5.049020e-01 1.468405e-03
2.303922e-01 5.049020e-01 1.616343e-03
2.401961e-01 5.049020e-01 1.720580e-03
2.500000e-01 5.049020e-01 1.776064e-03
2.598039e-01 5.049020e-01 1.781724e-03
2.696078e-01 5.049020e-01 1.740370e-03
2.794118e-01 5.049020e-01 1.657772e-03
2.892157e-01 5.049020e-01 1.541922e-03
2.990196e-01 5.049020e-01 1.402064e-03
3.088235e-01 5.049020e-01 1.247577e-03
3.186275e-01 5.049020e-01 1.087355e-03
3.284314e-01 5.049020e-01 9.290360e-04
3.382353e-01 5.049020e-01 7.786333e-04
3.480392e-01 5.049020e-01 6.405925e-04
3.578431e-01 5.049020e-01 5.176447e-04
3.676471e-01 5.049020e-01 4.110670e-04
3.774510e-01 5.049020e-01 3.209998e-04
3.872549e-01 5.049020e-01 2.465699e-04
3.970588e-01 5.049020e-01 1.863660e-04
4.068627e-01 5.049020e-01 1.386974e-04
4.166667e-01 5.049020e-01 1.016516e-04
4.264706e-01 5.049020e-01 7.340797e-05
4.362745e-01 5.049020e-01 5.227458e-05
4.460784e-01 5.049020e-01 3.667433e-05
4.558824e-01 5.049020e-01 2.535951e-05
4.656863e-01 5.049020e-01 1.731301e-05
4.754902e-01 5.049020e-01 1.165199e-05
4.852941e-01 5.049020e-01 7.750880e-06
4.950980e-01 5.049020e-01 5.111862e-06
5.049020e-01 5.049020e-01 3.303840e-06
5.147059e-01 5.049020e-01 2.096235e-06
5.245098e-01 5.049020e-01 1.327491e-06
5.343137e-01 5.049020e-01 8.216937e-07
5.441176e-01 5.049020e-01 5.099856e-07
5.539216e-01 5.049020e-01 3.372233e-07
5.637255e-01 5.049020e-01 2.026443e-07
5.735294e-01 5.049020e-01 1.017457e-07
5.833333e-01 5.049020e-01 5.891269e-08
5.931373e-01 5.049020e-01 2.779842e-08
6.029412e-01 5.049020e-01 8.923630e-09
6.127451e-01 5.049020e-01 2.747482e-08
6.225490e-01 5.049020e-01 3.175538e-08
6.323529e-01 5.049020e-01 5.160573e-09
6.421569e-01 5.049020e-01 -3.398536e-09
6.519608e-01 5.049020e-01 -5.256869e-09
6.617647e-01 5.049020e-01 -2.138505e-08
6.715686e-01 5.049020e-01 -1.125798e-08
6.813725e-01 5.049020e-01 1.910568e-08
6.911765e-01 5.049020e-01 1.889840e-08
7.009804e-01 5.049020e-01 6.275303e-09
7.107843e-01 5.049020e-01 9.080500e-09
7.205882e-01 5.049020e-01 -3.887140e-09
7.303922e-01 5.049020e-01 -2.856831e-08
7.401961e-01 5.049020e-01 -2.013383e-08
7.500000e-01 5.049020e-01 3.619841e-09
7.598039e-01 5.049020e-01 5.764295e-09
7.696078e-01 5.049020e-01 1.040894e-08
7.794118e-01 5.049020e-01 2.845030e-08
7.892157e-01 5.049020e-01 2.080993e-08
7.990196e-01 5.049020e-01 -9.151098e-09
8.088235e-01 5.049020e-01 -1.825723e-08
8.186275e-01 5.049020e-01 -1.434576e-08
8.284314e-01 5.049020e-01 -2.440291e-08
8.382353e-01 5.049020e-01 -2.299698e-08
8.480392e-01 5.049020e-01 7.362220e-09
8.578431e-01 5.049020e-01 2.758326e-08
8.676471e-01 5.049020e-01 1.514759e-08
8.774510e-01 5.049020e-01 3.700331e-09
8.872549e-01 5.049020e-01 2.281471e-09
8.970588e-01 5.049020e-01 -3.015746e-09
9.068627e-01 5.049020e-01 2.263722e-10
9.166667e-01 5.049020e-01 5.788408e-08
9.264706e-01 5.049020e-01 1.212429e-07
9.362745e-01 5.049020e-01 1.265618e-07
9.460784e-01 5.049020e-01 -4.280193e-09
9.558824e-01 5.049020e-01 -2.273077e-07
9.656863e-01 5.049020e-01 -5.521507e-07
9.754902e-01 5.049020e-01 -7.717634e-07
9.852941e-01 5.049020e-01 -7.008862e-07
9.950980e-01 5.049020e-01 2.180932e-08
4.901961e-03 5.147059e-01 -4.447500e-07
1.470588e-02 5.147059e-01 1.377039e-08
2.450980e-02 5.147059e-01 8.483372e-07
3.431373e-02 5.147059e-01 1.942837e-06
4.411765e-02 5.147059e-01 2.779320e-06
5.392157e-02 5.147059e-01 2.743981e-06
6.372549e-02 5.147059e-01 9.949481e-07
7.352941e-02 5.147059e-01 -3.005661e-06
8.333333e-02 5.147059e-01 -9.216715e-06
9.313725e-02 5.147059e-01 -1.660977e-05
1.029412e-01 5.147059e-01 -2.290083e-05
1.127451e-01 5.147059e-01 -2.466799e-05
1.225490e-01 5.147059e-01 -1.740092e-05
1.323529e-01 5.147059e-01 3.714565e-06
1.421569e-01 5.147059e-01 4.315766e-05
1.519608e-01 5.147059e-01 1.041153e-04
1.617647e-01 5.147059e-01 1.877395e-04
1.715686e-01 5.147059e-01 2.927669e-04
1.813725e-01 5.147059e-01 4.151885e-04
1.911765e-01 5.147059e-01 5.486837e-04
2.009804e-01 5.147059e-01 6.851644e-04
2.107843e-01 5.147059e-01 8.157212e-04
2.205882e-01 5.147059e-01 9.317215e-04
2.303922e-01 5.147059e-01 1.025591e-03
2.401961e-01 5.147059e-01 1.091731e-03
2.500000e-01 5.147059e-01 1.126938e-03
2.598039e-01 5.147059e-01 1.130530e-03
2.696078e-01 5.147059e-01 1.104290e-03
2.794118e-01 5.147059e-01 1.051880e-03
2.892157e-01 5.147059e-01 9.783710e-04
2.990196e-01 5.147059e-01 8.896288e-04
3.088235e-01 5.147059e-01 7.916044e-04
3.186275e-01 5.147059e-01 6.899407e-04
3.284314e-01 5.147059e-01 5.894844e-04
3.382353e-01 5.147059e-01 4.940516e-04
3.480392e-01 5.147059e-01 4.064625e-04
3.578431e-01 5.147059e-01 3.284504e-04
3.676471e-01 5.147059e-01 2.608254e-04
3.774510e-01 5.147059e-01 2.036766e-04
3.872549e-01 5.147059e-01 1.564500e-04
3.970588e-01 5.147059e-01 1.182501e-04
4.068627e-01 5.147059e-01 8.800390e-05
4.166667e-01 5.147059e-01 6.449808e-05
4.264706e-01 5.147059e-01 4.657734e-05
4.362745e-01 5.147059e-01 3.316812e-05
4.460784e-01 5.147059e-01 2.326973e-05
4.558824e-01 5.147059e-01 1.609046e-05
4.656863e-01 5.147059e-01 1.098497e-05
4.754902e-01 5.147059e-01 7.393074e-06
4.852941e-01 5.147059e-01 4.917839e-06
4.950980e-01 5.147059e-01 3.243406e-06
5.049020e-01 5.147059e-01 2.096235e-06
5.147059e-01 5.147059e-01 1.330021e-06
5.245098e-01 5.147059e-01 8.422638e-07
5.343137e-01 5.147059e-01 5.213438e-07
5.441176e-01 5.147059e-01 3.235698e-07
5.539216e-01 5.147059e-01 2.139594e-07
5.637255e-01 5.147059e-01 1.285746e-07
5.735294e-01 5.147059e-01 6.455389e-08
5.833333e-01 5.147059e-01 3.737696e-08
5.931373e-01 5.147059e-01 1.763639e-08
6.029412e-01 5.147059e-01 5.658808e-09
6.127451e-01 5.147059e-01 1.743092e-08
6.225490e-01 5.147059e-01 2.015089e-08
6.323529e-01 5.147059e-01 3.275686e-09
6.421569e-01 5.147059e-01 -2.156911e-09
6.519608e-01 5.147059e-01 -3.334902e-09
6.617647e-01 5.147059e-01 -1.356959e-08
6.715686e-01 5.147059e-01 -7.146170e-09
6.813725e-01 5.147059e-01 1.212231e-08
6.911765e-01 5.147059e-01 1.199315e-08
7.009804e-01 5.147059e-01 3.982013e-09
7.107843e-01 5.147059e-01 5.762030e-09
7.205882e-01 5.147059e-01 -2.464486e-09
7.303922e-01 5.147059e-01 -1.812735e-08
7.401961e-01 5.147059e-01 -1.277784e-08
7.500000e-01 5.147059e-01 2.296374e-09
7.598039e-01 5.147059e-01 3.658177e-09
7.696078e-01 5.147059e-01 6.603522e-09
7.794118e-01 5.147059e-01 1.805220e-08
7.892157e-01 5.147059e-01 1.320690e-08
7.990196e-01 5.147059e-01 -5.805458e-09
8.088235e-01 5.147059e-01 -1.158579e-08
8.186275e-01 5.147059e-01 -9.102512e-09
8.284314e-01 5.147059e-01 -1.548349e-08
8.382353e-01 5.147059e-01 -1.459414e-08
8.480392e-01 5.147059e-01 4.669287e-09
8.578431e-01 5.147059e-01 1.750338e-08
8.676471e-01 5.147059e-01 9.613521e-09
8.774510e-01 5.147059e-01 2.348138e-09
8.872549e-01 5.147059e-01 1.448207e-09
8.970588e-01 5.147059e-01 -1.912744e-09
9.068627e-01 5.147059e-01 1.403712e-10
9.166667e-01 5.147059e-01 3.672143e-08
9.264706e-01 5.147059e-01 7.692730e-08
9.362745e-01 5.147059e-01 8.031049e-08
9.460784e-01 5.147059e-01 -2.703049e-09
9.558824e-01 5.147059e-01 -1.442113e-07
9.656863e-01 5.147059e-01 -3.503278e-07
9.754902e-01 5.147059e-01 -4.896893e-07
9.852941e-01 5.147059e-01 -4.447500e-07
9.950980e-01 5.147059e-01 1.377039e-08
4.901961e-03 5.245098e-01 -2.816782e-07
1.470588e-02 5.245098e-01 8.707152e-09
2.450980e-02 5.245098e-01 5.372556e-07
3.431373e-02 5.245098e-01 1.230431e-06
4.411765e-02 5.245098e-01 1.760209e-06
5.392157e-02 5.245098e-01 1.737851e-06
6.372549e-02 5.245098e-01 6.301811e-07
7.352941e-02 5.245098e-01 -1.903463e-06
8.333333e-02 5.245098e-01 -5.837042e-06
9.313725e-02 5.245098e-01 -1.051923e-05
1.029412e-01 5.245098e-01 -1.450354e-05
1.127451e-01 5.245098e-01 -1.562282e-05
1.225490e-01 5.245098e-01 -1.102060e-05
1.323529e-01 5.245098e-01 2.352036e-06
1.421569e-01 5.245098e-01 2.733183e-05
1.519608e-01 5.245098e-01 6.593710e-05
1.617647e-01 5.245098e-01 1.188974e-04
1.715686e-01 5.245098e-01 1.854127e-04
1.813725e-01 5.245098e-01 2.629439e-04
1.911765e-01 5.245098e-01 3.474881e-04
2.009804e-01 5.245098e-01 4.339229e-04
2.107843e-01 5.245098e-01 5.166058e-04
2.205882e-01 5.245098e-01 5.900698e-04
2.303922e-01 5.245098e-01 6.495178e-04
2.401961e-01 5.245098e-01 6.914047e-04
2.500000e-01 5.245098e-01 7.137004e-04
2.598039e-01 5.245098e-01 7.159743e-04
2.696078e-01 5.245098e-01 6.993554e-04
2.794118e-01 5.245098e-01 6.661629e-04
2.892157e-01 5.245098e-01 6.196083e-04
2.990196e-01 5.245098e-01 5.634065e-04
3.088235e-01 5.245098e-01 5.013263e-04
3.186275e-01 5.245098e-01 4.369415e-04
3.284314e-01 5.245098e-01 3.733216e-04
3.382353e-01 5.245098e-01 3.128832e-04
3.480392e-01 5.245098e-01 2.574125e-04
3.578431e-01 5.245098e-01 2.080070e-04
3.676471e-01 5.245098e-01 1.651799e-04
3.774510e-01 5.245098e-01 1.289875e-04
3.872549e-01 5.245098e-01 9.907887e-05
3.970588e-01 5.245098e-01 7.488689e-05
4.068627e-01 5.245098e-01 5.573209e-05
4.166667e-01 5.245098e-01 4.084596e-05
4.264706e-01 5.245098e-01 2.949687e-05
4.362745e-01 5.245098e-01 2.100492e-05
4.460784e-01 5.245098e-01 1.473636e-05
4.558824e-01 5.245098e-01 1.018982e-05
4.656863e-01 5.245098e-01 6.956575e-06
4.754902e-01 5.245098e-01 4.681881e-06
4.852941e-01 5.245098e-01 3.114356e-06
4.950980e-01 5.245098e-01 2.053971e-06
5.049020e-01 5.245098e-01 1.327491e-06
5.147059e-01 5.245098e-01 8.422638e-07
5.245098e-01 5.245098e-01 5.333797e-07
5.343137e-01 5.245098e-01 3.301495e-07
5.441176e-01 5.245098e-01 2.049050e-07
5.539216e-01 5.245098e-01 1.354939e-07
5.637255e-01 5.245098e-01 8.142233e-08
5.735294e-01 5.245098e-01 4.087870e-08
5.833333e-01 5.245098e-01 2.366872e-08
5.931373e-01 5.245098e-01 1.116775e-08
6.029412e-01 5.245098e-01 3.582397e-09
6.127451e-01 5.245098e-01 1.103885e-08
6.225490e-01 5.245098e-01 1.276229e-08
6.323529e-01 5.245098e-01 2.074470e-09
6.421569e-01 5.245098e-01 -1.366323e-09
6.519608e-01 5.245098e-01 -2.112049e-09
6.617647e-01 5.245098e-01 -8.594253e-09
6.715686e-01 5.245098e-01 -4.526336e-09
6.813725e-01 5.245098e-01 7.677595e-09
6.911765e-01 5.245098e-01 7.595991e-09
7.009804e-01 5.245098e-01 2.521823e-09
7.107843e-01 5.245098e-01 3.649294e-09
7.205882e-01 5.245098e-01 -1.560565e-09
7.303922e-01 5.245098e-01 -1.148084e-08
7.401961e-01 5.245098e-01 -8.092996e-09
7.500000e-01 5.245098e-01 1.454550e-09
7.598039e-01 5.245098e-01 2.317020e-09
7.696078e-01 5.245098e-01 4.181974e-09
7.794118e-01 5.245098e-01 1.143308e-08
7.892157e-01 5.245098e-01 8.364719e-09
7.990196e-01 5.245098e-01 -3.676888e-09
8.088235e-01 5.245098e-01 -7.337976e-09
8.186275e-01 5.245098e-01 -5.764742e-09
8.284314e-01 5.245098e-01 -9.805993e-09
8.382353e-01 5.245098e-01 -9.243243e-09
8.480392e-01 5.245098e-01 2.957110e-09
8.578431e-01 5.245098e-01 1.108591e-08
8.676471e-01 5.245098e-01 6.088823e-09
8.774510e-01 5.245098e-01 1.486932e-09
8.872549e-01 5.245098e-01 9.171490e-10
8.970588e-01 5.245098e-01 -1.211584e-09
9.068627e-01 5.245098e-01 8.789714e-11
9.166667e-01 5.245098e-01 2.325530e-08
9.264706e-01 5.245098e-01 4.872011e-08
9.362745e-01 5.245098e-01 5.086424e-08
9.460784e-01 5.245098e-01 -1.709040e-09
9.558824e-01 5.245098e-01 -9.132921e-08
9.656863e-01 5.245098e-01 -2.218681e-07
9.754902e-01 5.245098e-01 -3.101330e-07
9.852941e-01 5.245098e-01 -2.816782e-07
9.950980e-01 5.245098e-01 8.707152e-09
4.901961e-03 5.343137e-01 -1.743684e-07
1.470588e-02 5.343137e-01 5.365429e-09
2.450980e-02 5.343137e-01 3.325271e-07
3.431373e-02 5.343137e-01 7.616055e-07
4.411765e-02 5.343137e-01 1.089557e-06
5.392157e-02 5.343137e-01 1.075759e-06
6.372549e-02 5.343137e-01 3.901661e-07
7.352941e-02 5.343137e-01 -1.178107e-06
8.333333e-02 5.343137e-01 -3.612967e-06
9.313725e-02 5.343137e-01 -6.511269e-06
1.029412e-01 5.343137e-01 -8.977648e-06
1.127451e-01 5.343137e-01 -9.670640e-06
1.225490e-01 5.343137e-01 -6.822070e-06
1.323529e-01 5.343137e-01 1.455378e-06
1.421569e-01 5.343137e-01 1.691772e-05
1.519608e-01 5.343137e-01 4.081435e-05
1.617647e-01 5.343137e-01 7.359696e-05
1.715686e-01 5.343137e-01 1.147703e-04
1.813725e-01 5.343137e-01 1.627627e-04
1.911765e-01 5.343137e-01 2.150965e-04
2.009804e-01 5.343137e-01 2.686006e-04
2.107843e-01 5.343137e-01 3.197824e-04
2.205882e-01 5.343137e-01 3.652577e-04
2.303922e-01 5.343137e-01 4.020570e-04
2.401961e-01 5.343137e-01 4.279857e-04
2.500000e-01 5.343137e-01 4.417873e-04
2.598039e-01 5.343137e-01 4.431950e-04
2.696078e-01 5.343137e-01 4.329079e-04
2.794118e-01 5.343137e-01 4.123614e-04
2.892157e-01 5.343137e-01 3.835436e-04
2.990196e-01 5.343137e-01 3.487540e-04
3.088235e-01 5.343137e-01 3.103256e-04
3.186275e-01 5.343137e-01 2.704706e-04
3.284314e-01 5.343137e-01 2.310891e-04
3.382353e-01 5.343137e-01 1.936770e-04
3.480392e-01 5.343137e-01 1.593401e-04
3.578431e-01 5.343137e-01 1.287576e-04
3.676471e-01 5.343137e-01 1.022472e-04
3.774510e-01 5.343137e-01 7.984375e-05
3.872549e-01 5.343137e-01 6.133009e-05
3.970588e-01 5.343137e-01 4.635509e-05
4.068627e-01 5.343137e-01 3.449817e-05
4.166667e-01 5.343137e-01 2.528360e-05
4.264706e-01 5.343137e-01 1.825848e-05
4.362745e-01 5.343137e-01 1.300195e-05
4.460784e-01 5.343137e-01 9.121718e-06
4.558824e-01 5.343137e-01 6.307415e-06
4.656863e-01 5.343137e-01 4.306051e-06
4.754902e-01 5.343137e-01 2.898028e-06
4.852941e-01 5.343137e-01 1.927742e-06
4.950980e-01 5.343137e-01 1.271375e-06
5.049020e-01 5.343137e-01 8.216937e-07
5.147059e-01 5.343137e-01 5.213438e-07
5.245098e-01 5.343137e-01 3.301495e-07
5.343137e-01 5.343137e-01 2.043538e-07
5.441176e-01 5.343137e-01 1.268294e-07
5.539216e-01 5.343137e-01 8.386684e-08
5.637255e-01 5.343137e-01 5.039902e-08
5.735294e-01 5.343137e-01 2.530249e-08
5.833333e-01 5.343137e-01 1.464968e-08
5.931373e-01 5.343137e-01 6.912226e-09
6.029412e-01 5.343137e-01 2.216251e-09
6.127451e-01 5.343137e-01 6.832102e-09
6.225490e-01 5.343137e-01 7.900564e-09
6.323529e-01 5.343137e-01 1.284701e-09
6.421569e-01 5.343137e-01 -8.459374e-10
6.519608e-01 5.343137e-01 -1.307078e-09
6.617647e-01 5.343137e-01 -5.319977e-09
6.715686e-01 5.343137e-01 -2.803003e-09
6.813725e-01 5.343137e-01 4.752131e-09
6.911765e-01 5.343137e-01 4.702708e-09
7.009804e-01 5.343137e-01 1.561155e-09
7.107843e-01 5.343137e-01 2.259018e-09
7.205882e-01 5.343137e-01 -9.651517e-10
7.303922e-01 5.343137e-01 -7.106720e-09
7.401961e-01 5.343137e-01 -5.010709e-09
7.500000e-01 5.343137e-01 9.000979e-10
7.598039e-01 5.343137e-01 1.434538e-09
7.696078e-01 5.343137e-01 2.588209e-09
7.794118e-01 5.343137e-01 7.077066e-09
7.892157e-01 5.343137e-01 5.178914e-09
7.990196e-01 5.343137e-01 -2.275472e-09
8.088235e-01 5.343137e-01 -4.542774e-09
8.186275e-01 5.343137e-01 -3.568415e-09
8.284314e-01 5.343137e-01 -6.069686e-09
8.382353e-01 5.343137e-01 -5.722493e-09
8.480392e-01 5.343137e-01 1.829458e-09
8.578431e-01 5.343137e-01 6.862708e-09
8.676471e-01 5.343137e-01 3.769949e-09
8.774510e-01 5.343137e-01 9.205717e-10
8.872549e-01 5.343137e-01 5.680032e-10
8.970588e-01 5.343137e-01 -7.494532e-10
9.068627e-01 5.343137e-01 5.330335e-11
9.166667e-01 5.343137e-01 1.439227e-08
9.264706e-01 5.343137e-01 3.015626e-08
9.362745e-01 5.343137e-01 3.148672e-08
9.460784e-01 5.343137e-01 -1.053333e-09
9.558824e-01 5.343137e-01 -5.652595e-08
9.656863e-01 5.343137e-01 -1.373289e-07
9.754902e-01 5.343137e-01 -1.919696e-07
9.852941e-01 5.343137e-01 -1.743684e-07
9.950980e-01 5.343137e-01 5.365429e-09
4.901961e-03 5.441176e-01 -1.082720e-07
1.470588e-02 5.441176e-01 3.294814e-09
2.450980e-02 5.441176e-01 2.063957e-07
3.431373e-02 5.441176e-01 4.727822e-07
4.411765e-02 5.441176e-01 6.764150e-07
5.392157e-02 5.441176e-01 6.679168e-07
6.372549e-02 5.441176e-01 2.423894e-07
7.352941e-02 5.441176e-01 -7.311047e-07
8.333333e-02 5.441176e-01 -2.242604e-06
9.313725e-02 5.441176e-01 -4.041876e-06
1.029412e-01 5.441176e-01 -5.573133e-06
1.127451e-01 5.441176e-01 -6.003665e-06
1.225490e-01 5.441176e-01 -4.235858e-06
1.323529e-01 5.441176e-01 9.018614e-07
1.421569e-01 5.441176e-01 1.049956e-05
1.519608e-01 5.441176e-01 2.533282e-05
1.617647e-01 5.441176e-01 4.568202e-05
1.715686e-01 5.441176e-01 7.123973e-05
1.813725e-01 5.441176e-01 1.010303e-04
1.911765e-01 5.441176e-01 1.335157e-04
2.009804e-01 5.441176e-01 1.667276e-04
2.107843e-01 5.441176e-01 1.984978e-04
2.205882e-01 5.441176e-01 2.267255e-04
2.303922e-01 5.441176e-01 2.495677e-04
2.401961e-01 5.441176e-01 2.656620e-04
2.500000e-01 5.441176e-01 2.742284e-04
2.598039e-01 5.441176e-01 2.751015e-04
2.696078e-01 5.441176e-01 2.687153e-04
2.794118e-01 5.441176e-01 2.559608e-04
2.892157e-01 5.441176e-01 2.380723e-04
2.990196e-01 5.441176e-01 2.164769e-04
3.088235e-01 5.441176e-01 1.926231e-04
3.186275e-01 5.441176e-01 1.678839e-04
3.284314e-01 5.441176e-01 1.434388e-04
3.382353e-01 5.441176e-01 1.202163e-04
3.480392e-01 5.441176e-01 9.890276e-05
3.578431e-01 5.441176e-01 7.991976e-05
3.676471e-01 5.441176e-01 6.346446e-05
3.774510e-01 5.441176e-01 4.955850e-05
3.872549e-01 5.441176e-01 3.806701e-05
3.970588e-01 5.441176e-01 2.877203e-05
4.068627e-01 5.441176e-01 2.141247e-05
4.166667e-01 5.441176e-01 1.569305e-05
4.264706e-01 5.441176e-01 1.133263e-05
4.362745e-01 5.441176e-01 8.069983e-06
4.460784e-01 5.441176e-01 5.661590e-06
4.558824e-01 5.441176e-01 3.914811e-06
4.656863e-01 5.441176e-01 2.672614e-06
4.754902e-01 5.441176e-01 1.798694e-06
4.852941e-01 5.441176e-01 1.196469e-06
4.950980e-01 5.441176e-01 7.890871e-07
5.049020e-01 5.441176e-01 5.099856e-07
5.147059e-01 5.441176e-01 3.235698e-07
5.245098e-01 5.441176e-01 2.049050e-07
5.343137e-01 5.441176e-01 1.268294e-07
5.441176e-01 5.441176e-01 7.871492e-08
5.539216e-01 5.441176e-01 5.205271e-08
5.637255e-01 5.441176e-01 3.128001e-08
5.735294e-01 5.441176e-01 1.570227e-08
5.833333e-01 5.441176e-01 9.091479e-09
5.931373e-01 5.441176e-01 4.289026e-09
6.029412e-01 5.441176e-01 1.374336e-09
6.127451e-01 5.441176e-01 4.241582e-09
6.225490e-01 5.441176e-01 4.905147e-09
6.323529e-01 5.441176e-01 7.969339e-10
6.421569e-01 5.441176e-01 -5.254584e-10
6.519608e-01 5.441176e-01 -8.114649e-10
6.617647e-01 5.441176e-01 -3.303480e-09
6.715686e-01 5.441176e-01 -1.740346e-09
6.813725e-01 5.441176e-01 2.951085e-09
6.911765e-01 5.441176e-01 2.919729e-09
7.009804e-01 5.441176e-01 9.688424e-10
7.107843e-01 5.441176e-01 1.402784e-09
7.205882e-01 5.441176e-01 -5.991674e-10
7.303922e-01 5.441176e-01 -4.412847e-09
7.401961e-01 5.441176e-01 -3.110831e-09
7.500000e-01 5.441176e-01 5.594739e-10
7.598039e-01 5.441176e-01 8.904614e-10
7.696078e-01 5.441176e-01 1.606522e-09
7.794118e-01 5.441176e-01 4.394203e-09
7.892157e-01 5.441176e-01 3.215407e-09
7.990196e-01 5.441176e-01 -1.413418e-09
8.088235e-01 5.441176e-01 -2.820415e-09
8.186275e-01 5.441176e-01 -2.214800e-09
8.284314e-01 5.441176e-01 -3.768414e-09
8.382353e-01 5.441176e-01 -3.553137e-09
8.480392e-01 5.441176e-01 1.136447e-09
8.578431e-01 5.441176e-01 4.261417e-09
8.676471e-01 5.441176e-01 2.340264e-09
8.774510e-01 5.441176e-01 5.710031e-10
8.872549e-01 5.441176e-01 3.524425e-10
8.970588e-01 5.441176e-01 -4.666641e-10
9.068627e-01 5.441176e-01 3.055168e-11
9.166667e-01 5.441176e-01 8.933675e-09
9.264706e-01 5.441176e-01 1.872361e-08
9.362745e-01 5.441176e-01 1.955205e-08
9.460784e-01 5.441176e-01 -6.468570e-10
9.558824e-01 5.441176e-01 -3.508434e-08
9.656863e-01 5.441176e-01 -8.525112e-08
9.754902e-01 5.441176e-01 -1.191843e-07
9.852941e-01 5.441176e-01 -1.082720e-07
9.950980e-01 5.441176e-01 3.294814e-09
4.901961e-03 5.539216e-01 -7.158053e-08
1.470588e-02 5.539216e-01 2.238851e-09
2.450980e-02 5.539216e-01 1.365834e-07
3.431373e-02 5.539216e-01 3.127516e-07
4.411765e-02 5.539216e-01 4.473733e-07
5.392157e-02 5.539216e-01 4.416487e-07
6.372549e-02 5.539216e-01 1.600822e-07
7.352941e-02 5.539216e-01 -4.838775e-07
8.333333e-02 5.539216e-01 -1.483580e-06
9.313725e-02 5.539216e-01 -2.673467e-06
1.029412e-01 5.539216e-01 -3.685921e-06
1.127451e-01 5.539216e-01 -3.970209e-06
1.225490e-01 5.539216e-01 -2.800464e-06
1.323529e-01 5.539216e-01 5.980314e-07
1.421569e-01 5.539216e-01 6.946032e-06
1.519608e-01 5.539216e-01 1.675627e-05
1.617647e-01 5.539216e-01 3.021400e-05
1.715686e-01 5.539216e-01 4.711573e-05
1.813725e-01 5.539216e-01 6.681616e-05
1.911765e-01 5.539216e-01 8.829805e-05
2.009804e-01 5.539216e-01 1.102597e-04
2.107843e-01 5.539216e-01 1.312676e-04
2.205882e-01 5.539216e-01 1.499324e-04
2.303922e-01 5.539216e-01 1.650355e-04
2.401961e-01 5.539216e-01 1.756763e-04
2.500000e-01 5.539216e-01 1.813392e-04
2.598039e-01 5.539216e-01 1.819148e-04
2.696078e-01 5.539216e-01 1.776903e-04
2.794118e-01 5.539216e-01 1.692550e-04
2.892157e-01 5.539216e-01 1.574250e-04
2.990196e-01 5.539216e-01 1.431443e-04
3.088235e-01 5.539216e-01 1.273704e-04
3.186275e-01 5.539216e-01 1.110113e-04
3.284314e-01 5.539216e-01 9.484686e-05
3.382353e-01 5.539216e-01 7.949104e-05
3.480392e-01 5.539216e-01 6.539761e-05
3.578431e-01 5.539216e-01 5.284533e-05
3.676471e-01 5.539216e-01 4.196452e-05
3.774510e-01 5.539216e-01 3.276946e-05
3.872549e-01 5.539216e-01 2.517095e-05
3.970588e-01 5.539216e-01 1.902484e-05
4.068627e-01 5.539216e-01 1.415851e-05
4.166667e-01 5.539216e-01 1.037668e-05
4.264706e-01 5.539216e-01 7.493461e-06
4.362745e-01 5.539216e-01 5.336111e-06
4.460784e-01 5.539216e-01 3.743616e-06
4.558824e-01 5.539216e-01 2.588599e-06
4.656863e-01 5.539216e-01 1.767224e-06
4.754902e-01 5.539216e-01 1.189362e-06
4.852941e-01 5.539216e-01 7.911535e-07
4.950980e-01 5.539216e-01 5.217772e-07
5.049020e-01 5.539216e-01 3.372233e-07
5.147059e-01 5.539216e-01 2.139594e-07
5.245098e-01 5.539216e-01 1.354939e-07
5.343137e-01 5.539216e-01 8.386684e-08
5.441176e-01 5.539216e-01 5.205271e-08
5.539216e-01 5.539216e-01 3.442093e-08
5.637255e-01 5.539216e-01 2.068255e-08
5.735294e-01 5.539216e-01 1.038284e-08
5.833333e-01 5.539216e-01 6.012198e-09
5.931373e-01 5.539216e-01 2.836062e-09
6.029412e-01 5.539216e-01 9.102951e-10
6.127451e-01 5.539216e-01 2.806386e-09
6.225490e-01 5.539216e-01 3.242476e-09
6.323529e-01 5.539216e-01 5.257319e-10
6.421569e-01 5.539216e-01 -3.474413e-10
6.519608e-01 5.539216e-01 -5.373232e-10
6.617647e-01 5.539216e-01 -2.184510e-09
6.715686e-01 5.539216e-01 -1.148748e-09
6.813725e-01 5.539216e-01 1.952352e-09
6.911765e-01 5.539216e-01 1.929665e-09
7.009804e-01 5.539216e-01 6.404414e-10
7.107843e-01 5.539216e-01 9.273437e-10
7.205882e-01 5.539216e-01 -3.979139e-10
7.303922e-01 5.539216e-01 -2.918352e-09
7.401961e-01 5.539216e-01 -2.055297e-09
7.500000e-01 5.539216e-01 3.706348e-10
7.598039e-01 5.539216e-01 5.886301e-10
7.696078e-01 5.539216e-01 1.063385e-09
7.794118e-01 5.539216e-01 2.906060e-09
7.892157e-01 5.539216e-01 2.124323e-09
7.990196e-01 5.539216e-01 -9.358823e-10
8.088235e-01 5.539216e-01 -1.864535e-09
8.186275e-01 5.539216e-01 -1.464820e-09
8.284314e-01 5.539216e-01 -2.492494e-09
8.382353e-01 5.539216e-01 -2.347977e-09
8.480392e-01 5.539216e-01 7.535428e-10
8.578431e-01 5.539216e-01 2.817490e-09
8.676471e-01 5.539216e-01 1.546072e-09
8.774510e-01 5.539216e-01 3.771676e-10
8.872549e-01 5.539216e-01 2.324168e-10
8.970588e-01 5.539216e-01 -3.093778e-10
9.068627e-01 5.539216e-01 2.278739e-11
9.166667e-01 5.539216e-01 5.913707e-09
9.264706e-01 5.539216e-01 1.238558e-08
9.362745e-01 5.539216e-01 1.292639e-08
9.460784e-01 5.539216e-01 -4.387317e-10
9.558824e-01 5.539216e-01 -2.321954e-08
9.656863e-01 5.539216e-01 -5.639745e-08
9.754902e-01 5.539216e-01 -7.882687e-08
9.852941e-01 5.539216e-01 -7.158053e-08
9.950980e-01 5.539216e-01 2.238851e-09
4.901961e-03 5.637255e-01 -4.296203e-08
1.470588e-02 5.637255e-01 1.383586e-09
2.450980e-02 5.637255e-01 8.206756e-08
3.431373e-02 5.637255e-01 1.878532e-07
4.411765e-02 5.637255e-01 2.686587e-07
5.392157e-02 5.637255e-01 2.651453e-07
6.372549e-02 5.637255e-01 9.594450e-08
7.352941e-02 5.637255e-01 -2.909051e-07
8.333333e-02 5.637255e-01 -8.913796e-07
9.313725e-02 5.637255e-01 -1.606002e-06
1.029412e-01 5.637255e-01 -2.213920e-06
1.127451e-01 5.637255e-01 -2.384292e-06
1.225490e-01 5.637255e-01 -1.681080e-06
1.323529e-01 5.637255e-01 3.610882e-07
1.421569e-01 5.637255e-01 4.175177e-06
1.519608e-01 5.637255e-01 1.006920e-05
1.617647e-01 5.637255e-01 1.815442e-05
1.715686e-01 5.637255e-01 2.830864e-05
1.813725e-01 5.637255e-01 4.014418e-05
1.911765e-01 5.637255e-01 5.304999e-05
2.009804e-01 5.637255e-01 6.624412e-05
2.107843e-01 5.637255e-01 7.886527e-05
2.205882e-01 5.637255e-01 9.007896e-05
2.303922e-01 5.637255e-01 9.915299e-05
2.401961e-01 5.637255e-01 1.055463e-04
2.500000e-01 5.637255e-01 1.089489e-04
2.598039e-01 5.637255e-01 1.092953e-04
2.696078e-01 5.637255e-01 1.067579e-04
2.794118e-01 5.637255e-01 1.016905e-04
2.892157e-01 5.637255e-01 9.458360e-05
2.990196e-01 5.637255e-01 8.600413e-05
3.088235e-01 5.637255e-01 7.652742e-05
3.186275e-01 5.637255e-01 6.669900e-05
3.284314e-01 5.637255e-01 5.698737e-05
3.382353e-01 5.637255e-01 4.776145e-05
3.480392e-01 5.637255e-01 3.929388e-05
3.578431e-01 5.637255e-01 3.175216e-05
3.676471e-01 5.637255e-01 2.521463e-05
3.774510e-01 5.637255e-01 1.968989e-05
3.872549e-01 5.637255e-01 1.512437e-05
3.970588e-01 5.637255e-01 1.143148e-05
4.068627e-01 5.637255e-01 8.507510e-06
4.166667e-01 5.637255e-01 6.235150e-06
4.264706e-01 5.637255e-01 4.502714e-06
4.362745e-01 5.637255e-01 3.206416e-06
4.460784e-01 5.637255e-01 2.249520e-06
4.558824e-01 5.637255e-01 1.555489e-06
4.656863e-01 5.637255e-01 1.061932e-06
4.754902e-01 5.637255e-01 7.146983e-07
4.852941e-01 5.637255e-01 4.754133e-07
4.950980e-01 5.637255e-01 3.135422e-07
5.049020e-01 5.637255e-01 2.026443e-07
5.147059e-01 5.637255e-01 1.285746e-07
5.245098e-01 5.637255e-01 8.142233e-08
5.343137e-01 5.637255e-01 5.039902e-08
5.441176e-01 5.637255e-01 3.128001e-08
5.539216e-01 5.637255e-01 2.068255e-08
5.637255e-01 5.637255e-01 1.242856e-08
5.735294e-01 5.637255e-01 6.240793e-09
5.833333e-01 5.637255e-01 3.613332e-09
5.931373e-01 5.637255e-01 1.705186e-09
6.029412e-01 5.637255e-01 5.478586e-10
6.127451e-01 5.637255e-01 1.684698e-09
6.225490e-01 5.637255e-01 1.946961e-09
6.323529e-01 5.637255e-01 3.166636e-10
6.421569e-01 5.637255e-01 -2.084315e-10
6.519608e-01 5.637255e-01 -3.226039e-10
6.617647e-01 5.637255e-01 -1.310982e-09
6.715686e-01 5.637255e-01 -6.900519e-10
6.813725e-01 5.637255e-01 1.171264e-09
6.911765e-01 5.637255e-01 1.158890e-09
7.009804e-01 5.637255e-01 3.850833e-10
7.107843e-01 5.637255e-01 5.564545e-10
7.205882e-01 5.637255e-01 -2.386991e-10
7.303922e-01 5.637255e-01 -1.751509e-09
7.401961e-01 5.637255e-01 -1.234576e-09
7.500000e-01 5.637255e-01 2.216682e-10
7.598039e-01 5.637255e-01 3.538253e-10
7.696078e-01 5.637255e-01 6.388145e-10
7.794118e-01 5.637255e-01 1.744356e-09
7.892157e-01 5.637255e-01 1.275813e-09
7.990196e-01 5.637255e-01 -5.609192e-10
8.088235e-01 5.637255e-01 -1.119761e-09
8.186275e-01 5.637255e-01 -8.803767e-10
8.284314e-01 5.637255e-01 -1.496378e-09
8.382353e-01 5.637255e-01 -1.409674e-09
8.480392e-01 5.637255e-01 4.513374e-10
8.578431e-01 5.637255e-01 1.691063e-09
8.676471e-01 5.637255e-01 9.290717e-10
8.774510e-01 5.637255e-01 2.271329e-10
8.872549e-01 5.637255e-01 1.398533e-10
8.970588e-01 5.637255e-01 -1.838444e-10
9.068627e-01 5.637255e-01 1.656139e-11
9.166667e-01 5.637255e-01 3.552040e-09
9.264706e-01 5.637255e-01 7.434794e-09
9.362745e-01 5.637255e-01 7.757433e-09
9.460784e-01 5.637255e-01 -2.710999e-10
9.558824e-01 5.637255e-01 -1.395224e-08
9.656863e-01 5.637255e-01 -3.387253e-08
9.754902e-01 5.637255e-01 -4.732905e-08
9.852941e-01 5.637255e-01 -4.296203e-08
9.950980e-01 5.637255e-01 1.383586e-09
4.901961e-03 5.735294e-01 -2.158095e-08
1.470588e-02 5.735294e-01 6.551794e-10
2.450980e-02 5.735294e-01 4.113899e-08
3.431373e-02 5.735294e-01 9.424328e-08
4.411765e-02 5.735294e-01 1.348373e-07
5.392157e-02 5.735294e-01 1.331415e-07
6.372549e-02 5.735294e-01 4.830231e-08
7.352941e-02 5.735294e-01 -1.457928e-07
8.333333e-02 5.735294e-01 -4.471659e-07
9.313725e-02 5.735294e-01 -8.059267e-07
1.029412e-01 5.735294e-01 -1.111242e-06
1.127451e-01 5.735294e-01 -1.197048e-06
1.225490e-01 5.735294e-01 -8.444346e-07
1.323529e-01 5.735294e-01 1.802780e-07
1.421569e-01 5.735294e-01 2.094539e-06
1.519608e-01 5.735294e-01 5.053096e-06
1.617647e-01 5.735294e-01 9.111932e-06
1.715686e-01 5.735294e-01 1.420980e-05
1.813725e-01 5.735294e-01 2.015216e-05
1.911765e-01 5.735294e-01 2.663225e-05
2.009804e-01 5.735294e-01 3.325749e-05
2.107843e-01 5.735294e-01 3.959538e-05
2.205882e-01 5.735294e-01 4.522685e-05
2.303922e-01 5.735294e-01 4.978415e-05
2.401961e-01 5.735294e-01 5.299550e-05
2.500000e-01 5.735294e-01 5.470521e-05
2.598039e-01 5.735294e-01 5.488019e-05
2.696078e-01 5.735294e-01 5.360694e-05
2.794118e-01 5.735294e-01 5.106318e-05
2.892157e-01 5.735294e-01 4.749507e-05
2.990196e-01 5.735294e-01 4.318734e-05
3.088235e-01 5.735294e-01 3.842889e-05
3.186275e-01 5.735294e-01 3.349368e-05
3.284314e-01 5.735294e-01 2.861702e-05
3.382353e-01 5.735294e-01 2.398417e-05
3.480392e-01 5.735294e-01 1.973207e-05
3.578431e-01 5.735294e-01 1.594488e-05
3.676471e-01 5.735294e-01 1.266193e-05
3.774510e-01 5.735294e-01 9.887562e-06
3.872549e-01 5.735294e-01 7.594887e-06
3.970588e-01 5.735294e-01 5.740425e-06
4.068627e-01 5.735294e-01 4.272096e-06
4.166667e-01 5.735294e-01 3.130990e-06
4.264706e-01 5.735294e-01 2.261020e-06
4.362745e-01 5.735294e-01 1.610072e-06
4.460784e-01 5.735294e-01 1.129563e-06
4.558824e-01 5.735294e-01 7.810542e-07
4.656863e-01 5.735294e-01 5.332171e-07
4.754902e-01 5.735294e-01 3.588579e-07
4.852941e-01 5.735294e-01 2.387048e-07
4.950980e-01 5.735294e-01 1.574273e-07
5.049020e-01 5.735294e-01 1.017457e-07
5.147059e-01 5.735294e-01 6.455389e-08
5.245098e-01 5.735294e-01 4.087870e-08
5.343137e-01 5.735294e-01 2.530249e-08
5.441176e-01 5.735294e-01 1.570227e-08
5.539216e-01 5.735294e-01 1.038284e-08
5.637255e-01 5.735294e-01 6.240793e-09
5.735294e-01 5.735294e-01 3.133292e-09
5.833333e-01 5.735294e-01 1.813578e-09
5.931373e-01 5.735294e-01 8.560383e-10
6.029412e-01 5.735294e-01 2.738079e-10
6.127451e-01 5.735294e-01 8.445300e-10
6.225490e-01 5.735294e-01 9.783735e-10
6.323529e-01 5.735294e-01 1.599803e-10
6.421569e-01 5.735294e-01 -1.047252e-10
6.519608e-01 5.735294e-01 -1.614641e-10
6.617647e-01 5.735294e-01 -6.581725e-10
6.715686e-01 5.735294e-01 -3.480808e-10
6.813725e-01 5.735294e-01 5.873516e-10
6.911765e-01 5.735294e-01 5.827415e-10
7.009804e-01 5.735294e-01 1.935609e-10
7.107843e-01 5.735294e-01 2.795277e-10
7.205882e-01 5.735294e-01 -1.185674e-10
7.303922e-01 5.735294e-01 -8.791711e-10
7.401961e-01 5.735294e-01 -6.213010e-10
7.500000e-01 5.735294e-01 1.107435e-10
7.598039e-01 5.735294e-01 1.779094e-10
7.696078e-01 5.735294e-01 3.200134e-10
7.794118e-01 5.735294e-01 8.755421e-10
7.892157e-01 5.735294e-01 6.420551e-10
7.990196e-01 5.735294e-01 -2.806492e-10
8.088235e-01 5.735294e-01 -5.627112e-10
8.186275e-01 5.735294e-01 -4.419588e-10
8.284314e-01 5.735294e-01 -7.508508e-10
8.382353e-01 5.735294e-01 -7.089523e-10
8.480392e-01 5.735294e-01 2.249998e-10
8.578431e-01 5.735294e-01 8.494084e-10
8.676471e-01 5.735294e-01 4.676933e-10
8.774510e-01 5.735294e-01 1.143694e-10
8.872549e-01 5.735294e-01 7.067963e-11
8.970588e-01 5.735294e-01 -9.152685e-11
9.068627e-01 5.735294e-01 6.716133e-12
9.166667e-01 5.735294e-01 1.779012e-09
9.264706e-01 5.735294e-01 3.729672e-09
9.362745e-01 5.735294e-01 3.896601e-09
9.460784e-01 5.735294e-01 -1.288917e-10
9.558824e-01 5.735294e-01 -6.992441e-09
9.656863e-01 5.735294e-01 -1.699104e-08
9.754902e-01 5.735294e-01 -2.375328e-08
9.852941e-01 5.735294e-01 -2.158095e-08
9.950980e-01 5.735294e-01 6.551794e-10
4.901961e-03 5.833333e-01 -1.251137e-08
1.470588e-02 5.833333e-01 3.742591e-10
2.450980e-02 5.833333e-01 2.383685e-08
3.431373e-02 5.833333e-01 5.461486e-08
4.411765e-02 5.833333e-01 7.814660e-08
5.392157e-02 5.833333e-01 7.717438e-08
6.372549e-02 5.833333e-01 2.802265e-08
7.352941e-02 5.833333e-01 -8.444226e-08
8.333333e-02 5.833333e-01 -2.590764e-07
9.313725e-02 5.833333e-01 -4.669730e-07
1.029412e-01 5.833333e-01 -6.439165e-07
1.127451e-01 5.833333e-01 -6.936905e-07
1.225490e-01 5.833333e-01 -4.894634e-07
1.323529e-01 5.833333e-01 1.041495e-07
1.421569e-01 5.833333e-01 1.213122e-06
1.519608e-01 5.833333e-01 2.927091e-06
1.617647e-01 5.833333e-01 5.278471e-06
1.715686e-01 5.833333e-01 8.231751e-06
1.813725e-01 5.833333e-01 1.167421e-05
1.911765e-01 5.833333e-01 1.542810e-05
2.009804e-01 5.833333e-01 1.926597e-05
2.107843e-01 5.833333e-01 2.293727e-05
2.205882e-01 5.833333e-01 2.619925e-05
2.303922e-01 5.833333e-01 2.883887e-05
2.401961e-01 5.833333e-01 3.069872e-05
2.500000e-01 5.833333e-01 3.168866e-05
2.598039e-01 5.833333e-01 3.178955e-05
2.696078e-01 5.833333e-01 3.105155e-05
2.794118e-01 5.833333e-01 2.957763e-05
2.892157e-01 5.833333e-01 2.751042e-05
2.990196e-01 5.833333e-01 2.501487e-05
3.088235e-01 5.833333e-01 2.225833e-05
3.186275e-01 5.833333e-01 1.939950e-05
3.284314e-01 5.833333e-01 1.657467e-05
3.382353e-01 5.833333e-01 1.389115e-05
3.480392e-01 5.833333e-01 1.142823e-05
3.578431e-01 5.833333e-01 9.234646e-06
3.676471e-01 5.833333e-01 7.333169e-06
3.774510e-01 5.833333e-01 5.726298e-06
3.872549e-01 5.833333e-01 4.398442e-06
3.970588e-01 5.833333e-01 3.324408e-06
4.068627e-01 5.833333e-01 2.474025e-06
4.166667e-01 5.833333e-01 1.813166e-06
4.264706e-01 5.833333e-01 1.309343e-06
4.362745e-01 5.833333e-01 9.323681e-07
4.460784e-01 5.833333e-01 6.541016e-07
4.558824e-01 5.833333e-01 4.522813e-07
4.656863e-01 5.833333e-01 3.087626e-07
4.754902e-01 5.833333e-01 2.077953e-07
4.852941e-01 5.833333e-01 1.382193e-07
4.950980e-01 5.833333e-01 9.115564e-08
5.049020e-01 5.833333e-01 5.891269e-08
5.147059e-01 5.833333e-01 3.737696e-08
5.245098e-01 5.833333e-01 2.366872e-08
5.343137e-01 5.833333e-01 1.464968e-08
5.441176e-01 5.833333e-01 9.091479e-09
5.539216e-01 5.833333e-01 6.012198e-09
5.637255e-01 5.833333e-01 3.613332e-09
5.735294e-01 5.833333e-01 1.813578e-09
5.833333e-01 5.833333e-01 1.049825e-09
5.931373e-01 5.833333e-01 4.952797e-10
6.029412e-01 5.833333e-01 1.582651e-10
6.127451e-01 5.833333e-01 4.895921e-10
6.225490e-01 5.833333e-01 5.669843e-10
6.323529e-01 5.833333e-01 9.236421e-11
6.421569e-01 5.833333e-01 -6.079487e-11
6.519608e-01 5.833333e-01 -9.364681e-11
6.617647e-01 5.833333e-01 -3.816791e-10
6.715686e-01 5.833333e-01 -2.015805e-10
6.813725e-01 5.833333e-01 3.407751e-10
6.911765e-01 5.833333e-01 3.376808e-10
7.009804e-01 5.833333e-01 1.120242e-10
7.107843e-01 5.833333e-01 1.620753e-10
7.205882e-01 5.833333e-01 -6.887485e-11
7.303922e-01 5.833333e-01 -5.098237e-10
7.401961e-01 5.833333e-01 -3.599126e-10
7.500000e-01 5.833333e-01 6.448623e-11
7.598039e-01 5.833333e-01 1.030498e-10
7.696078e-01 5.833333e-01 1.854583e-10
7.794118e-01 5.833333e-01 5.076371e-10
7.892157e-01 5.833333e-01 3.719757e-10
7.990196e-01 5.833333e-01 -1.630349e-10
8.088235e-01 5.833333e-01 -3.261256e-10
8.186275e-01 5.833333e-01 -2.559630e-10
8.284314e-01 5.833333e-01 -4.352620e-10
8.382353e-01 5.833333e-01 -4.108655e-10
8.480392e-01 5.833333e-01 1.308323e-10
8.578431e-01 5.833333e-01 4.925313e-10
8.676471e-01 5.833333e-01 2.708339e-10
8.774510e-01 5.833333e-01 6.606320e-11
8.872549e-01 5.833333e-01 4.084451e-11
8.970588e-01 5.833333e-01 -5.357113e-11
9.068627e-01 5.833333e-01 3.291331e-12
9.166667e-01 5.833333e-01 1.031107e-09
9.264706e-01 5.833333e-01 2.162477e-09
9.362745e-01 5.833333e-01 2.259309e-09
9.460784e-01 5.833333e-01 -7.352281e-11
9.558824e-01 5.833333e-01 -4.051558e-09
9.656863e-01 5.833333e-01 -9.847127e-09
9.754902e-01 5.833333e-01 -1.376856e-08
9.852941e-01 5.833333e-01 -1.251137e-08
9.950980e-01 5.833333e-01 3.742591e-10
4.901961e-03 5.931373e-01 -5.894859e-09
1.470588e-02 5.931373e-01 1.724991e-10
2.450980e-02 5.931373e-01 1.122394e-08
3.431373e-02 5.931373e-01 2.572540e-08
4.411765e-02 5.931373e-01 3.681453e-08
5.392157e-02 5.931373e-01 3.636013e-08
6.372549e-02 5.931373e-01 1.320340e-08
7.352941e-02 5.931373e-01 -3.979233e-08
8.333333e-02 5.931373e-01 -1.220937e-07
9.313725e-02 5.931373e-01 -2.200800e-07
1.029412e-01 5.931373e-01 -3.034795e-07
1.127451e-01 5.931373e-01 -3.269298e-07
1.225490e-01 5.931373e-01 -2.306251e-07
1.323529e-01 5.931373e-01 4.928585e-08
1.421569e-01 5.931373e-01 5.722287e-07
1.519608e-01 5.931373e-01 1.380506e-06
1.617647e-01 5.931373e-01 2.489437e-06
1.715686e-01 5.931373e-01 3.882311e-06
1.813725e-01 5.931373e-01 5.505996e-06
1.911765e-01 5.931373e-01 7.276688e-06
2.009804e-01 5.931373e-01 9.087116e-06
2.107843e-01 5.931373e-01 1.081910e-05
2.205882e-01 5.931373e-01 1.235811e-05
2.303922e-01 5.931373e-01 1.360364e-05
2.401961e-01 5.931373e-01 1.448140e-05
2.500000e-01 5.931373e-01 1.494883e-05
2.598039e-01 5.931373e-01 1.499685e-05
2.696078e-01 5.931373e-01 1.464908e-05
2.794118e-01 5.931373e-01 1.395410e-05
2.892157e-01 5.931373e-01 1.297914e-05
2.990196e-01 5.931373e-01 1.180203e-05
3.088235e-01 5.931373e-01 1.050172e-05
3.186275e-01 5.931373e-01 9.153071e-06
3.284314e-01 5.931373e-01 7.820401e-06
3.382353e-01 5.931373e-01 6.554346e-06
3.480392e-01 5.931373e-01 5.392332e-06
3.578431e-01 5.931373e-01 4.357363e-06
3.676471e-01 5.931373e-01 3.460192e-06
3.774510e-01 5.931373e-01 2.702008e-06
3.872549e-01 5.931373e-01 2.075464e-06
3.970588e-01 5.931373e-01 1.568678e-06
4.068627e-01 5.931373e-01 1.167416e-06
4.166667e-01 5.931373e-01 8.555803e-07
4.264706e-01 5.931373e-01 6.178412e-07
4.362745e-01 5.931373e-01 4.399575e-07
4.460784e-01 5.931373e-01 3.086519e-07
4.558824e-01 5.931373e-01 2.134180e-07
4.656863e-01 5.931373e-01 1.456949e-07
4.754902e-01 5.931373e-01 9.805115e-08
4.852941e-01 5.931373e-01 6.521955e-08
4.950980e-01 5.931373e-01 4.301178e-08
5.049020e-01 5.931373e-01 2.779842e-08
5.147059e-01 5.931373e-01 1.763639e-08
5.245098e-01 5.931373e-01 1.116775e-08
5.343137e-01 5.931373e-01 6.912226e-09
5.441176e-01 5.931373e-01 4.289026e-09
5.539216e-01 5.931373e-01 2.836062e-09
5.637255e-01 5.931373e-01 1.705186e-09
5.735294e-01 5.931373e-01 8.560383e-10
5.833333e-01 5.931373e-01 4.952797e-10
5.931373e-01 5.931373e-01 2.338736e-10
6.029412e-01 5.931373e-01 7.444486e-11
6.127451e-01 5.931373e-01 2.302316e-10
6.225490e-01 5.931373e-01 2.674961e-10
6.323529e-01 5.931373e-01 4.404946e-11
6.421569e-01 5.931373e-01 -2.863867e-11
6.519608e-01 5.931373e-01 -4.395069e-11
6.617647e-01 5.931373e-01 -1.797170e-10
6.715686e-01 5.931373e-01 -9.559017e-11
6.813725e-01 5.931373e-01 1.601645e-10
6.911765e-01 5.931373e-01 1.594752e-10
7.009804e-01 5.931373e-01 5.295927e-11
7.107843e-01 5.931373e-01 7.635293e-11
7.205882e-01 5.931373e-01 -3.198733e-11
7.303922e-01 5.931373e-01 -2.400316e-10
7.401961e-01 5.931373e-01 -1.701843e-10
7.500000e-01 5.931373e-01 3.004784e-11
7.598039e-01 5.931373e-01 4.872966e-11
7.696078e-01 5.931373e-01 8.721410e-11
7.794118e-01 5.931373e-01 2.390291e-10
7.892157e-01 5.931373e-01 1.758459e-10
7.990196e-01 5.931373e-01 -7.631945e-11
8.088235e-01 5.931373e-01 -1.539054e-10
8.186275e-01 5.931373e-01 -1.207611e-10
8.284314e-01 5.931373e-01 -2.049240e-10
8.382353e-01 5.931373e-01 -1.939910e-10
8.480392e-01 5.931373e-01 6.090580e-11
8.578431e-01 5.931373e-01 2.321053e-10
8.676471e-01 5.931373e-01 1.281864e-10
8.774510e-01 5.931373e-01 3.138222e-11
8.872549e-01 5.931373e-01 1.949557e-11
8.970588e-01 5.931373e-01 -2.456786e-11
9.068627e-01 5.931373e-01 1.595567e-12
9.166667e-01 5.931373e-01 4.846529e-10
9.264706e-01 5.931373e-01 1.017507e-09
9.362745e-01 5.931373e-01 1.064282e-09
9.460784e-01 5.931373e-01 -3.400919e-11
9.558824e-01 5.931373e-01 -1.907253e-09
9.656863e-01 5.931373e-01 -4.636934e-09
9.754902e-01 5.931373e-01 -6.484254e-09
9.852941e-01 5.931373e-01 -5.894859e-09
9.950980e-01 5.931373e-01 1.724991e-10
4.901961e-03 6.029412e-01 -1.931378e-09
1.470588e-02 6.029412e-01 1.343649e-12
2.450980e-02 6.029412e-01 3.555092e-09
3.431373e-02 6.029412e-01 8.247962e-09
4.411765e-02 6.029412e-01 1.187933e-08
5.392157e-02 6.029412e-01 1.183108e-08
6.372549e-02 6.029412e-01 4.490656e-09
7.352941e-02 6.029412e-01 -1.247977e-08
8.333333e-02 6.029412e-01 -3.895844e-08
9.313725e-02 6.029412e-01 -7.061132e-08
1.029412e-01 6.029412e-01 -9.773301e-08
1.127451e-01 6.029412e-01 -1.057415e-07
1.225490e-01 6.029412e-01 -7.536916e-08
1.323529e-01 6.029412e-01 1.399003e-08
1.421569e-01 6.029412e-01 1.815465e-07
1.519608e-01 6.029412e-01 4.410132e-07
1.617647e-01 6.029412e-01 7.974142e-07
1.715686e-01 6.029412e-01 1.245451e-06
1.813725e-01 6.029412e-01 1.768070e-06
1.911765e-01 6.029412e-01 2.338301e-06
2.009804e-01 6.029412e-01 2.921583e-06
2.107843e-01 6.029412e-01 3.479808e-06
2.205882e-01 6.029412e-01 3.976031e-06
2.303922e-01 6.029412e-01 4.377810e-06
2.401961e-01 6.029412e-01 4.661145e-06
2.500000e-01 6.029412e-01 4.812268e-06
2.598039e-01 6.029412e-01 4.828218e-06
2.696078e-01 6.029412e-01 4.716587e-06
2.794118e-01 6.029412e-01 4.493011e-06
2.892157e-01 6.029412e-01 4.179162e-06
2.990196e-01 6.029412e-01 3.800125e-06
3.088235e-01 6.029412e-01 3.381352e-06
3.186275e-01 6.029412e-01 2.946985e-06
3.284314e-01 6.029412e-01 2.517760e-06
3.382353e-01 6.029412e-01 2.109997e-06
3.480392e-01 6.029412e-01 1.735762e-06
3.578431e-01 6.029412e-01 1.402466e-06
3.676471e-01 6.029412e-01 1.113571e-06
3.774510e-01 6.029412e-01 8.694598e-07
3.872549e-01 6.029412e-01 6.677573e-07
3.970588e-01 6.029412e-01 5.046283e-07
4.068627e-01 6.029412e-01 3.754860e-07
4.166667e-01 6.029412e-01 2.751404e-07
4.264706e-01 6.029412e-01 1.986515e-07
4.362745e-01 6.029412e-01 1.414325e-07
4.460784e-01 6.029412e-01 9.920296e-08
4.558824e-01 6.029412e-01 6.857891e-08
4.656863e-01 6.029412e-01 4.680702e-08
4.754902e-01 6.029412e-01 3.149316e-08
4.852941e-01 6.029412e-01 2.094294e-08
4.950980e-01 6.029412e-01 1.381026e-08
5.049020e-01 6.029412e-01 8.923630e-09
5.147059e-01 6.029412e-01 5.658808e-09
5.245098e-01 6.029412e-01 3.582397e-09
5.343137e-01 6.029412e-01 2.216251e-09
5.441176e-01 6.029412e-01 1.374336e-09
5.539216e-01 6.029412e-01 9.102951e-10
5.637255e-01 6.029412e-01 5.478586e-10
5.735294e-01 6.029412e-01 2.738079e-10
5.833333e-01 6.029412e-01 1.582651e-10
5.931373e-01 6.029412e-01 7.444486e-11
6.029412e-01 6.029412e-01 2.244819e-11
6.127451e-01 6.029412e-01 7.395538e-11
6.225490e-01 6.029412e-01 8.740105e-11
6.323529e-01 6.029412e-01 1.442208e-11
6.421569e-01 6.029412e-01 -9.452484e-12
6.519608e-01 6.029412e-01 -1.388060e-11
6.617647e-01 6.029412e-01 -5.869747e-11
6.715686e-01 6.029412e-01 -3.204654e-11
6.813725e-01 6.029412e-01 5.204934e-11
6.911765e-01 6.029412e-01 5.224504e-11
7.009804e-01 6.029412e-01 1.700476e-11
7.107843e-01 6.029412e-01 2.511187e-11
7.205882e-01 6.029412e-01 -9.546224e-12
7.303922e-01 6.029412e-01 -7.819129e-11
7.401961e-01 6.029412e-01 -5.598645e-11
7.500000e-01 6.029412e-01 9.881632e-12
7.598039e-01 6.029412e-01 1.574952e-11
7.696078e-01 6.029412e-01 2.754116e-11
7.794118e-01 6.029412e-01 7.769740e-11
7.892157e-01 6.029412e-01 5.799847e-11
7.990196e-01 6.029412e-01 -2.466147e-11
8.088235e-01 6.029412e-01 -5.015832e-11
8.186275e-01 6.029412e-01 -3.859185e-11
8.284314e-01 6.029412e-01 -6.627953e-11
8.382353e-01 6.029412e-01 -6.392787e-11
8.480392e-01 6.029412e-01 1.924454e-11
8.578431e-01 6.029412e-01 7.598618e-11
8.676471e-01 6.029412e-01 4.203393e-11
8.774510e-01 6.029412e-01 1.002231e-11
8.872549e-01 6.029412e-01 6.505234e-12
8.970588e-01 6.029412e-01 -8.580311e-12
9.068627e-01 6.029412e-01 -2.521938e-12
9.166667e-01 6.029412e-01 1.531096e-10
9.264706e-01 6.029412e-01 3.288944e-10
9.362745e-01 6.029412e-01 3.491234e-10
9.460784e-01 6.029412e-01 -7.422064e-13
9.558824e-01 6.029412e-01 -6.025337e-10
9.656863e-01 6.029412e-01 -1.486404e-09
9.754902e-01 6.029412e-01 -2.097082e-09
9.852941e-01 6.029412e-01 -1.931378e-09
9.950980e-01 6.029412e-01 1.343649e-12
4.901961e-03 6.127451e-01 -5.872741e-09
1.470588e-02 6.127451e-01 1.705015e-10
2.450980e-02 6.127451e-01 1.117306e-08
3.431373e-02 6.127451e-01 2.560185e-08
4.411765e-02 6.127451e-01 3.663971e-08
5.392157e-02 6.127451e-01 3.619973e-08
6.372549e-02 6.127451e-01 1.319272e-08
7.352941e-02 6.127451e-01 -3.946546e-08
8.333333e-02 6.127451e-01 -1.212344e-07
9.313725e-02 6.127451e-01 -2.185820e-07
1.029412e-01 6.127451e-01 -3.014688e-07
1.127451e-01 6.127451e-01 -3.248933e-07
1.225490e-01 6.127451e-01 -2.295519e-07
1.323529e-01 6.127451e-01 4.783133e-08
1.421569e-01 6.127451e-01 5.661009e-07
1.519608e-01 6.127451e-01 1.367085e-06
1.617647e-01 6.127451e-01 2.465850e-06
1.715686e-01 6.127451e-01 3.845712e-06
1.813725e-01 6.127451e-01 5.453903e-06
1.911765e-01 6.127451e-01 7.207308e-06
2.009804e-01 6.127451e-01 8.999614e-06
2.107843e-01 6.127451e-01 1.071378e-05
2.205882e-01 6.127451e-01 1.223643e-05
2.303922e-01 6.127451e-01 1.346814e-05
2.401961e-01 6.127451e-01 1.433550e-05
2.500000e-01 6.127451e-01 1.479651e-05
2.598039e-01 6.127451e-01 1.484236e-05
2.696078e-01 6.127451e-01 1.449658e-05
2.794118e-01 6.127451e-01 1.380735e-05
2.892157e-01 6.127451e-01 1.284132e-05
2.990196e-01 6.127451e-01 1.167555e-05
3.088235e-01 6.127451e-01 1.038818e-05
3.186275e-01 6.127451e-01 9.053293e-06
3.284314e-01 6.127451e-01 7.734486e-06
3.382353e-01 6.127451e-01 6.481812e-06
3.480392e-01 6.127451e-01 5.332252e-06
3.578431e-01 6.127451e-01 4.308507e-06
3.676471e-01 6.127451e-01 3.421172e-06
3.774510e-01 6.127451e-01 2.671381e-06
3.872549e-01 6.127451e-01 2.051825e-06
3.970588e-01 6.127451e-01 1.550733e-06
4.068627e-01 6.127451e-01 1.154012e-06
4.166667e-01 6.127451e-01 8.457239e-07
4.264706e-01 6.127451e-01 6.107066e-07
4.362745e-01 6.127451e-01 4.348674e-07
4.460784e-01 6.127451e-01 3.050719e-07
4.558824e-01 6.127451e-01 2.109389e-07
4.656863e-01 6.127451e-01 1.440021e-07
4.754902e-01 6.127451e-01 9.691148e-08
4.852941e-01 6.127451e-01 6.446425e-08
4.950980e-01 6.127451e-01 4.251517e-08
5.049020e-01 6.127451e-01 2.747482e-08
5.147059e-01 6.127451e-01 1.743092e-08
5.245098e-01 6.127451e-01 1.103885e-08
5.343137e-01 6.127451e-01 6.832102e-09
5.441176e-01 6.127451e-01 4.241582e-09
5.539216e-01 6.127451e-01 2.806386e-09
5.637255e-01 6.127451e-01 1.684698e-09
5.735294e-01 6.127451e-01 8.445300e-10
5.833333e-01 6.127451e-01 4.895921e-10
5.931373e-01 6.127451e-01 2.302316e-10
6.029412e-01 6.127451e-01 7.395538e-11
6.127451e-01 6.127451e-01 2.307255e-10
6.225490e-01 6.127451e-01 2.651447e-10
6.323529e-01 6.127451e-01 4.175988e-11
6.421569e-01 6.127451e-01 -2.861482e-11
6.519608e-01 6.127451e-01 -4.429048e-11
6.617647e-01 6.127451e-01 -1.795332e-10
6.715686e-01 6.127451e-01 -9.310729e-11
6.813725e-01 6.127451e-01 1.611019e-10
6.911765e-01 6.127451e-01 1.574809e-10
7.009804e-01 6.127451e-01 5.191409e-11
7.107843e-01 6.127451e-01 7.617176e-11
7.205882e-01 6.127451e-01 -3.338287e-11
7.303922e-01 6.127451e-01 -2.398192e-10
7.401961e-01 6.127451e-01 -1.672941e-10
7.500000e-01 6.127451e-01 3.135445e-11
7.598039e-01 6.127451e-01 4.781100e-11
7.696078e-01 6.127451e-01 8.719321e-11
7.794118e-01 6.127451e-01 2.386257e-10
7.892157e-01 6.127451e-01 1.730833e-10
7.990196e-01 6.127451e-01 -7.797665e-11
8.088235e-01 6.127451e-01 -1.523572e-10
8.186275e-01 6.127451e-01 -1.193403e-10
8.284314e-01 6.127451e-01 -2.045374e-10
8.382353e-01 6.127451e-01 -1.918860e-10
8.480392e-01 6.127451e-01 6.340912e-11
8.578431e-01 6.127451e-01 2.312060e-10
8.676471e-01 6.127451e-01 1.254780e-10
8.774510e-01 6.127451e-01 3.016649e-11
8.872549e-01 6.127451e-01 1.854983e-11
8.970588e-01 6.127451e-01 -2.727552e-11
9.068627e-01 6.127451e-01 2.799563e-13
9.166667e-01 6.127451e-01 4.854860e-10
9.264706e-01 6.127451e-01 1.017718e-09
9.362745e-01 6.127451e-01 1.061355e-09
9.460784e-01 6.127451e-01 -3.315733e-11
9.558824e-01 6.127451e-01 -1.899784e-09
9.656863e-01 6.127451e-01 -4.619735e-09
9.754902e-01 6.127451e-01 -6.463073e-09
9.852941e-01 6.127451e-01 -5.872741e-09
9.950980e-01 6.127451e-01 1.705015e-10
4.901961e-03 6.225490e-01 -6.711498e-09
1.470588e-02 6.225490e-01 2.687654e-10
2.450980e-02 6.225490e-01 1.293498e-08
3.431373e-02 6.225490e-01 2.950998e-08
4.411765e-02 6.225490e-01 4.213125e-08
5.392157e-02 6.225490e-01 4.148979e-08
6.372549e-02 6.225490e-01 1.484272e-08
7.352941e-02 6.225490e-01 -4.591802e-08
8.333333e-02 6.225490e-01 -1.401089e-07
9.313725e-02 6.225490e-01 -2.520793e-07
1.029412e-01 6.225490e-01 -3.471660e-07
1.127451e-01 6.225490e-01 -3.734848e-07
1.225490e-01 6.225490e-01 -2.627059e-07
1.323529e-01 6.225490e-01 5.805022e-08
1.421569e-01 6.225490e-01 6.565383e-07
1.519608e-01 6.225490e-01 1.580900e-06
1.617647e-01 6.225490e-01 2.848441e-06
1.715686e-01 6.225490e-01 4.439885e-06
1.813725e-01 6.225490e-01 6.294392e-06
1.911765e-01 6.225490e-01 8.316167e-06
2.009804e-01 6.225490e-01 1.038270e-05
2.107843e-01 6.225490e-01 1.235910e-05
2.205882e-01 6.225490e-01 1.411472e-05
2.303922e-01 6.225490e-01 1.553496e-05
2.401961e-01 6.225490e-01 1.653519e-05
2.500000e-01 6.225490e-01 1.706699e-05
2.598039e-01 6.225490e-01 1.712016e-05
2.696078e-01 6.225490e-01 1.672179e-05
2.794118e-01 6.225490e-01 1.592736e-05
2.892157e-01 6.225490e-01 1.481368e-05
2.990196e-01 6.225490e-01 1.346956e-05
3.088235e-01 6.225490e-01 1.198509e-05
3.186275e-01 6.225490e-01 1.044568e-05
3.284314e-01 6.225490e-01 8.924657e-06
3.382353e-01 6.225490e-01 7.479775e-06
3.480392e-01 6.225490e-01 6.153703e-06
3.578431e-01 6.225490e-01 4.972651e-06
3.676471e-01 6.225490e-01 3.948869e-06
3.774510e-01 6.225490e-01 3.083692e-06
3.872549e-01 6.225490e-01 2.368722e-06
3.970588e-01 6.225490e-01 1.790404e-06
4.068627e-01 6.225490e-01 1.332493e-06
4.166667e-01 6.225490e-01 9.766196e-07
4.264706e-01 6.225490e-01 7.052960e-07
4.362745e-01 6.225490e-01 5.022683e-07
4.460784e-01 6.225490e-01 3.523914e-07
4.558824e-01 6.225490e-01 2.436842e-07
4.656863e-01 6.225490e-01 1.663732e-07
4.754902e-01 6.225490e-01 1.119794e-07
4.852941e-01 6.225490e-01 7.449416e-08
4.950980e-01 6.225490e-01 4.913214e-08
5.049020e-01 6.225490e-01 3.175538e-08
5.147059e-01 6.225490e-01 2.015089e-08
5.245098e-01 6.225490e-01 1.276229e-08
5.343137e-01 6.225490e-01 7.900564e-09
5.441176e-01 6.225490e-01 4.905147e-09
5.539216e-01 6.225490e-01 3.242476e-09
5.637255e-01 6.225490e-01 1.946961e-09
5.735294e-01 6.225490e-01 9.783735e-10
5.833333e-01 6.225490e-01 5.669843e-10
5.931373e-01 6.225490e-01 2.674961e-10
6.029412e-01 6.225490e-01 8.740105e-11
6.127451e-01 6.225490e-01 2.651447e-10
6.225490e-01 6.225490e-01 3.039031e-10
6.323529e-01 6.225490e-01 4.868134e-11
6.421569e-01 6.225490e-01 -3.252308e-11
6.519608e-01 6.225490e-01 -5.108064e-11
6.617647e-01 6.225490e-01 -2.051747e-10
6.715686e-01 6.225490e-01 -1.063070e-10
6.813725e-01 6.225490e-01 1.839774e-10
6.911765e-01 6.225490e-01 1.805254e-10
7.009804e-01 6.225490e-01 6.016748e-11
7.107843e-01 6.225490e-01 8.688539e-11
7.205882e-01 6.225490e-01 -3.875445e-11
7.303922e-01 6.225490e-01 -2.743298e-10
7.401961e-01 6.225490e-01 -1.918045e-10
7.500000e-01 6.225490e-01 3.513730e-11
7.598039e-01 6.225490e-01 5.520186e-11
7.696078e-01 6.225490e-01 1.008990e-10
7.794118e-01 6.225490e-01 2.732970e-10
7.892157e-01 6.225490e-01 1.981563e-10
7.990196e-01 6.225490e-01 -8.869895e-11
8.088235e-01 6.225490e-01 -1.748244e-10
8.186275e-01 6.225490e-01 -1.380978e-10
8.284314e-01 6.225490e-01 -2.347464e-10
8.382353e-01 6.225490e-01 -2.193645e-10
8.480392e-01 6.225490e-01 7.222398e-11
8.578431e-01 6.225490e-01 2.642413e-10
8.676471e-01 6.225490e-01 1.442691e-10
8.774510e-01 6.225490e-01 3.532453e-11
8.872549e-01 6.225490e-01 2.142598e-11
8.970588e-01 6.225490e-01 -2.925772e-11
9.068627e-01 6.225490e-01 4.993747e-12
9.166667e-01 6.225490e-01 5.613361e-10
9.264706e-01 6.225490e-01 1.167279e-09
9.362745e-01 6.225490e-01 1.211860e-09
9.460784e-01 6.225490e-01 -5.208408e-11
9.558824e-01 6.225490e-01 -2.200963e-09
9.656863e-01 6.225490e-01 -5.323161e-09
9.754902e-01 6.225490e-01 -7.421230e-09
9.852941e-01 6.225490e-01 -6.711498e-09
9.950980e-01 6.225490e-01 2.687654e-10
4.901961e-03 6.323529e-01 -1.064011e-09
1.470588e-02 6.323529e-01 5.126571e-11
2.450980e-02 6.323529e-01 2.071993e-09
3.431373e-02 6.323529e-01 4.715738e-09
4.411765e-02 6.323529e-01 6.721665e-09
5.392157e-02 6.323529e-01 6.601823e-09
6.372549e-02 6.323529e-01 2.318744e-09
7.352941e-02 6.323529e-01 -7.423868e-09
8.333333e-02 6.323529e-01 -2.251506e-08
9.313725e-02 6.323529e-01 -4.044296e-08
1.029412e-01 6.323529e-01 -5.563786e-08
1.127451e-01 6.323529e-01 -5.976123e-08
1.225490e-01 6.323529e-01 -4.182526e-08
1.323529e-01 6.323529e-01 9.901970e-09
1.421569e-01 6.323529e-01 1.063438e-07
1.519608e-01 6.323529e-01 2.552848e-07
1.617647e-01 6.323529e-01 4.595543e-07
1.715686e-01 6.323529e-01 7.160956e-07
1.813725e-01 6.323529e-01 1.015158e-06
1.911765e-01 6.323529e-01 1.341346e-06
2.009804e-01 6.323529e-01 1.674940e-06
2.107843e-01 6.323529e-01 1.994194e-06
2.205882e-01 6.323529e-01 2.278019e-06
2.303922e-01 6.323529e-01 2.507891e-06
2.401961e-01 6.323529e-01 2.670097e-06
2.500000e-01 6.323529e-01 2.756752e-06
2.598039e-01 6.323529e-01 2.766139e-06
2.696078e-01 6.323529e-01 2.702557e-06
2.794118e-01 6.323529e-01 2.574911e-06
2.892157e-01 6.323529e-01 2.395564e-06
2.990196e-01 6.323529e-01 2.178832e-06
3.088235e-01 6.323529e-01 1.939259e-06
3.186275e-01 6.323529e-01 1.690647e-06
3.284314e-01 6.323529e-01 1.444867e-06
3.382353e-01 6.323529e-01 1.211276e-06
3.480392e-01 6.323529e-01 9.967967e-07
3.578431e-01 6.323529e-01 8.056956e-07
3.676471e-01 6.323529e-01 6.399785e-07
3.774510e-01 6.323529e-01 4.998837e-07
3.872549e-01 6.323529e-01 3.840750e-07
3.970588e-01 6.323529e-01 2.903719e-07
4.068627e-01 6.323529e-01 2.161548e-07
4.166667e-01 6.323529e-01 1.584598e-07
4.264706e-01 6.323529e-01 1.144593e-07
4.362745e-01 6.323529e-01 8.152580e-08
4.460784e-01 6.323529e-01 5.721033e-08
4.558824e-01 6.323529e-01 3.956952e-08
4.656863e-01 6.323529e-01 2.702001e-08
4.754902e-01 6.323529e-01 1.818928e-08
4.852941e-01 6.323529e-01 1.210124e-08
4.950980e-01 6.323529e-01 7.981529e-09
5.049020e-01 6.323529e-01 5.160573e-09
5.147059e-01 6.323529e-01 3.275686e-09
5.245098e-01 6.323529e-01 2.074470e-09
5.343137e-01 6.323529e-01 1.284701e-09
5.441176e-01 6.323529e-01 7.969339e-10
5.539216e-01 6.323529e-01 5.257319e-10
5.637255e-01 6.323529e-01 3.166636e-10
5.735294e-01 6.323529e-01 1.599803e-10
5.833333e-01 6.323529e-01 9.236421e-11
5.931373e-01 6.323529e-01 4.404946e-11
6.029412e-01 6.323529e-01 1.442208e-11
6.127451e-01 6.323529e-01 4.175988e-11
6.225490e-01 6.323529e-01 4.868134e-11
6.323529e-01 6.323529e-01 8.585574e-12
6.421569e-01 6.323529e-01 -5.059959e-12
6.519608e-01 6.323529e-01 -7.978827e-12
6.617647e-01 6.323529e-01 -3.229790e-11
6.715686e-01 6.323529e-01 -1.751440e-11
6.813725e-01 6.323529e-01 2.855188e-11
6.911765e-01 6.323529e-01 2.909626e-11
7.009804e-01 6.323529e-01 9.949433e-12
7.107843e-01 6.323529e-01 1.370841e-11
7.205882e-01 6.323529e-01 -5.711233e-12
7.303922e-01 6.323529e-01 -4.320082e-11
7.401961e-01 6.323529e-01 -3.119006e-11
7.500000e-01 6.323529e-01 4.945312e-12
7.598039e-01 6.323529e-01 9.032551e-12
7.696078e-01 6.323529e-01 1.605359e-11
7.794118e-01 6.323529e-01 4.317278e-11
7.892157e-01 6.323529e-01 3.211497e-11
7.990196e-01 6.323529e-01 -1.328621e-11
8.088235e-01 6.323529e-01 -2.805247e-11
8.186275e-01 6.323529e-01 -2.243574e-11
8.284314e-01 6.323529e-01 -3.718996e-11
8.382353e-01 6.323529e-01 -3.519007e-11
8.480392e-01 6.323529e-01 1.045901e-11
8.578431e-01 6.323529e-01 4.178514e-11
8.676471e-01 6.323529e-01 2.368972e-11
8.774510e-01 6.323529e-01 6.096463e-12
8.872549e-01 6.323529e-01 3.690751e-12
8.970588e-01 6.323529e-01 -3.464044e-12
9.068627e-01 6.323529e-01 1.897132e-12
9.166667e-01 6.323529e-01 8.896498e-11
9.264706e-01 6.323529e-01 1.841344e-10
9.362745e-01 6.323529e-01 1.915606e-10
9.460784e-01 6.323529e-01 -1.016062e-11
9.558824e-01 6.323529e-01 -3.524640e-10
9.656863e-01 6.323529e-01 -8.489027e-10
9.754902e-01 6.323529e-01 -1.179464e-09
9.852941e-01 6.323529e-01 -1.064011e-09
9.950980e-01 6.323529e-01 5.126571e-11
4.901961e-03 6.421569e-01 7.192795e-10
1.470588e-02 6.421569e-01 -2.895893e-11
2.450980e-02 6.421569e-01 -1.386042e-09
3.431373e-02 6.421569e-01 -3.161043e-09
4.411765e-02 6.421569e-01 -4.512366e-09
5.392157e-02 6.421569e-01 -4.443096e-09
6.372549e-02 6.421569e-01 -1.589179e-09
7.352941e-02 6.421569e-01 4.916251e-09
8.333333e-02 6.421569e-01 1.499812e-08
9.313725e-02 6.421569e-01 2.697957e-08
1.029412e-01 6.421569e-01 3.715066e-08
1.127451e-01 6.421569e-01 3.995984e-08
1.225490e-01 6.421569e-01 2.809802e-08
1.323529e-01 6.421569e-01 -6.227621e-09
1.421569e-01 6.421569e-01 -7.025856e-08
1.519608e-01 6.421569e-01 -1.691359e-07
1.617647e-01 6.421569e-01 -3.047025e-07
1.715686e-01 6.421569e-01 -4.748887e-07
1.813725e-01 6.421569e-01 -6.731820e-07
1.911765e-01 6.421569e-01 -8.893345e-07
2.009804e-01 6.421569e-01 -1.110245e-06
2.107843e-01 6.421569e-01 -1.321496e-06
2.205882e-01 6.421569e-01 -1.509122e-06
2.303922e-01 6.421569e-01 -1.660880e-06
2.401961e-01 6.421569e-01 -1.767731e-06
2.500000e-01 6.421569e-01 -1.824505e-06
2.598039e-01 6.421569e-01 -1.830122e-06
2.696078e-01 6.421569e-01 -1.787482e-06
2.794118e-01 6.421569e-01 -1.702519e-06
2.892157e-01 6.421569e-01 -1.583445e-06
2.990196e-01 6.421569e-01 -1.439754e-06
3.088235e-01 6.421569e-01 -1.281072e-06
3.186275e-01 6.421569e-01 -1.116526e-06
3.284314e-01 6.421569e-01 -9.539520e-07
3.382353e-01 6.421569e-01 -7.995194e-07
3.480392e-01 6.421569e-01 -6.577871e-07
3.578431e-01 6.421569e-01 -5.315546e-07
3.676471e-01 6.421569e-01 -4.221306e-07
3.774510e-01 6.421569e-01 -3.296570e-07
3.872549e-01 6.421569e-01 -2.532358e-07
3.970588e-01 6.421569e-01 -1.914189e-07
4.068627e-01 6.421569e-01 -1.424704e-07
4.166667e-01 6.421569e-01 -1.044273e-07
4.264706e-01 6.421569e-01 -7.542117e-08
4.362745e-01 6.421569e-01 -5.371474e-08
4.460784e-01 6.421569e-01 -3.768936e-08
4.558824e-01 6.421569e-01 -2.606525e-08
4.656863e-01 6.421569e-01 -1.779771e-08
4.754902e-01 6.421569e-01 -1.198028e-08
4.852941e-01 6.421569e-01 -7.971005e-09
4.950980e-01 6.421569e-01 -5.257901e-09
5.049020e-01 6.421569e-01 -3.398536e-09
5.147059e-01 6.421569e-01 -2.156911e-09
5.245098e-01 6.421569e-01 -1.366323e-09
5.343137e-01 6.421569e-01 -8.459374e-10
5.441176e-01 6.421569e-01 -5.254584e-10
5.539216e-01 6.421569e-01 -3.474413e-10
5.637255e-01 6.421569e-01 -2.084315e-10
5.735294e-01 6.421569e-01 -1.047252e-10
5.833333e-01 6.421569e-01 -6.079487e-11
5.931373e-01 6.421569e-01 -2.863867e-11
6.029412e-01 6.421569e-01 -9.452484e-12
6.127451e-01 6.421569e-01 -2.861482e-11
6.225490e-01 6.421569e-01 -3.252308e-11
6.323529e-01 6.421569e-01 -5.059959e-12
6.421569e-01 6.421569e-01 3.476281e-12
6.519608e-01 6.421569e-01 5.500870e-12
6.617647e-01 6.421569e-01 2.204991e-11
6.715686e-01 6.421569e-01 1.123136e-11
6.813725e-01 6.421569e-01 -1.986548e-11
6.911765e-01 6.421569e-01 -1.923857e-11
7.009804e-01 6.421569e-01 -6.373547e-12
7.107843e-01 6.421569e-01 -9.342490e-12
7.205882e-01 6.421569e-01 4.268755e-12
7.303922e-01 6.421569e-01 2.948666e-11
7.401961e-01 6.421569e-01 2.038322e-11
7.500000e-01 6.421569e-01 -3.893215e-12
7.598039e-01 6.421569e-01 -5.842542e-12
7.696078e-01 6.421569e-01 -1.082931e-11
7.794118e-01 6.421569e-01 -2.936339e-11
7.892157e-01 6.421569e-01 -2.108877e-11
7.990196e-01 6.421569e-01 9.679311e-12
8.088235e-01 6.421569e-01 1.865898e-11
8.186275e-01 6.421569e-01 1.471070e-11
8.284314e-01 6.421569e-01 2.522003e-11
8.382353e-01 6.421569e-01 2.344069e-11
8.480392e-01 6.421569e-01 -7.967659e-12
8.578431e-01 6.421569e-01 -2.834342e-11
8.676471e-01 6.421569e-01 -1.528404e-11
8.774510e-01 6.421569e-01 -3.719438e-12
8.872549e-01 6.421569e-01 -2.275966e-12
8.970588e-01 6.421569e-01 3.343105e-12
9.068627e-01 6.421569e-01 -3.797160e-13
9.166667e-01 6.421569e-01 -6.034332e-11
9.264706e-01 6.421569e-01 -1.254143e-10
9.362745e-01 6.421569e-01 -1.299639e-10
9.460784e-01 6.421569e-01 5.558989e-12
9.558824e-01 6.421569e-01 2.358277e-10
9.656863e-01 6.421569e-01 5.705074e-10
9.754902e-01 6.421569e-01 7.955909e-10
9.852941e-01 6.421569e-01 7.192795e-10
9.950980e-01 6.421569e-01 -2.895893e-11
4.901961e-03 6.519608e-01 1.135548e-09
1.470588e-02 6.519608e-01 -1.434410e-11
2.450980e-02 6.519608e-01 -2.118608e-09
3.431373e-02 6.519608e-01 -4.887932e-09
4.411765e-02 6.519608e-01 -7.021551e-09
5.392157e-02 6.519608e-01 -6.972014e-09
6.372549e-02 6.519608e-01 -2.611245e-09
7.352941e-02 6.519608e-01 7.429464e-09
8.333333e-02 6.519608e-01 2.306389e-08
9.313725e-02 6.519608e-01 4.172284e-08
1.029412e-01 6.519608e-01 5.767780e-08
1.127451e-01 6.519608e-01 6.233326e-08
1.225490e-01 6.519608e-01 4.434740e-08
1.323529e-01 6.519608e-01 -8.393209e-09
1.421569e-01 6.519608e-01 -1.071647e-07
1.519608e-01 6.519608e-01 -2.599964e-07
1.617647e-01 6.519608e-01 -4.698028e-07
1.715686e-01 6.519608e-01 -7.334260e-07
1.813725e-01 6.519608e-01 -1.040801e-06
1.911765e-01 6.519608e-01 -1.376046e-06
2.009804e-01 6.519608e-01 -1.718837e-06
2.107843e-01 6.519608e-01 -2.046780e-06
2.205882e-01 6.519608e-01 -2.338180e-06
2.303922e-01 6.519608e-01 -2.574001e-06
2.401961e-01 6.519608e-01 -2.740174e-06
2.500000e-01 6.519608e-01 -2.828646e-06
2.598039e-01 6.519608e-01 -2.837709e-06
2.696078e-01 6.519608e-01 -2.771848e-06
2.794118e-01 6.519608e-01 -2.640265e-06
2.892157e-01 6.519608e-01 -2.455700e-06
2.990196e-01 6.519608e-01 -2.232890e-06
3.088235e-01 6.519608e-01 -1.986783e-06
3.186275e-01 6.519608e-01 -1.731554e-06
3.284314e-01 6.519608e-01 -1.479370e-06
3.382353e-01 6.519608e-01 -1.239811e-06
3.480392e-01 6.519608e-01 -1.019957e-06
3.578431e-01 6.519608e-01 -8.241539e-07
3.676471e-01 6.519608e-01 -6.544336e-07
3.774510e-01 6.519608e-01 -5.110165e-07
3.872549e-01 6.519608e-01 -3.925067e-07
3.970588e-01 6.519608e-01 -2.966539e-07
4.068627e-01 6.519608e-01 -2.207645e-07
4.166667e-01 6.519608e-01 -1.617905e-07
4.264706e-01 6.519608e-01 -1.168322e-07
4.362745e-01 6.519608e-01 -8.319448e-08
4.460784e-01 6.519608e-01 -5.836403e-08
4.558824e-01 6.519608e-01 -4.035542e-08
4.656863e-01 6.519608e-01 -2.754989e-08
4.754902e-01 6.519608e-01 -1.854083e-08
4.852941e-01 6.519608e-01 -1.233334e-08
4.950980e-01 6.519608e-01 -8.134574e-09
5.049020e-01 6.519608e-01 -5.256869e-09
5.147059e-01 6.519608e-01 -3.334902e-09
5.245098e-01 6.519608e-01 -2.112049e-09
5.343137e-01 6.519608e-01 -1.307078e-09
5.441176e-01 6.519608e-01 -8.114649e-10
5.539216e-01 6.519608e-01 -5.373232e-10
5.637255e-01 6.519608e-01 -3.226039e-10
5.735294e-01 6.519608e-01 -1.614641e-10
5.833333e-01 6.519608e-01 -9.364681e-11
5.931373e-01 6.519608e-01 -4.395069e-11
6.029412e-01 6.519608e-01 -1.388060e-11
6.127451e-01 6.519608e-01 -4.429048e-11
6.225490e-01 6.519608e-01 -5.108064e-11
6.323529e-01 6.519608e-01 -7.978827e-12
6.421569e-01 6.519608e-01 5.500870e-12
6.519608e-01 6.519608e-01 8.413019e-12
6.617647e-01 6.519608e-01 3.463408e-11
6.715686e-01 6.519608e-01 1.806029e-11
6.813725e-01 6.519608e-01 -3.104551e-11
6.911765e-01 6.519608e-01 -3.029514e-11
7.009804e-01 6.519608e-01 -9.890122e-12
7.107843e-01 6.519608e-01 -1.477137e-11
7.205882e-01 6.519608e-01 6.252200e-12
7.303922e-01 6.519608e-01 4.619657e-11
7.401961e-01 6.519608e-01 3.222519e-11
7.500000e-01 6.519608e-01 -6.111415e-12
7.598039e-01 6.519608e-01 -9.079011e-12
7.696078e-01 6.519608e-01 -1.654748e-11
7.794118e-01 6.519608e-01 -4.593327e-11
7.892157e-01 6.519608e-01 -3.341419e-11
7.990196e-01 6.519608e-01 1.503137e-11
8.088235e-01 6.519608e-01 2.922896e-11
8.186275e-01 6.519608e-01 2.269662e-11
8.284314e-01 6.519608e-01 3.929785e-11
8.382353e-01 6.519608e-01 3.709797e-11
8.480392e-01 6.519608e-01 -1.217180e-11
8.578431e-01 6.519608e-01 -4.457878e-11
8.676471e-01 6.519608e-01 -2.408796e-11
8.774510e-01 6.519608e-01 -5.716258e-12
8.872549e-01 6.519608e-01 -3.573317e-12
8.970588e-01 6.519608e-01 5.619975e-12
9.068627e-01 6.519608e-01 9.532442e-13
9.166667e-01 6.519608e-01 -9.226407e-11
9.264706e-01 6.519608e-01 -1.955127e-10
9.362745e-01 6.519608e-01 -2.053560e-10
9.460784e-01 6.519608e-01 2.945950e-12
9.558824e-01 6.519608e-01 3.598398e-10
9.656863e-01 6.519608e-01 8.823780e-10
9.754902e-01 6.519608e-01 1.240727e-09
9.852941e-01 6.519608e-01 1.135548e-09
9.950980e-01 6.519608e-01 -1.434410e-11
4.901961e-03 6.617647e-01 4.542069e-09
1.470588e-02 6.617647e-01 -1.711358e-10
2.450980e-02 6.617647e-01 -8.728319e-09
3.431373e-02 6.617647e-01 -1.992926e-08
4.411765e-02 6.617647e-01 -2.846798e-08
5.392157e-02 6.617647e-01 -2.805738e-08
6.372549e-02 6.617647e-01 -1.009038e-08
7.352941e-02 6.617647e-01 3.091244e-08
8.333333e-02 6.617647e-01 9.449639e-08
9.313725e-02 6.617647e-01 1.701067e-07
1.029412e-01 6.617647e-01 2.343629e-07
1.127451e-01 6.617647e-01 2.522654e-07
1.225490e-01 6.617647e-01 1.777206e-07
1.323529e-01 6.617647e-01 -3.842850e-08
1.421569e-01 6.617647e-01 -4.418748e-07
1.519608e-01 6.617647e-01 -1.065073e-06
1.617647e-01 6.617647e-01 -1.919676e-06
1.715686e-01 6.617647e-01 -2.992661e-06
1.813725e-01 6.617647e-01 -4.242976e-06
1.911765e-01 6.617647e-01 -5.606000e-06
2.009804e-01 6.617647e-01 -6.999108e-06
2.107843e-01 6.617647e-01 -8.331349e-06
2.205882e-01 6.617647e-01 -9.514641e-06
2.303922e-01 6.617647e-01 -1.047174e-05
2.401961e-01 6.617647e-01 -1.114563e-05
2.500000e-01 6.617647e-01 -1.150369e-05
2.598039e-01 6.617647e-01 -1.153910e-05
2.696078e-01 6.617647e-01 -1.127015e-05
2.794118e-01 6.617647e-01 -1.073428e-05
2.892157e-01 6.617647e-01 -9.983309e-06
2.990196e-01 6.617647e-01 -9.077098e-06
3.088235e-01 6.617647e-01 -8.076383e-06
3.186275e-01 6.617647e-01 -7.038729e-06
3.284314e-01 6.617647e-01 -6.013557e-06
3.382353e-01 6.617647e-01 -5.039771e-06
3.480392e-01 6.617647e-01 -4.146116e-06
3.578431e-01 6.617647e-01 -3.350240e-06
3.676471e-01 6.617647e-01 -2.660383e-06
3.774510e-01 6.617647e-01 -2.077430e-06
3.872549e-01 6.617647e-01 -1.595709e-06
3.970588e-01 6.617647e-01 -1.206078e-06
4.068627e-01 6.617647e-01 -8.975833e-07
4.166667e-01 6.617647e-01 -6.578410e-07
4.264706e-01 6.617647e-01 -4.750661e-07
4.362745e-01 6.617647e-01 -3.383035e-07
4.460784e-01 6.617647e-01 -2.373463e-07
4.558824e-01 6.617647e-01 -1.641238e-07
4.656863e-01 6.617647e-01 -1.120515e-07
4.754902e-01 6.617647e-01 -7.541557e-08
4.852941e-01 6.617647e-01 -5.016974e-08
4.950980e-01 6.617647e-01 -3.308911e-08
5.049020e-01 6.617647e-01 -2.138505e-08
5.147059e-01 6.617647e-01 -1.356959e-08
5.245098e-01 6.617647e-01 -8.594253e-09
5.343137e-01 6.617647e-01 -5.319977e-09
5.441176e-01 6.617647e-01 -3.303480e-09
5.539216e-01 6.617647e-01 -2.184510e-09
5.637255e-01 6.617647e-01 -1.310982e-09
5.735294e-01 6.617647e-01 -6.581725e-10
5.833333e-01 6.617647e-01 -3.816791e-10
5.931373e-01 6.617647e-01 -1.797170e-10
6.029412e-01 6.617647e-01 -5.869747e-11
6.127451e-01 6.617647e-01 -1.795332e-10
6.225490e-01 6.617647e-01 -2.051747e-10
6.323529e-01 6.617647e-01 -3.229790e-11
6.421569e-01 6.617647e-01 2.204991e-11
6.519608e-01 6.617647e-01 3.463408e-11
6.617647e-01 6.617647e-01 1.389479e-10
6.715686e-01 6.617647e-01 7.142212e-11
6.813725e-01 6.617647e-01 -1.248718e-10
6.911765e-01 6.617647e-01 -1.217369e-10
7.009804e-01 6.617647e-01 -4.040614e-11
7.107843e-01 6.617647e-01 -5.883631e-11
7.205882e-01 6.617647e-01 2.652008e-11
7.303922e-01 6.617647e-01 1.857513e-10
7.401961e-01 6.617647e-01 1.291525e-10
7.500000e-01 6.617647e-01 -2.419992e-11
7.598039e-01 6.617647e-01 -3.709821e-11
7.696078e-01 6.617647e-01 -6.819441e-11
7.794118e-01 6.617647e-01 -1.849658e-10
7.892157e-01 6.617647e-01 -1.335180e-10
7.990196e-01 6.617647e-01 6.053443e-11
8.088235e-01 6.617647e-01 1.179592e-10
8.186275e-01 6.617647e-01 9.299500e-11
8.284314e-01 6.617647e-01 1.588061e-10
8.382353e-01 6.617647e-01 1.480757e-10
8.480392e-01 6.617647e-01 -4.956632e-11
8.578431e-01 6.617647e-01 -1.787764e-10
8.676471e-01 6.617647e-01 -9.696019e-11
8.774510e-01 6.617647e-01 -2.351784e-11
8.872549e-01 6.617647e-01 -1.422642e-11
8.970588e-01 6.617647e-01 2.075611e-11
9.068627e-01 6.617647e-01 -2.466983e-12
9.166667e-01 6.617647e-01 -3.796812e-10
9.264706e-01 6.617647e-01 -7.903626e-10
9.362745e-01 6.617647e-01 -8.205266e-10
9.460784e-01 6.617647e-01 3.309836e-11
9.558824e-01 6.617647e-01 1.485324e-09
9.656863e-01 6.617647e-01 3.596520e-09
9.754902e-01 6.617647e-01 5.018293e-09
9.852941e-01 6.617647e-01 4.542069e-09
9.950980e-01 6.617647e-01 -1.711358e-10
4.901961e-03 6.715686e-01 2.336614e-09
1.470588e-02 6.715686e-01 -1.367896e-10
2.450980e-02 6.715686e-01 -4.600585e-09
3.431373e-02 6.715686e-01 -1.042137e-08
4.411765e-02 6.715686e-01 -1.481984e-08
5.392157e-02 6.715686e-01 -1.451582e-08
6.372549e-02 6.715686e-01 -5.031986e-09
7.352941e-02 6.715686e-01 1.646172e-08
8.333333e-02 6.715686e-01 4.968927e-08
9.313725e-02 6.715686e-01 8.909354e-08
1.029412e-01 6.715686e-01 1.224125e-07
1.127451e-01 6.715686e-01 1.313176e-07
1.225490e-01 6.715686e-01 9.169546e-08
1.323529e-01 6.715686e-01 -2.215603e-08
1.421569e-01 6.715686e-01 -2.341199e-07
1.519608e-01 6.715686e-01 -5.611537e-07
1.617647e-01 6.715686e-01 -1.009332e-06
1.715686e-01 6.715686e-01 -1.571820e-06
1.813725e-01 6.715686e-01 -2.227123e-06
1.911765e-01 6.715686e-01 -2.941419e-06
2.009804e-01 6.715686e-01 -3.671463e-06
2.107843e-01 6.715686e-01 -4.369642e-06
2.205882e-01 6.715686e-01 -4.989832e-06
2.303922e-01 6.715686e-01 -5.491578e-06
2.401961e-01 6.715686e-01 -5.844993e-06
2.500000e-01 6.715686e-01 -6.032966e-06
2.598039e-01 6.715686e-01 -6.051884e-06
2.696078e-01 6.715686e-01 -5.911283e-06
2.794118e-01 6.715686e-01 -5.630741e-06
2.892157e-01 6.715686e-01 -5.237370e-06
2.990196e-01 6.715686e-01 -4.762523e-06
3.088235e-01 6.715686e-01 -4.238016e-06
3.186275e-01 6.715686e-01 -3.694017e-06
3.284314e-01 6.715686e-01 -3.156442e-06
3.382353e-01 6.715686e-01 -2.645707e-06
3.480392e-01 6.715686e-01 -2.176904e-06
3.578431e-01 6.715686e-01 -1.759310e-06
3.676471e-01 6.715686e-01 -1.397272e-06
3.774510e-01 6.715686e-01 -1.091273e-06
3.872549e-01 6.715686e-01 -8.383647e-07
3.970588e-01 6.715686e-01 -6.337655e-07
4.068627e-01 6.715686e-01 -4.717389e-07
4.166667e-01 6.715686e-01 -3.457982e-07
4.264706e-01 6.715686e-01 -2.497636e-07
4.362745e-01 6.715686e-01 -1.778897e-07
4.460784e-01 6.715686e-01 -1.248256e-07
4.558824e-01 6.715686e-01 -8.633249e-08
4.656863e-01 6.715686e-01 -5.895116e-08
4.754902e-01 6.715686e-01 -3.968405e-08
4.852941e-01 6.715686e-01 -2.640316e-08
4.950980e-01 6.715686e-01 -1.741488e-08
5.049020e-01 6.715686e-01 -1.125798e-08
5.147059e-01 6.715686e-01 -7.146170e-09
5.245098e-01 6.715686e-01 -4.526336e-09
5.343137e-01 6.715686e-01 -2.803003e-09
5.441176e-01 6.715686e-01 -1.740346e-09
5.539216e-01 6.715686e-01 -1.148748e-09
5.637255e-01 6.715686e-01 -6.900519e-10
5.735294e-01 6.715686e-01 -3.480808e-10
5.833333e-01 6.715686e-01 -2.015805e-10
5.931373e-01 6.715686e-01 -9.559017e-11
6.029412e-01 6.715686e-01 -3.204654e-11
6.127451e-01 6.715686e-01 -9.310729e-11
6.225490e-01 6.715686e-01 -1.063070e-10
6.323529e-01 6.715686e-01 -1.751440e-11
6.421569e-01 6.715686e-01 1.123136e-11
6.519608e-01 6.715686e-01 1.806029e-11
6.617647e-01 6.715686e-01 7.142212e-11
6.715686e-01 6.715686e-01 3.696895e-11
6.813725e-01 6.715686e-01 -6.395533e-11
6.911765e-01 6.715686e-01 -6.318889e-11
7.009804e-01 6.715686e-01 -2.144643e-11
7.107843e-01 6.715686e-01 -3.013997e-11
7.205882e-01 6.715686e-01 1.383724e-11
7.303922e-01 6.715686e-01 9.564585e-11
7.401961e-01 6.715686e-01 6.715606e-11
7.500000e-01 6.715686e-01 -1.181330e-11
7.598039e-01 6.715686e-01 -1.956532e-11
7.696078e-01 6.715686e-01 -3.586315e-11
7.794118e-01 6.715686e-01 -9.547706e-11
7.892157e-01 6.715686e-01 -6.920446e-11
7.990196e-01 6.715686e-01 3.062028e-11
8.088235e-01 6.715686e-01 6.129376e-11
8.186275e-01 6.715686e-01 4.909518e-11
8.284314e-01 6.715686e-01 8.229191e-11
8.382353e-01 6.715686e-01 7.640768e-11
8.480392e-01 6.715686e-01 -2.498181e-11
8.578431e-01 6.715686e-01 -9.200068e-11
8.676471e-01 6.715686e-01 -5.075694e-11
8.774510e-01 6.715686e-01 -1.278980e-11
8.872549e-01 6.715686e-01 -7.573767e-12
8.970588e-01 6.715686e-01 9.053480e-12
9.068627e-01 6.715686e-01 -4.504480e-12
9.166667e-01 6.715686e-01 -1.992312e-10
9.264706e-01 6.715686e-01 -4.088339e-10
9.362745e-01 6.715686e-01 -4.212753e-10
9.460784e-01 6.715686e-01 2.643518e-11
9.558824e-01 6.715686e-01 7.837820e-10
9.656863e-01 6.715686e-01 1.878831e-09
9.754902e-01 6.715686e-01 2.604258e-09
9.852941e-01 6.715686e-01 2.336614e-09
9.950980e-01 6.715686e-01 -1.367896e-10
4.901961e-03 6.813725e-01 -4.078000e-09
1.470588e-02 6.813725e-01 1.388500e-10
2.450980e-02 6.813725e-01 7.802597e-09
3.431373e-02 6.813725e-01 1.783975e-08
4.411765e-02 6.813725e-01 2.550241e-08
5.392157e-02 6.813725e-01 2.516059e-08
6.372549e-02 6.813725e-01 9.103272e-09
7.352941e-02 6.813725e-01 -2.758322e-08
8.333333e-02 6.813725e-01 -8.450076e-08
9.313725e-02 6.813725e-01 -1.522103e-07
1.029412e-01 6.813725e-01 -2.097943e-07
1.127451e-01 6.813725e-01 -2.259347e-07
1.225490e-01 6.813725e-01 -1.593823e-07
1.323529e-01 6.813725e-01 3.385357e-08
1.421569e-01 6.813725e-01 3.946603e-07
1.519608e-01 6.813725e-01 9.520734e-07
1.617647e-01 6.813725e-01 1.716513e-06
1.715686e-01 6.813725e-01 2.676315e-06
1.813725e-01 6.813725e-01 3.794736e-06
1.911765e-01 6.813725e-01 5.013946e-06
2.009804e-01 6.813725e-01 6.260010e-06
2.107843e-01 6.813725e-01 7.451559e-06
2.205882e-01 6.813725e-01 8.509799e-06
2.303922e-01 6.813725e-01 9.365646e-06
2.401961e-01 6.813725e-01 9.968104e-06
2.500000e-01 6.813725e-01 1.028804e-05
2.598039e-01 6.813725e-01 1.031937e-05
2.696078e-01 6.813725e-01 1.007850e-05
2.794118e-01 6.813725e-01 9.598938e-06
2.892157e-01 6.813725e-01 8.927045e-06
2.990196e-01 6.813725e-01 8.116387e-06
3.088235e-01 6.813725e-01 7.221289e-06
3.186275e-01 6.813725e-01 6.293234e-06
3.284314e-01 6.813725e-01 5.376413e-06
3.382353e-01 6.813725e-01 4.505608e-06
3.480392e-01 6.813725e-01 3.706511e-06
3.578431e-01 6.813725e-01 2.994891e-06
3.676471e-01 6.813725e-01 2.378102e-06
3.774510e-01 6.813725e-01 1.856925e-06
3.872549e-01 6.813725e-01 1.426275e-06
3.970588e-01 6.813725e-01 1.077969e-06
4.068627e-01 6.813725e-01 8.022093e-07
4.166667e-01 6.813725e-01 5.879168e-07
4.264706e-01 6.813725e-01 4.245529e-07
4.362745e-01 6.813725e-01 3.023211e-07
4.460784e-01 6.813725e-01 2.120931e-07
4.558824e-01 6.813725e-01 1.466553e-07
4.656863e-01 6.813725e-01 1.001217e-07
4.754902e-01 6.813725e-01 6.738362e-08
4.852941e-01 6.813725e-01 4.482543e-08
4.950980e-01 6.813725e-01 2.956412e-08
5.049020e-01 6.813725e-01 1.910568e-08
5.147059e-01 6.813725e-01 1.212231e-08
5.245098e-01 6.813725e-01 7.677595e-09
5.343137e-01 6.813725e-01 4.752131e-09
5.441176e-01 6.813725e-01 2.951085e-09
5.539216e-01 6.813725e-01 1.952352e-09
5.637255e-01 6.813725e-01 1.171264e-09
5.735294e-01 6.813725e-01 5.873516e-10
5.833333e-01 6.813725e-01 3.407751e-10
5.931373e-01 6.813725e-01 1.601645e-10
6.029412e-01 6.813725e-01 5.204934e-11
6.127451e-01 6.813725e-01 1.611019e-10
6.225490e-01 6.813725e-01 1.839774e-10
6.323529e-01 6.813725e-01 2.855188e-11
6.421569e-01 6.813725e-01 -1.986548e-11
6.519608e-01 6.813725e-01 -3.104551e-11
6.617647e-01 6.813725e-01 -1.248718e-10
6.715686e-01 6.813725e-01 -6.395533e-11
6.813725e-01 6.813725e-01 1.123899e-10
6.911765e-01 6.813725e-01 1.090818e-10
7.009804e-01 6.813725e-01 3.598664e-11
7.107843e-01 6.813725e-01 5.289792e-11
7.205882e-01 6.813725e-01 -2.383929e-11
7.303922e-01 6.813725e-01 -1.668876e-10
7.401961e-01 6.813725e-01 -1.156302e-10
7.500000e-01 6.813725e-01 2.208521e-11
7.598039e-01 6.813725e-01 3.312558e-11
7.696078e-01 6.813725e-01 6.098389e-11
7.794118e-01 6.813725e-01 1.660719e-10
7.892157e-01 6.813725e-01 1.196317e-10
7.990196e-01 6.813725e-01 -5.471511e-11
8.088235e-01 6.813725e-01 -1.057128e-10
8.186275e-01 6.813725e-01 -8.301429e-11
8.284314e-01 6.813725e-01 -1.424534e-10
8.382353e-01 6.813725e-01 -1.328630e-10
8.480392e-01 6.813725e-01 4.488621e-11
8.578431e-01 6.813725e-01 1.606168e-10
8.676471e-01 6.813725e-01 8.666088e-11
8.774510e-01 6.813725e-01 2.081920e-11
8.872549e-01 6.813725e-01 1.269388e-11
8.970588e-01 6.813725e-01 -1.932322e-11
9.068627e-01 6.813725e-01 9.794709e-13
9.166667e-01 6.813725e-01 3.397310e-10
9.264706e-01 6.813725e-01 7.092158e-10
9.362745e-01 6.813725e-01 7.370902e-10
9.460784e-01 6.813725e-01 -2.674733e-11
9.558824e-01 6.813725e-01 -1.327415e-09
9.656863e-01 6.813725e-01 -3.220136e-09
9.754902e-01 6.813725e-01 -4.498765e-09
9.852941e-01 6.813725e-01 -4.078000e-09
9.950980e-01 6.813725e-01 1.388500e-10
4.901961e-03 6.911765e-01 -3.983994e-09
1.470588e-02 6.911765e-01 1.624290e-10
2.450980e-02 6.911765e-01 7.684942e-09
3.431373e-02 6.911765e-01 1.752832e-08
4.411765e-02 6.911765e-01 2.502139e-08
5.392157e-02 6.911765e-01 2.463478e-08
6.372549e-02 6.911765e-01 8.799562e-09
7.352941e-02 6.911765e-01 -2.729975e-08
8.333333e-02 6.911765e-01 -8.325586e-08
9.313725e-02 6.911765e-01 -1.497694e-07
1.029412e-01 6.911765e-01 -2.062436e-07
1.127451e-01 6.911765e-01 -2.218484e-07
1.225490e-01 6.911765e-01 -1.559799e-07
1.323529e-01 6.911765e-01 3.467248e-08
1.421569e-01 6.911765e-01 3.903786e-07
1.519608e-01 6.911765e-01 9.397585e-07
1.617647e-01 6.911765e-01 1.693112e-06
1.715686e-01 6.911765e-01 2.638997e-06
1.813725e-01 6.911765e-01 3.741274e-06
1.911765e-01 6.911765e-01 4.943026e-06
2.009804e-01 6.911765e-01 6.171447e-06
2.107843e-01 6.911765e-01 7.346372e-06
2.205882e-01 6.911765e-01 8.390139e-06
2.303922e-01 6.911765e-01 9.234622e-06
2.401961e-01 6.911765e-01 9.829493e-06
2.500000e-01 6.911765e-01 1.014594e-05
2.598039e-01 6.911765e-01 1.017789e-05
2.696078e-01 6.911765e-01 9.941395e-06
2.794118e-01 6.911765e-01 9.469424e-06
2.892157e-01 6.911765e-01 8.807618e-06
2.990196e-01 6.911765e-01 8.008757e-06
3.088235e-01 6.911765e-01 7.126388e-06
3.186275e-01 6.911765e-01 6.211285e-06
3.284314e-01 6.911765e-01 5.307053e-06
3.382353e-01 6.911765e-01 4.448031e-06
3.480392e-01 6.911765e-01 3.659598e-06
3.578431e-01 6.911765e-01 2.957350e-06
3.676471e-01 6.911765e-01 2.348581e-06
3.774510e-01 6.911765e-01 1.834096e-06
3.872549e-01 6.911765e-01 1.408911e-06
3.970588e-01 6.911765e-01 1.064975e-06
4.068627e-01 6.911765e-01 7.926335e-07
4.166667e-01 6.911765e-01 5.809679e-07
4.264706e-01 6.911765e-01 4.195825e-07
4.362745e-01 6.911765e-01 2.988138e-07
4.460784e-01 6.911765e-01 2.096576e-07
4.558824e-01 6.911765e-01 1.449884e-07
4.656863e-01 6.911765e-01 9.899409e-08
4.754902e-01 6.911765e-01 6.663235e-08
4.852941e-01 6.911765e-01 4.432900e-08
4.950980e-01 6.911765e-01 2.923791e-08
5.049020e-01 6.911765e-01 1.889840e-08
5.147059e-01 6.911765e-01 1.199315e-08
5.245098e-01 6.911765e-01 7.595991e-09
5.343137e-01 6.911765e-01 4.702708e-09
5.441176e-01 6.911765e-01 2.919729e-09
5.539216e-01 6.911765e-01 1.929665e-09
5.637255e-01 6.911765e-01 1.158890e-09
5.735294e-01 6.911765e-01 5.827415e-10
5.833333e-01 6.911765e-01 3.376808e-10
5.931373e-01 6.911765e-01 1.594752e-10
6.029412e-01 6.911765e-01 5.224504e-11
6.127451e-01 6.911765e-01 1.574809e-10
6.225490e-01 6.911765e-01 1.805254e-10
6.323529e-01 6.911765e-01 2.909626e-11
6.421569e-01 6.911765e-01 -1.923857e-11
6.519608e-01 6.911765e-01 -3.029514e-11
6.617647e-01 6.911765e-01 -1.217369e-10
6.715686e-01 6.911765e-01 -6.318889e-11
6.813725e-01 6.911765e-01 1.090818e-10
6.911765e-01 6.911765e-01 1.072140e-10
7.009804e-01 6.911765e-01 3.580973e-11
7.107843e-01 6.911765e-01 5.157824e-11
7.205882e-01 6.911765e-01 -2.294668e-11
7.303922e-01 6.911765e-01 -1.627775e-10
7.401961e-01 6.911765e-01 -1.139704e-10
7.500000e-01 6.911765e-01 2.071491e-11
7.598039e-01 6.911765e-01 3.278736e-11
7.696078e-01 6.911765e-01 5.992964e-11
7.794118e-01 6.911765e-01 1.622170e-10
7.892157e-01 6.911765e-01 1.177350e-10
7.990196e-01 6.911765e-01 -5.249011e-11
8.088235e-01 6.911765e-01 -1.037976e-10
8.186275e-01 6.911765e-01 -8.209592e-11
8.284314e-01 6.911765e-01 -1.393878e-10
8.382353e-01 6.911765e-01 -1.302886e-10
8.480392e-01 6.911765e-01 4.268986e-11
8.578431e-01 6.911765e-01 1.567894e-10
8.676471e-01 6.911765e-01 8.576636e-11
8.774510e-01 6.911765e-01 2.110654e-11
8.872549e-01 6.911765e-01 1.280530e-11
8.970588e-01 6.911765e-01 -1.711763e-11
9.068627e-01 6.911765e-01 3.261112e-12
9.166667e-01 6.911765e-01 3.333819e-10
9.264706e-01 6.911765e-01 6.927999e-10
9.362745e-01 6.911765e-01 7.192081e-10
9.460784e-01 6.911765e-01 -3.155021e-11
9.558824e-01 6.911765e-01 -1.307614e-09
9.656863e-01 6.911765e-01 -3.161535e-09
9.754902e-01 6.911765e-01 -4.406410e-09
9.852941e-01 6.911765e-01 -3.983994e-09
9.950980e-01 6.911765e-01 1.624290e-10
4.901961e-03 7.009804e-01 -1.328711e-09
1.470588e-02 7.009804e-01 3.610866e-11
2.450980e-02 7.009804e-01 2.523471e-09
3.431373e-02 7.009804e-01 5.789320e-09
4.411765e-02 7.009804e-01 8.290047e-09
5.392157e-02 7.009804e-01 8.195390e-09
6.372549e-02 7.009804e-01 2.992739e-09
7.352941e-02 7.009804e-01 -8.927247e-09
8.333333e-02 7.009804e-01 -2.744938e-08
9.313725e-02 7.009804e-01 -4.951525e-08
1.029412e-01 7.009804e-01 -6.831912e-08
1.127451e-01 7.009804e-01 -7.365762e-08
1.225490e-01 7.009804e-01 -5.207374e-08
1.323529e-01 7.009804e-01 1.080470e-08
1.421569e-01 7.009804e-01 1.283594e-07
1.519608e-01 7.009804e-01 3.101249e-07
1.617647e-01 7.009804e-01 5.595675e-07
1.715686e-01 7.009804e-01 8.729470e-07
1.813725e-01 7.009804e-01 1.238325e-06
1.911765e-01 7.009804e-01 1.636858e-06
2.009804e-01 7.009804e-01 2.044414e-06
2.107843e-01 7.009804e-01 2.434395e-06
2.205882e-01 7.009804e-01 2.781018e-06
2.303922e-01 7.009804e-01 3.061648e-06
2.401961e-01 7.009804e-01 3.259541e-06
2.500000e-01 7.009804e-01 3.365094e-06
2.598039e-01 7.009804e-01 3.376239e-06
2.696078e-01 7.009804e-01 3.298270e-06
2.794118e-01 7.009804e-01 3.142096e-06
2.892157e-01 7.009804e-01 2.922845e-06
2.990196e-01 7.009804e-01 2.658022e-06
3.088235e-01 7.009804e-01 2.365398e-06
3.186275e-01 7.009804e-01 2.061832e-06
3.284314e-01 7.009804e-01 1.761807e-06
3.382353e-01 7.009804e-01 1.476733e-06
3.480392e-01 7.009804e-01 1.215047e-06
3.578431e-01 7.009804e-01 9.819392e-07
3.676471e-01 7.009804e-01 7.798413e-07
3.774510e-01 7.009804e-01 6.090296e-07
3.872549e-01 7.009804e-01 4.678574e-07
3.970588e-01 7.009804e-01 3.536547e-07
4.068627e-01 7.009804e-01 2.632203e-07
4.166667e-01 7.009804e-01 1.929317e-07
4.264706e-01 7.009804e-01 1.393380e-07
4.362745e-01 7.009804e-01 9.923225e-08
4.460784e-01 7.009804e-01 6.962456e-08
4.558824e-01 7.009804e-01 4.814800e-08
4.656863e-01 7.009804e-01 3.287341e-08
4.754902e-01 7.009804e-01 2.212630e-08
4.852941e-01 7.009804e-01 1.471934e-08
4.950980e-01 7.009804e-01 9.708292e-09
5.049020e-01 7.009804e-01 6.275303e-09
5.147059e-01 7.009804e-01 3.982013e-09
5.245098e-01 7.009804e-01 2.521823e-09
5.343137e-01 7.009804e-01 1.561155e-09
5.441176e-01 7.009804e-01 9.688424e-10
5.539216e-01 7.009804e-01 6.404414e-10
5.637255e-01 7.009804e-01 3.850833e-10
5.735294e-01 7.009804e-01 1.935609e-10
5.833333e-01 7.009804e-01 1.120242e-10
5.931373e-01 7.009804e-01 5.295927e-11
6.029412e-01 7.009804e-01 1.700476e-11
6.127451e-01 7.009804e-01 5.191409e-11
6.225490e-01 7.009804e-01 6.016748e-11
6.323529e-01 7.009804e-01 9.949433e-12
6.421569e-01 7.009804e-01 -6.373547e-12
6.519608e-01 7.009804e-01 -9.890122e-12
6.617647e-01 7.009804e-01 -4.040614e-11
6.715686e-01 7.009804e-01 -2.144643e-11
6.813725e-01 7.009804e-01 3.598664e-11
6.911765e-01 7.009804e-01 3.580973e-11
7.009804e-01 7.009804e-01 1.195034e-11
7.107843e-01 7.009804e-01 1.720188e-11
7.205882e-01 7.009804e-01 -7.225034e-12
7.303922e-01 7.009804e-01 -5.395524e-11
7.401961e-01 7.009804e-01 -3.822920e-11
7.500000e-01 7.009804e-01 6.697041e-12
7.598039e-01 7.009804e-01 1.089718e-11
7.696078e-01 7.009804e-01 1.965081e-11
7.794118e-01 7.009804e-01 5.377430e-11
7.892157e-01 7.009804e-01 3.951607e-11
7.990196e-01 7.009804e-01 -1.711469e-11
8.088235e-01 7.009804e-01 -3.452856e-11
8.186275e-01 7.009804e-01 -2.718566e-11
8.284314e-01 7.009804e-01 -4.615145e-11
8.382353e-01 7.009804e-01 -4.361051e-11
8.480392e-01 7.009804e-01 1.369689e-11
8.578431e-01 7.009804e-01 5.211358e-11
8.676471e-01 7.009804e-01 2.877975e-11
8.774510e-01 7.009804e-01 7.089571e-12
8.872549e-01 7.009804e-01 4.342109e-12
8.970588e-01 7.009804e-01 -5.609678e-12
9.068627e-01 7.009804e-01 4.103531e-13
9.166667e-01 7.009804e-01 1.092764e-10
9.264706e-01 7.009804e-01 2.291833e-10
9.362745e-01 7.009804e-01 2.397985e-10
9.460784e-01 7.009804e-01 -7.273944e-12
9.558824e-01 7.009804e-01 -4.289534e-10
9.656863e-01 7.009804e-01 -1.043898e-09
9.754902e-01 7.009804e-01 -1.460444e-09
9.852941e-01 7.009804e-01 -1.328711e-09
9.950980e-01 7.009804e-01 3.610866e-11
4.901961e-03 7.107843e-01 -1.923124e-09
1.470588e-02 7.107843e-01 8.314223e-11
2.450980e-02 7.107843e-01 3.719522e-09
3.431373e-02 7.107843e-01 8.473895e-09
4.411765e-02 7.107843e-01 1.209034e-08
5.392157e-02 7.107843e-01 1.189786e-08
6.372549e-02 7.107843e-01 4.243602e-09
7.352941e-02 7.107843e-01 -1.319307e-08
8.333333e-02 7.107843e-01 -4.021045e-08
9.313725e-02 7.107843e-01 -7.231590e-08
1.029412e-01 7.107843e-01 -9.957007e-08
1.127451e-01 7.107843e-01 -1.071010e-07
1.225490e-01 7.107843e-01 -7.533054e-08
1.323529e-01 7.107843e-01 1.661406e-08
1.421569e-01 7.107843e-01 1.881288e-07
1.519608e-01 7.107843e-01 4.529829e-07
1.617647e-01 7.107843e-01 8.161091e-07
1.715686e-01 7.107843e-01 1.271959e-06
1.813725e-01 7.107843e-01 1.803082e-06
1.911765e-01 7.107843e-01 2.382025e-06
2.009804e-01 7.107843e-01 2.973693e-06
2.107843e-01 7.107843e-01 3.539459e-06
2.205882e-01 7.107843e-01 4.041922e-06
2.303922e-01 7.107843e-01 4.448288e-06
2.401961e-01 7.107843e-01 4.734348e-06
2.500000e-01 7.107843e-01 4.886267e-06
2.598039e-01 7.107843e-01 4.901158e-06
2.696078e-01 7.107843e-01 4.786798e-06
2.794118e-01 7.107843e-01 4.559095e-06
2.892157e-01 7.107843e-01 4.240055e-06
2.990196e-01 7.107843e-01 3.855107e-06
3.088235e-01 7.107843e-01 3.430045e-06
3.186275e-01 7.107843e-01 2.989312e-06
3.284314e-01 7.107843e-01 2.553896e-06
3.382353e-01 7.107843e-01 2.140316e-06
3.480392e-01 7.107843e-01 1.760777e-06
3.578431e-01 7.107843e-01 1.422771e-06
3.676471e-01 7.107843e-01 1.129795e-06
3.774510e-01 7.107843e-01 8.822236e-07
3.872549e-01 7.107843e-01 6.776459e-07
3.970588e-01 7.107843e-01 5.121786e-07
4.068627e-01 7.107843e-01 3.811693e-07
4.166667e-01 7.107843e-01 2.793580e-07
4.264706e-01 7.107843e-01 2.017397e-07
4.362745e-01 7.107843e-01 1.436613e-07
4.460784e-01 7.107843e-01 1.007888e-07
4.558824e-01 7.107843e-01 6.969462e-08
4.656863e-01 7.107843e-01 4.758189e-08
4.754902e-01 7.107843e-01 3.202450e-08
4.852941e-01 7.107843e-01 2.130389e-08
4.950980e-01 7.107843e-01 1.405041e-08
5.049020e-01 7.107843e-01 9.080500e-09
5.147059e-01 7.107843e-01 5.762030e-09
5.245098e-01 7.107843e-01 3.649294e-09
5.343137e-01 7.107843e-01 2.259018e-09
5.441176e-01 7.107843e-01 1.402784e-09
5.539216e-01 7.107843e-01 9.273437e-10
5.637255e-01 7.107843e-01 5.564545e-10
5.735294e-01 7.107843e-01 2.795277e-10
5.833333e-01 7.107843e-01 1.620753e-10
5.931373e-01 7.107843e-01 7.635293e-11
6.029412e-01 7.107843e-01 2.511187e-11
6.127451e-01 7.107843e-01 7.617176e-11
6.225490e-01 7.107843e-01 8.688539e-11
6.323529e-01 7.107843e-01 1.370841e-11
6.421569e-01 7.107843e-01 -9.342490e-12
6.519608e-01 7.107843e-01 -1.477137e-11
6.617647e-01 7.107843e-01 -5.883631e-11
6.715686e-01 7.107843e-01 -3.013997e-11
6.813725e-01 7.107843e-01 5.289792e-11
6.911765e-01 7.107843e-01 5.157824e-11
7.009804e-01 7.107843e-01 1.720188e-11
7.107843e-01 7.107843e-01 2.486530e-11
7.205882e-01 7.107843e-01 -1.138427e-11
7.303922e-01 7.107843e-01 -7.869279e-11
7.401961e-01 7.107843e-01 -5.468632e-11
7.500000e-01 7.107843e-01 1.019598e-11
7.598039e-01 7.107843e-01 1.578678e-11
7.696078e-01 7.107843e-01 2.907937e-11
7.794118e-01 7.107843e-01 7.839144e-11
7.892157e-01 7.107843e-01 5.648551e-11
7.990196e-01 7.107843e-01 -2.563912e-11
8.088235e-01 7.107843e-01 -5.002519e-11
8.186275e-01 7.107843e-01 -3.960163e-11
8.284314e-01 7.107843e-01 -6.736570e-11
8.382353e-01 7.107843e-01 -6.261243e-11
8.480392e-01 7.107843e-01 2.105744e-11
8.578431e-01 7.107843e-01 7.568621e-11
8.676471e-01 7.107843e-01 4.109987e-11
8.774510e-01 7.107843e-01 1.000736e-11
8.872549e-01 7.107843e-01 5.966219e-12
8.970588e-01 7.107843e-01 -8.637610e-12
9.068627e-01 7.107843e-01 1.725204e-12
9.166667e-01 7.107843e-01 1.618437e-10
9.264706e-01 7.107843e-01 3.354468e-10
9.362745e-01 7.107843e-01 3.473082e-10
9.460784e-01 7.107843e-01 -1.604845e-11
9.558824e-01 7.107843e-01 -6.333561e-10
9.656863e-01 7.107843e-01 -1.529267e-09
9.754902e-01 7.107843e-01 -2.130119e-09
9.852941e-01 7.107843e-01 -1.923124e-09
9.950980e-01 7.107843e-01 8.314223e-11
4.901961e-03 7.205882e-01 8.691410e-10
1.470588e-02 7.205882e-01 1.836726e-11
2.450980e-02 7.205882e-01 -1.555468e-09
3.431373e-02 7.205882e-01 -3.640878e-09
4.411765e-02 7.205882e-01 -5.270842e-09
5.392157e-02 7.205882e-01 -5.287659e-09
6.372549e-02 7.205882e-01 -2.090381e-09
7.352941e-02 7.205882e-01 5.363517e-09
8.333333e-02 7.205882e-01 1.703374e-08
9.313725e-02 7.205882e-01 3.102735e-08
1.029412e-01 7.205882e-01 4.309180e-08
1.127451e-01 7.205882e-01 4.682870e-08
1.225490e-01 7.205882e-01 3.377781e-08
1.323529e-01 7.205882e-01 -5.107902e-09
1.421569e-01 7.205882e-01 -7.825845e-08
1.519608e-01 7.205882e-01 -1.916847e-07
1.617647e-01 7.205882e-01 -3.475835e-07
1.715686e-01 7.205882e-01 -5.436220e-07
1.813725e-01 7.205882e-01 -7.723091e-07
1.911765e-01 7.205882e-01 -1.021812e-06
2.009804e-01 7.205882e-01 -1.276975e-06
2.107843e-01 7.205882e-01 -1.521107e-06
2.205882e-01 7.205882e-01 -1.738035e-06
2.303922e-01 7.205882e-01 -1.913571e-06
2.401961e-01 7.205882e-01 -2.037233e-06
2.500000e-01 7.205882e-01 -2.103028e-06
2.598039e-01 7.205882e-01 -2.109696e-06
2.696078e-01 7.205882e-01 -2.060592e-06
2.794118e-01 7.205882e-01 -1.962583e-06
2.892157e-01 7.205882e-01 -1.825168e-06
2.990196e-01 7.205882e-01 -1.659329e-06
3.088235e-01 7.205882e-01 -1.476200e-06
3.186275e-01 7.205882e-01 -1.286334e-06
3.284314e-01 7.205882e-01 -1.098783e-06
3.382353e-01 7.205882e-01 -9.206657e-07
3.480392e-01 7.205882e-01 -7.572425e-07
3.578431e-01 7.205882e-01 -6.117363e-07
3.676471e-01 7.205882e-01 -4.856470e-07
3.774510e-01 7.205882e-01 -3.791297e-07
3.872549e-01 7.205882e-01 -2.911349e-07
3.970588e-01 7.205882e-01 -2.199820e-07
4.068627e-01 7.205882e-01 -1.636649e-07
4.166667e-01 7.205882e-01 -1.199129e-07
4.264706e-01 7.205882e-01 -8.656907e-08
4.362745e-01 7.205882e-01 -6.162950e-08
4.460784e-01 7.205882e-01 -4.322360e-08
4.558824e-01 7.205882e-01 -2.987786e-08
4.656863e-01 7.205882e-01 -2.039167e-08
4.754902e-01 7.205882e-01 -1.371936e-08
4.852941e-01 7.205882e-01 -9.123984e-09
4.950980e-01 7.205882e-01 -6.017364e-09
5.049020e-01 7.205882e-01 -3.887140e-09
5.147059e-01 7.205882e-01 -2.464486e-09
5.245098e-01 7.205882e-01 -1.560565e-09
5.343137e-01 7.205882e-01 -9.651517e-10
5.441176e-01 7.205882e-01 -5.991674e-10
5.539216e-01 7.205882e-01 -3.979139e-10
5.637255e-01 7.205882e-01 -2.386991e-10
5.735294e-01 7.205882e-01 -1.185674e-10
5.833333e-01 7.205882e-01 -6.887485e-11
5.931373e-01 7.205882e-01 -3.198733e-11
6.029412e-01 7.205882e-01 -9.546224e-12
6.127451e-01 7.205882e-01 -3.338287e-11
6.225490e-01 7.205882e-01 -3.875445e-11
6.323529e-01 7.205882e-01 -5.711233e-12
6.421569e-01 7.205882e-01 4.268755e-12
6.519608e-01 7.205882e-01 6.252200e-12
6.617647e-01 7.205882e-01 2.652008e-11
6.715686e-01 7.205882e-01 1.383724e-11
6.813725e-01 7.205882e-01 -2.383929e-11
6.911765e-01 7.205882e-01 -2.294668e-11
7.009804e-01 7.205882e-01 -7.225034e-12
7.107843e-01 7.205882e-01 -1.138427e-11
7.205882e-01 7.205882e-01 4.561040e-12
7.303922e-01 7.205882e-01 3.527170e-11
7.401961e-01 7.205882e-01 2.439165e-11
7.500000e-01 7.205882e-01 -4.972651e-12
7.598039e-01 7.205882e-01 -6.704822e-12
7.696078e-01 7.205882e-01 -1.216685e-11
7.794118e-01 7.205882e-01 -3.494112e-11
7.892157e-01 7.205882e-01 -2.541559e-11
7.990196e-01 7.205882e-01 1.169539e-11
8.088235e-01 7.205882e-01 2.207163e-11
8.186275e-01 7.205882e-01 1.667334e-11
8.284314e-01 7.205882e-01 2.970205e-11
8.382353e-01 7.205882e-01 2.836577e-11
8.480392e-01 7.205882e-01 -9.445638e-12
8.578431e-01 7.205882e-01 -3.411706e-11
8.676471e-01 7.205882e-01 -1.806077e-11
8.774510e-01 7.205882e-01 -4.038749e-12
8.872549e-01 7.205882e-01 -2.658834e-12
8.970588e-01 7.205882e-01 5.087280e-12
9.068627e-01 7.205882e-01 2.622503e-12
9.166667e-01 7.205882e-01 -6.805238e-11
9.264706e-01 7.205882e-01 -1.480071e-10
9.362745e-01 7.205882e-01 -1.576143e-10
9.460784e-01 7.205882e-01 -3.385581e-12
9.558824e-01 7.205882e-01 2.635088e-10
9.656863e-01 7.205882e-01 6.579941e-10
9.754902e-01 7.205882e-01 9.356978e-10
9.852941e-01 7.205882e-01 8.691410e-10
9.950980e-01 7.205882e-01 1.836726e-11
4.901961e-03 7.303922e-01 6.072097e-09
1.470588e-02 7.303922e-01 -2.198079e-10
2.450980e-02 7.303922e-01 -1.164862e-08
3.431373e-02 7.303922e-01 -2.661314e-08
4.411765e-02 7.303922e-01 -3.802728e-08
5.392157e-02 7.303922e-01 -3.749334e-08
6.372549e-02 7.303922e-01 -1.351131e-08
7.352941e-02 7.303922e-01 4.124401e-08
8.333333e-02 7.303922e-01 1.261724e-07
9.313725e-02 7.303922e-01 2.271817e-07
1.029412e-01 7.303922e-01 3.130453e-07
1.127451e-01 7.303922e-01 3.370125e-07
1.225490e-01 7.303922e-01 2.375069e-07
1.323529e-01 7.303922e-01 -5.114628e-08
1.421569e-01 7.303922e-01 -5.899990e-07
1.519608e-01 7.303922e-01 -1.422421e-06
1.617647e-01 7.303922e-01 -2.563997e-06
1.715686e-01 7.303922e-01 -3.997341e-06
1.813725e-01 7.303922e-01 -5.667622e-06
1.911765e-01 7.303922e-01 -7.488520e-06
2.009804e-01 7.303922e-01 -9.349651e-06
2.107843e-01 7.303922e-01 -1.112951e-05
2.205882e-01 7.303922e-01 -1.271041e-05
2.303922e-01 7.303922e-01 -1.398915e-05
2.401961e-01 7.303922e-01 -1.488954e-05
2.500000e-01 7.303922e-01 -1.536801e-05
2.598039e-01 7.303922e-01 -1.541542e-05
2.696078e-01 7.303922e-01 -1.505622e-05
2.794118e-01 7.303922e-01 -1.434040e-05
2.892157e-01 7.303922e-01 -1.333719e-05
2.990196e-01 7.303922e-01 -1.212657e-05
3.088235e-01 7.303922e-01 -1.078969e-05
3.186275e-01 7.303922e-01 -9.403442e-06
3.284314e-01 7.303922e-01 -8.033862e-06
3.382353e-01 7.303922e-01 -6.732925e-06
3.480392e-01 7.303922e-01 -5.539038e-06
3.578431e-01 7.303922e-01 -4.475776e-06
3.676471e-01 7.303922e-01 -3.554152e-06
3.774510e-01 7.303922e-01 -2.775349e-06
3.872549e-01 7.303922e-01 -2.131789e-06
3.970588e-01 7.303922e-01 -1.611257e-06
4.068627e-01 7.303922e-01 -1.199121e-06
4.166667e-01 7.303922e-01 -8.788358e-07
4.264706e-01 7.303922e-01 -6.346574e-07
4.362745e-01 7.303922e-01 -4.519503e-07
4.460784e-01 7.303922e-01 -3.170773e-07
4.558824e-01 7.303922e-01 -2.192564e-07
4.656863e-01 7.303922e-01 -1.496913e-07
4.754902e-01 7.303922e-01 -1.007483e-07
4.852941e-01 7.303922e-01 -6.702183e-08
4.950980e-01 7.303922e-01 -4.420387e-08
5.049020e-01 7.303922e-01 -2.856831e-08
5.147059e-01 7.303922e-01 -1.812735e-08
5.245098e-01 7.303922e-01 -1.148084e-08
5.343137e-01 7.303922e-01 -7.106720e-09
5.441176e-01 7.303922e-01 -4.412847e-09
5.539216e-01 7.303922e-01 -2.918352e-09
5.637255e-01 7.303922e-01 -1.751509e-09
5.735294e-01 7.303922e-01 -8.791711e-10
5.833333e-01 7.303922e-01 -5.098237e-10
5.931373e-01 7.303922e-01 -2.400316e-10
6.029412e-01 7.303922e-01 -7.819129e-11
6.127451e-01 7.303922e-01 -2.398192e-10
6.225490e-01 7.303922e-01 -2.743298e-10
6.323529e-01 7.303922e-01 -4.320082e-11
6.421569e-01 7.303922e-01 2.948666e-11
6.519608e-01 7.303922e-01 4.619657e-11
6.617647e-01 7.303922e-01 1.857513e-10
6.715686e-01 7.303922e-01 9.564585e-11
6.813725e-01 7.303922e-01 -1.668876e-10
6.911765e-01 7.303922e-01 -1.627775e-10
7.009804e-01 7.303922e-01 -5.395524e-11
7.107843e-01 7.303922e-01 -7.869279e-11
7.205882e-01 7.303922e-01 3.527170e-11
7.303922e-01 7.303922e-01 2.482878e-10
7.401961e-01 7.303922e-01 1.727409e-10
7.500000e-01 7.303922e-01 -3.237037e-11
7.598039e-01 7.303922e-01 -4.956260e-11
7.696078e-01 7.303922e-01 -9.097704e-11
7.794118e-01 7.303922e-01 -2.472065e-10
7.892157e-01 7.303922e-01 -1.786131e-10
7.990196e-01 7.303922e-01 8.087938e-11
8.088235e-01 7.303922e-01 1.576789e-10
8.186275e-01 7.303922e-01 1.241534e-10
8.284314e-01 7.303922e-01 2.121811e-10
8.382353e-01 7.303922e-01 1.980840e-10
8.480392e-01 7.303922e-01 -6.612986e-11
8.578431e-01 7.303922e-01 -2.390410e-10
8.676471e-01 7.303922e-01 -1.296623e-10
8.774510e-01 7.303922e-01 -3.142003e-11
8.872549e-01 7.303922e-01 -1.909750e-11
8.970588e-01 7.303922e-01 2.779378e-11
9.068627e-01 7.303922e-01 -2.725487e-12
9.166667e-01 7.303922e-01 -5.065390e-10
9.264706e-01 7.303922e-01 -1.055807e-09
9.362745e-01 7.303922e-01 -1.097008e-09
9.460784e-01 7.303922e-01 4.252780e-11
9.558824e-01 7.303922e-01 1.981884e-09
9.656863e-01 7.303922e-01 4.802494e-09
9.754902e-01 7.303922e-01 6.704098e-09
9.852941e-01 7.303922e-01 6.072097e-09
9.950980e-01 7.303922e-01 -2.198079e-10
4.901961e-03 7.401961e-01 4.228296e-09
1.470588e-02 7.401961e-01 -1.869969e-10
2.450980e-02 7.401961e-01 -8.189420e-09
3.431373e-02 7.401961e-01 -1.865443e-08
4.411765e-02 7.401961e-01 -2.660939e-08
5.392157e-02 7.401961e-01 -2.617195e-08
6.372549e-02 7.401961e-01 -9.293906e-09
7.352941e-02 7.401961e-01 2.913951e-08
8.333333e-02 7.401961e-01 8.868436e-08
9.313725e-02 7.401961e-01 1.594338e-07
1.029412e-01 7.401961e-01 2.194583e-07
1.127451e-01 7.401961e-01 2.359399e-07
1.225490e-01 7.401961e-01 1.656637e-07
1.323529e-01 7.401961e-01 -3.746299e-08
1.421569e-01 7.401961e-01 -4.162954e-07
1.519608e-01 7.401961e-01 -1.001291e-06
1.617647e-01 7.401961e-01 -1.803407e-06
1.715686e-01 7.401961e-01 -2.810464e-06
1.813725e-01 7.401961e-01 -3.983995e-06
1.911765e-01 7.401961e-01 -5.263416e-06
2.009804e-01 7.401961e-01 -6.571234e-06
2.107843e-01 7.401961e-01 -7.822118e-06
2.205882e-01 7.401961e-01 -8.933394e-06
2.303922e-01 7.401961e-01 -9.832540e-06
2.401961e-01 7.401961e-01 -1.046597e-05
2.500000e-01 7.401961e-01 -1.080300e-05
2.598039e-01 7.401961e-01 -1.083714e-05
2.696078e-01 7.401961e-01 -1.058549e-05
2.794118e-01 7.401961e-01 -1.008311e-05
2.892157e-01 7.401961e-01 -9.378592e-06
2.990196e-01 7.401961e-01 -8.528117e-06
3.088235e-01 7.401961e-01 -7.588693e-06
3.186275e-01 7.401961e-01 -6.614375e-06
3.284314e-01 7.401961e-01 -5.651593e-06
3.382353e-01 7.401961e-01 -4.736917e-06
3.480392e-01 7.401961e-01 -3.897374e-06
3.578431e-01 7.401961e-01 -3.149577e-06
3.676471e-01 7.401961e-01 -2.501301e-06
3.774510e-01 7.401961e-01 -1.953409e-06
3.872549e-01 7.401961e-01 -1.500603e-06
3.970588e-01 7.401961e-01 -1.134313e-06
4.068627e-01 7.401961e-01 -8.442607e-07
4.166667e-01 7.401961e-01 -6.188240e-07
4.264706e-01 7.401961e-01 -4.469334e-07
4.362745e-01 7.401961e-01 -3.182993e-07
4.460784e-01 7.401961e-01 -2.233348e-07
4.558824e-01 7.401961e-01 -1.544509e-07
4.656863e-01 7.401961e-01 -1.054571e-07
4.754902e-01 7.401961e-01 -7.098432e-08
4.852941e-01 7.401961e-01 -4.722498e-08
4.950980e-01 7.401961e-01 -3.114801e-08
5.049020e-01 7.401961e-01 -2.013383e-08
5.147059e-01 7.401961e-01 -1.277784e-08
5.245098e-01 7.401961e-01 -8.092996e-09
5.343137e-01 7.401961e-01 -5.010709e-09
5.441176e-01 7.401961e-01 -3.110831e-09
5.539216e-01 7.401961e-01 -2.055297e-09
5.637255e-01 7.401961e-01 -1.234576e-09
5.735294e-01 7.401961e-01 -6.213010e-10
5.833333e-01 7.401961e-01 -3.599126e-10
5.931373e-01 7.401961e-01 -1.701843e-10
6.029412e-01 7.401961e-01 -5.598645e-11
6.127451e-01 7.401961e-01 -1.672941e-10
6.225490e-01 7.401961e-01 -1.918045e-10
6.323529e-01 7.401961e-01 -3.119006e-11
6.421569e-01 7.401961e-01 2.038322e-11
6.519608e-01 7.401961e-01 3.222519e-11
6.617647e-01 7.401961e-01 1.291525e-10
6.715686e-01 7.401961e-01 6.715606e-11
6.813725e-01 7.401961e-01 -1.156302e-10
6.911765e-01 7.401961e-01 -1.139704e-10
7.009804e-01 7.401961e-01 -3.822920e-11
7.107843e-01 7.401961e-01 -5.468632e-11
7.205882e-01 7.401961e-01 2.439165e-11
7.303922e-01 7.401961e-01 1.727409e-10
7.401961e-01 7.401961e-01 1.212019e-10
7.500000e-01 7.401961e-01 -2.174790e-11
7.598039e-01 7.401961e-01 -3.495906e-11
7.696078e-01 7.401961e-01 -6.384398e-11
7.794118e-01 7.401961e-01 -1.722248e-10
7.892157e-01 7.401961e-01 -1.251273e-10
7.990196e-01 7.401961e-01 5.549477e-11
8.088235e-01 7.401961e-01 1.103511e-10
8.186275e-01 7.401961e-01 8.753702e-11
8.284314e-01 7.401961e-01 1.480901e-10
8.382353e-01 7.401961e-01 1.383384e-10
8.480392e-01 7.401961e-01 -4.509189e-11
8.578431e-01 7.401961e-01 -1.663776e-10
8.676471e-01 7.401961e-01 -9.132325e-11
8.774510e-01 7.401961e-01 -2.262242e-11
8.872549e-01 7.401961e-01 -1.365079e-11
8.970588e-01 7.401961e-01 1.763407e-11
9.068627e-01 7.401961e-01 -4.515575e-12
9.166667e-01 7.401961e-01 -3.550018e-10
9.264706e-01 7.401961e-01 -7.358889e-10
9.362745e-01 7.401961e-01 -7.630236e-10
9.460784e-01 7.401961e-01 3.633584e-11
9.558824e-01 7.401961e-01 1.393784e-09
9.656863e-01 7.401961e-01 3.364092e-09
9.754902e-01 7.401961e-01 4.683426e-09
9.852941e-01 7.401961e-01 4.228296e-09
9.950980e-01 7.401961e-01 -1.869969e-10
4.901961e-03 7.500000e-01 -7.827295e-10
1.470588e-02 7.500000e-01 3.122249e-11
2.450980e-02 7.500000e-01 1.506521e-09
3.431373e-02 7.500000e-01 3.433503e-09
4.411765e-02 7.500000e-01 4.900566e-09
5.392157e-02 7.500000e-01 4.826132e-09
6.372549e-02 7.500000e-01 1.732534e-09
7.352941e-02 7.500000e-01 -5.316355e-09
8.333333e-02 7.500000e-01 -1.623457e-08
9.313725e-02 7.500000e-01 -2.920245e-08
1.029412e-01 7.500000e-01 -4.020732e-08
1.127451e-01 7.500000e-01 -4.325075e-08
1.225490e-01 7.500000e-01 -3.044486e-08
1.323529e-01 7.500000e-01 6.607099e-09
1.421569e-01 7.500000e-01 7.569203e-08
1.519608e-01 7.500000e-01 1.823158e-07
1.617647e-01 7.500000e-01 3.284204e-07
1.715686e-01 7.500000e-01 5.117272e-07
1.813725e-01 7.500000e-01 7.251725e-07
1.911765e-01 7.500000e-01 9.576819e-07
2.009804e-01 7.500000e-01 1.195127e-06
2.107843e-01 7.500000e-01 1.421987e-06
2.205882e-01 7.500000e-01 1.623256e-06
2.303922e-01 7.500000e-01 1.785800e-06
2.401961e-01 7.500000e-01 1.899949e-06
2.500000e-01 7.500000e-01 1.960210e-06
2.598039e-01 7.500000e-01 1.965485e-06
2.696078e-01 7.500000e-01 1.918956e-06
2.794118e-01 7.500000e-01 1.827048e-06
2.892157e-01 7.500000e-01 1.698624e-06
2.990196e-01 7.500000e-01 1.543903e-06
3.088235e-01 7.500000e-01 1.373233e-06
3.186275e-01 7.500000e-01 1.196413e-06
3.284314e-01 7.500000e-01 1.021838e-06
3.382353e-01 7.500000e-01 8.561095e-07
3.480392e-01 7.500000e-01 7.040972e-07
3.578431e-01 7.500000e-01 5.687797e-07
3.676471e-01 7.500000e-01 4.515383e-07
3.774510e-01 7.500000e-01 3.525046e-07
3.872549e-01 7.500000e-01 2.706967e-07
3.970588e-01 7.500000e-01 2.045501e-07
4.068627e-01 7.500000e-01 1.521950e-07
4.166667e-01 7.500000e-01 1.115198e-07
4.264706e-01 7.500000e-01 8.051928e-08
4.362745e-01 7.500000e-01 5.732892e-08
4.460784e-01 7.500000e-01 4.021259e-08
4.558824e-01 7.500000e-01 2.780174e-08
4.656863e-01 7.500000e-01 1.897819e-08
4.754902e-01 7.500000e-01 1.277115e-08
4.852941e-01 7.500000e-01 8.495525e-09
4.950980e-01 7.500000e-01 5.603008e-09
5.049020e-01 7.500000e-01 3.619841e-09
5.147059e-01 7.500000e-01 2.296374e-09
5.245098e-01 7.500000e-01 1.454550e-09
5.343137e-01 7.500000e-01 9.000979e-10
5.441176e-01 7.500000e-01 5.594739e-10
5.539216e-01 7.500000e-01 3.706348e-10
5.637255e-01 7.500000e-01 2.216682e-10
5.735294e-01 7.500000e-01 1.107435e-10
5.833333e-01 7.500000e-01 6.448623e-11
5.931373e-01 7.500000e-01 3.004784e-11
6.029412e-01 7.500000e-01 9.881632e-12
6.127451e-01 7.500000e-01 3.135445e-11
6.225490e-01 7.500000e-01 3.513730e-11
6.323529e-01 7.500000e-01 4.945312e-12
6.421569e-01 7.500000e-01 -3.893215e-12
6.519608e-01 7.500000e-01 -6.111415e-12
6.617647e-01 7.500000e-01 -2.419992e-11
6.715686e-01 7.500000e-01 -1.181330e-11
6.813725e-01 7.500000e-01 2.208521e-11
6.911765e-01 7.500000e-01 2.071491e-11
7.009804e-01 7.500000e-01 6.697041e-12
7.107843e-01 7.500000e-01 1.019598e-11
7.205882e-01 7.500000e-01 -4.972651e-12
7.303922e-01 7.500000e-01 -3.237037e-11
7.401961e-01 7.500000e-01 -2.174790e-11
7.500000e-01 7.500000e-01 4.662793e-12
7.598039e-01 7.500000e-01 6.253271e-12
7.696078e-01 7.500000e-01 1.182554e-11
7.794118e-01 7.500000e-01 3.213465e-11
7.892157e-01 7.500000e-01 2.254429e-11
7.990196e-01 7.500000e-01 -1.108395e-11
8.088235e-01 7.500000e-01 -2.020509e-11
8.186275e-01 7.500000e-01 -1.575867e-11
8.284314e-01 7.500000e-01 -2.752541e-11
8.382353e-01 7.500000e-01 -2.527222e-11
8.480392e-01 7.500000e-01 9.352390e-12
8.578431e-01 7.500000e-01 3.101910e-11
8.676471e-01 7.500000e-01 1.618285e-11
8.774510e-01 7.500000e-01 3.734644e-12
8.872549e-01 7.500000e-01 2.291446e-12
8.970588e-01 7.500000e-01 -4.304858e-12
9.068627e-01 7.500000e-01 -8.269729e-14
9.166667e-01 7.500000e-01 6.605247e-11
9.264706e-01 7.500000e-01 1.374491e-10
9.362745e-01 7.500000e-01 1.418050e-10
9.460784e-01 7.500000e-01 -5.755243e-12
9.558824e-01 7.500000e-01 -2.564567e-10
9.656863e-01 7.500000e-01 -6.206163e-10
9.754902e-01 7.500000e-01 -8.663966e-10
9.852941e-01 7.500000e-01 -7.827295e-10
9.950980e-01 7.500000e-01 3.122249e-11
4.901961e-03 7.598039e-01 -1.215509e-09
1.470588e-02 7.598039e-01 3.838230e-11
2.450980e-02 7.598039e-01 2.320061e-09
3.431373e-02 7.598039e-01 5.312210e-09
4.411765e-02 7.598039e-01 7.597776e-09
5.392157e-02 7.598039e-01 7.498063e-09
6.372549e-02 7.598039e-01 2.710306e-09
7.352941e-02 7.598039e-01 -8.236258e-09
8.333333e-02 7.598039e-01 -2.522759e-08
9.313725e-02 7.598039e-01 -4.544763e-08
1.029412e-01 7.598039e-01 -6.264311e-08
1.127451e-01 7.598039e-01 -6.744541e-08
1.225490e-01 7.598039e-01 -4.750502e-08
1.323529e-01 7.598039e-01 1.036153e-08
1.421569e-01 7.598039e-01 1.184228e-07
1.519608e-01 7.598039e-01 2.854119e-07
1.617647e-01 7.598039e-01 5.144920e-07
1.715686e-01 7.598039e-01 8.022135e-07
1.813725e-01 7.598039e-01 1.137607e-06
1.911765e-01 7.598039e-01 1.503370e-06
2.009804e-01 7.598039e-01 1.877356e-06
2.107843e-01 7.598039e-01 2.235161e-06
2.205882e-01 7.598039e-01 2.553135e-06
2.303922e-01 7.598039e-01 2.810520e-06
2.401961e-01 7.598039e-01 2.991965e-06
2.500000e-01 7.598039e-01 3.088670e-06
2.598039e-01 7.598039e-01 3.098753e-06
2.696078e-01 7.598039e-01 3.027078e-06
2.794118e-01 7.598039e-01 2.883662e-06
2.892157e-01 7.598039e-01 2.682387e-06
2.990196e-01 7.598039e-01 2.439315e-06
3.088235e-01 7.598039e-01 2.170753e-06
3.186275e-01 7.598039e-01 1.892164e-06
3.284314e-01 7.598039e-01 1.616835e-06
3.382353e-01 7.598039e-01 1.355232e-06
3.480392e-01 7.598039e-01 1.115094e-06
3.578431e-01 7.598039e-01 9.011810e-07
3.676471e-01 7.598039e-01 7.157230e-07
3.774510e-01 7.598039e-01 5.589727e-07
3.872549e-01 7.598039e-01 4.294189e-07
3.970588e-01 7.598039e-01 3.246121e-07
4.068627e-01 7.598039e-01 2.416154e-07
4.166667e-01 7.598039e-01 1.771049e-07
4.264706e-01 7.598039e-01 1.279149e-07
4.362745e-01 7.598039e-01 9.110257e-08
4.460784e-01 7.598039e-01 6.392454e-08
4.558824e-01 7.598039e-01 4.420935e-08
4.656863e-01 7.598039e-01 3.018655e-08
4.754902e-01 7.598039e-01 2.031949e-08
4.852941e-01 7.598039e-01 1.351863e-08
4.950980e-01 7.598039e-01 8.917086e-09
5.049020e-01 7.598039e-01 5.764295e-09
5.147059e-01 7.598039e-01 3.658177e-09
5.245098e-01 7.598039e-01 2.317020e-09
5.343137e-01 7.598039e-01 1.434538e-09
5.441176e-01 7.598039e-01 8.904614e-10
5.539216e-01 7.598039e-01 5.886301e-10
5.637255e-01 7.598039e-01 3.538253e-10
5.735294e-01 7.598039e-01 1.779094e-10
5.833333e-01 7.598039e-01 1.030498e-10
5.931373e-01 7.598039e-01 4.872966e-11
6.029412e-01 7.598039e-01 1.574952e-11
6.127451e-01 7.598039e-01 4.781100e-11
6.225490e-01 7.598039e-01 5.520186e-11
6.323529e-01 7.598039e-01 9.032551e-12
6.421569e-01 7.598039e-01 -5.842542e-12
6.519608e-01 7.598039e-01 -9.079011e-12
6.617647e-01 7.598039e-01 -3.709821e-11
6.715686e-01 7.598039e-01 -1.956532e-11
6.813725e-01 7.598039e-01 3.312558e-11
6.911765e-01 7.598039e-01 3.278736e-11
7.009804e-01 7.598039e-01 1.089718e-11
7.107843e-01 7.598039e-01 1.578678e-11
7.205882e-01 7.598039e-01 -6.704822e-12
7.303922e-01 7.598039e-01 -4.956260e-11
7.401961e-01 7.598039e-01 -3.495906e-11
7.500000e-01 7.598039e-01 6.253271e-12
7.598039e-01 7.598039e-01 9.970709e-12
7.696078e-01 7.598039e-01 1.803679e-11
7.794118e-01 7.598039e-01 4.937988e-11
7.892157e-01 7.598039e-01 3.615308e-11
7.990196e-01 7.598039e-01 -1.584172e-11
8.088235e-01 7.598039e-01 -3.165674e-11
8.186275e-01 7.598039e-01 -2.488327e-11
8.284314e-01 7.598039e-01 -4.237384e-11
8.382353e-01 7.598039e-01 -3.997048e-11
8.480392e-01 7.598039e-01 1.271715e-11
8.578431e-01 7.598039e-01 4.784791e-11
8.676471e-01 7.598039e-01 2.630324e-11
8.774510e-01 7.598039e-01 6.493355e-12
8.872549e-01 7.598039e-01 4.063792e-12
8.970588e-01 7.598039e-01 -5.136440e-12
9.068627e-01 7.598039e-01 3.687684e-13
9.166667e-01 7.598039e-01 1.003308e-10
9.264706e-01 7.598039e-01 2.101636e-10
9.362745e-01 7.598039e-01 2.194431e-10
9.460784e-01 7.598039e-01 -7.538577e-12
9.558824e-01 7.598039e-01 -3.942025e-10
9.656863e-01 7.598039e-01 -9.576473e-10
9.754902e-01 7.598039e-01 -1.338401e-09
9.852941e-01 7.598039e-01 -1.215509e-09
9.950980e-01 7.598039e-01 3.838230e-11
4.901961e-03 7.696078e-01 -2.237289e-09
1.470588e-02 7.696078e-01 3.422764e-11
2.450980e-02 7.696078e-01 4.188312e-09
3.431373e-02 7.696078e-01 9.653449e-09
4.411765e-02 7.696078e-01 1.385864e-08
5.392157e-02 7.696078e-01 1.374807e-08
6.372549e-02 7.696078e-01 5.119922e-09
7.352941e-02 7.696078e-01 -1.472645e-08
8.333333e-02 7.696078e-01 -4.561667e-08
9.313725e-02 7.696078e-01 -8.246853e-08
1.029412e-01 7.696078e-01 -1.139534e-07
1.127451e-01 7.696078e-01 -1.230755e-07
1.225490e-01 7.696078e-01 -8.740940e-08
1.323529e-01 7.696078e-01 1.699797e-08
1.421569e-01 7.696078e-01 2.124472e-07
1.519608e-01 7.696078e-01 5.148223e-07
1.617647e-01 7.696078e-01 9.298941e-07
1.715686e-01 7.696078e-01 1.451425e-06
1.813725e-01 7.696078e-01 2.059519e-06
1.911765e-01 7.696078e-01 2.722773e-06
2.009804e-01 7.696078e-01 3.400988e-06
2.107843e-01 7.696078e-01 4.049870e-06
2.205882e-01 7.696078e-01 4.626500e-06
2.303922e-01 7.696078e-01 5.093205e-06
2.401961e-01 7.696078e-01 5.422144e-06
2.500000e-01 7.696078e-01 5.597363e-06
2.598039e-01 7.696078e-01 5.615469e-06
2.696078e-01 7.696078e-01 5.485316e-06
2.794118e-01 7.696078e-01 5.225094e-06
2.892157e-01 7.696078e-01 4.860005e-06
2.990196e-01 7.696078e-01 4.419200e-06
3.088235e-01 7.696078e-01 3.932257e-06
3.186275e-01 7.696078e-01 3.427220e-06
3.284314e-01 7.696078e-01 2.928177e-06
3.382353e-01 7.696078e-01 2.454088e-06
3.480392e-01 7.696078e-01 2.018971e-06
3.578431e-01 7.696078e-01 1.631436e-06
3.676471e-01 7.696078e-01 1.295507e-06
3.774510e-01 7.696078e-01 1.011629e-06
3.872549e-01 7.696078e-01 7.770424e-07
3.970588e-01 7.696078e-01 5.872983e-07
4.068627e-01 7.696078e-01 4.370670e-07
4.166667e-01 7.696078e-01 3.203180e-07
4.264706e-01 7.696078e-01 2.313123e-07
4.362745e-01 7.696078e-01 1.647166e-07
4.460784e-01 7.696078e-01 1.155570e-07
4.558824e-01 7.696078e-01 7.990247e-08
4.656863e-01 7.696078e-01 5.454846e-08
4.754902e-01 7.696078e-01 3.671106e-08
4.852941e-01 7.696078e-01 2.441998e-08
4.950980e-01 7.696078e-01 1.610621e-08
5.049020e-01 7.696078e-01 1.040894e-08
5.147059e-01 7.696078e-01 6.603522e-09
5.245098e-01 7.696078e-01 4.181974e-09
5.343137e-01 7.696078e-01 2.588209e-09
5.441176e-01 7.696078e-01 1.606522e-09
5.539216e-01 7.696078e-01 1.063385e-09
5.637255e-01 7.696078e-01 6.388145e-10
5.735294e-01 7.696078e-01 3.200134e-10
5.833333e-01 7.696078e-01 1.854583e-10
5.931373e-01 7.696078e-01 8.721410e-11
6.029412e-01 7.696078e-01 2.754116e-11
6.127451e-01 7.696078e-01 8.719321e-11
6.225490e-01 7.696078e-01 1.008990e-10
6.323529e-01 7.696078e-01 1.605359e-11
6.421569e-01 7.696078e-01 -1.082931e-11
6.519608e-01 7.696078e-01 -1.654748e-11
6.617647e-01 7.696078e-01 -6.819441e-11
6.715686e-01 7.696078e-01 -3.586315e-11
6.813725e-01 7.696078e-01 6.098389e-11
6.911765e-01 7.696078e-01 5.992964e-11
7.009804e-01 7.696078e-01 1.965081e-11
7.107843e-01 7.696078e-01 2.907937e-11
7.205882e-01 7.696078e-01 -1.216685e-11
7.303922e-01 7.696078e-01 -9.097704e-11
7.401961e-01 7.696078e-01 -6.384398e-11
7.500000e-01 7.696078e-01 1.182554e-11
7.598039e-01 7.696078e-01 1.803679e-11
7.696078e-01 7.696078e-01 3.265425e-11
7.794118e-01 7.696078e-01 9.049838e-11
7.892157e-01 7.696078e-01 6.614738e-11
7.990196e-01 7.696078e-01 -2.935603e-11
8.088235e-01 7.696078e-01 -5.779102e-11
8.186275e-01 7.696078e-01 -4.496858e-11
8.284314e-01 7.696078e-01 -7.745638e-11
8.382353e-01 7.696078e-01 -7.329280e-11
8.480392e-01 7.696078e-01 2.362431e-11
8.578431e-01 7.696078e-01 8.787262e-11
8.676471e-01 7.696078e-01 4.782386e-11
8.774510e-01 7.696078e-01 1.145986e-11
8.872549e-01 7.696078e-01 7.177207e-12
8.970588e-01 7.696078e-01 -1.056846e-11
9.068627e-01 7.696078e-01 -1.388787e-12
9.166667e-01 7.696078e-01 1.819047e-10
9.264706e-01 7.696078e-01 3.850256e-10
9.362745e-01 7.696078e-01 4.044032e-10
9.460784e-01 7.696078e-01 -6.982030e-12
9.558824e-01 7.696078e-01 -7.113117e-10
9.656863e-01 7.696078e-01 -1.741813e-09
9.754902e-01 7.696078e-01 -2.446829e-09
9.852941e-01 7.696078e-01 -2.237289e-09
9.950980e-01 7.696078e-01 3.422764e-11
4.901961e-03 7.794118e-01 -6.049556e-09
1.470588e-02 7.794118e-01 2.114742e-10
2.450980e-02 7.794118e-01 1.158904e-08
3.431373e-02 7.794118e-01 2.649125e-08
4.411765e-02 7.794118e-01 3.786407e-08
5.392157e-02 7.794118e-01 3.734655e-08
6.372549e-02 7.794118e-01 1.348598e-08
7.352941e-02 7.794118e-01 -4.101747e-08
8.333333e-02 7.794118e-01 -1.255748e-07
9.313725e-02 7.794118e-01 -2.261643e-07
1.029412e-01 7.794118e-01 -3.117009e-07
1.127451e-01 7.794118e-01 -3.356389e-07
1.225490e-01 7.794118e-01 -2.366637e-07
1.323529e-01 7.794118e-01 5.062843e-08
1.421569e-01 7.794118e-01 5.870456e-07
1.519608e-01 7.794118e-01 1.415796e-06
1.617647e-01 7.794118e-01 2.552419e-06
1.715686e-01 7.794118e-01 3.979627e-06
1.813725e-01 7.794118e-01 5.642840e-06
1.911765e-01 7.794118e-01 7.456111e-06
2.009804e-01 7.794118e-01 9.309525e-06
2.107843e-01 7.794118e-01 1.108208e-05
2.205882e-01 7.794118e-01 1.265656e-05
2.303922e-01 7.794118e-01 1.393020e-05
2.401961e-01 7.794118e-01 1.482709e-05
2.500000e-01 7.794118e-01 1.530381e-05
2.598039e-01 7.794118e-01 1.535126e-05
2.696078e-01 7.794118e-01 1.499375e-05
2.794118e-01 7.794118e-01 1.428107e-05
2.892157e-01 7.794118e-01 1.328215e-05
2.990196e-01 7.794118e-01 1.207664e-05
3.088235e-01 7.794118e-01 1.074534e-05
3.186275e-01 7.794118e-01 9.364859e-06
3.284314e-01 7.794118e-01 8.000945e-06
3.382353e-01 7.794118e-01 6.705371e-06
3.480392e-01 7.794118e-01 5.516391e-06
3.578431e-01 7.794118e-01 4.457490e-06
3.676471e-01 7.794118e-01 3.539638e-06
3.774510e-01 7.794118e-01 2.764019e-06
3.872549e-01 7.794118e-01 2.123087e-06
3.970588e-01 7.794118e-01 1.604678e-06
4.068627e-01 7.794118e-01 1.194224e-06
4.166667e-01 7.794118e-01 8.752449e-07
4.264706e-01 7.794118e-01 6.320622e-07
4.362745e-01 7.794118e-01 4.501006e-07
4.460784e-01 7.794118e-01 3.157785e-07
4.558824e-01 7.794118e-01 2.183571e-07
4.656863e-01 7.794118e-01 1.490764e-07
4.754902e-01 7.794118e-01 1.003337e-07
4.852941e-01 7.794118e-01 6.674539e-08
4.950980e-01 7.794118e-01 4.402130e-08
5.049020e-01 7.794118e-01 2.845030e-08
5.147059e-01 7.794118e-01 1.805220e-08
5.245098e-01 7.794118e-01 1.143308e-08
5.343137e-01 7.794118e-01 7.077066e-09
5.441176e-01 7.794118e-01 4.394203e-09
5.539216e-01 7.794118e-01 2.906060e-09
5.637255e-01 7.794118e-01 1.744356e-09
5.735294e-01 7.794118e-01 8.755421e-10
5.833333e-01 7.794118e-01 5.076371e-10
5.931373e-01 7.794118e-01 2.390291e-10
6.029412e-01 7.794118e-01 7.769740e-11
6.127451e-01 7.794118e-01 2.386257e-10
6.225490e-01 7.794118e-01 2.732970e-10
6.323529e-01 7.794118e-01 4.317278e-11
6.421569e-01 7.794118e-01 -2.936339e-11
6.519608e-01 7.794118e-01 -4.593327e-11
6.617647e-01 7.794118e-01 -1.849658e-10
6.715686e-01 7.794118e-01 -9.547706e-11
6.813725e-01 7.794118e-01 1.660719e-10
6.911765e-01 7.794118e-01 1.622170e-10
7.009804e-01 7.794118e-01 5.377430e-11
7.107843e-01 7.794118e-01 7.839144e-11
7.205882e-01 7.794118e-01 -3.494112e-11
7.303922e-01 7.794118e-01 -2.472065e-10
7.401961e-01 7.794118e-01 -1.722248e-10
7.500000e-01 7.794118e-01 3.213465e-11
7.598039e-01 7.794118e-01 4.937988e-11
7.696078e-01 7.794118e-01 9.049838e-11
7.794118e-01 7.794118e-01 2.461342e-10
7.892157e-01 7.794118e-01 1.780813e-10
7.990196e-01 7.794118e-01 -8.037908e-11
8.088235e-01 7.794118e-01 -1.570730e-10
8.186275e-01 7.794118e-01 -1.236323e-10
8.284314e-01 7.794118e-01 -2.112381e-10
8.382353e-01 7.794118e-01 -1.974229e-10
8.480392e-01 7.794118e-01 6.561321e-11
8.578431e-01 7.794118e-01 2.380715e-10
8.676471e-01 7.794118e-01 1.292904e-10
8.774510e-01 7.794118e-01 3.133532e-11
8.872549e-01 7.794118e-01 1.905377e-11
8.970588e-01 7.794118e-01 -2.760857e-11
9.068627e-01 7.794118e-01 2.474614e-12
9.166667e-01 7.794118e-01 5.038359e-10
9.264706e-01 7.794118e-01 1.051050e-09
9.362745e-01 7.794118e-01 1.092890e-09
9.460784e-01 7.794118e-01 -4.103015e-11
9.558824e-01 7.794118e-01 -1.971591e-09
9.656863e-01 7.794118e-01 -4.780326e-09
9.754902e-01 7.794118e-01 -6.675385e-09
9.852941e-01 7.794118e-01 -6.049556e-09
9.950980e-01 7.794118e-01 2.114742e-10
4.901961e-03 7.892157e-01 -4.369245e-09
1.470588e-02 7.892157e-01 2.018073e-10
2.450980e-02 7.892157e-01 8.481288e-09
3.431373e-02 7.892157e-01 1.930351e-08
4.411765e-02 7.892157e-01 2.752355e-08
5.392157e-02 7.892157e-01 2.705648e-08
6.372549e-02 7.892157e-01 9.580522e-09
7.352941e-02 7.892157e-01 -3.018827e-08
8.333333e-02 7.892157e-01 -9.178244e-08
9.313725e-02 7.892157e-01 -1.649467e-07
1.029412e-01 7.892157e-01 -2.269937e-07
1.127451e-01 7.892157e-01 -2.439786e-07
1.225490e-01 7.892157e-01 -1.712113e-07
1.323529e-01 7.892157e-01 3.896595e-08
1.421569e-01 7.892157e-01 4.308549e-07
1.519608e-01 7.892157e-01 1.035930e-06
1.617647e-01 7.892157e-01 1.865498e-06
1.715686e-01 7.892157e-01 2.906938e-06
1.813725e-01 7.892157e-01 4.120452e-06
1.911765e-01 7.892157e-01 5.443381e-06
2.009804e-01 7.892157e-01 6.795587e-06
2.107843e-01 7.892157e-01 8.088840e-06
2.205882e-01 7.892157e-01 9.237669e-06
2.303922e-01 7.892157e-01 1.016710e-05
2.401961e-01 7.892157e-01 1.082176e-05
2.500000e-01 7.892157e-01 1.116994e-05
2.598039e-01 7.892157e-01 1.120496e-05
2.696078e-01 7.892157e-01 1.094450e-05
2.794118e-01 7.892157e-01 1.042485e-05
2.892157e-01 7.892157e-01 9.696257e-06
2.990196e-01 7.892157e-01 8.816803e-06
3.088235e-01 7.892157e-01 7.845434e-06
3.186275e-01 7.892157e-01 6.838034e-06
3.284314e-01 7.892157e-01 5.842601e-06
3.382353e-01 7.892157e-01 4.896934e-06
3.480392e-01 7.892157e-01 4.028970e-06
3.578431e-01 7.892157e-01 3.255877e-06
3.676471e-01 7.892157e-01 2.585687e-06
3.774510e-01 7.892157e-01 2.019285e-06
3.872549e-01 7.892157e-01 1.551189e-06
3.970588e-01 7.892157e-01 1.172537e-06
4.068627e-01 7.892157e-01 8.727009e-07
4.166667e-01 7.892157e-01 6.396630e-07
4.264706e-01 7.892157e-01 4.619792e-07
4.362745e-01 7.892157e-01 3.290113e-07
4.460784e-01 7.892157e-01 2.308484e-07
4.558824e-01 7.892157e-01 1.596456e-07
4.656863e-01 7.892157e-01 1.090031e-07
4.754902e-01 7.892157e-01 7.337052e-08
4.852941e-01 7.892157e-01 4.881223e-08
4.950980e-01 7.892157e-01 3.219454e-08
5.049020e-01 7.892157e-01 2.080993e-08
5.147059e-01 7.892157e-01 1.320690e-08
5.245098e-01 7.892157e-01 8.364719e-09
5.343137e-01 7.892157e-01 5.178914e-09
5.441176e-01 7.892157e-01 3.215407e-09
5.539216e-01 7.892157e-01 2.124323e-09
5.637255e-01 7.892157e-01 1.275813e-09
5.735294e-01 7.892157e-01 6.420551e-10
5.833333e-01 7.892157e-01 3.719757e-10
5.931373e-01 7.892157e-01 1.758459e-10
6.029412e-01 7.892157e-01 5.799847e-11
6.127451e-01 7.892157e-01 1.730833e-10
6.225490e-01 7.892157e-01 1.981563e-10
6.323529e-01 7.892157e-01 3.211497e-11
6.421569e-01 7.892157e-01 -2.108877e-11
6.519608e-01 7.892157e-01 -3.341419e-11
6.617647e-01 7.892157e-01 -1.335180e-10
6.715686e-01 7.892157e-01 -6.920446e-11
6.813725e-01 7.892157e-01 1.196317e-10
6.911765e-01 7.892157e-01 1.177350e-10
7.009804e-01 7.892157e-01 3.951607e-11
7.107843e-01 7.892157e-01 5.648551e-11
7.205882e-01 7.892157e-01 -2.541559e-11
7.303922e-01 7.892157e-01 -1.786131e-10
7.401961e-01 7.892157e-01 -1.251273e-10
7.500000e-01 7.892157e-01 2.254429e-11
7.598039e-01 7.892157e-01 3.615308e-11
7.696078e-01 7.892157e-01 6.614738e-11
7.794118e-01 7.892157e-01 1.780813e-10
7.892157e-01 7.892157e-01 1.291564e-10
7.990196e-01 7.892157e-01 -5.749772e-11
8.088235e-01 7.892157e-01 -1.140627e-10
8.186275e-01 7.892157e-01 -9.056973e-11
8.284314e-01 7.892157e-01 -1.531587e-10
8.382353e-01 7.892157e-01 -1.428277e-10
8.480392e-01 7.892157e-01 4.683215e-11
8.578431e-01 7.892157e-01 1.719627e-10
8.676471e-01 7.892157e-01 9.428308e-11
8.774510e-01 7.892157e-01 2.334221e-11
8.872549e-01 7.892157e-01 1.402346e-11
8.970588e-01 7.892157e-01 -1.827167e-11
9.068627e-01 7.892157e-01 5.077163e-12
9.166667e-01 7.892157e-01 3.678131e-10
9.264706e-01 7.892157e-01 7.613198e-10
9.362745e-01 7.892157e-01 7.884688e-10
9.460784e-01 7.892157e-01 -3.911979e-11
9.558824e-01 7.892157e-01 -1.443786e-09
9.656863e-01 7.892157e-01 -3.481404e-09
9.754902e-01 7.892157e-01 -4.844023e-09
9.852941e-01 7.892157e-01 -4.369245e-09
9.950980e-01 7.892157e-01 2.018073e-10
4.901961e-03 7.990196e-01 1.971588e-09
1.470588e-02 7.990196e-01 -5.804261e-11
2.450980e-02 7.990196e-01 -3.750896e-09
3.431373e-02 7.990196e-01 -8.589678e-09
4.411765e-02 7.990196e-01 -1.229050e-08
5.392157e-02 7.990196e-01 -1.214180e-08
6.372549e-02 7.990196e-01 -4.428589e-09
7.352941e-02 7.990196e-01 1.321798e-08
8.333333e-02 7.990196e-01 4.060953e-08
9.313725e-02 7.990196e-01 7.320732e-08
1.029412e-01 7.990196e-01 1.009538e-07
1.127451e-01 7.990196e-01 1.087900e-07
1.225490e-01 7.990196e-01 7.688289e-08
1.323529e-01 7.990196e-01 -1.591302e-08
1.421569e-01 7.990196e-01 -1.892432e-07
1.519608e-01 7.990196e-01 -4.570460e-07
1.617647e-01 7.990196e-01 -8.243070e-07
1.715686e-01 7.990196e-01 -1.285396e-06
1.813725e-01 7.990196e-01 -1.822627e-06
1.911765e-01 7.990196e-01 -2.408191e-06
2.009804e-01 7.990196e-01 -3.006548e-06
2.107843e-01 7.990196e-01 -3.578605e-06
2.205882e-01 7.990196e-01 -4.086523e-06
2.303922e-01 7.990196e-01 -4.497140e-06
2.401961e-01 7.990196e-01 -4.785997e-06
2.500000e-01 7.990196e-01 -4.939140e-06
2.598039e-01 7.990196e-01 -4.953698e-06
2.696078e-01 7.990196e-01 -4.837588e-06
2.794118e-01 7.990196e-01 -4.606936e-06
2.892157e-01 7.990196e-01 -4.284026e-06
2.990196e-01 7.990196e-01 -3.894596e-06
3.088235e-01 7.990196e-01 -3.464732e-06
3.186275e-01 7.990196e-01 -3.019147e-06
3.284314e-01 7.990196e-01 -2.579045e-06
3.382353e-01 7.990196e-01 -2.161104e-06
3.480392e-01 7.990196e-01 -1.777642e-06
3.578431e-01 7.990196e-01 -1.436207e-06
3.676471e-01 7.990196e-01 -1.140315e-06
3.774510e-01 7.990196e-01 -8.903237e-07
3.872549e-01 7.990196e-01 -6.837801e-07
3.970588e-01 7.990196e-01 -5.167488e-07
4.068627e-01 7.990196e-01 -3.845231e-07
4.166667e-01 7.990196e-01 -2.817817e-07
4.264706e-01 7.990196e-01 -2.034667e-07
4.362745e-01 7.990196e-01 -1.448763e-07
4.460784e-01 7.990196e-01 -1.016293e-07
4.558824e-01 7.990196e-01 -7.026746e-08
4.656863e-01 7.990196e-01 -4.796837e-08
4.754902e-01 7.990196e-01 -3.228109e-08
4.852941e-01 7.990196e-01 -2.147341e-08
4.950980e-01 7.990196e-01 -1.416237e-08
5.049020e-01 7.990196e-01 -9.151098e-09
5.147059e-01 7.990196e-01 -5.805458e-09
5.245098e-01 7.990196e-01 -3.676888e-09
5.343137e-01 7.990196e-01 -2.275472e-09
5.441176e-01 7.990196e-01 -1.413418e-09
5.539216e-01 7.990196e-01 -9.358823e-10
5.637255e-01 7.990196e-01 -5.609192e-10
5.735294e-01 7.990196e-01 -2.806492e-10
5.833333e-01 7.990196e-01 -1.630349e-10
5.931373e-01 7.990196e-01 -7.631945e-11
6.029412e-01 7.990196e-01 -2.466147e-11
6.127451e-01 7.990196e-01 -7.797665e-11
6.225490e-01 7.990196e-01 -8.869895e-11
6.323529e-01 7.990196e-01 -1.328621e-11
6.421569e-01 7.990196e-01 9.679311e-12
6.519608e-01 7.990196e-01 1.503137e-11
6.617647e-01 7.990196e-01 6.053443e-11
6.715686e-01 7.990196e-01 3.062028e-11
6.813725e-01 7.990196e-01 -5.471511e-11
6.911765e-01 7.990196e-01 -5.249011e-11
7.009804e-01 7.990196e-01 -1.711469e-11
7.107843e-01 7.990196e-01 -2.563912e-11
7.205882e-01 7.990196e-01 1.169539e-11
7.303922e-01 7.990196e-01 8.087938e-11
7.401961e-01 7.990196e-01 5.549477e-11
7.500000e-01 7.990196e-01 -1.108395e-11
7.598039e-01 7.990196e-01 -1.584172e-11
7.696078e-01 7.990196e-01 -2.935603e-11
7.794118e-01 7.990196e-01 -8.037908e-11
7.892157e-01 7.990196e-01 -5.749772e-11
7.990196e-01 7.990196e-01 2.692240e-11
8.088235e-01 7.990196e-01 5.092758e-11
8.186275e-01 7.990196e-01 3.972691e-11
8.284314e-01 7.990196e-01 6.884303e-11
8.382353e-01 7.990196e-01 6.407747e-11
8.480392e-01 7.990196e-01 -2.224641e-11
8.578431e-01 7.990196e-01 -7.778330e-11
8.676471e-01 7.990196e-01 -4.144255e-11
8.774510e-01 7.990196e-01 -9.755707e-12
8.872549e-01 7.990196e-01 -6.017165e-12
8.970588e-01 7.990196e-01 1.006186e-11
9.068627e-01 7.990196e-01 5.005497e-13
9.166667e-01 7.990196e-01 -1.637421e-10
9.264706e-01 7.990196e-01 -3.430839e-10
9.362745e-01 7.990196e-01 -3.567606e-10
9.460784e-01 7.990196e-01 1.101078e-11
9.558824e-01 7.990196e-01 6.379324e-10
9.656863e-01 7.990196e-01 1.551324e-09
9.754902e-01 7.990196e-01 2.171163e-09
9.852941e-01 7.990196e-01 1.971588e-09
9.950980e-01 7.990196e-01 -5.804261e-11
4.901961e-03 8.088235e-01 3.859160e-09
1.470588e-02 8.088235e-01 -1.437290e-10
2.450980e-02 8.088235e-01 -7.413535e-09
3.431373e-02 8.088235e-01 -1.693271e-08
4.411765e-02 8.088235e-01 -2.418887e-08
5.392157e-02 8.088235e-01 -2.383786e-08
6.372549e-02 8.088235e-01 -8.559795e-09
7.352941e-02 8.088235e-01 2.630790e-08
8.333333e-02 8.088235e-01 8.038140e-08
9.313725e-02 8.088235e-01 1.446830e-07
1.029412e-01 8.088235e-01 1.993150e-07
1.127451e-01 8.088235e-01 2.144867e-07
1.225490e-01 8.088235e-01 1.509547e-07
1.323529e-01 8.088235e-01 -3.314610e-08
1.421569e-01 8.088235e-01 -3.767460e-07
1.519608e-01 8.088235e-01 -9.075176e-07
1.617647e-01 8.088235e-01 -1.635427e-06
1.715686e-01 8.088235e-01 -2.549430e-06
1.813725e-01 8.088235e-01 -3.614605e-06
1.911765e-01 8.088235e-01 -4.775946e-06
2.009804e-01 8.088235e-01 -5.963090e-06
2.107843e-01 8.088235e-01 -7.098554e-06
2.205882e-01 8.088235e-01 -8.107281e-06
2.303922e-01 8.088235e-01 -8.923424e-06
2.401961e-01 8.088235e-01 -9.498338e-06
2.500000e-01 8.088235e-01 -9.804181e-06
2.598039e-01 8.088235e-01 -9.835071e-06
2.696078e-01 8.088235e-01 -9.606538e-06
2.794118e-01 8.088235e-01 -9.150439e-06
2.892157e-01 8.088235e-01 -8.510887e-06
2.990196e-01 8.088235e-01 -7.738890e-06
3.088235e-01 8.088235e-01 -6.886201e-06
3.186275e-01 8.088235e-01 -6.001887e-06
3.284314e-01 8.088235e-01 -5.128089e-06
3.382353e-01 8.088235e-01 -4.297989e-06
3.480392e-01 8.088235e-01 -3.536112e-06
3.578431e-01 8.088235e-01 -2.857525e-06
3.676471e-01 8.088235e-01 -2.269277e-06
3.774510e-01 8.088235e-01 -1.772142e-06
3.872549e-01 8.088235e-01 -1.361303e-06
3.970588e-01 8.088235e-01 -1.028975e-06
4.068627e-01 8.088235e-01 -7.658291e-07
4.166667e-01 8.088235e-01 -5.613137e-07
4.264706e-01 8.088235e-01 -4.053827e-07
4.362745e-01 8.088235e-01 -2.886979e-07
4.460784e-01 8.088235e-01 -2.025572e-07
4.558824e-01 8.088235e-01 -1.400760e-07
4.656863e-01 8.088235e-01 -9.563889e-08
4.754902e-01 8.088235e-01 -6.437305e-08
4.852941e-01 8.088235e-01 -4.282553e-08
4.950980e-01 8.088235e-01 -2.824646e-08
5.049020e-01 8.088235e-01 -1.825723e-08
5.147059e-01 8.088235e-01 -1.158579e-08
5.245098e-01 8.088235e-01 -7.337976e-09
5.343137e-01 8.088235e-01 -4.542774e-09
5.441176e-01 8.088235e-01 -2.820415e-09
5.539216e-01 8.088235e-01 -1.864535e-09
5.637255e-01 8.088235e-01 -1.119761e-09
5.735294e-01 8.088235e-01 -5.627112e-10
5.833333e-01 8.088235e-01 -3.261256e-10
5.931373e-01 8.088235e-01 -1.539054e-10
6.029412e-01 8.088235e-01 -5.015832e-11
6.127451e-01 8.088235e-01 -1.523572e-10
6.225490e-01 8.088235e-01 -1.748244e-10
6.323529e-01 8.088235e-01 -2.805247e-11
6.421569e-01 8.088235e-01 1.865898e-11
6.519608e-01 8.088235e-01 2.922896e-11
6.617647e-01 8.088235e-01 1.179592e-10
6.715686e-01 8.088235e-01 6.129376e-11
6.813725e-01 8.088235e-01 -1.057128e-10
6.911765e-01 8.088235e-01 -1.037976e-10
7.009804e-01 8.088235e-01 -3.452856e-11
7.107843e-01 8.088235e-01 -5.002519e-11
7.205882e-01 8.088235e-01 2.207163e-11
7.303922e-01 8.088235e-01 1.576789e-10
7.401961e-01 8.088235e-01 1.103511e-10
7.500000e-01 8.088235e-01 -2.020509e-11
7.598039e-01 8.088235e-01 -3.165674e-11
7.696078e-01 8.088235e-01 -5.779102e-11
7.794118e-01 8.088235e-01 -1.570730e-10
7.892157e-01 8.088235e-01 -1.140627e-10
7.990196e-01 8.088235e-01 5.092758e-11
8.088235e-01 8.088235e-01 1.004500e-10
8.186275e-01 8.088235e-01 7.919648e-11
8.284314e-01 8.088235e-01 1.348684e-10
8.382353e-01 8.088235e-01 1.262924e-10
8.480392e-01 8.088235e-01 -4.136496e-11
8.578431e-01 8.088235e-01 -1.519417e-10
8.676471e-01 8.088235e-01 -8.296923e-11
8.774510e-01 8.088235e-01 -2.032810e-11
8.872549e-01 8.088235e-01 -1.245305e-11
8.970588e-01 8.088235e-01 1.686862e-11
9.068627e-01 8.088235e-01 -2.193865e-12
9.166667e-01 8.088235e-01 -3.215718e-10
9.264706e-01 8.088235e-01 -6.702100e-10
9.362745e-01 8.088235e-01 -6.968799e-10
9.460784e-01 8.088235e-01 2.791395e-11
9.558824e-01 8.088235e-01 1.260929e-09
9.656863e-01 8.088235e-01 3.054151e-09
9.754902e-01 8.088235e-01 4.261600e-09
9.852941e-01 8.088235e-01 3.859160e-09
9.950980e-01 8.088235e-01 -1.437290e-10
4.901961e-03 8.186275e-01 3.052233e-09
1.470588e-02 8.186275e-01 -7.335676e-11
2.450980e-02 8.186275e-01 -5.774415e-09
3.431373e-02 8.186275e-01 -1.326262e-08
4.411765e-02 8.186275e-01 -1.900291e-08
5.392157e-02 8.186275e-01 -1.880101e-08
6.372549e-02 8.186275e-01 -6.896952e-09
7.352941e-02 8.186275e-01 2.040029e-08
8.333333e-02 8.186275e-01 6.282991e-08
9.313725e-02 8.186275e-01 1.133880e-07
1.029412e-01 8.186275e-01 1.564888e-07
1.127451e-01 8.186275e-01 1.687646e-07
1.225490e-01 8.186275e-01 1.193963e-07
1.323529e-01 8.186275e-01 -2.452760e-08
1.421569e-01 8.186275e-01 -2.936444e-07
1.519608e-01 8.186275e-01 -7.097736e-07
1.617647e-01 8.186275e-01 -1.280836e-06
1.715686e-01 8.186275e-01 -1.998248e-06
1.813725e-01 8.186275e-01 -2.834657e-06
1.911765e-01 8.186275e-01 -3.746899e-06
2.009804e-01 8.186275e-01 -4.679713e-06
2.107843e-01 8.186275e-01 -5.572208e-06
2.205882e-01 8.186275e-01 -6.365369e-06
2.303922e-01 8.186275e-01 -7.007397e-06
2.401961e-01 8.186275e-01 -7.459991e-06
2.500000e-01 8.186275e-01 -7.701198e-06
2.598039e-01 8.186275e-01 -7.726326e-06
2.696078e-01 8.186275e-01 -7.547521e-06
2.794118e-01 8.186275e-01 -7.189780e-06
2.892157e-01 8.186275e-01 -6.687745e-06
2.990196e-01 8.186275e-01 -6.081493e-06
3.088235e-01 8.186275e-01 -5.411700e-06
3.186275e-01 8.186275e-01 -4.716943e-06
3.284314e-01 8.186275e-01 -4.030361e-06
3.382353e-01 8.186275e-01 -3.378049e-06
3.480392e-01 8.186275e-01 -2.779303e-06
3.578431e-01 8.186275e-01 -2.245984e-06
3.676471e-01 8.186275e-01 -1.783643e-06
3.774510e-01 8.186275e-01 -1.392903e-06
3.872549e-01 8.186275e-01 -1.069982e-06
3.970588e-01 8.186275e-01 -8.087673e-07
4.068627e-01 8.186275e-01 -6.019295e-07
4.166667e-01 8.186275e-01 -4.411763e-07
4.264706e-01 8.186275e-01 -3.186119e-07
4.362745e-01 8.186275e-01 -2.268982e-07
4.460784e-01 8.186275e-01 -1.591931e-07
4.558824e-01 8.186275e-01 -1.100840e-07
4.656863e-01 8.186275e-01 -7.515847e-08
4.754902e-01 8.186275e-01 -5.058570e-08
4.852941e-01 8.186275e-01 -3.365128e-08
4.950980e-01 8.186275e-01 -2.219517e-08
5.049020e-01 8.186275e-01 -1.434576e-08
5.147059e-01 8.186275e-01 -9.102512e-09
5.245098e-01 8.186275e-01 -5.764742e-09
5.343137e-01 8.186275e-01 -3.568415e-09
5.441176e-01 8.186275e-01 -2.214800e-09
5.539216e-01 8.186275e-01 -1.464820e-09
5.637255e-01 8.186275e-01 -8.803767e-10
5.735294e-01 8.186275e-01 -4.419588e-10
5.833333e-01 8.186275e-01 -2.559630e-10
5.931373e-01 8.186275e-01 -1.207611e-10
6.029412e-01 8.186275e-01 -3.859185e-11
6.127451e-01 8.186275e-01 -1.193403e-10
6.225490e-01 8.186275e-01 -1.380978e-10
6.323529e-01 8.186275e-01 -2.243574e-11
6.421569e-01 8.186275e-01 1.471070e-11
6.519608e-01 8.186275e-01 2.269662e-11
6.617647e-01 8.186275e-01 9.299500e-11
6.715686e-01 8.186275e-01 4.909518e-11
6.813725e-01 8.186275e-01 -8.301429e-11
6.911765e-01 8.186275e-01 -8.209592e-11
7.009804e-01 8.186275e-01 -2.718566e-11
7.107843e-01 8.186275e-01 -3.960163e-11
7.205882e-01 8.186275e-01 1.667334e-11
7.303922e-01 8.186275e-01 1.241534e-10
7.401961e-01 8.186275e-01 8.753702e-11
7.500000e-01 8.186275e-01 -1.575867e-11
7.598039e-01 8.186275e-01 -2.488327e-11
7.696078e-01 8.186275e-01 -4.496858e-11
7.794118e-01 8.186275e-01 -1.236323e-10
7.892157e-01 8.186275e-01 -9.056973e-11
7.990196e-01 8.186275e-01 3.972691e-11
8.088235e-01 8.186275e-01 7.919648e-11
8.186275e-01 8.186275e-01 6.205231e-11
8.284314e-01 8.186275e-01 1.059903e-10
8.382353e-01 8.186275e-01 1.001484e-10
8.480392e-01 8.186275e-01 -3.189264e-11
8.578431e-01 8.186275e-01 -1.199018e-10
8.676471e-01 8.186275e-01 -6.576891e-11
8.774510e-01 8.186275e-01 -1.603514e-11
8.872549e-01 8.186275e-01 -9.952208e-12
8.970588e-01 8.186275e-01 1.347301e-11
9.068627e-01 8.186275e-01 1.067931e-13
9.166667e-01 8.186275e-01 -2.502400e-10
9.264706e-01 8.186275e-01 -5.264141e-10
9.362745e-01 8.186275e-01 -5.512327e-10
9.460784e-01 8.186275e-01 1.467766e-11
9.558824e-01 8.186275e-01 9.811548e-10
9.656863e-01 8.186275e-01 2.391908e-09
9.754902e-01 8.186275e-01 3.350403e-09
9.852941e-01 8.186275e-01 3.052233e-09
9.950980e-01 8.186275e-01 -7.335676e-11
4.901961e-03 8.284314e-01 5.197736e-09
1.470588e-02 8.284314e-01 -1.654631e-10
2.450980e-02 8.284314e-01 -9.921429e-09
3.431373e-02 8.284314e-01 -2.270898e-08
4.411765e-02 8.284314e-01 -3.248092e-08
5.392157e-02 8.284314e-01 -3.206667e-08
6.372549e-02 8.284314e-01 -1.163798e-08
7.352941e-02 8.284314e-01 3.507839e-08
8.333333e-02 8.284314e-01 1.075935e-07
9.313725e-02 8.284314e-01 1.938987e-07
1.029412e-01 8.284314e-01 2.673468e-07
1.127451e-01 8.284314e-01 2.880243e-07
1.225490e-01 8.284314e-01 2.033386e-07
1.323529e-01 8.284314e-01 -4.282338e-08
1.421569e-01 8.284314e-01 -5.026450e-07
1.519608e-01 8.284314e-01 -1.213221e-06
1.617647e-01 8.284314e-01 -2.187918e-06
1.715686e-01 8.284314e-01 -3.411942e-06
1.813725e-01 8.284314e-01 -4.838502e-06
1.911765e-01 8.284314e-01 -6.393892e-06
2.009804e-01 8.284314e-01 -7.983830e-06
2.107843e-01 8.284314e-01 -9.504507e-06
2.205882e-01 8.284314e-01 -1.085537e-05
2.303922e-01 8.284314e-01 -1.194822e-05
2.401961e-01 8.284314e-01 -1.271791e-05
2.500000e-01 8.284314e-01 -1.312718e-05
2.598039e-01 8.284314e-01 -1.316819e-05
2.696078e-01 8.284314e-01 -1.286177e-05
2.794118e-01 8.284314e-01 -1.225063e-05
2.892157e-01 8.284314e-01 -1.139389e-05
2.990196e-01 8.284314e-01 -1.035988e-05
3.088235e-01 8.284314e-01 -9.217912e-06
3.186275e-01 8.284314e-01 -8.033713e-06
3.284314e-01 8.284314e-01 -6.863701e-06
3.382353e-01 8.284314e-01 -5.752294e-06
3.480392e-01 8.284314e-01 -4.732316e-06
3.578431e-01 8.284314e-01 -3.823920e-06
3.676471e-01 8.284314e-01 -3.036522e-06
3.774510e-01 8.284314e-01 -2.371139e-06
3.872549e-01 8.284314e-01 -1.821301e-06
3.970588e-01 8.284314e-01 -1.376573e-06
4.068627e-01 8.284314e-01 -1.024457e-06
4.166667e-01 8.284314e-01 -7.508163e-07
4.264706e-01 8.284314e-01 -5.421999e-07
4.362745e-01 8.284314e-01 -3.861045e-07
4.460784e-01 8.284314e-01 -2.708775e-07
4.558824e-01 8.284314e-01 -1.873059e-07
4.656863e-01 8.284314e-01 -1.278753e-07
4.754902e-01 8.284314e-01 -8.606320e-08
4.852941e-01 8.284314e-01 -5.725103e-08
4.950980e-01 8.284314e-01 -3.775911e-08
5.049020e-01 8.284314e-01 -2.440291e-08
5.147059e-01 8.284314e-01 -1.548349e-08
5.245098e-01 8.284314e-01 -9.805993e-09
5.343137e-01 8.284314e-01 -6.069686e-09
5.441176e-01 8.284314e-01 -3.768414e-09
5.539216e-01 8.284314e-01 -2.492494e-09
5.637255e-01 8.284314e-01 -1.496378e-09
5.735294e-01 8.284314e-01 -7.508508e-10
5.833333e-01 8.284314e-01 -4.352620e-10
5.931373e-01 8.284314e-01 -2.049240e-10
6.029412e-01 8.284314e-01 -6.627953e-11
6.127451e-01 8.284314e-01 -2.045374e-10
6.225490e-01 8.284314e-01 -2.347464e-10
6.323529e-01 8.284314e-01 -3.718996e-11
6.421569e-01 8.284314e-01 2.522003e-11
6.519608e-01 8.284314e-01 3.929785e-11
6.617647e-01 8.284314e-01 1.588061e-10
6.715686e-01 8.284314e-01 8.229191e-11
6.813725e-01 8.284314e-01 -1.424534e-10
6.911765e-01 8.284314e-01 -1.393878e-10
7.009804e-01 8.284314e-01 -4.615145e-11
7.107843e-01 8.284314e-01 -6.736570e-11
7.205882e-01 8.284314e-01 2.970205e-11
7.303922e-01 8.284314e-01 2.121811e-10
7.401961e-01 8.284314e-01 1.480901e-10
7.500000e-01 8.284314e-01 -2.752541e-11
7.598039e-01 8.284314e-01 -4.237384e-11
7.696078e-01 8.284314e-01 -7.745638e-11
7.794118e-01 8.284314e-01 -2.112381e-10
7.892157e-01 8.284314e-01 -1.531587e-10
7.990196e-01 8.284314e-01 6.884303e-11
8.088235e-01 8.284314e-01 1.348684e-10
8.186275e-01 8.284314e-01 1.059903e-10
8.284314e-01 8.284314e-01 1.812166e-10
8.382353e-01 8.284314e-01 1.697353e-10
8.480392e-01 8.284314e-01 -5.604209e-11
8.578431e-01 8.284314e-01 -2.044548e-10
8.676471e-01 8.284314e-01 -1.111549e-10
8.774510e-01 8.284314e-01 -2.690017e-11
8.872549e-01 8.284314e-01 -1.640996e-11
8.970588e-01 8.284314e-01 2.377273e-11
9.068627e-01 8.284314e-01 -1.376208e-12
9.166667e-01 8.284314e-01 -4.312240e-10
9.264706e-01 8.284314e-01 -9.015807e-10
9.362745e-01 8.284314e-01 -9.390395e-10
9.460784e-01 8.284314e-01 3.226326e-11
9.558824e-01 8.284314e-01 1.687490e-09
9.656863e-01 8.284314e-01 4.097694e-09
9.754902e-01 8.284314e-01 5.727339e-09
9.852941e-01 8.284314e-01 5.197736e-09
9.950980e-01 8.284314e-01 -1.654631e-10
4.901961e-03 8.382353e-01 4.841713e-09
1.470588e-02 8.382353e-01 -2.209855e-10
2.450980e-02 8.382353e-01 -9.391716e-09
3.431373e-02 8.382353e-01 -2.137841e-08
4.411765e-02 8.382353e-01 -3.048507e-08
5.392157e-02 8.382353e-01 -2.997320e-08
6.372549e-02 8.382353e-01 -1.062796e-08
7.352941e-02 8.382353e-01 3.340095e-08
8.333333e-02 8.382353e-01 1.015953e-07
9.313725e-02 8.382353e-01 1.826014e-07
1.029412e-01 8.382353e-01 2.513069e-07
1.127451e-01 8.382353e-01 2.701412e-07
1.225490e-01 8.382353e-01 1.896451e-07
1.323529e-01 8.382353e-01 -4.291757e-08
1.421569e-01 8.382353e-01 -4.765600e-07
1.519608e-01 8.382353e-01 -1.146090e-06
1.617647e-01 8.382353e-01 -2.063995e-06
1.715686e-01 8.382353e-01 -3.216279e-06
1.813725e-01 8.382353e-01 -4.558879e-06
1.911765e-01 8.382353e-01 -6.022437e-06
2.009804e-01 8.382353e-01 -7.518276e-06
2.107843e-01 8.382353e-01 -8.948775e-06
2.205882e-01 8.382353e-01 -1.021938e-05
2.303922e-01 8.382353e-01 -1.124718e-05
2.401961e-01 8.382353e-01 -1.197093e-05
2.500000e-01 8.382353e-01 -1.235561e-05
2.598039e-01 8.382353e-01 -1.239386e-05
2.696078e-01 8.382353e-01 -1.210529e-05
2.794118e-01 8.382353e-01 -1.153008e-05
2.892157e-01 8.382353e-01 -1.072381e-05
2.990196e-01 8.382353e-01 -9.750774e-06
3.088235e-01 8.382353e-01 -8.676165e-06
3.186275e-01 8.382353e-01 -7.561798e-06
3.284314e-01 8.382353e-01 -6.460752e-06
3.382353e-01 8.382353e-01 -5.414823e-06
3.480392e-01 8.382353e-01 -4.454894e-06
3.578431e-01 8.382353e-01 -3.599936e-06
3.676471e-01 8.382353e-01 -2.858817e-06
3.774510e-01 8.382353e-01 -2.232502e-06
3.872549e-01 8.382353e-01 -1.714916e-06
3.970588e-01 8.382353e-01 -1.296250e-06
4.068627e-01 8.382353e-01 -9.647437e-07
4.166667e-01 8.382353e-01 -7.071023e-07
4.264706e-01 8.382353e-01 -5.106679e-07
4.362745e-01 8.382353e-01 -3.636743e-07
4.460784e-01 8.382353e-01 -2.551602e-07
4.558824e-01 8.382353e-01 -1.764525e-07
4.656863e-01 8.382353e-01 -1.204747e-07
4.754902e-01 8.382353e-01 -8.108936e-08
4.852941e-01 8.382353e-01 -5.394617e-08
4.950980e-01 8.382353e-01 -3.558004e-08
5.049020e-01 8.382353e-01 -2.299698e-08
5.147059e-01 8.382353e-01 -1.459414e-08
5.245098e-01 8.382353e-01 -9.243243e-09
5.343137e-01 8.382353e-01 -5.722493e-09
5.441176e-01 8.382353e-01 -3.553137e-09
5.539216e-01 8.382353e-01 -2.347977e-09
5.637255e-01 8.382353e-01 -1.409674e-09
5.735294e-01 8.382353e-01 -7.089523e-10
5.833333e-01 8.382353e-01 -4.108655e-10
5.931373e-01 8.382353e-01 -1.939910e-10
6.029412e-01 8.382353e-01 -6.392787e-11
6.127451e-01 8.382353e-01 -1.918860e-10
6.225490e-01 8.382353e-01 -2.193645e-10
6.323529e-01 8.382353e-01 -3.519007e-11
6.421569e-01 8.382353e-01 2.344069e-11
6.519608e-01 8.382353e-01 3.709797e-11
6.617647e-01 8.382353e-01 1.480757e-10
6.715686e-01 8.382353e-01 7.640768e-11
6.813725e-01 8.382353e-01 -1.328630e-10
6.911765e-01 8.382353e-01 -1.302886e-10
7.009804e-01 8.382353e-01 -4.361051e-11
7.107843e-01 8.382353e-01 -6.261243e-11
7.205882e-01 8.382353e-01 2.836577e-11
7.303922e-01 8.382353e-01 1.980840e-10
7.401961e-01 8.382353e-01 1.383384e-10
7.500000e-01 8.382353e-01 -2.527222e-11
7.598039e-01 8.382353e-01 -3.997048e-11
7.696078e-01 8.382353e-01 -7.329280e-11
7.794118e-01 8.382353e-01 -1.974229e-10
7.892157e-01 8.382353e-01 -1.428277e-10
7.990196e-01 8.382353e-01 6.407747e-11
8.088235e-01 8.382353e-01 1.262924e-10
8.186275e-01 8.382353e-01 1.001484e-10
8.284314e-01 8.382353e-01 1.697353e-10
8.382353e-01 8.382353e-01 1.580937e-10
8.480392e-01 8.382353e-01 -5.234858e-11
8.578431e-01 8.382353e-01 -1.906453e-10
8.676471e-01 8.382353e-01 -1.041438e-10
8.774510e-01 8.382353e-01 -2.563378e-11
8.872549e-01 8.382353e-01 -1.539610e-11
8.970588e-01 8.382353e-01 2.075388e-11
9.068627e-01 8.382353e-01 -5.181337e-12
9.166667e-01 8.382353e-01 -4.076671e-10
9.264706e-01 8.382353e-01 -8.441508e-10
9.362745e-01 8.382353e-01 -8.739981e-10
9.460784e-01 8.382353e-01 4.270335e-11
9.558824e-01 8.382353e-01 1.598848e-09
9.656863e-01 8.382353e-01 3.856344e-09
9.754902e-01 8.382353e-01 5.367126e-09
9.852941e-01 8.382353e-01 4.841713e-09
9.950980e-01 8.382353e-01 -2.209855e-10
4.901961e-03 8.480392e-01 -1.615244e-09
1.470588e-02 8.480392e-01 2.034889e-11
2.450980e-02 8.480392e-01 3.011508e-09
3.431373e-02 8.480392e-01 6.943756e-09
4.411765e-02 8.480392e-01 9.973492e-09
5.392157e-02 8.480392e-01 9.904531e-09
6.372549e-02 8.480392e-01 3.720347e-09
7.352941e-02 8.480392e-01 -1.051466e-08
8.333333e-02 8.480392e-01 -3.267126e-08
9.313725e-02 8.480392e-01 -5.910362e-08
1.029412e-01 8.480392e-01 -8.170280e-08
1.127451e-01 8.480392e-01 -8.831050e-08
1.225490e-01 8.480392e-01 -6.289811e-08
1.323529e-01 8.480392e-01 1.163336e-08
1.421569e-01 8.480392e-01 1.511772e-07
1.519608e-01 8.480392e-01 3.670170e-07
1.617647e-01 8.480392e-01 6.632021e-07
1.715686e-01 8.480392e-01 1.035203e-06
1.813725e-01 8.480392e-01 1.468744e-06
1.911765e-01 8.480392e-01 1.941362e-06
2.009804e-01 8.480392e-01 2.424349e-06
2.107843e-01 8.480392e-01 2.886122e-06
2.205882e-01 8.480392e-01 3.296120e-06
2.303922e-01 8.480392e-01 3.627555e-06
2.401961e-01 8.480392e-01 3.860680e-06
2.500000e-01 8.480392e-01 3.984234e-06
2.598039e-01 8.480392e-01 3.995909e-06
2.696078e-01 8.480392e-01 3.902114e-06
2.794118e-01 8.480392e-01 3.715882e-06
2.892157e-01 8.480392e-01 3.455215e-06
2.990196e-01 8.480392e-01 3.140899e-06
3.088235e-01 8.480392e-01 2.793996e-06
3.186275e-01 8.480392e-01 2.434457e-06
3.284314e-01 8.480392e-01 2.079388e-06
3.382353e-01 8.480392e-01 1.742241e-06
3.480392e-01 8.480392e-01 1.432949e-06
3.578431e-01 8.480392e-01 1.157593e-06
3.676471e-01 8.480392e-01 9.189963e-07
3.774510e-01 8.480392e-01 7.174421e-07
3.872549e-01 8.480392e-01 5.509392e-07
3.970588e-01 8.480392e-01 4.163063e-07
4.068627e-01 8.480392e-01 3.097434e-07
4.166667e-01 8.480392e-01 2.269538e-07
4.264706e-01 8.480392e-01 1.638566e-07
4.362745e-01 8.480392e-01 1.166586e-07
4.460784e-01 8.480392e-01 8.182397e-08
4.558824e-01 8.480392e-01 5.656587e-08
4.656863e-01 8.480392e-01 3.861007e-08
4.754902e-01 8.480392e-01 2.597961e-08
4.852941e-01 8.480392e-01 1.727983e-08
4.950980e-01 8.480392e-01 1.139616e-08
5.049020e-01 8.480392e-01 7.362220e-09
5.147059e-01 8.480392e-01 4.669287e-09
5.245098e-01 8.480392e-01 2.957110e-09
5.343137e-01 8.480392e-01 1.829458e-09
5.441176e-01 8.480392e-01 1.136447e-09
5.539216e-01 8.480392e-01 7.535428e-10
5.637255e-01 8.480392e-01 4.513374e-10
5.735294e-01 8.480392e-01 2.249998e-10
5.833333e-01 8.480392e-01 1.308323e-10
5.931373e-01 8.480392e-01 6.090580e-11
6.029412e-01 8.480392e-01 1.924454e-11
6.127451e-01 8.480392e-01 6.340912e-11
6.225490e-01 8.480392e-01 7.222398e-11
6.323529e-01 8.480392e-01 1.045901e-11
6.421569e-01 8.480392e-01 -7.967659e-12
6.519608e-01 8.480392e-01 -1.217180e-11
6.617647e-01 8.480392e-01 -4.956632e-11
6.715686e-01 8.480392e-01 -2.498181e-11
6.813725e-01 8.480392e-01 4.488621e-11
6.911765e-01 8.480392e-01 4.268986e-11
7.009804e-01 8.480392e-01 1.369689e-11
7.107843e-01 8.480392e-01 2.105744e-11
7.205882e-01 8.480392e-01 -9.445638e-12
7.303922e-01 8.480392e-01 -6.612986e-11
7.401961e-01 8.480392e-01 -4.509189e-11
7.500000e-01 8.480392e-01 9.352390e-12
7.598039e-01 8.480392e-01 1.271715e-11
7.696078e-01 8.480392e-01 2.362431e-11
7.794118e-01 8.480392e-01 6.561321e-11
7.892157e-01 8.480392e-01 4.683215e-11
7.990196e-01 8.480392e-01 -2.224641e-11
8.088235e-01 8.480392e-01 -4.136496e-11
8.186275e-01 8.480392e-01 -3.189264e-11
8.284314e-01 8.480392e-01 -5.604209e-11
8.382353e-01 8.480392e-01 -5.234858e-11
8.480392e-01 8.480392e-01 1.841658e-11
8.578431e-01 8.480392e-01 6.362636e-11
8.676471e-01 8.480392e-01 3.350081e-11
8.774510e-01 8.480392e-01 7.645251e-12
8.872549e-01 8.480392e-01 4.774310e-12
8.970588e-01 8.480392e-01 -9.074295e-12
9.068627e-01 8.480392e-01 -2.070765e-12
9.166667e-01 8.480392e-01 1.320056e-10
9.264706e-01 8.480392e-01 2.797135e-10
9.362745e-01 8.480392e-01 2.926672e-10
9.460784e-01 8.480392e-01 -3.839605e-12
9.558824e-01 8.480392e-01 -5.117717e-10
9.656863e-01 8.480392e-01 -1.255124e-09
9.754902e-01 8.480392e-01 -1.766125e-09
9.852941e-01 8.480392e-01 -1.615244e-09
9.950980e-01 8.480392e-01 2.034889e-11
4.901961e-03 8.578431e-01 -5.842022e-09
1.470588e-02 8.578431e-01 2.327483e-10
2.450980e-02 8.578431e-01 1.125496e-08
3.431373e-02 8.578431e-01 2.567646e-08
4.411765e-02 8.578431e-01 3.665899e-08
5.392157e-02 8.578431e-01 3.610386e-08
6.372549e-02 8.578431e-01 1.292696e-08
7.352941e-02 8.578431e-01 -3.992187e-08
8.333333e-02 8.578431e-01 -1.218444e-07
9.313725e-02 8.578431e-01 -2.192265e-07
1.029412e-01 8.578431e-01 -3.019267e-07
1.127451e-01 8.578431e-01 -3.248330e-07
1.225490e-01 8.578431e-01 -2.285417e-07
1.323529e-01 8.578431e-01 5.029478e-08
1.421569e-01 8.578431e-01 5.705566e-07
1.519608e-01 8.578431e-01 1.374062e-06
1.617647e-01 8.578431e-01 2.475820e-06
1.715686e-01 8.578431e-01 3.859038e-06
1.813725e-01 8.578431e-01 5.470802e-06
1.911765e-01 8.578431e-01 7.227822e-06
2.009804e-01 8.578431e-01 9.023605e-06
2.107843e-01 8.578431e-01 1.074093e-05
2.205882e-01 8.578431e-01 1.226626e-05
2.303922e-01 8.578431e-01 1.350003e-05
2.401961e-01 8.578431e-01 1.436875e-05
2.500000e-01 8.578431e-01 1.483037e-05
2.598039e-01 8.578431e-01 1.487608e-05
2.696078e-01 8.578431e-01 1.452946e-05
2.794118e-01 8.578431e-01 1.383876e-05
2.892157e-01 8.578431e-01 1.287074e-05
2.990196e-01 8.578431e-01 1.170259e-05
3.088235e-01 8.578431e-01 1.041257e-05
3.186275e-01 8.578431e-01 9.074910e-06
3.284314e-01 8.578431e-01 7.753305e-06
3.382353e-01 8.578431e-01 6.497916e-06
3.480392e-01 8.578431e-01 5.345804e-06
3.578431e-01 8.578431e-01 4.319725e-06
3.676471e-01 8.578431e-01 3.430309e-06
3.774510e-01 8.578431e-01 2.678703e-06
3.872549e-01 8.578431e-01 2.057602e-06
3.970588e-01 8.578431e-01 1.555223e-06
4.068627e-01 8.578431e-01 1.157450e-06
4.166667e-01 8.578431e-01 8.483175e-07
4.264706e-01 8.578431e-01 6.126349e-07
4.362745e-01 8.578431e-01 4.362790e-07
4.460784e-01 8.578431e-01 3.060914e-07
4.558824e-01 8.578431e-01 2.116664e-07
4.656863e-01 8.578431e-01 1.445136e-07
4.754902e-01 8.578431e-01 9.726661e-08
4.852941e-01 8.578431e-01 6.470746e-08
4.950980e-01 8.578431e-01 4.267800e-08
5.049020e-01 8.578431e-01 2.758326e-08
5.147059e-01 8.578431e-01 1.750338e-08
5.245098e-01 8.578431e-01 1.108591e-08
5.343137e-01 8.578431e-01 6.862708e-09
5.441176e-01 8.578431e-01 4.261417e-09
5.539216e-01 8.578431e-01 2.817490e-09
5.637255e-01 8.578431e-01 1.691063e-09
5.735294e-01 8.578431e-01 8.494084e-10
5.833333e-01 8.578431e-01 4.925313e-10
5.931373e-01 8.578431e-01 2.321053e-10
6.029412e-01 8.578431e-01 7.598618e-11
6.127451e-01 8.578431e-01 2.312060e-10
6.225490e-01 8.578431e-01 2.642413e-10
6.323529e-01 8.578431e-01 4.178514e-11
6.421569e-01 8.578431e-01 -2.834342e-11
6.519608e-01 8.578431e-01 -4.457878e-11
6.617647e-01 8.578431e-01 -1.787764e-10
6.715686e-01 8.578431e-01 -9.200068e-11
6.813725e-01 8.578431e-01 1.606168e-10
6.911765e-01 8.578431e-01 1.567894e-10
7.009804e-01 8.578431e-01 5.211358e-11
7.107843e-01 8.578431e-01 7.568621e-11
7.205882e-01 8.578431e-01 -3.411706e-11
7.303922e-01 8.578431e-01 -2.390410e-10
7.401961e-01 8.578431e-01 -1.663776e-10
7.500000e-01 8.578431e-01 3.101910e-11
7.598039e-01 8.578431e-01 4.784791e-11
7.696078e-01 8.578431e-01 8.787262e-11
7.794118e-01 8.578431e-01 2.380715e-10
7.892157e-01 8.578431e-01 1.719627e-10
7.990196e-01 8.578431e-01 -7.778330e-11
8.088235e-01 8.578431e-01 -1.519417e-10
8.186275e-01 8.578431e-01 -1.199018e-10
8.284314e-01 8.578431e-01 -2.044548e-10
8.382353e-01 8.578431e-01 -1.906453e-10
8.480392e-01 8.578431e-01 6.362636e-11
8.578431e-01 8.578431e-01 2.300834e-10
8.676471e-01 8.578431e-01 1.249896e-10
8.774510e-01 8.578431e-01 3.044870e-11
8.872549e-01 8.578431e-01 1.847243e-11
8.970588e-01 8.578431e-01 -2.623435e-11
9.068627e-01 8.578431e-01 3.812603e-12
9.166667e-01 8.578431e-01 4.891278e-10
9.264706e-01 8.578431e-01 1.017076e-09
9.362745e-01 8.578431e-01 1.055205e-09
9.460784e-01 8.578431e-01 -4.492569e-11
9.558824e-01 8.578431e-01 -1.915226e-09
9.656863e-01 8.578431e-01 -4.632855e-09
9.754902e-01 8.578431e-01 -6.460079e-09
9.852941e-01 8.578431e-01 -5.842022e-09
9.950980e-01 8.578431e-01 2.327483e-10
4.901961e-03 8.676471e-01 -3.176348e-09
1.470588e-02 8.676471e-01 1.356781e-10
2.450980e-02 8.676471e-01 6.141896e-09
3.431373e-02 8.676471e-01 1.400003e-08
4.411765e-02 8.676471e-01 1.997638e-08
5.392157e-02 8.676471e-01 1.965447e-08
6.372549e-02 8.676471e-01 6.988724e-09
7.352941e-02 8.676471e-01 -2.186610e-08
8.333333e-02 8.676471e-01 -6.658163e-08
9.313725e-02 8.676471e-01 -1.197214e-07
1.029412e-01 8.676471e-01 -1.648139e-07
1.127451e-01 8.676471e-01 -1.772047e-07
1.225490e-01 8.676471e-01 -1.244211e-07
1.323529e-01 8.676471e-01 2.818051e-08
1.421569e-01 8.676471e-01 3.128193e-07
1.519608e-01 8.676471e-01 7.524055e-07
1.617647e-01 8.676471e-01 1.355199e-06
1.715686e-01 8.676471e-01 2.112071e-06
1.813725e-01 8.676471e-01 2.994136e-06
1.911765e-01 8.676471e-01 3.955876e-06
2.009804e-01 8.676471e-01 4.939054e-06
2.107843e-01 8.676471e-01 5.879526e-06
2.205882e-01 8.676471e-01 6.715139e-06
2.303922e-01 8.676471e-01 7.391356e-06
2.401961e-01 8.676471e-01 7.867869e-06
2.500000e-01 8.676471e-01 8.121585e-06
2.598039e-01 8.676471e-01 8.147592e-06
2.696078e-01 8.676471e-01 7.958712e-06
2.794118e-01 8.676471e-01 7.581293e-06
2.892157e-01 8.676471e-01 7.051846e-06
2.990196e-01 8.676471e-01 6.412599e-06
3.088235e-01 8.676471e-01 5.706414e-06
3.186275e-01 8.676471e-01 4.973932e-06
3.284314e-01 8.676471e-01 4.250071e-06
3.382353e-01 8.676471e-01 3.562336e-06
3.480392e-01 8.676471e-01 2.931059e-06
3.578431e-01 8.676471e-01 2.368741e-06
3.676471e-01 8.676471e-01 1.881238e-06
3.774510e-01 8.676471e-01 1.469207e-06
3.872549e-01 8.676471e-01 1.128671e-06
3.970588e-01 8.676471e-01 8.531896e-07
4.068627e-01 8.676471e-01 6.350385e-07
4.166667e-01 8.676471e-01 4.654800e-07
4.264706e-01 8.676471e-01 3.361911e-07
4.362745e-01 8.676471e-01 2.394355e-07
4.460784e-01 8.676471e-01 1.680039e-07
4.558824e-01 8.676471e-01 1.161883e-07
4.656863e-01 8.676471e-01 7.933336e-08
4.754902e-01 8.676471e-01 5.340116e-08
4.852941e-01 8.676471e-01 3.552744e-08
4.950980e-01 8.676471e-01 2.343305e-08
5.049020e-01 8.676471e-01 1.514759e-08
5.147059e-01 8.676471e-01 9.613521e-09
5.245098e-01 8.676471e-01 6.088823e-09
5.343137e-01 8.676471e-01 3.769949e-09
5.441176e-01 8.676471e-01 2.340264e-09
5.539216e-01 8.676471e-01 1.546072e-09
5.637255e-01 8.676471e-01 9.290717e-10
5.735294e-01 8.676471e-01 4.676933e-10
5.833333e-01 8.676471e-01 2.708339e-10
5.931373e-01 8.676471e-01 1.281864e-10
6.029412e-01 8.676471e-01 4.203393e-11
6.127451e-01 8.676471e-01 1.254780e-10
6.225490e-01 8.676471e-01 1.442691e-10
6.323529e-01 8.676471e-01 2.368972e-11
6.421569e-01 8.676471e-01 -1.528404e-11
6.519608e-01 8.676471e-01 -2.408796e-11
6.617647e-01 8.676471e-01 -9.696019e-11
6.715686e-01 8.676471e-01 -5.075694e-11
6.813725e-01 8.676471e-01 8.666088e-11
6.911765e-01 8.676471e-01 8.576636e-11
7.009804e-01 8.676471e-01 2.877975e-11
7.107843e-01 8.676471e-01 4.109987e-11
7.205882e-01 8.676471e-01 -1.806077e-11
7.303922e-01 8.676471e-01 -1.296623e-10
7.401961e-01 8.676471e-01 -9.132325e-11
7.500000e-01 8.676471e-01 1.618285e-11
7.598039e-01 8.676471e-01 2.630324e-11
7.696078e-01 8.676471e-01 4.782386e-11
7.794118e-01 8.676471e-01 1.292904e-10
7.892157e-01 8.676471e-01 9.428308e-11
7.990196e-01 8.676471e-01 -4.144255e-11
8.088235e-01 8.676471e-01 -8.296923e-11
8.186275e-01 8.676471e-01 -6.576891e-11
8.284314e-01 8.676471e-01 -1.111549e-10
8.382353e-01 8.676471e-01 -1.041438e-10
8.480392e-01 8.676471e-01 3.350081e-11
8.578431e-01 8.676471e-01 1.249896e-10
8.676471e-01 8.676471e-01 6.885364e-11
8.774510e-01 8.676471e-01 1.712277e-11
8.872549e-01 8.676471e-01 1.041117e-11
8.970588e-01 8.676471e-01 -1.296287e-11
9.068627e-01 8.676471e-01 3.222881e-12
9.166667e-01 8.676471e-01 2.658410e-10
9.264706e-01 8.676471e-01 5.519183e-10
9.362745e-01 8.676471e-01 5.731011e-10
9.460784e-01 8.676471e-01 -2.644178e-11
9.558824e-01 8.676471e-01 -1.044935e-09
9.656863e-01 8.676471e-01 -2.524056e-09
9.754902e-01 8.676471e-01 -3.515313e-09
9.852941e-01 8.676471e-01 -3.176348e-09
9.950980e-01 8.676471e-01 1.356781e-10
4.901961e-03 8.774510e-01 -7.730800e-10
1.470588e-02 8.774510e-01 2.659777e-11
2.450980e-02 8.774510e-01 1.481502e-09
3.431373e-02 8.774510e-01 3.389800e-09
4.411765e-02 8.774510e-01 4.845276e-09
5.392157e-02 8.774510e-01 4.776337e-09
6.372549e-02 8.774510e-01 1.712315e-09
7.352941e-02 8.774510e-01 -5.286493e-09
8.333333e-02 8.774510e-01 -1.614735e-08
9.313725e-02 8.774510e-01 -2.906857e-08
1.029412e-01 8.774510e-01 -4.004633e-08
1.127451e-01 8.774510e-01 -4.308149e-08
1.225490e-01 8.774510e-01 -3.026359e-08
1.323529e-01 8.774510e-01 6.856662e-09
1.421569e-01 8.774510e-01 7.614800e-08
1.519608e-01 8.774510e-01 1.832192e-07
1.617647e-01 8.774510e-01 3.301111e-07
1.715686e-01 8.774510e-01 5.146268e-07
1.813725e-01 8.774510e-01 7.297483e-07
1.911765e-01 8.774510e-01 9.643927e-07
2.009804e-01 8.774510e-01 1.204363e-06
2.107843e-01 8.774510e-01 1.434007e-06
2.205882e-01 8.774510e-01 1.638147e-06
2.303922e-01 8.774510e-01 1.803453e-06
2.401961e-01 8.774510e-01 1.920062e-06
2.500000e-01 8.774510e-01 1.982306e-06
2.598039e-01 8.774510e-01 1.988960e-06
2.696078e-01 8.774510e-01 1.943126e-06
2.794118e-01 8.774510e-01 1.851221e-06
2.892157e-01 8.774510e-01 1.722146e-06
2.990196e-01 8.774510e-01 1.566206e-06
3.088235e-01 8.774510e-01 1.393866e-06
3.186275e-01 8.774510e-01 1.215055e-06
3.284314e-01 8.774510e-01 1.038309e-06
3.382353e-01 8.774510e-01 8.703534e-07
3.480392e-01 8.774510e-01 7.161617e-07
3.578431e-01 8.774510e-01 5.787965e-07
3.676471e-01 8.774510e-01 4.596946e-07
3.774510e-01 8.774510e-01 3.590224e-07
3.872549e-01 8.774510e-01 2.758138e-07
3.970588e-01 8.774510e-01 2.084971e-07
4.068627e-01 8.774510e-01 1.551871e-07
4.166667e-01 8.774510e-01 1.137507e-07
4.264706e-01 8.774510e-01 8.215432e-08
4.362745e-01 8.774510e-01 5.850889e-08
4.460784e-01 8.774510e-01 4.105290e-08
4.558824e-01 8.774510e-01 2.839018e-08
4.656863e-01 8.774510e-01 1.938369e-08
4.754902e-01 8.774510e-01 1.304680e-08
4.852941e-01 8.774510e-01 8.678940e-09
4.950980e-01 8.774510e-01 5.724049e-09
5.049020e-01 8.774510e-01 3.700331e-09
5.147059e-01 8.774510e-01 2.348138e-09
5.245098e-01 8.774510e-01 1.486932e-09
5.343137e-01 8.774510e-01 9.205717e-10
5.441176e-01 8.774510e-01 5.710031e-10
5.539216e-01 8.774510e-01 3.771676e-10
5.637255e-01 8.774510e-01 2.271329e-10
5.735294e-01 8.774510e-01 1.143694e-10
5.833333e-01 8.774510e-01 6.606320e-11
5.931373e-01 8.774510e-01 3.138222e-11
6.029412e-01 8.774510e-01 1.002231e-11
6.127451e-01 8.774510e-01 3.016649e-11
6.225490e-01 8.774510e-01 3.532453e-11
6.323529e-01 8.774510e-01 6.096463e-12
6.421569e-01 8.774510e-01 -3.719438e-12
6.519608e-01 8.774510e-01 -5.716258e-12
6.617647e-01 8.774510e-01 -2.351784e-11
6.715686e-01 8.774510e-01 -1.278980e-11
6.813725e-01 8.774510e-01 2.081920e-11
6.911765e-01 8.774510e-01 2.110654e-11
7.009804e-01 8.774510e-01 7.089571e-12
7.107843e-01 8.774510e-01 1.000736e-11
7.205882e-01 8.774510e-01 -4.038749e-12
7.303922e-01 8.774510e-01 -3.142003e-11
7.401961e-01 8.774510e-01 -2.262242e-11
7.500000e-01 8.774510e-01 3.734644e-12
7.598039e-01 8.774510e-01 6.493355e-12
7.696078e-01 8.774510e-01 1.145986e-11
7.794118e-01 8.774510e-01 3.133532e-11
7.892157e-01 8.774510e-01 2.334221e-11
7.990196e-01 8.774510e-01 -9.755707e-12
8.088235e-01 8.774510e-01 -2.032810e-11
8.186275e-01 8.774510e-01 -1.603514e-11
8.284314e-01 8.774510e-01 -2.690017e-11
8.382353e-01 8.774510e-01 -2.563378e-11
8.480392e-01 8.774510e-01 7.645251e-12
8.578431e-01 8.774510e-01 3.044870e-11
8.676471e-01 8.774510e-01 1.712277e-11
8.774510e-01 8.774510e-01 4.312248e-12
8.872549e-01 8.774510e-01 2.706194e-12
8.970588e-01 8.774510e-01 -2.776473e-12
9.068627e-01 8.774510e-01 5.768848e-13
9.166667e-01 8.774510e-01 6.355343e-11
9.264706e-01 8.774510e-01 1.331482e-10
9.362745e-01 8.774510e-01 1.393850e-10
9.460784e-01 8.774510e-01 -5.274496e-12
9.558824e-01 8.774510e-01 -2.516164e-10
9.656863e-01 8.774510e-01 -6.102494e-10
9.754902e-01 8.774510e-01 -8.517228e-10
9.852941e-01 8.774510e-01 -7.730800e-10
9.950980e-01 8.774510e-01 2.659777e-11
4.901961e-03 8.872549e-01 -4.602077e-10
1.470588e-02 8.872549e-01 3.973649e-11
2.450980e-02 8.872549e-01 9.353197e-10
3.431373e-02 8.872549e-01 2.096667e-09
4.411765e-02 8.872549e-01 2.961504e-09
5.392157e-02 8.872549e-01 2.871099e-09
6.372549e-02 8.872549e-01 9.290987e-10
7.352941e-02 8.872549e-01 -3.423788e-09
8.333333e-02 8.872549e-01 -1.011701e-08
9.313725e-02 8.872549e-01 -1.801074e-08
1.029412e-01 8.872549e-01 -2.461083e-08
1.127451e-01 8.872549e-01 -2.620069e-08
1.225490e-01 8.872549e-01 -1.790094e-08
1.323529e-01 8.872549e-01 5.482195e-09
1.421569e-01 8.872549e-01 4.876808e-08
1.519608e-01 8.872549e-01 1.153692e-07
1.617647e-01 8.872549e-01 2.064921e-07
1.715686e-01 8.872549e-01 3.207294e-07
1.813725e-01 8.872549e-01 4.537100e-07
1.911765e-01 8.872549e-01 5.985710e-07
2.009804e-01 8.872549e-01 7.465468e-07
2.107843e-01 8.872549e-01 8.879932e-07
2.205882e-01 8.872549e-01 1.013572e-06
2.303922e-01 8.872549e-01 1.115099e-06
2.401961e-01 8.872549e-01 1.186531e-06
2.500000e-01 8.872549e-01 1.224414e-06
2.598039e-01 8.872549e-01 1.228030e-06
2.696078e-01 8.872549e-01 1.199319e-06
2.794118e-01 8.872549e-01 1.142260e-06
2.892157e-01 8.872549e-01 1.062351e-06
2.990196e-01 8.872549e-01 9.659489e-07
3.088235e-01 8.872549e-01 8.595041e-07
3.186275e-01 8.872549e-01 7.491294e-07
3.284314e-01 8.872549e-01 6.400768e-07
3.382353e-01 8.872549e-01 5.364827e-07
3.480392e-01 8.872549e-01 4.414027e-07
3.578431e-01 8.872549e-01 3.567152e-07
3.676471e-01 8.872549e-01 2.832986e-07
3.774510e-01 8.872549e-01 2.212493e-07
3.872549e-01 8.872549e-01 1.699682e-07
3.970588e-01 8.872549e-01 1.284844e-07
4.068627e-01 8.872549e-01 9.563339e-08
4.166667e-01 8.872549e-01 7.009981e-08
4.264706e-01 8.872549e-01 5.062988e-08
4.362745e-01 8.872549e-01 3.605876e-08
4.460784e-01 8.872549e-01 2.530188e-08
4.558824e-01 8.872549e-01 1.749886e-08
4.656863e-01 8.872549e-01 1.194833e-08
4.754902e-01 8.872549e-01 8.042930e-09
4.852941e-01 8.872549e-01 5.350755e-09
4.950980e-01 8.872549e-01 3.528900e-09
5.049020e-01 8.872549e-01 2.281471e-09
5.147059e-01 8.872549e-01 1.448207e-09
5.245098e-01 8.872549e-01 9.171490e-10
5.343137e-01 8.872549e-01 5.680032e-10
5.441176e-01 8.872549e-01 3.524425e-10
5.539216e-01 8.872549e-01 2.324168e-10
5.637255e-01 8.872549e-01 1.398533e-10
5.735294e-01 8.872549e-01 7.067963e-11
5.833333e-01 8.872549e-01 4.084451e-11
5.931373e-01 8.872549e-01 1.949557e-11
6.029412e-01 8.872549e-01 6.505234e-12
6.127451e-01 8.872549e-01 1.854983e-11
6.225490e-01 8.872549e-01 2.142598e-11
6.323529e-01 8.872549e-01 3.690751e-12
6.421569e-01 8.872549e-01 -2.275966e-12
6.519608e-01 8.872549e-01 -3.573317e-12
6.617647e-01 8.872549e-01 -1.422642e-11
6.715686e-01 8.872549e-01 -7.573767e-12
6.813725e-01 8.872549e-01 1.269388e-11
6.911765e-01 8.872549e-01 1.280530e-11
7.009804e-01 8.872549e-01 4.342109e-12
7.107843e-01 8.872549e-01 5.966219e-12
7.205882e-01 8.872549e-01 -2.658834e-12
7.303922e-01 8.872549e-01 -1.909750e-11
7.401961e-01 8.872549e-01 -1.365079e-11
7.500000e-01 8.872549e-01 2.291446e-12
7.598039e-01 8.872549e-01 4.063792e-12
7.696078e-01 8.872549e-01 7.177207e-12
7.794118e-01 8.872549e-01 1.905377e-11
7.892157e-01 8.872549e-01 1.402346e-11
7.990196e-01 8.872549e-01 -6.017165e-12
8.088235e-01 8.872549e-01 -1.245305e-11
8.186275e-01 8.872549e-01 -9.952208e-12
8.284314e-01 8.872549e-01 -1.640996e-11
8.382353e-01 8.872549e-01 -1.539610e-11
8.480392e-01 8.872549e-01 4.774310e-12
8.578431e-01 8.872549e-01 1.847243e-11
8.676471e-01 8.872549e-01 1.041117e-11
8.774510e-01 8.872549e-01 2.706194e-12
8.872549e-01 8.872549e-01 1.745322e-12
8.970588e-01 8.872549e-01 -1.250884e-12
9.068627e-01 8.872549e-01 1.317330e-12
9.166667e-01 8.872549e-01 3.967442e-11
9.264706e-01 8.872549e-01 8.094265e-11
9.362745e-01 8.872549e-01 8.292275e-11
9.460784e-01 8.872549e-01 -7.453933e-12
9.558824e-01 8.872549e-01 -1.590049e-10
9.656863e-01 8.872549e-01 -3.767054e-10
9.754902e-01 8.872549e-01 -5.182071e-10
9.852941e-01 8.872549e-01 -4.602077e-10
9.950980e-01 8.872549e-01 3.973649e-11
4.901961e-03 8.970588e-01 6.737573e-10
1.470588e-02 8.970588e-01 -3.342790e-11
2.450980e-02 8.970588e-01 -1.309482e-09
3.431373e-02 8.970588e-01 -2.970519e-09
4.411765e-02 8.970588e-01 -4.235624e-09
5.392157e-02 8.970588e-01 -4.173951e-09
6.372549e-02 8.970588e-01 -1.520883e-09
7.352941e-02 8.970588e-01 4.521688e-09
8.333333e-02 8.970588e-01 1.387867e-08
9.313725e-02 8.970588e-01 2.500087e-08
1.029412e-01 8.970588e-01 3.448105e-08
1.127451e-01 8.970588e-01 3.722971e-08
1.225490e-01 8.970588e-01 2.656577e-08
1.323529e-01 8.970588e-01 -4.606443e-09
1.421569e-01 8.970588e-01 -6.284980e-08
1.519608e-01 8.970588e-01 -1.527823e-07
1.617647e-01 8.970588e-01 -2.760028e-07
1.715686e-01 8.970588e-01 -4.305391e-07
1.813725e-01 8.970588e-01 -6.103820e-07
1.911765e-01 8.970588e-01 -8.061528e-07
2.009804e-01 8.970588e-01 -1.005917e-06
2.107843e-01 8.970588e-01 -1.196596e-06
2.205882e-01 8.970588e-01 -1.365565e-06
2.303922e-01 8.970588e-01 -1.501800e-06
2.401961e-01 8.970588e-01 -1.597215e-06
2.500000e-01 8.970588e-01 -1.647246e-06
2.598039e-01 8.970588e-01 -1.651037e-06
2.696078e-01 8.970588e-01 -1.611318e-06
2.794118e-01 8.970588e-01 -1.533540e-06
2.892157e-01 8.970588e-01 -1.425186e-06
2.990196e-01 8.970588e-01 -1.294868e-06
3.088235e-01 8.970588e-01 -1.151287e-06
3.186275e-01 8.970588e-01 -1.002668e-06
3.284314e-01 8.970588e-01 -8.560468e-07
3.382353e-01 8.970588e-01 -7.169465e-07
3.480392e-01 8.970588e-01 -5.894352e-07
3.578431e-01 8.970588e-01 -4.759891e-07
3.676471e-01 8.970588e-01 -3.777474e-07
3.774510e-01 8.970588e-01 -2.948016e-07
3.872549e-01 8.970588e-01 -2.263115e-07
3.970588e-01 8.970588e-01 -1.709567e-07
4.068627e-01 8.970588e-01 -1.271616e-07
4.166667e-01 8.970588e-01 -9.314912e-08
4.264706e-01 8.970588e-01 -6.723691e-08
4.362745e-01 8.970588e-01 -4.785884e-08
4.460784e-01 8.970588e-01 -3.355958e-08
4.558824e-01 8.970588e-01 -2.319588e-08
4.656863e-01 8.970588e-01 -1.583037e-08
4.754902e-01 8.970588e-01 -1.065020e-08
4.852941e-01 8.970588e-01 -7.083884e-09
4.950980e-01 8.970588e-01 -4.670916e-09
5.049020e-01 8.970588e-01 -3.015746e-09
5.147059e-01 8.970588e-01 -1.912744e-09
5.245098e-01 8.970588e-01 -1.211584e-09
5.343137e-01 8.970588e-01 -7.494532e-10
5.441176e-01 8.970588e-01 -4.666641e-10
5.539216e-01 8.970588e-01 -3.093778e-10
5.637255e-01 8.970588e-01 -1.838444e-10
5.735294e-01 8.970588e-01 -9.152685e-11
5.833333e-01 8.970588e-01 -5.357113e-11
5.931373e-01 8.970588e-01 -2.456786e-11
6.029412e-01 8.970588e-01 -8.580311e-12
6.127451e-01 8.970588e-01 -2.727552e-11
6.225490e-01 8.970588e-01 -2.925772e-11
6.323529e-01 8.970588e-01 -3.464044e-12
6.421569e-01 8.970588e-01 3.343105e-12
6.519608e-01 8.970588e-01 5.619975e-12
6.617647e-01 8.970588e-01 2.075611e-11
6.715686e-01 8.970588e-01 9.053480e-12
6.813725e-01 8.970588e-01 -1.932322e-11
6.911765e-01 8.970588e-01 -1.711763e-11
7.009804e-01 8.970588e-01 -5.609678e-12
7.107843e-01 8.970588e-01 -8.637610e-12
7.205882e-01 8.970588e-01 5.087280e-12
7.303922e-01 8.970588e-01 2.779378e-11
7.401961e-01 8.970588e-01 1.763407e-11
7.500000e-01 8.970588e-01 -4.304858e-12
7.598039e-01 8.970588e-01 -5.136440e-12
7.696078e-01 8.970588e-01 -1.056846e-11
7.794118e-01 8.970588e-01 -2.760857e-11
7.892157e-01 8.970588e-01 -1.827167e-11
7.990196e-01 8.970588e-01 1.006186e-11
8.088235e-01 8.970588e-01 1.686862e-11
8.186275e-01 8.970588e-01 1.347301e-11
8.284314e-01 8.970588e-01 2.377273e-11
8.382353e-01 8.970588e-01 2.075388e-11
8.480392e-01 8.970588e-01 -9.074295e-12
8.578431e-01 8.970588e-01 -2.623435e-11
8.676471e-01 8.970588e-01 -1.296287e-11
8.774510e-01 8.970588e-01 -2.776473e-12
8.872549e-01 8.970588e-01 -1.250884e-12
8.970588e-01 8.970588e-01 4.776058e-12
9.068627e-01 8.970588e-01 -5.689556e-13
9.166667e-01 8.970588e-01 -5.933566e-11
9.264706e-01 8.970588e-01 -1.205682e-10
9.362745e-01 8.970588e-01 -1.221869e-10
9.460784e-01 8.970588e-01 6.314079e-12
9.558824e-01 8.970588e-01 2.245970e-10
9.656863e-01 8.970588e-01 5.399951e-10
9.754902e-01 8.970588e-01 7.515991e-10
9.852941e-01 8.970588e-01 6.737573e-10
9.950980e-01 8.970588e-01 -3.342790e-11
4.901961e-03 9.068627e-01 -1.063698e-10
1.470588e-02 9.068627e-01 -1.464818e-10
2.450980e-02 9.068627e-01 -1.275997e-10
3.431373e-02 9.068627e-01 -1.724737e-11
4.411765e-02 9.068627e-01 1.811476e-10
5.392157e-02 9.068627e-01 4.390426e-10
6.372549e-02 9.068627e-01 6.585069e-10
7.352941e-02 9.068627e-01 6.984586e-10
8.333333e-02 9.068627e-01 4.210525e-10
9.313725e-02 9.068627e-01 -2.575656e-10
1.029412e-01 9.068627e-01 -1.304013e-09
1.127451e-01 9.068627e-01 -2.553396e-09
1.225490e-01 9.068627e-01 -3.653218e-09
1.323529e-01 9.068627e-01 -4.103202e-09
1.421569e-01 9.068627e-01 -3.316432e-09
1.519608e-01 9.068627e-01 -7.229811e-10
1.617647e-01 9.068627e-01 4.111193e-09
1.715686e-01 9.068627e-01 1.142180e-08
1.813725e-01 9.068627e-01 2.114584e-08
1.911765e-01 9.068627e-01 3.290850e-08
2.009804e-01 9.068627e-01 4.604873e-08
2.107843e-01 9.068627e-01 5.969056e-08
2.205882e-01 9.068627e-01 7.288081e-08
2.303922e-01 9.068627e-01 8.467127e-08
2.401961e-01 9.068627e-01 9.424081e-08
2.500000e-01 9.068627e-01 1.009898e-07
2.598039e-01 9.068627e-01 1.045779e-07
2.696078e-01 9.068627e-01 1.049649e-07
2.794118e-01 9.068627e-01 1.023555e-07
2.892157e-01 9.068627e-01 9.714897e-08
2.990196e-01 9.068627e-01 8.989735e-08
3.088235e-01 9.068627e-01 8.120967e-08
3.186275e-01 9.068627e-01 7.170726e-08
3.284314e-01 9.068627e-01 6.196084e-08
3.382353e-01 9.068627e-01 5.243087e-08
3.480392e-01 9.068627e-01 4.348435e-08
3.578431e-01 9.068627e-01 3.537488e-08
3.676471e-01 9.068627e-01 2.824268e-08
3.774510e-01 9.068627e-01 2.215098e-08
3.872549e-01 9.068627e-01 1.707457e-08
3.970588e-01 9.068627e-01 1.293410e-08
4.068627e-01 9.068627e-01 9.637769e-09
4.166667e-01 9.068627e-01 7.065968e-09
4.264706e-01 9.068627e-01 5.098573e-09
4.362745e-01 9.068627e-01 3.629418e-09
4.460784e-01 9.068627e-01 2.544275e-09
4.558824e-01 9.068627e-01 1.752587e-09
4.656863e-01 9.068627e-01 1.191946e-09
4.754902e-01 9.068627e-01 7.980671e-10
4.852941e-01 9.068627e-01 5.265877e-10
4.950980e-01 9.068627e-01 3.487437e-10
5.049020e-01 9.068627e-01 2.263722e-10
5.147059e-01 9.068627e-01 1.403712e-10
5.245098e-01 9.068627e-01 8.789714e-11
5.343137e-01 9.068627e-01 5.330335e-11
5.441176e-01 9.068627e-01 3.055168e-11
5.539216e-01 9.068627e-01 2.278739e-11
5.637255e-01 9.068627e-01 1.656139e-11
5.735294e-01 9.068627e-01 6.716133e-12
5.833333e-01 9.068627e-01 3.291331e-12
5.931373e-01 9.068627e-01 1.595567e-12
6.029412e-01 9.068627e-01 -2.521938e-12
6.127451e-01 9.068627e-01 2.799563e-13
6.225490e-01 9.068627e-01 4.993747e-12
6.323529e-01 9.068627e-01 1.897132e-12
6.421569e-01 9.068627e-01 -3.797160e-13
6.519608e-01 9.068627e-01 9.532442e-13
6.617647e-01 9.068627e-01 -2.466983e-12
6.715686e-01 9.068627e-01 -4.504480e-12
6.813725e-01 9.068627e-01 9.794709e-13
6.911765e-01 9.068627e-01 3.261112e-12
7.009804e-01 9.068627e-01 4.103531e-13
7.107843e-01 9.068627e-01 1.725204e-12
7.205882e-01 9.068627e-01 2.622503e-12
7.303922e-01 9.068627e-01 -2.725487e-12
7.401961e-01 9.068627e-01 -4.515575e-12
7.500000e-01 9.068627e-01 -8.269729e-14
7.598039e-01 9.068627e-01 3.687684e-13
7.696078e-01 9.068627e-01 -1.388787e-12
7.794118e-01 9.068627e-01 2.474614e-12
7.892157e-01 9.068627e-01 5.077163e-12
7.990196e-01 9.068627e-01 5.005497e-13
8.088235e-01 9.068627e-01 -2.193865e-12
8.186275e-01 9.068627e-01 1.067931e-13
8.284314e-01 9.068627e-01 -1.376208e-12
8.382353e-01 9.068627e-01 -5.181337e-12
8.480392e-01 9.068627e-01 -2.070765e-12
8.578431e-01 9.068627e-01 3.812603e-12
8.676471e-01 9.068627e-01 3.222881e-12
8.774510e-01 9.068627e-01 5.768848e-13
8.872549e-01 9.068627e-01 1.317330e-12
8.970588e-01 9.068627e-01 -5.689556e-13
9.068627e-01 9.068627e-01 -7.689827e-12
9.166667e-01 9.068627e-01 -7.698229e-12
9.264706e-01 9.068627e-01 4.200321e-12
9.362745e-01 9.068627e-01 1.965582e-11
9.460784e-01 9.068627e-01 2.719780e-11
9.558824e-01 9.068627e-01 2.688321e-11
9.656863e-01 9.068627e-01 6.135130e-12
9.754902e-01 9.068627e-01 -4.049679e-11
9.852941e-01 9.068627e-01 -1.063698e-10
9.950980e-01 9.068627e-01 -1.464818e-10
4.901961e-03 9.166667e-01 -1.245508e-08
1.470588e-02 9.166667e-01 1.921259e-10
2.450980e-02 9.166667e-01 2.331928e-08
3.431373e-02 9.166667e-01 5.374315e-08
4.411765e-02 9.166667e-01 7.715351e-08
5.392157e-02 9.166667e-01 7.653970e-08
6.372549e-02 9.166667e-01 2.851458e-08
7.352941e-02 9.166667e-01 -8.195221e-08
8.333333e-02 9.166667e-01 -2.538889e-07
9.313725e-02 9.166667e-01 -4.590101e-07
1.029412e-01 9.166667e-01 -6.342723e-07
1.127451e-01 9.166667e-01 -6.850964e-07
1.225490e-01 9.166667e-01 -4.866949e-07
1.323529e-01 9.166667e-01 9.421111e-08
1.421569e-01 9.166667e-01 1.181696e-06
1.519608e-01 9.166667e-01 2.864120e-06
1.617647e-01 9.166667e-01 5.173566e-06
1.715686e-01 9.166667e-01 8.075298e-06
1.813725e-01 9.166667e-01 1.145857e-05
1.911765e-01 9.166667e-01 1.514866e-05
2.009804e-01 9.166667e-01 1.892186e-05
2.107843e-01 9.166667e-01 2.253175e-05
2.205882e-01 9.166667e-01 2.573954e-05
2.303922e-01 9.166667e-01 2.833566e-05
2.401961e-01 9.166667e-01 3.016524e-05
2.500000e-01 9.166667e-01 3.113957e-05
2.598039e-01 9.166667e-01 3.123981e-05
2.696078e-01 9.166667e-01 3.051526e-05
2.794118e-01 9.166667e-01 2.906716e-05
2.892157e-01 9.166667e-01 2.703575e-05
2.990196e-01 9.166667e-01 2.458320e-05
3.088235e-01 9.166667e-01 2.187407e-05
3.186275e-01 9.166667e-01 1.906438e-05
3.284314e-01 9.166667e-01 1.628813e-05
3.382353e-01 9.166667e-01 1.365077e-05
3.480392e-01 9.166667e-01 1.123027e-05
3.578431e-01 9.166667e-01 9.074509e-06
3.676471e-01 9.166667e-01 7.205867e-06
3.774510e-01 9.166667e-01 5.626790e-06
3.872549e-01 9.166667e-01 4.321929e-06
3.970588e-01 9.166667e-01 3.266516e-06
4.068627e-01 9.166667e-01 2.430902e-06
4.166667e-01 9.166667e-01 1.781534e-06
4.264706e-01 9.166667e-01 1.286486e-06
4.362745e-01 9.166667e-01 9.160878e-07
4.460784e-01 9.166667e-01 6.426720e-07
4.558824e-01 9.166667e-01 4.443718e-07
4.656863e-01 9.166667e-01 3.033629e-07
4.754902e-01 9.166667e-01 2.041598e-07
4.852941e-01 9.166667e-01 1.358044e-07
4.950980e-01 9.166667e-01 8.956880e-08
5.049020e-01 9.166667e-01 5.788408e-08
5.147059e-01 9.166667e-01 3.672143e-08
5.245098e-01 9.166667e-01 2.325530e-08
5.343137e-01 9.166667e-01 1.439227e-08
5.441176e-01 9.166667e-01 8.933675e-09
5.539216e-01 9.166667e-01 5.913707e-09
5.637255e-01 9.166667e-01 3.552040e-09
5.735294e-01 9.166667e-01 1.779012e-09
5.833333e-01 9.166667e-01 1.031107e-09
5.931373e-01 9.166667e-01 4.846529e-10
6.029412e-01 9.166667e-01 1.531096e-10
6.127451e-01 9.166667e-01 4.854860e-10
6.225490e-01 9.166667e-01 5.613361e-10
6.323529e-01 9.166667e-01 8.896498e-11
6.421569e-01 9.166667e-01 -6.034332e-11
6.519608e-01 9.166667e-01 -9.226407e-11
6.617647e-01 9.166667e-01 -3.796812e-10
6.715686e-01 9.166667e-01 -1.992312e-10
6.813725e-01 9.166667e-01 3.397310e-10
6.911765e-01 9.166667e-01 3.333819e-10
7.009804e-01 9.166667e-01 1.092764e-10
7.107843e-01 9.166667e-01 1.618437e-10
7.205882e-01 9.166667e-01 -6.805238e-11
7.303922e-01 9.166667e-01 -5.065390e-10
7.401961e-01 9.166667e-01 -3.550018e-10
7.500000e-01 9.166667e-01 6.605247e-11
7.598039e-01 9.166667e-01 1.003308e-10
7.696078e-01 9.166667e-01 1.819047e-10
7.794118e-01 9.166667e-01 5.038359e-10
7.892157e-01 9.166667e-01 3.678131e-10
7.990196e-01 9.166667e-01 -1.637421e-10
8.088235e-01 9.166667e-01 -3.215718e-10
8.186275e-01 9.166667e-01 -2.502400e-10
8.284314e-01 9.166667e-01 -4.312240e-10
8.382353e-01 9.166667e-01 -4.076671e-10
8.480392e-01 9.166667e-01 1.320056e-10
8.578431e-01 9.166667e-01 4.891278e-10
8.676471e-01 9.166667e-01 2.658410e-10
8.774510e-01 9.166667e-01 6.355343e-11
8.872549e-01 9.166667e-01 3.967442e-11
8.970588e-01 9.166667e-01 -5.933566e-11
9.068627e-01 9.166667e-01 -7.698229e-12
9.166667e-01 9.166667e-01 1.013454e-09
9.264706e-01 9.166667e-01 2.144381e-09
9.362745e-01 9.166667e-01 2.251494e-09
9.460784e-01 9.166667e-01 -3.913000e-11
9.558824e-01 9.166667e-01 -3.960933e-09
9.656863e-01 9.166667e-01 -9.698247e-09
9.754902e-01 9.166667e-01 -1.362339e-08
9.852941e-01 9.166667e-01 -1.245508e-08
9.950980e-01 9.166667e-01 1.921259e-10
4.901961e-03 9.264706e-01 -2.588219e-08
1.470588e-02 9.264706e-01 7.669224e-10
2.450980e-02 9.264706e-01 4.927393e-08
3.431373e-02 9.264706e-01 1.128823e-07
4.411765e-02 9.264706e-01 1.615430e-07
5.392157e-02 9.264706e-01 1.596055e-07
6.372549e-02 9.264706e-01 5.819170e-08
7.352941e-02 9.264706e-01 -1.739260e-07
8.333333e-02 9.264706e-01 -5.343762e-07
9.313725e-02 9.264706e-01 -9.635428e-07
1.029412e-01 9.264706e-01 -1.329057e-06
1.127451e-01 9.264706e-01 -1.432605e-06
1.225490e-01 9.264706e-01 -1.012835e-06
1.323529e-01 9.264706e-01 2.091296e-07
1.421569e-01 9.264706e-01 2.492656e-06
1.519608e-01 9.264706e-01 6.022151e-06
1.617647e-01 9.264706e-01 1.086411e-05
1.715686e-01 9.264706e-01 1.694512e-05
1.813725e-01 9.264706e-01 2.403271e-05
1.911765e-01 9.264706e-01 3.176069e-05
2.009804e-01 9.264706e-01 3.966059e-05
2.107843e-01 9.264706e-01 4.721657e-05
2.205882e-01 9.264706e-01 5.392897e-05
2.303922e-01 9.264706e-01 5.935952e-05
2.401961e-01 9.264706e-01 6.318447e-05
2.500000e-01 9.264706e-01 6.521862e-05
2.598039e-01 9.264706e-01 6.542299e-05
2.696078e-01 9.264706e-01 6.390111e-05
2.794118e-01 9.264706e-01 6.086514e-05
2.892157e-01 9.264706e-01 5.660878e-05
2.990196e-01 9.264706e-01 5.147158e-05
3.088235e-01 9.264706e-01 4.579798e-05
3.186275e-01 9.264706e-01 3.991449e-05
3.284314e-01 9.264706e-01 3.410145e-05
3.382353e-01 9.264706e-01 2.857956e-05
3.480392e-01 9.264706e-01 2.351192e-05
3.578431e-01 9.264706e-01 1.899866e-05
3.676471e-01 9.264706e-01 1.508656e-05
3.774510e-01 9.264706e-01 1.178068e-05
3.872549e-01 9.264706e-01 9.048880e-06
3.970588e-01 9.264706e-01 6.839306e-06
4.068627e-01 9.264706e-01 5.089863e-06
4.166667e-01 9.264706e-01 3.730318e-06
4.264706e-01 9.264706e-01 2.693839e-06
4.362745e-01 9.264706e-01 1.918304e-06
4.460784e-01 9.264706e-01 1.345814e-06
4.558824e-01 9.264706e-01 9.306007e-07
4.656863e-01 9.264706e-01 6.353296e-07
4.754902e-01 9.264706e-01 4.275926e-07
4.852941e-01 9.264706e-01 2.844450e-07
4.950980e-01 9.264706e-01 1.876033e-07
5.049020e-01 9.264706e-01 1.212429e-07
5.147059e-01 9.264706e-01 7.692730e-08
5.245098e-01 9.264706e-01 4.872011e-08
5.343137e-01 9.264706e-01 3.015626e-08
5.441176e-01 9.264706e-01 1.872361e-08
5.539216e-01 9.264706e-01 1.238558e-08
5.637255e-01 9.264706e-01 7.434794e-09
5.735294e-01 9.264706e-01 3.729672e-09
5.833333e-01 9.264706e-01 2.162477e-09
5.931373e-01 9.264706e-01 1.017507e-09
6.029412e-01 9.264706e-01 3.288944e-10
6.127451e-01 9.264706e-01 1.017718e-09
6.225490e-01 9.264706e-01 1.167279e-09
6.323529e-01 9.264706e-01 1.841344e-10
6.421569e-01 9.264706e-01 -1.254143e-10
6.519608e-01 9.264706e-01 -1.955127e-10
6.617647e-01 9.264706e-01 -7.903626e-10
6.715686e-01 9.264706e-01 -4.088339e-10
6.813725e-01 9.264706e-01 7.092158e-10
6.911765e-01 9.264706e-01 6.927999e-10
7.009804e-01 9.264706e-01 2.291833e-10
7.107843e-01 9.264706e-01 3.354468e-10
7.205882e-01 9.264706e-01 -1.480071e-10
7.303922e-01 9.264706e-01 -1.055807e-09
7.401961e-01 9.264706e-01 -7.358889e-10
7.500000e-01 9.264706e-01 1.374491e-10
7.598039e-01 9.264706e-01 2.101636e-10
7.696078e-01 9.264706e-01 3.850256e-10
7.794118e-01 9.264706e-01 1.051050e-09
7.892157e-01 9.264706e-01 7.613198e-10
7.990196e-01 9.264706e-01 -3.430839e-10
8.088235e-01 9.264706e-01 -6.702100e-10
8.186275e-01 9.264706e-01 -5.264141e-10
8.284314e-01 9.264706e-01 -9.015807e-10
8.382353e-01 9.264706e-01 -8.441508e-10
8.480392e-01 9.264706e-01 2.797135e-10
8.578431e-01 9.264706e-01 1.017076e-09
8.676471e-01 9.264706e-01 5.519183e-10
8.774510e-01 9.264706e-01 1.331482e-10
8.872549e-01 9.264706e-01 8.094265e-11
8.970588e-01 9.264706e-01 -1.205682e-10
9.068627e-01 9.264706e-01 4.200321e-12
9.166667e-01 9.264706e-01 2.144381e-09
9.264706e-01 9.264706e-01 4.487277e-09
9.362745e-01 9.264706e-01 4.676441e-09
9.460784e-01 9.264706e-01 -1.502971e-10
9.558824e-01 9.264706e-01 -8.381228e-09
9.656863e-01 9.264706e-01 -2.037331e-08
9.754902e-01 9.264706e-01 -2.849461e-08
9.852941e-01 9.264706e-01 -2.588219e-08
9.950980e-01 9.264706e-01 7.669224e-10
4.901961e-03 9.362745e-01 -2.686002e-08
1.470588e-02 9.362745e-01 1.046076e-09
2.450980e-02 9.362745e-01 5.169281e-08
3.431373e-02 9.362745e-01 1.179763e-07
4.411765e-02 9.362745e-01 1.684959e-07
5.392157e-02 9.362745e-01 1.660443e-07
6.372549e-02 9.362745e-01 5.969853e-08
7.352941e-02 9.362745e-01 -1.829591e-07
8.333333e-02 9.362745e-01 -5.592448e-07
9.313725e-02 9.362745e-01 -1.006731e-06
1.029412e-01 9.362745e-01 -1.387111e-06
1.127451e-01 9.362745e-01 -1.493337e-06
1.225490e-01 9.362745e-01 -1.052728e-06
1.323529e-01 9.362745e-01 2.255234e-07
1.421569e-01 9.362745e-01 2.611750e-06
1.519608e-01 9.362745e-01 6.297992e-06
1.617647e-01 9.362745e-01 1.135325e-05
1.715686e-01 9.362745e-01 1.770055e-05
1.813725e-01 9.362745e-01 2.509710e-05
1.911765e-01 9.362745e-01 3.316068e-05
2.009804e-01 9.362745e-01 4.140253e-05
2.107843e-01 9.362745e-01 4.928461e-05
2.205882e-01 9.362745e-01 5.628580e-05
2.303922e-01 9.362745e-01 6.194911e-05
2.401961e-01 9.362745e-01 6.593707e-05
2.500000e-01 9.362745e-01 6.805670e-05
2.598039e-01 9.362745e-01 6.826752e-05
2.696078e-01 9.362745e-01 6.667764e-05
2.794118e-01 9.362745e-01 6.350848e-05
2.892157e-01 9.362745e-01 5.906647e-05
2.990196e-01 9.362745e-01 5.370582e-05
3.088235e-01 9.362745e-01 4.778582e-05
3.186275e-01 9.362745e-01 4.164702e-05
3.284314e-01 9.362745e-01 3.558185e-05
3.382353e-01 9.362745e-01 2.982052e-05
3.480392e-01 9.362745e-01 2.453314e-05
3.578431e-01 9.362745e-01 1.982415e-05
3.676471e-01 9.362745e-01 1.574236e-05
3.774510e-01 9.362745e-01 1.229302e-05
3.872549e-01 9.362745e-01 9.442618e-06
3.970588e-01 9.362745e-01 7.137077e-06
4.068627e-01 9.362745e-01 5.311606e-06
4.166667e-01 9.362745e-01 3.892942e-06
4.264706e-01 9.362745e-01 2.811361e-06
4.362745e-01 9.362745e-01 2.002045e-06
4.460784e-01 9.362745e-01 1.404607e-06
4.558824e-01 9.362745e-01 9.712914e-07
4.656863e-01 9.362745e-01 6.631319e-07
4.754902e-01 9.362745e-01 4.463219e-07
4.852941e-01 9.362745e-01 2.969149e-07
4.950980e-01 9.362745e-01 1.958268e-07
5.049020e-01 9.362745e-01 1.265618e-07
5.147059e-01 9.362745e-01 8.031049e-08
5.245098e-01 9.362745e-01 5.086424e-08
5.343137e-01 9.362745e-01 3.148672e-08
5.441176e-01 9.362745e-01 1.955205e-08
5.539216e-01 9.362745e-01 1.292639e-08
5.637255e-01 9.362745e-01 7.757433e-09
5.735294e-01 9.362745e-01 3.896601e-09
5.833333e-01 9.362745e-01 2.259309e-09
5.931373e-01 9.362745e-01 1.064282e-09
6.029412e-01 9.362745e-01 3.491234e-10
6.127451e-01 9.362745e-01 1.061355e-09
6.225490e-01 9.362745e-01 1.211860e-09
6.323529e-01 9.362745e-01 1.915606e-10
6.421569e-01 9.362745e-01 -1.299639e-10
6.519608e-01 9.362745e-01 -2.053560e-10
6.617647e-01 9.362745e-01 -8.205266e-10
6.715686e-01 9.362745e-01 -4.212753e-10
6.813725e-01 9.362745e-01 7.370902e-10
6.911765e-01 9.362745e-01 7.192081e-10
7.009804e-01 9.362745e-01 2.397985e-10
7.107843e-01 9.362745e-01 3.473082e-10
7.205882e-01 9.362745e-01 -1.576143e-10
7.303922e-01 9.362745e-01 -1.097008e-09
7.401961e-01 9.362745e-01 -7.630236e-10
7.500000e-01 9.362745e-01 1.418050e-10
7.598039e-01 9.362745e-01 2.194431e-10
7.696078e-01 9.362745e-01 4.044032e-10
7.794118e-01 9.362745e-01 1.092890e-09
7.892157e-01 9.362745e-01 7.884688e-10
7.990196e-01 9.362745e-01 -3.567606e-10
8.088235e-01 9.362745e-01 -6.968799e-10
8.186275e-01 9.362745e-01 -5.512327e-10
8.284314e-01 9.362745e-01 -9.390395e-10
8.382353e-01 9.362745e-01 -8.739981e-10
8.480392e-01 9.362745e-01 2.926672e-10
8.578431e-01 9.362745e-01 1.055205e-09
8.676471e-01 9.362745e-01 5.731011e-10
8.774510e-01 9.362745e-01 1.393850e-10
8.872549e-01 9.362745e-01 8.292275e-11
8.970588e-01 9.362745e-01 -1.221869e-10
9.068627e-01 9.362745e-01 1.965582e-11
9.166667e-01 9.362745e-01 2.251494e-09
9.264706e-01 9.362745e-01 4.676441e-09
9.362745e-01 9.362745e-01 4.850730e-09
9.460784e-01 9.362745e-01 -2.036113e-10
9.558824e-01 9.362745e-01 -8.801303e-09
9.656863e-01 9.362745e-01 -2.129423e-08
9.754902e-01 9.362745e-01 -2.969655e-08
9.852941e-01 9.362745e-01 -2.686002e-08
9.950980e-01 9.362745e-01 1.046076e-09
4.901961e-03 9.460784e-01 1.109519e-09
1.470588e-02 9.460784e-01 4.223552e-10
2.450980e-02 9.460784e-01 -1.105526e-09
3.431373e-02 9.460784e-01 -3.358294e-09
4.411765e-02 9.460784e-01 -5.410457e-09
5.392157e-02 9.460784e-01 -6.095281e-09
6.372549e-02 9.460784e-01 -3.634631e-09
7.352941e-02 9.460784e-01 3.325892e-09
8.333333e-02 9.460784e-01 1.508823e-08
9.313725e-02 9.460784e-01 3.002794e-08
1.029412e-01 9.460784e-01 4.395611e-08
1.127451e-01 9.460784e-01 5.028923e-08
1.225490e-01 9.460784e-01 3.998066e-08
1.323529e-01 9.460784e-01 3.046544e-09
1.421569e-01 9.460784e-01 -7.011010e-08
1.519608e-01 9.460784e-01 -1.866907e-07
1.617647e-01 9.460784e-01 -3.498620e-07
1.715686e-01 9.460784e-01 -5.579169e-07
1.813725e-01 9.460784e-01 -8.034130e-07
1.911765e-01 9.460784e-01 -1.073933e-06
2.009804e-01 9.460784e-01 -1.353143e-06
2.107843e-01 9.460784e-01 -1.622705e-06
2.205882e-01 9.460784e-01 -1.864625e-06
2.303922e-01 9.460784e-01 -2.062854e-06
2.401961e-01 9.460784e-01 -2.205263e-06
2.500000e-01 9.460784e-01 -2.284628e-06
2.598039e-01 9.460784e-01 -2.298956e-06
2.696078e-01 9.460784e-01 -2.251469e-06
2.794118e-01 9.460784e-01 -2.149375e-06
2.892157e-01 9.460784e-01 -2.002892e-06
2.990196e-01 9.460784e-01 -1.824040e-06
3.088235e-01 9.460784e-01 -1.625103e-06
3.186275e-01 9.460784e-01 -1.417823e-06
3.284314e-01 9.460784e-01 -1.212350e-06
3.382353e-01 9.460784e-01 -1.016671e-06
3.480392e-01 9.460784e-01 -8.367477e-07
3.578431e-01 9.460784e-01 -6.762916e-07
3.676471e-01 9.460784e-01 -5.370670e-07
3.774510e-01 9.460784e-01 -4.193569e-07
3.872549e-01 9.460784e-01 -3.220577e-07
3.970588e-01 9.460784e-01 -2.433294e-07
4.068627e-01 9.460784e-01 -1.810005e-07
4.166667e-01 9.460784e-01 -1.325737e-07
4.264706e-01 9.460784e-01 -9.566670e-08
4.362745e-01 9.460784e-01 -6.808372e-08
4.460784e-01 9.460784e-01 -4.773100e-08
4.558824e-01 9.460784e-01 -3.296512e-08
4.656863e-01 9.460784e-01 -2.248088e-08
4.754902e-01 9.460784e-01 -1.510974e-08
4.852941e-01 9.460784e-01 -1.003532e-08
4.950980e-01 9.460784e-01 -6.623285e-09
5.049020e-01 9.460784e-01 -4.280193e-09
5.147059e-01 9.460784e-01 -2.703049e-09
5.245098e-01 9.460784e-01 -1.709040e-09
5.343137e-01 9.460784e-01 -1.053333e-09
5.441176e-01 9.460784e-01 -6.468570e-10
5.539216e-01 9.460784e-01 -4.387317e-10
5.637255e-01 9.460784e-01 -2.710999e-10
5.735294e-01 9.460784e-01 -1.288917e-10
5.833333e-01 9.460784e-01 -7.352281e-11
5.931373e-01 9.460784e-01 -3.400919e-11
6.029412e-01 9.460784e-01 -7.422064e-13
6.127451e-01 9.460784e-01 -3.315733e-11
6.225490e-01 9.460784e-01 -5.208408e-11
6.323529e-01 9.460784e-01 -1.016062e-11
6.421569e-01 9.460784e-01 5.558989e-12
6.519608e-01 9.460784e-01 2.945950e-12
6.617647e-01 9.460784e-01 3.309836e-11
6.715686e-01 9.460784e-01 2.643518e-11
6.813725e-01 9.460784e-01 -2.674733e-11
6.911765e-01 9.460784e-01 -3.155021e-11
7.009804e-01 9.460784e-01 -7.273944e-12
7.107843e-01 9.460784e-01 -1.604845e-11
7.205882e-01 9.460784e-01 -3.385581e-12
7.303922e-01 9.460784e-01 4.252780e-11
7.401961e-01 9.460784e-01 3.633584e-11
7.500000e-01 9.460784e-01 -5.755243e-12
7.598039e-01 9.460784e-01 -7.538577e-12
7.696078e-01 9.460784e-01 -6.982030e-12
7.794118e-01 9.460784e-01 -4.103015e-11
7.892157e-01 9.460784e-01 -3.911979e-11
7.990196e-01 9.460784e-01 1.101078e-11
8.088235e-01 9.460784e-01 2.791395e-11
8.186275e-01 9.460784e-01 1.467766e-11
8.284314e-01 9.460784e-01 3.226326e-11
8.382353e-01 9.460784e-01 4.270335e-11
8.480392e-01 9.460784e-01 -3.839605e-12
8.578431e-01 9.460784e-01 -4.492569e-11
8.676471e-01 9.460784e-01 -2.644178e-11
8.774510e-01 9.460784e-01 -5.274496e-12
8.872549e-01 9.460784e-01 -7.453933e-12
8.970588e-01 9.460784e-01 6.314079e-12
9.068627e-01 9.460784e-01 2.719780e-11
9.166667e-01 9.460784e-01 -3.913000e-11
9.264706e-01 9.460784e-01 -1.502971e-10
9.362745e-01 9.460784e-01 -2.036113e-10
9.460784e-01 9.460784e-01 -8.004260e-11
9.558824e-01 9.460784e-01 1.685788e-10
9.656863e-01 9.460784e-01 5.939814e-10
9.754902e-01 9.460784e-01 9.856153e-10
9.852941e-01 9.460784e-01 1.109519e-09
9.950980e-01 9.460784e-01 4.223552e-10
4.901961e-03 9.558824e-01 4.869744e-08
1.470588e-02 9.558824e-01 -8.377018e-10
2.450980e-02 9.558824e-01 -9.137714e-08
3.431373e-02 9.558824e-01 -2.104480e-07
4.411765e-02 9.558824e-01 -3.019701e-07
5.392157e-02 9.558824e-01 -2.993297e-07
6.372549e-02 9.558824e-01 -1.109461e-07
7.352941e-02 9.558824e-01 3.219924e-07
8.333333e-02 9.558824e-01 9.955734e-07
9.313725e-02 9.558824e-01 1.798817e-06
1.029412e-01 9.558824e-01 2.484482e-06
1.127451e-01 9.558824e-01 2.681721e-06
1.225490e-01 9.558824e-01 1.901266e-06
1.323529e-01 9.558824e-01 -3.794525e-07
1.421569e-01 9.558824e-01 -4.646943e-06
1.519608e-01 9.558824e-01 -1.124771e-05
1.617647e-01 9.558824e-01 -2.030760e-05
1.715686e-01 9.558824e-01 -3.169048e-05
1.813725e-01 9.558824e-01 -4.496214e-05
1.911765e-01 9.558824e-01 -5.943741e-05
2.009804e-01 9.558824e-01 -7.423906e-05
2.107843e-01 9.558824e-01 -8.840057e-05
2.205882e-01 9.558824e-01 -1.009853e-04
2.303922e-01 9.558824e-01 -1.111712e-04
2.401961e-01 9.558824e-01 -1.183506e-04
2.500000e-01 9.558824e-01 -1.221752e-04
2.598039e-01 9.558824e-01 -1.225710e-04
2.696078e-01 9.558824e-01 -1.197309e-04
2.794118e-01 9.558824e-01 -1.140521e-04
2.892157e-01 9.558824e-01 -1.060843e-04
2.990196e-01 9.558824e-01 -9.646366e-05
3.088235e-01 9.558824e-01 -8.583577e-05
3.186275e-01 9.558824e-01 -7.481271e-05
3.284314e-01 9.558824e-01 -6.392018e-05
3.382353e-01 9.558824e-01 -5.357209e-05
3.480392e-01 9.558824e-01 -4.407441e-05
3.578431e-01 9.558824e-01 -3.561514e-05
3.676471e-01 9.558824e-01 -2.828219e-05
3.774510e-01 9.558824e-01 -2.208528e-05
3.872549e-01 9.558824e-01 -1.696428e-05
3.970588e-01 9.558824e-01 -1.282208e-05
4.068627e-01 9.558824e-01 -9.542383e-06
4.166667e-01 9.558824e-01 -6.993580e-06
4.264706e-01 9.558824e-01 -5.050403e-06
4.362745e-01 9.558824e-01 -3.596447e-06
4.460784e-01 9.558824e-01 -2.523149e-06
4.558824e-01 9.558824e-01 -1.744685e-06
4.656863e-01 9.558824e-01 -1.191101e-06
4.754902e-01 9.558824e-01 -8.016287e-07
4.852941e-01 9.558824e-01 -5.332476e-07
4.950980e-01 9.558824e-01 -3.517087e-07
5.049020e-01 9.558824e-01 -2.273077e-07
5.147059e-01 9.558824e-01 -1.442113e-07
5.245098e-01 9.558824e-01 -9.132921e-08
5.343137e-01 9.558824e-01 -5.652595e-08
5.441176e-01 9.558824e-01 -3.508434e-08
5.539216e-01 9.558824e-01 -2.321954e-08
5.637255e-01 9.558824e-01 -1.395224e-08
5.735294e-01 9.558824e-01 -6.992441e-09
5.833333e-01 9.558824e-01 -4.051558e-09
5.931373e-01 9.558824e-01 -1.907253e-09
6.029412e-01 9.558824e-01 -6.025337e-10
6.127451e-01 9.558824e-01 -1.899784e-09
6.225490e-01 9.558824e-01 -2.200963e-09
6.323529e-01 9.558824e-01 -3.524640e-10
6.421569e-01 9.558824e-01 2.358277e-10
6.519608e-01 9.558824e-01 3.598398e-10
6.617647e-01 9.558824e-01 1.485324e-09
6.715686e-01 9.558824e-01 7.837820e-10
6.813725e-01 9.558824e-01 -1.327415e-09
6.911765e-01 9.558824e-01 -1.307614e-09
7.009804e-01 9.558824e-01 -4.289534e-10
7.107843e-01 9.558824e-01 -6.333561e-10
7.205882e-01 9.558824e-01 2.635088e-10
7.303922e-01 9.558824e-01 1.981884e-09
7.401961e-01 9.558824e-01 1.393784e-09
7.500000e-01 9.558824e-01 -2.564567e-10
7.598039e-01 9.558824e-01 -3.942025e-10
7.696078e-01 9.558824e-01 -7.113117e-10
7.794118e-01 9.558824e-01 -1.971591e-09
7.892157e-01 9.558824e-01 -1.443786e-09
7.990196e-01 9.558824e-01 6.379324e-10
8.088235e-01 9.558824e-01 1.260929e-09
8.186275e-01 9.558824e-01 9.811548e-10
8.284314e-01 9.558824e-01 1.687490e-09
8.382353e-01 9.558824e-01 1.598848e-09
8.480392e-01 9.558824e-01 -5.117717e-10
8.578431e-01 9.558824e-01 -1.915226e-09
8.676471e-01 9.558824e-01 -1.044935e-09
8.774510e-01 9.558824e-01 -2.516164e-10
8.872549e-01 9.558824e-01 -1.590049e-10
8.970588e-01 9.558824e-01 2.245970e-10
9.068627e-01 9.558824e-01 2.688321e-11
9.166667e-01 9.558824e-01 -3.960933e-09
9.264706e-01 9.558824e-01 -8.381228e-09
9.362745e-01 9.558824e-01 -8.801303e-09
9.460784e-01 9.558824e-01 1.685788e-10
9.558824e-01 9.558824e-01 1.551486e-08
9.656863e-01 9.558824e-01 3.795932e-08
9.754902e-01 9.558824e-01 5.329350e-08
9.852941e-01 9.558824e-01 4.869744e-08
9.950980e-01 9.558824e-01 -8.377018e-10
4.901961e-03 9.656863e-01 1.178588e-07
1.470588e-02 9.656863e-01 -3.006970e-09
2.450980e-02 9.656863e-01 -2.233222e-07
3.431373e-02 9.656863e-01 -5.125263e-07
4.411765e-02 9.656863e-01 -7.341038e-07
5.392157e-02 9.656863e-01 -7.260512e-07
6.372549e-02 9.656863e-01 -2.660299e-07
7.352941e-02 9.656863e-01 7.882720e-07
8.333333e-02 9.656863e-01 2.426516e-06
9.313725e-02 9.656863e-01 4.378077e-06
1.029412e-01 9.656863e-01 6.041323e-06
1.127451e-01 9.656863e-01 6.514507e-06
1.225490e-01 9.656863e-01 4.608739e-06
1.323529e-01 9.656863e-01 -9.450942e-07
1.421569e-01 9.656863e-01 -1.132785e-05
1.519608e-01 9.656863e-01 -2.737978e-05
1.617647e-01 9.656863e-01 -4.940482e-05
1.715686e-01 9.656863e-01 -7.707034e-05
1.813725e-01 9.656863e-01 -1.093200e-04
1.911765e-01 9.656863e-01 -1.444882e-04
2.009804e-01 9.656863e-01 -1.804436e-04
2.107843e-01 9.656863e-01 -2.148386e-04
2.205882e-01 9.656863e-01 -2.453987e-04
2.303922e-01 9.656863e-01 -2.701282e-04
2.401961e-01 9.656863e-01 -2.875523e-04
2.500000e-01 9.656863e-01 -2.968268e-04
2.598039e-01 9.656863e-01 -2.977727e-04
2.696078e-01 9.656863e-01 -2.908601e-04
2.794118e-01 9.656863e-01 -2.770539e-04
2.892157e-01 9.656863e-01 -2.576902e-04
2.990196e-01 9.656863e-01 -2.343143e-04
3.088235e-01 9.656863e-01 -2.084940e-04
3.186275e-01 9.656863e-01 -1.817157e-04
3.284314e-01 9.656863e-01 -1.552561e-04
3.382353e-01 9.656863e-01 -1.301200e-04
3.480392e-01 9.656863e-01 -1.070505e-04
3.578431e-01 9.656863e-01 -8.650362e-05
3.676471e-01 9.656863e-01 -6.869285e-05
3.774510e-01 9.656863e-01 -5.364152e-05
3.872549e-01 9.656863e-01 -4.120350e-05
3.970588e-01 9.656863e-01 -3.114290e-05
4.068627e-01 9.656863e-01 -2.317714e-05
4.166667e-01 9.656863e-01 -1.698658e-05
4.264706e-01 9.656863e-01 -1.226696e-05
4.362745e-01 9.656863e-01 -8.735499e-06
4.460784e-01 9.656863e-01 -6.128598e-06
4.558824e-01 9.656863e-01 -4.237821e-06
4.656863e-01 9.656863e-01 -2.893215e-06
4.754902e-01 9.656863e-01 -1.947215e-06
4.852941e-01 9.656863e-01 -1.295327e-06
4.950980e-01 9.656863e-01 -8.543327e-07
5.049020e-01 9.656863e-01 -5.521507e-07
5.147059e-01 9.656863e-01 -3.503278e-07
5.245098e-01 9.656863e-01 -2.218681e-07
5.343137e-01 9.656863e-01 -1.373289e-07
5.441176e-01 9.656863e-01 -8.525112e-08
5.539216e-01 9.656863e-01 -5.639745e-08
5.637255e-01 9.656863e-01 -3.387253e-08
5.735294e-01 9.656863e-01 -1.699104e-08
5.833333e-01 9.656863e-01 -9.847127e-09
5.931373e-01 9.656863e-01 -4.636934e-09
6.029412e-01 9.656863e-01 -1.486404e-09
6.127451e-01 9.656863e-01 -4.619735e-09
6.225490e-01 9.656863e-01 -5.323161e-09
6.323529e-01 9.656863e-01 -8.489027e-10
6.421569e-01 9.656863e-01 5.705074e-10
6.519608e-01 9.656863e-01 8.823780e-10
6.617647e-01 9.656863e-01 3.596520e-09
6.715686e-01 9.656863e-01 1.878831e-09
6.813725e-01 9.656863e-01 -3.220136e-09
6.911765e-01 9.656863e-01 -3.161535e-09
7.009804e-01 9.656863e-01 -1.043898e-09
7.107843e-01 9.656863e-01 -1.529267e-09
7.205882e-01 9.656863e-01 6.579941e-10
7.303922e-01 9.656863e-01 4.802494e-09
7.401961e-01 9.656863e-01 3.364092e-09
7.500000e-01 9.656863e-01 -6.206163e-10
7.598039e-01 9.656863e-01 -9.576473e-10
7.696078e-01 9.656863e-01 -1.741813e-09
7.794118e-01 9.656863e-01 -4.780326e-09
7.892157e-01 9.656863e-01 -3.481404e-09
7.990196e-01 9.656863e-01 1.551324e-09
8.088235e-01 9.656863e-01 3.054151e-09
8.186275e-01 9.656863e-01 2.391908e-09
8.284314e-01 9.656863e-01 4.097694e-09
8.382353e-01 9.656863e-01 3.856344e-09
8.480392e-01 9.656863e-01 -1.255124e-09
8.578431e-01 9.656863e-01 -4.632855e-09
8.676471e-01 9.656863e-01 -2.524056e-09
8.774510e-01 9.656863e-01 -6.102494e-10
8.872549e-01 9.656863e-01 -3.767054e-10
8.970588e-01 9.656863e-01 5.399951e-10
9.068627e-01 9.656863e-01 6.135130e-12
9.166667e-01 9.656863e-01 -9.698247e-09
9.264706e-01 9.656863e-01 -2.037331e-08
9.362745e-01 9.656863e-01 -2.129423e-08
9.460784e-01 9.656863e-01 5.939814e-10
9.558824e-01 9.656863e-01 3.795932e-08
9.656863e-01 9.656863e-01 9.247007e-08
9.754902e-01 9.656863e-01 1.294879e-07
9.852941e-01 9.656863e-01 1.178588e-07
9.950980e-01 9.656863e-01 -3.006970e-09
4.901961e-03 9.754902e-01 1.643928e-07
1.470588e-02 9.754902e-01 -5.023287e-09
2.450980e-02 9.754902e-01 -3.133288e-07
3.431373e-02 9.754902e-01 -7.175781e-07
4.411765e-02 9.754902e-01 -1.026696e-06
5.392157e-02 9.754902e-01 -1.014061e-06
6.372549e-02 9.754902e-01 -3.689731e-07
7.352941e-02 9.754902e-01 1.107032e-06
8.333333e-02 9.754902e-01 3.398788e-06
9.313725e-02 9.754902e-01 6.127120e-06
1.029412e-01 9.754902e-01 8.450152e-06
1.127451e-01 9.754902e-01 9.106622e-06
1.225490e-01 9.754902e-01 6.434337e-06
1.323529e-01 9.754902e-01 -1.340438e-06
1.421569e-01 9.754902e-01 -1.586751e-05
1.519608e-01 9.754902e-01 -3.832008e-05
1.617647e-01 9.754902e-01 -6.912148e-05
1.715686e-01 9.754902e-01 -1.078051e-04
1.813725e-01 9.754902e-01 -1.528928e-04
1.911765e-01 9.754902e-01 -2.020555e-04
2.009804e-01 9.754902e-01 -2.523136e-04
2.107843e-01 9.754902e-01 -3.003858e-04
2.205882e-01 9.754902e-01 -3.430933e-04
2.303922e-01 9.754902e-01 -3.776478e-04
2.401961e-01 9.754902e-01 -4.019890e-04
2.500000e-01 9.754902e-01 -4.149383e-04
2.598039e-01 9.754902e-01 -4.162466e-04
2.696078e-01 9.754902e-01 -4.065720e-04
2.794118e-01 9.754902e-01 -3.872636e-04
2.892157e-01 9.754902e-01 -3.601894e-04
2.990196e-01 9.754902e-01 -3.275095e-04
3.088235e-01 9.754902e-01 -2.914151e-04
3.186275e-01 9.754902e-01 -2.539835e-04
3.284314e-01 9.754902e-01 -2.169987e-04
3.382353e-01 9.754902e-01 -1.818650e-04
3.480392e-01 9.754902e-01 -1.496204e-04
3.578431e-01 9.754902e-01 -1.209023e-04
3.676471e-01 9.754902e-01 -9.600875e-05
3.774510e-01 9.754902e-01 -7.497212e-05
3.872549e-01 9.754902e-01 -5.758811e-05
3.970588e-01 9.754902e-01 -4.352699e-05
4.068627e-01 9.754902e-01 -3.239373e-05
4.166667e-01 9.754902e-01 -2.374154e-05
4.264706e-01 9.754902e-01 -1.714519e-05
4.362745e-01 9.754902e-01 -1.220943e-05
4.460784e-01 9.754902e-01 -8.565862e-06
4.558824e-01 9.754902e-01 -5.923211e-06
4.656863e-01 9.754902e-01 -4.043892e-06
4.754902e-01 9.754902e-01 -2.721686e-06
4.852941e-01 9.754902e-01 -1.810548e-06
4.950980e-01 9.754902e-01 -1.194137e-06
5.049020e-01 9.754902e-01 -7.717634e-07
5.147059e-01 9.754902e-01 -4.896893e-07
5.245098e-01 9.754902e-01 -3.101330e-07
5.343137e-01 9.754902e-01 -1.919696e-07
5.441176e-01 9.754902e-01 -1.191843e-07
5.539216e-01 9.754902e-01 -7.882687e-08
5.637255e-01 9.754902e-01 -4.732905e-08
5.735294e-01 9.754902e-01 -2.375328e-08
5.833333e-01 9.754902e-01 -1.376856e-08
5.931373e-01 9.754902e-01 -6.484254e-09
6.029412e-01 9.754902e-01 -2.097082e-09
6.127451e-01 9.754902e-01 -6.463073e-09
6.225490e-01 9.754902e-01 -7.421230e-09
6.323529e-01 9.754902e-01 -1.179464e-09
6.421569e-01 9.754902e-01 7.955909e-10
6.519608e-01 9.754902e-01 1.240727e-09
6.617647e-01 9.754902e-01 5.018293e-09
6.715686e-01 9.754902e-01 2.604258e-09
6.813725e-01 9.754902e-01 -4.498765e-09
6.911765e-01 9.754902e-01 -4.406410e-09
7.009804e-01 9.754902e-01 -1.460444e-09
7.107843e-01 9.754902e-01 -2.130119e-09
7.205882e-01 9.754902e-01 9.356978e-10
7.303922e-01 9.754902e-01 6.704098e-09
7.401961e-01 9.754902e-01 4.683426e-09
7.500000e-01 9.754902e-01 -8.663966e-10
7.598039e-01 9.754902e-01 -1.338401e-09
7.696078e-01 9.754902e-01 -2.446829e-09
7.794118e-01 9.754902e-01 -6.675385e-09
7.892157e-01 9.754902e-01 -4.844023e-09
7.990196e-01 9.754902e-01 2.171163e-09
8.088235e-01 9.754902e-01 4.261600e-09
8.186275e-01 9.754902e-01 3.350403e-09
8.284314e-01 9.754902e-01 5.727339e-09
8.382353e-01 9.754902e-01 5.367126e-09
8.480392e-01 9.754902e-01 -1.766125e-09
8.578431e-01 9.754902e-01 -6.460079e-09
8.676471e-01 9.754902e-01 -3.515313e-09
8.774510e-01 9.754902e-01 -8.517228e-10
8.872549e-01 9.754902e-01 -5.182071e-10
8.970588e-01 9.754902e-01 7.515991e-10
9.068627e-01 9.754902e-01 -4.049679e-11
9.166667e-01 9.754902e-01 -1.362339e-08
9.264706e-01 9.754902e-01 -2.849461e-08
9.362745e-01 9.754902e-01 -2.969655e-08
9.460784e-01 9.754902e-01 9.856153e-10
9.558824e-01 9.754902e-01 5.329350e-08
9.656863e-01 9.754902e-01 1.294879e-07
9.754902e-01 9.754902e-01 1.810431e-07
9.852941e-01 9.754902e-01 1.643928e-07
9.950980e-01 9.754902e-01 -5.023287e-09
4.901961e-03 9.852941e-01 1.487404e-07
1.470588e-02 9.852941e-01 -5.689283e-09
2.450980e-02 9.852941e-01 -2.860328e-07
3.431373e-02 9.852941e-01 -6.530022e-07
4.411765e-02 9.852941e-01 -9.327804e-07
5.392157e-02 9.852941e-01 -9.193974e-07
6.372549e-02 9.852941e-01 -3.309067e-07
7.352941e-02 9.852941e-01 1.012250e-06
8.333333e-02 9.852941e-01 3.095343e-06
9.313725e-02 9.852941e-01 5.572901e-06
1.029412e-01 9.852941e-01 7.679315e-06
1.127451e-01 9.852941e-01 8.268342e-06
1.225490e-01 9.852941e-01 5.830270e-06
1.323529e-01 9.852941e-01 -1.245138e-06
1.421569e-01 9.852941e-01 -1.445489e-05
1.519608e-01 9.852941e-01 -3.486263e-05
1.617647e-01 9.852941e-01 -6.285083e-05
1.715686e-01 9.852941e-01 -9.799370e-05
1.813725e-01 9.852941e-01 -1.389473e-04
1.911765e-01 9.852941e-01 -1.835957e-04
2.009804e-01 9.852941e-01 -2.292326e-04
2.107843e-01 9.852941e-01 -2.728788e-04
2.205882e-01 9.852941e-01 -3.116489e-04
2.303922e-01 9.852941e-01 -3.430119e-04
2.401961e-01 9.852941e-01 -3.650988e-04
2.500000e-01 9.852941e-01 -3.768407e-04
2.598039e-01 9.852941e-01 -3.780130e-04
2.696078e-01 9.852941e-01 -3.692139e-04
2.794118e-01 9.852941e-01 -3.516693e-04
2.892157e-01 9.852941e-01 -3.270757e-04
2.990196e-01 9.852941e-01 -2.973944e-04
3.088235e-01 9.852941e-01 -2.646149e-04
3.186275e-01 9.852941e-01 -2.306231e-04
3.284314e-01 9.852941e-01 -1.970383e-04
3.382353e-01 9.852941e-01 -1.651355e-04
3.480392e-01 9.852941e-01 -1.358567e-04
3.578431e-01 9.852941e-01 -1.097805e-04
3.676471e-01 9.852941e-01 -8.717717e-05
3.774510e-01 9.852941e-01 -6.807595e-05
3.872549e-01 9.852941e-01 -5.229130e-05
3.970588e-01 9.852941e-01 -3.952383e-05
4.068627e-01 9.852941e-01 -2.941480e-05
4.166667e-01 9.852941e-01 -2.155854e-05
4.264706e-01 9.852941e-01 -1.556893e-05
4.362745e-01 9.852941e-01 -1.108707e-05
4.460784e-01 9.852941e-01 -7.778548e-06
4.558824e-01 9.852941e-01 -5.378903e-06
4.656863e-01 9.852941e-01 -3.672350e-06
4.754902e-01 9.852941e-01 -2.471680e-06
4.852941e-01 9.852941e-01 -1.644276e-06
4.950980e-01 9.852941e-01 -1.084462e-06
5.049020e-01 9.852941e-01 -7.008862e-07
5.147059e-01 9.852941e-01 -4.447500e-07
5.245098e-01 9.852941e-01 -2.816782e-07
5.343137e-01 9.852941e-01 -1.743684e-07
5.441176e-01 9.852941e-01 -1.082720e-07
5.539216e-01 9.852941e-01 -7.158053e-08
5.637255e-01 9.852941e-01 -4.296203e-08
5.735294e-01 9.852941e-01 -2.158095e-08
5.833333e-01 9.852941e-01 -1.251137e-08
5.931373e-01 9.852941e-01 -5.894859e-09
6.029412e-01 9.852941e-01 -1.931378e-09
6.127451e-01 9.852941e-01 -5.872741e-09
6.225490e-01 9.852941e-01 -6.711498e-09
6.323529e-01 9.852941e-01 -1.064011e-09
6.421569e-01 9.852941e-01 7.192795e-10
6.519608e-01 9.852941e-01 1.135548e-09
6.617647e-01 9.852941e-01 4.542069e-09
6.715686e-01 9.852941e-01 2.336614e-09
6.813725e-01 9.852941e-01 -4.078000e-09
6.911765e-01 9.852941e-01 -3.983994e-09
7.009804e-01 9.852941e-01 -1.328711e-09
7.107843e-01 9.852941e-01 -1.923124e-09
7.205882e-01 9.852941e-01 8.691410e-10
7.303922e-01 9.852941e-01 6.072097e-09
7.401961e-01 9.852941e-01 4.228296e-09
7.500000e-01 9.852941e-01 -7.827295e-10
7.598039e-01 9.852941e-01 -1.215509e-09
7.696078e-01 9.852941e-01 -2.237289e-09
7.794118e-01 9.852941e-01 -6.049556e-09
7.892157e-01 9.852941e-01 -4.369245e-09
7.990196e-01 9.852941e-01 1.971588e-09
8.088235e-01 9.852941e-01 3.859160e-09
8.186275e-01 9.852941e-01 3.052233e-09
8.284314e-01 9.852941e-01 5.197736e-09
8.382353e-01 9.852941e-01 4.841713e-09
8.480392e-01 9.852941e-01 -1.615244e-09
8.578431e-01 9.852941e-01 -5.842022e-09
8.676471e-01 9.852941e-01 -3.176348e-09
8.774510e-01 9.852941e-01 -7.730800e-10
8.872549e-01 9.852941e-01 -4.602077e-10
8.970588e-01 9.852941e-01 6.737573e-10
9.068627e-01 9.852941e-01 -1.063698e-10
9.166667e-01 9.852941e-01 -1.245508e-08
9.264706e-01 9.852941e-01 -2.588219e-08
9.362745e-01 9.852941e-01 -2.686002e-08
9.460784e-01 9.852941e-01 1.109519e-09
9.558824e-01 9.852941e-01 4.869744e-08
9.656863e-01 9.852941e-01 1.178588e-07
9.754902e-01 9.852941e-01 1.643928e-07
9.852941e-01 9.852941e-01 1.487404e-07
9.950980e-01 9.852941e-01 -5.689283e-09
4.901961e-03 9.950980e-01 -5.689283e-09
1.470588e-02 9.950980e-01 -2.219349e-09
2.450980e-02 9.950980e-01 5.547127e-09
3.431373e-02 9.950980e-01 1.702831e-08
4.411765e-02 9.950980e-01 2.751859e-08
5.392157e-02 9.950980e-01 3.108020e-08
6.372549e-02 9.950980e-01 1.863585e-08
7.352941e-02 9.950980e-01 -1.673941e-08
8.333333e-02 9.950980e-01 -7.659690e-08
9.313725e-02 9.950980e-01 -1.526485e-07
1.029412e-01 9.950980e-01 -2.235193e-07
1.127451e-01 9.950980e-01 -2.556098e-07
1.225490e-01 9.950980e-01 -2.027338e-07
1.323529e-01 9.950980e-01 -1.391487e-08
1.421569e-01 9.950980e-01 3.598404e-07
1.519608e-01 9.950980e-01 9.552753e-07
1.617647e-01 9.950980e-01 1.788522e-06
1.715686e-01 9.950980e-01 2.850828e-06
1.813725e-01 9.950980e-01 4.104148e-06
1.911765e-01 9.950980e-01 5.485035e-06
2.009804e-01 9.950980e-01 6.910058e-06
2.107843e-01 9.950980e-01 8.285585e-06
2.205882e-01 9.950980e-01 9.519767e-06
2.303922e-01 9.950980e-01 1.053071e-05
2.401961e-01 9.950980e-01 1.125656e-05
2.500000e-01 9.950980e-01 1.166052e-05
2.598039e-01 9.950980e-01 1.173251e-05
2.696078e-01 9.950980e-01 1.148906e-05
2.794118e-01 9.950980e-01 1.096704e-05
2.892157e-01 9.950980e-01 1.021866e-05
2.990196e-01 9.950980e-01 9.305285e-06
3.088235e-01 9.950980e-01 8.289642e-06
3.186275e-01 9.950980e-01 7.231648e-06
3.284314e-01 9.950980e-01 6.183071e-06
3.382353e-01 9.950980e-01 5.184636e-06
3.480392e-01 9.950980e-01 4.266728e-06
3.578431e-01 9.950980e-01 3.448242e-06
3.676471e-01 9.950980e-01 2.738147e-06
3.774510e-01 9.950980e-01 2.137858e-06
3.872549e-01 9.950980e-01 1.641712e-06
3.970588e-01 9.950980e-01 1.240299e-06
4.068627e-01 9.950980e-01 9.225339e-07
4.166667e-01 9.950980e-01 6.756663e-07
4.264706e-01 9.950980e-01 4.875408e-07
4.362745e-01 9.950980e-01 3.469574e-07
4.460784e-01 9.950980e-01 2.432277e-07
4.558824e-01 9.950980e-01 1.679741e-07
4.656863e-01 9.950980e-01 1.145477e-07
4.754902e-01 9.950980e-01 7.698594e-08
4.852941e-01 9.950980e-01 5.113076e-08
4.950980e-01 9.950980e-01 3.374979e-08
5.049020e-01 9.950980e-01 2.180932e-08
5.147059e-01 9.950980e-01 1.377039e-08
5.245098e-01 9.950980e-01 8.707152e-09
5.343137e-01 9.950980e-01 5.365429e-09
5.441176e-01 9.950980e-01 3.294814e-09
5.539216e-01 9.950980e-01 2.238851e-09
5.637255e-01 9.950980e-01 1.383586e-09
5.735294e-01 9.950980e-01 6.551794e-10
5.833333e-01 9.950980e-01 3.742591e-10
5.931373e-01 9.950980e-01 1.724991e-10
6.029412e-01 9.950980e-01 1.343649e-12
6.127451e-01 9.950980e-01 1.705015e-10
6.225490e-01 9.950980e-01 2.687654e-10
6.323529e-01 9.950980e-01 5.126571e-11
6.421569e-01 9.950980e-01 -2.895893e-11
6.519608e-01 9.950980e-01 -1.434410e-11
6.617647e-01 9.950980e-01 -1.711358e-10
6.715686e-01 9.950980e-01 -1.367896e-10
6.813725e-01 9.950980e-01 1.388500e-10
6.911765e-01 9.950980e-01 1.624290e-10
7.009804e-01 9.950980e-01 3.610866e-11
7.107843e-01 9.950980e-01 8.314223e-11
7.205882e-01 9.950980e-01 1.836726e-11
7.303922e-01 9.950980e-01 -2.198079e-10
7.401961e-01 9.950980e-01 -1.869969e-10
7.500000e-01 9.950980e-01 3.122249e-11
7.598039e-01 9.950980e-01 3.838230e-11
7.696078e-01 9.950980e-01 3.422764e-11
7.794118e-01 9.950980e-01 2.114742e-10
7.892157e-01 9.950980e-01 2.018073e-10
7.990196e-01 9.950980e-01 -5.804261e-11
8.088235e-01 9.950980e-01 -1.437290e-10
8.186275e-01 9.950980e-01 -7.335676e-11
8.284314e-01 9.950980e-01 -1.654631e-10
8.382353e-01 9.950980e-01 -2.209855e-10
8.480392e-01 9.950980e-01 2.034889e-11
8.578431e-01 9.950980e-01 2.327483e-10
8.676471e-01 9.950980e-01 1.356781e-10
8.774510e-01 9.950980e-01 2.659777e-11
8.872549e-01 9.950980e-01 3.973649e-11
8.970588e-01 9.950980e-01 -3.342790e-11
9.068627e-01 9.950980e-01 -1.464818e-10
9.166667e-01 9.950980e-01 1.921259e-10
9.264706e-01 9.950980e-01 7.669224e-10
9.362745e-01 9.950980e-01 1.046076e-09
9.460784e-01 9.950980e-01 4.223552e-10
9.558824e-01 9.950980e-01 -8.377018e-10
9.656863e-01 9.950980e-01 -3.006970e-09
9.754902e-01 9.950980e-01 -5.023287e-09
9.852941e-01 9.950980e-01 -5.689283e-09
9.950980e-01 9.950980e-01 -2.219349e-09
